filtered_idx,split,original_idx,V.SUM.TOTAL,P.SUM.TOTAL,y_victim,y_perpetration,y_overlap
0,train,0,0.0,0.0,0,0,0
1,train,1,1.0,1.0,1,1,1
2,train,2,2.0,0.0,1,0,0
4,train,4,0.0,0.0,0,0,0
5,train,5,0.0,0.0,0,0,0
8,train,8,19.0,4.0,1,1,1
9,train,9,0.0,0.0,0,0,0
10,train,10,1.0,0.0,1,0,0
11,train,11,0.0,0.0,0,0,0
12,train,12,0.0,0.0,0,0,0
14,train,14,1.0,0.0,1,0,0
15,train,15,4.0,2.0,1,1,1
16,train,16,1.0,1.0,1,1,1
17,train,17,3.0,2.0,1,1,1
18,train,18,0.0,0.0,0,0,0
19,train,19,7.0,1.0,1,1,1
20,train,20,0.0,0.0,0,0,0
21,train,21,0.0,0.0,0,0,0
22,train,22,2.0,0.0,1,0,0
24,train,24,0.0,0.0,0,0,0
25,train,25,2.0,0.0,1,0,0
26,train,26,2.0,2.0,1,1,1
28,train,28,0.0,1.0,0,1,0
31,train,31,0.0,0.0,0,0,0
32,train,32,3.0,2.0,1,1,1
34,train,34,1.0,0.0,1,0,0
36,train,36,3.0,1.0,1,1,1
37,train,37,0.0,0.0,0,0,0
39,train,39,3.0,0.0,1,0,0
41,train,41,0.0,1.0,0,1,0
44,train,44,4.0,3.0,1,1,1
45,train,45,2.0,0.0,1,0,0
46,train,46,5.0,2.0,1,1,1
47,train,47,0.0,0.0,0,0,0
48,train,48,0.0,0.0,0,0,0
49,train,49,0.0,0.0,0,0,0
51,train,51,4.0,0.0,1,0,0
52,train,52,0.0,0.0,0,0,0
54,train,54,0.0,0.0,0,0,0
55,train,55,2.0,0.0,1,0,0
56,train,56,2.0,0.0,1,0,0
57,train,57,0.0,0.0,0,0,0
58,train,58,1.0,0.0,1,0,0
59,train,59,1.0,1.0,1,1,1
60,train,60,1.0,0.0,1,0,0
61,train,61,2.0,2.0,1,1,1
62,train,62,1.0,0.0,1,0,0
63,train,63,2.0,1.0,1,1,1
64,train,64,0.0,0.0,0,0,0
66,train,66,0.0,0.0,0,0,0
67,train,67,1.0,2.0,1,1,1
68,train,68,1.0,0.0,1,0,0
69,train,69,0.0,0.0,0,0,0
71,train,71,1.0,0.0,1,0,0
72,train,72,5.0,1.0,1,1,1
73,train,73,0.0,0.0,0,0,0
74,train,74,0.0,0.0,0,0,0
75,train,75,0.0,1.0,0,1,0
77,train,77,2.0,0.0,1,0,0
78,train,78,2.0,1.0,1,1,1
80,train,80,1.0,0.0,1,0,0
81,train,81,0.0,0.0,0,0,0
82,train,82,3.0,1.0,1,1,1
85,train,85,0.0,0.0,0,0,0
86,train,86,0.0,0.0,0,0,0
89,train,89,8.0,4.0,1,1,1
90,train,90,1.0,0.0,1,0,0
91,train,91,0.0,0.0,0,0,0
92,train,92,1.0,0.0,1,0,0
93,train,93,2.0,0.0,1,0,0
94,train,94,3.0,0.0,1,0,0
95,train,95,2.0,0.0,1,0,0
96,train,96,1.0,1.0,1,1,1
97,train,97,0.0,0.0,0,0,0
99,train,99,6.0,0.0,1,0,0
100,train,100,4.0,0.0,1,0,0
101,train,101,8.0,0.0,1,0,0
102,train,102,0.0,0.0,0,0,0
103,train,103,9.0,4.0,1,1,1
104,train,104,1.0,0.0,1,0,0
105,train,105,2.0,2.0,1,1,1
106,train,106,1.0,0.0,1,0,0
107,train,107,1.0,0.0,1,0,0
108,train,108,0.0,0.0,0,0,0
109,train,109,2.0,4.0,1,1,1
110,train,110,6.0,3.0,1,1,1
111,train,111,0.0,0.0,0,0,0
112,train,112,0.0,0.0,0,0,0
113,train,113,3.0,1.0,1,1,1
114,train,114,1.0,1.0,1,1,1
115,train,115,0.0,0.0,0,0,0
117,train,117,0.0,0.0,0,0,0
119,train,119,6.0,0.0,1,0,0
120,train,120,0.0,0.0,0,0,0
122,train,122,0.0,0.0,0,0,0
123,train,123,0.0,0.0,0,0,0
126,train,126,0.0,0.0,0,0,0
127,train,127,0.0,0.0,0,0,0
128,train,128,0.0,3.0,0,1,0
129,train,129,4.0,1.0,1,1,1
130,train,130,0.0,0.0,0,0,0
131,train,131,0.0,0.0,0,0,0
132,train,132,0.0,0.0,0,0,0
133,train,133,0.0,0.0,0,0,0
134,train,134,1.0,1.0,1,1,1
135,train,135,0.0,0.0,0,0,0
136,train,136,0.0,0.0,0,0,0
137,train,137,0.0,0.0,0,0,0
138,train,138,1.0,0.0,1,0,0
139,train,139,1.0,0.0,1,0,0
140,train,140,1.0,1.0,1,1,1
141,train,141,5.0,0.0,1,0,0
142,train,142,0.0,0.0,0,0,0
143,train,143,1.0,0.0,1,0,0
147,train,147,3.0,0.0,1,0,0
148,train,148,0.0,0.0,0,0,0
150,train,150,0.0,0.0,0,0,0
151,train,151,0.0,0.0,0,0,0
152,train,152,0.0,0.0,0,0,0
153,train,153,15.0,11.0,1,1,1
154,train,154,0.0,0.0,0,0,0
155,train,155,2.0,0.0,1,0,0
156,train,156,0.0,0.0,0,0,0
157,train,157,0.0,0.0,0,0,0
158,train,158,2.0,1.0,1,1,1
159,train,159,16.0,4.0,1,1,1
160,train,160,0.0,0.0,0,0,0
161,train,161,0.0,0.0,0,0,0
162,train,162,2.0,0.0,1,0,0
163,train,163,1.0,1.0,1,1,1
164,train,164,0.0,0.0,0,0,0
165,train,165,0.0,0.0,0,0,0
166,train,166,2.0,0.0,1,0,0
167,train,167,0.0,0.0,0,0,0
168,train,168,1.0,0.0,1,0,0
169,train,169,0.0,0.0,0,0,0
170,train,170,0.0,1.0,0,1,0
171,train,171,0.0,0.0,0,0,0
172,train,172,0.0,1.0,0,1,0
173,train,173,0.0,0.0,0,0,0
174,train,174,0.0,0.0,0,0,0
175,train,175,2.0,0.0,1,0,0
177,train,177,0.0,0.0,0,0,0
178,train,178,0.0,0.0,0,0,0
179,train,179,1.0,1.0,1,1,1
180,train,180,0.0,0.0,0,0,0
182,train,182,0.0,0.0,0,0,0
183,train,183,0.0,0.0,0,0,0
184,train,184,0.0,0.0,0,0,0
185,train,185,5.0,0.0,1,0,0
186,train,186,2.0,0.0,1,0,0
189,train,189,0.0,0.0,0,0,0
190,train,190,1.0,0.0,1,0,0
192,train,192,4.0,3.0,1,1,1
193,train,193,1.0,0.0,1,0,0
194,train,194,0.0,0.0,0,0,0
195,train,195,0.0,0.0,0,0,0
196,train,196,3.0,0.0,1,0,0
199,train,199,5.0,2.0,1,1,1
200,train,200,0.0,0.0,0,0,0
201,train,201,3.0,0.0,1,0,0
202,train,202,3.0,0.0,1,0,0
203,train,203,8.0,0.0,1,0,0
204,train,204,4.0,0.0,1,0,0
205,train,205,1.0,0.0,1,0,0
206,train,206,1.0,0.0,1,0,0
207,train,207,0.0,0.0,0,0,0
208,train,208,9.0,1.0,1,1,1
209,train,209,0.0,0.0,0,0,0
210,train,210,4.0,0.0,1,0,0
211,train,211,1.0,0.0,1,0,0
213,train,213,0.0,0.0,0,0,0
215,train,215,1.0,0.0,1,0,0
216,train,216,0.0,0.0,0,0,0
217,train,217,2.0,0.0,1,0,0
218,train,218,2.0,1.0,1,1,1
219,train,219,1.0,0.0,1,0,0
220,train,220,1.0,0.0,1,0,0
222,train,222,0.0,0.0,0,0,0
223,train,223,2.0,0.0,1,0,0
224,train,224,3.0,1.0,1,1,1
225,train,225,0.0,0.0,0,0,0
226,train,226,4.0,2.0,1,1,1
230,train,230,0.0,0.0,0,0,0
231,train,231,0.0,0.0,0,0,0
233,train,233,0.0,0.0,0,0,0
234,train,234,1.0,0.0,1,0,0
235,train,235,2.0,0.0,1,0,0
236,train,236,0.0,0.0,0,0,0
237,train,237,1.0,0.0,1,0,0
238,train,238,0.0,0.0,0,0,0
239,train,239,1.0,0.0,1,0,0
240,train,240,0.0,0.0,0,0,0
241,train,241,0.0,0.0,0,0,0
242,train,242,0.0,0.0,0,0,0
243,train,243,1.0,0.0,1,0,0
244,train,244,3.0,1.0,1,1,1
245,train,245,5.0,0.0,1,0,0
246,train,246,1.0,0.0,1,0,0
247,train,247,0.0,0.0,0,0,0
248,train,248,3.0,2.0,1,1,1
249,train,249,1.0,16.0,1,1,1
250,train,250,0.0,0.0,0,0,0
251,train,251,0.0,1.0,0,1,0
252,train,252,2.0,2.0,1,1,1
254,train,254,4.0,1.0,1,1,1
255,train,255,1.0,1.0,1,1,1
256,train,256,0.0,0.0,0,0,0
257,train,257,0.0,0.0,0,0,0
258,train,258,4.0,1.0,1,1,1
259,train,259,0.0,0.0,0,0,0
260,train,260,1.0,0.0,1,0,0
261,train,261,1.0,0.0,1,0,0
262,train,262,2.0,0.0,1,0,0
263,train,263,0.0,1.0,0,1,0
264,train,264,0.0,0.0,0,0,0
265,train,265,0.0,0.0,0,0,0
266,train,266,0.0,0.0,0,0,0
267,train,267,5.0,0.0,1,0,0
269,train,269,13.0,2.0,1,1,1
270,train,270,1.0,2.0,1,1,1
272,train,272,12.0,1.0,1,1,1
273,train,273,3.0,1.0,1,1,1
274,train,274,1.0,0.0,1,0,0
275,train,275,10.0,3.0,1,1,1
276,train,276,1.0,0.0,1,0,0
277,train,277,0.0,0.0,0,0,0
280,train,280,5.0,1.0,1,1,1
281,train,281,2.0,0.0,1,0,0
282,train,282,0.0,0.0,0,0,0
285,train,285,11.0,1.0,1,1,1
286,train,286,5.0,4.0,1,1,1
287,train,287,1.0,0.0,1,0,0
289,train,289,0.0,0.0,0,0,0
290,train,290,1.0,0.0,1,0,0
291,train,291,6.0,0.0,1,0,0
293,train,293,0.0,0.0,0,0,0
295,train,295,0.0,0.0,0,0,0
296,train,296,0.0,0.0,0,0,0
297,train,297,6.0,5.0,1,1,1
299,train,299,8.0,11.0,1,1,1
300,train,300,5.0,0.0,1,0,0
301,train,301,3.0,0.0,1,0,0
302,train,302,1.0,2.0,1,1,1
304,train,304,1.0,0.0,1,0,0
305,train,305,0.0,0.0,0,0,0
306,train,306,0.0,0.0,0,0,0
307,train,307,2.0,0.0,1,0,0
308,train,308,6.0,0.0,1,0,0
310,train,310,0.0,0.0,0,0,0
312,train,312,0.0,0.0,0,0,0
313,train,313,1.0,0.0,1,0,0
314,train,314,4.0,0.0,1,0,0
315,train,315,0.0,0.0,0,0,0
318,train,318,0.0,0.0,0,0,0
319,train,319,0.0,0.0,0,0,0
320,train,320,0.0,0.0,0,0,0
321,train,321,0.0,0.0,0,0,0
322,train,322,0.0,0.0,0,0,0
323,train,323,11.0,1.0,1,1,1
325,train,325,0.0,0.0,0,0,0
326,train,326,0.0,0.0,0,0,0
327,train,327,0.0,2.0,0,1,0
329,train,329,2.0,0.0,1,0,0
330,train,330,0.0,0.0,0,0,0
332,train,332,0.0,0.0,0,0,0
333,train,333,0.0,0.0,0,0,0
335,train,335,0.0,0.0,0,0,0
336,train,336,0.0,0.0,0,0,0
337,train,337,2.0,0.0,1,0,0
341,train,341,15.0,11.0,1,1,1
343,train,343,0.0,0.0,0,0,0
344,train,344,4.0,0.0,1,0,0
347,train,347,0.0,1.0,0,1,0
348,train,348,2.0,0.0,1,0,0
350,train,350,2.0,1.0,1,1,1
351,train,351,5.0,0.0,1,0,0
352,train,352,1.0,0.0,1,0,0
354,train,354,7.0,1.0,1,1,1
355,train,355,3.0,2.0,1,1,1
356,train,356,0.0,0.0,0,0,0
357,train,357,1.0,0.0,1,0,0
358,train,358,0.0,0.0,0,0,0
363,train,363,1.0,1.0,1,1,1
364,train,364,6.0,2.0,1,1,1
365,train,365,0.0,1.0,0,1,0
366,train,366,1.0,1.0,1,1,1
367,train,367,2.0,0.0,1,0,0
368,train,368,1.0,0.0,1,0,0
369,train,369,0.0,0.0,0,0,0
370,train,370,0.0,0.0,0,0,0
373,train,373,0.0,0.0,0,0,0
375,train,375,1.0,0.0,1,0,0
376,train,376,11.0,1.0,1,1,1
377,train,377,0.0,0.0,0,0,0
379,train,379,4.0,3.0,1,1,1
381,train,381,6.0,1.0,1,1,1
382,train,382,3.0,0.0,1,0,0
383,train,383,3.0,1.0,1,1,1
385,train,385,3.0,0.0,1,0,0
386,train,386,1.0,1.0,1,1,1
387,train,387,1.0,0.0,1,0,0
388,train,388,1.0,0.0,1,0,0
389,train,389,10.0,3.0,1,1,1
390,train,390,0.0,0.0,0,0,0
391,train,391,0.0,0.0,0,0,0
392,train,392,2.0,0.0,1,0,0
393,train,393,1.0,0.0,1,0,0
394,train,394,21.0,1.0,1,1,1
395,train,395,5.0,4.0,1,1,1
396,train,396,1.0,0.0,1,0,0
397,train,397,1.0,1.0,1,1,1
398,train,398,2.0,0.0,1,0,0
399,train,399,0.0,2.0,0,1,0
401,train,401,8.0,0.0,1,0,0
402,train,402,0.0,0.0,0,0,0
403,train,403,1.0,0.0,1,0,0
404,train,404,4.0,1.0,1,1,1
405,train,405,0.0,0.0,0,0,0
406,train,406,0.0,0.0,0,0,0
407,train,407,0.0,0.0,0,0,0
408,train,408,3.0,0.0,1,0,0
409,train,409,0.0,0.0,0,0,0
410,train,410,0.0,0.0,0,0,0
411,train,411,0.0,0.0,0,0,0
412,train,412,4.0,1.0,1,1,1
414,train,414,6.0,1.0,1,1,1
415,train,415,2.0,0.0,1,0,0
416,train,416,1.0,0.0,1,0,0
417,train,417,0.0,0.0,0,0,0
418,train,418,0.0,0.0,0,0,0
419,train,419,0.0,0.0,0,0,0
421,train,421,3.0,1.0,1,1,1
422,train,422,6.0,0.0,1,0,0
424,train,424,0.0,0.0,0,0,0
425,train,425,0.0,0.0,0,0,0
426,train,426,7.0,0.0,1,0,0
427,train,427,7.0,1.0,1,1,1
428,train,428,1.0,0.0,1,0,0
430,train,430,0.0,0.0,0,0,0
432,train,432,3.0,0.0,1,0,0
433,train,433,3.0,0.0,1,0,0
435,train,435,0.0,0.0,0,0,0
436,train,436,5.0,2.0,1,1,1
437,train,437,0.0,0.0,0,0,0
438,train,438,0.0,0.0,0,0,0
439,train,439,0.0,0.0,0,0,0
440,train,440,1.0,1.0,1,1,1
441,train,441,0.0,0.0,0,0,0
443,train,443,14.0,1.0,1,1,1
445,train,445,1.0,0.0,1,0,0
448,train,448,3.0,0.0,1,0,0
449,train,449,3.0,1.0,1,1,1
450,train,450,10.0,0.0,1,0,0
451,train,451,3.0,0.0,1,0,0
453,train,453,0.0,0.0,0,0,0
454,train,454,4.0,0.0,1,0,0
457,train,457,4.0,1.0,1,1,1
458,train,458,6.0,0.0,1,0,0
460,train,460,0.0,2.0,0,1,0
461,train,461,5.0,3.0,1,1,1
463,train,463,0.0,0.0,0,0,0
464,train,464,5.0,0.0,1,0,0
465,train,465,2.0,1.0,1,1,1
466,train,466,2.0,1.0,1,1,1
468,train,468,0.0,0.0,0,0,0
469,train,469,3.0,0.0,1,0,0
470,train,470,0.0,0.0,0,0,0
471,train,471,4.0,0.0,1,0,0
472,train,472,0.0,0.0,0,0,0
473,train,473,3.0,2.0,1,1,1
477,train,477,0.0,0.0,0,0,0
478,train,478,0.0,0.0,0,0,0
480,train,480,0.0,0.0,0,0,0
481,train,481,11.0,5.0,1,1,1
482,train,482,11.0,2.0,1,1,1
483,train,483,2.0,0.0,1,0,0
484,train,484,6.0,1.0,1,1,1
485,train,485,1.0,0.0,1,0,0
487,train,487,0.0,0.0,0,0,0
488,train,488,2.0,0.0,1,0,0
493,train,493,0.0,0.0,0,0,0
494,train,494,0.0,0.0,0,0,0
496,train,496,4.0,1.0,1,1,1
497,train,497,1.0,0.0,1,0,0
498,train,498,1.0,0.0,1,0,0
501,train,501,0.0,0.0,0,0,0
502,train,502,0.0,0.0,0,0,0
503,train,503,4.0,0.0,1,0,0
504,train,504,1.0,0.0,1,0,0
506,train,506,0.0,0.0,0,0,0
507,train,507,0.0,0.0,0,0,0
509,train,509,0.0,0.0,0,0,0
513,train,513,3.0,0.0,1,0,0
514,train,514,2.0,0.0,1,0,0
517,train,517,8.0,0.0,1,0,0
518,train,518,0.0,0.0,0,0,0
519,train,519,0.0,0.0,0,0,0
520,train,520,2.0,0.0,1,0,0
521,train,521,0.0,0.0,0,0,0
522,train,522,2.0,0.0,1,0,0
524,train,524,0.0,0.0,0,0,0
525,train,525,0.0,0.0,0,0,0
526,train,526,3.0,0.0,1,0,0
528,train,528,0.0,0.0,0,0,0
529,train,529,0.0,0.0,0,0,0
530,train,530,0.0,0.0,0,0,0
531,train,531,2.0,0.0,1,0,0
532,train,532,4.0,0.0,1,0,0
535,train,535,4.0,1.0,1,1,1
536,train,536,0.0,0.0,0,0,0
537,train,537,0.0,0.0,0,0,0
539,train,539,1.0,0.0,1,0,0
540,train,540,8.0,2.0,1,1,1
541,train,541,2.0,1.0,1,1,1
542,train,542,0.0,0.0,0,0,0
543,train,543,0.0,0.0,0,0,0
544,train,544,6.0,0.0,1,0,0
545,train,545,0.0,0.0,0,0,0
548,train,548,2.0,0.0,1,0,0
549,train,549,4.0,0.0,1,0,0
550,train,550,9.0,2.0,1,1,1
551,train,551,0.0,0.0,0,0,0
552,train,552,0.0,0.0,0,0,0
553,train,553,0.0,0.0,0,0,0
554,train,554,11.0,2.0,1,1,1
555,train,555,0.0,0.0,0,0,0
556,train,556,0.0,0.0,0,0,0
557,train,557,5.0,0.0,1,0,0
558,train,558,1.0,0.0,1,0,0
559,train,559,0.0,0.0,0,0,0
560,train,560,0.0,0.0,0,0,0
561,train,561,0.0,0.0,0,0,0
562,train,562,2.0,0.0,1,0,0
563,train,563,2.0,0.0,1,0,0
564,train,564,1.0,0.0,1,0,0
565,train,565,0.0,0.0,0,0,0
567,train,567,1.0,0.0,1,0,0
568,train,568,2.0,1.0,1,1,1
569,train,569,2.0,1.0,1,1,1
570,train,570,1.0,0.0,1,0,0
571,train,571,0.0,0.0,0,0,0
573,train,573,1.0,0.0,1,0,0
574,train,574,0.0,0.0,0,0,0
575,train,575,2.0,0.0,1,0,0
576,train,576,1.0,0.0,1,0,0
577,train,577,0.0,0.0,0,0,0
578,train,578,1.0,0.0,1,0,0
579,train,579,0.0,0.0,0,0,0
581,train,581,1.0,0.0,1,0,0
582,train,582,1.0,0.0,1,0,0
583,train,583,3.0,0.0,1,0,0
584,train,584,1.0,2.0,1,1,1
585,train,585,6.0,0.0,1,0,0
586,train,586,3.0,0.0,1,0,0
587,train,587,1.0,1.0,1,1,1
588,train,588,3.0,2.0,1,1,1
589,train,589,3.0,0.0,1,0,0
590,train,590,2.0,0.0,1,0,0
591,train,591,8.0,2.0,1,1,1
593,train,593,0.0,0.0,0,0,0
595,train,595,0.0,0.0,0,0,0
596,train,596,0.0,2.0,0,1,0
597,train,597,0.0,0.0,0,0,0
598,train,598,0.0,0.0,0,0,0
599,train,599,0.0,2.0,0,1,0
601,train,601,7.0,1.0,1,1,1
602,train,602,0.0,0.0,0,0,0
605,train,605,1.0,1.0,1,1,1
606,train,606,1.0,0.0,1,0,0
607,train,607,6.0,0.0,1,0,0
608,train,608,0.0,0.0,0,0,0
609,train,609,4.0,1.0,1,1,1
611,train,611,0.0,0.0,0,0,0
612,train,612,0.0,0.0,0,0,0
613,train,613,0.0,0.0,0,0,0
614,train,614,0.0,0.0,0,0,0
615,train,615,0.0,0.0,0,0,0
616,train,616,1.0,0.0,1,0,0
617,train,617,0.0,0.0,0,0,0
618,train,618,1.0,0.0,1,0,0
619,train,619,0.0,0.0,0,0,0
620,train,620,2.0,0.0,1,0,0
621,train,621,2.0,0.0,1,0,0
624,train,624,0.0,0.0,0,0,0
625,train,625,0.0,0.0,0,0,0
626,train,626,0.0,1.0,0,1,0
627,train,627,0.0,0.0,0,0,0
628,train,628,3.0,0.0,1,0,0
629,train,629,0.0,0.0,0,0,0
630,train,630,3.0,0.0,1,0,0
631,train,631,1.0,0.0,1,0,0
632,train,632,4.0,2.0,1,1,1
633,train,633,4.0,4.0,1,1,1
634,train,634,1.0,1.0,1,1,1
637,train,637,0.0,0.0,0,0,0
638,train,638,0.0,1.0,0,1,0
640,train,640,1.0,0.0,1,0,0
641,train,641,0.0,0.0,0,0,0
642,train,642,0.0,0.0,0,0,0
643,train,643,1.0,1.0,1,1,1
644,train,644,0.0,0.0,0,0,0
645,train,645,2.0,0.0,1,0,0
646,train,646,6.0,1.0,1,1,1
647,train,647,2.0,1.0,1,1,1
648,train,648,7.0,1.0,1,1,1
649,train,649,0.0,0.0,0,0,0
650,train,650,0.0,0.0,0,0,0
651,train,651,0.0,0.0,0,0,0
653,train,653,0.0,0.0,0,0,0
654,train,654,0.0,0.0,0,0,0
655,train,655,3.0,1.0,1,1,1
657,train,657,0.0,0.0,0,0,0
658,train,658,2.0,1.0,1,1,1
661,train,661,0.0,0.0,0,0,0
662,train,662,5.0,0.0,1,0,0
665,train,665,0.0,0.0,0,0,0
666,train,666,4.0,0.0,1,0,0
668,train,668,0.0,0.0,0,0,0
669,train,669,0.0,1.0,0,1,0
671,train,671,0.0,1.0,0,1,0
672,train,672,0.0,0.0,0,0,0
673,train,673,0.0,0.0,0,0,0
674,train,674,1.0,0.0,1,0,0
675,train,675,0.0,0.0,0,0,0
677,train,677,0.0,0.0,0,0,0
678,train,678,7.0,1.0,1,1,1
679,train,679,1.0,0.0,1,0,0
680,train,680,1.0,0.0,1,0,0
681,train,681,1.0,0.0,1,0,0
682,train,682,2.0,0.0,1,0,0
683,train,683,10.0,1.0,1,1,1
684,train,684,1.0,1.0,1,1,1
685,train,685,0.0,1.0,0,1,0
686,train,686,0.0,0.0,0,0,0
687,train,687,0.0,0.0,0,0,0
688,train,688,0.0,0.0,0,0,0
689,train,689,1.0,2.0,1,1,1
691,train,691,0.0,0.0,0,0,0
693,train,693,0.0,0.0,0,0,0
694,train,694,0.0,0.0,0,0,0
695,train,695,0.0,0.0,0,0,0
696,train,696,0.0,0.0,0,0,0
697,train,697,0.0,0.0,0,0,0
699,train,699,0.0,0.0,0,0,0
700,train,700,1.0,0.0,1,0,0
702,train,702,1.0,1.0,1,1,1
704,train,704,3.0,2.0,1,1,1
707,train,707,0.0,0.0,0,0,0
709,train,709,1.0,0.0,1,0,0
711,train,711,0.0,0.0,0,0,0
712,train,712,0.0,0.0,0,0,0
713,train,713,1.0,0.0,1,0,0
714,train,714,1.0,0.0,1,0,0
715,train,715,0.0,0.0,0,0,0
716,train,716,0.0,0.0,0,0,0
717,train,717,1.0,0.0,1,0,0
718,train,718,1.0,1.0,1,1,1
719,train,719,0.0,0.0,0,0,0
720,train,720,0.0,0.0,0,0,0
721,train,721,0.0,0.0,0,0,0
722,train,722,0.0,0.0,0,0,0
724,train,724,4.0,0.0,1,0,0
725,train,725,1.0,0.0,1,0,0
726,train,726,1.0,0.0,1,0,0
727,train,727,0.0,0.0,0,0,0
729,train,729,2.0,0.0,1,0,0
730,train,730,1.0,0.0,1,0,0
731,train,731,1.0,0.0,1,0,0
732,train,732,1.0,0.0,1,0,0
733,train,733,6.0,4.0,1,1,1
734,train,734,7.0,0.0,1,0,0
735,train,735,4.0,1.0,1,1,1
736,train,736,2.0,1.0,1,1,1
737,train,737,0.0,0.0,0,0,0
740,train,740,0.0,0.0,0,0,0
741,train,741,1.0,0.0,1,0,0
742,train,742,2.0,0.0,1,0,0
743,train,743,0.0,0.0,0,0,0
744,train,744,1.0,0.0,1,0,0
747,train,747,4.0,0.0,1,0,0
748,train,748,3.0,0.0,1,0,0
749,train,749,0.0,2.0,0,1,0
750,train,750,0.0,0.0,0,0,0
751,train,751,0.0,0.0,0,0,0
752,train,752,0.0,1.0,0,1,0
753,train,753,0.0,0.0,0,0,0
754,train,754,4.0,0.0,1,0,0
755,train,755,2.0,0.0,1,0,0
756,train,756,0.0,0.0,0,0,0
757,train,757,0.0,0.0,0,0,0
758,train,758,1.0,0.0,1,0,0
759,train,759,0.0,0.0,0,0,0
762,train,762,0.0,0.0,0,0,0
763,train,763,6.0,2.0,1,1,1
764,train,764,0.0,0.0,0,0,0
765,train,765,0.0,1.0,0,1,0
767,train,767,0.0,0.0,0,0,0
770,train,770,0.0,0.0,0,0,0
771,train,771,0.0,0.0,0,0,0
772,train,772,0.0,0.0,0,0,0
773,train,773,2.0,0.0,1,0,0
774,train,774,5.0,2.0,1,1,1
775,train,775,0.0,0.0,0,0,0
776,train,776,1.0,0.0,1,0,0
778,train,778,6.0,0.0,1,0,0
780,train,780,5.0,0.0,1,0,0
781,train,781,0.0,0.0,0,0,0
782,train,782,9.0,0.0,1,0,0
783,train,783,0.0,0.0,0,0,0
784,train,784,2.0,0.0,1,0,0
785,train,785,9.0,0.0,1,0,0
786,train,786,2.0,0.0,1,0,0
788,train,788,5.0,0.0,1,0,0
789,train,789,5.0,0.0,1,0,0
790,train,790,7.0,1.0,1,1,1
791,train,791,0.0,0.0,0,0,0
792,train,792,3.0,0.0,1,0,0
794,train,794,7.0,0.0,1,0,0
795,train,795,0.0,0.0,0,0,0
796,train,796,2.0,0.0,1,0,0
797,train,797,3.0,2.0,1,1,1
798,train,798,1.0,0.0,1,0,0
799,train,799,0.0,0.0,0,0,0
800,train,800,2.0,0.0,1,0,0
801,train,801,7.0,1.0,1,1,1
802,train,802,2.0,1.0,1,1,1
803,train,803,2.0,2.0,1,1,1
804,train,804,0.0,0.0,0,0,0
805,train,805,0.0,0.0,0,0,0
806,train,806,0.0,1.0,0,1,0
807,train,807,1.0,0.0,1,0,0
808,train,808,1.0,0.0,1,0,0
809,train,809,2.0,0.0,1,0,0
811,train,811,0.0,0.0,0,0,0
812,train,812,1.0,0.0,1,0,0
814,train,814,0.0,0.0,0,0,0
815,train,815,0.0,0.0,0,0,0
816,train,816,0.0,0.0,0,0,0
817,train,817,2.0,1.0,1,1,1
818,train,818,2.0,1.0,1,1,1
819,train,819,0.0,0.0,0,0,0
820,train,820,0.0,0.0,0,0,0
821,train,821,1.0,3.0,1,1,1
822,train,822,0.0,0.0,0,0,0
823,train,823,4.0,2.0,1,1,1
824,train,824,0.0,0.0,0,0,0
825,train,825,0.0,0.0,0,0,0
826,train,826,0.0,0.0,0,0,0
827,train,827,0.0,0.0,0,0,0
829,train,829,3.0,1.0,1,1,1
831,train,831,0.0,0.0,0,0,0
832,train,832,0.0,0.0,0,0,0
833,train,833,0.0,0.0,0,0,0
834,train,834,1.0,0.0,1,0,0
835,train,835,3.0,0.0,1,0,0
837,train,837,0.0,0.0,0,0,0
838,train,838,0.0,0.0,0,0,0
839,train,839,3.0,0.0,1,0,0
840,train,840,3.0,0.0,1,0,0
841,train,841,6.0,0.0,1,0,0
842,train,842,0.0,0.0,0,0,0
843,train,843,0.0,0.0,0,0,0
844,train,844,0.0,0.0,0,0,0
846,train,846,0.0,0.0,0,0,0
847,train,847,2.0,0.0,1,0,0
848,train,848,0.0,0.0,0,0,0
849,train,849,0.0,0.0,0,0,0
850,train,850,3.0,0.0,1,0,0
851,train,851,0.0,0.0,0,0,0
852,train,852,0.0,0.0,0,0,0
853,train,853,8.0,0.0,1,0,0
854,train,854,0.0,0.0,0,0,0
855,train,855,1.0,0.0,1,0,0
856,train,856,0.0,0.0,0,0,0
857,train,857,2.0,1.0,1,1,1
858,train,858,0.0,0.0,0,0,0
859,train,859,0.0,0.0,0,0,0
860,train,860,0.0,0.0,0,0,0
861,train,861,0.0,0.0,0,0,0
862,train,862,0.0,0.0,0,0,0
863,train,863,0.0,0.0,0,0,0
864,train,864,2.0,0.0,1,0,0
865,train,865,2.0,0.0,1,0,0
866,train,866,1.0,0.0,1,0,0
867,train,867,4.0,1.0,1,1,1
868,train,868,1.0,0.0,1,0,0
869,train,869,6.0,1.0,1,1,1
870,train,870,1.0,0.0,1,0,0
871,train,871,0.0,0.0,0,0,0
872,train,872,2.0,0.0,1,0,0
875,train,875,2.0,0.0,1,0,0
876,train,876,1.0,0.0,1,0,0
877,train,877,1.0,0.0,1,0,0
878,train,878,2.0,0.0,1,0,0
879,train,879,0.0,0.0,0,0,0
880,train,880,0.0,0.0,0,0,0
881,train,881,1.0,0.0,1,0,0
882,train,882,0.0,0.0,0,0,0
883,train,883,4.0,0.0,1,0,0
884,train,884,0.0,0.0,0,0,0
888,train,888,0.0,0.0,0,0,0
893,train,893,0.0,0.0,0,0,0
894,train,894,0.0,0.0,0,0,0
895,train,895,2.0,1.0,1,1,1
896,train,896,0.0,0.0,0,0,0
899,train,899,0.0,0.0,0,0,0
900,train,900,6.0,3.0,1,1,1
902,train,902,3.0,0.0,1,0,0
903,train,903,6.0,1.0,1,1,1
905,train,905,3.0,1.0,1,1,1
907,train,907,1.0,0.0,1,0,0
908,train,908,0.0,0.0,0,0,0
909,train,909,0.0,0.0,0,0,0
910,train,910,0.0,0.0,0,0,0
912,train,912,1.0,0.0,1,0,0
913,train,913,0.0,0.0,0,0,0
914,train,914,2.0,0.0,1,0,0
916,train,916,4.0,0.0,1,0,0
917,train,917,1.0,0.0,1,0,0
918,train,918,12.0,3.0,1,1,1
920,train,920,4.0,0.0,1,0,0
924,train,924,6.0,2.0,1,1,1
927,train,927,3.0,0.0,1,0,0
929,train,929,0.0,0.0,0,0,0
930,train,930,0.0,0.0,0,0,0
932,train,932,4.0,0.0,1,0,0
934,train,934,0.0,0.0,0,0,0
935,train,935,0.0,0.0,0,0,0
936,train,936,0.0,0.0,0,0,0
937,train,937,1.0,0.0,1,0,0
938,train,938,0.0,0.0,0,0,0
939,train,939,0.0,0.0,0,0,0
940,train,940,0.0,0.0,0,0,0
941,train,941,0.0,0.0,0,0,0
942,train,942,0.0,0.0,0,0,0
945,train,945,0.0,0.0,0,0,0
947,train,947,9.0,1.0,1,1,1
949,train,949,0.0,0.0,0,0,0
951,train,951,0.0,0.0,0,0,0
952,train,952,1.0,0.0,1,0,0
953,train,953,0.0,0.0,0,0,0
954,train,954,0.0,0.0,0,0,0
955,train,955,7.0,0.0,1,0,0
956,train,956,0.0,0.0,0,0,0
957,train,957,0.0,0.0,0,0,0
958,train,958,0.0,0.0,0,0,0
959,train,959,0.0,1.0,0,1,0
960,train,960,2.0,0.0,1,0,0
961,train,961,2.0,0.0,1,0,0
962,train,962,0.0,0.0,0,0,0
963,train,963,0.0,0.0,0,0,0
964,train,964,0.0,0.0,0,0,0
965,train,965,1.0,0.0,1,0,0
966,train,966,0.0,0.0,0,0,0
967,train,967,0.0,0.0,0,0,0
968,train,968,3.0,1.0,1,1,1
971,train,971,2.0,1.0,1,1,1
972,train,972,1.0,0.0,1,0,0
975,train,975,3.0,0.0,1,0,0
976,train,976,0.0,0.0,0,0,0
977,train,977,4.0,0.0,1,0,0
978,train,978,0.0,1.0,0,1,0
979,train,979,0.0,0.0,0,0,0
980,train,980,6.0,1.0,1,1,1
983,train,983,0.0,0.0,0,0,0
984,train,984,0.0,0.0,0,0,0
985,train,985,1.0,0.0,1,0,0
986,train,986,0.0,0.0,0,0,0
987,train,987,1.0,3.0,1,1,1
988,train,988,1.0,0.0,1,0,0
989,train,989,0.0,0.0,0,0,0
990,train,990,0.0,0.0,0,0,0
992,train,992,3.0,1.0,1,1,1
993,train,993,0.0,0.0,0,0,0
994,train,994,0.0,0.0,0,0,0
995,train,995,2.0,0.0,1,0,0
996,train,996,2.0,0.0,1,0,0
997,train,997,3.0,4.0,1,1,1
998,train,998,0.0,0.0,0,0,0
1001,train,1001,0.0,0.0,0,0,0
1002,train,1002,2.0,0.0,1,0,0
1003,train,1003,8.0,2.0,1,1,1
1005,train,1005,3.0,0.0,1,0,0
1006,train,1006,0.0,0.0,0,0,0
1007,train,1007,0.0,0.0,0,0,0
1008,train,1008,4.0,2.0,1,1,1
1010,train,1010,0.0,0.0,0,0,0
1011,train,1011,5.0,0.0,1,0,0
1012,train,1012,0.0,0.0,0,0,0
1013,train,1013,9.0,0.0,1,0,0
1014,train,1014,0.0,0.0,0,0,0
1015,train,1015,1.0,0.0,1,0,0
1016,train,1016,0.0,0.0,0,0,0
1018,train,1018,0.0,0.0,0,0,0
1019,train,1019,3.0,2.0,1,1,1
1020,train,1020,0.0,0.0,0,0,0
1022,train,1022,0.0,0.0,0,0,0
1023,train,1023,4.0,2.0,1,1,1
1024,train,1024,1.0,1.0,1,1,1
1027,train,1027,0.0,0.0,0,0,0
1028,train,1028,1.0,0.0,1,0,0
1029,train,1029,5.0,0.0,1,0,0
1032,train,1032,7.0,0.0,1,0,0
1033,train,1033,0.0,0.0,0,0,0
1034,train,1034,3.0,0.0,1,0,0
1035,train,1035,3.0,0.0,1,0,0
1036,train,1036,2.0,0.0,1,0,0
1037,train,1037,0.0,0.0,0,0,0
1038,train,1038,0.0,0.0,0,0,0
1040,train,1040,0.0,0.0,0,0,0
1041,train,1041,0.0,0.0,0,0,0
1042,train,1042,0.0,0.0,0,0,0
1044,train,1044,0.0,0.0,0,0,0
1045,train,1045,3.0,0.0,1,0,0
1047,train,1047,0.0,0.0,0,0,0
1049,train,1049,0.0,0.0,0,0,0
1050,train,1050,0.0,0.0,0,0,0
1052,train,1052,2.0,0.0,1,0,0
1054,train,1054,1.0,0.0,1,0,0
1055,train,1055,1.0,1.0,1,1,1
1057,train,1057,0.0,0.0,0,0,0
1059,train,1059,0.0,0.0,0,0,0
1061,train,1061,1.0,0.0,1,0,0
1062,train,1062,0.0,0.0,0,0,0
1063,train,1063,1.0,0.0,1,0,0
1065,train,1065,0.0,1.0,0,1,0
1066,train,1066,10.0,6.0,1,1,1
1067,train,1067,2.0,1.0,1,1,1
1070,train,1070,3.0,0.0,1,0,0
1073,train,1073,1.0,0.0,1,0,0
1074,train,1074,2.0,1.0,1,1,1
1075,train,1075,2.0,0.0,1,0,0
1077,train,1077,0.0,0.0,0,0,0
1078,train,1078,2.0,0.0,1,0,0
1079,train,1079,0.0,0.0,0,0,0
1081,train,1081,0.0,1.0,0,1,0
1082,train,1082,1.0,1.0,1,1,1
1083,train,1083,0.0,0.0,0,0,0
1085,train,1085,0.0,0.0,0,0,0
1086,train,1086,4.0,0.0,1,0,0
1087,train,1087,3.0,0.0,1,0,0
1088,train,1088,0.0,0.0,0,0,0
1089,train,1089,0.0,0.0,0,0,0
1091,train,1091,0.0,0.0,0,0,0
1093,train,1093,0.0,0.0,0,0,0
1095,train,1095,1.0,0.0,1,0,0
1096,train,1096,0.0,0.0,0,0,0
1097,train,1097,1.0,0.0,1,0,0
1098,train,1098,0.0,0.0,0,0,0
1101,train,1101,0.0,0.0,0,0,0
1102,train,1102,0.0,0.0,0,0,0
1104,train,1104,1.0,0.0,1,0,0
1105,train,1105,0.0,0.0,0,0,0
1106,train,1106,0.0,0.0,0,0,0
1107,train,1107,0.0,0.0,0,0,0
1108,train,1108,1.0,0.0,1,0,0
1110,train,1110,1.0,0.0,1,0,0
1111,train,1111,1.0,0.0,1,0,0
1112,train,1112,0.0,0.0,0,0,0
1113,train,1113,0.0,0.0,0,0,0
1114,train,1114,0.0,0.0,0,0,0
1115,train,1115,0.0,0.0,0,0,0
1116,train,1116,0.0,0.0,0,0,0
1118,train,1118,0.0,0.0,0,0,0
1119,train,1119,0.0,0.0,0,0,0
1120,train,1120,0.0,0.0,0,0,0
1121,train,1121,13.0,2.0,1,1,1
1122,train,1122,0.0,0.0,0,0,0
1124,train,1124,4.0,6.0,1,1,1
1125,train,1125,0.0,0.0,0,0,0
1126,train,1126,1.0,0.0,1,0,0
1127,train,1127,2.0,0.0,1,0,0
1128,train,1128,0.0,1.0,0,1,0
1132,train,1132,1.0,0.0,1,0,0
1135,train,1135,0.0,0.0,0,0,0
1136,train,1136,0.0,0.0,0,0,0
1137,train,1137,1.0,0.0,1,0,0
1138,train,1138,0.0,0.0,0,0,0
1139,train,1139,0.0,0.0,0,0,0
1140,train,1140,1.0,0.0,1,0,0
1141,train,1141,1.0,0.0,1,0,0
1142,train,1142,1.0,0.0,1,0,0
1143,train,1143,2.0,0.0,1,0,0
1145,train,1145,4.0,1.0,1,1,1
1146,train,1146,0.0,0.0,0,0,0
1147,train,1147,1.0,0.0,1,0,0
1149,train,1149,0.0,0.0,0,0,0
1150,train,1150,0.0,0.0,0,0,0
1152,train,1152,0.0,0.0,0,0,0
1153,train,1153,2.0,0.0,1,0,0
1154,train,1154,0.0,0.0,0,0,0
1155,train,1155,0.0,0.0,0,0,0
1156,train,1156,14.0,2.0,1,1,1
1157,train,1157,1.0,1.0,1,1,1
1160,train,1160,9.0,0.0,1,0,0
1161,train,1161,0.0,0.0,0,0,0
1163,train,1163,6.0,1.0,1,1,1
1164,train,1164,0.0,0.0,0,0,0
1165,train,1165,0.0,0.0,0,0,0
1166,train,1166,0.0,0.0,0,0,0
1167,train,1167,3.0,0.0,1,0,0
1168,train,1168,3.0,0.0,1,0,0
1169,train,1169,0.0,0.0,0,0,0
1171,train,1171,2.0,0.0,1,0,0
1173,train,1173,9.0,5.0,1,1,1
1174,train,1174,3.0,2.0,1,1,1
1175,train,1175,0.0,0.0,0,0,0
1176,train,1176,0.0,1.0,0,1,0
1177,train,1177,0.0,0.0,0,0,0
1178,train,1178,0.0,0.0,0,0,0
1179,train,1179,0.0,0.0,0,0,0
1180,train,1180,3.0,0.0,1,0,0
1181,train,1181,0.0,0.0,0,0,0
1182,train,1182,0.0,1.0,0,1,0
1183,train,1183,0.0,0.0,0,0,0
1184,train,1184,0.0,0.0,0,0,0
1186,train,1186,0.0,0.0,0,0,0
1187,train,1187,0.0,0.0,0,0,0
1188,train,1188,2.0,0.0,1,0,0
1190,train,1190,2.0,0.0,1,0,0
1192,train,1192,1.0,0.0,1,0,0
1193,train,1193,2.0,0.0,1,0,0
1194,train,1194,0.0,0.0,0,0,0
1195,train,1195,0.0,0.0,0,0,0
1196,train,1196,3.0,2.0,1,1,1
1197,train,1197,1.0,0.0,1,0,0
1198,train,1198,3.0,1.0,1,1,1
1199,train,1199,0.0,0.0,0,0,0
1200,train,1200,0.0,0.0,0,0,0
1201,train,1201,1.0,0.0,1,0,0
1202,train,1202,0.0,0.0,0,0,0
1203,train,1203,0.0,2.0,0,1,0
1205,train,1205,1.0,2.0,1,1,1
1207,train,1207,0.0,0.0,0,0,0
1208,train,1208,0.0,0.0,0,0,0
1209,train,1209,2.0,0.0,1,0,0
1210,train,1210,0.0,0.0,0,0,0
1212,train,1212,0.0,1.0,0,1,0
1213,train,1213,0.0,2.0,0,1,0
1214,train,1214,0.0,0.0,0,0,0
1215,train,1215,0.0,0.0,0,0,0
1216,train,1216,0.0,0.0,0,0,0
1217,train,1217,8.0,0.0,1,0,0
1218,train,1218,9.0,0.0,1,0,0
1219,train,1219,0.0,0.0,0,0,0
1220,train,1220,0.0,0.0,0,0,0
1222,train,1222,1.0,0.0,1,0,0
1224,train,1224,0.0,0.0,0,0,0
1225,train,1225,1.0,0.0,1,0,0
1226,train,1226,0.0,0.0,0,0,0
1227,train,1227,0.0,0.0,0,0,0
1228,train,1228,1.0,1.0,1,1,1
1229,train,1229,13.0,0.0,1,0,0
1230,train,1230,3.0,0.0,1,0,0
1231,train,1231,0.0,0.0,0,0,0
1232,train,1232,8.0,2.0,1,1,1
1233,train,1233,7.0,1.0,1,1,1
1234,train,1234,0.0,0.0,0,0,0
1235,train,1235,1.0,0.0,1,0,0
1237,train,1237,4.0,0.0,1,0,0
1238,train,1238,2.0,1.0,1,1,1
1240,train,1240,3.0,0.0,1,0,0
1242,train,1242,4.0,2.0,1,1,1
1245,train,1245,1.0,0.0,1,0,0
1246,train,1246,3.0,1.0,1,1,1
1247,train,1247,4.0,2.0,1,1,1
1249,train,1249,2.0,0.0,1,0,0
1250,train,1250,0.0,0.0,0,0,0
1251,train,1251,10.0,2.0,1,1,1
1252,train,1252,1.0,0.0,1,0,0
1253,train,1253,0.0,0.0,0,0,0
1254,train,1254,1.0,0.0,1,0,0
1255,train,1255,8.0,1.0,1,1,1
1256,train,1256,0.0,0.0,0,0,0
1257,train,1257,3.0,0.0,1,0,0
1258,train,1258,6.0,0.0,1,0,0
1263,train,1263,2.0,0.0,1,0,0
1264,train,1264,1.0,0.0,1,0,0
1266,train,1266,1.0,0.0,1,0,0
1268,train,1268,1.0,1.0,1,1,1
1269,train,1269,4.0,1.0,1,1,1
1270,train,1270,2.0,0.0,1,0,0
1271,train,1271,1.0,0.0,1,0,0
1272,train,1272,0.0,0.0,0,0,0
1273,train,1273,1.0,0.0,1,0,0
1274,train,1274,0.0,0.0,0,0,0
1275,train,1275,0.0,1.0,0,1,0
1276,train,1276,11.0,1.0,1,1,1
1277,train,1277,9.0,11.0,1,1,1
1279,train,1279,11.0,7.0,1,1,1
1280,train,1280,12.0,4.0,1,1,1
1281,train,1281,0.0,0.0,0,0,0
1282,train,1282,0.0,0.0,0,0,0
1284,train,1284,0.0,0.0,0,0,0
1285,train,1285,3.0,0.0,1,0,0
1286,train,1286,1.0,0.0,1,0,0
1287,train,1287,2.0,0.0,1,0,0
1288,train,1288,0.0,0.0,0,0,0
1290,train,1290,4.0,0.0,1,0,0
1291,train,1291,0.0,0.0,0,0,0
1292,train,1292,3.0,0.0,1,0,0
1293,train,1293,0.0,0.0,0,0,0
1294,train,1294,4.0,1.0,1,1,1
1295,train,1295,0.0,0.0,0,0,0
1297,train,1297,1.0,2.0,1,1,1
1298,train,1298,0.0,0.0,0,0,0
1299,train,1299,0.0,0.0,0,0,0
1300,train,1300,11.0,1.0,1,1,1
1301,train,1301,4.0,1.0,1,1,1
1302,train,1302,0.0,0.0,0,0,0
1303,train,1303,0.0,0.0,0,0,0
1304,train,1304,0.0,0.0,0,0,0
1306,train,1306,0.0,0.0,0,0,0
1307,train,1307,0.0,0.0,0,0,0
1308,train,1308,0.0,0.0,0,0,0
1309,train,1309,1.0,0.0,1,0,0
1310,train,1310,0.0,0.0,0,0,0
1311,train,1311,0.0,0.0,0,0,0
1312,train,1312,1.0,0.0,1,0,0
1315,train,1315,0.0,0.0,0,0,0
1316,train,1316,0.0,0.0,0,0,0
1317,train,1317,0.0,0.0,0,0,0
1318,train,1318,0.0,0.0,0,0,0
1319,train,1319,0.0,0.0,0,0,0
1320,train,1320,0.0,0.0,0,0,0
1321,train,1321,1.0,0.0,1,0,0
1322,train,1322,0.0,0.0,0,0,0
1324,train,1324,3.0,0.0,1,0,0
1325,train,1325,2.0,0.0,1,0,0
1326,train,1326,0.0,0.0,0,0,0
1327,train,1327,0.0,0.0,0,0,0
1328,train,1328,0.0,0.0,0,0,0
1330,train,1330,0.0,0.0,0,0,0
1331,train,1331,0.0,0.0,0,0,0
1333,train,1333,2.0,0.0,1,0,0
1334,train,1334,0.0,0.0,0,0,0
1337,train,1337,0.0,0.0,0,0,0
1338,train,1338,0.0,0.0,0,0,0
1341,train,1341,5.0,0.0,1,0,0
1342,train,1342,6.0,2.0,1,1,1
1344,train,1344,7.0,0.0,1,0,0
1345,train,1345,2.0,1.0,1,1,1
1346,train,1346,0.0,0.0,0,0,0
1347,train,1347,2.0,0.0,1,0,0
1349,train,1349,1.0,0.0,1,0,0
1350,train,1350,2.0,2.0,1,1,1
1351,train,1351,0.0,0.0,0,0,0
1352,train,1352,3.0,0.0,1,0,0
1353,train,1353,2.0,3.0,1,1,1
1354,train,1354,0.0,1.0,0,1,0
1355,train,1355,0.0,0.0,0,0,0
1357,train,1357,0.0,0.0,0,0,0
1358,train,1358,0.0,0.0,0,0,0
1359,train,1359,1.0,0.0,1,0,0
1360,train,1360,0.0,0.0,0,0,0
1361,train,1361,0.0,2.0,0,1,0
1362,train,1362,0.0,0.0,0,0,0
1364,train,1364,0.0,0.0,0,0,0
1365,train,1365,1.0,0.0,1,0,0
1366,train,1366,0.0,0.0,0,0,0
1367,train,1367,4.0,3.0,1,1,1
1368,train,1368,3.0,2.0,1,1,1
1369,train,1369,0.0,0.0,0,0,0
1370,train,1370,10.0,0.0,1,0,0
1371,train,1371,13.0,1.0,1,1,1
1372,train,1372,0.0,0.0,0,0,0
1373,train,1373,4.0,0.0,1,0,0
1374,train,1374,2.0,1.0,1,1,1
1375,train,1375,1.0,0.0,1,0,0
1379,train,1379,1.0,6.0,1,1,1
1380,train,1380,3.0,1.0,1,1,1
1381,train,1381,0.0,0.0,0,0,0
1384,train,1384,1.0,1.0,1,1,1
1385,train,1385,1.0,1.0,1,1,1
1387,train,1387,0.0,0.0,0,0,0
1388,train,1388,2.0,0.0,1,0,0
1390,train,1390,1.0,0.0,1,0,0
1391,train,1391,3.0,0.0,1,0,0
1392,train,1392,0.0,0.0,0,0,0
1393,train,1393,0.0,0.0,0,0,0
1395,train,1395,0.0,0.0,0,0,0
1396,train,1396,0.0,0.0,0,0,0
1398,train,1398,1.0,0.0,1,0,0
1399,train,1399,2.0,0.0,1,0,0
1401,train,1401,3.0,0.0,1,0,0
1403,train,1403,0.0,0.0,0,0,0
1404,train,1404,0.0,0.0,0,0,0
1405,train,1405,2.0,0.0,1,0,0
1406,train,1406,0.0,3.0,0,1,0
1407,train,1407,0.0,0.0,0,0,0
1408,train,1408,1.0,0.0,1,0,0
1411,train,1411,0.0,0.0,0,0,0
1413,train,1413,0.0,0.0,0,0,0
1414,train,1414,0.0,0.0,0,0,0
1421,train,1421,4.0,1.0,1,1,1
1422,train,1422,3.0,4.0,1,1,1
1423,train,1423,3.0,2.0,1,1,1
1426,train,1426,0.0,0.0,0,0,0
1427,train,1427,0.0,0.0,0,0,0
1428,train,1428,6.0,0.0,1,0,0
1432,train,1432,1.0,0.0,1,0,0
1436,train,1436,2.0,0.0,1,0,0
1438,train,1438,6.0,1.0,1,1,1
1440,train,1440,4.0,1.0,1,1,1
1441,train,1441,7.0,7.0,1,1,1
1445,train,1445,0.0,1.0,0,1,0
1446,train,1446,1.0,0.0,1,0,0
1448,train,1448,1.0,1.0,1,1,1
1449,train,1449,0.0,0.0,0,0,0
1450,train,1450,0.0,0.0,0,0,0
1451,train,1451,0.0,0.0,0,0,0
1452,train,1452,0.0,0.0,0,0,0
1454,train,1454,3.0,2.0,1,1,1
1455,train,1455,0.0,0.0,0,0,0
1456,train,1456,1.0,0.0,1,0,0
1457,train,1457,1.0,0.0,1,0,0
1458,train,1458,0.0,0.0,0,0,0
1460,train,1460,16.0,15.0,1,1,1
1461,train,1461,0.0,0.0,0,0,0
1462,train,1462,0.0,0.0,0,0,0
1463,train,1463,2.0,0.0,1,0,0
1465,train,1465,1.0,0.0,1,0,0
1466,train,1466,11.0,0.0,1,0,0
1468,train,1468,3.0,1.0,1,1,1
1469,train,1469,0.0,0.0,0,0,0
1470,train,1470,0.0,0.0,0,0,0
1471,train,1471,0.0,0.0,0,0,0
1472,train,1472,6.0,2.0,1,1,1
1474,train,1474,6.0,0.0,1,0,0
1475,train,1475,1.0,0.0,1,0,0
1477,train,1477,0.0,0.0,0,0,0
1478,train,1478,0.0,0.0,0,0,0
1479,train,1479,4.0,0.0,1,0,0
1480,train,1480,1.0,0.0,1,0,0
1481,train,1481,0.0,0.0,0,0,0
1482,train,1482,0.0,0.0,0,0,0
1484,train,1484,0.0,0.0,0,0,0
1485,train,1485,0.0,0.0,0,0,0
1486,train,1486,0.0,0.0,0,0,0
1487,train,1487,0.0,0.0,0,0,0
1488,train,1488,0.0,0.0,0,0,0
1489,train,1489,0.0,0.0,0,0,0
1490,train,1490,0.0,0.0,0,0,0
1491,train,1491,2.0,0.0,1,0,0
1492,train,1492,0.0,0.0,0,0,0
1493,train,1493,4.0,1.0,1,1,1
1494,train,1494,2.0,0.0,1,0,0
1495,train,1495,1.0,0.0,1,0,0
1496,train,1496,3.0,1.0,1,1,1
1497,train,1497,0.0,0.0,0,0,0
1498,train,1498,3.0,0.0,1,0,0
1499,train,1499,0.0,0.0,0,0,0
1500,train,1500,2.0,0.0,1,0,0
1501,train,1501,0.0,0.0,0,0,0
1502,train,1502,2.0,3.0,1,1,1
1503,train,1503,1.0,0.0,1,0,0
1505,train,1505,2.0,0.0,1,0,0
1506,train,1506,0.0,0.0,0,0,0
1508,train,1508,0.0,0.0,0,0,0
1510,train,1510,0.0,0.0,0,0,0
1515,train,1515,1.0,0.0,1,0,0
1516,train,1516,2.0,0.0,1,0,0
1517,train,1517,1.0,0.0,1,0,0
1519,train,1519,9.0,7.0,1,1,1
1522,train,1522,0.0,1.0,0,1,0
1523,train,1523,1.0,0.0,1,0,0
1524,train,1524,1.0,0.0,1,0,0
1528,train,1528,4.0,0.0,1,0,0
1529,train,1529,0.0,0.0,0,0,0
1530,train,1530,0.0,0.0,0,0,0
1531,train,1531,5.0,2.0,1,1,1
1532,train,1532,0.0,0.0,0,0,0
1533,train,1533,5.0,1.0,1,1,1
1534,train,1534,10.0,0.0,1,0,0
1535,train,1535,0.0,0.0,0,0,0
1536,train,1536,12.0,14.0,1,1,1
1537,train,1537,2.0,0.0,1,0,0
1539,train,1539,2.0,1.0,1,1,1
1541,train,1541,0.0,0.0,0,0,0
1542,train,1542,1.0,0.0,1,0,0
1543,train,1543,0.0,0.0,0,0,0
1544,train,1544,6.0,1.0,1,1,1
1546,train,1546,17.0,14.0,1,1,1
1547,train,1547,5.0,0.0,1,0,0
1549,train,1549,1.0,0.0,1,0,0
1551,train,1551,9.0,0.0,1,0,0
1552,train,1552,0.0,0.0,0,0,0
1553,train,1553,0.0,0.0,0,0,0
1556,train,1556,12.0,11.0,1,1,1
1557,train,1557,4.0,1.0,1,1,1
1558,train,1558,0.0,0.0,0,0,0
1559,train,1559,0.0,0.0,0,0,0
1560,train,1560,1.0,1.0,1,1,1
1563,train,1563,12.0,0.0,1,0,0
1565,train,1565,0.0,0.0,0,0,0
1566,train,1566,2.0,0.0,1,0,0
1567,train,1567,3.0,0.0,1,0,0
1568,train,1568,4.0,0.0,1,0,0
1569,train,1569,0.0,0.0,0,0,0
1570,train,1570,7.0,5.0,1,1,1
1571,train,1571,2.0,0.0,1,0,0
1573,train,1573,2.0,0.0,1,0,0
1574,train,1574,1.0,0.0,1,0,0
1575,train,1575,1.0,1.0,1,1,1
1577,train,1577,2.0,0.0,1,0,0
1578,train,1578,0.0,2.0,0,1,0
1579,train,1579,0.0,0.0,0,0,0
1580,train,1580,3.0,1.0,1,1,1
1582,train,1582,0.0,0.0,0,0,0
1583,train,1583,5.0,0.0,1,0,0
1584,train,1584,0.0,0.0,0,0,0
1585,train,1585,0.0,0.0,0,0,0
1586,train,1586,0.0,0.0,0,0,0
1587,train,1587,0.0,0.0,0,0,0
1588,train,1588,1.0,0.0,1,0,0
1590,train,1590,0.0,0.0,0,0,0
1591,train,1591,4.0,1.0,1,1,1
1592,train,1592,0.0,0.0,0,0,0
1593,train,1593,1.0,2.0,1,1,1
1594,train,1594,0.0,0.0,0,0,0
1595,train,1595,1.0,0.0,1,0,0
1596,train,1596,0.0,0.0,0,0,0
1597,train,1597,0.0,0.0,0,0,0
1598,train,1598,5.0,0.0,1,0,0
1599,train,1599,0.0,0.0,0,0,0
1600,train,1600,1.0,0.0,1,0,0
1601,train,1601,0.0,1.0,0,1,0
1602,train,1602,0.0,0.0,0,0,0
1603,train,1603,0.0,0.0,0,0,0
1606,train,1606,0.0,0.0,0,0,0
1608,train,1608,2.0,1.0,1,1,1
1609,train,1609,0.0,0.0,0,0,0
1610,train,1610,1.0,0.0,1,0,0
1611,train,1611,4.0,2.0,1,1,1
1612,train,1612,0.0,0.0,0,0,0
1613,train,1613,0.0,0.0,0,0,0
1614,train,1614,0.0,0.0,0,0,0
1616,train,1616,0.0,0.0,0,0,0
1617,train,1617,3.0,0.0,1,0,0
1619,train,1619,1.0,1.0,1,1,1
1621,train,1621,0.0,0.0,0,0,0
1622,train,1622,3.0,4.0,1,1,1
1623,train,1623,0.0,0.0,0,0,0
1625,train,1625,0.0,0.0,0,0,0
1626,train,1626,1.0,0.0,1,0,0
1627,train,1627,3.0,3.0,1,1,1
1628,train,1628,0.0,0.0,0,0,0
1629,train,1629,3.0,0.0,1,0,0
1631,train,1631,3.0,1.0,1,1,1
1632,train,1632,3.0,0.0,1,0,0
1633,train,1633,3.0,1.0,1,1,1
1634,train,1634,0.0,0.0,0,0,0
1635,train,1635,0.0,0.0,0,0,0
1636,train,1636,0.0,0.0,0,0,0
1637,train,1637,2.0,1.0,1,1,1
1638,train,1638,2.0,1.0,1,1,1
1639,train,1639,10.0,1.0,1,1,1
1641,train,1641,0.0,0.0,0,0,0
1642,train,1642,0.0,0.0,0,0,0
1643,train,1643,0.0,0.0,0,0,0
1644,train,1644,0.0,0.0,0,0,0
1645,train,1645,0.0,0.0,0,0,0
1646,train,1646,2.0,0.0,1,0,0
1647,train,1647,0.0,0.0,0,0,0
1648,train,1648,0.0,0.0,0,0,0
1649,train,1649,5.0,0.0,1,0,0
1650,train,1650,0.0,1.0,0,1,0
1651,train,1651,1.0,0.0,1,0,0
1652,train,1652,2.0,1.0,1,1,1
1653,train,1653,8.0,1.0,1,1,1
1654,train,1654,2.0,3.0,1,1,1
1656,train,1656,0.0,0.0,0,0,0
1658,train,1658,1.0,0.0,1,0,0
1659,train,1659,0.0,0.0,0,0,0
1660,train,1660,3.0,0.0,1,0,0
1662,train,1662,1.0,0.0,1,0,0
1663,train,1663,1.0,0.0,1,0,0
1664,train,1664,0.0,0.0,0,0,0
1665,train,1665,0.0,0.0,0,0,0
1668,train,1668,2.0,3.0,1,1,1
1670,train,1670,0.0,1.0,0,1,0
1672,train,1672,0.0,0.0,0,0,0
1674,train,1674,0.0,0.0,0,0,0
1675,train,1675,0.0,0.0,0,0,0
1676,train,1676,0.0,1.0,0,1,0
1677,train,1677,0.0,0.0,0,0,0
1678,train,1678,0.0,0.0,0,0,0
1679,train,1679,0.0,0.0,0,0,0
1680,train,1680,1.0,0.0,1,0,0
1681,train,1681,0.0,0.0,0,0,0
1683,train,1683,1.0,0.0,1,0,0
1684,train,1684,4.0,4.0,1,1,1
1685,train,1685,3.0,3.0,1,1,1
1686,train,1686,0.0,0.0,0,0,0
1687,train,1687,1.0,1.0,1,1,1
1688,train,1688,1.0,0.0,1,0,0
1689,train,1689,2.0,0.0,1,0,0
1690,train,1690,0.0,0.0,0,0,0
1691,train,1691,0.0,0.0,0,0,0
1692,train,1692,1.0,1.0,1,1,1
1693,train,1693,3.0,0.0,1,0,0
1695,train,1695,0.0,0.0,0,0,0
1696,train,1696,1.0,0.0,1,0,0
1698,train,1698,1.0,0.0,1,0,0
1699,train,1699,0.0,0.0,0,0,0
1700,train,1700,1.0,0.0,1,0,0
1701,train,1701,0.0,0.0,0,0,0
1702,train,1702,1.0,0.0,1,0,0
1703,train,1703,4.0,2.0,1,1,1
1705,train,1705,1.0,0.0,1,0,0
1706,train,1706,0.0,0.0,0,0,0
1707,train,1707,0.0,0.0,0,0,0
1709,train,1709,0.0,0.0,0,0,0
1710,train,1710,1.0,0.0,1,0,0
1711,train,1711,0.0,0.0,0,0,0
1712,train,1712,0.0,0.0,0,0,0
1713,train,1713,0.0,0.0,0,0,0
1714,train,1714,3.0,0.0,1,0,0
1715,train,1715,2.0,1.0,1,1,1
1716,train,1716,0.0,0.0,0,0,0
1719,train,1719,0.0,0.0,0,0,0
1720,train,1720,1.0,0.0,1,0,0
1721,train,1721,2.0,0.0,1,0,0
1722,train,1722,0.0,0.0,0,0,0
1724,train,1724,0.0,0.0,0,0,0
1725,train,1725,2.0,0.0,1,0,0
1726,train,1726,6.0,2.0,1,1,1
1727,train,1727,8.0,0.0,1,0,0
1728,train,1728,0.0,0.0,0,0,0
1729,train,1729,4.0,0.0,1,0,0
1730,train,1730,0.0,0.0,0,0,0
1731,train,1731,0.0,2.0,0,1,0
1733,train,1733,1.0,0.0,1,0,0
1734,train,1734,2.0,1.0,1,1,1
1735,train,1735,1.0,0.0,1,0,0
1736,train,1736,0.0,0.0,0,0,0
1738,train,1738,0.0,0.0,0,0,0
1739,train,1739,1.0,0.0,1,0,0
1740,train,1740,7.0,2.0,1,1,1
1741,train,1741,0.0,0.0,0,0,0
1742,train,1742,0.0,0.0,0,0,0
1743,train,1743,0.0,1.0,0,1,0
1744,train,1744,8.0,1.0,1,1,1
1745,train,1745,0.0,0.0,0,0,0
1747,train,1747,0.0,0.0,0,0,0
1749,train,1749,10.0,1.0,1,1,1
1750,train,1750,0.0,0.0,0,0,0
1751,train,1751,5.0,0.0,1,0,0
1753,train,1753,0.0,0.0,0,0,0
1755,train,1755,2.0,0.0,1,0,0
1757,train,1757,13.0,21.0,1,1,1
1758,train,1758,6.0,0.0,1,0,0
1759,train,1759,1.0,0.0,1,0,0
1760,train,1760,0.0,0.0,0,0,0
1763,train,1763,0.0,0.0,0,0,0
1765,train,1765,0.0,0.0,0,0,0
1767,train,1767,0.0,0.0,0,0,0
1768,train,1768,0.0,4.0,0,1,0
1769,train,1769,1.0,0.0,1,0,0
1771,train,1771,0.0,0.0,0,0,0
1772,train,1772,9.0,3.0,1,1,1
1773,train,1773,0.0,0.0,0,0,0
1774,train,1774,0.0,0.0,0,0,0
1778,train,1778,3.0,0.0,1,0,0
1779,train,1779,1.0,0.0,1,0,0
1780,train,1780,2.0,3.0,1,1,1
1781,train,1781,2.0,0.0,1,0,0
1782,train,1782,0.0,0.0,0,0,0
1783,train,1783,1.0,0.0,1,0,0
1784,train,1784,1.0,0.0,1,0,0
1785,train,1785,0.0,0.0,0,0,0
1786,train,1786,0.0,0.0,0,0,0
1787,train,1787,0.0,0.0,0,0,0
1788,train,1788,0.0,0.0,0,0,0
1789,train,1789,1.0,10.0,1,1,1
1790,train,1790,3.0,0.0,1,0,0
1791,train,1791,3.0,1.0,1,1,1
1792,train,1792,0.0,0.0,0,0,0
1793,train,1793,3.0,0.0,1,0,0
1794,train,1794,0.0,0.0,0,0,0
1795,train,1795,1.0,0.0,1,0,0
1797,train,1797,6.0,2.0,1,1,1
1798,train,1798,0.0,0.0,0,0,0
1799,train,1799,1.0,0.0,1,0,0
1800,train,1800,17.0,17.0,1,1,1
1801,train,1801,0.0,0.0,0,0,0
1803,train,1803,4.0,0.0,1,0,0
1804,train,1804,0.0,0.0,0,0,0
1805,train,1805,1.0,0.0,1,0,0
1806,train,1806,1.0,0.0,1,0,0
1807,train,1807,0.0,0.0,0,0,0
1808,train,1808,0.0,0.0,0,0,0
1809,train,1809,0.0,0.0,0,0,0
1810,train,1810,1.0,0.0,1,0,0
1812,train,1812,0.0,0.0,0,0,0
1813,train,1813,4.0,1.0,1,1,1
1815,train,1815,3.0,0.0,1,0,0
1816,train,1816,0.0,0.0,0,0,0
1817,train,1817,8.0,0.0,1,0,0
1820,train,1820,2.0,0.0,1,0,0
1821,train,1821,1.0,0.0,1,0,0
1822,train,1822,0.0,0.0,0,0,0
1824,train,1824,0.0,0.0,0,0,0
1825,train,1825,0.0,0.0,0,0,0
1826,train,1826,1.0,0.0,1,0,0
1827,train,1827,0.0,0.0,0,0,0
1829,train,1829,0.0,0.0,0,0,0
1830,train,1830,0.0,0.0,0,0,0
1831,train,1831,2.0,0.0,1,0,0
1834,train,1834,0.0,0.0,0,0,0
1836,train,1836,0.0,0.0,0,0,0
1838,train,1838,0.0,1.0,0,1,0
1839,train,1839,0.0,4.0,0,1,0
1840,train,1840,0.0,0.0,0,0,0
1842,train,1842,7.0,0.0,1,0,0
1843,train,1843,0.0,0.0,0,0,0
1844,train,1844,2.0,0.0,1,0,0
1846,train,1846,1.0,1.0,1,1,1
1848,train,1848,19.0,3.0,1,1,1
1850,train,1850,0.0,0.0,0,0,0
1854,train,1854,0.0,0.0,0,0,0
1856,train,1856,0.0,0.0,0,0,0
1857,train,1857,0.0,0.0,0,0,0
1858,train,1858,0.0,0.0,0,0,0
1859,train,1859,0.0,0.0,0,0,0
1860,train,1860,2.0,0.0,1,0,0
1861,train,1861,0.0,0.0,0,0,0
1862,train,1862,0.0,0.0,0,0,0
1863,train,1863,1.0,0.0,1,0,0
1864,train,1864,0.0,1.0,0,1,0
1865,train,1865,0.0,0.0,0,0,0
1866,train,1866,0.0,0.0,0,0,0
1867,train,1867,0.0,0.0,0,0,0
1868,train,1868,0.0,1.0,0,1,0
1869,train,1869,0.0,0.0,0,0,0
1870,train,1870,0.0,0.0,0,0,0
1871,train,1871,0.0,0.0,0,0,0
1874,train,1874,0.0,0.0,0,0,0
1876,train,1876,0.0,0.0,0,0,0
1877,train,1877,1.0,0.0,1,0,0
1878,train,1878,0.0,0.0,0,0,0
1879,train,1879,0.0,0.0,0,0,0
1881,train,1881,0.0,0.0,0,0,0
1882,train,1882,0.0,0.0,0,0,0
1884,train,1884,0.0,0.0,0,0,0
1886,train,1886,1.0,0.0,1,0,0
1887,train,1887,0.0,0.0,0,0,0
1888,train,1888,0.0,0.0,0,0,0
1889,train,1889,1.0,0.0,1,0,0
1890,train,1890,0.0,0.0,0,0,0
1891,train,1891,0.0,0.0,0,0,0
1892,train,1892,0.0,0.0,0,0,0
1895,train,1895,2.0,0.0,1,0,0
1896,train,1896,0.0,0.0,0,0,0
1897,train,1897,0.0,0.0,0,0,0
1898,train,1898,1.0,0.0,1,0,0
1899,train,1899,5.0,0.0,1,0,0
1900,train,1900,0.0,0.0,0,0,0
1901,train,1901,0.0,0.0,0,0,0
1902,train,1902,0.0,0.0,0,0,0
1904,train,1904,4.0,1.0,1,1,1
1905,train,1905,1.0,0.0,1,0,0
1907,train,1907,6.0,0.0,1,0,0
1908,train,1908,1.0,0.0,1,0,0
1910,train,1910,3.0,0.0,1,0,0
1911,train,1911,0.0,0.0,0,0,0
1913,train,1913,0.0,0.0,0,0,0
1914,train,1914,6.0,0.0,1,0,0
1915,train,1915,0.0,0.0,0,0,0
1918,train,1918,0.0,0.0,0,0,0
1920,train,1920,7.0,0.0,1,0,0
1921,train,1921,0.0,0.0,0,0,0
1922,train,1922,3.0,0.0,1,0,0
1923,train,1923,7.0,2.0,1,1,1
1924,train,1924,1.0,0.0,1,0,0
1925,train,1925,5.0,0.0,1,0,0
1926,train,1926,0.0,0.0,0,0,0
1927,train,1927,0.0,0.0,0,0,0
1928,train,1928,0.0,0.0,0,0,0
1929,train,1929,0.0,0.0,0,0,0
1930,train,1930,0.0,0.0,0,0,0
1931,train,1931,1.0,2.0,1,1,1
1933,train,1933,0.0,0.0,0,0,0
1934,train,1934,2.0,0.0,1,0,0
1935,train,1935,0.0,0.0,0,0,0
1936,train,1936,1.0,0.0,1,0,0
1937,train,1937,0.0,0.0,0,0,0
1938,train,1938,9.0,0.0,1,0,0
1939,train,1939,1.0,0.0,1,0,0
1940,train,1940,0.0,0.0,0,0,0
1942,train,1942,2.0,0.0,1,0,0
1945,train,1945,1.0,0.0,1,0,0
1946,train,1946,1.0,0.0,1,0,0
1949,train,1949,0.0,0.0,0,0,0
1950,train,1950,0.0,0.0,0,0,0
1952,train,1952,0.0,0.0,0,0,0
1953,train,1953,0.0,0.0,0,0,0
1957,train,1957,3.0,2.0,1,1,1
1958,train,1958,0.0,0.0,0,0,0
1959,train,1959,4.0,0.0,1,0,0
1960,train,1960,0.0,0.0,0,0,0
1961,train,1961,1.0,1.0,1,1,1
1962,train,1962,0.0,0.0,0,0,0
1963,train,1963,0.0,0.0,0,0,0
1964,train,1964,0.0,0.0,0,0,0
1966,train,1966,3.0,0.0,1,0,0
1967,train,1967,0.0,0.0,0,0,0
1968,train,1968,2.0,0.0,1,0,0
1969,train,1969,7.0,1.0,1,1,1
1970,train,1970,2.0,0.0,1,0,0
1971,train,1971,4.0,0.0,1,0,0
1972,train,1972,5.0,0.0,1,0,0
1973,train,1973,0.0,1.0,0,1,0
1974,train,1974,0.0,0.0,0,0,0
1975,train,1975,0.0,0.0,0,0,0
1978,train,1978,8.0,5.0,1,1,1
1979,train,1979,9.0,3.0,1,1,1
1980,train,1980,5.0,2.0,1,1,1
1981,train,1981,2.0,4.0,1,1,1
1982,train,1982,12.0,1.0,1,1,1
1983,train,1983,0.0,0.0,0,0,0
1984,train,1984,8.0,0.0,1,0,0
1986,train,1986,0.0,0.0,0,0,0
1989,train,1989,0.0,0.0,0,0,0
1990,train,1990,0.0,0.0,0,0,0
1991,train,1991,0.0,0.0,0,0,0
1992,train,1992,0.0,0.0,0,0,0
1993,train,1993,0.0,0.0,0,0,0
1994,train,1994,0.0,0.0,0,0,0
1996,train,1996,0.0,0.0,0,0,0
2000,train,2000,0.0,1.0,0,1,0
2001,train,2001,0.0,0.0,0,0,0
2002,train,2002,0.0,0.0,0,0,0
2003,train,2003,0.0,0.0,0,0,0
2004,train,2004,0.0,0.0,0,0,0
2005,train,2005,1.0,0.0,1,0,0
2006,train,2006,0.0,0.0,0,0,0
2009,train,2009,2.0,3.0,1,1,1
2011,train,2011,2.0,2.0,1,1,1
2013,train,2013,0.0,0.0,0,0,0
2014,train,2014,1.0,0.0,1,0,0
2015,train,2015,0.0,0.0,0,0,0
2018,train,2018,0.0,0.0,0,0,0
2019,train,2019,0.0,0.0,0,0,0
2020,train,2020,0.0,0.0,0,0,0
2021,train,2021,1.0,0.0,1,0,0
2022,train,2022,1.0,0.0,1,0,0
2024,train,2024,0.0,0.0,0,0,0
2025,train,2025,0.0,0.0,0,0,0
2026,train,2026,1.0,1.0,1,1,1
2027,train,2027,0.0,0.0,0,0,0
2028,train,2028,0.0,0.0,0,0,0
2029,train,2029,0.0,0.0,0,0,0
2030,train,2030,0.0,0.0,0,0,0
2031,train,2031,0.0,1.0,0,1,0
2032,train,2032,0.0,0.0,0,0,0
2033,train,2033,1.0,0.0,1,0,0
2034,train,2034,0.0,0.0,0,0,0
2035,train,2035,0.0,0.0,0,0,0
2036,train,2036,3.0,0.0,1,0,0
2037,train,2037,1.0,0.0,1,0,0
2038,train,2038,0.0,1.0,0,1,0
2039,train,2039,0.0,0.0,0,0,0
2040,train,2040,0.0,0.0,0,0,0
2041,train,2041,1.0,1.0,1,1,1
2042,train,2042,1.0,0.0,1,0,0
2043,train,2043,0.0,0.0,0,0,0
2045,train,2045,1.0,0.0,1,0,0
2046,train,2046,0.0,0.0,0,0,0
2047,train,2047,1.0,2.0,1,1,1
2048,train,2048,2.0,0.0,1,0,0
2050,train,2050,0.0,0.0,0,0,0
2052,train,2052,0.0,0.0,0,0,0
2053,train,2053,0.0,0.0,0,0,0
2054,train,2054,1.0,2.0,1,1,1
2057,train,2057,0.0,0.0,0,0,0
2059,train,2059,0.0,0.0,0,0,0
2060,train,2060,3.0,3.0,1,1,1
2062,train,2062,1.0,1.0,1,1,1
2063,train,2063,1.0,0.0,1,0,0
2065,train,2065,0.0,1.0,0,1,0
2066,train,2066,1.0,1.0,1,1,1
2070,train,2070,0.0,0.0,0,0,0
2073,train,2073,0.0,1.0,0,1,0
2074,train,2074,18.0,9.0,1,1,1
2075,train,2075,1.0,0.0,1,0,0
2077,train,2077,1.0,0.0,1,0,0
2078,train,2078,6.0,3.0,1,1,1
2080,train,2080,0.0,0.0,0,0,0
2081,train,2081,0.0,0.0,0,0,0
2083,train,2083,2.0,0.0,1,0,0
2085,train,2085,0.0,0.0,0,0,0
2087,train,2087,1.0,0.0,1,0,0
2088,train,2088,1.0,0.0,1,0,0
2089,train,2089,0.0,0.0,0,0,0
2090,train,2090,0.0,0.0,0,0,0
2091,train,2091,0.0,0.0,0,0,0
2092,train,2092,0.0,0.0,0,0,0
2093,train,2093,8.0,1.0,1,1,1
2094,train,2094,0.0,0.0,0,0,0
2095,train,2095,2.0,0.0,1,0,0
2096,train,2096,0.0,0.0,0,0,0
2097,train,2097,0.0,1.0,0,1,0
2101,train,2101,1.0,0.0,1,0,0
2102,train,2102,5.0,0.0,1,0,0
2103,train,2103,0.0,0.0,0,0,0
2104,train,2104,0.0,0.0,0,0,0
2106,train,2106,1.0,1.0,1,1,1
2109,train,2109,0.0,0.0,0,0,0
2110,train,2110,2.0,0.0,1,0,0
2111,train,2111,0.0,0.0,0,0,0
2112,train,2112,0.0,0.0,0,0,0
2113,train,2113,0.0,1.0,0,1,0
2114,train,2114,2.0,3.0,1,1,1
2115,train,2115,0.0,0.0,0,0,0
2118,train,2118,1.0,0.0,1,0,0
2119,train,2119,0.0,1.0,0,1,0
2120,train,2120,1.0,0.0,1,0,0
2121,train,2121,0.0,0.0,0,0,0
2122,train,2122,0.0,0.0,0,0,0
2123,train,2123,0.0,0.0,0,0,0
2127,train,2127,20.0,11.0,1,1,1
2128,train,2128,3.0,1.0,1,1,1
2129,train,2129,0.0,0.0,0,0,0
2130,train,2130,0.0,0.0,0,0,0
2131,train,2131,0.0,0.0,0,0,0
2132,train,2132,0.0,0.0,0,0,0
2137,train,2137,0.0,0.0,0,0,0
2138,train,2138,0.0,0.0,0,0,0
2139,train,2139,0.0,0.0,0,0,0
2141,train,2141,1.0,0.0,1,0,0
2142,train,2142,2.0,0.0,1,0,0
2143,train,2143,0.0,0.0,0,0,0
2144,train,2144,7.0,4.0,1,1,1
2145,train,2145,1.0,1.0,1,1,1
2146,train,2146,0.0,0.0,0,0,0
2148,train,2148,0.0,0.0,0,0,0
2149,train,2149,1.0,0.0,1,0,0
2151,train,2151,3.0,0.0,1,0,0
2153,train,2153,3.0,1.0,1,1,1
2154,train,2154,1.0,0.0,1,0,0
2155,train,2155,0.0,0.0,0,0,0
2156,train,2156,0.0,0.0,0,0,0
2157,train,2157,0.0,0.0,0,0,0
2158,train,2158,0.0,0.0,0,0,0
2160,train,2160,7.0,1.0,1,1,1
2161,train,2161,0.0,0.0,0,0,0
2162,train,2162,15.0,0.0,1,0,0
2165,train,2165,0.0,0.0,0,0,0
2167,train,2167,0.0,0.0,0,0,0
2168,train,2168,3.0,3.0,1,1,1
2169,train,2169,1.0,0.0,1,0,0
2170,train,2170,0.0,0.0,0,0,0
2171,train,2171,0.0,0.0,0,0,0
2172,train,2172,0.0,0.0,0,0,0
2173,train,2173,3.0,0.0,1,0,0
2174,train,2174,0.0,1.0,0,1,0
2176,train,2176,0.0,0.0,0,0,0
2177,train,2177,0.0,0.0,0,0,0
2178,train,2178,0.0,0.0,0,0,0
2180,train,2180,0.0,0.0,0,0,0
2182,train,2182,6.0,2.0,1,1,1
2184,train,2184,0.0,0.0,0,0,0
2186,train,2186,3.0,0.0,1,0,0
2187,train,2187,0.0,1.0,0,1,0
2188,train,2188,3.0,3.0,1,1,1
2189,train,2189,7.0,0.0,1,0,0
2190,train,2190,4.0,2.0,1,1,1
2193,train,2193,0.0,0.0,0,0,0
2196,train,2196,1.0,0.0,1,0,0
2198,train,2198,3.0,1.0,1,1,1
2199,train,2199,0.0,0.0,0,0,0
2200,train,2200,8.0,1.0,1,1,1
2202,train,2202,1.0,0.0,1,0,0
2203,train,2203,7.0,0.0,1,0,0
2204,train,2204,4.0,0.0,1,0,0
2205,train,2205,0.0,0.0,0,0,0
2206,train,2206,0.0,0.0,0,0,0
2208,train,2208,0.0,0.0,0,0,0
2209,train,2209,0.0,0.0,0,0,0
2210,train,2210,1.0,1.0,1,1,1
2212,train,2212,0.0,2.0,0,1,0
2213,train,2213,0.0,1.0,0,1,0
2214,train,2214,0.0,0.0,0,0,0
2215,train,2215,0.0,0.0,0,0,0
2217,train,2217,1.0,0.0,1,0,0
2219,train,2219,0.0,0.0,0,0,0
2220,train,2220,0.0,0.0,0,0,0
2221,train,2221,0.0,0.0,0,0,0
2222,train,2222,0.0,0.0,0,0,0
2223,train,2223,0.0,0.0,0,0,0
2224,train,2224,0.0,0.0,0,0,0
2225,train,2225,2.0,1.0,1,1,1
2226,train,2226,0.0,0.0,0,0,0
2229,train,2229,0.0,0.0,0,0,0
2231,train,2231,0.0,0.0,0,0,0
2232,train,2232,0.0,0.0,0,0,0
2233,train,2233,0.0,0.0,0,0,0
2234,train,2234,0.0,0.0,0,0,0
2238,train,2238,0.0,2.0,0,1,0
2239,train,2239,0.0,0.0,0,0,0
2240,train,2240,1.0,0.0,1,0,0
2241,train,2241,0.0,0.0,0,0,0
2242,train,2242,0.0,0.0,0,0,0
2243,train,2243,0.0,0.0,0,0,0
2244,train,2244,0.0,0.0,0,0,0
2246,train,2246,0.0,0.0,0,0,0
2247,train,2247,0.0,1.0,0,1,0
2248,train,2248,0.0,0.0,0,0,0
2249,train,2249,1.0,0.0,1,0,0
2250,train,2250,1.0,0.0,1,0,0
2251,train,2251,0.0,0.0,0,0,0
2252,train,2252,2.0,0.0,1,0,0
2253,train,2253,0.0,0.0,0,0,0
2254,train,2254,1.0,0.0,1,0,0
2256,train,2256,0.0,0.0,0,0,0
2257,train,2257,3.0,1.0,1,1,1
2258,train,2258,4.0,0.0,1,0,0
2259,train,2259,0.0,0.0,0,0,0
2264,train,2264,2.0,0.0,1,0,0
2265,train,2265,11.0,0.0,1,0,0
2267,train,2267,0.0,0.0,0,0,0
2269,train,2269,1.0,2.0,1,1,1
2270,train,2270,1.0,0.0,1,0,0
2271,train,2271,2.0,0.0,1,0,0
2272,train,2272,3.0,0.0,1,0,0
2273,train,2273,0.0,0.0,0,0,0
2275,train,2275,1.0,0.0,1,0,0
2276,train,2276,4.0,5.0,1,1,1
2277,train,2277,3.0,1.0,1,1,1
2280,train,2280,0.0,0.0,0,0,0
2281,train,2281,0.0,0.0,0,0,0
2282,train,2282,0.0,0.0,0,0,0
2283,train,2283,0.0,0.0,0,0,0
2284,train,2284,0.0,1.0,0,1,0
2286,train,2286,0.0,0.0,0,0,0
2288,train,2288,3.0,1.0,1,1,1
2289,train,2289,0.0,1.0,0,1,0
2290,train,2290,5.0,0.0,1,0,0
2291,train,2291,0.0,1.0,0,1,0
2293,train,2293,1.0,2.0,1,1,1
2294,train,2294,0.0,0.0,0,0,0
2295,train,2295,0.0,0.0,0,0,0
2297,train,2297,4.0,1.0,1,1,1
2298,train,2298,0.0,0.0,0,0,0
2300,train,2300,9.0,0.0,1,0,0
2301,train,2301,4.0,0.0,1,0,0
2303,train,2303,1.0,0.0,1,0,0
2305,train,2305,1.0,0.0,1,0,0
2307,train,2307,0.0,0.0,0,0,0
2308,train,2308,0.0,0.0,0,0,0
2309,train,2309,1.0,0.0,1,0,0
2310,train,2310,0.0,0.0,0,0,0
2311,train,2311,0.0,0.0,0,0,0
2315,train,2315,0.0,0.0,0,0,0
2316,train,2316,1.0,0.0,1,0,0
2317,train,2317,0.0,0.0,0,0,0
2318,train,2318,0.0,0.0,0,0,0
2320,train,2320,2.0,0.0,1,0,0
2322,train,2322,8.0,0.0,1,0,0
2323,train,2323,6.0,1.0,1,1,1
2325,train,2325,0.0,0.0,0,0,0
2326,train,2326,0.0,0.0,0,0,0
2327,train,2327,0.0,0.0,0,0,0
2328,train,2328,0.0,0.0,0,0,0
2329,train,2329,8.0,1.0,1,1,1
2330,train,2330,0.0,0.0,0,0,0
2332,train,2332,0.0,0.0,0,0,0
2334,train,2334,0.0,0.0,0,0,0
2335,train,2335,0.0,0.0,0,0,0
2337,train,2337,0.0,0.0,0,0,0
2338,train,2338,0.0,0.0,0,0,0
2339,train,2339,0.0,0.0,0,0,0
2340,train,2340,0.0,0.0,0,0,0
2341,train,2341,2.0,0.0,1,0,0
2342,train,2342,0.0,0.0,0,0,0
2343,train,2343,5.0,0.0,1,0,0
2344,train,2344,1.0,0.0,1,0,0
2346,train,2346,3.0,0.0,1,0,0
2347,train,2347,0.0,0.0,0,0,0
2348,train,2348,0.0,0.0,0,0,0
2349,train,2349,0.0,0.0,0,0,0
2351,train,2351,2.0,0.0,1,0,0
2352,train,2352,4.0,0.0,1,0,0
2353,train,2353,5.0,3.0,1,1,1
2354,train,2354,2.0,0.0,1,0,0
2355,train,2355,2.0,0.0,1,0,0
2359,train,2359,0.0,0.0,0,0,0
2360,train,2360,0.0,0.0,0,0,0
2361,train,2361,0.0,0.0,0,0,0
2363,train,2363,4.0,3.0,1,1,1
2364,train,2364,0.0,0.0,0,0,0
2366,train,2366,9.0,1.0,1,1,1
2369,train,2369,0.0,0.0,0,0,0
2370,train,2370,0.0,0.0,0,0,0
2371,train,2371,0.0,0.0,0,0,0
2372,train,2372,0.0,0.0,0,0,0
2373,train,2373,0.0,0.0,0,0,0
2374,train,2374,2.0,0.0,1,0,0
2375,train,2375,10.0,0.0,1,0,0
2377,train,2377,1.0,0.0,1,0,0
2379,train,2379,1.0,0.0,1,0,0
2380,train,2380,1.0,0.0,1,0,0
2381,train,2381,0.0,0.0,0,0,0
2383,train,2383,0.0,0.0,0,0,0
2384,train,2384,0.0,0.0,0,0,0
2385,train,2385,6.0,0.0,1,0,0
2386,train,2386,0.0,1.0,0,1,0
2387,train,2387,1.0,1.0,1,1,1
2389,train,2389,1.0,0.0,1,0,0
2390,train,2390,4.0,1.0,1,1,1
2391,train,2391,8.0,0.0,1,0,0
2394,train,2394,8.0,1.0,1,1,1
2395,train,2395,0.0,0.0,0,0,0
2397,train,2397,1.0,0.0,1,0,0
2398,train,2398,0.0,0.0,0,0,0
2399,train,2399,0.0,0.0,0,0,0
2402,train,2402,9.0,8.0,1,1,1
2403,train,2403,2.0,1.0,1,1,1
2407,train,2407,0.0,0.0,0,0,0
2408,train,2408,0.0,0.0,0,0,0
2409,train,2409,0.0,0.0,0,0,0
2411,train,2411,1.0,1.0,1,1,1
2412,train,2412,2.0,0.0,1,0,0
2413,train,2413,3.0,0.0,1,0,0
2414,train,2414,3.0,0.0,1,0,0
2415,train,2415,4.0,7.0,1,1,1
2416,train,2416,1.0,0.0,1,0,0
2418,train,2418,0.0,0.0,0,0,0
2421,train,2421,4.0,2.0,1,1,1
2424,train,2424,0.0,0.0,0,0,0
2426,train,2426,0.0,0.0,0,0,0
2427,train,2427,0.0,0.0,0,0,0
2428,train,2428,0.0,0.0,0,0,0
2429,train,2429,1.0,1.0,1,1,1
2431,train,2431,1.0,0.0,1,0,0
2433,train,2433,0.0,0.0,0,0,0
2434,train,2434,0.0,0.0,0,0,0
2435,train,2435,2.0,0.0,1,0,0
2437,train,2437,0.0,0.0,0,0,0
2438,train,2438,0.0,0.0,0,0,0
2439,train,2439,0.0,0.0,0,0,0
2441,train,2441,0.0,0.0,0,0,0
2442,train,2442,1.0,0.0,1,0,0
2443,train,2443,0.0,0.0,0,0,0
2444,train,2444,4.0,0.0,1,0,0
2445,train,2445,0.0,0.0,0,0,0
2448,train,2448,6.0,3.0,1,1,1
2451,train,2451,0.0,0.0,0,0,0
2452,train,2452,5.0,1.0,1,1,1
2453,train,2453,0.0,0.0,0,0,0
2454,train,2454,0.0,0.0,0,0,0
2455,train,2455,4.0,3.0,1,1,1
2456,train,2456,1.0,0.0,1,0,0
2460,train,2460,0.0,1.0,0,1,0
2461,train,2461,1.0,0.0,1,0,0
2462,train,2462,1.0,1.0,1,1,1
2464,train,2464,0.0,0.0,0,0,0
2465,train,2465,2.0,1.0,1,1,1
2466,train,2466,1.0,0.0,1,0,0
2467,train,2467,0.0,0.0,0,0,0
2468,train,2468,0.0,0.0,0,0,0
2470,train,2470,0.0,0.0,0,0,0
2471,train,2471,5.0,0.0,1,0,0
2472,train,2472,0.0,0.0,0,0,0
2473,train,2473,1.0,1.0,1,1,1
2474,train,2474,2.0,0.0,1,0,0
2475,train,2475,0.0,0.0,0,0,0
2476,train,2476,3.0,0.0,1,0,0
2478,train,2478,2.0,0.0,1,0,0
2479,train,2479,3.0,0.0,1,0,0
2480,train,2480,0.0,0.0,0,0,0
2481,train,2481,2.0,1.0,1,1,1
2482,train,2482,0.0,0.0,0,0,0
2483,train,2483,0.0,0.0,0,0,0
2484,train,2484,3.0,1.0,1,1,1
2486,train,2486,1.0,0.0,1,0,0
2487,train,2487,0.0,0.0,0,0,0
2488,train,2488,2.0,1.0,1,1,1
2489,train,2489,0.0,0.0,0,0,0
2490,train,2490,7.0,1.0,1,1,1
2491,train,2491,0.0,0.0,0,0,0
2493,train,2493,2.0,1.0,1,1,1
2494,train,2494,2.0,0.0,1,0,0
2495,train,2495,0.0,0.0,0,0,0
2498,train,2498,0.0,0.0,0,0,0
2499,train,2499,2.0,3.0,1,1,1
2501,train,2501,5.0,1.0,1,1,1
2502,train,2502,3.0,4.0,1,1,1
2503,train,2503,4.0,0.0,1,0,0
2504,train,2504,0.0,0.0,0,0,0
2505,train,2505,0.0,0.0,0,0,0
2506,train,2506,1.0,0.0,1,0,0
2507,train,2507,2.0,0.0,1,0,0
2508,train,2508,1.0,0.0,1,0,0
2509,train,2509,1.0,0.0,1,0,0
2510,train,2510,0.0,0.0,0,0,0
2511,train,2511,0.0,0.0,0,0,0
2512,train,2512,0.0,0.0,0,0,0
2513,train,2513,6.0,0.0,1,0,0
2514,train,2514,3.0,2.0,1,1,1
2515,train,2515,0.0,0.0,0,0,0
2516,train,2516,0.0,0.0,0,0,0
2517,train,2517,1.0,2.0,1,1,1
2518,train,2518,3.0,1.0,1,1,1
2520,train,2520,3.0,2.0,1,1,1
2521,train,2521,1.0,1.0,1,1,1
2524,train,2524,0.0,0.0,0,0,0
2525,train,2525,2.0,0.0,1,0,0
2526,train,2526,0.0,0.0,0,0,0
2529,train,2529,6.0,0.0,1,0,0
2531,train,2531,2.0,0.0,1,0,0
2532,train,2532,0.0,0.0,0,0,0
2535,train,2535,0.0,0.0,0,0,0
2536,train,2536,0.0,0.0,0,0,0
2537,train,2537,2.0,0.0,1,0,0
2538,train,2538,3.0,0.0,1,0,0
2539,train,2539,1.0,0.0,1,0,0
2540,train,2540,0.0,0.0,0,0,0
2541,train,2541,0.0,0.0,0,0,0
2543,train,2543,0.0,0.0,0,0,0
2544,train,2544,1.0,0.0,1,0,0
2545,train,2545,1.0,0.0,1,0,0
2546,train,2546,1.0,1.0,1,1,1
2547,train,2547,13.0,3.0,1,1,1
2548,train,2548,0.0,0.0,0,0,0
2549,train,2549,0.0,0.0,0,0,0
2550,train,2550,0.0,2.0,0,1,0
2551,train,2551,1.0,0.0,1,0,0
2555,train,2555,9.0,2.0,1,1,1
2556,train,2556,1.0,0.0,1,0,0
2558,train,2558,7.0,1.0,1,1,1
2560,train,2560,0.0,0.0,0,0,0
2561,train,2561,0.0,0.0,0,0,0
2562,train,2562,0.0,0.0,0,0,0
2564,train,2564,0.0,1.0,0,1,0
2565,train,2565,0.0,0.0,0,0,0
2566,train,2566,0.0,0.0,0,0,0
2567,train,2567,0.0,0.0,0,0,0
2568,train,2568,0.0,0.0,0,0,0
2569,train,2569,0.0,0.0,0,0,0
2572,train,2572,0.0,0.0,0,0,0
2573,train,2573,0.0,1.0,0,1,0
2574,train,2574,0.0,0.0,0,0,0
2575,train,2575,2.0,0.0,1,0,0
2576,train,2576,1.0,0.0,1,0,0
2578,train,2578,0.0,0.0,0,0,0
2582,train,2582,0.0,0.0,0,0,0
2583,train,2583,0.0,0.0,0,0,0
2584,train,2584,0.0,0.0,0,0,0
2585,train,2585,5.0,0.0,1,0,0
2586,train,2586,0.0,0.0,0,0,0
2588,train,2588,0.0,0.0,0,0,0
2590,train,2590,7.0,0.0,1,0,0
2591,train,2591,0.0,0.0,0,0,0
2592,train,2592,0.0,0.0,0,0,0
2594,train,2594,0.0,0.0,0,0,0
2595,train,2595,1.0,0.0,1,0,0
2596,train,2596,6.0,1.0,1,1,1
2597,train,2597,0.0,0.0,0,0,0
2598,train,2598,0.0,0.0,0,0,0
2599,train,2599,0.0,0.0,0,0,0
2600,train,2600,0.0,0.0,0,0,0
2603,train,2603,0.0,0.0,0,0,0
2604,train,2604,3.0,0.0,1,0,0
2605,train,2605,0.0,0.0,0,0,0
2606,train,2606,0.0,0.0,0,0,0
2607,train,2607,3.0,0.0,1,0,0
2608,train,2608,0.0,0.0,0,0,0
2609,train,2609,0.0,0.0,0,0,0
2610,train,2610,2.0,0.0,1,0,0
2612,train,2612,13.0,5.0,1,1,1
2613,train,2613,1.0,0.0,1,0,0
2614,train,2614,0.0,0.0,0,0,0
2615,train,2615,0.0,0.0,0,0,0
2616,train,2616,4.0,0.0,1,0,0
2617,train,2617,1.0,0.0,1,0,0
2620,train,2620,0.0,1.0,0,1,0
2621,train,2621,0.0,0.0,0,0,0
2623,train,2623,0.0,2.0,0,1,0
2625,train,2625,0.0,0.0,0,0,0
2626,train,2626,2.0,0.0,1,0,0
2627,train,2627,0.0,0.0,0,0,0
2631,train,2631,0.0,0.0,0,0,0
2632,train,2632,0.0,0.0,0,0,0
2635,train,2635,1.0,1.0,1,1,1
2636,train,2636,1.0,0.0,1,0,0
2638,train,2638,1.0,0.0,1,0,0
2639,train,2639,1.0,0.0,1,0,0
2640,train,2640,3.0,0.0,1,0,0
2641,train,2641,1.0,0.0,1,0,0
2642,train,2642,0.0,0.0,0,0,0
2644,train,2644,0.0,0.0,0,0,0
2645,train,2645,0.0,0.0,0,0,0
2647,train,2647,2.0,0.0,1,0,0
2648,train,2648,1.0,0.0,1,0,0
2649,train,2649,1.0,0.0,1,0,0
2650,train,2650,0.0,1.0,0,1,0
2651,train,2651,0.0,0.0,0,0,0
2654,train,2654,3.0,0.0,1,0,0
2655,train,2655,0.0,0.0,0,0,0
2656,train,2656,0.0,0.0,0,0,0
2657,train,2657,6.0,1.0,1,1,1
2658,train,2658,2.0,2.0,1,1,1
2659,train,2659,4.0,2.0,1,1,1
2660,train,2660,6.0,1.0,1,1,1
2661,train,2661,0.0,0.0,0,0,0
2663,train,2663,6.0,4.0,1,1,1
2664,train,2664,0.0,0.0,0,0,0
2666,train,2666,1.0,0.0,1,0,0
2667,train,2667,1.0,0.0,1,0,0
2668,train,2668,4.0,0.0,1,0,0
2669,train,2669,4.0,0.0,1,0,0
2670,train,2670,8.0,0.0,1,0,0
2672,train,2672,4.0,0.0,1,0,0
2673,train,2673,0.0,0.0,0,0,0
2675,train,2675,0.0,0.0,0,0,0
2676,train,2676,0.0,0.0,0,0,0
2677,train,2677,0.0,0.0,0,0,0
2678,train,2678,1.0,0.0,1,0,0
2679,train,2679,2.0,0.0,1,0,0
2680,train,2680,1.0,0.0,1,0,0
2682,train,2682,1.0,0.0,1,0,0
2684,train,2684,0.0,0.0,0,0,0
2685,train,2685,1.0,1.0,1,1,1
2687,train,2687,5.0,1.0,1,1,1
2690,train,2690,0.0,0.0,0,0,0
2691,train,2691,0.0,0.0,0,0,0
2692,train,2692,0.0,0.0,0,0,0
2693,train,2693,0.0,0.0,0,0,0
2694,train,2694,0.0,2.0,0,1,0
2695,train,2695,0.0,0.0,0,0,0
2696,train,2696,0.0,0.0,0,0,0
2699,train,2699,0.0,0.0,0,0,0
2700,train,2700,6.0,2.0,1,1,1
2701,train,2701,1.0,0.0,1,0,0
2704,train,2704,0.0,0.0,0,0,0
2705,train,2705,0.0,0.0,0,0,0
2706,train,2706,0.0,0.0,0,0,0
2708,train,2708,0.0,1.0,0,1,0
2709,train,2709,0.0,0.0,0,0,0
2710,train,2710,1.0,0.0,1,0,0
2711,train,2711,0.0,0.0,0,0,0
2712,train,2712,0.0,0.0,0,0,0
2713,train,2713,0.0,3.0,0,1,0
2715,train,2715,0.0,0.0,0,0,0
2716,train,2716,2.0,1.0,1,1,1
2718,train,2718,3.0,0.0,1,0,0
2719,train,2719,1.0,0.0,1,0,0
2720,train,2720,0.0,0.0,0,0,0
2722,train,2722,0.0,0.0,0,0,0
2723,train,2723,2.0,0.0,1,0,0
2724,train,2724,0.0,0.0,0,0,0
2726,train,2726,0.0,0.0,0,0,0
2728,train,2728,5.0,1.0,1,1,1
2729,train,2729,5.0,0.0,1,0,0
2730,train,2730,0.0,0.0,0,0,0
2731,train,2731,3.0,0.0,1,0,0
2732,train,2732,3.0,0.0,1,0,0
2734,train,2734,0.0,0.0,0,0,0
2735,train,2735,2.0,2.0,1,1,1
2736,train,2736,0.0,0.0,0,0,0
2737,train,2737,0.0,0.0,0,0,0
2738,train,2738,0.0,2.0,0,1,0
2739,train,2739,0.0,0.0,0,0,0
2740,train,2740,5.0,0.0,1,0,0
2741,train,2741,1.0,0.0,1,0,0
2742,train,2742,0.0,0.0,0,0,0
2743,train,2743,1.0,0.0,1,0,0
2744,train,2744,0.0,0.0,0,0,0
2745,train,2745,3.0,2.0,1,1,1
2746,train,2746,0.0,1.0,0,1,0
2749,train,2749,0.0,0.0,0,0,0
2751,train,2751,0.0,0.0,0,0,0
2753,train,2753,0.0,0.0,0,0,0
2754,train,2754,1.0,0.0,1,0,0
2755,train,2755,0.0,0.0,0,0,0
2757,train,2757,2.0,0.0,1,0,0
2758,train,2758,2.0,0.0,1,0,0
2759,train,2759,1.0,0.0,1,0,0
2760,train,2760,2.0,3.0,1,1,1
2761,train,2761,0.0,0.0,0,0,0
2762,train,2762,0.0,0.0,0,0,0
2763,train,2763,0.0,1.0,0,1,0
2765,train,2765,3.0,1.0,1,1,1
2766,train,2766,0.0,0.0,0,0,0
2767,train,2767,0.0,1.0,0,1,0
2768,train,2768,0.0,0.0,0,0,0
2769,train,2769,6.0,3.0,1,1,1
2771,train,2771,0.0,0.0,0,0,0
2772,train,2772,0.0,0.0,0,0,0
2773,train,2773,0.0,0.0,0,0,0
2775,train,2775,1.0,0.0,1,0,0
2777,train,2777,2.0,0.0,1,0,0
2778,train,2778,0.0,0.0,0,0,0
2780,train,2780,0.0,0.0,0,0,0
2782,train,2782,0.0,1.0,0,1,0
2783,train,2783,0.0,0.0,0,0,0
2785,train,2785,5.0,1.0,1,1,1
2786,train,2786,2.0,0.0,1,0,0
2787,train,2787,1.0,0.0,1,0,0
2788,train,2788,0.0,0.0,0,0,0
2789,train,2789,0.0,0.0,0,0,0
2790,train,2790,0.0,1.0,0,1,0
2791,train,2791,0.0,0.0,0,0,0
2793,train,2793,0.0,0.0,0,0,0
2794,train,2794,0.0,0.0,0,0,0
2795,train,2795,2.0,0.0,1,0,0
2796,train,2796,0.0,0.0,0,0,0
2797,train,2797,1.0,0.0,1,0,0
2799,train,2799,0.0,0.0,0,0,0
2800,train,2800,3.0,2.0,1,1,1
2801,train,2801,2.0,0.0,1,0,0
2802,train,2802,5.0,1.0,1,1,1
2803,train,2803,0.0,0.0,0,0,0
2804,train,2804,0.0,0.0,0,0,0
2805,train,2805,0.0,0.0,0,0,0
2806,train,2806,0.0,0.0,0,0,0
2808,train,2808,0.0,0.0,0,0,0
2810,train,2810,2.0,0.0,1,0,0
2812,train,2812,0.0,0.0,0,0,0
2813,train,2813,0.0,0.0,0,0,0
2814,train,2814,0.0,0.0,0,0,0
2815,train,2815,0.0,0.0,0,0,0
2816,train,2816,0.0,0.0,0,0,0
2820,train,2820,1.0,0.0,1,0,0
2821,train,2821,0.0,0.0,0,0,0
2822,train,2822,3.0,4.0,1,1,1
2823,train,2823,0.0,0.0,0,0,0
2824,train,2824,0.0,0.0,0,0,0
2825,train,2825,0.0,0.0,0,0,0
2827,train,2827,1.0,1.0,1,1,1
2828,train,2828,0.0,0.0,0,0,0
2829,train,2829,0.0,0.0,0,0,0
2830,train,2830,0.0,0.0,0,0,0
2831,train,2831,2.0,0.0,1,0,0
2833,train,2833,0.0,0.0,0,0,0
2834,train,2834,1.0,0.0,1,0,0
2835,train,2835,3.0,4.0,1,1,1
2837,train,2837,2.0,0.0,1,0,0
2838,train,2838,4.0,1.0,1,1,1
2839,train,2839,3.0,0.0,1,0,0
2841,train,2841,1.0,0.0,1,0,0
2842,train,2842,2.0,0.0,1,0,0
2844,train,2844,0.0,0.0,0,0,0
2845,train,2845,4.0,0.0,1,0,0
2846,train,2846,9.0,1.0,1,1,1
2847,train,2847,2.0,2.0,1,1,1
2848,train,2848,2.0,1.0,1,1,1
2849,train,2849,0.0,3.0,0,1,0
2851,train,2851,1.0,1.0,1,1,1
2852,train,2852,2.0,1.0,1,1,1
2853,train,2853,1.0,0.0,1,0,0
2854,train,2854,0.0,0.0,0,0,0
2855,train,2855,0.0,0.0,0,0,0
2856,train,2856,3.0,0.0,1,0,0
2857,train,2857,0.0,0.0,0,0,0
2858,train,2858,1.0,0.0,1,0,0
2859,train,2859,1.0,0.0,1,0,0
2860,train,2860,0.0,0.0,0,0,0
2861,train,2861,0.0,0.0,0,0,0
2862,train,2862,0.0,0.0,0,0,0
2863,train,2863,0.0,0.0,0,0,0
2865,train,2865,2.0,0.0,1,0,0
2866,train,2866,10.0,5.0,1,1,1
2867,train,2867,3.0,0.0,1,0,0
2868,train,2868,0.0,0.0,0,0,0
2869,train,2869,0.0,0.0,0,0,0
2870,train,2870,1.0,0.0,1,0,0
2871,train,2871,2.0,0.0,1,0,0
2872,train,2872,6.0,3.0,1,1,1
2873,train,2873,1.0,0.0,1,0,0
2876,train,2876,0.0,0.0,0,0,0
2877,train,2877,8.0,6.0,1,1,1
2878,train,2878,1.0,3.0,1,1,1
2879,train,2879,0.0,0.0,0,0,0
2880,train,2880,3.0,0.0,1,0,0
2881,train,2881,1.0,0.0,1,0,0
2882,train,2882,4.0,0.0,1,0,0
2883,train,2883,1.0,0.0,1,0,0
2884,train,2884,0.0,0.0,0,0,0
2885,train,2885,1.0,0.0,1,0,0
2886,train,2886,0.0,0.0,0,0,0
2888,train,2888,1.0,0.0,1,0,0
2889,train,2889,1.0,0.0,1,0,0
2890,train,2890,0.0,6.0,0,1,0
2891,train,2891,1.0,1.0,1,1,1
2892,train,2892,2.0,0.0,1,0,0
2894,train,2894,1.0,0.0,1,0,0
2895,train,2895,2.0,5.0,1,1,1
2897,train,2897,0.0,0.0,0,0,0
2898,train,2898,0.0,0.0,0,0,0
2900,train,2900,0.0,0.0,0,0,0
2901,train,2901,0.0,0.0,0,0,0
2902,train,2902,0.0,0.0,0,0,0
2903,train,2903,1.0,0.0,1,0,0
2904,train,2904,0.0,0.0,0,0,0
2905,train,2905,0.0,0.0,0,0,0
2906,train,2906,12.0,0.0,1,0,0
2907,train,2907,4.0,0.0,1,0,0
2908,train,2908,0.0,0.0,0,0,0
2910,train,2910,0.0,0.0,0,0,0
2912,train,2912,0.0,0.0,0,0,0
2914,train,2914,0.0,0.0,0,0,0
2917,train,2917,10.0,1.0,1,1,1
2918,train,2918,0.0,0.0,0,0,0
2919,train,2919,1.0,3.0,1,1,1
2922,train,2922,0.0,0.0,0,0,0
2923,train,2923,0.0,0.0,0,0,0
2924,train,2924,0.0,0.0,0,0,0
2925,train,2925,0.0,1.0,0,1,0
2926,train,2926,1.0,0.0,1,0,0
2927,train,2927,3.0,0.0,1,0,0
2928,train,2928,12.0,0.0,1,0,0
2929,train,2929,7.0,0.0,1,0,0
2930,train,2930,0.0,0.0,0,0,0
2932,train,2932,2.0,1.0,1,1,1
2933,train,2933,0.0,0.0,0,0,0
2934,train,2934,0.0,0.0,0,0,0
2935,train,2935,0.0,0.0,0,0,0
2936,train,2936,0.0,0.0,0,0,0
2937,train,2937,1.0,1.0,1,1,1
2939,train,2939,0.0,0.0,0,0,0
2940,train,2940,3.0,0.0,1,0,0
2941,train,2941,0.0,0.0,0,0,0
2942,train,2942,0.0,0.0,0,0,0
2943,train,2943,0.0,0.0,0,0,0
2944,train,2944,0.0,0.0,0,0,0
2945,train,2945,7.0,3.0,1,1,1
2947,train,2947,0.0,0.0,0,0,0
2949,train,2949,2.0,2.0,1,1,1
2950,train,2950,3.0,0.0,1,0,0
2951,train,2951,5.0,3.0,1,1,1
2953,train,2953,1.0,0.0,1,0,0
2954,train,2954,8.0,11.0,1,1,1
2956,train,2956,0.0,0.0,0,0,0
2957,train,2957,0.0,0.0,0,0,0
2958,train,2958,0.0,0.0,0,0,0
2959,train,2959,0.0,1.0,0,1,0
2960,train,2960,0.0,0.0,0,0,0
2961,train,2961,0.0,0.0,0,0,0
2962,train,2962,1.0,0.0,1,0,0
2963,train,2963,4.0,0.0,1,0,0
2964,train,2964,0.0,1.0,0,1,0
2967,train,2967,0.0,1.0,0,1,0
2968,train,2968,5.0,0.0,1,0,0
2970,train,2970,3.0,0.0,1,0,0
2971,train,2971,1.0,0.0,1,0,0
2972,train,2972,2.0,0.0,1,0,0
2973,train,2973,4.0,1.0,1,1,1
2976,train,2976,3.0,0.0,1,0,0
2977,train,2977,0.0,0.0,0,0,0
2979,train,2979,0.0,0.0,0,0,0
2980,train,2980,8.0,1.0,1,1,1
2981,train,2981,1.0,0.0,1,0,0
2983,train,2983,0.0,0.0,0,0,0
2984,train,2984,0.0,0.0,0,0,0
2985,train,2985,1.0,0.0,1,0,0
2986,train,2986,3.0,0.0,1,0,0
2987,train,2987,0.0,1.0,0,1,0
2988,train,2988,8.0,4.0,1,1,1
2989,train,2989,0.0,0.0,0,0,0
2991,train,2991,0.0,0.0,0,0,0
2992,train,2992,1.0,0.0,1,0,0
2993,train,2993,0.0,0.0,0,0,0
2994,train,2994,0.0,0.0,0,0,0
2995,train,2995,0.0,3.0,0,1,0
2998,train,2998,2.0,0.0,1,0,0
2999,train,2999,15.0,4.0,1,1,1
3000,train,3000,0.0,1.0,0,1,0
3003,train,3003,10.0,6.0,1,1,1
3004,train,3004,1.0,0.0,1,0,0
3007,train,3007,0.0,0.0,0,0,0
3011,train,3011,2.0,0.0,1,0,0
3012,train,3012,4.0,0.0,1,0,0
3013,train,3013,4.0,1.0,1,1,1
3014,train,3014,1.0,2.0,1,1,1
3015,train,3015,2.0,0.0,1,0,0
3016,train,3016,0.0,0.0,0,0,0
3017,train,3017,0.0,1.0,0,1,0
3019,train,3019,1.0,0.0,1,0,0
3020,train,3020,0.0,1.0,0,1,0
3021,train,3021,1.0,0.0,1,0,0
3023,train,3023,1.0,3.0,1,1,1
3024,train,3024,5.0,1.0,1,1,1
3026,train,3026,3.0,0.0,1,0,0
3027,train,3027,0.0,0.0,0,0,0
3028,train,3028,0.0,0.0,0,0,0
3030,train,3030,2.0,1.0,1,1,1
3031,train,3031,0.0,0.0,0,0,0
3032,train,3032,1.0,0.0,1,0,0
3033,train,3033,2.0,0.0,1,0,0
3034,train,3034,8.0,2.0,1,1,1
3038,train,3038,0.0,0.0,0,0,0
3039,train,3039,0.0,0.0,0,0,0
3040,train,3040,0.0,0.0,0,0,0
3041,train,3041,1.0,0.0,1,0,0
3042,train,3042,0.0,0.0,0,0,0
3043,train,3043,1.0,0.0,1,0,0
3044,train,3044,0.0,0.0,0,0,0
3045,train,3045,0.0,0.0,0,0,0
3048,train,3048,0.0,0.0,0,0,0
3049,train,3049,0.0,0.0,0,0,0
3050,train,3050,1.0,0.0,1,0,0
3051,train,3051,1.0,0.0,1,0,0
3053,train,3053,0.0,0.0,0,0,0
3055,train,3055,1.0,0.0,1,0,0
3056,train,3056,0.0,1.0,0,1,0
3057,train,3057,2.0,0.0,1,0,0
3060,train,3060,4.0,0.0,1,0,0
3061,train,3061,5.0,4.0,1,1,1
3062,train,3062,2.0,0.0,1,0,0
3063,train,3063,2.0,0.0,1,0,0
3065,train,3065,3.0,3.0,1,1,1
3066,train,3066,0.0,0.0,0,0,0
3068,train,3068,3.0,0.0,1,0,0
3069,train,3069,3.0,0.0,1,0,0
3072,train,3072,3.0,0.0,1,0,0
3073,train,3073,0.0,0.0,0,0,0
3074,train,3074,1.0,0.0,1,0,0
3080,train,3080,4.0,1.0,1,1,1
3081,train,3081,1.0,1.0,1,1,1
3082,train,3082,4.0,5.0,1,1,1
3083,train,3083,0.0,0.0,0,0,0
3084,train,3084,12.0,1.0,1,1,1
3085,train,3085,6.0,0.0,1,0,0
3090,train,3090,2.0,1.0,1,1,1
3091,train,3091,1.0,0.0,1,0,0
3092,train,3092,1.0,0.0,1,0,0
3094,train,3094,6.0,0.0,1,0,0
3095,train,3095,0.0,0.0,0,0,0
3096,train,3096,12.0,13.0,1,1,1
3097,train,3097,0.0,0.0,0,0,0
3100,train,3100,5.0,2.0,1,1,1
3101,train,3101,1.0,0.0,1,0,0
3102,train,3102,4.0,0.0,1,0,0
3104,train,3104,1.0,0.0,1,0,0
3105,train,3105,3.0,1.0,1,1,1
3106,train,3106,2.0,0.0,1,0,0
3107,train,3107,1.0,0.0,1,0,0
3110,train,3110,1.0,0.0,1,0,0
3111,train,3111,0.0,0.0,0,0,0
3112,train,3112,0.0,0.0,0,0,0
3113,train,3113,19.0,1.0,1,1,1
3114,train,3114,1.0,0.0,1,0,0
3116,train,3116,0.0,0.0,0,0,0
3118,train,3118,9.0,1.0,1,1,1
3120,train,3120,4.0,2.0,1,1,1
3121,train,3121,0.0,0.0,0,0,0
3122,train,3122,1.0,0.0,1,0,0
3123,train,3123,1.0,0.0,1,0,0
3124,train,3124,0.0,0.0,0,0,0
3126,train,3126,0.0,0.0,0,0,0
3128,train,3128,2.0,0.0,1,0,0
3130,train,3130,3.0,0.0,1,0,0
3131,train,3131,4.0,0.0,1,0,0
3132,train,3132,3.0,1.0,1,1,1
3133,train,3133,0.0,0.0,0,0,0
3134,train,3134,0.0,0.0,0,0,0
3135,train,3135,1.0,0.0,1,0,0
3136,train,3136,0.0,0.0,0,0,0
3139,train,3139,0.0,0.0,0,0,0
3140,train,3140,1.0,0.0,1,0,0
3142,train,3142,0.0,0.0,0,0,0
3143,train,3143,5.0,0.0,1,0,0
3144,train,3144,5.0,0.0,1,0,0
3145,train,3145,0.0,0.0,0,0,0
3148,train,3148,0.0,1.0,0,1,0
3150,train,3150,0.0,0.0,0,0,0
3152,train,3152,0.0,0.0,0,0,0
3154,train,3154,1.0,1.0,1,1,1
3155,train,3155,3.0,1.0,1,1,1
3157,train,3157,0.0,0.0,0,0,0
3158,train,3158,0.0,0.0,0,0,0
3159,train,3159,3.0,0.0,1,0,0
3160,train,3160,0.0,0.0,0,0,0
3161,train,3161,2.0,0.0,1,0,0
3162,train,3162,0.0,0.0,0,0,0
3163,train,3163,0.0,0.0,0,0,0
3165,train,3165,4.0,1.0,1,1,1
3166,train,3166,3.0,2.0,1,1,1
3167,train,3167,0.0,0.0,0,0,0
3168,train,3168,18.0,12.0,1,1,1
3169,train,3169,0.0,0.0,0,0,0
3170,train,3170,0.0,0.0,0,0,0
3171,train,3171,0.0,0.0,0,0,0
3172,train,3172,4.0,0.0,1,0,0
3173,train,3173,2.0,2.0,1,1,1
3175,train,3175,0.0,0.0,0,0,0
3176,train,3176,0.0,0.0,0,0,0
3177,train,3177,0.0,0.0,0,0,0
3179,train,3179,0.0,0.0,0,0,0
3180,train,3180,0.0,0.0,0,0,0
3181,train,3181,4.0,1.0,1,1,1
3182,train,3182,1.0,0.0,1,0,0
3183,train,3183,0.0,0.0,0,0,0
3184,train,3184,2.0,1.0,1,1,1
3186,train,3186,1.0,1.0,1,1,1
3187,train,3187,1.0,0.0,1,0,0
3189,train,3189,2.0,0.0,1,0,0
3190,train,3190,1.0,1.0,1,1,1
3192,train,3192,6.0,4.0,1,1,1
3193,train,3193,3.0,2.0,1,1,1
3194,train,3194,1.0,0.0,1,0,0
3195,train,3195,7.0,0.0,1,0,0
3196,train,3196,0.0,0.0,0,0,0
3198,train,3198,0.0,0.0,0,0,0
3200,train,3200,2.0,2.0,1,1,1
3201,train,3201,6.0,1.0,1,1,1
3202,train,3202,3.0,0.0,1,0,0
3203,train,3203,0.0,1.0,0,1,0
3205,train,3205,1.0,0.0,1,0,0
3206,train,3206,0.0,0.0,0,0,0
3209,train,3209,0.0,0.0,0,0,0
3210,train,3210,0.0,0.0,0,0,0
3211,train,3211,0.0,0.0,0,0,0
3212,train,3212,0.0,0.0,0,0,0
3213,train,3213,0.0,0.0,0,0,0
3215,train,3215,0.0,0.0,0,0,0
3216,train,3216,0.0,0.0,0,0,0
3217,train,3217,0.0,0.0,0,0,0
3218,train,3218,1.0,0.0,1,0,0
3219,train,3219,0.0,0.0,0,0,0
3222,train,3222,1.0,0.0,1,0,0
3223,train,3223,1.0,0.0,1,0,0
3224,train,3224,6.0,0.0,1,0,0
3225,train,3225,3.0,0.0,1,0,0
3226,train,3226,1.0,0.0,1,0,0
3228,train,3228,1.0,0.0,1,0,0
3229,train,3229,12.0,3.0,1,1,1
3232,train,3232,1.0,0.0,1,0,0
3233,train,3233,1.0,0.0,1,0,0
3234,train,3234,1.0,0.0,1,0,0
3237,train,3237,5.0,2.0,1,1,1
3239,train,3239,3.0,0.0,1,0,0
3241,train,3241,5.0,3.0,1,1,1
3242,train,3242,8.0,0.0,1,0,0
3243,train,3243,0.0,0.0,0,0,0
3244,train,3244,7.0,4.0,1,1,1
3246,train,3246,0.0,2.0,0,1,0
3248,train,3248,0.0,0.0,0,0,0
3249,train,3249,0.0,0.0,0,0,0
3251,train,3251,0.0,0.0,0,0,0
3252,train,3252,0.0,0.0,0,0,0
3254,train,3254,1.0,0.0,1,0,0
3255,train,3255,0.0,0.0,0,0,0
3256,train,3256,0.0,0.0,0,0,0
3257,train,3257,3.0,1.0,1,1,1
3258,train,3258,0.0,0.0,0,0,0
3259,train,3259,2.0,0.0,1,0,0
3261,train,3261,1.0,1.0,1,1,1
3262,train,3262,1.0,2.0,1,1,1
3267,train,3267,0.0,0.0,0,0,0
3268,train,3268,0.0,0.0,0,0,0
3270,train,3270,1.0,1.0,1,1,1
3272,train,3272,2.0,0.0,1,0,0
3273,train,3273,8.0,2.0,1,1,1
3275,train,3275,0.0,0.0,0,0,0
3276,train,3276,0.0,2.0,0,1,0
3278,train,3278,3.0,0.0,1,0,0
3279,train,3279,4.0,0.0,1,0,0
3280,train,3280,0.0,0.0,0,0,0
3281,train,3281,1.0,0.0,1,0,0
3282,train,3282,5.0,0.0,1,0,0
3283,train,3283,4.0,0.0,1,0,0
3284,train,3284,2.0,0.0,1,0,0
3285,train,3285,5.0,7.0,1,1,1
3287,train,3287,1.0,0.0,1,0,0
3288,train,3288,0.0,0.0,0,0,0
3290,train,3290,4.0,6.0,1,1,1
3291,train,3291,0.0,0.0,0,0,0
3293,train,3293,7.0,4.0,1,1,1
3294,train,3294,0.0,1.0,0,1,0
3295,train,3295,0.0,2.0,0,1,0
3296,train,3296,0.0,0.0,0,0,0
3297,train,3297,2.0,0.0,1,0,0
3298,train,3298,0.0,0.0,0,0,0
3304,train,3304,0.0,0.0,0,0,0
3305,train,3305,2.0,0.0,1,0,0
3306,train,3306,10.0,1.0,1,1,1
3307,train,3307,6.0,2.0,1,1,1
3309,train,3309,1.0,1.0,1,1,1
3310,train,3310,0.0,2.0,0,1,0
3311,train,3311,5.0,0.0,1,0,0
3312,train,3312,0.0,1.0,0,1,0
3313,train,3313,0.0,0.0,0,0,0
3314,train,3314,0.0,0.0,0,0,0
3316,train,3316,5.0,1.0,1,1,1
3318,train,3318,1.0,0.0,1,0,0
3321,train,3321,0.0,0.0,0,0,0
3323,train,3323,10.0,15.0,1,1,1
3325,train,3325,0.0,0.0,0,0,0
3327,train,3327,6.0,0.0,1,0,0
3328,train,3328,4.0,1.0,1,1,1
3330,train,3330,1.0,0.0,1,0,0
3333,train,3333,0.0,3.0,0,1,0
3335,train,3335,12.0,0.0,1,0,0
3336,train,3336,0.0,0.0,0,0,0
3337,train,3337,0.0,0.0,0,0,0
3338,train,3338,3.0,0.0,1,0,0
3339,train,3339,1.0,0.0,1,0,0
3341,train,3341,0.0,0.0,0,0,0
3342,train,3342,0.0,0.0,0,0,0
3343,train,3343,2.0,0.0,1,0,0
3344,train,3344,0.0,0.0,0,0,0
3345,train,3345,0.0,0.0,0,0,0
3346,train,3346,1.0,0.0,1,0,0
3347,train,3347,5.0,0.0,1,0,0
3348,train,3348,1.0,0.0,1,0,0
3349,train,3349,0.0,0.0,0,0,0
3351,train,3351,9.0,0.0,1,0,0
3352,train,3352,0.0,0.0,0,0,0
3353,train,3353,4.0,0.0,1,0,0
3354,train,3354,0.0,0.0,0,0,0
3355,train,3355,0.0,0.0,0,0,0
3356,train,3356,1.0,0.0,1,0,0
3357,train,3357,0.0,0.0,0,0,0
3358,train,3358,4.0,1.0,1,1,1
3360,train,3360,0.0,0.0,0,0,0
3361,train,3361,8.0,0.0,1,0,0
3362,train,3362,4.0,1.0,1,1,1
3363,train,3363,0.0,0.0,0,0,0
3364,train,3364,0.0,0.0,0,0,0
3366,train,3366,2.0,0.0,1,0,0
3367,train,3367,0.0,0.0,0,0,0
3368,train,3368,0.0,0.0,0,0,0
3369,train,3369,0.0,0.0,0,0,0
3370,train,3370,2.0,0.0,1,0,0
3371,train,3371,0.0,0.0,0,0,0
3372,train,3372,1.0,0.0,1,0,0
3373,train,3373,3.0,1.0,1,1,1
3374,train,3374,0.0,0.0,0,0,0
3375,train,3375,0.0,0.0,0,0,0
3377,train,3377,0.0,0.0,0,0,0
3378,train,3378,0.0,0.0,0,0,0
3379,train,3379,0.0,0.0,0,0,0
3380,train,3380,1.0,0.0,1,0,0
3382,train,3382,11.0,0.0,1,0,0
3383,train,3383,0.0,0.0,0,0,0
3384,train,3384,0.0,0.0,0,0,0
3385,train,3385,2.0,1.0,1,1,1
3387,train,3387,0.0,0.0,0,0,0
3389,train,3389,0.0,0.0,0,0,0
3390,train,3390,0.0,0.0,0,0,0
3392,train,3392,3.0,0.0,1,0,0
3393,train,3393,0.0,0.0,0,0,0
3395,train,3395,5.0,3.0,1,1,1
3396,train,3396,2.0,0.0,1,0,0
3397,train,3397,3.0,1.0,1,1,1
3398,train,3398,0.0,0.0,0,0,0
3399,train,3399,0.0,0.0,0,0,0
3405,train,3405,8.0,8.0,1,1,1
3407,train,3407,0.0,0.0,0,0,0
3408,train,3408,0.0,0.0,0,0,0
3409,train,3409,0.0,0.0,0,0,0
3410,train,3410,2.0,0.0,1,0,0
3412,train,3412,1.0,1.0,1,1,1
3413,train,3413,3.0,0.0,1,0,0
3415,train,3415,5.0,4.0,1,1,1
3416,train,3416,2.0,1.0,1,1,1
3418,train,3418,0.0,0.0,0,0,0
3421,train,3421,2.0,1.0,1,1,1
3423,train,3423,1.0,1.0,1,1,1
3424,train,3424,3.0,0.0,1,0,0
3428,train,3428,2.0,0.0,1,0,0
3430,train,3430,7.0,1.0,1,1,1
3431,train,3431,2.0,0.0,1,0,0
3432,train,3432,2.0,1.0,1,1,1
3433,train,3433,0.0,0.0,0,0,0
3434,train,3434,0.0,0.0,0,0,0
3435,train,3435,2.0,1.0,1,1,1
3436,train,3436,3.0,1.0,1,1,1
3437,train,3437,0.0,0.0,0,0,0
3438,train,3438,0.0,0.0,0,0,0
3441,train,3441,0.0,0.0,0,0,0
3443,train,3443,5.0,3.0,1,1,1
3444,train,3444,1.0,0.0,1,0,0
3445,train,3445,0.0,0.0,0,0,0
3447,train,3447,0.0,1.0,0,1,0
3449,train,3449,4.0,0.0,1,0,0
3451,train,3451,0.0,0.0,0,0,0
3452,train,3452,0.0,0.0,0,0,0
3453,train,3453,1.0,0.0,1,0,0
3454,train,3454,4.0,1.0,1,1,1
3455,train,3455,2.0,0.0,1,0,0
3456,train,3456,0.0,0.0,0,0,0
3457,train,3457,6.0,1.0,1,1,1
3459,train,3459,2.0,0.0,1,0,0
3460,train,3460,0.0,0.0,0,0,0
3463,train,3463,0.0,0.0,0,0,0
3464,train,3464,1.0,2.0,1,1,1
3465,train,3465,7.0,3.0,1,1,1
3467,train,3467,1.0,0.0,1,0,0
3468,train,3468,5.0,0.0,1,0,0
3473,train,3473,3.0,0.0,1,0,0
3474,train,3474,1.0,0.0,1,0,0
3475,train,3475,4.0,1.0,1,1,1
3476,train,3476,1.0,3.0,1,1,1
3478,train,3478,2.0,0.0,1,0,0
3480,train,3480,8.0,0.0,1,0,0
3483,train,3483,3.0,0.0,1,0,0
3485,train,3485,4.0,1.0,1,1,1
3486,train,3486,3.0,0.0,1,0,0
3487,train,3487,6.0,1.0,1,1,1
3488,train,3488,8.0,1.0,1,1,1
3490,train,3490,0.0,0.0,0,0,0
3491,train,3491,1.0,0.0,1,0,0
3492,train,3492,0.0,0.0,0,0,0
3493,train,3493,3.0,0.0,1,0,0
3494,train,3494,0.0,0.0,0,0,0
3495,train,3495,0.0,0.0,0,0,0
3500,train,3500,6.0,0.0,1,0,0
3501,train,3501,0.0,0.0,0,0,0
3503,train,3503,0.0,0.0,0,0,0
3504,train,3504,0.0,0.0,0,0,0
3505,train,3505,0.0,0.0,0,0,0
3506,train,3506,1.0,0.0,1,0,0
3507,train,3507,3.0,2.0,1,1,1
3511,train,3511,1.0,0.0,1,0,0
3513,train,3513,7.0,1.0,1,1,1
3515,train,3515,0.0,0.0,0,0,0
3516,train,3516,0.0,0.0,0,0,0
3518,train,3518,0.0,0.0,0,0,0
3519,train,3519,8.0,3.0,1,1,1
3520,train,3520,0.0,0.0,0,0,0
3521,train,3521,0.0,0.0,0,0,0
3522,train,3522,3.0,0.0,1,0,0
3523,train,3523,1.0,2.0,1,1,1
3524,train,3524,3.0,0.0,1,0,0
3525,train,3525,2.0,5.0,1,1,1
3526,train,3526,5.0,1.0,1,1,1
3527,train,3527,6.0,1.0,1,1,1
3528,train,3528,2.0,1.0,1,1,1
3530,train,3530,0.0,0.0,0,0,0
3531,train,3531,0.0,0.0,0,0,0
3534,train,3534,1.0,0.0,1,0,0
3535,train,3535,0.0,0.0,0,0,0
3537,train,3537,2.0,0.0,1,0,0
3538,train,3538,0.0,0.0,0,0,0
3539,train,3539,1.0,0.0,1,0,0
3540,train,3540,2.0,0.0,1,0,0
3541,train,3541,0.0,0.0,0,0,0
3542,train,3542,1.0,0.0,1,0,0
3543,train,3543,0.0,0.0,0,0,0
3544,train,3544,5.0,0.0,1,0,0
3545,train,3545,1.0,0.0,1,0,0
3546,train,3546,1.0,0.0,1,0,0
3547,train,3547,0.0,0.0,0,0,0
3548,train,3548,0.0,0.0,0,0,0
3552,train,3552,6.0,0.0,1,0,0
3554,train,3554,1.0,1.0,1,1,1
3555,train,3555,0.0,0.0,0,0,0
3557,train,3557,0.0,0.0,0,0,0
3558,train,3558,0.0,0.0,0,0,0
3559,train,3559,1.0,1.0,1,1,1
3562,train,3562,1.0,2.0,1,1,1
3563,train,3563,1.0,0.0,1,0,0
3564,train,3564,6.0,2.0,1,1,1
3565,train,3565,4.0,0.0,1,0,0
3566,train,3566,0.0,0.0,0,0,0
3569,train,3569,0.0,0.0,0,0,0
3571,train,3571,0.0,0.0,0,0,0
3572,train,3572,0.0,1.0,0,1,0
3573,train,3573,0.0,0.0,0,0,0
3575,train,3575,2.0,0.0,1,0,0
3576,train,3576,0.0,0.0,0,0,0
3577,train,3577,3.0,1.0,1,1,1
3579,train,3579,0.0,0.0,0,0,0
3583,train,3583,0.0,0.0,0,0,0
3584,train,3584,0.0,0.0,0,0,0
3585,train,3585,0.0,0.0,0,0,0
3586,train,3586,0.0,2.0,0,1,0
3587,train,3587,0.0,0.0,0,0,0
3588,train,3588,0.0,0.0,0,0,0
3589,train,3589,0.0,0.0,0,0,0
3590,train,3590,1.0,0.0,1,0,0
3591,train,3591,6.0,3.0,1,1,1
3593,train,3593,2.0,0.0,1,0,0
3594,train,3594,0.0,0.0,0,0,0
3595,train,3595,0.0,0.0,0,0,0
3596,train,3596,0.0,0.0,0,0,0
3597,train,3597,3.0,0.0,1,0,0
3598,train,3598,4.0,0.0,1,0,0
3599,train,3599,4.0,0.0,1,0,0
3600,train,3600,0.0,1.0,0,1,0
3601,train,3601,1.0,0.0,1,0,0
3602,train,3602,2.0,0.0,1,0,0
3604,train,3604,2.0,1.0,1,1,1
3605,train,3605,3.0,0.0,1,0,0
3606,train,3606,7.0,2.0,1,1,1
3607,train,3607,2.0,0.0,1,0,0
3608,train,3608,3.0,1.0,1,1,1
3609,train,3609,1.0,1.0,1,1,1
3611,train,3611,4.0,1.0,1,1,1
3612,train,3612,1.0,1.0,1,1,1
3613,train,3613,3.0,2.0,1,1,1
3614,train,3614,0.0,0.0,0,0,0
3616,train,3616,0.0,1.0,0,1,0
3617,train,3617,3.0,2.0,1,1,1
3618,train,3618,1.0,0.0,1,0,0
3619,train,3619,0.0,0.0,0,0,0
3620,train,3620,0.0,0.0,0,0,0
3621,train,3621,2.0,0.0,1,0,0
3622,train,3622,0.0,0.0,0,0,0
3623,train,3623,0.0,0.0,0,0,0
3625,train,3625,0.0,0.0,0,0,0
3626,train,3626,1.0,0.0,1,0,0
3627,train,3627,2.0,1.0,1,1,1
3628,train,3628,0.0,0.0,0,0,0
3629,train,3629,0.0,0.0,0,0,0
3630,train,3630,0.0,0.0,0,0,0
3632,train,3632,0.0,1.0,0,1,0
3634,train,3634,0.0,0.0,0,0,0
3635,train,3635,1.0,0.0,1,0,0
3636,train,3636,3.0,1.0,1,1,1
3637,train,3637,0.0,0.0,0,0,0
3638,train,3638,1.0,2.0,1,1,1
3640,train,3640,0.0,0.0,0,0,0
3642,train,3642,0.0,0.0,0,0,0
3643,train,3643,0.0,0.0,0,0,0
3644,train,3644,1.0,0.0,1,0,0
3645,train,3645,6.0,3.0,1,1,1
3646,train,3646,0.0,0.0,0,0,0
3647,train,3647,1.0,0.0,1,0,0
3649,train,3649,3.0,0.0,1,0,0
3650,train,3650,0.0,0.0,0,0,0
3651,train,3651,5.0,0.0,1,0,0
3652,train,3652,0.0,0.0,0,0,0
3653,train,3653,1.0,0.0,1,0,0
3654,train,3654,1.0,0.0,1,0,0
3655,train,3655,5.0,0.0,1,0,0
3656,train,3656,0.0,0.0,0,0,0
3657,train,3657,6.0,1.0,1,1,1
3658,train,3658,1.0,3.0,1,1,1
3659,train,3659,0.0,1.0,0,1,0
3660,train,3660,3.0,1.0,1,1,1
3661,train,3661,0.0,0.0,0,0,0
3662,train,3662,0.0,0.0,0,0,0
3665,train,3665,1.0,0.0,1,0,0
3667,train,3667,1.0,1.0,1,1,1
3668,train,3668,0.0,0.0,0,0,0
3669,train,3669,5.0,1.0,1,1,1
3670,train,3670,5.0,8.0,1,1,1
3671,train,3671,1.0,0.0,1,0,0
3672,train,3672,2.0,0.0,1,0,0
3673,train,3673,0.0,0.0,0,0,0
3676,train,3676,0.0,0.0,0,0,0
3677,train,3677,0.0,0.0,0,0,0
3678,train,3678,9.0,1.0,1,1,1
3679,train,3679,4.0,0.0,1,0,0
3680,train,3680,0.0,0.0,0,0,0
3681,train,3681,5.0,2.0,1,1,1
3683,train,3683,0.0,0.0,0,0,0
3684,train,3684,0.0,0.0,0,0,0
3685,train,3685,1.0,0.0,1,0,0
3686,train,3686,0.0,0.0,0,0,0
3687,train,3687,0.0,1.0,0,1,0
3690,train,3690,1.0,1.0,1,1,1
3691,train,3691,2.0,0.0,1,0,0
3693,train,3693,1.0,2.0,1,1,1
3694,train,3694,3.0,1.0,1,1,1
3695,train,3695,3.0,2.0,1,1,1
3696,train,3696,1.0,1.0,1,1,1
3697,train,3697,5.0,1.0,1,1,1
3698,train,3698,1.0,0.0,1,0,0
3699,train,3699,1.0,1.0,1,1,1
3701,train,3701,1.0,0.0,1,0,0
3702,train,3702,0.0,0.0,0,0,0
3705,train,3705,0.0,0.0,0,0,0
3707,train,3707,0.0,0.0,0,0,0
3708,train,3708,1.0,1.0,1,1,1
3710,train,3710,0.0,0.0,0,0,0
3711,train,3711,1.0,0.0,1,0,0
3712,train,3712,0.0,0.0,0,0,0
3713,train,3713,0.0,0.0,0,0,0
3714,train,3714,0.0,0.0,0,0,0
3716,train,3716,1.0,0.0,1,0,0
3717,train,3717,0.0,0.0,0,0,0
3719,train,3719,1.0,0.0,1,0,0
3720,train,3720,2.0,0.0,1,0,0
3722,train,3722,1.0,0.0,1,0,0
3723,train,3723,0.0,0.0,0,0,0
3724,train,3724,0.0,0.0,0,0,0
3726,train,3726,0.0,0.0,0,0,0
3727,train,3727,1.0,0.0,1,0,0
3728,train,3728,0.0,0.0,0,0,0
3729,train,3729,0.0,0.0,0,0,0
3730,train,3730,2.0,0.0,1,0,0
3732,train,3732,0.0,0.0,0,0,0
3733,train,3733,0.0,2.0,0,1,0
3734,train,3734,0.0,0.0,0,0,0
3736,train,3736,0.0,0.0,0,0,0
3737,train,3737,0.0,0.0,0,0,0
3738,train,3738,4.0,1.0,1,1,1
3740,train,3740,0.0,1.0,0,1,0
3741,train,3741,2.0,0.0,1,0,0
3742,train,3742,0.0,0.0,0,0,0
3744,train,3744,0.0,1.0,0,1,0
3745,train,3745,0.0,1.0,0,1,0
3748,train,3748,2.0,0.0,1,0,0
3749,train,3749,0.0,0.0,0,0,0
3750,train,3750,0.0,0.0,0,0,0
3751,train,3751,0.0,0.0,0,0,0
3752,train,3752,0.0,0.0,0,0,0
3753,train,3753,1.0,0.0,1,0,0
3754,train,3754,0.0,0.0,0,0,0
3756,train,3756,0.0,0.0,0,0,0
3757,train,3757,0.0,0.0,0,0,0
3758,train,3758,4.0,0.0,1,0,0
3759,train,3759,2.0,1.0,1,1,1
3760,train,3760,0.0,0.0,0,0,0
3761,train,3761,1.0,0.0,1,0,0
3762,train,3762,0.0,0.0,0,0,0
3764,train,3764,6.0,1.0,1,1,1
3765,train,3765,2.0,0.0,1,0,0
3766,train,3766,1.0,0.0,1,0,0
3767,train,3767,0.0,0.0,0,0,0
3768,train,3768,5.0,4.0,1,1,1
3770,train,3770,0.0,2.0,0,1,0
3772,train,3772,0.0,0.0,0,0,0
3776,train,3776,1.0,0.0,1,0,0
3777,train,3777,5.0,0.0,1,0,0
3778,train,3778,3.0,0.0,1,0,0
3779,train,3779,6.0,0.0,1,0,0
3780,train,3780,5.0,1.0,1,1,1
3782,train,3782,1.0,0.0,1,0,0
3783,train,3783,1.0,0.0,1,0,0
3784,train,3784,1.0,4.0,1,1,1
3787,train,3787,0.0,0.0,0,0,0
3788,train,3788,12.0,1.0,1,1,1
3789,train,3789,0.0,0.0,0,0,0
3792,train,3792,5.0,0.0,1,0,0
3795,train,3795,1.0,0.0,1,0,0
3796,train,3796,0.0,0.0,0,0,0
3797,train,3797,1.0,0.0,1,0,0
3799,train,3799,0.0,0.0,0,0,0
3800,train,3800,0.0,0.0,0,0,0
3802,train,3802,0.0,0.0,0,0,0
3803,train,3803,0.0,0.0,0,0,0
3804,train,3804,0.0,0.0,0,0,0
3806,train,3806,0.0,0.0,0,0,0
3810,train,3810,0.0,0.0,0,0,0
3811,train,3811,2.0,0.0,1,0,0
3812,train,3812,0.0,0.0,0,0,0
3813,train,3813,0.0,0.0,0,0,0
3814,train,3814,0.0,0.0,0,0,0
3816,train,3816,0.0,0.0,0,0,0
3817,train,3817,0.0,1.0,0,1,0
3818,train,3818,7.0,1.0,1,1,1
3819,train,3819,0.0,0.0,0,0,0
3821,train,3821,8.0,0.0,1,0,0
3822,train,3822,0.0,0.0,0,0,0
3823,train,3823,0.0,0.0,0,0,0
3824,train,3824,3.0,0.0,1,0,0
3825,train,3825,0.0,0.0,0,0,0
3827,train,3827,3.0,0.0,1,0,0
3828,train,3828,0.0,0.0,0,0,0
3829,train,3829,2.0,6.0,1,1,1
3830,train,3830,0.0,0.0,0,0,0
3831,train,3831,9.0,5.0,1,1,1
3832,train,3832,0.0,0.0,0,0,0
3833,train,3833,0.0,0.0,0,0,0
3834,train,3834,2.0,0.0,1,0,0
3835,train,3835,0.0,0.0,0,0,0
3836,train,3836,4.0,0.0,1,0,0
3837,train,3837,0.0,0.0,0,0,0
3838,train,3838,2.0,1.0,1,1,1
3839,train,3839,5.0,0.0,1,0,0
3840,train,3840,7.0,2.0,1,1,1
3841,train,3841,0.0,0.0,0,0,0
3842,train,3842,0.0,0.0,0,0,0
3843,train,3843,1.0,0.0,1,0,0
3844,train,3844,0.0,1.0,0,1,0
3845,train,3845,0.0,1.0,0,1,0
3846,train,3846,0.0,0.0,0,0,0
3847,train,3847,6.0,2.0,1,1,1
3848,train,3848,2.0,2.0,1,1,1
3850,train,3850,10.0,0.0,1,0,0
3851,train,3851,2.0,0.0,1,0,0
3853,train,3853,7.0,2.0,1,1,1
3854,train,3854,0.0,0.0,0,0,0
3855,train,3855,3.0,0.0,1,0,0
3857,train,3857,2.0,0.0,1,0,0
3858,train,3858,3.0,0.0,1,0,0
3859,train,3859,0.0,0.0,0,0,0
3860,train,3860,1.0,0.0,1,0,0
3862,train,3862,0.0,0.0,0,0,0
3863,train,3863,2.0,1.0,1,1,1
3865,train,3865,2.0,2.0,1,1,1
3866,train,3866,4.0,2.0,1,1,1
3867,train,3867,0.0,0.0,0,0,0
3868,train,3868,0.0,1.0,0,1,0
3869,train,3869,1.0,0.0,1,0,0
3870,train,3870,0.0,1.0,0,1,0
3871,train,3871,0.0,0.0,0,0,0
3872,train,3872,0.0,0.0,0,0,0
3873,train,3873,0.0,0.0,0,0,0
3875,train,3875,0.0,0.0,0,0,0
3876,train,3876,6.0,0.0,1,0,0
3877,train,3877,1.0,1.0,1,1,1
3878,train,3878,0.0,0.0,0,0,0
3879,train,3879,0.0,0.0,0,0,0
3881,train,3881,0.0,2.0,0,1,0
3882,train,3882,9.0,6.0,1,1,1
3883,train,3883,0.0,0.0,0,0,0
3884,train,3884,9.0,1.0,1,1,1
3885,train,3885,0.0,0.0,0,0,0
3887,train,3887,0.0,2.0,0,1,0
3888,train,3888,6.0,1.0,1,1,1
3889,train,3889,0.0,0.0,0,0,0
3890,train,3890,3.0,1.0,1,1,1
3891,train,3891,1.0,0.0,1,0,0
3892,train,3892,4.0,2.0,1,1,1
3893,train,3893,3.0,1.0,1,1,1
3894,train,3894,3.0,0.0,1,0,0
3897,train,3897,3.0,2.0,1,1,1
3900,train,3900,0.0,0.0,0,0,0
3901,train,3901,0.0,0.0,0,0,0
3902,train,3902,1.0,0.0,1,0,0
3903,train,3903,1.0,0.0,1,0,0
3904,train,3904,0.0,0.0,0,0,0
3905,train,3905,0.0,0.0,0,0,0
3906,train,3906,3.0,0.0,1,0,0
3907,train,3907,14.0,8.0,1,1,1
3908,train,3908,21.0,17.0,1,1,1
3910,train,3910,0.0,2.0,0,1,0
3911,train,3911,0.0,0.0,0,0,0
3912,train,3912,5.0,0.0,1,0,0
3913,train,3913,0.0,3.0,0,1,0
3914,train,3914,10.0,1.0,1,1,1
3915,train,3915,8.0,3.0,1,1,1
3916,train,3916,0.0,0.0,0,0,0
3917,train,3917,9.0,1.0,1,1,1
3918,train,3918,4.0,1.0,1,1,1
3919,train,3919,5.0,2.0,1,1,1
3922,train,3922,2.0,3.0,1,1,1
3923,train,3923,3.0,4.0,1,1,1
3924,train,3924,5.0,5.0,1,1,1
3926,train,3926,0.0,0.0,0,0,0
3927,train,3927,6.0,0.0,1,0,0
3928,train,3928,3.0,2.0,1,1,1
3930,train,3930,1.0,0.0,1,0,0
3931,train,3931,2.0,0.0,1,0,0
3932,train,3932,0.0,0.0,0,0,0
3933,train,3933,0.0,0.0,0,0,0
3934,train,3934,2.0,0.0,1,0,0
3935,train,3935,6.0,3.0,1,1,1
3936,train,3936,11.0,2.0,1,1,1
3937,train,3937,0.0,0.0,0,0,0
3938,train,3938,17.0,3.0,1,1,1
3939,train,3939,0.0,0.0,0,0,0
3940,train,3940,0.0,1.0,0,1,0
3942,train,3942,0.0,0.0,0,0,0
3943,train,3943,0.0,0.0,0,0,0
3944,train,3944,3.0,0.0,1,0,0
3945,train,3945,0.0,0.0,0,0,0
3946,train,3946,0.0,0.0,0,0,0
3948,train,3948,0.0,0.0,0,0,0
3949,train,3949,10.0,0.0,1,0,0
3950,train,3950,0.0,0.0,0,0,0
3953,train,3953,8.0,2.0,1,1,1
3954,train,3954,1.0,0.0,1,0,0
3955,train,3955,5.0,1.0,1,1,1
3956,train,3956,0.0,0.0,0,0,0
3959,train,3959,1.0,2.0,1,1,1
3960,train,3960,1.0,1.0,1,1,1
3961,train,3961,5.0,2.0,1,1,1
3962,train,3962,1.0,2.0,1,1,1
3963,train,3963,0.0,0.0,0,0,0
3965,train,3965,0.0,0.0,0,0,0
3966,train,3966,2.0,0.0,1,0,0
3967,train,3967,0.0,0.0,0,0,0
3968,train,3968,1.0,0.0,1,0,0
3969,train,3969,3.0,0.0,1,0,0
3970,train,3970,0.0,0.0,0,0,0
3971,train,3971,0.0,0.0,0,0,0
3972,train,3972,7.0,0.0,1,0,0
3973,train,3973,0.0,0.0,0,0,0
3974,train,3974,0.0,2.0,0,1,0
3975,train,3975,1.0,0.0,1,0,0
3977,train,3977,0.0,0.0,0,0,0
3978,train,3978,1.0,0.0,1,0,0
3980,train,3980,0.0,0.0,0,0,0
3981,train,3981,9.0,1.0,1,1,1
3983,train,3983,1.0,0.0,1,0,0
3985,train,3985,0.0,0.0,0,0,0
3987,train,3987,2.0,1.0,1,1,1
3989,train,3989,0.0,0.0,0,0,0
3990,train,3990,13.0,2.0,1,1,1
3992,train,3992,2.0,1.0,1,1,1
3993,train,3993,1.0,0.0,1,0,0
3994,train,3994,0.0,0.0,0,0,0
3995,train,3995,1.0,1.0,1,1,1
3996,train,3996,1.0,5.0,1,1,1
3997,train,3997,1.0,1.0,1,1,1
3998,train,3998,0.0,0.0,0,0,0
3999,train,3999,0.0,0.0,0,0,0
4000,train,4000,0.0,0.0,0,0,0
4001,train,4001,0.0,0.0,0,0,0
4002,train,4002,1.0,0.0,1,0,0
4003,train,4003,0.0,2.0,0,1,0
4004,train,4004,1.0,2.0,1,1,1
4005,train,4005,5.0,4.0,1,1,1
4006,train,4006,0.0,0.0,0,0,0
4007,train,4007,1.0,1.0,1,1,1
4008,train,4008,0.0,0.0,0,0,0
4009,train,4009,6.0,0.0,1,0,0
4010,train,4010,2.0,2.0,1,1,1
4011,train,4011,4.0,1.0,1,1,1
4013,train,4013,2.0,0.0,1,0,0
4014,train,4014,0.0,0.0,0,0,0
4016,train,4016,0.0,0.0,0,0,0
4017,train,4017,0.0,0.0,0,0,0
4018,train,4018,2.0,0.0,1,0,0
4020,train,4020,1.0,0.0,1,0,0
4021,train,4021,0.0,0.0,0,0,0
4022,train,4022,0.0,0.0,0,0,0
3,test,3,0.0,0.0,0,0,0
6,test,6,0.0,0.0,0,0,0
7,test,7,4.0,0.0,1,0,0
13,test,13,0.0,0.0,0,0,0
23,test,23,5.0,1.0,1,1,1
27,test,27,0.0,0.0,0,0,0
29,test,29,0.0,0.0,0,0,0
30,test,30,4.0,0.0,1,0,0
33,test,33,0.0,0.0,0,0,0
35,test,35,0.0,0.0,0,0,0
38,test,38,0.0,0.0,0,0,0
40,test,40,0.0,0.0,0,0,0
42,test,42,1.0,0.0,1,0,0
43,test,43,0.0,0.0,0,0,0
50,test,50,3.0,0.0,1,0,0
53,test,53,0.0,0.0,0,0,0
65,test,65,2.0,0.0,1,0,0
70,test,70,1.0,0.0,1,0,0
76,test,76,0.0,0.0,0,0,0
79,test,79,0.0,0.0,0,0,0
83,test,83,1.0,1.0,1,1,1
84,test,84,0.0,0.0,0,0,0
87,test,87,0.0,1.0,0,1,0
88,test,88,0.0,0.0,0,0,0
98,test,98,10.0,3.0,1,1,1
116,test,116,1.0,1.0,1,1,1
118,test,118,2.0,0.0,1,0,0
121,test,121,0.0,0.0,0,0,0
124,test,124,4.0,2.0,1,1,1
125,test,125,0.0,0.0,0,0,0
144,test,144,6.0,0.0,1,0,0
145,test,145,1.0,0.0,1,0,0
146,test,146,0.0,0.0,0,0,0
149,test,149,1.0,1.0,1,1,1
176,test,176,3.0,0.0,1,0,0
181,test,181,3.0,0.0,1,0,0
187,test,187,10.0,3.0,1,1,1
188,test,188,0.0,0.0,0,0,0
191,test,191,2.0,0.0,1,0,0
197,test,197,1.0,0.0,1,0,0
198,test,198,0.0,0.0,0,0,0
212,test,212,0.0,0.0,0,0,0
214,test,214,1.0,0.0,1,0,0
221,test,221,0.0,0.0,0,0,0
227,test,227,5.0,3.0,1,1,1
228,test,228,1.0,0.0,1,0,0
229,test,229,4.0,1.0,1,1,1
232,test,232,0.0,0.0,0,0,0
253,test,253,0.0,0.0,0,0,0
268,test,268,1.0,0.0,1,0,0
271,test,271,1.0,4.0,1,1,1
278,test,278,2.0,1.0,1,1,1
279,test,279,3.0,1.0,1,1,1
283,test,283,0.0,0.0,0,0,0
284,test,284,0.0,0.0,0,0,0
288,test,288,2.0,0.0,1,0,0
292,test,292,4.0,7.0,1,1,1
294,test,294,3.0,1.0,1,1,1
298,test,298,0.0,0.0,0,0,0
303,test,303,2.0,0.0,1,0,0
309,test,309,0.0,0.0,0,0,0
311,test,311,1.0,2.0,1,1,1
316,test,316,0.0,0.0,0,0,0
317,test,317,1.0,0.0,1,0,0
324,test,324,15.0,3.0,1,1,1
328,test,328,2.0,0.0,1,0,0
331,test,331,0.0,0.0,0,0,0
334,test,334,0.0,0.0,0,0,0
338,test,338,0.0,0.0,0,0,0
339,test,339,0.0,0.0,0,0,0
340,test,340,0.0,0.0,0,0,0
342,test,342,0.0,0.0,0,0,0
345,test,345,1.0,0.0,1,0,0
346,test,346,0.0,0.0,0,0,0
349,test,349,2.0,1.0,1,1,1
353,test,353,4.0,0.0,1,0,0
359,test,359,0.0,1.0,0,1,0
360,test,360,4.0,1.0,1,1,1
361,test,361,11.0,8.0,1,1,1
362,test,362,0.0,0.0,0,0,0
371,test,371,0.0,0.0,0,0,0
372,test,372,0.0,0.0,0,0,0
374,test,374,2.0,0.0,1,0,0
378,test,378,4.0,1.0,1,1,1
380,test,380,1.0,0.0,1,0,0
384,test,384,15.0,12.0,1,1,1
400,test,400,0.0,0.0,0,0,0
413,test,413,6.0,5.0,1,1,1
420,test,420,1.0,0.0,1,0,0
423,test,423,2.0,1.0,1,1,1
429,test,429,7.0,1.0,1,1,1
431,test,431,3.0,0.0,1,0,0
434,test,434,0.0,0.0,0,0,0
442,test,442,1.0,2.0,1,1,1
444,test,444,0.0,0.0,0,0,0
446,test,446,0.0,0.0,0,0,0
447,test,447,6.0,2.0,1,1,1
452,test,452,1.0,0.0,1,0,0
455,test,455,2.0,0.0,1,0,0
456,test,456,3.0,1.0,1,1,1
459,test,459,0.0,0.0,0,0,0
462,test,462,0.0,0.0,0,0,0
467,test,467,10.0,0.0,1,0,0
474,test,474,1.0,0.0,1,0,0
475,test,475,8.0,2.0,1,1,1
476,test,476,9.0,1.0,1,1,1
479,test,479,0.0,0.0,0,0,0
486,test,486,2.0,0.0,1,0,0
489,test,489,1.0,2.0,1,1,1
490,test,490,0.0,0.0,0,0,0
491,test,491,0.0,0.0,0,0,0
492,test,492,0.0,0.0,0,0,0
495,test,495,0.0,0.0,0,0,0
499,test,499,0.0,0.0,0,0,0
500,test,500,0.0,0.0,0,0,0
505,test,505,4.0,0.0,1,0,0
508,test,508,3.0,0.0,1,0,0
510,test,510,5.0,0.0,1,0,0
511,test,511,6.0,1.0,1,1,1
512,test,512,7.0,0.0,1,0,0
515,test,515,2.0,2.0,1,1,1
516,test,516,3.0,0.0,1,0,0
523,test,523,0.0,0.0,0,0,0
527,test,527,0.0,0.0,0,0,0
533,test,533,7.0,1.0,1,1,1
534,test,534,5.0,2.0,1,1,1
538,test,538,0.0,0.0,0,0,0
546,test,546,0.0,0.0,0,0,0
547,test,547,0.0,0.0,0,0,0
566,test,566,1.0,0.0,1,0,0
572,test,572,0.0,0.0,0,0,0
580,test,580,0.0,0.0,0,0,0
592,test,592,0.0,0.0,0,0,0
594,test,594,8.0,1.0,1,1,1
600,test,600,7.0,1.0,1,1,1
603,test,603,0.0,0.0,0,0,0
604,test,604,0.0,0.0,0,0,0
610,test,610,8.0,0.0,1,0,0
622,test,622,0.0,0.0,0,0,0
623,test,623,0.0,0.0,0,0,0
635,test,635,4.0,2.0,1,1,1
636,test,636,1.0,2.0,1,1,1
639,test,639,0.0,0.0,0,0,0
652,test,652,0.0,0.0,0,0,0
656,test,656,0.0,0.0,0,0,0
659,test,659,0.0,1.0,0,1,0
660,test,660,4.0,0.0,1,0,0
663,test,663,1.0,1.0,1,1,1
664,test,664,1.0,0.0,1,0,0
667,test,667,0.0,0.0,0,0,0
670,test,670,2.0,2.0,1,1,1
676,test,676,0.0,0.0,0,0,0
690,test,690,0.0,0.0,0,0,0
692,test,692,0.0,0.0,0,0,0
698,test,698,0.0,0.0,0,0,0
701,test,701,1.0,0.0,1,0,0
703,test,703,0.0,1.0,0,1,0
705,test,705,8.0,1.0,1,1,1
706,test,706,3.0,2.0,1,1,1
708,test,708,3.0,2.0,1,1,1
710,test,710,0.0,0.0,0,0,0
723,test,723,0.0,0.0,0,0,0
728,test,728,0.0,0.0,0,0,0
738,test,738,0.0,0.0,0,0,0
739,test,739,6.0,1.0,1,1,1
745,test,745,0.0,0.0,0,0,0
746,test,746,0.0,1.0,0,1,0
760,test,760,1.0,0.0,1,0,0
761,test,761,3.0,0.0,1,0,0
766,test,766,8.0,1.0,1,1,1
768,test,768,0.0,0.0,0,0,0
769,test,769,3.0,0.0,1,0,0
777,test,777,1.0,0.0,1,0,0
779,test,779,4.0,0.0,1,0,0
787,test,787,0.0,0.0,0,0,0
793,test,793,2.0,0.0,1,0,0
810,test,810,0.0,0.0,0,0,0
813,test,813,0.0,0.0,0,0,0
828,test,828,2.0,0.0,1,0,0
830,test,830,2.0,0.0,1,0,0
836,test,836,1.0,0.0,1,0,0
845,test,845,2.0,1.0,1,1,1
873,test,873,0.0,0.0,0,0,0
874,test,874,0.0,0.0,0,0,0
885,test,885,1.0,0.0,1,0,0
886,test,886,0.0,0.0,0,0,0
887,test,887,0.0,0.0,0,0,0
889,test,889,4.0,0.0,1,0,0
890,test,890,3.0,0.0,1,0,0
891,test,891,0.0,0.0,0,0,0
892,test,892,1.0,3.0,1,1,1
897,test,897,0.0,0.0,0,0,0
898,test,898,0.0,0.0,0,0,0
901,test,901,2.0,0.0,1,0,0
904,test,904,2.0,0.0,1,0,0
906,test,906,3.0,1.0,1,1,1
911,test,911,0.0,0.0,0,0,0
915,test,915,0.0,0.0,0,0,0
919,test,919,15.0,3.0,1,1,1
921,test,921,11.0,6.0,1,1,1
922,test,922,0.0,0.0,0,0,0
923,test,923,0.0,0.0,0,0,0
925,test,925,0.0,0.0,0,0,0
926,test,926,4.0,0.0,1,0,0
928,test,928,0.0,0.0,0,0,0
931,test,931,0.0,0.0,0,0,0
933,test,933,0.0,0.0,0,0,0
943,test,943,5.0,0.0,1,0,0
944,test,944,1.0,0.0,1,0,0
946,test,946,1.0,0.0,1,0,0
948,test,948,1.0,0.0,1,0,0
950,test,950,0.0,0.0,0,0,0
969,test,969,2.0,0.0,1,0,0
970,test,970,1.0,0.0,1,0,0
973,test,973,1.0,1.0,1,1,1
974,test,974,5.0,1.0,1,1,1
981,test,981,4.0,1.0,1,1,1
982,test,982,1.0,0.0,1,0,0
991,test,991,0.0,0.0,0,0,0
999,test,999,0.0,0.0,0,0,0
1000,test,1000,1.0,0.0,1,0,0
1004,test,1004,0.0,0.0,0,0,0
1009,test,1009,1.0,0.0,1,0,0
1017,test,1017,6.0,0.0,1,0,0
1021,test,1021,0.0,0.0,0,0,0
1025,test,1025,6.0,2.0,1,1,1
1026,test,1026,2.0,1.0,1,1,1
1030,test,1030,0.0,1.0,0,1,0
1031,test,1031,0.0,0.0,0,0,0
1039,test,1039,0.0,0.0,0,0,0
1043,test,1043,0.0,0.0,0,0,0
1046,test,1046,1.0,0.0,1,0,0
1048,test,1048,0.0,0.0,0,0,0
1051,test,1051,0.0,0.0,0,0,0
1053,test,1053,0.0,0.0,0,0,0
1056,test,1056,2.0,1.0,1,1,1
1058,test,1058,0.0,0.0,0,0,0
1060,test,1060,0.0,0.0,0,0,0
1064,test,1064,2.0,0.0,1,0,0
1068,test,1068,2.0,0.0,1,0,0
1069,test,1069,1.0,0.0,1,0,0
1071,test,1071,0.0,0.0,0,0,0
1072,test,1072,1.0,0.0,1,0,0
1076,test,1076,3.0,0.0,1,0,0
1080,test,1080,9.0,0.0,1,0,0
1084,test,1084,0.0,1.0,0,1,0
1090,test,1090,3.0,0.0,1,0,0
1092,test,1092,0.0,0.0,0,0,0
1094,test,1094,1.0,0.0,1,0,0
1099,test,1099,0.0,0.0,0,0,0
1100,test,1100,0.0,0.0,0,0,0
1103,test,1103,0.0,0.0,0,0,0
1109,test,1109,0.0,0.0,0,0,0
1117,test,1117,0.0,0.0,0,0,0
1123,test,1123,1.0,0.0,1,0,0
1129,test,1129,0.0,0.0,0,0,0
1130,test,1130,0.0,0.0,0,0,0
1131,test,1131,2.0,0.0,1,0,0
1133,test,1133,0.0,0.0,0,0,0
1134,test,1134,0.0,0.0,0,0,0
1144,test,1144,2.0,1.0,1,1,1
1148,test,1148,0.0,0.0,0,0,0
1151,test,1151,0.0,0.0,0,0,0
1158,test,1158,0.0,0.0,0,0,0
1159,test,1159,2.0,0.0,1,0,0
1162,test,1162,0.0,1.0,0,1,0
1170,test,1170,1.0,3.0,1,1,1
1172,test,1172,2.0,0.0,1,0,0
1185,test,1185,0.0,0.0,0,0,0
1189,test,1189,4.0,0.0,1,0,0
1191,test,1191,0.0,0.0,0,0,0
1204,test,1204,0.0,0.0,0,0,0
1206,test,1206,3.0,1.0,1,1,1
1211,test,1211,0.0,0.0,0,0,0
1221,test,1221,0.0,0.0,0,0,0
1223,test,1223,1.0,1.0,1,1,1
1236,test,1236,0.0,0.0,0,0,0
1239,test,1239,0.0,0.0,0,0,0
1241,test,1241,1.0,0.0,1,0,0
1243,test,1243,0.0,0.0,0,0,0
1244,test,1244,0.0,0.0,0,0,0
1248,test,1248,6.0,0.0,1,0,0
1259,test,1259,3.0,0.0,1,0,0
1260,test,1260,1.0,0.0,1,0,0
1261,test,1261,13.0,1.0,1,1,1
1262,test,1262,6.0,0.0,1,0,0
1265,test,1265,0.0,0.0,0,0,0
1267,test,1267,1.0,1.0,1,1,1
1278,test,1278,0.0,1.0,0,1,0
1283,test,1283,0.0,0.0,0,0,0
1289,test,1289,0.0,0.0,0,0,0
1296,test,1296,1.0,0.0,1,0,0
1305,test,1305,0.0,0.0,0,0,0
1313,test,1313,0.0,2.0,0,1,0
1314,test,1314,0.0,0.0,0,0,0
1323,test,1323,0.0,0.0,0,0,0
1329,test,1329,2.0,0.0,1,0,0
1332,test,1332,0.0,0.0,0,0,0
1335,test,1335,0.0,0.0,0,0,0
1336,test,1336,1.0,0.0,1,0,0
1339,test,1339,3.0,0.0,1,0,0
1340,test,1340,1.0,0.0,1,0,0
1343,test,1343,5.0,1.0,1,1,1
1348,test,1348,0.0,0.0,0,0,0
1356,test,1356,9.0,3.0,1,1,1
1363,test,1363,4.0,0.0,1,0,0
1376,test,1376,14.0,2.0,1,1,1
1377,test,1377,0.0,0.0,0,0,0
1378,test,1378,4.0,4.0,1,1,1
1382,test,1382,0.0,0.0,0,0,0
1383,test,1383,4.0,0.0,1,0,0
1386,test,1386,7.0,1.0,1,1,1
1389,test,1389,0.0,0.0,0,0,0
1394,test,1394,1.0,0.0,1,0,0
1397,test,1397,7.0,0.0,1,0,0
1400,test,1400,9.0,0.0,1,0,0
1402,test,1402,0.0,0.0,0,0,0
1409,test,1409,0.0,1.0,0,1,0
1410,test,1410,4.0,0.0,1,0,0
1412,test,1412,0.0,2.0,0,1,0
1415,test,1415,0.0,0.0,0,0,0
1416,test,1416,0.0,2.0,0,1,0
1417,test,1417,3.0,0.0,1,0,0
1418,test,1418,9.0,0.0,1,0,0
1419,test,1419,0.0,0.0,0,0,0
1420,test,1420,1.0,0.0,1,0,0
1424,test,1424,0.0,0.0,0,0,0
1425,test,1425,0.0,0.0,0,0,0
1429,test,1429,6.0,4.0,1,1,1
1430,test,1430,3.0,1.0,1,1,1
1431,test,1431,5.0,1.0,1,1,1
1433,test,1433,2.0,0.0,1,0,0
1434,test,1434,1.0,0.0,1,0,0
1435,test,1435,1.0,2.0,1,1,1
1437,test,1437,1.0,0.0,1,0,0
1439,test,1439,0.0,0.0,0,0,0
1442,test,1442,6.0,1.0,1,1,1
1443,test,1443,0.0,0.0,0,0,0
1444,test,1444,0.0,0.0,0,0,0
1447,test,1447,0.0,0.0,0,0,0
1453,test,1453,0.0,0.0,0,0,0
1459,test,1459,1.0,0.0,1,0,0
1464,test,1464,0.0,0.0,0,0,0
1467,test,1467,0.0,0.0,0,0,0
1473,test,1473,1.0,0.0,1,0,0
1476,test,1476,0.0,0.0,0,0,0
1483,test,1483,3.0,1.0,1,1,1
1504,test,1504,1.0,0.0,1,0,0
1507,test,1507,4.0,0.0,1,0,0
1509,test,1509,0.0,0.0,0,0,0
1511,test,1511,0.0,0.0,0,0,0
1512,test,1512,0.0,0.0,0,0,0
1513,test,1513,5.0,3.0,1,1,1
1514,test,1514,0.0,0.0,0,0,0
1518,test,1518,0.0,0.0,0,0,0
1520,test,1520,0.0,1.0,0,1,0
1521,test,1521,4.0,2.0,1,1,1
1525,test,1525,0.0,0.0,0,0,0
1526,test,1526,2.0,0.0,1,0,0
1527,test,1527,2.0,0.0,1,0,0
1538,test,1538,7.0,2.0,1,1,1
1540,test,1540,1.0,0.0,1,0,0
1545,test,1545,0.0,1.0,0,1,0
1548,test,1548,1.0,1.0,1,1,1
1550,test,1550,6.0,0.0,1,0,0
1554,test,1554,6.0,0.0,1,0,0
1555,test,1555,2.0,1.0,1,1,1
1561,test,1561,0.0,0.0,0,0,0
1562,test,1562,0.0,1.0,0,1,0
1564,test,1564,0.0,0.0,0,0,0
1572,test,1572,0.0,0.0,0,0,0
1576,test,1576,2.0,1.0,1,1,1
1581,test,1581,1.0,0.0,1,0,0
1589,test,1589,0.0,0.0,0,0,0
1604,test,1604,0.0,2.0,0,1,0
1605,test,1605,6.0,0.0,1,0,0
1607,test,1607,0.0,0.0,0,0,0
1615,test,1615,3.0,0.0,1,0,0
1618,test,1618,0.0,0.0,0,0,0
1620,test,1620,0.0,0.0,0,0,0
1624,test,1624,0.0,0.0,0,0,0
1630,test,1630,1.0,0.0,1,0,0
1640,test,1640,1.0,1.0,1,1,1
1655,test,1655,0.0,0.0,0,0,0
1657,test,1657,1.0,0.0,1,0,0
1661,test,1661,2.0,1.0,1,1,1
1666,test,1666,0.0,0.0,0,0,0
1667,test,1667,0.0,0.0,0,0,0
1669,test,1669,0.0,0.0,0,0,0
1671,test,1671,3.0,0.0,1,0,0
1673,test,1673,0.0,0.0,0,0,0
1682,test,1682,0.0,0.0,0,0,0
1694,test,1694,1.0,0.0,1,0,0
1697,test,1697,0.0,0.0,0,0,0
1704,test,1704,0.0,0.0,0,0,0
1708,test,1708,0.0,0.0,0,0,0
1717,test,1717,0.0,0.0,0,0,0
1718,test,1718,0.0,0.0,0,0,0
1723,test,1723,0.0,0.0,0,0,0
1732,test,1732,1.0,0.0,1,0,0
1737,test,1737,0.0,0.0,0,0,0
1746,test,1746,5.0,0.0,1,0,0
1748,test,1748,7.0,1.0,1,1,1
1752,test,1752,0.0,0.0,0,0,0
1754,test,1754,7.0,1.0,1,1,1
1756,test,1756,3.0,1.0,1,1,1
1761,test,1761,0.0,0.0,0,0,0
1762,test,1762,0.0,0.0,0,0,0
1764,test,1764,0.0,0.0,0,0,0
1766,test,1766,5.0,0.0,1,0,0
1770,test,1770,0.0,0.0,0,0,0
1775,test,1775,0.0,0.0,0,0,0
1776,test,1776,8.0,0.0,1,0,0
1777,test,1777,0.0,0.0,0,0,0
1796,test,1796,1.0,6.0,1,1,1
1802,test,1802,0.0,0.0,0,0,0
1811,test,1811,7.0,0.0,1,0,0
1814,test,1814,0.0,0.0,0,0,0
1818,test,1818,1.0,0.0,1,0,0
1819,test,1819,0.0,1.0,0,1,0
1823,test,1823,1.0,0.0,1,0,0
1828,test,1828,0.0,0.0,0,0,0
1832,test,1832,1.0,0.0,1,0,0
1833,test,1833,1.0,0.0,1,0,0
1835,test,1835,0.0,0.0,0,0,0
1837,test,1837,0.0,0.0,0,0,0
1841,test,1841,0.0,0.0,0,0,0
1845,test,1845,1.0,1.0,1,1,1
1847,test,1847,0.0,0.0,0,0,0
1849,test,1849,3.0,1.0,1,1,1
1851,test,1851,10.0,0.0,1,0,0
1852,test,1852,1.0,0.0,1,0,0
1853,test,1853,1.0,0.0,1,0,0
1855,test,1855,0.0,0.0,0,0,0
1872,test,1872,0.0,0.0,0,0,0
1873,test,1873,0.0,0.0,0,0,0
1875,test,1875,0.0,0.0,0,0,0
1880,test,1880,0.0,0.0,0,0,0
1883,test,1883,0.0,0.0,0,0,0
1885,test,1885,2.0,0.0,1,0,0
1893,test,1893,0.0,0.0,0,0,0
1894,test,1894,0.0,0.0,0,0,0
1903,test,1903,0.0,0.0,0,0,0
1906,test,1906,0.0,0.0,0,0,0
1909,test,1909,7.0,1.0,1,1,1
1912,test,1912,0.0,0.0,0,0,0
1916,test,1916,0.0,0.0,0,0,0
1917,test,1917,2.0,0.0,1,0,0
1919,test,1919,4.0,2.0,1,1,1
1932,test,1932,0.0,0.0,0,0,0
1941,test,1941,4.0,0.0,1,0,0
1943,test,1943,0.0,0.0,0,0,0
1944,test,1944,0.0,0.0,0,0,0
1947,test,1947,1.0,0.0,1,0,0
1948,test,1948,1.0,0.0,1,0,0
1951,test,1951,1.0,1.0,1,1,1
1954,test,1954,2.0,2.0,1,1,1
1955,test,1955,0.0,0.0,0,0,0
1956,test,1956,1.0,3.0,1,1,1
1965,test,1965,3.0,0.0,1,0,0
1976,test,1976,3.0,1.0,1,1,1
1977,test,1977,2.0,0.0,1,0,0
1985,test,1985,4.0,0.0,1,0,0
1987,test,1987,0.0,0.0,0,0,0
1988,test,1988,5.0,1.0,1,1,1
1995,test,1995,0.0,0.0,0,0,0
1997,test,1997,1.0,0.0,1,0,0
1998,test,1998,8.0,1.0,1,1,1
1999,test,1999,1.0,0.0,1,0,0
2007,test,2007,0.0,0.0,0,0,0
2008,test,2008,0.0,0.0,0,0,0
2010,test,2010,2.0,0.0,1,0,0
2012,test,2012,0.0,0.0,0,0,0
2016,test,2016,1.0,1.0,1,1,1
2017,test,2017,1.0,1.0,1,1,1
2023,test,2023,1.0,0.0,1,0,0
2044,test,2044,1.0,1.0,1,1,1
2049,test,2049,1.0,0.0,1,0,0
2051,test,2051,1.0,1.0,1,1,1
2055,test,2055,0.0,0.0,0,0,0
2056,test,2056,2.0,1.0,1,1,1
2058,test,2058,4.0,3.0,1,1,1
2061,test,2061,0.0,0.0,0,0,0
2064,test,2064,0.0,0.0,0,0,0
2067,test,2067,0.0,1.0,0,1,0
2068,test,2068,0.0,0.0,0,0,0
2069,test,2069,0.0,0.0,0,0,0
2071,test,2071,0.0,0.0,0,0,0
2072,test,2072,2.0,2.0,1,1,1
2076,test,2076,0.0,0.0,0,0,0
2079,test,2079,0.0,0.0,0,0,0
2082,test,2082,1.0,0.0,1,0,0
2084,test,2084,2.0,0.0,1,0,0
2086,test,2086,3.0,1.0,1,1,1
2098,test,2098,0.0,0.0,0,0,0
2099,test,2099,0.0,0.0,0,0,0
2100,test,2100,2.0,0.0,1,0,0
2105,test,2105,4.0,0.0,1,0,0
2107,test,2107,0.0,0.0,0,0,0
2108,test,2108,0.0,1.0,0,1,0
2116,test,2116,0.0,0.0,0,0,0
2117,test,2117,0.0,0.0,0,0,0
2124,test,2124,1.0,0.0,1,0,0
2125,test,2125,1.0,1.0,1,1,1
2126,test,2126,1.0,0.0,1,0,0
2133,test,2133,3.0,0.0,1,0,0
2134,test,2134,3.0,0.0,1,0,0
2135,test,2135,3.0,0.0,1,0,0
2136,test,2136,4.0,0.0,1,0,0
2140,test,2140,0.0,0.0,0,0,0
2147,test,2147,0.0,0.0,0,0,0
2150,test,2150,1.0,0.0,1,0,0
2152,test,2152,0.0,1.0,0,1,0
2159,test,2159,6.0,0.0,1,0,0
2163,test,2163,0.0,0.0,0,0,0
2164,test,2164,0.0,0.0,0,0,0
2166,test,2166,3.0,0.0,1,0,0
2175,test,2175,1.0,1.0,1,1,1
2179,test,2179,0.0,0.0,0,0,0
2181,test,2181,3.0,3.0,1,1,1
2183,test,2183,0.0,0.0,0,0,0
2185,test,2185,3.0,0.0,1,0,0
2191,test,2191,0.0,0.0,0,0,0
2192,test,2192,0.0,0.0,0,0,0
2194,test,2194,0.0,0.0,0,0,0
2195,test,2195,0.0,0.0,0,0,0
2197,test,2197,0.0,0.0,0,0,0
2201,test,2201,1.0,0.0,1,0,0
2207,test,2207,0.0,0.0,0,0,0
2211,test,2211,0.0,0.0,0,0,0
2216,test,2216,0.0,1.0,0,1,0
2218,test,2218,2.0,0.0,1,0,0
2227,test,2227,0.0,0.0,0,0,0
2228,test,2228,3.0,0.0,1,0,0
2230,test,2230,3.0,1.0,1,1,1
2235,test,2235,0.0,0.0,0,0,0
2236,test,2236,1.0,1.0,1,1,1
2237,test,2237,0.0,0.0,0,0,0
2245,test,2245,0.0,0.0,0,0,0
2255,test,2255,0.0,0.0,0,0,0
2260,test,2260,0.0,0.0,0,0,0
2261,test,2261,3.0,3.0,1,1,1
2262,test,2262,1.0,1.0,1,1,1
2263,test,2263,9.0,1.0,1,1,1
2266,test,2266,0.0,0.0,0,0,0
2268,test,2268,0.0,0.0,0,0,0
2274,test,2274,4.0,0.0,1,0,0
2278,test,2278,1.0,0.0,1,0,0
2279,test,2279,0.0,0.0,0,0,0
2285,test,2285,0.0,0.0,0,0,0
2287,test,2287,0.0,0.0,0,0,0
2292,test,2292,0.0,0.0,0,0,0
2296,test,2296,4.0,1.0,1,1,1
2299,test,2299,3.0,0.0,1,0,0
2302,test,2302,0.0,0.0,0,0,0
2304,test,2304,9.0,0.0,1,0,0
2306,test,2306,0.0,0.0,0,0,0
2312,test,2312,0.0,0.0,0,0,0
2313,test,2313,1.0,0.0,1,0,0
2314,test,2314,2.0,1.0,1,1,1
2319,test,2319,1.0,2.0,1,1,1
2321,test,2321,7.0,4.0,1,1,1
2324,test,2324,0.0,0.0,0,0,0
2331,test,2331,7.0,2.0,1,1,1
2333,test,2333,1.0,0.0,1,0,0
2336,test,2336,0.0,0.0,0,0,0
2345,test,2345,3.0,1.0,1,1,1
2350,test,2350,1.0,0.0,1,0,0
2356,test,2356,7.0,0.0,1,0,0
2357,test,2357,3.0,0.0,1,0,0
2358,test,2358,0.0,0.0,0,0,0
2362,test,2362,0.0,1.0,0,1,0
2365,test,2365,8.0,1.0,1,1,1
2367,test,2367,6.0,0.0,1,0,0
2368,test,2368,0.0,0.0,0,0,0
2376,test,2376,0.0,0.0,0,0,0
2378,test,2378,0.0,1.0,0,1,0
2382,test,2382,3.0,14.0,1,1,1
2388,test,2388,0.0,1.0,0,1,0
2392,test,2392,1.0,2.0,1,1,1
2393,test,2393,4.0,2.0,1,1,1
2396,test,2396,3.0,0.0,1,0,0
2400,test,2400,4.0,0.0,1,0,0
2401,test,2401,0.0,0.0,0,0,0
2404,test,2404,1.0,2.0,1,1,1
2405,test,2405,0.0,2.0,0,1,0
2406,test,2406,0.0,0.0,0,0,0
2410,test,2410,0.0,0.0,0,0,0
2417,test,2417,1.0,1.0,1,1,1
2419,test,2419,0.0,2.0,0,1,0
2420,test,2420,0.0,0.0,0,0,0
2422,test,2422,0.0,0.0,0,0,0
2423,test,2423,1.0,0.0,1,0,0
2425,test,2425,3.0,0.0,1,0,0
2430,test,2430,0.0,0.0,0,0,0
2432,test,2432,0.0,0.0,0,0,0
2436,test,2436,0.0,0.0,0,0,0
2440,test,2440,0.0,0.0,0,0,0
2446,test,2446,0.0,0.0,0,0,0
2447,test,2447,4.0,1.0,1,1,1
2449,test,2449,1.0,0.0,1,0,0
2450,test,2450,0.0,0.0,0,0,0
2457,test,2457,0.0,0.0,0,0,0
2458,test,2458,0.0,0.0,0,0,0
2459,test,2459,1.0,0.0,1,0,0
2463,test,2463,0.0,0.0,0,0,0
2469,test,2469,0.0,0.0,0,0,0
2477,test,2477,0.0,0.0,0,0,0
2485,test,2485,0.0,0.0,0,0,0
2492,test,2492,6.0,2.0,1,1,1
2496,test,2496,4.0,0.0,1,0,0
2497,test,2497,0.0,0.0,0,0,0
2500,test,2500,0.0,2.0,0,1,0
2519,test,2519,1.0,0.0,1,0,0
2522,test,2522,0.0,0.0,0,0,0
2523,test,2523,5.0,1.0,1,1,1
2527,test,2527,0.0,0.0,0,0,0
2528,test,2528,1.0,0.0,1,0,0
2530,test,2530,0.0,0.0,0,0,0
2533,test,2533,1.0,1.0,1,1,1
2534,test,2534,0.0,0.0,0,0,0
2542,test,2542,1.0,0.0,1,0,0
2552,test,2552,0.0,0.0,0,0,0
2553,test,2553,1.0,2.0,1,1,1
2554,test,2554,0.0,0.0,0,0,0
2557,test,2557,1.0,0.0,1,0,0
2559,test,2559,5.0,0.0,1,0,0
2563,test,2563,0.0,0.0,0,0,0
2570,test,2570,1.0,0.0,1,0,0
2571,test,2571,5.0,0.0,1,0,0
2577,test,2577,0.0,0.0,0,0,0
2579,test,2579,1.0,0.0,1,0,0
2580,test,2580,1.0,0.0,1,0,0
2581,test,2581,1.0,0.0,1,0,0
2587,test,2587,0.0,0.0,0,0,0
2589,test,2589,0.0,0.0,0,0,0
2593,test,2593,0.0,0.0,0,0,0
2601,test,2601,0.0,0.0,0,0,0
2602,test,2602,1.0,0.0,1,0,0
2611,test,2611,5.0,6.0,1,1,1
2618,test,2618,1.0,0.0,1,0,0
2619,test,2619,5.0,0.0,1,0,0
2622,test,2622,0.0,1.0,0,1,0
2624,test,2624,1.0,1.0,1,1,1
2628,test,2628,2.0,0.0,1,0,0
2629,test,2629,5.0,1.0,1,1,1
2630,test,2630,1.0,0.0,1,0,0
2633,test,2633,4.0,0.0,1,0,0
2634,test,2634,3.0,2.0,1,1,1
2637,test,2637,6.0,7.0,1,1,1
2643,test,2643,0.0,0.0,0,0,0
2646,test,2646,0.0,0.0,0,0,0
2652,test,2652,0.0,0.0,0,0,0
2653,test,2653,11.0,0.0,1,0,0
2662,test,2662,1.0,0.0,1,0,0
2665,test,2665,0.0,0.0,0,0,0
2671,test,2671,1.0,0.0,1,0,0
2674,test,2674,0.0,0.0,0,0,0
2681,test,2681,0.0,1.0,0,1,0
2683,test,2683,0.0,0.0,0,0,0
2686,test,2686,0.0,0.0,0,0,0
2688,test,2688,5.0,5.0,1,1,1
2689,test,2689,0.0,0.0,0,0,0
2697,test,2697,3.0,0.0,1,0,0
2698,test,2698,0.0,0.0,0,0,0
2702,test,2702,0.0,0.0,0,0,0
2703,test,2703,0.0,0.0,0,0,0
2707,test,2707,3.0,1.0,1,1,1
2714,test,2714,3.0,1.0,1,1,1
2717,test,2717,0.0,0.0,0,0,0
2721,test,2721,2.0,0.0,1,0,0
2725,test,2725,0.0,0.0,0,0,0
2727,test,2727,1.0,0.0,1,0,0
2733,test,2733,0.0,0.0,0,0,0
2747,test,2747,1.0,0.0,1,0,0
2748,test,2748,1.0,1.0,1,1,1
2750,test,2750,1.0,0.0,1,0,0
2752,test,2752,0.0,0.0,0,0,0
2756,test,2756,0.0,0.0,0,0,0
2764,test,2764,0.0,0.0,0,0,0
2770,test,2770,0.0,0.0,0,0,0
2774,test,2774,2.0,0.0,1,0,0
2776,test,2776,2.0,1.0,1,1,1
2779,test,2779,3.0,0.0,1,0,0
2781,test,2781,0.0,0.0,0,0,0
2784,test,2784,0.0,1.0,0,1,0
2792,test,2792,0.0,0.0,0,0,0
2798,test,2798,1.0,1.0,1,1,1
2807,test,2807,0.0,2.0,0,1,0
2809,test,2809,1.0,0.0,1,0,0
2811,test,2811,0.0,0.0,0,0,0
2817,test,2817,3.0,1.0,1,1,1
2818,test,2818,0.0,0.0,0,0,0
2819,test,2819,1.0,0.0,1,0,0
2826,test,2826,0.0,0.0,0,0,0
2832,test,2832,4.0,1.0,1,1,1
2836,test,2836,0.0,0.0,0,0,0
2840,test,2840,3.0,2.0,1,1,1
2843,test,2843,1.0,0.0,1,0,0
2850,test,2850,8.0,1.0,1,1,1
2864,test,2864,0.0,0.0,0,0,0
2874,test,2874,4.0,2.0,1,1,1
2875,test,2875,0.0,0.0,0,0,0
2887,test,2887,0.0,0.0,0,0,0
2893,test,2893,3.0,1.0,1,1,1
2896,test,2896,1.0,0.0,1,0,0
2899,test,2899,0.0,1.0,0,1,0
2909,test,2909,0.0,0.0,0,0,0
2911,test,2911,0.0,0.0,0,0,0
2913,test,2913,0.0,0.0,0,0,0
2915,test,2915,0.0,0.0,0,0,0
2916,test,2916,3.0,0.0,1,0,0
2920,test,2920,0.0,0.0,0,0,0
2921,test,2921,0.0,0.0,0,0,0
2931,test,2931,0.0,0.0,0,0,0
2938,test,2938,0.0,0.0,0,0,0
2946,test,2946,0.0,0.0,0,0,0
2948,test,2948,0.0,0.0,0,0,0
2952,test,2952,4.0,16.0,1,1,1
2955,test,2955,3.0,0.0,1,0,0
2965,test,2965,0.0,1.0,0,1,0
2966,test,2966,1.0,0.0,1,0,0
2969,test,2969,0.0,0.0,0,0,0
2974,test,2974,0.0,0.0,0,0,0
2975,test,2975,0.0,0.0,0,0,0
2978,test,2978,0.0,0.0,0,0,0
2982,test,2982,3.0,0.0,1,0,0
2990,test,2990,1.0,0.0,1,0,0
2996,test,2996,0.0,0.0,0,0,0
2997,test,2997,0.0,0.0,0,0,0
3001,test,3001,1.0,0.0,1,0,0
3002,test,3002,0.0,0.0,0,0,0
3005,test,3005,13.0,3.0,1,1,1
3006,test,3006,0.0,0.0,0,0,0
3008,test,3008,0.0,1.0,0,1,0
3009,test,3009,0.0,0.0,0,0,0
3010,test,3010,1.0,0.0,1,0,0
3018,test,3018,6.0,0.0,1,0,0
3022,test,3022,0.0,0.0,0,0,0
3025,test,3025,0.0,0.0,0,0,0
3029,test,3029,1.0,1.0,1,1,1
3035,test,3035,4.0,3.0,1,1,1
3036,test,3036,9.0,1.0,1,1,1
3037,test,3037,8.0,2.0,1,1,1
3046,test,3046,0.0,0.0,0,0,0
3047,test,3047,0.0,0.0,0,0,0
3052,test,3052,0.0,0.0,0,0,0
3054,test,3054,1.0,0.0,1,0,0
3058,test,3058,0.0,1.0,0,1,0
3059,test,3059,3.0,1.0,1,1,1
3064,test,3064,0.0,0.0,0,0,0
3067,test,3067,3.0,1.0,1,1,1
3070,test,3070,2.0,0.0,1,0,0
3071,test,3071,0.0,0.0,0,0,0
3075,test,3075,0.0,0.0,0,0,0
3076,test,3076,0.0,0.0,0,0,0
3077,test,3077,0.0,0.0,0,0,0
3078,test,3078,0.0,0.0,0,0,0
3079,test,3079,3.0,0.0,1,0,0
3086,test,3086,6.0,4.0,1,1,1
3087,test,3087,2.0,0.0,1,0,0
3088,test,3088,0.0,1.0,0,1,0
3089,test,3089,1.0,0.0,1,0,0
3093,test,3093,2.0,0.0,1,0,0
3098,test,3098,0.0,0.0,0,0,0
3099,test,3099,0.0,0.0,0,0,0
3103,test,3103,1.0,0.0,1,0,0
3108,test,3108,1.0,0.0,1,0,0
3109,test,3109,0.0,0.0,0,0,0
3115,test,3115,4.0,1.0,1,1,1
3117,test,3117,1.0,0.0,1,0,0
3119,test,3119,8.0,3.0,1,1,1
3125,test,3125,0.0,0.0,0,0,0
3127,test,3127,1.0,0.0,1,0,0
3129,test,3129,1.0,0.0,1,0,0
3137,test,3137,1.0,0.0,1,0,0
3138,test,3138,5.0,0.0,1,0,0
3141,test,3141,2.0,0.0,1,0,0
3146,test,3146,1.0,0.0,1,0,0
3147,test,3147,4.0,0.0,1,0,0
3149,test,3149,0.0,0.0,0,0,0
3151,test,3151,7.0,3.0,1,1,1
3153,test,3153,0.0,0.0,0,0,0
3156,test,3156,3.0,1.0,1,1,1
3164,test,3164,1.0,0.0,1,0,0
3174,test,3174,2.0,2.0,1,1,1
3178,test,3178,1.0,0.0,1,0,0
3185,test,3185,0.0,0.0,0,0,0
3188,test,3188,0.0,0.0,0,0,0
3191,test,3191,2.0,0.0,1,0,0
3197,test,3197,1.0,0.0,1,0,0
3199,test,3199,4.0,0.0,1,0,0
3204,test,3204,0.0,0.0,0,0,0
3207,test,3207,0.0,0.0,0,0,0
3208,test,3208,0.0,0.0,0,0,0
3214,test,3214,1.0,0.0,1,0,0
3220,test,3220,0.0,0.0,0,0,0
3221,test,3221,2.0,0.0,1,0,0
3227,test,3227,1.0,0.0,1,0,0
3230,test,3230,0.0,0.0,0,0,0
3231,test,3231,5.0,0.0,1,0,0
3235,test,3235,2.0,0.0,1,0,0
3236,test,3236,2.0,0.0,1,0,0
3238,test,3238,0.0,0.0,0,0,0
3240,test,3240,1.0,0.0,1,0,0
3245,test,3245,0.0,0.0,0,0,0
3247,test,3247,0.0,0.0,0,0,0
3250,test,3250,3.0,1.0,1,1,1
3253,test,3253,2.0,0.0,1,0,0
3260,test,3260,0.0,0.0,0,0,0
3263,test,3263,2.0,2.0,1,1,1
3264,test,3264,2.0,5.0,1,1,1
3265,test,3265,2.0,0.0,1,0,0
3266,test,3266,0.0,0.0,0,0,0
3269,test,3269,6.0,0.0,1,0,0
3271,test,3271,2.0,0.0,1,0,0
3274,test,3274,2.0,0.0,1,0,0
3277,test,3277,0.0,0.0,0,0,0
3286,test,3286,0.0,0.0,0,0,0
3289,test,3289,1.0,0.0,1,0,0
3292,test,3292,0.0,1.0,0,1,0
3299,test,3299,1.0,1.0,1,1,1
3300,test,3300,2.0,1.0,1,1,1
3301,test,3301,2.0,1.0,1,1,1
3302,test,3302,0.0,0.0,0,0,0
3303,test,3303,1.0,0.0,1,0,0
3308,test,3308,0.0,0.0,0,0,0
3315,test,3315,0.0,0.0,0,0,0
3317,test,3317,13.0,6.0,1,1,1
3319,test,3319,0.0,1.0,0,1,0
3320,test,3320,0.0,0.0,0,0,0
3322,test,3322,0.0,0.0,0,0,0
3324,test,3324,0.0,0.0,0,0,0
3326,test,3326,0.0,0.0,0,0,0
3329,test,3329,0.0,0.0,0,0,0
3331,test,3331,0.0,1.0,0,1,0
3332,test,3332,0.0,0.0,0,0,0
3334,test,3334,0.0,0.0,0,0,0
3340,test,3340,7.0,0.0,1,0,0
3350,test,3350,3.0,0.0,1,0,0
3359,test,3359,1.0,0.0,1,0,0
3365,test,3365,0.0,0.0,0,0,0
3376,test,3376,2.0,0.0,1,0,0
3381,test,3381,0.0,0.0,0,0,0
3386,test,3386,0.0,0.0,0,0,0
3388,test,3388,1.0,0.0,1,0,0
3391,test,3391,7.0,2.0,1,1,1
3394,test,3394,1.0,0.0,1,0,0
3400,test,3400,2.0,2.0,1,1,1
3401,test,3401,0.0,0.0,0,0,0
3402,test,3402,3.0,1.0,1,1,1
3403,test,3403,4.0,0.0,1,0,0
3404,test,3404,0.0,0.0,0,0,0
3406,test,3406,0.0,0.0,0,0,0
3411,test,3411,2.0,0.0,1,0,0
3414,test,3414,0.0,0.0,0,0,0
3417,test,3417,1.0,0.0,1,0,0
3419,test,3419,0.0,0.0,0,0,0
3420,test,3420,7.0,1.0,1,1,1
3422,test,3422,2.0,1.0,1,1,1
3425,test,3425,0.0,0.0,0,0,0
3426,test,3426,1.0,0.0,1,0,0
3427,test,3427,0.0,0.0,0,0,0
3429,test,3429,7.0,1.0,1,1,1
3439,test,3439,0.0,0.0,0,0,0
3440,test,3440,0.0,0.0,0,0,0
3442,test,3442,0.0,0.0,0,0,0
3446,test,3446,0.0,0.0,0,0,0
3448,test,3448,1.0,0.0,1,0,0
3450,test,3450,0.0,0.0,0,0,0
3458,test,3458,13.0,8.0,1,1,1
3461,test,3461,0.0,1.0,0,1,0
3462,test,3462,12.0,0.0,1,0,0
3466,test,3466,2.0,0.0,1,0,0
3469,test,3469,1.0,0.0,1,0,0
3470,test,3470,1.0,3.0,1,1,1
3471,test,3471,0.0,0.0,0,0,0
3472,test,3472,5.0,0.0,1,0,0
3477,test,3477,0.0,0.0,0,0,0
3479,test,3479,0.0,0.0,0,0,0
3481,test,3481,6.0,1.0,1,1,1
3482,test,3482,1.0,0.0,1,0,0
3484,test,3484,1.0,0.0,1,0,0
3489,test,3489,4.0,0.0,1,0,0
3496,test,3496,0.0,0.0,0,0,0
3497,test,3497,4.0,3.0,1,1,1
3498,test,3498,0.0,0.0,0,0,0
3499,test,3499,4.0,0.0,1,0,0
3502,test,3502,1.0,0.0,1,0,0
3508,test,3508,14.0,0.0,1,0,0
3509,test,3509,1.0,0.0,1,0,0
3510,test,3510,5.0,2.0,1,1,1
3512,test,3512,0.0,0.0,0,0,0
3514,test,3514,0.0,0.0,0,0,0
3517,test,3517,1.0,0.0,1,0,0
3529,test,3529,0.0,0.0,0,0,0
3532,test,3532,11.0,4.0,1,1,1
3533,test,3533,2.0,3.0,1,1,1
3536,test,3536,1.0,0.0,1,0,0
3549,test,3549,2.0,0.0,1,0,0
3550,test,3550,2.0,3.0,1,1,1
3551,test,3551,0.0,0.0,0,0,0
3553,test,3553,2.0,1.0,1,1,1
3556,test,3556,0.0,0.0,0,0,0
3560,test,3560,1.0,1.0,1,1,1
3561,test,3561,0.0,0.0,0,0,0
3567,test,3567,1.0,0.0,1,0,0
3568,test,3568,3.0,1.0,1,1,1
3570,test,3570,0.0,0.0,0,0,0
3574,test,3574,1.0,0.0,1,0,0
3578,test,3578,1.0,1.0,1,1,1
3580,test,3580,0.0,0.0,0,0,0
3581,test,3581,1.0,1.0,1,1,1
3582,test,3582,4.0,1.0,1,1,1
3592,test,3592,0.0,0.0,0,0,0
3603,test,3603,0.0,0.0,0,0,0
3610,test,3610,0.0,0.0,0,0,0
3615,test,3615,10.0,1.0,1,1,1
3624,test,3624,3.0,0.0,1,0,0
3631,test,3631,0.0,0.0,0,0,0
3633,test,3633,0.0,2.0,0,1,0
3639,test,3639,0.0,0.0,0,0,0
3641,test,3641,2.0,0.0,1,0,0
3648,test,3648,1.0,0.0,1,0,0
3663,test,3663,0.0,0.0,0,0,0
3664,test,3664,0.0,0.0,0,0,0
3666,test,3666,0.0,1.0,0,1,0
3674,test,3674,3.0,0.0,1,0,0
3675,test,3675,0.0,1.0,0,1,0
3682,test,3682,0.0,0.0,0,0,0
3688,test,3688,1.0,1.0,1,1,1
3689,test,3689,6.0,0.0,1,0,0
3692,test,3692,0.0,0.0,0,0,0
3700,test,3700,0.0,0.0,0,0,0
3703,test,3703,2.0,0.0,1,0,0
3704,test,3704,0.0,0.0,0,0,0
3706,test,3706,0.0,0.0,0,0,0
3709,test,3709,0.0,0.0,0,0,0
3715,test,3715,0.0,0.0,0,0,0
3718,test,3718,0.0,0.0,0,0,0
3721,test,3721,0.0,0.0,0,0,0
3725,test,3725,1.0,0.0,1,0,0
3731,test,3731,0.0,0.0,0,0,0
3735,test,3735,1.0,0.0,1,0,0
3739,test,3739,0.0,0.0,0,0,0
3743,test,3743,1.0,0.0,1,0,0
3746,test,3746,11.0,8.0,1,1,1
3747,test,3747,2.0,0.0,1,0,0
3755,test,3755,1.0,0.0,1,0,0
3763,test,3763,3.0,0.0,1,0,0
3769,test,3769,1.0,0.0,1,0,0
3771,test,3771,0.0,0.0,0,0,0
3773,test,3773,1.0,0.0,1,0,0
3774,test,3774,3.0,0.0,1,0,0
3775,test,3775,0.0,0.0,0,0,0
3781,test,3781,0.0,0.0,0,0,0
3785,test,3785,0.0,0.0,0,0,0
3786,test,3786,0.0,0.0,0,0,0
3790,test,3790,0.0,0.0,0,0,0
3791,test,3791,6.0,0.0,1,0,0
3793,test,3793,5.0,0.0,1,0,0
3794,test,3794,0.0,0.0,0,0,0
3798,test,3798,0.0,0.0,0,0,0
3801,test,3801,0.0,0.0,0,0,0
3805,test,3805,1.0,4.0,1,1,1
3807,test,3807,0.0,0.0,0,0,0
3808,test,3808,1.0,0.0,1,0,0
3809,test,3809,0.0,0.0,0,0,0
3815,test,3815,0.0,0.0,0,0,0
3820,test,3820,1.0,0.0,1,0,0
3826,test,3826,0.0,0.0,0,0,0
3849,test,3849,0.0,0.0,0,0,0
3852,test,3852,1.0,1.0,1,1,1
3856,test,3856,1.0,0.0,1,0,0
3861,test,3861,0.0,0.0,0,0,0
3864,test,3864,2.0,0.0,1,0,0
3874,test,3874,7.0,0.0,1,0,0
3880,test,3880,2.0,0.0,1,0,0
3886,test,3886,6.0,0.0,1,0,0
3895,test,3895,1.0,2.0,1,1,1
3896,test,3896,0.0,0.0,0,0,0
3898,test,3898,0.0,0.0,0,0,0
3899,test,3899,2.0,0.0,1,0,0
3909,test,3909,0.0,0.0,0,0,0
3920,test,3920,1.0,0.0,1,0,0
3921,test,3921,0.0,0.0,0,0,0
3925,test,3925,0.0,0.0,0,0,0
3929,test,3929,0.0,0.0,0,0,0
3941,test,3941,2.0,0.0,1,0,0
3947,test,3947,0.0,0.0,0,0,0
3951,test,3951,0.0,0.0,0,0,0
3952,test,3952,0.0,0.0,0,0,0
3957,test,3957,0.0,0.0,0,0,0
3958,test,3958,0.0,0.0,0,0,0
3964,test,3964,2.0,3.0,1,1,1
3976,test,3976,1.0,0.0,1,0,0
3979,test,3979,0.0,0.0,0,0,0
3982,test,3982,0.0,0.0,0,0,0
3984,test,3984,0.0,0.0,0,0,0
3986,test,3986,0.0,0.0,0,0,0
3988,test,3988,1.0,0.0,1,0,0
3991,test,3991,6.0,0.0,1,0,0
4012,test,4012,1.0,0.0,1,0,0
4015,test,4015,5.0,0.0,1,0,0
4019,test,4019,0.0,0.0,0,0,0
4023,test,4023,2.0,0.0,1,0,0
