outcome,fold_id,ccp_alpha,TP,FP,TN,FN,recall_sensitivity,specificity,precision_ppv,npv,balanced_accuracy,f1_positive,accuracy,roc_auc,pr_auc_average_precision,positive_support,negative_support,support
victimization,1,0.0,174,116,189,124,0.5838926174496645,0.6196721311475409,0.6,0.6038338658146964,0.6017823742986027,0.5918367346938775,0.6019900497512438,0.6017823742986028,0.5559740447649894,298,305,603
victimization,1,0.0003792690218297806,174,116,189,124,0.5838926174496645,0.6196721311475409,0.6,0.6038338658146964,0.6017823742986027,0.5918367346938775,0.6019900497512438,0.6017823742986026,0.5567299449970582,298,305,603
victimization,1,0.0003909447596465973,177,117,188,121,0.5939597315436241,0.6163934426229508,0.6020408163265306,0.6084142394822006,0.6051765870832875,0.5979729729729729,0.6053067993366501,0.6001320277258224,0.5554913112801548,298,305,603
victimization,1,0.0004014476068322367,177,117,188,121,0.5939597315436241,0.6163934426229508,0.6020408163265306,0.6084142394822006,0.6051765870832875,0.5979729729729729,0.6053067993366501,0.5909561007811639,0.5478191354693649,298,305,603
victimization,1,0.0004131299589629316,179,118,187,119,0.6006711409395973,0.6131147540983607,0.6026936026936027,0.6111111111111112,0.606892947518979,0.6016806722689075,0.6069651741293532,0.5752723071845088,0.527718595633977,298,305,603
victimization,1,0.000529340366852135,179,119,186,119,0.6006711409395973,0.6098360655737705,0.6006711409395973,0.6098360655737705,0.6052536032566839,0.6006711409395973,0.6053067993366501,0.5713829904279899,0.5285723300434986,298,305,603
victimization,1,0.0005920650714346202,180,121,184,118,0.6040268456375839,0.6032786885245902,0.5980066445182725,0.609271523178808,0.6036527670810871,0.6010016694490818,0.603648424543947,0.5731323577951369,0.5287637437389432,298,305,603
victimization,1,0.0006476913854366558,183,119,186,115,0.6140939597315436,0.6098360655737705,0.6059602649006622,0.6179401993355482,0.611965012652657,0.6099999999999999,0.6119402985074627,0.5827098690725052,0.5356454739162373,298,305,603
victimization,1,0.0006703523140139281,183,119,186,115,0.6140939597315436,0.6098360655737705,0.6059602649006622,0.6179401993355482,0.611965012652657,0.6099999999999999,0.6119402985074627,0.5703377709318957,0.5300224155947195,298,305,603
victimization,1,0.0007000805709194937,185,119,186,113,0.6208053691275168,0.6098360655737705,0.6085526315789473,0.6220735785953178,0.6153207173506436,0.6146179401993356,0.615257048092869,0.5711959511497415,0.5294315710818591,298,305,603
victimization,1,0.0007116277740414392,185,118,187,113,0.6208053691275168,0.6131147540983607,0.6105610561056105,0.6233333333333333,0.6169600616129387,0.6156405990016639,0.6169154228855721,0.5795247001870392,0.5397671718767512,298,305,603
victimization,1,0.0007261944493268559,185,119,186,113,0.6208053691275168,0.6098360655737705,0.6085526315789473,0.6220735785953178,0.6153207173506436,0.6146179401993356,0.615257048092869,0.5830784464737595,0.5417031676723506,298,305,603
victimization,1,0.0007420216074327823,186,117,188,112,0.6241610738255033,0.6163934426229508,0.6138613861386139,0.6266666666666667,0.6202772582242271,0.6189683860232945,0.6202321724709784,0.5936736714710089,0.5539391996901231,298,305,603
victimization,1,0.0007476398042546926,187,118,187,111,0.62751677852349,0.6131147540983607,0.6131147540983607,0.62751677852349,0.6203157663109253,0.6202321724709785,0.6202321724709784,0.6002365496754318,0.5626466842243102,298,305,603
victimization,1,0.000754627801795217,188,118,187,110,0.6308724832214765,0.6131147540983607,0.6143790849673203,0.6296296296296297,0.6219936186599186,0.6225165562913908,0.6218905472636815,0.6034437231818681,0.5661466238704939,298,305,603
victimization,1,0.0007653347309541735,191,118,187,107,0.6409395973154363,0.6131147540983607,0.6181229773462783,0.6360544217687075,0.6270271757068985,0.6293245469522241,0.6268656716417911,0.6085763010232148,0.5690335636668093,298,305,603
victimization,1,0.0007710656096588327,191,118,187,107,0.6409395973154363,0.6131147540983607,0.6181229773462783,0.6360544217687075,0.6270271757068985,0.6293245469522241,0.6268656716417911,0.6040433491033117,0.5630221718172725,298,305,603
victimization,1,0.0007745504840940523,193,118,187,105,0.6476510067114094,0.6131147540983607,0.6205787781350482,0.6404109589041096,0.630382880404885,0.6338259441707718,0.6301824212271974,0.6058092199361866,0.5644581061164733,298,305,603
victimization,1,0.0007831071571090402,193,118,187,105,0.6476510067114094,0.6131147540983607,0.6205787781350482,0.6404109589041096,0.630382880404885,0.6338259441707718,0.6301824212271974,0.6038067994278798,0.561731930118666,298,305,603
victimization,1,0.000830608689021764,197,120,185,101,0.6610738255033557,0.6065573770491803,0.6214511041009464,0.6468531468531469,0.633815601276268,0.6406504065040651,0.6334991708126037,0.6037187809439981,0.5600997219737427,298,305,603
victimization,1,0.0008765442553231524,197,119,186,101,0.6610738255033557,0.6098360655737705,0.6234177215189873,0.6480836236933798,0.6354549455385631,0.6416938110749186,0.6351575456053068,0.6122840796567279,0.5652641938408546,298,305,603
victimization,1,0.0009060885765094417,196,119,186,102,0.6577181208053692,0.6098360655737705,0.6222222222222222,0.6458333333333334,0.6337770931895699,0.6394779771615008,0.6334991708126037,0.6148201122235669,0.5660098591572903,298,305,603
victimization,1,0.0009504314777031961,197,121,184,101,0.6610738255033557,0.6032786885245902,0.6194968553459119,0.6456140350877193,0.632176257013973,0.6396103896103896,0.6318407960199005,0.6285014853119155,0.5836532402930159,298,305,603
victimization,1,0.0009857992427932394,196,119,186,102,0.6577181208053692,0.6098360655737705,0.6222222222222222,0.6458333333333334,0.6337770931895699,0.6394779771615008,0.6334991708126037,0.6320497304433932,0.5893319940793124,298,305,603
victimization,1,0.0010087545550055512,198,120,185,100,0.6644295302013423,0.6065573770491803,0.6226415094339622,0.6491228070175439,0.6354934536252613,0.6428571428571429,0.6351575456053068,0.6424909230938498,0.603473731914249,298,305,603
victimization,1,0.0010369667660716857,192,117,188,106,0.6442953020134228,0.6163934426229508,0.6213592233009708,0.6394557823129252,0.6303443723181867,0.6326194398682042,0.6301824212271974,0.6401364286500164,0.6024211763213823,298,305,603
victimization,1,0.0010643544603554172,189,116,189,109,0.6342281879194631,0.6196721311475409,0.6196721311475409,0.6342281879194631,0.6269501595335021,0.626865671641791,0.6268656716417911,0.6455330619430081,0.6073456614837299,298,305,603
victimization,1,0.0010850479114963335,190,120,185,108,0.6375838926174496,0.6065573770491803,0.6129032258064516,0.6313993174061433,0.6220706348333149,0.625,0.6218905472636815,0.6390306964462537,0.6041663886702101,298,305,603
victimization,1,0.0011030583673607086,188,116,189,110,0.6308724832214765,0.6196721311475409,0.618421052631579,0.6321070234113713,0.6252723071845088,0.6245847176079735,0.6252072968490879,0.6406810430190341,0.606622751692879,298,305,603
victimization,1,0.0011203319502074687,187,117,188,111,0.62751677852349,0.6163934426229508,0.6151315789473685,0.6287625418060201,0.6219551105732204,0.6212624584717609,0.6218905472636815,0.6473814501045221,0.6154231379563005,298,305,603
victimization,1,0.0011480489407672508,187,119,186,111,0.62751677852349,0.6098360655737705,0.6111111111111112,0.6262626262626263,0.6186764220486303,0.619205298013245,0.6185737976782753,0.6455220596325228,0.619119486115467,298,305,603
victimization,1,0.001174932699491361,186,116,189,112,0.6241610738255033,0.6196721311475409,0.6158940397350994,0.627906976744186,0.6219166024865221,0.6200000000000001,0.6218905472636815,0.6450599625921444,0.6156949119498285,298,305,603
victimization,1,0.0011948939782432397,185,116,189,113,0.6208053691275168,0.6196721311475409,0.6146179401993356,0.6258278145695364,0.6202387501375288,0.6176961602671118,0.6202321724709784,0.6451754868522389,0.6139159036852475,298,305,603
victimization,1,0.001231500430955936,185,115,190,113,0.6208053691275168,0.6229508196721312,0.6166666666666667,0.6270627062706271,0.621878094399824,0.6187290969899666,0.6218905472636815,0.6477500275057763,0.6190224734364388,298,305,603
victimization,1,0.0012477628536034112,186,117,188,112,0.6241610738255033,0.6163934426229508,0.6138613861386139,0.6266666666666667,0.6202772582242271,0.6189683860232945,0.6202321724709784,0.6425184288700626,0.6036814824748852,298,305,603
victimization,1,0.001273100693941089,184,114,191,114,0.6174496644295302,0.6262295081967213,0.6174496644295302,0.6262295081967213,0.6218395863131257,0.6174496644295302,0.6218905472636815,0.6468368357355045,0.6085735680151638,298,305,603
victimization,1,0.0013224011785743842,190,117,188,108,0.6375838926174496,0.6163934426229508,0.6188925081433225,0.6351351351351351,0.6269886676202002,0.6280991735537189,0.6268656716417911,0.6513862911211356,0.6168040651159363,298,305,603
victimization,1,0.0013732291051634805,194,124,181,104,0.6510067114093959,0.5934426229508196,0.610062893081761,0.6350877192982456,0.6222246671801077,0.6298701298701298,0.6218905472636815,0.6498679722741777,0.6155339302412433,298,305,603
victimization,1,0.001416433793434386,184,120,185,114,0.6174496644295302,0.6065573770491803,0.6052631578947368,0.6187290969899666,0.6120035207393553,0.6112956810631229,0.6119402985074627,0.6438992188359556,0.6119155423135535,298,305,603
victimization,1,0.0014376927355877415,188,121,184,110,0.6308724832214765,0.6032786885245902,0.6084142394822006,0.6258503401360545,0.6170755858730333,0.6194398682042833,0.6169154228855721,0.6459456485862031,0.6064544050185441,298,305,603
victimization,1,0.0015533386928085877,193,124,181,105,0.6476510067114094,0.5934426229508196,0.6088328075709779,0.6328671328671329,0.6205468148311145,0.6276422764227643,0.6202321724709784,0.6453075145780613,0.6078821669062642,298,305,603
victimization,1,0.0016253699109995152,188,110,195,110,0.6308724832214765,0.639344262295082,0.6308724832214765,0.639344262295082,0.6351083727582792,0.6308724832214765,0.6351575456053068,0.6560457696116185,0.6276914562263654,298,305,603
victimization,1,0.0016730106031707277,196,127,178,102,0.6577181208053692,0.5836065573770491,0.6068111455108359,0.6357142857142857,0.6206623390912092,0.6312399355877617,0.6202321724709784,0.6549785454945539,0.6321609767086209,298,305,603
victimization,1,0.0018128181209789308,202,130,175,96,0.6778523489932886,0.5737704918032787,0.608433734939759,0.6457564575645757,0.6258114203982836,0.6412698412698413,0.6252072968490879,0.6649521399493894,0.6448374055662487,298,305,603
victimization,1,0.0019164592086184692,193,114,191,105,0.6476510067114094,0.6262295081967213,0.6286644951140065,0.6452702702702703,0.6369402574540654,0.6380165289256199,0.6368159203980099,0.6667730223346903,0.6443261570964857,298,305,603
victimization,1,0.00211729673356393,205,115,190,93,0.6879194630872483,0.6229508196721312,0.640625,0.6713780918727915,0.6554351413796897,0.6634304207119741,0.6550580431177446,0.7014358015183189,0.6942565698349228,298,305,603
victimization,1,0.0024407792411682153,205,119,186,93,0.6879194630872483,0.6098360655737705,0.6327160493827161,0.6666666666666666,0.6488777643305094,0.6591639871382636,0.648424543946932,0.6912421608537792,0.6794180021771528,298,305,603
victimization,1,0.002814741402301754,185,98,207,113,0.6208053691275168,0.6786885245901639,0.6537102473498233,0.646875,0.6497469468588404,0.6368330464716007,0.6500829187396352,0.6909285950049512,0.6770671614850885,298,305,603
victimization,1,0.0038799281755952843,176,92,213,122,0.5906040268456376,0.6983606557377049,0.6567164179104478,0.6358208955223881,0.6444823412916713,0.6219081272084805,0.6451077943615257,0.6529706238310045,0.6190140949355588,298,305,603
victimization,1,0.02172673358285976,0,0,305,298,0.0,1.0,,0.5058043117744611,0.5,,0.5058043117744611,0.5,0.494195688225539,298,305,603
victimization,2,0.0,163,120,185,135,0.5469798657718121,0.6065573770491803,0.5759717314487632,0.578125,0.5767686214104962,0.5611015490533563,0.5771144278606966,0.5767686214104962,0.5389255373711281,298,305,603
victimization,2,0.0003928853699156012,163,120,185,135,0.5469798657718121,0.6065573770491803,0.5759717314487632,0.578125,0.5767686214104962,0.5611015490533563,0.5771144278606966,0.576510067114094,0.5391698947515168,298,305,603
victimization,2,0.0003995093799480283,163,120,185,135,0.5469798657718121,0.6065573770491803,0.5759717314487632,0.578125,0.5767686214104962,0.5611015490533563,0.5771144278606966,0.5667785234899329,0.5297343264096066,298,305,603
victimization,2,0.00040261316575991807,163,120,185,135,0.5469798657718121,0.6065573770491803,0.5759717314487632,0.578125,0.5767686214104962,0.5611015490533563,0.5771144278606966,0.5660138629112114,0.5300416300697561,298,305,603
victimization,2,0.00041052254990484396,161,118,187,137,0.540268456375839,0.6131147540983607,0.5770609318996416,0.5771604938271605,0.5766916052370998,0.5580589254766032,0.5771144278606966,0.5601881395092969,0.5350704954426289,298,305,603
victimization,2,0.0005205039709795972,161,117,188,137,0.540268456375839,0.6163934426229508,0.579136690647482,0.5784615384615385,0.5783309494993949,0.5590277777777778,0.5787728026533997,0.5430685443943228,0.5169134024088683,298,305,603
victimization,2,0.0006292617817725787,159,121,184,139,0.5335570469798657,0.6032786885245902,0.5678571428571428,0.5696594427244582,0.568417867752228,0.5501730103806228,0.5688225538971807,0.5462317086588183,0.5199353481058697,298,305,603
victimization,2,0.0006710744304105304,158,119,186,140,0.5302013422818792,0.6098360655737705,0.5703971119133574,0.5705521472392638,0.5700187039278248,0.5495652173913043,0.5704809286898839,0.5458741335680493,0.5209874832907375,298,305,603
victimization,2,0.0006894874132225504,155,117,188,143,0.5201342281879194,0.6163934426229508,0.5698529411764706,0.56797583081571,0.5682638354054351,0.543859649122807,0.5688225538971807,0.5492683463527341,0.5229540257487209,298,305,603
victimization,2,0.0007082894805818001,157,119,186,141,0.5268456375838926,0.6098360655737705,0.5688405797101449,0.5688073394495413,0.5683408515788315,0.5470383275261324,0.5688225538971807,0.5484816811530422,0.5233729963512694,298,305,603
victimization,2,0.0007266249712688871,157,115,190,141,0.5268456375838926,0.6229508196721312,0.5772058823529411,0.5740181268882175,0.5748982286280119,0.5508771929824561,0.5754560530679934,0.5560897788535593,0.5368744705185381,298,305,603
victimization,2,0.0007346299515656885,158,115,190,140,0.5302013422818792,0.6229508196721312,0.5787545787545788,0.5757575757575758,0.5765760809770052,0.553415061295972,0.5771144278606966,0.5652437011772472,0.543388528656712,298,305,603
victimization,2,0.0007389440660674462,159,113,192,139,0.5335570469798657,0.6295081967213115,0.5845588235294118,0.5800604229607251,0.5815326218505886,0.5578947368421052,0.582089552238806,0.5709373968533393,0.5483973501677126,298,305,603
victimization,2,0.0007508296738968261,160,114,191,138,0.5369127516778524,0.6262295081967213,0.583941605839416,0.5805471124620061,0.5815711299372868,0.5594405594405595,0.582089552238806,0.5731763670370779,0.5507168361620021,298,305,603
victimization,2,0.0007583418127718841,164,114,191,134,0.5503355704697986,0.6262295081967213,0.5899280575539568,0.5876923076923077,0.58828253933326,0.5694444444444444,0.5887230514096186,0.5821707558587302,0.5543825607072035,298,305,603
victimization,2,0.0007700162327988564,164,114,191,134,0.5503355704697986,0.6262295081967213,0.5899280575539568,0.5876923076923077,0.58828253933326,0.5694444444444444,0.5887230514096186,0.5850753658268235,0.5546371584020969,298,305,603
victimization,2,0.0007788248672320143,163,113,192,135,0.5469798657718121,0.6295081967213115,0.5905797101449275,0.5871559633027523,0.5882440312465618,0.5679442508710801,0.5887230514096186,0.5844537352844097,0.5564972522596409,298,305,603
victimization,2,0.0007896317981845969,163,111,194,135,0.5469798657718121,0.6360655737704918,0.5948905109489051,0.5896656534954408,0.5915227197711519,0.56993006993007,0.5920398009950248,0.5884695786115084,0.5607928883593298,298,305,603
victimization,2,0.000798509927140633,163,108,197,135,0.5469798657718121,0.6459016393442623,0.6014760147601476,0.5933734939759037,0.5964407525580372,0.5729349736379614,0.5970149253731343,0.5898063593354604,0.5639853075017546,298,305,603
victimization,2,0.0008646852181530324,164,107,198,134,0.5503355704697986,0.6491803278688525,0.6051660516605166,0.5963855421686747,0.5997579491693256,0.5764499121265377,0.6003316749585407,0.592694465837826,0.5680530586751391,298,305,603
victimization,2,0.0009287794468588767,162,102,203,136,0.5436241610738255,0.6655737704918033,0.6136363636363636,0.5988200589970502,0.6045989657828144,0.5765124555160143,0.6053067993366501,0.5974914732093739,0.5749015520153347,298,305,603
victimization,2,0.0009484291641967989,165,103,202,133,0.5536912751677853,0.6622950819672131,0.6156716417910447,0.6029850746268657,0.6079931785674992,0.5830388692579506,0.6086235489220564,0.6016173396413246,0.5814822245524379,298,305,603
victimization,2,0.0009685674062155983,165,102,203,133,0.5536912751677853,0.6655737704918033,0.6179775280898876,0.6041666666666666,0.6096325228297943,0.584070796460177,0.6102819237147595,0.6043514137968974,0.5826699892531289,298,305,603
victimization,2,0.0009968542511518206,162,99,206,136,0.5436241610738255,0.6754098360655738,0.6206896551724138,0.6023391812865497,0.6095169985696997,0.5796064400715564,0.6102819237147595,0.6039388271537023,0.5822406034286866,298,305,603
victimization,2,0.001029777375361252,163,100,205,135,0.5469798657718121,0.6721311475409836,0.6197718631178707,0.6029411764705882,0.6095555066563978,0.5811051693404634,0.6102819237147595,0.6026405545164484,0.5789806623929171,298,305,603
victimization,2,0.0010478226378270608,162,100,205,136,0.5436241610738255,0.6721311475409836,0.6183206106870229,0.6011730205278593,0.6078776543074045,0.5785714285714285,0.6086235489220564,0.6070799867972274,0.5855541494115004,298,305,603
victimization,2,0.001071537223201208,162,101,204,136,0.5436241610738255,0.6688524590163935,0.6159695817490495,0.6,0.6062383100451094,0.5775401069518717,0.6069651741293532,0.6094729893277588,0.5926576369054254,298,305,603
victimization,2,0.0011035129659907373,162,108,197,136,0.5436241610738255,0.6459016393442623,0.6,0.5915915915915916,0.5947629002090439,0.5704225352112676,0.5953565505804311,0.6044669380569919,0.5846072237022063,298,305,603
victimization,2,0.0011190245971308317,163,105,200,135,0.5469798657718121,0.6557377049180327,0.6082089552238806,0.5970149253731343,0.6013587853449225,0.5759717314487633,0.6019900497512438,0.6040048410166134,0.5850213139000796,298,305,603
victimization,2,0.0011300608763560752,162,104,201,136,0.5436241610738255,0.659016393442623,0.6090225563909775,0.5964391691394659,0.6013202772582242,0.574468085106383,0.6019900497512438,0.6025745406535372,0.5853692274515346,298,305,603
victimization,2,0.0011631612797474186,158,101,204,140,0.5302013422818792,0.6688524590163935,0.61003861003861,0.5930232558139535,0.5995269006491364,0.5673249551166966,0.6003316749585407,0.5937781934206183,0.5794283719772946,298,305,603
victimization,2,0.0011980571718906898,165,102,203,133,0.5536912751677853,0.6655737704918033,0.6179775280898876,0.6041666666666666,0.6096325228297943,0.584070796460177,0.6102819237147595,0.6130377379249643,0.5935872588858112,298,305,603
victimization,2,0.0012157213076533088,164,102,203,134,0.5503355704697986,0.6655737704918033,0.6165413533834586,0.6023738872403561,0.607954670480801,0.5815602836879433,0.6086235489220564,0.6081747166905049,0.57985376741285,298,305,603
victimization,2,0.0012451104049394375,168,104,201,130,0.5637583892617449,0.659016393442623,0.6176470588235294,0.6072507552870091,0.6113873913521839,0.5894736842105263,0.6119402985074627,0.6167290130927494,0.5864126907862893,298,305,603
victimization,2,0.001279220709132309,171,105,200,127,0.5738255033557047,0.6557377049180327,0.6195652173913043,0.6116207951070336,0.6147816041368688,0.5958188153310104,0.615257048092869,0.6258774342611949,0.5904161730597974,298,305,603
victimization,2,0.0013269529366252786,168,103,202,130,0.5637583892617449,0.6622950819672131,0.6199261992619927,0.608433734939759,0.613026735614479,0.5905096660808435,0.6135986733001658,0.6266255913741886,0.5914719489957551,298,305,603
victimization,2,0.0013344201361815047,170,106,199,128,0.5704697986577181,0.6524590163934426,0.6159420289855072,0.6085626911314985,0.6114644075255804,0.5923344947735192,0.6119402985074627,0.6299922983826605,0.6079867219837324,298,305,603
victimization,2,0.0013950402073296547,158,93,212,140,0.5302013422818792,0.6950819672131148,0.6294820717131474,0.6022727272727273,0.612641654747497,0.575591985428051,0.6135986733001658,0.6360325668390362,0.6063894993768703,298,305,603
victimization,2,0.0014416662784121769,162,87,218,136,0.5436241610738255,0.7147540983606557,0.6506024096385542,0.615819209039548,0.6291891297172406,0.5923217550274223,0.6301824212271974,0.6507756628892066,0.6089503644369287,298,305,603
victimization,2,0.0015316358718640076,160,85,220,138,0.5369127516778524,0.7213114754098361,0.6530612244897959,0.6145251396648045,0.6291121135438442,0.5893186003683241,0.6301824212271974,0.6483221476510067,0.6064993175549604,298,305,603
victimization,2,0.001606623659033757,160,86,219,138,0.5369127516778524,0.7180327868852459,0.6504065040650406,0.6134453781512605,0.6274727692815492,0.5882352941176471,0.6285240464344942,0.6449884475739905,0.601327880887023,298,305,603
victimization,2,0.001655686340926412,156,81,224,142,0.5234899328859061,0.7344262295081967,0.6582278481012658,0.6120218579234973,0.6289580811970514,0.5831775700934579,0.6301824212271974,0.6544339311255364,0.6277370087971029,298,305,603
victimization,2,0.0017828136171735562,154,69,236,144,0.5167785234899329,0.7737704918032787,0.6905829596412556,0.6210526315789474,0.6452745076466058,0.5911708253358926,0.6467661691542289,0.6757674111563429,0.6569157450134139,298,305,603
victimization,2,0.0018638773379804933,168,84,221,130,0.5637583892617449,0.7245901639344262,0.6666666666666666,0.6296296296296297,0.6441742765980856,0.6109090909090908,0.6451077943615257,0.6937946968863462,0.6822136691892513,298,305,603
victimization,2,0.002157322126637651,159,79,226,139,0.5335570469798657,0.740983606557377,0.6680672268907563,0.6191780821917808,0.6372703267686214,0.5932835820895522,0.6384742951907131,0.6859445483551546,0.6702694618245205,298,305,603
victimization,2,0.0022900528930858517,163,88,217,135,0.5469798657718121,0.7114754098360656,0.649402390438247,0.6164772727272727,0.6292276378039389,0.5938069216757741,0.6301824212271974,0.6845252503025635,0.6690283700547468,298,305,603
victimization,2,0.0024968316963202204,212,138,167,86,0.7114093959731543,0.5475409836065573,0.6057142857142858,0.6600790513833992,0.6294751897898558,0.654320987654321,0.6285240464344942,0.6888711629442184,0.6780080350888631,298,305,603
victimization,2,0.003085329800961679,214,146,159,84,0.7181208053691275,0.521311475409836,0.5944444444444444,0.654320987654321,0.6197161403894818,0.6504559270516718,0.6185737976782753,0.6888931675651886,0.6753738538440665,298,305,603
victimization,2,0.005894646989398956,203,127,178,95,0.6812080536912751,0.5836065573770491,0.6151515151515151,0.652014652014652,0.6324073055341621,0.6464968152866242,0.6318407960199005,0.6724117064583564,0.6550293844604571,298,305,603
victimization,2,0.029137559518174205,0,0,305,298,0.0,1.0,,0.5058043117744611,0.5,,0.5058043117744611,0.5,0.494195688225539,298,305,603
victimization,3,0.0,169,129,176,129,0.5671140939597316,0.5770491803278689,0.5671140939597316,0.5770491803278689,0.5720816371438002,0.5671140939597316,0.572139303482587,0.5720816371438002,0.5355487438264737,298,305,603
victimization,3,0.0003810848155222154,168,127,178,130,0.5637583892617449,0.5836065573770491,0.5694915254237288,0.577922077922078,0.573682473319397,0.566610455311973,0.5737976782752903,0.569974694685884,0.5345636853759635,298,305,603
victimization,3,0.0003883308317239206,169,127,178,129,0.5671140939597316,0.5836065573770491,0.5709459459459459,0.5798045602605864,0.5753603256683903,0.569023569023569,0.5754560530679934,0.5779183628561997,0.5369838888299665,298,305,603
victimization,3,0.00039418127644708193,168,125,180,130,0.5637583892617449,0.5901639344262295,0.5733788395904437,0.5806451612903226,0.5769611618439872,0.5685279187817258,0.5771144278606966,0.574551655847728,0.5400224042261421,298,305,603
victimization,3,0.00039927133012396975,169,125,180,129,0.5671140939597316,0.5901639344262295,0.5748299319727891,0.5825242718446602,0.5786390141929805,0.5709459459459459,0.5787728026533997,0.5803113653867312,0.5413349262275202,298,305,603
victimization,3,0.0004031240712095117,169,125,180,129,0.5671140939597316,0.5901639344262295,0.5748299319727891,0.5825242718446602,0.5786390141929805,0.5709459459459459,0.5787728026533997,0.5829574210584223,0.5502991606245229,298,305,603
victimization,3,0.0005014365762895784,171,125,180,127,0.5738255033557047,0.5901639344262295,0.5777027027027027,0.5863192182410424,0.5819947188909671,0.5757575757575757,0.582089552238806,0.5738310045109473,0.5365328870904861,298,305,603
victimization,3,0.0005871780483242658,171,127,178,127,0.5738255033557047,0.5836065573770491,0.5738255033557047,0.5836065573770491,0.578716030366377,0.5738255033557047,0.5787728026533997,0.5665639784354715,0.5411140072497111,298,305,603
victimization,3,0.0006468399717030567,172,129,176,126,0.5771812080536913,0.5770491803278689,0.5714285714285714,0.5827814569536424,0.5771151941907802,0.5742904841402338,0.5771144278606966,0.568720431290571,0.5420066497279461,298,305,603
victimization,3,0.0006656361546146009,169,128,177,129,0.5671140939597316,0.580327868852459,0.569023569023569,0.5784313725490197,0.5737209814060953,0.5680672268907563,0.5737976782752903,0.5685443943228079,0.5424207088315183,298,305,603
victimization,3,0.0006912760956726118,169,127,178,129,0.5671140939597316,0.5836065573770491,0.5709459459459459,0.5798045602605864,0.5753603256683903,0.569023569023569,0.5754560530679934,0.5669435581472109,0.5431259525347959,298,305,603
victimization,3,0.0007197894959971357,171,129,176,127,0.5738255033557047,0.5770491803278689,0.57,0.5808580858085809,0.5754373418417869,0.57190635451505,0.5754560530679934,0.5687259324458136,0.5436600794013627,298,305,603
victimization,3,0.000733709770372963,171,128,177,127,0.5738255033557047,0.580327868852459,0.5719063545150501,0.5822368421052632,0.5770766861040819,0.5728643216080401,0.5771144278606966,0.5684343712179558,0.5434697715580541,298,305,603
victimization,3,0.0007390923616725423,174,130,175,124,0.5838926174496645,0.5737704918032787,0.5723684210526315,0.5852842809364549,0.5788315546264715,0.5780730897009967,0.5787728026533997,0.574194080756959,0.552779505965227,298,305,603
victimization,3,0.0007519647503056877,175,131,174,123,0.587248322147651,0.5704918032786885,0.5718954248366013,0.5858585858585859,0.5788700627131698,0.5794701986754967,0.5787728026533997,0.5794751897898558,0.5561698423276237,298,305,603
victimization,3,0.0007675815664710101,172,128,177,126,0.5771812080536913,0.580327868852459,0.5733333333333334,0.5841584158415841,0.5787545384530752,0.5752508361204013,0.5787728026533997,0.5789800858180217,0.5534504116961342,298,305,603
victimization,3,0.0007764009541576646,172,127,178,126,0.5771812080536913,0.5836065573770491,0.5752508361204013,0.5855263157894737,0.5803938827153703,0.576214405360134,0.5804311774461028,0.5823467928264936,0.5572567287292578,298,305,603
victimization,3,0.0008007182988962191,171,129,176,127,0.5738255033557047,0.5770491803278689,0.57,0.5808580858085809,0.5754373418417869,0.57190635451505,0.5754560530679934,0.5771922103641766,0.5541437609183925,298,305,603
victimization,3,0.0008371648497263238,170,127,178,128,0.5704697986577181,0.5836065573770491,0.5723905723905723,0.5816993464052288,0.5770381780173837,0.5714285714285714,0.5771144278606966,0.5742270876884146,0.5552218908015908,298,305,603
victimization,3,0.0008696857898222397,174,128,177,124,0.5838926174496645,0.580327868852459,0.5761589403973509,0.5880398671096345,0.5821102431510617,0.58,0.582089552238806,0.5841401694355814,0.5595486453667944,298,305,603
victimization,3,0.0009005441418064783,171,124,181,127,0.5738255033557047,0.5934426229508196,0.5796610169491525,0.5876623376623377,0.5836340631532622,0.5767284991568297,0.5837479270315091,0.5843217075585875,0.5596321293032006,298,305,603
victimization,3,0.0009210956203537531,170,122,183,128,0.5704697986577181,0.6,0.5821917808219178,0.5884244372990354,0.585234899328859,0.5762711864406779,0.5854063018242123,0.58269886676202,0.5612430021538817,298,305,603
victimization,3,0.0009488651065842166,169,119,186,129,0.5671140939597316,0.6098360655737705,0.5868055555555556,0.5904761904761905,0.5884750797667511,0.5767918088737203,0.5887230514096186,0.588392562438112,0.5662092346131979,298,305,603
victimization,3,0.0009875372795323028,168,117,188,130,0.5637583892617449,0.6163934426229508,0.5894736842105263,0.5911949685534591,0.5900759159423479,0.5763293310463121,0.5903814262023217,0.5886456155792716,0.5676651672851099,298,305,603
victimization,3,0.0010193012533475888,167,118,187,131,0.5604026845637584,0.6131147540983607,0.5859649122807018,0.5880503144654088,0.5867587193310595,0.5728987993138938,0.5870646766169154,0.5900264055451644,0.569063323824598,298,305,603
victimization,3,0.001033904506085581,166,114,191,132,0.5570469798657718,0.6262295081967213,0.5928571428571429,0.5913312693498453,0.5916382440312465,0.57439446366782,0.5920398009950248,0.5909065903839806,0.5677496244940001,298,305,603
victimization,3,0.0010472673086090044,167,115,190,131,0.5604026845637584,0.6229508196721312,0.5921985815602837,0.5919003115264797,0.5916767521179448,0.5758620689655173,0.5920398009950248,0.5970623831004511,0.5757723886499917,298,305,603
victimization,3,0.001065816190034272,164,113,192,134,0.5503355704697986,0.6295081967213115,0.592057761732852,0.588957055214724,0.5899218835955551,0.5704347826086957,0.5903814262023217,0.5911046319727142,0.5725578156993886,298,305,603
victimization,3,0.001079483942024663,165,113,192,133,0.5536912751677853,0.6295081967213115,0.5935251798561151,0.5907692307692308,0.5915997359445484,0.5729166666666666,0.5920398009950248,0.5924524150071515,0.5772994639164402,298,305,603
victimization,3,0.0011033752473920417,166,113,192,132,0.5570469798657718,0.6295081967213115,0.5949820788530465,0.5925925925925926,0.5932775882935417,0.5753899480069323,0.593698175787728,0.5950984706788425,0.5809117986375305,298,305,603
victimization,3,0.0011163865163235224,166,111,194,132,0.5570469798657718,0.6360655737704918,0.5992779783393501,0.5950920245398773,0.5965562768181318,0.577391304347826,0.5970149253731343,0.6018208823853008,0.5848046543631159,298,305,603
victimization,3,0.0011343811274401512,165,112,193,133,0.5536912751677853,0.6327868852459017,0.5956678700361011,0.5920245398773006,0.5932390802068435,0.573913043478261,0.593698175787728,0.6101551325778413,0.5962654978424639,298,305,603
victimization,3,0.0011833744874379204,166,113,192,132,0.5570469798657718,0.6295081967213115,0.5949820788530465,0.5925925925925926,0.5932775882935417,0.5753899480069323,0.593698175787728,0.6143085047860051,0.6050605239757472,298,305,603
victimization,3,0.0012016582522317392,166,113,192,132,0.5570469798657718,0.6295081967213115,0.5949820788530465,0.5925925925925926,0.5932775882935417,0.5753899480069323,0.593698175787728,0.6109913081747167,0.6029360067540233,298,305,603
victimization,3,0.0012272240270197801,174,118,187,124,0.5838926174496645,0.6131147540983607,0.5958904109589042,0.6012861736334405,0.5985036857740126,0.5898305084745764,0.5986733001658375,0.6146000660138629,0.6017732879536093,298,305,603
victimization,3,0.0012442969722107008,175,116,189,123,0.587248322147651,0.6196721311475409,0.6013745704467354,0.6057692307692307,0.6034602266475959,0.5942275042444821,0.603648424543947,0.6124161073825504,0.6084460639280677,298,305,603
victimization,3,0.0012718655028137922,177,117,188,121,0.5939597315436241,0.6163934426229508,0.6020408163265306,0.6084142394822006,0.6051765870832875,0.5979729729729729,0.6053067993366501,0.6150291561227859,0.6163545309416004,298,305,603
victimization,3,0.0012892244924004122,174,116,189,124,0.5838926174496645,0.6196721311475409,0.6,0.6038338658146964,0.6017823742986027,0.5918367346938775,0.6019900497512438,0.6132962922213665,0.6100275941644954,298,305,603
victimization,3,0.0013320898101998593,170,112,193,128,0.5704697986577181,0.6327868852459017,0.6028368794326241,0.6012461059190031,0.6016283419518098,0.5862068965517241,0.6019900497512438,0.6130872483221478,0.6081044138856848,298,305,603
victimization,3,0.0013629877834998648,180,118,187,118,0.6040268456375839,0.6131147540983607,0.6040268456375839,0.6131147540983607,0.6085707998679724,0.6040268456375839,0.6086235489220564,0.6213059742545934,0.6115946793274002,298,305,603
victimization,3,0.0014130694938895444,182,119,186,116,0.610738255033557,0.6098360655737705,0.6046511627906976,0.6158940397350994,0.6102871603036637,0.6076794657762938,0.6102819237147595,0.6257674111563429,0.6096194202719682,298,305,603
victimization,3,0.0014968407382090448,178,114,191,120,0.5973154362416108,0.6262295081967213,0.6095890410958904,0.6141479099678456,0.611772472219166,0.6033898305084745,0.6119402985074627,0.6240345472549234,0.6044013885216112,298,305,603
victimization,3,0.0016821964575023465,189,119,186,109,0.6342281879194631,0.6098360655737705,0.6136363636363636,0.6305084745762712,0.6220321267466168,0.6237623762376239,0.6218905472636815,0.6334415227197712,0.6079529209395229,298,305,603
victimization,3,0.0017389375453038057,195,122,183,103,0.6543624161073825,0.6,0.6151419558359621,0.6398601398601399,0.6271812080536913,0.6341463414634146,0.6268656716417911,0.6434756298822752,0.6302657819156736,298,305,603
victimization,3,0.0018380340642366647,201,132,173,97,0.674496644295302,0.5672131147540984,0.6036036036036037,0.6407407407407407,0.6208548795247002,0.6370839936608559,0.6202321724709784,0.6431125536362636,0.6303482750704769,298,305,603
victimization,3,0.0019045647186732874,172,101,204,126,0.5771812080536913,0.6688524590163935,0.63003663003663,0.6181818181818182,0.6230168335350423,0.6024518388791593,0.6235489220563848,0.6665529761249862,0.6425406938676175,298,305,603
victimization,3,0.0020161063271392924,179,103,202,119,0.6006711409395973,0.6622950819672131,0.6347517730496454,0.6292834890965732,0.6314831114534052,0.6172413793103447,0.6318407960199005,0.6714325008251733,0.6435382123417093,298,305,603
victimization,3,0.0022518597057616086,208,136,169,90,0.697986577181208,0.5540983606557377,0.6046511627906976,0.6525096525096525,0.6260424689184729,0.6479750778816198,0.6252072968490879,0.6732313785895038,0.6434725359494299,298,305,603
victimization,3,0.00500789171613338,182,104,201,116,0.610738255033557,0.659016393442623,0.6363636363636364,0.6340694006309149,0.6348773242380901,0.6232876712328768,0.6351575456053068,0.6552040928595005,0.5949340208852089,298,305,603
victimization,3,0.022061372959536585,0,0,305,298,0.0,1.0,,0.5058043117744611,0.5,,0.5058043117744611,0.5,0.494195688225539,298,305,603
victimization,4,0.0,169,128,177,129,0.5671140939597316,0.580327868852459,0.569023569023569,0.5784313725490197,0.5737209814060953,0.5680672268907563,0.5737976782752903,0.5737209814060953,0.5366316340472406,298,305,603
victimization,4,0.0003823180039332198,169,128,177,129,0.5671140939597316,0.580327868852459,0.569023569023569,0.5784313725490197,0.5737209814060953,0.5680672268907563,0.5737976782752903,0.5774837715920343,0.5401804577011009,298,305,603
victimization,4,0.0003905474812626558,168,125,180,130,0.5637583892617449,0.5901639344262295,0.5733788395904437,0.5806451612903226,0.5769611618439872,0.5685279187817258,0.5771144278606966,0.5764110463197272,0.5409855498170769,298,305,603
victimization,4,0.00039842245803020827,168,126,179,130,0.5637583892617449,0.5868852459016394,0.5714285714285714,0.5792880258899676,0.5753218175816921,0.5675675675675677,0.5754560530679934,0.5775662889206734,0.5417351419518384,298,305,603
victimization,4,0.0004027483402476867,170,125,180,128,0.5704697986577181,0.5901639344262295,0.576271186440678,0.5844155844155844,0.5803168665419738,0.5733558178752107,0.5804311774461028,0.5748047089888877,0.5382129116322018,298,305,603
victimization,4,0.0004976381735961553,171,124,181,127,0.5738255033557047,0.5934426229508196,0.5796610169491525,0.5876623376623377,0.5836340631532622,0.5767284991568297,0.5837479270315091,0.5689404775002751,0.5288003110662863,298,305,603
victimization,4,0.000532457836564691,168,121,184,130,0.5637583892617449,0.6032786885245902,0.5813148788927336,0.5859872611464968,0.5835185388931676,0.5724020442930152,0.5837479270315091,0.5703432720871383,0.530287763407972,298,305,603
victimization,4,0.0006221484861053505,168,121,184,130,0.5637583892617449,0.6032786885245902,0.5813148788927336,0.5859872611464968,0.5835185388931676,0.5724020442930152,0.5837479270315091,0.5764000440092419,0.5397789266968679,298,305,603
victimization,4,0.0006674341242096174,170,124,181,128,0.5704697986577181,0.5934426229508196,0.5782312925170068,0.5857605177993528,0.5819562108042688,0.5743243243243242,0.582089552238806,0.5788590604026844,0.5411799883970684,298,305,603
victimization,4,0.0006866855028765998,172,125,180,126,0.5771812080536913,0.5901639344262295,0.5791245791245792,0.5882352941176471,0.5836725712399604,0.5781512605042017,0.5837479270315091,0.5839696336230609,0.5461485705821951,298,305,603
victimization,4,0.0007007591717780744,172,125,180,126,0.5771812080536913,0.5901639344262295,0.5791245791245792,0.5882352941176471,0.5836725712399604,0.5781512605042017,0.5837479270315091,0.5790571019914181,0.542339641964176,298,305,603
victimization,4,0.0007287980593700288,172,125,180,126,0.5771812080536913,0.5901639344262295,0.5791245791245792,0.5882352941176471,0.5836725712399604,0.5781512605042017,0.5837479270315091,0.585856529871273,0.5449271083494447,298,305,603
victimization,4,0.0007363425222049382,174,123,182,124,0.5838926174496645,0.5967213114754099,0.5858585858585859,0.5947712418300654,0.5903069644625372,0.5848739495798319,0.5903814262023217,0.5903894817911761,0.5481987711256104,298,305,603
victimization,4,0.0007427345458775383,173,123,182,125,0.5805369127516778,0.5967213114754099,0.5844594594594594,0.5928338762214984,0.5886291121135439,0.5824915824915824,0.5887230514096186,0.5886951259764551,0.548572101499599,298,305,603
victimization,4,0.0007545877742260264,173,121,184,125,0.5805369127516778,0.6032786885245902,0.5884353741496599,0.5954692556634305,0.591907800638134,0.5844594594594594,0.5920398009950248,0.5956320827373749,0.5597682570248363,298,305,603
victimization,4,0.0007684966589308088,174,120,185,124,0.5838926174496645,0.6065573770491803,0.5918367346938775,0.598705501618123,0.5952249972494223,0.5878378378378379,0.5953565505804311,0.598855759709539,0.5614490976917983,298,305,603
victimization,4,0.0007790092395315656,175,121,184,123,0.587248322147651,0.6032786885245902,0.5912162162162162,0.5993485342019544,0.5952635053361206,0.5892255892255893,0.5953565505804311,0.600192540433491,0.5655212388343223,298,305,603
victimization,4,0.0008022870117521334,175,122,183,123,0.587248322147651,0.6,0.5892255892255892,0.5980392156862745,0.5936241610738255,0.5882352941176471,0.593698175787728,0.5979755748707228,0.565791722057493,298,305,603
victimization,4,0.0008135932589330704,175,122,183,123,0.587248322147651,0.6,0.5892255892255892,0.5980392156862745,0.5936241610738255,0.5882352941176471,0.593698175787728,0.5949334360215646,0.5593876397729225,298,305,603
victimization,4,0.0008767842760004534,173,116,189,125,0.5805369127516778,0.6196721311475409,0.5986159169550173,0.6019108280254777,0.6001045219496094,0.5894378194207837,0.6003316749585407,0.5951644845417537,0.5659845776991695,298,305,603
victimization,4,0.0009067387748432963,172,116,189,126,0.5771812080536913,0.6196721311475409,0.5972222222222222,0.6,0.5984266696006162,0.5870307167235496,0.5986733001658375,0.5950104521949611,0.5660045307015457,298,305,603
victimization,4,0.000943803485724443,173,117,188,125,0.5805369127516778,0.6163934426229508,0.596551724137931,0.6006389776357828,0.5984651776873143,0.5884353741496597,0.5986733001658375,0.5932610848278139,0.5662893267416194,298,305,603
victimization,4,0.0009665004713740336,175,117,188,123,0.587248322147651,0.6163934426229508,0.5993150684931506,0.6045016077170418,0.6018208823853008,0.5932203389830508,0.6019900497512438,0.5924799207833645,0.5653903132300176,298,305,603
victimization,4,0.000990731470193862,176,115,190,122,0.5906040268456376,0.6229508196721312,0.6048109965635738,0.6089743589743589,0.6067774232588844,0.5976230899830219,0.6069651741293532,0.595698096600286,0.5700821781015171,298,305,603
victimization,4,0.0010071200766060208,176,113,192,122,0.5906040268456376,0.6295081967213115,0.6089965397923875,0.6114649681528662,0.6100561117834746,0.5996592844974447,0.6102819237147595,0.5950269556606887,0.5663237389825984,298,305,603
victimization,4,0.0010362458851994594,176,110,195,122,0.5906040268456376,0.639344262295082,0.6153846153846154,0.6151419558359621,0.6149741445703598,0.6027397260273973,0.615257048092869,0.6011222356694905,0.5732085253943675,298,305,603
victimization,4,0.0011144542684508312,174,111,194,124,0.5838926174496645,0.6360655737704918,0.6105263157894737,0.610062893081761,0.6099790956100781,0.5969125214408233,0.6102819237147595,0.5991308174716691,0.5709447223793949,298,305,603
victimization,4,0.0011361813692265454,173,115,190,125,0.5805369127516778,0.6229508196721312,0.6006944444444444,0.6031746031746031,0.6017438662119046,0.5904436860068258,0.6019900497512438,0.5940202442512927,0.5633739486386801,298,305,603
victimization,4,0.0011787406762817077,177,118,187,121,0.5939597315436241,0.6131147540983607,0.6,0.6071428571428571,0.6035372428209924,0.596964586846543,0.603648424543947,0.5990207943668171,0.5679494871143503,298,305,603
victimization,4,0.001202898900303519,174,114,191,124,0.5838926174496645,0.6262295081967213,0.6041666666666666,0.6063492063492063,0.6050610628231929,0.5938566552901023,0.6053067993366501,0.6000660138629111,0.567903626055778,298,305,603
victimization,4,0.001225153941868998,176,114,191,122,0.5906040268456376,0.6262295081967213,0.6068965517241379,0.610223642172524,0.6084167675211795,0.598639455782313,0.6086235489220564,0.6036362636153592,0.5732288078294248,298,305,603
victimization,4,0.0012673995882427217,176,113,192,122,0.5906040268456376,0.6295081967213115,0.6089965397923875,0.6114649681528662,0.6100561117834746,0.5996592844974447,0.6102819237147595,0.6042413906920452,0.5717728266967498,298,305,603
victimization,4,0.0012836880803437074,172,110,195,126,0.5771812080536913,0.639344262295082,0.6099290780141844,0.6074766355140186,0.6082627351743867,0.5931034482758621,0.6086235489220564,0.6087138299042799,0.5763409713595822,298,305,603
victimization,4,0.0013195110360314057,173,109,196,125,0.5805369127516778,0.6426229508196721,0.6134751773049646,0.6105919003115264,0.6115799317856749,0.596551724137931,0.6119402985074627,0.6235559467488172,0.5885557345397435,298,305,603
victimization,4,0.0013393436231002086,178,113,192,120,0.5973154362416108,0.6295081967213115,0.6116838487972509,0.6153846153846154,0.6134118164814611,0.6044142614601019,0.6135986733001658,0.6224667180107822,0.5860908544607535,298,305,603
victimization,4,0.0013619131347088736,178,114,191,120,0.5973154362416108,0.6262295081967213,0.6095890410958904,0.6141479099678456,0.611772472219166,0.6033898305084745,0.6119402985074627,0.6232258774342612,0.5859409233312568,298,305,603
victimization,4,0.0014027323765095118,179,116,189,119,0.6006711409395973,0.6196721311475409,0.6067796610169491,0.6136363636363636,0.6101716360435692,0.6037099494097807,0.6102819237147595,0.6228683023434922,0.5904460004797573,298,305,603
victimization,4,0.00144885589479022,176,116,189,122,0.5906040268456376,0.6196721311475409,0.6027397260273972,0.6077170418006431,0.6051380789965892,0.5966101694915255,0.6053067993366501,0.6163604356914951,0.5831824809724029,298,305,603
victimization,4,0.0014787554728790454,173,113,192,125,0.5805369127516778,0.6295081967213115,0.6048951048951049,0.6056782334384858,0.6050225547364947,0.5924657534246576,0.6053067993366501,0.6192760479700737,0.5852443548267359,298,305,603
victimization,4,0.0015256085041075154,177,115,190,121,0.5939597315436241,0.6229508196721312,0.6061643835616438,0.6109324758842444,0.6084552756078776,0.6,0.6086235489220564,0.6197326438552097,0.584100693955892,298,305,603
victimization,4,0.0015923354432824499,181,119,186,117,0.6073825503355704,0.6098360655737705,0.6033333333333334,0.6138613861386139,0.6086093079546704,0.6053511705685619,0.6086235489220564,0.619452084937837,0.5866660111956825,298,305,603
victimization,4,0.0016327945137160865,188,126,179,110,0.6308724832214765,0.5868852459016394,0.5987261146496815,0.6193771626297578,0.6088788645615579,0.6143790849673202,0.6086235489220564,0.6271922103641764,0.5891217014742319,298,305,603
victimization,4,0.001706606106737816,184,121,184,114,0.6174496644295302,0.6032786885245902,0.6032786885245902,0.6174496644295302,0.6103641764770602,0.6102819237147596,0.6102819237147595,0.6322642754978547,0.6007190141314221,298,305,603
victimization,4,0.0017876188322447893,183,108,197,115,0.6140939597315436,0.6459016393442623,0.6288659793814433,0.6314102564102564,0.6299977995379029,0.6213921901528013,0.6301824212271974,0.6515623280888987,0.638562119998336,298,305,603
victimization,4,0.0018865600325434976,183,106,199,115,0.6140939597315436,0.6524590163934426,0.6332179930795848,0.6337579617834395,0.633276488062493,0.6235093696763202,0.6334991708126037,0.656700407085488,0.646737495305594,298,305,603
victimization,4,0.0020497346014690066,184,107,198,114,0.6174496644295302,0.6491803278688525,0.6323024054982818,0.6346153846153846,0.6333149961491913,0.6247877758913413,0.6334991708126037,0.6611013312795687,0.6437163904419262,298,305,603
victimization,4,0.00215415051952733,200,115,190,98,0.6711409395973155,0.6229508196721312,0.6349206349206349,0.6597222222222222,0.6470458796347234,0.6525285481239805,0.6467661691542289,0.6838981186049071,0.6681928652969353,298,305,603
victimization,4,0.0030630877889383954,173,86,219,125,0.5805369127516778,0.7180327868852459,0.667953667953668,0.6366279069767442,0.6492848498184618,0.6211849192100538,0.6500829187396352,0.6838101001210254,0.6487060232406507,298,305,603
victimization,4,0.004881510367333752,231,162,143,67,0.7751677852348994,0.46885245901639344,0.5877862595419847,0.680952380952381,0.6220101221256464,0.6685962373371924,0.6202321724709784,0.6543349103311695,0.6046626005285907,298,305,603
victimization,4,0.025885131044433074,0,0,305,298,0.0,1.0,,0.5058043117744611,0.5,,0.5058043117744611,0.5,0.494195688225539,298,305,603
victimization,5,0.0,165,135,170,133,0.5536912751677853,0.5573770491803278,0.55,0.5610561056105611,0.5555341621740566,0.5518394648829431,0.5555555555555556,0.5555341621740565,0.525094048771801,298,305,603
victimization,5,0.0003883096166712227,165,135,170,133,0.5536912751677853,0.5573770491803278,0.55,0.5610561056105611,0.5555341621740566,0.5518394648829431,0.5555555555555556,0.5578171415997359,0.5265669321276131,298,305,603
victimization,5,0.0003982306319458519,165,135,170,133,0.5536912751677853,0.5573770491803278,0.55,0.5610561056105611,0.5555341621740566,0.5518394648829431,0.5555555555555556,0.5561447904059852,0.5237945569612986,298,305,603
victimization,5,0.00040169330332312183,165,135,170,133,0.5536912751677853,0.5573770491803278,0.55,0.5610561056105611,0.5555341621740566,0.5518394648829431,0.5555555555555556,0.5463967433160963,0.5201989430197708,298,305,603
victimization,5,0.0004468151103579738,166,135,170,132,0.5570469798657718,0.5573770491803278,0.5514950166112956,0.5629139072847682,0.5572120145230498,0.5542570951585978,0.5572139303482587,0.5500055011552427,0.5225150918117923,298,305,603
victimization,5,0.0005512505015831856,166,135,170,132,0.5570469798657718,0.5573770491803278,0.5514950166112956,0.5629139072847682,0.5572120145230498,0.5542570951585978,0.5572139303482587,0.5422653757289031,0.5146401079674308,298,305,603
victimization,5,0.0006268510445793139,165,139,166,133,0.5536912751677853,0.5442622950819672,0.5427631578947368,0.5551839464882943,0.5489767851248762,0.5481727574750831,0.548922056384743,0.5547860050610629,0.5259224851640024,298,305,603
victimization,5,0.000677341604386478,162,140,165,136,0.5436241610738255,0.5409836065573771,0.5364238410596026,0.5481727574750831,0.5423038838156014,0.5399999999999999,0.5422885572139303,0.5643965232698867,0.5351656642225309,298,305,603
victimization,5,0.0006912760956726118,163,141,164,135,0.5469798657718121,0.5377049180327869,0.5361842105263158,0.5484949832775919,0.5423423919022995,0.5415282392026579,0.5422885572139303,0.5661843987237319,0.5395751341160527,298,305,603
victimization,5,0.0007118270665497936,163,141,164,135,0.5469798657718121,0.5377049180327869,0.5361842105263158,0.5484949832775919,0.5423423919022995,0.5415282392026579,0.5422885572139303,0.562641654747497,0.5414788189730579,298,305,603
victimization,5,0.0007181994231148189,167,143,162,131,0.5604026845637584,0.5311475409836065,0.5387096774193548,0.552901023890785,0.5457751127736825,0.549342105263158,0.5456053067993366,0.565012652657058,0.5421540628447781,298,305,603
victimization,5,0.0007221812460917367,166,141,164,132,0.5570469798657718,0.5377049180327869,0.5407166123778502,0.5540540540540541,0.5473759489492793,0.5487603305785124,0.5472636815920398,0.5633127956870942,0.5413825494327862,298,305,603
victimization,5,0.0007329767244931983,169,145,160,129,0.5671140939597316,0.5245901639344263,0.5382165605095541,0.5536332179930796,0.5458521289470789,0.5522875816993463,0.5456053067993366,0.558367257123996,0.5347139479643694,298,305,603
victimization,5,0.0007466632772416639,170,145,160,128,0.5704697986577181,0.5245901639344263,0.5396825396825397,0.5555555555555556,0.5475299812960721,0.5546492659053832,0.5472636815920398,0.5630377379249643,0.5378090263177867,298,305,603
victimization,5,0.0007610244429584361,167,145,160,131,0.5604026845637584,0.5245901639344263,0.5352564102564102,0.5498281786941581,0.5424964242490924,0.5475409836065575,0.5422885572139303,0.5644350313565849,0.5393383815131914,298,305,603
victimization,5,0.0007684700565718826,169,143,162,129,0.5671140939597316,0.5311475409836065,0.5416666666666666,0.5567010309278351,0.549130817471669,0.5540983606557377,0.548922056384743,0.5703102651556826,0.5436011458349574,298,305,603
victimization,5,0.0007742292271533252,171,143,162,127,0.5738255033557047,0.5311475409836065,0.5445859872611465,0.5605536332179931,0.5524865221696555,0.5588235294117647,0.5522388059701493,0.5777478270436791,0.5482180737079719,298,305,603
victimization,5,0.0007813992457206858,171,142,163,127,0.5738255033557047,0.5344262295081967,0.5463258785942492,0.5620689655172414,0.5541258664319507,0.5597381342062193,0.5538971807628524,0.576383540543514,0.5441057911818123,298,305,603
victimization,5,0.0007967721931781219,171,140,165,127,0.5738255033557047,0.5409836065573771,0.5498392282958199,0.565068493150685,0.557404554956541,0.561576354679803,0.5572139303482587,0.5790075915942348,0.5478609813272657,298,305,603
victimization,5,0.0008542378882521838,171,140,165,127,0.5738255033557047,0.5409836065573771,0.5498392282958199,0.565068493150685,0.557404554956541,0.561576354679803,0.5572139303482587,0.5847342942017824,0.5514346028431725,298,305,603
victimization,5,0.0008713784008140659,167,131,174,131,0.5604026845637584,0.5704918032786885,0.5604026845637584,0.5704918032786885,0.5654472439212235,0.5604026845637584,0.5655058043117744,0.5864506546374739,0.5515562908684557,298,305,603
victimization,5,0.0009393654872709204,168,131,174,130,0.5637583892617449,0.5704918032786885,0.5618729096989966,0.5723684210526315,0.5671250962702168,0.5628140703517588,0.5671641791044776,0.5900704147871053,0.546550615777055,298,305,603
victimization,5,0.0009481177699999509,168,132,173,130,0.5637583892617449,0.5672131147540984,0.56,0.570957095709571,0.5654857520079217,0.5618729096989966,0.5655058043117744,0.5883045439542304,0.5458461803560206,298,305,603
victimization,5,0.000979828442605341,167,131,174,131,0.5604026845637584,0.5704918032786885,0.5604026845637584,0.5704918032786885,0.5654472439212235,0.5604026845637584,0.5655058043117744,0.5823412916712509,0.5444817347481696,298,305,603
victimization,5,0.0010227551795911549,171,132,173,127,0.5738255033557047,0.5672131147540984,0.5643564356435643,0.5766666666666667,0.5705193090549016,0.5690515806988353,0.5704809286898839,0.5872813290791067,0.5453619168073938,298,305,603
victimization,5,0.0010619900007088348,171,130,175,127,0.5738255033557047,0.5737704918032787,0.5681063122923588,0.5794701986754967,0.5737979975794917,0.5709515859766278,0.5737976782752903,0.5917427659808561,0.5484401097166205,298,305,603
victimization,5,0.0010893920754575272,172,131,174,126,0.5771812080536913,0.5704918032786885,0.5676567656765676,0.58,0.5738365056661899,0.5723793677204659,0.5737976782752903,0.5891902299482892,0.544372139990367,298,305,603
victimization,5,0.0011131983318184652,174,131,174,124,0.5838926174496645,0.5704918032786885,0.5704918032786885,0.5838926174496645,0.5771922103641765,0.5771144278606966,0.5771144278606966,0.5919133017933766,0.5457099466909338,298,305,603
victimization,5,0.0011224379089368752,170,119,186,128,0.5704697986577181,0.6098360655737705,0.5882352941176471,0.5923566878980892,0.5901529321157443,0.5792163543441227,0.5903814262023217,0.5944823412916713,0.5491258044622163,298,305,603
victimization,5,0.0011410153522411121,176,122,183,122,0.5906040268456376,0.6,0.5906040268456376,0.6,0.5953020134228189,0.5906040268456376,0.5953565505804311,0.6051820882385301,0.562389156435636,298,305,603
victimization,5,0.001178934945180862,173,118,187,125,0.5805369127516778,0.6131147540983607,0.5945017182130584,0.5993589743589743,0.5968258334250193,0.5874363327674024,0.5970149253731343,0.6095885135878534,0.5687183763039853,298,305,603
victimization,5,0.0012234743558338945,172,118,187,126,0.5771812080536913,0.6131147540983607,0.593103448275862,0.597444089456869,0.5951479810760261,0.5850340136054422,0.5953565505804311,0.612806689404775,0.5713036918285392,298,305,603
victimization,5,0.0012527875223333955,172,118,187,126,0.5771812080536913,0.6131147540983607,0.593103448275862,0.597444089456869,0.5951479810760261,0.5850340136054422,0.5953565505804311,0.6143745186489163,0.5719573480510016,298,305,603
victimization,5,0.0012916132605650884,181,124,181,117,0.6073825503355704,0.5934426229508196,0.5934426229508196,0.6073825503355704,0.6004125866431951,0.6003316749585406,0.6003316749585407,0.6198096600286059,0.5771996290640387,298,305,603
victimization,5,0.0013194572925059893,181,125,180,117,0.6073825503355704,0.5901639344262295,0.5915032679738562,0.6060606060606061,0.5987732423809,0.5993377483443708,0.5986733001658375,0.6276102981626142,0.5938805121314175,298,305,603
victimization,5,0.0013539363645539827,182,129,176,116,0.610738255033557,0.5770491803278689,0.5852090032154341,0.6027397260273972,0.593893717680713,0.5977011494252874,0.593698175787728,0.6284739795357026,0.5936433472602938,298,305,603
victimization,5,0.0013735881213040948,179,128,177,119,0.6006711409395973,0.580327868852459,0.5830618892508144,0.597972972972973,0.5904995048960282,0.5917355371900826,0.5903814262023217,0.6261524920233249,0.5921232366122241,298,305,603
victimization,5,0.0014304063363795093,185,131,174,113,0.6208053691275168,0.5704918032786885,0.5854430379746836,0.6062717770034843,0.5956485862031027,0.6026058631921825,0.5953565505804311,0.6277588293541646,0.5883428728403121,298,305,603
victimization,5,0.0014722747532677008,189,130,175,109,0.6342281879194631,0.5737704918032787,0.5924764890282131,0.6161971830985915,0.6039993398613709,0.612641815235008,0.603648424543947,0.6334965342721972,0.5930995753781128,298,305,603
victimization,5,0.001509118193701608,192,129,176,106,0.6442953020134228,0.5770491803278689,0.5981308411214953,0.624113475177305,0.6106722411706458,0.6203554119547656,0.6102819237147595,0.6421003410716251,0.6023580436008673,298,305,603
victimization,5,0.0015593439754906287,191,126,179,107,0.6409395973154363,0.5868852459016394,0.6025236593059937,0.6258741258741258,0.6139124216085379,0.6211382113821138,0.6135986733001658,0.6480745956650897,0.6137905668748866,298,305,603
victimization,5,0.0015772782647819677,193,132,173,105,0.6476510067114094,0.5672131147540984,0.5938461538461538,0.6223021582733813,0.6074320607327539,0.6195826645264848,0.6069651741293532,0.6402409505996258,0.6092770079192538,298,305,603
victimization,5,0.0016066636252141408,200,136,169,98,0.6711409395973155,0.5540983606557377,0.5952380952380952,0.6329588014981273,0.6126196501265266,0.6309148264984228,0.6119402985074627,0.6520244251292772,0.6179148086248921,298,305,603
victimization,5,0.0017002312389189653,190,120,185,108,0.6375838926174496,0.6065573770491803,0.6129032258064516,0.6313993174061433,0.6220706348333149,0.625,0.6218905472636815,0.6700352073935526,0.654639378163553,298,305,603
victimization,5,0.001899736408371236,173,95,210,125,0.5805369127516778,0.6885245901639344,0.6455223880597015,0.6268656716417911,0.6345307514578061,0.6113074204946997,0.6351575456053068,0.6757068984486743,0.6519279911221608,298,305,603
victimization,5,0.0020796373592396004,165,89,216,133,0.5536912751677853,0.7081967213114754,0.6496062992125984,0.6189111747851003,0.6309439982396303,0.5978260869565217,0.6318407960199005,0.6769171526020464,0.6539383517041549,298,305,603
victimization,5,0.002419050188090579,166,91,214,132,0.5570469798657718,0.7016393442622951,0.6459143968871596,0.6184971098265896,0.6293431620640335,0.5981981981981982,0.6301824212271974,0.6679282649356365,0.6480846952514309,298,305,603
victimization,5,0.0029374639489055795,207,140,165,91,0.6946308724832215,0.5409836065573771,0.5965417867435159,0.64453125,0.6178072395202994,0.6418604651162791,0.6169154228855721,0.6620420288260535,0.6441401254609032,298,305,603
victimization,5,0.006232393724201975,182,112,193,116,0.610738255033557,0.6327868852459017,0.6190476190476191,0.6245954692556634,0.6217625701397294,0.6148648648648649,0.6218905472636815,0.6563263285289911,0.6171494308279248,298,305,603
victimization,5,0.0289520767214152,0,0,305,298,0.0,1.0,,0.5058043117744611,0.5,,0.5058043117744611,0.5,0.494195688225539,298,305,603
victimization,6,0.0,182,134,171,116,0.610738255033557,0.5606557377049181,0.5759493670886076,0.5958188153310104,0.5856969963692376,0.5928338762214984,0.5854063018242123,0.5856969963692376,0.5441257873969433,298,305,603
victimization,6,0.0003911311647496234,183,134,171,115,0.6140939597315436,0.5606557377049181,0.5772870662460567,0.5979020979020979,0.5873748487182309,0.5951219512195121,0.5870646766169154,0.6019199031796677,0.5562899934157586,298,305,603
victimization,6,0.0003985356670596742,185,135,170,113,0.6208053691275168,0.5573770491803278,0.578125,0.6007067137809188,0.5890912091539223,0.598705501618123,0.5887230514096186,0.5976179997799538,0.551507660431725,298,305,603
victimization,6,0.0004062117984761736,189,136,169,109,0.6342281879194631,0.5540983606557377,0.5815384615384616,0.6079136690647482,0.5941632742876004,0.6067415730337079,0.593698175787728,0.5967763230278359,0.5471637424805451,298,305,603
victimization,6,0.00045445564117763284,190,134,171,108,0.6375838926174496,0.5606557377049181,0.5864197530864198,0.6129032258064516,0.5991198151611838,0.6109324758842444,0.5986733001658375,0.5893002530531412,0.54293687920355,298,305,603
victimization,6,0.0006006314796220799,192,133,172,106,0.6442953020134228,0.5639344262295082,0.5907692307692308,0.6187050359712231,0.6041148641214655,0.6163723916532906,0.603648424543947,0.6030476400044009,0.5565207923112034,298,305,603
victimization,6,0.0006327804707218716,191,133,172,107,0.6409395973154363,0.5639344262295082,0.5895061728395061,0.6164874551971327,0.6024370117724722,0.6141479099678455,0.6019900497512438,0.599295852128947,0.5551275380664322,298,305,603
victimization,6,0.0006622365041233789,191,133,172,107,0.6409395973154363,0.5639344262295082,0.5895061728395061,0.6164874551971327,0.6024370117724722,0.6141479099678455,0.6019900497512438,0.5982561337880954,0.5557746728104362,298,305,603
victimization,6,0.0006915629322268326,191,131,174,107,0.6409395973154363,0.5704918032786885,0.593167701863354,0.6192170818505338,0.6057157002970623,0.6161290322580645,0.6053067993366501,0.6049620420288261,0.5579540383374465,298,305,603
victimization,6,0.0006999213139616675,193,133,172,105,0.6476510067114094,0.5639344262295082,0.5920245398773006,0.6209386281588448,0.6057927164704588,0.6185897435897436,0.6053067993366501,0.6067004070854879,0.558579692158711,298,305,603
victimization,6,0.0007056790327467019,192,134,171,106,0.6442953020134228,0.5606557377049181,0.588957055214724,0.6173285198555957,0.6024755198591705,0.6153846153846153,0.6019900497512438,0.6025030256353835,0.5576540922610604,298,305,603
victimization,6,0.0007171725725371249,188,131,174,110,0.6308724832214765,0.5704918032786885,0.5893416927899686,0.6126760563380281,0.6006821432500825,0.6094003241491086,0.6003316749585407,0.6021344482341292,0.5564490509181134,298,305,603
victimization,6,0.0007375680853982415,189,131,174,109,0.6342281879194631,0.5704918032786885,0.590625,0.6148409893992933,0.6023599955990758,0.6116504854368933,0.6019900497512438,0.6068929475189789,0.5601193828834172,298,305,603
victimization,6,0.0007497439840862506,187,127,178,111,0.62751677852349,0.5836065573770491,0.5955414012738853,0.615916955017301,0.6055616679502696,0.6111111111111112,0.6053067993366501,0.6090218945978655,0.5638116510186629,298,305,603
victimization,6,0.0007610204628322718,186,124,181,112,0.6241610738255033,0.5934426229508196,0.6,0.6177474402730375,0.6088018483881614,0.6118421052631579,0.6086235489220564,0.613730883485532,0.5653683507106704,298,305,603
victimization,6,0.0007784259440078838,186,124,181,112,0.6241610738255033,0.5934426229508196,0.6,0.6177474402730375,0.6088018483881614,0.6118421052631579,0.6086235489220564,0.6122455715700298,0.5625846292598974,298,305,603
victimization,6,0.0007829288319047947,185,122,183,113,0.6208053691275168,0.6,0.6026058631921825,0.6182432432432432,0.6104026845637585,0.6115702479338843,0.6102819237147595,0.6101441302673561,0.5602979591989314,298,305,603
victimization,6,0.0007924746662150341,186,118,187,112,0.6241610738255033,0.6131147540983607,0.6118421052631579,0.6254180602006689,0.618637913961932,0.6179401993355482,0.6185737976782753,0.6253108152712069,0.5775519677165721,298,305,603
victimization,6,0.0008036280201577856,185,117,188,113,0.6208053691275168,0.6163934426229508,0.6125827814569537,0.6245847176079734,0.6185994058752338,0.6166666666666667,0.6185737976782753,0.6261469908680822,0.5797623180372349,298,305,603
victimization,6,0.0008158171869362161,184,116,189,114,0.6174496644295302,0.6196721311475409,0.6133333333333333,0.6237623762376238,0.6185608977885355,0.6153846153846154,0.6185737976782753,0.6248597205413137,0.5723407535285925,298,305,603
victimization,6,0.0008860473650040928,185,119,186,113,0.6208053691275168,0.6098360655737705,0.6085526315789473,0.6220735785953178,0.6153207173506436,0.6146179401993356,0.615257048092869,0.6276598085597976,0.5753714471421244,298,305,603
victimization,6,0.0009257803101481646,186,121,184,112,0.6241610738255033,0.6032786885245902,0.6058631921824105,0.6216216216216216,0.6137198811750468,0.6148760330578513,0.6135986733001658,0.6230553416217406,0.5700457334562014,298,305,603
victimization,6,0.0009381440780224368,185,121,184,113,0.6208053691275168,0.6032786885245902,0.6045751633986928,0.6195286195286195,0.6120420288260535,0.6125827814569536,0.6119402985074627,0.6251072725272306,0.571606121043329,298,305,603
victimization,6,0.000949396949058224,185,124,181,113,0.6208053691275168,0.5934426229508196,0.598705501618123,0.6156462585034014,0.6071239960391682,0.6095551894563427,0.6069651741293532,0.6209483991638244,0.5693269126428894,298,305,603
victimization,6,0.001012228386647569,185,126,179,113,0.6208053691275168,0.5868852459016394,0.594855305466238,0.613013698630137,0.6038453075145781,0.6075533661740559,0.603648424543947,0.6243096050170536,0.5749584512702306,298,305,603
victimization,6,0.0010270656060979621,186,126,179,112,0.6241610738255033,0.5868852459016394,0.5961538461538461,0.6151202749140894,0.6055231598635713,0.6098360655737705,0.6053067993366501,0.6240675541863792,0.5764422647828639,298,305,603
victimization,6,0.0010772577782637057,183,128,177,115,0.6140939597315436,0.580327868852459,0.5884244372990354,0.6061643835616438,0.5972109142920012,0.6009852216748768,0.5970149253731343,0.6209098910771261,0.580747547233314,298,305,603
victimization,6,0.001109433802971186,183,123,182,115,0.6140939597315436,0.5967213114754099,0.5980392156862745,0.6127946127946128,0.6054076356034768,0.6059602649006621,0.6053067993366501,0.6261799977995378,0.5842808316784538,298,305,603
victimization,6,0.001153087896220509,176,117,188,122,0.5906040268456376,0.6163934426229508,0.6006825938566553,0.6064516129032258,0.6034987347342942,0.5956006768189509,0.603648424543947,0.6239740345472549,0.583466222409406,298,305,603
victimization,6,0.0011844251233477114,171,105,200,127,0.5738255033557047,0.6557377049180327,0.6195652173913043,0.6116207951070336,0.6147816041368688,0.5958188153310104,0.615257048092869,0.625778413466828,0.5931580223302895,298,305,603
victimization,6,0.00119412388715823,171,107,198,127,0.5738255033557047,0.6491803278688525,0.6151079136690647,0.6092307692307692,0.6115029156122787,0.59375,0.6119402985074627,0.6274342611948509,0.601135807664606,298,305,603
victimization,6,0.0012051465061880845,179,110,195,119,0.6006711409395973,0.639344262295082,0.6193771626297578,0.6210191082802548,0.6200077016173396,0.6098807495741055,0.6202321724709784,0.6406150291561227,0.6110269336605186,298,305,603
victimization,6,0.001230956162048284,181,113,192,117,0.6073825503355704,0.6295081967213115,0.6156462585034014,0.6213592233009708,0.618445373528441,0.6114864864864865,0.6185737976782753,0.6423368907470568,0.6148662419443255,298,305,603
victimization,6,0.001248946525853969,180,113,192,118,0.6040268456375839,0.6295081967213115,0.6143344709897611,0.6193548387096774,0.6167675211794477,0.6091370558375635,0.6169154228855721,0.6427384750797668,0.6140148181347598,298,305,603
victimization,6,0.001286776648352814,183,115,190,115,0.6140939597315436,0.6229508196721312,0.6140939597315436,0.6229508196721312,0.6185223897018374,0.6140939597315436,0.6185737976782753,0.6384695786115084,0.6149710972295297,298,305,603
victimization,6,0.001315697524944708,181,116,189,117,0.6073825503355704,0.6196721311475409,0.6094276094276094,0.6176470588235294,0.6135273407415557,0.6084033613445379,0.6135986733001658,0.6347232918912974,0.61078839988758,298,305,603
victimization,6,0.0013318332667981239,181,115,190,117,0.6073825503355704,0.6229508196721312,0.6114864864864865,0.6188925081433225,0.6151666850038509,0.6094276094276094,0.615257048092869,0.6318626911651447,0.6189376207741346,298,305,603
victimization,6,0.0013691355280579381,180,115,190,118,0.6040268456375839,0.6229508196721312,0.6101694915254238,0.6168831168831169,0.6134888326548575,0.6070826306913998,0.6135986733001658,0.6351633843107053,0.6180734582088957,298,305,603
victimization,6,0.0013999296370371824,180,117,188,118,0.6040268456375839,0.6163934426229508,0.6060606060606061,0.6143790849673203,0.6102101441302674,0.6050420168067226,0.6102819237147595,0.6306744416327429,0.6153302863825623,298,305,603
victimization,6,0.0014153562119007337,175,111,194,123,0.587248322147651,0.6360655737704918,0.6118881118881119,0.61198738170347,0.6116569479590714,0.5993150684931506,0.6119402985074627,0.6354879524700187,0.6163942368430748,298,305,603
victimization,6,0.0015093072816318004,181,115,190,117,0.6073825503355704,0.6229508196721312,0.6114864864864865,0.6188925081433225,0.6151666850038509,0.6094276094276094,0.615257048092869,0.6368797447463967,0.6174591880096849,298,305,603
victimization,6,0.0015945256098578843,188,122,183,110,0.6308724832214765,0.6,0.6064516129032258,0.6245733788395904,0.6154362416107382,0.618421052631579,0.615257048092869,0.6390471999119816,0.6210230541550809,298,305,603
victimization,6,0.0016999400521487645,185,114,191,113,0.6208053691275168,0.6262295081967213,0.6187290969899666,0.6282894736842105,0.6235174386621191,0.6197654941373535,0.6235489220563848,0.6482946418747937,0.6305639674872044,298,305,603
victimization,6,0.0017835129514125205,185,110,195,113,0.6208053691275168,0.639344262295082,0.6271186440677966,0.6331168831168831,0.6300748157112994,0.623946037099494,0.6301824212271974,0.6636483661568929,0.637210192712168,298,305,603
victimization,6,0.001859781370546901,188,109,196,110,0.6308724832214765,0.6426229508196721,0.632996632996633,0.6405228758169934,0.6367477170205743,0.6319327731092437,0.6368159203980099,0.679403674771702,0.6488462433111027,298,305,603
victimization,6,0.002074637721187857,161,80,225,137,0.540268456375839,0.7377049180327869,0.6680497925311203,0.6215469613259669,0.638986687204313,0.5974025974025975,0.6401326699834162,0.6842831994718891,0.6545366460178498,298,305,603
victimization,6,0.002323380948388968,190,116,189,108,0.6375838926174496,0.6196721311475409,0.6209150326797386,0.6363636363636364,0.6286280118824953,0.6291390728476821,0.6285240464344942,0.6735944548355155,0.6423292029341015,298,305,603
victimization,6,0.0028827227136883136,178,105,200,120,0.5973154362416108,0.6557377049180327,0.6289752650176679,0.625,0.6265265705798218,0.6127366609294319,0.6268656716417911,0.675530861480911,0.6454471608488316,298,305,603
victimization,6,0.0051724619927548425,167,101,204,131,0.5604026845637584,0.6688524590163935,0.6231343283582089,0.608955223880597,0.614627571790076,0.5901060070671378,0.615257048092869,0.6479370667840247,0.6037349473777736,298,305,603
victimization,6,0.02700762963895914,0,0,305,298,0.0,1.0,,0.5058043117744611,0.5,,0.5058043117744611,0.5,0.494195688225539,298,305,603
victimization,7,0.0,177,140,165,121,0.5939597315436241,0.5409836065573771,0.5583596214511041,0.5769230769230769,0.5674716690505006,0.575609756097561,0.5671641791044776,0.5674716690505006,0.5323064807789787,298,305,603
victimization,7,0.00038758222756758585,177,139,166,121,0.5939597315436241,0.5442622950819672,0.560126582278481,0.578397212543554,0.5691110133127957,0.5765472312703583,0.5688225538971807,0.569947188909671,0.5342460575472858,298,305,603
victimization,7,0.0003937451809725856,180,139,166,118,0.6040268456375839,0.5442622950819672,0.5642633228840125,0.5845070422535211,0.5741445703597756,0.5834683954619124,0.5737976782752903,0.5766365936846738,0.536627231031822,298,305,603
victimization,7,0.00040212114900911583,179,137,168,119,0.6006711409395973,0.5508196721311476,0.5664556962025317,0.5853658536585366,0.5757454065353724,0.5830618892508143,0.5754560530679934,0.5821157443063043,0.543647353917464,298,305,603
victimization,7,0.0004357647511174476,178,136,169,120,0.5973154362416108,0.5540983606557377,0.5668789808917197,0.5847750865051903,0.5757068984486742,0.5816993464052288,0.5754560530679934,0.5795687094289801,0.543782737020521,298,305,603
victimization,7,0.0006222271781798997,180,134,171,118,0.6040268456375839,0.5606557377049181,0.5732484076433121,0.5916955017301038,0.5823412916712509,0.588235294117647,0.582089552238806,0.5831059522499725,0.5453618802278666,298,305,603
victimization,7,0.0006597604463638842,179,129,176,119,0.6006711409395973,0.5770491803278689,0.5811688311688312,0.5966101694915255,0.5888601606337331,0.5907590759075908,0.5887230514096186,0.5821377489272748,0.5502322211683014,298,305,603
victimization,7,0.0006869291104498805,179,128,177,119,0.6006711409395973,0.580327868852459,0.5830618892508144,0.597972972972973,0.5904995048960282,0.5917355371900826,0.5903814262023217,0.5878479480690946,0.5550297614423916,298,305,603
victimization,7,0.0006988175796518022,180,128,177,118,0.6040268456375839,0.580327868852459,0.5844155844155844,0.6,0.5921773572450215,0.594059405940594,0.5920398009950248,0.5910606227307735,0.5596431719417283,298,305,603
victimization,7,0.0007142655521011016,180,127,178,118,0.6040268456375839,0.5836065573770491,0.5863192182410424,0.6013513513513513,0.5938167015073166,0.5950413223140496,0.593698175787728,0.6023434921333479,0.5675491440359843,298,305,603
victimization,7,0.0007376671277086217,182,128,177,116,0.610738255033557,0.580327868852459,0.5870967741935483,0.6040955631399317,0.595533061943008,0.5986842105263158,0.5953565505804311,0.6037517878754539,0.570262742437071,298,305,603
victimization,7,0.0007468879668049795,182,129,176,116,0.610738255033557,0.5770491803278689,0.5852090032154341,0.6027397260273972,0.593893717680713,0.5977011494252874,0.593698175787728,0.6041533722081638,0.5719475791392853,298,305,603
victimization,7,0.0007593692356971653,179,128,177,119,0.6006711409395973,0.580327868852459,0.5830618892508144,0.597972972972973,0.5904995048960282,0.5917355371900826,0.5903814262023217,0.6023324898228628,0.5681297163608148,298,305,603
victimization,7,0.0007671443356090657,179,126,179,119,0.6006711409395973,0.5868852459016394,0.5868852459016394,0.6006711409395973,0.5937781934206183,0.5936981757877281,0.593698175787728,0.6069039498294642,0.5724718860635063,298,305,603
victimization,7,0.0007750444576170719,178,126,179,120,0.5973154362416108,0.5868852459016394,0.5855263157894737,0.5986622073578596,0.592100341071625,0.5913621262458473,0.5920398009950248,0.6046154692485423,0.5690761110835744,298,305,603
victimization,7,0.0007889409880243658,177,125,180,121,0.5939597315436241,0.5901639344262295,0.5860927152317881,0.5980066445182725,0.5920618329849268,0.59,0.5920398009950248,0.606700407085488,0.5690663025010605,298,305,603
victimization,7,0.0007999458757355275,178,125,180,120,0.5973154362416108,0.5901639344262295,0.5874587458745875,0.6,0.5937396853339201,0.5923460898502496,0.593698175787728,0.6057652106942458,0.5667538580899634,298,305,603
victimization,7,0.000813714244656746,177,124,181,121,0.5939597315436241,0.5934426229508196,0.5880398671096345,0.5993377483443708,0.5937011772472218,0.5909849749582636,0.593698175787728,0.6051050720651336,0.5652783344208354,298,305,603
victimization,7,0.0008425967370416516,177,120,185,121,0.5939597315436241,0.6065573770491803,0.5959595959595959,0.6045751633986928,0.6002585542964023,0.5949579831932773,0.6003316749585407,0.6115139179227638,0.5723609249754693,298,305,603
victimization,7,0.0008855803205115435,180,122,183,118,0.6040268456375839,0.6,0.5960264900662252,0.6079734219269103,0.6020134228187919,0.6,0.6019900497512438,0.6071184948839257,0.5603768798985134,298,305,603
victimization,7,0.0009301952857607059,181,123,182,117,0.6073825503355704,0.5967213114754099,0.5953947368421053,0.6086956521739131,0.6020519309054901,0.6013289036544851,0.6019900497512438,0.6068269336560678,0.5606572837401231,298,305,603
victimization,7,0.000980020294548493,183,126,179,115,0.6140939597315436,0.5868852459016394,0.5922330097087378,0.608843537414966,0.6004896028165915,0.6029654036243822,0.6003316749585407,0.6086148091099132,0.5615612502520676,298,305,603
victimization,7,0.000992447075059084,182,125,180,116,0.610738255033557,0.5901639344262295,0.5928338762214984,0.6081081081081081,0.6004510947298933,0.6016528925619834,0.6003316749585407,0.6110408185719001,0.5624718715794474,298,305,603
victimization,7,0.0010133058927243557,178,124,181,120,0.5973154362416108,0.5934426229508196,0.5894039735099338,0.6013289036544851,0.5953790295962151,0.5933333333333334,0.5953565505804311,0.6094454835515458,0.5597989567048313,298,305,603
victimization,7,0.001037586751872466,179,130,175,119,0.6006711409395973,0.5737704918032787,0.5792880258899676,0.5952380952380952,0.587220816371438,0.5897858319604612,0.5870646766169154,0.6063593354604467,0.5607350588372957,298,305,603
victimization,7,0.0010508785300536463,180,124,181,118,0.6040268456375839,0.5934426229508196,0.5921052631578947,0.6053511705685619,0.5987347342942018,0.5980066445182725,0.5986733001658375,0.6184838816151391,0.5772391823973029,298,305,603
victimization,7,0.0010685695929864543,180,125,180,118,0.6040268456375839,0.5901639344262295,0.5901639344262295,0.6040268456375839,0.5970953900319067,0.5970149253731344,0.5970149253731343,0.6200077016173395,0.5810106689430385,298,305,603
victimization,7,0.0011084252637305393,182,129,176,116,0.610738255033557,0.5770491803278689,0.5852090032154341,0.6027397260273972,0.593893717680713,0.5977011494252874,0.593698175787728,0.6133292991528221,0.5794605507181049,298,305,603
victimization,7,0.0011258301031603331,183,128,177,115,0.6140939597315436,0.580327868852459,0.5884244372990354,0.6061643835616438,0.5972109142920012,0.6009852216748768,0.5970149253731343,0.6138134008141709,0.5805654880588151,298,305,603
victimization,7,0.001154659623513519,181,122,183,117,0.6073825503355704,0.6,0.5973597359735974,0.61,0.6036912751677852,0.6023294509151413,0.603648424543947,0.6224612168555397,0.6002333152050462,298,305,603
victimization,7,0.0011743995023509252,179,120,185,119,0.6006711409395973,0.6065573770491803,0.5986622073578596,0.6085526315789473,0.6036142589943888,0.5996649916247907,0.603648424543947,0.6169160523709979,0.6010183933217053,298,305,603
victimization,7,0.001193461577172761,180,119,186,118,0.6040268456375839,0.6098360655737705,0.6020066889632107,0.6118421052631579,0.6069314556056772,0.6030150753768845,0.6069651741293532,0.6199306854439433,0.6031643911121799,298,305,603
victimization,7,0.0012114781165260557,178,114,191,120,0.5973154362416108,0.6262295081967213,0.6095890410958904,0.6141479099678456,0.611772472219166,0.6033898305084745,0.6119402985074627,0.6239685333920122,0.6016024866320238,298,305,603
victimization,7,0.001231218516340033,178,114,191,120,0.5973154362416108,0.6262295081967213,0.6095890410958904,0.6141479099678456,0.611772472219166,0.6033898305084745,0.6119402985074627,0.6203487732423809,0.5982972779054538,298,305,603
victimization,7,0.001260447219249827,175,110,195,123,0.587248322147651,0.639344262295082,0.6140350877192983,0.6132075471698113,0.6132962922213665,0.6003430531732419,0.6135986733001658,0.6221036417647706,0.6045657539137915,298,305,603
victimization,7,0.0013094540950554364,175,116,189,123,0.587248322147651,0.6196721311475409,0.6013745704467354,0.6057692307692307,0.6034602266475959,0.5942275042444821,0.603648424543947,0.6198481681153042,0.603776467676755,298,305,603
victimization,7,0.0013671054625079523,182,124,181,116,0.610738255033557,0.5934426229508196,0.5947712418300654,0.6094276094276094,0.6020904389921884,0.6026490066225165,0.6019900497512438,0.6243921223456926,0.6104387797669104,298,305,603
victimization,7,0.001430775827422454,177,114,191,121,0.5939597315436241,0.6262295081967213,0.6082474226804123,0.6121794871794872,0.6100946198701727,0.601018675721562,0.6102819237147595,0.6290736054571459,0.6237066171461992,298,305,603
victimization,7,0.0014943668862953446,175,110,195,123,0.587248322147651,0.639344262295082,0.6140350877192983,0.6132075471698113,0.6132962922213665,0.6003430531732419,0.6135986733001658,0.646704808009682,0.6343898310778786,298,305,603
victimization,7,0.001556415721046252,184,118,187,114,0.6174496644295302,0.6131147540983607,0.609271523178808,0.6212624584717608,0.6152822092639454,0.6133333333333334,0.615257048092869,0.6485311915502256,0.6332168379550336,298,305,603
victimization,7,0.001607628072892765,186,117,188,112,0.6241610738255033,0.6163934426229508,0.6138613861386139,0.6266666666666667,0.6202772582242271,0.6189683860232945,0.6202321724709784,0.6606667400154033,0.6346650542051315,298,305,603
victimization,7,0.001654694206746383,187,115,190,111,0.62751677852349,0.6229508196721312,0.6192052980132451,0.6312292358803987,0.6252337990978105,0.6233333333333334,0.6252072968490879,0.6775112773682473,0.6652703487169098,298,305,603
victimization,7,0.0018239069299633007,178,108,197,120,0.5973154362416108,0.6459016393442623,0.6223776223776224,0.6214511041009464,0.6216085377929366,0.6095890410958904,0.6218905472636815,0.6849488392562437,0.6686958176023041,298,305,603
victimization,7,0.001856870208791708,180,111,194,118,0.6040268456375839,0.6360655737704918,0.6185567010309279,0.6217948717948718,0.6200462097040378,0.6112054329371817,0.6202321724709784,0.6879854769501594,0.6716941738029406,298,305,603
victimization,7,0.0019640305928242804,171,101,204,127,0.5738255033557047,0.6688524590163935,0.6286764705882353,0.6163141993957704,0.621338981186049,0.6,0.6218905472636815,0.6962097040378479,0.6794947305038962,298,305,603
victimization,7,0.0021414404537403128,172,95,210,126,0.5771812080536913,0.6885245901639344,0.6441947565543071,0.625,0.6328528991088129,0.608849557522124,0.6334991708126037,0.6844317306634393,0.670457225619049,298,305,603
victimization,7,0.0023530529213069743,157,70,235,141,0.5268456375838926,0.7704918032786885,0.6916299559471366,0.625,0.6486687204312905,0.598095238095238,0.6500829187396352,0.6815381230058313,0.6658390994711529,298,305,603
victimization,7,0.003167554758279967,146,60,245,152,0.4899328859060403,0.8032786885245902,0.7087378640776699,0.6171284634760705,0.6466057872153153,0.5793650793650794,0.648424543946932,0.7010122125646386,0.670042010665994,298,305,603
victimization,7,0.005229071834583867,127,49,256,171,0.4261744966442953,0.839344262295082,0.7215909090909091,0.5995316159250585,0.6327593794696886,0.5358649789029536,0.6351575456053068,0.6584332709869073,0.6349233609723944,298,305,603
victimization,7,0.025263725861211617,0,0,305,298,0.0,1.0,,0.5058043117744611,0.5,,0.5058043117744611,0.5,0.494195688225539,298,305,603
victimization,8,0.0,161,120,185,137,0.540268456375839,0.6065573770491803,0.5729537366548043,0.5745341614906833,0.5734129167125097,0.5561312607944733,0.5737976782752903,0.5734129167125097,0.5367461774775918,298,305,603
victimization,8,0.00038610692247509907,161,123,182,137,0.540268456375839,0.5967213114754099,0.5669014084507042,0.5705329153605015,0.5684948839256244,0.5532646048109966,0.5688225538971807,0.5792606447353944,0.5440088201534617,298,305,603
victimization,8,0.0003910505364674754,162,124,181,136,0.5436241610738255,0.5934426229508196,0.5664335664335665,0.5709779179810726,0.5685333920123226,0.5547945205479452,0.5688225538971807,0.587759929585213,0.5532196534289681,298,305,603
victimization,8,0.0003951807004597858,161,124,181,137,0.540268456375839,0.5934426229508196,0.5649122807017544,0.5691823899371069,0.5668555396633292,0.5523156089193825,0.5671641791044776,0.5916492463417318,0.5591460542910935,298,305,603
victimization,8,0.000399851829100426,162,124,181,136,0.5436241610738255,0.5934426229508196,0.5664335664335665,0.5709779179810726,0.5685333920123226,0.5547945205479452,0.5688225538971807,0.5951369787655407,0.5632203606740299,298,305,603
victimization,8,0.0004061252920745791,165,126,179,133,0.5536912751677853,0.5868852459016394,0.5670103092783505,0.5737179487179487,0.5702882605347124,0.5602716468590832,0.5704809286898839,0.5982396303223677,0.566353952644824,298,305,603
victimization,8,0.0005085274386690513,165,126,179,133,0.5536912751677853,0.5868852459016394,0.5670103092783505,0.5737179487179487,0.5702882605347124,0.5602716468590832,0.5704809286898839,0.584492243371108,0.5670497932399331,298,305,603
victimization,8,0.0005740883385014449,168,129,176,130,0.5637583892617449,0.5770491803278689,0.5656565656565656,0.5751633986928104,0.5704037847948069,0.5647058823529411,0.5704809286898839,0.5945318516888547,0.5802977933461544,298,305,603
victimization,8,0.0006469278216965265,163,132,173,135,0.5469798657718121,0.5672131147540984,0.5525423728813559,0.5616883116883117,0.5570964902629553,0.5497470489038786,0.5572139303482587,0.5842556936956761,0.5736141502137795,298,305,603
victimization,8,0.0006812827207888736,162,129,176,136,0.5436241610738255,0.5770491803278689,0.5567010309278351,0.5641025641025641,0.5603366707008473,0.5500848896434636,0.560530679933665,0.5866762020024205,0.578268157321587,298,305,603
victimization,8,0.0007004203984530749,163,130,175,135,0.5469798657718121,0.5737704918032787,0.5563139931740614,0.5645161290322581,0.5603751787875454,0.5516074450084603,0.560530679933665,0.5851138739135218,0.5777170687243907,298,305,603
victimization,8,0.0007143713332813782,163,129,176,135,0.5469798657718121,0.5770491803278689,0.5582191780821918,0.5659163987138264,0.5620145230498406,0.552542372881356,0.5621890547263682,0.5870172736274618,0.5810871805841,298,305,603
victimization,8,0.0007260947870289905,163,129,176,135,0.5469798657718121,0.5770491803278689,0.5582191780821918,0.5659163987138264,0.5620145230498406,0.552542372881356,0.5621890547263682,0.5921553526240511,0.5928444976244993,298,305,603
victimization,8,0.0007427652703975133,163,130,175,135,0.5469798657718121,0.5737704918032787,0.5563139931740614,0.5645161290322581,0.5603751787875454,0.5516074450084603,0.560530679933665,0.5894322807789636,0.5878426705895131,298,305,603
victimization,8,0.0007576231719032752,164,130,175,134,0.5503355704697986,0.5737704918032787,0.5578231292517006,0.5663430420711975,0.5620530311365386,0.554054054054054,0.5621890547263682,0.5863736384640774,0.5853360592947636,298,305,603
victimization,8,0.0007766458964390469,169,131,174,129,0.5671140939597316,0.5704918032786885,0.5633333333333334,0.5742574257425742,0.5688029486192101,0.5652173913043478,0.5688225538971807,0.5854549455385631,0.5761722782668309,298,305,603
victimization,8,0.0007908957629647935,167,131,174,131,0.5604026845637584,0.5704918032786885,0.5604026845637584,0.5704918032786885,0.5654472439212235,0.5604026845637584,0.5655058043117744,0.5918087798437672,0.5804600929756729,298,305,603
victimization,8,0.0008254266386835048,166,133,172,132,0.5570469798657718,0.5639344262295082,0.5551839464882943,0.5657894736842105,0.56049070304764,0.5561139028475711,0.560530679933665,0.5915777313235779,0.5772185900046559,298,305,603
victimization,8,0.0008683448801073146,166,132,173,132,0.5570469798657718,0.5672131147540984,0.5570469798657718,0.5672131147540984,0.5621300473099351,0.5570469798657718,0.5621890547263682,0.5924964242490923,0.577804764394108,298,305,603
victimization,8,0.0008988696234229035,167,129,176,131,0.5604026845637584,0.5770491803278689,0.5641891891891891,0.5732899022801303,0.5687259324458136,0.5622895622895623,0.5688225538971807,0.5961326878644515,0.5858005107451693,298,305,603
victimization,8,0.0009354152390902786,170,130,175,128,0.5704697986577181,0.5737704918032787,0.5666666666666667,0.5775577557755776,0.5721201452304984,0.568561872909699,0.572139303482587,0.5914071955110574,0.5785071957606758,298,305,603
victimization,8,0.0009706080690260341,171,129,176,127,0.5738255033557047,0.5770491803278689,0.57,0.5808580858085809,0.5754373418417869,0.57190635451505,0.5754560530679934,0.5927274727692815,0.5759485089624351,298,305,603
victimization,8,0.000993664041429809,175,131,174,123,0.587248322147651,0.5704918032786885,0.5718954248366013,0.5858585858585859,0.5788700627131698,0.5794701986754967,0.5787728026533997,0.5970898888766641,0.5813261782147277,298,305,603
victimization,8,0.001020107332909714,172,129,176,126,0.5771812080536913,0.5770491803278689,0.5714285714285714,0.5827814569536424,0.5771151941907802,0.5742904841402338,0.5771144278606966,0.5967103091649246,0.5828736747033675,298,305,603
victimization,8,0.0010435127997759357,169,119,186,129,0.5671140939597316,0.6098360655737705,0.5868055555555556,0.5904761904761905,0.5884750797667511,0.5767918088737203,0.5887230514096186,0.5936406645395533,0.5886532396195175,298,305,603
victimization,8,0.0010578293072438395,164,117,188,134,0.5503355704697986,0.6163934426229508,0.5836298932384342,0.5838509316770186,0.5833645065463747,0.5664939550949913,0.5837479270315091,0.6032401804378918,0.5933005769274355,298,305,603
victimization,8,0.0011043094727966436,173,119,186,125,0.5805369127516778,0.6098360655737705,0.5924657534246576,0.5980707395498392,0.5951864891627241,0.5864406779661018,0.5953565505804311,0.6056771922103643,0.5875728958640355,298,305,603
victimization,8,0.0011277066829550712,174,120,185,124,0.5838926174496645,0.6065573770491803,0.5918367346938775,0.598705501618123,0.5952249972494223,0.5878378378378379,0.5953565505804311,0.6050005501155242,0.5881762311245952,298,305,603
victimization,8,0.001164607352735643,172,119,186,126,0.5771812080536913,0.6098360655737705,0.5910652920962199,0.5961538461538461,0.5935086368137309,0.5840407470288626,0.593698175787728,0.6050830674441633,0.58863798169338,298,305,603
victimization,8,0.0011719358582699536,171,118,187,127,0.5738255033557047,0.6131147540983607,0.5916955017301038,0.5955414012738853,0.5934701287270328,0.5826235093696762,0.593698175787728,0.6023544944438333,0.5813641235674812,298,305,603
victimization,8,0.00119011073380759,177,121,184,121,0.5939597315436241,0.6032786885245902,0.5939597315436241,0.6032786885245902,0.5986192100341072,0.5939597315436241,0.5986733001658375,0.6024535152382,0.5834143390591862,298,305,603
victimization,8,0.0012059860731610018,176,120,185,122,0.5906040268456376,0.6065573770491803,0.5945945945945946,0.6026058631921825,0.598580701947409,0.5925925925925926,0.5986733001658375,0.6090604026845636,0.5861595106172209,298,305,603
victimization,8,0.001251280271544536,182,127,178,116,0.610738255033557,0.5836065573770491,0.5889967637540453,0.6054421768707483,0.5971724062053031,0.599670510708402,0.5970149253731343,0.6163384310705249,0.5938968046389682,298,305,603
victimization,8,0.0012815681070871986,181,126,179,117,0.6073825503355704,0.5868852459016394,0.5895765472312704,0.6047297297297297,0.597133898118605,0.5983471074380166,0.5970149253731343,0.6220486302123446,0.59800416083722,298,305,603
victimization,8,0.0013057642056321574,181,126,179,117,0.6073825503355704,0.5868852459016394,0.5895765472312704,0.6047297297297297,0.597133898118605,0.5983471074380166,0.5970149253731343,0.6247551985917043,0.5971543066021493,298,305,603
victimization,8,0.001339098503030517,181,127,178,117,0.6073825503355704,0.5836065573770491,0.5876623376623377,0.6033898305084746,0.5954945538563098,0.5973597359735974,0.5953565505804311,0.6306744416327428,0.6069775948629671,298,305,603
victimization,8,0.0014264287522120587,179,115,190,119,0.6006711409395973,0.6229508196721312,0.608843537414966,0.6148867313915858,0.6118109803058642,0.6047297297297298,0.6119402985074627,0.6401144240290461,0.6237794305365612,298,305,603
victimization,8,0.001522445043150581,179,113,192,119,0.6006711409395973,0.6295081967213115,0.613013698630137,0.617363344051447,0.6150896688304544,0.6067796610169491,0.615257048092869,0.651595335020354,0.6436650095468208,298,305,603
victimization,8,0.0015522267947341674,182,115,190,116,0.610738255033557,0.6229508196721312,0.6127946127946128,0.6209150326797386,0.6168445373528442,0.6117647058823529,0.6169154228855721,0.6429915282209263,0.6368306775285578,298,305,603
victimization,8,0.0015783418191603418,190,120,185,108,0.6375838926174496,0.6065573770491803,0.6129032258064516,0.6313993174061433,0.6220706348333149,0.625,0.6218905472636815,0.646897348443173,0.6396286223804832,298,305,603
victimization,8,0.0016018788399910072,167,97,208,131,0.5604026845637584,0.6819672131147541,0.6325757575757576,0.6135693215339233,0.6211849488392562,0.594306049822064,0.6218905472636815,0.644718890967103,0.6359679590400368,298,305,603
victimization,8,0.0016364208198552908,164,98,207,134,0.5503355704697986,0.6786885245901639,0.6259541984732825,0.6070381231671554,0.6145120475299812,0.5857142857142857,0.615257048092869,0.6405160083617559,0.6353361618545782,298,305,603
victimization,8,0.0017013493537816199,163,92,213,135,0.5469798657718121,0.6983606557377049,0.6392156862745098,0.6120689655172413,0.6226702607547585,0.5895117540687161,0.6235489220563848,0.6483826603586753,0.6439738642559893,298,305,603
victimization,8,0.0018664096338413252,161,90,215,137,0.540268456375839,0.7049180327868853,0.6414342629482072,0.6107954545454546,0.6225932445813621,0.5865209471766849,0.6235489220563848,0.6534932335790515,0.6421984291293344,298,305,603
victimization,8,0.002123300893911269,161,89,216,137,0.540268456375839,0.7081967213114754,0.644,0.6118980169971672,0.6242325888436572,0.5875912408759124,0.6252072968490879,0.6553581252062933,0.6378240226466523,298,305,603
victimization,8,0.002329702376511796,158,87,218,140,0.5302013422818792,0.7147540983606557,0.6448979591836734,0.6089385474860335,0.6224777203212675,0.58195211786372,0.6235489220563848,0.6588183518538894,0.6381480237120503,298,305,603
victimization,8,0.0032343061872047896,166,91,214,132,0.5570469798657718,0.7016393442622951,0.6459143968871596,0.6184971098265896,0.6293431620640335,0.5981981981981982,0.6301824212271974,0.6616404444933436,0.6437356582262843,298,305,603
victimization,8,0.004205084970662527,175,95,210,123,0.587248322147651,0.6885245901639344,0.6481481481481481,0.6306306306306306,0.6378864561557926,0.6161971830985915,0.6384742951907131,0.6751292771482011,0.650250327037126,298,305,603
victimization,8,0.00659734207866953,155,78,227,143,0.5201342281879194,0.7442622950819672,0.6652360515021459,0.6135135135135135,0.6321982616349433,0.583804143126177,0.6334991708126037,0.6572835295412036,0.607117149947316,298,305,603
victimization,8,0.027554983691951418,0,0,305,298,0.0,1.0,,0.5058043117744611,0.5,,0.5058043117744611,0.5,0.494195688225539,298,305,603
victimization,9,0.0,172,127,178,126,0.5771812080536913,0.5836065573770491,0.5752508361204013,0.5855263157894737,0.5803938827153703,0.576214405360134,0.5804311774461028,0.5803938827153703,0.5409791964064663,298,305,603
victimization,9,0.00038360819305299955,173,128,177,125,0.5805369127516778,0.580327868852459,0.574750830564784,0.5860927152317881,0.5804323908020684,0.5776293823038398,0.5804311774461028,0.5832819892177357,0.5443091463363825,298,305,603
victimization,9,0.00038960696956786314,171,127,178,127,0.5738255033557047,0.5836065573770491,0.5738255033557047,0.5836065573770491,0.578716030366377,0.5738255033557047,0.5787728026533997,0.5739905380129828,0.5441901366608821,298,305,603
victimization,9,0.00039397311424330437,171,127,178,127,0.5738255033557047,0.5836065573770491,0.5738255033557047,0.5836065573770491,0.578716030366377,0.5738255033557047,0.5787728026533997,0.5668170315766311,0.5392391775265967,298,305,603
victimization,9,0.0004016070437827857,171,128,177,127,0.5738255033557047,0.580327868852459,0.5719063545150501,0.5822368421052632,0.5770766861040819,0.5728643216080401,0.5771144278606966,0.5686159093409616,0.5446252879157014,298,305,603
victimization,9,0.00042059682991128165,171,128,177,127,0.5738255033557047,0.580327868852459,0.5719063545150501,0.5822368421052632,0.5770766861040819,0.5728643216080401,0.5771144278606966,0.5572615249202333,0.5372215127506547,298,305,603
victimization,9,0.0005601081900890181,172,127,178,126,0.5771812080536913,0.5836065573770491,0.5752508361204013,0.5855263157894737,0.5803938827153703,0.576214405360134,0.5804311774461028,0.5626471559027395,0.5436761458119092,298,305,603
victimization,9,0.0006263807887319175,178,128,177,120,0.5973154362416108,0.580327868852459,0.5816993464052288,0.5959595959595959,0.5888216525470349,0.5894039735099338,0.5887230514096186,0.5634998349653426,0.5416222541799967,298,305,603
victimization,9,0.0006615891206475676,179,130,175,119,0.6006711409395973,0.5737704918032787,0.5792880258899676,0.5952380952380952,0.587220816371438,0.5897858319604612,0.5870646766169154,0.5545219496094179,0.5304920656506118,298,305,603
victimization,9,0.0006860696916478662,179,128,177,119,0.6006711409395973,0.580327868852459,0.5830618892508144,0.597972972972973,0.5904995048960282,0.5917355371900826,0.5903814262023217,0.560353174166575,0.5360490117084235,298,305,603
victimization,9,0.000701282835486033,179,128,177,119,0.6006711409395973,0.580327868852459,0.5830618892508144,0.597972972972973,0.5904995048960282,0.5917355371900826,0.5903814262023217,0.5695456045769611,0.5393606004994227,298,305,603
victimization,9,0.0007108740965068103,178,128,177,120,0.5973154362416108,0.580327868852459,0.5816993464052288,0.5959595959595959,0.5888216525470349,0.5894039735099338,0.5887230514096186,0.5695731103531743,0.5386569385961574,298,305,603
victimization,9,0.0007332719874357451,177,128,177,121,0.5939597315436241,0.580327868852459,0.580327868852459,0.5939597315436241,0.5871438001980416,0.5870646766169154,0.5870646766169154,0.579101111233359,0.5522595671621485,298,305,603
victimization,9,0.0007465781833264201,175,125,180,123,0.587248322147651,0.5901639344262295,0.5833333333333334,0.594059405940594,0.5887061282869402,0.5852842809364548,0.5887230514096186,0.5832324788205523,0.563500989241676,298,305,603
victimization,9,0.0007535517603619449,173,123,182,125,0.5805369127516778,0.5967213114754099,0.5844594594594594,0.5928338762214984,0.5886291121135439,0.5824915824915824,0.5887230514096186,0.5860545714600066,0.564756181614079,298,305,603
victimization,9,0.0007679536370315875,173,124,181,125,0.5805369127516778,0.5934426229508196,0.5824915824915825,0.5915032679738562,0.5869897678512488,0.5815126050420169,0.5870646766169154,0.5812575640884585,0.5637492875899387,298,305,603
victimization,9,0.0007840105487791689,175,123,182,123,0.587248322147651,0.5967213114754099,0.587248322147651,0.5967213114754099,0.5919848168115305,0.587248322147651,0.5920398009950248,0.5867312135548466,0.5662444902993603,298,305,603
victimization,9,0.0007930632526493631,173,121,184,125,0.5805369127516778,0.6032786885245902,0.5884353741496599,0.5954692556634305,0.591907800638134,0.5844594594594594,0.5920398009950248,0.594608867862251,0.5790128186407919,298,305,603
victimization,9,0.0008102922601944941,173,117,188,125,0.5805369127516778,0.6163934426229508,0.596551724137931,0.6006389776357828,0.5984651776873143,0.5884353741496597,0.5986733001658375,0.5980470898888767,0.5872890500715866,298,305,603
victimization,9,0.0008295313148071339,174,117,188,124,0.5838926174496645,0.6163934426229508,0.5979381443298969,0.6025641025641025,0.6001430300363076,0.5908319185059423,0.6003316749585407,0.5973374408625811,0.5850058209000134,298,305,603
victimization,9,0.0008669563515973256,173,116,189,125,0.5805369127516778,0.6196721311475409,0.5986159169550173,0.6019108280254777,0.6001045219496094,0.5894378194207837,0.6003316749585407,0.5962812190560017,0.5838541944400717,298,305,603
victimization,9,0.0009000904976051565,171,112,193,127,0.5738255033557047,0.6327868852459017,0.6042402826855123,0.603125,0.6033061943008031,0.5886402753872633,0.603648424543947,0.5984816811530422,0.58498897711486,298,305,603
victimization,9,0.0009374831818598986,169,111,194,129,0.5671140939597316,0.6360655737704918,0.6035714285714285,0.6006191950464397,0.6015898338651117,0.5847750865051903,0.6019900497512438,0.6011827483771592,0.5870192911106099,298,305,603
victimization,9,0.00099145629447019,172,115,190,126,0.5771812080536913,0.6229508196721312,0.5993031358885017,0.6012658227848101,0.6000660138629113,0.588034188034188,0.6003316749585407,0.6023599955990757,0.5846888682224365,298,305,603
victimization,9,0.0010314602001158216,173,118,187,125,0.5805369127516778,0.6131147540983607,0.5945017182130584,0.5993589743589743,0.5968258334250193,0.5874363327674024,0.5970149253731343,0.6029376168995488,0.5884659504449811,298,305,603
victimization,9,0.0010381091466034778,171,114,191,127,0.5738255033557047,0.6262295081967213,0.6,0.60062893081761,0.600027505776213,0.5866209262435678,0.6003316749585407,0.6002585542964023,0.5917806658837326,298,305,603
victimization,9,0.001102594415979496,179,115,190,119,0.6006711409395973,0.6229508196721312,0.608843537414966,0.6148867313915858,0.6118109803058642,0.6047297297297298,0.6119402985074627,0.6222686764220485,0.6201193673729491,298,305,603
victimization,9,0.001116773070548358,179,114,191,119,0.6006711409395973,0.6262295081967213,0.6109215017064846,0.6161290322580645,0.6134503245681593,0.6057529610829103,0.6135986733001658,0.6276323027835846,0.6274071512515377,298,305,603
victimization,9,0.00116510729766359,174,111,194,124,0.5838926174496645,0.6360655737704918,0.6105263157894737,0.610062893081761,0.6099790956100781,0.5969125214408233,0.6102819237147595,0.6268896468258334,0.6277735623174915,298,305,603
victimization,9,0.0011899366176954442,175,119,186,123,0.587248322147651,0.6098360655737705,0.5952380952380952,0.6019417475728155,0.5985421938607107,0.5912162162162162,0.5986733001658375,0.6257509076906153,0.6313491043315254,298,305,603
victimization,9,0.0012054690837734541,178,121,184,120,0.5973154362416108,0.6032786885245902,0.5953177257525084,0.6052631578947368,0.6002970623831005,0.5963149078726968,0.6003316749585407,0.6300693145560567,0.636729276387187,298,305,603
victimization,9,0.0012611334769783696,179,123,182,119,0.6006711409395973,0.5967213114754099,0.5927152317880795,0.6046511627906976,0.5986962262075035,0.5966666666666667,0.5986733001658375,0.6295522059632523,0.6395941560722403,298,305,603
victimization,9,0.0012902850633932906,179,124,181,119,0.6006711409395973,0.5934426229508196,0.5907590759075908,0.6033333333333334,0.5970568819452085,0.5956738768718801,0.5970149253731343,0.6224502145450546,0.6175829024281818,298,305,603
victimization,9,0.0013102935276473006,181,125,180,117,0.6073825503355704,0.5901639344262295,0.5915032679738562,0.6060606060606061,0.5987732423809,0.5993377483443708,0.5986733001658375,0.6277918362856202,0.6288516394730204,298,305,603
victimization,9,0.00133012293941369,181,127,178,117,0.6073825503355704,0.5836065573770491,0.5876623376623377,0.6033898305084746,0.5954945538563098,0.5973597359735974,0.5953565505804311,0.6241005611178349,0.6327964345931241,298,305,603
victimization,9,0.0013416073764476908,178,119,186,120,0.5973154362416108,0.6098360655737705,0.5993265993265994,0.6078431372549019,0.6035757509076907,0.5983193277310924,0.603648424543947,0.6238200022004622,0.6324804889733735,298,305,603
victimization,9,0.0013818889906574248,167,112,193,131,0.5604026845637584,0.6327868852459017,0.5985663082437276,0.595679012345679,0.5965947849048301,0.5788561525129983,0.5970149253731343,0.6247827043679173,0.6325959677988853,298,305,603
victimization,9,0.0014275552395882783,163,110,195,135,0.5469798657718121,0.639344262295082,0.5970695970695971,0.5909090909090909,0.5931620640334471,0.5709281961471104,0.593698175787728,0.6208933876113985,0.6337298076339237,298,305,603
victimization,9,0.0014864605820486265,155,103,202,143,0.5201342281879194,0.6622950819672131,0.6007751937984496,0.5855072463768116,0.5912146550775663,0.5575539568345322,0.5920398009950248,0.6226757619100011,0.6255326351708482,298,305,603
victimization,9,0.001521675956627719,157,103,202,141,0.5268456375838926,0.6622950819672131,0.6038461538461538,0.5889212827988338,0.5945703597755528,0.5627240143369174,0.5953565505804311,0.6341401694355815,0.6200261590781757,298,305,603
victimization,9,0.0015884363799033832,155,106,199,143,0.5201342281879194,0.6524590163934426,0.5938697318007663,0.5818713450292398,0.586296622290681,0.554561717352415,0.5870646766169154,0.6334140169435581,0.615947874938501,298,305,603
victimization,9,0.0016622869423653939,166,111,194,132,0.5570469798657718,0.6360655737704918,0.5992779783393501,0.5950920245398773,0.5965562768181318,0.577391304347826,0.5970149253731343,0.6360380679942788,0.614959715948116,298,305,603
victimization,9,0.0017176064497462441,168,109,196,130,0.5637583892617449,0.6426229508196721,0.6064981949458483,0.6012269938650306,0.6031906700407086,0.5843478260869566,0.603648424543947,0.6431235559467487,0.6214458504826607,298,305,603
victimization,9,0.001938586811669364,162,97,208,136,0.5436241610738255,0.6819672131147541,0.6254826254826255,0.6046511627906976,0.6127956870942898,0.5816876122082586,0.6135986733001658,0.6599625921443504,0.6393878949994596,298,305,603
victimization,9,0.0021565099557497654,149,85,220,149,0.5,0.7213114754098361,0.6367521367521367,0.5962059620596206,0.610655737704918,0.5601503759398496,0.6119402985074627,0.6604962042028826,0.6372919612460405,298,305,603
victimization,9,0.0024068610767203637,140,78,227,158,0.4697986577181208,0.7442622950819672,0.6422018348623854,0.5896103896103896,0.607030476400044,0.5426356589147286,0.6086235489220564,0.6626471559027396,0.6357588621302837,298,305,603
victimization,9,0.0025639145028680675,142,81,224,156,0.47651006711409394,0.7344262295081967,0.6367713004484304,0.5894736842105263,0.6054681483111453,0.54510556621881,0.6069651741293532,0.6589613818901969,0.6394201270498694,298,305,603
victimization,9,0.002818421191969452,171,101,204,127,0.5738255033557047,0.6688524590163935,0.6286764705882353,0.6163141993957704,0.621338981186049,0.6,0.6218905472636815,0.6619540103421718,0.6422295708856758,298,305,603
victimization,9,0.005805513121900924,167,96,209,131,0.5604026845637584,0.6852459016393443,0.6349809885931559,0.6147058823529412,0.6228242931015513,0.5953654188948306,0.6235489220563848,0.6356584882825393,0.5861703660071054,298,305,603
victimization,9,0.023438339016243648,0,0,305,298,0.0,1.0,,0.5058043117744611,0.5,,0.5058043117744611,0.5,0.494195688225539,298,305,603
victimization,10,0.0,163,137,168,135,0.5469798657718121,0.5508196721311476,0.5433333333333333,0.5544554455445545,0.5488997689514798,0.5451505016722409,0.548922056384743,0.5488997689514798,0.5210729907509433,298,305,603
victimization,10,0.00039263888226818175,163,136,169,135,0.5469798657718121,0.5540983606557377,0.5451505016722408,0.555921052631579,0.5505391132137749,0.5460636515912898,0.5505804311774462,0.5524975244801409,0.5230790195418238,298,305,603
victimization,10,0.0003971157286963982,163,135,170,135,0.5469798657718121,0.5573770491803278,0.5469798657718121,0.5573770491803278,0.55217845747607,0.5469798657718121,0.5522388059701493,0.5446968863461327,0.5145842456742171,298,305,603
victimization,10,0.0004004438476225946,163,135,170,135,0.5469798657718121,0.5573770491803278,0.5469798657718121,0.5573770491803278,0.55217845747607,0.5469798657718121,0.5522388059701493,0.5383870612828695,0.5089872954465694,298,305,603
victimization,10,0.00040555273197588084,163,135,170,135,0.5469798657718121,0.5573770491803278,0.5469798657718121,0.5573770491803278,0.55217845747607,0.5469798657718121,0.5522388059701493,0.5401749367367147,0.5133630571648798,298,305,603
victimization,10,0.00048019926087287425,162,135,170,136,0.5436241610738255,0.5573770491803278,0.5454545454545454,0.5555555555555556,0.5505006051270767,0.5445378151260505,0.5505804311774462,0.5128121905600176,0.49310568374021946,298,305,603
victimization,10,0.0005897008326350034,163,131,174,135,0.5469798657718121,0.5704918032786885,0.5544217687074829,0.5631067961165048,0.5587358345252503,0.5506756756756757,0.5588723051409619,0.5266475959951591,0.5050860647398243,298,305,603
victimization,10,0.0006592224088657489,162,130,175,136,0.5436241610738255,0.5737704918032787,0.5547945205479452,0.5627009646302251,0.5586973264385521,0.5491525423728814,0.5588723051409619,0.5343877214214985,0.5087550183831466,298,305,603
victimization,10,0.0006830954760935545,163,131,174,135,0.5469798657718121,0.5704918032786885,0.5544217687074829,0.5631067961165048,0.5587358345252503,0.5506756756756757,0.5588723051409619,0.5379029596215205,0.5100895008737568,298,305,603
victimization,10,0.0007032597446832952,163,130,175,135,0.5469798657718121,0.5737704918032787,0.5563139931740614,0.5645161290322581,0.5603751787875454,0.5516074450084603,0.560530679933665,0.5420618329849267,0.5136439075538142,298,305,603
victimization,10,0.0007140727002844487,163,131,174,135,0.5469798657718121,0.5704918032786885,0.5544217687074829,0.5631067961165048,0.5587358345252503,0.5506756756756757,0.5588723051409619,0.5416547474969744,0.513370946575058,298,305,603
victimization,10,0.0007262999333504343,162,128,177,136,0.5436241610738255,0.580327868852459,0.5586206896551724,0.5654952076677316,0.5619760149631423,0.5510204081632653,0.5621890547263682,0.5398228628011883,0.5162237846419182,298,305,603
victimization,10,0.0007373611687174523,164,129,176,134,0.5503355704697986,0.5770491803278689,0.5597269624573379,0.567741935483871,0.5636923753988338,0.5549915397631133,0.5638474295190713,0.5509957090989108,0.5238942962774781,298,305,603
victimization,10,0.0007527342598741544,164,128,177,134,0.5503355704697986,0.580327868852459,0.5616438356164384,0.5691318327974276,0.5653317196611288,0.5559322033898305,0.5655058043117744,0.5615359225437342,0.533954358489189,298,305,603
victimization,10,0.0007598234835715226,167,130,175,131,0.5604026845637584,0.5737704918032787,0.5622895622895623,0.5718954248366013,0.5670865881835185,0.561344537815126,0.5671641791044776,0.5605072065133678,0.5275240338395245,298,305,603
victimization,10,0.0007696488498211743,166,128,177,132,0.5570469798657718,0.580327868852459,0.564625850340136,0.5728155339805825,0.5686874243591153,0.5608108108108109,0.5688225538971807,0.5584992848498185,0.5289365362497438,298,305,603
victimization,10,0.00078566995219918,165,128,177,133,0.5536912751677853,0.580327868852459,0.5631399317406144,0.5709677419354838,0.5670095720101221,0.5583756345177665,0.5671641791044776,0.5590108922873803,0.5324065879293924,298,305,603
victimization,10,0.0007997260513364423,166,129,176,132,0.5570469798657718,0.5770491803278689,0.5627118644067797,0.5714285714285714,0.5670480800968203,0.5598650927487352,0.5671641791044776,0.5619595114974144,0.5375094587555324,298,305,603
victimization,10,0.00083719487360196,166,127,178,132,0.5570469798657718,0.5836065573770491,0.5665529010238908,0.5741935483870968,0.5703267686214104,0.5617597292724196,0.5704809286898839,0.5662559137418858,0.5454356850841515,298,305,603
victimization,10,0.0009001417362429015,165,129,176,133,0.5536912751677853,0.5770491803278689,0.5612244897959183,0.56957928802589,0.5653702277478271,0.5574324324324325,0.5655058043117744,0.5681868192320386,0.5430103180691757,298,305,603
victimization,10,0.0009426097593425904,169,130,175,129,0.5671140939597316,0.5737704918032787,0.5652173913043478,0.5756578947368421,0.5704422928815052,0.5661641541038526,0.5704809286898839,0.569947188909671,0.5405661067977382,298,305,603
victimization,10,0.000995285648956325,168,130,175,130,0.5637583892617449,0.5737704918032787,0.5637583892617449,0.5737704918032787,0.5687644405325119,0.5637583892617449,0.5688225538971807,0.5708548795247002,0.5375295779481599,298,305,603
victimization,10,0.0010231289292395274,170,131,174,128,0.5704697986577181,0.5704918032786885,0.5647840531561462,0.5761589403973509,0.5704808009682033,0.5676126878130217,0.5704809286898839,0.5781109032896908,0.5444926460338811,298,305,603
victimization,10,0.001062628667914556,169,130,175,129,0.5671140939597316,0.5737704918032787,0.5652173913043478,0.5756578947368421,0.5704422928815052,0.5661641541038526,0.5704809286898839,0.5790846077676313,0.5436801359420137,298,305,603
victimization,10,0.0010809156351426197,169,129,176,129,0.5671140939597316,0.5770491803278689,0.5671140939597316,0.5770491803278689,0.5720816371438002,0.5671140939597316,0.572139303482587,0.580657938167015,0.5460449488985645,298,305,603
victimization,10,0.0011207734850253684,170,128,177,128,0.5704697986577181,0.580327868852459,0.5704697986577181,0.580327868852459,0.5753988337550886,0.5704697986577181,0.5754560530679934,0.5832599845967653,0.5487243182964313,298,305,603
victimization,10,0.0011486840153070348,170,126,179,128,0.5704697986577181,0.5868852459016394,0.5743243243243243,0.5830618892508144,0.5786775222796787,0.5723905723905723,0.5787728026533997,0.5815271206953461,0.5416783797386635,298,305,603
victimization,10,0.0011592816678351514,170,125,180,128,0.5704697986577181,0.5901639344262295,0.576271186440678,0.5844155844155844,0.5803168665419738,0.5733558178752107,0.5804311774461028,0.5819122015623281,0.542443262246282,298,305,603
victimization,10,0.0011885183586315298,169,125,180,129,0.5671140939597316,0.5901639344262295,0.5748299319727891,0.5825242718446602,0.5786390141929805,0.5709459459459459,0.5787728026533997,0.5826548575200792,0.5414876363564889,298,305,603
victimization,10,0.001198416512905816,170,129,176,128,0.5704697986577181,0.5770491803278689,0.568561872909699,0.5789473684210527,0.5737594894927935,0.5695142378559465,0.5737976782752903,0.5808779843767192,0.5425106430685365,298,305,603
victimization,10,0.0012085933373282185,170,119,186,128,0.5704697986577181,0.6098360655737705,0.5882352941176471,0.5923566878980892,0.5901529321157443,0.5792163543441227,0.5903814262023217,0.5879909781054021,0.5541868837311632,298,305,603
victimization,10,0.0012302858458198634,169,117,188,129,0.5671140939597316,0.6163934426229508,0.5909090909090909,0.5930599369085173,0.5917537682913412,0.5787671232876712,0.5920398009950248,0.5899053801298274,0.5584380027226322,298,305,603
victimization,10,0.0012506298971445918,171,118,187,127,0.5738255033557047,0.6131147540983607,0.5916955017301038,0.5955414012738853,0.5934701287270328,0.5826235093696762,0.593698175787728,0.5848608207723623,0.5559667899084817,298,305,603
victimization,10,0.0012719225585781974,171,109,196,127,0.5738255033557047,0.6426229508196721,0.6107142857142858,0.6068111455108359,0.6082242270876884,0.5916955017301039,0.6086235489220564,0.5972219166024864,0.578327577405967,298,305,603
victimization,10,0.0012843114697709721,171,107,198,127,0.5738255033557047,0.6491803278688525,0.6151079136690647,0.6092307692307692,0.6115029156122787,0.59375,0.6119402985074627,0.6150511607437562,0.5916008487690778,298,305,603
victimization,10,0.0013037698468834123,170,106,199,128,0.5704697986577181,0.6524590163934426,0.6159420289855072,0.6085626911314985,0.6114644075255804,0.5923344947735192,0.6119402985074627,0.614545054461437,0.5934753177236728,298,305,603
victimization,10,0.001361004623429659,172,104,201,126,0.5771812080536913,0.659016393442623,0.6231884057971014,0.6146788990825688,0.6180988007481572,0.5993031358885018,0.6185737976782753,0.6309660028606008,0.6120089216754384,298,305,603
victimization,10,0.0013825521913452235,173,105,200,125,0.5805369127516778,0.6557377049180327,0.6223021582733813,0.6153846153846154,0.6181373088348553,0.6006944444444444,0.6185737976782753,0.6338486082077236,0.6222525565975602,298,305,603
victimization,10,0.001457808515376602,174,106,199,124,0.5838926174496645,0.6524590163934426,0.6214285714285714,0.6160990712074303,0.6181758169215535,0.6020761245674741,0.6185737976782753,0.6356254813510837,0.6230732382973719,298,305,603
victimization,10,0.0015261777728423453,177,108,197,121,0.5939597315436241,0.6459016393442623,0.6210526315789474,0.6194968553459119,0.6199306854439433,0.6072041166380789,0.6202321724709784,0.6378094399823963,0.6216955252271568,298,305,603
victimization,10,0.0015502858985959396,179,108,197,119,0.6006711409395973,0.6459016393442623,0.6236933797909407,0.6234177215189873,0.6232863901419298,0.611965811965812,0.6235489220563848,0.647381450104522,0.6360597974436801,298,305,603
victimization,10,0.0015691729016389141,181,106,199,117,0.6073825503355704,0.6524590163934426,0.6306620209059234,0.629746835443038,0.6299207833645065,0.6188034188034188,0.6301824212271974,0.6482121245461548,0.6356394170393311,298,305,603
victimization,10,0.001726936223588471,185,98,207,113,0.6208053691275168,0.6786885245901639,0.6537102473498233,0.646875,0.6497469468588404,0.6368330464716007,0.6500829187396352,0.6521289470788867,0.6416059379508462,298,305,603
victimization,10,0.001879911830834081,187,98,207,111,0.62751677852349,0.6786885245901639,0.656140350877193,0.6509433962264151,0.653102651556827,0.6415094339622642,0.6533996683250415,0.6564033447023875,0.6516474118198848,298,305,603
victimization,10,0.002041841341523235,183,98,207,115,0.6140939597315436,0.6786885245901639,0.6512455516014235,0.6428571428571429,0.6463912421608538,0.6321243523316062,0.6467661691542289,0.6634503245681592,0.6456474916331549,298,305,603
victimization,10,0.0021360330818129022,194,108,197,104,0.6510067114093959,0.6459016393442623,0.6423841059602649,0.654485049833887,0.6484541753768291,0.6466666666666665,0.648424543946932,0.6784739795357027,0.6550913255719242,298,305,603
victimization,10,0.0023127902821360215,168,89,216,130,0.5637583892617449,0.7081967213114754,0.6536964980544747,0.6242774566473989,0.6359775552866102,0.6054054054054054,0.6368159203980099,0.6828584002640554,0.6763250325848275,298,305,603
victimization,10,0.002909655615873358,182,95,210,116,0.610738255033557,0.6885245901639344,0.6570397111913358,0.6441717791411042,0.6496314225987457,0.6330434782608696,0.6500829187396352,0.7001155242600946,0.6683323837251087,298,305,603
victimization,10,0.005821897915913297,141,63,242,157,0.47315436241610737,0.7934426229508197,0.6911764705882353,0.606516290726817,0.6332984926834635,0.5617529880478087,0.6351575456053068,0.7016063373308394,0.6565987189456789,298,305,603
victimization,10,0.02410868255789217,0,0,305,298,0.0,1.0,,0.5058043117744611,0.5,,0.5058043117744611,0.5,0.494195688225539,298,305,603
victimization,11,0.0,165,118,187,133,0.5536912751677853,0.6131147540983607,0.5830388692579506,0.584375,0.583403014633073,0.5679862306368331,0.5837479270315091,0.5834030146330729,0.5433873824213373,298,305,603
victimization,11,0.00038121786788058277,167,119,186,131,0.5604026845637584,0.6098360655737705,0.583916083916084,0.5867507886435331,0.5851193750687644,0.5719178082191781,0.5854063018242123,0.5849213334800308,0.5442043236256477,298,305,603
victimization,11,0.000392679456582808,165,120,185,133,0.5536912751677853,0.6065573770491803,0.5789473684210527,0.5817610062893082,0.5801243261084827,0.5660377358490566,0.5804311774461028,0.5826548575200793,0.5423056724872763,298,305,603
victimization,11,0.0003988222802686349,164,121,184,134,0.5503355704697986,0.6032786885245902,0.5754385964912281,0.5786163522012578,0.5768071294971944,0.5626072041166381,0.5771144278606966,0.5847177907360546,0.5418091490094578,298,305,603
victimization,11,0.00040079288503914263,163,119,186,135,0.5469798657718121,0.6098360655737705,0.5780141843971631,0.5794392523364486,0.5784079656727913,0.5620689655172414,0.5787728026533997,0.5728573000330068,0.5461506469265258,298,305,603
victimization,11,0.00040253039144356193,166,119,186,132,0.5570469798657718,0.6098360655737705,0.5824561403508772,0.5849056603773585,0.5834415227197711,0.5694682675814752,0.5837479270315091,0.5640004400924195,0.5288855850802917,298,305,603
victimization,11,0.00045022158240889704,166,119,186,132,0.5570469798657718,0.6098360655737705,0.5824561403508772,0.5849056603773585,0.5834415227197711,0.5694682675814752,0.5837479270315091,0.5648641214655078,0.5304755239976292,298,305,603
victimization,11,0.0006251010400387993,163,122,183,135,0.5469798657718121,0.6,0.5719298245614035,0.5754716981132075,0.573489932885906,0.5591766723842195,0.5737976782752903,0.5618164814611069,0.5334682287504517,298,305,603
victimization,11,0.0006518568699955777,164,122,183,134,0.5503355704697986,0.6,0.5734265734265734,0.5772870662460567,0.5751677852348993,0.5616438356164384,0.5754560530679934,0.5669380569919682,0.5385546628405127,298,305,603
victimization,11,0.0006798230420044291,166,125,180,132,0.5570469798657718,0.5901639344262295,0.570446735395189,0.5769230769230769,0.5736054571460006,0.5636672325976231,0.5737976782752903,0.5714325008251733,0.5453439733419122,298,305,603
victimization,11,0.0006920610567878603,169,127,178,129,0.5671140939597316,0.5836065573770491,0.5709459459459459,0.5798045602605864,0.5753603256683903,0.569023569023569,0.5754560530679934,0.5749697436461657,0.5497732354661875,298,305,603
victimization,11,0.0007019390447346694,168,126,179,130,0.5637583892617449,0.5868852459016394,0.5714285714285714,0.5792880258899676,0.5753218175816921,0.5675675675675677,0.5754560530679934,0.5758994388821652,0.5506953863893725,298,305,603
victimization,11,0.0007116243059167948,166,125,180,132,0.5570469798657718,0.5901639344262295,0.570446735395189,0.5769230769230769,0.5736054571460006,0.5636672325976231,0.5737976782752903,0.5773187369347562,0.5526385226751551,298,305,603
victimization,11,0.0007387769094941586,165,125,180,133,0.5536912751677853,0.5901639344262295,0.5689655172413793,0.5750798722044729,0.5719276047970074,0.5612244897959184,0.572139303482587,0.5803498734734294,0.5523145080022303,298,305,603
victimization,11,0.0007468879668049795,165,125,180,133,0.5536912751677853,0.5901639344262295,0.5689655172413793,0.5750798722044729,0.5719276047970074,0.5612244897959184,0.572139303482587,0.5812740675541864,0.5547131550376021,298,305,603
victimization,11,0.0007598240673509626,166,125,180,132,0.5570469798657718,0.5901639344262295,0.570446735395189,0.5769230769230769,0.5736054571460006,0.5636672325976231,0.5737976782752903,0.5828804048850258,0.556150461522763,298,305,603
victimization,11,0.0007634015588965201,167,126,179,131,0.5604026845637584,0.5868852459016394,0.5699658703071673,0.5774193548387097,0.5736439652326989,0.5651438240270729,0.5737976782752903,0.5867202112443614,0.5621519399178063,298,305,603
victimization,11,0.0007697474036706827,167,123,182,131,0.5604026845637584,0.5967213114754099,0.5758620689655173,0.5814696485623003,0.5785619980195842,0.5680272108843538,0.5787728026533997,0.5932830894487843,0.5708745574022804,298,305,603
victimization,11,0.0007808630808038038,167,121,184,131,0.5604026845637584,0.6032786885245902,0.5798611111111112,0.5841269841269842,0.5818406865441743,0.5699658703071673,0.582089552238806,0.5929695235999559,0.571027303042563,298,305,603
victimization,11,0.0008009970665572328,169,120,185,129,0.5671140939597316,0.6065573770491803,0.5847750865051903,0.589171974522293,0.586835735504456,0.5758091993185689,0.5870646766169154,0.5990427989877873,0.576517549103216,298,305,603
victimization,11,0.000866268261898713,168,122,183,130,0.5637583892617449,0.6,0.5793103448275863,0.5846645367412141,0.5818791946308725,0.5714285714285715,0.582089552238806,0.5961601936406645,0.5748232266336727,298,305,603
victimization,11,0.0008827306856352499,173,121,184,125,0.5805369127516778,0.6032786885245902,0.5884353741496599,0.5954692556634305,0.591907800638134,0.5844594594594594,0.5920398009950248,0.5997414457035978,0.5790839806009664,298,305,603
victimization,11,0.0009096111304152161,173,117,188,125,0.5805369127516778,0.6163934426229508,0.596551724137931,0.6006389776357828,0.5984651776873143,0.5884353741496597,0.5986733001658375,0.6051930905490153,0.5888386234298004,298,305,603
victimization,11,0.0009469010828366542,173,117,188,125,0.5805369127516778,0.6163934426229508,0.596551724137931,0.6006389776357828,0.5984651776873143,0.5884353741496597,0.5986733001658375,0.6020574320607328,0.581700276808265,298,305,603
victimization,11,0.0009962611978023951,174,114,191,124,0.5838926174496645,0.6262295081967213,0.6041666666666666,0.6063492063492063,0.6050610628231929,0.5938566552901023,0.6053067993366501,0.6066288920673342,0.582802045379786,298,305,603
victimization,11,0.001016217063575678,174,111,194,124,0.5838926174496645,0.6360655737704918,0.6105263157894737,0.610062893081761,0.6099790956100781,0.5969125214408233,0.6102819237147595,0.59782154252393,0.5766811240587544,298,305,603
victimization,11,0.0010461309403686097,167,109,196,131,0.5604026845637584,0.6426229508196721,0.605072463768116,0.599388379204893,0.6015128176917153,0.5818815331010453,0.6019900497512438,0.5942953020134228,0.5733290711641618,298,305,603
victimization,11,0.0011104323175624724,169,107,198,129,0.5671140939597316,0.6491803278688525,0.6123188405797102,0.6055045871559633,0.608147210914292,0.588850174216028,0.6086235489220564,0.6060952800088018,0.5874725539099626,298,305,603
victimization,11,0.001131049678767521,172,108,197,126,0.5771812080536913,0.6459016393442623,0.6142857142857143,0.6099071207430341,0.6115414236989768,0.5951557093425606,0.6119402985074627,0.6125096270216744,0.5935359054457792,298,305,603
victimization,11,0.0011527164221919782,170,105,200,128,0.5704697986577181,0.6557377049180327,0.6181818181818182,0.6097560975609756,0.6131037517878755,0.5933682373472949,0.6135986733001658,0.6190119925184289,0.599631119693834,298,305,603
victimization,11,0.0011837774784504488,169,102,203,129,0.5671140939597316,0.6655737704918033,0.6236162361623616,0.6114457831325302,0.6163439322257674,0.5940246045694202,0.6169154228855721,0.618390361976015,0.5964683687228851,298,305,603
victimization,11,0.001212066323571057,166,100,205,132,0.5570469798657718,0.6721311475409836,0.6240601503759399,0.6083086053412463,0.6145890637033777,0.5886524822695036,0.615257048092869,0.6291341181648147,0.6024256811564798,298,305,603
victimization,11,0.0012251121779248383,164,99,206,134,0.5503355704697986,0.6754098360655738,0.623574144486692,0.6058823529411764,0.6128727032676862,0.5846702317290553,0.6135986733001658,0.6344867422158653,0.6061036498067827,298,305,603
victimization,11,0.0012352941619805484,164,100,205,134,0.5503355704697986,0.6721311475409836,0.6212121212121212,0.6047197640117994,0.6112333590053911,0.5836298932384342,0.6119402985074627,0.6295852128947079,0.6012653331821819,298,305,603
victimization,11,0.0012798789708547012,163,97,208,135,0.5469798657718121,0.6819672131147541,0.6269230769230769,0.6064139941690962,0.6144735394432831,0.5842293906810037,0.615257048092869,0.6328418967983276,0.6199676262136058,298,305,603
victimization,11,0.0013057147434145469,158,96,209,140,0.5302013422818792,0.6852459016393443,0.6220472440944882,0.5988538681948424,0.6077236219606117,0.572463768115942,0.6086235489220564,0.6329629222136648,0.6225013254421381,298,305,603
victimization,11,0.0013445309247289222,159,102,203,139,0.5335570469798657,0.6655737704918033,0.6091954022988506,0.5935672514619883,0.5995654087358345,0.5688729874776387,0.6003316749585407,0.6327868852459017,0.6231767016743857,298,305,603
victimization,11,0.0013897554398443555,157,98,207,141,0.5268456375838926,0.6786885245901639,0.615686274509804,0.5948275862068966,0.6027670810870283,0.5678119349005425,0.603648424543947,0.6311970513807899,0.6241412359154546,298,305,603
victimization,11,0.0014096091408973919,161,98,207,137,0.540268456375839,0.6786885245901639,0.6216216216216216,0.6017441860465116,0.6094784904830015,0.5780969479353681,0.6102819237147595,0.6425239300253053,0.6409712579517993,298,305,603
victimization,11,0.001465821370131641,161,101,204,137,0.540268456375839,0.6688524590163935,0.6145038167938931,0.5982404692082112,0.6045604576961162,0.575,0.6053067993366501,0.632880404885026,0.6157570758657654,298,305,603
victimization,11,0.0015446220816475317,167,106,199,131,0.5604026845637584,0.6524590163934426,0.6117216117216118,0.603030303030303,0.6064308504786005,0.5849387040280211,0.6069651741293532,0.6383430520409284,0.6193220178096542,298,305,603
victimization,11,0.001611339037673746,160,88,217,138,0.5369127516778524,0.7114754098360656,0.6451612903225806,0.6112676056338028,0.624194080756959,0.5860805860805861,0.6252072968490879,0.646402244471339,0.6336731630809112,298,305,603
victimization,11,0.0016876882086890072,160,86,219,138,0.5369127516778524,0.7180327868852459,0.6504065040650406,0.6134453781512605,0.6274727692815492,0.5882352941176471,0.6285240464344942,0.6449169325558368,0.6263296630742639,298,305,603
victimization,11,0.0017963889562639585,169,92,213,129,0.5671140939597316,0.6983606557377049,0.6475095785440613,0.6228070175438597,0.6327373748487182,0.6046511627906976,0.6334991708126037,0.651666850038508,0.6227329218734895,298,305,603
victimization,11,0.002027643715803617,183,110,195,115,0.6140939597315436,0.639344262295082,0.6245733788395904,0.6290322580645161,0.6267191110133128,0.6192893401015228,0.6268656716417911,0.6552426009461986,0.6312832259303381,298,305,603
victimization,11,0.002294061868602558,195,134,171,103,0.6543624161073825,0.5606557377049181,0.5927051671732523,0.6240875912408759,0.6075090769061503,0.6220095693779903,0.6069651741293532,0.6500825173286391,0.6251052089877077,298,305,603
victimization,11,0.002614924138834887,182,113,192,116,0.610738255033557,0.6295081967213115,0.6169491525423729,0.6233766233766234,0.6201232258774343,0.6138279932546375,0.6202321724709784,0.6563538343052041,0.6266565355629709,298,305,603
victimization,11,0.003280914229168379,202,146,159,96,0.6778523489932886,0.521311475409836,0.5804597701149425,0.6235294117647059,0.5995819122015623,0.6253869969040248,0.5986733001658375,0.6560402684563758,0.6356682010082825,298,305,603
victimization,11,0.00514142900697407,188,141,164,110,0.6308724832214765,0.5377049180327869,0.5714285714285714,0.5985401459854015,0.5842887006271317,0.5996810207336523,0.5837479270315091,0.6193530641434701,0.5949564812709275,298,305,603
victimization,11,0.031186534511141173,0,0,305,298,0.0,1.0,,0.5058043117744611,0.5,,0.5058043117744611,0.5,0.494195688225539,298,305,603
victimization,12,0.0,171,129,176,127,0.5738255033557047,0.5770491803278689,0.57,0.5808580858085809,0.5754373418417869,0.57190635451505,0.5754560530679934,0.5754373418417867,0.5376941355860518,298,305,603
victimization,12,0.00037721614485099967,169,128,177,129,0.5671140939597316,0.580327868852459,0.569023569023569,0.5784313725490197,0.5737209814060953,0.5680672268907563,0.5737976782752903,0.5754593464627572,0.5376254668670637,298,305,603
victimization,12,0.0003897900163460328,168,128,177,130,0.5637583892617449,0.580327868852459,0.5675675675675675,0.5765472312703583,0.572043129057102,0.5656565656565655,0.572139303482587,0.571878094399824,0.5341663387571239,298,305,603
victimization,12,0.0003941908713692945,168,129,176,130,0.5637583892617449,0.5770491803278689,0.5656565656565656,0.5751633986928104,0.5704037847948069,0.5647058823529411,0.5704809286898839,0.5689459786555177,0.535002932234308,298,305,603
victimization,12,0.0004040183446167282,167,128,177,131,0.5604026845637584,0.580327868852459,0.5661016949152542,0.5746753246753247,0.5703652767081087,0.5632377740303541,0.5704809286898839,0.5630652437011773,0.5355224781387212,298,305,603
victimization,12,0.00040940525587828417,166,128,177,132,0.5570469798657718,0.580327868852459,0.564625850340136,0.5728155339805825,0.5686874243591153,0.5608108108108109,0.5688225538971807,0.5493343602156453,0.5326664599806995,298,305,603
victimization,12,0.00048616555442950815,164,128,177,134,0.5503355704697986,0.580327868852459,0.5616438356164384,0.5691318327974276,0.5653317196611288,0.5559322033898305,0.5655058043117744,0.5289195731103532,0.5127649032017354,298,305,603
victimization,12,0.0005290029540836358,165,128,177,133,0.5536912751677853,0.580327868852459,0.5631399317406144,0.5709677419354838,0.5670095720101221,0.5583756345177665,0.5671641791044776,0.5252888106502366,0.5064501287325527,298,305,603
victimization,12,0.0006224066390041493,167,124,181,131,0.5604026845637584,0.5934426229508196,0.5738831615120275,0.5801282051282052,0.576922653757289,0.567062818336163,0.5771144278606966,0.533815601276268,0.5125010694395127,298,305,603
victimization,12,0.0006566048059824,166,123,182,132,0.5570469798657718,0.5967213114754099,0.5743944636678201,0.5796178343949044,0.5768841456705909,0.5655877342419081,0.5771144278606966,0.5291231158543294,0.5062121307631475,298,305,603
victimization,12,0.0006881545149180011,165,125,180,133,0.5536912751677853,0.5901639344262295,0.5689655172413793,0.5750798722044729,0.5719276047970074,0.5612244897959184,0.572139303482587,0.5356144790405986,0.5111733402132325,298,305,603
victimization,12,0.0007107935592192376,165,128,177,133,0.5536912751677853,0.580327868852459,0.5631399317406144,0.5709677419354838,0.5670095720101221,0.5583756345177665,0.5671641791044776,0.5413521839586314,0.5221786232450408,298,305,603
victimization,12,0.0007261410788381743,165,128,177,133,0.5536912751677853,0.580327868852459,0.5631399317406144,0.5709677419354838,0.5670095720101221,0.5583756345177665,0.5671641791044776,0.5477170205743206,0.5278328194859676,298,305,603
victimization,12,0.0007370084963445962,165,128,177,133,0.5536912751677853,0.580327868852459,0.5631399317406144,0.5709677419354838,0.5670095720101221,0.5583756345177665,0.5671641791044776,0.5442182858400264,0.5265281290087098,298,305,603
victimization,12,0.0007468879668049795,166,124,181,132,0.5570469798657718,0.5934426229508196,0.5724137931034483,0.5782747603833865,0.5752448014082957,0.564625850340136,0.5754560530679934,0.5653922323687975,0.5458605144447507,298,305,603
victimization,12,0.0007627599029544475,164,124,181,134,0.5503355704697986,0.5934426229508196,0.5694444444444444,0.5746031746031746,0.5718890967103092,0.5597269624573378,0.572139303482587,0.5646275717900759,0.5504309814178542,298,305,603
victimization,12,0.0007739265175386602,165,124,181,133,0.5536912751677853,0.5934426229508196,0.5709342560553633,0.5764331210191083,0.5735669490593025,0.5621805792163543,0.5737976782752903,0.5605127076686105,0.5425240398008304,298,305,603
victimization,12,0.0007780082987551867,164,124,181,134,0.5503355704697986,0.5934426229508196,0.5694444444444444,0.5746031746031746,0.5718890967103092,0.5597269624573378,0.572139303482587,0.5614093959731543,0.5443242679877959,298,305,603
victimization,12,0.000788381742738589,163,124,181,135,0.5469798657718121,0.5934426229508196,0.5679442508710801,0.5727848101265823,0.5702112443613159,0.5572649572649573,0.5704809286898839,0.566916052370998,0.5470147485254819,298,305,603
victimization,12,0.0008454800156044971,163,121,184,135,0.5469798657718121,0.6032786885245902,0.573943661971831,0.5768025078369906,0.5751292771482012,0.5601374570446735,0.5754560530679934,0.567246121685554,0.5470699131558613,298,305,603
victimization,12,0.0008956473942430646,163,121,184,135,0.5469798657718121,0.6032786885245902,0.573943661971831,0.5768025078369906,0.5751292771482012,0.5601374570446735,0.5754560530679934,0.5650181538123005,0.5490382580800616,298,305,603
victimization,12,0.000929767942216075,166,124,181,132,0.5570469798657718,0.5934426229508196,0.5724137931034483,0.5782747603833865,0.5752448014082957,0.564625850340136,0.5754560530679934,0.5700737154802509,0.5429704193823686,298,305,603
victimization,12,0.0009405255878284929,164,124,181,134,0.5503355704697986,0.5934426229508196,0.5694444444444444,0.5746031746031746,0.5718890967103092,0.5597269624573378,0.572139303482587,0.5739245241500714,0.5454705385810161,298,305,603
victimization,12,0.0009592714016435765,163,124,181,135,0.5469798657718121,0.5934426229508196,0.5679442508710801,0.5727848101265823,0.5702112443613159,0.5572649572649573,0.5704809286898839,0.5765485752007922,0.5508727519702526,298,305,603
victimization,12,0.0009755271403167078,162,115,190,136,0.5436241610738255,0.6229508196721312,0.5848375451263538,0.5828220858895705,0.5832874903729783,0.5634782608695652,0.5837479270315091,0.5713059742545934,0.5553937489457199,298,305,603
victimization,12,0.000995850622406639,162,113,192,136,0.5436241610738255,0.6295081967213115,0.5890909090909091,0.5853658536585366,0.5865661788975685,0.5654450261780105,0.5870646766169154,0.5698481681153041,0.5601392965648969,298,305,603
victimization,12,0.0010373443983402487,162,114,191,136,0.5436241610738255,0.6262295081967213,0.5869565217391305,0.5840978593272171,0.5849268346352734,0.5644599303135888,0.5854063018242123,0.5742931015513257,0.5665304554241712,298,305,603
victimization,12,0.0010544300707835,166,115,190,132,0.5570469798657718,0.6229508196721312,0.5907473309608541,0.5900621118012422,0.5899988997689515,0.5734024179620033,0.5903814262023217,0.5769446583782595,0.5686838710670556,298,305,603
victimization,12,0.0010901546586193894,166,116,189,132,0.5570469798657718,0.6196721311475409,0.5886524822695035,0.5887850467289719,0.5883595555066563,0.5724137931034482,0.5887230514096186,0.5768896468258334,0.5677521368183563,298,305,603
victimization,12,0.0011065006915629322,169,116,189,129,0.5671140939597316,0.6196721311475409,0.5929824561403508,0.5943396226415094,0.5933931125536362,0.5797598627787307,0.593698175787728,0.5789525800418088,0.5669338081525739,298,305,603
victimization,12,0.001127044178667317,167,115,190,131,0.5604026845637584,0.6229508196721312,0.5921985815602837,0.5919003115264797,0.5916767521179448,0.5758620689655173,0.5920398009950248,0.5814005941247663,0.5690428403277069,298,305,603
victimization,12,0.0011960091842303058,169,113,192,129,0.5671140939597316,0.6295081967213115,0.599290780141844,0.5981308411214953,0.5983111453405215,0.5827586206896552,0.5986733001658375,0.5869402574540653,0.5803589076475105,298,305,603
victimization,12,0.0012448132780082987,170,113,192,128,0.5704697986577181,0.6295081967213115,0.6007067137809188,0.6,0.5999889976895147,0.5851979345955249,0.6003316749585407,0.5927879854769501,0.5874935284921162,298,305,603
victimization,12,0.0012626385899512575,179,113,192,119,0.6006711409395973,0.6295081967213115,0.613013698630137,0.617363344051447,0.6150896688304544,0.6067796610169491,0.615257048092869,0.6163549345362526,0.6014790830564601,298,305,603
victimization,12,0.0012909174734900873,178,110,195,120,0.5973154362416108,0.639344262295082,0.6180555555555556,0.6190476190476191,0.6183298492683464,0.6075085324232082,0.6185737976782753,0.6183408515788316,0.6004339118392051,298,305,603
victimization,12,0.0013278008298755178,178,110,195,120,0.5973154362416108,0.639344262295082,0.6180555555555556,0.6190476190476191,0.6183298492683464,0.6075085324232082,0.6185737976782753,0.6203927824843217,0.6065001529478569,298,305,603
victimization,12,0.0013692946058091286,178,111,194,120,0.5973154362416108,0.6360655737704918,0.615916955017301,0.6178343949044586,0.6166905050060513,0.606473594548552,0.6169154228855721,0.6254428429970293,0.6199462808581193,298,305,603
victimization,12,0.0014554634545501403,172,104,201,126,0.5771812080536913,0.659016393442623,0.6231884057971014,0.6146788990825688,0.6180988007481572,0.5993031358885018,0.6185737976782753,0.6456045769611618,0.6441269993575096,298,305,603
victimization,12,0.0014941740220448425,176,109,196,122,0.5906040268456376,0.6426229508196721,0.6175438596491228,0.6163522012578616,0.6166134888326549,0.6037735849056604,0.6169154228855721,0.6475134778303444,0.6414813514253824,298,305,603
victimization,12,0.0015368065160596275,175,107,198,123,0.587248322147651,0.6491803278688525,0.6205673758865248,0.616822429906542,0.6182143250082517,0.6034482758620688,0.6185737976782753,0.6480966002860601,0.6414162078137599,298,305,603
victimization,12,0.0016323336682057086,175,106,199,123,0.587248322147651,0.6524590163934426,0.6227758007117438,0.6180124223602484,0.6198536692705467,0.6044905008635577,0.6202321724709784,0.6593849708438774,0.6534660434722589,298,305,603
victimization,12,0.0016876460127619522,177,105,200,121,0.5939597315436241,0.6557377049180327,0.6276595744680851,0.6230529595015576,0.6248487182308284,0.6103448275862069,0.6252072968490879,0.6625701397293431,0.6461647251286997,298,305,603
victimization,12,0.0017359325271759088,176,101,204,122,0.5906040268456376,0.6688524590163935,0.6353790613718412,0.6257668711656442,0.6297282429310156,0.6121739130434782,0.6301824212271974,0.6653592254373418,0.6551148245527113,298,305,603
victimization,12,0.001777877851350364,175,101,204,123,0.587248322147651,0.6688524590163935,0.6340579710144928,0.6238532110091743,0.6280503905820223,0.6097560975609757,0.6285240464344942,0.6606392342391901,0.6441200583889837,298,305,603
victimization,12,0.00195689183373077,180,101,204,118,0.6040268456375839,0.6688524590163935,0.6405693950177936,0.6335403726708074,0.6364396523269886,0.6217616580310882,0.6368159203980099,0.6728738034987346,0.6454851532866819,298,305,603
victimization,12,0.002216862392186739,182,100,205,116,0.610738255033557,0.6721311475409836,0.6453900709219859,0.6386292834890965,0.6414347012872703,0.6275862068965518,0.6417910447761194,0.6782649356364837,0.6649165995369861,298,305,603
victimization,12,0.00231261937693473,169,94,211,129,0.5671140939597316,0.6918032786885245,0.6425855513307985,0.6205882352941177,0.629458686324128,0.6024955436720143,0.6301824212271974,0.6893387611398394,0.671358318104172,298,305,603
victimization,12,0.002691704678524299,229,147,158,69,0.7684563758389261,0.5180327868852459,0.6090425531914894,0.6960352422907489,0.643244581362086,0.6795252225519288,0.6417910447761194,0.6953570249752448,0.6706568858325167,298,305,603
victimization,12,0.0056478734501238526,187,122,183,111,0.62751677852349,0.6,0.6051779935275081,0.6224489795918368,0.613758389261745,0.616144975288303,0.6135986733001658,0.6328804048850258,0.5719042629409977,298,305,603
victimization,12,0.0277338212551565,0,0,305,298,0.0,1.0,,0.5058043117744611,0.5,,0.5058043117744611,0.5,0.494195688225539,298,305,603
victimization,13,0.0,172,134,171,126,0.5771812080536913,0.5606557377049181,0.5620915032679739,0.5757575757575758,0.5689184728793046,0.5695364238410596,0.5688225538971807,0.5689184728793046,0.5333838767735215,298,305,603
victimization,13,0.00038859863251046516,172,133,172,126,0.5771812080536913,0.5639344262295082,0.5639344262295082,0.5771812080536913,0.5705578171415997,0.570480928689884,0.5704809286898839,0.5698591704257894,0.5343231767406931,298,305,603
victimization,13,0.00039783644689729883,173,133,172,125,0.5805369127516778,0.5639344262295082,0.565359477124183,0.5791245791245792,0.572235669490593,0.5728476821192052,0.572139303482587,0.5735284409726042,0.5363206381559498,298,305,603
victimization,13,0.0004024221106539777,173,131,174,125,0.5805369127516778,0.5704918032786885,0.569078947368421,0.5819397993311036,0.5755143580151831,0.574750830564784,0.5754560530679934,0.5777808339751348,0.542663747503719,298,305,603
victimization,13,0.00040691665980520624,173,130,175,125,0.5805369127516778,0.5737704918032787,0.570957095709571,0.5833333333333334,0.5771537022774782,0.5757071547420965,0.5771144278606966,0.5763505336120585,0.5474699700224489,298,305,603
victimization,13,0.0004848052179647307,176,131,174,122,0.5906040268456376,0.5704918032786885,0.5732899022801303,0.5878378378378378,0.5805479150621631,0.5818181818181818,0.5804311774461028,0.5665144680382881,0.5323467936096846,298,305,603
victimization,13,0.000605410782505262,174,131,174,124,0.5838926174496645,0.5704918032786885,0.5704918032786885,0.5838926174496645,0.5771922103641765,0.5771144278606966,0.5771144278606966,0.5749422378699527,0.5399858002463548,298,305,603
victimization,13,0.0006496584531780359,176,134,171,122,0.5906040268456376,0.5606557377049181,0.567741935483871,0.5836177474402731,0.5756298822752779,0.5789473684210527,0.5754560530679934,0.5761139839366267,0.544208789882886,298,305,603
victimization,13,0.000677041132953682,177,132,173,121,0.5939597315436241,0.5672131147540984,0.5728155339805825,0.5884353741496599,0.5805864231488613,0.5831960461285008,0.5804311774461028,0.585939047199912,0.553349899914555,298,305,603
victimization,13,0.0006912760956726118,177,133,172,121,0.5939597315436241,0.5639344262295082,0.5709677419354838,0.5870307167235495,0.5789470788865662,0.5822368421052632,0.5787728026533997,0.5856749917482671,0.5527042486438676,298,305,603
victimization,13,0.0007166943403072032,177,133,172,121,0.5939597315436241,0.5639344262295082,0.5709677419354838,0.5870307167235495,0.5789470788865662,0.5822368421052632,0.5787728026533997,0.583705578171416,0.5501381712276168,298,305,603
victimization,13,0.0007298640279829441,176,131,174,122,0.5906040268456376,0.5704918032786885,0.5732899022801303,0.5878378378378378,0.5805479150621631,0.5818181818181818,0.5804311774461028,0.5912476620090219,0.5584560555821872,298,305,603
victimization,13,0.0007379640608294988,175,132,173,123,0.587248322147651,0.5672131147540984,0.5700325732899023,0.5844594594594594,0.5772307184508747,0.5785123966942148,0.5771144278606966,0.5917537682913412,0.5558782101377093,298,305,603
victimization,13,0.0007501179273413677,175,134,171,123,0.587248322147651,0.5606557377049181,0.5663430420711975,0.5816326530612245,0.5739520299262846,0.5766062602965404,0.5737976782752903,0.5908680822972825,0.5534000751930153,298,305,603
victimization,13,0.0007639740641516305,174,133,172,124,0.5838926174496645,0.5639344262295082,0.5667752442996743,0.581081081081081,0.5739135218395863,0.5752066115702479,0.5737976782752903,0.5956210804268897,0.5540515091270722,298,305,603
victimization,13,0.0007718107685095724,174,133,172,124,0.5838926174496645,0.5639344262295082,0.5667752442996743,0.581081081081081,0.5739135218395863,0.5752066115702479,0.5737976782752903,0.5925734404224887,0.5462368492371986,298,305,603
victimization,13,0.0007842877522260553,176,130,175,122,0.5906040268456376,0.5737704918032787,0.5751633986928104,0.5892255892255892,0.5821872593244581,0.5827814569536424,0.582089552238806,0.5956100781164044,0.547819334594718,298,305,603
victimization,13,0.0008071178218208415,173,128,177,125,0.5805369127516778,0.580327868852459,0.574750830564784,0.5860927152317881,0.5804323908020684,0.5776293823038398,0.5804311774461028,0.5902794586863241,0.5414963739989681,298,305,603
victimization,13,0.0008460889144266442,174,120,185,124,0.5838926174496645,0.6065573770491803,0.5918367346938775,0.598705501618123,0.5952249972494223,0.5878378378378379,0.5953565505804311,0.6011827483771591,0.5543333867720501,298,305,603
victimization,13,0.0008722990216242884,178,117,188,120,0.5973154362416108,0.6163934426229508,0.6033898305084746,0.6103896103896104,0.6068544394322808,0.600337268128162,0.6069651741293532,0.6009737044779404,0.5592272927529403,298,305,603
victimization,13,0.0009104229135552279,180,119,186,118,0.6040268456375839,0.6098360655737705,0.6020066889632107,0.6118421052631579,0.6069314556056772,0.6030150753768845,0.6069651741293532,0.5913411816481462,0.5466607179313255,298,305,603
victimization,13,0.0009620152121781557,185,120,185,113,0.6208053691275168,0.6065573770491803,0.6065573770491803,0.6208053691275168,0.6136813730883486,0.6135986733001659,0.6135986733001658,0.5993123555946749,0.5578534873581236,298,305,603
victimization,13,0.0009954375777685607,185,119,186,113,0.6208053691275168,0.6098360655737705,0.6085526315789473,0.6220735785953178,0.6153207173506436,0.6146179401993356,0.615257048092869,0.6101661348883265,0.5769277935401194,298,305,603
victimization,13,0.0010169572088159513,182,116,189,116,0.610738255033557,0.6196721311475409,0.610738255033557,0.6196721311475409,0.615205193090549,0.610738255033557,0.615257048092869,0.6103971834085158,0.5826498608400349,298,305,603
victimization,13,0.001044823482531911,183,117,188,115,0.6140939597315436,0.6163934426229508,0.61,0.6204620462046204,0.6152437011772471,0.6120401337792643,0.615257048092869,0.6109693035537463,0.5805118102133139,298,305,603
victimization,13,0.0010576396012196214,181,117,188,117,0.6073825503355704,0.6163934426229508,0.6073825503355704,0.6163934426229508,0.6118879964792606,0.6073825503355704,0.6119402985074627,0.6135823522939818,0.5810848622115556,298,305,603
victimization,13,0.0010890789318071506,181,120,185,117,0.6073825503355704,0.6065573770491803,0.6013289036544851,0.6125827814569537,0.6069699636923753,0.6043405676126878,0.6069651741293532,0.6118164814611069,0.5816708783110383,298,305,603
victimization,13,0.0011094902959570849,185,122,183,113,0.6208053691275168,0.6,0.6026058631921825,0.6182432432432432,0.6104026845637585,0.6115702479338843,0.6102819237147595,0.6181978215425239,0.5886242860535444,298,305,603
victimization,13,0.0011318369578088541,185,128,177,113,0.6208053691275168,0.580327868852459,0.5910543130990416,0.6103448275862069,0.6005666189899879,0.6055646481178396,0.6003316749585407,0.6177577291231158,0.5936729545716682,298,305,603
victimization,13,0.0011598558685732214,189,127,178,109,0.6342281879194631,0.5836065573770491,0.5981012658227848,0.6202090592334495,0.6089173726482562,0.6156351791530945,0.6086235489220564,0.6292331389591814,0.5969947515691162,298,305,603
victimization,13,0.0011800051607581733,192,128,177,106,0.6442953020134228,0.580327868852459,0.6,0.6254416961130742,0.6123115854329408,0.6213592233009708,0.6119402985074627,0.6348883265485752,0.5996003892286019,298,305,603
victimization,13,0.0012110577587787642,191,124,181,107,0.6409395973154363,0.5934426229508196,0.6063492063492063,0.6284722222222222,0.617191110133128,0.6231647634584012,0.6169154228855721,0.6356529871272969,0.6050984437731494,298,305,603
victimization,13,0.0012274132775559334,189,115,190,109,0.6342281879194631,0.6229508196721312,0.6217105263157895,0.6354515050167224,0.6285895037957971,0.6279069767441859,0.6285240464344942,0.6378314446033667,0.6041701096952198,298,305,603
victimization,13,0.001242378328353324,189,116,189,109,0.6342281879194631,0.6196721311475409,0.6196721311475409,0.6342281879194631,0.6269501595335021,0.626865671641791,0.6268656716417911,0.637660908790846,0.6063409343324859,298,305,603
victimization,13,0.001261355851518276,192,122,183,106,0.6442953020134228,0.6,0.6114649681528662,0.6332179930795848,0.6221476510067114,0.6274509803921569,0.6218905472636815,0.6429805259104411,0.6123238867015236,298,305,603
victimization,13,0.0012917901490097146,196,123,182,102,0.6577181208053692,0.5967213114754099,0.6144200626959248,0.6408450704225352,0.6272197161403895,0.6353322528363047,0.6268656716417911,0.6455770711849488,0.61776496619396,298,305,603
victimization,13,0.001315813776664977,201,131,174,97,0.674496644295302,0.5704918032786885,0.6054216867469879,0.6420664206642066,0.6224942237869953,0.638095238095238,0.6218905472636815,0.6399163824403126,0.6092783011167732,298,305,603
victimization,13,0.0013602774039298189,195,125,180,103,0.6543624161073825,0.5901639344262295,0.609375,0.6360424028268551,0.622263175266806,0.6310679611650485,0.6218905472636815,0.6411486412146551,0.6120388199072364,298,305,603
victimization,13,0.001406026139364034,198,128,177,100,0.6644295302013423,0.580327868852459,0.6073619631901841,0.6389891696750902,0.6223786995269007,0.6346153846153847,0.6218905472636815,0.6404940037407856,0.6106187881167755,298,305,603
victimization,13,0.001480194213973711,195,127,178,103,0.6543624161073825,0.5836065573770491,0.6055900621118012,0.6334519572953736,0.6189844867422158,0.6290322580645161,0.6185737976782753,0.6494168775442842,0.6113311714141699,298,305,603
victimization,13,0.0015221801249087714,195,129,176,103,0.6543624161073825,0.5770491803278689,0.6018518518518519,0.6308243727598566,0.6157057982176257,0.6270096463022509,0.615257048092869,0.6587798437671912,0.6223403629127351,298,305,603
victimization,13,0.001578249560321078,193,129,176,105,0.6476510067114094,0.5770491803278689,0.5993788819875776,0.6263345195729537,0.6123500935196391,0.6225806451612903,0.6119402985074627,0.6608702827593794,0.6242853738413928,298,305,603
victimization,13,0.0016493237859891447,191,125,180,107,0.6409395973154363,0.5901639344262295,0.6044303797468354,0.627177700348432,0.6155517658708329,0.6221498371335504,0.615257048092869,0.6722136648696226,0.6410932556569495,298,305,603
victimization,13,0.001750797194862033,197,130,175,101,0.6610738255033557,0.5737704918032787,0.6024464831804281,0.6340579710144928,0.6174221586533172,0.6304,0.6169154228855721,0.6661898998789747,0.6346881037926293,298,305,603
victimization,13,0.0020180040253647657,159,97,208,139,0.5335570469798657,0.6819672131147541,0.62109375,0.5994236311239193,0.60776213004731,0.5740072202166064,0.6086235489220564,0.654852018923974,0.6257931604453767,298,305,603
victimization,13,0.0021334742809489358,152,86,219,146,0.5100671140939598,0.7180327868852459,0.6386554621848739,0.6,0.6140499504896029,0.5671641791044776,0.615257048092869,0.6694135768511387,0.6441544965743512,298,305,603
victimization,13,0.002629327199620311,131,71,234,167,0.4395973154362416,0.7672131147540984,0.6485148514851485,0.5835411471321695,0.60340521509517,0.5239999999999999,0.6053067993366501,0.6749147320937396,0.6442784099379679,298,305,603
victimization,13,0.0030859972666627614,199,111,194,99,0.6677852348993288,0.6360655737704918,0.6419354838709678,0.6621160409556314,0.6519254043349103,0.6546052631578947,0.6517412935323383,0.6850918692925515,0.6496326985147212,298,305,603
victimization,13,0.005234335834372365,113,57,248,185,0.37919463087248323,0.8131147540983606,0.6647058823529411,0.5727482678983834,0.596154692485422,0.48290598290598286,0.5986733001658375,0.6442622950819672,0.5883930256191452,298,305,603
victimization,13,0.02172304573587802,0,0,305,298,0.0,1.0,,0.5058043117744611,0.5,,0.5058043117744611,0.5,0.494195688225539,298,305,603
victimization,14,0.0,170,135,170,128,0.5704697986577181,0.5573770491803278,0.5573770491803278,0.5704697986577181,0.563923423919023,0.5638474295190712,0.5638474295190713,0.563923423919023,0.530238746488338,298,305,603
victimization,14,0.0003880668816676401,170,136,169,128,0.5704697986577181,0.5540983606557377,0.5555555555555556,0.569023569023569,0.5622840796567279,0.5629139072847682,0.5621890547263682,0.5656232808889867,0.5289057827542429,298,305,603
victimization,14,0.00039610897643747585,170,135,170,128,0.5704697986577181,0.5573770491803278,0.5573770491803278,0.5704697986577181,0.563923423919023,0.5638474295190712,0.5638474295190713,0.5733193970733854,0.538264685441084,298,305,603
victimization,14,0.0003995572732399691,170,135,170,128,0.5704697986577181,0.5573770491803278,0.5573770491803278,0.5704697986577181,0.563923423919023,0.5638474295190712,0.5638474295190713,0.5707008471779074,0.5350681246394606,298,305,603
victimization,14,0.0004032691308263139,170,135,170,128,0.5704697986577181,0.5573770491803278,0.5573770491803278,0.5704697986577181,0.563923423919023,0.5638474295190712,0.5638474295190713,0.5485421938607107,0.5105874032248375,298,305,603
victimization,14,0.00040649418926020145,170,134,171,128,0.5704697986577181,0.5606557377049181,0.5592105263157895,0.5719063545150501,0.565562768181318,0.5647840531561461,0.5655058043117744,0.5412916712509628,0.5109211307402924,298,305,603
victimization,14,0.0005406425290711403,170,135,170,128,0.5704697986577181,0.5573770491803278,0.5573770491803278,0.5704697986577181,0.563923423919023,0.5638474295190712,0.5638474295190713,0.5288920673341402,0.5124439936926818,298,305,603
victimization,14,0.0006207377185631614,171,134,171,127,0.5738255033557047,0.5606557377049181,0.5606557377049181,0.5738255033557047,0.5672406205303113,0.5671641791044777,0.5671641791044776,0.5321212454615469,0.5139122213668065,298,305,603
victimization,14,0.0006462474463317867,171,137,168,127,0.5738255033557047,0.5508196721311476,0.5551948051948052,0.5694915254237288,0.5623225877434261,0.5643564356435644,0.5621890547263682,0.5374738695125977,0.5172360090520116,298,305,603
victimization,14,0.0006770474973185339,174,138,167,124,0.5838926174496645,0.5475409836065573,0.5576923076923077,0.5738831615120275,0.5657168005281109,0.5704918032786885,0.5655058043117744,0.5419958191220156,0.5210222649052518,298,305,603
victimization,14,0.0007150576056695119,172,141,164,126,0.5771812080536913,0.5377049180327869,0.549520766773163,0.5655172413793104,0.5574430630432391,0.563011456628478,0.5572139303482587,0.543783694575861,0.5274483046342937,298,305,603
victimization,14,0.0007265452842273366,170,137,168,128,0.5704697986577181,0.5508196721311476,0.5537459283387622,0.5675675675675675,0.5606447353944328,0.5619834710743802,0.560530679933665,0.5498239630322368,0.5286223912093975,298,305,603
victimization,14,0.0007398347489257348,170,136,169,128,0.5704697986577181,0.5540983606557377,0.5555555555555556,0.569023569023569,0.5622840796567279,0.5629139072847682,0.5621890547263682,0.5507866651996919,0.5298076551150538,298,305,603
victimization,14,0.0007467992995452783,170,135,170,128,0.5704697986577181,0.5573770491803278,0.5573770491803278,0.5704697986577181,0.563923423919023,0.5638474295190712,0.5638474295190713,0.5524095059962592,0.5298414708017614,298,305,603
victimization,14,0.0007546804778244011,170,135,170,128,0.5704697986577181,0.5573770491803278,0.5573770491803278,0.5704697986577181,0.563923423919023,0.5638474295190712,0.5638474295190713,0.5503630762460117,0.5298998522679513,298,305,603
victimization,14,0.000765932828799452,169,133,172,129,0.5671140939597316,0.5639344262295082,0.5596026490066225,0.5714285714285714,0.5655242600946199,0.5633333333333334,0.5655058043117744,0.5583617559687535,0.5337808396803575,298,305,603
victimization,14,0.0007739052535188708,168,133,172,130,0.5637583892617449,0.5639344262295082,0.5581395348837209,0.5695364238410596,0.5638464077456266,0.5609348914858097,0.5638474295190713,0.5572450214545055,0.5339289920715532,298,305,603
victimization,14,0.0007839386272966255,167,133,172,131,0.5604026845637584,0.5639344262295082,0.5566666666666666,0.5676567656765676,0.5621685553966334,0.5585284280936456,0.5621890547263682,0.5642754978545496,0.5383960270109625,298,305,603
victimization,14,0.0007996364787940812,167,134,171,131,0.5604026845637584,0.5606557377049181,0.5548172757475083,0.5662251655629139,0.5605292111343383,0.5575959933222037,0.560530679933665,0.5639729343162064,0.5369860684752663,298,305,603
victimization,14,0.0008243986792765724,167,135,170,131,0.5604026845637584,0.5573770491803278,0.5529801324503312,0.5647840531561462,0.5588898668720431,0.5566666666666666,0.5588723051409619,0.5627351743866211,0.5396201840977656,298,305,603
victimization,14,0.0008848334024609426,169,134,171,129,0.5671140939597316,0.5606557377049181,0.5577557755775577,0.57,0.5638849158323248,0.5623960066555741,0.5638474295190713,0.5666189899878974,0.5437436197071438,298,305,603
victimization,14,0.0009112664623645452,169,134,171,129,0.5671140939597316,0.5606557377049181,0.5577557755775577,0.57,0.5638849158323248,0.5623960066555741,0.5638474295190713,0.5664924634173176,0.5435205981176026,298,305,603
victimization,14,0.0009214183800886342,172,135,170,126,0.5771812080536913,0.5573770491803278,0.5602605863192183,0.5743243243243243,0.5672791286170096,0.5685950413223141,0.5671641791044776,0.5651831884695786,0.5445156815197348,298,305,603
victimization,14,0.000946951425100415,172,135,170,126,0.5771812080536913,0.5573770491803278,0.5602605863192183,0.5743243243243243,0.5672791286170096,0.5685950413223141,0.5671641791044776,0.5701727362746177,0.5463529064896087,298,305,603
victimization,14,0.0009649210738605447,170,130,175,128,0.5704697986577181,0.5737704918032787,0.5666666666666667,0.5775577557755776,0.5721201452304984,0.568561872909699,0.572139303482587,0.5724777203212674,0.5477722081979493,298,305,603
victimization,14,0.0009978882825275634,171,134,171,127,0.5738255033557047,0.5606557377049181,0.5606557377049181,0.5738255033557047,0.5672406205303113,0.5671641791044777,0.5671641791044776,0.5714985146880844,0.5492387069218461,298,305,603
victimization,14,0.0010109227163248692,173,136,169,125,0.5805369127516778,0.5540983606557377,0.5598705501618123,0.5748299319727891,0.5673176367037078,0.5700164744645799,0.5671641791044776,0.5816591484211685,0.5568616673614101,298,305,603
victimization,14,0.0010527882421559013,179,132,173,119,0.6006711409395973,0.5672131147540984,0.5755627009646302,0.5924657534246576,0.5839421278468478,0.5878489326765189,0.5837479270315091,0.6030586423148862,0.5775403212519193,298,305,603
victimization,14,0.0010990392160031314,178,132,173,120,0.5973154362416108,0.5672131147540984,0.5741935483870968,0.590443686006826,0.5822642754978546,0.5855263157894737,0.582089552238806,0.594636373638464,0.5698997434114578,298,305,603
victimization,14,0.0011196637705427784,183,132,173,115,0.6140939597315436,0.5672131147540984,0.580952380952381,0.6006944444444444,0.590653537242821,0.5970636215334421,0.5903814262023217,0.6004730993508638,0.5723434855931163,298,305,603
victimization,14,0.0011558067468789945,185,129,176,113,0.6208053691275168,0.5770491803278689,0.589171974522293,0.6089965397923875,0.5989272747276928,0.6045751633986929,0.5986733001658375,0.6059247441962812,0.5748549077118225,298,305,603
victimization,14,0.0011935701824187836,186,131,174,112,0.6241610738255033,0.5704918032786885,0.5867507886435331,0.6083916083916084,0.597326438552096,0.6048780487804878,0.5970149253731343,0.6098085597975574,0.575217059574471,298,305,603
victimization,14,0.0012046342504531586,185,131,174,113,0.6208053691275168,0.5704918032786885,0.5854430379746836,0.6062717770034843,0.5956485862031027,0.6026058631921825,0.5953565505804311,0.6129112113543844,0.5814404512253041,298,305,603
victimization,14,0.0012251539418689976,185,132,173,113,0.6208053691275168,0.5672131147540984,0.583596214511041,0.6048951048951049,0.5940092419408076,0.6016260162601627,0.593698175787728,0.6150566618989988,0.5829908807585522,298,305,603
victimization,14,0.0012501462814912608,185,131,174,113,0.6208053691275168,0.5704918032786885,0.5854430379746836,0.6062717770034843,0.5956485862031027,0.6026058631921825,0.5953565505804311,0.6182033226977665,0.5847322010005854,298,305,603
victimization,14,0.0013171301978554448,168,111,194,130,0.5637583892617449,0.6360655737704918,0.6021505376344086,0.5987654320987654,0.5999119815161184,0.5823223570190642,0.6003316749585407,0.6209594014743097,0.5955267309680103,298,305,603
victimization,14,0.0013562589858309303,168,112,193,130,0.5637583892617449,0.6327868852459017,0.6,0.5975232198142415,0.5982726372538233,0.5813148788927336,0.5986733001658375,0.621311475409836,0.5984195146448058,298,305,603
victimization,14,0.0013803535925781753,169,112,193,129,0.5671140939597316,0.6327868852459017,0.6014234875444839,0.5993788819875776,0.5999504896028166,0.5837651122625215,0.6003316749585407,0.6168885465947848,0.58568371384778,298,305,603
victimization,14,0.0014017838191027025,164,109,196,134,0.5503355704697986,0.6426229508196721,0.6007326007326007,0.593939393939394,0.5964792606447353,0.574430823117338,0.5970149253731343,0.6166354934536252,0.5770113375524255,298,305,603
victimization,14,0.0014500028004994778,153,107,198,145,0.5134228187919463,0.6491803278688525,0.5884615384615385,0.577259475218659,0.5813015733303994,0.5483870967741936,0.582089552238806,0.6121245461546925,0.5754412020702728,298,305,603
victimization,14,0.0014938655895712074,155,107,198,143,0.5201342281879194,0.6491803278688525,0.5916030534351145,0.5806451612903226,0.584657278028386,0.5535714285714286,0.5854063018242123,0.627379249642425,0.5861725992037848,298,305,603
victimization,14,0.0015455552499793305,146,89,216,152,0.4899328859060403,0.7081967213114754,0.6212765957446809,0.5869565217391305,0.5990648036087578,0.5478424015009381,0.6003316749585407,0.6412696666299924,0.6009174842329202,298,305,603
victimization,14,0.0017207553320770052,149,90,215,149,0.5,0.7049180327868853,0.6234309623430963,0.5906593406593407,0.6024590163934427,0.5549348230912476,0.603648424543947,0.6471118934976345,0.613553390076301,298,305,603
victimization,14,0.0018798561868315685,168,103,202,130,0.5637583892617449,0.6622950819672131,0.6199261992619927,0.608433734939759,0.613026735614479,0.5905096660808435,0.6135986733001658,0.6691935306414346,0.6477403784964832,298,305,603
victimization,14,0.002054717521798815,168,94,211,130,0.5637583892617449,0.6918032786885245,0.6412213740458015,0.6187683284457478,0.6277808339751347,0.6,0.6285240464344942,0.6901914402024425,0.6807004384251903,298,305,603
victimization,14,0.0026654037936124845,159,84,221,139,0.5335570469798657,0.7245901639344262,0.654320987654321,0.6138888888888889,0.629073605457146,0.5878003696857671,0.6301824212271974,0.6875893937726921,0.6745096117930391,298,305,603
victimization,14,0.003069058159624846,198,114,191,100,0.6644295302013423,0.6262295081967213,0.6346153846153846,0.6563573883161512,0.6453295191990318,0.6491803278688525,0.6451077943615257,0.6822202662559137,0.667515730580121,298,305,603
victimization,14,0.003524155874383291,109,47,258,189,0.36577181208053694,0.8459016393442623,0.6987179487179487,0.5771812080536913,0.6058367257123997,0.48017621145374456,0.6086235489220564,0.6732313785895037,0.6520017383123243,298,305,603
victimization,14,0.004654877463883638,115,51,254,183,0.3859060402684564,0.8327868852459016,0.6927710843373494,0.5812356979405034,0.609346462757179,0.49568965517241376,0.6119402985074627,0.6674551655847727,0.6210341586212682,298,305,603
victimization,14,0.026890885435460365,0,0,305,298,0.0,1.0,,0.5058043117744611,0.5,,0.5058043117744611,0.5,0.494195688225539,298,305,603
victimization,15,0.0,180,146,159,118,0.6040268456375839,0.521311475409836,0.5521472392638037,0.5740072202166066,0.56266916052371,0.576923076923077,0.5621890547263682,0.56266916052371,0.5291999807989876,298,305,603
victimization,15,0.00038262383465914883,180,146,159,118,0.6040268456375839,0.521311475409836,0.5521472392638037,0.5740072202166066,0.56266916052371,0.576923076923077,0.5621890547263682,0.5636593684673781,0.5302261708151721,298,305,603
victimization,15,0.00039024319806728173,179,146,159,119,0.6006711409395973,0.521311475409836,0.5507692307692308,0.5719424460431655,0.5609913081747167,0.5746388443017656,0.560530679933665,0.5616789525800419,0.5305269734796948,298,305,603
victimization,15,0.00039568182010559226,181,144,161,117,0.6073825503355704,0.5278688524590164,0.556923076923077,0.579136690647482,0.5676257013972934,0.5810593900481541,0.5671641791044776,0.5635163384310706,0.5325862213738152,298,305,603
victimization,15,0.0004030733870160309,181,144,161,117,0.6073825503355704,0.5278688524590164,0.556923076923077,0.579136690647482,0.5676257013972934,0.5810593900481541,0.5671641791044776,0.5605897238420068,0.5314152572021974,298,305,603
victimization,15,0.0004073143588680426,181,143,162,117,0.6073825503355704,0.5311475409836065,0.558641975308642,0.5806451612903226,0.5692650456595885,0.5819935691318329,0.5688225538971807,0.5515348223126857,0.528086662214075,298,305,603
victimization,15,0.0005070081505466942,183,144,161,115,0.6140939597315436,0.5278688524590164,0.5596330275229358,0.5833333333333334,0.57098140609528,0.5856,0.5704809286898839,0.5423093849708438,0.5144955780897245,298,305,603
victimization,15,0.0005471688037704904,183,142,163,115,0.6140939597315436,0.5344262295081967,0.563076923076923,0.5863309352517986,0.5742600946198702,0.5874799357945425,0.5737976782752903,0.5361150841676752,0.5106496655077039,298,305,603
victimization,15,0.0006287992473756701,181,139,166,117,0.6073825503355704,0.5442622950819672,0.565625,0.5865724381625441,0.5758224227087688,0.5857605177993527,0.5754560530679934,0.5440642534932336,0.5166313600372223,298,305,603
victimization,15,0.0006579114432998416,182,139,166,116,0.610738255033557,0.5442622950819672,0.5669781931464174,0.5886524822695035,0.5775002750577621,0.5880452342487883,0.5771144278606966,0.5443778193420619,0.5167478995589581,298,305,603
victimization,15,0.0006814647855241872,182,141,164,116,0.610738255033557,0.5377049180327869,0.5634674922600619,0.5857142857142857,0.5742215865331719,0.5861513687600645,0.5737976782752903,0.5526625591374189,0.5247261965174477,298,305,603
victimization,15,0.0006998483048103302,182,140,165,116,0.610738255033557,0.5409836065573771,0.5652173913043478,0.5871886120996441,0.5758609307954671,0.5870967741935484,0.5754560530679934,0.5573220376279018,0.5291226918790641,298,305,603
victimization,15,0.0007199025469925656,183,140,165,115,0.6140939597315436,0.5409836065573771,0.56656346749226,0.5892857142857143,0.5775387831444603,0.5893719806763285,0.5771144278606966,0.5468588403564748,0.5258271225676303,298,305,603
victimization,15,0.0007263996135872137,182,139,166,116,0.610738255033557,0.5442622950819672,0.5669781931464174,0.5886524822695035,0.5775002750577621,0.5880452342487883,0.5771144278606966,0.5516008361755969,0.526167619737532,298,305,603
victimization,15,0.0007357152732515652,186,141,164,112,0.6241610738255033,0.5377049180327869,0.5688073394495413,0.5942028985507246,0.5809329959291452,0.5952,0.5804311774461028,0.5567169105512157,0.5313238591023004,298,305,603
victimization,15,0.0007442764047049543,188,140,165,110,0.6308724832214765,0.5409836065573771,0.573170731707317,0.6,0.5859280448894268,0.6006389776357828,0.5854063018242123,0.5571955110573221,0.5299473882341116,298,305,603
victimization,15,0.0007551453898553504,188,141,164,110,0.6308724832214765,0.5377049180327869,0.5714285714285714,0.5985401459854015,0.5842887006271317,0.5996810207336523,0.5837479270315091,0.5582077236219606,0.530905527134761,298,305,603
victimization,15,0.0007620315139423985,188,141,164,110,0.6308724832214765,0.5377049180327869,0.5714285714285714,0.5985401459854015,0.5842887006271317,0.5996810207336523,0.5837479270315091,0.5618054791506217,0.5327098819173992,298,305,603
victimization,15,0.0007746545020066226,189,141,164,109,0.6342281879194631,0.5377049180327869,0.5727272727272728,0.6007326007326007,0.585966552976125,0.6019108280254777,0.5854063018242123,0.5672241170645835,0.5345425866926629,298,305,603
victimization,15,0.0007817439581518079,191,141,164,107,0.6409395973154363,0.5377049180327869,0.5753012048192772,0.6051660516605166,0.5893222576741115,0.6063492063492065,0.5887230514096186,0.5746726812630653,0.538884203218417,298,305,603
victimization,15,0.0007896790423138892,189,138,167,109,0.6342281879194631,0.5475409836065573,0.5779816513761468,0.605072463768116,0.5908845857630103,0.6048,0.5903814262023217,0.5767686214104962,0.5428471469294073,298,305,603
victimization,15,0.0008052445128128947,187,137,168,111,0.62751677852349,0.5508196721311476,0.5771604938271605,0.6021505376344086,0.5891682253273187,0.6012861736334405,0.5887230514096186,0.5787930465397734,0.5470466488692002,298,305,603
victimization,15,0.0008347552212272128,186,136,169,112,0.6241610738255033,0.5540983606557377,0.577639751552795,0.6014234875444839,0.5891297172406205,0.6,0.5887230514096186,0.5827758829354164,0.5516112921094481,298,305,603
victimization,15,0.0008512354308408109,184,133,172,114,0.6174496644295302,0.5639344262295082,0.580441640378549,0.6013986013986014,0.5906920453295192,0.5983739837398374,0.5903814262023217,0.5871713059742546,0.5563901972254554,298,305,603
victimization,15,0.0008888087438566111,184,133,172,114,0.6174496644295302,0.5639344262295082,0.580441640378549,0.6013986013986014,0.5906920453295192,0.5983739837398374,0.5903814262023217,0.5824293101551326,0.5508785038556399,298,305,603
victimization,15,0.0009227587257675133,185,134,171,113,0.6208053691275168,0.5606557377049181,0.5799373040752351,0.602112676056338,0.5907305534162175,0.5996758508914101,0.5903814262023217,0.5826713609858071,0.5505051041928014,298,305,603
victimization,15,0.000992691020539571,184,133,172,114,0.6174496644295302,0.5639344262295082,0.580441640378549,0.6013986013986014,0.5906920453295192,0.5983739837398374,0.5903814262023217,0.5863186269116514,0.5521669462098759,298,305,603
victimization,15,0.001029559029353541,180,132,173,118,0.6040268456375839,0.5672131147540984,0.5769230769230769,0.5945017182130584,0.5856199801958412,0.5901639344262295,0.5854063018242123,0.5834635273407415,0.546655156746658,298,305,603
victimization,15,0.0010800483993745377,181,134,171,117,0.6073825503355704,0.5606557377049181,0.5746031746031746,0.59375,0.5840191440202442,0.5905383360522022,0.5837479270315091,0.5887336340631533,0.5523802419586918,298,305,603
victimization,15,0.0010935421201082839,181,133,172,117,0.6073825503355704,0.5639344262295082,0.5764331210191083,0.5951557093425606,0.5856584882825393,0.5915032679738562,0.5854063018242123,0.5920398283639564,0.5585472184002505,298,305,603
victimization,15,0.0011167635863968148,180,127,178,118,0.6040268456375839,0.5836065573770491,0.5863192182410424,0.6013513513513513,0.5938167015073166,0.5950413223140496,0.593698175787728,0.6033667070084718,0.5717910187119056,298,305,603
victimization,15,0.0011651444245612368,180,128,177,118,0.6040268456375839,0.580327868852459,0.5844155844155844,0.6,0.5921773572450215,0.594059405940594,0.5920398009950248,0.6030806469358566,0.5716334823925938,298,305,603
victimization,15,0.001191619548621849,178,127,178,120,0.5973154362416108,0.5836065573770491,0.5836065573770491,0.5973154362416108,0.59046099680933,0.5903814262023217,0.5903814262023217,0.6019254043349103,0.5619773878509511,298,305,603
victimization,15,0.001246723555575541,178,127,178,120,0.5973154362416108,0.5836065573770491,0.5836065573770491,0.5973154362416108,0.59046099680933,0.5903814262023217,0.5903814262023217,0.5999559907580592,0.5566549952106671,298,305,603
victimization,15,0.001285700211487618,178,126,179,120,0.5973154362416108,0.5868852459016394,0.5855263157894737,0.5986622073578596,0.592100341071625,0.5913621262458473,0.5920398009950248,0.605154582462317,0.5693360174218018,298,305,603
victimization,15,0.0013317645598264183,192,136,169,106,0.6442953020134228,0.5540983606557377,0.5853658536585366,0.6145454545454545,0.5991968313345802,0.6134185303514376,0.5986733001658375,0.6183078446473761,0.5743115125979142,298,305,603
victimization,15,0.0013812547320558575,197,138,167,101,0.6610738255033557,0.5475409836065573,0.5880597014925373,0.6231343283582089,0.6043074045549566,0.6224328593996841,0.603648424543947,0.6252448014082959,0.5864334781130345,298,305,603
victimization,15,0.0014403431000764668,195,133,172,103,0.6543624161073825,0.5639344262295082,0.5945121951219512,0.6254545454545455,0.6091484211684454,0.623003194888179,0.6086235489220564,0.6263230278358455,0.5958801796716957,298,305,603
victimization,15,0.001491331900048552,197,137,168,101,0.6610738255033557,0.5508196721311476,0.5898203592814372,0.6245353159851301,0.6059467488172516,0.6234177215189873,0.6053067993366501,0.625695896138189,0.5957274421504146,298,305,603
victimization,15,0.001564361212230489,194,136,169,104,0.6510067114093959,0.5540983606557377,0.5878787878787879,0.6190476190476191,0.6025525360325668,0.6178343949044585,0.6019900497512438,0.6200627131697656,0.5905878619942145,298,305,603
victimization,15,0.0016165440876376154,192,125,180,106,0.6442953020134228,0.5901639344262295,0.6056782334384858,0.6293706293706294,0.6172296182198261,0.624390243902439,0.6169154228855721,0.6274012542633952,0.6004613507130572,298,305,603
victimization,15,0.001662001788824004,197,134,171,101,0.6610738255033557,0.5606557377049181,0.595166163141994,0.6286764705882353,0.6108647816041368,0.6263910969793323,0.6102819237147595,0.6408405765210694,0.6187615878992689,298,305,603
victimization,15,0.0016799248233481893,194,122,183,104,0.6510067114093959,0.6,0.6139240506329114,0.6376306620209059,0.625503355704698,0.6319218241042345,0.6252072968490879,0.6481076025965453,0.6300244132089249,298,305,603
victimization,15,0.001720010544373118,204,133,172,94,0.6845637583892618,0.5639344262295082,0.6053412462908012,0.6466165413533834,0.624249092309385,0.6425196850393701,0.6235489220563848,0.6626086478160416,0.6372078636401339,298,305,603
victimization,15,0.001848221625627921,192,119,186,106,0.6442953020134228,0.6098360655737705,0.617363344051447,0.636986301369863,0.6270656837935966,0.6305418719211823,0.6268656716417911,0.6661954010342173,0.6375126808698708,298,305,603
victimization,15,0.001970925740637569,182,115,190,116,0.610738255033557,0.6229508196721312,0.6127946127946128,0.6209150326797386,0.6168445373528442,0.6117647058823529,0.6169154228855721,0.6553526240510508,0.6310329991006534,298,305,603
victimization,15,0.0022055664580377726,146,70,235,152,0.4899328859060403,0.7704918032786885,0.6759259259259259,0.6072351421188631,0.6302123445923644,0.5680933852140079,0.6318407960199005,0.6613873913521839,0.6337074021089136,298,305,603
victimization,15,0.0027190055109397935,163,85,220,135,0.5469798657718121,0.7213114754098361,0.657258064516129,0.6197183098591549,0.6341456705908242,0.5970695970695971,0.6351575456053068,0.6623720981406096,0.6377251043202643,298,305,603
victimization,15,0.005291606868578894,210,154,151,88,0.7046979865771812,0.49508196721311476,0.5769230769230769,0.6317991631799164,0.599889976895148,0.634441087613293,0.5986733001658375,0.6392727472769282,0.6108313419237016,298,305,603
victimization,15,0.02472231929591273,0,0,305,298,0.0,1.0,,0.5058043117744611,0.5,,0.5058043117744611,0.5,0.494195688225539,298,305,603
victimization,16,0.0,181,119,186,117,0.6073825503355704,0.6098360655737705,0.6033333333333334,0.6138613861386139,0.6086093079546704,0.6053511705685619,0.6086235489220564,0.6086093079546704,0.5604839894487296,298,305,603
victimization,16,0.0003877205839077456,181,120,185,117,0.6073825503355704,0.6065573770491803,0.6013289036544851,0.6125827814569537,0.6069699636923753,0.6043405676126878,0.6069651741293532,0.6057377049180327,0.5600134362182048,298,305,603
victimization,16,0.0003929998875869779,179,119,186,119,0.6006711409395973,0.6098360655737705,0.6006711409395973,0.6098360655737705,0.6052536032566839,0.6006711409395973,0.6053067993366501,0.6003630762460117,0.5600764323129293,298,305,603
victimization,16,0.00039755664127458695,178,117,188,120,0.5973154362416108,0.6163934426229508,0.6033898305084746,0.6103896103896104,0.6068544394322808,0.600337268128162,0.6069651741293532,0.5965507756628892,0.5586895849696218,298,305,603
victimization,16,0.0004022314441650156,178,117,188,120,0.5973154362416108,0.6163934426229508,0.6033898305084746,0.6103896103896104,0.6068544394322808,0.600337268128162,0.6069651741293532,0.5980580921993619,0.5579034003813163,298,305,603
victimization,16,0.0004080713825058625,179,117,188,119,0.6006711409395973,0.6163934426229508,0.6047297297297297,0.6123778501628665,0.6085322917812741,0.6026936026936027,0.6086235489220564,0.5953295191990318,0.5559257972562541,298,305,603
victimization,16,0.0005162642017882039,182,117,188,116,0.610738255033557,0.6163934426229508,0.6086956521739131,0.618421052631579,0.6135658488282539,0.609715242881072,0.6135986733001658,0.5785014853119155,0.5367865461876873,298,305,603
victimization,16,0.0005934268589870249,178,120,185,120,0.5973154362416108,0.6065573770491803,0.5973154362416108,0.6065573770491803,0.6019364066453956,0.5973154362416108,0.6019900497512438,0.5830124326108483,0.5394628212339515,298,305,603
victimization,16,0.0006198962725692556,176,118,187,122,0.5906040268456376,0.6131147540983607,0.5986394557823129,0.6051779935275081,0.6018593904719991,0.5945945945945946,0.6019900497512438,0.5745351523820001,0.5386420651125343,298,305,603
victimization,16,0.0006653588129581016,180,120,185,118,0.6040268456375839,0.6065573770491803,0.6,0.6105610561056105,0.6052921113433821,0.6020066889632107,0.6053067993366501,0.5890637033777093,0.5489581062870442,298,305,603
victimization,16,0.0006784758414871041,179,119,186,119,0.6006711409395973,0.6098360655737705,0.6006711409395973,0.6098360655737705,0.6052536032566839,0.6006711409395973,0.6053067993366501,0.5887721421498515,0.5503307730986751,298,305,603
victimization,16,0.000689279861322122,179,120,185,119,0.6006711409395973,0.6065573770491803,0.5986622073578596,0.6085526315789473,0.6036142589943888,0.5996649916247907,0.603648424543947,0.5960501705358126,0.5600713152242631,298,305,603
victimization,16,0.0007054778708534575,178,119,186,120,0.5973154362416108,0.6098360655737705,0.5993265993265994,0.6078431372549019,0.6035757509076907,0.5983193277310924,0.603648424543947,0.6038398063593354,0.5690408549414925,298,305,603
victimization,16,0.0007250146079182051,178,117,188,120,0.5973154362416108,0.6163934426229508,0.6033898305084746,0.6103896103896104,0.6068544394322808,0.600337268128162,0.6069651741293532,0.6122950819672132,0.5754733477677123,298,305,603
victimization,16,0.000730883224659158,181,119,186,117,0.6073825503355704,0.6098360655737705,0.6033333333333334,0.6138613861386139,0.6086093079546704,0.6053511705685619,0.6086235489220564,0.6161623941027616,0.5810043651237939,298,305,603
victimization,16,0.0007393697121870551,180,115,190,118,0.6040268456375839,0.6229508196721312,0.6101694915254238,0.6168831168831169,0.6134888326548575,0.6070826306913998,0.6135986733001658,0.6287380349873474,0.5964089487833877,298,305,603
victimization,16,0.000756613471491954,180,115,190,118,0.6040268456375839,0.6229508196721312,0.6101694915254238,0.6168831168831169,0.6134888326548575,0.6070826306913998,0.6135986733001658,0.6311255363626361,0.6014385668338205,298,305,603
victimization,16,0.000772530020962305,180,115,190,118,0.6040268456375839,0.6229508196721312,0.6101694915254238,0.6168831168831169,0.6134888326548575,0.6070826306913998,0.6135986733001658,0.6346462757179008,0.6053059484794256,298,305,603
victimization,16,0.0007780637854124383,182,115,190,116,0.610738255033557,0.6229508196721312,0.6127946127946128,0.6209150326797386,0.6168445373528442,0.6117647058823529,0.6169154228855721,0.6388051490813071,0.6076839912404232,298,305,603
victimization,16,0.0007958944829128592,183,116,189,115,0.6140939597315436,0.6196721311475409,0.6120401337792643,0.6217105263157895,0.6168830454395422,0.6130653266331658,0.6169154228855721,0.6387941467708218,0.6042990362176709,298,305,603
victimization,16,0.0008530931938324784,185,117,188,113,0.6208053691275168,0.6163934426229508,0.6125827814569537,0.6245847176079734,0.6185994058752338,0.6166666666666667,0.6185737976782753,0.6397623500935197,0.6050570513512393,298,305,603
victimization,16,0.0008871764473424226,186,116,189,112,0.6241610738255033,0.6196721311475409,0.6158940397350994,0.627906976744186,0.6219166024865221,0.6200000000000001,0.6218905472636815,0.642391902299483,0.6060687558491586,298,305,603
victimization,16,0.0009138526060549446,183,110,195,115,0.6140939597315436,0.639344262295082,0.6245733788395904,0.6290322580645161,0.6267191110133128,0.6192893401015228,0.6268656716417911,0.6448674221586533,0.6195099024989914,298,305,603
victimization,16,0.0009491522218518867,184,113,192,114,0.6174496644295302,0.6295081967213115,0.6195286195286195,0.6274509803921569,0.6234789305754209,0.6184873949579832,0.6235489220563848,0.6425349323357905,0.6240857896383827,298,305,603
victimization,16,0.0009896846437219306,185,106,199,113,0.6208053691275168,0.6524590163934426,0.6357388316151202,0.6378205128205128,0.6366321927604797,0.6281833616298812,0.6368159203980099,0.652591044119265,0.6393192169213844,298,305,603
victimization,16,0.0009958506224066392,185,105,200,113,0.6208053691275168,0.6557377049180327,0.6379310344827587,0.6389776357827476,0.6382715370227747,0.6292517006802721,0.6384742951907131,0.6564253493233579,0.6446875442178566,298,305,603
victimization,16,0.0010184641836472694,185,106,199,113,0.6208053691275168,0.6524590163934426,0.6357388316151202,0.6378205128205128,0.6366321927604797,0.6281833616298812,0.6368159203980099,0.6631587633403014,0.6553057817598331,298,305,603
victimization,16,0.001037344398340249,182,105,200,116,0.610738255033557,0.6557377049180327,0.6341463414634146,0.6329113924050633,0.6332379799757949,0.6222222222222222,0.6334991708126037,0.6664539553306195,0.6601875419867043,298,305,603
victimization,16,0.0010580889726137378,178,102,203,120,0.5973154362416108,0.6655737704918033,0.6357142857142857,0.628482972136223,0.631444603366707,0.6159169550173009,0.6318407960199005,0.665023654967543,0.6574040460630217,298,305,603
victimization,16,0.0010727238380361644,177,102,203,121,0.5939597315436241,0.6655737704918033,0.6344086021505376,0.6265432098765432,0.6297667510177137,0.6135181975736568,0.6301824212271974,0.6639344262295082,0.6511220178122941,298,305,603
victimization,16,0.0010927492797517778,181,104,201,117,0.6073825503355704,0.659016393442623,0.6350877192982456,0.6320754716981132,0.6331994718890968,0.620926243567753,0.6334991708126037,0.6675596875343822,0.6542769147969453,298,305,603
victimization,16,0.001134683804080454,184,104,201,114,0.6174496644295302,0.659016393442623,0.6388888888888888,0.638095238095238,0.6382330289360766,0.6279863481228669,0.6384742951907131,0.6650566618989988,0.6357483129888536,298,305,603
victimization,16,0.0011563655406729096,187,108,197,111,0.62751677852349,0.6459016393442623,0.6338983050847458,0.6396103896103896,0.6367092089338762,0.6306913996627318,0.6368159203980099,0.6664484541753769,0.6424247751842087,298,305,603
victimization,16,0.0011938783045566006,187,107,198,111,0.62751677852349,0.6491803278688525,0.6360544217687075,0.6407766990291263,0.6383485531961712,0.6317567567567568,0.6384742951907131,0.6657333039938387,0.64336576658774,298,305,603
victimization,16,0.001238892927435564,186,109,196,112,0.6241610738255033,0.6426229508196721,0.6305084745762712,0.6363636363636364,0.6333920123225878,0.6273187183811131,0.6334991708126037,0.6673561447904058,0.6453738016950616,298,305,603
victimization,16,0.001267976707793904,183,102,203,115,0.6140939597315436,0.6655737704918033,0.6421052631578947,0.6383647798742138,0.6398338651116735,0.62778730703259,0.6401326699834162,0.6771316976565079,0.6558525973401617,298,305,603
victimization,16,0.0012881251193200254,183,102,203,115,0.6140939597315436,0.6655737704918033,0.6421052631578947,0.6383647798742138,0.6398338651116735,0.62778730703259,0.6401326699834162,0.6830564418527891,0.665435314439541,298,305,603
victimization,16,0.0013226741205401551,185,102,203,113,0.6208053691275168,0.6655737704918033,0.6445993031358885,0.6424050632911392,0.6431895698096601,0.6324786324786326,0.6434494195688225,0.6960666740015404,0.6886926884799169,298,305,603
victimization,16,0.0013813855495712765,182,98,207,116,0.610738255033557,0.6786885245901639,0.65,0.6408668730650154,0.6447133898118604,0.629757785467128,0.6451077943615257,0.6948344152271978,0.6861400999314825,298,305,603
victimization,16,0.0014520173723515091,173,88,217,125,0.5805369127516778,0.7114754098360656,0.6628352490421456,0.6345029239766082,0.6460061612938717,0.6189624329159212,0.6467661691542289,0.7006931455605677,0.6846632848527927,298,305,603
victimization,16,0.0014962318018842014,175,91,214,123,0.587248322147651,0.7016393442622951,0.6578947368421053,0.6350148367952523,0.6444438332049731,0.6205673758865248,0.6451077943615257,0.6989712839696336,0.6825370827359355,298,305,603
victimization,16,0.0015274647252933214,182,99,206,116,0.610738255033557,0.6754098360655738,0.6476868327402135,0.639751552795031,0.6430740455495654,0.6286701208981001,0.6434494195688225,0.701710859280449,0.6916454975356625,298,305,603
victimization,16,0.0015657664819560772,172,88,217,126,0.5771812080536913,0.7114754098360656,0.6615384615384615,0.6326530612244898,0.6443283089448785,0.6164874551971326,0.6451077943615257,0.7049235339421279,0.6914894779234869,298,305,603
victimization,16,0.0017341275461444344,179,94,211,119,0.6006711409395973,0.6918032786885245,0.6556776556776557,0.6393939393939394,0.646237209814061,0.6269702276707529,0.6467661691542289,0.7006271316976566,0.6917995487963613,298,305,603
victimization,16,0.0018360080067587627,182,94,211,116,0.610738255033557,0.6918032786885245,0.6594202898550725,0.6452599388379205,0.6512707668610408,0.6341463414634145,0.6517412935323383,0.7027505776213004,0.6994991053201903,298,305,603
victimization,16,0.0020846088575116007,180,110,195,118,0.6040268456375839,0.639344262295082,0.6206896551724138,0.6230031948881789,0.621685553966333,0.6122448979591836,0.6218905472636815,0.6768676422048631,0.6607359865588983,298,305,603
victimization,16,0.002504479296811405,161,85,220,137,0.540268456375839,0.7213114754098361,0.6544715447154471,0.6162464985994398,0.6307899658928375,0.5919117647058824,0.6318407960199005,0.6885245901639345,0.6715950670726993,298,305,603
victimization,16,0.0027385027912764327,195,128,177,103,0.6543624161073825,0.580327868852459,0.6037151702786377,0.6321428571428571,0.6173451424799208,0.6280193236714976,0.6169154228855721,0.6736824733193971,0.6722144308243247,298,305,603
victimization,16,0.006366820392757112,209,151,154,89,0.7013422818791947,0.5049180327868853,0.5805555555555556,0.6337448559670782,0.60313015733304,0.635258358662614,0.6019900497512438,0.6541313675871934,0.6317021053746513,298,305,603
victimization,16,0.027847264262615357,0,0,305,298,0.0,1.0,,0.5058043117744611,0.5,,0.5058043117744611,0.5,0.494195688225539,298,305,603
victimization,17,0.0,171,113,192,127,0.5738255033557047,0.6295081967213115,0.602112676056338,0.6018808777429467,0.6016668500385081,0.5876288659793815,0.6019900497512438,0.6016668500385081,0.5561212080881787,298,305,603
victimization,17,0.00038247664210912567,171,113,192,127,0.5738255033557047,0.6295081967213115,0.602112676056338,0.6018808777429467,0.6016668500385081,0.5876288659793815,0.6019900497512438,0.6018703927824843,0.558103915112968,298,305,603
victimization,17,0.0003901848003804138,171,113,192,127,0.5738255033557047,0.6295081967213115,0.602112676056338,0.6018808777429467,0.6016668500385081,0.5876288659793815,0.6019900497512438,0.6019309054901529,0.563401915570104,298,305,603
victimization,17,0.00039580840713993005,172,113,192,126,0.5771812080536913,0.6295081967213115,0.6035087719298246,0.6037735849056604,0.6033447023875014,0.5900514579759863,0.603648424543947,0.5923423919022994,0.5525344597185735,298,305,603
victimization,17,0.00040189412667757487,172,112,193,126,0.5771812080536913,0.6327868852459017,0.6056338028169014,0.6050156739811913,0.6049840466497964,0.5910652920962199,0.6053067993366501,0.5879689734844318,0.5561733375369995,298,305,603
victimization,17,0.00040570347878333344,171,111,194,127,0.5738255033557047,0.6360655737704918,0.6063829787234043,0.6043613707165109,0.6049455385630982,0.5896551724137931,0.6053067993366501,0.5791231158543294,0.5553224939143906,298,305,603
victimization,17,0.0004908723908998222,171,111,194,127,0.5738255033557047,0.6360655737704918,0.6063829787234043,0.6043613707165109,0.6049455385630982,0.5896551724137931,0.6053067993366501,0.5775442842997028,0.5546064636235719,298,305,603
victimization,17,0.0005916391452846699,173,110,195,125,0.5805369127516778,0.639344262295082,0.6113074204946997,0.609375,0.6099405875233799,0.5955249569707401,0.6102819237147595,0.5923478930575421,0.5640202115559614,298,305,603
victimization,17,0.0006511113861439883,173,110,195,125,0.5805369127516778,0.639344262295082,0.6113074204946997,0.609375,0.6099405875233799,0.5955249569707401,0.6102819237147595,0.5983881615139179,0.5719613618459651,298,305,603
victimization,17,0.0006688369666651173,173,111,194,125,0.5805369127516778,0.6360655737704918,0.6091549295774648,0.6081504702194357,0.6083012432610848,0.5945017182130583,0.6086235489220564,0.5993673671471009,0.5737503864171767,298,305,603
victimization,17,0.0006842147966751337,173,110,195,125,0.5805369127516778,0.639344262295082,0.6113074204946997,0.609375,0.6099405875233799,0.5955249569707401,0.6102819237147595,0.601556826933656,0.5759877022053727,298,305,603
victimization,17,0.0006961202598506118,176,112,193,122,0.5906040268456376,0.6327868852459017,0.6111111111111112,0.6126984126984127,0.6116954560457697,0.6006825938566553,0.6119402985074627,0.6079051600836176,0.5765452777241719,298,305,603
victimization,17,0.000712410631116703,185,114,191,113,0.6208053691275168,0.6262295081967213,0.6187290969899666,0.6282894736842105,0.6235174386621191,0.6197654941373535,0.6235489220563848,0.6172406205303114,0.5816574875637353,298,305,603
victimization,17,0.0007264071651161993,186,113,192,112,0.6241610738255033,0.6295081967213115,0.6220735785953178,0.631578947368421,0.6268346352734074,0.6231155778894472,0.6268656716417911,0.6161954010342172,0.5805758153138911,298,305,603
victimization,17,0.0007384470859028623,188,108,197,110,0.6308724832214765,0.6459016393442623,0.6351351351351351,0.6416938110749185,0.6383870612828694,0.632996632996633,0.6384742951907131,0.6274727692815492,0.5894836780516672,298,305,603
victimization,17,0.0007512161157685758,188,108,197,110,0.6308724832214765,0.6459016393442623,0.6351351351351351,0.6416938110749185,0.6383870612828694,0.632996632996633,0.6384742951907131,0.6281054021344483,0.5904428857786908,298,305,603
victimization,17,0.0007620924336988357,189,106,199,109,0.6342281879194631,0.6524590163934426,0.6406779661016949,0.6461038961038961,0.6433436021564529,0.6374367622259697,0.6434494195688225,0.6410881285069865,0.6013501511818758,298,305,603
victimization,17,0.0007763852428938378,189,107,198,109,0.6342281879194631,0.6491803278688525,0.6385135135135135,0.6449511400651465,0.6417042578941579,0.6363636363636364,0.6417910447761194,0.6421388491583233,0.6003039656864146,298,305,603
victimization,17,0.0007923420387090761,189,106,199,109,0.6342281879194631,0.6524590163934426,0.6406779661016949,0.6461038961038961,0.6433436021564529,0.6374367622259697,0.6434494195688225,0.6409946088678623,0.6014168564875757,298,305,603
victimization,17,0.00080748405421437,188,104,201,110,0.6308724832214765,0.659016393442623,0.6438356164383562,0.6463022508038585,0.6449444383320497,0.6372881355932203,0.6451077943615257,0.6440752558037187,0.6100170782733816,298,305,603
victimization,17,0.0008295226804414711,188,101,204,110,0.6308724832214765,0.6688524590163935,0.6505190311418685,0.6496815286624203,0.6498624711189349,0.6405451448040885,0.6500829187396352,0.6373913521839586,0.5975730383038682,298,305,603
victimization,17,0.0008541281317756153,188,100,205,110,0.6308724832214765,0.6721311475409836,0.6527777777777778,0.6507936507936508,0.65150181538123,0.6416382252559727,0.6517412935323383,0.6390747056881945,0.6015153703956925,298,305,603
victimization,17,0.0008987120755313509,187,99,206,111,0.62751677852349,0.6754098360655738,0.6538461538461539,0.6498422712933754,0.651463307294532,0.6404109589041096,0.6517412935323383,0.642859500495104,0.6061663490625485,298,305,603
victimization,17,0.0009570439158041834,186,98,207,112,0.6241610738255033,0.6786885245901639,0.6549295774647887,0.6489028213166145,0.6514247992078337,0.6391752577319588,0.6517412935323383,0.6391462207063484,0.6000320472314891,298,305,603
victimization,17,0.000977871043364542,186,103,202,112,0.6241610738255033,0.6622950819672131,0.643598615916955,0.643312101910828,0.6432280778963582,0.6337308347529812,0.6434494195688225,0.639591814280999,0.5991554655109519,298,305,603
victimization,17,0.000995850622406639,187,103,202,111,0.62751677852349,0.6622950819672131,0.6448275862068965,0.645367412140575,0.6449059302453515,0.6360544217687074,0.6451077943615257,0.6455715700297062,0.6059120664451998,298,305,603
victimization,17,0.0010209049769722256,186,102,203,112,0.6241610738255033,0.6655737704918033,0.6458333333333334,0.6444444444444445,0.6448674221586533,0.6348122866894198,0.6451077943615257,0.6476235009351963,0.6170766223521365,298,305,603
victimization,17,0.0010612654553396723,187,101,204,111,0.62751677852349,0.6688524590163935,0.6493055555555556,0.6476190476190476,0.6481846187699417,0.6382252559726963,0.648424543946932,0.6480360875783915,0.6150762321505397,298,305,603
victimization,17,0.0010921346044423443,184,100,205,114,0.6174496644295302,0.6721311475409836,0.647887323943662,0.6426332288401254,0.6447904059852569,0.6323024054982819,0.6451077943615257,0.6520024205083068,0.6183629745104117,298,305,603
victimization,17,0.0011105658785581377,184,99,206,114,0.6174496644295302,0.6754098360655738,0.6501766784452296,0.64375,0.646429750247552,0.6333907056798623,0.6467661691542289,0.6606997469468587,0.6269196858520354,298,305,603
victimization,17,0.0011273306444342323,185,98,207,113,0.6208053691275168,0.6786885245901639,0.6537102473498233,0.646875,0.6497469468588404,0.6368330464716007,0.6500829187396352,0.6620585322917812,0.631255033323995,298,305,603
victimization,17,0.0011594459679818302,183,98,207,115,0.6140939597315436,0.6786885245901639,0.6512455516014235,0.6428571428571429,0.6463912421608538,0.6321243523316062,0.6467661691542289,0.6618769941687754,0.6316076057429352,298,305,603
victimization,17,0.0011747572408296403,190,103,202,108,0.6375838926174496,0.6622950819672131,0.6484641638225256,0.6516129032258065,0.6499394872923314,0.6429780033840947,0.6500829187396352,0.6604576961161843,0.6306882533375786,298,305,603
victimization,17,0.001212391945022146,192,101,204,106,0.6442953020134228,0.6688524590163935,0.6552901023890785,0.6580645161290323,0.6565738805149082,0.649746192893401,0.6567164179104478,0.6687259324458136,0.6343898962717782,298,305,603
victimization,17,0.0012464626237770346,191,100,205,107,0.6409395973154363,0.6721311475409836,0.6563573883161512,0.657051282051282,0.6565353724282099,0.6485568760611206,0.6567164179104478,0.673946528771042,0.6353631563958888,298,305,603
victimization,17,0.001289187874319852,186,102,203,112,0.6241610738255033,0.6655737704918033,0.6458333333333334,0.6444444444444445,0.6448674221586533,0.6348122866894198,0.6451077943615257,0.6686159093409615,0.6346663927473584,298,305,603
victimization,17,0.001330742413313767,191,103,202,107,0.6409395973154363,0.6622950819672131,0.6496598639455783,0.6537216828478964,0.6516173396413247,0.6452702702702703,0.6517412935323383,0.6772417207613598,0.6399883918284118,298,305,603
victimization,17,0.0013588850832930628,196,116,189,102,0.6577181208053692,0.6196721311475409,0.6282051282051282,0.6494845360824743,0.6386951259764551,0.6426229508196721,0.6384742951907131,0.660930795467048,0.6314826044939506,298,305,603
victimization,17,0.0014244542410646772,195,117,188,103,0.6543624161073825,0.6163934426229508,0.625,0.6460481099656358,0.6353779293651667,0.6393442622950819,0.6351575456053068,0.6698591704257895,0.6336341982848757,298,305,603
victimization,17,0.0014575753631229696,194,115,190,104,0.6510067114093959,0.6229508196721312,0.627831715210356,0.6462585034013606,0.6369787655407635,0.6392092257001647,0.6368159203980099,0.6655682693365607,0.6163973129439002,298,305,603
victimization,17,0.0015047790250814993,194,111,194,104,0.6510067114093959,0.6360655737704918,0.6360655737704918,0.6510067114093959,0.6435361425899438,0.6434494195688225,0.6434494195688225,0.6656782924414126,0.6167413947508478,298,305,603
victimization,17,0.0015522450049009282,185,107,198,113,0.6208053691275168,0.6491803278688525,0.6335616438356164,0.6366559485530546,0.6349928484981846,0.6271186440677966,0.6351575456053068,0.6615414236989768,0.6180883133817013,298,305,603
victimization,17,0.0016087763557111352,178,104,201,120,0.5973154362416108,0.659016393442623,0.6312056737588653,0.6261682242990654,0.6281659148421168,0.6137931034482759,0.6285240464344942,0.6687259324458136,0.622018700976537,298,305,603
victimization,17,0.001678350687458114,197,111,194,101,0.6610738255033557,0.6360655737704918,0.6396103896103896,0.6576271186440678,0.6485696996369237,0.65016501650165,0.648424543946932,0.6688579601716361,0.6209304027194825,298,305,603
victimization,17,0.0020024210068201515,179,101,204,119,0.6006711409395973,0.6688524590163935,0.6392857142857142,0.631578947368421,0.6347617999779953,0.6193771626297577,0.6351575456053068,0.6704587963472329,0.6394395397715301,298,305,603
victimization,17,0.002288779494039217,181,113,192,117,0.6073825503355704,0.6295081967213115,0.6156462585034014,0.6213592233009708,0.618445373528441,0.6114864864864865,0.6185737976782753,0.6679612718670922,0.6379961389186383,298,305,603
victimization,17,0.0025209740377981943,192,122,183,106,0.6442953020134228,0.6,0.6114649681528662,0.6332179930795848,0.6221476510067114,0.6274509803921569,0.6218905472636815,0.6709098910771262,0.6417409317760312,298,305,603
victimization,17,0.0030994760705347797,196,115,190,102,0.6577181208053692,0.6229508196721312,0.6302250803858521,0.6506849315068494,0.6403344702387501,0.6436781609195403,0.6401326699834162,0.6629772252172956,0.6320500362982704,298,305,603
victimization,17,0.0040444873024318324,196,116,189,102,0.6577181208053692,0.6196721311475409,0.6282051282051282,0.6494845360824743,0.6386951259764551,0.6426229508196721,0.6384742951907131,0.6518483881615139,0.6030089822695011,298,305,603
victimization,17,0.02504933131766396,0,0,305,298,0.0,1.0,,0.5058043117744611,0.5,,0.5058043117744611,0.5,0.494195688225539,298,305,603
victimization,18,0.0,176,132,173,122,0.5906040268456376,0.5672131147540984,0.5714285714285714,0.5864406779661017,0.578908570799868,0.5808580858085808,0.5787728026533997,0.578908570799868,0.5398097400501487,298,305,603
victimization,18,0.00038253504509355653,176,132,173,122,0.5906040268456376,0.5672131147540984,0.5714285714285714,0.5864406779661017,0.578908570799868,0.5808580858085808,0.5787728026533997,0.5791506216305424,0.5400838989307032,298,305,603
victimization,18,0.0003913911755771022,176,132,173,122,0.5906040268456376,0.5672131147540984,0.5714285714285714,0.5864406779661017,0.578908570799868,0.5808580858085808,0.5787728026533997,0.5783969633623061,0.5406011870040983,298,305,603
victimization,18,0.0003965851574250966,175,132,173,123,0.587248322147651,0.5672131147540984,0.5700325732899023,0.5844594594594594,0.5772307184508747,0.5785123966942148,0.5771144278606966,0.5730993508636814,0.5414713617606405,298,305,603
victimization,18,0.00040138100034704875,175,132,173,123,0.587248322147651,0.5672131147540984,0.5700325732899023,0.5844594594594594,0.5772307184508747,0.5785123966942148,0.5771144278606966,0.5720321267466167,0.5404286652363677,298,305,603
victimization,18,0.0004049953417656409,175,132,173,123,0.587248322147651,0.5672131147540984,0.5700325732899023,0.5844594594594594,0.5772307184508747,0.5785123966942148,0.5771144278606966,0.5648641214655078,0.5382392514514215,298,305,603
victimization,18,0.0005015226361832196,174,129,176,124,0.5838926174496645,0.5770491803278689,0.5742574257425742,0.5866666666666667,0.5804708988887667,0.579034941763727,0.5804311774461028,0.5583837605897237,0.5307734665009523,298,305,603
victimization,18,0.0005354646582352926,176,128,177,122,0.5906040268456376,0.580327868852459,0.5789473684210527,0.5919732441471572,0.5854659478490483,0.5847176079734219,0.5854063018242123,0.5512707668610408,0.5216594337118343,298,305,603
victimization,18,0.0006272256369514685,178,131,174,120,0.5973154362416108,0.5704918032786885,0.5760517799352751,0.5918367346938775,0.5839036197601497,0.586490939044481,0.5837479270315091,0.5519089008691825,0.5203977622737407,298,305,603
victimization,18,0.0006448294927519051,178,132,173,120,0.5973154362416108,0.5672131147540984,0.5741935483870968,0.590443686006826,0.5822642754978546,0.5855263157894737,0.582089552238806,0.55217845747607,0.5218978355801114,298,305,603
victimization,18,0.0006685735903013856,178,132,173,120,0.5973154362416108,0.5672131147540984,0.5741935483870968,0.590443686006826,0.5822642754978546,0.5855263157894737,0.582089552238806,0.5564088458576301,0.523189395015757,298,305,603
victimization,18,0.0006912760956726118,179,134,171,119,0.6006711409395973,0.5606557377049181,0.5718849840255591,0.5896551724137931,0.5806634393222576,0.5859247135842881,0.5804311774461028,0.5601331279568709,0.5272775088565242,298,305,603
victimization,18,0.000701311383475266,178,134,171,120,0.5973154362416108,0.5606557377049181,0.5705128205128205,0.5876288659793815,0.5789855869732644,0.5836065573770493,0.5787728026533997,0.5595885135878534,0.5270524939416832,298,305,603
victimization,18,0.0007110268412632578,179,134,171,119,0.6006711409395973,0.5606557377049181,0.5718849840255591,0.5896551724137931,0.5806634393222576,0.5859247135842881,0.5804311774461028,0.559098910771262,0.5230865024838174,298,305,603
victimization,18,0.0007255400409584075,181,134,171,117,0.6073825503355704,0.5606557377049181,0.5746031746031746,0.59375,0.5840191440202442,0.5905383360522022,0.5837479270315091,0.5679502695566069,0.5281890782924552,298,305,603
victimization,18,0.0007373611687174524,182,132,173,116,0.610738255033557,0.5672131147540984,0.5796178343949044,0.5986159169550173,0.5889756848938277,0.5947712418300654,0.5887230514096186,0.5739960391682253,0.5398943760731904,298,305,603
victimization,18,0.0007477571523641912,180,130,175,118,0.6040268456375839,0.5737704918032787,0.5806451612903226,0.5972696245733788,0.5888986687204313,0.5921052631578947,0.5887230514096186,0.5710144130267356,0.5387309952132866,298,305,603
victimization,18,0.0007598906988608951,180,130,175,118,0.6040268456375839,0.5737704918032787,0.5806451612903226,0.5972696245733788,0.5888986687204313,0.5921052631578947,0.5887230514096186,0.5776873143360105,0.5434448895123669,298,305,603
victimization,18,0.0007719085118748336,181,130,175,117,0.6073825503355704,0.5737704918032787,0.5819935691318328,0.5993150684931506,0.5905765210694245,0.5944170771756978,0.5903814262023217,0.5821872593244581,0.5460646404049128,298,305,603
victimization,18,0.0007893614463942445,189,131,174,109,0.6342281879194631,0.5704918032786885,0.590625,0.6148409893992933,0.6023599955990758,0.6116504854368933,0.6019900497512438,0.5877379249642425,0.5474941790585822,298,305,603
victimization,18,0.000811447718485012,189,131,174,109,0.6342281879194631,0.5704918032786885,0.590625,0.6148409893992933,0.6023599955990758,0.6116504854368933,0.6019900497512438,0.5862581142039829,0.5462161830115957,298,305,603
victimization,18,0.0008376111652760347,190,130,175,108,0.6375838926174496,0.5737704918032787,0.59375,0.6183745583038869,0.6056771922103641,0.6148867313915858,0.6053067993366501,0.5853174166574981,0.5456006649476299,298,305,603
victimization,18,0.0008800571413088489,191,131,174,107,0.6409395973154363,0.5704918032786885,0.593167701863354,0.6192170818505338,0.6057157002970623,0.6161290322580645,0.6053067993366501,0.5983771592034327,0.5592587589690078,298,305,603
victimization,18,0.0009020441699566046,191,129,176,107,0.6409395973154363,0.5770491803278689,0.596875,0.6219081272084805,0.6089943888216526,0.6181229773462783,0.6086235489220564,0.6026020464297503,0.5674127080949143,298,305,603
victimization,18,0.0009683466916422313,193,130,175,105,0.6476510067114094,0.5737704918032787,0.5975232198142415,0.625,0.610710749257344,0.6215780998389694,0.6102819237147595,0.6058202222466718,0.5689451788366596,298,305,603
victimization,18,0.0009865060153039784,193,129,176,105,0.6476510067114094,0.5770491803278689,0.5993788819875776,0.6263345195729537,0.6123500935196391,0.6225806451612903,0.6119402985074627,0.6000825173286389,0.567634314178084,298,305,603
victimization,18,0.0010022635326458961,196,139,166,102,0.6577181208053692,0.5442622950819672,0.5850746268656717,0.6194029850746269,0.6009902079436682,0.6192733017377567,0.6003316749585407,0.5894762900209044,0.5556575265163174,298,305,603
victimization,18,0.001023278274228425,193,134,171,105,0.6476510067114094,0.5606557377049181,0.5902140672782875,0.6195652173913043,0.6041533722081638,0.6176,0.603648424543947,0.5990152932115743,0.5639422864185265,298,305,603
victimization,18,0.0010413273452243397,192,133,172,106,0.6442953020134228,0.5639344262295082,0.5907692307692308,0.6187050359712231,0.6041148641214655,0.6163723916532906,0.603648424543947,0.6052591044119265,0.57140902965095,298,305,603
victimization,18,0.0010618760916533642,195,138,167,103,0.6543624161073825,0.5475409836065573,0.5855855855855856,0.6185185185185185,0.60095169985697,0.6180665610142632,0.6003316749585407,0.6037737924964244,0.5707975110700476,298,305,603
victimization,18,0.0010924175658090793,192,129,176,106,0.6442953020134228,0.5770491803278689,0.5981308411214953,0.624113475177305,0.6106722411706458,0.6203554119547656,0.6102819237147595,0.6223401914402025,0.585946663475583,298,305,603
victimization,18,0.0011107735619138555,193,130,175,105,0.6476510067114094,0.5737704918032787,0.5975232198142415,0.625,0.610710749257344,0.6215780998389694,0.6102819237147595,0.6229123115854329,0.5868259025382951,298,305,603
victimization,18,0.001180104042290159,193,127,178,105,0.6476510067114094,0.5836065573770491,0.603125,0.6289752650176679,0.6156287820442292,0.6245954692556636,0.615257048092869,0.6301793376609087,0.5996519395460225,298,305,603
victimization,18,0.001199082723652663,194,126,179,104,0.6510067114093959,0.5868852459016394,0.60625,0.6325088339222615,0.6189459786555176,0.6278317152103561,0.6185737976782753,0.6372318186819231,0.6055611371311551,298,305,603
victimization,18,0.0012383060295486224,199,125,180,99,0.6677852348993288,0.5901639344262295,0.6141975308641975,0.6451612903225806,0.6289745846627792,0.6398713826366559,0.6285240464344942,0.6432005721201453,0.6071439617182425,298,305,603
victimization,18,0.0012882872692080484,198,124,181,100,0.6644295302013423,0.5934426229508196,0.6149068322981367,0.6441281138790036,0.628936076576081,0.6387096774193548,0.6285240464344942,0.6472879304653977,0.6115775635004614,298,305,603
victimization,18,0.0013167280560848278,202,127,178,96,0.6778523489932886,0.5836065573770491,0.6139817629179332,0.6496350364963503,0.6307294531851688,0.6443381180223285,0.6301824212271974,0.6508306744416328,0.6044895210267134,298,305,603
victimization,18,0.0013490078611279042,207,131,174,91,0.6946308724832215,0.5704918032786885,0.6124260355029586,0.6566037735849056,0.632561337880955,0.6509433962264151,0.6318407960199005,0.6535977555286611,0.6117172682656682,298,305,603
victimization,18,0.0013917122341069721,207,131,174,91,0.6946308724832215,0.5704918032786885,0.6124260355029586,0.6566037735849056,0.632561337880955,0.6509433962264151,0.6318407960199005,0.6571625041258664,0.6127515911476593,298,305,603
victimization,18,0.001424851704818522,205,130,175,93,0.6879194630872483,0.5737704918032787,0.6119402985074627,0.6529850746268657,0.6308449774452635,0.6477093206951027,0.6301824212271974,0.6585157883155464,0.6133656188253018,298,305,603
victimization,18,0.0015765675344040408,205,134,171,93,0.6879194630872483,0.5606557377049181,0.6047197640117994,0.6477272727272727,0.6242876003960831,0.6436420722135008,0.6235489220563848,0.6703597755528661,0.6374851790520952,298,305,603
victimization,18,0.0016587206253616163,190,109,196,108,0.6375838926174496,0.6426229508196721,0.6354515050167224,0.6447368421052632,0.6401034217185608,0.6365159128978225,0.6401326699834162,0.680454395423039,0.6419337966364657,298,305,603
victimization,18,0.0017036743809737368,196,115,190,102,0.6577181208053692,0.6229508196721312,0.6302250803858521,0.6506849315068494,0.6403344702387501,0.6436781609195403,0.6401326699834162,0.6832379799757948,0.642926407414397,298,305,603
victimization,18,0.0017368349542003045,199,130,175,99,0.6677852348993288,0.5737704918032787,0.6048632218844985,0.6386861313868614,0.6207778633513037,0.6347687400318979,0.6202321724709784,0.6782594344812412,0.6504559553626831,298,305,603
victimization,18,0.001837206663383265,190,116,189,108,0.6375838926174496,0.6196721311475409,0.6209150326797386,0.6363636363636364,0.6286280118824953,0.6291390728476821,0.6285240464344942,0.6850258554296402,0.6676407409086736,298,305,603
victimization,18,0.0020023716457445977,193,125,180,105,0.6476510067114094,0.5901639344262295,0.6069182389937107,0.631578947368421,0.6189074705688195,0.6266233766233766,0.6185737976782753,0.6723456925954451,0.6616883024582544,298,305,603
victimization,18,0.002686471519851416,178,113,192,120,0.5973154362416108,0.6295081967213115,0.6116838487972509,0.6153846153846154,0.6134118164814611,0.6044142614601019,0.6135986733001658,0.6681758169215535,0.6517564328900339,298,305,603
victimization,18,0.0034976122816144425,174,109,196,124,0.5838926174496645,0.6426229508196721,0.6148409893992933,0.6125,0.6132577841346682,0.5989672977624785,0.6135986733001658,0.6642534932335792,0.6385011376821856,298,305,603
victimization,18,0.005339677728182046,124,63,242,174,0.4161073825503356,0.7934426229508197,0.6631016042780749,0.5817307692307693,0.6047750027505776,0.5113402061855671,0.6069651741293532,0.6432335790516008,0.614040954311746,298,305,603
victimization,18,0.025270737060524462,0,0,305,298,0.0,1.0,,0.5058043117744611,0.5,,0.5058043117744611,0.5,0.494195688225539,298,305,603
victimization,19,0.0,181,126,179,117,0.6073825503355704,0.5868852459016394,0.5895765472312704,0.6047297297297297,0.597133898118605,0.5983471074380166,0.5970149253731343,0.5971338981186048,0.5521283576216376,298,305,603
victimization,19,0.0003865937147918543,181,125,180,117,0.6073825503355704,0.5901639344262295,0.5915032679738562,0.6060606060606061,0.5987732423809,0.5993377483443708,0.5986733001658375,0.5981076025965453,0.5544891700724388,298,305,603
victimization,19,0.00039653162632468156,180,124,181,118,0.6040268456375839,0.5934426229508196,0.5921052631578947,0.6053511705685619,0.5987347342942018,0.5980066445182725,0.5986733001658375,0.5964957641104632,0.5563377374569015,298,305,603
victimization,19,0.00039975105999026964,178,124,181,120,0.5973154362416108,0.5934426229508196,0.5894039735099338,0.6013289036544851,0.5953790295962151,0.5933333333333334,0.5953565505804311,0.5891297172406205,0.5524561751991094,298,305,603
victimization,19,0.00040367097837535183,177,124,181,121,0.5939597315436241,0.5934426229508196,0.5880398671096345,0.5993377483443708,0.5937011772472218,0.5909849749582636,0.593698175787728,0.5863021234459237,0.5501838143634585,298,305,603
victimization,19,0.00040686535916730865,177,122,183,121,0.5939597315436241,0.6,0.5919732441471572,0.6019736842105263,0.5969798657718121,0.592964824120603,0.5970149253731343,0.5807074485641985,0.5478254891128433,298,305,603
victimization,19,0.0005560775395461654,176,121,184,122,0.5906040268456376,0.6032786885245902,0.5925925925925926,0.6013071895424836,0.5969413576851139,0.5915966386554622,0.5970149253731343,0.5796677302233469,0.5494438390954635,298,305,603
victimization,19,0.0006436717345054134,174,121,184,124,0.5838926174496645,0.6032786885245902,0.5898305084745763,0.5974025974025974,0.5935856529871273,0.5868465430016865,0.593698175787728,0.5779898778743536,0.5465794744531021,298,305,603
victimization,19,0.0006639328556730937,175,121,184,123,0.587248322147651,0.6032786885245902,0.5912162162162162,0.5993485342019544,0.5952635053361206,0.5892255892255893,0.5953565505804311,0.5792991528220927,0.5481051418154379,298,305,603
victimization,19,0.0006866235638071859,175,119,186,123,0.587248322147651,0.6098360655737705,0.5952380952380952,0.6019417475728155,0.5985421938607107,0.5912162162162162,0.5986733001658375,0.5812905710199142,0.5525485039380764,298,305,603
victimization,19,0.0006991069640058228,175,121,184,123,0.587248322147651,0.6032786885245902,0.5912162162162162,0.5993485342019544,0.5952635053361206,0.5892255892255893,0.5953565505804311,0.5885961051820883,0.5608514826528996,298,305,603
victimization,19,0.0007150884373726279,174,119,186,124,0.5838926174496645,0.6098360655737705,0.5938566552901023,0.6,0.5968643415117174,0.5888324873096448,0.5970149253731343,0.5905600176036968,0.5646121961306207,298,305,603
victimization,19,0.0007266372908061752,173,120,185,125,0.5805369127516778,0.6065573770491803,0.590443686006826,0.5967741935483871,0.593547144900429,0.5854483925549915,0.593698175787728,0.5928484981846189,0.5654252370130326,298,305,603
victimization,19,0.0007373611687174523,176,120,185,122,0.5906040268456376,0.6065573770491803,0.5945945945945946,0.6026058631921825,0.598580701947409,0.5925925925925926,0.5986733001658375,0.6048025085267906,0.5705671084036223,298,305,603
victimization,19,0.0007495777618011501,177,117,188,121,0.5939597315436241,0.6163934426229508,0.6020408163265306,0.6084142394822006,0.6051765870832875,0.5979729729729729,0.6053067993366501,0.6163384310705248,0.577337304600323,298,305,603
victimization,19,0.000769826659478563,177,118,187,121,0.5939597315436241,0.6131147540983607,0.6,0.6071428571428571,0.6035372428209924,0.596964586846543,0.603648424543947,0.6150786665199692,0.5766129532037252,298,305,603
victimization,19,0.0007821794261705881,176,118,187,122,0.5906040268456376,0.6131147540983607,0.5986394557823129,0.6051779935275081,0.6018593904719991,0.5945945945945946,0.6019900497512438,0.6171471008911871,0.5789784895725422,298,305,603
victimization,19,0.0007878765468509217,177,118,187,121,0.5939597315436241,0.6131147540983607,0.6,0.6071428571428571,0.6035372428209924,0.596964586846543,0.603648424543947,0.6193915722301683,0.5827440400916702,298,305,603
victimization,19,0.0008036864072317342,178,116,189,120,0.5973154362416108,0.6196721311475409,0.6054421768707483,0.6116504854368932,0.6084937836945759,0.6013513513513513,0.6086235489220564,0.6212234569259545,0.5853551141744653,298,305,603
victimization,19,0.0008210435403379853,180,122,183,118,0.6040268456375839,0.6,0.5960264900662252,0.6079734219269103,0.6020134228187919,0.6,0.6019900497512438,0.6200242050830674,0.5832681038846487,298,305,603
victimization,19,0.0008481595883873262,183,127,178,115,0.6140939597315436,0.5836065573770491,0.5903225806451613,0.6075085324232082,0.5988502585542963,0.6019736842105263,0.5986733001658375,0.6153482231268567,0.5784062479337257,298,305,603
victimization,19,0.0008645086204220961,182,123,182,116,0.610738255033557,0.5967213114754099,0.5967213114754099,0.610738255033557,0.6037297832544835,0.603648424543947,0.603648424543947,0.6109583012432611,0.5771638692262948,298,305,603
victimization,19,0.0009319604634623829,182,122,183,116,0.610738255033557,0.6,0.5986842105263158,0.6120401337792643,0.6053691275167785,0.6046511627906976,0.6053067993366501,0.6097535482451315,0.5756785525321514,298,305,603
victimization,19,0.0009570378288583113,179,121,184,119,0.6006711409395973,0.6032786885245902,0.5966666666666667,0.6072607260726073,0.6019749147320937,0.5986622073578595,0.6019900497512438,0.6117504675981955,0.5761383515902424,298,305,603
victimization,19,0.000990761298297834,186,123,182,112,0.6241610738255033,0.5967213114754099,0.6019417475728155,0.6190476190476191,0.6104411926504566,0.612850082372323,0.6102819237147595,0.6186544174276598,0.5786329014384706,298,305,603
victimization,19,0.0010161281279023496,189,124,181,109,0.6342281879194631,0.5934426229508196,0.6038338658146964,0.6241379310344828,0.6138354054351414,0.618657937806874,0.6135986733001658,0.6239355264605567,0.577541488672139,298,305,603
victimization,19,0.0010614001391565007,192,127,178,106,0.6442953020134228,0.5836065573770491,0.6018808777429467,0.6267605633802817,0.6139509296952359,0.6223662884927066,0.6135986733001658,0.6170645835625482,0.5687977234446119,298,305,603
victimization,19,0.0010811401607842678,196,128,177,102,0.6577181208053692,0.580327868852459,0.6049382716049383,0.6344086021505376,0.6190229948289141,0.6302250803858521,0.6185737976782753,0.6162999229838266,0.5676954646042114,298,305,603
victimization,19,0.0011055309579315927,197,121,184,101,0.6610738255033557,0.6032786885245902,0.6194968553459119,0.6456140350877193,0.632176257013973,0.6396103896103896,0.6318407960199005,0.6260039608317747,0.5742963044651088,298,305,603
victimization,19,0.0011530093057812612,201,120,185,97,0.674496644295302,0.6065573770491803,0.6261682242990654,0.6560283687943262,0.6405270106722412,0.6494345718901453,0.6401326699834162,0.6253603256683904,0.5707701973374194,298,305,603
victimization,19,0.0011685244050435313,202,125,180,96,0.6778523489932886,0.5901639344262295,0.617737003058104,0.6521739130434783,0.634008141709759,0.6464000000000001,0.6334991708126037,0.6287820442292882,0.5746388634356532,298,305,603
victimization,19,0.0012017646562547059,197,120,185,101,0.6610738255033557,0.6065573770491803,0.6214511041009464,0.6468531468531469,0.633815601276268,0.6406504065040651,0.6334991708126037,0.6286665199691934,0.584103228190598,298,305,603
victimization,19,0.001251390819585349,199,121,184,99,0.6677852348993288,0.6032786885245902,0.621875,0.6501766784452296,0.6355319617119595,0.6440129449838187,0.6351575456053068,0.6294311805479151,0.5798406073410477,298,305,603
victimization,19,0.0012957565936617878,199,119,186,99,0.6677852348993288,0.6098360655737705,0.6257861635220126,0.6526315789473685,0.6388106502365496,0.6461038961038961,0.6384742951907131,0.6249202332489823,0.5746237710136363,298,305,603
victimization,19,0.001325545533355121,201,120,185,97,0.674496644295302,0.6065573770491803,0.6261682242990654,0.6560283687943262,0.6405270106722412,0.6494345718901453,0.6401326699834162,0.6294256793926724,0.5725775616195917,298,305,603
victimization,19,0.0013305418946231876,208,129,176,90,0.697986577181208,0.5770491803278689,0.6172106824925816,0.6616541353383458,0.6375178787545385,0.6551181102362205,0.6368159203980099,0.6374628672021125,0.589958147493997,298,305,603
victimization,19,0.0013516241008875297,204,126,179,94,0.6845637583892618,0.5868852459016394,0.6181818181818182,0.6556776556776557,0.6357245021454505,0.6496815286624203,0.6351575456053068,0.642045329519199,0.5935503922589965,298,305,603
victimization,19,0.0013862604945989777,204,126,179,94,0.6845637583892618,0.5868852459016394,0.6181818181818182,0.6556776556776557,0.6357245021454505,0.6496815286624203,0.6351575456053068,0.6433931125536363,0.5961121980310985,298,305,603
victimization,19,0.001454664467877078,201,124,181,97,0.674496644295302,0.5934426229508196,0.6184615384615385,0.6510791366906474,0.6339696336230608,0.6452648475120386,0.6334991708126037,0.6406755418637914,0.6037633907924825,298,305,603
victimization,19,0.001520241669203141,197,119,186,101,0.6610738255033557,0.6098360655737705,0.6234177215189873,0.6480836236933798,0.6354549455385631,0.6416938110749186,0.6351575456053068,0.6451644845417539,0.6009132163559407,298,305,603
victimization,19,0.0015756957830591082,195,116,189,103,0.6543624161073825,0.6196721311475409,0.6270096463022508,0.6472602739726028,0.6370172736274617,0.6403940886699508,0.6368159203980099,0.6476235009351963,0.6068301372144633,298,305,603
victimization,19,0.0016380244313444483,197,119,186,101,0.6610738255033557,0.6098360655737705,0.6234177215189873,0.6480836236933798,0.6354549455385631,0.6416938110749186,0.6351575456053068,0.6565078666519969,0.611641422535877,298,305,603
victimization,19,0.0017216119403752875,190,116,189,108,0.6375838926174496,0.6196721311475409,0.6209150326797386,0.6363636363636364,0.6286280118824953,0.6291390728476821,0.6285240464344942,0.6524040048410167,0.6085909328913089,298,305,603
victimization,19,0.0017742977699015954,180,104,201,118,0.6040268456375839,0.659016393442623,0.6338028169014085,0.6300940438871473,0.6315216195401034,0.6185567010309279,0.6318407960199005,0.6581747166905051,0.6180643437127746,298,305,603
victimization,19,0.00192697158139324,188,112,193,110,0.6308724832214765,0.6327868852459017,0.6266666666666667,0.636963696369637,0.631829684233689,0.6287625418060201,0.6318407960199005,0.6754593464627572,0.6411429278548261,298,305,603
victimization,19,0.002164984353818628,185,102,203,113,0.6208053691275168,0.6655737704918033,0.6445993031358885,0.6424050632911392,0.6431895698096601,0.6324786324786326,0.6434494195688225,0.6864836615689295,0.6630200628465338,298,305,603
victimization,19,0.002481398489870287,158,77,228,140,0.5302013422818792,0.7475409836065574,0.6723404255319149,0.6195652173913043,0.6388711629442183,0.5928705440900564,0.6401326699834162,0.7015678292441413,0.665672352063708,298,305,603
victimization,19,0.0027354742352965096,232,137,168,66,0.7785234899328859,0.5508196721311476,0.6287262872628726,0.717948717948718,0.6646715810320167,0.6956521739130433,0.6633499170812603,0.7064693585652987,0.6620581694971847,298,305,603
victimization,19,0.003834232974826994,194,113,192,104,0.6510067114093959,0.6295081967213115,0.6319218241042345,0.6486486486486487,0.6402574540653537,0.6413223140495867,0.6401326699834162,0.6873858510287161,0.6348944110337629,298,305,603
victimization,19,0.025889328054058303,0,0,305,298,0.0,1.0,,0.5058043117744611,0.5,,0.5058043117744611,0.5,0.494195688225539,298,305,603
victimization,20,0.0,171,129,176,127,0.5738255033557047,0.5770491803278689,0.57,0.5808580858085809,0.5754373418417869,0.57190635451505,0.5754560530679934,0.5754373418417867,0.5376941355860518,298,305,603
victimization,20,0.00037911171406460856,172,130,175,126,0.5771812080536913,0.5737704918032787,0.5695364238410596,0.5813953488372093,0.575475849928485,0.5733333333333334,0.5754560530679934,0.5820002200462097,0.5444104903975953,298,305,603
victimization,20,0.0003946045067097387,172,130,175,126,0.5771812080536913,0.5737704918032787,0.5695364238410596,0.5813953488372093,0.575475849928485,0.5733333333333334,0.5754560530679934,0.5785069864671581,0.5453812078796281,298,305,603
victimization,20,0.00039907579287398406,172,130,175,126,0.5771812080536913,0.5737704918032787,0.5695364238410596,0.5813953488372093,0.575475849928485,0.5733333333333334,0.5754560530679934,0.574029046099681,0.5387874082683853,298,305,603
victimization,20,0.0004063859813001302,172,129,176,126,0.5771812080536913,0.5770491803278689,0.5714285714285714,0.5827814569536424,0.5771151941907802,0.5742904841402338,0.5771144278606966,0.5720321267466167,0.5343414739086215,298,305,603
victimization,20,0.0004448932637234008,172,127,178,126,0.5771812080536913,0.5836065573770491,0.5752508361204013,0.5855263157894737,0.5803938827153703,0.576214405360134,0.5804311774461028,0.5568599405875234,0.5237079406435619,298,305,603
victimization,20,0.0006099780520808392,173,125,180,125,0.5805369127516778,0.5901639344262295,0.5805369127516778,0.5901639344262295,0.5853504235889537,0.5805369127516778,0.5854063018242123,0.5545879634723291,0.5248424985556707,298,305,603
victimization,20,0.000645914493162227,176,123,182,122,0.5906040268456376,0.5967213114754099,0.5886287625418061,0.5986842105263158,0.5936626691605238,0.5896147403685092,0.593698175787728,0.566640994608868,0.5315443863159574,298,305,603
victimization,20,0.0006815289744720332,176,119,186,122,0.5906040268456376,0.6098360655737705,0.5966101694915255,0.6038961038961039,0.600220046209704,0.5935919055649241,0.6003316749585407,0.5770381780173837,0.5418759212222806,298,305,603
victimization,20,0.0006977270918466029,173,118,187,125,0.5805369127516778,0.6131147540983607,0.5945017182130584,0.5993589743589743,0.5968258334250193,0.5874363327674024,0.5970149253731343,0.5751952910111123,0.5399071312578338,298,305,603
victimization,20,0.0007152188362457621,171,117,188,127,0.5738255033557047,0.6163934426229508,0.59375,0.5968253968253968,0.5951094729893278,0.5836177474402731,0.5953565505804311,0.5802343492133348,0.5414454989888652,298,305,603
victimization,20,0.000726328243067,174,116,189,124,0.5838926174496645,0.6196721311475409,0.6,0.6038338658146964,0.6017823742986027,0.5918367346938775,0.6019900497512438,0.5888656617889757,0.5498873719440791,298,305,603
victimization,20,0.0007450733646147518,175,113,192,123,0.587248322147651,0.6295081967213115,0.6076388888888888,0.6095238095238096,0.6083782594344813,0.5972696245733788,0.6086235489220564,0.5953845307514578,0.5558618241629518,298,305,603
victimization,20,0.0007478613236223999,175,113,192,123,0.587248322147651,0.6295081967213115,0.6076388888888888,0.6095238095238096,0.6083782594344813,0.5972696245733788,0.6086235489220564,0.5944328308944878,0.552954099647305,298,305,603
victimization,20,0.0007635334387719289,170,114,191,128,0.5704697986577181,0.6262295081967213,0.5985915492957746,0.5987460815047022,0.5983496534272197,0.5841924398625429,0.5986733001658375,0.5867642204863021,0.5493779623694167,298,305,603
victimization,20,0.0007701421841497005,170,115,190,128,0.5704697986577181,0.6229508196721312,0.5964912280701754,0.5974842767295597,0.5967103091649246,0.5831903945111493,0.5970149253731343,0.5856529871272967,0.5477827890430385,298,305,603
victimization,20,0.0007790548820108716,171,114,191,127,0.5738255033557047,0.6262295081967213,0.6,0.60062893081761,0.600027505776213,0.5866209262435678,0.6003316749585407,0.5875013752888107,0.5509972182219403,298,305,603
victimization,20,0.0007839164976096896,172,113,192,126,0.5771812080536913,0.6295081967213115,0.6035087719298246,0.6037735849056604,0.6033447023875014,0.5900514579759863,0.603648424543947,0.5912916712509628,0.5549123156868556,298,305,603
victimization,20,0.0007968591670649067,172,113,192,126,0.5771812080536913,0.6295081967213115,0.6035087719298246,0.6037735849056604,0.6033447023875014,0.5900514579759863,0.603648424543947,0.5930740455495656,0.5596662995774387,298,305,603
victimization,20,0.0008226434633683866,176,113,192,122,0.5906040268456376,0.6295081967213115,0.6089965397923875,0.6114649681528662,0.6100561117834746,0.5996592844974447,0.6102819237147595,0.6011057322037628,0.5629019433418763,298,305,603
victimization,20,0.0008364907016820133,177,113,192,121,0.5939597315436241,0.6295081967213115,0.6103448275862069,0.6134185303514377,0.6117339641324678,0.6020408163265306,0.6119402985074627,0.6001705358125206,0.5616866325326105,298,305,603
victimization,20,0.0008824597614074421,177,111,194,121,0.5939597315436241,0.6360655737704918,0.6145833333333334,0.6158730158730159,0.615012652657058,0.6040955631399317,0.615257048092869,0.6013862911211354,0.5662051455968974,298,305,603
victimization,20,0.0009021217174324951,182,112,193,116,0.610738255033557,0.6327868852459017,0.6190476190476191,0.6245954692556634,0.6217625701397294,0.6148648648648649,0.6218905472636815,0.6065463747386952,0.5685989535709993,298,305,603
victimization,20,0.000935901910775477,180,104,201,118,0.6040268456375839,0.659016393442623,0.6338028169014085,0.6300940438871473,0.6315216195401034,0.6185567010309279,0.6318407960199005,0.622455715700297,0.5895991678954355,298,305,603
victimization,20,0.000982389000298633,181,106,199,117,0.6073825503355704,0.6524590163934426,0.6306620209059234,0.629746835443038,0.6299207833645065,0.6188034188034188,0.6301824212271974,0.6190009902079436,0.5872583232219739,298,305,603
victimization,20,0.0010039426122574436,180,103,202,118,0.6040268456375839,0.6622950819672131,0.6360424028268551,0.63125,0.6331609638023985,0.6196213425129088,0.6334991708126037,0.6235449444383321,0.597475974797897,298,305,603
victimization,20,0.001018058340365115,177,100,205,121,0.5939597315436241,0.6721311475409836,0.6389891696750902,0.6288343558282209,0.6330454395423039,0.6156521739130435,0.6334991708126037,0.6280008801848388,0.5990611077613783,298,305,603
victimization,20,0.0010513590648634223,173,100,205,125,0.5805369127516778,0.6721311475409836,0.6336996336996337,0.6212121212121212,0.6263340301463307,0.6059544658493871,0.6268656716417911,0.6271096930355375,0.5997058331550855,298,305,603
victimization,20,0.0011018837013728848,171,98,207,127,0.5738255033557047,0.6786885245901639,0.6356877323420075,0.6197604790419161,0.6262570139729343,0.6031746031746031,0.6268656716417911,0.6271922103641766,0.5968197876228227,298,305,603
victimization,20,0.0011370823938096413,169,98,207,129,0.5671140939597316,0.6786885245901639,0.6329588014981273,0.6160714285714286,0.6229013092749478,0.5982300884955751,0.6235489220563848,0.6255363626361536,0.599844023912413,298,305,603
victimization,20,0.0011552258073519305,169,101,204,129,0.5671140939597316,0.6688524590163935,0.6259259259259259,0.6126126126126126,0.6179832764880625,0.5950704225352113,0.6185737976782753,0.6210694245791616,0.6016015002713627,298,305,603
victimization,20,0.0011878144239819463,170,102,203,128,0.5704697986577181,0.6655737704918033,0.625,0.6132930513595166,0.6180217845747606,0.5964912280701754,0.6185737976782753,0.6234129167125096,0.6009555659426125,298,305,603
victimization,20,0.0012058759225129388,167,99,206,131,0.5604026845637584,0.6754098360655738,0.6278195488721805,0.6112759643916914,0.6179062603146661,0.5921985815602837,0.6185737976782753,0.620733854109363,0.599810139999821,298,305,603
victimization,20,0.0012421768054300297,164,96,209,134,0.5503355704697986,0.6852459016393443,0.6307692307692307,0.60932944606414,0.6177907360545715,0.5878136200716846,0.6185737976782753,0.6211684453735284,0.6008316292991106,298,305,603
victimization,20,0.001303125421104353,167,102,203,131,0.5604026845637584,0.6655737704918033,0.620817843866171,0.6077844311377245,0.6129882275277809,0.5890652557319225,0.6135986733001658,0.6249862471118934,0.6078528928773534,298,305,603
victimization,20,0.0013514218351832125,179,113,192,119,0.6006711409395973,0.6295081967213115,0.613013698630137,0.617363344051447,0.6150896688304544,0.6067796610169491,0.615257048092869,0.6284849818461876,0.608917754433665,298,305,603
victimization,20,0.001374846481923644,175,101,204,123,0.587248322147651,0.6688524590163935,0.6340579710144928,0.6238532110091743,0.6280503905820223,0.6097560975609757,0.6285240464344942,0.6419958191220155,0.6277644731375539,298,305,603
victimization,20,0.001434785061649329,172,95,210,126,0.5771812080536913,0.6885245901639344,0.6441947565543071,0.625,0.6328528991088129,0.608849557522124,0.6334991708126037,0.6464407525580371,0.6366040477879401,298,305,603
victimization,20,0.0014575367803042409,175,97,208,123,0.587248322147651,0.6819672131147541,0.6433823529411765,0.6283987915407855,0.6346077676312025,0.6140350877192983,0.6351575456053068,0.6462262075035758,0.634867805820486,298,305,603
victimization,20,0.0015082288250390665,171,101,204,127,0.5738255033557047,0.6688524590163935,0.6286764705882353,0.6163141993957704,0.621338981186049,0.6,0.6218905472636815,0.632836395643085,0.6328672630268706,298,305,603
victimization,20,0.0015722582757395748,171,100,205,127,0.5738255033557047,0.6721311475409836,0.6309963099630996,0.6174698795180723,0.6229783254483441,0.601054481546573,0.6235489220563848,0.6366321927604797,0.631223670668788,298,305,603
victimization,20,0.001647157316175433,169,95,210,129,0.5671140939597316,0.6885245901639344,0.6401515151515151,0.6194690265486725,0.627819342061833,0.6014234875444839,0.6285240464344942,0.6522994828914073,0.6422462617717641,298,305,603
victimization,20,0.0017320680593660303,166,94,211,132,0.5570469798657718,0.6918032786885245,0.6384615384615384,0.6151603498542274,0.6244251292771481,0.5949820788530465,0.6252072968490879,0.6378754538453075,0.6272905231487379,298,305,603
victimization,20,0.0017678575883611734,147,77,228,151,0.49328859060402686,0.7475409836065574,0.65625,0.6015831134564644,0.6204147871052921,0.5632183908045978,0.6218905472636815,0.656562878204423,0.6502233471821233,298,305,603
victimization,20,0.0018550636634140417,151,81,224,147,0.5067114093959731,0.7344262295081967,0.6508620689655172,0.6037735849056604,0.6205688194520849,0.569811320754717,0.6218905472636815,0.6643305094069756,0.6600942332656151,298,305,603
victimization,20,0.001986116837202687,144,77,228,154,0.48322147651006714,0.7475409836065574,0.6515837104072398,0.5968586387434555,0.6153812300583122,0.5549132947976879,0.6169154228855721,0.6608812850698647,0.6552947055275463,298,305,603
victimization,20,0.0024094910751424935,142,63,242,156,0.47651006711409394,0.7934426229508197,0.6926829268292682,0.6080402010050251,0.6349763450324568,0.5646123260437376,0.6368159203980099,0.6690009902079437,0.6596332832026253,298,305,603
victimization,20,0.0030975872653506644,151,72,233,147,0.5067114093959731,0.7639344262295082,0.6771300448430493,0.6131578947368421,0.6353229178127406,0.5796545105566219,0.6368159203980099,0.6768236329629223,0.6715980295876589,298,305,603
victimization,20,0.005224636743991866,120,51,254,178,0.40268456375838924,0.8327868852459016,0.7017543859649122,0.5879629629629629,0.6177357245021454,0.511727078891258,0.6202321724709784,0.6371988117504676,0.6064110723967764,298,305,603
victimization,20,0.026332652739612716,0,0,305,298,0.0,1.0,,0.5058043117744611,0.5,,0.5058043117744611,0.5,0.494195688225539,298,305,603
victimization,21,0.0,178,147,158,120,0.5973154362416108,0.5180327868852459,0.5476923076923077,0.5683453237410072,0.5576741115634283,0.5714285714285714,0.5572139303482587,0.5576741115634284,0.5261500448197834,298,305,603
victimization,21,0.00038416242476704837,177,143,162,121,0.5939597315436241,0.5311475409836065,0.553125,0.5724381625441696,0.5625536362636153,0.5728155339805825,0.5621890547263682,0.5582517328639014,0.5303815412469199,298,305,603
victimization,21,0.00039372042039499054,178,143,162,120,0.5973154362416108,0.5311475409836065,0.5545171339563862,0.574468085106383,0.5642314886126086,0.5751211631663974,0.5638474295190713,0.555418637913962,0.5301669097256521,298,305,603
victimization,21,0.0003995741746609728,178,143,162,120,0.5973154362416108,0.5311475409836065,0.5545171339563862,0.574468085106383,0.5642314886126086,0.5751211631663974,0.5638474295190713,0.5560622730773462,0.5320035263867998,298,305,603
victimization,21,0.0004031349745984148,179,143,162,119,0.6006711409395973,0.5311475409836065,0.5559006211180124,0.5765124555160143,0.5659093409616018,0.5774193548387097,0.5655058043117744,0.5616569479590714,0.5381575322737886,298,305,603
victimization,21,0.0004044286083408783,178,143,162,120,0.5973154362416108,0.5311475409836065,0.5545171339563862,0.574468085106383,0.5642314886126086,0.5751211631663974,0.5638474295190713,0.5574045549565408,0.5383118780246782,298,305,603
victimization,21,0.0004073614454482104,177,142,163,121,0.5939597315436241,0.5344262295081967,0.554858934169279,0.573943661971831,0.5641929805259105,0.573743922204214,0.5638474295190713,0.5541313675871933,0.5379429307308179,298,305,603
victimization,21,0.000495845422685344,176,141,164,122,0.5906040268456376,0.5377049180327869,0.555205047318612,0.5734265734265734,0.5641544724392122,0.5723577235772357,0.5638474295190713,0.5545384530751458,0.5386986676020386,298,305,603
victimization,21,0.0006195877589998083,172,139,166,126,0.5771812080536913,0.5442622950819672,0.5530546623794212,0.5684931506849316,0.5607217515678293,0.5648604269293925,0.560530679933665,0.5565353724282099,0.5437201559251053,298,305,603
victimization,21,0.0006640453239009673,173,140,165,125,0.5805369127516778,0.5409836065573771,0.5527156549520766,0.5689655172413793,0.5607602596545275,0.5662847790507365,0.560530679933665,0.5684838816151392,0.5606058778492284,298,305,603
victimization,21,0.0006859297400410114,174,140,165,124,0.5838926174496645,0.5409836065573771,0.554140127388535,0.5709342560553633,0.5624381120035208,0.5686274509803922,0.5621890547263682,0.5699251842887006,0.5607843808073485,298,305,603
victimization,21,0.0006983627278218141,173,140,165,125,0.5805369127516778,0.5409836065573771,0.5527156549520766,0.5689655172413793,0.5607602596545275,0.5662847790507365,0.560530679933665,0.5686599185829023,0.5657892523229078,298,305,603
victimization,21,0.0007098970787682788,172,138,167,126,0.5771812080536913,0.5475409836065573,0.5548387096774193,0.5699658703071673,0.5623610958301244,0.5657894736842105,0.5621890547263682,0.5725382330289361,0.5680560603478384,298,305,603
victimization,21,0.0007188239980178333,174,139,166,124,0.5838926174496645,0.5442622950819672,0.5559105431309904,0.5724137931034483,0.5640774562658158,0.5695581014729951,0.5638474295190713,0.5732203762790187,0.5730813355064626,298,305,603
victimization,21,0.0007340283570277642,174,140,165,124,0.5838926174496645,0.5409836065573771,0.554140127388535,0.5709342560553633,0.5624381120035208,0.5686274509803922,0.5621890547263682,0.5721641544724392,0.5722182663587221,298,305,603
victimization,21,0.0007445703767420923,173,141,164,125,0.5805369127516778,0.5377049180327869,0.5509554140127388,0.5674740484429066,0.5591209153922323,0.5653594771241831,0.5588723051409619,0.5785454945538563,0.5844180112615618,298,305,603
victimization,21,0.0007563000411675158,172,140,165,126,0.5771812080536913,0.5409836065573771,0.5512820512820513,0.5670103092783505,0.5590824073055343,0.5639344262295083,0.5588723051409619,0.58079546704808,0.5884468369301632,298,305,603
victimization,21,0.0007685840958179302,172,138,167,126,0.5771812080536913,0.5475409836065573,0.5548387096774193,0.5699658703071673,0.5623610958301244,0.5657894736842105,0.5621890547263682,0.5827208713829903,0.5907698151765338,298,305,603
victimization,21,0.0007821828593124663,172,138,167,126,0.5771812080536913,0.5475409836065573,0.5548387096774193,0.5699658703071673,0.5623610958301244,0.5657894736842105,0.5621890547263682,0.5805809219936187,0.5849981088362644,298,305,603
victimization,21,0.0008111445223501897,173,136,169,125,0.5805369127516778,0.5540983606557377,0.5598705501618123,0.5748299319727891,0.5673176367037078,0.5700164744645799,0.5671641791044776,0.5830509406975465,0.5825846172445499,298,305,603
victimization,21,0.0008214822456079128,172,137,168,126,0.5771812080536913,0.5508196721311476,0.5566343042071198,0.5714285714285714,0.5640004400924195,0.5667215815485998,0.5638474295190713,0.5743921223456927,0.5702625661361034,298,305,603
victimization,21,0.0008626107740153675,172,136,169,126,0.5771812080536913,0.5540983606557377,0.5584415584415584,0.5728813559322034,0.5656397843547145,0.5676567656765676,0.5655058043117744,0.5763560347673012,0.5724278248202074,298,305,603
victimization,21,0.0009046032371351674,170,131,174,128,0.5704697986577181,0.5704918032786885,0.5647840531561462,0.5761589403973509,0.5704808009682033,0.5676126878130217,0.5704809286898839,0.5795191990317967,0.5739868785111686,298,305,603
victimization,21,0.0009297669758222238,168,131,174,130,0.5637583892617449,0.5704918032786885,0.5618729096989966,0.5723684210526315,0.5671250962702168,0.5628140703517588,0.5671641791044776,0.5767356144790406,0.5714327901606284,298,305,603
victimization,21,0.0009692684393089051,168,126,179,130,0.5637583892617449,0.5868852459016394,0.5714285714285714,0.5792880258899676,0.5753218175816921,0.5675675675675677,0.5754560530679934,0.5758444273297393,0.5686772230176541,298,305,603
victimization,21,0.001002570031754101,165,118,187,133,0.5536912751677853,0.6131147540983607,0.5830388692579506,0.584375,0.583403014633073,0.5679862306368331,0.5837479270315091,0.5761029816261416,0.5691487672851594,298,305,603
victimization,21,0.001011496477666348,167,119,186,131,0.5604026845637584,0.6098360655737705,0.583916083916084,0.5867507886435331,0.5851193750687644,0.5719178082191781,0.5854063018242123,0.5857245021454506,0.576528355655411,298,305,603
victimization,21,0.0010269003867107006,169,124,181,129,0.5671140939597316,0.5934426229508196,0.5767918088737202,0.5838709677419355,0.5802783584552755,0.5719120135363791,0.5804311774461028,0.5855759709539003,0.5732933626983279,298,305,603
victimization,21,0.0010666781195592852,170,122,183,128,0.5704697986577181,0.6,0.5821917808219178,0.5884244372990354,0.585234899328859,0.5762711864406779,0.5854063018242123,0.5913796897348443,0.5859926535857065,298,305,603
victimization,21,0.0010987854213733775,168,116,189,130,0.5637583892617449,0.6196721311475409,0.5915492957746479,0.5924764890282131,0.5917152602046429,0.5773195876288659,0.5920398009950248,0.5942457916162395,0.5780656309506451,298,305,603
victimization,21,0.001128984196403783,169,120,185,129,0.5671140939597316,0.6065573770491803,0.5847750865051903,0.589171974522293,0.586835735504456,0.5758091993185689,0.5870646766169154,0.5942567939267246,0.5777663301447309,298,305,603
victimization,21,0.0011777130935027881,172,121,184,126,0.5771812080536913,0.6032786885245902,0.5870307167235495,0.5935483870967742,0.5902299482891408,0.5820642978003383,0.5903814262023217,0.5929530201342282,0.5745201301917768,298,305,603
victimization,21,0.0011994714155805417,171,121,184,127,0.5738255033557047,0.6032786885245902,0.5856164383561644,0.5916398713826366,0.5885520959401475,0.5796610169491526,0.5887230514096186,0.597227417757729,0.5817328692560054,298,305,603
victimization,21,0.0012266452349074402,173,121,184,125,0.5805369127516778,0.6032786885245902,0.5884353741496599,0.5954692556634305,0.591907800638134,0.5844594594594594,0.5920398009950248,0.5968478380459896,0.5783265079223175,298,305,603
victimization,21,0.0012736833057580765,171,117,188,127,0.5738255033557047,0.6163934426229508,0.59375,0.5968253968253968,0.5951094729893278,0.5836177474402731,0.5953565505804311,0.6057597095390033,0.5846160160818634,298,305,603
victimization,21,0.00130150381575851,177,120,185,121,0.5939597315436241,0.6065573770491803,0.5959595959595959,0.6045751633986928,0.6002585542964023,0.5949579831932773,0.6003316749585407,0.6127571790075916,0.593711144879379,298,305,603
victimization,21,0.0013525275787332816,174,113,192,124,0.5838926174496645,0.6295081967213115,0.6062717770034843,0.6075949367088608,0.606700407085488,0.5948717948717949,0.6069651741293532,0.6192100341071626,0.6032866073117132,298,305,603
victimization,21,0.001395293070794806,184,119,186,114,0.6174496644295302,0.6098360655737705,0.6072607260726073,0.62,0.6136428650016503,0.6123128119800333,0.6135986733001658,0.6321707558587303,0.6161799022675927,298,305,603
victimization,21,0.0014424973883861174,191,132,173,107,0.6409395973154363,0.5672131147540984,0.5913312693498453,0.6178571428571429,0.6040763560347673,0.6151368760064413,0.603648424543947,0.6353669270546815,0.6226534008033999,298,305,603
victimization,21,0.0015002866731790984,190,128,177,108,0.6375838926174496,0.580327868852459,0.5974842767295597,0.6210526315789474,0.6089558807349543,0.6168831168831168,0.6086235489220564,0.6364506546374739,0.6280674108467901,298,305,603
victimization,21,0.0016160540845103467,194,131,174,104,0.6510067114093959,0.5704918032786885,0.5969230769230769,0.6258992805755396,0.6107492573440423,0.622792937399679,0.6102819237147595,0.6325393332599847,0.6137523659311996,298,305,603
victimization,21,0.001679966840658575,188,125,180,110,0.6308724832214765,0.5901639344262295,0.6006389776357828,0.6206896551724138,0.610518208823853,0.6153846153846154,0.6102819237147595,0.6392397403454725,0.621071561333456,298,305,603
victimization,21,0.001747553784911978,178,105,200,120,0.5973154362416108,0.6557377049180327,0.6289752650176679,0.625,0.6265265705798218,0.6127366609294319,0.6268656716417911,0.647491473209374,0.6270099125795604,298,305,603
victimization,21,0.0018017644383397453,164,89,216,134,0.5503355704697986,0.7081967213114754,0.6482213438735178,0.6171428571428571,0.629266145890637,0.5952813067150635,0.6301824212271974,0.6567444163274287,0.633466664727661,298,305,603
victimization,21,0.0019951704918545784,164,89,216,134,0.5503355704697986,0.7081967213114754,0.6482213438735178,0.6171428571428571,0.629266145890637,0.5952813067150635,0.6301824212271974,0.6511827483771592,0.6352234052483259,298,305,603
victimization,21,0.002186045674875463,191,115,190,107,0.6409395973154363,0.6229508196721312,0.6241830065359477,0.6397306397306397,0.6319452084937838,0.6324503311258278,0.6318407960199005,0.6594729893277588,0.6468298591434398,298,305,603
victimization,21,0.002352083797114302,186,105,200,112,0.6241610738255033,0.6557377049180327,0.6391752577319587,0.6410256410256411,0.639949389371768,0.6315789473684209,0.6401326699834162,0.6750687644405325,0.6480140627290194,298,305,603
victimization,21,0.002870485653625636,182,95,210,116,0.610738255033557,0.6885245901639344,0.6570397111913358,0.6441717791411042,0.6496314225987457,0.6330434782608696,0.6500829187396352,0.6797667510177137,0.6513003575235345,298,305,603
victimization,21,0.004479056566476577,221,163,142,77,0.7416107382550335,0.46557377049180326,0.5755208333333334,0.6484018264840182,0.6035922543734185,0.6480938416422288,0.6019900497512438,0.6590108922873803,0.6146023626495944,298,305,603
victimization,21,0.02693367571881028,0,0,305,298,0.0,1.0,,0.5058043117744611,0.5,,0.5058043117744611,0.5,0.494195688225539,298,305,603
victimization,22,0.0,177,124,181,121,0.5939597315436241,0.5934426229508196,0.5880398671096345,0.5993377483443708,0.5937011772472218,0.5909849749582636,0.593698175787728,0.5937011772472219,0.5499353515224682,298,305,603
victimization,22,0.00038469448241655884,176,124,181,122,0.5906040268456376,0.5934426229508196,0.5866666666666667,0.5973597359735974,0.5920233248982286,0.588628762541806,0.5920398009950248,0.5901254263395314,0.5503297459516568,298,305,603
victimization,22,0.00039296769883610425,177,124,181,121,0.5939597315436241,0.5934426229508196,0.5880398671096345,0.5993377483443708,0.5937011772472218,0.5909849749582636,0.593698175787728,0.597601496314226,0.557491570049494,298,305,603
victimization,22,0.00039653884941377547,177,124,181,121,0.5939597315436241,0.5934426229508196,0.5880398671096345,0.5993377483443708,0.5937011772472218,0.5909849749582636,0.593698175787728,0.5930850478600507,0.5534041545538172,298,305,603
victimization,22,0.00040008495000450284,177,124,181,121,0.5939597315436241,0.5934426229508196,0.5880398671096345,0.5993377483443708,0.5937011772472218,0.5909849749582636,0.593698175787728,0.5854769501595335,0.5452761591532682,298,305,603
victimization,22,0.00040261295012158,177,123,182,121,0.5939597315436241,0.5967213114754099,0.59,0.6006600660066007,0.595340521509517,0.5919732441471571,0.5953565505804311,0.5868192320387281,0.5464761281394882,298,305,603
victimization,22,0.0004341464512691993,178,122,183,120,0.5973154362416108,0.6,0.5933333333333334,0.6039603960396039,0.5986577181208054,0.5953177257525084,0.5986733001658375,0.5823247882055231,0.5398262735971083,298,305,603
victimization,22,0.000623304772682366,178,122,183,120,0.5973154362416108,0.6,0.5933333333333334,0.6039603960396039,0.5986577181208054,0.5953177257525084,0.5986733001658375,0.5894487842446914,0.5428864508491325,298,305,603
victimization,22,0.000649975962195456,176,124,181,122,0.5906040268456376,0.5934426229508196,0.5866666666666667,0.5973597359735974,0.5920233248982286,0.588628762541806,0.5920398009950248,0.5812190560017604,0.540609775033843,298,305,603
victimization,22,0.0006731180913384916,176,122,183,122,0.5906040268456376,0.6,0.5906040268456376,0.6,0.5953020134228189,0.5906040268456376,0.5953565505804311,0.5874243591154142,0.5461958400879569,298,305,603
victimization,22,0.0006925038341754405,173,123,182,125,0.5805369127516778,0.5967213114754099,0.5844594594594594,0.5928338762214984,0.5886291121135439,0.5824915824915824,0.5887230514096186,0.583540543514138,0.5439916256876756,298,305,603
victimization,22,0.0007161600141868342,173,121,184,125,0.5805369127516778,0.6032786885245902,0.5884353741496599,0.5954692556634305,0.591907800638134,0.5844594594594594,0.5920398009950248,0.5917757729123116,0.5564574178078417,298,305,603
victimization,22,0.0007200319369004273,170,116,189,128,0.5704697986577181,0.6196721311475409,0.5944055944055944,0.5962145110410094,0.5950709649026296,0.5821917808219178,0.5953565505804311,0.5952690064913632,0.5621719828438169,298,305,603
victimization,22,0.000731278992657162,174,117,188,124,0.5838926174496645,0.6163934426229508,0.5979381443298969,0.6025641025641025,0.6001430300363076,0.5908319185059423,0.6003316749585407,0.608202222466718,0.569930387290879,298,305,603
victimization,22,0.0007397660628247467,175,116,189,123,0.587248322147651,0.6196721311475409,0.6013745704467354,0.6057692307692307,0.6034602266475959,0.5942275042444821,0.603648424543947,0.6052150951699857,0.5682680374684981,298,305,603
victimization,22,0.0007531902128745006,175,116,189,123,0.587248322147651,0.6196721311475409,0.6013745704467354,0.6057692307692307,0.6034602266475959,0.5942275042444821,0.603648424543947,0.6028220926394543,0.5657264020147008,298,305,603
victimization,22,0.0007694820210697931,173,115,190,125,0.5805369127516778,0.6229508196721312,0.6006944444444444,0.6031746031746031,0.6017438662119046,0.5904436860068258,0.6019900497512438,0.6003410716250412,0.5644102490656333,298,305,603
victimization,22,0.0007773310595995683,172,115,190,126,0.5771812080536913,0.6229508196721312,0.5993031358885017,0.6012658227848101,0.6000660138629113,0.588034188034188,0.6003316749585407,0.5999834965342722,0.5660396518131297,298,305,603
victimization,22,0.0007825283421951447,173,114,191,125,0.5805369127516778,0.6262295081967213,0.6027874564459931,0.6044303797468354,0.6033832104741996,0.5914529914529915,0.603648424543947,0.5990923093849709,0.5646920252761896,298,305,603
victimization,22,0.0008035277073124035,173,114,191,125,0.5805369127516778,0.6262295081967213,0.6027874564459931,0.6044303797468354,0.6033832104741996,0.5914529914529915,0.603648424543947,0.5995819122015624,0.5652314188880075,298,305,603
victimization,22,0.0008205605531366839,172,112,193,126,0.5771812080536913,0.6327868852459017,0.6056338028169014,0.6050156739811913,0.6049840466497964,0.5910652920962199,0.6053067993366501,0.6010562218065794,0.5629816420272871,298,305,603
victimization,22,0.0008689783775510068,172,111,194,126,0.5771812080536913,0.6360655737704918,0.607773851590106,0.60625,0.6066233909120915,0.5920826161790017,0.6069651741293532,0.601116734514248,0.5650954396029967,298,305,603
victimization,22,0.0008898459205851872,173,111,194,125,0.5805369127516778,0.6360655737704918,0.6091549295774648,0.6081504702194357,0.6083012432610848,0.5945017182130583,0.6086235489220564,0.6005996259214434,0.5645753678871009,298,305,603
victimization,22,0.0009313407371476803,174,113,192,124,0.5838926174496645,0.6295081967213115,0.6062717770034843,0.6075949367088608,0.606700407085488,0.5948717948717949,0.6069651741293532,0.5963582352293982,0.5561961137422703,298,305,603
victimization,22,0.0009403834655761156,171,108,197,127,0.5738255033557047,0.6459016393442623,0.6129032258064516,0.6080246913580247,0.6098635713499835,0.5927209705372616,0.6102819237147595,0.5997854549455386,0.5634918222341939,298,305,603
victimization,22,0.0009829171357968562,170,105,200,128,0.5704697986577181,0.6557377049180327,0.6181818181818182,0.6097560975609756,0.6131037517878755,0.5933682373472949,0.6135986733001658,0.6106722411706458,0.5802610550486111,298,305,603
victimization,22,0.00102301373789222,175,105,200,123,0.587248322147651,0.6557377049180327,0.625,0.6191950464396285,0.6214930135328418,0.6055363321799307,0.6218905472636815,0.6191770271757068,0.587084917506578,298,305,603
victimization,22,0.0010706456611341956,177,107,198,121,0.5939597315436241,0.6491803278688525,0.6232394366197183,0.6206896551724138,0.6215700297062383,0.6082474226804124,0.6218905472636815,0.6254153372208162,0.596570737417808,298,305,603
victimization,22,0.0011130207671343198,180,106,199,118,0.6040268456375839,0.6524590163934426,0.6293706293706294,0.6277602523659306,0.6282429310155133,0.6164383561643836,0.6285240464344942,0.6415832324788207,0.6155676029503487,298,305,603
victimization,22,0.0011685797822763445,182,107,198,116,0.610738255033557,0.6491803278688525,0.629757785467128,0.6305732484076433,0.6299592914512048,0.6201022146507665,0.6301824212271974,0.6401694355814722,0.6103134512910293,298,305,603
victimization,22,0.0011882552952923009,179,105,200,119,0.6006711409395973,0.6557377049180327,0.6302816901408451,0.6269592476489029,0.6282044229288151,0.6151202749140893,0.6285240464344942,0.6362251072725275,0.6069653426569497,298,305,603
victimization,22,0.0012093843219686746,180,108,197,118,0.6040268456375839,0.6459016393442623,0.625,0.6253968253968254,0.6249642424909231,0.6143344709897611,0.6252072968490879,0.6445043459126416,0.611158646403447,298,305,603
victimization,22,0.001227872390121522,184,108,197,114,0.6174496644295302,0.6459016393442623,0.6301369863013698,0.6334405144694534,0.6316756518868962,0.6237288135593221,0.6318407960199005,0.6495489052701068,0.612167968901304,298,305,603
victimization,22,0.0012456045147971168,187,112,193,111,0.62751677852349,0.6327868852459017,0.6254180602006689,0.6348684210526315,0.6301518318846958,0.626465661641541,0.6301824212271974,0.6522059632522831,0.6204941428000205,298,305,603
victimization,22,0.001281765964010996,187,113,192,111,0.62751677852349,0.6295081967213115,0.6233333333333333,0.6336633663366337,0.6285124876224008,0.6254180602006689,0.6285240464344942,0.6504345912641656,0.6174454511542097,298,305,603
victimization,22,0.0013130642079937453,189,114,191,109,0.6342281879194631,0.6262295081967213,0.6237623762376238,0.6366666666666667,0.6302288480580922,0.6289517470881865,0.6301824212271974,0.65272857300033,0.6225628779571349,298,305,603
victimization,22,0.0013821878887551378,186,108,197,112,0.6241610738255033,0.6459016393442623,0.6326530612244898,0.6375404530744336,0.6350313565848829,0.6283783783783783,0.6351575456053068,0.6538783144460336,0.6261135050175867,298,305,603
victimization,22,0.0014120602108739905,180,100,205,118,0.6040268456375839,0.6721311475409836,0.6428571428571429,0.6346749226006192,0.6380789965892837,0.6228373702422145,0.6384742951907131,0.6484431730663439,0.6167472366691936,298,305,603
victimization,22,0.0014282936937468104,177,92,213,121,0.5939597315436241,0.6983606557377049,0.6579925650557621,0.6377245508982036,0.6461601936406645,0.6243386243386243,0.6467661691542289,0.6528165914842117,0.6184136951080234,298,305,603
victimization,22,0.001486074157416276,167,80,225,131,0.5604026845637584,0.7377049180327869,0.6761133603238867,0.6320224719101124,0.6490538012982727,0.6128440366972477,0.6500829187396352,0.6504951039718341,0.6331333493734356,298,305,603
victimization,22,0.0015456628478846678,162,80,225,136,0.5436241610738255,0.7377049180327869,0.6694214876033058,0.6232686980609419,0.6406645395533062,0.6,0.6417910447761194,0.6462592144350314,0.6264175394502898,298,305,603
victimization,22,0.00160661286788386,167,80,225,131,0.5604026845637584,0.7377049180327869,0.6761133603238867,0.6320224719101124,0.6490538012982727,0.6128440366972477,0.6500829187396352,0.657333039938387,0.6322623451541234,298,305,603
victimization,22,0.001642057366438718,167,80,225,131,0.5604026845637584,0.7377049180327869,0.6761133603238867,0.6320224719101124,0.6490538012982727,0.6128440366972477,0.6500829187396352,0.6539003190670041,0.6334265187884265,298,305,603
victimization,22,0.0018070223058760553,177,90,215,121,0.5939597315436241,0.7049180327868853,0.6629213483146067,0.6398809523809523,0.6494388821652547,0.6265486725663717,0.6500829187396352,0.6591979315656289,0.6389134366911529,298,305,603
victimization,22,0.002041582325738965,170,93,212,128,0.5704697986577181,0.6950819672131148,0.6463878326996197,0.6235294117647059,0.6327758829354164,0.6060606060606061,0.6334991708126037,0.6591484211684454,0.6356872286161929,298,305,603
victimization,22,0.002287966190048878,140,66,239,158,0.4697986577181208,0.7836065573770492,0.6796116504854369,0.6020151133501259,0.626702607547585,0.5555555555555555,0.6285240464344942,0.6734294201782374,0.6380235402243272,298,305,603
victimization,22,0.0026654306771747524,146,69,236,152,0.4899328859060403,0.7737704918032787,0.6790697674418604,0.6082474226804123,0.6318516888546595,0.5692007797270955,0.6334991708126037,0.6816261414897129,0.6462055726226467,298,305,603
victimization,22,0.00363746832217413,149,76,229,149,0.5,0.7508196721311475,0.6622222222222223,0.6058201058201058,0.6254098360655738,0.5697896749521989,0.6268656716417911,0.6724942237869953,0.6432501976110769,298,305,603
victimization,22,0.00529515115581372,125,52,253,173,0.41946308724832215,0.8295081967213115,0.7062146892655368,0.5938967136150235,0.6244856419848168,0.5263157894736842,0.6268656716417911,0.6613873913521839,0.6161516738075342,298,305,603
victimization,22,0.026699108463667187,0,0,305,298,0.0,1.0,,0.5058043117744611,0.5,,0.5058043117744611,0.5,0.494195688225539,298,305,603
victimization,23,0.0,177,129,176,121,0.5939597315436241,0.5770491803278689,0.5784313725490197,0.5925925925925926,0.5855044559357465,0.5860927152317881,0.5854063018242123,0.5855044559357465,0.5442282926727071,298,305,603
victimization,23,0.0003862681530513492,177,128,177,121,0.5939597315436241,0.580327868852459,0.580327868852459,0.5939597315436241,0.5871438001980416,0.5870646766169154,0.5870646766169154,0.5810375178787546,0.5447072745328445,298,305,603
victimization,23,0.0003944093140387129,177,126,179,121,0.5939597315436241,0.5868852459016394,0.5841584158415841,0.5966666666666667,0.5904224887226317,0.589018302828619,0.5903814262023217,0.5731213554846518,0.5442010460288464,298,305,603
victimization,23,0.0003970537430435187,178,126,179,120,0.5973154362416108,0.5868852459016394,0.5855263157894737,0.5986622073578596,0.592100341071625,0.5913621262458473,0.5920398009950248,0.566459456485862,0.5419110372544955,298,305,603
victimization,23,0.00040253900537126234,178,126,179,120,0.5973154362416108,0.5868852459016394,0.5855263157894737,0.5986622073578596,0.592100341071625,0.5913621262458473,0.5920398009950248,0.5535372428209925,0.5262789283205707,298,305,603
victimization,23,0.0004349082535676132,181,126,179,117,0.6073825503355704,0.5868852459016394,0.5895765472312704,0.6047297297297297,0.597133898118605,0.5983471074380166,0.5970149253731343,0.5470623831004511,0.5143232782586882,298,305,603
victimization,23,0.0005941674081746369,179,122,183,119,0.6006711409395973,0.6,0.5946843853820598,0.6059602649006622,0.6003355704697986,0.5976627712854758,0.6003316749585407,0.550786665199692,0.5207220527955614,298,305,603
victimization,23,0.0006463051672508329,182,124,181,116,0.610738255033557,0.5934426229508196,0.5947712418300654,0.6094276094276094,0.6020904389921884,0.6026490066225165,0.6019900497512438,0.5543459126416548,0.5210351017433572,298,305,603
victimization,23,0.0006776210242657229,182,124,181,116,0.610738255033557,0.5934426229508196,0.5947712418300654,0.6094276094276094,0.6020904389921884,0.6026490066225165,0.6019900497512438,0.5571845087468368,0.526429155662115,298,305,603
victimization,23,0.0006976639198694535,183,125,180,115,0.6140939597315436,0.5901639344262295,0.5941558441558441,0.6101694915254238,0.6021289470788865,0.6039603960396038,0.6019900497512438,0.5728077896358235,0.539157375199153,298,305,603
victimization,23,0.0007135871959222871,184,127,178,114,0.6174496644295302,0.5836065573770491,0.5916398713826366,0.6095890410958904,0.6005281109032896,0.6042692939244664,0.6003316749585407,0.567356144790406,0.5337866879455834,298,305,603
victimization,23,0.0007251933356200662,182,126,179,116,0.610738255033557,0.5868852459016394,0.5909090909090909,0.6067796610169491,0.5988117504675983,0.6006600660066006,0.5986733001658375,0.5703542743976235,0.5374968084125935,298,305,603
victimization,23,0.0007332943568246387,182,124,181,116,0.610738255033557,0.5934426229508196,0.5947712418300654,0.6094276094276094,0.6020904389921884,0.6026490066225165,0.6019900497512438,0.5740730553416218,0.5440736048574473,298,305,603
victimization,23,0.0007432757554318282,179,119,186,119,0.6006711409395973,0.6098360655737705,0.6006711409395973,0.6098360655737705,0.6052536032566839,0.6006711409395973,0.6053067993366501,0.5852348993288591,0.5513958336586023,298,305,603
victimization,23,0.0007505460142171453,179,119,186,119,0.6006711409395973,0.6098360655737705,0.6006711409395973,0.6098360655737705,0.6052536032566839,0.6006711409395973,0.6053067993366501,0.5850588623610958,0.5516281762611596,298,305,603
victimization,23,0.0007604037052398728,178,120,185,120,0.5973154362416108,0.6065573770491803,0.5973154362416108,0.6065573770491803,0.6019364066453956,0.5973154362416108,0.6019900497512438,0.5807459566508967,0.548980767568718,298,305,603
victimization,23,0.0007704403086114462,180,118,187,118,0.6040268456375839,0.6131147540983607,0.6040268456375839,0.6131147540983607,0.6085707998679724,0.6040268456375839,0.6086235489220564,0.5876113983936626,0.5501311385876297,298,305,603
victimization,23,0.0007782570742708436,179,117,188,119,0.6006711409395973,0.6163934426229508,0.6047297297297297,0.6123778501628665,0.6085322917812741,0.6026936026936027,0.6086235489220564,0.5928264935636482,0.5571157374169048,298,305,603
victimization,23,0.0007910558363837978,181,115,190,117,0.6073825503355704,0.6229508196721312,0.6114864864864865,0.6188925081433225,0.6151666850038509,0.6094276094276094,0.615257048092869,0.6010232148751238,0.5628996512540844,298,305,603
victimization,23,0.0008168700943277094,181,116,189,117,0.6073825503355704,0.6196721311475409,0.6094276094276094,0.6176470588235294,0.6135273407415557,0.6084033613445379,0.6135986733001658,0.5988612608647815,0.5590718681758232,298,305,603
victimization,23,0.0008731996546113792,182,115,190,116,0.610738255033557,0.6229508196721312,0.6127946127946128,0.6209150326797386,0.6168445373528442,0.6117647058823529,0.6169154228855721,0.6008361755968753,0.5604119279431337,298,305,603
victimization,23,0.0009151145905308374,182,111,194,116,0.610738255033557,0.6360655737704918,0.621160409556314,0.6258064516129033,0.6234019144020244,0.6159052453468697,0.6235489220563848,0.605622180657938,0.5645349599087006,298,305,603
victimization,23,0.0009785231358525259,182,113,192,116,0.610738255033557,0.6295081967213115,0.6169491525423729,0.6233766233766234,0.6201232258774343,0.6138279932546375,0.6202321724709784,0.5994993948729233,0.5602297352676627,298,305,603
victimization,23,0.0010021376788306095,178,113,192,120,0.5973154362416108,0.6295081967213115,0.6116838487972509,0.6153846153846154,0.6134118164814611,0.6044142614601019,0.6135986733001658,0.6012982726372538,0.5590056815924015,298,305,603
victimization,23,0.0010207769683129848,179,113,192,119,0.6006711409395973,0.6295081967213115,0.613013698630137,0.617363344051447,0.6150896688304544,0.6067796610169491,0.615257048092869,0.6016173396413247,0.561022776499995,298,305,603
victimization,23,0.0010447643822517434,179,116,189,119,0.6006711409395973,0.6196721311475409,0.6067796610169491,0.6136363636363636,0.6101716360435692,0.6037099494097807,0.6102819237147595,0.6029321157443063,0.5681814863083043,298,305,603
victimization,23,0.001059745157835948,177,113,192,121,0.5939597315436241,0.6295081967213115,0.6103448275862069,0.6134185303514377,0.6117339641324678,0.6020408163265306,0.6119402985074627,0.6061227857850149,0.5753906935271796,298,305,603
victimization,23,0.0010706700741917375,176,111,194,122,0.5906040268456376,0.6360655737704918,0.6132404181184669,0.6139240506329114,0.6133348003080648,0.6017094017094017,0.6135986733001658,0.6062163054241391,0.5789345262323126,298,305,603
victimization,23,0.0010923181398136308,174,110,195,124,0.5838926174496645,0.639344262295082,0.6126760563380281,0.6112852664576802,0.6116184398723732,0.5979381443298969,0.6119402985074627,0.6037297832544836,0.5823336211409738,298,305,603
victimization,23,0.0011184896992394743,176,111,194,122,0.5906040268456376,0.6360655737704918,0.6132404181184669,0.6139240506329114,0.6133348003080648,0.6017094017094017,0.6135986733001658,0.6037407855649686,0.5780349929341847,298,305,603
victimization,23,0.0011542675719708934,178,106,199,120,0.5973154362416108,0.6524590163934426,0.6267605633802817,0.6238244514106583,0.6248872263175267,0.6116838487972509,0.6252072968490879,0.6122290681043019,0.5822686889825117,298,305,603
victimization,23,0.0012071941428431448,180,106,199,118,0.6040268456375839,0.6524590163934426,0.6293706293706294,0.6277602523659306,0.6282429310155133,0.6164383561643836,0.6285240464344942,0.6180602926614589,0.5864849118199853,298,305,603
victimization,23,0.0012345543500311606,178,100,205,120,0.5973154362416108,0.6721311475409836,0.6402877697841727,0.6307692307692307,0.6347232918912972,0.6180555555555555,0.6351575456053068,0.6235559467488173,0.5970519913516231,298,305,603
victimization,23,0.0012674060774180125,184,113,192,114,0.6174496644295302,0.6295081967213115,0.6195286195286195,0.6274509803921569,0.6234789305754209,0.6184873949579832,0.6235489220563848,0.6248597205413136,0.6017701760157534,298,305,603
victimization,23,0.0012779681659101654,182,113,192,116,0.610738255033557,0.6295081967213115,0.6169491525423729,0.6233766233766234,0.6201232258774343,0.6138279932546375,0.6202321724709784,0.6255473649466389,0.6102571456048683,298,305,603
victimization,23,0.001301354681694788,183,116,189,115,0.6140939597315436,0.6196721311475409,0.6120401337792643,0.6217105263157895,0.6168830454395422,0.6130653266331658,0.6169154228855721,0.6316426449554406,0.6249616200898512,298,305,603
victimization,23,0.0013538842407968023,183,114,191,115,0.6140939597315436,0.6262295081967213,0.6161616161616161,0.6241830065359477,0.6201617339641324,0.615126050420168,0.6202321724709784,0.6424304103861811,0.6409934533142461,298,305,603
victimization,23,0.0013859321552483848,179,113,192,119,0.6006711409395973,0.6295081967213115,0.613013698630137,0.617363344051447,0.6150896688304544,0.6067796610169491,0.615257048092869,0.6419903179667731,0.6400503705041447,298,305,603
victimization,23,0.0014595423985642854,184,117,188,114,0.6174496644295302,0.6163934426229508,0.6112956810631229,0.6225165562913907,0.6169215535262405,0.6143572621035058,0.6169154228855721,0.657954670480801,0.6641257802044667,298,305,603
victimization,23,0.0015338920454495463,169,89,216,129,0.5671140939597316,0.7081967213114754,0.6550387596899225,0.6260869565217392,0.6376554076356035,0.6079136690647483,0.6384742951907131,0.6567334140169435,0.663217462367042,298,305,603
victimization,23,0.0015622640356722972,172,87,218,126,0.5771812080536913,0.7147540983606557,0.6640926640926641,0.6337209302325582,0.6459676532071735,0.6175942549371635,0.6467661691542289,0.6549565408735836,0.6706422676009378,298,305,603
victimization,23,0.0017318179271471564,177,87,218,121,0.5939597315436241,0.7147540983606557,0.6704545454545454,0.6430678466076696,0.65435691495214,0.6298932384341636,0.6550580431177446,0.6763120255253602,0.6907942950698834,298,305,603
victimization,23,0.0018235348519452322,174,87,218,124,0.5838926174496645,0.7147540983606557,0.6666666666666666,0.6374269005847953,0.64932335790516,0.6225402504472272,0.6500829187396352,0.6831884695786115,0.6984934965764239,298,305,603
victimization,23,0.0019792787004857576,185,94,211,113,0.6208053691275168,0.6918032786885245,0.6630824372759857,0.6512345679012346,0.6563043239080206,0.6412478336221837,0.6567164179104478,0.6927109693035538,0.7014951476397379,298,305,603
victimization,23,0.0021302820016671485,181,83,222,117,0.6073825503355704,0.7278688524590164,0.6856060606060606,0.6548672566371682,0.6676257013972935,0.6441281138790036,0.6683250414593698,0.6970898888766642,0.7025118430202556,298,305,603
victimization,23,0.0023756567249807337,189,92,213,109,0.6342281879194631,0.6983606557377049,0.6725978647686833,0.6614906832298136,0.666294421828584,0.6528497409326426,0.6666666666666666,0.7073935526460556,0.7146451080371721,298,305,603
victimization,23,0.0030057824478191904,210,116,189,88,0.7046979865771812,0.6196721311475409,0.6441717791411042,0.6823104693140795,0.662185058862361,0.6730769230769231,0.6616915422885572,0.7178402464517548,0.7132054358269266,298,305,603
victimization,23,0.003671476682013684,200,106,199,98,0.6711409395973155,0.6524590163934426,0.6535947712418301,0.67003367003367,0.661799977995379,0.6622516556291391,0.6616915422885572,0.7144900429090109,0.703231548766438,298,305,603
victimization,23,0.005786454521160054,166,91,214,132,0.5570469798657718,0.7016393442622951,0.6459143968871596,0.6184971098265896,0.6293431620640335,0.5981981981981982,0.6301824212271974,0.6690890086918253,0.6241398712496613,298,305,603
victimization,23,0.01986021292764556,0,0,305,298,0.0,1.0,,0.5058043117744611,0.5,,0.5058043117744611,0.5,0.494195688225539,298,305,603
victimization,24,0.0,171,125,180,127,0.5738255033557047,0.5901639344262295,0.5777027027027027,0.5863192182410424,0.5819947188909671,0.5757575757575757,0.582089552238806,0.5819947188909671,0.5421141428416296,298,305,603
victimization,24,0.0003823180039332198,171,124,181,127,0.5738255033557047,0.5934426229508196,0.5796610169491525,0.5876623376623377,0.5836340631532622,0.5767284991568297,0.5837479270315091,0.5791396193200573,0.538684417031213,298,305,603
victimization,24,0.00039277215315610764,173,125,180,125,0.5805369127516778,0.5901639344262295,0.5805369127516778,0.5901639344262295,0.5853504235889537,0.5805369127516778,0.5854063018242123,0.5822532731873693,0.5435704292896343,298,305,603
victimization,24,0.00039729176795057556,173,126,179,125,0.5805369127516778,0.5868852459016394,0.5785953177257525,0.5888157894736842,0.5837110793266587,0.5795644891122277,0.5837479270315091,0.5770161733964132,0.5374011453653975,298,305,603
victimization,24,0.00040244657178946434,173,124,181,125,0.5805369127516778,0.5934426229508196,0.5824915824915825,0.5915032679738562,0.5869897678512488,0.5815126050420169,0.5870646766169154,0.571768071294972,0.5396524585611769,298,305,603
victimization,24,0.0004156189458066339,176,125,180,122,0.5906040268456376,0.5901639344262295,0.584717607973422,0.5960264900662252,0.5903839806359336,0.5876460767946579,0.5903814262023217,0.56484761799978,0.5285736733070517,298,305,603
victimization,24,0.0006167069541569072,172,123,182,126,0.5771812080536913,0.5967213114754099,0.5830508474576271,0.5909090909090909,0.5869512597645505,0.5801011804384486,0.5870646766169154,0.5534932335790517,0.5299899659082774,298,305,603
victimization,24,0.0006526861773647339,174,128,177,124,0.5838926174496645,0.580327868852459,0.5761589403973509,0.5880398671096345,0.5821102431510617,0.58,0.582089552238806,0.5532346792826495,0.5343678963652599,298,305,603
victimization,24,0.000668468170309222,175,120,185,123,0.587248322147651,0.6065573770491803,0.5932203389830508,0.6006493506493507,0.5969028495984157,0.5902192242833052,0.5970149253731343,0.5653757289030696,0.5452138948582954,298,305,603
victimization,24,0.0006939847693536146,173,122,183,125,0.5805369127516778,0.6,0.5864406779661017,0.5941558441558441,0.5902684563758389,0.5834738617200674,0.5903814262023217,0.5646495764110464,0.5474622226095742,298,305,603
victimization,24,0.0007227765991668638,173,121,184,125,0.5805369127516778,0.6032786885245902,0.5884353741496599,0.5954692556634305,0.591907800638134,0.5844594594594594,0.5920398009950248,0.5650016503465728,0.5504662646022362,298,305,603
victimization,24,0.0007343321834987085,172,119,186,126,0.5771812080536913,0.6098360655737705,0.5910652920962199,0.5961538461538461,0.5935086368137309,0.5840407470288626,0.593698175787728,0.57874353614259,0.5578363800743302,298,305,603
victimization,24,0.0007468323904863002,173,120,185,125,0.5805369127516778,0.6065573770491803,0.590443686006826,0.5967741935483871,0.593547144900429,0.5854483925549915,0.593698175787728,0.5803608757839146,0.5596371307278639,298,305,603
victimization,24,0.0007552569129812149,178,122,183,120,0.5973154362416108,0.6,0.5933333333333334,0.6039603960396039,0.5986577181208054,0.5953177257525084,0.5986733001658375,0.5935361425899439,0.5680212824965294,298,305,603
victimization,24,0.000764787597069463,178,119,186,120,0.5973154362416108,0.6098360655737705,0.5993265993265994,0.6078431372549019,0.6035757509076907,0.5983193277310924,0.603648424543947,0.5991693255583672,0.5749595302416751,298,305,603
victimization,24,0.0007774739925003598,178,117,188,120,0.5973154362416108,0.6163934426229508,0.6033898305084746,0.6103896103896104,0.6068544394322808,0.600337268128162,0.6069651741293532,0.6109307954670481,0.5859159249591492,298,305,603
victimization,24,0.0007895058242530289,178,117,188,120,0.5973154362416108,0.6163934426229508,0.6033898305084746,0.6103896103896104,0.6068544394322808,0.600337268128162,0.6069651741293532,0.6049565408735835,0.578739570818982,298,305,603
victimization,24,0.0008207877360543662,178,118,187,120,0.5973154362416108,0.6131147540983607,0.6013513513513513,0.6091205211726385,0.6052150951699857,0.5993265993265993,0.6053067993366501,0.6056111783474529,0.579542441407382,298,305,603
victimization,24,0.0008864335197050805,179,117,188,119,0.6006711409395973,0.6163934426229508,0.6047297297297297,0.6123778501628665,0.6085322917812741,0.6026936026936027,0.6086235489220564,0.6168445373528441,0.5861748051984694,298,305,603
victimization,24,0.0009257377915182383,180,118,187,118,0.6040268456375839,0.6131147540983607,0.6040268456375839,0.6131147540983607,0.6085707998679724,0.6040268456375839,0.6086235489220564,0.6229728242931015,0.5952989358852572,298,305,603
victimization,24,0.0009728531614587653,181,118,187,117,0.6073825503355704,0.6131147540983607,0.6053511705685619,0.6151315789473685,0.6102486522169656,0.6063651591289781,0.6102819237147595,0.6302288480580922,0.5994214932541299,298,305,603
victimization,24,0.0009954375777685607,181,120,185,117,0.6073825503355704,0.6065573770491803,0.6013289036544851,0.6125827814569537,0.6069699636923753,0.6043405676126878,0.6069651741293532,0.6317526680602926,0.6011117502320796,298,305,603
victimization,24,0.0010294583018877889,178,117,188,120,0.5973154362416108,0.6163934426229508,0.6033898305084746,0.6103896103896104,0.6068544394322808,0.600337268128162,0.6069651741293532,0.6359610518208824,0.6071621396083252,298,305,603
victimization,24,0.001059342374669906,179,117,188,119,0.6006711409395973,0.6163934426229508,0.6047297297297297,0.6123778501628665,0.6085322917812741,0.6026936026936027,0.6086235489220564,0.6414402024425129,0.6136677131012556,298,305,603
victimization,24,0.0010777918689359493,176,106,199,122,0.5906040268456376,0.6524590163934426,0.624113475177305,0.6199376947040498,0.6215315216195401,0.6068965517241379,0.6218905472636815,0.6351468808449774,0.6158228055451165,298,305,603
victimization,24,0.00111407774763453,175,102,203,123,0.587248322147651,0.6655737704918033,0.631768953068592,0.6226993865030674,0.6264110463197272,0.608695652173913,0.6268656716417911,0.6483221476510068,0.6313552641731383,298,305,603
victimization,24,0.0011485716105567873,175,103,202,123,0.587248322147651,0.6622950819672131,0.6294964028776978,0.6215384615384615,0.624771702057432,0.6076388888888888,0.6252072968490879,0.6409505996259215,0.6158515508140107,298,305,603
victimization,24,0.0011839250786592477,179,111,194,119,0.6006711409395973,0.6360655737704918,0.6172413793103448,0.6198083067092651,0.6183683573550445,0.6088435374149659,0.6185737976782753,0.6383870612828693,0.6149770369101257,298,305,603
victimization,24,0.0012150967148893343,175,107,198,123,0.587248322147651,0.6491803278688525,0.6205673758865248,0.616822429906542,0.6182143250082517,0.6034482758620688,0.6185737976782753,0.6387886456155794,0.6152102353543705,298,305,603
victimization,24,0.0012347609542128163,172,107,198,126,0.5771812080536913,0.6491803278688525,0.6164874551971327,0.6111111111111112,0.613180767961272,0.5961871750433275,0.6135986733001658,0.6348388161513919,0.6119330985260559,298,305,603
victimization,24,0.0012440925131466155,168,104,201,130,0.5637583892617449,0.659016393442623,0.6176470588235294,0.6072507552870091,0.6113873913521839,0.5894736842105263,0.6119402985074627,0.6342391902299485,0.6109392599929891,298,305,603
victimization,24,0.001278750081957058,169,101,204,129,0.5671140939597316,0.6688524590163935,0.6259259259259259,0.6126126126126126,0.6179832764880625,0.5950704225352113,0.6185737976782753,0.6408350753658267,0.6218189879548082,298,305,603
victimization,24,0.0013060947337021935,169,102,203,129,0.5671140939597316,0.6655737704918033,0.6236162361623616,0.6114457831325302,0.6163439322257674,0.5940246045694202,0.6169154228855721,0.6389316756518868,0.6183995845091725,298,305,603
victimization,24,0.001333499081814501,181,108,197,117,0.6073825503355704,0.6459016393442623,0.6262975778546713,0.6273885350318471,0.6266420948399163,0.616695059625213,0.6268656716417911,0.6402024425129276,0.61061889417362,298,305,603
victimization,24,0.0013840284744079468,182,111,194,116,0.610738255033557,0.6360655737704918,0.621160409556314,0.6258064516129033,0.6234019144020244,0.6159052453468697,0.6235489220563848,0.6416822532731874,0.6103106296770767,298,305,603
victimization,24,0.0014037462606521088,175,108,197,123,0.587248322147651,0.6459016393442623,0.6183745583038869,0.615625,0.6165749807459566,0.6024096385542168,0.6169154228855721,0.6485696996369237,0.6180502619371214,298,305,603
victimization,24,0.001458262850812405,178,110,195,120,0.5973154362416108,0.639344262295082,0.6180555555555556,0.6190476190476191,0.6183298492683464,0.6075085324232082,0.6185737976782753,0.6491693255583673,0.6199488584546223,298,305,603
victimization,24,0.0015407081464273388,182,116,189,116,0.610738255033557,0.6196721311475409,0.610738255033557,0.6196721311475409,0.615205193090549,0.610738255033557,0.615257048092869,0.6530531411596435,0.6262132240221112,298,305,603
victimization,24,0.001586955149079366,186,116,189,112,0.6241610738255033,0.6196721311475409,0.6158940397350994,0.627906976744186,0.6219166024865221,0.6200000000000001,0.6218905472636815,0.6639674331609638,0.6397172250111891,298,305,603
victimization,24,0.0016580653714092393,176,113,192,122,0.5906040268456376,0.6295081967213115,0.6089965397923875,0.6114649681528662,0.6100561117834746,0.5996592844974447,0.6102819237147595,0.6536197601496314,0.6261249857030121,298,305,603
victimization,24,0.001667142136283299,155,90,215,143,0.5201342281879194,0.7049180327868853,0.6326530612244898,0.6005586592178771,0.6125261304874023,0.570902394106814,0.6135986733001658,0.6482176257013973,0.6217053679334559,298,305,603
victimization,24,0.0017535904201914762,160,96,209,138,0.5369127516778524,0.6852459016393443,0.625,0.6023054755043228,0.6110793266585983,0.5776173285198556,0.6119402985074627,0.6531246561777974,0.6371066542938375,298,305,603
victimization,24,0.0017764707008317549,161,86,219,137,0.540268456375839,0.7180327868852459,0.6518218623481782,0.6151685393258427,0.6291506216305425,0.5908256880733945,0.6301824212271974,0.6704477940367478,0.6557064094453426,298,305,603
victimization,24,0.0018510907903373035,167,90,215,131,0.5604026845637584,0.7049180327868853,0.6498054474708171,0.6213872832369942,0.6326603586753219,0.6018018018018019,0.6334991708126037,0.6728683023434922,0.6590192060416166,298,305,603
victimization,24,0.0019070702400616386,171,92,213,127,0.5738255033557047,0.6983606557377049,0.6501901140684411,0.6264705882352941,0.6360930795467048,0.609625668449198,0.6368159203980099,0.683265485752008,0.6652592230067311,298,305,603
victimization,24,0.002256946649499888,165,92,213,133,0.5536912751677853,0.6983606557377049,0.642023346303502,0.615606936416185,0.6260259654527451,0.5945945945945946,0.6268656716417911,0.6728242931015513,0.6461425794107508,298,305,603
victimization,24,0.0026162427951428864,172,101,204,126,0.5771812080536913,0.6688524590163935,0.63003663003663,0.6181818181818182,0.6230168335350423,0.6024518388791593,0.6235489220563848,0.6614258994388822,0.6275434092165472,298,305,603
victimization,24,0.0028818946033066298,159,86,219,139,0.5335570469798657,0.7180327868852459,0.6489795918367347,0.611731843575419,0.6257949169325558,0.585635359116022,0.6268656716417911,0.6523324898228627,0.6180072868284749,298,305,603
victimization,24,0.004532351069701203,218,153,152,80,0.7315436241610739,0.49836065573770494,0.5876010781671159,0.6551724137931034,0.6149521399493894,0.6517189835575486,0.6135986733001658,0.6452415007151502,0.606931421511458,298,305,603
victimization,24,0.025822277785346126,0,0,305,298,0.0,1.0,,0.5058043117744611,0.5,,0.5058043117744611,0.5,0.494195688225539,298,305,603
victimization,25,0.0,181,142,163,117,0.6073825503355704,0.5344262295081967,0.5603715170278638,0.5821428571428572,0.5709043899218835,0.5829307568438004,0.5704809286898839,0.5709043899218835,0.5343897318940651,298,305,603
victimization,25,0.0003850310184374295,181,142,163,117,0.6073825503355704,0.5344262295081967,0.5603715170278638,0.5821428571428572,0.5709043899218835,0.5829307568438004,0.5704809286898839,0.5747662009021894,0.5398076245696946,298,305,603
victimization,25,0.00039592940144501205,181,142,163,117,0.6073825503355704,0.5344262295081967,0.5603715170278638,0.5821428571428572,0.5709043899218835,0.5829307568438004,0.5704809286898839,0.5758994388821652,0.5377105770916941,298,305,603
victimization,25,0.0004025780915715652,181,142,163,117,0.6073825503355704,0.5344262295081967,0.5603715170278638,0.5821428571428572,0.5709043899218835,0.5829307568438004,0.5704809286898839,0.575228297942568,0.5385753197209904,298,305,603
victimization,25,0.00040685450710929233,181,142,163,117,0.6073825503355704,0.5344262295081967,0.5603715170278638,0.5821428571428572,0.5709043899218835,0.5829307568438004,0.5704809286898839,0.5719716140389481,0.5382529796855848,298,305,603
victimization,25,0.00041322663826663344,182,141,164,116,0.610738255033557,0.5377049180327869,0.5634674922600619,0.5857142857142857,0.5742215865331719,0.5861513687600645,0.5737976782752903,0.5609968093299593,0.5262689129896412,298,305,603
victimization,25,0.0005010688019685895,181,141,164,117,0.6073825503355704,0.5377049180327869,0.562111801242236,0.5836298932384342,0.5725437341841786,0.5838709677419355,0.572139303482587,0.5558092199361866,0.5218802661481594,298,305,603
victimization,25,0.0005483076304312305,184,141,164,114,0.6174496644295302,0.5377049180327869,0.5661538461538461,0.5899280575539568,0.5775772912311585,0.5906902086677368,0.5771144278606966,0.5543514137968973,0.5178414607920369,298,305,603
victimization,25,0.0006450680326369133,186,140,165,112,0.6241610738255033,0.5409836065573771,0.5705521472392638,0.5956678700361011,0.5825723401914402,0.5961538461538463,0.582089552238806,0.5611233359005392,0.5212551977059404,298,305,603
victimization,25,0.0006737785280991078,184,141,164,114,0.6174496644295302,0.5377049180327869,0.5661538461538461,0.5899280575539568,0.5775772912311585,0.5906902086677368,0.5771144278606966,0.561579931785675,0.5211499283786928,298,305,603
victimization,25,0.0006949571487377311,183,140,165,115,0.6140939597315436,0.5409836065573771,0.56656346749226,0.5892857142857143,0.5775387831444603,0.5893719806763285,0.5771144278606966,0.5649686434151172,0.5238830820700453,298,305,603
victimization,25,0.0007080076436935732,183,137,168,115,0.6140939597315436,0.5508196721311476,0.571875,0.5936395759717314,0.5824568159313456,0.5922330097087379,0.582089552238806,0.566844537352844,0.5262993657830695,298,305,603
victimization,25,0.0007259014447313873,184,137,168,114,0.6174496644295302,0.5508196721311476,0.573208722741433,0.5957446808510638,0.5841346682803389,0.5945072697899838,0.5837479270315091,0.5782704367917262,0.5355121413565712,298,305,603
victimization,25,0.0007373611687174524,184,134,171,114,0.6174496644295302,0.5606557377049181,0.5786163522012578,0.6,0.5890527010672242,0.5974025974025975,0.5887230514096186,0.5883320497304434,0.5410491414550592,298,305,603
victimization,25,0.0007476554967222742,184,135,170,114,0.6174496644295302,0.5573770491803278,0.5768025078369906,0.5985915492957746,0.587413356804929,0.5964343598055106,0.5870646766169154,0.5889866872043129,0.5470931725105863,298,305,603
victimization,25,0.0007638763638052609,184,135,170,114,0.6174496644295302,0.5573770491803278,0.5768025078369906,0.5985915492957746,0.587413356804929,0.5964343598055106,0.5870646766169154,0.5873638464077456,0.5474454615551335,298,305,603
victimization,25,0.0007735444232892943,186,135,170,112,0.6241610738255033,0.5573770491803278,0.5794392523364486,0.6028368794326241,0.5907690615029155,0.6009693053311793,0.5903814262023217,0.5884530751457806,0.5484087236136185,298,305,603
victimization,25,0.0007771395040669697,185,135,170,113,0.6208053691275168,0.5573770491803278,0.578125,0.6007067137809188,0.5890912091539223,0.598705501618123,0.5887230514096186,0.5869237539883376,0.5463177006689378,298,305,603
victimization,25,0.000788030760306951,185,136,169,113,0.6208053691275168,0.5540983606557377,0.5763239875389408,0.599290780141844,0.5874518648916273,0.5977382875605816,0.5870646766169154,0.5840961601936406,0.5422299788798949,298,305,603
victimization,25,0.0008085250536047789,185,136,169,113,0.6208053691275168,0.5540983606557377,0.5763239875389408,0.599290780141844,0.5874518648916273,0.5977382875605816,0.5870646766169154,0.5905105072065134,0.5469988932346064,298,305,603
victimization,25,0.0008717897740798129,185,136,169,113,0.6208053691275168,0.5540983606557377,0.5763239875389408,0.599290780141844,0.5874518648916273,0.5977382875605816,0.5870646766169154,0.5885355924744196,0.5461625235484808,298,305,603
victimization,25,0.0009168842058747064,191,137,168,107,0.6409395973154363,0.5508196721311476,0.5823170731707317,0.610909090909091,0.595879634723292,0.6102236421725239,0.5953565505804311,0.5946858840356475,0.5490114569707201,298,305,603
victimization,25,0.0009372722628735665,193,138,167,105,0.6476510067114094,0.5475409836065573,0.5830815709969789,0.6139705882352942,0.5975959951589833,0.6136724960254372,0.5970149253731343,0.5877709318956981,0.5410599888869192,298,305,603
victimization,25,0.0009727242203393178,188,135,170,110,0.6308724832214765,0.5573770491803278,0.5820433436532507,0.6071428571428571,0.5941247662009022,0.605475040257649,0.593698175787728,0.5961381890196942,0.5462796866020071,298,305,603
victimization,25,0.0010148041605054108,190,138,167,108,0.6375838926174496,0.5475409836065573,0.5792682926829268,0.6072727272727273,0.5925624381120035,0.6070287539936102,0.5920398009950248,0.5995544064253493,0.548219710981171,298,305,603
victimization,25,0.0010368307483832708,192,138,167,106,0.6442953020134228,0.5475409836065573,0.5818181818181818,0.6117216117216118,0.59591814280999,0.6114649681528662,0.5953565505804311,0.6011607437561888,0.5508806722143625,298,305,603
victimization,25,0.0010518646009157564,198,143,162,100,0.6644295302013423,0.5311475409836065,0.5806451612903226,0.6183206106870229,0.5977885355924744,0.619718309859155,0.5970149253731343,0.6008856859940587,0.5497062375105662,298,305,603
victimization,25,0.0011008222599025014,194,137,168,104,0.6510067114093959,0.5508196721311476,0.5861027190332326,0.6176470588235294,0.6009131917702717,0.6168521462639109,0.6003316749585407,0.5932500825173286,0.5464703207826912,298,305,603
victimization,25,0.0011124115822818198,197,139,166,101,0.6610738255033557,0.5442622950819672,0.5863095238095238,0.6217228464419475,0.6026680602926615,0.6214511041009463,0.6019900497512438,0.6016998569699638,0.5521174384247854,298,305,603
victimization,25,0.0011839698649304283,197,140,165,101,0.6610738255033557,0.5409836065573771,0.5845697329376854,0.6203007518796992,0.6010287160303664,0.6204724409448819,0.6003316749585407,0.6046869842666961,0.5586436415303937,298,305,603
victimization,25,0.0012088018839629515,197,138,167,101,0.6610738255033557,0.5475409836065573,0.5880597014925373,0.6231343283582089,0.6043074045549566,0.6224328593996841,0.603648424543947,0.605930245351524,0.5594542485506157,298,305,603
victimization,25,0.0012427629176516288,196,132,173,102,0.6577181208053692,0.5672131147540984,0.5975609756097561,0.6290909090909091,0.6124656177797339,0.6261980830670927,0.6119402985074627,0.6138574100561118,0.5671528828561794,298,305,603
victimization,25,0.0012703050875340768,195,123,182,103,0.6543624161073825,0.5967213114754099,0.6132075471698113,0.6385964912280702,0.6255418637913962,0.6331168831168831,0.6252072968490879,0.6250907690615028,0.5818247996957155,298,305,603
victimization,25,0.0013030505167806955,193,119,186,105,0.6476510067114094,0.6098360655737705,0.6185897435897436,0.6391752577319587,0.6287435361425899,0.6327868852459017,0.6285240464344942,0.6248542193860711,0.5826338329105107,298,305,603
victimization,25,0.001319199556528062,191,111,194,107,0.6409395973154363,0.6360655737704918,0.6324503311258278,0.6445182724252492,0.638502585542964,0.6366666666666666,0.6384742951907131,0.631263065243701,0.5861786395909885,298,305,603
victimization,25,0.0013440458504631572,189,108,197,109,0.6342281879194631,0.6459016393442623,0.6363636363636364,0.6437908496732027,0.6400649136318627,0.6352941176470588,0.6401326699834162,0.6332929915282208,0.5870027143232359,298,305,603
victimization,25,0.001398460465258441,190,104,201,108,0.6375838926174496,0.659016393442623,0.6462585034013606,0.6504854368932039,0.6483001430300364,0.641891891891892,0.648424543946932,0.6511332379799757,0.6052871455704333,298,305,603
victimization,25,0.0014395103421589173,189,103,202,109,0.6342281879194631,0.6622950819672131,0.6472602739726028,0.6495176848874598,0.6482616349433381,0.6406779661016949,0.648424543946932,0.6509351963912421,0.6068100832579418,298,305,603
victimization,25,0.0014936263967626282,191,104,201,107,0.6409395973154363,0.659016393442623,0.6474576271186441,0.6525974025974026,0.6499779953790297,0.6441821247892073,0.6500829187396352,0.6453625261304874,0.5999748027942332,298,305,603
victimization,25,0.0015296353426832122,194,109,196,104,0.6510067114093959,0.6426229508196721,0.6402640264026402,0.6533333333333333,0.6468148311145341,0.6455906821963393,0.6467661691542289,0.6480966002860601,0.6049096636666542,298,305,603
victimization,25,0.001625685218215009,167,93,212,131,0.5604026845637584,0.6950819672131148,0.6423076923076924,0.6180758017492711,0.6277423258884366,0.5985663082437277,0.6285240464344942,0.643976235009352,0.6018988169614718,298,305,603
victimization,25,0.0016737129079369992,161,87,218,137,0.540268456375839,0.7147540983606557,0.6491935483870968,0.6140845070422535,0.6275112773682474,0.5897435897435899,0.6285240464344942,0.6528606007261525,0.618967792737111,298,305,603
victimization,25,0.0017272010976744194,149,80,225,149,0.5,0.7377049180327869,0.6506550218340611,0.6016042780748663,0.6188524590163935,0.5654648956356736,0.6202321724709784,0.6669545604576962,0.6482973439445032,298,305,603
victimization,25,0.0017848463623127433,155,88,217,143,0.5201342281879194,0.7114754098360656,0.6378600823045267,0.6027777777777777,0.6158048190119925,0.5730129390018484,0.6169154228855721,0.6664649576411048,0.6470152755310401,298,305,603
victimization,25,0.001996245080703998,151,87,218,147,0.5067114093959731,0.7147540983606557,0.634453781512605,0.5972602739726027,0.6107327538783145,0.5634328358208954,0.6119402985074627,0.665315216195401,0.6456007537538928,298,305,603
victimization,25,0.0021690840031208473,160,97,208,138,0.5369127516778524,0.6819672131147541,0.622568093385214,0.6011560693641619,0.6094399823963033,0.5765765765765766,0.6102819237147595,0.6698756738915173,0.6410512144585563,298,305,603
victimization,25,0.0025908246257023955,145,79,226,153,0.4865771812080537,0.740983606557377,0.6473214285714286,0.5963060686015831,0.6137803938827153,0.5555555555555556,0.615257048092869,0.6791946308724833,0.647371413833124,298,305,603
victimization,25,0.0031340195143168396,218,150,155,80,0.7315436241610739,0.5081967213114754,0.592391304347826,0.6595744680851063,0.6198701727362746,0.6546546546546547,0.6185737976782753,0.6763670370777864,0.6440560896849631,298,305,603
victimization,25,0.006173061330899777,105,49,256,193,0.3523489932885906,0.839344262295082,0.6818181818181818,0.5701559020044543,0.5958466277918363,0.4646017699115045,0.5986733001658375,0.6541148641214655,0.6136093775371538,298,305,603
victimization,25,0.026416617575499568,0,0,305,298,0.0,1.0,,0.5058043117744611,0.5,,0.5058043117744611,0.5,0.494195688225539,298,305,603
