idx_original,y_true,y_pred,y_prob,PAÍS,ETNIA.BN,EDAD,FUGAS.BN,ABUSOSUBS1,ABUSOSUBS2,CONVIVEN.1,CONVIVEN.2,CONVIVEN.3,CONVIVEN.4,CONVIVEN.5,CONVIVEN.6,AUTOEFIC.MEAN,AUTOEFIC.VAR,IMPULS.MEAN,IMPULS.MEDIAN,IMPULS.VAR,APOYO.MEAN,APOYO.MEDIAN,APOYO.VAR,MORAL.MEAN,MORAL.VAR,PORNO.T,GENERO_BIN_0,GENERO_BIN_1,GENERO_BIN_2,ORIENTSEX.BN_1,ORIENTSEX.BN_2,ORIENTSEX.BN_3
3001,1,0,0.2979397781299525,1,0.0,15.0,0.0,3,3,1.0,1.0,0.0,0.0,1.0,0,3.0,0.4,2.625,3.0,0.734375,2.7142857142857144,3.0,0.489795918367347,4.8,0.1599999999999999,4.0,0,1,0,1,0,0
1694,0,0,0.2979397781299525,1,0.0,16.0,1.0,3,3,1.0,1.0,0.0,0.0,1.0,0,4.0,0.0,2.375,2.0,0.734375,3.4285714285714284,4.0,0.5306122448979593,3.8,0.1599999999999999,3.0,0,1,0,0,1,0
677,0,0,0.2979397781299525,1,0.0,17.0,0.0,0,1,1.0,1.0,0.0,0.0,0.0,0,2.6,0.24,3.0,3.0,0.75,2.857142857142857,3.0,0.1224489795918367,4.4,0.64,5.0,1,0,0,1,0,0
840,0,1,0.7824773413897281,1,0.0,17.0,0.0,2,0,1.0,1.0,0.0,0.0,1.0,0,3.2,0.1599999999999999,2.25,2.0,0.6875,3.0,3.0,0.5714285714285714,4.0,0.0,3.0,0,1,0,0,1,0
1903,0,1,0.509393451422437,2,1.0,17.0,1.0,2,2,1.0,1.0,0.0,0.0,1.0,0,2.6,0.24,2.25,2.0,0.4375,3.5714285714285716,4.0,0.2448979591836734,3.2,0.1599999999999999,4.0,1,0,0,1,0,0
1172,1,1,0.509393451422437,1,0.0,16.0,0.0,3,2,1.0,1.0,0.0,0.0,1.0,0,2.8,0.5599999999999999,2.5,2.5,0.75,3.2857142857142856,4.0,1.0612244897959184,4.4,0.64,5.0,1,0,0,1,0,0
1190,1,1,0.7824773413897281,1,0.0,15.0,0.0,2,0,0.0,1.0,0.0,0.0,0.0,0,3.0,0.4,1.875,2.0,0.609375,3.857142857142857,4.0,0.1224489795918367,4.6,0.24,1.0,0,1,0,1,0,0
942,1,1,0.509393451422437,1,0.0,14.0,0.0,0,1,1.0,1.0,0.0,0.0,1.0,1,2.8,0.5599999999999999,2.625,2.5,0.984375,3.2857142857142856,3.0,0.489795918367347,3.6,3.04,1.0,0,1,0,1,0,0
1579,1,1,0.509393451422437,1,0.0,16.0,0.0,2,0,1.0,1.0,0.0,0.0,1.0,0,3.6,0.24,2.5,2.0,0.5,3.5714285714285716,4.0,0.2448979591836734,4.0,0.4,1.0,0,1,0,1,0,0
1290,0,1,0.7824773413897281,1,0.0,15.0,0.0,2,2,1.0,1.0,0.0,0.0,0.0,0,3.2,0.1599999999999999,2.375,2.5,0.484375,2.7142857142857144,3.0,0.2040816326530612,3.8,0.1599999999999999,3.0,0,1,0,0,1,0
1251,1,1,0.509393451422437,1,0.0,14.0,1.0,2,2,1.0,1.0,0.0,0.0,1.0,0,2.6,0.24,2.25,2.0,0.4375,4.0,4.0,0.0,4.2,0.1599999999999999,2.0,0,1,0,1,0,0
1429,1,1,0.509393451422437,1,1.0,14.0,1.0,2,2,1.0,1.0,0.0,0.0,1.0,0,2.6,0.24,2.5,2.5,0.25,2.2857142857142856,3.0,0.7755102040816327,3.4,0.24,3.0,0,1,0,1,0,0
1945,1,1,0.509393451422437,1,0.0,14.0,0.0,0,1,1.0,1.0,0.0,0.0,1.0,0,3.4,0.24,2.5,2.5,1.75,2.4285714285714284,3.0,1.673469387755102,3.8,2.56,1.0,1,0,0,1,0,0
315,0,1,0.509393451422437,1,0.0,17.0,0.0,0,1,1.0,1.0,0.0,0.0,1.0,0,2.8,0.1599999999999999,2.625,3.0,0.734375,3.5714285714285716,4.0,0.2448979591836734,4.8,0.1599999999999999,2.0,1,0,0,1,0,0
3169,0,0,0.2979397781299525,1,0.0,16.0,0.0,2,2,1.0,1.0,0.0,0.0,0.0,0,3.4,0.24,2.375,2.5,0.484375,3.4285714285714284,4.0,0.5306122448979592,4.0,0.4,4.0,1,0,0,1,0,0
2055,1,1,0.509393451422437,1,0.0,15.0,0.0,0,1,1.0,1.0,0.0,0.0,1.0,0,3.4,0.24,2.625,3.0,1.234375,3.142857142857143,3.0,0.6938775510204082,3.8,0.5599999999999999,2.0,1,0,0,1,0,0
1410,1,1,0.509393451422437,2,1.0,17.0,1.0,2,2,1.0,0.0,1.0,0.0,0.0,1,1.6,0.24,2.625,3.0,0.734375,2.0,2.0,0.5714285714285714,3.4,1.84,2.0,0,1,0,0,1,0
3137,0,0,0.2979397781299525,2,1.0,15.0,0.0,0,1,1.0,1.0,0.0,0.0,0.0,1,3.6,0.24,2.25,2.5,0.6875,2.5714285714285716,3.0,1.959183673469388,2.6,0.64,1.0,0,1,0,1,0,0
1904,0,1,0.509393451422437,1,0.0,16.0,0.0,4,4,0.0,0.0,0.0,0.0,0.0,1,3.4,0.64,2.25,2.0,0.9375,3.857142857142857,4.0,0.1224489795918367,3.2,0.5599999999999999,1.0,0,1,0,1,0,0
3034,1,1,0.7824773413897281,1,1.0,15.0,1.0,2,2,0.0,1.0,0.0,0.0,0.0,0,3.0,1.2,2.25,2.0,0.9375,2.857142857142857,3.0,0.4081632653061224,4.6,0.24,2.0,0,1,0,0,1,0
3583,0,0,0.2979397781299525,1,0.0,16.0,0.0,0,1,1.0,1.0,0.0,0.0,0.0,0,3.0,0.4,2.125,2.0,1.109375,3.857142857142857,4.0,0.1224489795918367,4.8,0.1599999999999999,1.0,0,1,0,1,0,0
1707,1,1,0.509393451422437,1,0.0,17.0,0.0,0,1,1.0,1.0,0.0,0.0,0.0,0,2.8,0.1599999999999999,1.875,2.0,0.609375,3.5714285714285716,4.0,0.2448979591836734,4.0,0.4,1.0,1,0,0,1,0,0
3152,0,0,0.2979397781299525,2,1.0,15.0,0.0,2,2,1.0,0.0,1.0,0.0,0.0,0,3.0,0.0,2.75,3.0,0.1875,3.7142857142857144,4.0,0.489795918367347,3.8,0.1599999999999999,1.0,0,1,0,1,0,0
1670,1,0,0.2979397781299525,1,1.0,17.0,0.0,0,1,1.0,0.0,0.0,0.0,0.0,0,1.0,0.0,4.0,4.0,0.0,4.0,4.0,0.0,1.0,0.0,1.0,0,0,1,0,1,0
2347,1,1,0.509393451422437,1,0.0,15.0,1.0,0,1,1.0,1.0,0.0,0.0,0.0,0,3.2,0.1599999999999999,2.875,3.0,0.359375,3.7142857142857144,4.0,0.2040816326530612,3.2,0.1599999999999999,1.0,0,1,0,1,0,0
3733,0,0,0.2979397781299525,1,1.0,16.0,1.0,0,1,1.0,1.0,0.0,0.0,1.0,0,2.6,0.24,2.0,2.0,0.5,3.2857142857142856,4.0,1.0612244897959184,3.8,0.5599999999999999,3.0,1,0,0,1,0,0
555,1,1,0.7824773413897281,1,0.0,17.0,0.0,3,0,1.0,1.0,0.0,0.0,1.0,0,3.2,0.5599999999999999,2.125,2.0,1.109375,2.7142857142857144,3.0,1.0612244897959184,5.0,0.0,1.0,0,1,0,1,0,0
1337,0,1,0.509393451422437,1,1.0,15.0,0.0,3,2,1.0,0.0,0.0,0.0,0.0,0,2.6,0.64,2.125,2.0,0.609375,2.7142857142857144,4.0,2.2040816326530615,3.6,2.24,5.0,1,0,0,1,0,0
2940,0,1,0.7824773413897281,1,0.0,14.0,0.0,0,1,1.0,1.0,0.0,0.0,1.0,0,3.6,0.24,2.375,2.0,0.734375,1.7142857142857142,2.0,0.489795918367347,2.0,0.4,1.0,0,1,0,1,0,0
2774,0,0,0.2979397781299525,1,0.0,17.0,0.0,2,0,1.0,1.0,0.0,0.0,0.0,0,3.4,0.64,2.375,2.5,0.984375,4.0,4.0,0.0,4.6,0.6399999999999999,2.0,1,0,0,1,0,0
297,0,1,0.509393451422437,1,0.0,16.0,1.0,3,2,1.0,1.0,0.0,0.0,1.0,0,2.4,1.04,3.125,3.5,1.109375,1.8571428571428572,1.0,1.2653061224489797,2.8,2.56,2.0,0,1,0,1,0,0
3541,1,1,0.7824773413897281,2,1.0,16.0,0.0,0,1,1.0,1.0,0.0,0.0,1.0,0,3.0,0.0,2.125,2.0,0.109375,3.3685921480370093,3.580145036259065,0.483649580276325,2.8,0.1599999999999999,1.0,1,0,0,0,1,0
1846,1,1,0.509393451422437,1,0.0,16.0,0.0,0,1,1.0,0.0,0.0,0.0,1.0,0,3.4,0.24,2.125,2.0,1.359375,3.857142857142857,4.0,0.1224489795918367,4.8,0.1599999999999999,3.0,0,1,0,1,0,0
2879,0,1,0.509393451422437,1,0.0,16.0,0.0,4,4,1.0,1.0,0.0,0.0,1.0,0,3.2,0.1599999999999999,2.25,2.0,1.4375,3.4285714285714284,4.0,0.5306122448979592,4.6,0.24,3.0,1,0,0,1,0,0
3457,0,1,0.509393451422437,1,1.0,14.0,0.0,0,1,1.0,1.0,0.0,0.0,1.0,0,2.2,0.5599999999999999,2.5,2.5,0.75,2.4285714285714284,3.0,0.5306122448979592,3.4,0.24,1.0,0,1,0,1,0,0
3317,1,1,0.509393451422437,1,0.0,15.0,1.0,4,4,1.0,0.0,0.0,0.0,0.0,1,4.0,0.0,2.625,2.5,0.984375,4.0,4.0,0.0,3.4,0.64,5.0,1,0,0,1,0,0
1486,0,1,0.509393451422437,1,0.0,16.0,0.0,2,0,1.0,1.0,0.0,0.0,0.0,0,2.4,1.4400000000000002,2.5,2.5,1.75,3.857142857142857,4.0,0.1224489795918367,4.2,0.5599999999999999,5.0,1,0,0,1,0,0
1388,0,1,0.509393451422437,1,0.0,15.0,0.0,0,1,1.0,0.0,0.0,0.0,0.0,1,2.6,0.24,2.25,2.5,1.1875,2.5714285714285716,2.0,1.673469387755102,4.0,0.4,1.0,0,1,0,1,0,0
1142,0,1,0.7824773413897281,1,0.0,16.0,1.0,2,2,1.0,0.0,0.0,0.0,1.0,0,3.4,0.24,2.875,3.0,0.609375,3.7142857142857144,4.0,0.489795918367347,3.0,0.4,2.0,1,0,0,1,0,0
650,1,1,0.509393451422437,1,0.0,17.0,0.0,4,3,0.0,1.0,0.0,0.0,0.0,0,3.0,0.4,2.5,2.5,0.75,4.0,4.0,0.0,5.0,0.0,5.0,1,0,0,1,0,0
998,1,1,0.509393451422437,1,0.0,15.0,0.0,0,1,1.0,0.0,0.0,0.0,0.0,0,2.4,0.24,2.625,2.5,0.484375,3.857142857142857,4.0,0.1224489795918367,3.6,0.24,1.0,1,0,0,1,0,0
972,0,1,0.7824773413897281,1,0.0,14.0,0.0,0,1,1.0,1.0,0.0,0.0,1.0,0,3.2,0.1599999999999999,2.144218710810133,2.0,0.3571558342138914,3.857142857142857,4.0,0.1224489795918367,4.2,0.1599999999999999,1.0,1,0,0,1,0,0
3349,1,0,0.2979397781299525,1,1.0,14.0,0.0,0,1,1.0,1.0,0.0,0.0,1.0,0,3.8,0.1599999999999999,2.25,2.5,1.1875,3.857142857142857,4.0,0.1224489795918367,4.6,0.24,4.0,1,0,0,1,0,0
2077,0,0,0.2979397781299525,1,0.0,16.0,0.0,0,1,1.0,1.0,0.0,0.0,1.0,0,2.7979924717691342,0.1592131093860445,2.375,2.0,1.234375,3.0,3.0,0.0,4.0,0.4,1.0,1,0,0,1,0,0
351,1,1,0.509393451422437,1,0.0,14.0,0.0,0,1,0.0,1.0,0.0,0.0,0.0,0,1.8,0.16,2.75,3.0,0.6875,2.142857142857143,2.0,1.2653061224489797,4.4,0.24,3.0,0,1,0,0,1,0
3462,0,1,0.509393451422437,1,0.0,16.0,1.0,4,3,1.0,1.0,0.0,0.0,1.0,0,1.2,0.16,1.875,1.0,1.359375,3.613544389929449,4.0,0.2074080481906637,4.8,0.1599999999999999,2.0,0,1,0,0,1,0
748,1,1,0.509393451422437,1,0.0,17.0,1.0,3,2,1.0,1.0,0.0,0.0,1.0,0,2.8,0.1599999999999999,2.875,3.0,0.859375,3.7142857142857144,4.0,0.2040816326530612,4.8,0.1599999999999999,2.0,0,1,0,1,0,0
2178,1,1,0.509393451422437,1,0.0,16.0,0.0,2,0,1.0,1.0,0.0,0.0,0.0,0,3.4,0.24,2.625,3.0,1.234375,3.7142857142857144,4.0,0.2040816326530612,4.6,0.6399999999999999,2.0,1,0,0,1,0,0
1239,1,1,0.509393451422437,1,1.0,16.0,0.0,3,3,1.0,0.0,0.0,0.0,0.0,0,3.6,0.24,2.375,2.0,0.734375,3.857142857142857,4.0,0.1224489795918367,4.4,0.24,4.0,1,0,0,1,0,0
2918,0,0,0.2979397781299525,2,1.0,14.0,0.0,2,0,1.0,1.0,0.0,0.0,1.0,0,3.2,0.96,1.875,2.0,0.109375,4.0,4.0,0.0,4.8,0.1599999999999999,3.0,0,1,0,1,0,0
2736,0,1,0.509393451422437,1,0.0,17.0,0.0,0,1,1.0,1.0,0.0,0.0,0.0,0,1.6,0.64,2.375,2.5,1.484375,3.142857142857143,3.0,0.6938775510204082,3.6,0.64,1.0,0,1,0,0,1,0
2115,0,1,0.509393451422437,1,0.0,16.0,0.0,2,2,1.0,0.0,0.0,0.0,1.0,0,3.6,0.24,2.375,2.0,0.234375,4.0,4.0,0.0,3.4,1.44,5.0,1,0,0,1,0,0
1925,0,1,0.509393451422437,1,0.0,17.0,1.0,0,1,1.0,1.0,0.0,0.0,1.0,0,3.6,0.24,2.75,3.0,0.4375,3.2857142857142856,4.0,1.3469387755102038,3.2,0.5599999999999999,2.0,0,1,0,1,0,0
1679,0,1,0.509393451422437,1,0.0,16.0,0.0,2,2,1.0,1.0,0.0,0.0,1.0,0,2.6,0.24,2.5,3.0,0.5,3.142857142857143,4.0,0.979591836734694,3.8,0.1599999999999999,1.0,0,1,0,1,0,0
1702,1,0,0.2979397781299525,1,0.0,16.0,0.0,3,2,1.0,1.0,0.0,0.0,0.0,0,3.6,0.24,1.875,2.0,0.359375,3.142857142857143,4.0,1.8367346938775508,4.2,0.5599999999999999,3.0,1,0,0,1,0,0
3101,0,0,0.2979397781299525,1,1.0,15.0,0.0,0,1,1.0,1.0,0.0,0.0,1.0,0,3.6,0.24,2.25,2.0,0.9375,2.2857142857142856,3.0,0.7755102040816327,4.0,0.8,1.0,0,1,0,1,0,0
956,1,1,0.7824773413897281,1,1.0,14.0,0.0,0,1,1.0,1.0,0.0,0.0,1.0,0,3.0,0.4,2.375,2.0,1.234375,3.7142857142857144,4.0,0.2040816326530612,4.0,1.2,1.0,0,1,0,1,0,0
3553,0,0,0.2979397781299525,1,0.0,15.0,0.0,3,0,1.0,1.0,0.0,0.0,1.0,0,2.4,0.24,2.375,2.0,0.734375,2.4777154294292147,3.0,0.6012676142287182,4.6,0.24,4.0,0,1,0,0,1,0
1600,0,0,0.2979397781299525,1,0.0,16.0,1.0,4,2,1.0,1.0,0.0,0.0,1.0,0,3.0,0.4,2.5,3.0,1.0,1.8571428571428572,2.0,0.6938775510204082,4.6,0.6399999999999999,1.0,0,1,0,0,1,0
197,1,1,0.509393451422437,1,0.0,17.0,0.0,2,2,1.0,0.0,0.0,0.0,0.0,0,3.4,0.24,2.625,3.0,1.734375,2.5714285714285716,3.0,0.2448979591836734,2.4,0.24,2.0,1,0,0,1,0,0
600,1,1,0.509393451422437,1,0.0,15.0,0.0,3,3,1.0,0.0,0.0,0.0,0.0,0,2.8,0.96,2.125,2.0,1.109375,3.857142857142857,4.0,0.1224489795918367,4.8,0.1599999999999999,2.0,0,1,0,0,1,0
866,1,1,0.7824773413897281,1,0.0,16.0,0.0,3,2,1.0,1.0,0.0,0.0,1.0,0,3.2,0.1599999999999999,2.125,2.0,0.609375,4.0,4.0,0.0,5.0,0.0,5.0,1,0,0,1,0,0
3,0,1,0.509393451422437,1,0.0,16.0,0.0,3,3,1.0,1.0,0.0,0.0,1.0,0,3.0,0.4,2.25,2.0,0.9375,3.2857142857142856,4.0,0.7755102040816327,4.0,0.4,4.0,1,0,0,1,0,0
1698,1,1,0.509393451422437,1,0.0,16.0,0.0,0,1,1.0,1.0,0.0,0.0,1.0,0,3.0,0.4,2.375,2.5,0.984375,3.857142857142857,4.0,0.1224489795918367,3.4,0.64,2.0,1,0,0,0,0,1
1420,1,1,0.509393451422437,2,1.0,17.0,0.0,2,2,0.0,0.0,0.0,0.0,0.0,1,3.4,0.24,3.25,3.5,0.6875,2.857142857142857,3.0,1.5510204081632657,4.0,0.4,1.0,1,0,0,0,1,0
1626,0,0,0.2979397781299525,1,1.0,15.0,0.0,0,1,1.0,1.0,0.0,0.0,1.0,0,2.6,0.64,2.375,3.0,0.734375,3.5714285714285716,4.0,0.5306122448979593,4.6,0.24,2.0,0,1,0,0,0,1
2371,0,1,0.509393451422437,1,0.0,14.0,0.0,0,1,1.0,1.0,0.0,1.0,1.0,0,3.2,0.1599999999999999,2.5,2.5,1.25,2.857142857142857,4.0,1.836734693877551,4.6,0.24,2.0,0,1,0,0,1,0
1162,1,1,0.7824773413897281,1,0.0,16.0,0.0,0,1,1.0,0.0,0.0,0.0,0.0,0,2.6,0.24,2.75,3.0,0.6875,3.4285714285714284,4.0,1.1020408163265307,3.2,0.96,5.0,1,0,0,1,0,0
3657,0,1,0.509393451422437,1,0.0,15.0,0.0,0,1,1.0,0.0,0.0,0.0,1.0,0,2.2,0.96,2.5,3.0,0.5,2.857142857142857,3.0,0.4081632653061224,4.4,0.6399999999999999,3.0,0,1,0,0,1,0
2130,1,1,0.7824773413897281,1,1.0,15.0,0.0,0,1,1.0,1.0,0.0,0.0,0.0,0,3.0,0.4,2.125,2.0,0.609375,3.7142857142857144,4.0,0.489795918367347,5.0,0.0,1.0,0,1,0,0,1,0
1525,1,1,0.7824773413897281,1,0.0,15.0,0.0,0,1,1.0,1.0,0.0,0.0,1.0,0,2.4,0.24,2.5,2.5,0.75,3.0,3.0,0.8571428571428571,3.0,1.6,2.0,1,0,0,1,0,0
2669,1,1,0.509393451422437,2,0.0,16.0,0.0,0,1,1.0,1.0,0.0,0.0,0.0,0,2.8,0.1599999999999999,2.625,3.0,0.734375,3.4285714285714284,3.0,0.2448979591836734,3.6,0.64,2.0,0,1,0,0,0,1
2429,0,1,0.509393451422437,1,0.0,16.0,0.0,2,2,1.0,1.0,0.0,0.0,0.0,0,2.2,0.1599999999999999,2.625,3.0,0.234375,3.4285714285714284,4.0,0.5306122448979593,4.2,0.5599999999999999,4.0,1,0,0,1,0,0
566,1,1,0.509393451422437,1,1.0,17.0,0.0,0,1,1.0,1.0,0.0,0.0,0.0,0,3.6,0.24,2.125,2.0,1.359375,4.0,4.0,0.0,4.2,0.96,1.0,0,1,0,1,0,0
1040,0,1,0.509393451422437,1,0.0,14.0,0.0,0,1,1.0,1.0,0.0,0.0,1.0,0,3.0,0.8,2.125,2.0,1.109375,3.142857142857143,4.0,1.836734693877551,3.4,1.44,1.0,0,1,0,1,0,0
1798,1,1,0.509393451422437,1,0.0,14.0,0.0,0,1,1.0,1.0,0.0,0.0,1.0,0,3.2,0.5599999999999999,2.375,2.0,0.734375,4.0,4.0,0.0,4.8,0.1599999999999999,1.0,0,1,0,1,0,0
2251,0,0,0.2979397781299525,1,0.0,15.0,0.0,3,3,1.0,1.0,0.0,0.0,1.0,0,3.2,0.5599999999999999,1.875,2.0,0.609375,3.4285714285714284,4.0,0.816326530612245,4.0,0.8,1.0,0,1,0,1,0,0
2949,1,1,0.509393451422437,1,1.0,15.0,0.0,0,1,1.0,0.0,0.0,0.0,0.0,0,2.6,1.4400000000000002,2.625,2.5,0.484375,3.5714285714285716,4.0,0.5306122448979592,2.6,1.04,5.0,1,0,0,1,0,0
527,0,1,0.509393451422437,1,0.0,14.0,0.0,0,1,1.0,1.0,0.0,0.0,0.0,0,2.4,0.24,2.625,2.5,0.484375,2.4285714285714284,3.0,1.673469387755102,5.0,0.0,1.0,0,1,0,1,0,0
2891,1,1,0.7824773413897281,1,1.0,16.0,0.0,0,1,1.0,1.0,0.0,0.0,0.0,0,3.0,0.4,2.5,3.0,0.5,3.0,3.0,0.2857142857142857,4.2,0.1599999999999999,2.0,0,1,0,1,0,0
2,1,1,0.509393451422437,1,0.0,17.0,0.0,3,3,1.0,1.0,0.0,0.0,0.0,0,2.4,1.4400000000000002,2.625,2.5,1.484375,3.2857142857142856,4.0,0.7755102040816327,4.2,0.96,3.0,0,1,0,1,0,0
1160,1,1,0.7824773413897281,1,0.0,16.0,1.0,3,3,0.0,0.0,1.0,0.0,1.0,0,2.8,0.1599999999999999,2.25,2.0,0.9375,3.857142857142857,4.0,0.1224489795918367,4.4,0.6399999999999999,2.0,0,1,0,0,1,0
1840,0,1,0.509393451422437,1,1.0,16.0,0.0,0,1,1.0,1.0,0.0,0.0,0.0,0,3.2,0.96,2.625,2.5,0.984375,4.0,4.0,0.0,4.6,0.6399999999999999,1.0,0,1,0,1,0,0
1102,1,1,0.509393451422437,1,0.0,14.0,0.0,0,1,1.0,1.0,0.0,0.0,1.0,0,4.0,0.0,2.375,2.0,1.234375,4.0,4.0,0.0,3.6,2.24,1.0,0,1,0,1,0,0
2372,1,0,0.2979397781299525,1,0.0,15.0,0.0,0,1,1.0,1.0,0.0,0.0,0.0,0,3.2,0.1599999999999999,2.75,3.0,0.1875,3.5714285714285716,4.0,0.2448979591836734,3.8,0.5599999999999999,1.0,1,0,0,0,0,1
3557,1,1,0.509393451422437,1,0.0,15.0,0.0,2,0,1.0,1.0,0.0,0.0,0.0,0,2.8,0.96,2.375,2.0,1.734375,3.142857142857143,3.0,0.6938775510204082,4.0,0.4,1.0,0,1,0,0,0,1
2470,1,1,0.509393451422437,1,0.0,17.0,0.0,2,2,1.0,1.0,0.0,0.0,0.0,0,3.8,0.1599999999999999,2.75,3.0,1.6875,4.0,4.0,0.0,3.6,0.24,2.0,1,0,0,0,0,1
3663,1,1,0.509393451422437,1,0.0,17.0,0.0,0,1,1.0,1.0,0.0,0.0,1.0,0,2.6,0.64,2.375,3.0,0.734375,3.2857142857142856,3.0,0.489795918367347,4.6,0.6399999999999999,4.0,1,0,0,1,0,0
1415,0,1,0.509393451422437,2,1.0,16.0,1.0,2,0,1.0,0.0,0.0,0.0,0.0,0,3.8,0.1599999999999999,2.625,2.5,1.484375,3.4285714285714284,4.0,0.816326530612245,3.8,0.1599999999999999,3.0,1,0,0,1,0,0
2465,1,0,0.2979397781299525,2,0.0,14.0,1.0,2,2,1.0,1.0,0.0,0.0,0.0,1,3.8,0.1599999999999999,2.5,3.0,0.5,3.4285714285714284,4.0,0.5306122448979592,2.4,1.84,5.0,1,0,0,1,0,0
2473,1,1,0.509393451422437,1,0.0,17.0,0.0,2,2,1.0,1.0,0.0,0.0,1.0,0,3.0,0.4,2.5,2.5,0.25,3.2857142857142856,4.0,0.7755102040816327,4.4,0.24,5.0,1,0,0,0,1,0
464,0,0,0.2979397781299525,1,0.0,15.0,0.0,2,4,1.0,0.0,1.0,0.0,1.0,0,2.8,1.36,2.5,3.0,1.0,2.7142857142857144,3.0,1.6326530612244896,4.0,1.2,5.0,1,0,0,1,0,0
2432,0,1,0.509393451422437,1,0.0,15.0,0.0,2,2,1.0,1.0,0.0,0.0,0.0,0,3.2,0.1599999999999999,2.5,2.5,0.25,3.2857142857142856,3.0,0.489795918367347,3.8,0.5599999999999999,3.0,1,0,0,1,0,0
2797,1,0,0.2979397781299525,1,0.0,17.0,0.0,4,4,1.0,1.0,0.0,0.0,0.0,0,3.0,0.0,2.5,2.5,0.75,3.5714285714285716,4.0,0.5306122448979592,4.6,0.24,2.0,0,1,0,1,0,0
2648,1,1,0.509393451422437,2,1.0,15.0,0.0,2,0,1.0,1.0,0.0,0.0,0.0,0,2.1520482533299825,1.292474685362794,2.125,1.5,1.609375,2.857142857142857,3.0,1.2653061224489797,2.6,2.24,1.0,0,1,0,0,1,0
2992,0,1,0.509393451422437,1,0.0,14.0,0.0,0,1,1.0,1.0,0.0,0.0,1.0,0,3.2,0.5599999999999999,2.375,3.0,0.734375,3.2857142857142856,3.0,0.489795918367347,2.6,0.24,1.0,1,0,0,1,0,0
1941,0,1,0.509393451422437,1,0.0,14.0,0.0,0,1,1.0,1.0,0.0,0.0,1.0,0,3.0,0.8,2.25,2.0,0.9375,2.4285714285714284,2.0,1.3877551020408163,4.8,0.1599999999999999,1.0,1,0,0,0,1,0
589,0,1,0.509393451422437,1,0.0,15.0,1.0,4,4,1.0,1.0,0.0,0.0,0.0,0,2.8,0.96,2.625,3.0,0.734375,3.0,4.0,1.7142857142857142,4.4,0.24,3.0,1,0,0,1,0,0
423,1,1,0.509393451422437,1,0.0,15.0,0.0,0,1,1.0,0.0,0.0,0.0,0.0,0,2.0,0.8,2.5,2.5,1.75,2.142857142857143,2.0,0.4081632653061224,4.6,0.24,2.0,0,1,0,0,1,0
2082,0,0,0.2979397781299525,1,0.0,17.0,0.0,2,0,1.0,1.0,0.0,0.0,1.0,0,2.6,0.64,2.125,2.0,0.109375,4.0,4.0,0.0,3.8,0.96,1.0,0,1,0,1,0,0
1982,0,1,0.509393451422437,1,1.0,14.0,0.0,2,0,1.0,0.0,0.0,0.0,0.0,1,2.2,0.5599999999999999,2.75,2.5,0.6875,2.2857142857142856,2.0,1.0612244897959184,3.6,1.04,1.0,0,1,0,0,1,0
858,0,1,0.509393451422437,1,0.0,16.0,0.0,0,1,1.0,1.0,0.0,1.0,0.0,0,3.4,0.24,2.75,3.0,1.6875,3.857142857142857,4.0,0.1224489795918367,3.8,0.5599999999999999,2.0,1,0,0,1,0,0
173,1,1,0.509393451422437,1,1.0,17.0,0.0,0,1,1.0,1.0,0.0,0.0,1.0,0,3.6,0.24,2.375,2.0,0.734375,1.7142857142857142,2.0,0.2040816326530612,4.2,0.1599999999999999,4.0,1,0,0,1,0,0
3713,1,0,0.2979397781299525,1,0.0,16.0,0.0,4,3,1.0,1.0,0.0,0.0,1.0,0,3.0,0.4,2.625,3.0,0.234375,3.142857142857143,3.0,0.6938775510204082,3.6,0.24,4.0,1,0,0,1,0,0
2865,1,0,0.2979397781299525,2,0.0,17.0,0.0,2,0,1.0,1.0,0.0,0.0,0.0,0,2.8,0.1599999999999999,1.875,2.0,0.609375,2.5714285714285716,2.0,1.1020408163265307,4.8,0.1599999999999999,1.0,0,1,0,0,1,0
3704,1,1,0.7824773413897281,1,0.0,16.0,1.0,5,5,1.0,1.0,0.0,0.0,1.0,0,3.2,1.36,1.0,1.0,0.0,4.0,4.0,0.0,4.8,0.1599999999999999,5.0,1,0,0,1,0,0
1564,0,1,0.509393451422437,2,1.0,15.0,0.0,2,2,1.0,0.0,0.0,0.0,1.0,0,2.0,0.4,2.875,3.0,0.109375,2.5714285714285716,2.0,0.5306122448979592,3.4,1.04,1.0,0,1,0,1,0,0
2739,0,1,0.509393451422437,1,0.0,17.0,0.0,3,0,1.0,1.0,0.0,0.0,0.0,0,3.4,0.64,2.625,3.0,0.234375,4.0,4.0,0.0,5.0,0.0,1.0,0,1,0,1,0,0
2816,1,1,0.509393451422437,1,0.0,16.0,0.0,2,2,1.0,1.0,0.0,0.0,1.0,0,4.0,0.0,2.625,2.5,0.484375,4.0,4.0,0.0,4.2,0.1599999999999999,1.0,0,1,0,1,0,0
3564,0,0,0.2979397781299525,1,0.0,16.0,0.0,3,2,1.0,1.0,0.0,0.0,1.0,0,2.4,0.64,2.75,3.0,0.9375,3.142857142857143,4.0,1.2653061224489797,3.2,1.7600000000000002,5.0,1,0,0,0,1,0
3392,1,1,0.509393451422437,1,0.0,14.0,0.0,2,0,1.0,1.0,0.0,0.0,1.0,0,2.6,0.64,2.7189612015018776,2.8758448060075095,0.928724449836388,3.142857142857143,4.0,1.2653061224489797,3.6,0.64,2.0,0,1,0,1,0,0
3503,0,1,0.509393451422437,1,0.0,17.0,0.0,2,2,1.0,1.0,0.0,0.0,1.0,0,2.2,0.5599999999999999,2.5,2.0,1.0,3.142857142857143,3.0,0.6938775510204082,3.6,2.24,1.0,0,1,0,1,0,0
1932,0,1,0.509393451422437,1,0.0,15.0,0.0,2,0,1.0,1.0,0.0,0.0,0.0,0,3.4,0.24,2.625,2.5,0.484375,3.857142857142857,4.0,0.1224489795918367,4.2,2.56,1.0,1,0,0,1,0,0
1788,1,1,0.509393451422437,1,0.0,14.0,0.0,0,1,1.0,1.0,0.0,0.0,1.0,0,2.4,0.6400000000000002,2.375,2.5,0.984375,3.857142857142857,4.0,0.1224489795918367,3.8,2.56,1.0,0,1,0,0,0,1
1306,1,1,0.509393451422437,1,0.0,15.0,0.0,0,1,1.0,1.0,0.0,0.0,1.0,0,3.2,0.1599999999999999,2.625,3.0,0.734375,3.899258675643735,4.0,0.0608928865983257,4.4,0.6399999999999999,1.0,0,1,0,1,0,0
929,1,1,0.7824773413897281,1,0.0,14.0,0.0,0,1,1.0,1.0,0.0,0.0,1.0,0,2.8,0.5599999999999999,2.125,2.0,0.609375,4.0,4.0,0.0,4.8,0.1599999999999999,1.0,0,1,0,1,0,0
1914,1,0,0.2979397781299525,1,1.0,17.0,0.0,0,1,1.0,0.0,0.0,0.0,1.0,0,3.2,0.1599999999999999,2.25,2.0,0.9375,2.142857142857143,2.0,1.551020408163265,4.4,0.6399999999999999,1.0,0,1,0,1,0,0
957,0,1,0.509393451422437,1,0.0,14.0,0.0,2,2,1.0,0.0,1.0,0.0,0.0,0,2.4,0.64,2.0,2.0,0.5,4.0,4.0,0.0,4.8,0.1599999999999999,1.0,0,1,0,1,0,0
2707,0,1,0.509393451422437,1,0.0,17.0,0.0,3,2,1.0,1.0,0.0,0.0,0.0,0,2.839430995757424,0.1819916120086579,2.25,2.0,1.4375,3.4285714285714284,3.0,0.2448979591836734,4.0,0.4,2.0,1,0,0,1,0,0
71,0,1,0.509393451422437,1,0.0,14.0,0.0,0,1,1.0,1.0,0.0,0.0,1.0,0,3.8,0.1599999999999999,1.75,2.0,0.4375,3.7142857142857144,4.0,0.489795918367347,3.8,0.5599999999999999,2.0,1,0,0,1,0,0
1431,1,1,0.509393451422437,1,0.0,14.0,1.0,0,1,1.0,1.0,0.0,0.0,0.0,0,2.2,0.1599999999999999,2.625,3.0,1.234375,2.3171888406918795,2.0,1.6434275658666313,4.4,0.6399999999999999,1.0,0,1,0,0,1,0
2995,1,1,0.509393451422437,1,0.0,17.0,0.0,2,2,1.0,0.0,0.0,0.0,0.0,0,3.4,0.24,2.375,2.0,0.734375,3.857142857142857,4.0,0.1224489795918367,3.8,0.5599999999999999,4.0,1,0,0,1,0,0
112,0,0,0.2979397781299525,1,0.0,16.0,0.0,3,3,1.0,1.0,0.0,0.0,1.0,0,3.4,0.24,2.5,2.5,0.75,4.0,4.0,0.0,4.6,0.24,1.0,0,1,0,1,0,0
431,1,1,0.7824773413897281,1,0.0,16.0,0.0,3,2,1.0,1.0,0.0,0.0,1.0,0,2.8,0.1599999999999999,2.125,2.0,0.609375,3.857142857142857,4.0,0.1224489795918367,4.6,0.24,1.0,0,1,0,1,0,0
449,0,1,0.509393451422437,1,1.0,15.0,0.0,0,1,1.0,1.0,0.0,0.0,0.0,0,2.2,0.5599999999999999,2.5,2.5,0.75,2.857142857142857,3.0,0.979591836734694,4.0,0.8,2.0,1,0,0,1,0,0
3316,0,1,0.509393451422437,1,0.0,16.0,1.0,4,5,1.0,0.0,1.0,0.0,1.0,0,3.4,0.64,2.25,2.5,1.1875,2.4285714285714284,2.0,0.8163265306122449,3.6,1.04,3.0,1,0,0,1,0,0
2856,0,0,0.2979397781299525,2,1.0,16.0,0.0,0,1,1.0,0.0,0.0,0.0,0.0,1,2.2,0.1599999999999999,2.75,3.0,0.4375,2.5714285714285716,3.0,0.8163265306122449,4.0,0.4,1.0,0,1,0,0,0,1
3470,0,1,0.509393451422437,1,0.0,17.0,0.0,0,1,1.0,1.0,0.0,0.0,1.0,0,3.2,0.1599999999999999,2.25,2.0,0.9375,3.857142857142857,4.0,0.1224489795918367,4.0,0.8,3.0,1,0,0,1,0,0
3678,0,0,0.2979397781299525,1,0.0,15.0,1.0,4,3,1.0,1.0,0.0,0.0,1.0,0,4.0,0.0,2.0,2.0,0.75,2.142857142857143,1.0,1.8367346938775508,4.6,0.6399999999999999,1.0,0,1,0,0,0,1
541,1,1,0.509393451422437,1,0.0,14.0,0.0,2,2,1.0,0.0,0.0,0.0,1.0,0,3.8,0.1599999999999999,1.5,1.5,0.25,3.7142857142857144,4.0,0.489795918367347,5.0,0.0,2.0,0,1,0,1,0,0
3461,1,1,0.509393451422437,1,0.0,17.0,0.0,0,1,1.0,1.0,0.0,0.0,1.0,0,2.8,2.16,2.5,2.5,1.75,3.142857142857143,4.0,1.8367346938775508,3.0,1.2,5.0,1,0,0,1,0,0
3472,0,1,0.509393451422437,1,0.0,17.0,0.0,0,1,1.0,1.0,0.0,0.0,1.0,0,3.4,0.24,2.625,2.5,0.984375,2.2857142857142856,2.0,0.489795918367347,4.0,0.4,2.0,0,1,0,1,0,0
1354,1,1,0.509393451422437,1,0.0,15.0,0.0,0,1,1.0,1.0,0.0,0.0,0.0,0,4.0,0.0,1.875,2.0,0.609375,3.0,3.0,0.8571428571428571,3.2,0.96,4.0,1,0,0,1,0,0
72,0,0,0.2979397781299525,1,0.0,15.0,0.0,0,1,0.0,0.0,1.0,1.0,1.0,0,2.4,0.24,3.0,3.0,0.5,2.4285714285714284,2.0,0.2448979591836734,3.0,0.0,5.0,1,0,0,1,0,0
2249,0,1,0.509393451422437,1,0.0,16.0,0.0,2,0,1.0,1.0,0.0,0.0,1.0,0,2.6,0.64,2.875,3.0,0.109375,3.857142857142857,4.0,0.1224489795918367,4.4,0.6399999999999999,2.0,0,1,0,1,0,0
2212,1,1,0.509393451422437,1,0.0,16.0,1.0,0,1,1.0,1.0,0.0,0.0,1.0,0,4.0,0.0,1.75,1.0,1.1875,1.8571428571428572,1.0,1.836734693877551,1.0,0.0,1.0,1,0,0,1,0,0
467,0,1,0.509393451422437,1,0.0,15.0,0.0,0,1,1.0,1.0,0.0,0.0,0.0,0,2.2,0.5599999999999999,2.875,3.0,1.109375,2.7142857142857144,2.0,1.3469387755102038,4.4967049425861205,0.4066335444412015,1.0,0,0,1,0,1,0
3280,0,1,0.509393451422437,1,0.0,14.0,0.0,0,1,1.0,1.0,0.0,0.0,1.0,0,2.8,0.1599999999999999,2.75,3.0,1.4375,3.142857142857143,4.0,1.8367346938775508,4.8024475524475525,0.1561078781358501,1.0,0,1,0,1,0,0
3308,1,1,0.509393451422437,1,0.0,16.0,0.0,2,0,1.0,0.0,0.0,0.0,0.0,1,2.6,0.24,2.7569982504373907,2.0279930017495627,0.9273454529082052,2.64326878333393,2.0,1.1945842370964788,3.6,1.4400000000000002,1.0,0,1,0,1,0,0
2039,1,1,0.509393451422437,1,0.0,15.0,0.0,0,1,1.0,0.0,0.0,0.0,0.0,0,2.6,1.04,1.75,1.5,0.6875,3.857142857142857,4.0,0.1224489795918367,3.0,0.0,4.0,1,0,0,1,0,0
2157,0,0,0.2979397781299525,1,0.0,16.0,0.0,2,2,1.0,1.0,0.0,0.0,0.0,0,3.2,0.1599999999999999,2.25,2.0,0.1875,3.7142857142857144,4.0,0.2040816326530612,4.2,0.5599999999999999,4.0,1,0,0,0,0,1
3197,0,0,0.2979397781299525,1,0.0,15.0,0.0,2,0,1.0,1.0,0.0,0.0,1.0,0,2.8,0.1599999999999999,2.375,2.0,0.234375,2.857142857142857,3.0,0.6938775510204082,4.0,0.0,1.0,0,1,0,1,0,0
172,0,1,0.509393451422437,1,0.0,17.0,0.0,4,2,1.0,0.0,0.0,0.0,0.0,0,2.4,1.0400000000000005,1.5,1.0,0.75,4.0,4.0,0.0,3.2,0.5599999999999999,1.0,0,1,0,1,0,0
1469,1,1,0.7824773413897281,1,0.0,14.0,0.0,0,1,1.0,1.0,0.0,0.0,0.0,0,4.0,0.0,3.125,4.0,1.359375,3.906286858000643,4.0,0.0526929179003495,2.8,1.36,1.0,0,1,0,1,0,0
2618,0,1,0.509393451422437,1,0.0,14.0,0.0,0,1,1.0,1.0,0.0,0.0,1.0,0,2.8,0.1599999999999999,2.375,2.5,0.484375,2.5714285714285716,3.0,0.816326530612245,4.0,0.4,1.0,0,1,0,1,0,0
2893,1,1,0.7824773413897281,2,1.0,15.0,0.0,2,0,1.0,0.0,0.0,0.0,1.0,1,2.2,0.5599999999999999,2.375,2.0,1.234375,3.0,3.0,0.8571428571428571,3.2,1.7600000000000005,1.0,0,1,0,1,0,0
178,0,1,0.509393451422437,1,0.0,16.0,0.0,0,1,1.0,1.0,0.0,0.0,1.0,0,2.2,0.1599999999999999,2.875,3.0,0.359375,3.0,3.0,0.0,4.4,0.24,2.0,0,1,0,0,1,0
1532,1,1,0.7824773413897281,1,0.0,15.0,0.0,0,1,0.0,0.0,0.0,0.0,1.0,0,3.8,0.1599999999999999,2.625,3.0,1.984375,3.2857142857142856,4.0,1.0612244897959184,5.0,0.0,1.0,0,1,0,0,0,1
2657,1,1,0.509393451422437,1,0.0,15.0,0.0,4,3,1.0,1.0,0.0,0.0,0.0,0,3.2,0.5599999999999999,1.875,2.0,0.609375,3.7142857142857144,4.0,0.2040816326530612,4.8,0.1599999999999999,2.0,0,1,0,0,1,0
3209,0,1,0.509393451422437,1,0.0,14.0,0.0,2,2,1.0,1.0,0.0,0.0,0.0,0,2.6,0.24,2.375,2.0,0.734375,3.2857142857142856,4.0,1.0612244897959184,3.6,2.24,1.0,0,1,0,1,0,0
2229,1,1,0.509393451422437,1,0.0,15.0,1.0,0,1,1.0,1.0,0.0,0.0,1.0,0,3.8,0.1599999999999999,1.625,1.0,1.234375,3.2857142857142856,4.0,0.7755102040816327,5.0,0.0,5.0,1,0,0,1,0,0
323,0,1,0.509393451422437,1,0.0,17.0,0.0,2,2,0.0,1.0,0.0,0.0,0.0,0,2.2,0.5599999999999999,2.125,2.0,1.109375,2.4285714285714284,2.0,0.816326530612245,4.0,0.8,3.0,1,0,0,0,0,1
845,0,1,0.509393451422437,1,0.0,17.0,0.0,3,2,1.0,1.0,0.0,0.0,0.0,0,2.8,0.5599999999999999,2.5,3.0,0.5,4.0,4.0,0.0,4.6,0.24,4.0,0,1,0,1,0,0
919,1,1,0.509393451422437,1,0.0,14.0,0.0,0,1,1.0,1.0,0.0,0.0,0.0,0,3.0,0.4,2.0,1.5,1.25,2.2857142857142856,2.0,0.489795918367347,2.4,0.24,4.0,0,1,0,1,0,0
3048,0,1,0.509393451422437,1,0.0,14.0,0.0,0,1,1.0,1.0,0.0,0.0,1.0,1,3.1906218655967904,0.1641030513808225,3.0,3.0,0.75,3.857142857142857,4.0,0.1224489795918367,3.4,1.04,1.0,0,1,0,1,0,0
2000,1,1,0.7824773413897281,1,0.0,14.0,0.0,0,1,1.0,1.0,0.0,0.0,0.0,0,3.2,0.1599999999999999,2.125,2.0,0.359375,3.4285714285714284,4.0,0.5306122448979592,3.4,1.04,1.0,1,0,0,1,0,0
3350,0,1,0.509393451422437,1,0.0,16.0,0.0,4,3,1.0,1.0,0.0,0.0,1.0,0,2.4,0.24,2.25,2.0,0.9375,3.2857142857142856,4.0,1.0612244897959184,4.4,0.24,1.0,0,1,0,1,0,0
871,1,1,0.509393451422437,1,0.0,16.0,0.0,3,2,1.0,1.0,0.0,0.0,0.0,0,2.8,0.1599999999999999,2.75,3.0,1.1875,2.857142857142857,3.0,0.6938775510204082,4.6,0.6399999999999999,4.0,1,0,0,1,0,0
1406,1,1,0.509393451422437,2,1.0,15.0,1.0,3,3,1.0,0.0,0.0,0.0,0.0,0,3.2,0.1599999999999999,2.875,3.0,0.609375,3.2857142857142856,3.0,0.2040816326530612,3.6,0.24,4.0,1,0,0,1,0,0
1226,0,1,0.509393451422437,1,0.0,14.0,0.0,0,1,1.0,1.0,0.0,0.0,1.0,0,3.6,0.24,2.0,1.5,1.25,4.0,4.0,0.0,3.8,0.5599999999999999,1.0,1,0,0,1,0,0
3024,1,1,0.509393451422437,1,0.0,14.0,0.0,2,0,1.0,1.0,0.0,0.0,1.0,0,3.2,0.1599999999999999,2.25,2.0,0.4375,3.857142857142857,4.0,0.1224489795918367,4.4,0.6399999999999999,2.0,0,1,0,1,0,0
439,0,1,0.509393451422437,1,0.0,16.0,0.0,3,2,1.0,1.0,0.0,0.0,0.0,0,2.2,0.5599999999999999,2.625,3.0,1.234375,2.142857142857143,2.0,1.2653061224489797,4.0,0.4,1.0,0,0,1,0,1,0
3380,1,1,0.509393451422437,1,0.0,15.0,0.0,0,1,1.0,1.0,0.0,0.0,1.0,0,3.2,0.5599999999999999,2.125,2.0,0.359375,3.5714285714285716,4.0,0.2448979591836734,4.2,0.5599999999999999,4.0,1,0,0,1,0,0
1874,1,0,0.2979397781299525,1,1.0,15.0,0.0,2,2,1.0,1.0,0.0,0.0,0.0,0,3.6,0.24,2.25,2.0,0.4375,4.0,4.0,0.0,3.6,2.24,3.0,1,0,0,1,0,0
3232,0,1,0.7824773413897281,1,0.0,14.0,1.0,3,0,1.0,1.0,0.0,0.0,1.0,0,1.8,0.56,2.125,2.0,1.359375,3.5714285714285716,4.0,0.5306122448979592,4.4,0.6399999999999999,1.0,0,1,0,1,0,0
1968,1,1,0.509393451422437,1,1.0,14.0,0.0,0,1,1.0,1.0,0.0,0.0,1.0,0,2.2,0.5599999999999999,2.875,3.0,0.609375,2.7142857142857144,3.0,0.489795918367347,4.4,0.24,5.0,1,0,0,1,0,0
3452,0,1,0.509393451422437,1,0.0,15.0,0.0,0,1,1.0,1.0,0.0,0.0,1.0,0,3.8,0.1599999999999999,2.625,2.5,0.984375,4.0,4.0,0.0,3.6,1.04,1.0,1,0,0,1,0,0
2245,1,1,0.509393451422437,1,0.0,16.0,0.0,2,2,1.0,1.0,0.0,0.0,1.0,0,3.2,0.5599999999999999,2.75,3.0,0.9375,3.4285714285714284,4.0,0.816326530612245,3.6,0.24,1.0,1,0,0,1,0,0
507,0,0,0.2979397781299525,1,0.0,16.0,0.0,3,2,0.0,0.0,0.0,0.0,1.0,1,2.4,0.24,2.5,3.0,0.5,2.5714285714285716,3.0,0.5306122448979592,4.4,0.24,5.0,1,0,0,1,0,0
759,1,1,0.509393451422437,1,0.0,17.0,1.0,4,3,1.0,1.0,0.0,0.0,1.0,0,3.4,0.24,2.125,1.5,1.609375,4.0,4.0,0.0,4.2,0.5599999999999999,4.0,1,0,0,1,0,0
2632,1,0,0.2979397781299525,1,1.0,16.0,0.0,0,1,1.0,1.0,0.0,0.0,1.0,0,3.4,0.24,2.125,2.0,0.609375,3.2857142857142856,4.0,0.7755102040816327,4.6,0.24,1.0,0,1,0,1,0,0
620,0,1,0.509393451422437,1,0.0,16.0,0.0,3,3,1.0,0.0,0.0,0.0,0.0,0,2.2,0.5599999999999999,2.125,2.0,0.859375,2.7142857142857144,3.0,1.6326530612244896,4.0,0.4,5.0,1,0,0,1,0,0
1760,0,0,0.2979397781299525,1,0.0,14.0,0.0,0,1,1.0,1.0,0.0,0.0,1.0,0,3.6,0.24,2.25,1.5,1.9375,3.857142857142857,4.0,0.1224489795918367,5.0,0.0,1.0,1,0,0,1,0,0
275,0,1,0.509393451422437,1,0.0,16.0,1.0,3,4,1.0,0.0,0.0,0.0,0.0,0,3.4,0.64,2.75,2.0,0.9375,4.0,4.0,0.0,2.0,1.6,2.0,0,1,0,0,1,0
3108,1,1,0.509393451422437,1,1.0,16.0,0.0,0,1,1.0,0.0,0.0,0.0,1.0,0,3.4,0.24,2.625,2.5,0.484375,3.7142857142857144,4.0,0.2040816326530612,5.0,0.0,4.0,1,0,0,1,0,0
3373,1,1,0.509393451422437,1,0.0,16.0,1.0,4,3,0.0,0.0,0.0,0.0,0.0,1,2.8,0.1599999999999999,2.125,2.0,0.109375,3.0,3.0,0.0,4.2,0.1599999999999999,5.0,0,0,1,0,1,0
1664,1,1,0.509393451422437,1,0.0,16.0,0.0,0,1,1.0,1.0,0.0,0.0,0.0,0,3.4,0.24,1.75,2.0,0.4375,3.7142857142857144,4.0,0.489795918367347,3.0,0.4,3.0,1,0,0,1,0,0
3721,0,1,0.509393451422437,1,0.0,15.0,0.0,2,0,1.0,1.0,0.0,0.0,1.0,0,3.6,0.24,2.375,2.5,0.484375,3.857142857142857,4.0,0.1224489795918367,4.0,2.4,1.0,0,1,0,1,0,0
1948,1,1,0.509393451422437,1,0.0,15.0,0.0,2,0,1.0,1.0,0.0,0.0,0.0,0,2.6,0.24,3.125,3.0,0.359375,2.2857142857142856,2.0,0.2040816326530612,3.2,0.96,2.0,0,1,0,1,0,0
1787,0,1,0.509393451422437,1,0.0,15.0,0.0,0,1,1.0,1.0,0.0,0.0,1.0,0,2.4,0.64,2.375,2.0,1.234375,3.857142857142857,4.0,0.1224489795918367,4.0,1.6,1.0,1,0,0,1,0,0
2415,0,0,0.2979397781299525,1,1.0,14.0,1.0,3,4,1.0,1.0,0.0,0.0,0.0,0,2.4,1.04,2.5,2.5,2.25,2.2857142857142856,2.0,1.0612244897959184,2.2,0.5599999999999999,4.0,1,0,0,1,0,0
381,1,1,0.7824773413897281,1,1.0,16.0,0.0,2,0,1.0,0.0,1.0,0.0,1.0,0,3.2,0.96,1.75,1.5,0.6875,2.2857142857142856,2.0,0.7755102040816327,4.0,0.4,1.0,0,1,0,1,0,0
3242,0,0,0.2979397781299525,1,0.0,15.0,0.0,4,4,1.0,1.0,0.0,0.0,0.0,0,2.4,1.04,1.625,1.5,0.484375,3.0,3.0,0.2857142857142857,3.8,0.5599999999999999,2.0,0,1,0,1,0,0
2242,0,1,0.7824773413897281,1,0.0,15.0,1.0,3,3,1.0,1.0,0.0,0.0,0.0,0,4.0,0.0,1.875,2.0,0.609375,2.4285714285714284,2.0,0.8163265306122449,4.2,0.1599999999999999,1.0,0,1,0,1,0,0
634,1,1,0.509393451422437,1,0.0,17.0,0.0,2,4,1.0,1.0,0.0,0.0,1.0,0,2.8,0.1599999999999999,2.25,2.0,0.4375,3.7142857142857144,4.0,0.2040816326530612,3.8,0.96,1.0,0,1,0,1,0,0
1208,1,1,0.509393451422437,1,0.0,15.0,0.0,2,0,1.0,1.0,0.0,0.0,1.0,0,3.0,1.2,2.625,3.0,0.234375,3.857142857142857,4.0,0.1224489795918367,4.4,0.24,2.0,1,0,0,1,0,0
2849,1,1,0.7824773413897281,1,0.0,14.0,0.0,2,2,1.0,0.0,0.0,0.0,0.0,0,3.0,0.8,2.75,3.0,0.9375,3.3278301042151632,4.0,1.04780076080341,4.2,0.5599999999999999,5.0,1,0,0,1,0,0
3491,0,0,0.2979397781299525,1,0.0,17.0,0.0,3,0,1.0,1.0,0.0,0.0,1.0,0,1.8,0.56,2.375,2.0,1.734375,2.142857142857143,2.0,0.4081632653061224,4.2,1.36,1.0,0,1,0,1,0,0
2161,1,1,0.509393451422437,1,0.0,16.0,1.0,0,1,0.0,0.0,0.0,1.0,0.0,0,3.7520482533299826,0.2459202747068503,2.25,2.0,0.4375,3.142857142857143,4.0,1.836734693877551,3.4,2.24,4.0,1,0,0,0,1,0
2395,1,1,0.509393451422437,1,0.0,14.0,0.0,0,1,0.0,0.0,1.0,0.0,0.0,0,3.0,0.0,2.625,2.5,0.484375,2.9400207194655805,3.0,0.7587693806345779,3.6,0.24,1.0,1,0,0,1,0,0
3121,0,1,0.7824773413897281,1,0.0,15.0,0.0,2,0,1.0,1.0,0.0,0.0,1.0,0,3.4,0.24,2.625,3.0,0.734375,2.857142857142857,3.0,0.6938775510204082,3.8,0.5599999999999999,3.0,1,0,0,1,0,0
1380,1,1,0.7824773413897281,1,1.0,14.0,1.0,2,0,1.0,1.0,0.0,0.0,1.0,0,1.0,0.0,1.875,2.0,0.859375,3.142857142857143,3.0,0.6938775510204082,4.6,0.24,4.0,0,0,1,0,1,0
2010,0,1,0.509393451422437,1,0.0,14.0,0.0,0,1,1.0,1.0,0.0,0.0,0.0,1,2.4,0.64,2.125,2.0,0.609375,3.857142857142857,4.0,0.1224489795918367,3.4,1.84,2.0,0,1,0,1,0,0
1673,0,0,0.2979397781299525,1,0.0,17.0,0.0,0,1,1.0,1.0,0.0,1.0,0.0,0,3.8,0.1599999999999999,1.875,2.0,0.359375,3.4285714285714284,3.0,0.2448979591836734,2.6,1.04,5.0,1,0,0,1,0,0
2542,0,0,0.2979397781299525,1,0.0,16.0,0.0,4,4,1.0,0.0,0.0,0.0,1.0,0,3.4,0.24,2.125,2.0,1.359375,3.857142857142857,4.0,0.1224489795918367,4.4,0.6399999999999999,5.0,1,0,0,1,0,0
1260,0,1,0.509393451422437,1,0.0,15.0,0.0,3,0,1.0,1.0,0.0,0.0,1.0,0,2.0,0.0,2.375,2.0,0.234375,2.7142857142857144,3.0,0.489795918367347,4.8,0.1599999999999999,1.0,0,1,0,1,0,0
2437,0,0,0.2979397781299525,1,0.0,15.0,0.0,0,1,1.0,1.0,0.0,0.0,1.0,0,2.4,0.64,2.375,2.5,1.484375,3.4285714285714284,4.0,0.5306122448979592,4.4,0.24,1.0,0,1,0,1,0,0
3632,0,1,0.509393451422437,1,0.0,16.0,0.0,3,3,1.0,1.0,0.0,0.0,0.0,0,3.2,0.1599999999999999,2.875,3.0,0.609375,2.4285714285714284,3.0,1.1020408163265307,4.4,0.24,2.0,1,0,0,1,0,0
41,1,1,0.7824773413897281,1,0.0,17.0,0.0,2,2,1.0,1.0,0.0,0.0,1.0,0,2.4,0.24,2.5,2.5,0.75,3.4285714285714284,4.0,0.816326530612245,4.2,0.5599999999999999,5.0,1,0,0,1,0,0
2197,0,0,0.2979397781299525,1,1.0,16.0,0.0,0,1,1.0,1.0,0.0,0.0,0.0,0,3.0,0.0,2.625,2.5,0.484375,3.0,3.0,0.0,2.8,0.5599999999999999,2.0,1,0,0,1,0,0
53,1,1,0.509393451422437,1,0.0,14.0,0.0,0,1,1.0,1.0,0.0,0.0,0.0,0,3.0,0.4,2.625,2.0,1.234375,3.5714285714285716,4.0,0.2448979591836734,4.4,0.24,1.0,0,1,0,1,0,0
2231,0,1,0.509393451422437,1,0.0,15.0,0.0,2,0,1.0,1.0,0.0,0.0,1.0,1,2.2,0.1599999999999999,2.875,3.0,1.109375,3.7142857142857144,4.0,0.489795918367347,1.4,0.24,1.0,0,1,0,1,0,0
1983,1,0,0.2979397781299525,1,0.0,15.0,0.0,0,1,1.0,0.0,0.0,0.0,1.0,0,3.2,0.5599999999999999,1.75,1.5,0.6875,3.5714285714285716,4.0,0.2448979591836734,4.0,0.4,4.0,1,0,0,1,0,0
1193,1,0,0.2979397781299525,1,0.0,15.0,0.0,0,1,1.0,1.0,0.0,0.0,1.0,0,3.0,0.4,2.625,3.0,0.734375,2.0,2.0,0.2857142857142857,4.6,0.24,1.0,0,1,0,1,0,0
864,1,1,0.509393451422437,2,1.0,16.0,0.0,2,2,1.0,1.0,0.0,0.0,1.0,0,3.4,0.24,2.125,2.0,0.609375,2.2857142857142856,2.0,1.6326530612244898,4.2,0.1599999999999999,2.0,0,1,0,1,0,0
2392,0,1,0.509393451422437,1,0.0,14.0,1.0,2,2,1.0,1.0,0.0,0.0,0.0,0,2.0,0.4,2.375,2.5,0.984375,3.4285714285714284,4.0,0.816326530612245,3.8,0.1599999999999999,1.0,0,1,0,1,0,0
1961,1,1,0.509393451422437,1,0.0,14.0,1.0,0,1,1.0,0.0,0.0,0.0,1.0,0,2.0,0.8,2.5,2.5,1.25,2.2857142857142856,2.0,1.0612244897959184,3.0,2.0,3.0,1,0,0,1,0,0
1906,1,1,0.509393451422437,1,0.0,15.0,0.0,3,3,1.0,1.0,0.0,0.0,0.0,0,3.0,0.4,2.125,2.0,1.109375,3.857142857142857,4.0,0.1224489795918367,3.4,0.64,4.0,1,0,0,1,0,0
21,1,1,0.509393451422437,1,0.0,17.0,0.0,0,1,1.0,1.0,0.0,0.0,1.0,0,3.0,0.4,2.25,2.0,0.4375,3.5714285714285716,4.0,0.2448979591836734,4.6,0.24,1.0,1,0,0,1,0,0
3474,0,1,0.509393451422437,1,0.0,17.0,0.0,0,1,1.0,1.0,0.0,0.0,0.0,0,3.6,0.24,2.375,2.0,1.984375,3.2857142857142856,3.0,0.2040816326530612,4.6,0.6399999999999999,1.0,0,1,0,1,0,0
279,1,1,0.509393451422437,1,0.0,16.0,0.0,4,2,1.0,1.0,0.0,0.0,1.0,0,2.6,0.24,2.5,2.5,1.25,2.857142857142857,3.0,0.4081632653061224,5.0,0.0,1.0,0,1,0,1,0,0
3120,0,1,0.509393451422437,1,1.0,15.0,0.0,2,0,0.0,1.0,0.0,0.0,1.0,0,2.8,1.36,2.625,2.5,1.484375,1.0,1.0,0.0,2.2,2.56,1.0,0,0,1,0,1,0
1430,1,1,0.509393451422437,1,0.0,14.0,1.0,0,1,1.0,1.0,0.0,0.0,1.0,0,1.6,0.64,2.375,2.0,1.984375,3.2857142857142856,4.0,0.7755102040816327,3.6,3.04,3.0,0,0,1,0,1,0
1929,1,1,0.7824773413897281,1,0.0,15.0,0.0,2,0,1.0,1.0,0.0,0.0,0.0,0,3.4,0.64,2.0,2.0,0.5,3.5714285714285716,4.0,0.5306122448979592,4.4,0.24,1.0,0,1,0,1,0,0
3250,1,1,0.7824773413897281,1,0.0,15.0,0.0,4,4,1.0,0.0,0.0,0.0,0.0,0,3.8,0.1599999999999999,2.625,2.5,0.484375,3.857142857142857,4.0,0.1224489795918367,4.6,0.24,1.0,0,1,0,1,0,0
2902,0,1,0.509393451422437,1,0.0,14.0,0.0,0,1,1.0,1.0,0.0,0.0,0.0,0,3.2,0.1599999999999999,2.25,2.0,0.9375,3.5714285714285716,4.0,0.2448979591836734,3.2,0.5599999999999999,1.0,1,0,0,1,0,0
219,1,1,0.509393451422437,1,0.0,14.0,0.0,3,2,1.0,1.0,0.0,0.0,0.0,0,3.4,0.24,2.75,3.0,0.9375,4.0,4.0,0.0,4.657200100175307,0.1844472856298924,1.0,0,1,0,1,0,0
2490,1,1,0.509393451422437,2,1.0,16.0,0.0,2,2,1.0,1.0,0.0,0.0,1.0,0,1.8,1.36,2.375,2.0,1.984375,3.0,3.0,0.8571428571428571,1.8,2.5600000000000005,1.0,0,1,0,0,1,0
2194,0,0,0.2979397781299525,1,0.0,15.0,0.0,0,1,1.0,1.0,0.0,0.0,1.0,0,3.0,0.4,3.0,3.0,0.5,3.4285714285714284,3.0,0.2448979591836734,4.0,0.4,4.0,1,0,0,1,0,0
1896,1,1,0.509393451422437,1,1.0,15.0,0.0,0,1,0.0,0.0,0.0,0.0,0.0,1,3.6,0.24,2.125,2.0,0.859375,3.142857142857143,4.0,0.979591836734694,5.0,0.0,1.0,0,1,0,1,0,0
1522,0,1,0.509393451422437,1,0.0,15.0,0.0,0,1,1.0,1.0,0.0,0.0,1.0,0,3.2,0.5599999999999999,2.375,2.5,0.484375,3.857142857142857,4.0,0.1224489795918367,3.0,2.8,5.0,1,0,0,1,0,0
948,0,0,0.2979397781299525,1,0.0,14.0,0.0,2,2,1.0,1.0,0.0,0.0,1.0,0,2.4,0.64,3.125,3.0,0.859375,2.4285714285714284,2.0,0.816326530612245,4.2,0.1599999999999999,5.0,1,0,0,1,0,0
486,0,0,0.2979397781299525,1,1.0,16.0,0.0,2,2,1.0,1.0,0.0,0.0,0.0,0,3.4,0.24,2.375,2.0,0.734375,2.142857142857143,2.0,0.4081632653061224,3.0,2.0,4.0,1,0,0,1,0,0
2753,1,0,0.2979397781299525,1,0.0,16.0,0.0,0,1,1.0,1.0,0.0,0.0,0.0,0,2.8,1.36,2.75,3.0,0.9375,3.5714285714285716,4.0,1.1020408163265307,4.0,0.8,1.0,1,0,0,1,0,0
1837,1,1,0.509393451422437,1,0.0,17.0,0.0,0,1,0.0,1.0,0.0,0.0,0.0,0,3.0,0.4,2.5,3.0,1.0,3.4285714285714284,3.0,0.2448979591836734,4.2,0.5599999999999999,1.0,1,0,0,1,0,0
2967,0,1,0.509393451422437,1,0.0,15.0,0.0,0,1,1.0,1.0,0.0,0.0,1.0,0,1.6,1.4400000000000002,2.75,3.0,0.9375,3.857142857142857,4.0,0.1224489795918367,4.0,0.4,4.0,1,0,0,1,0,0
1550,1,0,0.2979397781299525,1,1.0,16.0,1.0,2,4,1.0,1.0,0.0,0.0,1.0,0,2.2,0.5599999999999999,2.875,3.0,1.109375,2.7142857142857144,3.0,1.0612244897959184,2.6,1.44,4.0,1,0,0,1,0,0
3225,0,1,0.509393451422437,1,0.0,14.0,0.0,4,0,1.0,1.0,0.0,0.0,1.0,0,4.0,0.0,1.625,1.0,0.984375,3.2857142857142856,3.0,0.489795918367347,4.4,0.6399999999999999,1.0,0,1,0,1,0,0
2625,1,0,0.2979397781299525,1,0.0,15.0,0.0,0,1,1.0,1.0,0.0,0.0,1.0,0,4.0,0.0,2.625,3.0,1.234375,3.4285714285714284,4.0,1.1020408163265307,3.8,0.5599999999999999,3.0,1,0,0,1,0,0
3476,0,1,0.509393451422437,1,0.0,17.0,0.0,2,0,1.0,1.0,0.0,0.0,1.0,0,3.6,0.24,2.25,2.5,0.6875,3.5714285714285716,4.0,0.5306122448979592,4.4,0.24,3.0,1,0,0,1,0,0
1942,0,1,0.7824773413897281,1,0.0,15.0,0.0,0,1,1.0,1.0,0.0,0.0,1.0,0,3.2,0.5599999999999999,2.25,2.5,1.1875,3.5714285714285716,4.0,0.5306122448979592,4.8,0.1599999999999999,1.0,0,1,0,1,0,0
1146,0,1,0.509393451422437,1,0.0,14.0,1.0,2,0,1.0,1.0,0.0,0.0,1.0,0,3.2,0.5599999999999999,1.875,2.0,0.359375,3.142857142857143,4.0,1.8367346938775508,3.0,1.2,5.0,1,0,0,1,0,0
2870,1,1,0.509393451422437,1,0.0,16.0,0.0,0,1,1.0,1.0,0.0,0.0,0.0,0,3.8,0.1599999999999999,2.375,3.0,0.734375,3.5714285714285716,4.0,0.2448979591836734,4.0,0.4,2.0,1,0,0,1,0,0
3466,1,1,0.509393451422437,1,0.0,16.0,0.0,4,4,1.0,1.0,0.0,0.0,1.0,0,3.4,0.24,2.0,2.0,0.25,3.5714285714285716,4.0,0.5306122448979592,2.8,2.56,5.0,1,0,0,1,0,0
3656,1,1,0.509393451422437,1,0.0,15.0,0.0,2,2,0.0,1.0,0.0,1.0,0.0,0,3.0,0.4,2.5,2.5,0.25,3.142857142857143,3.0,0.4081632653061224,4.4,0.24,2.0,0,1,0,1,0,0
1241,0,0,0.2979397781299525,1,0.0,15.0,0.0,0,1,1.0,1.0,0.0,0.0,1.0,0,3.6,0.24,2.0,2.0,0.25,3.857142857142857,4.0,0.1224489795918367,5.0,0.0,1.0,0,1,0,0,1,0
1663,0,0,0.2979397781299525,1,0.0,16.0,0.0,2,0,1.0,1.0,0.0,0.0,0.0,0,3.0,0.0,2.25,2.0,0.1875,2.4285714285714284,3.0,0.5306122448979592,4.0,0.0,2.0,0,1,0,0,1,0
1333,0,1,0.509393451422437,1,0.0,14.0,0.0,0,1,1.0,1.0,0.0,0.0,1.0,0,2.6,0.64,2.875,3.0,0.859375,3.5714285714285716,4.0,0.5306122448979592,4.2,0.5599999999999999,2.0,0,1,0,1,0,0
1546,1,1,0.509393451422437,1,1.0,15.0,1.0,2,2,0.0,0.0,0.0,0.0,0.0,1,2.6,1.84,3.5,4.0,0.5,1.8571428571428572,2.0,0.4081632653061224,2.0,2.4,3.0,1,0,0,1,0,0
3409,1,1,0.7824773413897281,1,0.0,15.0,0.0,3,2,1.0,1.0,0.0,0.0,1.0,0,3.2,0.5599999999999999,2.0,2.0,1.0,3.0,3.0,0.8571428571428571,4.6,0.24,1.0,0,1,0,1,0,0
85,1,1,0.7824773413897281,1,0.0,15.0,0.0,2,0,1.0,1.0,0.0,0.0,1.0,1,2.8,0.5599999999999999,1.875,2.0,0.609375,2.2857142857142856,2.0,0.2040816326530612,4.4,0.24,1.0,0,1,0,0,0,1
2295,0,1,0.509393451422437,1,1.0,16.0,0.0,0,1,1.0,0.0,0.0,0.0,0.0,0,2.6,0.24,3.125,3.0,0.359375,2.4285714285714284,2.0,0.2448979591836734,3.8,0.1599999999999999,1.0,0,0,1,0,0,1
321,0,1,0.509393451422437,1,0.0,17.0,0.0,3,0,1.0,0.0,0.0,0.0,1.0,0,3.0,0.4,3.125,3.0,0.609375,3.2857142857142856,3.0,0.489795918367347,2.8,0.96,5.0,1,0,0,1,0,0
2570,0,1,0.509393451422437,1,0.0,14.0,0.0,2,2,1.0,1.0,0.0,0.0,1.0,0,2.8,0.96,2.375,2.0,1.234375,3.0,4.0,1.7142857142857142,1.8,2.5600000000000005,5.0,1,0,0,1,0,0
1064,0,1,0.509393451422437,1,0.0,15.0,1.0,3,3,1.0,1.0,0.0,0.0,0.0,0,3.0,0.4,2.25,2.0,0.4375,1.8571428571428572,1.0,1.2653061224489797,3.4,1.4400000000000002,5.0,1,0,0,1,0,0
3702,0,0,0.2979397781299525,1,0.0,16.0,0.0,2,2,1.0,0.0,0.0,0.0,1.0,0,3.2,0.5599999999999999,2.625,2.5,1.484375,2.5714285714285716,2.0,1.1020408163265307,4.6,0.6399999999999999,1.0,0,1,0,1,0,0
2478,0,1,0.509393451422437,2,1.0,17.0,0.0,2,0,1.0,1.0,0.0,0.0,1.0,0,3.0,0.0,2.5,2.5,0.75,3.4285714285714284,3.0,0.2448979591836734,2.0,1.6,5.0,1,0,0,1,0,0
320,0,1,0.509393451422437,2,1.0,17.0,0.0,0,1,1.0,1.0,0.0,0.0,1.0,0,3.2,0.1599999999999999,2.375,3.0,0.734375,3.7142857142857144,4.0,0.489795918367347,3.4,0.24,5.0,1,0,0,1,0,0
2855,0,1,0.509393451422437,1,1.0,15.0,0.0,2,2,1.0,0.0,0.0,0.0,1.0,0,2.8,0.1599999999999999,2.75,3.0,0.9375,2.4285714285714284,2.0,1.9591836734693877,4.0,0.0,3.0,1,0,0,1,0,0
3236,0,0,0.2979397781299525,1,0.0,14.0,0.0,0,1,0.0,0.0,0.0,0.0,0.0,1,2.6,0.24,2.5,2.5,0.75,3.7142857142857144,4.0,0.2040816326530612,3.2,0.1599999999999999,2.0,1,0,0,1,0,0
1259,1,0,0.2979397781299525,1,0.0,15.0,0.0,2,2,1.0,1.0,0.0,0.0,0.0,0,1.4,0.24,2.0,2.0,0.5,3.2857142857142856,3.0,0.489795918367347,4.0,0.4,1.0,0,1,0,1,0,0
3188,1,0,0.2979397781299525,1,0.0,16.0,0.0,3,3,1.0,1.0,0.0,0.0,1.0,0,1.8,0.16,2.875,3.0,1.109375,2.142857142857143,2.0,0.4081632653061224,4.4,1.44,3.0,0,1,0,1,0,0
228,1,1,0.509393451422437,1,0.0,15.0,1.0,3,4,0.0,0.0,0.0,1.0,0.0,0,2.6,1.0400000000000005,2.75,2.5,1.1875,3.5004116404767873,4.0,0.5000010166872927,2.2,2.16,3.0,1,0,0,1,0,0
2801,0,1,0.509393451422437,1,0.0,17.0,0.0,3,2,1.0,1.0,0.0,0.0,0.0,0,3.2,0.1599999999999999,3.0,3.0,0.5,3.5714285714285716,4.0,0.5306122448979592,4.4,0.24,2.0,0,1,0,1,0,0
2418,1,1,0.509393451422437,1,1.0,15.0,1.0,4,5,1.0,1.0,0.0,0.0,1.0,0,2.4,0.24,2.5939612015018776,2.8758448060075095,0.2178397502118574,2.2857142857142856,2.0,0.2040816326530612,4.0,0.4,5.0,1,0,0,1,0,0
3695,0,1,0.509393451422437,1,0.0,17.0,0.0,2,0,1.0,1.0,0.0,0.0,1.0,0,3.4,0.24,2.375,2.0,1.234375,3.142857142857143,3.0,0.4081632653061224,4.0,0.4,3.0,1,0,0,1,0,0
1556,0,1,0.509393451422437,1,0.0,14.0,0.0,2,4,1.0,0.0,0.0,0.0,1.0,0,2.724855423986388,0.9463613335251854,2.4751628664495113,2.5,0.7791553159715223,1.8571428571428572,2.0,0.6938775510204082,3.2,0.5599999999999999,5.0,1,0,0,1,0,0
3185,0,0,0.2979397781299525,1,0.0,16.0,1.0,2,0,1.0,1.0,0.0,0.0,0.0,0,3.0,0.0,2.375,2.0,0.234375,3.0,4.0,1.7142857142857142,3.0,0.4,4.0,1,0,0,1,0,0
982,0,0,0.2979397781299525,2,1.0,14.0,0.0,0,1,1.0,0.0,0.0,0.0,0.0,1,2.8,0.1599999999999999,2.125,2.0,1.109375,3.7142857142857144,4.0,0.2040816326530612,4.6,0.6399999999999999,1.0,0,1,0,0,0,1
529,1,0,0.2979397781299525,1,0.0,14.0,0.0,0,1,1.0,1.0,0.0,0.0,1.0,0,3.6,0.24,2.875,3.0,0.609375,3.7142857142857144,4.0,0.2040816326530612,3.2,0.1599999999999999,1.0,0,1,0,0,1,0
2419,0,1,0.509393451422437,1,0.0,14.0,0.0,0,1,0.0,1.0,0.0,0.0,1.0,0,3.2,0.1599999999999999,2.0,2.0,0.75,3.4285714285714284,3.0,0.2448979591836734,4.0,1.2,3.0,1,0,0,1,0,0
2717,0,0,0.2979397781299525,1,0.0,17.0,0.0,3,3,1.0,1.0,0.0,0.0,0.0,0,2.8,0.5599999999999999,1.875,2.0,0.359375,3.7142857142857144,4.0,0.2040816326530612,4.2,0.5599999999999999,4.0,1,0,0,1,0,0
1097,1,1,0.7824773413897281,1,0.0,15.0,0.0,0,1,1.0,1.0,0.0,0.0,1.0,0,3.6,0.24,2.0,1.5,1.25,4.0,4.0,0.0,4.6,0.6399999999999999,1.0,0,1,0,1,0,0
1511,0,1,0.509393451422437,2,1.0,14.0,0.0,0,1,1.0,0.0,0.0,0.0,0.0,0,3.6,0.24,2.125,2.0,1.359375,3.857142857142857,4.0,0.1224489795918367,4.8,0.1599999999999999,4.0,1,0,0,0,0,1
2851,1,1,0.509393451422437,1,0.0,15.0,0.0,0,1,1.0,1.0,0.0,0.0,0.0,0,1.8,0.16,2.625,2.5,1.484375,3.2857142857142856,4.0,1.0612244897959184,4.4,0.64,1.0,0,1,0,1,0,0
2602,0,1,0.509393451422437,1,0.0,15.0,0.0,2,2,1.0,1.0,0.0,0.0,0.0,0,3.2,0.5599999999999999,2.5,2.5,0.75,2.2857142857142856,2.0,0.489795918367347,4.0,0.0,1.0,0,1,0,1,0,0
3131,1,1,0.509393451422437,1,0.0,14.0,1.0,2,0,1.0,0.0,0.0,0.0,0.0,0,2.2,0.5599999999999999,2.5,2.5,0.75,3.7142857142857144,4.0,0.2040816326530612,4.6,0.24,2.0,0,1,0,1,0,0
1137,1,1,0.509393451422437,1,0.0,17.0,0.0,3,3,1.0,1.0,0.0,0.0,1.0,0,3.4,0.24,2.75,3.0,0.9375,3.857142857142857,4.0,0.1224489795918367,4.6,0.6399999999999999,4.0,1,0,0,1,0,0
181,1,1,0.509393451422437,1,0.0,15.0,0.0,3,2,1.0,1.0,0.0,0.0,0.0,0,2.8,0.96,2.0,1.5,1.25,4.0,4.0,0.0,4.8,0.1599999999999999,1.0,0,1,0,1,0,0
2052,1,1,0.509393451422437,1,0.0,14.0,0.0,2,2,1.0,1.0,0.0,0.0,0.0,0,2.2,0.96,2.125,2.0,0.359375,3.7142857142857144,4.0,0.2040816326530612,4.4,1.44,1.0,0,1,0,1,0,0
1902,0,1,0.509393451422437,1,0.0,17.0,1.0,2,2,1.0,0.0,0.0,0.0,0.0,0,3.0,0.4,2.0,2.0,0.25,2.5714285714285716,2.0,1.673469387755102,3.8,0.5599999999999999,4.0,1,0,0,1,0,0
2030,1,1,0.509393451422437,1,0.0,15.0,0.0,2,2,1.0,0.0,0.0,0.0,0.0,0,3.4,0.64,2.375,2.0,0.734375,3.7142857142857144,4.0,0.2040816326530612,3.4,1.84,5.0,1,0,0,1,0,0
3226,0,1,0.509393451422437,1,0.0,14.0,0.0,3,3,1.0,1.0,0.0,0.0,1.0,0,3.8,0.1599999999999999,2.0,1.5,1.25,3.2857142857142856,3.0,0.489795918367347,3.4,2.24,1.0,0,1,0,1,0,0
3644,1,1,0.7824773413897281,1,0.0,15.0,0.0,2,0,1.0,1.0,0.0,0.0,0.0,0,2.4,0.24,2.625,3.0,0.734375,3.7142857142857144,4.0,0.2040816326530612,3.8,0.1599999999999999,1.0,0,1,0,0,1,0
128,1,1,0.509393451422437,1,1.0,14.0,0.0,0,1,0.0,1.0,0.0,0.0,0.0,0,4.0,0.0,1.375,1.0,0.484375,4.0,4.0,0.0,2.2,2.56,5.0,1,0,0,1,0,0
1082,1,1,0.509393451422437,1,0.0,17.0,0.0,3,3,1.0,1.0,0.0,0.0,0.0,0,3.0,1.2,1.875,2.0,0.609375,2.4285714285714284,2.0,1.9591836734693877,3.0,1.6,2.0,1,0,0,1,0,0
1387,0,1,0.509393451422437,2,1.0,15.0,0.0,4,4,1.0,1.0,0.0,0.0,1.0,1,3.2,0.5599999999999999,2.875,3.0,1.359375,3.4285714285714284,4.0,0.5306122448979592,3.8,0.5599999999999999,1.0,0,1,0,1,0,0
2728,0,1,0.509393451422437,1,0.0,17.0,0.0,4,2,1.0,1.0,0.0,0.0,1.0,0,2.8,0.1599999999999999,2.75,3.0,0.6875,2.0,2.0,0.8571428571428571,4.8,0.1599999999999999,1.0,0,1,0,1,0,0
2255,1,1,0.509393451422437,1,0.0,15.0,0.0,2,0,1.0,1.0,0.0,0.0,0.0,0,2.2,2.16,2.5,2.5,1.25,3.4285714285714284,3.0,0.2448979591836734,3.6,0.24,2.0,1,0,0,1,0,0
2269,0,1,0.509393451422437,1,0.0,14.0,0.0,0,1,1.0,1.0,0.0,0.0,1.0,0,2.6,1.04,2.75,2.5,0.6875,3.7142857142857144,4.0,0.489795918367347,4.6,0.24,4.0,1,0,0,1,0,0
1267,1,1,0.509393451422437,1,0.0,15.0,1.0,2,0,1.0,1.0,0.0,0.0,1.0,0,1.4,0.24,3.0,3.0,0.75,2.5714285714285716,2.0,0.5306122448979593,4.4,0.64,5.0,0,0,1,0,1,0
3116,0,0,0.2979397781299525,1,1.0,15.0,0.0,0,1,1.0,0.0,0.0,0.0,1.0,0,3.4,0.24,2.75,3.0,0.6875,4.0,4.0,0.0,4.8,0.1599999999999999,1.0,0,1,0,1,0,0
851,1,1,0.7824773413897281,1,0.0,17.0,0.0,2,0,1.0,1.0,0.0,0.0,1.0,0,2.1520482533299825,0.092474685362794,2.25,2.0,0.4375,4.0,4.0,0.0,4.0,0.8,5.0,0,1,0,0,1,0
2572,1,1,0.509393451422437,1,0.0,14.0,0.0,0,1,1.0,1.0,0.0,0.0,1.0,0,3.2,0.1599999999999999,2.25,2.0,0.4375,3.4285714285714284,4.0,0.5306122448979593,4.6,0.6399999999999999,1.0,0,1,0,1,0,0
285,0,1,0.509393451422437,1,1.0,17.0,1.0,2,2,1.0,1.0,0.0,0.0,1.0,0,2.8,0.5599999999999999,2.5,3.0,1.0,3.5714285714285716,4.0,0.5306122448979592,4.6,0.24,4.0,0,1,0,1,0,0
3724,0,1,0.7824773413897281,2,1.0,15.0,0.0,0,1,0.0,1.0,0.0,0.0,1.0,0,3.4,0.24,2.375,2.5,1.484375,4.0,4.0,0.0,4.0,0.4,1.0,0,1,0,1,0,0
3268,1,1,0.509393451422437,1,0.0,17.0,0.0,0,1,1.0,1.0,0.0,0.0,1.0,0,1.8,0.56,1.875,2.0,0.359375,3.857142857142857,4.0,0.1224489795918367,4.2,2.56,1.0,0,1,0,0,0,1
1329,1,1,0.509393451422437,1,1.0,15.0,0.0,0,1,1.0,0.0,0.0,0.0,0.0,0,4.0,0.0,2.0,2.0,1.0,3.5714285714285716,4.0,1.1020408163265307,5.0,0.0,4.0,1,0,0,1,0,0
684,0,1,0.509393451422437,1,0.0,17.0,1.0,3,3,1.0,1.0,0.0,0.0,1.0,0,3.6,0.24,2.5,2.5,0.25,3.2857142857142856,3.0,0.489795918367347,3.4,0.64,2.0,1,0,0,1,0,0
1997,1,0,0.2979397781299525,1,0.0,15.0,0.0,0,1,1.0,1.0,0.0,0.0,1.0,0,3.2,0.5599999999999999,2.75,3.5,1.9375,3.857142857142857,4.0,0.1224489795918367,4.2,0.5599999999999999,1.0,0,1,0,1,0,0
247,1,1,0.509393451422437,1,0.0,16.0,0.0,2,2,1.0,1.0,0.0,0.0,1.0,0,3.0,0.0,2.5,2.5,0.25,3.142857142857143,3.0,0.4081632653061224,4.0,0.8,2.0,0,1,0,1,0,0
393,0,0,0.2979397781299525,1,0.0,15.0,0.0,0,1,1.0,1.0,0.0,0.0,0.0,0,2.3342335583895975,0.9783811694358948,2.25,2.5,1.1875,2.2857142857142856,1.0,2.2040816326530615,4.6,0.6399999999999999,1.0,1,0,0,1,0,0
1310,1,1,0.7824773413897281,1,0.0,15.0,0.0,0,1,1.0,1.0,0.0,0.0,1.0,0,3.2,0.1599999999999999,2.0,1.5,1.5,3.64326878333393,4.0,0.4794752418571905,5.0,0.0,1.0,1,0,0,1,0,0
2444,1,1,0.509393451422437,1,1.0,15.0,0.0,2,0,1.0,1.0,0.0,0.0,0.0,0,3.0,0.0,2.5,2.5,0.25,3.0,3.0,0.8571428571428571,4.4,0.24,2.0,0,1,0,1,0,0
990,1,1,0.509393451422437,2,0.0,17.0,0.0,0,1,1.0,0.0,0.0,0.0,1.0,0,2.6,0.24,2.625,3.0,0.484375,2.7142857142857144,3.0,0.2040816326530612,4.0,0.4,1.0,1,0,0,1,0,0
642,1,1,0.509393451422437,2,1.0,16.0,0.0,0,1,1.0,0.0,0.0,0.0,1.0,0,3.4,0.24,3.25,3.5,0.6875,3.857142857142857,4.0,0.1224489795918367,5.0,0.0,4.0,1,0,0,1,0,0
2523,0,0,0.2979397781299525,1,1.0,16.0,1.0,2,0,1.0,0.0,1.0,0.0,0.0,0,3.2,0.5599999999999999,2.125,2.0,1.109375,2.7142857142857144,3.0,1.6326530612244898,3.6,0.64,3.0,0,0,1,0,1,0
1320,1,1,0.509393451422437,1,0.0,14.0,0.0,0,1,1.0,1.0,0.0,0.0,1.0,0,3.8,0.1599999999999999,1.625,1.5,0.484375,3.4285714285714284,4.0,1.1020408163265307,4.6,0.6399999999999999,1.0,1,0,0,1,0,0
3539,0,1,0.509393451422437,1,0.0,16.0,0.0,0,1,1.0,1.0,0.0,0.0,0.0,0,2.4,1.04,2.25,2.0,0.4375,3.2857142857142856,4.0,1.3469387755102038,4.4,1.44,1.0,0,1,0,0,1,0
2436,1,1,0.7824773413897281,1,0.0,15.0,0.0,3,0,1.0,1.0,0.0,0.0,1.0,0,3.8,0.1599999999999999,2.5,2.5,1.25,4.0,4.0,0.0,5.0,0.0,1.0,0,1,0,1,0,0
702,1,1,0.509393451422437,2,0.0,15.0,0.0,4,3,1.0,0.0,0.0,0.0,0.0,0,3.8,0.1599999999999999,2.5,2.0,0.5,3.2857142857142856,4.0,1.3469387755102038,3.0,1.2,5.0,1,0,0,1,0,0
2693,1,1,0.509393451422437,1,1.0,17.0,0.0,4,1,0.0,1.0,0.0,0.0,0.0,0,3.2,0.1599999999999999,2.5,2.0,1.0,3.7142857142857144,4.0,0.2040816326530612,4.8,0.1599999999999999,3.0,0,1,0,1,0,0
3213,1,1,0.509393451422437,1,0.0,14.0,0.0,0,1,1.0,0.0,0.0,0.0,0.0,0,3.0,0.4,2.3501628664495113,2.0,0.5073210325839,3.857142857142857,4.0,0.1224489795918367,4.2,0.1599999999999999,1.0,1,0,0,1,0,0
1852,1,1,0.509393451422437,1,1.0,17.0,0.0,3,0,1.0,1.0,0.0,0.0,1.0,0,3.2,0.5599999999999999,2.625,3.0,0.234375,2.857142857142857,4.0,1.836734693877551,4.2,0.1599999999999999,5.0,1,0,0,1,0,0
1894,1,1,0.509393451422437,1,0.0,17.0,0.0,2,2,1.0,1.0,0.0,0.0,0.0,0,3.2,1.36,2.125,2.0,1.109375,4.0,4.0,0.0,4.2,0.96,1.0,1,0,0,0,1,0
1926,0,1,0.509393451422437,1,1.0,16.0,0.0,2,0,0.0,0.0,0.0,1.0,0.0,0,3.0,0.4,2.5,2.5,1.25,3.7142857142857144,4.0,0.489795918367347,3.6,0.24,1.0,0,1,0,1,0,0
837,1,1,0.509393451422437,1,0.0,17.0,0.0,2,0,1.0,1.0,0.0,0.0,0.0,0,3.0,0.4,2.5,2.5,1.75,2.857142857142857,3.0,0.1224489795918367,4.6,0.6399999999999999,2.0,0,1,0,0,1,0
3396,0,1,0.509393451422437,1,0.0,14.0,0.0,0,1,1.0,1.0,0.0,0.0,1.0,0,2.8,0.1599999999999999,2.375,2.5,0.484375,4.0,4.0,0.0,4.8,0.1599999999999999,2.0,0,1,0,1,0,0
3390,0,1,0.509393451422437,1,0.0,15.0,0.0,0,1,1.0,1.0,0.0,0.0,1.0,0,3.2,0.5599999999999999,2.75,3.0,1.6875,3.7142857142857144,4.0,0.2040816326530612,4.4,0.6399999999999999,2.0,1,0,0,1,0,0
2674,1,1,0.509393451422437,1,0.0,17.0,0.0,4,3,1.0,1.0,0.0,0.0,1.0,0,2.4,0.24,2.875,3.0,0.609375,3.2857142857142856,3.0,0.489795918367347,2.4572001001753065,0.836127726401242,3.0,1,0,0,1,0,0
2907,1,1,0.509393451422437,1,0.0,15.0,0.0,0,1,1.0,1.0,0.0,0.0,1.0,1,1.8,1.36,2.875,3.0,0.609375,3.5714285714285716,4.0,0.5306122448979592,4.2,0.5599999999999999,1.0,0,1,0,1,0,0
728,0,1,0.509393451422437,1,0.0,16.0,0.0,0,1,1.0,1.0,0.0,0.0,0.0,0,3.2,0.5599999999999999,2.0,2.0,1.0,3.7142857142857144,4.0,0.2040816326530612,3.4,1.04,1.0,0,1,0,0,0,1
1729,0,1,0.509393451422437,1,0.0,17.0,0.0,3,3,1.0,1.0,0.0,0.0,0.0,0,2.8,0.96,2.125,2.0,0.359375,4.0,4.0,0.0,4.8,0.1599999999999999,1.0,0,1,0,1,0,0
2571,1,1,0.509393451422437,1,0.0,14.0,0.0,2,2,1.0,1.0,0.0,0.0,1.0,0,2.4,0.24,2.375,2.5,0.484375,3.2857142857142856,4.0,0.7755102040816327,3.6,0.64,3.0,1,0,0,0,1,0
489,1,1,0.509393451422437,1,0.0,15.0,0.0,0,1,1.0,0.0,0.0,0.0,1.0,0,3.0,0.4,2.375,2.0,1.234375,3.7142857142857144,4.0,0.2040816326530612,4.2,0.5599999999999999,4.0,1,0,0,1,0,0
252,0,0,0.2979397781299525,1,0.0,16.0,0.0,0,1,1.0,1.0,0.0,0.0,1.0,0,2.6,0.64,2.125,2.0,0.609375,2.7142857142857144,4.0,2.204081632653061,1.2,0.16,4.0,1,0,0,1,0,0
2720,1,1,0.509393451422437,1,0.0,17.0,0.0,2,0,1.0,1.0,0.0,0.0,1.0,0,2.6,0.64,2.625,3.0,0.734375,4.0,4.0,0.0,4.8,0.1599999999999999,5.0,1,0,0,1,0,0
1484,0,0,0.2979397781299525,1,0.0,16.0,0.0,3,2,1.0,1.0,0.0,0.0,1.0,0,2.4,0.64,2.25,2.5,1.1875,3.4285714285714284,4.0,0.5306122448979592,4.2,2.56,3.0,0,1,0,0,1,0
3407,0,1,0.509393451422437,1,1.0,16.0,1.0,3,3,1.0,1.0,0.0,0.0,1.0,0,3.4,0.24,2.75,3.0,0.6875,2.4285714285714284,2.0,0.8163265306122449,2.8,0.5599999999999999,2.0,1,0,0,1,0,0
1720,0,1,0.509393451422437,1,0.0,17.0,0.0,3,3,1.0,1.0,0.0,0.0,1.0,0,3.6,0.24,2.125,2.0,0.359375,3.7142857142857144,4.0,0.489795918367347,4.4,0.24,2.0,1,0,0,0,1,0
1311,0,0,0.2979397781299525,1,0.0,15.0,0.0,0,1,1.0,1.0,0.0,0.0,1.0,0,4.0,0.0,2.625,3.0,0.734375,4.0,4.0,0.0,5.0,0.0,1.0,0,1,0,1,0,0
2171,0,1,0.509393451422437,1,0.0,16.0,0.0,3,2,1.0,1.0,0.0,0.0,1.0,0,3.0,0.4,2.5,3.0,0.75,3.7142857142857144,4.0,0.2040816326530612,4.2,0.5599999999999999,1.0,0,1,0,1,0,0
409,0,1,0.509393451422437,1,0.0,15.0,0.0,0,1,1.0,1.0,0.0,0.0,1.0,0,3.2,0.1599999999999999,2.375,2.0,0.234375,3.0,3.0,0.8571428571428571,4.2,0.1599999999999999,1.0,0,1,0,1,0,0
1689,0,1,0.509393451422437,1,0.0,16.0,0.0,2,2,1.0,1.0,0.0,0.0,1.0,0,2.6,0.24,3.0,3.0,0.5,4.0,4.0,0.0,4.2,0.5599999999999999,1.0,0,1,0,1,0,0
2647,1,1,0.7824773413897281,1,0.0,15.0,0.0,0,1,1.0,1.0,0.0,0.0,0.0,0,3.0,0.0,2.875,2.5,0.859375,2.9289830690482157,3.0,0.17394085070158,4.0,0.0,2.0,0,1,0,1,0,0
1364,1,1,0.509393451422437,1,0.0,15.0,0.0,0,1,1.0,0.0,0.0,0.0,1.0,1,3.2,0.1599999999999999,2.625,3.0,0.734375,3.0,3.0,0.8571428571428571,3.8,0.96,3.0,1,0,0,1,0,0
2663,1,1,0.509393451422437,2,1.0,16.0,1.0,4,3,1.0,1.0,0.0,0.0,1.0,0,2.4,0.24,2.625,2.5,0.984375,2.4285714285714284,3.0,1.1020408163265307,5.0,0.0,3.0,0,1,0,1,0,0
862,1,1,0.509393451422437,1,0.0,16.0,0.0,2,0,1.0,1.0,0.0,0.0,1.0,0,2.6,0.24,2.25,2.5,0.6875,3.857142857142857,4.0,0.1224489795918367,4.2,0.96,1.0,0,1,0,1,0,0
2004,0,1,0.509393451422437,1,0.0,15.0,0.0,0,1,1.0,0.0,1.0,0.0,1.0,0,1.6,1.4400000000000002,2.625,2.5,0.484375,2.7142857142857144,3.0,1.346938775510204,4.2,0.5599999999999999,1.0,0,1,0,1,0,0
479,0,1,0.509393451422437,1,0.0,15.0,1.0,0,1,1.0,1.0,0.0,0.0,1.0,0,3.6,0.24,2.0,2.0,0.5,3.857142857142857,4.0,0.1224489795918367,3.8,0.5599999999999999,1.0,1,0,0,1,0,0
859,0,1,0.509393451422437,1,0.0,16.0,0.0,3,2,1.0,1.0,0.0,0.0,1.0,0,3.0,0.0,2.375,2.0,0.234375,3.0,3.0,0.5714285714285714,4.6,0.24,5.0,1,0,0,1,0,0
3667,0,0,0.2979397781299525,1,0.0,17.0,0.0,3,3,1.0,1.0,0.0,0.0,0.0,0,2.4,0.24,2.625,3.0,0.734375,3.7142857142857144,4.0,0.2040816326530612,4.0,0.8,3.0,1,0,0,1,0,0
27,0,1,0.509393451422437,1,0.0,17.0,0.0,0,1,1.0,1.0,0.0,0.0,0.0,0,3.2,1.36,2.5,2.0,1.5,3.7142857142857144,4.0,0.2040816326530612,3.8,0.1599999999999999,2.0,1,0,0,1,0,0
2582,0,1,0.509393451422437,1,0.0,16.0,0.0,3,2,1.0,1.0,0.0,0.0,1.0,0,3.4,0.64,3.0,3.5,1.5,2.5714285714285716,3.0,1.959183673469388,4.8,0.1599999999999999,5.0,1,0,0,1,0,0
3517,1,1,0.509393451422437,2,1.0,16.0,0.0,0,1,1.0,0.0,0.0,0.0,0.0,0,3.4,0.24,2.5,2.5,1.25,3.2857142857142856,3.0,0.489795918367347,3.2,0.1599999999999999,1.0,1,0,0,0,0,1
3542,0,0,0.2979397781299525,1,0.0,16.0,0.0,0,1,1.0,1.0,1.0,0.0,1.0,0,3.8,0.1599999999999999,2.0,2.0,0.0,3.142857142857143,3.0,0.6938775510204082,4.6,0.24,1.0,1,0,0,0,1,0
1007,0,1,0.509393451422437,1,0.0,14.0,0.0,0,1,1.0,1.0,0.0,0.0,1.0,0,2.0,0.8,2.125,2.0,0.359375,2.5714285714285716,2.0,1.1020408163265307,5.0,0.0,1.0,0,1,0,1,0,0
3290,1,1,0.509393451422437,1,0.0,16.0,0.0,2,2,1.0,1.0,0.0,0.0,0.0,0,3.8,0.1599999999999999,2.75,3.0,0.6875,4.0,4.0,0.0,3.813563563563563,0.5661613064515967,2.0,0,1,0,1,0,0
2065,0,1,0.509393451422437,1,0.0,14.0,0.0,0,1,1.0,1.0,0.0,0.0,0.0,0,4.0,0.0,2.125,2.0,0.609375,4.0,4.0,0.0,5.0,0.0,1.0,1,0,0,1,0,0
3486,1,1,0.509393451422437,1,0.0,17.0,0.0,3,2,0.0,1.0,0.0,0.0,1.0,0,2.8,0.5599999999999999,2.625,2.5,1.484375,3.5714285714285716,4.0,0.5306122448979592,4.4,0.24,5.0,0,1,0,1,0,0
2747,1,1,0.509393451422437,1,0.0,16.0,0.0,0,1,1.0,0.0,0.0,0.0,0.0,0,2.8,0.5599999999999999,2.25,2.0,1.4375,1.4285714285714286,1.0,0.5306122448979592,1.6,0.24,5.0,1,0,0,1,0,0
2733,1,1,0.7824773413897281,1,0.0,17.0,0.0,2,0,1.0,1.0,1.0,0.0,1.0,1,3.4,0.24,2.75,3.0,0.9375,4.0,4.0,0.0,3.0,0.0,1.0,1,0,0,1,0,0
810,1,1,0.509393451422437,1,0.0,17.0,0.0,4,4,1.0,0.0,0.0,0.0,1.0,0,2.6,1.04,2.375,3.0,0.734375,4.0,4.0,0.0,3.2,0.5599999999999999,1.0,0,1,0,1,0,0
1560,1,1,0.509393451422437,1,0.0,14.0,1.0,0,1,1.0,1.0,0.0,0.0,0.0,0,2.6,1.4400000000000002,2.0,2.0,1.0,2.5714285714285716,3.0,1.3877551020408163,4.0,1.6,1.0,0,0,1,0,1,0
1844,0,1,0.509393451422437,1,0.0,16.0,0.0,2,2,1.0,1.0,0.0,0.0,1.0,0,3.0,1.2,2.75,3.0,1.4375,2.857142857142857,3.0,0.1224489795918367,2.0,0.8,3.0,0,0,1,0,0,1
1893,0,0,0.2979397781299525,1,0.0,15.0,0.0,0,1,1.0,0.0,0.0,0.0,1.0,0,3.2,0.5599999999999999,2.5,2.0,1.0,3.0,3.0,1.1428571428571428,3.8,0.5599999999999999,1.0,0,1,0,0,0,1
2641,0,1,0.509393451422437,1,0.0,16.0,0.0,2,0,1.0,0.0,0.0,0.0,0.0,0,2.0,0.0,2.5,2.5,1.25,3.0,3.0,0.8571428571428571,4.6,0.6399999999999999,2.0,0,1,0,1,0,0
848,0,1,0.509393451422437,1,0.0,17.0,0.0,2,2,1.0,1.0,0.0,0.0,0.0,0,3.6,0.24,3.0,3.0,0.25,3.4285714285714284,4.0,0.5306122448979592,4.8,0.1599999999999999,3.0,1,0,0,1,0,0
980,1,1,0.509393451422437,1,0.0,15.0,1.0,0,1,1.0,1.0,0.0,0.0,0.0,0,1.6,0.24,2.125,2.0,1.109375,4.0,4.0,0.0,4.6,0.24,2.0,0,1,0,1,0,0
611,0,0,0.2979397781299525,1,0.0,17.0,0.0,0,1,1.0,1.0,0.0,0.0,1.0,0,3.0,0.0,2.25,2.5,1.1875,4.0,4.0,0.0,4.8,0.1599999999999999,2.0,1,0,0,1,0,0
1141,0,0,0.2979397781299525,1,0.0,15.0,0.0,0,1,1.0,1.0,0.0,0.0,1.0,0,2.6,0.24,2.5,3.0,0.5,3.0,3.0,1.1428571428571428,4.4,0.64,4.0,1,0,0,1,0,0
2354,1,0,0.2979397781299525,1,0.0,14.0,0.0,2,0,1.0,1.0,0.0,0.0,1.0,0,2.2,0.96,3.125,3.0,0.609375,3.7142857142857144,4.0,0.489795918367347,4.6,0.24,3.0,0,1,0,1,0,0
3437,0,0,0.2979397781299525,1,1.0,14.0,0.0,0,1,1.0,1.0,0.0,0.0,1.0,0,4.0,0.0,2.875,3.0,0.359375,3.857142857142857,4.0,0.1224489795918367,3.4,0.24,1.0,0,0,1,0,0,1
1309,0,1,0.509393451422437,1,0.0,15.0,0.0,2,0,1.0,0.0,1.0,0.0,1.0,0,3.0,0.8,2.5,2.5,1.75,3.4285714285714284,4.0,1.1020408163265307,3.8,1.36,2.0,0,1,0,1,0,0
1031,0,1,0.509393451422437,1,0.0,15.0,0.0,0,1,1.0,1.0,0.0,0.0,1.0,1,4.0,0.0,2.625,3.0,0.734375,4.0,4.0,0.0,3.8,2.1600000000000006,1.0,1,0,0,1,0,0
1312,1,1,0.509393451422437,1,0.0,14.0,0.0,0,1,1.0,0.0,0.0,0.0,0.0,0,3.2,0.5599999999999999,3.125,3.0,0.859375,3.142857142857143,4.0,1.2653061224489794,4.4,0.24,1.0,1,0,0,1,0,0
3296,0,1,0.509393451422437,1,0.0,15.0,0.0,2,0,1.0,1.0,0.0,0.0,1.0,1,3.3979924717691348,0.2416221432630834,2.125,2.0,1.359375,3.7634297151435008,4.0,0.1483667140637986,5.0,0.0,1.0,0,1,0,1,0,0
1214,1,1,0.509393451422437,1,0.0,15.0,0.0,0,1,1.0,1.0,0.0,0.0,1.0,1,2.8,0.1599999999999999,2.75,3.0,0.6875,3.2857142857142856,3.0,0.489795918367347,2.8,0.5599999999999999,3.0,1,0,0,1,0,0
652,0,1,0.509393451422437,1,0.0,17.0,0.0,2,0,1.0,0.0,0.0,0.0,1.0,0,3.0,0.0,3.0,3.5,1.5,3.5714285714285716,4.0,0.2448979591836734,2.4,1.84,1.0,0,1,0,1,0,0
2494,0,1,0.509393451422437,2,0.0,16.0,0.0,2,2,1.0,1.0,0.0,0.0,1.0,0,3.6,0.24,1.75,1.0,0.9375,3.142857142857143,4.0,1.2653061224489797,5.0,0.0,1.0,0,1,0,1,0,0
132,1,1,0.509393451422437,1,1.0,15.0,0.0,0,1,1.0,1.0,0.0,0.0,1.0,0,2.8,0.1599999999999999,2.5,3.0,0.5,3.142857142857143,3.0,0.6938775510204082,3.4,0.24,1.0,0,1,0,1,0,0
457,0,1,0.509393451422437,1,0.0,15.0,0.0,0,1,1.0,1.0,0.0,0.0,1.0,0,3.0,0.4,2.875,3.0,1.359375,2.7142857142857144,3.0,0.2040816326530612,4.8,0.1599999999999999,1.0,0,1,0,0,1,0
47,0,0,0.2979397781299525,1,1.0,15.0,0.0,0,1,1.0,1.0,0.0,0.0,1.0,0,2.8,0.1599999999999999,2.75,2.5,0.6875,3.2857142857142856,4.0,0.7755102040816327,3.8,0.5599999999999999,1.0,0,1,0,1,0,0
1935,1,1,0.7824773413897281,1,0.0,15.0,0.0,2,0,1.0,1.0,0.0,0.0,1.0,0,2.4,0.64,2.125,2.0,1.109375,3.857142857142857,4.0,0.1224489795918367,4.4,0.6399999999999999,1.0,0,1,0,1,0,0
2535,0,0,0.2979397781299525,1,0.0,16.0,0.0,3,2,1.0,0.0,1.0,0.0,1.0,0,3.0,0.4,2.0,2.0,0.75,3.4285714285714284,4.0,0.5306122448979592,4.2,0.1599999999999999,5.0,1,0,0,1,0,0
2081,0,1,0.7824773413897281,1,0.0,17.0,0.0,4,4,1.0,1.0,0.0,0.0,1.0,0,3.2,0.1599999999999999,2.25,2.0,0.6875,2.857142857142857,4.0,1.836734693877551,5.0,0.0,1.0,0,1,0,0,1,0
1022,1,1,0.509393451422437,1,0.0,14.0,0.0,0,1,1.0,1.0,0.0,0.0,1.0,1,2.2,0.5599999999999999,3.0,3.0,0.5,2.0,2.0,0.2857142857142857,3.2967049425861203,2.5587254066478913,1.0,0,1,0,0,1,0
2184,1,1,0.509393451422437,1,0.0,15.0,0.0,3,2,1.0,1.0,0.0,0.0,1.0,0,3.4,0.24,1.875,2.0,0.609375,3.5714285714285716,4.0,0.5306122448979592,3.0,0.0,3.0,1,0,0,1,0,0
280,1,1,0.509393451422437,2,1.0,16.0,0.0,2,2,1.0,0.0,1.0,0.0,0.0,0,1.6,1.44,1.625,1.5,0.484375,4.0,4.0,0.0,5.0,0.0,1.0,0,1,0,1,0,0
580,0,1,0.509393451422437,1,0.0,15.0,0.0,3,2,1.0,1.0,0.0,0.0,1.0,0,3.4,0.24,2.5,2.0,0.5,3.857142857142857,4.0,0.1224489795918367,3.8,0.96,1.0,0,1,0,1,0,0
1800,1,1,0.509393451422437,1,0.0,15.0,1.0,0,1,1.0,0.0,1.0,0.0,0.0,0,2.2,0.96,2.5,2.5,1.25,3.142857142857143,4.0,1.2653061224489797,2.0,1.2,2.0,1,0,0,1,0,0
1392,0,1,0.509393451422437,1,0.0,15.0,0.0,0,1,1.0,0.0,1.0,0.0,0.0,0,3.0,0.4,2.375,2.0,1.234375,2.857142857142857,4.0,1.8367346938775508,5.0,0.0,1.0,0,1,0,1,0,0
37,0,1,0.509393451422437,1,0.0,17.0,0.0,0,1,1.0,1.0,0.0,0.0,0.0,0,2.914327144842929,0.0340170511477578,2.3991018454906787,2.4144439655172416,0.1341968291381966,3.261904393338928,3.344008006004503,0.1709657741508746,3.9506546817266353,0.0700784676330909,2.0,1,0,0,1,0,0
3701,0,0,0.2979397781299525,1,0.0,16.0,0.0,2,2,1.0,1.0,0.0,0.0,0.0,0,2.8,0.1599999999999999,2.5,3.0,0.5,2.4285714285714284,2.0,1.3877551020408163,3.8,0.1599999999999999,1.0,0,1,0,1,0,0
36,0,1,0.509393451422437,1,1.0,17.0,1.0,2,2,1.0,1.0,0.0,0.0,1.0,0,3.0,0.4,2.125,2.0,0.359375,2.5714285714285716,3.0,0.8163265306122449,4.4,0.24,3.0,1,0,0,1,0,0
1161,0,1,0.509393451422437,1,0.0,17.0,1.0,2,0,1.0,0.0,1.0,0.0,1.0,0,3.534233558389597,0.3362206293008611,2.0,2.0,0.5,3.899258675643735,4.0,0.0608928865983257,3.2,1.36,5.0,1,0,0,1,0,0
746,1,1,0.509393451422437,1,0.0,17.0,0.0,4,3,1.0,1.0,0.0,0.0,1.0,0,3.0,0.4,2.625,2.5,0.484375,3.2857142857142856,4.0,0.7755102040816327,4.2,0.5599999999999999,4.0,1,0,0,1,0,0
254,1,1,0.509393451422437,1,0.0,16.0,1.0,3,2,1.0,1.0,0.0,0.0,1.0,0,2.8,0.5599999999999999,2.0,2.0,0.75,3.857142857142857,4.0,0.1224489795918367,4.4,0.64,1.0,0,1,0,1,0,0
256,0,1,0.509393451422437,1,1.0,16.0,0.0,2,0,1.0,1.0,0.0,0.0,1.0,0,3.2,0.1599999999999999,1.875,2.0,0.609375,3.5714285714285716,4.0,0.5306122448979592,3.4,0.24,3.0,0,1,0,1,0,0
1559,0,0,0.2979397781299525,1,1.0,14.0,0.0,0,1,1.0,1.0,0.0,0.0,1.0,1,3.0,0.4,3.0,3.0,0.25,3.2857142857142856,4.0,1.0612244897959184,4.0,0.4,1.0,0,1,0,1,0,0
2770,0,0,0.2979397781299525,1,0.0,16.0,0.0,2,2,1.0,1.0,0.0,0.0,1.0,0,2.8,0.1599999999999999,2.125,2.0,0.609375,3.2857142857142856,4.0,0.7755102040816327,4.4,0.24,1.0,1,0,0,1,0,0
418,0,1,0.509393451422437,1,0.0,15.0,0.0,3,3,1.0,0.0,0.0,0.0,0.0,1,3.0,0.4,2.625,3.0,0.234375,3.5714285714285716,4.0,0.2448979591836734,2.2,0.5599999999999999,4.0,1,0,0,1,0,0
1304,0,1,0.509393451422437,1,0.0,15.0,0.0,0,1,1.0,1.0,0.0,0.0,1.0,0,2.8,0.1599999999999999,2.375,2.0,1.234375,3.142857142857143,3.0,0.4081632653061224,4.2,0.1599999999999999,4.0,1,0,0,0,1,0
2637,0,1,0.509393451422437,1,0.0,15.0,0.0,2,0,1.0,1.0,0.0,0.0,1.0,0,2.2,0.96,2.625,2.5,0.984375,3.2857142857142856,4.0,0.7755102040816327,3.2,0.5599999999999999,5.0,1,0,0,1,0,0
353,0,1,0.7824773413897281,1,0.0,14.0,0.0,0,1,1.0,0.0,0.0,0.0,1.0,0,2.4,0.24,2.75,2.5,1.1875,1.4285714285714286,1.0,0.2448979591836734,4.0,2.4,3.0,1,0,0,1,0,0
454,0,1,0.509393451422437,1,1.0,14.0,0.0,4,5,1.0,0.0,1.0,0.0,1.0,0,2.2,0.1599999999999999,2.0,2.0,0.5,2.7142857142857144,3.0,0.2040816326530612,3.8,0.1599999999999999,1.0,0,1,0,1,0,0
1095,0,1,0.509393451422437,1,0.0,14.0,0.0,0,1,1.0,0.0,0.0,0.0,0.0,0,2.4,1.04,2.144218710810133,2.0,0.8571558342138914,3.857142857142857,4.0,0.1224489795918367,3.4024475524475526,2.642961024988997,1.0,1,0,0,1,0,0
3133,0,1,0.509393451422437,1,0.0,16.0,0.0,3,2,1.0,1.0,0.0,0.0,0.0,0,3.0,0.0,2.625,3.0,0.734375,4.0,4.0,0.0,4.0,0.4,1.0,0,1,0,1,0,0
30,0,1,0.509393451422437,1,0.0,17.0,1.0,2,2,1.0,1.0,0.0,0.0,0.0,0,3.2,0.1599999999999999,2.5,2.5,0.25,2.4285714285714284,2.0,1.3877551020408163,4.6,0.24,4.0,1,0,0,0,1,0
616,1,1,0.7824773413897281,1,1.0,17.0,0.0,0,1,1.0,1.0,0.0,0.0,1.0,0,2.914327144842929,0.0340170511477578,2.875,3.0,0.359375,3.857142857142857,4.0,0.1224489795918367,3.6,1.04,2.0,0,1,0,1,0,0
1136,1,1,0.509393451422437,1,0.0,17.0,0.0,4,4,1.0,1.0,0.0,0.0,1.0,0,3.2,0.5599999999999999,2.5,2.5,0.75,3.2857142857142856,4.0,0.7755102040816327,4.4,0.6399999999999999,5.0,1,0,0,1,0,0
846,1,1,0.509393451422437,1,0.0,17.0,0.0,0,1,1.0,1.0,0.0,0.0,1.0,0,2.4,0.64,2.25,2.0,0.9375,3.2857142857142856,4.0,1.3469387755102038,3.8,0.5599999999999999,2.0,1,0,0,1,0,0
1777,0,1,0.509393451422437,1,0.0,15.0,0.0,0,1,1.0,1.0,0.0,0.0,1.0,0,3.0,0.8,2.125,2.0,0.359375,3.0,3.0,0.8571428571428571,5.0,0.0,1.0,0,1,0,1,0,0
2754,0,0,0.2979397781299525,1,0.0,16.0,0.0,2,2,1.0,1.0,0.0,0.0,0.0,0,3.6,0.24,2.644218710810133,2.0768748432405317,1.2129371234037585,4.0,4.0,0.0,4.8,0.1599999999999999,2.0,1,0,0,1,0,0
3623,0,1,0.509393451422437,1,0.0,17.0,0.0,0,1,1.0,1.0,0.0,0.0,1.0,0,3.2,0.1599999999999999,2.0,2.0,0.75,3.7142857142857144,4.0,0.2040816326530612,4.0,0.4,1.0,0,1,0,1,0,0
408,0,0,0.2979397781299525,1,1.0,14.0,0.0,4,2,1.0,1.0,0.0,0.0,0.0,0,3.4,0.24,2.625,2.5,0.484375,3.4285714285714284,4.0,0.5306122448979592,4.2,0.5599999999999999,5.0,1,0,0,1,0,0
2060,1,1,0.509393451422437,2,1.0,15.0,1.0,0,1,1.0,1.0,0.0,0.0,1.0,0,3.2,0.96,3.0,3.0,0.25,4.0,4.0,0.0,4.2,0.1599999999999999,1.0,0,1,0,1,0,0
265,1,1,0.7824773413897281,2,1.0,16.0,0.0,0,1,1.0,0.0,0.0,0.0,1.0,0,3.8,0.1599999999999999,2.25,2.0,1.4375,3.2857142857142856,3.0,0.489795918367347,3.6,2.24,1.0,0,1,0,0,0,1
3348,1,1,0.509393451422437,1,0.0,14.0,0.0,2,0,1.0,1.0,0.0,0.0,0.0,0,3.0,0.4,2.25,1.5,1.9375,2.857142857142857,3.0,0.6938775510204082,4.4,0.24,1.0,0,1,0,1,0,0
2151,0,0,0.2979397781299525,1,0.0,15.0,0.0,3,0,1.0,1.0,0.0,0.0,1.0,0,3.2,0.5599999999999999,2.25,2.0,0.9375,3.2857142857142856,3.0,0.489795918367347,3.8,0.5599999999999999,1.0,0,1,0,1,0,0
104,1,1,0.509393451422437,1,0.0,14.0,0.0,3,3,1.0,0.0,1.0,0.0,1.0,0,4.0,0.0,2.0,2.0,0.5,4.0,4.0,0.0,3.2,1.7600000000000002,5.0,1,0,0,1,0,0
2561,0,1,0.509393451422437,1,1.0,15.0,0.0,0,1,1.0,0.0,0.0,0.0,1.0,1,2.0,1.6,2.5,2.5,0.75,2.5714642500356786,3.0,1.1020714056275434,2.8,3.3600000000000003,1.0,0,1,0,1,0,0
1324,0,0,0.2979397781299525,1,0.0,14.0,0.0,0,1,1.0,1.0,0.0,0.0,0.0,0,3.4,0.64,2.25,2.0,1.4375,4.0,4.0,0.0,4.0,0.4,1.0,0,1,0,0,1,0
3107,0,0,0.2979397781299525,1,0.0,15.0,0.0,0,1,1.0,1.0,1.0,1.0,1.0,0,2.2,0.5599999999999999,2.75,3.0,0.9375,2.5714285714285716,3.0,0.5306122448979592,4.0,0.0,2.0,0,1,0,1,0,0
3675,0,1,0.509393451422437,1,1.0,16.0,0.0,0,1,1.0,1.0,0.0,0.0,1.0,0,3.8,0.1599999999999999,2.125,1.5,1.609375,4.0,4.0,0.0,3.4,1.84,5.0,1,0,0,1,0,0
2324,0,1,0.509393451422437,1,0.0,14.0,0.0,0,1,1.0,1.0,0.0,0.0,0.0,0,3.6,0.24,2.0,1.5,1.25,3.5714285714285716,4.0,1.1020408163265307,4.4,1.44,1.0,1,0,0,1,0,0
708,1,1,0.509393451422437,2,1.0,16.0,0.0,4,2,1.0,1.0,0.0,0.0,1.0,0,3.8,0.1599999999999999,2.25,2.0,0.4375,2.5714285714285716,3.0,1.959183673469388,4.2,2.560000000000001,2.0,0,1,0,1,0,0
1960,1,1,0.509393451422437,1,1.0,14.0,0.0,0,1,0.0,1.0,0.0,0.0,1.0,1,2.0,0.0,1.0,1.0,0.0,3.0,3.0,0.0,4.0,0.0,1.0,1,0,0,0,0,1
3021,1,1,0.509393451422437,1,0.0,15.0,0.0,0,1,1.0,1.0,0.0,0.0,1.0,0,1.2,0.16,2.125,1.5,1.609375,2.142857142857143,2.0,1.2653061224489797,3.6,1.84,1.0,0,0,1,0,1,0
2817,0,1,0.509393451422437,1,0.0,16.0,0.0,3,2,1.0,0.0,0.0,0.0,0.0,0,3.0,0.4,2.125,2.0,0.609375,2.7142857142857144,3.0,1.6326530612244896,4.2,0.1599999999999999,3.0,1,0,0,1,0,0
2003,0,0,0.2979397781299525,1,0.0,14.0,0.0,0,1,1.0,1.0,0.0,0.0,0.0,0,2.4,0.64,2.5,2.5,0.75,3.7142857142857144,4.0,0.489795918367347,4.6,0.24,1.0,0,1,0,1,0,0
2759,0,1,0.509393451422437,1,0.0,17.0,0.0,4,4,1.0,0.0,0.0,0.0,0.0,0,3.2,0.5599999999999999,1.625,1.5,0.484375,3.2857142857142856,3.0,0.489795918367347,4.0,0.4,4.0,1,0,0,1,0,0
3218,1,1,0.509393451422437,1,0.0,15.0,0.0,2,0,1.0,1.0,0.0,0.0,0.0,0,2.4,1.0400000000000005,3.0,3.5,1.25,2.857142857142857,3.0,1.5510204081632657,3.8,0.1599999999999999,1.0,0,1,0,1,0,0
267,1,1,0.509393451422437,1,1.0,16.0,0.0,2,2,0.0,1.0,0.0,0.0,0.0,0,3.4,1.4400000000000002,2.0,2.0,0.25,3.857142857142857,4.0,0.1224489795918367,4.8,0.1599999999999999,1.0,0,1,0,1,0,0
615,1,1,0.509393451422437,1,0.0,17.0,0.0,4,2,1.0,1.0,0.0,0.0,1.0,0,2.6,0.64,2.75,2.5,0.6875,3.7142857142857144,4.0,0.2040816326530612,3.6,2.24,2.0,0,1,0,1,0,0
984,0,0,0.2979397781299525,1,0.0,16.0,0.0,2,2,0.0,0.0,1.0,1.0,1.0,0,2.4,0.24,2.375,2.0,0.734375,2.857142857142857,3.0,0.4081632653061224,3.0,0.4,1.0,1,0,0,1,0,0
1897,0,0,0.2979397781299525,1,0.0,16.0,0.0,2,3,1.0,1.0,0.0,0.0,0.0,0,2.0,1.2,2.5,2.5,1.25,4.0,4.0,0.0,3.4,2.24,1.0,0,1,0,1,0,0
1275,0,1,0.509393451422437,1,0.0,15.0,0.0,0,1,1.0,1.0,0.0,0.0,0.0,0,3.2,0.5599999999999999,2.20059375,2.0,0.3804774677734374,3.0,4.0,1.7142857142857142,3.6,0.64,2.0,1,0,0,1,0,0
537,0,0,0.2979397781299525,1,0.0,15.0,0.0,2,2,1.0,0.0,0.0,0.0,0.0,1,4.0,0.0,1.875,2.0,0.359375,2.5714285714285716,3.0,0.816326530612245,3.2,1.36,2.0,1,0,0,1,0,0
95,1,1,0.509393451422437,1,1.0,15.0,0.0,0,1,1.0,1.0,0.0,0.0,1.0,0,3.8,0.1599999999999999,2.875,3.0,1.359375,3.142857142857143,3.0,0.6938775510204082,4.8,0.1599999999999999,1.0,0,1,0,1,0,0
2142,1,0,0.2979397781299525,1,0.0,15.0,0.0,2,0,1.0,1.0,0.0,0.0,1.0,0,3.6,0.24,2.5,2.5,0.75,3.4285714285714284,4.0,0.5306122448979592,3.6,2.24,1.0,0,1,0,1,0,0
2485,0,1,0.509393451422437,1,0.0,15.0,0.0,0,1,1.0,1.0,0.0,0.0,1.0,0,2.8,0.1599999999999999,2.375,2.0,0.234375,3.142857142857143,3.0,0.4081632653061224,4.0,0.4,1.0,0,1,0,1,0,0
2969,1,1,0.509393451422437,2,0.0,14.0,0.0,0,1,1.0,0.0,0.0,0.0,1.0,0,3.0,0.0,1.75,2.0,0.4375,3.5714285714285716,4.0,0.5306122448979592,4.2,0.1599999999999999,1.0,1,0,0,1,0,0
3471,1,1,0.509393451422437,1,0.0,17.0,0.0,3,0,1.0,1.0,0.0,0.0,1.0,0,3.2,0.1599999999999999,2.75,3.0,1.6875,3.5714285714285716,4.0,0.2448979591836734,3.4,1.44,1.0,1,0,0,1,0,0
3665,1,0,0.2979397781299525,1,0.0,17.0,0.0,2,0,1.0,1.0,0.0,0.0,1.0,0,3.2,0.1599999999999999,2.5,2.0,1.5,4.0,4.0,0.0,3.6,2.24,2.0,1,0,0,1,0,0
3294,0,1,0.509393451422437,1,0.0,15.0,0.0,2,0,1.0,1.0,0.0,0.0,1.0,0,3.2,0.5599999999999999,2.375,2.5,0.984375,3.5714285714285716,4.0,0.5306122448979592,4.0,0.4,2.0,0,1,0,1,0,0
2111,0,1,0.7824773413897281,1,0.0,15.0,0.0,2,0,1.0,1.0,0.0,0.0,1.0,0,3.0,0.0,2.375,2.0,0.734375,3.857142857142857,4.0,0.1224489795918367,4.2,0.1599999999999999,1.0,0,1,0,1,0,0
2957,0,1,0.509393451422437,1,0.0,14.0,0.0,0,1,1.0,1.0,0.0,0.0,1.0,0,3.6,0.24,2.625,2.5,1.484375,4.0,4.0,0.0,4.6,0.6399999999999999,1.0,1,0,0,1,0,0
2399,1,1,0.509393451422437,1,0.0,15.0,0.0,0,1,1.0,1.0,0.0,0.0,1.0,0,2.0,0.4,2.75,3.0,1.4375,3.142857142857143,4.0,0.979591836734694,4.0,0.4,1.0,0,1,0,1,0,0
241,1,1,0.7824773413897281,1,1.0,15.0,0.0,0,1,1.0,1.0,0.0,0.0,1.0,0,2.8,0.5599999999999999,1.875,1.5,0.859375,4.0,4.0,0.0,5.0,0.0,1.0,0,1,0,1,0,0
447,0,1,0.509393451422437,1,1.0,15.0,1.0,0,1,1.0,0.0,0.0,0.0,0.0,1,2.0,0.4,2.875,3.0,1.109375,3.4285714285714284,4.0,0.5306122448979592,4.2,0.5599999999999999,2.0,0,1,0,1,0,0
2654,0,1,0.509393451422437,1,0.0,15.0,0.0,2,2,1.0,1.0,0.0,0.0,1.0,0,2.4,0.24,2.375,2.0,0.234375,2.857142857142857,4.0,1.836734693877551,4.8,0.1599999999999999,1.0,0,1,0,1,0,0
2691,1,1,0.509393451422437,1,0.0,17.0,0.0,3,2,1.0,1.0,0.0,0.0,0.0,0,3.2,0.5599999999999999,2.25,2.0,0.6875,3.5714285714285716,4.0,0.5306122448979592,3.8,0.5599999999999999,3.0,1,0,0,0,1,0
2729,0,0,0.2979397781299525,1,0.0,17.0,0.0,0,1,1.0,1.0,0.0,0.0,1.0,1,2.8,0.5599999999999999,2.0,2.0,0.75,3.5340075861091624,4.0,0.3556681340469307,2.0,1.6,1.0,0,1,0,1,0,0
1355,1,1,0.509393451422437,1,0.0,15.0,0.0,2,2,1.0,0.0,1.0,0.0,1.0,0,3.2,0.1599999999999999,2.375,2.0,0.984375,3.0,3.0,0.0,2.8,0.96,1.0,1,0,0,1,0,0
2873,1,1,0.509393451422437,1,0.0,17.0,0.0,2,2,1.0,1.0,0.0,0.0,1.0,0,3.6,0.24,2.375,3.0,1.234375,3.857142857142857,4.0,0.1224489795918367,3.4,1.04,5.0,1,0,0,1,0,0
1155,1,1,0.509393451422437,1,0.0,15.0,0.0,0,1,1.0,1.0,0.0,0.0,0.0,0,3.4,0.24,2.5,2.0,0.5,4.0,4.0,0.0,4.8,0.1599999999999999,1.0,0,1,0,1,0,0
2920,1,1,0.7824773413897281,1,0.0,17.0,0.0,0,1,0.0,0.0,1.0,0.0,0.0,0,2.6,0.64,2.25,2.5,1.1875,3.5714285714285716,4.0,0.2448979591836734,4.2,0.1599999999999999,4.0,1,0,0,1,0,0
2812,1,1,0.509393451422437,1,1.0,15.0,0.0,0,1,0.0,0.0,1.0,0.0,0.0,0,4.0,0.0,2.0,1.5,1.25,3.857142857142857,4.0,0.1224489795918367,3.0,0.4,5.0,1,0,0,1,0,0
2301,0,0,0.2979397781299525,1,0.0,16.0,0.0,2,2,1.0,1.0,0.0,0.0,1.0,0,3.2,0.1599999999999999,1.875,1.5,0.859375,3.142857142857143,4.0,1.2653061224489797,4.4,0.24,4.0,0,1,0,1,0,0
1725,1,1,0.509393451422437,1,0.0,17.0,0.0,2,2,1.0,0.0,0.0,0.0,0.0,0,3.2,0.5599999999999999,2.125,2.0,1.109375,4.0,4.0,0.0,3.8,0.1599999999999999,1.0,0,1,0,0,1,0
1457,1,1,0.7824773413897281,1,0.0,17.0,0.0,0,1,1.0,1.0,0.0,0.0,1.0,0,2.6,1.04,2.0,2.0,1.0,3.4285714285714284,4.0,1.1020408163265307,4.6,0.6399999999999999,1.0,0,1,0,0,0,1
536,1,1,0.509393451422437,1,0.0,14.0,0.0,0,1,1.0,1.0,0.0,0.0,1.0,0,2.2,0.96,2.625,2.5,1.484375,2.4285714285714284,2.0,0.5306122448979592,4.6,0.24,1.0,0,1,0,1,0,0
2714,0,1,0.509393451422437,1,0.0,17.0,0.0,2,2,1.0,1.0,0.0,0.0,0.0,0,3.2,0.5599999999999999,2.75,3.0,1.1875,4.0,4.0,0.0,4.6,0.6399999999999999,1.0,0,1,0,1,0,0
2027,0,1,0.509393451422437,1,0.0,14.0,0.0,0,1,1.0,1.0,1.0,1.0,1.0,0,2.8,0.96,2.5,2.5,1.25,3.857142857142857,4.0,0.1224489795918367,4.2,0.5599999999999999,1.0,0,1,0,1,0,0
3311,0,1,0.509393451422437,1,0.0,16.0,0.0,3,2,0.0,0.0,0.0,0.0,0.0,1,2.9906218655967907,0.4003517976195386,2.5,2.5,1.75,3.2857142857142856,3.0,0.489795918367347,4.6,0.24,1.0,0,1,0,1,0,0
2126,1,1,0.509393451422437,1,0.0,14.0,0.0,3,2,1.0,0.0,0.0,0.0,1.0,0,3.8,0.1599999999999999,2.625,3.0,1.984375,4.0,4.0,0.0,2.8,1.7600000000000002,1.0,0,1,0,0,1,0
2996,1,0,0.2979397781299525,1,0.0,14.0,0.0,0,1,1.0,0.0,0.0,0.0,0.0,0,3.6,0.24,2.25,2.5,1.1875,4.0,4.0,0.0,4.2,1.36,1.0,1,0,0,1,0,0
2700,1,1,0.7824773413897281,1,1.0,17.0,0.0,3,4,1.0,0.0,0.0,0.0,1.0,0,2.6,1.04,2.375,2.5,0.984375,3.7142857142857144,4.0,0.489795918367347,3.2,1.36,1.0,0,1,0,1,0,0
1521,0,1,0.509393451422437,1,0.0,14.0,0.0,2,0,1.0,1.0,0.0,0.0,0.0,0,2.6,0.24,2.375,2.5,0.484375,3.2857142857142856,3.0,0.489795918367347,3.6,2.24,5.0,1,0,0,1,0,0
3393,0,1,0.7824773413897281,1,0.0,14.0,0.0,0,1,1.0,1.0,0.0,0.0,1.0,0,2.2,0.5599999999999999,2.625,2.5,0.484375,3.5714285714285716,4.0,0.5306122448979592,3.9482071292790826,0.0698009740461593,2.0,1,0,0,1,0,0
1491,0,0,0.2979397781299525,1,0.0,16.0,0.0,2,0,1.0,1.0,0.0,0.0,1.0,0,2.8,0.1599999999999999,1.875,2.0,0.109375,2.5714285714285716,3.0,1.959183673469388,4.8,0.1599999999999999,1.0,0,1,0,1,0,0
1389,0,1,0.509393451422437,1,0.0,15.0,0.0,0,1,1.0,1.0,0.0,0.0,1.0,0,3.6,0.24,2.25,2.0,0.9375,4.0,4.0,0.0,4.8,0.1599999999999999,4.0,1,0,0,1,0,0
2099,1,1,0.7824773413897281,1,0.0,17.0,0.0,3,3,1.0,0.0,0.0,0.0,0.0,0,3.4,0.24,2.125,2.0,0.609375,3.4285714285714284,4.0,0.5306122448979592,3.2,0.5599999999999999,5.0,1,0,0,1,0,0
2217,0,0,0.2979397781299525,1,0.0,16.0,0.0,3,2,0.0,1.0,0.0,0.0,1.0,0,3.4,0.64,2.5,3.0,0.75,3.7142857142857144,4.0,0.2040816326530612,3.6572001001753063,1.8988474859805056,1.0,0,1,0,1,0,0
1716,1,1,0.509393451422437,1,0.0,17.0,0.0,2,0,1.0,1.0,0.0,0.0,0.0,0,3.4,0.24,2.875,3.0,1.359375,3.857142857142857,4.0,0.1224489795918367,4.4,0.6399999999999999,1.0,0,1,0,1,0,0
2448,1,1,0.509393451422437,1,0.0,16.0,1.0,3,3,1.0,1.0,0.0,0.0,0.0,0,2.4,0.24,2.875,3.0,0.609375,2.7142857142857144,3.0,1.6326530612244896,3.6,1.0400000000000005,3.0,0,1,0,1,0,0
2838,1,1,0.509393451422437,1,0.0,14.0,0.0,2,0,0.0,1.0,0.0,0.0,0.0,0,2.4,0.24,3.0,3.0,0.75,3.4285714285714284,4.0,0.5306122448979592,4.0,0.4,3.0,0,1,0,1,0,0
3103,1,1,0.509393451422437,1,1.0,16.0,0.0,0,1,1.0,1.0,0.0,0.0,0.0,0,3.0,0.0,2.625,2.5,0.984375,2.857142857142857,3.0,1.5510204081632657,4.6,0.24,1.0,0,1,0,1,0,0
697,1,1,0.509393451422437,1,0.0,16.0,0.0,3,2,1.0,1.0,0.0,0.0,1.0,0,3.2,0.1599999999999999,2.125,2.0,0.109375,3.142857142857143,4.0,1.2653061224489797,4.8,0.1599999999999999,2.0,0,1,0,1,0,0
706,0,1,0.509393451422437,1,0.0,16.0,0.0,3,3,1.0,1.0,0.0,0.0,0.0,0,2.0,0.8,2.625,3.0,0.234375,3.511449290894152,4.0,0.5007865175718735,4.0,0.4,1.0,0,1,0,1,0,0
2422,1,1,0.7824773413897281,1,0.0,14.0,0.0,2,2,1.0,1.0,0.0,0.0,1.0,0,3.6,0.24,2.25,2.0,1.4375,3.857142857142857,4.0,0.1224489795918367,3.4,1.04,4.0,1,0,0,1,0,0
2547,1,0,0.2979397781299525,1,0.0,17.0,1.0,4,3,1.0,0.0,1.0,0.0,1.0,0,2.6,1.04,2.125,2.0,1.109375,2.5714285714285716,2.0,1.1020408163265307,4.4,0.64,2.0,0,1,0,1,0,0
3606,1,0,0.2979397781299525,2,0.0,17.0,0.0,3,0,1.0,1.0,0.0,0.0,1.0,0,3.2,0.5599999999999999,2.0,2.0,0.5,2.5714285714285716,2.0,1.673469387755102,4.6,0.6399999999999999,1.0,0,1,0,1,0,0
2581,1,1,0.509393451422437,1,1.0,15.0,0.0,0,1,1.0,1.0,0.0,0.0,0.0,0,3.2,0.5599999999999999,2.25,2.0,0.9375,3.2857142857142856,3.0,0.489795918367347,4.8,0.1599999999999999,1.0,0,1,0,0,0,1
2786,0,1,0.509393451422437,1,0.0,17.0,0.0,2,2,1.0,0.0,0.0,0.0,1.0,1,3.4,0.64,2.625,3.0,0.734375,2.4285714285714284,3.0,1.1020408163265307,4.4,0.6399999999999999,1.0,0,1,0,0,1,0
2012,0,1,0.509393451422437,1,0.0,14.0,0.0,0,1,1.0,1.0,0.0,0.0,0.0,0,3.0,1.2,2.125,2.0,1.109375,2.142857142857143,2.0,1.2653061224489797,2.8,1.36,1.0,0,1,0,1,0,0
977,1,1,0.509393451422437,1,0.0,15.0,0.0,0,1,1.0,1.0,0.0,0.0,1.0,0,4.0,0.0,1.0,1.0,0.0,4.0,4.0,0.0,5.0,0.0,5.0,1,0,0,1,0,0
2302,0,0,0.2979397781299525,1,0.0,14.0,0.0,3,3,1.0,1.0,0.0,0.0,0.0,0,2.8,0.1599999999999999,1.5,1.0,0.75,4.0,4.0,0.0,4.0,0.0,1.0,1,0,0,1,0,0
3760,0,0,0.2979397781299525,1,1.0,16.0,1.0,3,3,1.0,1.0,0.0,0.0,1.0,0,3.4,0.24,2.75,2.5,0.6875,4.0,4.0,0.0,3.8,2.56,2.0,0,1,0,1,0,0
3321,1,1,0.7824773413897281,1,0.0,15.0,0.0,3,2,1.0,1.0,0.0,0.0,1.0,0,3.6,0.24,2.5,2.5,0.25,3.4285714285714284,4.0,0.5306122448979592,4.8,0.1599999999999999,1.0,0,1,0,1,0,0
2609,1,1,0.509393451422437,1,0.0,15.0,0.0,0,1,1.0,1.0,0.0,0.0,1.0,0,2.4,0.24,2.5,3.0,0.5,2.857142857142857,3.0,0.1224489795918367,4.2,0.1599999999999999,1.0,0,1,0,0,0,1
329,0,1,0.509393451422437,1,0.0,16.0,0.0,3,0,1.0,0.0,0.0,0.0,1.0,0,3.2,0.5599999999999999,1.875,2.0,0.359375,3.857142857142857,4.0,0.1224489795918367,4.0,0.4,5.0,1,0,0,1,0,0
2576,1,1,0.509393451422437,1,0.0,16.0,0.0,3,2,1.0,0.0,0.0,0.0,1.0,0,1.8,0.9600000000000002,3.0,3.0,0.5,2.142857142857143,2.0,0.6938775510204082,4.8,0.1599999999999999,5.0,1,0,0,0,1,0
3270,1,1,0.509393451422437,1,0.0,16.0,0.0,0,1,1.0,1.0,0.0,0.0,1.0,0,2.4,0.24,2.875,3.0,0.359375,3.0,3.0,0.0,4.0,0.0,2.0,0,0,1,0,0,1
1248,1,1,0.7824773413897281,1,0.0,16.0,0.0,0,1,1.0,0.0,0.0,0.0,1.0,0,3.0,0.4,1.875,2.0,0.359375,3.857142857142857,4.0,0.1224489795918367,5.0,0.0,1.0,0,1,0,1,0,0
553,1,1,0.509393451422437,1,1.0,16.0,0.0,0,1,1.0,1.0,0.0,0.0,1.0,0,3.4,0.24,3.375,3.5,0.484375,3.142857142857143,4.0,1.2653061224489797,1.8,1.3600000000000003,5.0,0,1,0,1,0,0
2695,1,1,0.7824773413897281,1,0.0,17.0,0.0,4,2,1.0,1.0,0.0,0.0,0.0,0,2.8,0.1599999999999999,2.375,2.5,0.484375,3.8167772002150926,4.0,0.1206922523105925,4.4,0.24,3.0,0,1,0,1,0,0
2762,1,1,0.509393451422437,1,0.0,16.0,0.0,4,4,1.0,0.0,1.0,0.0,1.0,0,2.3520482533299822,0.5916553840308011,2.625,2.5,0.484375,2.142857142857143,3.0,0.979591836734694,4.2,0.5599999999999999,1.0,0,1,0,1,0,0
2391,1,1,0.7824773413897281,1,0.0,15.0,0.0,4,4,1.0,1.0,0.0,0.0,1.0,0,3.4,0.64,1.875,1.0,1.609375,3.0,3.0,1.1428571428571428,4.6,0.6399999999999999,5.0,1,0,0,0,1,0
3117,0,1,0.509393451422437,1,0.0,15.0,0.0,3,2,1.0,1.0,0.0,0.0,0.0,0,2.8,0.1599999999999999,2.0,1.5,1.25,2.2857142857142856,2.0,0.2040816326530612,4.0,0.4,5.0,1,0,0,1,0,0
1810,0,1,0.509393451422437,1,0.0,16.0,0.0,3,2,1.0,0.0,0.0,0.0,0.0,0,3.4,0.24,2.0,1.5,1.25,2.5714285714285716,3.0,1.959183673469388,3.4,0.64,1.0,0,1,0,0,1,0
1210,0,0,0.2979397781299525,1,0.0,15.0,0.0,2,0,1.0,1.0,0.0,0.0,1.0,0,3.0,0.4,2.625,2.5,0.984375,4.0,4.0,0.0,3.8,0.5599999999999999,4.0,1,0,0,1,0,0
3538,0,1,0.509393451422437,1,1.0,16.0,0.0,0,1,1.0,1.0,0.0,0.0,1.0,0,3.4,0.24,2.5,2.5,0.25,3.2857142857142856,3.0,0.489795918367347,4.4,0.6399999999999999,1.0,0,1,0,1,0,0
1154,0,1,0.509393451422437,1,0.0,14.0,0.0,0,1,1.0,1.0,0.0,0.0,1.0,0,3.2,0.1599999999999999,2.625,3.0,1.234375,3.857142857142857,4.0,0.1224489795918367,4.2,0.5599999999999999,4.0,1,0,0,1,0,0
3560,0,0,0.2979397781299525,1,1.0,16.0,0.0,4,3,1.0,1.0,0.0,0.0,1.0,0,2.6,0.24,1.875,1.5,1.109375,3.4285714285714284,4.0,0.5306122448979593,4.0,0.4,1.0,0,0,1,1,0,0
3305,1,1,0.509393451422437,1,0.0,16.0,0.0,0,1,1.0,1.0,0.0,0.0,0.0,0,2.6,0.64,2.5,3.0,0.75,2.5714285714285716,3.0,0.5306122448979593,4.0,0.4,4.0,0,1,0,0,1,0
827,0,1,0.509393451422437,1,0.0,17.0,0.0,3,0,1.0,1.0,0.0,0.0,0.0,0,3.2,1.36,2.375,2.5,0.484375,3.857142857142857,4.0,0.1224489795918367,5.0,0.0,4.0,1,0,0,1,0,0
2514,0,1,0.509393451422437,1,0.0,16.0,0.0,3,2,1.0,1.0,0.0,0.0,1.0,0,1.8,0.16,2.75,3.0,0.6875,3.142857142857143,3.0,0.979591836734694,5.0,0.0,3.0,0,1,0,1,0,0
870,1,1,0.509393451422437,1,0.0,16.0,0.0,2,0,1.0,1.0,0.0,0.0,1.0,0,2.4,0.24,2.375,2.0,0.734375,2.857142857142857,3.0,0.6938775510204082,4.6,0.24,1.0,0,1,0,1,0,0
826,0,1,0.509393451422437,1,0.0,16.0,0.0,4,3,1.0,0.0,0.0,0.0,1.0,0,2.2,0.5599999999999999,2.375,2.0,0.234375,3.2857142857142856,4.0,0.7755102040816327,3.2,1.36,2.0,1,0,0,1,0,0
2365,1,1,0.7824773413897281,1,0.0,15.0,0.0,2,2,1.0,0.0,1.0,0.0,1.0,0,1.6,0.24,2.75,3.0,0.6875,2.2857142857142856,1.0,2.2040816326530615,3.8,0.1599999999999999,2.0,1,0,0,0,1,0
3507,0,1,0.509393451422437,1,0.0,16.0,0.0,4,3,1.0,1.0,0.0,0.0,1.0,0,2.6,0.24,2.125,2.0,0.109375,3.4285714285714284,4.0,0.5306122448979592,3.8,0.5599999999999999,3.0,0,1,0,1,0,0
3303,1,1,0.509393451422437,1,0.0,16.0,0.0,0,1,1.0,0.0,0.0,0.0,0.0,0,2.8,0.5599999999999999,2.0,2.0,0.25,3.7142857142857144,4.0,0.489795918367347,4.4,0.24,1.0,0,1,0,1,0,0
2214,0,1,0.509393451422437,1,0.0,15.0,0.0,0,1,1.0,1.0,0.0,0.0,0.0,0,2.8,0.5599999999999999,1.875,2.0,0.359375,4.0,4.0,0.0,4.0,0.8,1.0,0,1,0,1,0,0
539,1,1,0.509393451422437,1,0.0,14.0,0.0,0,1,1.0,1.0,0.0,0.0,1.0,0,2.0,0.4,2.125,2.0,0.859375,3.2857142857142856,3.0,0.489795918367347,4.8,0.1599999999999999,1.0,0,1,0,0,0,1
1446,0,1,0.509393451422437,1,0.0,17.0,0.0,0,1,1.0,0.0,0.0,0.0,0.0,0,2.4,1.04,2.82559375,3.302375,1.6141102802734375,2.857142857142857,4.0,1.8367346938775508,4.8,0.1599999999999999,1.0,0,1,0,1,0,0
1747,0,1,0.509393451422437,1,0.0,14.0,0.0,0,1,1.0,1.0,0.0,0.0,1.0,1,3.6,0.64,2.269218710810133,1.5768748432405315,1.9304761565113584,4.0,4.0,0.0,4.8,0.1599999999999999,1.0,1,0,0,1,0,0
2103,0,0,0.2979397781299525,1,0.0,15.0,0.0,2,2,1.0,1.0,0.0,0.0,1.0,0,2.8,0.96,2.875,3.0,1.109375,3.0,4.0,1.7142857142857142,4.8,0.1599999999999999,1.0,0,1,0,1,0,0
2869,1,1,0.509393451422437,1,0.0,16.0,0.0,0,1,1.0,1.0,0.0,0.0,0.0,1,3.0,0.4,1.875,2.0,0.609375,2.5714285714285716,3.0,1.1020408163265307,4.0,0.4,1.0,0,1,0,1,0,0
3315,1,1,0.509393451422437,1,0.0,16.0,0.0,3,0,1.0,1.0,0.0,0.0,1.0,1,3.0,1.2,2.125,2.0,0.859375,2.857142857142857,4.0,1.8367346938775508,4.0,0.8,1.0,0,1,0,1,0,0
2956,1,1,0.509393451422437,1,0.0,14.0,0.0,0,1,1.0,1.0,0.0,0.0,1.0,0,2.4,1.44,1.875,1.0,1.359375,3.142857142857143,4.0,1.8367346938775508,5.0,0.0,1.0,0,1,0,1,0,0
473,1,1,0.509393451422437,1,1.0,15.0,0.0,0,1,1.0,1.0,0.0,0.0,1.0,0,3.2,0.1599999999999999,2.375,2.5,0.984375,3.142857142857143,4.0,1.8367346938775508,4.6,0.24,5.0,1,0,0,1,0,0
248,1,0,0.2979397781299525,1,0.0,15.0,1.0,0,1,1.0,0.0,0.0,0.0,0.0,0,2.2,0.96,3.25,3.0,0.1875,2.5714285714285716,2.0,1.1020408163265307,2.6,1.44,3.0,0,1,0,1,0,0
3214,0,1,0.509393451422437,1,0.0,14.0,0.0,2,2,1.0,1.0,0.0,0.0,1.0,0,2.6,0.64,2.25,2.0,0.1875,3.7142857142857144,4.0,0.2040816326530612,4.2,2.56,1.0,0,1,0,1,0,0
1613,1,1,0.509393451422437,1,0.0,17.0,0.0,3,2,1.0,1.0,0.0,0.0,0.0,0,3.0,0.0,2.25,2.0,0.9375,3.7142857142857144,4.0,0.2040816326530612,4.6,0.6399999999999999,1.0,0,1,0,1,0,0
3593,0,0,0.2979397781299525,1,0.0,16.0,0.0,2,0,1.0,0.0,0.0,0.0,0.0,0,3.0,0.4,2.25,2.0,0.9375,3.4285714285714284,3.0,0.2448979591836734,2.0,1.6,1.0,0,1,0,1,0,0
838,0,1,0.509393451422437,1,0.0,17.0,0.0,2,2,1.0,1.0,0.0,0.0,1.0,0,2.0,0.0,2.0,2.0,0.5,3.0,3.0,1.1428571428571428,5.0,0.0,1.0,0,1,0,0,1,0
2980,0,1,0.509393451422437,1,0.0,15.0,0.0,2,0,1.0,0.0,0.0,0.0,0.0,1,2.4,0.24,2.875,3.0,1.109375,2.7142857142857144,3.0,0.489795918367347,3.0,1.6,1.0,0,1,0,1,0,0
1049,0,1,0.509393451422437,1,0.0,14.0,0.0,0,1,1.0,1.0,0.0,0.0,1.0,0,3.2,0.5599999999999999,2.375,2.5,0.984375,4.0,4.0,0.0,4.6,0.24,1.0,0,1,0,1,0,0
1314,0,1,0.509393451422437,1,0.0,14.0,0.0,0,1,1.0,1.0,0.0,0.0,1.0,0,3.0,1.2,2.5,2.5,0.75,3.7705421923585543,4.0,0.3159053129257113,4.6,0.6399999999999999,1.0,0,1,0,1,0,0
926,0,1,0.509393451422437,1,0.0,15.0,1.0,3,0,1.0,1.0,0.0,0.0,1.0,0,3.0,0.4,2.375,2.5,0.484375,3.7142857142857144,4.0,0.489795918367347,4.0,0.0,5.0,1,0,0,1,0,0
3761,1,1,0.509393451422437,2,1.0,16.0,0.0,2,2,1.0,1.0,0.0,0.0,0.0,0,3.0,0.0,2.875,3.0,0.359375,3.0,3.0,0.0,4.0,0.4,2.0,1,0,0,1,0,0
1520,0,1,0.509393451422437,1,0.0,15.0,0.0,2,2,1.0,1.0,0.0,0.0,1.0,0,3.4,0.24,2.125,2.0,0.359375,2.5714285714285716,3.0,0.8163265306122449,2.6,0.64,4.0,1,0,0,1,0,0
1020,1,1,0.509393451422437,1,0.0,14.0,0.0,0,1,1.0,0.0,0.0,0.0,0.0,0,2.6,0.24,2.625,3.0,1.234375,3.5714285714285716,4.0,0.5306122448979592,4.6,0.24,1.0,1,0,0,1,0,0
2025,1,0,0.2979397781299525,1,0.0,14.0,0.0,2,2,1.0,1.0,0.0,0.0,1.0,0,3.0,0.4,2.625,3.0,0.734375,3.7142857142857144,4.0,0.489795918367347,3.8,0.1599999999999999,1.0,0,1,0,1,0,0
1605,0,1,0.509393451422437,1,0.0,16.0,0.0,3,2,1.0,1.0,0.0,0.0,1.0,0,3.2,0.1599999999999999,2.25,2.0,0.6875,2.0,2.0,1.1428571428571428,3.8,0.96,1.0,0,1,0,1,0,0
2731,0,1,0.509393451422437,1,0.0,17.0,0.0,2,2,1.0,1.0,0.0,0.0,1.0,0,3.4,0.64,1.375,1.0,0.234375,2.7142857142857144,3.0,1.6326530612244896,3.6,1.0400000000000005,1.0,0,1,0,0,1,0
1581,0,0,0.2979397781299525,1,0.0,16.0,0.0,3,2,1.0,1.0,0.0,0.0,1.0,0,3.0,0.0,2.75,3.0,0.9375,3.142857142857143,3.0,0.4081632653061224,4.4,0.24,1.0,0,1,0,1,0,0
369,1,1,0.509393451422437,1,0.0,14.0,0.0,0,1,1.0,1.0,0.0,0.0,0.0,1,3.2,0.1599999999999999,2.25,2.0,0.6875,3.857142857142857,4.0,0.1224489795918367,4.4,0.24,1.0,0,1,0,0,0,1
3374,0,1,0.509393451422437,1,0.0,15.0,0.0,2,0,0.0,1.0,0.0,0.0,0.0,0,3.4,0.24,2.5,2.5,0.25,3.5714285714285716,4.0,0.2448979591836734,4.4,0.24,3.0,1,0,0,1,0,0
1307,1,1,0.7824773413897281,1,0.0,15.0,0.0,0,1,1.0,1.0,0.0,0.0,1.0,0,4.0,0.0,2.375,2.0,1.234375,4.0,4.0,0.0,5.0,0.0,1.0,0,1,0,1,0,0
1235,0,1,0.509393451422437,1,0.0,15.0,0.0,2,0,1.0,1.0,0.0,0.0,0.0,0,3.3520482533299827,0.2875588773708363,2.25,2.0,0.1875,3.7142857142857144,4.0,0.2040816326530612,3.380738522954092,1.8183702455368704,1.0,1,0,0,1,0,0
2742,1,1,0.509393451422437,1,0.0,16.0,0.0,2,0,1.0,1.0,0.0,0.0,0.0,0,2.8,0.1599999999999999,2.6319982504373907,2.0279930017495627,0.7259700155175527,2.2857142857142856,2.0,0.489795918367347,4.2,0.1599999999999999,4.0,0,1,0,0,1,0
3330,1,1,0.509393451422437,1,0.0,16.0,0.0,2,2,1.0,0.0,0.0,0.0,1.0,0,2.6,1.0400000000000005,2.5,2.5,0.75,3.4285714285714284,4.0,0.5306122448979592,4.4,0.24,1.0,0,1,0,1,0,0
2776,0,1,0.509393451422437,1,0.0,16.0,0.0,2,0,1.0,1.0,0.0,0.0,1.0,0,2.6,0.24,2.5,2.5,0.25,2.5714285714285716,3.0,0.5306122448979592,4.2,0.5599999999999999,3.0,1,0,0,1,0,0
988,0,1,0.509393451422437,1,0.0,16.0,0.0,5,4,1.0,1.0,0.0,0.0,1.0,1,3.6,0.64,2.75,2.5,0.6875,3.5714285714285716,4.0,0.2448979591836734,3.4,1.84,4.0,1,0,0,1,0,0
911,0,1,0.509393451422437,1,0.0,15.0,0.0,0,1,1.0,1.0,0.0,0.0,1.0,0,3.4,0.24,2.5,2.0,0.5,3.5714285714285716,4.0,0.2448979591836734,4.6,0.24,5.0,1,0,0,1,0,0
1570,0,0,0.2979397781299525,1,0.0,16.0,1.0,2,2,1.0,0.0,0.0,0.0,0.0,0,1.4,0.24,2.75,3.0,1.4375,1.5714285714285714,1.0,1.1020408163265307,4.2,0.1599999999999999,2.0,0,1,0,0,1,0
817,1,1,0.509393451422437,1,0.0,15.0,0.0,2,2,1.0,0.0,0.0,0.0,1.0,0,3.2,0.5599999999999999,2.375,2.5,0.984375,3.7142857142857144,4.0,0.2040816326530612,5.0,0.0,2.0,1,0,0,1,0,0
2993,1,1,0.509393451422437,2,1.0,15.0,0.0,0,1,1.0,0.0,1.0,0.0,0.0,1,2.8,0.5599999999999999,2.25,2.0,0.9375,3.4285714285714284,4.0,0.816326530612245,4.0,2.4,2.0,1,0,0,1,0,0
3090,1,1,0.7824773413897281,1,0.0,15.0,0.0,0,1,1.0,1.0,0.0,0.0,1.0,0,3.4,0.64,2.375,2.5,0.984375,3.7142857142857144,4.0,0.489795918367347,2.2,0.96,5.0,1,0,0,1,0,0
2519,1,1,0.509393451422437,1,0.0,16.0,0.0,3,3,1.0,1.0,0.0,0.0,1.0,0,3.6,0.24,2.75,3.0,1.1875,3.857142857142857,4.0,0.1224489795918367,4.4,0.6399999999999999,2.0,0,1,0,1,0,0
1286,0,1,0.509393451422437,1,1.0,15.0,0.0,2,2,0.0,1.0,0.0,0.0,0.0,1,2.8,0.5599999999999999,1.625,1.0,0.734375,2.857142857142857,3.0,0.4081632653061224,4.2,0.5599999999999999,1.0,0,1,0,1,0,0
717,0,1,0.509393451422437,1,0.0,15.0,0.0,0,1,1.0,1.0,0.0,0.0,1.0,0,3.0,0.0,2.375,2.0,0.734375,3.4285714285714284,4.0,1.1020408163265307,4.4,0.24,1.0,1,0,0,1,0,0
556,1,1,0.509393451422437,1,0.0,17.0,0.0,3,3,1.0,1.0,0.0,0.0,0.0,0,3.6,0.64,3.125,3.0,0.609375,3.5714285714285716,4.0,0.5306122448979593,4.2,0.96,4.0,1,0,0,0,1,0
3102,1,1,0.509393451422437,1,0.0,15.0,0.0,2,2,1.0,1.0,0.0,0.0,1.0,0,3.4,0.24,1.875,2.0,0.609375,2.4285714285714284,2.0,1.9591836734693877,4.8,0.1599999999999999,1.0,0,1,0,0,1,0
1287,1,1,0.509393451422437,1,0.0,15.0,0.0,3,2,1.0,1.0,0.0,0.0,0.0,0,2.0,0.8,2.25,2.0,1.4375,2.5714285714285716,3.0,1.959183673469388,4.8,0.1599999999999999,1.0,0,1,0,1,0,0
2134,0,0,0.2979397781299525,1,0.0,15.0,0.0,0,1,1.0,1.0,0.0,0.0,0.0,0,2.4,0.64,2.75,3.0,1.4375,2.857142857142857,3.0,1.2653061224489797,4.2,0.1599999999999999,1.0,0,1,0,0,1,0
2981,0,1,0.509393451422437,1,0.0,14.0,0.0,2,0,1.0,0.0,0.0,0.0,0.0,0,1.4,0.24,2.5,2.5,1.25,3.5714285714285716,4.0,0.5306122448979592,4.2,0.5599999999999999,1.0,0,1,0,1,0,0
2983,0,1,0.509393451422437,1,0.0,16.0,0.0,4,4,1.0,1.0,0.0,0.0,0.0,0,3.8,0.1599999999999999,2.5,2.5,0.75,4.0,4.0,0.0,1.8,2.5600000000000005,5.0,1,0,0,1,0,0
117,0,1,0.509393451422437,1,0.0,17.0,0.0,0,1,1.0,1.0,0.0,0.0,1.0,0,3.8,0.1599999999999999,2.25,2.5,0.6875,3.0,3.0,0.2857142857142857,2.8,0.5599999999999999,1.0,1,0,0,1,0,0
1778,0,1,0.509393451422437,1,0.0,14.0,0.0,0,1,1.0,0.0,0.0,0.0,0.0,0,2.2,1.36,2.5,2.0,0.5,3.511449290894152,4.0,1.0722150890004447,4.8,0.1599999999999999,1.0,0,1,0,1,0,0
617,1,1,0.509393451422437,1,0.0,15.0,0.0,2,2,1.0,1.0,0.0,0.0,0.0,0,3.6,0.24,2.875,3.0,0.609375,3.857142857142857,4.0,0.1224489795918367,4.2,0.1599999999999999,2.0,1,0,0,1,0,0
24,1,1,0.509393451422437,2,1.0,15.0,1.0,2,2,1.0,0.0,1.0,0.0,0.0,0,2.8,0.1599999999999999,2.375,2.5,0.984375,1.5714285714285714,1.0,0.5306122448979591,4.2,0.5599999999999999,1.0,1,0,0,1,0,0
1332,0,0,0.2979397781299525,1,0.0,14.0,0.0,0,1,1.0,1.0,0.0,0.0,0.0,0,4.0,0.0,2.375,2.0,1.734375,4.0,4.0,0.0,5.0,0.0,1.0,1,0,0,1,0,0
2285,1,1,0.7824773413897281,1,0.0,16.0,0.0,0,1,1.0,1.0,0.0,0.0,0.0,0,3.8,0.1599999999999999,1.625,2.0,0.234375,4.0,4.0,0.0,4.4,0.6399999999999999,5.0,1,0,0,1,0,0
3278,1,1,0.509393451422437,1,0.0,15.0,1.0,0,1,1.0,1.0,0.0,0.0,0.0,0,2.8,1.36,3.125,3.0,0.609375,3.5714285714285716,4.0,0.2448979591836734,3.0,2.0,4.0,1,0,0,1,0,0
1981,0,0,0.2979397781299525,2,1.0,16.0,0.0,3,3,1.0,0.0,0.0,0.0,0.0,1,2.8,0.5599999999999999,2.75,3.0,0.9375,4.0,4.0,0.0,3.2,1.36,4.0,1,0,0,0,1,0
188,0,1,0.509393451422437,1,1.0,16.0,0.0,3,2,1.0,1.0,0.0,0.0,1.0,0,3.2,1.36,2.5,2.5,0.25,3.7142857142857144,4.0,0.489795918367347,3.6,0.64,5.0,1,0,0,1,0,0
399,1,0,0.2979397781299525,1,0.0,14.0,0.0,0,1,1.0,1.0,0.0,0.0,1.0,0,3.6,0.24,2.0,2.0,0.5,3.857142857142857,4.0,0.1224489795918367,1.6,0.24,1.0,0,1,0,1,0,0
1969,0,1,0.509393451422437,1,0.0,17.0,1.0,4,4,1.0,0.0,0.0,0.0,1.0,1,1.2,0.16,2.25,1.5,1.9375,4.0,4.0,0.0,4.2,0.1599999999999999,3.0,0,1,0,1,0,0
2196,0,0,0.2979397781299525,1,0.0,15.0,1.0,2,3,1.0,1.0,0.0,0.0,1.0,0,3.6,0.24,2.625,3.0,0.234375,3.7142857142857144,4.0,0.2040816326530612,1.6,1.44,3.0,1,0,0,1,0,0
3146,1,1,0.7824773413897281,1,1.0,17.0,0.0,0,1,1.0,0.0,0.0,0.0,1.0,0,2.6,0.64,1.625,2.0,0.234375,3.2857142857142856,4.0,0.7755102040816327,4.2,0.1599999999999999,1.0,0,1,0,1,0,0
214,0,1,0.509393451422437,1,0.0,16.0,0.0,0,1,1.0,0.0,1.0,0.0,1.0,0,3.1342335583895973,0.2036074760125391,2.5939612015018776,2.8758448060075095,0.2178397502118574,2.5714285714285716,3.0,0.2448979591836734,3.8,0.1599999999999999,5.0,1,0,0,1,0,0
806,1,1,0.7824773413897281,1,0.0,16.0,0.0,2,2,1.0,1.0,0.0,0.0,1.0,0,2.8,0.5599999999999999,2.25,2.0,1.4375,2.7142857142857144,2.0,0.7755102040816327,5.0,0.0,1.0,0,1,0,0,1,0
723,1,1,0.509393451422437,1,1.0,17.0,0.0,0,1,0.0,0.0,0.0,0.0,1.0,0,3.8,0.1599999999999999,2.25,2.0,0.9375,3.4285714285714284,4.0,0.5306122448979592,4.2,0.5599999999999999,1.0,1,0,0,1,0,0
39,0,1,0.7824773413897281,1,1.0,17.0,0.0,2,2,1.0,1.0,0.0,0.0,1.0,0,2.8,0.1599999999999999,2.625,3.0,1.234375,3.857142857142857,4.0,0.1224489795918367,3.8,0.5599999999999999,5.0,1,0,0,1,0,0
802,0,1,0.509393451422437,1,0.0,16.0,0.0,2,2,1.0,1.0,0.0,0.0,1.0,0,3.0,0.4,2.625,2.5,0.484375,2.857142857142857,4.0,1.8367346938775508,4.2135635635635635,0.1553104556007458,3.0,1,0,0,0,1,0
1024,1,1,0.509393451422437,1,1.0,14.0,0.0,0,1,1.0,0.0,1.0,0.0,1.0,0,2.4,0.24,2.713,3.0,0.178583,3.142857142857143,4.0,1.836734693877551,3.4,0.24,1.0,0,1,0,1,0,0
2093,0,1,0.509393451422437,1,1.0,16.0,0.0,0,1,1.0,1.0,0.0,0.0,1.0,0,2.4,0.24,2.125,2.0,0.359375,3.0,3.0,1.1428571428571428,3.2,0.1599999999999999,3.0,0,1,0,1,0,0
2368,0,1,0.509393451422437,2,1.0,14.0,0.0,0,1,1.0,1.0,0.0,0.0,0.0,0,3.6,0.24,2.25,2.0,1.4375,2.142857142857143,1.0,1.8367346938775508,4.8,0.1599999999999999,1.0,1,0,0,1,0,0
3756,1,1,0.509393451422437,1,0.0,16.0,0.0,0,1,1.0,1.0,0.0,0.0,1.0,0,3.6,0.24,2.625,3.0,0.234375,3.857142857142857,4.0,0.1224489795918367,4.0,0.0,4.0,1,0,0,1,0,0
2673,1,1,0.509393451422437,1,0.0,17.0,0.0,2,2,1.0,1.0,0.0,0.0,0.0,0,3.5906218655967903,0.2516055589033902,2.875,2.5,0.859375,4.0,4.0,0.0,5.0,0.0,1.0,1,0,0,1,0,0
3458,1,1,0.509393451422437,1,0.0,14.0,0.0,0,1,1.0,1.0,0.0,0.0,0.0,0,2.4,1.44,2.125,2.0,0.609375,3.4285714285714284,4.0,0.5306122448979592,1.0,0.0,4.0,0,1,0,0,1,0
1013,0,1,0.509393451422437,1,0.0,14.0,1.0,0,1,1.0,1.0,0.0,0.0,1.0,0,2.6,0.64,2.25,2.0,0.9375,2.4285714285714284,3.0,0.5306122448979592,5.0,0.0,2.0,0,1,0,1,0,0
2872,0,1,0.509393451422437,1,0.0,17.0,0.0,3,3,1.0,1.0,0.0,0.0,1.0,0,2.6,0.24,2.375,2.5,0.484375,3.0,3.0,0.5714285714285714,3.6,0.64,2.0,1,0,0,1,0,0
3580,0,1,0.509393451422437,1,0.0,16.0,0.0,3,3,1.0,1.0,0.0,0.0,1.0,0,3.6,0.24,1.875,1.5,1.109375,3.5714285714285716,4.0,0.2448979591836734,4.0,0.4,4.0,1,0,0,1,0,0
2738,0,0,0.2979397781299525,1,0.0,16.0,1.0,5,5,1.0,1.0,0.0,0.0,1.0,0,3.0,0.4,2.25,2.0,0.4375,3.142857142857143,3.0,0.4081632653061224,3.0,2.0,4.0,1,0,0,1,0,0
1455,1,1,0.509393451422437,1,1.0,17.0,0.0,0,1,0.0,0.0,0.0,0.0,0.0,1,4.0,0.0,2.125,1.5,1.609375,3.5714285714285716,4.0,1.1020408163265307,3.8,0.96,5.0,0,0,1,1,0,0
2246,1,1,0.7824773413897281,1,0.0,15.0,0.0,2,2,1.0,1.0,0.0,0.0,0.0,0,3.0,0.8,2.5,2.5,0.75,3.5714285714285716,4.0,0.2448979591836734,5.0,0.0,1.0,1,0,0,1,0,0
292,1,1,0.509393451422437,1,1.0,17.0,1.0,4,3,1.0,0.0,0.0,0.0,1.0,0,3.0,0.8,2.375,2.0,1.234375,2.7142857142857144,3.0,0.489795918367347,3.8,0.5599999999999999,2.0,0,1,0,1,0,0
3500,1,1,0.509393451422437,1,0.0,17.0,0.0,4,0,0.0,1.0,0.0,0.0,0.0,0,4.0,0.0,2.875,3.0,1.109375,4.0,4.0,0.0,4.6,0.24,1.0,0,1,0,1,0,0
1023,0,1,0.509393451422437,1,0.0,14.0,0.0,0,1,0.0,1.0,0.0,0.0,0.0,0,3.4,0.64,1.875,1.0,1.609375,2.5714285714285716,3.0,1.959183673469388,1.8,2.5600000000000005,1.0,1,0,0,1,0,0
964,0,1,0.509393451422437,1,0.0,15.0,0.0,0,1,1.0,1.0,0.0,0.0,0.0,0,3.0,0.8,2.0,2.0,0.5,2.857142857142857,3.0,1.5510204081632657,4.4,0.64,1.0,1,0,0,1,0,0
2668,1,1,0.7824773413897281,1,0.0,15.0,0.0,3,2,1.0,1.0,0.0,0.0,0.0,0,2.2,0.5599999999999999,2.5,2.5,0.75,2.2857142857142856,3.0,1.346938775510204,4.8,0.1599999999999999,4.0,1,0,0,0,1,0
916,0,0,0.2979397781299525,1,0.0,15.0,1.0,3,3,1.0,1.0,0.0,0.0,1.0,0,3.4,0.24,1.625,1.5,0.484375,3.857142857142857,4.0,0.1224489795918367,3.0,1.6,2.0,0,1,0,1,0,0
3645,1,1,0.7824773413897281,1,0.0,16.0,0.0,3,2,1.0,1.0,0.0,0.0,1.0,0,2.4,0.64,2.75,3.0,0.9375,3.5714285714285716,4.0,0.2448979591836734,2.0,2.4,1.0,0,1,0,1,0,0
1789,1,1,0.509393451422437,1,0.0,14.0,0.0,0,1,1.0,1.0,0.0,0.0,1.0,0,2.8,1.36,2.0,2.0,1.0,2.857142857142857,4.0,1.8367346938775508,5.0,0.0,1.0,0,1,0,1,0,0
625,0,1,0.509393451422437,1,0.0,16.0,0.0,4,4,1.0,1.0,0.0,0.0,1.0,0,3.6,0.24,2.625,2.0,0.734375,3.857142857142857,4.0,0.1224489795918367,3.6,0.64,2.0,1,0,0,1,0,0
3173,0,0,0.2979397781299525,2,1.0,15.0,0.0,3,2,1.0,1.0,0.0,0.0,0.0,0,1.8,1.3600000000000003,2.125,1.0,2.109375,2.142857142857143,2.0,1.2653061224489794,1.4,0.64,2.0,1,0,0,1,0,0
1685,1,1,0.7824773413897281,1,0.0,16.0,0.0,2,2,1.0,1.0,0.0,0.0,1.0,0,3.4,0.64,2.5,2.0,1.0,4.0,4.0,0.0,4.6,0.24,1.0,0,1,0,1,0,0
1625,0,1,0.509393451422437,1,0.0,17.0,0.0,0,1,1.0,1.0,0.0,0.0,1.0,1,3.4,0.24,2.5,3.0,0.5,3.142857142857143,4.0,1.2653061224489797,4.2,0.5599999999999999,3.0,1,0,0,1,0,0
3281,0,1,0.509393451422437,1,0.0,15.0,0.0,2,0,1.0,1.0,0.0,0.0,1.0,0,2.6,1.04,2.25,2.0,0.6875,3.857142857142857,4.0,0.1224489795918367,2.8,0.5599999999999999,3.0,1,0,0,1,0,0
2283,0,1,0.509393451422437,1,0.0,15.0,0.0,3,3,1.0,1.0,0.0,0.0,0.0,0,3.4,0.24,2.25,2.5,0.6875,3.857142857142857,4.0,0.1224489795918367,4.4,0.24,4.0,1,0,0,1,0,0
2005,1,1,0.509393451422437,1,0.0,14.0,0.0,0,1,1.0,1.0,0.0,0.0,0.0,0,2.4,0.24,2.25,2.0,0.1875,2.7142857142857144,3.0,0.2040816326530612,4.2,0.1599999999999999,1.0,0,1,0,1,0,0
1995,0,1,0.7824773413897281,1,0.0,14.0,0.0,0,1,1.0,1.0,0.0,0.0,0.0,0,2.6,0.24,2.875,3.0,1.109375,3.2857142857142856,4.0,1.0612244897959184,3.4,0.24,2.0,1,0,0,1,0,0
3320,1,1,0.509393451422437,1,0.0,15.0,0.0,4,3,1.0,1.0,0.0,0.0,0.0,0,3.0,0.8,2.07559375,2.0,0.2900009052734374,3.857142857142857,4.0,0.1224489795918367,3.8,0.5599999999999999,1.0,0,1,0,1,0,0
336,0,0,0.2979397781299525,1,0.0,15.0,0.0,0,1,1.0,1.0,0.0,0.0,0.0,0,2.8,0.5599999999999999,2.75,2.5,1.1875,3.0,3.0,0.0,4.6,0.24,1.0,0,1,0,1,0,0
2044,0,1,0.509393451422437,1,0.0,15.0,1.0,2,0,1.0,1.0,0.0,0.0,0.0,0,2.4,0.24,2.5,2.5,1.25,3.2857142857142856,3.0,0.489795918367347,3.8,0.5599999999999999,4.0,1,0,0,1,0,0
2671,0,1,0.509393451422437,1,0.0,17.0,0.0,0,1,1.0,1.0,0.0,0.0,1.0,0,2.8,0.1599999999999999,1.75,2.0,0.4375,3.4285714285714284,4.0,0.816326530612245,4.4,0.24,1.0,0,1,0,0,1,0
3680,1,1,0.7824773413897281,1,0.0,15.0,0.0,2,0,1.0,1.0,0.0,0.0,0.0,0,3.0,0.4,2.125,2.0,0.359375,3.857142857142857,4.0,0.1224489795918367,4.6,0.24,1.0,0,1,0,1,0,0
3629,1,1,0.509393451422437,1,0.0,17.0,0.0,2,2,1.0,1.0,0.0,0.0,1.0,0,4.0,0.0,2.25,1.5,1.9375,2.857142857142857,3.0,1.5510204081632657,5.0,0.0,4.0,1,0,0,1,0,0
514,1,1,0.7824773413897281,1,0.0,16.0,1.0,3,3,1.0,0.0,1.0,0.0,1.0,0,2.8,0.5599999999999999,2.125,2.0,0.609375,3.7142857142857144,4.0,0.489795918367347,5.0,0.0,2.0,0,1,0,0,1,0
2423,0,1,0.509393451422437,1,0.0,15.0,0.0,0,1,1.0,1.0,0.0,0.0,0.0,0,3.0,0.0,2.0,2.0,0.5,3.2857142857142856,3.0,0.2040816326530612,2.6,0.64,1.0,1,0,0,1,0,0
3334,0,1,0.509393451422437,1,0.0,17.0,0.0,0,1,1.0,1.0,0.0,0.0,0.0,0,2.8,0.5599999999999999,2.5,2.5,1.75,3.2857142857142856,3.0,0.489795918367347,4.4,0.24,1.0,0,1,0,1,0,0
2454,1,1,0.7824773413897281,1,0.0,14.0,0.0,0,1,1.0,1.0,0.0,0.0,1.0,0,3.4,0.24,2.5,2.5,0.25,3.7142857142857144,4.0,0.2040816326530612,4.6,0.24,5.0,1,0,0,1,0,0
2457,0,1,0.509393451422437,1,1.0,16.0,1.0,0,1,1.0,0.0,0.0,0.0,0.0,0,3.6,0.24,2.75,3.0,0.6875,3.0,3.0,0.8571428571428571,2.6,0.6400000000000002,1.0,1,0,0,1,0,0
1957,1,1,0.509393451422437,1,0.0,14.0,0.0,2,0,1.0,0.0,1.0,0.0,0.0,0,2.8,0.5599999999999999,3.0,3.0,1.0,2.7142857142857144,4.0,2.2040816326530615,3.8,2.56,2.0,0,1,0,1,0,0
1291,1,1,0.509393451422437,2,1.0,16.0,0.0,2,0,1.0,0.0,0.0,0.0,0.0,0,3.2,0.1599999999999999,1.25,1.0,0.1875,3.142857142857143,3.0,0.6938775510204082,4.0,0.4,5.0,1,0,0,1,0,0
2206,0,0,0.2979397781299525,1,0.0,15.0,0.0,0,1,1.0,1.0,0.0,0.0,1.0,0,3.2,0.5599999999999999,2.25,2.0,1.6875,4.0,4.0,0.0,4.2,0.5599999999999999,2.0,1,0,0,1,0,0
207,1,1,0.509393451422437,1,1.0,17.0,0.0,2,2,1.0,1.0,0.0,0.0,1.0,0,3.6,0.24,2.375,2.0,1.984375,3.4285714285714284,4.0,1.1020408163265307,3.4,2.24,2.0,1,0,0,1,0,0
969,1,1,0.509393451422437,1,0.0,15.0,0.0,0,1,1.0,1.0,0.0,0.0,0.0,0,2.8,0.1599999999999999,2.625,2.5,0.484375,3.7142857142857144,4.0,0.2040816326530612,4.4,0.24,3.0,1,0,0,1,0,0
1848,1,1,0.509393451422437,1,1.0,17.0,0.0,3,3,1.0,1.0,0.0,0.0,1.0,0,3.6,0.24,2.125,2.0,0.609375,3.627685049501412,4.0,0.3727949189057064,3.780738522954092,0.9537794271735972,3.0,0,1,0,0,1,0
277,1,1,0.509393451422437,1,0.0,16.0,0.0,2,2,1.0,1.0,0.0,0.0,1.0,0,2.6,0.24,2.5,2.5,0.25,3.7142857142857144,4.0,0.2040816326530612,4.0,0.4,2.0,0,1,0,1,0,0
2271,1,1,0.509393451422437,1,0.0,15.0,0.0,0,1,1.0,1.0,0.0,0.0,1.0,0,2.2,2.16,2.875,3.0,1.109375,3.5714285714285716,4.0,1.1020408163265307,4.4,0.6399999999999999,3.0,0,1,0,1,0,0
1474,1,1,0.509393451422437,1,0.0,16.0,1.0,5,4,1.0,1.0,0.0,0.0,1.0,0,2.2,0.5599999999999999,2.5,2.5,0.25,3.7142857142857144,4.0,0.2040816326530612,4.2,0.1599999999999999,3.0,0,1,0,1,0,0
1051,0,0,0.2979397781299525,1,0.0,15.0,0.0,2,2,1.0,0.0,0.0,0.0,1.0,0,3.4,0.24,2.0,2.0,0.25,3.0,3.0,0.2857142857142857,3.4,0.24,1.0,0,0,1,1,0,0
271,1,1,0.509393451422437,1,0.0,17.0,0.0,3,3,1.0,0.0,0.0,0.0,1.0,0,2.2,0.96,2.25,2.5,0.6875,3.2857142857142856,3.0,0.489795918367347,4.4,0.24,1.0,0,1,0,1,0,0
2866,0,1,0.509393451422437,2,0.0,16.0,0.0,3,3,1.0,0.0,0.0,0.0,0.0,0,3.4,0.24,2.125,2.0,0.359375,4.0,4.0,0.0,3.4,0.24,1.0,0,1,0,0,1,0
2378,0,1,0.509393451422437,1,0.0,15.0,1.0,0,1,1.0,0.0,0.0,0.0,0.0,1,2.6,0.24,2.5,2.5,1.25,3.0,3.0,0.2857142857142857,2.2,0.5599999999999999,1.0,0,1,0,1,0,0
1213,1,1,0.509393451422437,1,1.0,15.0,0.0,0,1,1.0,1.0,0.0,0.0,1.0,1,3.6,0.24,2.375,2.5,0.984375,2.7142857142857144,3.0,0.489795918367347,1.6,0.64,4.0,1,0,0,1,0,0
941,0,0,0.2979397781299525,1,0.0,15.0,0.0,0,1,1.0,1.0,0.0,0.0,1.0,0,3.4,0.24,2.5,2.5,1.75,3.2857142857142856,3.0,0.489795918367347,4.2,0.1599999999999999,2.0,1,0,0,1,0,0
3028,1,0,0.2979397781299525,2,1.0,16.0,0.0,0,1,1.0,0.0,0.0,0.0,0.0,0,3.0,0.8,2.0,1.5,1.5,1.7142857142857142,1.0,1.0612244897959182,4.2,0.5599999999999999,3.0,1,0,0,1,0,0
3631,1,1,0.509393451422437,1,0.0,16.0,0.0,0,1,1.0,1.0,0.0,0.0,0.0,0,3.4,0.24,2.625,2.5,1.484375,3.4285714285714284,4.0,0.5306122448979592,4.4,0.6399999999999999,1.0,1,0,0,1,0,0
3505,1,1,0.509393451422437,2,0.0,17.0,0.0,2,0,1.0,0.0,1.0,0.0,1.0,0,3.6,0.24,2.0,2.0,0.5,4.0,4.0,0.0,4.8,0.1599999999999999,2.0,0,1,0,1,0,0
2121,1,0,0.2979397781299525,1,0.0,16.0,0.0,3,2,1.0,1.0,0.0,0.0,0.0,0,2.8,0.96,2.625,2.5,0.484375,3.2857142857142856,3.0,0.489795918367347,3.0,2.8,2.0,1,0,0,1,0,0
2730,0,0,0.2979397781299525,1,0.0,17.0,0.0,4,3,1.0,1.0,0.0,0.0,1.0,0,3.8,0.1599999999999999,1.9751628664495111,2.0,0.5043181824210338,2.4777154294292147,2.0,1.458410471371575,1.0,0.0,1.0,0,1,0,1,0,0
2344,1,0,0.2979397781299525,1,0.0,15.0,0.0,2,0,1.0,1.0,0.0,0.0,0.0,0,3.2,0.1599999999999999,2.25,2.0,0.9375,3.0,3.0,0.8571428571428571,5.0,0.0,1.0,0,1,0,0,1,0
511,0,0,0.2979397781299525,1,0.0,15.0,0.0,2,0,1.0,1.0,0.0,0.0,1.0,0,1.8,0.56,2.5,3.0,1.0,2.0,2.0,0.2857142857142857,3.8,0.5599999999999999,1.0,0,1,0,1,0,0
2225,0,1,0.509393451422437,1,0.0,15.0,0.0,2,0,1.0,1.0,0.0,0.0,0.0,0,2.4,1.04,2.875,3.0,0.859375,2.2857142857142856,2.0,1.6326530612244898,4.0,1.2,4.0,1,0,0,0,1,0
1753,0,0,0.2979397781299525,1,0.0,14.0,0.0,2,2,1.0,1.0,0.0,0.0,1.0,1,3.4,0.64,2.875,3.0,0.859375,2.857142857142857,3.0,0.6938775510204082,4.0,0.0,2.0,1,0,0,1,0,0
3156,1,1,0.509393451422437,2,1.0,16.0,0.0,0,1,1.0,0.0,0.0,0.0,0.0,0,2.6,0.24,2.112149824912456,2.0,0.3380430825952621,1.8571428571428572,2.0,0.6938775510204082,3.6,0.24,2.0,1,0,0,1,0,0
1973,1,1,0.509393451422437,1,1.0,16.0,1.0,2,0,1.0,0.0,0.0,0.0,1.0,0,2.0,0.8,2.25,2.0,0.1875,3.142857142857143,3.0,0.6938775510204082,3.2,0.5599999999999999,3.0,1,0,0,1,0,0
3000,0,1,0.509393451422437,1,1.0,15.0,0.0,0,1,1.0,1.0,0.0,0.0,1.0,0,3.6,0.24,2.125,2.5,0.859375,3.7142857142857144,4.0,0.489795918367347,3.6,0.64,1.0,0,1,0,1,0,0
2899,1,1,0.509393451422437,1,0.0,14.0,0.0,0,1,1.0,1.0,0.0,0.0,0.0,0,3.6,0.24,1.75,1.5,0.6875,3.857142857142857,4.0,0.1224489795918367,4.2,0.1599999999999999,5.0,1,0,0,1,0,0
2789,0,1,0.509393451422437,1,0.0,16.0,0.0,2,0,1.0,0.0,1.0,0.0,0.0,0,3.4,0.24,2.125,2.0,0.609375,3.142857142857143,3.0,0.4081632653061224,4.2,0.1599999999999999,4.0,1,0,0,0,1,0
2861,0,1,0.509393451422437,1,1.0,14.0,0.0,0,1,1.0,1.0,0.0,0.0,1.0,0,2.2,0.1599999999999999,1.875,2.0,0.359375,3.5714285714285716,4.0,0.5306122448979592,4.6,0.24,1.0,0,1,0,1,0,0
3479,0,1,0.509393451422437,1,0.0,17.0,0.0,3,3,1.0,1.0,0.0,0.0,1.0,1,2.4,0.24,2.5,2.5,0.25,2.5714285714285716,2.0,1.673469387755102,4.2,0.1599999999999999,1.0,0,1,0,0,1,0
2643,0,0,0.2979397781299525,1,1.0,15.0,0.0,0,1,1.0,1.0,0.0,0.0,1.0,0,2.2,0.5599999999999999,2.5,3.0,1.0,2.857142857142857,3.0,0.4081632653061224,5.0,0.0,1.0,0,1,0,1,0,0
791,1,1,0.509393451422437,1,0.0,16.0,0.0,0,1,1.0,0.0,0.0,0.0,1.0,0,2.8,0.1599999999999999,2.625,2.0,1.234375,4.0,4.0,0.0,5.0,0.0,1.0,0,1,0,0,1,0
2986,1,0,0.2979397781299525,1,0.0,15.0,0.0,2,0,1.0,1.0,0.0,0.0,0.0,1,2.8,0.1599999999999999,2.625,3.0,0.734375,2.5714285714285716,3.0,0.816326530612245,3.2,0.96,1.0,0,1,0,1,0,0
1359,1,1,0.509393451422437,2,1.0,15.0,0.0,0,1,1.0,1.0,0.0,0.0,1.0,1,3.0,0.4,2.25,2.0,0.9375,3.5714285714285716,4.0,0.5306122448979592,3.4,0.64,2.0,1,0,0,1,0,0
1438,1,1,0.7824773413897281,1,1.0,14.0,0.0,0,1,1.0,1.0,0.0,0.0,1.0,0,3.0,0.4,2.375,2.0,0.734375,2.857142857142857,2.0,0.979591836734694,4.6,0.24,1.0,0,1,0,1,0,0
1572,0,1,0.509393451422437,1,0.0,17.0,0.0,3,3,1.0,1.0,0.0,0.0,0.0,0,2.4,0.24,2.625,3.0,0.734375,3.5714285714285716,4.0,0.2448979591836734,4.0,0.0,2.0,0,1,0,1,0,0
1770,0,0,0.2979397781299525,1,0.0,15.0,0.0,0,1,1.0,1.0,0.0,0.0,1.0,0,3.6,0.24,2.125,2.0,0.609375,4.0,4.0,0.0,2.6,3.8400000000000007,1.0,0,1,0,1,0,0
533,0,0,0.2979397781299525,1,0.0,14.0,0.0,2,0,1.0,1.0,0.0,0.0,1.0,0,1.2,0.16,2.125,1.5,1.609375,2.2857142857142856,2.0,1.6326530612244898,4.4,0.64,1.0,0,0,1,0,1,0
1321,1,1,0.509393451422437,1,1.0,14.0,1.0,0,1,1.0,1.0,0.0,0.0,0.0,0,3.8,0.1599999999999999,2.625,3.0,0.734375,2.5714285714285716,2.0,1.673469387755102,3.0,0.4,1.0,0,1,0,1,0,0
1746,0,1,0.509393451422437,1,0.0,16.0,0.0,0,1,1.0,1.0,0.0,0.0,1.0,0,2.6,0.24,2.25,2.5,0.6875,3.082877862322724,3.580145036259065,1.1840695832362484,3.0,0.4,1.0,0,1,0,0,1,0
2088,0,1,0.509393451422437,1,1.0,17.0,0.0,0,1,1.0,1.0,0.0,0.0,1.0,0,2.8,2.16,2.625,3.0,1.234375,3.5714285714285716,4.0,1.1020408163265307,5.0,0.0,1.0,0,1,0,1,0,0
560,1,1,0.509393451422437,1,0.0,17.0,0.0,4,2,1.0,0.0,0.0,0.0,0.0,0,2.0,0.4,2.75,3.0,0.6875,3.0,3.0,1.1428571428571428,4.4,0.24,1.0,1,0,0,1,0,0
1589,0,1,0.7824773413897281,1,0.0,16.0,0.0,3,2,1.0,1.0,0.0,0.0,1.0,0,3.4,0.24,2.5,2.5,0.25,3.142857142857143,4.0,0.979591836734694,4.0,0.0,4.0,1,0,0,1,0,0
897,1,1,0.7824773413897281,1,0.0,16.0,0.0,2,0,1.0,1.0,1.0,1.0,1.0,0,3.0,0.4,2.125,2.0,0.359375,3.5714285714285716,4.0,0.5306122448979592,4.8,0.1599999999999999,1.0,0,1,0,1,0,0
3726,0,0,0.2979397781299525,1,1.0,15.0,0.0,0,1,1.0,1.0,0.0,0.0,1.0,0,3.6,0.24,2.25,2.0,0.4375,3.857142857142857,4.0,0.1224489795918367,4.8,0.1599999999999999,5.0,1,0,0,0,1,0
3746,1,0,0.2979397781299525,1,0.0,16.0,1.0,4,2,1.0,1.0,0.0,0.0,1.0,0,3.2,0.5599999999999999,2.25,2.0,1.4375,3.7142857142857144,4.0,0.489795918367347,4.8,0.1599999999999999,4.0,1,0,0,1,0,0
1956,1,1,0.509393451422437,1,0.0,15.0,0.0,2,0,0.0,0.0,0.0,0.0,1.0,0,2.8,0.1599999999999999,2.75,3.0,0.1875,3.142857142857143,3.0,0.4081632653061224,3.2,0.1599999999999999,1.0,1,0,0,0,1,0
812,0,1,0.509393451422437,1,0.0,16.0,1.0,3,3,1.0,1.0,0.0,0.0,1.0,0,4.0,0.0,2.25,2.5,0.6875,2.5714285714285716,3.0,0.2448979591836734,4.4,0.64,3.0,1,0,0,1,0,0
2306,0,1,0.509393451422437,1,0.0,14.0,0.0,3,2,1.0,1.0,0.0,0.0,1.0,0,2.8,0.5599999999999999,1.875,1.5,1.109375,3.857142857142857,4.0,0.1224489795918367,4.4,0.6399999999999999,1.0,0,1,0,1,0,0
997,1,0,0.2979397781299525,1,0.0,16.0,0.0,2,2,1.0,1.0,0.0,0.0,1.0,0,2.8,0.5599999999999999,2.0,2.0,0.75,3.2857142857142856,4.0,1.3469387755102038,4.2,0.5599999999999999,5.0,1,0,0,1,0,0
1168,1,1,0.509393451422437,1,0.0,15.0,0.0,3,0,1.0,1.0,0.0,0.0,0.0,0,2.2,2.16,3.0,3.0,0.75,4.0,4.0,0.0,4.4,1.44,1.0,0,1,0,1,0,0
2706,1,0,0.2979397781299525,1,0.0,17.0,0.0,2,0,1.0,1.0,0.0,0.0,0.0,0,3.4,0.24,2.25,2.0,0.9375,3.7142857142857144,4.0,0.2040816326530612,1.8,2.5600000000000005,1.0,0,1,0,1,0,0
1111,0,1,0.7824773413897281,1,0.0,15.0,1.0,0,1,1.0,1.0,0.0,0.0,0.0,0,3.0,0.4,2.625,3.0,0.734375,3.857142857142857,4.0,0.1224489795918367,3.6,0.24,3.0,0,1,0,0,1,0
3418,1,0,0.2979397781299525,1,0.0,16.0,0.0,4,3,1.0,1.0,0.0,0.0,1.0,0,3.4,0.24,2.5,2.5,0.75,4.0,4.0,0.0,4.413563563563564,0.2298850301753205,3.0,0,1,0,0,1,0
2829,1,1,0.7824773413897281,1,1.0,17.0,0.0,0,1,0.0,0.0,0.0,0.0,1.0,0,3.8,0.1599999999999999,1.5,1.0,0.5,4.0,4.0,0.0,4.8,0.1599999999999999,1.0,1,0,0,1,0,0
2351,1,1,0.509393451422437,1,1.0,14.0,0.0,2,2,0.0,1.0,0.0,0.0,1.0,0,3.0,1.2,2.75,3.0,1.4375,3.7142857142857144,4.0,0.489795918367347,3.0,1.2,2.0,1,0,0,1,0,0
2043,1,1,0.7824773413897281,1,0.0,14.0,0.0,2,2,1.0,1.0,0.0,0.0,1.0,0,3.6,0.24,1.875,1.5,1.109375,2.857142857142857,3.0,0.6938775510204082,4.0,0.4,1.0,0,1,0,1,0,0
2440,0,0,0.2979397781299525,1,0.0,15.0,0.0,3,2,1.0,0.0,0.0,0.0,1.0,0,2.2,0.5599999999999999,1.875,1.5,0.859375,3.5714285714285716,4.0,0.5306122448979592,4.4,0.24,1.0,0,1,0,1,0,0
2186,0,1,0.509393451422437,1,0.0,14.0,0.0,0,1,1.0,1.0,0.0,0.0,0.0,0,2.6,1.0400000000000005,2.375,2.5,0.984375,3.5714285714285716,4.0,0.2448979591836734,5.0,0.0,1.0,1,0,0,1,0,0
2066,1,1,0.7824773413897281,2,0.0,14.0,1.0,0,1,1.0,1.0,0.0,0.0,0.0,0,3.2,0.5599999999999999,3.125,3.0,0.609375,3.5714285714285716,4.0,0.5306122448979592,3.8,0.1599999999999999,3.0,1,0,0,1,0,0
636,0,1,0.509393451422437,1,0.0,16.0,0.0,2,2,1.0,1.0,0.0,0.0,1.0,0,2.8,0.1599999999999999,2.0,2.0,1.0,2.5714285714285716,3.0,0.2448979591836734,3.2,0.1599999999999999,2.0,0,1,0,1,0,0
2904,0,1,0.509393451422437,1,0.0,15.0,0.0,0,1,1.0,1.0,0.0,0.0,0.0,0,2.8,0.1599999999999999,2.125,2.0,0.609375,3.857142857142857,4.0,0.1224489795918367,3.8,0.5599999999999999,1.0,1,0,0,1,0,0
2328,1,1,0.509393451422437,1,0.0,14.0,0.0,2,0,1.0,1.0,0.0,0.0,0.0,0,2.2,0.5599999999999999,2.0,2.0,0.75,3.2857142857142856,4.0,0.7755102040816327,3.6,3.04,1.0,0,1,0,0,0,1
3658,0,1,0.509393451422437,2,1.0,17.0,1.0,2,0,1.0,1.0,0.0,0.0,0.0,0,3.6,0.24,2.125,2.0,0.609375,3.142857142857143,4.0,1.8367346938775508,4.6,0.24,3.0,1,0,0,1,0,0
790,1,1,0.509393451422437,1,0.0,15.0,0.0,2,0,1.0,0.0,1.0,0.0,1.0,0,2.8,0.96,2.75,3.0,0.9375,3.0,3.0,0.8571428571428571,4.4,0.24,1.0,1,0,0,0,1,0
1648,0,1,0.509393451422437,1,0.0,16.0,0.0,1,2,1.0,1.0,0.0,0.0,0.0,0,3.2,0.5599999999999999,2.25,2.5,0.6875,3.857142857142857,4.0,0.1224489795918367,4.6,0.24,2.0,1,0,0,1,0,0
2633,0,0,0.2979397781299525,1,0.0,16.0,0.0,0,1,1.0,1.0,0.0,0.0,1.0,0,3.0,0.0,2.75,3.0,1.6875,3.0,3.0,1.1428571428571428,4.6,0.6399999999999999,5.0,1,0,0,1,0,0
801,0,1,0.509393451422437,1,0.0,16.0,1.0,4,3,1.0,1.0,0.0,0.0,1.0,0,2.4,1.0400000000000005,2.875,3.0,0.859375,3.2857142857142856,3.0,0.489795918367347,3.6,1.0400000000000005,1.0,0,0,1,0,1,0
1655,0,1,0.7824773413897281,1,0.0,16.0,0.0,0,1,1.0,1.0,0.0,0.0,1.0,0,3.6,0.24,2.25,2.0,0.9375,3.2857142857142856,4.0,0.7755102040816327,2.4,1.4400000000000002,5.0,1,0,0,1,0,0
12,0,1,0.509393451422437,1,0.0,16.0,0.0,2,2,1.0,1.0,0.0,0.0,1.0,0,2.8,0.96,2.75,3.0,1.4375,3.2857142857142856,4.0,0.7755102040816327,3.8,0.5599999999999999,1.0,0,1,0,1,0,0
1416,0,1,0.509393451422437,1,0.0,16.0,0.0,2,2,0.0,0.0,0.0,0.0,0.0,1,3.0,0.4,2.5,2.5,1.25,3.142857142857143,3.0,0.1224489795918367,3.0,1.6,3.0,1,0,0,1,0,0
2635,0,1,0.509393451422437,2,1.0,16.0,1.0,2,0,1.0,1.0,0.0,0.0,1.0,1,2.8,0.96,2.125,2.0,0.359375,4.0,4.0,0.0,4.4,0.6399999999999999,1.0,0,1,0,0,0,1
3112,0,1,0.509393451422437,1,0.0,15.0,1.0,3,3,1.0,1.0,0.0,0.0,1.0,0,3.4,0.24,2.25,2.5,0.6875,2.7142857142857144,3.0,1.0612244897959184,3.4,1.44,4.0,1,0,0,1,0,0
3379,1,0,0.2979397781299525,1,0.0,14.0,0.0,2,0,1.0,1.0,0.0,1.0,1.0,0,2.8,0.96,2.625,3.0,0.734375,2.7142857142857144,3.0,0.7755102040816327,4.4,0.24,1.0,0,1,0,1,0,0
1058,0,0,0.2979397781299525,1,0.0,16.0,0.0,2,2,0.0,0.0,1.0,0.0,1.0,0,3.8,0.1599999999999999,2.0,2.0,0.75,3.857142857142857,4.0,0.1224489795918367,4.8,0.1599999999999999,4.0,1,0,0,1,0,0
2442,1,1,0.509393451422437,1,0.0,15.0,0.0,2,0,1.0,1.0,0.0,0.0,1.0,0,2.6,0.64,3.125,3.0,0.609375,3.0,3.0,0.2857142857142857,3.0,1.2,3.0,1,0,0,1,0,0
1627,1,1,0.509393451422437,1,1.0,15.0,1.0,0,1,1.0,1.0,0.0,0.0,1.0,0,3.6,0.64,2.375,2.5,0.984375,2.7142857142857144,4.0,2.2040816326530615,1.8,2.5600000000000005,1.0,1,0,0,1,0,0
3031,1,0,0.2979397781299525,2,1.0,16.0,0.0,2,2,0.0,1.0,0.0,0.0,0.0,0,3.0,0.4,2.5,2.5,0.25,2.142857142857143,2.0,0.979591836734694,3.8,0.5599999999999999,2.0,0,1,0,0,1,0
58,1,1,0.509393451422437,1,0.0,14.0,0.0,0,1,1.0,1.0,0.0,0.0,1.0,0,4.0,0.0,2.0,1.0,1.75,3.5714285714285716,4.0,1.1020408163265307,3.2,1.36,2.0,1,0,0,1,0,0
1606,0,1,0.509393451422437,1,0.0,16.0,0.0,4,4,1.0,1.0,0.0,0.0,0.0,0,3.2,0.5599999999999999,2.25,2.0,0.6875,3.857142857142857,4.0,0.1224489795918367,4.6,0.24,5.0,1,0,0,1,0,0
2531,1,1,0.509393451422437,1,0.0,16.0,0.0,0,1,1.0,0.0,0.0,0.0,1.0,0,2.6,1.04,2.25,2.0,1.1875,2.142857142857143,2.0,0.979591836734694,4.8,0.1599999999999999,1.0,0,1,0,1,0,0
3650,0,0,0.2979397781299525,2,1.0,16.0,0.0,0,1,1.0,0.0,0.0,0.0,0.0,0,3.0,0.8,2.625,2.5,0.984375,2.857142857142857,4.0,1.8367346938775508,3.6,0.24,2.0,1,0,0,1,0,0
683,1,1,0.509393451422437,2,1.0,16.0,0.0,0,1,1.0,0.0,0.0,0.0,0.0,1,2.4,0.24,2.125,2.0,0.359375,2.142857142857143,2.0,0.9795918367346936,4.2,0.1599999999999999,2.0,1,0,0,1,0,0
3359,0,0,0.2979397781299525,1,0.0,15.0,0.0,2,0,1.0,1.0,0.0,0.0,1.0,0,2.8,0.5599999999999999,2.5,2.5,0.75,2.857142857142857,3.0,1.551020408163265,4.6,0.24,1.0,0,1,0,0,1,0
1254,0,1,0.509393451422437,1,0.0,15.0,0.0,2,0,1.0,1.0,0.0,0.0,1.0,1,2.6,0.24,2.25,2.0,0.4375,3.4285714285714284,4.0,1.1020408163265307,4.8,0.1599999999999999,1.0,0,1,0,1,0,0
3046,0,0,0.2979397781299525,1,0.0,14.0,0.0,0,1,1.0,0.0,0.0,0.0,0.0,0,2.6,0.24,2.375,2.0,0.734375,3.142857142857143,3.0,0.6938775510204082,4.4,0.6399999999999999,1.0,1,0,0,1,0,0
639,0,1,0.509393451422437,1,1.0,17.0,0.0,0,1,1.0,1.0,0.0,0.0,1.0,0,1.6,0.24,2.7780172413793105,3.0,1.40096889863258,2.0,1.0,1.7142857142857142,3.8,0.5599999999999999,1.0,1,0,0,0,0,1
2977,1,1,0.509393451422437,1,0.0,15.0,0.0,0,1,1.0,1.0,0.0,0.0,0.0,1,3.4,0.24,2.375,2.0,0.234375,3.7142857142857144,4.0,0.2040816326530612,4.8,0.1599999999999999,3.0,1,0,0,1,0,0
3096,1,0,0.2979397781299525,2,0.0,15.0,0.0,5,4,1.0,1.0,0.0,0.0,0.0,0,1.8,0.16,2.5,2.5,1.25,2.2857142857142856,2.0,1.0612244897959184,2.4,1.44,3.0,1,0,0,1,0,0
2954,0,1,0.509393451422437,1,1.0,14.0,1.0,4,4,0.0,1.0,0.0,1.0,1.0,0,3.4,0.24,2.1001628664495113,1.9006514657980456,1.1199024658086558,2.4285714285714284,2.0,0.8163265306122449,2.0,2.4,5.0,1,0,0,1,0,0
1555,1,1,0.509393451422437,1,0.0,14.0,0.0,2,0,0.0,0.0,1.0,0.0,0.0,0,2.8,0.1599999999999999,2.5,2.5,1.25,3.142857142857143,3.0,0.6938775510204082,4.6,0.6399999999999999,1.0,1,0,0,0,1,0
3088,0,0,0.2979397781299525,1,0.0,15.0,0.0,0,1,1.0,1.0,0.0,0.0,1.0,0,3.2,0.5599999999999999,2.5,2.0,1.0,3.7142857142857144,4.0,0.2040816326530612,4.8,0.1599999999999999,2.0,1,0,0,1,0,0
130,0,1,0.509393451422437,1,0.0,14.0,0.0,0,1,0.0,0.0,0.0,0.0,0.0,1,3.4,0.64,2.0,1.5,1.25,3.7142857142857144,4.0,0.489795918367347,4.4,0.6399999999999999,1.0,1,0,0,1,0,0
939,1,1,0.509393451422437,1,0.0,14.0,0.0,0,1,1.0,1.0,0.0,0.0,1.0,0,4.0,0.0,2.0,2.0,0.75,4.0,4.0,0.0,3.4,0.64,1.0,1,0,0,1,0,0
755,1,1,0.509393451422437,1,0.0,17.0,0.0,2,2,1.0,0.0,0.0,0.0,0.0,0,3.0,0.4,2.0,2.0,0.25,3.5714285714285716,4.0,0.5306122448979592,4.2,0.5599999999999999,5.0,1,0,0,1,0,0
3688,1,1,0.509393451422437,1,0.0,17.0,0.0,3,3,1.0,1.0,0.0,0.0,0.0,0,3.6,0.24,2.375,2.0,0.734375,4.0,4.0,0.0,4.6,0.24,3.0,1,0,0,1,0,0
1003,1,0,0.2979397781299525,1,0.0,14.0,1.0,0,1,1.0,0.0,1.0,0.0,1.0,0,2.0,0.4,2.5,2.0,1.0,3.2857142857142856,3.0,0.489795918367347,4.2,1.36,1.0,0,1,0,1,0,0
3205,0,1,0.509393451422437,1,0.0,14.0,0.0,0,1,1.0,1.0,0.0,0.0,1.0,1,3.0,0.4,2.0,2.0,0.75,2.857142857142857,3.0,0.1224489795918367,3.2,0.96,1.0,0,0,1,0,0,1
1470,0,1,0.509393451422437,1,0.0,14.0,0.0,0,1,1.0,1.0,0.0,0.0,0.0,0,2.4,0.24,3.0,3.0,0.5,3.6768290503591983,4.0,0.3255918066053331,3.4,0.24,1.0,0,1,0,0,0,1
2458,0,1,0.509393451422437,1,0.0,15.0,0.0,0,1,1.0,1.0,0.0,0.0,1.0,0,2.6,0.24,2.75,3.0,1.1875,2.5714285714285716,3.0,0.2448979591836734,4.2,0.1599999999999999,1.0,0,1,0,0,1,0
2972,0,1,0.509393451422437,1,0.0,15.0,0.0,3,2,1.0,1.0,0.0,0.0,1.0,0,2.6,0.24,1.75,2.0,0.1875,4.0,4.0,0.0,3.8,0.5599999999999999,5.0,1,0,0,1,0,0
1900,0,0,0.2979397781299525,1,0.0,17.0,0.0,4,0,1.0,1.0,0.0,0.0,0.0,0,3.2,0.5599999999999999,2.625,2.0,0.734375,3.5714285714285716,4.0,0.2448979591836734,3.6,3.04,1.0,0,1,0,1,0,0
1824,0,0,0.2979397781299525,1,0.0,15.0,0.0,0,1,1.0,1.0,0.0,0.0,1.0,0,3.4,0.24,2.25,2.0,0.1875,4.0,4.0,0.0,3.8,0.5599999999999999,5.0,1,0,0,1,0,0
1756,0,1,0.509393451422437,1,1.0,15.0,1.0,2,3,1.0,1.0,0.0,0.0,1.0,0,3.4,1.44,2.125,2.0,1.109375,2.7142857142857144,3.0,0.489795918367347,1.0,0.0,3.0,0,1,0,1,0,0
1393,0,1,0.509393451422437,1,0.0,15.0,0.0,0,1,1.0,1.0,0.0,0.0,0.0,0,2.0,0.8,2.125,1.5,1.609375,3.5714285714285716,4.0,1.1020408163265307,4.0,2.4,1.0,1,0,0,1,0,0
3664,0,0,0.2979397781299525,1,0.0,16.0,0.0,0,1,1.0,1.0,0.0,0.0,1.0,0,2.6,0.24,2.0,2.0,0.75,3.5714285714285716,4.0,0.2448979591836734,4.4,0.24,2.0,1,0,0,1,0,0
1288,0,1,0.509393451422437,1,0.0,16.0,0.0,0,1,0.0,1.0,1.0,0.0,0.0,0,2.4,0.24,3.0,3.0,0.5,4.0,4.0,0.0,3.8,0.5599999999999999,1.0,0,1,0,1,0,0
1610,0,1,0.509393451422437,1,0.0,14.0,0.0,2,0,1.0,1.0,0.0,0.0,1.0,0,3.8,0.1599999999999999,2.25,2.0,0.1875,2.857142857142857,3.0,1.5510204081632657,2.4,2.24,5.0,1,0,0,1,0,0
3389,1,1,0.509393451422437,1,0.0,14.0,0.0,0,1,1.0,1.0,0.0,0.0,1.0,0,4.0,0.0,2.375,2.0,0.234375,3.5714285714285716,4.0,0.2448979591836734,4.0,0.0,4.0,1,0,0,1,0,0
3293,1,1,0.7824773413897281,1,0.0,15.0,1.0,3,0,1.0,0.0,0.0,0.0,0.0,0,2.4,1.0400000000000005,2.625,2.5,1.484375,4.0,4.0,0.0,3.6,2.24,3.0,1,0,0,1,0,0
599,0,1,0.509393451422437,1,0.0,16.0,0.0,2,0,1.0,1.0,0.0,0.0,1.0,0,2.0,0.4,2.125,2.0,0.859375,3.4285714285714284,4.0,1.1020408163265307,2.6,1.04,1.0,0,1,0,1,0,0
2590,1,1,0.509393451422437,2,0.0,16.0,0.0,4,2,1.0,1.0,0.0,0.0,1.0,1,2.0,0.4,2.375,2.0,1.984375,3.7142857142857144,4.0,0.2040816326530612,4.6,0.6399999999999999,5.0,0,1,0,1,0,0
2592,0,0,0.2979397781299525,1,0.0,16.0,0.0,2,2,1.0,1.0,0.0,0.0,1.0,0,4.0,0.0,2.75,3.0,1.4375,4.0,4.0,0.0,3.4,1.04,1.0,0,1,0,1,0,0
3576,0,0,0.2979397781299525,1,0.0,16.0,0.0,4,3,1.0,0.0,0.0,0.0,0.0,0,3.0,0.0,2.75,3.0,0.9375,2.857142857142857,3.0,0.1224489795918367,4.2,0.1599999999999999,1.0,0,1,0,1,0,0
3189,1,1,0.509393451422437,1,0.0,15.0,0.0,2,0,1.0,1.0,0.0,0.0,1.0,0,1.8,0.56,2.5,2.5,1.75,3.142857142857143,4.0,1.2653061224489794,4.0,1.6,1.0,0,1,0,0,1,0
3574,0,0,0.2979397781299525,2,1.0,17.0,0.0,0,1,1.0,0.0,1.0,0.0,0.0,1,3.8,0.1599999999999999,2.375,2.0,1.234375,4.0,4.0,0.0,4.8,0.1599999999999999,4.0,1,0,0,1,0,0
655,0,1,0.509393451422437,1,1.0,16.0,1.0,4,4,1.0,1.0,0.0,0.0,0.0,0,3.6,0.24,2.0,2.0,0.5,3.7142857142857144,4.0,0.2040816326530612,4.0,0.4,4.0,0,0,1,0,1,0
1529,0,1,0.509393451422437,1,0.0,14.0,1.0,3,3,1.0,1.0,0.0,0.0,1.0,0,3.4,0.24,3.0,3.0,0.0,2.0,2.0,0.0,2.8,2.56,3.0,1,0,0,0,0,1
1675,1,1,0.509393451422437,1,0.0,16.0,1.0,2,0,1.0,1.0,0.0,0.0,0.0,0,3.0,0.8,2.75,3.0,1.4375,3.0,3.0,0.5714285714285714,4.0,0.4,1.0,1,0,0,1,0,0
1000,0,1,0.509393451422437,1,0.0,14.0,0.0,0,1,1.0,1.0,0.0,0.0,1.0,0,3.4,0.24,2.625,3.0,1.234375,3.857142857142857,4.0,0.1224489795918367,4.8,0.1599999999999999,1.0,0,1,0,1,0,0
2051,1,1,0.509393451422437,1,0.0,15.0,0.0,2,0,1.0,1.0,0.0,0.0,1.0,0,2.8,0.5599999999999999,2.0,2.0,1.0,2.64326878333393,3.5028814833375095,2.051727094239336,4.6,0.24,3.0,0,1,0,1,0,0
3364,1,1,0.509393451422437,1,0.0,15.0,0.0,0,1,1.0,1.0,0.0,0.0,1.0,0,3.4,0.24,2.5,2.5,0.75,3.857142857142857,4.0,0.1224489795918367,4.8,0.1599999999999999,5.0,1,0,0,1,0,0
552,0,0,0.2979397781299525,1,0.0,17.0,0.0,0,1,1.0,1.0,0.0,0.0,1.0,0,2.0,0.0,2.25,2.0,1.4375,3.4285714285714284,4.0,1.1020408163265307,4.6,0.6399999999999999,1.0,1,0,0,1,0,0
221,1,1,0.7824773413897281,1,0.0,15.0,0.0,2,0,1.0,1.0,0.0,0.0,0.0,0,4.0,0.0,2.5,2.5,2.25,3.5714285714285716,4.0,1.1020408163265307,5.0,0.0,1.0,0,1,0,1,0,0
847,0,0,0.2979397781299525,1,0.0,17.0,0.0,2,2,1.0,0.0,0.0,0.0,1.0,0,2.2,0.5599999999999999,3.0,3.0,0.5,2.857142857142857,3.0,1.2653061224489797,1.8,0.56,2.0,0,1,0,0,1,0
2887,1,1,0.7824773413897281,1,1.0,16.0,0.0,4,4,0.0,0.0,0.0,0.0,0.0,1,2.8,0.1599999999999999,2.125,2.0,0.109375,3.142857142857143,3.0,0.6938775510204082,3.8,0.1599999999999999,3.0,0,1,0,1,0,0
2318,1,1,0.509393451422437,1,0.0,14.0,0.0,2,0,0.0,0.0,1.0,1.0,0.0,0,2.6,0.24,2.125,2.0,1.109375,3.4285714285714284,4.0,0.5306122448979592,4.4,0.6399999999999999,1.0,0,1,0,1,0,0
1072,0,1,0.509393451422437,1,0.0,17.0,0.0,2,2,1.0,1.0,0.0,0.0,0.0,0,2.2,1.36,2.125,2.0,1.109375,3.857142857142857,4.0,0.1224489795918367,3.8,1.36,4.0,1,0,0,1,0,0
1539,1,0,0.2979397781299525,2,1.0,15.0,0.0,0,1,1.0,0.0,1.0,0.0,1.0,0,2.2,2.16,2.0,2.0,0.5,4.0,4.0,0.0,4.4,0.6399999999999999,1.0,0,1,0,1,0,0
29,1,1,0.7824773413897281,1,0.0,17.0,0.0,2,2,1.0,0.0,0.0,0.0,1.0,0,3.4,0.24,1.75,2.0,0.4375,4.0,4.0,0.0,4.4,0.24,2.0,0,1,0,1,0,0
139,1,1,0.509393451422437,1,0.0,16.0,0.0,0,1,1.0,0.0,0.0,0.0,0.0,0,3.0,0.4,2.875,2.5,0.859375,2.5714285714285716,3.0,1.3877551020408163,4.2,0.5599999999999999,4.0,1,0,0,1,0,0
2563,1,1,0.509393451422437,1,0.0,14.0,0.0,0,1,1.0,1.0,0.0,0.0,1.0,0,3.0,0.8,2.25,2.5,0.6875,3.857142857142857,4.0,0.1224489795918367,5.0,0.0,1.0,1,0,0,1,0,0
2256,1,1,0.509393451422437,1,0.0,15.0,0.0,2,0,1.0,1.0,0.0,0.0,1.0,0,2.2,0.1599999999999999,2.375,2.0,0.234375,3.142857142857143,3.0,0.6938775510204082,4.0,0.0,3.0,1,0,0,1,0,0
1148,1,1,0.509393451422437,1,0.0,14.0,0.0,0,1,1.0,1.0,0.0,0.0,1.0,0,2.8,0.1599999999999999,2.125,2.0,1.359375,3.5714285714285716,4.0,0.2448979591836734,3.6,1.04,1.0,1,0,0,0,0,1
1257,0,0,0.2979397781299525,1,1.0,15.0,0.0,0,1,1.0,1.0,0.0,0.0,1.0,0,2.4,0.24,2.375,2.5,0.984375,3.0,3.0,0.2857142857142857,3.8,0.1599999999999999,1.0,1,0,0,1,0,0
3069,1,1,0.509393451422437,1,0.0,15.0,0.0,2,0,1.0,0.0,1.0,0.0,1.0,0,2.2,0.5599999999999999,1.375,1.0,0.234375,3.142857142857143,4.0,1.2653061224489797,4.2,0.1599999999999999,3.0,0,1,0,1,0,0
170,1,1,0.509393451422437,2,1.0,14.0,0.0,0,1,1.0,1.0,0.0,0.0,1.0,0,2.4,0.24,2.5,2.5,0.75,2.9596343430722354,3.7174404015056464,1.357616432271159,2.8572001001753065,0.7103676462609967,3.0,0,1,0,1,0,0
2644,0,0,0.2979397781299525,1,0.0,16.0,0.0,0,1,1.0,1.0,0.0,0.0,1.0,0,3.2,1.36,2.875,3.0,1.359375,3.857142857142857,4.0,0.1224489795918367,5.0,0.0,1.0,1,0,0,1,0,0
1276,1,1,0.509393451422437,1,1.0,15.0,0.0,0,1,1.0,1.0,0.0,0.0,1.0,1,3.4,0.24,2.125,2.0,0.609375,3.4285714285714284,4.0,0.816326530612245,3.6,2.24,2.0,1,0,0,1,0,0
1233,0,0,0.2979397781299525,1,0.0,15.0,1.0,2,2,1.0,1.0,0.0,0.0,0.0,0,1.6,0.64,2.125,2.0,0.359375,3.2857142857142856,4.0,1.0612244897959184,5.0,0.0,1.0,0,1,0,0,1,0
950,1,1,0.7824773413897281,1,0.0,14.0,0.0,0,1,1.0,1.0,0.0,0.0,1.0,0,2.8,0.1599999999999999,2.625,3.0,0.234375,3.0,3.0,0.8571428571428571,3.4,1.04,4.0,1,0,0,1,0,0
2355,0,1,0.509393451422437,1,0.0,16.0,0.0,3,3,1.0,1.0,0.0,0.0,0.0,0,3.0,1.2,2.125,2.5,0.859375,3.857142857142857,4.0,0.1224489795918367,4.6,0.6399999999999999,1.0,0,1,0,1,0,0
3582,1,1,0.509393451422437,1,1.0,15.0,0.0,0,1,1.0,0.0,0.0,0.0,0.0,1,2.0,0.0,2.75,2.5,0.6875,2.7142857142857144,3.0,0.2040816326530612,4.8,0.1599999999999999,4.0,1,0,0,1,0,0
678,1,1,0.509393451422437,1,0.0,17.0,0.0,2,0,0.0,1.0,0.0,0.0,0.0,0,3.2,0.1599999999999999,2.25,2.5,1.1875,3.142857142857143,3.0,0.1224489795918367,4.6,0.24,4.0,0,1,0,1,0,0
3515,1,1,0.509393451422437,1,0.0,16.0,0.0,3,3,1.0,1.0,0.0,0.0,1.0,0,2.8,1.36,2.625,3.0,0.234375,4.0,4.0,0.0,4.6,0.24,4.0,1,0,0,1,0,0
233,0,0,0.2979397781299525,1,0.0,14.0,0.0,0,1,1.0,0.0,0.0,0.0,0.0,0,3.6,0.24,2.375,2.5,1.484375,3.857142857142857,4.0,0.1224489795918367,5.0,0.0,1.0,0,1,0,1,0,0
2098,0,1,0.7824773413897281,1,0.0,17.0,0.0,0,1,1.0,1.0,0.0,0.0,0.0,0,3.4,1.44,2.75,3.0,0.9375,3.857142857142857,4.0,0.1224489795918367,4.8,0.1599999999999999,1.0,0,1,0,1,0,0
44,1,1,0.509393451422437,1,0.0,14.0,1.0,4,3,1.0,1.0,0.0,0.0,1.0,0,1.6,0.64,2.75,2.5,1.1875,2.5714285714285716,3.0,1.3877551020408163,4.6,0.24,4.0,0,1,0,1,0,0
2094,1,1,0.509393451422437,1,0.0,17.0,0.0,0,1,1.0,1.0,0.0,0.0,1.0,0,3.8,0.1599999999999999,2.5,2.0,1.5,3.7142857142857144,4.0,0.2040816326530612,4.8,0.1599999999999999,1.0,0,1,0,1,0,0
502,0,1,0.509393451422437,1,0.0,16.0,0.0,2,0,1.0,0.0,1.0,0.0,1.0,0,2.2,0.5599999999999999,2.75,3.0,0.9375,3.7142857142857144,4.0,0.489795918367347,4.6,0.24,1.0,0,1,0,1,0,0
3748,1,1,0.7824773413897281,2,1.0,16.0,1.0,4,3,0.0,0.0,1.0,0.0,0.0,1,2.6,0.24,2.125,2.0,0.359375,2.7142857142857144,3.0,1.0612244897959184,3.4,0.24,1.0,0,1,0,1,0,0
1386,1,1,0.509393451422437,1,1.0,16.0,1.0,2,2,1.0,0.0,1.0,0.0,1.0,0,3.0,0.8,2.125,2.0,0.859375,3.2857142857142856,4.0,0.7755102040816327,2.0,2.4,4.0,1,0,0,0,1,0
1841,0,1,0.509393451422437,1,0.0,17.0,0.0,0,1,1.0,1.0,0.0,0.0,0.0,0,3.6,0.24,2.625,2.5,1.484375,3.857142857142857,4.0,0.1224489795918367,4.2,0.5599999999999999,1.0,1,0,0,1,0,0
3617,0,1,0.509393451422437,1,0.0,16.0,1.0,3,2,1.0,1.0,0.0,0.0,0.0,0,2.4,0.24,2.5,2.5,1.25,3.0,3.0,1.1428571428571428,4.2,0.1599999999999999,5.0,1,0,0,1,0,0
2014,1,0,0.2979397781299525,1,1.0,15.0,0.0,0,1,1.0,0.0,0.0,0.0,1.0,0,3.6,0.24,2.75,3.0,1.1875,2.2857142857142856,3.0,0.7755102040816327,4.8,0.1599999999999999,1.0,1,0,0,1,0,0
3765,0,1,0.509393451422437,1,0.0,16.0,0.0,4,4,1.0,1.0,0.0,0.0,1.0,0,3.2,0.5599999999999999,2.875,3.0,1.359375,3.5714285714285716,4.0,0.2448979591836734,4.2,0.5599999999999999,1.0,0,1,0,1,0,0
3763,1,1,0.7824773413897281,1,0.0,15.0,1.0,4,4,1.0,1.0,0.0,0.0,1.0,0,3.0,0.0,3.125,3.0,0.109375,2.5714285714285716,3.0,0.2448979591836734,4.0,0.4,1.0,0,1,0,1,0,0
1541,0,1,0.509393451422437,1,0.0,15.0,0.0,0,1,1.0,1.0,0.0,0.0,1.0,0,3.4,0.24,2.375,2.5,1.484375,3.0,3.0,0.5714285714285714,4.0,0.4,1.0,0,1,0,1,0,0
1009,1,1,0.509393451422437,1,0.0,14.0,0.0,0,1,1.0,1.0,0.0,0.0,1.0,0,2.6,0.64,2.6001628664495113,3.0,0.7697395993591444,1.8571428571428572,1.0,1.2653061224489794,4.6,0.6399999999999999,1.0,1,0,0,1,0,0
2322,0,1,0.509393451422437,1,1.0,14.0,0.0,2,2,1.0,1.0,0.0,0.0,0.0,0,3.0,0.4,2.5,2.0,1.5,3.7142857142857144,4.0,0.489795918367347,4.6,0.24,1.0,0,1,0,1,0,0
1052,0,0,0.2979397781299525,1,0.0,16.0,0.0,0,1,1.0,0.0,1.0,0.0,1.0,0,2.4,1.84,1.75,1.0,1.6875,3.5714285714285716,4.0,1.1020408163265307,2.6,3.8400000000000007,1.0,0,1,0,1,0,0
1293,0,1,0.7824773413897281,1,0.0,15.0,0.0,0,1,1.0,1.0,0.0,0.0,1.0,0,3.2,0.5599999999999999,3.125,3.0,0.609375,3.857142857142857,4.0,0.1224489795918367,4.6,0.6399999999999999,1.0,0,1,0,1,0,0
293,1,1,0.7824773413897281,1,0.0,16.0,0.0,3,3,1.0,1.0,0.0,0.0,1.0,0,3.8,0.1599999999999999,1.5,1.0,0.5,4.0,4.0,0.0,2.4,2.24,3.0,1,0,0,1,0,0
3241,1,0,0.2979397781299525,1,0.0,15.0,1.0,4,2,1.0,1.0,0.0,0.0,1.0,0,2.8,0.1599999999999999,2.5,2.5,1.25,1.8571428571428572,1.0,1.2653061224489797,4.6,0.24,2.0,0,1,0,1,0,0
2800,1,1,0.509393451422437,1,0.0,16.0,0.0,2,0,1.0,1.0,0.0,0.0,1.0,0,3.0,0.4,2.875,3.0,0.609375,2.7142857142857144,3.0,1.0612244897959184,4.8,0.1599999999999999,1.0,0,1,0,0,1,0
605,1,1,0.509393451422437,1,0.0,16.0,1.0,4,4,1.0,0.0,0.0,0.0,0.0,0,3.0,0.0,2.125,2.0,0.859375,2.857142857142857,3.0,0.1224489795918367,1.8,1.3600000000000003,4.0,1,0,0,1,0,0
731,0,0,0.2979397781299525,1,0.0,16.0,0.0,0,1,1.0,1.0,0.0,0.0,1.0,0,2.4,0.24,3.0,3.0,1.0,2.857142857142857,3.0,0.4081632653061225,4.0,0.4,1.0,0,1,0,1,0,0
2822,1,0,0.2979397781299525,1,0.0,15.0,0.0,2,0,1.0,1.0,0.0,0.0,1.0,0,2.2,0.5599999999999999,2.125,1.5,1.609375,3.4285714285714284,4.0,0.5306122448979592,5.0,0.0,5.0,0,1,0,0,1,0
475,1,1,0.509393451422437,1,0.0,15.0,1.0,2,2,1.0,1.0,0.0,0.0,0.0,0,3.2,0.5599999999999999,2.75,3.0,0.4375,3.7142857142857144,4.0,0.2040816326530612,4.6,0.24,4.0,0,1,0,0,1,0
1665,1,0,0.2979397781299525,1,0.0,17.0,0.0,0,1,1.0,1.0,0.0,0.0,1.0,0,3.6,0.24,2.625,3.0,1.734375,3.7142857142857144,4.0,0.2040816326530612,3.4,0.64,1.0,1,0,0,1,0,0
2230,1,1,0.7824773413897281,1,0.0,15.0,0.0,3,2,1.0,1.0,0.0,0.0,0.0,0,1.8,0.56,2.25,2.0,0.4375,2.2857142857142856,1.0,2.2040816326530615,4.6,0.6399999999999999,1.0,0,1,0,0,1,0
2900,1,1,0.509393451422437,1,0.0,14.0,0.0,0,1,0.0,1.0,0.0,0.0,1.0,0,2.8,0.5599999999999999,2.875,3.0,0.359375,3.7142857142857144,4.0,0.2040816326530612,4.057200100175306,0.4130874058402605,1.0,0,1,0,1,0,0
2788,1,1,0.7824773413897281,1,0.0,17.0,0.0,3,2,1.0,1.0,0.0,0.0,0.0,0,2.4,0.24,2.5,2.5,1.25,3.5714285714285716,4.0,0.5306122448979592,4.8,0.1599999999999999,1.0,0,1,0,1,0,0
3567,0,0,0.2979397781299525,1,1.0,16.0,1.0,0,1,1.0,0.0,0.0,0.0,1.0,0,3.0,0.4,1.875,2.0,0.609375,3.142857142857143,4.0,1.2653061224489797,3.6,3.04,3.0,0,1,0,1,0,0
82,0,0,0.2979397781299525,1,0.0,14.0,0.0,2,2,1.0,1.0,0.0,0.0,1.0,0,2.4,0.64,2.125,2.0,0.859375,3.142857142857143,3.0,0.6938775510204082,4.6,0.24,2.0,0,1,0,1,0,0
949,1,0,0.2979397781299525,1,0.0,14.0,0.0,0,1,1.0,1.0,0.0,0.0,0.0,0,3.6,0.24,2.362149824912456,2.4485992996498247,0.469468170139034,4.0,4.0,0.0,2.8,1.7600000000000002,1.0,1,0,0,1,0,0
2960,1,1,0.509393451422437,1,0.0,15.0,0.0,0,1,1.0,1.0,0.0,0.0,1.0,0,2.7979924717691342,0.1592131093860445,2.5,2.5,1.75,3.857142857142857,4.0,0.1224489795918367,3.6,0.64,2.0,0,1,0,1,0,0
2346,1,1,0.509393451422437,1,0.0,15.0,0.0,2,4,1.0,1.0,0.0,0.0,0.0,0,3.2,0.1599999999999999,2.0,2.0,0.25,3.4285714285714284,4.0,0.816326530612245,3.8,0.1599999999999999,2.0,1,0,0,1,0,0
3638,1,1,0.509393451422437,1,1.0,16.0,0.0,0,1,1.0,1.0,0.0,0.0,0.0,0,3.8,0.1599999999999999,2.25,2.0,0.4375,3.142857142857143,4.0,1.2653061224489797,4.2,0.1599999999999999,3.0,1,0,0,1,0,0
3608,1,1,0.7824773413897281,1,0.0,16.0,0.0,3,2,1.0,1.0,0.0,0.0,1.0,1,3.0,0.4,2.375,2.5,0.484375,2.5714285714285716,3.0,1.1020408163265307,4.6,0.24,2.0,1,0,0,1,0,0
1898,0,0,0.2979397781299525,1,0.0,16.0,0.0,3,2,1.0,1.0,0.0,0.0,1.0,0,2.4,1.0400000000000005,2.75,3.0,1.1875,4.0,4.0,0.0,3.8,0.1599999999999999,1.0,0,1,0,1,0,0
419,0,1,0.509393451422437,1,0.0,15.0,0.0,0,1,1.0,1.0,0.0,0.0,0.0,0,3.6,0.24,2.0,2.0,0.25,3.64326878333393,4.0,0.1937609561429046,4.0,0.0,2.0,0,1,0,1,0,0
3191,0,1,0.509393451422437,1,0.0,15.0,0.0,0,1,1.0,1.0,0.0,0.0,0.0,0,2.8,0.1599999999999999,2.0,2.0,0.75,3.2857142857142856,3.0,0.489795918367347,3.0,0.4,2.0,1,0,0,1,0,0
3446,1,0,0.2979397781299525,1,0.0,14.0,1.0,0,1,1.0,1.0,0.0,0.0,1.0,0,3.2,0.5599999999999999,2.625,2.5,0.484375,3.4285714285714284,4.0,0.5306122448979592,3.6,0.64,4.0,1,0,0,1,0,0
302,1,1,0.509393451422437,1,1.0,17.0,1.0,4,4,1.0,0.0,0.0,0.0,0.0,0,2.2,0.5599999999999999,2.0,1.5,1.25,3.142857142857143,3.0,0.4081632653061224,4.4,1.44,1.0,1,0,0,1,0,0
3136,1,1,0.509393451422437,1,0.0,15.0,0.0,3,2,1.0,1.0,0.0,0.0,1.0,0,3.4,0.24,2.5,2.0,0.5,4.0,4.0,0.0,3.8,0.5599999999999999,3.0,1,0,0,1,0,0
2845,1,1,0.509393451422437,1,1.0,15.0,0.0,0,1,0.0,0.0,1.0,0.0,0.0,0,3.0,0.4,2.5,2.5,1.75,3.857142857142857,4.0,0.1224489795918367,4.2,0.1599999999999999,1.0,1,0,0,1,0,0
1512,1,0,0.2979397781299525,1,0.0,14.0,0.0,0,1,1.0,1.0,0.0,0.0,0.0,0,2.6,0.24,2.375,2.0,0.234375,3.4285714285714284,3.0,0.2448979591836734,3.8,0.1599999999999999,1.0,1,0,0,1,0,0
3528,1,1,0.509393451422437,1,0.0,16.0,1.0,4,3,0.0,1.0,0.0,0.0,0.0,0,2.4,0.24,2.875,3.0,0.859375,3.0,3.0,1.1428571428571428,5.0,0.0,3.0,0,1,0,0,1,0
2276,0,1,0.7824773413897281,1,0.0,14.0,1.0,3,3,1.0,1.0,0.0,0.0,1.0,1,3.0,0.4,2.75,3.0,1.6875,3.7142857142857144,4.0,0.489795918367347,4.0,1.2,1.0,0,1,0,1,0,0
2084,0,1,0.509393451422437,1,1.0,17.0,0.0,0,1,0.0,0.0,0.0,0.0,1.0,0,4.0,0.0,2.375,2.0,1.984375,1.5714285714285714,1.0,0.8163265306122449,3.4,0.24,1.0,0,1,0,1,0,0
286,1,0,0.2979397781299525,1,1.0,16.0,1.0,0,1,1.0,1.0,0.0,0.0,1.0,0,3.4,0.24,2.0,2.0,0.75,2.7142857142857144,3.0,0.7755102040816327,4.2,1.36,5.0,0,1,0,1,0,0
2187,0,1,0.7824773413897281,1,0.0,16.0,0.0,2,2,1.0,0.0,0.0,0.0,1.0,0,3.4,0.64,2.5,2.5,1.25,2.5714285714285716,2.0,1.1020408163265307,2.6,1.04,3.0,1,0,0,1,0,0
26,0,1,0.509393451422437,1,0.0,17.0,0.0,0,1,1.0,0.0,1.0,0.0,1.0,0,2.8,0.5599999999999999,2.25,2.0,0.4375,3.2857142857142856,3.0,0.489795918367347,5.0,0.0,3.0,0,1,0,1,0,0
718,1,1,0.509393451422437,1,0.0,16.0,0.0,3,3,1.0,1.0,0.0,0.0,1.0,0,2.2,0.1599999999999999,2.0,2.0,0.75,2.142857142857143,2.0,0.1224489795918367,4.6,0.24,1.0,0,1,0,1,0,0
1381,0,0,0.2979397781299525,1,0.0,15.0,0.0,0,1,1.0,0.0,0.0,0.0,1.0,0,3.4,0.24,2.875,3.0,1.359375,4.0,4.0,0.0,4.0,0.0,1.0,1,0,0,1,0,0
2930,0,1,0.509393451422437,1,0.0,15.0,0.0,2,0,1.0,1.0,0.0,0.0,1.0,0,2.6,0.24,2.25,2.0,0.9375,3.857142857142857,4.0,0.1224489795918367,3.6,1.0400000000000005,1.0,0,1,0,1,0,0
2332,0,0,0.2979397781299525,1,0.0,14.0,0.0,0,1,0.0,0.0,0.0,0.0,0.0,1,3.6,0.24,2.25,2.5,1.1875,4.0,4.0,0.0,3.4,0.64,5.0,1,0,0,1,0,0
2820,0,0,0.2979397781299525,1,0.0,15.0,0.0,0,1,1.0,0.0,0.0,0.0,0.0,0,4.0,0.0,2.125,2.0,1.109375,2.0,2.0,1.1428571428571428,3.8,0.5599999999999999,1.0,1,0,0,1,0,0
1471,1,1,0.7824773413897281,1,0.0,14.0,0.0,0,1,1.0,1.0,0.0,0.0,0.0,0,2.2,0.5599999999999999,2.625,3.0,0.734375,3.2857142857142856,3.0,0.489795918367347,3.8,0.96,1.0,1,0,0,0,0,1
2884,0,1,0.509393451422437,1,0.0,16.0,0.0,2,0,1.0,1.0,0.0,0.0,1.0,0,3.2,0.1599999999999999,2.75,2.5,1.1875,3.857142857142857,4.0,0.1224489795918367,4.0,0.0,5.0,1,0,0,1,0,0
1201,1,1,0.509393451422437,1,0.0,15.0,1.0,2,2,1.0,0.0,0.0,0.0,0.0,0,3.4,0.24,1.875,2.0,0.109375,3.4285714285714284,3.0,0.2448979591836734,4.0,0.0,2.0,1,0,0,1,0,0
1167,1,1,0.509393451422437,1,0.0,17.0,1.0,2,0,1.0,0.0,0.0,0.0,1.0,0,2.8,2.16,2.375,2.0,0.734375,4.0,4.0,0.0,4.4,1.44,1.0,0,1,0,1,0,0
986,0,0,0.2979397781299525,1,0.0,16.0,0.0,0,1,1.0,1.0,0.0,0.0,1.0,0,3.0,0.4,2.375,2.0,0.734375,3.142857142857143,3.0,0.4081632653061224,3.0,0.4,5.0,1,0,0,1,0,0
333,0,0,0.2979397781299525,1,1.0,15.0,0.0,0,1,1.0,0.0,0.0,0.0,1.0,0,2.4,0.24,2.75,3.0,0.4375,2.857142857142857,3.0,1.2653061224489797,3.2,0.1599999999999999,2.0,0,1,0,1,0,0
882,0,1,0.509393451422437,1,0.0,15.0,0.0,2,2,1.0,1.0,0.0,0.0,1.0,0,2.8,1.36,2.5,2.5,1.75,3.0,4.0,1.4285714285714286,4.2,1.36,2.0,0,1,0,1,0,0
497,1,1,0.509393451422437,1,0.0,16.0,0.0,3,3,1.0,1.0,0.0,0.0,0.0,0,3.0,0.4,2.625,3.0,0.484375,3.857142857142857,4.0,0.1224489795918367,4.2,0.1599999999999999,2.0,0,1,0,1,0,0
322,0,1,0.509393451422437,1,1.0,17.0,0.0,0,1,1.0,1.0,0.0,0.0,0.0,0,4.0,0.0,2.25,2.5,0.6875,4.0,4.0,0.0,4.0,0.4,1.0,0,1,0,1,0,0
3732,1,1,0.509393451422437,1,0.0,17.0,0.0,2,0,1.0,1.0,0.0,0.0,1.0,0,3.4,1.4400000000000002,3.125,4.0,1.609375,4.0,4.0,0.0,4.6,0.24,1.0,1,0,0,1,0,0
100,1,1,0.7824773413897281,1,1.0,14.0,0.0,0,1,1.0,1.0,0.0,0.0,1.0,0,2.6,0.24,2.375,2.5,0.984375,2.857142857142857,3.0,1.2653061224489797,3.8,0.5599999999999999,1.0,0,1,0,1,0,0
3073,0,1,0.509393451422437,1,0.0,14.0,1.0,0,1,1.0,1.0,0.0,0.0,1.0,0,2.8,0.5599999999999999,2.875,3.0,0.359375,2.4285714285714284,2.0,1.3877551020408163,4.2,0.5599999999999999,4.0,1,0,0,1,0,0
3111,0,1,0.509393451422437,1,0.0,15.0,0.0,0,1,1.0,1.0,0.0,0.0,1.0,0,3.6,0.24,2.625,2.5,1.484375,3.4285714285714284,3.0,0.2448979591836734,3.6,0.24,1.0,0,1,0,1,0,0
2916,0,1,0.509393451422437,1,0.0,14.0,1.0,2,0,1.0,1.0,0.0,0.0,0.0,0,3.2,0.1599999999999999,2.375,2.0,0.234375,3.2857142857142856,4.0,0.7755102040816327,4.2,1.36,3.0,1,0,0,1,0,0
2104,0,0,0.2979397781299525,1,0.0,15.0,0.0,0,1,1.0,1.0,0.0,0.0,0.0,0,4.0,0.0,2.25,2.0,1.4375,3.906286858000643,4.0,0.0526929179003495,5.0,0.0,1.0,0,1,0,1,0,0
6,0,1,0.509393451422437,1,0.0,16.0,0.0,0,1,1.0,1.0,0.0,0.0,1.0,0,2.2,0.5599999999999999,2.25,2.0,0.4375,3.7142857142857144,4.0,0.2040816326530612,3.8572001001753065,0.1959674459103831,2.0,1,0,0,0,1,0
3387,1,1,0.7824773413897281,1,0.0,15.0,0.0,0,1,1.0,1.0,0.0,0.0,1.0,0,3.2,0.5599999999999999,2.375,3.0,0.734375,3.5714285714285716,4.0,0.5306122448979592,4.6,0.6399999999999999,1.0,1,0,0,1,0,0
3026,1,1,0.7824773413897281,2,0.0,16.0,0.0,2,2,1.0,1.0,0.0,0.0,1.0,0,2.2,0.1599999999999999,2.5,2.5,0.75,2.7142857142857144,3.0,0.2040816326530612,3.2,0.1599999999999999,3.0,1,0,0,0,1,0
3530,1,1,0.7824773413897281,2,1.0,17.0,0.0,0,1,1.0,1.0,0.0,0.0,1.0,0,3.6,0.24,2.25,2.0,0.9375,3.857142857142857,4.0,0.1224489795918367,3.0,1.2,1.0,0,1,0,1,0,0
668,0,1,0.509393451422437,1,0.0,16.0,0.0,2,2,1.0,0.0,0.0,0.0,1.0,0,3.0,0.4,2.0,2.0,0.5,3.0,4.0,1.4285714285714286,5.0,0.0,5.0,1,0,0,1,0,0
1349,1,1,0.7824773413897281,1,0.0,17.0,1.0,2,3,0.0,0.0,0.0,0.0,0.0,1,2.8,2.16,2.375,2.5,1.484375,2.2857142857142856,1.0,2.2040816326530615,4.2,2.56,2.0,0,1,0,1,0,0
3439,0,1,0.509393451422437,1,0.0,14.0,0.0,0,1,1.0,1.0,0.0,0.0,1.0,0,3.6,0.24,2.5,2.5,0.75,3.5714285714285716,4.0,0.2448979591836734,4.4,0.6399999999999999,1.0,0,1,0,0,1,0
2773,0,0,0.2979397781299525,1,0.0,16.0,0.0,2,0,1.0,1.0,0.0,0.0,0.0,0,3.2,0.5599999999999999,2.375,2.5,1.484375,3.0,3.0,0.8571428571428571,4.8,0.1599999999999999,1.0,1,0,0,1,0,0
1574,1,1,0.509393451422437,1,0.0,16.0,0.0,4,3,1.0,1.0,0.0,0.0,0.0,0,2.0,0.4,2.5,2.5,0.75,3.142857142857143,3.0,0.6938775510204082,4.4,0.24,2.0,0,1,0,1,0,0
564,0,1,0.509393451422437,1,0.0,16.0,1.0,3,2,1.0,1.0,0.0,0.0,1.0,0,3.4,0.24,2.375,2.0,0.734375,4.0,4.0,0.0,4.8,0.1599999999999999,4.0,1,0,0,0,1,0
2683,0,0,0.2979397781299525,1,0.0,17.0,0.0,3,3,1.0,1.0,0.0,0.0,1.0,0,3.6,0.24,2.375,2.0,0.734375,3.4285714285714284,4.0,0.816326530612245,3.8,0.1599999999999999,4.0,1,0,0,1,0,0
2096,0,1,0.7824773413897281,1,1.0,17.0,0.0,0,1,1.0,1.0,0.0,0.0,1.0,0,3.2,0.5599999999999999,2.625,3.0,0.734375,3.2857142857142856,4.0,1.0612244897959184,4.8,0.1599999999999999,2.0,0,1,0,1,0,0
3766,1,1,0.7824773413897281,1,0.0,14.0,0.0,0,1,1.0,1.0,0.0,0.0,1.0,0,3.0,0.4,2.625,3.0,0.734375,3.5714285714285716,4.0,0.2448979591836734,4.0,0.4,1.0,0,1,0,1,0,0
2019,0,1,0.509393451422437,1,0.0,14.0,0.0,0,1,1.0,1.0,0.0,0.0,1.0,0,2.8,0.1599999999999999,2.75,3.0,0.9375,4.0,4.0,0.0,4.0,0.4,4.0,1,0,0,1,0,0
1083,1,1,0.7824773413897281,1,1.0,17.0,0.0,4,5,1.0,1.0,0.0,0.0,1.0,0,2.6,0.24,2.625,3.0,0.234375,2.2857142857142856,2.0,0.489795918367347,4.6,0.24,3.0,1,0,0,1,0,0
1641,1,1,0.509393451422437,2,1.0,17.0,0.0,0,1,1.0,0.0,1.0,0.0,0.0,0,3.4,0.64,2.25,2.0,1.4375,2.531062914500807,3.0,1.8536295426596057,4.6,0.6399999999999999,1.0,0,1,0,0,1,0
3433,1,1,0.509393451422437,1,0.0,16.0,1.0,3,3,0.0,1.0,0.0,0.0,0.0,0,3.0,0.0,2.375,2.0,0.234375,2.7142857142857144,2.0,0.7755102040816327,3.8,0.1599999999999999,3.0,0,1,0,0,1,0
1586,1,1,0.509393451422437,1,0.0,16.0,0.0,2,0,1.0,1.0,0.0,0.0,1.0,1,3.8,0.1599999999999999,2.625,2.5,0.484375,4.0,4.0,0.0,2.8,2.56,2.0,1,0,0,1,0,0
2239,1,1,0.7824773413897281,1,0.0,16.0,0.0,3,0,0.0,1.0,0.0,0.0,0.0,1,3.8,0.1599999999999999,2.625,2.5,1.484375,4.0,4.0,0.0,4.0,1.2,1.0,0,1,0,0,1,0
2208,1,1,0.509393451422437,1,0.0,16.0,0.0,0,1,1.0,1.0,0.0,0.0,1.0,0,2.4,0.64,2.875,3.0,0.609375,3.4285714285714284,3.0,0.2448979591836734,4.2,0.5599999999999999,1.0,0,1,0,1,0,0
547,1,1,0.509393451422437,1,0.0,16.0,1.0,0,1,1.0,1.0,0.0,0.0,1.0,0,3.0,0.0,2.875,3.0,0.859375,4.0,4.0,0.0,4.0,0.4,4.0,1,0,0,1,0,0
1015,1,1,0.509393451422437,1,0.0,14.0,0.0,0,1,1.0,1.0,0.0,0.0,0.0,0,3.2,0.5599999999999999,2.25,2.0,1.4375,3.857142857142857,4.0,0.1224489795918367,4.4,0.6399999999999999,5.0,1,0,0,1,0,0
554,1,1,0.509393451422437,1,1.0,17.0,1.0,3,2,1.0,1.0,0.0,0.0,0.0,0,1.8,0.56,2.375,2.5,0.984375,3.2857142857142856,4.0,0.7755102040816327,3.6,0.64,5.0,1,0,0,0,0,1
1615,1,1,0.509393451422437,1,0.0,17.0,0.0,2,2,1.0,1.0,0.0,0.0,1.0,0,2.8,0.5599999999999999,2.25,2.5,0.6875,3.857142857142857,4.0,0.1224489795918367,4.8,0.1599999999999999,1.0,0,1,0,1,0,0
1719,0,1,0.509393451422437,1,0.0,17.0,0.0,3,3,1.0,0.0,0.0,0.0,1.0,0,3.6,0.24,2.875,3.0,0.359375,3.0,3.0,0.2857142857142857,3.6,0.24,1.0,1,0,0,1,0,0
32,0,0,0.2979397781299525,1,0.0,14.0,1.0,3,3,0.0,1.0,0.0,0.0,0.0,0,1.4,0.24,2.5,2.5,0.75,1.5714285714285714,1.0,1.1020408163265307,3.8,2.56,1.0,0,1,0,1,0,0
2070,1,1,0.509393451422437,1,0.0,17.0,0.0,0,1,1.0,1.0,0.0,0.0,1.0,0,3.2,1.36,2.25,2.0,1.4375,4.0,4.0,0.0,5.0,0.0,1.0,0,1,0,1,0,0
665,1,1,0.509393451422437,1,0.0,17.0,0.0,2,2,1.0,1.0,0.0,0.0,1.0,0,3.0,0.4,2.25,2.0,0.6875,4.0,4.0,0.0,4.2,0.5599999999999999,2.0,0,1,0,1,0,0
2487,1,0,0.2979397781299525,1,0.0,15.0,0.0,0,1,0.0,1.0,0.0,1.0,0.0,0,3.0,0.4,2.5,2.5,0.75,3.857142857142857,4.0,0.1224489795918367,3.2,0.5599999999999999,5.0,1,0,0,1,0,0
811,0,1,0.509393451422437,1,0.0,16.0,0.0,0,1,1.0,1.0,0.0,0.0,0.0,0,2.4,0.64,2.375,2.5,0.484375,3.7142857142857144,4.0,0.2040816326530612,4.6,0.6399999999999999,3.0,0,1,0,0,1,0
1116,0,1,0.509393451422437,1,0.0,16.0,0.0,0,1,1.0,1.0,0.0,0.0,0.0,0,3.0,1.2,2.125,2.0,0.359375,3.142857142857143,4.0,1.2653061224489797,4.6,0.6399999999999999,1.0,1,0,0,1,0,0
200,0,1,0.509393451422437,1,0.0,17.0,1.0,2,2,1.0,1.0,0.0,0.0,1.0,0,2.752048253329982,0.5500167813668152,2.625,3.0,0.734375,4.0,4.0,0.0,4.8,0.1599999999999999,2.0,1,0,0,1,0,0
2875,1,1,0.7824773413897281,1,1.0,16.0,1.0,2,2,1.0,0.0,1.0,0.0,1.0,0,1.8,0.56,2.987149824912456,3.0,0.2511558889984637,2.142857142857143,2.0,1.2653061224489794,3.6,0.64,1.0,0,1,0,0,0,1
2192,0,1,0.509393451422437,1,0.0,16.0,0.0,0,1,1.0,0.0,0.0,0.0,0.0,0,4.0,0.0,2.25,2.0,0.4375,4.0,4.0,0.0,1.0,0.0,1.0,0,1,0,1,0,0
3372,1,1,0.509393451422437,1,0.0,15.0,0.0,2,2,1.0,1.0,0.0,0.0,0.0,0,3.6,0.24,1.5,1.0,0.5,4.0,4.0,0.0,5.0,0.0,2.0,0,1,0,1,0,0
978,0,1,0.509393451422437,2,1.0,14.0,0.0,0,1,0.0,0.0,1.0,0.0,0.0,0,3.4,1.44,2.0,2.0,1.0,3.142857142857143,4.0,1.8367346938775508,5.0,0.0,5.0,1,0,0,1,0,0
2538,1,1,0.509393451422437,1,0.0,16.0,0.0,0,1,1.0,1.0,0.0,0.0,0.0,0,2.2,0.5599999999999999,1.625,1.5,0.484375,3.5714285714285716,4.0,0.2448979591836734,3.4,0.24,4.0,0,1,0,0,1,0
1300,1,1,0.7824773413897281,1,1.0,15.0,1.0,3,2,1.0,1.0,0.0,0.0,1.0,0,2.6,0.64,1.875,2.0,0.859375,2.4285714285714284,2.0,0.2448979591836734,4.2,0.1599999999999999,4.0,0,0,1,0,1,0
3545,1,0,0.2979397781299525,1,0.0,16.0,0.0,2,2,1.0,1.0,0.0,0.0,1.0,0,2.197992471769134,0.5568040755090057,2.519218710810133,2.5768748432405317,0.7333668011062916,3.7142857142857144,4.0,0.489795918367347,4.0,0.4,1.0,0,1,0,1,0,0
925,1,0,0.2979397781299525,1,0.0,14.0,0.0,0,1,1.0,1.0,0.0,0.0,1.0,0,3.4,0.24,2.375,2.5,1.484375,3.857142857142857,4.0,0.1224489795918367,4.6,0.6399999999999999,1.0,0,1,0,1,0,0
1126,0,1,0.509393451422437,1,0.0,15.0,0.0,2,2,1.0,1.0,0.0,0.0,1.0,0,3.2,0.5599999999999999,2.5,2.5,0.75,3.4285714285714284,3.0,0.2448979591836734,4.2,0.1599999999999999,2.0,1,0,0,1,0,0
3540,1,1,0.509393451422437,1,1.0,15.0,1.0,2,3,1.0,1.0,0.0,0.0,0.0,0,2.0,0.0,2.625,2.5,0.984375,2.2857142857142856,2.0,1.0612244897959184,3.4,0.64,4.0,1,0,0,1,0,0
76,0,1,0.509393451422437,1,0.0,14.0,0.0,0,1,1.0,1.0,0.0,0.0,1.0,0,3.6,0.24,2.375,2.0,0.234375,3.2857142857142856,3.0,0.489795918367347,3.6,1.04,1.0,1,0,0,1,0,0
843,0,1,0.509393451422437,1,0.0,17.0,0.0,0,1,1.0,0.0,0.0,0.0,0.0,0,2.4,0.24,2.5,2.5,0.75,3.0,4.0,1.4285714285714286,4.6,0.24,5.0,1,0,0,1,0,0
3410,0,1,0.509393451422437,1,0.0,14.0,0.0,0,1,1.0,1.0,0.0,0.0,1.0,0,3.2,0.1599999999999999,2.5,2.5,0.25,3.142857142857143,3.0,0.4081632653061224,3.4,0.24,3.0,1,0,0,1,0,0
1047,0,0,0.2979397781299525,1,0.0,14.0,0.0,0,1,0.0,0.0,1.0,0.0,1.0,0,3.4,0.24,2.625,3.0,1.234375,2.5714285714285716,3.0,1.959183673469388,3.6,0.64,4.0,1,0,0,1,0,0
2011,0,1,0.509393451422437,2,0.0,16.0,1.0,2,0,1.0,0.0,1.0,0.0,0.0,1,4.0,0.0,2.75,3.0,0.4375,4.0,4.0,0.0,3.6,2.24,3.0,1,0,0,1,0,0
3485,0,0,0.2979397781299525,1,0.0,17.0,0.0,2,2,1.0,1.0,0.0,0.0,1.0,0,1.4,0.24,2.625,2.5,0.984375,2.0,2.0,0.5714285714285714,4.4,0.64,1.0,0,1,0,0,1,0
2259,0,1,0.509393451422437,1,0.0,16.0,0.0,3,3,1.0,1.0,0.0,0.0,1.0,0,3.6,0.24,2.375,2.0,0.734375,3.7142857142857144,4.0,0.489795918367347,4.6,0.24,2.0,0,1,0,1,0,0
3444,1,0,0.2979397781299525,1,0.0,15.0,1.0,2,0,1.0,1.0,0.0,0.0,0.0,0,3.0,0.4,2.875,3.0,0.609375,3.4285714285714284,4.0,0.5306122448979592,3.2,1.36,5.0,1,0,0,1,0,0
2688,0,1,0.509393451422437,1,0.0,17.0,0.0,0,1,1.0,0.0,0.0,0.0,1.0,0,3.6,0.24,2.5,2.5,1.25,3.4285714285714284,4.0,0.5306122448979592,4.0,0.8,5.0,1,0,0,1,0,0
2054,0,0,0.2979397781299525,2,1.0,14.0,0.0,0,1,1.0,0.0,0.0,0.0,1.0,1,2.6,1.8400000000000003,2.375,3.0,0.734375,3.7142857142857144,4.0,0.489795918367347,3.4,1.84,2.0,1,0,0,1,0,0
2001,0,0,0.2979397781299525,1,0.0,14.0,0.0,0,1,1.0,1.0,0.0,0.0,1.0,0,2.8,0.1599999999999999,2.5,2.5,0.25,2.857142857142857,4.0,1.836734693877551,3.2,0.1599999999999999,1.0,1,0,0,1,0,0
3275,1,1,0.509393451422437,1,0.0,15.0,0.0,2,2,1.0,1.0,0.0,0.0,1.0,0,3.4,0.24,2.5,2.5,0.25,3.857142857142857,4.0,0.1224489795918367,4.4,0.6399999999999999,1.0,0,1,0,1,0,0
69,1,0,0.2979397781299525,1,1.0,14.0,0.0,0,1,1.0,0.0,0.0,0.0,1.0,0,3.8,0.1599999999999999,2.5,2.5,0.75,3.0,4.0,1.4285714285714286,3.8,0.5599999999999999,3.0,1,0,0,1,0,0
1170,1,1,0.509393451422437,1,0.0,15.0,1.0,2,2,1.0,1.0,0.0,0.0,1.0,0,3.8,0.1599999999999999,2.0,2.0,1.0,2.857142857142857,4.0,1.836734693877551,3.6,0.64,5.0,1,0,0,1,0,0
3122,0,0,0.2979397781299525,1,0.0,14.0,0.0,3,2,1.0,1.0,0.0,0.0,1.0,0,2.0,0.4,2.5,2.5,1.25,3.7142857142857144,4.0,0.2040816326530612,4.6,0.24,1.0,0,1,0,1,0,0
3235,1,1,0.509393451422437,1,1.0,15.0,0.0,4,4,1.0,1.0,0.0,0.0,1.0,0,3.6,0.24,1.875,1.0,1.609375,4.0,4.0,0.0,3.4,3.8400000000000007,1.0,0,1,0,1,0,0
814,0,1,0.509393451422437,1,0.0,16.0,1.0,3,2,1.0,1.0,0.0,0.0,1.0,0,3.0,0.0,2.25,2.0,0.1875,3.4285714285714284,4.0,0.5306122448979592,4.8,0.1599999999999999,3.0,1,0,0,1,0,0
2526,0,1,0.509393451422437,1,0.0,16.0,1.0,4,4,1.0,1.0,0.0,0.0,0.0,0,3.4,0.64,2.25,2.0,0.6875,3.7142857142857144,4.0,0.489795918367347,3.4,1.4400000000000002,2.0,1,0,0,1,0,0
1686,0,1,0.509393451422437,1,1.0,16.0,0.0,0,1,1.0,1.0,0.0,0.0,1.0,0,3.6,0.24,2.5,2.5,0.25,3.4285714285714284,4.0,0.5306122448979592,3.0,0.0,1.0,1,0,0,1,0,0
3340,0,1,0.509393451422437,1,0.0,17.0,0.0,2,0,1.0,0.0,0.0,0.0,1.0,0,2.0,0.8,2.625,3.0,1.234375,1.5714285714285714,1.0,0.5306122448979591,4.2,0.5599999999999999,2.0,0,1,0,0,1,0
530,1,1,0.509393451422437,1,0.0,14.0,0.0,0,1,1.0,1.0,0.0,0.0,1.0,0,3.2,0.5599999999999999,2.625,2.0,1.234375,3.857142857142857,4.0,0.1224489795918367,4.0,0.4,1.0,1,0,0,1,0,0
1099,0,0,0.2979397781299525,1,1.0,14.0,1.0,0,1,1.0,0.0,0.0,0.0,0.0,0,3.0,0.0,2.875,3.0,0.359375,2.7142857142857144,3.0,0.2040816326530612,2.6,0.24,5.0,1,0,0,1,0,0
1843,1,1,0.509393451422437,1,0.0,17.0,0.0,2,2,1.0,1.0,0.0,0.0,1.0,0,3.8,0.1599999999999999,2.0,2.0,0.75,3.857142857142857,4.0,0.1224489795918367,3.6,1.0400000000000005,1.0,0,1,0,1,0,0
1921,1,1,0.509393451422437,2,1.0,17.0,0.0,0,1,1.0,1.0,0.0,0.0,1.0,0,3.8,0.1599999999999999,2.25,2.0,1.4375,2.7142857142857144,4.0,2.204081632653061,5.0,0.0,1.0,1,0,0,0,1,0
3219,1,1,0.509393451422437,1,0.0,14.0,0.0,2,2,1.0,1.0,0.0,0.0,1.0,0,3.4,0.24,2.75,3.0,1.4375,3.7142857142857144,4.0,0.2040816326530612,3.8,0.5599999999999999,4.0,1,0,0,1,0,0
3055,1,0,0.2979397781299525,1,0.0,15.0,0.0,2,0,1.0,0.0,0.0,0.0,0.0,0,3.0,0.4,2.5,2.5,0.25,3.7142857142857144,4.0,0.2040816326530612,4.2,0.1599999999999999,3.0,1,0,0,1,0,0
557,1,0,0.2979397781299525,1,0.0,17.0,0.0,2,0,1.0,1.0,0.0,0.0,1.0,0,2.4,0.64,2.625,2.0,1.234375,3.142857142857143,3.0,0.4081632653061224,4.8,0.1599999999999999,1.0,0,1,0,1,0,0
3729,0,0,0.2979397781299525,1,0.0,15.0,0.0,2,2,1.0,0.0,0.0,0.0,0.0,0,3.0,0.4,2.5,3.0,1.0,3.142857142857143,3.0,0.1224489795918367,4.6,0.24,1.0,0,1,0,0,1,0
1836,1,1,0.7824773413897281,1,0.0,17.0,1.0,0,1,1.0,0.0,0.0,0.0,0.0,0,3.0,0.0,2.625,3.0,0.734375,3.7142857142857144,4.0,0.489795918367347,4.8,0.1599999999999999,1.0,1,0,0,1,0,0
1424,0,1,0.509393451422437,2,1.0,17.0,0.0,2,3,1.0,0.0,0.0,0.0,0.0,0,3.0,0.4,2.75,3.0,0.4375,2.0,2.0,0.5714285714285714,4.4,0.24,3.0,1,0,0,1,0,0
3318,1,1,0.509393451422437,1,0.0,15.0,0.0,4,2,1.0,1.0,0.0,0.0,0.0,0,3.0,0.0,2.25,2.5,0.6875,3.7142857142857144,4.0,0.2040816326530612,4.6,0.6399999999999999,2.0,1,0,0,1,0,0
3412,0,1,0.509393451422437,1,0.0,15.0,0.0,2,0,1.0,1.0,0.0,0.0,1.0,0,2.6,0.24,2.625,3.0,0.234375,3.5714285714285716,4.0,0.5306122448979592,3.4,1.04,1.0,1,0,0,1,0,0
2439,0,1,0.509393451422437,1,0.0,15.0,0.0,3,2,1.0,1.0,0.0,0.0,1.0,0,3.4,0.24,2.875,3.0,1.359375,3.7142857142857144,4.0,0.489795918367347,5.0,0.0,1.0,0,1,0,1,0,0
1931,1,1,0.7824773413897281,1,0.0,15.0,0.0,3,3,1.0,1.0,0.0,0.0,1.0,0,2.2,0.5599999999999999,2.5,3.0,0.5,4.0,4.0,0.0,4.6,0.24,5.0,0,1,0,1,0,0
3696,0,1,0.509393451422437,2,1.0,16.0,1.0,0,1,1.0,0.0,0.0,0.0,0.0,1,3.0,0.4,2.5,2.5,0.25,3.7142857142857144,4.0,0.2040816326530612,3.6,0.64,4.0,1,0,0,1,0,0
572,1,1,0.509393451422437,1,0.0,16.0,0.0,3,3,1.0,1.0,0.0,0.0,1.0,0,2.2,0.5599999999999999,2.0,1.5,1.25,4.0,4.0,0.0,4.8,0.1599999999999999,1.0,0,1,0,1,0,0
675,0,0,0.2979397781299525,1,0.0,16.0,0.0,2,2,1.0,1.0,0.0,0.0,1.0,0,3.0,0.0,2.125,2.0,1.359375,3.7142857142857144,4.0,0.2040816326530612,4.8,0.1599999999999999,1.0,0,1,0,1,0,0
1215,1,1,0.7824773413897281,1,0.0,15.0,0.0,4,4,1.0,1.0,0.0,0.0,0.0,0,3.6,0.24,2.25,2.5,0.6875,2.5714285714285716,3.0,1.1020408163265307,3.6,0.24,4.0,1,0,0,1,0,0
1616,0,0,0.2979397781299525,1,0.0,17.0,0.0,2,2,1.0,0.0,0.0,0.0,1.0,0,3.2,0.5599999999999999,2.25,2.0,0.9375,3.7142857142857144,4.0,0.489795918367347,4.4,0.24,4.0,1,0,0,0,1,0
311,0,1,0.509393451422437,1,0.0,17.0,0.0,4,3,1.0,1.0,0.0,0.0,1.0,0,2.8,0.1599999999999999,2.875,3.0,0.359375,2.857142857142857,3.0,1.2653061224489797,4.2,0.5599999999999999,4.0,1,0,0,1,0,0
199,1,1,0.509393451422437,1,0.0,17.0,0.0,3,0,1.0,1.0,0.0,0.0,1.0,1,2.8,2.16,2.875,3.5,1.609375,3.2857142857142856,4.0,1.3469387755102038,2.6,0.64,5.0,1,0,0,1,0,0
2953,1,1,0.509393451422437,1,0.0,15.0,1.0,2,0,1.0,1.0,0.0,0.0,1.0,0,3.0,0.0,1.25,1.0,0.4375,3.4285714285714284,4.0,1.1020408163265307,1.8,2.5600000000000005,4.0,1,0,0,1,0,0
3369,0,0,0.2979397781299525,1,0.0,14.0,0.0,0,1,1.0,1.0,0.0,0.0,1.0,0,2.8,0.1599999999999999,2.375,2.5,0.484375,3.857142857142857,4.0,0.1224489795918367,4.4,0.24,5.0,1,0,0,1,0,0
1737,0,1,0.509393451422437,1,0.0,14.0,0.0,2,2,1.0,0.0,0.0,0.0,1.0,0,3.0,0.0,1.875,2.0,0.359375,3.5714285714285716,4.0,0.5306122448979592,3.0,0.4,1.0,0,1,0,1,0,0
2690,1,0,0.2979397781299525,1,0.0,17.0,0.0,4,3,0.0,1.0,0.0,0.0,0.0,0,2.8,0.1599999999999999,2.75,3.0,0.1875,2.5714285714285716,3.0,0.2448979591836734,4.4,0.24,5.0,1,0,0,1,0,0
3570,0,1,0.509393451422437,1,0.0,15.0,0.0,2,0,1.0,1.0,0.0,0.0,1.0,0,2.8,0.5599999999999999,1.5,1.0,0.5,3.857142857142857,4.0,0.1224489795918367,4.8,0.1599999999999999,1.0,0,1,0,1,0,0
2501,1,1,0.7824773413897281,1,0.0,16.0,0.0,4,2,1.0,0.0,0.0,0.0,1.0,0,3.4,0.64,2.75,3.0,0.9375,2.857142857142857,3.0,1.5510204081632657,4.0,0.0,1.0,0,1,0,1,0,0
1402,1,1,0.509393451422437,1,1.0,14.0,0.0,0,1,1.0,1.0,0.0,0.0,1.0,0,3.8,0.1599999999999999,2.3991018454906787,2.4144439655172416,0.1341968291381966,3.4285714285714284,4.0,0.5306122448979592,3.4,1.44,1.0,1,0,0,1,0,0
2661,1,1,0.509393451422437,2,1.0,16.0,0.0,0,1,0.0,0.0,0.0,0.0,0.0,1,3.2,0.5599999999999999,2.5,3.0,0.5,3.857142857142857,4.0,0.1224489795918367,4.2,0.5599999999999999,4.0,0,1,0,1,0,0
2520,0,1,0.509393451422437,1,0.0,16.0,1.0,4,3,1.0,0.0,0.0,0.0,1.0,0,2.6,0.24,2.875,3.0,0.359375,2.7142857142857144,3.0,1.6326530612244896,1.8,1.3600000000000003,2.0,0,1,0,1,0,0
2560,1,1,0.509393451422437,1,1.0,14.0,0.0,0,1,1.0,1.0,0.0,0.0,1.0,0,4.0,0.0,2.25,2.0,0.9375,3.0,3.0,0.0,3.2,0.1599999999999999,1.0,1,0,0,1,0,0
1754,0,1,0.509393451422437,1,0.0,16.0,0.0,0,1,1.0,1.0,0.0,0.0,1.0,0,3.0,0.4,2.875,3.0,1.359375,2.7142857142857144,2.0,0.7755102040816327,2.6,1.04,2.0,0,1,0,0,1,0
581,1,1,0.509393451422437,1,0.0,17.0,0.0,0,1,0.0,1.0,0.0,1.0,1.0,0,2.8,0.5599999999999999,2.375,2.0,1.734375,4.0,4.0,0.0,4.4,0.6399999999999999,2.0,1,0,0,1,0,0
325,0,1,0.509393451422437,1,0.0,17.0,0.0,2,0,1.0,1.0,0.0,0.0,1.0,0,3.2,0.1599999999999999,2.5,2.5,0.25,3.857142857142857,4.0,0.1224489795918367,3.2,0.1599999999999999,5.0,1,0,0,1,0,0
2713,1,1,0.509393451422437,1,0.0,17.0,1.0,4,4,1.0,1.0,0.0,0.0,1.0,0,3.0,0.4,2.875,2.5,0.859375,3.5714285714285716,4.0,0.5306122448979592,4.2,0.1599999999999999,1.0,1,0,0,1,0,0
3605,1,1,0.509393451422437,1,0.0,16.0,0.0,2,2,1.0,1.0,0.0,0.0,1.0,0,3.4,0.64,2.25,2.0,0.4375,4.0,4.0,0.0,4.0,0.4,1.0,0,1,0,1,0,0
3691,0,0,0.2979397781299525,1,0.0,17.0,0.0,2,2,1.0,1.0,0.0,0.0,1.0,0,2.2,0.5599999999999999,2.25,2.0,0.9375,3.857142857142857,4.0,0.1224489795918367,4.6,0.24,2.0,0,1,0,0,1,0
2610,0,1,0.509393451422437,1,0.0,15.0,0.0,2,2,1.0,1.0,1.0,1.0,0.0,0,2.2,0.1599999999999999,2.375,2.0,0.234375,2.7142857142857144,3.0,0.2040816326530612,3.8,0.5599999999999999,3.0,1,0,0,1,0,0
632,1,1,0.509393451422437,1,0.0,16.0,0.0,4,4,1.0,1.0,0.0,0.0,1.0,0,2.8,0.1599999999999999,2.125,2.0,0.859375,3.7142857142857144,4.0,0.2040816326530612,3.8,0.5599999999999999,2.0,0,1,0,1,0,0
2053,0,0,0.2979397781299525,1,1.0,14.0,0.0,0,1,1.0,1.0,0.0,0.0,0.0,0,3.6,0.24,2.125,2.0,0.359375,4.0,4.0,0.0,3.0,1.6,1.0,0,1,0,1,0,0
94,1,1,0.7824773413897281,1,0.0,14.0,0.0,0,1,1.0,1.0,0.0,0.0,1.0,0,2.4,0.24,2.5,2.0,1.0,2.5714285714285716,3.0,0.2448979591836734,3.8,0.1599999999999999,2.0,0,0,1,0,0,1
2455,0,1,0.509393451422437,1,0.0,17.0,0.0,2,0,0.0,1.0,0.0,0.0,0.0,0,3.2,0.5599999999999999,2.0,2.0,0.5,3.2857142857142856,4.0,0.7755102040816327,3.6,2.24,3.0,0,1,0,1,0,0
3662,1,1,0.509393451422437,1,0.0,17.0,0.0,0,1,1.0,1.0,0.0,0.0,1.0,0,3.4,0.24,2.625,2.5,1.484375,3.142857142857143,4.0,1.2653061224489797,3.6,2.24,2.0,1,0,0,1,0,0
1834,1,1,0.509393451422437,1,1.0,14.0,0.0,0,1,1.0,1.0,0.0,0.0,1.0,0,3.8,0.1599999999999999,1.875,1.0,1.609375,3.6205725722863575,4.0,0.2032241836966355,5.0,0.0,1.0,0,1,0,1,0,0
1194,0,0,0.2979397781299525,1,0.0,16.0,0.0,0,1,1.0,0.0,0.0,0.0,1.0,0,2.6,0.24,2.5,2.5,1.25,3.7142857142857144,4.0,0.489795918367347,4.2,0.1599999999999999,1.0,0,1,0,1,0,0
3345,0,1,0.7824773413897281,2,1.0,14.0,0.0,2,2,1.0,1.0,0.0,0.0,1.0,0,3.2,0.1599999999999999,3.0,3.0,0.25,3.7142857142857144,4.0,0.2040816326530612,4.0,0.4,1.0,0,1,0,1,0,0
1964,0,1,0.509393451422437,2,1.0,14.0,0.0,0,1,1.0,1.0,0.0,0.0,1.0,0,3.0,0.4,2.375,2.0,0.734375,3.2857142857142856,4.0,1.0612244897959184,5.0,0.0,1.0,1,0,0,1,0,0
2326,1,1,0.509393451422437,1,0.0,15.0,0.0,3,3,1.0,1.0,0.0,0.0,1.0,0,1.4,0.6400000000000002,2.25,2.0,0.4375,2.4285714285714284,3.0,1.673469387755102,3.6,0.64,3.0,0,1,0,1,0,0
2835,1,1,0.509393451422437,1,0.0,15.0,0.0,0,1,1.0,1.0,0.0,0.0,0.0,0,3.0,0.4,2.875,3.0,1.109375,2.2857142857142856,2.0,1.6326530612244898,3.4,1.04,5.0,1,0,0,1,0,0
2877,1,1,0.509393451422437,1,0.0,14.0,1.0,3,2,0.0,0.0,0.0,0.0,0.0,1,3.0,0.4,2.625,3.0,1.234375,2.4285714285714284,2.0,1.3877551020408163,3.2,1.7600000000000002,2.0,1,0,0,1,0,0
2589,1,1,0.509393451422437,1,0.0,15.0,0.0,2,0,1.0,1.0,0.0,0.0,1.0,0,3.4,0.24,2.5,2.5,0.25,3.2857142857142856,3.0,0.489795918367347,3.8,0.5599999999999999,4.0,0,1,0,1,0,0
563,1,1,0.509393451422437,1,0.0,17.0,0.0,0,1,1.0,1.0,0.0,0.0,1.0,0,3.2,1.36,2.25,2.0,0.9375,3.7142857142857144,4.0,0.2040816326530612,4.4,0.64,1.0,0,1,0,1,0,0
437,1,1,0.509393451422437,1,0.0,16.0,0.0,3,3,1.0,1.0,0.0,0.0,1.0,0,1.4,0.24,2.375,2.0,0.734375,3.7142857142857144,4.0,0.489795918367347,4.2,0.96,1.0,0,1,0,1,0,0
666,1,1,0.509393451422437,1,0.0,17.0,0.0,3,2,1.0,1.0,0.0,0.0,0.0,0,2.8,0.1599999999999999,2.375,2.0,0.234375,2.7142857142857144,3.0,0.2040816326530612,3.0,0.8,2.0,1,0,0,1,0,0
3413,0,0,0.2979397781299525,2,1.0,14.0,0.0,0,1,0.0,0.0,1.0,0.0,0.0,0,3.2,0.1599999999999999,2.75,2.5,0.6875,2.142857142857143,2.0,0.979591836734694,4.2,0.5599999999999999,3.0,1,0,0,1,0,0
3569,1,1,0.7824773413897281,1,0.0,15.0,0.0,0,1,1.0,1.0,0.0,0.0,1.0,0,4.0,0.0,2.375,2.0,1.734375,4.0,4.0,0.0,4.2,0.1599999999999999,1.0,1,0,0,1,0,0
3653,1,0,0.2979397781299525,1,0.0,17.0,0.0,3,2,1.0,1.0,0.0,0.0,1.0,0,2.8,0.1599999999999999,2.5,2.0,0.5,3.4285714285714284,4.0,0.5306122448979592,4.2,0.1599999999999999,1.0,0,1,0,1,0,0
3198,0,1,0.7824773413897281,2,1.0,15.0,0.0,0,1,1.0,1.0,0.0,0.0,0.0,0,2.2,0.5599999999999999,2.625,2.5,1.484375,3.2857142857142856,3.0,0.2040816326530612,1.4,0.24,1.0,1,0,0,1,0,0
1138,0,1,0.509393451422437,1,1.0,17.0,0.0,3,0,1.0,1.0,0.0,0.0,0.0,0,3.0,0.4,2.375,2.0,0.734375,3.4285714285714284,4.0,0.5306122448979592,4.0,0.8,5.0,1,0,0,1,0,0
3529,0,1,0.509393451422437,2,1.0,17.0,0.0,0,1,1.0,1.0,0.0,0.0,1.0,0,3.6,0.24,2.25,2.0,0.9375,3.857142857142857,4.0,0.1224489795918367,3.0,1.2,1.0,0,1,0,1,0,0
1139,0,0,0.2979397781299525,1,0.0,14.0,0.0,0,1,1.0,1.0,0.0,0.0,1.0,1,3.4,0.24,2.375,2.5,0.484375,3.857142857142857,4.0,0.1224489795918367,4.4,0.6399999999999999,3.0,1,0,0,1,0,0
576,0,0,0.2979397781299525,1,0.0,15.0,0.0,3,2,1.0,1.0,0.0,0.0,0.0,0,3.6,0.24,2.5,3.0,1.5,3.857142857142857,4.0,0.1224489795918367,4.2,0.5599999999999999,2.0,0,1,0,1,0,0
1888,0,1,0.509393451422437,1,0.0,15.0,0.0,0,1,1.0,1.0,0.0,0.0,1.0,0,2.0,0.0,3.125,3.0,0.609375,3.5714285714285716,4.0,0.2448979591836734,3.8,0.1599999999999999,1.0,0,1,0,1,0,0
2715,0,1,0.509393451422437,1,0.0,17.0,0.0,2,2,1.0,1.0,0.0,0.0,1.0,0,3.0,0.4,2.625,2.5,0.984375,3.4285714285714284,4.0,0.5306122448979592,4.0,0.4,3.0,1,0,0,1,0,0
1443,1,1,0.509393451422437,1,0.0,17.0,0.0,3,3,0.0,1.0,0.0,0.0,0.0,0,3.0,1.6,2.625,3.0,1.234375,2.142857142857143,1.0,1.8367346938775508,4.2,0.5599999999999999,1.0,0,1,0,1,0,0
2233,0,1,0.7824773413897281,1,0.0,16.0,0.0,3,2,1.0,1.0,0.0,0.0,1.0,0,3.0,0.4,2.875,3.0,0.609375,3.2857142857142856,3.0,0.489795918367347,4.2,0.5599999999999999,1.0,0,1,0,1,0,0
1722,0,1,0.509393451422437,1,0.0,17.0,0.0,0,1,1.0,0.0,0.0,0.0,0.0,0,3.0,0.0,2.75,3.0,1.4375,4.0,4.0,0.0,3.89670494258612,0.0426794755445464,1.0,1,0,0,1,0,0
