pc,operador,umbral,constante,target,β_PAÍS,β_ETNIA.BN,β_EDAD,β_FUGAS.BN,β_ABUSOSUBS1,β_ABUSOSUBS2,β_CONVIVEN.1,β_CONVIVEN.2,β_CONVIVEN.3,β_CONVIVEN.4,β_CONVIVEN_H,β_CONVIVEN_0,β_AUTOEFIC.MEAN,β_AUTOEFIC.VAR,β_IMPULS.MEAN,β_IMPULS.MEDIAN,β_IMPULS.VAR,β_APOYO.MEAN,β_APOYO.MEDIAN,β_APOYO.VAR,β_MORAL.MEAN,β_MORAL.VAR,β_PORNO.T,β_GENERO.BN0,β_ORIENTSEX.BN0,β_GENERO.BN1,β_ORIENTSEX.BN1
PC7,<=,0.31,-2.843879468563927,,0.17639820821588562,-0.2559894426074373,-0.17056075853838565,0.537956907245937,-0.007123277528966347,0.002994939629972478,-0.0210127848209458,0.0620818728502759,0.046271508535383005,0.02597623727998586,0.0092386743486449,-0.02359844772425646,-0.047673620577130156,0.016806130686097615,0.009511427292547617,0.013355961198823634,-0.005639226439020885,-0.09557216364801502,-0.11402289231726588,0.12884715518764212,-0.02671717368242039,0.013425284572106278,-0.003368582391247338,-0.0006577617969465016,0.11047235475101738,0.0006577617969464218,-0.11047235475101738
PC2,<=,-0.12,0.7471497617659582,,0.13042199002714122,-0.21418497504984435,-0.03184934871318016,-0.17259675982014622,-0.017070112417100273,-0.013710509393817353,0.1566612514303632,0.5461520615288856,-0.12265964763067637,-0.013151398547031018,0.6374780562796171,-0.10670223415972242,0.018166017666069522,-0.02105166303966101,-6.149320165679409e-06,0.0004629201710854798,-0.005534768253852621,0.03407096223808076,0.04020543060367045,-0.04549520254473249,0.010997761841035996,-0.008597135538309845,-0.01656941936448926,0.008369147562535442,0.2032257135724291,-0.008369147562535484,-0.2032257135724291
PC11,<=,0.51,0.4149259863121266,,-0.04216194712669064,-0.02046346996332135,-0.039975664506474176,0.028168556644434708,-0.00019073423422492222,0.0030161075500532365,0.6759294516318619,-0.23080452056928352,-0.5136530220331453,-0.300238778498931,-0.0278773223948047,0.27883654577870987,-0.009940140867786256,-7.619933719216383e-05,0.006336026498480044,0.010508732383883966,0.0005693299339521459,0.0038283706038281596,0.009477078009210271,-0.008511816200727844,-0.004454745048374034,0.010021877984529817,0.04416094205655276,-0.037451270090405796,0.014020949380246712,0.037451270090406046,-0.014020949380246698
PC14,<=,-0.47,1.3463286830819128,,0.359703156342381,0.18305364986455494,0.05297715071792045,0.06583250788084337,-0.02206151158386227,-0.023028023357127142,0.4934874774419537,0.17702048395301126,0.6094555361190429,0.08788887458688069,-0.10875373179962886,0.29541839226311206,-0.008022138817595986,0.013162088858703607,-0.006123425188356431,-0.007545742573391107,0.002240562748364202,-0.007888983492884378,0.004728559300346434,0.02181187980443345,0.031677690915688235,-0.02046684417161289,0.007471184186060317,0.0032374785911272533,0.015475268156085444,-0.0032374785911274302,-0.01547526815608578
PC17,<=,-0.02,-0.6627107435404869,,-0.020426691623828694,-0.08380765897974957,0.019067922542741096,-0.025704894384669916,-0.014304408733685617,-0.006073962494568625,0.07028751049440549,0.007344172416118286,0.0907501466636178,0.005573588472525527,-0.012704588259905341,0.024679301102590482,0.15314871367214433,-0.20113882519686754,-0.07377197978865284,-0.11829130184248696,-0.05307663328733184,-0.030614196741091705,-0.08655420820431567,-0.08099933698918904,-0.10794850411679509,0.0704807874462058,0.018170614171308434,-0.057191959779562075,-0.011840172906259522,0.05719195977956251,0.011840172906259676
PC1,<=,0.84,1.064056037153239,,-0.022004774710120467,0.019722734923716262,0.0026015926792960485,0.004917404767242937,-0.004218467750483591,0.0034279698835947415,-0.013533727613509699,-0.006460816620266067,-0.0049667231073443965,0.006222139492590208,-0.05519520840981278,0.0014659458403357248,0.019682653322788308,-0.006648285912589944,0.0007537666472359013,0.0009174956568490205,-0.014012316511875528,0.004109259285791897,0.005598181868928145,-0.0028340940354142823,-0.012460135592246534,0.005481741756557169,0.07113350258110286,0.661205852464106,0.1255395235219408,-0.661205852464106,-0.12553952352194084
PC1,>,0.84,-1.064056037153239,,0.022004774710120467,-0.019722734923716262,-0.0026015926792960485,-0.004917404767242937,0.004218467750483591,-0.0034279698835947415,0.013533727613509699,0.006460816620266067,0.0049667231073443965,-0.006222139492590208,0.05519520840981278,-0.0014659458403357248,-0.019682653322788308,0.006648285912589944,-0.0007537666472359013,-0.0009174956568490205,0.014012316511875528,-0.004109259285791897,-0.005598181868928145,0.0028340940354142823,0.012460135592246534,-0.005481741756557169,-0.07113350258110286,-0.661205852464106,-0.1255395235219408,0.661205852464106,0.12553952352194084
PC6,<=,1.04,2.6966115300652396,,-0.17160397713998604,0.45411079986477865,0.08592229753999932,0.32972954545698996,0.04707062800217439,0.035130788430263765,-0.0026098724139917836,0.5891440246070928,-0.2501119645195533,-0.02259815410257923,-0.1858173191655656,-0.034098144217661795,-0.00027052320784757763,-0.0047085811298387984,-0.0036925346229965393,-0.006599887988651052,-0.012307612625556907,-0.02081348257302698,-0.02423673951559562,0.03363364243287122,-0.010904444162150227,0.0048493050907221415,0.03517463625459312,-0.0618980274108161,0.07514977494026272,0.061898027410816195,-0.07514977494026283
PC6,>,1.04,-2.6966115300652396,,0.17160397713998604,-0.45411079986477865,-0.08592229753999932,-0.32972954545698996,-0.04707062800217439,-0.035130788430263765,0.0026098724139917836,-0.5891440246070928,0.2501119645195533,0.02259815410257923,0.1858173191655656,0.034098144217661795,0.00027052320784757763,0.0047085811298387984,0.0036925346229965393,0.006599887988651052,0.012307612625556907,0.02081348257302698,0.02423673951559562,-0.03363364243287122,0.010904444162150227,-0.0048493050907221415,-0.03517463625459312,0.0618980274108161,-0.07514977494026272,-0.061898027410816195,0.07514977494026283
PC17,>,-0.02,0.6627107435404869,,0.020426691623828694,0.08380765897974957,-0.019067922542741096,0.025704894384669916,0.014304408733685617,0.006073962494568625,-0.07028751049440549,-0.007344172416118286,-0.0907501466636178,-0.005573588472525527,0.012704588259905341,-0.024679301102590482,-0.15314871367214433,0.20113882519686754,0.07377197978865284,0.11829130184248696,0.05307663328733184,0.030614196741091705,0.08655420820431567,0.08099933698918904,0.10794850411679509,-0.0704807874462058,-0.018170614171308434,0.057191959779562075,0.011840172906259522,-0.05719195977956251,-0.011840172906259676
PC17,<=,0.26,-0.38271074354048684,,-0.020426691623828694,-0.08380765897974957,0.019067922542741096,-0.025704894384669916,-0.014304408733685617,-0.006073962494568625,0.07028751049440549,0.007344172416118286,0.0907501466636178,0.005573588472525527,-0.012704588259905341,0.024679301102590482,0.15314871367214433,-0.20113882519686754,-0.07377197978865284,-0.11829130184248696,-0.05307663328733184,-0.030614196741091705,-0.08655420820431567,-0.08099933698918904,-0.10794850411679509,0.0704807874462058,0.018170614171308434,-0.057191959779562075,-0.011840172906259522,0.05719195977956251,0.011840172906259676
PC5,<=,0.66,3.598613589890764,,0.1197741564652044,-0.2994853676214497,0.15142492498887825,0.3054714800510228,0.08994818409008835,0.0563017599570136,0.0002879237391063827,-0.30913864044154116,0.1217253251868806,0.02654953930918732,0.30026273607919196,-0.0008865899343437443,-0.004164261158427012,0.001468257836624137,-0.0006300235046170153,0.0007192181612614524,-0.02199074638483807,0.013471413287098211,0.017135876489135955,-0.018374654511224785,0.005734935771955802,-0.0020752034498410067,0.05267488458269428,-0.05951078457146622,0.16266080432549157,0.059510784571466344,-0.16266080432549163
PC5,>,0.66,-3.598613589890764,,-0.1197741564652044,0.2994853676214497,-0.15142492498887825,-0.3054714800510228,-0.08994818409008835,-0.0563017599570136,-0.0002879237391063827,0.30913864044154116,-0.1217253251868806,-0.02654953930918732,-0.30026273607919196,0.0008865899343437443,0.004164261158427012,-0.001468257836624137,0.0006300235046170153,-0.0007192181612614524,0.02199074638483807,-0.013471413287098211,-0.017135876489135955,0.018374654511224785,-0.005734935771955802,0.0020752034498410067,-0.05267488458269428,0.05951078457146622,-0.16266080432549157,-0.059510784571466344,0.16266080432549163
PC3,<=,0.24,-0.07743599226903963,,-0.06587047553251678,0.15765416854614964,-0.03124509963005727,-0.0713682068734049,-0.018332852847040056,-0.00649305932277601,-0.05890756208007817,-0.1849606396849257,0.03644699957696403,0.0056453879881755865,-0.2575471231156557,0.01849079697572988,0.020662766331637585,-0.0027342427107043847,-0.00382833828577419,-0.004767275607101944,0.0016426418981162197,0.027984682798155573,0.03491071241189576,-0.03119742190519823,-0.0005921587941730404,0.005604810672598563,-0.044689496253679614,-0.10015528776601273,0.6173729608108393,0.10015528776601265,-0.6173729608108391
PC3,>,0.24,0.07743599226903963,,0.06587047553251678,-0.15765416854614964,0.03124509963005727,0.0713682068734049,0.018332852847040056,0.00649305932277601,0.05890756208007817,0.1849606396849257,-0.03644699957696403,-0.0056453879881755865,0.2575471231156557,-0.01849079697572988,-0.020662766331637585,0.0027342427107043847,0.00382833828577419,0.004767275607101944,-0.0016426418981162197,-0.027984682798155573,-0.03491071241189576,0.03119742190519823,0.0005921587941730404,-0.005604810672598563,0.044689496253679614,0.10015528776601273,-0.6173729608108393,-0.10015528776601265,0.6173729608108391
PC17,>,0.26,0.38271074354048684,,0.020426691623828694,0.08380765897974957,-0.019067922542741096,0.025704894384669916,0.014304408733685617,0.006073962494568625,-0.07028751049440549,-0.007344172416118286,-0.0907501466636178,-0.005573588472525527,0.012704588259905341,-0.024679301102590482,-0.15314871367214433,0.20113882519686754,0.07377197978865284,0.11829130184248696,0.05307663328733184,0.030614196741091705,0.08655420820431567,0.08099933698918904,0.10794850411679509,-0.0704807874462058,-0.018170614171308434,0.057191959779562075,0.011840172906259522,-0.05719195977956251,-0.011840172906259676
PC14,>,-0.47,-1.3463286830819128,,-0.359703156342381,-0.18305364986455494,-0.05297715071792045,-0.06583250788084337,0.02206151158386227,0.023028023357127142,-0.4934874774419537,-0.17702048395301126,-0.6094555361190429,-0.08788887458688069,0.10875373179962886,-0.29541839226311206,0.008022138817595986,-0.013162088858703607,0.006123425188356431,0.007545742573391107,-0.002240562748364202,0.007888983492884378,-0.004728559300346434,-0.02181187980443345,-0.031677690915688235,0.02046684417161289,-0.007471184186060317,-0.0032374785911272533,-0.015475268156085444,0.0032374785911274302,0.01547526815608578
PC3,<=,-0.06,-0.3774359922690396,,-0.06587047553251678,0.15765416854614964,-0.03124509963005727,-0.0713682068734049,-0.018332852847040056,-0.00649305932277601,-0.05890756208007817,-0.1849606396849257,0.03644699957696403,0.0056453879881755865,-0.2575471231156557,0.01849079697572988,0.020662766331637585,-0.0027342427107043847,-0.00382833828577419,-0.004767275607101944,0.0016426418981162197,0.027984682798155573,0.03491071241189576,-0.03119742190519823,-0.0005921587941730404,0.005604810672598563,-0.044689496253679614,-0.10015528776601273,0.6173729608108393,0.10015528776601265,-0.6173729608108391
PC13,<=,0.33,0.5284067131176362,,0.8077397541574136,0.36729505145547475,-0.015220701399237662,-0.08889446092665945,0.013462139992040885,0.03302265695450802,-0.17039905843268782,-0.1251986173076776,-0.2782947224001668,-0.012101615908086703,0.0510444981619807,-0.018790063748346898,0.010033222087398944,-0.00609593857644667,0.0004891887683065714,0.002517785190295386,-0.02751435167601446,0.0015564041391926049,-0.00019129315188809215,-0.02398936715242111,-0.029881456455524785,0.021993873930206936,-0.028717424914109883,0.027435729879402352,-0.02913911026006381,-0.02743572987940288,0.02913911026006386
PC10,<=,0.6,-0.8242648623038559,,0.042182185912241106,0.09128650047463327,-0.12148451545602953,-0.3696419544020941,0.03638332395319099,0.02037670869367812,-0.026922416496533885,0.02582468348483695,0.1611631579679636,0.06416708225952138,-0.039008202548279816,-0.17112502059137513,-0.01418476633574524,0.017541602437559634,-0.006089827421569299,-0.009179046168934283,-0.021110423641996397,-0.005377761983003109,0.00333059728093464,0.025991168312910477,0.007409037276771147,-0.004098966543340269,0.18526852781862402,-0.16033248888110346,0.036724506289962475,0.16033248888110468,-0.036724506289962516
PC18,<=,0.02,0.8304572888207544,,-0.00833455408520542,-0.0032828220689652436,-0.0033851566556977243,0.027370213472645514,-0.0064387738452382996,-0.001747242930018762,-0.014127680785916601,-0.02596428156283996,0.008361288057699508,-0.03724895358965486,-0.011512231564188069,-0.005685753025743677,0.10008618160439488,-0.1673738620542364,0.043122470678435304,0.10043124713694168,-0.21887692201054376,0.010901134363850658,0.11370948300269182,0.24499710350753523,0.0014131952420223589,-0.029602085371607155,-0.00460709484523072,-0.02237978445393676,-0.02481910904777893,0.022379784453936877,0.024819109047778617
PC16,<=,0.14,-0.34305111154660417,,0.042476241058451145,0.020219184359540433,-0.02133207921692227,0.03577967562869613,0.002693216180029564,0.009945150669549178,-0.0744113181282738,-0.06590000259574523,-0.14511288896644348,-0.016392969770283594,0.017868911597622685,0.0494984064323413,0.06568767824715613,-0.08611746494481473,-0.09432648489195984,-0.15434759038449397,0.030639214939640252,-0.026136320186058066,-0.0405671528411144,0.06039212625875393,0.14468209868183346,-0.11872079051572726,-0.003913847211915117,0.025432025437234967,0.00812190622816522,-0.025432025437234745,-0.008121906228165093
PC5,<=,-0.07,2.868613589890764,,0.1197741564652044,-0.2994853676214497,0.15142492498887825,0.3054714800510228,0.08994818409008835,0.0563017599570136,0.0002879237391063827,-0.30913864044154116,0.1217253251868806,0.02654953930918732,0.30026273607919196,-0.0008865899343437443,-0.004164261158427012,0.001468257836624137,-0.0006300235046170153,0.0007192181612614524,-0.02199074638483807,0.013471413287098211,0.017135876489135955,-0.018374654511224785,0.005734935771955802,-0.0020752034498410067,0.05267488458269428,-0.05951078457146622,0.16266080432549157,0.059510784571466344,-0.16266080432549163
PC15,<=,-0.39,0.31001212691247726,,0.0338251328899312,-0.05176896845591579,0.013368097524789355,-0.018484855818176618,0.00493257477549133,-0.0054282243624743515,0.008617574624339808,0.012360314734972204,-0.017279343107395317,-0.018569402388361828,0.013595091802378818,-0.01811542675306196,0.04156388439789665,0.14004852258834266,-0.06644944886451398,-0.1153272442521486,0.16721628944197298,0.03038156179092587,0.11748603001917529,0.25559085118146296,-0.03397590207069086,0.08815121490935611,-0.004818139849483547,0.002822579961185728,-0.007542747757308388,-0.002822579961185992,0.007542747757308277
PC15,>,-0.39,-0.31001212691247726,,-0.0338251328899312,0.05176896845591579,-0.013368097524789355,0.018484855818176618,-0.00493257477549133,0.0054282243624743515,-0.008617574624339808,-0.012360314734972204,0.017279343107395317,0.018569402388361828,-0.013595091802378818,0.01811542675306196,-0.04156388439789665,-0.14004852258834266,0.06644944886451398,0.1153272442521486,-0.16721628944197298,-0.03038156179092587,-0.11748603001917529,-0.25559085118146296,0.03397590207069086,-0.08815121490935611,0.004818139849483547,-0.002822579961185728,0.007542747757308388,0.002822579961185992,-0.007542747757308277
PC5,>,-0.07,-2.868613589890764,,-0.1197741564652044,0.2994853676214497,-0.15142492498887825,-0.3054714800510228,-0.08994818409008835,-0.0563017599570136,-0.0002879237391063827,0.30913864044154116,-0.1217253251868806,-0.02654953930918732,-0.30026273607919196,0.0008865899343437443,0.004164261158427012,-0.001468257836624137,0.0006300235046170153,-0.0007192181612614524,0.02199074638483807,-0.013471413287098211,-0.017135876489135955,0.018374654511224785,-0.005734935771955802,0.0020752034498410067,-0.05267488458269428,0.05951078457146622,-0.16266080432549157,-0.059510784571466344,0.16266080432549163
PC8,<=,-0.45,-1.6121673556028344,,-0.03163312347943909,0.07847315160741355,-0.132792550136905,0.45733583152308205,0.006476756409069445,0.009109012647617001,-0.10872981241715945,0.025356494241185086,0.08723124953108702,0.049384094325171005,0.00985060715585546,0.18304556701096805,0.047419479762862274,-0.017269694505800303,-0.01813159317612314,-0.027542658665524036,0.002825997862350895,0.12829874106673603,0.15347257318089563,-0.1731739799446561,0.007356935980280331,0.007224752216507015,0.016676736544676225,-0.013138898988729173,-0.10497308991898495,0.013138898988729247,0.10497308991898498
PC8,>,-0.45,1.6121673556028344,,0.03163312347943909,-0.07847315160741355,0.132792550136905,-0.45733583152308205,-0.006476756409069445,-0.009109012647617001,0.10872981241715945,-0.025356494241185086,-0.08723124953108702,-0.049384094325171005,-0.00985060715585546,-0.18304556701096805,-0.047419479762862274,0.017269694505800303,0.01813159317612314,0.027542658665524036,-0.002825997862350895,-0.12829874106673603,-0.15347257318089563,0.1731739799446561,-0.007356935980280331,-0.007224752216507015,-0.016676736544676225,0.013138898988729173,0.10497308991898495,-0.013138898988729247,-0.10497308991898498
PC16,>,0.14,0.34305111154660417,,-0.042476241058451145,-0.020219184359540433,0.02133207921692227,-0.03577967562869613,-0.002693216180029564,-0.009945150669549178,0.0744113181282738,0.06590000259574523,0.14511288896644348,0.016392969770283594,-0.017868911597622685,-0.0494984064323413,-0.06568767824715613,0.08611746494481473,0.09432648489195984,0.15434759038449397,-0.030639214939640252,0.026136320186058066,0.0405671528411144,-0.06039212625875393,-0.14468209868183346,0.11872079051572726,0.003913847211915117,-0.025432025437234967,-0.00812190622816522,0.025432025437234745,0.008121906228165093
PC8,<=,0.37,-0.7921673556028345,,-0.03163312347943909,0.07847315160741355,-0.132792550136905,0.45733583152308205,0.006476756409069445,0.009109012647617001,-0.10872981241715945,0.025356494241185086,0.08723124953108702,0.049384094325171005,0.00985060715585546,0.18304556701096805,0.047419479762862274,-0.017269694505800303,-0.01813159317612314,-0.027542658665524036,0.002825997862350895,0.12829874106673603,0.15347257318089563,-0.1731739799446561,0.007356935980280331,0.007224752216507015,0.016676736544676225,-0.013138898988729173,-0.10497308991898495,0.013138898988729247,0.10497308991898498
PC8,>,0.37,0.7921673556028345,,0.03163312347943909,-0.07847315160741355,0.132792550136905,-0.45733583152308205,-0.006476756409069445,-0.009109012647617001,0.10872981241715945,-0.025356494241185086,-0.08723124953108702,-0.049384094325171005,-0.00985060715585546,-0.18304556701096805,-0.047419479762862274,0.017269694505800303,0.01813159317612314,0.027542658665524036,-0.002825997862350895,-0.12829874106673603,-0.15347257318089563,0.1731739799446561,-0.007356935980280331,-0.007224752216507015,-0.016676736544676225,0.013138898988729173,0.10497308991898495,-0.013138898988729247,-0.10497308991898498
PC7,<=,-0.38,-3.533879468563927,,0.17639820821588562,-0.2559894426074373,-0.17056075853838565,0.537956907245937,-0.007123277528966347,0.002994939629972478,-0.0210127848209458,0.0620818728502759,0.046271508535383005,0.02597623727998586,0.0092386743486449,-0.02359844772425646,-0.047673620577130156,0.016806130686097615,0.009511427292547617,0.013355961198823634,-0.005639226439020885,-0.09557216364801502,-0.11402289231726588,0.12884715518764212,-0.02671717368242039,0.013425284572106278,-0.003368582391247338,-0.0006577617969465016,0.11047235475101738,0.0006577617969464218,-0.11047235475101738
PC7,>,-0.38,3.533879468563927,,-0.17639820821588562,0.2559894426074373,0.17056075853838565,-0.537956907245937,0.007123277528966347,-0.002994939629972478,0.0210127848209458,-0.0620818728502759,-0.046271508535383005,-0.02597623727998586,-0.0092386743486449,0.02359844772425646,0.047673620577130156,-0.016806130686097615,-0.009511427292547617,-0.013355961198823634,0.005639226439020885,0.09557216364801502,0.11402289231726588,-0.12884715518764212,0.02671717368242039,-0.013425284572106278,0.003368582391247338,0.0006577617969465016,-0.11047235475101738,-0.0006577617969464218,0.11047235475101738
PC18,>,0.02,-0.8304572888207544,,0.00833455408520542,0.0032828220689652436,0.0033851566556977243,-0.027370213472645514,0.0064387738452382996,0.001747242930018762,0.014127680785916601,0.02596428156283996,-0.008361288057699508,0.03724895358965486,0.011512231564188069,0.005685753025743677,-0.10008618160439488,0.1673738620542364,-0.043122470678435304,-0.10043124713694168,0.21887692201054376,-0.010901134363850658,-0.11370948300269182,-0.24499710350753523,-0.0014131952420223589,0.029602085371607155,0.00460709484523072,0.02237978445393676,0.02481910904777893,-0.022379784453936877,-0.024819109047778617
PC11,<=,0.06,-0.03507401368787341,,-0.04216194712669064,-0.02046346996332135,-0.039975664506474176,0.028168556644434708,-0.00019073423422492222,0.0030161075500532365,0.6759294516318619,-0.23080452056928352,-0.5136530220331453,-0.300238778498931,-0.0278773223948047,0.27883654577870987,-0.009940140867786256,-7.619933719216383e-05,0.006336026498480044,0.010508732383883966,0.0005693299339521459,0.0038283706038281596,0.009477078009210271,-0.008511816200727844,-0.004454745048374034,0.010021877984529817,0.04416094205655276,-0.037451270090405796,0.014020949380246712,0.037451270090406046,-0.014020949380246698
PC15,<=,0.55,1.2500121269124773,,0.0338251328899312,-0.05176896845591579,0.013368097524789355,-0.018484855818176618,0.00493257477549133,-0.0054282243624743515,0.008617574624339808,0.012360314734972204,-0.017279343107395317,-0.018569402388361828,0.013595091802378818,-0.01811542675306196,0.04156388439789665,0.14004852258834266,-0.06644944886451398,-0.1153272442521486,0.16721628944197298,0.03038156179092587,0.11748603001917529,0.25559085118146296,-0.03397590207069086,0.08815121490935611,-0.004818139849483547,0.002822579961185728,-0.007542747757308388,-0.002822579961185992,0.007542747757308277
PC15,>,0.55,-1.2500121269124773,,-0.0338251328899312,0.05176896845591579,-0.013368097524789355,0.018484855818176618,-0.00493257477549133,0.0054282243624743515,-0.008617574624339808,-0.012360314734972204,0.017279343107395317,0.018569402388361828,-0.013595091802378818,0.01811542675306196,-0.04156388439789665,-0.14004852258834266,0.06644944886451398,0.1153272442521486,-0.16721628944197298,-0.03038156179092587,-0.11748603001917529,-0.25559085118146296,0.03397590207069086,-0.08815121490935611,0.004818139849483547,-0.002822579961185728,0.007542747757308388,0.002822579961185992,-0.007542747757308277
PC11,>,0.06,0.03507401368787341,,0.04216194712669064,0.02046346996332135,0.039975664506474176,-0.028168556644434708,0.00019073423422492222,-0.0030161075500532365,-0.6759294516318619,0.23080452056928352,0.5136530220331453,0.300238778498931,0.0278773223948047,-0.27883654577870987,0.009940140867786256,7.619933719216383e-05,-0.006336026498480044,-0.010508732383883966,-0.0005693299339521459,-0.0038283706038281596,-0.009477078009210271,0.008511816200727844,0.004454745048374034,-0.010021877984529817,-0.04416094205655276,0.037451270090405796,-0.014020949380246712,-0.037451270090406046,0.014020949380246698
PC11,<=,0.07,-0.025074013687873403,,-0.04216194712669064,-0.02046346996332135,-0.039975664506474176,0.028168556644434708,-0.00019073423422492222,0.0030161075500532365,0.6759294516318619,-0.23080452056928352,-0.5136530220331453,-0.300238778498931,-0.0278773223948047,0.27883654577870987,-0.009940140867786256,-7.619933719216383e-05,0.006336026498480044,0.010508732383883966,0.0005693299339521459,0.0038283706038281596,0.009477078009210271,-0.008511816200727844,-0.004454745048374034,0.010021877984529817,0.04416094205655276,-0.037451270090405796,0.014020949380246712,0.037451270090406046,-0.014020949380246698
PC11,>,0.07,0.025074013687873403,,0.04216194712669064,0.02046346996332135,0.039975664506474176,-0.028168556644434708,0.00019073423422492222,-0.0030161075500532365,-0.6759294516318619,0.23080452056928352,0.5136530220331453,0.300238778498931,0.0278773223948047,-0.27883654577870987,0.009940140867786256,7.619933719216383e-05,-0.006336026498480044,-0.010508732383883966,-0.0005693299339521459,-0.0038283706038281596,-0.009477078009210271,0.008511816200727844,0.004454745048374034,-0.010021877984529817,-0.04416094205655276,0.037451270090405796,-0.014020949380246712,-0.037451270090406046,0.014020949380246698
PC15,<=,0.22,0.9200121269124772,,0.0338251328899312,-0.05176896845591579,0.013368097524789355,-0.018484855818176618,0.00493257477549133,-0.0054282243624743515,0.008617574624339808,0.012360314734972204,-0.017279343107395317,-0.018569402388361828,0.013595091802378818,-0.01811542675306196,0.04156388439789665,0.14004852258834266,-0.06644944886451398,-0.1153272442521486,0.16721628944197298,0.03038156179092587,0.11748603001917529,0.25559085118146296,-0.03397590207069086,0.08815121490935611,-0.004818139849483547,0.002822579961185728,-0.007542747757308388,-0.002822579961185992,0.007542747757308277
PC15,>,0.22,-0.9200121269124772,,-0.0338251328899312,0.05176896845591579,-0.013368097524789355,0.018484855818176618,-0.00493257477549133,0.0054282243624743515,-0.008617574624339808,-0.012360314734972204,0.017279343107395317,0.018569402388361828,-0.013595091802378818,0.01811542675306196,-0.04156388439789665,-0.14004852258834266,0.06644944886451398,0.1153272442521486,-0.16721628944197298,-0.03038156179092587,-0.11748603001917529,-0.25559085118146296,0.03397590207069086,-0.08815121490935611,0.004818139849483547,-0.002822579961185728,0.007542747757308388,0.002822579961185992,-0.007542747757308277
PC10,>,0.6,0.8242648623038559,,-0.042182185912241106,-0.09128650047463327,0.12148451545602953,0.3696419544020941,-0.03638332395319099,-0.02037670869367812,0.026922416496533885,-0.02582468348483695,-0.1611631579679636,-0.06416708225952138,0.039008202548279816,0.17112502059137513,0.01418476633574524,-0.017541602437559634,0.006089827421569299,0.009179046168934283,0.021110423641996397,0.005377761983003109,-0.00333059728093464,-0.025991168312910477,-0.007409037276771147,0.004098966543340269,-0.18526852781862402,0.16033248888110346,-0.036724506289962475,-0.16033248888110468,0.036724506289962516
PC13,>,0.33,-0.5284067131176362,,-0.8077397541574136,-0.36729505145547475,0.015220701399237662,0.08889446092665945,-0.013462139992040885,-0.03302265695450802,0.17039905843268782,0.1251986173076776,0.2782947224001668,0.012101615908086703,-0.0510444981619807,0.018790063748346898,-0.010033222087398944,0.00609593857644667,-0.0004891887683065714,-0.002517785190295386,0.02751435167601446,-0.0015564041391926049,0.00019129315188809215,0.02398936715242111,0.029881456455524785,-0.021993873930206936,0.028717424914109883,-0.027435729879402352,0.02913911026006381,0.02743572987940288,-0.02913911026006386
PC14,<=,0.13,1.9463286830819126,,0.359703156342381,0.18305364986455494,0.05297715071792045,0.06583250788084337,-0.02206151158386227,-0.023028023357127142,0.4934874774419537,0.17702048395301126,0.6094555361190429,0.08788887458688069,-0.10875373179962886,0.29541839226311206,-0.008022138817595986,0.013162088858703607,-0.006123425188356431,-0.007545742573391107,0.002240562748364202,-0.007888983492884378,0.004728559300346434,0.02181187980443345,0.031677690915688235,-0.02046684417161289,0.007471184186060317,0.0032374785911272533,0.015475268156085444,-0.0032374785911274302,-0.01547526815608578
PC12,<=,0.19,-1.4769780504520438,,-0.15573479845604185,0.02113471282915028,-0.10198668608572233,-0.2659472198221535,0.11270917041306515,0.08296158637811132,0.20366299787222755,0.0632630185493296,0.17827209146181097,0.018494290777649552,-0.028122225463390466,0.07771632529267956,-0.00047311532758107454,-0.012024050036171765,-0.007887827421048134,-0.01514932791384187,-0.029601423453213937,-0.0077318236009711475,-0.01062952982810332,0.011404142272679909,-0.010793449032121913,0.007705335342659209,-0.11181658788574646,0.1047482947332692,-0.033321810097780576,-0.10474829473326977,0.03332181009778033
PC12,>,0.19,1.4769780504520438,,0.15573479845604185,-0.02113471282915028,0.10198668608572233,0.2659472198221535,-0.11270917041306515,-0.08296158637811132,-0.20366299787222755,-0.0632630185493296,-0.17827209146181097,-0.018494290777649552,0.028122225463390466,-0.07771632529267956,0.00047311532758107454,0.012024050036171765,0.007887827421048134,0.01514932791384187,0.029601423453213937,0.0077318236009711475,0.01062952982810332,-0.011404142272679909,0.010793449032121913,-0.007705335342659209,0.11181658788574646,-0.1047482947332692,0.033321810097780576,0.10474829473326977,-0.03332181009778033
PC6,<=,0.22,1.8766115300652395,,-0.17160397713998604,0.45411079986477865,0.08592229753999932,0.32972954545698996,0.04707062800217439,0.035130788430263765,-0.0026098724139917836,0.5891440246070928,-0.2501119645195533,-0.02259815410257923,-0.1858173191655656,-0.034098144217661795,-0.00027052320784757763,-0.0047085811298387984,-0.0036925346229965393,-0.006599887988651052,-0.012307612625556907,-0.02081348257302698,-0.02423673951559562,0.03363364243287122,-0.010904444162150227,0.0048493050907221415,0.03517463625459312,-0.0618980274108161,0.07514977494026272,0.061898027410816195,-0.07514977494026283
PC6,>,0.22,-1.8766115300652395,,0.17160397713998604,-0.45411079986477865,-0.08592229753999932,-0.32972954545698996,-0.04707062800217439,-0.035130788430263765,0.0026098724139917836,-0.5891440246070928,0.2501119645195533,0.02259815410257923,0.1858173191655656,0.034098144217661795,0.00027052320784757763,0.0047085811298387984,0.0036925346229965393,0.006599887988651052,0.012307612625556907,0.02081348257302698,0.02423673951559562,-0.03363364243287122,0.010904444162150227,-0.0048493050907221415,-0.03517463625459312,0.0618980274108161,-0.07514977494026272,-0.061898027410816195,0.07514977494026283
PC14,>,0.13,-1.9463286830819126,,-0.359703156342381,-0.18305364986455494,-0.05297715071792045,-0.06583250788084337,0.02206151158386227,0.023028023357127142,-0.4934874774419537,-0.17702048395301126,-0.6094555361190429,-0.08788887458688069,0.10875373179962886,-0.29541839226311206,0.008022138817595986,-0.013162088858703607,0.006123425188356431,0.007545742573391107,-0.002240562748364202,0.007888983492884378,-0.004728559300346434,-0.02181187980443345,-0.031677690915688235,0.02046684417161289,-0.007471184186060317,-0.0032374785911272533,-0.015475268156085444,0.0032374785911274302,0.01547526815608578
PC13,<=,0.48,0.6784067131176362,,0.8077397541574136,0.36729505145547475,-0.015220701399237662,-0.08889446092665945,0.013462139992040885,0.03302265695450802,-0.17039905843268782,-0.1251986173076776,-0.2782947224001668,-0.012101615908086703,0.0510444981619807,-0.018790063748346898,0.010033222087398944,-0.00609593857644667,0.0004891887683065714,0.002517785190295386,-0.02751435167601446,0.0015564041391926049,-0.00019129315188809215,-0.02398936715242111,-0.029881456455524785,0.021993873930206936,-0.028717424914109883,0.027435729879402352,-0.02913911026006381,-0.02743572987940288,0.02913911026006386
PC13,>,0.48,-0.6784067131176362,,-0.8077397541574136,-0.36729505145547475,0.015220701399237662,0.08889446092665945,-0.013462139992040885,-0.03302265695450802,0.17039905843268782,0.1251986173076776,0.2782947224001668,0.012101615908086703,-0.0510444981619807,0.018790063748346898,-0.010033222087398944,0.00609593857644667,-0.0004891887683065714,-0.002517785190295386,0.02751435167601446,-0.0015564041391926049,0.00019129315188809215,0.02398936715242111,0.029881456455524785,-0.021993873930206936,0.028717424914109883,-0.027435729879402352,0.02913911026006381,0.02743572987940288,-0.02913911026006386
PC3,>,-0.06,0.3774359922690396,,0.06587047553251678,-0.15765416854614964,0.03124509963005727,0.0713682068734049,0.018332852847040056,0.00649305932277601,0.05890756208007817,0.1849606396849257,-0.03644699957696403,-0.0056453879881755865,0.2575471231156557,-0.01849079697572988,-0.020662766331637585,0.0027342427107043847,0.00382833828577419,0.004767275607101944,-0.0016426418981162197,-0.027984682798155573,-0.03491071241189576,0.03119742190519823,0.0005921587941730404,-0.005604810672598563,0.044689496253679614,0.10015528776601273,-0.6173729608108393,-0.10015528776601265,0.6173729608108391
PC5,<=,0.54,3.478613589890764,,0.1197741564652044,-0.2994853676214497,0.15142492498887825,0.3054714800510228,0.08994818409008835,0.0563017599570136,0.0002879237391063827,-0.30913864044154116,0.1217253251868806,0.02654953930918732,0.30026273607919196,-0.0008865899343437443,-0.004164261158427012,0.001468257836624137,-0.0006300235046170153,0.0007192181612614524,-0.02199074638483807,0.013471413287098211,0.017135876489135955,-0.018374654511224785,0.005734935771955802,-0.0020752034498410067,0.05267488458269428,-0.05951078457146622,0.16266080432549157,0.059510784571466344,-0.16266080432549163
PC18,<=,-0.35,0.46045728882075443,,-0.00833455408520542,-0.0032828220689652436,-0.0033851566556977243,0.027370213472645514,-0.0064387738452382996,-0.001747242930018762,-0.014127680785916601,-0.02596428156283996,0.008361288057699508,-0.03724895358965486,-0.011512231564188069,-0.005685753025743677,0.10008618160439488,-0.1673738620542364,0.043122470678435304,0.10043124713694168,-0.21887692201054376,0.010901134363850658,0.11370948300269182,0.24499710350753523,0.0014131952420223589,-0.029602085371607155,-0.00460709484523072,-0.02237978445393676,-0.02481910904777893,0.022379784453936877,0.024819109047778617
PC15,<=,0.21,0.9100121269124772,,0.0338251328899312,-0.05176896845591579,0.013368097524789355,-0.018484855818176618,0.00493257477549133,-0.0054282243624743515,0.008617574624339808,0.012360314734972204,-0.017279343107395317,-0.018569402388361828,0.013595091802378818,-0.01811542675306196,0.04156388439789665,0.14004852258834266,-0.06644944886451398,-0.1153272442521486,0.16721628944197298,0.03038156179092587,0.11748603001917529,0.25559085118146296,-0.03397590207069086,0.08815121490935611,-0.004818139849483547,0.002822579961185728,-0.007542747757308388,-0.002822579961185992,0.007542747757308277
PC11,<=,0.21,0.11492598631212658,,-0.04216194712669064,-0.02046346996332135,-0.039975664506474176,0.028168556644434708,-0.00019073423422492222,0.0030161075500532365,0.6759294516318619,-0.23080452056928352,-0.5136530220331453,-0.300238778498931,-0.0278773223948047,0.27883654577870987,-0.009940140867786256,-7.619933719216383e-05,0.006336026498480044,0.010508732383883966,0.0005693299339521459,0.0038283706038281596,0.009477078009210271,-0.008511816200727844,-0.004454745048374034,0.010021877984529817,0.04416094205655276,-0.037451270090405796,0.014020949380246712,0.037451270090406046,-0.014020949380246698
PC11,>,0.21,-0.11492598631212658,,0.04216194712669064,0.02046346996332135,0.039975664506474176,-0.028168556644434708,0.00019073423422492222,-0.0030161075500532365,-0.6759294516318619,0.23080452056928352,0.5136530220331453,0.300238778498931,0.0278773223948047,-0.27883654577870987,0.009940140867786256,7.619933719216383e-05,-0.006336026498480044,-0.010508732383883966,-0.0005693299339521459,-0.0038283706038281596,-0.009477078009210271,0.008511816200727844,0.004454745048374034,-0.010021877984529817,-0.04416094205655276,0.037451270090405796,-0.014020949380246712,-0.037451270090406046,0.014020949380246698
PC15,>,0.21,-0.9100121269124772,,-0.0338251328899312,0.05176896845591579,-0.013368097524789355,0.018484855818176618,-0.00493257477549133,0.0054282243624743515,-0.008617574624339808,-0.012360314734972204,0.017279343107395317,0.018569402388361828,-0.013595091802378818,0.01811542675306196,-0.04156388439789665,-0.14004852258834266,0.06644944886451398,0.1153272442521486,-0.16721628944197298,-0.03038156179092587,-0.11748603001917529,-0.25559085118146296,0.03397590207069086,-0.08815121490935611,0.004818139849483547,-0.002822579961185728,0.007542747757308388,0.002822579961185992,-0.007542747757308277
PC12,<=,0.54,-1.1269780504520437,,-0.15573479845604185,0.02113471282915028,-0.10198668608572233,-0.2659472198221535,0.11270917041306515,0.08296158637811132,0.20366299787222755,0.0632630185493296,0.17827209146181097,0.018494290777649552,-0.028122225463390466,0.07771632529267956,-0.00047311532758107454,-0.012024050036171765,-0.007887827421048134,-0.01514932791384187,-0.029601423453213937,-0.0077318236009711475,-0.01062952982810332,0.011404142272679909,-0.010793449032121913,0.007705335342659209,-0.11181658788574646,0.1047482947332692,-0.033321810097780576,-0.10474829473326977,0.03332181009778033
PC12,>,0.54,1.1269780504520437,,0.15573479845604185,-0.02113471282915028,0.10198668608572233,0.2659472198221535,-0.11270917041306515,-0.08296158637811132,-0.20366299787222755,-0.0632630185493296,-0.17827209146181097,-0.018494290777649552,0.028122225463390466,-0.07771632529267956,0.00047311532758107454,0.012024050036171765,0.007887827421048134,0.01514932791384187,0.029601423453213937,0.0077318236009711475,0.01062952982810332,-0.011404142272679909,0.010793449032121913,-0.007705335342659209,0.11181658788574646,-0.1047482947332692,0.033321810097780576,0.10474829473326977,-0.03332181009778033
PC18,>,-0.35,-0.46045728882075443,,0.00833455408520542,0.0032828220689652436,0.0033851566556977243,-0.027370213472645514,0.0064387738452382996,0.001747242930018762,0.014127680785916601,0.02596428156283996,-0.008361288057699508,0.03724895358965486,0.011512231564188069,0.005685753025743677,-0.10008618160439488,0.1673738620542364,-0.043122470678435304,-0.10043124713694168,0.21887692201054376,-0.010901134363850658,-0.11370948300269182,-0.24499710350753523,-0.0014131952420223589,0.029602085371607155,0.00460709484523072,0.02237978445393676,0.02481910904777893,-0.022379784453936877,-0.024819109047778617
PC12,<=,-0.6,-2.266978050452044,,-0.15573479845604185,0.02113471282915028,-0.10198668608572233,-0.2659472198221535,0.11270917041306515,0.08296158637811132,0.20366299787222755,0.0632630185493296,0.17827209146181097,0.018494290777649552,-0.028122225463390466,0.07771632529267956,-0.00047311532758107454,-0.012024050036171765,-0.007887827421048134,-0.01514932791384187,-0.029601423453213937,-0.0077318236009711475,-0.01062952982810332,0.011404142272679909,-0.010793449032121913,0.007705335342659209,-0.11181658788574646,0.1047482947332692,-0.033321810097780576,-0.10474829473326977,0.03332181009778033
PC9,<=,-0.31,-0.41188690403809564,,-0.012242421854949847,-0.13435308008718316,0.006762301401649057,-0.1831311634074558,0.00867319596480869,-1.2106271153730393e-05,-0.3752573271134836,0.14077850982742995,-0.07999483475143246,0.03863730021252035,0.04650172597866925,0.8586260846876271,-0.011304229579425626,0.004287776803644398,0.012230096655224888,0.018618652505416455,0.004005524127442554,-0.02003875088298927,-0.02298113798117724,0.03451996851229963,-0.009268448196939708,0.010174398917057039,0.02568723466361713,-0.027751065204807433,0.03938692732920419,0.027751065204807548,-0.039386927329204124
PC9,>,-0.31,0.41188690403809564,,0.012242421854949847,0.13435308008718316,-0.006762301401649057,0.1831311634074558,-0.00867319596480869,1.2106271153730393e-05,0.3752573271134836,-0.14077850982742995,0.07999483475143246,-0.03863730021252035,-0.04650172597866925,-0.8586260846876271,0.011304229579425626,-0.004287776803644398,-0.012230096655224888,-0.018618652505416455,-0.004005524127442554,0.02003875088298927,0.02298113798117724,-0.03451996851229963,0.009268448196939708,-0.010174398917057039,-0.02568723466361713,0.027751065204807433,-0.03938692732920419,-0.027751065204807548,0.039386927329204124
PC12,>,-0.6,2.266978050452044,,0.15573479845604185,-0.02113471282915028,0.10198668608572233,0.2659472198221535,-0.11270917041306515,-0.08296158637811132,-0.20366299787222755,-0.0632630185493296,-0.17827209146181097,-0.018494290777649552,0.028122225463390466,-0.07771632529267956,0.00047311532758107454,0.012024050036171765,0.007887827421048134,0.01514932791384187,0.029601423453213937,0.0077318236009711475,0.01062952982810332,-0.011404142272679909,0.010793449032121913,-0.007705335342659209,0.11181658788574646,-0.1047482947332692,0.033321810097780576,0.10474829473326977,-0.03332181009778033
PC18,<=,0.57,1.3804572888207542,,-0.00833455408520542,-0.0032828220689652436,-0.0033851566556977243,0.027370213472645514,-0.0064387738452382996,-0.001747242930018762,-0.014127680785916601,-0.02596428156283996,0.008361288057699508,-0.03724895358965486,-0.011512231564188069,-0.005685753025743677,0.10008618160439488,-0.1673738620542364,0.043122470678435304,0.10043124713694168,-0.21887692201054376,0.010901134363850658,0.11370948300269182,0.24499710350753523,0.0014131952420223589,-0.029602085371607155,-0.00460709484523072,-0.02237978445393676,-0.02481910904777893,0.022379784453936877,0.024819109047778617
PC11,<=,0.31,0.2149259863121266,,-0.04216194712669064,-0.02046346996332135,-0.039975664506474176,0.028168556644434708,-0.00019073423422492222,0.0030161075500532365,0.6759294516318619,-0.23080452056928352,-0.5136530220331453,-0.300238778498931,-0.0278773223948047,0.27883654577870987,-0.009940140867786256,-7.619933719216383e-05,0.006336026498480044,0.010508732383883966,0.0005693299339521459,0.0038283706038281596,0.009477078009210271,-0.008511816200727844,-0.004454745048374034,0.010021877984529817,0.04416094205655276,-0.037451270090405796,0.014020949380246712,0.037451270090406046,-0.014020949380246698
PC6,<=,1.05,2.7066115300652394,,-0.17160397713998604,0.45411079986477865,0.08592229753999932,0.32972954545698996,0.04707062800217439,0.035130788430263765,-0.0026098724139917836,0.5891440246070928,-0.2501119645195533,-0.02259815410257923,-0.1858173191655656,-0.034098144217661795,-0.00027052320784757763,-0.0047085811298387984,-0.0036925346229965393,-0.006599887988651052,-0.012307612625556907,-0.02081348257302698,-0.02423673951559562,0.03363364243287122,-0.010904444162150227,0.0048493050907221415,0.03517463625459312,-0.0618980274108161,0.07514977494026272,0.061898027410816195,-0.07514977494026283
PC6,>,1.05,-2.7066115300652394,,0.17160397713998604,-0.45411079986477865,-0.08592229753999932,-0.32972954545698996,-0.04707062800217439,-0.035130788430263765,0.0026098724139917836,-0.5891440246070928,0.2501119645195533,0.02259815410257923,0.1858173191655656,0.034098144217661795,0.00027052320784757763,0.0047085811298387984,0.0036925346229965393,0.006599887988651052,0.012307612625556907,0.02081348257302698,0.02423673951559562,-0.03363364243287122,0.010904444162150227,-0.0048493050907221415,-0.03517463625459312,0.0618980274108161,-0.07514977494026272,-0.061898027410816195,0.07514977494026283
PC11,>,0.31,-0.2149259863121266,,0.04216194712669064,0.02046346996332135,0.039975664506474176,-0.028168556644434708,0.00019073423422492222,-0.0030161075500532365,-0.6759294516318619,0.23080452056928352,0.5136530220331453,0.300238778498931,0.0278773223948047,-0.27883654577870987,0.009940140867786256,7.619933719216383e-05,-0.006336026498480044,-0.010508732383883966,-0.0005693299339521459,-0.0038283706038281596,-0.009477078009210271,0.008511816200727844,0.004454745048374034,-0.010021877984529817,-0.04416094205655276,0.037451270090405796,-0.014020949380246712,-0.037451270090406046,0.014020949380246698
PC17,<=,-0.16,-0.8027107435404869,,-0.020426691623828694,-0.08380765897974957,0.019067922542741096,-0.025704894384669916,-0.014304408733685617,-0.006073962494568625,0.07028751049440549,0.007344172416118286,0.0907501466636178,0.005573588472525527,-0.012704588259905341,0.024679301102590482,0.15314871367214433,-0.20113882519686754,-0.07377197978865284,-0.11829130184248696,-0.05307663328733184,-0.030614196741091705,-0.08655420820431567,-0.08099933698918904,-0.10794850411679509,0.0704807874462058,0.018170614171308434,-0.057191959779562075,-0.011840172906259522,0.05719195977956251,0.011840172906259676
PC17,>,-0.16,0.8027107435404869,,0.020426691623828694,0.08380765897974957,-0.019067922542741096,0.025704894384669916,0.014304408733685617,0.006073962494568625,-0.07028751049440549,-0.007344172416118286,-0.0907501466636178,-0.005573588472525527,0.012704588259905341,-0.024679301102590482,-0.15314871367214433,0.20113882519686754,0.07377197978865284,0.11829130184248696,0.05307663328733184,0.030614196741091705,0.08655420820431567,0.08099933698918904,0.10794850411679509,-0.0704807874462058,-0.018170614171308434,0.057191959779562075,0.011840172906259522,-0.05719195977956251,-0.011840172906259676
PC18,>,0.57,-1.3804572888207542,,0.00833455408520542,0.0032828220689652436,0.0033851566556977243,-0.027370213472645514,0.0064387738452382996,0.001747242930018762,0.014127680785916601,0.02596428156283996,-0.008361288057699508,0.03724895358965486,0.011512231564188069,0.005685753025743677,-0.10008618160439488,0.1673738620542364,-0.043122470678435304,-0.10043124713694168,0.21887692201054376,-0.010901134363850658,-0.11370948300269182,-0.24499710350753523,-0.0014131952420223589,0.029602085371607155,0.00460709484523072,0.02237978445393676,0.02481910904777893,-0.022379784453936877,-0.024819109047778617
PC4,<=,0.27,-0.4353161439718136,,-0.28978622661946135,0.5913945132099803,-0.026322546239894388,0.08216031111474209,-0.019436261869364476,-0.006729293455691278,-0.010277538311191336,-0.2918964939306462,0.13561479909179755,0.029682998024631882,0.6152320247117676,0.10027412428745393,-0.008308637668497307,0.012080263122022842,-5.11033057257247e-05,-0.0030409576643576873,0.0010562644679224756,-0.036874692314804246,-0.04115339810775548,0.05506930386662068,-0.015488623727914399,0.01124664265952075,0.0004271829496015119,0.010081036198464177,0.00518279452325095,-0.01008103619846415,-0.0051827945232509574
PC4,>,0.27,0.4353161439718136,,0.28978622661946135,-0.5913945132099803,0.026322546239894388,-0.08216031111474209,0.019436261869364476,0.006729293455691278,0.010277538311191336,0.2918964939306462,-0.13561479909179755,-0.029682998024631882,-0.6152320247117676,-0.10027412428745393,0.008308637668497307,-0.012080263122022842,5.11033057257247e-05,0.0030409576643576873,-0.0010562644679224756,0.036874692314804246,0.04115339810775548,-0.05506930386662068,0.015488623727914399,-0.01124664265952075,-0.0004271829496015119,-0.010081036198464177,-0.00518279452325095,0.01008103619846415,0.0051827945232509574
PC5,>,0.54,-3.478613589890764,,-0.1197741564652044,0.2994853676214497,-0.15142492498887825,-0.3054714800510228,-0.08994818409008835,-0.0563017599570136,-0.0002879237391063827,0.30913864044154116,-0.1217253251868806,-0.02654953930918732,-0.30026273607919196,0.0008865899343437443,0.004164261158427012,-0.001468257836624137,0.0006300235046170153,-0.0007192181612614524,0.02199074638483807,-0.013471413287098211,-0.017135876489135955,0.018374654511224785,-0.005734935771955802,0.0020752034498410067,-0.05267488458269428,0.05951078457146622,-0.16266080432549157,-0.059510784571466344,0.16266080432549163
PC15,<=,-0.12,0.5800121269124773,,0.0338251328899312,-0.05176896845591579,0.013368097524789355,-0.018484855818176618,0.00493257477549133,-0.0054282243624743515,0.008617574624339808,0.012360314734972204,-0.017279343107395317,-0.018569402388361828,0.013595091802378818,-0.01811542675306196,0.04156388439789665,0.14004852258834266,-0.06644944886451398,-0.1153272442521486,0.16721628944197298,0.03038156179092587,0.11748603001917529,0.25559085118146296,-0.03397590207069086,0.08815121490935611,-0.004818139849483547,0.002822579961185728,-0.007542747757308388,-0.002822579961185992,0.007542747757308277
PC14,<=,0.52,2.3363286830819128,,0.359703156342381,0.18305364986455494,0.05297715071792045,0.06583250788084337,-0.02206151158386227,-0.023028023357127142,0.4934874774419537,0.17702048395301126,0.6094555361190429,0.08788887458688069,-0.10875373179962886,0.29541839226311206,-0.008022138817595986,0.013162088858703607,-0.006123425188356431,-0.007545742573391107,0.002240562748364202,-0.007888983492884378,0.004728559300346434,0.02181187980443345,0.031677690915688235,-0.02046684417161289,0.007471184186060317,0.0032374785911272533,0.015475268156085444,-0.0032374785911274302,-0.01547526815608578
PC14,>,0.52,-2.3363286830819128,,-0.359703156342381,-0.18305364986455494,-0.05297715071792045,-0.06583250788084337,0.02206151158386227,0.023028023357127142,-0.4934874774419537,-0.17702048395301126,-0.6094555361190429,-0.08788887458688069,0.10875373179962886,-0.29541839226311206,0.008022138817595986,-0.013162088858703607,0.006123425188356431,0.007545742573391107,-0.002240562748364202,0.007888983492884378,-0.004728559300346434,-0.02181187980443345,-0.031677690915688235,0.02046684417161289,-0.007471184186060317,-0.0032374785911272533,-0.015475268156085444,0.0032374785911274302,0.01547526815608578
PC15,>,-0.12,-0.5800121269124773,,-0.0338251328899312,0.05176896845591579,-0.013368097524789355,0.018484855818176618,-0.00493257477549133,0.0054282243624743515,-0.008617574624339808,-0.012360314734972204,0.017279343107395317,0.018569402388361828,-0.013595091802378818,0.01811542675306196,-0.04156388439789665,-0.14004852258834266,0.06644944886451398,0.1153272442521486,-0.16721628944197298,-0.03038156179092587,-0.11748603001917529,-0.25559085118146296,0.03397590207069086,-0.08815121490935611,0.004818139849483547,-0.002822579961185728,0.007542747757308388,0.002822579961185992,-0.007542747757308277
PC2,<=,-0.83,0.03714976176595819,,0.13042199002714122,-0.21418497504984435,-0.03184934871318016,-0.17259675982014622,-0.017070112417100273,-0.013710509393817353,0.1566612514303632,0.5461520615288856,-0.12265964763067637,-0.013151398547031018,0.6374780562796171,-0.10670223415972242,0.018166017666069522,-0.02105166303966101,-6.149320165679409e-06,0.0004629201710854798,-0.005534768253852621,0.03407096223808076,0.04020543060367045,-0.04549520254473249,0.010997761841035996,-0.008597135538309845,-0.01656941936448926,0.008369147562535442,0.2032257135724291,-0.008369147562535484,-0.2032257135724291
PC8,<=,0.54,-0.6221673556028344,,-0.03163312347943909,0.07847315160741355,-0.132792550136905,0.45733583152308205,0.006476756409069445,0.009109012647617001,-0.10872981241715945,0.025356494241185086,0.08723124953108702,0.049384094325171005,0.00985060715585546,0.18304556701096805,0.047419479762862274,-0.017269694505800303,-0.01813159317612314,-0.027542658665524036,0.002825997862350895,0.12829874106673603,0.15347257318089563,-0.1731739799446561,0.007356935980280331,0.007224752216507015,0.016676736544676225,-0.013138898988729173,-0.10497308991898495,0.013138898988729247,0.10497308991898498
PC8,>,0.54,0.6221673556028344,,0.03163312347943909,-0.07847315160741355,0.132792550136905,-0.45733583152308205,-0.006476756409069445,-0.009109012647617001,0.10872981241715945,-0.025356494241185086,-0.08723124953108702,-0.049384094325171005,-0.00985060715585546,-0.18304556701096805,-0.047419479762862274,0.017269694505800303,0.01813159317612314,0.027542658665524036,-0.002825997862350895,-0.12829874106673603,-0.15347257318089563,0.1731739799446561,-0.007356935980280331,-0.007224752216507015,-0.016676736544676225,0.013138898988729173,0.10497308991898495,-0.013138898988729247,-0.10497308991898498
PC10,<=,0.01,-1.4142648623038558,,0.042182185912241106,0.09128650047463327,-0.12148451545602953,-0.3696419544020941,0.03638332395319099,0.02037670869367812,-0.026922416496533885,0.02582468348483695,0.1611631579679636,0.06416708225952138,-0.039008202548279816,-0.17112502059137513,-0.01418476633574524,0.017541602437559634,-0.006089827421569299,-0.009179046168934283,-0.021110423641996397,-0.005377761983003109,0.00333059728093464,0.025991168312910477,0.007409037276771147,-0.004098966543340269,0.18526852781862402,-0.16033248888110346,0.036724506289962475,0.16033248888110468,-0.036724506289962516
PC10,>,0.01,1.4142648623038558,,-0.042182185912241106,-0.09128650047463327,0.12148451545602953,0.3696419544020941,-0.03638332395319099,-0.02037670869367812,0.026922416496533885,-0.02582468348483695,-0.1611631579679636,-0.06416708225952138,0.039008202548279816,0.17112502059137513,0.01418476633574524,-0.017541602437559634,0.006089827421569299,0.009179046168934283,0.021110423641996397,0.005377761983003109,-0.00333059728093464,-0.025991168312910477,-0.007409037276771147,0.004098966543340269,-0.18526852781862402,0.16033248888110346,-0.036724506289962475,-0.16033248888110468,0.036724506289962516
PC2,>,-0.83,-0.03714976176595819,,-0.13042199002714122,0.21418497504984435,0.03184934871318016,0.17259675982014622,0.017070112417100273,0.013710509393817353,-0.1566612514303632,-0.5461520615288856,0.12265964763067637,0.013151398547031018,-0.6374780562796171,0.10670223415972242,-0.018166017666069522,0.02105166303966101,6.149320165679409e-06,-0.0004629201710854798,0.005534768253852621,-0.03407096223808076,-0.04020543060367045,0.04549520254473249,-0.010997761841035996,0.008597135538309845,0.01656941936448926,-0.008369147562535442,-0.2032257135724291,0.008369147562535484,0.2032257135724291
PC4,<=,0.42,-0.28531614397181365,,-0.28978622661946135,0.5913945132099803,-0.026322546239894388,0.08216031111474209,-0.019436261869364476,-0.006729293455691278,-0.010277538311191336,-0.2918964939306462,0.13561479909179755,0.029682998024631882,0.6152320247117676,0.10027412428745393,-0.008308637668497307,0.012080263122022842,-5.11033057257247e-05,-0.0030409576643576873,0.0010562644679224756,-0.036874692314804246,-0.04115339810775548,0.05506930386662068,-0.015488623727914399,0.01124664265952075,0.0004271829496015119,0.010081036198464177,0.00518279452325095,-0.01008103619846415,-0.0051827945232509574
PC7,<=,0.24,-2.913879468563927,,0.17639820821588562,-0.2559894426074373,-0.17056075853838565,0.537956907245937,-0.007123277528966347,0.002994939629972478,-0.0210127848209458,0.0620818728502759,0.046271508535383005,0.02597623727998586,0.0092386743486449,-0.02359844772425646,-0.047673620577130156,0.016806130686097615,0.009511427292547617,0.013355961198823634,-0.005639226439020885,-0.09557216364801502,-0.11402289231726588,0.12884715518764212,-0.02671717368242039,0.013425284572106278,-0.003368582391247338,-0.0006577617969465016,0.11047235475101738,0.0006577617969464218,-0.11047235475101738
PC11,<=,0.3,0.20492598631212658,,-0.04216194712669064,-0.02046346996332135,-0.039975664506474176,0.028168556644434708,-0.00019073423422492222,0.0030161075500532365,0.6759294516318619,-0.23080452056928352,-0.5136530220331453,-0.300238778498931,-0.0278773223948047,0.27883654577870987,-0.009940140867786256,-7.619933719216383e-05,0.006336026498480044,0.010508732383883966,0.0005693299339521459,0.0038283706038281596,0.009477078009210271,-0.008511816200727844,-0.004454745048374034,0.010021877984529817,0.04416094205655276,-0.037451270090405796,0.014020949380246712,0.037451270090406046,-0.014020949380246698
PC11,>,0.3,-0.20492598631212658,,0.04216194712669064,0.02046346996332135,0.039975664506474176,-0.028168556644434708,0.00019073423422492222,-0.0030161075500532365,-0.6759294516318619,0.23080452056928352,0.5136530220331453,0.300238778498931,0.0278773223948047,-0.27883654577870987,0.009940140867786256,7.619933719216383e-05,-0.006336026498480044,-0.010508732383883966,-0.0005693299339521459,-0.0038283706038281596,-0.009477078009210271,0.008511816200727844,0.004454745048374034,-0.010021877984529817,-0.04416094205655276,0.037451270090405796,-0.014020949380246712,-0.037451270090406046,0.014020949380246698
PC7,>,0.24,2.913879468563927,,-0.17639820821588562,0.2559894426074373,0.17056075853838565,-0.537956907245937,0.007123277528966347,-0.002994939629972478,0.0210127848209458,-0.0620818728502759,-0.046271508535383005,-0.02597623727998586,-0.0092386743486449,0.02359844772425646,0.047673620577130156,-0.016806130686097615,-0.009511427292547617,-0.013355961198823634,0.005639226439020885,0.09557216364801502,0.11402289231726588,-0.12884715518764212,0.02671717368242039,-0.013425284572106278,0.003368582391247338,0.0006577617969465016,-0.11047235475101738,-0.0006577617969464218,0.11047235475101738
PC4,>,0.42,0.28531614397181365,,0.28978622661946135,-0.5913945132099803,0.026322546239894388,-0.08216031111474209,0.019436261869364476,0.006729293455691278,0.010277538311191336,0.2918964939306462,-0.13561479909179755,-0.029682998024631882,-0.6152320247117676,-0.10027412428745393,0.008308637668497307,-0.012080263122022842,5.11033057257247e-05,0.0030409576643576873,-0.0010562644679224756,0.036874692314804246,0.04115339810775548,-0.05506930386662068,0.015488623727914399,-0.01124664265952075,-0.0004271829496015119,-0.010081036198464177,-0.00518279452325095,0.01008103619846415,0.0051827945232509574
PC14,<=,0.37,2.186328683081913,,0.359703156342381,0.18305364986455494,0.05297715071792045,0.06583250788084337,-0.02206151158386227,-0.023028023357127142,0.4934874774419537,0.17702048395301126,0.6094555361190429,0.08788887458688069,-0.10875373179962886,0.29541839226311206,-0.008022138817595986,0.013162088858703607,-0.006123425188356431,-0.007545742573391107,0.002240562748364202,-0.007888983492884378,0.004728559300346434,0.02181187980443345,0.031677690915688235,-0.02046684417161289,0.007471184186060317,0.0032374785911272533,0.015475268156085444,-0.0032374785911274302,-0.01547526815608578
PC14,>,0.37,-2.186328683081913,,-0.359703156342381,-0.18305364986455494,-0.05297715071792045,-0.06583250788084337,0.02206151158386227,0.023028023357127142,-0.4934874774419537,-0.17702048395301126,-0.6094555361190429,-0.08788887458688069,0.10875373179962886,-0.29541839226311206,0.008022138817595986,-0.013162088858703607,0.006123425188356431,0.007545742573391107,-0.002240562748364202,0.007888983492884378,-0.004728559300346434,-0.02181187980443345,-0.031677690915688235,0.02046684417161289,-0.007471184186060317,-0.0032374785911272533,-0.015475268156085444,0.0032374785911274302,0.01547526815608578
PC11,>,0.51,-0.4149259863121266,,0.04216194712669064,0.02046346996332135,0.039975664506474176,-0.028168556644434708,0.00019073423422492222,-0.0030161075500532365,-0.6759294516318619,0.23080452056928352,0.5136530220331453,0.300238778498931,0.0278773223948047,-0.27883654577870987,0.009940140867786256,7.619933719216383e-05,-0.006336026498480044,-0.010508732383883966,-0.0005693299339521459,-0.0038283706038281596,-0.009477078009210271,0.008511816200727844,0.004454745048374034,-0.010021877984529817,-0.04416094205655276,0.037451270090405796,-0.014020949380246712,-0.037451270090406046,0.014020949380246698
PC7,<=,-0.32,-3.473879468563927,,0.17639820821588562,-0.2559894426074373,-0.17056075853838565,0.537956907245937,-0.007123277528966347,0.002994939629972478,-0.0210127848209458,0.0620818728502759,0.046271508535383005,0.02597623727998586,0.0092386743486449,-0.02359844772425646,-0.047673620577130156,0.016806130686097615,0.009511427292547617,0.013355961198823634,-0.005639226439020885,-0.09557216364801502,-0.11402289231726588,0.12884715518764212,-0.02671717368242039,0.013425284572106278,-0.003368582391247338,-0.0006577617969465016,0.11047235475101738,0.0006577617969464218,-0.11047235475101738
PC1,<=,0.09,0.31405603715323915,,-0.022004774710120467,0.019722734923716262,0.0026015926792960485,0.004917404767242937,-0.004218467750483591,0.0034279698835947415,-0.013533727613509699,-0.006460816620266067,-0.0049667231073443965,0.006222139492590208,-0.05519520840981278,0.0014659458403357248,0.019682653322788308,-0.006648285912589944,0.0007537666472359013,0.0009174956568490205,-0.014012316511875528,0.004109259285791897,0.005598181868928145,-0.0028340940354142823,-0.012460135592246534,0.005481741756557169,0.07113350258110286,0.661205852464106,0.1255395235219408,-0.661205852464106,-0.12553952352194084
PC4,<=,1.2,0.4946838560281863,,-0.28978622661946135,0.5913945132099803,-0.026322546239894388,0.08216031111474209,-0.019436261869364476,-0.006729293455691278,-0.010277538311191336,-0.2918964939306462,0.13561479909179755,0.029682998024631882,0.6152320247117676,0.10027412428745393,-0.008308637668497307,0.012080263122022842,-5.11033057257247e-05,-0.0030409576643576873,0.0010562644679224756,-0.036874692314804246,-0.04115339810775548,0.05506930386662068,-0.015488623727914399,0.01124664265952075,0.0004271829496015119,0.010081036198464177,0.00518279452325095,-0.01008103619846415,-0.0051827945232509574
PC4,>,1.2,-0.4946838560281863,,0.28978622661946135,-0.5913945132099803,0.026322546239894388,-0.08216031111474209,0.019436261869364476,0.006729293455691278,0.010277538311191336,0.2918964939306462,-0.13561479909179755,-0.029682998024631882,-0.6152320247117676,-0.10027412428745393,0.008308637668497307,-0.012080263122022842,5.11033057257247e-05,0.0030409576643576873,-0.0010562644679224756,0.036874692314804246,0.04115339810775548,-0.05506930386662068,0.015488623727914399,-0.01124664265952075,-0.0004271829496015119,-0.010081036198464177,-0.00518279452325095,0.01008103619846415,0.0051827945232509574
PC1,>,0.09,-0.31405603715323915,,0.022004774710120467,-0.019722734923716262,-0.0026015926792960485,-0.004917404767242937,0.004218467750483591,-0.0034279698835947415,0.013533727613509699,0.006460816620266067,0.0049667231073443965,-0.006222139492590208,0.05519520840981278,-0.0014659458403357248,-0.019682653322788308,0.006648285912589944,-0.0007537666472359013,-0.0009174956568490205,0.014012316511875528,-0.004109259285791897,-0.005598181868928145,0.0028340940354142823,0.012460135592246534,-0.005481741756557169,-0.07113350258110286,-0.661205852464106,-0.1255395235219408,0.661205852464106,0.12553952352194084
PC7,>,-0.32,3.473879468563927,,-0.17639820821588562,0.2559894426074373,0.17056075853838565,-0.537956907245937,0.007123277528966347,-0.002994939629972478,0.0210127848209458,-0.0620818728502759,-0.046271508535383005,-0.02597623727998586,-0.0092386743486449,0.02359844772425646,0.047673620577130156,-0.016806130686097615,-0.009511427292547617,-0.013355961198823634,0.005639226439020885,0.09557216364801502,0.11402289231726588,-0.12884715518764212,0.02671717368242039,-0.013425284572106278,0.003368582391247338,0.0006577617969465016,-0.11047235475101738,-0.0006577617969464218,0.11047235475101738
PC8,<=,-0.14,-1.3021673556028346,,-0.03163312347943909,0.07847315160741355,-0.132792550136905,0.45733583152308205,0.006476756409069445,0.009109012647617001,-0.10872981241715945,0.025356494241185086,0.08723124953108702,0.049384094325171005,0.00985060715585546,0.18304556701096805,0.047419479762862274,-0.017269694505800303,-0.01813159317612314,-0.027542658665524036,0.002825997862350895,0.12829874106673603,0.15347257318089563,-0.1731739799446561,0.007356935980280331,0.007224752216507015,0.016676736544676225,-0.013138898988729173,-0.10497308991898495,0.013138898988729247,0.10497308991898498
PC11,<=,0.54,0.44492598631212665,,-0.04216194712669064,-0.02046346996332135,-0.039975664506474176,0.028168556644434708,-0.00019073423422492222,0.0030161075500532365,0.6759294516318619,-0.23080452056928352,-0.5136530220331453,-0.300238778498931,-0.0278773223948047,0.27883654577870987,-0.009940140867786256,-7.619933719216383e-05,0.006336026498480044,0.010508732383883966,0.0005693299339521459,0.0038283706038281596,0.009477078009210271,-0.008511816200727844,-0.004454745048374034,0.010021877984529817,0.04416094205655276,-0.037451270090405796,0.014020949380246712,0.037451270090406046,-0.014020949380246698
PC1,<=,-0.68,-0.45594396284676086,,-0.022004774710120467,0.019722734923716262,0.0026015926792960485,0.004917404767242937,-0.004218467750483591,0.0034279698835947415,-0.013533727613509699,-0.006460816620266067,-0.0049667231073443965,0.006222139492590208,-0.05519520840981278,0.0014659458403357248,0.019682653322788308,-0.006648285912589944,0.0007537666472359013,0.0009174956568490205,-0.014012316511875528,0.004109259285791897,0.005598181868928145,-0.0028340940354142823,-0.012460135592246534,0.005481741756557169,0.07113350258110286,0.661205852464106,0.1255395235219408,-0.661205852464106,-0.12553952352194084
PC1,>,-0.68,0.45594396284676086,,0.022004774710120467,-0.019722734923716262,-0.0026015926792960485,-0.004917404767242937,0.004218467750483591,-0.0034279698835947415,0.013533727613509699,0.006460816620266067,0.0049667231073443965,-0.006222139492590208,0.05519520840981278,-0.0014659458403357248,-0.019682653322788308,0.006648285912589944,-0.0007537666472359013,-0.0009174956568490205,0.014012316511875528,-0.004109259285791897,-0.005598181868928145,0.0028340940354142823,0.012460135592246534,-0.005481741756557169,-0.07113350258110286,-0.661205852464106,-0.1255395235219408,0.661205852464106,0.12553952352194084
PC11,>,0.54,-0.44492598631212665,,0.04216194712669064,0.02046346996332135,0.039975664506474176,-0.028168556644434708,0.00019073423422492222,-0.0030161075500532365,-0.6759294516318619,0.23080452056928352,0.5136530220331453,0.300238778498931,0.0278773223948047,-0.27883654577870987,0.009940140867786256,7.619933719216383e-05,-0.006336026498480044,-0.010508732383883966,-0.0005693299339521459,-0.0038283706038281596,-0.009477078009210271,0.008511816200727844,0.004454745048374034,-0.010021877984529817,-0.04416094205655276,0.037451270090405796,-0.014020949380246712,-0.037451270090406046,0.014020949380246698
PC8,>,-0.14,1.3021673556028346,,0.03163312347943909,-0.07847315160741355,0.132792550136905,-0.45733583152308205,-0.006476756409069445,-0.009109012647617001,0.10872981241715945,-0.025356494241185086,-0.08723124953108702,-0.049384094325171005,-0.00985060715585546,-0.18304556701096805,-0.047419479762862274,0.017269694505800303,0.01813159317612314,0.027542658665524036,-0.002825997862350895,-0.12829874106673603,-0.15347257318089563,0.1731739799446561,-0.007356935980280331,-0.007224752216507015,-0.016676736544676225,0.013138898988729173,0.10497308991898495,-0.013138898988729247,-0.10497308991898498
PC18,<=,0.15,0.9604572888207544,,-0.00833455408520542,-0.0032828220689652436,-0.0033851566556977243,0.027370213472645514,-0.0064387738452382996,-0.001747242930018762,-0.014127680785916601,-0.02596428156283996,0.008361288057699508,-0.03724895358965486,-0.011512231564188069,-0.005685753025743677,0.10008618160439488,-0.1673738620542364,0.043122470678435304,0.10043124713694168,-0.21887692201054376,0.010901134363850658,0.11370948300269182,0.24499710350753523,0.0014131952420223589,-0.029602085371607155,-0.00460709484523072,-0.02237978445393676,-0.02481910904777893,0.022379784453936877,0.024819109047778617
PC18,>,0.15,-0.9604572888207544,,0.00833455408520542,0.0032828220689652436,0.0033851566556977243,-0.027370213472645514,0.0064387738452382996,0.001747242930018762,0.014127680785916601,0.02596428156283996,-0.008361288057699508,0.03724895358965486,0.011512231564188069,0.005685753025743677,-0.10008618160439488,0.1673738620542364,-0.043122470678435304,-0.10043124713694168,0.21887692201054376,-0.010901134363850658,-0.11370948300269182,-0.24499710350753523,-0.0014131952420223589,0.029602085371607155,0.00460709484523072,0.02237978445393676,0.02481910904777893,-0.022379784453936877,-0.024819109047778617
PC14,<=,0.06,1.8763286830819128,,0.359703156342381,0.18305364986455494,0.05297715071792045,0.06583250788084337,-0.02206151158386227,-0.023028023357127142,0.4934874774419537,0.17702048395301126,0.6094555361190429,0.08788887458688069,-0.10875373179962886,0.29541839226311206,-0.008022138817595986,0.013162088858703607,-0.006123425188356431,-0.007545742573391107,0.002240562748364202,-0.007888983492884378,0.004728559300346434,0.02181187980443345,0.031677690915688235,-0.02046684417161289,0.007471184186060317,0.0032374785911272533,0.015475268156085444,-0.0032374785911274302,-0.01547526815608578
PC14,>,0.06,-1.8763286830819128,,-0.359703156342381,-0.18305364986455494,-0.05297715071792045,-0.06583250788084337,0.02206151158386227,0.023028023357127142,-0.4934874774419537,-0.17702048395301126,-0.6094555361190429,-0.08788887458688069,0.10875373179962886,-0.29541839226311206,0.008022138817595986,-0.013162088858703607,0.006123425188356431,0.007545742573391107,-0.002240562748364202,0.007888983492884378,-0.004728559300346434,-0.02181187980443345,-0.031677690915688235,0.02046684417161289,-0.007471184186060317,-0.0032374785911272533,-0.015475268156085444,0.0032374785911274302,0.01547526815608578
PC2,>,-0.12,-0.7471497617659582,,-0.13042199002714122,0.21418497504984435,0.03184934871318016,0.17259675982014622,0.017070112417100273,0.013710509393817353,-0.1566612514303632,-0.5461520615288856,0.12265964763067637,0.013151398547031018,-0.6374780562796171,0.10670223415972242,-0.018166017666069522,0.02105166303966101,6.149320165679409e-06,-0.0004629201710854798,0.005534768253852621,-0.03407096223808076,-0.04020543060367045,0.04549520254473249,-0.010997761841035996,0.008597135538309845,0.01656941936448926,-0.008369147562535442,-0.2032257135724291,0.008369147562535484,0.2032257135724291
PC6,<=,0.18,1.8366115300652395,,-0.17160397713998604,0.45411079986477865,0.08592229753999932,0.32972954545698996,0.04707062800217439,0.035130788430263765,-0.0026098724139917836,0.5891440246070928,-0.2501119645195533,-0.02259815410257923,-0.1858173191655656,-0.034098144217661795,-0.00027052320784757763,-0.0047085811298387984,-0.0036925346229965393,-0.006599887988651052,-0.012307612625556907,-0.02081348257302698,-0.02423673951559562,0.03363364243287122,-0.010904444162150227,0.0048493050907221415,0.03517463625459312,-0.0618980274108161,0.07514977494026272,0.061898027410816195,-0.07514977494026283
PC3,<=,-1.42,-1.7374359922690394,,-0.06587047553251678,0.15765416854614964,-0.03124509963005727,-0.0713682068734049,-0.018332852847040056,-0.00649305932277601,-0.05890756208007817,-0.1849606396849257,0.03644699957696403,0.0056453879881755865,-0.2575471231156557,0.01849079697572988,0.020662766331637585,-0.0027342427107043847,-0.00382833828577419,-0.004767275607101944,0.0016426418981162197,0.027984682798155573,0.03491071241189576,-0.03119742190519823,-0.0005921587941730404,0.005604810672598563,-0.044689496253679614,-0.10015528776601273,0.6173729608108393,0.10015528776601265,-0.6173729608108391
PC11,<=,0.07,-0.025074013687873403,,-0.04216194712669064,-0.02046346996332135,-0.039975664506474176,0.028168556644434708,-0.00019073423422492222,0.0030161075500532365,0.6759294516318619,-0.23080452056928352,-0.5136530220331453,-0.300238778498931,-0.0278773223948047,0.27883654577870987,-0.009940140867786256,-7.619933719216383e-05,0.006336026498480044,0.010508732383883966,0.0005693299339521459,0.0038283706038281596,0.009477078009210271,-0.008511816200727844,-0.004454745048374034,0.010021877984529817,0.04416094205655276,-0.037451270090405796,0.014020949380246712,0.037451270090406046,-0.014020949380246698
PC4,<=,-0.09,-0.7953161439718136,,-0.28978622661946135,0.5913945132099803,-0.026322546239894388,0.08216031111474209,-0.019436261869364476,-0.006729293455691278,-0.010277538311191336,-0.2918964939306462,0.13561479909179755,0.029682998024631882,0.6152320247117676,0.10027412428745393,-0.008308637668497307,0.012080263122022842,-5.11033057257247e-05,-0.0030409576643576873,0.0010562644679224756,-0.036874692314804246,-0.04115339810775548,0.05506930386662068,-0.015488623727914399,0.01124664265952075,0.0004271829496015119,0.010081036198464177,0.00518279452325095,-0.01008103619846415,-0.0051827945232509574
PC4,<=,-0.13,-0.8353161439718136,,-0.28978622661946135,0.5913945132099803,-0.026322546239894388,0.08216031111474209,-0.019436261869364476,-0.006729293455691278,-0.010277538311191336,-0.2918964939306462,0.13561479909179755,0.029682998024631882,0.6152320247117676,0.10027412428745393,-0.008308637668497307,0.012080263122022842,-5.11033057257247e-05,-0.0030409576643576873,0.0010562644679224756,-0.036874692314804246,-0.04115339810775548,0.05506930386662068,-0.015488623727914399,0.01124664265952075,0.0004271829496015119,0.010081036198464177,0.00518279452325095,-0.01008103619846415,-0.0051827945232509574
PC4,>,-0.13,0.8353161439718136,,0.28978622661946135,-0.5913945132099803,0.026322546239894388,-0.08216031111474209,0.019436261869364476,0.006729293455691278,0.010277538311191336,0.2918964939306462,-0.13561479909179755,-0.029682998024631882,-0.6152320247117676,-0.10027412428745393,0.008308637668497307,-0.012080263122022842,5.11033057257247e-05,0.0030409576643576873,-0.0010562644679224756,0.036874692314804246,0.04115339810775548,-0.05506930386662068,0.015488623727914399,-0.01124664265952075,-0.0004271829496015119,-0.010081036198464177,-0.00518279452325095,0.01008103619846415,0.0051827945232509574
PC4,>,-0.09,0.7953161439718136,,0.28978622661946135,-0.5913945132099803,0.026322546239894388,-0.08216031111474209,0.019436261869364476,0.006729293455691278,0.010277538311191336,0.2918964939306462,-0.13561479909179755,-0.029682998024631882,-0.6152320247117676,-0.10027412428745393,0.008308637668497307,-0.012080263122022842,5.11033057257247e-05,0.0030409576643576873,-0.0010562644679224756,0.036874692314804246,0.04115339810775548,-0.05506930386662068,0.015488623727914399,-0.01124664265952075,-0.0004271829496015119,-0.010081036198464177,-0.00518279452325095,0.01008103619846415,0.0051827945232509574
PC11,>,0.07,0.025074013687873403,,0.04216194712669064,0.02046346996332135,0.039975664506474176,-0.028168556644434708,0.00019073423422492222,-0.0030161075500532365,-0.6759294516318619,0.23080452056928352,0.5136530220331453,0.300238778498931,0.0278773223948047,-0.27883654577870987,0.009940140867786256,7.619933719216383e-05,-0.006336026498480044,-0.010508732383883966,-0.0005693299339521459,-0.0038283706038281596,-0.009477078009210271,0.008511816200727844,0.004454745048374034,-0.010021877984529817,-0.04416094205655276,0.037451270090405796,-0.014020949380246712,-0.037451270090406046,0.014020949380246698
PC3,>,-1.42,1.7374359922690394,,0.06587047553251678,-0.15765416854614964,0.03124509963005727,0.0713682068734049,0.018332852847040056,0.00649305932277601,0.05890756208007817,0.1849606396849257,-0.03644699957696403,-0.0056453879881755865,0.2575471231156557,-0.01849079697572988,-0.020662766331637585,0.0027342427107043847,0.00382833828577419,0.004767275607101944,-0.0016426418981162197,-0.027984682798155573,-0.03491071241189576,0.03119742190519823,0.0005921587941730404,-0.005604810672598563,0.044689496253679614,0.10015528776601273,-0.6173729608108393,-0.10015528776601265,0.6173729608108391
PC9,<=,-0.07,-0.17188690403809564,,-0.012242421854949847,-0.13435308008718316,0.006762301401649057,-0.1831311634074558,0.00867319596480869,-1.2106271153730393e-05,-0.3752573271134836,0.14077850982742995,-0.07999483475143246,0.03863730021252035,0.04650172597866925,0.8586260846876271,-0.011304229579425626,0.004287776803644398,0.012230096655224888,0.018618652505416455,0.004005524127442554,-0.02003875088298927,-0.02298113798117724,0.03451996851229963,-0.009268448196939708,0.010174398917057039,0.02568723466361713,-0.027751065204807433,0.03938692732920419,0.027751065204807548,-0.039386927329204124
PC12,<=,-0.53,-2.196978050452044,,-0.15573479845604185,0.02113471282915028,-0.10198668608572233,-0.2659472198221535,0.11270917041306515,0.08296158637811132,0.20366299787222755,0.0632630185493296,0.17827209146181097,0.018494290777649552,-0.028122225463390466,0.07771632529267956,-0.00047311532758107454,-0.012024050036171765,-0.007887827421048134,-0.01514932791384187,-0.029601423453213937,-0.0077318236009711475,-0.01062952982810332,0.011404142272679909,-0.010793449032121913,0.007705335342659209,-0.11181658788574646,0.1047482947332692,-0.033321810097780576,-0.10474829473326977,0.03332181009778033
PC4,<=,0.24,-0.46531614397181364,,-0.28978622661946135,0.5913945132099803,-0.026322546239894388,0.08216031111474209,-0.019436261869364476,-0.006729293455691278,-0.010277538311191336,-0.2918964939306462,0.13561479909179755,0.029682998024631882,0.6152320247117676,0.10027412428745393,-0.008308637668497307,0.012080263122022842,-5.11033057257247e-05,-0.0030409576643576873,0.0010562644679224756,-0.036874692314804246,-0.04115339810775548,0.05506930386662068,-0.015488623727914399,0.01124664265952075,0.0004271829496015119,0.010081036198464177,0.00518279452325095,-0.01008103619846415,-0.0051827945232509574
PC4,>,0.24,0.46531614397181364,,0.28978622661946135,-0.5913945132099803,0.026322546239894388,-0.08216031111474209,0.019436261869364476,0.006729293455691278,0.010277538311191336,0.2918964939306462,-0.13561479909179755,-0.029682998024631882,-0.6152320247117676,-0.10027412428745393,0.008308637668497307,-0.012080263122022842,5.11033057257247e-05,0.0030409576643576873,-0.0010562644679224756,0.036874692314804246,0.04115339810775548,-0.05506930386662068,0.015488623727914399,-0.01124664265952075,-0.0004271829496015119,-0.010081036198464177,-0.00518279452325095,0.01008103619846415,0.0051827945232509574
PC12,>,-0.53,2.196978050452044,,0.15573479845604185,-0.02113471282915028,0.10198668608572233,0.2659472198221535,-0.11270917041306515,-0.08296158637811132,-0.20366299787222755,-0.0632630185493296,-0.17827209146181097,-0.018494290777649552,0.028122225463390466,-0.07771632529267956,0.00047311532758107454,0.012024050036171765,0.007887827421048134,0.01514932791384187,0.029601423453213937,0.0077318236009711475,0.01062952982810332,-0.011404142272679909,0.010793449032121913,-0.007705335342659209,0.11181658788574646,-0.1047482947332692,0.033321810097780576,0.10474829473326977,-0.03332181009778033
PC9,<=,-0.15,-0.25188690403809566,,-0.012242421854949847,-0.13435308008718316,0.006762301401649057,-0.1831311634074558,0.00867319596480869,-1.2106271153730393e-05,-0.3752573271134836,0.14077850982742995,-0.07999483475143246,0.03863730021252035,0.04650172597866925,0.8586260846876271,-0.011304229579425626,0.004287776803644398,0.012230096655224888,0.018618652505416455,0.004005524127442554,-0.02003875088298927,-0.02298113798117724,0.03451996851229963,-0.009268448196939708,0.010174398917057039,0.02568723466361713,-0.027751065204807433,0.03938692732920419,0.027751065204807548,-0.039386927329204124
PC7,<=,0.24,-2.913879468563927,,0.17639820821588562,-0.2559894426074373,-0.17056075853838565,0.537956907245937,-0.007123277528966347,0.002994939629972478,-0.0210127848209458,0.0620818728502759,0.046271508535383005,0.02597623727998586,0.0092386743486449,-0.02359844772425646,-0.047673620577130156,0.016806130686097615,0.009511427292547617,0.013355961198823634,-0.005639226439020885,-0.09557216364801502,-0.11402289231726588,0.12884715518764212,-0.02671717368242039,0.013425284572106278,-0.003368582391247338,-0.0006577617969465016,0.11047235475101738,0.0006577617969464218,-0.11047235475101738
PC11,<=,0.29,0.19492598631212657,,-0.04216194712669064,-0.02046346996332135,-0.039975664506474176,0.028168556644434708,-0.00019073423422492222,0.0030161075500532365,0.6759294516318619,-0.23080452056928352,-0.5136530220331453,-0.300238778498931,-0.0278773223948047,0.27883654577870987,-0.009940140867786256,-7.619933719216383e-05,0.006336026498480044,0.010508732383883966,0.0005693299339521459,0.0038283706038281596,0.009477078009210271,-0.008511816200727844,-0.004454745048374034,0.010021877984529817,0.04416094205655276,-0.037451270090405796,0.014020949380246712,0.037451270090406046,-0.014020949380246698
PC9,<=,-0.15,-0.25188690403809566,,-0.012242421854949847,-0.13435308008718316,0.006762301401649057,-0.1831311634074558,0.00867319596480869,-1.2106271153730393e-05,-0.3752573271134836,0.14077850982742995,-0.07999483475143246,0.03863730021252035,0.04650172597866925,0.8586260846876271,-0.011304229579425626,0.004287776803644398,0.012230096655224888,0.018618652505416455,0.004005524127442554,-0.02003875088298927,-0.02298113798117724,0.03451996851229963,-0.009268448196939708,0.010174398917057039,0.02568723466361713,-0.027751065204807433,0.03938692732920419,0.027751065204807548,-0.039386927329204124
PC17,<=,-0.06,-0.7027107435404869,,-0.020426691623828694,-0.08380765897974957,0.019067922542741096,-0.025704894384669916,-0.014304408733685617,-0.006073962494568625,0.07028751049440549,0.007344172416118286,0.0907501466636178,0.005573588472525527,-0.012704588259905341,0.024679301102590482,0.15314871367214433,-0.20113882519686754,-0.07377197978865284,-0.11829130184248696,-0.05307663328733184,-0.030614196741091705,-0.08655420820431567,-0.08099933698918904,-0.10794850411679509,0.0704807874462058,0.018170614171308434,-0.057191959779562075,-0.011840172906259522,0.05719195977956251,0.011840172906259676
PC17,>,-0.06,0.7027107435404869,,0.020426691623828694,0.08380765897974957,-0.019067922542741096,0.025704894384669916,0.014304408733685617,0.006073962494568625,-0.07028751049440549,-0.007344172416118286,-0.0907501466636178,-0.005573588472525527,0.012704588259905341,-0.024679301102590482,-0.15314871367214433,0.20113882519686754,0.07377197978865284,0.11829130184248696,0.05307663328733184,0.030614196741091705,0.08655420820431567,0.08099933698918904,0.10794850411679509,-0.0704807874462058,-0.018170614171308434,0.057191959779562075,0.011840172906259522,-0.05719195977956251,-0.011840172906259676
PC9,>,-0.15,0.25188690403809566,,0.012242421854949847,0.13435308008718316,-0.006762301401649057,0.1831311634074558,-0.00867319596480869,1.2106271153730393e-05,0.3752573271134836,-0.14077850982742995,0.07999483475143246,-0.03863730021252035,-0.04650172597866925,-0.8586260846876271,0.011304229579425626,-0.004287776803644398,-0.012230096655224888,-0.018618652505416455,-0.004005524127442554,0.02003875088298927,0.02298113798117724,-0.03451996851229963,0.009268448196939708,-0.010174398917057039,-0.02568723466361713,0.027751065204807433,-0.03938692732920419,-0.027751065204807548,0.039386927329204124
PC11,>,0.29,-0.19492598631212657,,0.04216194712669064,0.02046346996332135,0.039975664506474176,-0.028168556644434708,0.00019073423422492222,-0.0030161075500532365,-0.6759294516318619,0.23080452056928352,0.5136530220331453,0.300238778498931,0.0278773223948047,-0.27883654577870987,0.009940140867786256,7.619933719216383e-05,-0.006336026498480044,-0.010508732383883966,-0.0005693299339521459,-0.0038283706038281596,-0.009477078009210271,0.008511816200727844,0.004454745048374034,-0.010021877984529817,-0.04416094205655276,0.037451270090405796,-0.014020949380246712,-0.037451270090406046,0.014020949380246698
PC7,>,0.24,2.913879468563927,,-0.17639820821588562,0.2559894426074373,0.17056075853838565,-0.537956907245937,0.007123277528966347,-0.002994939629972478,0.0210127848209458,-0.0620818728502759,-0.046271508535383005,-0.02597623727998586,-0.0092386743486449,0.02359844772425646,0.047673620577130156,-0.016806130686097615,-0.009511427292547617,-0.013355961198823634,0.005639226439020885,0.09557216364801502,0.11402289231726588,-0.12884715518764212,0.02671717368242039,-0.013425284572106278,0.003368582391247338,0.0006577617969465016,-0.11047235475101738,-0.0006577617969464218,0.11047235475101738
PC9,>,-0.15,0.25188690403809566,,0.012242421854949847,0.13435308008718316,-0.006762301401649057,0.1831311634074558,-0.00867319596480869,1.2106271153730393e-05,0.3752573271134836,-0.14077850982742995,0.07999483475143246,-0.03863730021252035,-0.04650172597866925,-0.8586260846876271,0.011304229579425626,-0.004287776803644398,-0.012230096655224888,-0.018618652505416455,-0.004005524127442554,0.02003875088298927,0.02298113798117724,-0.03451996851229963,0.009268448196939708,-0.010174398917057039,-0.02568723466361713,0.027751065204807433,-0.03938692732920419,-0.027751065204807548,0.039386927329204124
PC18,<=,-0.52,0.2904572888207544,,-0.00833455408520542,-0.0032828220689652436,-0.0033851566556977243,0.027370213472645514,-0.0064387738452382996,-0.001747242930018762,-0.014127680785916601,-0.02596428156283996,0.008361288057699508,-0.03724895358965486,-0.011512231564188069,-0.005685753025743677,0.10008618160439488,-0.1673738620542364,0.043122470678435304,0.10043124713694168,-0.21887692201054376,0.010901134363850658,0.11370948300269182,0.24499710350753523,0.0014131952420223589,-0.029602085371607155,-0.00460709484523072,-0.02237978445393676,-0.02481910904777893,0.022379784453936877,0.024819109047778617
PC12,<=,-0.09,-1.7569780504520438,,-0.15573479845604185,0.02113471282915028,-0.10198668608572233,-0.2659472198221535,0.11270917041306515,0.08296158637811132,0.20366299787222755,0.0632630185493296,0.17827209146181097,0.018494290777649552,-0.028122225463390466,0.07771632529267956,-0.00047311532758107454,-0.012024050036171765,-0.007887827421048134,-0.01514932791384187,-0.029601423453213937,-0.0077318236009711475,-0.01062952982810332,0.011404142272679909,-0.010793449032121913,0.007705335342659209,-0.11181658788574646,0.1047482947332692,-0.033321810097780576,-0.10474829473326977,0.03332181009778033
PC12,>,-0.09,1.7569780504520438,,0.15573479845604185,-0.02113471282915028,0.10198668608572233,0.2659472198221535,-0.11270917041306515,-0.08296158637811132,-0.20366299787222755,-0.0632630185493296,-0.17827209146181097,-0.018494290777649552,0.028122225463390466,-0.07771632529267956,0.00047311532758107454,0.012024050036171765,0.007887827421048134,0.01514932791384187,0.029601423453213937,0.0077318236009711475,0.01062952982810332,-0.011404142272679909,0.010793449032121913,-0.007705335342659209,0.11181658788574646,-0.1047482947332692,0.033321810097780576,0.10474829473326977,-0.03332181009778033
PC18,>,-0.52,-0.2904572888207544,,0.00833455408520542,0.0032828220689652436,0.0033851566556977243,-0.027370213472645514,0.0064387738452382996,0.001747242930018762,0.014127680785916601,0.02596428156283996,-0.008361288057699508,0.03724895358965486,0.011512231564188069,0.005685753025743677,-0.10008618160439488,0.1673738620542364,-0.043122470678435304,-0.10043124713694168,0.21887692201054376,-0.010901134363850658,-0.11370948300269182,-0.24499710350753523,-0.0014131952420223589,0.029602085371607155,0.00460709484523072,0.02237978445393676,0.02481910904777893,-0.022379784453936877,-0.024819109047778617
PC14,<=,0.6,2.416328683081913,,0.359703156342381,0.18305364986455494,0.05297715071792045,0.06583250788084337,-0.02206151158386227,-0.023028023357127142,0.4934874774419537,0.17702048395301126,0.6094555361190429,0.08788887458688069,-0.10875373179962886,0.29541839226311206,-0.008022138817595986,0.013162088858703607,-0.006123425188356431,-0.007545742573391107,0.002240562748364202,-0.007888983492884378,0.004728559300346434,0.02181187980443345,0.031677690915688235,-0.02046684417161289,0.007471184186060317,0.0032374785911272533,0.015475268156085444,-0.0032374785911274302,-0.01547526815608578
PC18,<=,-0.34,0.4704572888207544,,-0.00833455408520542,-0.0032828220689652436,-0.0033851566556977243,0.027370213472645514,-0.0064387738452382996,-0.001747242930018762,-0.014127680785916601,-0.02596428156283996,0.008361288057699508,-0.03724895358965486,-0.011512231564188069,-0.005685753025743677,0.10008618160439488,-0.1673738620542364,0.043122470678435304,0.10043124713694168,-0.21887692201054376,0.010901134363850658,0.11370948300269182,0.24499710350753523,0.0014131952420223589,-0.029602085371607155,-0.00460709484523072,-0.02237978445393676,-0.02481910904777893,0.022379784453936877,0.024819109047778617
PC18,<=,-0.34,0.4704572888207544,,-0.00833455408520542,-0.0032828220689652436,-0.0033851566556977243,0.027370213472645514,-0.0064387738452382996,-0.001747242930018762,-0.014127680785916601,-0.02596428156283996,0.008361288057699508,-0.03724895358965486,-0.011512231564188069,-0.005685753025743677,0.10008618160439488,-0.1673738620542364,0.043122470678435304,0.10043124713694168,-0.21887692201054376,0.010901134363850658,0.11370948300269182,0.24499710350753523,0.0014131952420223589,-0.029602085371607155,-0.00460709484523072,-0.02237978445393676,-0.02481910904777893,0.022379784453936877,0.024819109047778617
PC18,>,-0.34,-0.4704572888207544,,0.00833455408520542,0.0032828220689652436,0.0033851566556977243,-0.027370213472645514,0.0064387738452382996,0.001747242930018762,0.014127680785916601,0.02596428156283996,-0.008361288057699508,0.03724895358965486,0.011512231564188069,0.005685753025743677,-0.10008618160439488,0.1673738620542364,-0.043122470678435304,-0.10043124713694168,0.21887692201054376,-0.010901134363850658,-0.11370948300269182,-0.24499710350753523,-0.0014131952420223589,0.029602085371607155,0.00460709484523072,0.02237978445393676,0.02481910904777893,-0.022379784453936877,-0.024819109047778617
PC18,>,-0.34,-0.4704572888207544,,0.00833455408520542,0.0032828220689652436,0.0033851566556977243,-0.027370213472645514,0.0064387738452382996,0.001747242930018762,0.014127680785916601,0.02596428156283996,-0.008361288057699508,0.03724895358965486,0.011512231564188069,0.005685753025743677,-0.10008618160439488,0.1673738620542364,-0.043122470678435304,-0.10043124713694168,0.21887692201054376,-0.010901134363850658,-0.11370948300269182,-0.24499710350753523,-0.0014131952420223589,0.029602085371607155,0.00460709484523072,0.02237978445393676,0.02481910904777893,-0.022379784453936877,-0.024819109047778617
PC10,<=,-0.47,-1.8942648623038558,,0.042182185912241106,0.09128650047463327,-0.12148451545602953,-0.3696419544020941,0.03638332395319099,0.02037670869367812,-0.026922416496533885,0.02582468348483695,0.1611631579679636,0.06416708225952138,-0.039008202548279816,-0.17112502059137513,-0.01418476633574524,0.017541602437559634,-0.006089827421569299,-0.009179046168934283,-0.021110423641996397,-0.005377761983003109,0.00333059728093464,0.025991168312910477,0.007409037276771147,-0.004098966543340269,0.18526852781862402,-0.16033248888110346,0.036724506289962475,0.16033248888110468,-0.036724506289962516
PC10,>,-0.47,1.8942648623038558,,-0.042182185912241106,-0.09128650047463327,0.12148451545602953,0.3696419544020941,-0.03638332395319099,-0.02037670869367812,0.026922416496533885,-0.02582468348483695,-0.1611631579679636,-0.06416708225952138,0.039008202548279816,0.17112502059137513,0.01418476633574524,-0.017541602437559634,0.006089827421569299,0.009179046168934283,0.021110423641996397,0.005377761983003109,-0.00333059728093464,-0.025991168312910477,-0.007409037276771147,0.004098966543340269,-0.18526852781862402,0.16033248888110346,-0.036724506289962475,-0.16033248888110468,0.036724506289962516
PC14,>,0.6,-2.416328683081913,,-0.359703156342381,-0.18305364986455494,-0.05297715071792045,-0.06583250788084337,0.02206151158386227,0.023028023357127142,-0.4934874774419537,-0.17702048395301126,-0.6094555361190429,-0.08788887458688069,0.10875373179962886,-0.29541839226311206,0.008022138817595986,-0.013162088858703607,0.006123425188356431,0.007545742573391107,-0.002240562748364202,0.007888983492884378,-0.004728559300346434,-0.02181187980443345,-0.031677690915688235,0.02046684417161289,-0.007471184186060317,-0.0032374785911272533,-0.015475268156085444,0.0032374785911274302,0.01547526815608578
PC4,<=,0.06,-0.6453161439718136,,-0.28978622661946135,0.5913945132099803,-0.026322546239894388,0.08216031111474209,-0.019436261869364476,-0.006729293455691278,-0.010277538311191336,-0.2918964939306462,0.13561479909179755,0.029682998024631882,0.6152320247117676,0.10027412428745393,-0.008308637668497307,0.012080263122022842,-5.11033057257247e-05,-0.0030409576643576873,0.0010562644679224756,-0.036874692314804246,-0.04115339810775548,0.05506930386662068,-0.015488623727914399,0.01124664265952075,0.0004271829496015119,0.010081036198464177,0.00518279452325095,-0.01008103619846415,-0.0051827945232509574
PC5,<=,0.29,3.228613589890764,,0.1197741564652044,-0.2994853676214497,0.15142492498887825,0.3054714800510228,0.08994818409008835,0.0563017599570136,0.0002879237391063827,-0.30913864044154116,0.1217253251868806,0.02654953930918732,0.30026273607919196,-0.0008865899343437443,-0.004164261158427012,0.001468257836624137,-0.0006300235046170153,0.0007192181612614524,-0.02199074638483807,0.013471413287098211,0.017135876489135955,-0.018374654511224785,0.005734935771955802,-0.0020752034498410067,0.05267488458269428,-0.05951078457146622,0.16266080432549157,0.059510784571466344,-0.16266080432549163
PC5,>,0.29,-3.228613589890764,,-0.1197741564652044,0.2994853676214497,-0.15142492498887825,-0.3054714800510228,-0.08994818409008835,-0.0563017599570136,-0.0002879237391063827,0.30913864044154116,-0.1217253251868806,-0.02654953930918732,-0.30026273607919196,0.0008865899343437443,0.004164261158427012,-0.001468257836624137,0.0006300235046170153,-0.0007192181612614524,0.02199074638483807,-0.013471413287098211,-0.017135876489135955,0.018374654511224785,-0.005734935771955802,0.0020752034498410067,-0.05267488458269428,0.05951078457146622,-0.16266080432549157,-0.059510784571466344,0.16266080432549163
PC4,>,0.06,0.6453161439718136,,0.28978622661946135,-0.5913945132099803,0.026322546239894388,-0.08216031111474209,0.019436261869364476,0.006729293455691278,0.010277538311191336,0.2918964939306462,-0.13561479909179755,-0.029682998024631882,-0.6152320247117676,-0.10027412428745393,0.008308637668497307,-0.012080263122022842,5.11033057257247e-05,0.0030409576643576873,-0.0010562644679224756,0.036874692314804246,0.04115339810775548,-0.05506930386662068,0.015488623727914399,-0.01124664265952075,-0.0004271829496015119,-0.010081036198464177,-0.00518279452325095,0.01008103619846415,0.0051827945232509574
PC9,>,-0.07,0.17188690403809564,,0.012242421854949847,0.13435308008718316,-0.006762301401649057,0.1831311634074558,-0.00867319596480869,1.2106271153730393e-05,0.3752573271134836,-0.14077850982742995,0.07999483475143246,-0.03863730021252035,-0.04650172597866925,-0.8586260846876271,0.011304229579425626,-0.004287776803644398,-0.012230096655224888,-0.018618652505416455,-0.004005524127442554,0.02003875088298927,0.02298113798117724,-0.03451996851229963,0.009268448196939708,-0.010174398917057039,-0.02568723466361713,0.027751065204807433,-0.03938692732920419,-0.027751065204807548,0.039386927329204124
PC12,<=,0.19,-1.4769780504520438,,-0.15573479845604185,0.02113471282915028,-0.10198668608572233,-0.2659472198221535,0.11270917041306515,0.08296158637811132,0.20366299787222755,0.0632630185493296,0.17827209146181097,0.018494290777649552,-0.028122225463390466,0.07771632529267956,-0.00047311532758107454,-0.012024050036171765,-0.007887827421048134,-0.01514932791384187,-0.029601423453213937,-0.0077318236009711475,-0.01062952982810332,0.011404142272679909,-0.010793449032121913,0.007705335342659209,-0.11181658788574646,0.1047482947332692,-0.033321810097780576,-0.10474829473326977,0.03332181009778033
PC10,<=,0.8,-0.6242648623038558,,0.042182185912241106,0.09128650047463327,-0.12148451545602953,-0.3696419544020941,0.03638332395319099,0.02037670869367812,-0.026922416496533885,0.02582468348483695,0.1611631579679636,0.06416708225952138,-0.039008202548279816,-0.17112502059137513,-0.01418476633574524,0.017541602437559634,-0.006089827421569299,-0.009179046168934283,-0.021110423641996397,-0.005377761983003109,0.00333059728093464,0.025991168312910477,0.007409037276771147,-0.004098966543340269,0.18526852781862402,-0.16033248888110346,0.036724506289962475,0.16033248888110468,-0.036724506289962516
PC5,<=,-0.75,2.188613589890764,,0.1197741564652044,-0.2994853676214497,0.15142492498887825,0.3054714800510228,0.08994818409008835,0.0563017599570136,0.0002879237391063827,-0.30913864044154116,0.1217253251868806,0.02654953930918732,0.30026273607919196,-0.0008865899343437443,-0.004164261158427012,0.001468257836624137,-0.0006300235046170153,0.0007192181612614524,-0.02199074638483807,0.013471413287098211,0.017135876489135955,-0.018374654511224785,0.005734935771955802,-0.0020752034498410067,0.05267488458269428,-0.05951078457146622,0.16266080432549157,0.059510784571466344,-0.16266080432549163
PC5,>,-0.75,-2.188613589890764,,-0.1197741564652044,0.2994853676214497,-0.15142492498887825,-0.3054714800510228,-0.08994818409008835,-0.0563017599570136,-0.0002879237391063827,0.30913864044154116,-0.1217253251868806,-0.02654953930918732,-0.30026273607919196,0.0008865899343437443,0.004164261158427012,-0.001468257836624137,0.0006300235046170153,-0.0007192181612614524,0.02199074638483807,-0.013471413287098211,-0.017135876489135955,0.018374654511224785,-0.005734935771955802,0.0020752034498410067,-0.05267488458269428,0.05951078457146622,-0.16266080432549157,-0.059510784571466344,0.16266080432549163
PC5,<=,0.58,3.518613589890764,,0.1197741564652044,-0.2994853676214497,0.15142492498887825,0.3054714800510228,0.08994818409008835,0.0563017599570136,0.0002879237391063827,-0.30913864044154116,0.1217253251868806,0.02654953930918732,0.30026273607919196,-0.0008865899343437443,-0.004164261158427012,0.001468257836624137,-0.0006300235046170153,0.0007192181612614524,-0.02199074638483807,0.013471413287098211,0.017135876489135955,-0.018374654511224785,0.005734935771955802,-0.0020752034498410067,0.05267488458269428,-0.05951078457146622,0.16266080432549157,0.059510784571466344,-0.16266080432549163
PC6,<=,-0.06,1.5966115300652395,,-0.17160397713998604,0.45411079986477865,0.08592229753999932,0.32972954545698996,0.04707062800217439,0.035130788430263765,-0.0026098724139917836,0.5891440246070928,-0.2501119645195533,-0.02259815410257923,-0.1858173191655656,-0.034098144217661795,-0.00027052320784757763,-0.0047085811298387984,-0.0036925346229965393,-0.006599887988651052,-0.012307612625556907,-0.02081348257302698,-0.02423673951559562,0.03363364243287122,-0.010904444162150227,0.0048493050907221415,0.03517463625459312,-0.0618980274108161,0.07514977494026272,0.061898027410816195,-0.07514977494026283
PC13,<=,-0.6,-0.40159328688236373,,0.8077397541574136,0.36729505145547475,-0.015220701399237662,-0.08889446092665945,0.013462139992040885,0.03302265695450802,-0.17039905843268782,-0.1251986173076776,-0.2782947224001668,-0.012101615908086703,0.0510444981619807,-0.018790063748346898,0.010033222087398944,-0.00609593857644667,0.0004891887683065714,0.002517785190295386,-0.02751435167601446,0.0015564041391926049,-0.00019129315188809215,-0.02398936715242111,-0.029881456455524785,0.021993873930206936,-0.028717424914109883,0.027435729879402352,-0.02913911026006381,-0.02743572987940288,0.02913911026006386
PC13,>,-0.6,0.40159328688236373,,-0.8077397541574136,-0.36729505145547475,0.015220701399237662,0.08889446092665945,-0.013462139992040885,-0.03302265695450802,0.17039905843268782,0.1251986173076776,0.2782947224001668,0.012101615908086703,-0.0510444981619807,0.018790063748346898,-0.010033222087398944,0.00609593857644667,-0.0004891887683065714,-0.002517785190295386,0.02751435167601446,-0.0015564041391926049,0.00019129315188809215,0.02398936715242111,0.029881456455524785,-0.021993873930206936,0.028717424914109883,-0.027435729879402352,0.02913911026006381,0.02743572987940288,-0.02913911026006386
PC6,>,-0.06,-1.5966115300652395,,0.17160397713998604,-0.45411079986477865,-0.08592229753999932,-0.32972954545698996,-0.04707062800217439,-0.035130788430263765,0.0026098724139917836,-0.5891440246070928,0.2501119645195533,0.02259815410257923,0.1858173191655656,0.034098144217661795,0.00027052320784757763,0.0047085811298387984,0.0036925346229965393,0.006599887988651052,0.012307612625556907,0.02081348257302698,0.02423673951559562,-0.03363364243287122,0.010904444162150227,-0.0048493050907221415,-0.03517463625459312,0.0618980274108161,-0.07514977494026272,-0.061898027410816195,0.07514977494026283
PC6,<=,-0.06,1.5966115300652395,,-0.17160397713998604,0.45411079986477865,0.08592229753999932,0.32972954545698996,0.04707062800217439,0.035130788430263765,-0.0026098724139917836,0.5891440246070928,-0.2501119645195533,-0.02259815410257923,-0.1858173191655656,-0.034098144217661795,-0.00027052320784757763,-0.0047085811298387984,-0.0036925346229965393,-0.006599887988651052,-0.012307612625556907,-0.02081348257302698,-0.02423673951559562,0.03363364243287122,-0.010904444162150227,0.0048493050907221415,0.03517463625459312,-0.0618980274108161,0.07514977494026272,0.061898027410816195,-0.07514977494026283
PC6,>,-0.06,-1.5966115300652395,,0.17160397713998604,-0.45411079986477865,-0.08592229753999932,-0.32972954545698996,-0.04707062800217439,-0.035130788430263765,0.0026098724139917836,-0.5891440246070928,0.2501119645195533,0.02259815410257923,0.1858173191655656,0.034098144217661795,0.00027052320784757763,0.0047085811298387984,0.0036925346229965393,0.006599887988651052,0.012307612625556907,0.02081348257302698,0.02423673951559562,-0.03363364243287122,0.010904444162150227,-0.0048493050907221415,-0.03517463625459312,0.0618980274108161,-0.07514977494026272,-0.061898027410816195,0.07514977494026283
PC5,>,0.58,-3.518613589890764,,-0.1197741564652044,0.2994853676214497,-0.15142492498887825,-0.3054714800510228,-0.08994818409008835,-0.0563017599570136,-0.0002879237391063827,0.30913864044154116,-0.1217253251868806,-0.02654953930918732,-0.30026273607919196,0.0008865899343437443,0.004164261158427012,-0.001468257836624137,0.0006300235046170153,-0.0007192181612614524,0.02199074638483807,-0.013471413287098211,-0.017135876489135955,0.018374654511224785,-0.005734935771955802,0.0020752034498410067,-0.05267488458269428,0.05951078457146622,-0.16266080432549157,-0.059510784571466344,0.16266080432549163
PC3,<=,0.2,-0.11743599226903961,,-0.06587047553251678,0.15765416854614964,-0.03124509963005727,-0.0713682068734049,-0.018332852847040056,-0.00649305932277601,-0.05890756208007817,-0.1849606396849257,0.03644699957696403,0.0056453879881755865,-0.2575471231156557,0.01849079697572988,0.020662766331637585,-0.0027342427107043847,-0.00382833828577419,-0.004767275607101944,0.0016426418981162197,0.027984682798155573,0.03491071241189576,-0.03119742190519823,-0.0005921587941730404,0.005604810672598563,-0.044689496253679614,-0.10015528776601273,0.6173729608108393,0.10015528776601265,-0.6173729608108391
PC3,>,0.2,0.11743599226903961,,0.06587047553251678,-0.15765416854614964,0.03124509963005727,0.0713682068734049,0.018332852847040056,0.00649305932277601,0.05890756208007817,0.1849606396849257,-0.03644699957696403,-0.0056453879881755865,0.2575471231156557,-0.01849079697572988,-0.020662766331637585,0.0027342427107043847,0.00382833828577419,0.004767275607101944,-0.0016426418981162197,-0.027984682798155573,-0.03491071241189576,0.03119742190519823,0.0005921587941730404,-0.005604810672598563,0.044689496253679614,0.10015528776601273,-0.6173729608108393,-0.10015528776601265,0.6173729608108391
PC17,<=,-0.05,-0.6927107435404869,,-0.020426691623828694,-0.08380765897974957,0.019067922542741096,-0.025704894384669916,-0.014304408733685617,-0.006073962494568625,0.07028751049440549,0.007344172416118286,0.0907501466636178,0.005573588472525527,-0.012704588259905341,0.024679301102590482,0.15314871367214433,-0.20113882519686754,-0.07377197978865284,-0.11829130184248696,-0.05307663328733184,-0.030614196741091705,-0.08655420820431567,-0.08099933698918904,-0.10794850411679509,0.0704807874462058,0.018170614171308434,-0.057191959779562075,-0.011840172906259522,0.05719195977956251,0.011840172906259676
PC17,>,-0.05,0.6927107435404869,,0.020426691623828694,0.08380765897974957,-0.019067922542741096,0.025704894384669916,0.014304408733685617,0.006073962494568625,-0.07028751049440549,-0.007344172416118286,-0.0907501466636178,-0.005573588472525527,0.012704588259905341,-0.024679301102590482,-0.15314871367214433,0.20113882519686754,0.07377197978865284,0.11829130184248696,0.05307663328733184,0.030614196741091705,0.08655420820431567,0.08099933698918904,0.10794850411679509,-0.0704807874462058,-0.018170614171308434,0.057191959779562075,0.011840172906259522,-0.05719195977956251,-0.011840172906259676
PC10,>,0.8,0.6242648623038558,,-0.042182185912241106,-0.09128650047463327,0.12148451545602953,0.3696419544020941,-0.03638332395319099,-0.02037670869367812,0.026922416496533885,-0.02582468348483695,-0.1611631579679636,-0.06416708225952138,0.039008202548279816,0.17112502059137513,0.01418476633574524,-0.017541602437559634,0.006089827421569299,0.009179046168934283,0.021110423641996397,0.005377761983003109,-0.00333059728093464,-0.025991168312910477,-0.007409037276771147,0.004098966543340269,-0.18526852781862402,0.16033248888110346,-0.036724506289962475,-0.16033248888110468,0.036724506289962516
PC12,>,0.19,1.4769780504520438,,0.15573479845604185,-0.02113471282915028,0.10198668608572233,0.2659472198221535,-0.11270917041306515,-0.08296158637811132,-0.20366299787222755,-0.0632630185493296,-0.17827209146181097,-0.018494290777649552,0.028122225463390466,-0.07771632529267956,0.00047311532758107454,0.012024050036171765,0.007887827421048134,0.01514932791384187,0.029601423453213937,0.0077318236009711475,0.01062952982810332,-0.011404142272679909,0.010793449032121913,-0.007705335342659209,0.11181658788574646,-0.1047482947332692,0.033321810097780576,0.10474829473326977,-0.03332181009778033
PC18,<=,0.17,0.9804572888207544,,-0.00833455408520542,-0.0032828220689652436,-0.0033851566556977243,0.027370213472645514,-0.0064387738452382996,-0.001747242930018762,-0.014127680785916601,-0.02596428156283996,0.008361288057699508,-0.03724895358965486,-0.011512231564188069,-0.005685753025743677,0.10008618160439488,-0.1673738620542364,0.043122470678435304,0.10043124713694168,-0.21887692201054376,0.010901134363850658,0.11370948300269182,0.24499710350753523,0.0014131952420223589,-0.029602085371607155,-0.00460709484523072,-0.02237978445393676,-0.02481910904777893,0.022379784453936877,0.024819109047778617
PC9,<=,0.87,0.7681130959619044,,-0.012242421854949847,-0.13435308008718316,0.006762301401649057,-0.1831311634074558,0.00867319596480869,-1.2106271153730393e-05,-0.3752573271134836,0.14077850982742995,-0.07999483475143246,0.03863730021252035,0.04650172597866925,0.8586260846876271,-0.011304229579425626,0.004287776803644398,0.012230096655224888,0.018618652505416455,0.004005524127442554,-0.02003875088298927,-0.02298113798117724,0.03451996851229963,-0.009268448196939708,0.010174398917057039,0.02568723466361713,-0.027751065204807433,0.03938692732920419,0.027751065204807548,-0.039386927329204124
PC14,<=,-0.47,1.3463286830819128,,0.359703156342381,0.18305364986455494,0.05297715071792045,0.06583250788084337,-0.02206151158386227,-0.023028023357127142,0.4934874774419537,0.17702048395301126,0.6094555361190429,0.08788887458688069,-0.10875373179962886,0.29541839226311206,-0.008022138817595986,0.013162088858703607,-0.006123425188356431,-0.007545742573391107,0.002240562748364202,-0.007888983492884378,0.004728559300346434,0.02181187980443345,0.031677690915688235,-0.02046684417161289,0.007471184186060317,0.0032374785911272533,0.015475268156085444,-0.0032374785911274302,-0.01547526815608578
PC14,>,-0.47,-1.3463286830819128,,-0.359703156342381,-0.18305364986455494,-0.05297715071792045,-0.06583250788084337,0.02206151158386227,0.023028023357127142,-0.4934874774419537,-0.17702048395301126,-0.6094555361190429,-0.08788887458688069,0.10875373179962886,-0.29541839226311206,0.008022138817595986,-0.013162088858703607,0.006123425188356431,0.007545742573391107,-0.002240562748364202,0.007888983492884378,-0.004728559300346434,-0.02181187980443345,-0.031677690915688235,0.02046684417161289,-0.007471184186060317,-0.0032374785911272533,-0.015475268156085444,0.0032374785911274302,0.01547526815608578
PC12,<=,0.21,-1.4569780504520438,,-0.15573479845604185,0.02113471282915028,-0.10198668608572233,-0.2659472198221535,0.11270917041306515,0.08296158637811132,0.20366299787222755,0.0632630185493296,0.17827209146181097,0.018494290777649552,-0.028122225463390466,0.07771632529267956,-0.00047311532758107454,-0.012024050036171765,-0.007887827421048134,-0.01514932791384187,-0.029601423453213937,-0.0077318236009711475,-0.01062952982810332,0.011404142272679909,-0.010793449032121913,0.007705335342659209,-0.11181658788574646,0.1047482947332692,-0.033321810097780576,-0.10474829473326977,0.03332181009778033
PC15,<=,-0.03,0.6700121269124772,,0.0338251328899312,-0.05176896845591579,0.013368097524789355,-0.018484855818176618,0.00493257477549133,-0.0054282243624743515,0.008617574624339808,0.012360314734972204,-0.017279343107395317,-0.018569402388361828,0.013595091802378818,-0.01811542675306196,0.04156388439789665,0.14004852258834266,-0.06644944886451398,-0.1153272442521486,0.16721628944197298,0.03038156179092587,0.11748603001917529,0.25559085118146296,-0.03397590207069086,0.08815121490935611,-0.004818139849483547,0.002822579961185728,-0.007542747757308388,-0.002822579961185992,0.007542747757308277
PC15,>,-0.03,-0.6700121269124772,,-0.0338251328899312,0.05176896845591579,-0.013368097524789355,0.018484855818176618,-0.00493257477549133,0.0054282243624743515,-0.008617574624339808,-0.012360314734972204,0.017279343107395317,0.018569402388361828,-0.013595091802378818,0.01811542675306196,-0.04156388439789665,-0.14004852258834266,0.06644944886451398,0.1153272442521486,-0.16721628944197298,-0.03038156179092587,-0.11748603001917529,-0.25559085118146296,0.03397590207069086,-0.08815121490935611,0.004818139849483547,-0.002822579961185728,0.007542747757308388,0.002822579961185992,-0.007542747757308277
PC12,>,0.21,1.4569780504520438,,0.15573479845604185,-0.02113471282915028,0.10198668608572233,0.2659472198221535,-0.11270917041306515,-0.08296158637811132,-0.20366299787222755,-0.0632630185493296,-0.17827209146181097,-0.018494290777649552,0.028122225463390466,-0.07771632529267956,0.00047311532758107454,0.012024050036171765,0.007887827421048134,0.01514932791384187,0.029601423453213937,0.0077318236009711475,0.01062952982810332,-0.011404142272679909,0.010793449032121913,-0.007705335342659209,0.11181658788574646,-0.1047482947332692,0.033321810097780576,0.10474829473326977,-0.03332181009778033
PC5,<=,0.41,3.348613589890764,,0.1197741564652044,-0.2994853676214497,0.15142492498887825,0.3054714800510228,0.08994818409008835,0.0563017599570136,0.0002879237391063827,-0.30913864044154116,0.1217253251868806,0.02654953930918732,0.30026273607919196,-0.0008865899343437443,-0.004164261158427012,0.001468257836624137,-0.0006300235046170153,0.0007192181612614524,-0.02199074638483807,0.013471413287098211,0.017135876489135955,-0.018374654511224785,0.005734935771955802,-0.0020752034498410067,0.05267488458269428,-0.05951078457146622,0.16266080432549157,0.059510784571466344,-0.16266080432549163
PC5,>,0.41,-3.348613589890764,,-0.1197741564652044,0.2994853676214497,-0.15142492498887825,-0.3054714800510228,-0.08994818409008835,-0.0563017599570136,-0.0002879237391063827,0.30913864044154116,-0.1217253251868806,-0.02654953930918732,-0.30026273607919196,0.0008865899343437443,0.004164261158427012,-0.001468257836624137,0.0006300235046170153,-0.0007192181612614524,0.02199074638483807,-0.013471413287098211,-0.017135876489135955,0.018374654511224785,-0.005734935771955802,0.0020752034498410067,-0.05267488458269428,0.05951078457146622,-0.16266080432549157,-0.059510784571466344,0.16266080432549163
PC9,>,0.87,-0.7681130959619044,,0.012242421854949847,0.13435308008718316,-0.006762301401649057,0.1831311634074558,-0.00867319596480869,1.2106271153730393e-05,0.3752573271134836,-0.14077850982742995,0.07999483475143246,-0.03863730021252035,-0.04650172597866925,-0.8586260846876271,0.011304229579425626,-0.004287776803644398,-0.012230096655224888,-0.018618652505416455,-0.004005524127442554,0.02003875088298927,0.02298113798117724,-0.03451996851229963,0.009268448196939708,-0.010174398917057039,-0.02568723466361713,0.027751065204807433,-0.03938692732920419,-0.027751065204807548,0.039386927329204124
PC13,<=,-0.01,0.18840671311763624,,0.8077397541574136,0.36729505145547475,-0.015220701399237662,-0.08889446092665945,0.013462139992040885,0.03302265695450802,-0.17039905843268782,-0.1251986173076776,-0.2782947224001668,-0.012101615908086703,0.0510444981619807,-0.018790063748346898,0.010033222087398944,-0.00609593857644667,0.0004891887683065714,0.002517785190295386,-0.02751435167601446,0.0015564041391926049,-0.00019129315188809215,-0.02398936715242111,-0.029881456455524785,0.021993873930206936,-0.028717424914109883,0.027435729879402352,-0.02913911026006381,-0.02743572987940288,0.02913911026006386
PC13,>,-0.01,-0.18840671311763624,,-0.8077397541574136,-0.36729505145547475,0.015220701399237662,0.08889446092665945,-0.013462139992040885,-0.03302265695450802,0.17039905843268782,0.1251986173076776,0.2782947224001668,0.012101615908086703,-0.0510444981619807,0.018790063748346898,-0.010033222087398944,0.00609593857644667,-0.0004891887683065714,-0.002517785190295386,0.02751435167601446,-0.0015564041391926049,0.00019129315188809215,0.02398936715242111,0.029881456455524785,-0.021993873930206936,0.028717424914109883,-0.027435729879402352,0.02913911026006381,0.02743572987940288,-0.02913911026006386
PC18,>,0.17,-0.9804572888207544,,0.00833455408520542,0.0032828220689652436,0.0033851566556977243,-0.027370213472645514,0.0064387738452382996,0.001747242930018762,0.014127680785916601,0.02596428156283996,-0.008361288057699508,0.03724895358965486,0.011512231564188069,0.005685753025743677,-0.10008618160439488,0.1673738620542364,-0.043122470678435304,-0.10043124713694168,0.21887692201054376,-0.010901134363850658,-0.11370948300269182,-0.24499710350753523,-0.0014131952420223589,0.029602085371607155,0.00460709484523072,0.02237978445393676,0.02481910904777893,-0.022379784453936877,-0.024819109047778617
PC9,<=,-0.03,-0.13188690403809564,,-0.012242421854949847,-0.13435308008718316,0.006762301401649057,-0.1831311634074558,0.00867319596480869,-1.2106271153730393e-05,-0.3752573271134836,0.14077850982742995,-0.07999483475143246,0.03863730021252035,0.04650172597866925,0.8586260846876271,-0.011304229579425626,0.004287776803644398,0.012230096655224888,0.018618652505416455,0.004005524127442554,-0.02003875088298927,-0.02298113798117724,0.03451996851229963,-0.009268448196939708,0.010174398917057039,0.02568723466361713,-0.027751065204807433,0.03938692732920419,0.027751065204807548,-0.039386927329204124
PC13,<=,-0.42,-0.22159328688236374,,0.8077397541574136,0.36729505145547475,-0.015220701399237662,-0.08889446092665945,0.013462139992040885,0.03302265695450802,-0.17039905843268782,-0.1251986173076776,-0.2782947224001668,-0.012101615908086703,0.0510444981619807,-0.018790063748346898,0.010033222087398944,-0.00609593857644667,0.0004891887683065714,0.002517785190295386,-0.02751435167601446,0.0015564041391926049,-0.00019129315188809215,-0.02398936715242111,-0.029881456455524785,0.021993873930206936,-0.028717424914109883,0.027435729879402352,-0.02913911026006381,-0.02743572987940288,0.02913911026006386
PC13,>,-0.42,0.22159328688236374,,-0.8077397541574136,-0.36729505145547475,0.015220701399237662,0.08889446092665945,-0.013462139992040885,-0.03302265695450802,0.17039905843268782,0.1251986173076776,0.2782947224001668,0.012101615908086703,-0.0510444981619807,0.018790063748346898,-0.010033222087398944,0.00609593857644667,-0.0004891887683065714,-0.002517785190295386,0.02751435167601446,-0.0015564041391926049,0.00019129315188809215,0.02398936715242111,0.029881456455524785,-0.021993873930206936,0.028717424914109883,-0.027435729879402352,0.02913911026006381,0.02743572987940288,-0.02913911026006386
PC9,>,-0.03,0.13188690403809564,,0.012242421854949847,0.13435308008718316,-0.006762301401649057,0.1831311634074558,-0.00867319596480869,1.2106271153730393e-05,0.3752573271134836,-0.14077850982742995,0.07999483475143246,-0.03863730021252035,-0.04650172597866925,-0.8586260846876271,0.011304229579425626,-0.004287776803644398,-0.012230096655224888,-0.018618652505416455,-0.004005524127442554,0.02003875088298927,0.02298113798117724,-0.03451996851229963,0.009268448196939708,-0.010174398917057039,-0.02568723466361713,0.027751065204807433,-0.03938692732920419,-0.027751065204807548,0.039386927329204124
PC18,<=,0.21,1.0204572888207544,,-0.00833455408520542,-0.0032828220689652436,-0.0033851566556977243,0.027370213472645514,-0.0064387738452382996,-0.001747242930018762,-0.014127680785916601,-0.02596428156283996,0.008361288057699508,-0.03724895358965486,-0.011512231564188069,-0.005685753025743677,0.10008618160439488,-0.1673738620542364,0.043122470678435304,0.10043124713694168,-0.21887692201054376,0.010901134363850658,0.11370948300269182,0.24499710350753523,0.0014131952420223589,-0.029602085371607155,-0.00460709484523072,-0.02237978445393676,-0.02481910904777893,0.022379784453936877,0.024819109047778617
PC15,<=,-0.0,0.7000121269124773,,0.0338251328899312,-0.05176896845591579,0.013368097524789355,-0.018484855818176618,0.00493257477549133,-0.0054282243624743515,0.008617574624339808,0.012360314734972204,-0.017279343107395317,-0.018569402388361828,0.013595091802378818,-0.01811542675306196,0.04156388439789665,0.14004852258834266,-0.06644944886451398,-0.1153272442521486,0.16721628944197298,0.03038156179092587,0.11748603001917529,0.25559085118146296,-0.03397590207069086,0.08815121490935611,-0.004818139849483547,0.002822579961185728,-0.007542747757308388,-0.002822579961185992,0.007542747757308277
PC15,>,-0.0,-0.7000121269124773,,-0.0338251328899312,0.05176896845591579,-0.013368097524789355,0.018484855818176618,-0.00493257477549133,0.0054282243624743515,-0.008617574624339808,-0.012360314734972204,0.017279343107395317,0.018569402388361828,-0.013595091802378818,0.01811542675306196,-0.04156388439789665,-0.14004852258834266,0.06644944886451398,0.1153272442521486,-0.16721628944197298,-0.03038156179092587,-0.11748603001917529,-0.25559085118146296,0.03397590207069086,-0.08815121490935611,0.004818139849483547,-0.002822579961185728,0.007542747757308388,0.002822579961185992,-0.007542747757308277
PC18,>,0.21,-1.0204572888207544,,0.00833455408520542,0.0032828220689652436,0.0033851566556977243,-0.027370213472645514,0.0064387738452382996,0.001747242930018762,0.014127680785916601,0.02596428156283996,-0.008361288057699508,0.03724895358965486,0.011512231564188069,0.005685753025743677,-0.10008618160439488,0.1673738620542364,-0.043122470678435304,-0.10043124713694168,0.21887692201054376,-0.010901134363850658,-0.11370948300269182,-0.24499710350753523,-0.0014131952420223589,0.029602085371607155,0.00460709484523072,0.02237978445393676,0.02481910904777893,-0.022379784453936877,-0.024819109047778617
PC6,>,0.18,-1.8366115300652395,,0.17160397713998604,-0.45411079986477865,-0.08592229753999932,-0.32972954545698996,-0.04707062800217439,-0.035130788430263765,0.0026098724139917836,-0.5891440246070928,0.2501119645195533,0.02259815410257923,0.1858173191655656,0.034098144217661795,0.00027052320784757763,0.0047085811298387984,0.0036925346229965393,0.006599887988651052,0.012307612625556907,0.02081348257302698,0.02423673951559562,-0.03363364243287122,0.010904444162150227,-0.0048493050907221415,-0.03517463625459312,0.0618980274108161,-0.07514977494026272,-0.061898027410816195,0.07514977494026283
PC14,<=,-0.27,1.5463286830819127,,0.359703156342381,0.18305364986455494,0.05297715071792045,0.06583250788084337,-0.02206151158386227,-0.023028023357127142,0.4934874774419537,0.17702048395301126,0.6094555361190429,0.08788887458688069,-0.10875373179962886,0.29541839226311206,-0.008022138817595986,0.013162088858703607,-0.006123425188356431,-0.007545742573391107,0.002240562748364202,-0.007888983492884378,0.004728559300346434,0.02181187980443345,0.031677690915688235,-0.02046684417161289,0.007471184186060317,0.0032374785911272533,0.015475268156085444,-0.0032374785911274302,-0.01547526815608578
PC14,<=,-0.31,1.5063286830819127,,0.359703156342381,0.18305364986455494,0.05297715071792045,0.06583250788084337,-0.02206151158386227,-0.023028023357127142,0.4934874774419537,0.17702048395301126,0.6094555361190429,0.08788887458688069,-0.10875373179962886,0.29541839226311206,-0.008022138817595986,0.013162088858703607,-0.006123425188356431,-0.007545742573391107,0.002240562748364202,-0.007888983492884378,0.004728559300346434,0.02181187980443345,0.031677690915688235,-0.02046684417161289,0.007471184186060317,0.0032374785911272533,0.015475268156085444,-0.0032374785911274302,-0.01547526815608578
PC15,<=,-0.34,0.36001212691247725,,0.0338251328899312,-0.05176896845591579,0.013368097524789355,-0.018484855818176618,0.00493257477549133,-0.0054282243624743515,0.008617574624339808,0.012360314734972204,-0.017279343107395317,-0.018569402388361828,0.013595091802378818,-0.01811542675306196,0.04156388439789665,0.14004852258834266,-0.06644944886451398,-0.1153272442521486,0.16721628944197298,0.03038156179092587,0.11748603001917529,0.25559085118146296,-0.03397590207069086,0.08815121490935611,-0.004818139849483547,0.002822579961185728,-0.007542747757308388,-0.002822579961185992,0.007542747757308277
PC15,>,-0.34,-0.36001212691247725,,-0.0338251328899312,0.05176896845591579,-0.013368097524789355,0.018484855818176618,-0.00493257477549133,0.0054282243624743515,-0.008617574624339808,-0.012360314734972204,0.017279343107395317,0.018569402388361828,-0.013595091802378818,0.01811542675306196,-0.04156388439789665,-0.14004852258834266,0.06644944886451398,0.1153272442521486,-0.16721628944197298,-0.03038156179092587,-0.11748603001917529,-0.25559085118146296,0.03397590207069086,-0.08815121490935611,0.004818139849483547,-0.002822579961185728,0.007542747757308388,0.002822579961185992,-0.007542747757308277
PC7,<=,0.08,-3.073879468563927,,0.17639820821588562,-0.2559894426074373,-0.17056075853838565,0.537956907245937,-0.007123277528966347,0.002994939629972478,-0.0210127848209458,0.0620818728502759,0.046271508535383005,0.02597623727998586,0.0092386743486449,-0.02359844772425646,-0.047673620577130156,0.016806130686097615,0.009511427292547617,0.013355961198823634,-0.005639226439020885,-0.09557216364801502,-0.11402289231726588,0.12884715518764212,-0.02671717368242039,0.013425284572106278,-0.003368582391247338,-0.0006577617969465016,0.11047235475101738,0.0006577617969464218,-0.11047235475101738
PC5,<=,-0.65,2.288613589890764,,0.1197741564652044,-0.2994853676214497,0.15142492498887825,0.3054714800510228,0.08994818409008835,0.0563017599570136,0.0002879237391063827,-0.30913864044154116,0.1217253251868806,0.02654953930918732,0.30026273607919196,-0.0008865899343437443,-0.004164261158427012,0.001468257836624137,-0.0006300235046170153,0.0007192181612614524,-0.02199074638483807,0.013471413287098211,0.017135876489135955,-0.018374654511224785,0.005734935771955802,-0.0020752034498410067,0.05267488458269428,-0.05951078457146622,0.16266080432549157,0.059510784571466344,-0.16266080432549163
PC5,>,-0.65,-2.288613589890764,,-0.1197741564652044,0.2994853676214497,-0.15142492498887825,-0.3054714800510228,-0.08994818409008835,-0.0563017599570136,-0.0002879237391063827,0.30913864044154116,-0.1217253251868806,-0.02654953930918732,-0.30026273607919196,0.0008865899343437443,0.004164261158427012,-0.001468257836624137,0.0006300235046170153,-0.0007192181612614524,0.02199074638483807,-0.013471413287098211,-0.017135876489135955,0.018374654511224785,-0.005734935771955802,0.0020752034498410067,-0.05267488458269428,0.05951078457146622,-0.16266080432549157,-0.059510784571466344,0.16266080432549163
PC8,<=,-0.37,-1.5321673556028346,,-0.03163312347943909,0.07847315160741355,-0.132792550136905,0.45733583152308205,0.006476756409069445,0.009109012647617001,-0.10872981241715945,0.025356494241185086,0.08723124953108702,0.049384094325171005,0.00985060715585546,0.18304556701096805,0.047419479762862274,-0.017269694505800303,-0.01813159317612314,-0.027542658665524036,0.002825997862350895,0.12829874106673603,0.15347257318089563,-0.1731739799446561,0.007356935980280331,0.007224752216507015,0.016676736544676225,-0.013138898988729173,-0.10497308991898495,0.013138898988729247,0.10497308991898498
PC16,<=,-0.16,-0.6430511115466042,,0.042476241058451145,0.020219184359540433,-0.02133207921692227,0.03577967562869613,0.002693216180029564,0.009945150669549178,-0.0744113181282738,-0.06590000259574523,-0.14511288896644348,-0.016392969770283594,0.017868911597622685,0.0494984064323413,0.06568767824715613,-0.08611746494481473,-0.09432648489195984,-0.15434759038449397,0.030639214939640252,-0.026136320186058066,-0.0405671528411144,0.06039212625875393,0.14468209868183346,-0.11872079051572726,-0.003913847211915117,0.025432025437234967,0.00812190622816522,-0.025432025437234745,-0.008121906228165093
PC16,>,-0.16,0.6430511115466042,,-0.042476241058451145,-0.020219184359540433,0.02133207921692227,-0.03577967562869613,-0.002693216180029564,-0.009945150669549178,0.0744113181282738,0.06590000259574523,0.14511288896644348,0.016392969770283594,-0.017868911597622685,-0.0494984064323413,-0.06568767824715613,0.08611746494481473,0.09432648489195984,0.15434759038449397,-0.030639214939640252,0.026136320186058066,0.0405671528411144,-0.06039212625875393,-0.14468209868183346,0.11872079051572726,0.003913847211915117,-0.025432025437234967,-0.00812190622816522,0.025432025437234745,0.008121906228165093
PC8,>,-0.37,1.5321673556028346,,0.03163312347943909,-0.07847315160741355,0.132792550136905,-0.45733583152308205,-0.006476756409069445,-0.009109012647617001,0.10872981241715945,-0.025356494241185086,-0.08723124953108702,-0.049384094325171005,-0.00985060715585546,-0.18304556701096805,-0.047419479762862274,0.017269694505800303,0.01813159317612314,0.027542658665524036,-0.002825997862350895,-0.12829874106673603,-0.15347257318089563,0.1731739799446561,-0.007356935980280331,-0.007224752216507015,-0.016676736544676225,0.013138898988729173,0.10497308991898495,-0.013138898988729247,-0.10497308991898498
PC7,>,0.08,3.073879468563927,,-0.17639820821588562,0.2559894426074373,0.17056075853838565,-0.537956907245937,0.007123277528966347,-0.002994939629972478,0.0210127848209458,-0.0620818728502759,-0.046271508535383005,-0.02597623727998586,-0.0092386743486449,0.02359844772425646,0.047673620577130156,-0.016806130686097615,-0.009511427292547617,-0.013355961198823634,0.005639226439020885,0.09557216364801502,0.11402289231726588,-0.12884715518764212,0.02671717368242039,-0.013425284572106278,0.003368582391247338,0.0006577617969465016,-0.11047235475101738,-0.0006577617969464218,0.11047235475101738
PC10,<=,-0.02,-1.4442648623038559,,0.042182185912241106,0.09128650047463327,-0.12148451545602953,-0.3696419544020941,0.03638332395319099,0.02037670869367812,-0.026922416496533885,0.02582468348483695,0.1611631579679636,0.06416708225952138,-0.039008202548279816,-0.17112502059137513,-0.01418476633574524,0.017541602437559634,-0.006089827421569299,-0.009179046168934283,-0.021110423641996397,-0.005377761983003109,0.00333059728093464,0.025991168312910477,0.007409037276771147,-0.004098966543340269,0.18526852781862402,-0.16033248888110346,0.036724506289962475,0.16033248888110468,-0.036724506289962516
PC10,>,-0.02,1.4442648623038559,,-0.042182185912241106,-0.09128650047463327,0.12148451545602953,0.3696419544020941,-0.03638332395319099,-0.02037670869367812,0.026922416496533885,-0.02582468348483695,-0.1611631579679636,-0.06416708225952138,0.039008202548279816,0.17112502059137513,0.01418476633574524,-0.017541602437559634,0.006089827421569299,0.009179046168934283,0.021110423641996397,0.005377761983003109,-0.00333059728093464,-0.025991168312910477,-0.007409037276771147,0.004098966543340269,-0.18526852781862402,0.16033248888110346,-0.036724506289962475,-0.16033248888110468,0.036724506289962516
PC14,>,-0.31,-1.5063286830819127,,-0.359703156342381,-0.18305364986455494,-0.05297715071792045,-0.06583250788084337,0.02206151158386227,0.023028023357127142,-0.4934874774419537,-0.17702048395301126,-0.6094555361190429,-0.08788887458688069,0.10875373179962886,-0.29541839226311206,0.008022138817595986,-0.013162088858703607,0.006123425188356431,0.007545742573391107,-0.002240562748364202,0.007888983492884378,-0.004728559300346434,-0.02181187980443345,-0.031677690915688235,0.02046684417161289,-0.007471184186060317,-0.0032374785911272533,-0.015475268156085444,0.0032374785911274302,0.01547526815608578
PC7,<=,-0.54,-3.693879468563927,,0.17639820821588562,-0.2559894426074373,-0.17056075853838565,0.537956907245937,-0.007123277528966347,0.002994939629972478,-0.0210127848209458,0.0620818728502759,0.046271508535383005,0.02597623727998586,0.0092386743486449,-0.02359844772425646,-0.047673620577130156,0.016806130686097615,0.009511427292547617,0.013355961198823634,-0.005639226439020885,-0.09557216364801502,-0.11402289231726588,0.12884715518764212,-0.02671717368242039,0.013425284572106278,-0.003368582391247338,-0.0006577617969465016,0.11047235475101738,0.0006577617969464218,-0.11047235475101738
PC7,>,-0.54,3.693879468563927,,-0.17639820821588562,0.2559894426074373,0.17056075853838565,-0.537956907245937,0.007123277528966347,-0.002994939629972478,0.0210127848209458,-0.0620818728502759,-0.046271508535383005,-0.02597623727998586,-0.0092386743486449,0.02359844772425646,0.047673620577130156,-0.016806130686097615,-0.009511427292547617,-0.013355961198823634,0.005639226439020885,0.09557216364801502,0.11402289231726588,-0.12884715518764212,0.02671717368242039,-0.013425284572106278,0.003368582391247338,0.0006577617969465016,-0.11047235475101738,-0.0006577617969464218,0.11047235475101738
PC14,>,-0.27,-1.5463286830819127,,-0.359703156342381,-0.18305364986455494,-0.05297715071792045,-0.06583250788084337,0.02206151158386227,0.023028023357127142,-0.4934874774419537,-0.17702048395301126,-0.6094555361190429,-0.08788887458688069,0.10875373179962886,-0.29541839226311206,0.008022138817595986,-0.013162088858703607,0.006123425188356431,0.007545742573391107,-0.002240562748364202,0.007888983492884378,-0.004728559300346434,-0.02181187980443345,-0.031677690915688235,0.02046684417161289,-0.007471184186060317,-0.0032374785911272533,-0.015475268156085444,0.0032374785911274302,0.01547526815608578
PC7,<=,0.04,-3.113879468563927,,0.17639820821588562,-0.2559894426074373,-0.17056075853838565,0.537956907245937,-0.007123277528966347,0.002994939629972478,-0.0210127848209458,0.0620818728502759,0.046271508535383005,0.02597623727998586,0.0092386743486449,-0.02359844772425646,-0.047673620577130156,0.016806130686097615,0.009511427292547617,0.013355961198823634,-0.005639226439020885,-0.09557216364801502,-0.11402289231726588,0.12884715518764212,-0.02671717368242039,0.013425284572106278,-0.003368582391247338,-0.0006577617969465016,0.11047235475101738,0.0006577617969464218,-0.11047235475101738
PC6,<=,0.19,1.8466115300652395,,-0.17160397713998604,0.45411079986477865,0.08592229753999932,0.32972954545698996,0.04707062800217439,0.035130788430263765,-0.0026098724139917836,0.5891440246070928,-0.2501119645195533,-0.02259815410257923,-0.1858173191655656,-0.034098144217661795,-0.00027052320784757763,-0.0047085811298387984,-0.0036925346229965393,-0.006599887988651052,-0.012307612625556907,-0.02081348257302698,-0.02423673951559562,0.03363364243287122,-0.010904444162150227,0.0048493050907221415,0.03517463625459312,-0.0618980274108161,0.07514977494026272,0.061898027410816195,-0.07514977494026283
PC14,<=,0.03,1.8463286830819128,,0.359703156342381,0.18305364986455494,0.05297715071792045,0.06583250788084337,-0.02206151158386227,-0.023028023357127142,0.4934874774419537,0.17702048395301126,0.6094555361190429,0.08788887458688069,-0.10875373179962886,0.29541839226311206,-0.008022138817595986,0.013162088858703607,-0.006123425188356431,-0.007545742573391107,0.002240562748364202,-0.007888983492884378,0.004728559300346434,0.02181187980443345,0.031677690915688235,-0.02046684417161289,0.007471184186060317,0.0032374785911272533,0.015475268156085444,-0.0032374785911274302,-0.01547526815608578
PC14,>,0.03,-1.8463286830819128,,-0.359703156342381,-0.18305364986455494,-0.05297715071792045,-0.06583250788084337,0.02206151158386227,0.023028023357127142,-0.4934874774419537,-0.17702048395301126,-0.6094555361190429,-0.08788887458688069,0.10875373179962886,-0.29541839226311206,0.008022138817595986,-0.013162088858703607,0.006123425188356431,0.007545742573391107,-0.002240562748364202,0.007888983492884378,-0.004728559300346434,-0.02181187980443345,-0.031677690915688235,0.02046684417161289,-0.007471184186060317,-0.0032374785911272533,-0.015475268156085444,0.0032374785911274302,0.01547526815608578
PC6,>,0.19,-1.8466115300652395,,0.17160397713998604,-0.45411079986477865,-0.08592229753999932,-0.32972954545698996,-0.04707062800217439,-0.035130788430263765,0.0026098724139917836,-0.5891440246070928,0.2501119645195533,0.02259815410257923,0.1858173191655656,0.034098144217661795,0.00027052320784757763,0.0047085811298387984,0.0036925346229965393,0.006599887988651052,0.012307612625556907,0.02081348257302698,0.02423673951559562,-0.03363364243287122,0.010904444162150227,-0.0048493050907221415,-0.03517463625459312,0.0618980274108161,-0.07514977494026272,-0.061898027410816195,0.07514977494026283
PC12,<=,-0.34,-2.0069780504520436,,-0.15573479845604185,0.02113471282915028,-0.10198668608572233,-0.2659472198221535,0.11270917041306515,0.08296158637811132,0.20366299787222755,0.0632630185493296,0.17827209146181097,0.018494290777649552,-0.028122225463390466,0.07771632529267956,-0.00047311532758107454,-0.012024050036171765,-0.007887827421048134,-0.01514932791384187,-0.029601423453213937,-0.0077318236009711475,-0.01062952982810332,0.011404142272679909,-0.010793449032121913,0.007705335342659209,-0.11181658788574646,0.1047482947332692,-0.033321810097780576,-0.10474829473326977,0.03332181009778033
PC7,<=,-0.15,-3.303879468563927,,0.17639820821588562,-0.2559894426074373,-0.17056075853838565,0.537956907245937,-0.007123277528966347,0.002994939629972478,-0.0210127848209458,0.0620818728502759,0.046271508535383005,0.02597623727998586,0.0092386743486449,-0.02359844772425646,-0.047673620577130156,0.016806130686097615,0.009511427292547617,0.013355961198823634,-0.005639226439020885,-0.09557216364801502,-0.11402289231726588,0.12884715518764212,-0.02671717368242039,0.013425284572106278,-0.003368582391247338,-0.0006577617969465016,0.11047235475101738,0.0006577617969464218,-0.11047235475101738
PC2,<=,0.35,1.2171497617659581,,0.13042199002714122,-0.21418497504984435,-0.03184934871318016,-0.17259675982014622,-0.017070112417100273,-0.013710509393817353,0.1566612514303632,0.5461520615288856,-0.12265964763067637,-0.013151398547031018,0.6374780562796171,-0.10670223415972242,0.018166017666069522,-0.02105166303966101,-6.149320165679409e-06,0.0004629201710854798,-0.005534768253852621,0.03407096223808076,0.04020543060367045,-0.04549520254473249,0.010997761841035996,-0.008597135538309845,-0.01656941936448926,0.008369147562535442,0.2032257135724291,-0.008369147562535484,-0.2032257135724291
PC2,>,0.35,-1.2171497617659581,,-0.13042199002714122,0.21418497504984435,0.03184934871318016,0.17259675982014622,0.017070112417100273,0.013710509393817353,-0.1566612514303632,-0.5461520615288856,0.12265964763067637,0.013151398547031018,-0.6374780562796171,0.10670223415972242,-0.018166017666069522,0.02105166303966101,6.149320165679409e-06,-0.0004629201710854798,0.005534768253852621,-0.03407096223808076,-0.04020543060367045,0.04549520254473249,-0.010997761841035996,0.008597135538309845,0.01656941936448926,-0.008369147562535442,-0.2032257135724291,0.008369147562535484,0.2032257135724291
PC5,<=,-0.29,2.648613589890764,,0.1197741564652044,-0.2994853676214497,0.15142492498887825,0.3054714800510228,0.08994818409008835,0.0563017599570136,0.0002879237391063827,-0.30913864044154116,0.1217253251868806,0.02654953930918732,0.30026273607919196,-0.0008865899343437443,-0.004164261158427012,0.001468257836624137,-0.0006300235046170153,0.0007192181612614524,-0.02199074638483807,0.013471413287098211,0.017135876489135955,-0.018374654511224785,0.005734935771955802,-0.0020752034498410067,0.05267488458269428,-0.05951078457146622,0.16266080432549157,0.059510784571466344,-0.16266080432549163
PC5,>,-0.29,-2.648613589890764,,-0.1197741564652044,0.2994853676214497,-0.15142492498887825,-0.3054714800510228,-0.08994818409008835,-0.0563017599570136,-0.0002879237391063827,0.30913864044154116,-0.1217253251868806,-0.02654953930918732,-0.30026273607919196,0.0008865899343437443,0.004164261158427012,-0.001468257836624137,0.0006300235046170153,-0.0007192181612614524,0.02199074638483807,-0.013471413287098211,-0.017135876489135955,0.018374654511224785,-0.005734935771955802,0.0020752034498410067,-0.05267488458269428,0.05951078457146622,-0.16266080432549157,-0.059510784571466344,0.16266080432549163
PC7,>,-0.15,3.303879468563927,,-0.17639820821588562,0.2559894426074373,0.17056075853838565,-0.537956907245937,0.007123277528966347,-0.002994939629972478,0.0210127848209458,-0.0620818728502759,-0.046271508535383005,-0.02597623727998586,-0.0092386743486449,0.02359844772425646,0.047673620577130156,-0.016806130686097615,-0.009511427292547617,-0.013355961198823634,0.005639226439020885,0.09557216364801502,0.11402289231726588,-0.12884715518764212,0.02671717368242039,-0.013425284572106278,0.003368582391247338,0.0006577617969465016,-0.11047235475101738,-0.0006577617969464218,0.11047235475101738
PC12,>,-0.34,2.0069780504520436,,0.15573479845604185,-0.02113471282915028,0.10198668608572233,0.2659472198221535,-0.11270917041306515,-0.08296158637811132,-0.20366299787222755,-0.0632630185493296,-0.17827209146181097,-0.018494290777649552,0.028122225463390466,-0.07771632529267956,0.00047311532758107454,0.012024050036171765,0.007887827421048134,0.01514932791384187,0.029601423453213937,0.0077318236009711475,0.01062952982810332,-0.011404142272679909,0.010793449032121913,-0.007705335342659209,0.11181658788574646,-0.1047482947332692,0.033321810097780576,0.10474829473326977,-0.03332181009778033
PC13,<=,0.5,0.6984067131176362,,0.8077397541574136,0.36729505145547475,-0.015220701399237662,-0.08889446092665945,0.013462139992040885,0.03302265695450802,-0.17039905843268782,-0.1251986173076776,-0.2782947224001668,-0.012101615908086703,0.0510444981619807,-0.018790063748346898,0.010033222087398944,-0.00609593857644667,0.0004891887683065714,0.002517785190295386,-0.02751435167601446,0.0015564041391926049,-0.00019129315188809215,-0.02398936715242111,-0.029881456455524785,0.021993873930206936,-0.028717424914109883,0.027435729879402352,-0.02913911026006381,-0.02743572987940288,0.02913911026006386
PC11,<=,0.43,0.33492598631212656,,-0.04216194712669064,-0.02046346996332135,-0.039975664506474176,0.028168556644434708,-0.00019073423422492222,0.0030161075500532365,0.6759294516318619,-0.23080452056928352,-0.5136530220331453,-0.300238778498931,-0.0278773223948047,0.27883654577870987,-0.009940140867786256,-7.619933719216383e-05,0.006336026498480044,0.010508732383883966,0.0005693299339521459,0.0038283706038281596,0.009477078009210271,-0.008511816200727844,-0.004454745048374034,0.010021877984529817,0.04416094205655276,-0.037451270090405796,0.014020949380246712,0.037451270090406046,-0.014020949380246698
PC16,<=,-0.72,-1.2030511115466043,,0.042476241058451145,0.020219184359540433,-0.02133207921692227,0.03577967562869613,0.002693216180029564,0.009945150669549178,-0.0744113181282738,-0.06590000259574523,-0.14511288896644348,-0.016392969770283594,0.017868911597622685,0.0494984064323413,0.06568767824715613,-0.08611746494481473,-0.09432648489195984,-0.15434759038449397,0.030639214939640252,-0.026136320186058066,-0.0405671528411144,0.06039212625875393,0.14468209868183346,-0.11872079051572726,-0.003913847211915117,0.025432025437234967,0.00812190622816522,-0.025432025437234745,-0.008121906228165093
PC16,>,-0.72,1.2030511115466043,,-0.042476241058451145,-0.020219184359540433,0.02133207921692227,-0.03577967562869613,-0.002693216180029564,-0.009945150669549178,0.0744113181282738,0.06590000259574523,0.14511288896644348,0.016392969770283594,-0.017868911597622685,-0.0494984064323413,-0.06568767824715613,0.08611746494481473,0.09432648489195984,0.15434759038449397,-0.030639214939640252,0.026136320186058066,0.0405671528411144,-0.06039212625875393,-0.14468209868183346,0.11872079051572726,0.003913847211915117,-0.025432025437234967,-0.00812190622816522,0.025432025437234745,0.008121906228165093
PC10,<=,0.88,-0.5442648623038558,,0.042182185912241106,0.09128650047463327,-0.12148451545602953,-0.3696419544020941,0.03638332395319099,0.02037670869367812,-0.026922416496533885,0.02582468348483695,0.1611631579679636,0.06416708225952138,-0.039008202548279816,-0.17112502059137513,-0.01418476633574524,0.017541602437559634,-0.006089827421569299,-0.009179046168934283,-0.021110423641996397,-0.005377761983003109,0.00333059728093464,0.025991168312910477,0.007409037276771147,-0.004098966543340269,0.18526852781862402,-0.16033248888110346,0.036724506289962475,0.16033248888110468,-0.036724506289962516
PC10,>,0.88,0.5442648623038558,,-0.042182185912241106,-0.09128650047463327,0.12148451545602953,0.3696419544020941,-0.03638332395319099,-0.02037670869367812,0.026922416496533885,-0.02582468348483695,-0.1611631579679636,-0.06416708225952138,0.039008202548279816,0.17112502059137513,0.01418476633574524,-0.017541602437559634,0.006089827421569299,0.009179046168934283,0.021110423641996397,0.005377761983003109,-0.00333059728093464,-0.025991168312910477,-0.007409037276771147,0.004098966543340269,-0.18526852781862402,0.16033248888110346,-0.036724506289962475,-0.16033248888110468,0.036724506289962516
PC11,>,0.43,-0.33492598631212656,,0.04216194712669064,0.02046346996332135,0.039975664506474176,-0.028168556644434708,0.00019073423422492222,-0.0030161075500532365,-0.6759294516318619,0.23080452056928352,0.5136530220331453,0.300238778498931,0.0278773223948047,-0.27883654577870987,0.009940140867786256,7.619933719216383e-05,-0.006336026498480044,-0.010508732383883966,-0.0005693299339521459,-0.0038283706038281596,-0.009477078009210271,0.008511816200727844,0.004454745048374034,-0.010021877984529817,-0.04416094205655276,0.037451270090405796,-0.014020949380246712,-0.037451270090406046,0.014020949380246698
PC13,>,0.5,-0.6984067131176362,,-0.8077397541574136,-0.36729505145547475,0.015220701399237662,0.08889446092665945,-0.013462139992040885,-0.03302265695450802,0.17039905843268782,0.1251986173076776,0.2782947224001668,0.012101615908086703,-0.0510444981619807,0.018790063748346898,-0.010033222087398944,0.00609593857644667,-0.0004891887683065714,-0.002517785190295386,0.02751435167601446,-0.0015564041391926049,0.00019129315188809215,0.02398936715242111,0.029881456455524785,-0.021993873930206936,0.028717424914109883,-0.027435729879402352,0.02913911026006381,0.02743572987940288,-0.02913911026006386
PC9,<=,-0.16,-0.26188690403809567,,-0.012242421854949847,-0.13435308008718316,0.006762301401649057,-0.1831311634074558,0.00867319596480869,-1.2106271153730393e-05,-0.3752573271134836,0.14077850982742995,-0.07999483475143246,0.03863730021252035,0.04650172597866925,0.8586260846876271,-0.011304229579425626,0.004287776803644398,0.012230096655224888,0.018618652505416455,0.004005524127442554,-0.02003875088298927,-0.02298113798117724,0.03451996851229963,-0.009268448196939708,0.010174398917057039,0.02568723466361713,-0.027751065204807433,0.03938692732920419,0.027751065204807548,-0.039386927329204124
PC9,>,-0.16,0.26188690403809567,,0.012242421854949847,0.13435308008718316,-0.006762301401649057,0.1831311634074558,-0.00867319596480869,1.2106271153730393e-05,0.3752573271134836,-0.14077850982742995,0.07999483475143246,-0.03863730021252035,-0.04650172597866925,-0.8586260846876271,0.011304229579425626,-0.004287776803644398,-0.012230096655224888,-0.018618652505416455,-0.004005524127442554,0.02003875088298927,0.02298113798117724,-0.03451996851229963,0.009268448196939708,-0.010174398917057039,-0.02568723466361713,0.027751065204807433,-0.03938692732920419,-0.027751065204807548,0.039386927329204124
PC7,>,0.04,3.113879468563927,,-0.17639820821588562,0.2559894426074373,0.17056075853838565,-0.537956907245937,0.007123277528966347,-0.002994939629972478,0.0210127848209458,-0.0620818728502759,-0.046271508535383005,-0.02597623727998586,-0.0092386743486449,0.02359844772425646,0.047673620577130156,-0.016806130686097615,-0.009511427292547617,-0.013355961198823634,0.005639226439020885,0.09557216364801502,0.11402289231726588,-0.12884715518764212,0.02671717368242039,-0.013425284572106278,0.003368582391247338,0.0006577617969465016,-0.11047235475101738,-0.0006577617969464218,0.11047235475101738
PC14,<=,0.3,2.1163286830819126,,0.359703156342381,0.18305364986455494,0.05297715071792045,0.06583250788084337,-0.02206151158386227,-0.023028023357127142,0.4934874774419537,0.17702048395301126,0.6094555361190429,0.08788887458688069,-0.10875373179962886,0.29541839226311206,-0.008022138817595986,0.013162088858703607,-0.006123425188356431,-0.007545742573391107,0.002240562748364202,-0.007888983492884378,0.004728559300346434,0.02181187980443345,0.031677690915688235,-0.02046684417161289,0.007471184186060317,0.0032374785911272533,0.015475268156085444,-0.0032374785911274302,-0.01547526815608578
PC18,<=,-0.03,0.7804572888207544,,-0.00833455408520542,-0.0032828220689652436,-0.0033851566556977243,0.027370213472645514,-0.0064387738452382996,-0.001747242930018762,-0.014127680785916601,-0.02596428156283996,0.008361288057699508,-0.03724895358965486,-0.011512231564188069,-0.005685753025743677,0.10008618160439488,-0.1673738620542364,0.043122470678435304,0.10043124713694168,-0.21887692201054376,0.010901134363850658,0.11370948300269182,0.24499710350753523,0.0014131952420223589,-0.029602085371607155,-0.00460709484523072,-0.02237978445393676,-0.02481910904777893,0.022379784453936877,0.024819109047778617
PC15,<=,-0.32,0.38001212691247727,,0.0338251328899312,-0.05176896845591579,0.013368097524789355,-0.018484855818176618,0.00493257477549133,-0.0054282243624743515,0.008617574624339808,0.012360314734972204,-0.017279343107395317,-0.018569402388361828,0.013595091802378818,-0.01811542675306196,0.04156388439789665,0.14004852258834266,-0.06644944886451398,-0.1153272442521486,0.16721628944197298,0.03038156179092587,0.11748603001917529,0.25559085118146296,-0.03397590207069086,0.08815121490935611,-0.004818139849483547,0.002822579961185728,-0.007542747757308388,-0.002822579961185992,0.007542747757308277
PC15,>,-0.32,-0.38001212691247727,,-0.0338251328899312,0.05176896845591579,-0.013368097524789355,0.018484855818176618,-0.00493257477549133,0.0054282243624743515,-0.008617574624339808,-0.012360314734972204,0.017279343107395317,0.018569402388361828,-0.013595091802378818,0.01811542675306196,-0.04156388439789665,-0.14004852258834266,0.06644944886451398,0.1153272442521486,-0.16721628944197298,-0.03038156179092587,-0.11748603001917529,-0.25559085118146296,0.03397590207069086,-0.08815121490935611,0.004818139849483547,-0.002822579961185728,0.007542747757308388,0.002822579961185992,-0.007542747757308277
PC1,<=,-0.7,-0.47594396284676077,,-0.022004774710120467,0.019722734923716262,0.0026015926792960485,0.004917404767242937,-0.004218467750483591,0.0034279698835947415,-0.013533727613509699,-0.006460816620266067,-0.0049667231073443965,0.006222139492590208,-0.05519520840981278,0.0014659458403357248,0.019682653322788308,-0.006648285912589944,0.0007537666472359013,0.0009174956568490205,-0.014012316511875528,0.004109259285791897,0.005598181868928145,-0.0028340940354142823,-0.012460135592246534,0.005481741756557169,0.07113350258110286,0.661205852464106,0.1255395235219408,-0.661205852464106,-0.12553952352194084
PC15,<=,-0.22,0.4800121269124773,,0.0338251328899312,-0.05176896845591579,0.013368097524789355,-0.018484855818176618,0.00493257477549133,-0.0054282243624743515,0.008617574624339808,0.012360314734972204,-0.017279343107395317,-0.018569402388361828,0.013595091802378818,-0.01811542675306196,0.04156388439789665,0.14004852258834266,-0.06644944886451398,-0.1153272442521486,0.16721628944197298,0.03038156179092587,0.11748603001917529,0.25559085118146296,-0.03397590207069086,0.08815121490935611,-0.004818139849483547,0.002822579961185728,-0.007542747757308388,-0.002822579961185992,0.007542747757308277
PC15,>,-0.22,-0.4800121269124773,,-0.0338251328899312,0.05176896845591579,-0.013368097524789355,0.018484855818176618,-0.00493257477549133,0.0054282243624743515,-0.008617574624339808,-0.012360314734972204,0.017279343107395317,0.018569402388361828,-0.013595091802378818,0.01811542675306196,-0.04156388439789665,-0.14004852258834266,0.06644944886451398,0.1153272442521486,-0.16721628944197298,-0.03038156179092587,-0.11748603001917529,-0.25559085118146296,0.03397590207069086,-0.08815121490935611,0.004818139849483547,-0.002822579961185728,0.007542747757308388,0.002822579961185992,-0.007542747757308277
PC9,<=,-0.24,-0.34188690403809563,,-0.012242421854949847,-0.13435308008718316,0.006762301401649057,-0.1831311634074558,0.00867319596480869,-1.2106271153730393e-05,-0.3752573271134836,0.14077850982742995,-0.07999483475143246,0.03863730021252035,0.04650172597866925,0.8586260846876271,-0.011304229579425626,0.004287776803644398,0.012230096655224888,0.018618652505416455,0.004005524127442554,-0.02003875088298927,-0.02298113798117724,0.03451996851229963,-0.009268448196939708,0.010174398917057039,0.02568723466361713,-0.027751065204807433,0.03938692732920419,0.027751065204807548,-0.039386927329204124
PC9,>,-0.24,0.34188690403809563,,0.012242421854949847,0.13435308008718316,-0.006762301401649057,0.1831311634074558,-0.00867319596480869,1.2106271153730393e-05,0.3752573271134836,-0.14077850982742995,0.07999483475143246,-0.03863730021252035,-0.04650172597866925,-0.8586260846876271,0.011304229579425626,-0.004287776803644398,-0.012230096655224888,-0.018618652505416455,-0.004005524127442554,0.02003875088298927,0.02298113798117724,-0.03451996851229963,0.009268448196939708,-0.010174398917057039,-0.02568723466361713,0.027751065204807433,-0.03938692732920419,-0.027751065204807548,0.039386927329204124
PC1,>,-0.7,0.47594396284676077,,0.022004774710120467,-0.019722734923716262,-0.0026015926792960485,-0.004917404767242937,0.004218467750483591,-0.0034279698835947415,0.013533727613509699,0.006460816620266067,0.0049667231073443965,-0.006222139492590208,0.05519520840981278,-0.0014659458403357248,-0.019682653322788308,0.006648285912589944,-0.0007537666472359013,-0.0009174956568490205,0.014012316511875528,-0.004109259285791897,-0.005598181868928145,0.0028340940354142823,0.012460135592246534,-0.005481741756557169,-0.07113350258110286,-0.661205852464106,-0.1255395235219408,0.661205852464106,0.12553952352194084
PC5,<=,0.73,3.668613589890764,,0.1197741564652044,-0.2994853676214497,0.15142492498887825,0.3054714800510228,0.08994818409008835,0.0563017599570136,0.0002879237391063827,-0.30913864044154116,0.1217253251868806,0.02654953930918732,0.30026273607919196,-0.0008865899343437443,-0.004164261158427012,0.001468257836624137,-0.0006300235046170153,0.0007192181612614524,-0.02199074638483807,0.013471413287098211,0.017135876489135955,-0.018374654511224785,0.005734935771955802,-0.0020752034498410067,0.05267488458269428,-0.05951078457146622,0.16266080432549157,0.059510784571466344,-0.16266080432549163
PC5,>,0.73,-3.668613589890764,,-0.1197741564652044,0.2994853676214497,-0.15142492498887825,-0.3054714800510228,-0.08994818409008835,-0.0563017599570136,-0.0002879237391063827,0.30913864044154116,-0.1217253251868806,-0.02654953930918732,-0.30026273607919196,0.0008865899343437443,0.004164261158427012,-0.001468257836624137,0.0006300235046170153,-0.0007192181612614524,0.02199074638483807,-0.013471413287098211,-0.017135876489135955,0.018374654511224785,-0.005734935771955802,0.0020752034498410067,-0.05267488458269428,0.05951078457146622,-0.16266080432549157,-0.059510784571466344,0.16266080432549163
PC10,<=,0.06,-1.3642648623038558,,0.042182185912241106,0.09128650047463327,-0.12148451545602953,-0.3696419544020941,0.03638332395319099,0.02037670869367812,-0.026922416496533885,0.02582468348483695,0.1611631579679636,0.06416708225952138,-0.039008202548279816,-0.17112502059137513,-0.01418476633574524,0.017541602437559634,-0.006089827421569299,-0.009179046168934283,-0.021110423641996397,-0.005377761983003109,0.00333059728093464,0.025991168312910477,0.007409037276771147,-0.004098966543340269,0.18526852781862402,-0.16033248888110346,0.036724506289962475,0.16033248888110468,-0.036724506289962516
PC10,>,0.06,1.3642648623038558,,-0.042182185912241106,-0.09128650047463327,0.12148451545602953,0.3696419544020941,-0.03638332395319099,-0.02037670869367812,0.026922416496533885,-0.02582468348483695,-0.1611631579679636,-0.06416708225952138,0.039008202548279816,0.17112502059137513,0.01418476633574524,-0.017541602437559634,0.006089827421569299,0.009179046168934283,0.021110423641996397,0.005377761983003109,-0.00333059728093464,-0.025991168312910477,-0.007409037276771147,0.004098966543340269,-0.18526852781862402,0.16033248888110346,-0.036724506289962475,-0.16033248888110468,0.036724506289962516
PC18,>,-0.03,-0.7804572888207544,,0.00833455408520542,0.0032828220689652436,0.0033851566556977243,-0.027370213472645514,0.0064387738452382996,0.001747242930018762,0.014127680785916601,0.02596428156283996,-0.008361288057699508,0.03724895358965486,0.011512231564188069,0.005685753025743677,-0.10008618160439488,0.1673738620542364,-0.043122470678435304,-0.10043124713694168,0.21887692201054376,-0.010901134363850658,-0.11370948300269182,-0.24499710350753523,-0.0014131952420223589,0.029602085371607155,0.00460709484523072,0.02237978445393676,0.02481910904777893,-0.022379784453936877,-0.024819109047778617
PC7,<=,0.09,-3.0638794685639272,,0.17639820821588562,-0.2559894426074373,-0.17056075853838565,0.537956907245937,-0.007123277528966347,0.002994939629972478,-0.0210127848209458,0.0620818728502759,0.046271508535383005,0.02597623727998586,0.0092386743486449,-0.02359844772425646,-0.047673620577130156,0.016806130686097615,0.009511427292547617,0.013355961198823634,-0.005639226439020885,-0.09557216364801502,-0.11402289231726588,0.12884715518764212,-0.02671717368242039,0.013425284572106278,-0.003368582391247338,-0.0006577617969465016,0.11047235475101738,0.0006577617969464218,-0.11047235475101738
PC14,<=,0.01,1.8263286830819128,,0.359703156342381,0.18305364986455494,0.05297715071792045,0.06583250788084337,-0.02206151158386227,-0.023028023357127142,0.4934874774419537,0.17702048395301126,0.6094555361190429,0.08788887458688069,-0.10875373179962886,0.29541839226311206,-0.008022138817595986,0.013162088858703607,-0.006123425188356431,-0.007545742573391107,0.002240562748364202,-0.007888983492884378,0.004728559300346434,0.02181187980443345,0.031677690915688235,-0.02046684417161289,0.007471184186060317,0.0032374785911272533,0.015475268156085444,-0.0032374785911274302,-0.01547526815608578
PC14,>,0.01,-1.8263286830819128,,-0.359703156342381,-0.18305364986455494,-0.05297715071792045,-0.06583250788084337,0.02206151158386227,0.023028023357127142,-0.4934874774419537,-0.17702048395301126,-0.6094555361190429,-0.08788887458688069,0.10875373179962886,-0.29541839226311206,0.008022138817595986,-0.013162088858703607,0.006123425188356431,0.007545742573391107,-0.002240562748364202,0.007888983492884378,-0.004728559300346434,-0.02181187980443345,-0.031677690915688235,0.02046684417161289,-0.007471184186060317,-0.0032374785911272533,-0.015475268156085444,0.0032374785911274302,0.01547526815608578
PC7,>,0.09,3.0638794685639272,,-0.17639820821588562,0.2559894426074373,0.17056075853838565,-0.537956907245937,0.007123277528966347,-0.002994939629972478,0.0210127848209458,-0.0620818728502759,-0.046271508535383005,-0.02597623727998586,-0.0092386743486449,0.02359844772425646,0.047673620577130156,-0.016806130686097615,-0.009511427292547617,-0.013355961198823634,0.005639226439020885,0.09557216364801502,0.11402289231726588,-0.12884715518764212,0.02671717368242039,-0.013425284572106278,0.003368582391247338,0.0006577617969465016,-0.11047235475101738,-0.0006577617969464218,0.11047235475101738
PC10,<=,0.51,-0.9142648623038558,,0.042182185912241106,0.09128650047463327,-0.12148451545602953,-0.3696419544020941,0.03638332395319099,0.02037670869367812,-0.026922416496533885,0.02582468348483695,0.1611631579679636,0.06416708225952138,-0.039008202548279816,-0.17112502059137513,-0.01418476633574524,0.017541602437559634,-0.006089827421569299,-0.009179046168934283,-0.021110423641996397,-0.005377761983003109,0.00333059728093464,0.025991168312910477,0.007409037276771147,-0.004098966543340269,0.18526852781862402,-0.16033248888110346,0.036724506289962475,0.16033248888110468,-0.036724506289962516
PC10,>,0.51,0.9142648623038558,,-0.042182185912241106,-0.09128650047463327,0.12148451545602953,0.3696419544020941,-0.03638332395319099,-0.02037670869367812,0.026922416496533885,-0.02582468348483695,-0.1611631579679636,-0.06416708225952138,0.039008202548279816,0.17112502059137513,0.01418476633574524,-0.017541602437559634,0.006089827421569299,0.009179046168934283,0.021110423641996397,0.005377761983003109,-0.00333059728093464,-0.025991168312910477,-0.007409037276771147,0.004098966543340269,-0.18526852781862402,0.16033248888110346,-0.036724506289962475,-0.16033248888110468,0.036724506289962516
PC8,<=,-0.29,-1.4521673556028345,,-0.03163312347943909,0.07847315160741355,-0.132792550136905,0.45733583152308205,0.006476756409069445,0.009109012647617001,-0.10872981241715945,0.025356494241185086,0.08723124953108702,0.049384094325171005,0.00985060715585546,0.18304556701096805,0.047419479762862274,-0.017269694505800303,-0.01813159317612314,-0.027542658665524036,0.002825997862350895,0.12829874106673603,0.15347257318089563,-0.1731739799446561,0.007356935980280331,0.007224752216507015,0.016676736544676225,-0.013138898988729173,-0.10497308991898495,0.013138898988729247,0.10497308991898498
PC8,>,-0.29,1.4521673556028345,,0.03163312347943909,-0.07847315160741355,0.132792550136905,-0.45733583152308205,-0.006476756409069445,-0.009109012647617001,0.10872981241715945,-0.025356494241185086,-0.08723124953108702,-0.049384094325171005,-0.00985060715585546,-0.18304556701096805,-0.047419479762862274,0.017269694505800303,0.01813159317612314,0.027542658665524036,-0.002825997862350895,-0.12829874106673603,-0.15347257318089563,0.1731739799446561,-0.007356935980280331,-0.007224752216507015,-0.016676736544676225,0.013138898988729173,0.10497308991898495,-0.013138898988729247,-0.10497308991898498
PC14,>,0.3,-2.1163286830819126,,-0.359703156342381,-0.18305364986455494,-0.05297715071792045,-0.06583250788084337,0.02206151158386227,0.023028023357127142,-0.4934874774419537,-0.17702048395301126,-0.6094555361190429,-0.08788887458688069,0.10875373179962886,-0.29541839226311206,0.008022138817595986,-0.013162088858703607,0.006123425188356431,0.007545742573391107,-0.002240562748364202,0.007888983492884378,-0.004728559300346434,-0.02181187980443345,-0.031677690915688235,0.02046684417161289,-0.007471184186060317,-0.0032374785911272533,-0.015475268156085444,0.0032374785911274302,0.01547526815608578
PC7,>,0.31,2.843879468563927,,-0.17639820821588562,0.2559894426074373,0.17056075853838565,-0.537956907245937,0.007123277528966347,-0.002994939629972478,0.0210127848209458,-0.0620818728502759,-0.046271508535383005,-0.02597623727998586,-0.0092386743486449,0.02359844772425646,0.047673620577130156,-0.016806130686097615,-0.009511427292547617,-0.013355961198823634,0.005639226439020885,0.09557216364801502,0.11402289231726588,-0.12884715518764212,0.02671717368242039,-0.013425284572106278,0.003368582391247338,0.0006577617969465016,-0.11047235475101738,-0.0006577617969464218,0.11047235475101738
PC6,<=,0.49,2.1466115300652397,,-0.17160397713998604,0.45411079986477865,0.08592229753999932,0.32972954545698996,0.04707062800217439,0.035130788430263765,-0.0026098724139917836,0.5891440246070928,-0.2501119645195533,-0.02259815410257923,-0.1858173191655656,-0.034098144217661795,-0.00027052320784757763,-0.0047085811298387984,-0.0036925346229965393,-0.006599887988651052,-0.012307612625556907,-0.02081348257302698,-0.02423673951559562,0.03363364243287122,-0.010904444162150227,0.0048493050907221415,0.03517463625459312,-0.0618980274108161,0.07514977494026272,0.061898027410816195,-0.07514977494026283
PC5,<=,0.83,3.768613589890764,,0.1197741564652044,-0.2994853676214497,0.15142492498887825,0.3054714800510228,0.08994818409008835,0.0563017599570136,0.0002879237391063827,-0.30913864044154116,0.1217253251868806,0.02654953930918732,0.30026273607919196,-0.0008865899343437443,-0.004164261158427012,0.001468257836624137,-0.0006300235046170153,0.0007192181612614524,-0.02199074638483807,0.013471413287098211,0.017135876489135955,-0.018374654511224785,0.005734935771955802,-0.0020752034498410067,0.05267488458269428,-0.05951078457146622,0.16266080432549157,0.059510784571466344,-0.16266080432549163
PC8,<=,0.76,-0.40216735560283445,,-0.03163312347943909,0.07847315160741355,-0.132792550136905,0.45733583152308205,0.006476756409069445,0.009109012647617001,-0.10872981241715945,0.025356494241185086,0.08723124953108702,0.049384094325171005,0.00985060715585546,0.18304556701096805,0.047419479762862274,-0.017269694505800303,-0.01813159317612314,-0.027542658665524036,0.002825997862350895,0.12829874106673603,0.15347257318089563,-0.1731739799446561,0.007356935980280331,0.007224752216507015,0.016676736544676225,-0.013138898988729173,-0.10497308991898495,0.013138898988729247,0.10497308991898498
PC7,<=,0.72,-2.4338794685639273,,0.17639820821588562,-0.2559894426074373,-0.17056075853838565,0.537956907245937,-0.007123277528966347,0.002994939629972478,-0.0210127848209458,0.0620818728502759,0.046271508535383005,0.02597623727998586,0.0092386743486449,-0.02359844772425646,-0.047673620577130156,0.016806130686097615,0.009511427292547617,0.013355961198823634,-0.005639226439020885,-0.09557216364801502,-0.11402289231726588,0.12884715518764212,-0.02671717368242039,0.013425284572106278,-0.003368582391247338,-0.0006577617969465016,0.11047235475101738,0.0006577617969464218,-0.11047235475101738
PC10,<=,0.57,-0.8542648623038559,,0.042182185912241106,0.09128650047463327,-0.12148451545602953,-0.3696419544020941,0.03638332395319099,0.02037670869367812,-0.026922416496533885,0.02582468348483695,0.1611631579679636,0.06416708225952138,-0.039008202548279816,-0.17112502059137513,-0.01418476633574524,0.017541602437559634,-0.006089827421569299,-0.009179046168934283,-0.021110423641996397,-0.005377761983003109,0.00333059728093464,0.025991168312910477,0.007409037276771147,-0.004098966543340269,0.18526852781862402,-0.16033248888110346,0.036724506289962475,0.16033248888110468,-0.036724506289962516
PC13,<=,0.45,0.6484067131176363,,0.8077397541574136,0.36729505145547475,-0.015220701399237662,-0.08889446092665945,0.013462139992040885,0.03302265695450802,-0.17039905843268782,-0.1251986173076776,-0.2782947224001668,-0.012101615908086703,0.0510444981619807,-0.018790063748346898,0.010033222087398944,-0.00609593857644667,0.0004891887683065714,0.002517785190295386,-0.02751435167601446,0.0015564041391926049,-0.00019129315188809215,-0.02398936715242111,-0.029881456455524785,0.021993873930206936,-0.028717424914109883,0.027435729879402352,-0.02913911026006381,-0.02743572987940288,0.02913911026006386
PC18,<=,-0.32,0.4904572888207544,,-0.00833455408520542,-0.0032828220689652436,-0.0033851566556977243,0.027370213472645514,-0.0064387738452382996,-0.001747242930018762,-0.014127680785916601,-0.02596428156283996,0.008361288057699508,-0.03724895358965486,-0.011512231564188069,-0.005685753025743677,0.10008618160439488,-0.1673738620542364,0.043122470678435304,0.10043124713694168,-0.21887692201054376,0.010901134363850658,0.11370948300269182,0.24499710350753523,0.0014131952420223589,-0.029602085371607155,-0.00460709484523072,-0.02237978445393676,-0.02481910904777893,0.022379784453936877,0.024819109047778617
PC4,<=,0.11,-0.5953161439718136,,-0.28978622661946135,0.5913945132099803,-0.026322546239894388,0.08216031111474209,-0.019436261869364476,-0.006729293455691278,-0.010277538311191336,-0.2918964939306462,0.13561479909179755,0.029682998024631882,0.6152320247117676,0.10027412428745393,-0.008308637668497307,0.012080263122022842,-5.11033057257247e-05,-0.0030409576643576873,0.0010562644679224756,-0.036874692314804246,-0.04115339810775548,0.05506930386662068,-0.015488623727914399,0.01124664265952075,0.0004271829496015119,0.010081036198464177,0.00518279452325095,-0.01008103619846415,-0.0051827945232509574
PC11,<=,0.05,-0.04507401368787341,,-0.04216194712669064,-0.02046346996332135,-0.039975664506474176,0.028168556644434708,-0.00019073423422492222,0.0030161075500532365,0.6759294516318619,-0.23080452056928352,-0.5136530220331453,-0.300238778498931,-0.0278773223948047,0.27883654577870987,-0.009940140867786256,-7.619933719216383e-05,0.006336026498480044,0.010508732383883966,0.0005693299339521459,0.0038283706038281596,0.009477078009210271,-0.008511816200727844,-0.004454745048374034,0.010021877984529817,0.04416094205655276,-0.037451270090405796,0.014020949380246712,0.037451270090406046,-0.014020949380246698
PC11,>,0.05,0.04507401368787341,,0.04216194712669064,0.02046346996332135,0.039975664506474176,-0.028168556644434708,0.00019073423422492222,-0.0030161075500532365,-0.6759294516318619,0.23080452056928352,0.5136530220331453,0.300238778498931,0.0278773223948047,-0.27883654577870987,0.009940140867786256,7.619933719216383e-05,-0.006336026498480044,-0.010508732383883966,-0.0005693299339521459,-0.0038283706038281596,-0.009477078009210271,0.008511816200727844,0.004454745048374034,-0.010021877984529817,-0.04416094205655276,0.037451270090405796,-0.014020949380246712,-0.037451270090406046,0.014020949380246698
PC9,<=,-0.06,-0.16188690403809564,,-0.012242421854949847,-0.13435308008718316,0.006762301401649057,-0.1831311634074558,0.00867319596480869,-1.2106271153730393e-05,-0.3752573271134836,0.14077850982742995,-0.07999483475143246,0.03863730021252035,0.04650172597866925,0.8586260846876271,-0.011304229579425626,0.004287776803644398,0.012230096655224888,0.018618652505416455,0.004005524127442554,-0.02003875088298927,-0.02298113798117724,0.03451996851229963,-0.009268448196939708,0.010174398917057039,0.02568723466361713,-0.027751065204807433,0.03938692732920419,0.027751065204807548,-0.039386927329204124
PC9,>,-0.06,0.16188690403809564,,0.012242421854949847,0.13435308008718316,-0.006762301401649057,0.1831311634074558,-0.00867319596480869,1.2106271153730393e-05,0.3752573271134836,-0.14077850982742995,0.07999483475143246,-0.03863730021252035,-0.04650172597866925,-0.8586260846876271,0.011304229579425626,-0.004287776803644398,-0.012230096655224888,-0.018618652505416455,-0.004005524127442554,0.02003875088298927,0.02298113798117724,-0.03451996851229963,0.009268448196939708,-0.010174398917057039,-0.02568723466361713,0.027751065204807433,-0.03938692732920419,-0.027751065204807548,0.039386927329204124
PC4,>,0.11,0.5953161439718136,,0.28978622661946135,-0.5913945132099803,0.026322546239894388,-0.08216031111474209,0.019436261869364476,0.006729293455691278,0.010277538311191336,0.2918964939306462,-0.13561479909179755,-0.029682998024631882,-0.6152320247117676,-0.10027412428745393,0.008308637668497307,-0.012080263122022842,5.11033057257247e-05,0.0030409576643576873,-0.0010562644679224756,0.036874692314804246,0.04115339810775548,-0.05506930386662068,0.015488623727914399,-0.01124664265952075,-0.0004271829496015119,-0.010081036198464177,-0.00518279452325095,0.01008103619846415,0.0051827945232509574
PC18,>,-0.32,-0.4904572888207544,,0.00833455408520542,0.0032828220689652436,0.0033851566556977243,-0.027370213472645514,0.0064387738452382996,0.001747242930018762,0.014127680785916601,0.02596428156283996,-0.008361288057699508,0.03724895358965486,0.011512231564188069,0.005685753025743677,-0.10008618160439488,0.1673738620542364,-0.043122470678435304,-0.10043124713694168,0.21887692201054376,-0.010901134363850658,-0.11370948300269182,-0.24499710350753523,-0.0014131952420223589,0.029602085371607155,0.00460709484523072,0.02237978445393676,0.02481910904777893,-0.022379784453936877,-0.024819109047778617
PC7,<=,0.34,-2.8138794685639272,,0.17639820821588562,-0.2559894426074373,-0.17056075853838565,0.537956907245937,-0.007123277528966347,0.002994939629972478,-0.0210127848209458,0.0620818728502759,0.046271508535383005,0.02597623727998586,0.0092386743486449,-0.02359844772425646,-0.047673620577130156,0.016806130686097615,0.009511427292547617,0.013355961198823634,-0.005639226439020885,-0.09557216364801502,-0.11402289231726588,0.12884715518764212,-0.02671717368242039,0.013425284572106278,-0.003368582391247338,-0.0006577617969465016,0.11047235475101738,0.0006577617969464218,-0.11047235475101738
PC18,<=,0.54,1.3504572888207544,,-0.00833455408520542,-0.0032828220689652436,-0.0033851566556977243,0.027370213472645514,-0.0064387738452382996,-0.001747242930018762,-0.014127680785916601,-0.02596428156283996,0.008361288057699508,-0.03724895358965486,-0.011512231564188069,-0.005685753025743677,0.10008618160439488,-0.1673738620542364,0.043122470678435304,0.10043124713694168,-0.21887692201054376,0.010901134363850658,0.11370948300269182,0.24499710350753523,0.0014131952420223589,-0.029602085371607155,-0.00460709484523072,-0.02237978445393676,-0.02481910904777893,0.022379784453936877,0.024819109047778617
PC10,<=,0.43,-0.9942648623038559,,0.042182185912241106,0.09128650047463327,-0.12148451545602953,-0.3696419544020941,0.03638332395319099,0.02037670869367812,-0.026922416496533885,0.02582468348483695,0.1611631579679636,0.06416708225952138,-0.039008202548279816,-0.17112502059137513,-0.01418476633574524,0.017541602437559634,-0.006089827421569299,-0.009179046168934283,-0.021110423641996397,-0.005377761983003109,0.00333059728093464,0.025991168312910477,0.007409037276771147,-0.004098966543340269,0.18526852781862402,-0.16033248888110346,0.036724506289962475,0.16033248888110468,-0.036724506289962516
PC10,>,0.43,0.9942648623038559,,-0.042182185912241106,-0.09128650047463327,0.12148451545602953,0.3696419544020941,-0.03638332395319099,-0.02037670869367812,0.026922416496533885,-0.02582468348483695,-0.1611631579679636,-0.06416708225952138,0.039008202548279816,0.17112502059137513,0.01418476633574524,-0.017541602437559634,0.006089827421569299,0.009179046168934283,0.021110423641996397,0.005377761983003109,-0.00333059728093464,-0.025991168312910477,-0.007409037276771147,0.004098966543340269,-0.18526852781862402,0.16033248888110346,-0.036724506289962475,-0.16033248888110468,0.036724506289962516
PC18,>,0.54,-1.3504572888207544,,0.00833455408520542,0.0032828220689652436,0.0033851566556977243,-0.027370213472645514,0.0064387738452382996,0.001747242930018762,0.014127680785916601,0.02596428156283996,-0.008361288057699508,0.03724895358965486,0.011512231564188069,0.005685753025743677,-0.10008618160439488,0.1673738620542364,-0.043122470678435304,-0.10043124713694168,0.21887692201054376,-0.010901134363850658,-0.11370948300269182,-0.24499710350753523,-0.0014131952420223589,0.029602085371607155,0.00460709484523072,0.02237978445393676,0.02481910904777893,-0.022379784453936877,-0.024819109047778617
PC7,>,0.34,2.8138794685639272,,-0.17639820821588562,0.2559894426074373,0.17056075853838565,-0.537956907245937,0.007123277528966347,-0.002994939629972478,0.0210127848209458,-0.0620818728502759,-0.046271508535383005,-0.02597623727998586,-0.0092386743486449,0.02359844772425646,0.047673620577130156,-0.016806130686097615,-0.009511427292547617,-0.013355961198823634,0.005639226439020885,0.09557216364801502,0.11402289231726588,-0.12884715518764212,0.02671717368242039,-0.013425284572106278,0.003368582391247338,0.0006577617969465016,-0.11047235475101738,-0.0006577617969464218,0.11047235475101738
PC10,<=,0.11,-1.3142648623038558,,0.042182185912241106,0.09128650047463327,-0.12148451545602953,-0.3696419544020941,0.03638332395319099,0.02037670869367812,-0.026922416496533885,0.02582468348483695,0.1611631579679636,0.06416708225952138,-0.039008202548279816,-0.17112502059137513,-0.01418476633574524,0.017541602437559634,-0.006089827421569299,-0.009179046168934283,-0.021110423641996397,-0.005377761983003109,0.00333059728093464,0.025991168312910477,0.007409037276771147,-0.004098966543340269,0.18526852781862402,-0.16033248888110346,0.036724506289962475,0.16033248888110468,-0.036724506289962516
PC3,<=,-0.9,-1.2174359922690396,,-0.06587047553251678,0.15765416854614964,-0.03124509963005727,-0.0713682068734049,-0.018332852847040056,-0.00649305932277601,-0.05890756208007817,-0.1849606396849257,0.03644699957696403,0.0056453879881755865,-0.2575471231156557,0.01849079697572988,0.020662766331637585,-0.0027342427107043847,-0.00382833828577419,-0.004767275607101944,0.0016426418981162197,0.027984682798155573,0.03491071241189576,-0.03119742190519823,-0.0005921587941730404,0.005604810672598563,-0.044689496253679614,-0.10015528776601273,0.6173729608108393,0.10015528776601265,-0.6173729608108391
PC3,>,-0.9,1.2174359922690396,,0.06587047553251678,-0.15765416854614964,0.03124509963005727,0.0713682068734049,0.018332852847040056,0.00649305932277601,0.05890756208007817,0.1849606396849257,-0.03644699957696403,-0.0056453879881755865,0.2575471231156557,-0.01849079697572988,-0.020662766331637585,0.0027342427107043847,0.00382833828577419,0.004767275607101944,-0.0016426418981162197,-0.027984682798155573,-0.03491071241189576,0.03119742190519823,0.0005921587941730404,-0.005604810672598563,0.044689496253679614,0.10015528776601273,-0.6173729608108393,-0.10015528776601265,0.6173729608108391
PC10,>,0.11,1.3142648623038558,,-0.042182185912241106,-0.09128650047463327,0.12148451545602953,0.3696419544020941,-0.03638332395319099,-0.02037670869367812,0.026922416496533885,-0.02582468348483695,-0.1611631579679636,-0.06416708225952138,0.039008202548279816,0.17112502059137513,0.01418476633574524,-0.017541602437559634,0.006089827421569299,0.009179046168934283,0.021110423641996397,0.005377761983003109,-0.00333059728093464,-0.025991168312910477,-0.007409037276771147,0.004098966543340269,-0.18526852781862402,0.16033248888110346,-0.036724506289962475,-0.16033248888110468,0.036724506289962516
PC11,<=,0.08,-0.015074013687873408,,-0.04216194712669064,-0.02046346996332135,-0.039975664506474176,0.028168556644434708,-0.00019073423422492222,0.0030161075500532365,0.6759294516318619,-0.23080452056928352,-0.5136530220331453,-0.300238778498931,-0.0278773223948047,0.27883654577870987,-0.009940140867786256,-7.619933719216383e-05,0.006336026498480044,0.010508732383883966,0.0005693299339521459,0.0038283706038281596,0.009477078009210271,-0.008511816200727844,-0.004454745048374034,0.010021877984529817,0.04416094205655276,-0.037451270090405796,0.014020949380246712,0.037451270090406046,-0.014020949380246698
PC11,>,0.08,0.015074013687873408,,0.04216194712669064,0.02046346996332135,0.039975664506474176,-0.028168556644434708,0.00019073423422492222,-0.0030161075500532365,-0.6759294516318619,0.23080452056928352,0.5136530220331453,0.300238778498931,0.0278773223948047,-0.27883654577870987,0.009940140867786256,7.619933719216383e-05,-0.006336026498480044,-0.010508732383883966,-0.0005693299339521459,-0.0038283706038281596,-0.009477078009210271,0.008511816200727844,0.004454745048374034,-0.010021877984529817,-0.04416094205655276,0.037451270090405796,-0.014020949380246712,-0.037451270090406046,0.014020949380246698
PC13,>,0.45,-0.6484067131176363,,-0.8077397541574136,-0.36729505145547475,0.015220701399237662,0.08889446092665945,-0.013462139992040885,-0.03302265695450802,0.17039905843268782,0.1251986173076776,0.2782947224001668,0.012101615908086703,-0.0510444981619807,0.018790063748346898,-0.010033222087398944,0.00609593857644667,-0.0004891887683065714,-0.002517785190295386,0.02751435167601446,-0.0015564041391926049,0.00019129315188809215,0.02398936715242111,0.029881456455524785,-0.021993873930206936,0.028717424914109883,-0.027435729879402352,0.02913911026006381,0.02743572987940288,-0.02913911026006386
PC10,>,0.57,0.8542648623038559,,-0.042182185912241106,-0.09128650047463327,0.12148451545602953,0.3696419544020941,-0.03638332395319099,-0.02037670869367812,0.026922416496533885,-0.02582468348483695,-0.1611631579679636,-0.06416708225952138,0.039008202548279816,0.17112502059137513,0.01418476633574524,-0.017541602437559634,0.006089827421569299,0.009179046168934283,0.021110423641996397,0.005377761983003109,-0.00333059728093464,-0.025991168312910477,-0.007409037276771147,0.004098966543340269,-0.18526852781862402,0.16033248888110346,-0.036724506289962475,-0.16033248888110468,0.036724506289962516
PC3,<=,0.04,-0.27743599226903964,,-0.06587047553251678,0.15765416854614964,-0.03124509963005727,-0.0713682068734049,-0.018332852847040056,-0.00649305932277601,-0.05890756208007817,-0.1849606396849257,0.03644699957696403,0.0056453879881755865,-0.2575471231156557,0.01849079697572988,0.020662766331637585,-0.0027342427107043847,-0.00382833828577419,-0.004767275607101944,0.0016426418981162197,0.027984682798155573,0.03491071241189576,-0.03119742190519823,-0.0005921587941730404,0.005604810672598563,-0.044689496253679614,-0.10015528776601273,0.6173729608108393,0.10015528776601265,-0.6173729608108391
PC6,<=,-0.04,1.6166115300652395,,-0.17160397713998604,0.45411079986477865,0.08592229753999932,0.32972954545698996,0.04707062800217439,0.035130788430263765,-0.0026098724139917836,0.5891440246070928,-0.2501119645195533,-0.02259815410257923,-0.1858173191655656,-0.034098144217661795,-0.00027052320784757763,-0.0047085811298387984,-0.0036925346229965393,-0.006599887988651052,-0.012307612625556907,-0.02081348257302698,-0.02423673951559562,0.03363364243287122,-0.010904444162150227,0.0048493050907221415,0.03517463625459312,-0.0618980274108161,0.07514977494026272,0.061898027410816195,-0.07514977494026283
PC5,<=,0.55,3.4886135898907638,,0.1197741564652044,-0.2994853676214497,0.15142492498887825,0.3054714800510228,0.08994818409008835,0.0563017599570136,0.0002879237391063827,-0.30913864044154116,0.1217253251868806,0.02654953930918732,0.30026273607919196,-0.0008865899343437443,-0.004164261158427012,0.001468257836624137,-0.0006300235046170153,0.0007192181612614524,-0.02199074638483807,0.013471413287098211,0.017135876489135955,-0.018374654511224785,0.005734935771955802,-0.0020752034498410067,0.05267488458269428,-0.05951078457146622,0.16266080432549157,0.059510784571466344,-0.16266080432549163
PC5,>,0.55,-3.4886135898907638,,-0.1197741564652044,0.2994853676214497,-0.15142492498887825,-0.3054714800510228,-0.08994818409008835,-0.0563017599570136,-0.0002879237391063827,0.30913864044154116,-0.1217253251868806,-0.02654953930918732,-0.30026273607919196,0.0008865899343437443,0.004164261158427012,-0.001468257836624137,0.0006300235046170153,-0.0007192181612614524,0.02199074638483807,-0.013471413287098211,-0.017135876489135955,0.018374654511224785,-0.005734935771955802,0.0020752034498410067,-0.05267488458269428,0.05951078457146622,-0.16266080432549157,-0.059510784571466344,0.16266080432549163
PC6,>,-0.04,-1.6166115300652395,,0.17160397713998604,-0.45411079986477865,-0.08592229753999932,-0.32972954545698996,-0.04707062800217439,-0.035130788430263765,0.0026098724139917836,-0.5891440246070928,0.2501119645195533,0.02259815410257923,0.1858173191655656,0.034098144217661795,0.00027052320784757763,0.0047085811298387984,0.0036925346229965393,0.006599887988651052,0.012307612625556907,0.02081348257302698,0.02423673951559562,-0.03363364243287122,0.010904444162150227,-0.0048493050907221415,-0.03517463625459312,0.0618980274108161,-0.07514977494026272,-0.061898027410816195,0.07514977494026283
PC3,>,0.04,0.27743599226903964,,0.06587047553251678,-0.15765416854614964,0.03124509963005727,0.0713682068734049,0.018332852847040056,0.00649305932277601,0.05890756208007817,0.1849606396849257,-0.03644699957696403,-0.0056453879881755865,0.2575471231156557,-0.01849079697572988,-0.020662766331637585,0.0027342427107043847,0.00382833828577419,0.004767275607101944,-0.0016426418981162197,-0.027984682798155573,-0.03491071241189576,0.03119742190519823,0.0005921587941730404,-0.005604810672598563,0.044689496253679614,0.10015528776601273,-0.6173729608108393,-0.10015528776601265,0.6173729608108391
PC7,>,0.72,2.4338794685639273,,-0.17639820821588562,0.2559894426074373,0.17056075853838565,-0.537956907245937,0.007123277528966347,-0.002994939629972478,0.0210127848209458,-0.0620818728502759,-0.046271508535383005,-0.02597623727998586,-0.0092386743486449,0.02359844772425646,0.047673620577130156,-0.016806130686097615,-0.009511427292547617,-0.013355961198823634,0.005639226439020885,0.09557216364801502,0.11402289231726588,-0.12884715518764212,0.02671717368242039,-0.013425284572106278,0.003368582391247338,0.0006577617969465016,-0.11047235475101738,-0.0006577617969464218,0.11047235475101738
PC4,<=,0.09,-0.6153161439718137,,-0.28978622661946135,0.5913945132099803,-0.026322546239894388,0.08216031111474209,-0.019436261869364476,-0.006729293455691278,-0.010277538311191336,-0.2918964939306462,0.13561479909179755,0.029682998024631882,0.6152320247117676,0.10027412428745393,-0.008308637668497307,0.012080263122022842,-5.11033057257247e-05,-0.0030409576643576873,0.0010562644679224756,-0.036874692314804246,-0.04115339810775548,0.05506930386662068,-0.015488623727914399,0.01124664265952075,0.0004271829496015119,0.010081036198464177,0.00518279452325095,-0.01008103619846415,-0.0051827945232509574
PC6,<=,0.23,1.8866115300652395,,-0.17160397713998604,0.45411079986477865,0.08592229753999932,0.32972954545698996,0.04707062800217439,0.035130788430263765,-0.0026098724139917836,0.5891440246070928,-0.2501119645195533,-0.02259815410257923,-0.1858173191655656,-0.034098144217661795,-0.00027052320784757763,-0.0047085811298387984,-0.0036925346229965393,-0.006599887988651052,-0.012307612625556907,-0.02081348257302698,-0.02423673951559562,0.03363364243287122,-0.010904444162150227,0.0048493050907221415,0.03517463625459312,-0.0618980274108161,0.07514977494026272,0.061898027410816195,-0.07514977494026283
PC3,<=,0.43,0.11256400773096037,,-0.06587047553251678,0.15765416854614964,-0.03124509963005727,-0.0713682068734049,-0.018332852847040056,-0.00649305932277601,-0.05890756208007817,-0.1849606396849257,0.03644699957696403,0.0056453879881755865,-0.2575471231156557,0.01849079697572988,0.020662766331637585,-0.0027342427107043847,-0.00382833828577419,-0.004767275607101944,0.0016426418981162197,0.027984682798155573,0.03491071241189576,-0.03119742190519823,-0.0005921587941730404,0.005604810672598563,-0.044689496253679614,-0.10015528776601273,0.6173729608108393,0.10015528776601265,-0.6173729608108391
PC18,<=,-0.41,0.40045728882075443,,-0.00833455408520542,-0.0032828220689652436,-0.0033851566556977243,0.027370213472645514,-0.0064387738452382996,-0.001747242930018762,-0.014127680785916601,-0.02596428156283996,0.008361288057699508,-0.03724895358965486,-0.011512231564188069,-0.005685753025743677,0.10008618160439488,-0.1673738620542364,0.043122470678435304,0.10043124713694168,-0.21887692201054376,0.010901134363850658,0.11370948300269182,0.24499710350753523,0.0014131952420223589,-0.029602085371607155,-0.00460709484523072,-0.02237978445393676,-0.02481910904777893,0.022379784453936877,0.024819109047778617
PC18,>,-0.41,-0.40045728882075443,,0.00833455408520542,0.0032828220689652436,0.0033851566556977243,-0.027370213472645514,0.0064387738452382996,0.001747242930018762,0.014127680785916601,0.02596428156283996,-0.008361288057699508,0.03724895358965486,0.011512231564188069,0.005685753025743677,-0.10008618160439488,0.1673738620542364,-0.043122470678435304,-0.10043124713694168,0.21887692201054376,-0.010901134363850658,-0.11370948300269182,-0.24499710350753523,-0.0014131952420223589,0.029602085371607155,0.00460709484523072,0.02237978445393676,0.02481910904777893,-0.022379784453936877,-0.024819109047778617
PC3,>,0.43,-0.11256400773096037,,0.06587047553251678,-0.15765416854614964,0.03124509963005727,0.0713682068734049,0.018332852847040056,0.00649305932277601,0.05890756208007817,0.1849606396849257,-0.03644699957696403,-0.0056453879881755865,0.2575471231156557,-0.01849079697572988,-0.020662766331637585,0.0027342427107043847,0.00382833828577419,0.004767275607101944,-0.0016426418981162197,-0.027984682798155573,-0.03491071241189576,0.03119742190519823,0.0005921587941730404,-0.005604810672598563,0.044689496253679614,0.10015528776601273,-0.6173729608108393,-0.10015528776601265,0.6173729608108391
PC6,>,0.23,-1.8866115300652395,,0.17160397713998604,-0.45411079986477865,-0.08592229753999932,-0.32972954545698996,-0.04707062800217439,-0.035130788430263765,0.0026098724139917836,-0.5891440246070928,0.2501119645195533,0.02259815410257923,0.1858173191655656,0.034098144217661795,0.00027052320784757763,0.0047085811298387984,0.0036925346229965393,0.006599887988651052,0.012307612625556907,0.02081348257302698,0.02423673951559562,-0.03363364243287122,0.010904444162150227,-0.0048493050907221415,-0.03517463625459312,0.0618980274108161,-0.07514977494026272,-0.061898027410816195,0.07514977494026283
PC6,<=,0.39,2.0466115300652397,,-0.17160397713998604,0.45411079986477865,0.08592229753999932,0.32972954545698996,0.04707062800217439,0.035130788430263765,-0.0026098724139917836,0.5891440246070928,-0.2501119645195533,-0.02259815410257923,-0.1858173191655656,-0.034098144217661795,-0.00027052320784757763,-0.0047085811298387984,-0.0036925346229965393,-0.006599887988651052,-0.012307612625556907,-0.02081348257302698,-0.02423673951559562,0.03363364243287122,-0.010904444162150227,0.0048493050907221415,0.03517463625459312,-0.0618980274108161,0.07514977494026272,0.061898027410816195,-0.07514977494026283
PC6,>,0.39,-2.0466115300652397,,0.17160397713998604,-0.45411079986477865,-0.08592229753999932,-0.32972954545698996,-0.04707062800217439,-0.035130788430263765,0.0026098724139917836,-0.5891440246070928,0.2501119645195533,0.02259815410257923,0.1858173191655656,0.034098144217661795,0.00027052320784757763,0.0047085811298387984,0.0036925346229965393,0.006599887988651052,0.012307612625556907,0.02081348257302698,0.02423673951559562,-0.03363364243287122,0.010904444162150227,-0.0048493050907221415,-0.03517463625459312,0.0618980274108161,-0.07514977494026272,-0.061898027410816195,0.07514977494026283
PC4,>,0.09,0.6153161439718137,,0.28978622661946135,-0.5913945132099803,0.026322546239894388,-0.08216031111474209,0.019436261869364476,0.006729293455691278,0.010277538311191336,0.2918964939306462,-0.13561479909179755,-0.029682998024631882,-0.6152320247117676,-0.10027412428745393,0.008308637668497307,-0.012080263122022842,5.11033057257247e-05,0.0030409576643576873,-0.0010562644679224756,0.036874692314804246,0.04115339810775548,-0.05506930386662068,0.015488623727914399,-0.01124664265952075,-0.0004271829496015119,-0.010081036198464177,-0.00518279452325095,0.01008103619846415,0.0051827945232509574
PC1,<=,0.9,1.124056037153239,,-0.022004774710120467,0.019722734923716262,0.0026015926792960485,0.004917404767242937,-0.004218467750483591,0.0034279698835947415,-0.013533727613509699,-0.006460816620266067,-0.0049667231073443965,0.006222139492590208,-0.05519520840981278,0.0014659458403357248,0.019682653322788308,-0.006648285912589944,0.0007537666472359013,0.0009174956568490205,-0.014012316511875528,0.004109259285791897,0.005598181868928145,-0.0028340940354142823,-0.012460135592246534,0.005481741756557169,0.07113350258110286,0.661205852464106,0.1255395235219408,-0.661205852464106,-0.12553952352194084
PC14,<=,-0.17,1.6463286830819128,,0.359703156342381,0.18305364986455494,0.05297715071792045,0.06583250788084337,-0.02206151158386227,-0.023028023357127142,0.4934874774419537,0.17702048395301126,0.6094555361190429,0.08788887458688069,-0.10875373179962886,0.29541839226311206,-0.008022138817595986,0.013162088858703607,-0.006123425188356431,-0.007545742573391107,0.002240562748364202,-0.007888983492884378,0.004728559300346434,0.02181187980443345,0.031677690915688235,-0.02046684417161289,0.007471184186060317,0.0032374785911272533,0.015475268156085444,-0.0032374785911274302,-0.01547526815608578
PC14,<=,-0.36,1.4563286830819129,,0.359703156342381,0.18305364986455494,0.05297715071792045,0.06583250788084337,-0.02206151158386227,-0.023028023357127142,0.4934874774419537,0.17702048395301126,0.6094555361190429,0.08788887458688069,-0.10875373179962886,0.29541839226311206,-0.008022138817595986,0.013162088858703607,-0.006123425188356431,-0.007545742573391107,0.002240562748364202,-0.007888983492884378,0.004728559300346434,0.02181187980443345,0.031677690915688235,-0.02046684417161289,0.007471184186060317,0.0032374785911272533,0.015475268156085444,-0.0032374785911274302,-0.01547526815608578
PC16,<=,0.18,-0.3030511115466042,,0.042476241058451145,0.020219184359540433,-0.02133207921692227,0.03577967562869613,0.002693216180029564,0.009945150669549178,-0.0744113181282738,-0.06590000259574523,-0.14511288896644348,-0.016392969770283594,0.017868911597622685,0.0494984064323413,0.06568767824715613,-0.08611746494481473,-0.09432648489195984,-0.15434759038449397,0.030639214939640252,-0.026136320186058066,-0.0405671528411144,0.06039212625875393,0.14468209868183346,-0.11872079051572726,-0.003913847211915117,0.025432025437234967,0.00812190622816522,-0.025432025437234745,-0.008121906228165093
PC16,>,0.18,0.3030511115466042,,-0.042476241058451145,-0.020219184359540433,0.02133207921692227,-0.03577967562869613,-0.002693216180029564,-0.009945150669549178,0.0744113181282738,0.06590000259574523,0.14511288896644348,0.016392969770283594,-0.017868911597622685,-0.0494984064323413,-0.06568767824715613,0.08611746494481473,0.09432648489195984,0.15434759038449397,-0.030639214939640252,0.026136320186058066,0.0405671528411144,-0.06039212625875393,-0.14468209868183346,0.11872079051572726,0.003913847211915117,-0.025432025437234967,-0.00812190622816522,0.025432025437234745,0.008121906228165093
PC14,>,-0.36,-1.4563286830819129,,-0.359703156342381,-0.18305364986455494,-0.05297715071792045,-0.06583250788084337,0.02206151158386227,0.023028023357127142,-0.4934874774419537,-0.17702048395301126,-0.6094555361190429,-0.08788887458688069,0.10875373179962886,-0.29541839226311206,0.008022138817595986,-0.013162088858703607,0.006123425188356431,0.007545742573391107,-0.002240562748364202,0.007888983492884378,-0.004728559300346434,-0.02181187980443345,-0.031677690915688235,0.02046684417161289,-0.007471184186060317,-0.0032374785911272533,-0.015475268156085444,0.0032374785911274302,0.01547526815608578
PC14,>,-0.17,-1.6463286830819128,,-0.359703156342381,-0.18305364986455494,-0.05297715071792045,-0.06583250788084337,0.02206151158386227,0.023028023357127142,-0.4934874774419537,-0.17702048395301126,-0.6094555361190429,-0.08788887458688069,0.10875373179962886,-0.29541839226311206,0.008022138817595986,-0.013162088858703607,0.006123425188356431,0.007545742573391107,-0.002240562748364202,0.007888983492884378,-0.004728559300346434,-0.02181187980443345,-0.031677690915688235,0.02046684417161289,-0.007471184186060317,-0.0032374785911272533,-0.015475268156085444,0.0032374785911274302,0.01547526815608578
PC17,<=,-0.33,-0.9727107435404869,,-0.020426691623828694,-0.08380765897974957,0.019067922542741096,-0.025704894384669916,-0.014304408733685617,-0.006073962494568625,0.07028751049440549,0.007344172416118286,0.0907501466636178,0.005573588472525527,-0.012704588259905341,0.024679301102590482,0.15314871367214433,-0.20113882519686754,-0.07377197978865284,-0.11829130184248696,-0.05307663328733184,-0.030614196741091705,-0.08655420820431567,-0.08099933698918904,-0.10794850411679509,0.0704807874462058,0.018170614171308434,-0.057191959779562075,-0.011840172906259522,0.05719195977956251,0.011840172906259676
PC17,>,-0.33,0.9727107435404869,,0.020426691623828694,0.08380765897974957,-0.019067922542741096,0.025704894384669916,0.014304408733685617,0.006073962494568625,-0.07028751049440549,-0.007344172416118286,-0.0907501466636178,-0.005573588472525527,0.012704588259905341,-0.024679301102590482,-0.15314871367214433,0.20113882519686754,0.07377197978865284,0.11829130184248696,0.05307663328733184,0.030614196741091705,0.08655420820431567,0.08099933698918904,0.10794850411679509,-0.0704807874462058,-0.018170614171308434,0.057191959779562075,0.011840172906259522,-0.05719195977956251,-0.011840172906259676
PC16,<=,0.4,-0.08305111154660416,,0.042476241058451145,0.020219184359540433,-0.02133207921692227,0.03577967562869613,0.002693216180029564,0.009945150669549178,-0.0744113181282738,-0.06590000259574523,-0.14511288896644348,-0.016392969770283594,0.017868911597622685,0.0494984064323413,0.06568767824715613,-0.08611746494481473,-0.09432648489195984,-0.15434759038449397,0.030639214939640252,-0.026136320186058066,-0.0405671528411144,0.06039212625875393,0.14468209868183346,-0.11872079051572726,-0.003913847211915117,0.025432025437234967,0.00812190622816522,-0.025432025437234745,-0.008121906228165093
PC9,<=,-0.4,-0.5018869040380957,,-0.012242421854949847,-0.13435308008718316,0.006762301401649057,-0.1831311634074558,0.00867319596480869,-1.2106271153730393e-05,-0.3752573271134836,0.14077850982742995,-0.07999483475143246,0.03863730021252035,0.04650172597866925,0.8586260846876271,-0.011304229579425626,0.004287776803644398,0.012230096655224888,0.018618652505416455,0.004005524127442554,-0.02003875088298927,-0.02298113798117724,0.03451996851229963,-0.009268448196939708,0.010174398917057039,0.02568723466361713,-0.027751065204807433,0.03938692732920419,0.027751065204807548,-0.039386927329204124
PC9,>,-0.4,0.5018869040380957,,0.012242421854949847,0.13435308008718316,-0.006762301401649057,0.1831311634074558,-0.00867319596480869,1.2106271153730393e-05,0.3752573271134836,-0.14077850982742995,0.07999483475143246,-0.03863730021252035,-0.04650172597866925,-0.8586260846876271,0.011304229579425626,-0.004287776803644398,-0.012230096655224888,-0.018618652505416455,-0.004005524127442554,0.02003875088298927,0.02298113798117724,-0.03451996851229963,0.009268448196939708,-0.010174398917057039,-0.02568723466361713,0.027751065204807433,-0.03938692732920419,-0.027751065204807548,0.039386927329204124
PC16,>,0.4,0.08305111154660416,,-0.042476241058451145,-0.020219184359540433,0.02133207921692227,-0.03577967562869613,-0.002693216180029564,-0.009945150669549178,0.0744113181282738,0.06590000259574523,0.14511288896644348,0.016392969770283594,-0.017868911597622685,-0.0494984064323413,-0.06568767824715613,0.08611746494481473,0.09432648489195984,0.15434759038449397,-0.030639214939640252,0.026136320186058066,0.0405671528411144,-0.06039212625875393,-0.14468209868183346,0.11872079051572726,0.003913847211915117,-0.025432025437234967,-0.00812190622816522,0.025432025437234745,0.008121906228165093
PC1,>,0.9,-1.124056037153239,,0.022004774710120467,-0.019722734923716262,-0.0026015926792960485,-0.004917404767242937,0.004218467750483591,-0.0034279698835947415,0.013533727613509699,0.006460816620266067,0.0049667231073443965,-0.006222139492590208,0.05519520840981278,-0.0014659458403357248,-0.019682653322788308,0.006648285912589944,-0.0007537666472359013,-0.0009174956568490205,0.014012316511875528,-0.004109259285791897,-0.005598181868928145,0.0028340940354142823,0.012460135592246534,-0.005481741756557169,-0.07113350258110286,-0.661205852464106,-0.1255395235219408,0.661205852464106,0.12553952352194084
PC8,>,0.76,0.40216735560283445,,0.03163312347943909,-0.07847315160741355,0.132792550136905,-0.45733583152308205,-0.006476756409069445,-0.009109012647617001,0.10872981241715945,-0.025356494241185086,-0.08723124953108702,-0.049384094325171005,-0.00985060715585546,-0.18304556701096805,-0.047419479762862274,0.017269694505800303,0.01813159317612314,0.027542658665524036,-0.002825997862350895,-0.12829874106673603,-0.15347257318089563,0.1731739799446561,-0.007356935980280331,-0.007224752216507015,-0.016676736544676225,0.013138898988729173,0.10497308991898495,-0.013138898988729247,-0.10497308991898498
PC7,<=,0.69,-2.463879468563927,,0.17639820821588562,-0.2559894426074373,-0.17056075853838565,0.537956907245937,-0.007123277528966347,0.002994939629972478,-0.0210127848209458,0.0620818728502759,0.046271508535383005,0.02597623727998586,0.0092386743486449,-0.02359844772425646,-0.047673620577130156,0.016806130686097615,0.009511427292547617,0.013355961198823634,-0.005639226439020885,-0.09557216364801502,-0.11402289231726588,0.12884715518764212,-0.02671717368242039,0.013425284572106278,-0.003368582391247338,-0.0006577617969465016,0.11047235475101738,0.0006577617969464218,-0.11047235475101738
PC7,>,0.69,2.463879468563927,,-0.17639820821588562,0.2559894426074373,0.17056075853838565,-0.537956907245937,0.007123277528966347,-0.002994939629972478,0.0210127848209458,-0.0620818728502759,-0.046271508535383005,-0.02597623727998586,-0.0092386743486449,0.02359844772425646,0.047673620577130156,-0.016806130686097615,-0.009511427292547617,-0.013355961198823634,0.005639226439020885,0.09557216364801502,0.11402289231726588,-0.12884715518764212,0.02671717368242039,-0.013425284572106278,0.003368582391247338,0.0006577617969465016,-0.11047235475101738,-0.0006577617969464218,0.11047235475101738
PC5,>,0.83,-3.768613589890764,,-0.1197741564652044,0.2994853676214497,-0.15142492498887825,-0.3054714800510228,-0.08994818409008835,-0.0563017599570136,-0.0002879237391063827,0.30913864044154116,-0.1217253251868806,-0.02654953930918732,-0.30026273607919196,0.0008865899343437443,0.004164261158427012,-0.001468257836624137,0.0006300235046170153,-0.0007192181612614524,0.02199074638483807,-0.013471413287098211,-0.017135876489135955,0.018374654511224785,-0.005734935771955802,0.0020752034498410067,-0.05267488458269428,0.05951078457146622,-0.16266080432549157,-0.059510784571466344,0.16266080432549163
PC9,<=,-0.16,-0.26188690403809567,,-0.012242421854949847,-0.13435308008718316,0.006762301401649057,-0.1831311634074558,0.00867319596480869,-1.2106271153730393e-05,-0.3752573271134836,0.14077850982742995,-0.07999483475143246,0.03863730021252035,0.04650172597866925,0.8586260846876271,-0.011304229579425626,0.004287776803644398,0.012230096655224888,0.018618652505416455,0.004005524127442554,-0.02003875088298927,-0.02298113798117724,0.03451996851229963,-0.009268448196939708,0.010174398917057039,0.02568723466361713,-0.027751065204807433,0.03938692732920419,0.027751065204807548,-0.039386927329204124
PC1,<=,-0.7,-0.47594396284676077,,-0.022004774710120467,0.019722734923716262,0.0026015926792960485,0.004917404767242937,-0.004218467750483591,0.0034279698835947415,-0.013533727613509699,-0.006460816620266067,-0.0049667231073443965,0.006222139492590208,-0.05519520840981278,0.0014659458403357248,0.019682653322788308,-0.006648285912589944,0.0007537666472359013,0.0009174956568490205,-0.014012316511875528,0.004109259285791897,0.005598181868928145,-0.0028340940354142823,-0.012460135592246534,0.005481741756557169,0.07113350258110286,0.661205852464106,0.1255395235219408,-0.661205852464106,-0.12553952352194084
PC1,>,-0.7,0.47594396284676077,,0.022004774710120467,-0.019722734923716262,-0.0026015926792960485,-0.004917404767242937,0.004218467750483591,-0.0034279698835947415,0.013533727613509699,0.006460816620266067,0.0049667231073443965,-0.006222139492590208,0.05519520840981278,-0.0014659458403357248,-0.019682653322788308,0.006648285912589944,-0.0007537666472359013,-0.0009174956568490205,0.014012316511875528,-0.004109259285791897,-0.005598181868928145,0.0028340940354142823,0.012460135592246534,-0.005481741756557169,-0.07113350258110286,-0.661205852464106,-0.1255395235219408,0.661205852464106,0.12553952352194084
PC9,>,-0.16,0.26188690403809567,,0.012242421854949847,0.13435308008718316,-0.006762301401649057,0.1831311634074558,-0.00867319596480869,1.2106271153730393e-05,0.3752573271134836,-0.14077850982742995,0.07999483475143246,-0.03863730021252035,-0.04650172597866925,-0.8586260846876271,0.011304229579425626,-0.004287776803644398,-0.012230096655224888,-0.018618652505416455,-0.004005524127442554,0.02003875088298927,0.02298113798117724,-0.03451996851229963,0.009268448196939708,-0.010174398917057039,-0.02568723466361713,0.027751065204807433,-0.03938692732920419,-0.027751065204807548,0.039386927329204124
PC5,<=,1.03,3.968613589890764,,0.1197741564652044,-0.2994853676214497,0.15142492498887825,0.3054714800510228,0.08994818409008835,0.0563017599570136,0.0002879237391063827,-0.30913864044154116,0.1217253251868806,0.02654953930918732,0.30026273607919196,-0.0008865899343437443,-0.004164261158427012,0.001468257836624137,-0.0006300235046170153,0.0007192181612614524,-0.02199074638483807,0.013471413287098211,0.017135876489135955,-0.018374654511224785,0.005734935771955802,-0.0020752034498410067,0.05267488458269428,-0.05951078457146622,0.16266080432549157,0.059510784571466344,-0.16266080432549163
PC5,>,1.03,-3.968613589890764,,-0.1197741564652044,0.2994853676214497,-0.15142492498887825,-0.3054714800510228,-0.08994818409008835,-0.0563017599570136,-0.0002879237391063827,0.30913864044154116,-0.1217253251868806,-0.02654953930918732,-0.30026273607919196,0.0008865899343437443,0.004164261158427012,-0.001468257836624137,0.0006300235046170153,-0.0007192181612614524,0.02199074638483807,-0.013471413287098211,-0.017135876489135955,0.018374654511224785,-0.005734935771955802,0.0020752034498410067,-0.05267488458269428,0.05951078457146622,-0.16266080432549157,-0.059510784571466344,0.16266080432549163
PC6,>,0.49,-2.1466115300652397,,0.17160397713998604,-0.45411079986477865,-0.08592229753999932,-0.32972954545698996,-0.04707062800217439,-0.035130788430263765,0.0026098724139917836,-0.5891440246070928,0.2501119645195533,0.02259815410257923,0.1858173191655656,0.034098144217661795,0.00027052320784757763,0.0047085811298387984,0.0036925346229965393,0.006599887988651052,0.012307612625556907,0.02081348257302698,0.02423673951559562,-0.03363364243287122,0.010904444162150227,-0.0048493050907221415,-0.03517463625459312,0.0618980274108161,-0.07514977494026272,-0.061898027410816195,0.07514977494026283
PC11,<=,0.12,0.024925986312126586,,-0.04216194712669064,-0.02046346996332135,-0.039975664506474176,0.028168556644434708,-0.00019073423422492222,0.0030161075500532365,0.6759294516318619,-0.23080452056928352,-0.5136530220331453,-0.300238778498931,-0.0278773223948047,0.27883654577870987,-0.009940140867786256,-7.619933719216383e-05,0.006336026498480044,0.010508732383883966,0.0005693299339521459,0.0038283706038281596,0.009477078009210271,-0.008511816200727844,-0.004454745048374034,0.010021877984529817,0.04416094205655276,-0.037451270090405796,0.014020949380246712,0.037451270090406046,-0.014020949380246698
PC2,<=,0.17,1.0371497617659582,,0.13042199002714122,-0.21418497504984435,-0.03184934871318016,-0.17259675982014622,-0.017070112417100273,-0.013710509393817353,0.1566612514303632,0.5461520615288856,-0.12265964763067637,-0.013151398547031018,0.6374780562796171,-0.10670223415972242,0.018166017666069522,-0.02105166303966101,-6.149320165679409e-06,0.0004629201710854798,-0.005534768253852621,0.03407096223808076,0.04020543060367045,-0.04549520254473249,0.010997761841035996,-0.008597135538309845,-0.01656941936448926,0.008369147562535442,0.2032257135724291,-0.008369147562535484,-0.2032257135724291
PC1,<=,-0.62,-0.3959439628467608,,-0.022004774710120467,0.019722734923716262,0.0026015926792960485,0.004917404767242937,-0.004218467750483591,0.0034279698835947415,-0.013533727613509699,-0.006460816620266067,-0.0049667231073443965,0.006222139492590208,-0.05519520840981278,0.0014659458403357248,0.019682653322788308,-0.006648285912589944,0.0007537666472359013,0.0009174956568490205,-0.014012316511875528,0.004109259285791897,0.005598181868928145,-0.0028340940354142823,-0.012460135592246534,0.005481741756557169,0.07113350258110286,0.661205852464106,0.1255395235219408,-0.661205852464106,-0.12553952352194084
PC12,<=,-0.25,-1.9169780504520437,,-0.15573479845604185,0.02113471282915028,-0.10198668608572233,-0.2659472198221535,0.11270917041306515,0.08296158637811132,0.20366299787222755,0.0632630185493296,0.17827209146181097,0.018494290777649552,-0.028122225463390466,0.07771632529267956,-0.00047311532758107454,-0.012024050036171765,-0.007887827421048134,-0.01514932791384187,-0.029601423453213937,-0.0077318236009711475,-0.01062952982810332,0.011404142272679909,-0.010793449032121913,0.007705335342659209,-0.11181658788574646,0.1047482947332692,-0.033321810097780576,-0.10474829473326977,0.03332181009778033
PC12,>,-0.25,1.9169780504520437,,0.15573479845604185,-0.02113471282915028,0.10198668608572233,0.2659472198221535,-0.11270917041306515,-0.08296158637811132,-0.20366299787222755,-0.0632630185493296,-0.17827209146181097,-0.018494290777649552,0.028122225463390466,-0.07771632529267956,0.00047311532758107454,0.012024050036171765,0.007887827421048134,0.01514932791384187,0.029601423453213937,0.0077318236009711475,0.01062952982810332,-0.011404142272679909,0.010793449032121913,-0.007705335342659209,0.11181658788574646,-0.1047482947332692,0.033321810097780576,0.10474829473326977,-0.03332181009778033
PC9,<=,0.4,0.2981130959619044,,-0.012242421854949847,-0.13435308008718316,0.006762301401649057,-0.1831311634074558,0.00867319596480869,-1.2106271153730393e-05,-0.3752573271134836,0.14077850982742995,-0.07999483475143246,0.03863730021252035,0.04650172597866925,0.8586260846876271,-0.011304229579425626,0.004287776803644398,0.012230096655224888,0.018618652505416455,0.004005524127442554,-0.02003875088298927,-0.02298113798117724,0.03451996851229963,-0.009268448196939708,0.010174398917057039,0.02568723466361713,-0.027751065204807433,0.03938692732920419,0.027751065204807548,-0.039386927329204124
PC10,<=,-0.45,-1.8742648623038558,,0.042182185912241106,0.09128650047463327,-0.12148451545602953,-0.3696419544020941,0.03638332395319099,0.02037670869367812,-0.026922416496533885,0.02582468348483695,0.1611631579679636,0.06416708225952138,-0.039008202548279816,-0.17112502059137513,-0.01418476633574524,0.017541602437559634,-0.006089827421569299,-0.009179046168934283,-0.021110423641996397,-0.005377761983003109,0.00333059728093464,0.025991168312910477,0.007409037276771147,-0.004098966543340269,0.18526852781862402,-0.16033248888110346,0.036724506289962475,0.16033248888110468,-0.036724506289962516
PC10,>,-0.45,1.8742648623038558,,-0.042182185912241106,-0.09128650047463327,0.12148451545602953,0.3696419544020941,-0.03638332395319099,-0.02037670869367812,0.026922416496533885,-0.02582468348483695,-0.1611631579679636,-0.06416708225952138,0.039008202548279816,0.17112502059137513,0.01418476633574524,-0.017541602437559634,0.006089827421569299,0.009179046168934283,0.021110423641996397,0.005377761983003109,-0.00333059728093464,-0.025991168312910477,-0.007409037276771147,0.004098966543340269,-0.18526852781862402,0.16033248888110346,-0.036724506289962475,-0.16033248888110468,0.036724506289962516
PC13,<=,0.37,0.5684067131176362,,0.8077397541574136,0.36729505145547475,-0.015220701399237662,-0.08889446092665945,0.013462139992040885,0.03302265695450802,-0.17039905843268782,-0.1251986173076776,-0.2782947224001668,-0.012101615908086703,0.0510444981619807,-0.018790063748346898,0.010033222087398944,-0.00609593857644667,0.0004891887683065714,0.002517785190295386,-0.02751435167601446,0.0015564041391926049,-0.00019129315188809215,-0.02398936715242111,-0.029881456455524785,0.021993873930206936,-0.028717424914109883,0.027435729879402352,-0.02913911026006381,-0.02743572987940288,0.02913911026006386
PC13,>,0.37,-0.5684067131176362,,-0.8077397541574136,-0.36729505145547475,0.015220701399237662,0.08889446092665945,-0.013462139992040885,-0.03302265695450802,0.17039905843268782,0.1251986173076776,0.2782947224001668,0.012101615908086703,-0.0510444981619807,0.018790063748346898,-0.010033222087398944,0.00609593857644667,-0.0004891887683065714,-0.002517785190295386,0.02751435167601446,-0.0015564041391926049,0.00019129315188809215,0.02398936715242111,0.029881456455524785,-0.021993873930206936,0.028717424914109883,-0.027435729879402352,0.02913911026006381,0.02743572987940288,-0.02913911026006386
PC5,<=,0.42,3.358613589890764,,0.1197741564652044,-0.2994853676214497,0.15142492498887825,0.3054714800510228,0.08994818409008835,0.0563017599570136,0.0002879237391063827,-0.30913864044154116,0.1217253251868806,0.02654953930918732,0.30026273607919196,-0.0008865899343437443,-0.004164261158427012,0.001468257836624137,-0.0006300235046170153,0.0007192181612614524,-0.02199074638483807,0.013471413287098211,0.017135876489135955,-0.018374654511224785,0.005734935771955802,-0.0020752034498410067,0.05267488458269428,-0.05951078457146622,0.16266080432549157,0.059510784571466344,-0.16266080432549163
PC5,>,0.42,-3.358613589890764,,-0.1197741564652044,0.2994853676214497,-0.15142492498887825,-0.3054714800510228,-0.08994818409008835,-0.0563017599570136,-0.0002879237391063827,0.30913864044154116,-0.1217253251868806,-0.02654953930918732,-0.30026273607919196,0.0008865899343437443,0.004164261158427012,-0.001468257836624137,0.0006300235046170153,-0.0007192181612614524,0.02199074638483807,-0.013471413287098211,-0.017135876489135955,0.018374654511224785,-0.005734935771955802,0.0020752034498410067,-0.05267488458269428,0.05951078457146622,-0.16266080432549157,-0.059510784571466344,0.16266080432549163
PC9,>,0.4,-0.2981130959619044,,0.012242421854949847,0.13435308008718316,-0.006762301401649057,0.1831311634074558,-0.00867319596480869,1.2106271153730393e-05,0.3752573271134836,-0.14077850982742995,0.07999483475143246,-0.03863730021252035,-0.04650172597866925,-0.8586260846876271,0.011304229579425626,-0.004287776803644398,-0.012230096655224888,-0.018618652505416455,-0.004005524127442554,0.02003875088298927,0.02298113798117724,-0.03451996851229963,0.009268448196939708,-0.010174398917057039,-0.02568723466361713,0.027751065204807433,-0.03938692732920419,-0.027751065204807548,0.039386927329204124
PC1,>,-0.62,0.3959439628467608,,0.022004774710120467,-0.019722734923716262,-0.0026015926792960485,-0.004917404767242937,0.004218467750483591,-0.0034279698835947415,0.013533727613509699,0.006460816620266067,0.0049667231073443965,-0.006222139492590208,0.05519520840981278,-0.0014659458403357248,-0.019682653322788308,0.006648285912589944,-0.0007537666472359013,-0.0009174956568490205,0.014012316511875528,-0.004109259285791897,-0.005598181868928145,0.0028340940354142823,0.012460135592246534,-0.005481741756557169,-0.07113350258110286,-0.661205852464106,-0.1255395235219408,0.661205852464106,0.12553952352194084
PC2,<=,0.02,0.8871497617659582,,0.13042199002714122,-0.21418497504984435,-0.03184934871318016,-0.17259675982014622,-0.017070112417100273,-0.013710509393817353,0.1566612514303632,0.5461520615288856,-0.12265964763067637,-0.013151398547031018,0.6374780562796171,-0.10670223415972242,0.018166017666069522,-0.02105166303966101,-6.149320165679409e-06,0.0004629201710854798,-0.005534768253852621,0.03407096223808076,0.04020543060367045,-0.04549520254473249,0.010997761841035996,-0.008597135538309845,-0.01656941936448926,0.008369147562535442,0.2032257135724291,-0.008369147562535484,-0.2032257135724291
PC14,<=,-0.44,1.3763286830819128,,0.359703156342381,0.18305364986455494,0.05297715071792045,0.06583250788084337,-0.02206151158386227,-0.023028023357127142,0.4934874774419537,0.17702048395301126,0.6094555361190429,0.08788887458688069,-0.10875373179962886,0.29541839226311206,-0.008022138817595986,0.013162088858703607,-0.006123425188356431,-0.007545742573391107,0.002240562748364202,-0.007888983492884378,0.004728559300346434,0.02181187980443345,0.031677690915688235,-0.02046684417161289,0.007471184186060317,0.0032374785911272533,0.015475268156085444,-0.0032374785911274302,-0.01547526815608578
PC14,>,-0.44,-1.3763286830819128,,-0.359703156342381,-0.18305364986455494,-0.05297715071792045,-0.06583250788084337,0.02206151158386227,0.023028023357127142,-0.4934874774419537,-0.17702048395301126,-0.6094555361190429,-0.08788887458688069,0.10875373179962886,-0.29541839226311206,0.008022138817595986,-0.013162088858703607,0.006123425188356431,0.007545742573391107,-0.002240562748364202,0.007888983492884378,-0.004728559300346434,-0.02181187980443345,-0.031677690915688235,0.02046684417161289,-0.007471184186060317,-0.0032374785911272533,-0.015475268156085444,0.0032374785911274302,0.01547526815608578
PC4,<=,-0.58,-1.2853161439718135,,-0.28978622661946135,0.5913945132099803,-0.026322546239894388,0.08216031111474209,-0.019436261869364476,-0.006729293455691278,-0.010277538311191336,-0.2918964939306462,0.13561479909179755,0.029682998024631882,0.6152320247117676,0.10027412428745393,-0.008308637668497307,0.012080263122022842,-5.11033057257247e-05,-0.0030409576643576873,0.0010562644679224756,-0.036874692314804246,-0.04115339810775548,0.05506930386662068,-0.015488623727914399,0.01124664265952075,0.0004271829496015119,0.010081036198464177,0.00518279452325095,-0.01008103619846415,-0.0051827945232509574
PC8,<=,0.38,-0.7821673556028345,,-0.03163312347943909,0.07847315160741355,-0.132792550136905,0.45733583152308205,0.006476756409069445,0.009109012647617001,-0.10872981241715945,0.025356494241185086,0.08723124953108702,0.049384094325171005,0.00985060715585546,0.18304556701096805,0.047419479762862274,-0.017269694505800303,-0.01813159317612314,-0.027542658665524036,0.002825997862350895,0.12829874106673603,0.15347257318089563,-0.1731739799446561,0.007356935980280331,0.007224752216507015,0.016676736544676225,-0.013138898988729173,-0.10497308991898495,0.013138898988729247,0.10497308991898498
PC8,>,0.38,0.7821673556028345,,0.03163312347943909,-0.07847315160741355,0.132792550136905,-0.45733583152308205,-0.006476756409069445,-0.009109012647617001,0.10872981241715945,-0.025356494241185086,-0.08723124953108702,-0.049384094325171005,-0.00985060715585546,-0.18304556701096805,-0.047419479762862274,0.017269694505800303,0.01813159317612314,0.027542658665524036,-0.002825997862350895,-0.12829874106673603,-0.15347257318089563,0.1731739799446561,-0.007356935980280331,-0.007224752216507015,-0.016676736544676225,0.013138898988729173,0.10497308991898495,-0.013138898988729247,-0.10497308991898498
PC5,<=,0.57,3.5086135898907638,,0.1197741564652044,-0.2994853676214497,0.15142492498887825,0.3054714800510228,0.08994818409008835,0.0563017599570136,0.0002879237391063827,-0.30913864044154116,0.1217253251868806,0.02654953930918732,0.30026273607919196,-0.0008865899343437443,-0.004164261158427012,0.001468257836624137,-0.0006300235046170153,0.0007192181612614524,-0.02199074638483807,0.013471413287098211,0.017135876489135955,-0.018374654511224785,0.005734935771955802,-0.0020752034498410067,0.05267488458269428,-0.05951078457146622,0.16266080432549157,0.059510784571466344,-0.16266080432549163
PC5,>,0.57,-3.5086135898907638,,-0.1197741564652044,0.2994853676214497,-0.15142492498887825,-0.3054714800510228,-0.08994818409008835,-0.0563017599570136,-0.0002879237391063827,0.30913864044154116,-0.1217253251868806,-0.02654953930918732,-0.30026273607919196,0.0008865899343437443,0.004164261158427012,-0.001468257836624137,0.0006300235046170153,-0.0007192181612614524,0.02199074638483807,-0.013471413287098211,-0.017135876489135955,0.018374654511224785,-0.005734935771955802,0.0020752034498410067,-0.05267488458269428,0.05951078457146622,-0.16266080432549157,-0.059510784571466344,0.16266080432549163
PC4,>,-0.58,1.2853161439718135,,0.28978622661946135,-0.5913945132099803,0.026322546239894388,-0.08216031111474209,0.019436261869364476,0.006729293455691278,0.010277538311191336,0.2918964939306462,-0.13561479909179755,-0.029682998024631882,-0.6152320247117676,-0.10027412428745393,0.008308637668497307,-0.012080263122022842,5.11033057257247e-05,0.0030409576643576873,-0.0010562644679224756,0.036874692314804246,0.04115339810775548,-0.05506930386662068,0.015488623727914399,-0.01124664265952075,-0.0004271829496015119,-0.010081036198464177,-0.00518279452325095,0.01008103619846415,0.0051827945232509574
PC6,<=,1.1,2.7566115300652396,,-0.17160397713998604,0.45411079986477865,0.08592229753999932,0.32972954545698996,0.04707062800217439,0.035130788430263765,-0.0026098724139917836,0.5891440246070928,-0.2501119645195533,-0.02259815410257923,-0.1858173191655656,-0.034098144217661795,-0.00027052320784757763,-0.0047085811298387984,-0.0036925346229965393,-0.006599887988651052,-0.012307612625556907,-0.02081348257302698,-0.02423673951559562,0.03363364243287122,-0.010904444162150227,0.0048493050907221415,0.03517463625459312,-0.0618980274108161,0.07514977494026272,0.061898027410816195,-0.07514977494026283
PC9,<=,1.02,0.9181130959619044,,-0.012242421854949847,-0.13435308008718316,0.006762301401649057,-0.1831311634074558,0.00867319596480869,-1.2106271153730393e-05,-0.3752573271134836,0.14077850982742995,-0.07999483475143246,0.03863730021252035,0.04650172597866925,0.8586260846876271,-0.011304229579425626,0.004287776803644398,0.012230096655224888,0.018618652505416455,0.004005524127442554,-0.02003875088298927,-0.02298113798117724,0.03451996851229963,-0.009268448196939708,0.010174398917057039,0.02568723466361713,-0.027751065204807433,0.03938692732920419,0.027751065204807548,-0.039386927329204124
PC9,>,1.02,-0.9181130959619044,,0.012242421854949847,0.13435308008718316,-0.006762301401649057,0.1831311634074558,-0.00867319596480869,1.2106271153730393e-05,0.3752573271134836,-0.14077850982742995,0.07999483475143246,-0.03863730021252035,-0.04650172597866925,-0.8586260846876271,0.011304229579425626,-0.004287776803644398,-0.012230096655224888,-0.018618652505416455,-0.004005524127442554,0.02003875088298927,0.02298113798117724,-0.03451996851229963,0.009268448196939708,-0.010174398917057039,-0.02568723466361713,0.027751065204807433,-0.03938692732920419,-0.027751065204807548,0.039386927329204124
PC6,>,1.1,-2.7566115300652396,,0.17160397713998604,-0.45411079986477865,-0.08592229753999932,-0.32972954545698996,-0.04707062800217439,-0.035130788430263765,0.0026098724139917836,-0.5891440246070928,0.2501119645195533,0.02259815410257923,0.1858173191655656,0.034098144217661795,0.00027052320784757763,0.0047085811298387984,0.0036925346229965393,0.006599887988651052,0.012307612625556907,0.02081348257302698,0.02423673951559562,-0.03363364243287122,0.010904444162150227,-0.0048493050907221415,-0.03517463625459312,0.0618980274108161,-0.07514977494026272,-0.061898027410816195,0.07514977494026283
PC2,>,0.02,-0.8871497617659582,,-0.13042199002714122,0.21418497504984435,0.03184934871318016,0.17259675982014622,0.017070112417100273,0.013710509393817353,-0.1566612514303632,-0.5461520615288856,0.12265964763067637,0.013151398547031018,-0.6374780562796171,0.10670223415972242,-0.018166017666069522,0.02105166303966101,6.149320165679409e-06,-0.0004629201710854798,0.005534768253852621,-0.03407096223808076,-0.04020543060367045,0.04549520254473249,-0.010997761841035996,0.008597135538309845,0.01656941936448926,-0.008369147562535442,-0.2032257135724291,0.008369147562535484,0.2032257135724291
PC2,>,0.17,-1.0371497617659582,,-0.13042199002714122,0.21418497504984435,0.03184934871318016,0.17259675982014622,0.017070112417100273,0.013710509393817353,-0.1566612514303632,-0.5461520615288856,0.12265964763067637,0.013151398547031018,-0.6374780562796171,0.10670223415972242,-0.018166017666069522,0.02105166303966101,6.149320165679409e-06,-0.0004629201710854798,0.005534768253852621,-0.03407096223808076,-0.04020543060367045,0.04549520254473249,-0.010997761841035996,0.008597135538309845,0.01656941936448926,-0.008369147562535442,-0.2032257135724291,0.008369147562535484,0.2032257135724291
PC10,<=,-0.35,-1.774264862303856,,0.042182185912241106,0.09128650047463327,-0.12148451545602953,-0.3696419544020941,0.03638332395319099,0.02037670869367812,-0.026922416496533885,0.02582468348483695,0.1611631579679636,0.06416708225952138,-0.039008202548279816,-0.17112502059137513,-0.01418476633574524,0.017541602437559634,-0.006089827421569299,-0.009179046168934283,-0.021110423641996397,-0.005377761983003109,0.00333059728093464,0.025991168312910477,0.007409037276771147,-0.004098966543340269,0.18526852781862402,-0.16033248888110346,0.036724506289962475,0.16033248888110468,-0.036724506289962516
PC10,>,-0.35,1.774264862303856,,-0.042182185912241106,-0.09128650047463327,0.12148451545602953,0.3696419544020941,-0.03638332395319099,-0.02037670869367812,0.026922416496533885,-0.02582468348483695,-0.1611631579679636,-0.06416708225952138,0.039008202548279816,0.17112502059137513,0.01418476633574524,-0.017541602437559634,0.006089827421569299,0.009179046168934283,0.021110423641996397,0.005377761983003109,-0.00333059728093464,-0.025991168312910477,-0.007409037276771147,0.004098966543340269,-0.18526852781862402,0.16033248888110346,-0.036724506289962475,-0.16033248888110468,0.036724506289962516
PC11,>,0.12,-0.024925986312126586,,0.04216194712669064,0.02046346996332135,0.039975664506474176,-0.028168556644434708,0.00019073423422492222,-0.0030161075500532365,-0.6759294516318619,0.23080452056928352,0.5136530220331453,0.300238778498931,0.0278773223948047,-0.27883654577870987,0.009940140867786256,7.619933719216383e-05,-0.006336026498480044,-0.010508732383883966,-0.0005693299339521459,-0.0038283706038281596,-0.009477078009210271,0.008511816200727844,0.004454745048374034,-0.010021877984529817,-0.04416094205655276,0.037451270090405796,-0.014020949380246712,-0.037451270090406046,0.014020949380246698
PC3,<=,-0.19,-0.5074359922690397,,-0.06587047553251678,0.15765416854614964,-0.03124509963005727,-0.0713682068734049,-0.018332852847040056,-0.00649305932277601,-0.05890756208007817,-0.1849606396849257,0.03644699957696403,0.0056453879881755865,-0.2575471231156557,0.01849079697572988,0.020662766331637585,-0.0027342427107043847,-0.00382833828577419,-0.004767275607101944,0.0016426418981162197,0.027984682798155573,0.03491071241189576,-0.03119742190519823,-0.0005921587941730404,0.005604810672598563,-0.044689496253679614,-0.10015528776601273,0.6173729608108393,0.10015528776601265,-0.6173729608108391
PC9,<=,-0.13,-0.23188690403809564,,-0.012242421854949847,-0.13435308008718316,0.006762301401649057,-0.1831311634074558,0.00867319596480869,-1.2106271153730393e-05,-0.3752573271134836,0.14077850982742995,-0.07999483475143246,0.03863730021252035,0.04650172597866925,0.8586260846876271,-0.011304229579425626,0.004287776803644398,0.012230096655224888,0.018618652505416455,0.004005524127442554,-0.02003875088298927,-0.02298113798117724,0.03451996851229963,-0.009268448196939708,0.010174398917057039,0.02568723466361713,-0.027751065204807433,0.03938692732920419,0.027751065204807548,-0.039386927329204124
PC9,>,-0.13,0.23188690403809564,,0.012242421854949847,0.13435308008718316,-0.006762301401649057,0.1831311634074558,-0.00867319596480869,1.2106271153730393e-05,0.3752573271134836,-0.14077850982742995,0.07999483475143246,-0.03863730021252035,-0.04650172597866925,-0.8586260846876271,0.011304229579425626,-0.004287776803644398,-0.012230096655224888,-0.018618652505416455,-0.004005524127442554,0.02003875088298927,0.02298113798117724,-0.03451996851229963,0.009268448196939708,-0.010174398917057039,-0.02568723466361713,0.027751065204807433,-0.03938692732920419,-0.027751065204807548,0.039386927329204124
PC8,<=,-0.01,-1.1721673556028345,,-0.03163312347943909,0.07847315160741355,-0.132792550136905,0.45733583152308205,0.006476756409069445,0.009109012647617001,-0.10872981241715945,0.025356494241185086,0.08723124953108702,0.049384094325171005,0.00985060715585546,0.18304556701096805,0.047419479762862274,-0.017269694505800303,-0.01813159317612314,-0.027542658665524036,0.002825997862350895,0.12829874106673603,0.15347257318089563,-0.1731739799446561,0.007356935980280331,0.007224752216507015,0.016676736544676225,-0.013138898988729173,-0.10497308991898495,0.013138898988729247,0.10497308991898498
PC8,>,-0.01,1.1721673556028345,,0.03163312347943909,-0.07847315160741355,0.132792550136905,-0.45733583152308205,-0.006476756409069445,-0.009109012647617001,0.10872981241715945,-0.025356494241185086,-0.08723124953108702,-0.049384094325171005,-0.00985060715585546,-0.18304556701096805,-0.047419479762862274,0.017269694505800303,0.01813159317612314,0.027542658665524036,-0.002825997862350895,-0.12829874106673603,-0.15347257318089563,0.1731739799446561,-0.007356935980280331,-0.007224752216507015,-0.016676736544676225,0.013138898988729173,0.10497308991898495,-0.013138898988729247,-0.10497308991898498
PC3,>,-0.19,0.5074359922690397,,0.06587047553251678,-0.15765416854614964,0.03124509963005727,0.0713682068734049,0.018332852847040056,0.00649305932277601,0.05890756208007817,0.1849606396849257,-0.03644699957696403,-0.0056453879881755865,0.2575471231156557,-0.01849079697572988,-0.020662766331637585,0.0027342427107043847,0.00382833828577419,0.004767275607101944,-0.0016426418981162197,-0.027984682798155573,-0.03491071241189576,0.03119742190519823,0.0005921587941730404,-0.005604810672598563,0.044689496253679614,0.10015528776601273,-0.6173729608108393,-0.10015528776601265,0.6173729608108391
PC4,<=,1.11,0.40468385602818646,,-0.28978622661946135,0.5913945132099803,-0.026322546239894388,0.08216031111474209,-0.019436261869364476,-0.006729293455691278,-0.010277538311191336,-0.2918964939306462,0.13561479909179755,0.029682998024631882,0.6152320247117676,0.10027412428745393,-0.008308637668497307,0.012080263122022842,-5.11033057257247e-05,-0.0030409576643576873,0.0010562644679224756,-0.036874692314804246,-0.04115339810775548,0.05506930386662068,-0.015488623727914399,0.01124664265952075,0.0004271829496015119,0.010081036198464177,0.00518279452325095,-0.01008103619846415,-0.0051827945232509574
PC4,>,1.11,-0.40468385602818646,,0.28978622661946135,-0.5913945132099803,0.026322546239894388,-0.08216031111474209,0.019436261869364476,0.006729293455691278,0.010277538311191336,0.2918964939306462,-0.13561479909179755,-0.029682998024631882,-0.6152320247117676,-0.10027412428745393,0.008308637668497307,-0.012080263122022842,5.11033057257247e-05,0.0030409576643576873,-0.0010562644679224756,0.036874692314804246,0.04115339810775548,-0.05506930386662068,0.015488623727914399,-0.01124664265952075,-0.0004271829496015119,-0.010081036198464177,-0.00518279452325095,0.01008103619846415,0.0051827945232509574
PC10,<=,0.1,-1.3242648623038558,,0.042182185912241106,0.09128650047463327,-0.12148451545602953,-0.3696419544020941,0.03638332395319099,0.02037670869367812,-0.026922416496533885,0.02582468348483695,0.1611631579679636,0.06416708225952138,-0.039008202548279816,-0.17112502059137513,-0.01418476633574524,0.017541602437559634,-0.006089827421569299,-0.009179046168934283,-0.021110423641996397,-0.005377761983003109,0.00333059728093464,0.025991168312910477,0.007409037276771147,-0.004098966543340269,0.18526852781862402,-0.16033248888110346,0.036724506289962475,0.16033248888110468,-0.036724506289962516
PC10,>,0.1,1.3242648623038558,,-0.042182185912241106,-0.09128650047463327,0.12148451545602953,0.3696419544020941,-0.03638332395319099,-0.02037670869367812,0.026922416496533885,-0.02582468348483695,-0.1611631579679636,-0.06416708225952138,0.039008202548279816,0.17112502059137513,0.01418476633574524,-0.017541602437559634,0.006089827421569299,0.009179046168934283,0.021110423641996397,0.005377761983003109,-0.00333059728093464,-0.025991168312910477,-0.007409037276771147,0.004098966543340269,-0.18526852781862402,0.16033248888110346,-0.036724506289962475,-0.16033248888110468,0.036724506289962516
