filtered_idx,original_idx,victim_count,perp_count,victim_ge1,victim_ge2,victim_ge3,perp_ge1,perp_ge2,perp_ge3,overlap_ge1_count_based,overlap_ge2,overlap_ge3,target_overlap_flag
0,0,0,0,0,0,0,0,0,0,0,0,0,0
1,1,1,1,1,0,0,1,0,0,1,0,0,1
2,2,2,0,1,1,0,0,0,0,0,0,0,0
3,3,0,0,0,0,0,0,0,0,0,0,0,0
4,4,0,0,0,0,0,0,0,0,0,0,0,0
5,5,0,0,0,0,0,0,0,0,0,0,0,0
6,6,0,0,0,0,0,0,0,0,0,0,0,0
7,7,4,0,1,1,1,0,0,0,0,0,0,0
8,8,19,4,1,1,1,1,1,1,1,1,1,1
9,9,0,0,0,0,0,0,0,0,0,0,0,0
10,11,0,0,0,0,0,0,0,0,0,0,0,0
11,12,0,0,0,0,0,0,0,0,0,0,0,0
12,13,0,0,0,0,0,0,0,0,0,0,0,0
13,14,1,0,1,0,0,0,0,0,0,0,0,0
14,15,4,2,1,1,1,1,1,0,1,1,0,1
15,16,1,1,1,0,0,1,0,0,1,0,0,1
16,17,3,2,1,1,1,1,1,0,1,1,0,1
17,18,0,0,0,0,0,0,0,0,0,0,0,0
18,19,7,1,1,1,1,1,0,0,1,0,0,1
19,20,0,0,0,0,0,0,0,0,0,0,0,0
20,21,0,0,0,0,0,0,0,0,0,0,0,0
21,22,2,0,1,1,0,0,0,0,0,0,0,0
22,23,5,1,1,1,1,1,0,0,1,0,0,1
23,24,0,0,0,0,0,0,0,0,0,0,0,0
24,25,2,0,1,1,0,0,0,0,0,0,0,0
25,26,2,2,1,1,0,1,1,0,1,1,0,1
26,27,0,0,0,0,0,0,0,0,0,0,0,0
27,28,0,1,0,0,0,1,0,0,0,0,0,0
28,29,0,0,0,0,0,0,0,0,0,0,0,0
29,30,4,0,1,1,1,0,0,0,0,0,0,0
30,31,0,0,0,0,0,0,0,0,0,0,0,0
31,32,3,2,1,1,1,1,1,0,1,1,0,1
32,33,0,0,0,0,0,0,0,0,0,0,0,0
33,34,1,0,1,0,0,0,0,0,0,0,0,0
34,35,0,0,0,0,0,0,0,0,0,0,0,0
35,36,3,1,1,1,1,1,0,0,1,0,0,1
36,37,0,0,0,0,0,0,0,0,0,0,0,0
37,38,0,0,0,0,0,0,0,0,0,0,0,0
38,39,3,0,1,1,1,0,0,0,0,0,0,0
39,40,0,0,0,0,0,0,0,0,0,0,0,0
40,41,0,1,0,0,0,1,0,0,0,0,0,0
41,42,1,0,1,0,0,0,0,0,0,0,0,0
42,43,0,0,0,0,0,0,0,0,0,0,0,0
43,44,4,3,1,1,1,1,1,1,1,1,1,1
44,45,2,0,1,1,0,0,0,0,0,0,0,0
45,47,0,0,0,0,0,0,0,0,0,0,0,0
46,48,0,0,0,0,0,0,0,0,0,0,0,0
47,49,0,0,0,0,0,0,0,0,0,0,0,0
48,50,3,0,1,1,1,0,0,0,0,0,0,0
49,51,4,0,1,1,1,0,0,0,0,0,0,0
50,52,0,0,0,0,0,0,0,0,0,0,0,0
51,53,0,0,0,0,0,0,0,0,0,0,0,0
52,54,0,0,0,0,0,0,0,0,0,0,0,0
53,55,2,0,1,1,0,0,0,0,0,0,0,0
54,56,2,0,1,1,0,0,0,0,0,0,0,0
55,57,0,0,0,0,0,0,0,0,0,0,0,0
56,58,1,0,1,0,0,0,0,0,0,0,0,0
57,59,1,1,1,0,0,1,0,0,1,0,0,1
58,60,1,0,1,0,0,0,0,0,0,0,0,0
59,61,2,2,1,1,0,1,1,0,1,1,0,1
60,62,1,0,1,0,0,0,0,0,0,0,0,0
61,63,2,1,1,1,0,1,0,0,1,0,0,1
62,64,0,0,0,0,0,0,0,0,0,0,0,0
63,65,2,0,1,1,0,0,0,0,0,0,0,0
64,66,0,0,0,0,0,0,0,0,0,0,0,0
65,67,1,2,1,0,0,1,1,0,1,0,0,1
66,68,1,0,1,0,0,0,0,0,0,0,0,0
67,69,0,0,0,0,0,0,0,0,0,0,0,0
68,70,1,0,1,0,0,0,0,0,0,0,0,0
69,71,1,0,1,0,0,0,0,0,0,0,0,0
70,72,5,1,1,1,1,1,0,0,1,0,0,1
71,73,0,0,0,0,0,0,0,0,0,0,0,0
72,75,0,1,0,0,0,1,0,0,0,0,0,0
73,76,0,0,0,0,0,0,0,0,0,0,0,0
74,77,2,0,1,1,0,0,0,0,0,0,0,0
75,78,2,1,1,1,0,1,0,0,1,0,0,1
76,79,0,0,0,0,0,0,0,0,0,0,0,0
77,80,1,0,1,0,0,0,0,0,0,0,0,0
78,81,0,0,0,0,0,0,0,0,0,0,0,0
79,82,3,1,1,1,1,1,0,0,1,0,0,1
80,83,1,1,1,0,0,1,0,0,1,0,0,1
81,84,0,0,0,0,0,0,0,0,0,0,0,0
82,86,0,0,0,0,0,0,0,0,0,0,0,0
83,87,0,1,0,0,0,1,0,0,0,0,0,0
84,88,0,0,0,0,0,0,0,0,0,0,0,0
85,89,8,4,1,1,1,1,1,1,1,1,1,1
86,90,1,0,1,0,0,0,0,0,0,0,0,0
87,91,0,0,0,0,0,0,0,0,0,0,0,0
88,92,1,0,1,0,0,0,0,0,0,0,0,0
89,93,2,0,1,1,0,0,0,0,0,0,0,0
90,95,2,0,1,1,0,0,0,0,0,0,0,0
91,96,1,1,1,0,0,1,0,0,1,0,0,1
92,97,0,0,0,0,0,0,0,0,0,0,0,0
93,98,10,3,1,1,1,1,1,1,1,1,1,1
94,99,6,0,1,1,1,0,0,0,0,0,0,0
95,100,4,0,1,1,1,0,0,0,0,0,0,0
96,101,8,0,1,1,1,0,0,0,0,0,0,0
97,102,0,0,0,0,0,0,0,0,0,0,0,0
98,103,9,4,1,1,1,1,1,1,1,1,1,1
99,104,1,0,1,0,0,0,0,0,0,0,0,0
100,105,2,2,1,1,0,1,1,0,1,1,0,1
101,106,1,0,1,0,0,0,0,0,0,0,0,0
102,107,1,0,1,0,0,0,0,0,0,0,0,0
103,108,0,0,0,0,0,0,0,0,0,0,0,0
104,109,2,4,1,1,0,1,1,1,1,1,0,1
105,110,6,3,1,1,1,1,1,1,1,1,1,1
106,111,0,0,0,0,0,0,0,0,0,0,0,0
107,112,0,0,0,0,0,0,0,0,0,0,0,0
108,113,3,1,1,1,1,1,0,0,1,0,0,1
109,114,1,1,1,0,0,1,0,0,1,0,0,1
110,115,0,0,0,0,0,0,0,0,0,0,0,0
111,116,1,1,1,0,0,1,0,0,1,0,0,1
112,117,0,0,0,0,0,0,0,0,0,0,0,0
113,118,2,0,1,1,0,0,0,0,0,0,0,0
114,119,6,0,1,1,1,0,0,0,0,0,0,0
115,120,0,0,0,0,0,0,0,0,0,0,0,0
116,121,0,0,0,0,0,0,0,0,0,0,0,0
117,122,0,0,0,0,0,0,0,0,0,0,0,0
118,123,0,0,0,0,0,0,0,0,0,0,0,0
119,124,4,2,1,1,1,1,1,0,1,1,0,1
120,125,0,0,0,0,0,0,0,0,0,0,0,0
121,126,0,0,0,0,0,0,0,0,0,0,0,0
122,127,0,0,0,0,0,0,0,0,0,0,0,0
123,128,0,3,0,0,0,1,1,1,0,0,0,0
124,130,0,0,0,0,0,0,0,0,0,0,0,0
125,131,0,0,0,0,0,0,0,0,0,0,0,0
126,132,0,0,0,0,0,0,0,0,0,0,0,0
127,133,0,0,0,0,0,0,0,0,0,0,0,0
128,134,1,1,1,0,0,1,0,0,1,0,0,1
129,135,0,0,0,0,0,0,0,0,0,0,0,0
130,136,0,0,0,0,0,0,0,0,0,0,0,0
131,137,0,0,0,0,0,0,0,0,0,0,0,0
132,138,1,0,1,0,0,0,0,0,0,0,0,0
133,139,1,0,1,0,0,0,0,0,0,0,0,0
134,140,1,1,1,0,0,1,0,0,1,0,0,1
135,141,5,0,1,1,1,0,0,0,0,0,0,0
136,142,0,0,0,0,0,0,0,0,0,0,0,0
137,143,1,0,1,0,0,0,0,0,0,0,0,0
138,144,6,0,1,1,1,0,0,0,0,0,0,0
139,145,1,0,1,0,0,0,0,0,0,0,0,0
140,146,0,0,0,0,0,0,0,0,0,0,0,0
141,147,3,0,1,1,1,0,0,0,0,0,0,0
142,148,0,0,0,0,0,0,0,0,0,0,0,0
143,149,1,1,1,0,0,1,0,0,1,0,0,1
144,150,0,0,0,0,0,0,0,0,0,0,0,0
145,151,0,0,0,0,0,0,0,0,0,0,0,0
146,152,0,0,0,0,0,0,0,0,0,0,0,0
147,153,15,11,1,1,1,1,1,1,1,1,1,1
148,154,0,0,0,0,0,0,0,0,0,0,0,0
149,155,2,0,1,1,0,0,0,0,0,0,0,0
150,156,0,0,0,0,0,0,0,0,0,0,0,0
151,157,0,0,0,0,0,0,0,0,0,0,0,0
152,158,2,1,1,1,0,1,0,0,1,0,0,1
153,159,16,4,1,1,1,1,1,1,1,1,1,1
154,160,0,0,0,0,0,0,0,0,0,0,0,0
155,161,0,0,0,0,0,0,0,0,0,0,0,0
156,162,2,0,1,1,0,0,0,0,0,0,0,0
157,163,1,1,1,0,0,1,0,0,1,0,0,1
158,164,0,0,0,0,0,0,0,0,0,0,0,0
159,165,0,0,0,0,0,0,0,0,0,0,0,0
160,166,2,0,1,1,0,0,0,0,0,0,0,0
161,167,0,0,0,0,0,0,0,0,0,0,0,0
162,168,1,0,1,0,0,0,0,0,0,0,0,0
163,169,0,0,0,0,0,0,0,0,0,0,0,0
164,170,0,1,0,0,0,1,0,0,0,0,0,0
165,171,0,0,0,0,0,0,0,0,0,0,0,0
166,172,0,1,0,0,0,1,0,0,0,0,0,0
167,173,0,0,0,0,0,0,0,0,0,0,0,0
168,174,0,0,0,0,0,0,0,0,0,0,0,0
169,175,2,0,1,1,0,0,0,0,0,0,0,0
170,176,3,0,1,1,1,0,0,0,0,0,0,0
171,177,0,0,0,0,0,0,0,0,0,0,0,0
172,178,0,0,0,0,0,0,0,0,0,0,0,0
173,179,1,1,1,0,0,1,0,0,1,0,0,1
174,180,0,0,0,0,0,0,0,0,0,0,0,0
175,181,3,0,1,1,1,0,0,0,0,0,0,0
176,182,0,0,0,0,0,0,0,0,0,0,0,0
177,183,0,0,0,0,0,0,0,0,0,0,0,0
178,184,0,0,0,0,0,0,0,0,0,0,0,0
179,185,5,0,1,1,1,0,0,0,0,0,0,0
180,186,2,0,1,1,0,0,0,0,0,0,0,0
181,187,10,3,1,1,1,1,1,1,1,1,1,1
182,188,0,0,0,0,0,0,0,0,0,0,0,0
183,189,0,0,0,0,0,0,0,0,0,0,0,0
184,190,1,0,1,0,0,0,0,0,0,0,0,0
185,192,4,3,1,1,1,1,1,1,1,1,1,1
186,193,1,0,1,0,0,0,0,0,0,0,0,0
187,194,0,0,0,0,0,0,0,0,0,0,0,0
188,195,0,0,0,0,0,0,0,0,0,0,0,0
189,196,3,0,1,1,1,0,0,0,0,0,0,0
190,197,1,0,1,0,0,0,0,0,0,0,0,0
191,198,0,0,0,0,0,0,0,0,0,0,0,0
192,199,5,2,1,1,1,1,1,0,1,1,0,1
193,200,0,0,0,0,0,0,0,0,0,0,0,0
194,201,3,0,1,1,1,0,0,0,0,0,0,0
195,202,3,0,1,1,1,0,0,0,0,0,0,0
196,203,8,0,1,1,1,0,0,0,0,0,0,0
197,204,4,0,1,1,1,0,0,0,0,0,0,0
198,205,1,0,1,0,0,0,0,0,0,0,0,0
199,206,1,0,1,0,0,0,0,0,0,0,0,0
200,207,0,0,0,0,0,0,0,0,0,0,0,0
201,208,9,1,1,1,1,1,0,0,1,0,0,1
202,209,0,0,0,0,0,0,0,0,0,0,0,0
203,210,4,0,1,1,1,0,0,0,0,0,0,0
204,211,1,0,1,0,0,0,0,0,0,0,0,0
205,212,0,0,0,0,0,0,0,0,0,0,0,0
206,213,0,0,0,0,0,0,0,0,0,0,0,0
207,214,1,0,1,0,0,0,0,0,0,0,0,0
208,215,1,0,1,0,0,0,0,0,0,0,0,0
209,216,0,0,0,0,0,0,0,0,0,0,0,0
210,217,2,0,1,1,0,0,0,0,0,0,0,0
211,218,2,1,1,1,0,1,0,0,1,0,0,1
212,219,1,0,1,0,0,0,0,0,0,0,0,0
213,220,1,0,1,0,0,0,0,0,0,0,0,0
214,221,0,0,0,0,0,0,0,0,0,0,0,0
215,222,0,0,0,0,0,0,0,0,0,0,0,0
216,223,2,0,1,1,0,0,0,0,0,0,0,0
217,224,3,1,1,1,1,1,0,0,1,0,0,1
218,225,0,0,0,0,0,0,0,0,0,0,0,0
219,226,4,2,1,1,1,1,1,0,1,1,0,1
220,227,5,3,1,1,1,1,1,1,1,1,1,1
221,228,1,0,1,0,0,0,0,0,0,0,0,0
222,229,4,1,1,1,1,1,0,0,1,0,0,1
223,230,0,0,0,0,0,0,0,0,0,0,0,0
224,231,0,0,0,0,0,0,0,0,0,0,0,0
225,232,0,0,0,0,0,0,0,0,0,0,0,0
226,233,0,0,0,0,0,0,0,0,0,0,0,0
227,234,1,0,1,0,0,0,0,0,0,0,0,0
228,235,2,0,1,1,0,0,0,0,0,0,0,0
229,236,0,0,0,0,0,0,0,0,0,0,0,0
230,237,1,0,1,0,0,0,0,0,0,0,0,0
231,238,0,0,0,0,0,0,0,0,0,0,0,0
232,239,1,0,1,0,0,0,0,0,0,0,0,0
233,240,0,0,0,0,0,0,0,0,0,0,0,0
234,241,0,0,0,0,0,0,0,0,0,0,0,0
235,242,0,0,0,0,0,0,0,0,0,0,0,0
236,243,1,0,1,0,0,0,0,0,0,0,0,0
237,244,3,1,1,1,1,1,0,0,1,0,0,1
238,245,5,0,1,1,1,0,0,0,0,0,0,0
239,246,1,0,1,0,0,0,0,0,0,0,0,0
240,247,0,0,0,0,0,0,0,0,0,0,0,0
241,248,3,2,1,1,1,1,1,0,1,1,0,1
242,249,1,16,1,0,0,1,1,1,1,0,0,1
243,250,0,0,0,0,0,0,0,0,0,0,0,0
244,251,0,1,0,0,0,1,0,0,0,0,0,0
245,252,2,2,1,1,0,1,1,0,1,1,0,1
246,253,0,0,0,0,0,0,0,0,0,0,0,0
247,254,4,1,1,1,1,1,0,0,1,0,0,1
248,255,1,1,1,0,0,1,0,0,1,0,0,1
249,256,0,0,0,0,0,0,0,0,0,0,0,0
250,257,0,0,0,0,0,0,0,0,0,0,0,0
251,258,4,1,1,1,1,1,0,0,1,0,0,1
252,259,0,0,0,0,0,0,0,0,0,0,0,0
253,260,1,0,1,0,0,0,0,0,0,0,0,0
254,261,1,0,1,0,0,0,0,0,0,0,0,0
255,262,2,0,1,1,0,0,0,0,0,0,0,0
256,263,0,1,0,0,0,1,0,0,0,0,0,0
257,264,0,0,0,0,0,0,0,0,0,0,0,0
258,266,0,0,0,0,0,0,0,0,0,0,0,0
259,267,5,0,1,1,1,0,0,0,0,0,0,0
260,268,1,0,1,0,0,0,0,0,0,0,0,0
261,269,13,2,1,1,1,1,1,0,1,1,0,1
262,270,1,2,1,0,0,1,1,0,1,0,0,1
263,271,1,4,1,0,0,1,1,1,1,0,0,1
264,272,12,1,1,1,1,1,0,0,1,0,0,1
265,273,3,1,1,1,1,1,0,0,1,0,0,1
266,274,1,0,1,0,0,0,0,0,0,0,0,0
267,275,10,3,1,1,1,1,1,1,1,1,1,1
268,276,1,0,1,0,0,0,0,0,0,0,0,0
269,277,0,0,0,0,0,0,0,0,0,0,0,0
270,278,2,1,1,1,0,1,0,0,1,0,0,1
271,279,3,1,1,1,1,1,0,0,1,0,0,1
272,280,5,1,1,1,1,1,0,0,1,0,0,1
273,281,2,0,1,1,0,0,0,0,0,0,0,0
274,282,0,0,0,0,0,0,0,0,0,0,0,0
275,283,0,0,0,0,0,0,0,0,0,0,0,0
276,284,0,0,0,0,0,0,0,0,0,0,0,0
277,285,11,1,1,1,1,1,0,0,1,0,0,1
278,286,5,4,1,1,1,1,1,1,1,1,1,1
279,287,1,0,1,0,0,0,0,0,0,0,0,0
280,288,2,0,1,1,0,0,0,0,0,0,0,0
281,289,0,0,0,0,0,0,0,0,0,0,0,0
282,290,1,0,1,0,0,0,0,0,0,0,0,0
283,291,6,0,1,1,1,0,0,0,0,0,0,0
284,292,4,7,1,1,1,1,1,1,1,1,1,1
285,293,0,0,0,0,0,0,0,0,0,0,0,0
286,294,3,1,1,1,1,1,0,0,1,0,0,1
287,295,0,0,0,0,0,0,0,0,0,0,0,0
288,296,0,0,0,0,0,0,0,0,0,0,0,0
289,297,6,5,1,1,1,1,1,1,1,1,1,1
290,298,0,0,0,0,0,0,0,0,0,0,0,0
291,299,8,11,1,1,1,1,1,1,1,1,1,1
292,300,5,0,1,1,1,0,0,0,0,0,0,0
293,301,3,0,1,1,1,0,0,0,0,0,0,0
294,302,1,2,1,0,0,1,1,0,1,0,0,1
295,303,2,0,1,1,0,0,0,0,0,0,0,0
296,304,1,0,1,0,0,0,0,0,0,0,0,0
297,305,0,0,0,0,0,0,0,0,0,0,0,0
298,306,0,0,0,0,0,0,0,0,0,0,0,0
299,308,6,0,1,1,1,0,0,0,0,0,0,0
300,309,0,0,0,0,0,0,0,0,0,0,0,0
301,310,0,0,0,0,0,0,0,0,0,0,0,0
302,311,1,2,1,0,0,1,1,0,1,0,0,1
303,312,0,0,0,0,0,0,0,0,0,0,0,0
304,313,1,0,1,0,0,0,0,0,0,0,0,0
305,314,4,0,1,1,1,0,0,0,0,0,0,0
306,315,0,0,0,0,0,0,0,0,0,0,0,0
307,316,0,0,0,0,0,0,0,0,0,0,0,0
308,317,1,0,1,0,0,0,0,0,0,0,0,0
309,318,0,0,0,0,0,0,0,0,0,0,0,0
310,319,0,0,0,0,0,0,0,0,0,0,0,0
311,320,0,0,0,0,0,0,0,0,0,0,0,0
312,321,0,0,0,0,0,0,0,0,0,0,0,0
313,322,0,0,0,0,0,0,0,0,0,0,0,0
314,324,15,3,1,1,1,1,1,1,1,1,1,1
315,325,0,0,0,0,0,0,0,0,0,0,0,0
316,326,0,0,0,0,0,0,0,0,0,0,0,0
317,327,0,2,0,0,0,1,1,0,0,0,0,0
318,328,2,0,1,1,0,0,0,0,0,0,0,0
319,329,2,0,1,1,0,0,0,0,0,0,0,0
320,330,0,0,0,0,0,0,0,0,0,0,0,0
321,331,0,0,0,0,0,0,0,0,0,0,0,0
322,332,0,0,0,0,0,0,0,0,0,0,0,0
323,333,0,0,0,0,0,0,0,0,0,0,0,0
324,334,0,0,0,0,0,0,0,0,0,0,0,0
325,335,0,0,0,0,0,0,0,0,0,0,0,0
326,336,0,0,0,0,0,0,0,0,0,0,0,0
327,337,2,0,1,1,0,0,0,0,0,0,0,0
328,338,0,0,0,0,0,0,0,0,0,0,0,0
329,339,0,0,0,0,0,0,0,0,0,0,0,0
330,340,0,0,0,0,0,0,0,0,0,0,0,0
331,341,15,11,1,1,1,1,1,1,1,1,1,1
332,342,0,0,0,0,0,0,0,0,0,0,0,0
333,343,0,0,0,0,0,0,0,0,0,0,0,0
334,344,4,0,1,1,1,0,0,0,0,0,0,0
335,345,1,0,1,0,0,0,0,0,0,0,0,0
336,346,0,0,0,0,0,0,0,0,0,0,0,0
337,347,0,1,0,0,0,1,0,0,0,0,0,0
338,348,2,0,1,1,0,0,0,0,0,0,0,0
339,349,2,1,1,1,0,1,0,0,1,0,0,1
340,350,2,1,1,1,0,1,0,0,1,0,0,1
341,351,5,0,1,1,1,0,0,0,0,0,0,0
342,353,4,0,1,1,1,0,0,0,0,0,0,0
343,354,7,1,1,1,1,1,0,0,1,0,0,1
344,355,3,2,1,1,1,1,1,0,1,1,0,1
345,356,0,0,0,0,0,0,0,0,0,0,0,0
346,357,1,0,1,0,0,0,0,0,0,0,0,0
347,358,0,0,0,0,0,0,0,0,0,0,0,0
348,359,0,1,0,0,0,1,0,0,0,0,0,0
349,360,4,1,1,1,1,1,0,0,1,0,0,1
350,361,11,8,1,1,1,1,1,1,1,1,1,1
351,363,1,1,1,0,0,1,0,0,1,0,0,1
352,364,6,2,1,1,1,1,1,0,1,1,0,1
353,365,0,1,0,0,0,1,0,0,0,0,0,0
354,366,1,1,1,0,0,1,0,0,1,0,0,1
355,367,2,0,1,1,0,0,0,0,0,0,0,0
356,368,1,0,1,0,0,0,0,0,0,0,0,0
357,370,0,0,0,0,0,0,0,0,0,0,0,0
358,371,0,0,0,0,0,0,0,0,0,0,0,0
359,372,0,0,0,0,0,0,0,0,0,0,0,0
360,373,0,0,0,0,0,0,0,0,0,0,0,0
361,375,1,0,1,0,0,0,0,0,0,0,0,0
362,376,11,1,1,1,1,1,0,0,1,0,0,1
363,377,0,0,0,0,0,0,0,0,0,0,0,0
364,378,4,1,1,1,1,1,0,0,1,0,0,1
365,379,4,3,1,1,1,1,1,1,1,1,1,1
366,380,1,0,1,0,0,0,0,0,0,0,0,0
367,381,6,1,1,1,1,1,0,0,1,0,0,1
368,382,3,0,1,1,1,0,0,0,0,0,0,0
369,383,3,1,1,1,1,1,0,0,1,0,0,1
370,384,15,12,1,1,1,1,1,1,1,1,1,1
371,386,1,1,1,0,0,1,0,0,1,0,0,1
372,387,1,0,1,0,0,0,0,0,0,0,0,0
373,388,1,0,1,0,0,0,0,0,0,0,0,0
374,389,10,3,1,1,1,1,1,1,1,1,1,1
375,390,0,0,0,0,0,0,0,0,0,0,0,0
376,391,0,0,0,0,0,0,0,0,0,0,0,0
377,392,2,0,1,1,0,0,0,0,0,0,0,0
378,393,1,0,1,0,0,0,0,0,0,0,0,0
379,394,21,1,1,1,1,1,0,0,1,0,0,1
380,395,5,4,1,1,1,1,1,1,1,1,1,1
381,396,1,0,1,0,0,0,0,0,0,0,0,0
382,397,1,1,1,0,0,1,0,0,1,0,0,1
383,399,0,2,0,0,0,1,1,0,0,0,0,0
384,400,0,0,0,0,0,0,0,0,0,0,0,0
385,401,8,0,1,1,1,0,0,0,0,0,0,0
386,402,0,0,0,0,0,0,0,0,0,0,0,0
387,403,1,0,1,0,0,0,0,0,0,0,0,0
388,404,4,1,1,1,1,1,0,0,1,0,0,1
389,405,0,0,0,0,0,0,0,0,0,0,0,0
390,406,0,0,0,0,0,0,0,0,0,0,0,0
391,407,0,0,0,0,0,0,0,0,0,0,0,0
392,408,3,0,1,1,1,0,0,0,0,0,0,0
393,409,0,0,0,0,0,0,0,0,0,0,0,0
394,410,0,0,0,0,0,0,0,0,0,0,0,0
395,411,0,0,0,0,0,0,0,0,0,0,0,0
396,412,4,1,1,1,1,1,0,0,1,0,0,1
397,413,6,5,1,1,1,1,1,1,1,1,1,1
398,414,6,1,1,1,1,1,0,0,1,0,0,1
399,415,2,0,1,1,0,0,0,0,0,0,0,0
400,416,1,0,1,0,0,0,0,0,0,0,0,0
401,417,0,0,0,0,0,0,0,0,0,0,0,0
402,418,0,0,0,0,0,0,0,0,0,0,0,0
403,419,0,0,0,0,0,0,0,0,0,0,0,0
404,420,1,0,1,0,0,0,0,0,0,0,0,0
405,421,3,1,1,1,1,1,0,0,1,0,0,1
406,422,6,0,1,1,1,0,0,0,0,0,0,0
407,423,2,1,1,1,0,1,0,0,1,0,0,1
408,424,0,0,0,0,0,0,0,0,0,0,0,0
409,425,0,0,0,0,0,0,0,0,0,0,0,0
410,426,7,0,1,1,1,0,0,0,0,0,0,0
411,427,7,1,1,1,1,1,0,0,1,0,0,1
412,428,1,0,1,0,0,0,0,0,0,0,0,0
413,429,7,1,1,1,1,1,0,0,1,0,0,1
414,430,0,0,0,0,0,0,0,0,0,0,0,0
415,431,3,0,1,1,1,0,0,0,0,0,0,0
416,432,3,0,1,1,1,0,0,0,0,0,0,0
417,433,3,0,1,1,1,0,0,0,0,0,0,0
418,434,0,0,0,0,0,0,0,0,0,0,0,0
419,435,0,0,0,0,0,0,0,0,0,0,0,0
420,436,5,2,1,1,1,1,1,0,1,1,0,1
421,437,0,0,0,0,0,0,0,0,0,0,0,0
422,441,0,0,0,0,0,0,0,0,0,0,0,0
423,442,1,2,1,0,0,1,1,0,1,0,0,1
424,443,14,1,1,1,1,1,0,0,1,0,0,1
425,444,0,0,0,0,0,0,0,0,0,0,0,0
426,445,1,0,1,0,0,0,0,0,0,0,0,0
427,446,0,0,0,0,0,0,0,0,0,0,0,0
428,447,6,2,1,1,1,1,1,0,1,1,0,1
429,448,3,0,1,1,1,0,0,0,0,0,0,0
430,449,3,1,1,1,1,1,0,0,1,0,0,1
431,451,3,0,1,1,1,0,0,0,0,0,0,0
432,452,1,0,1,0,0,0,0,0,0,0,0,0
433,453,0,0,0,0,0,0,0,0,0,0,0,0
434,454,4,0,1,1,1,0,0,0,0,0,0,0
435,455,2,0,1,1,0,0,0,0,0,0,0,0
436,457,4,1,1,1,1,1,0,0,1,0,0,1
437,458,6,0,1,1,1,0,0,0,0,0,0,0
438,459,0,0,0,0,0,0,0,0,0,0,0,0
439,460,0,2,0,0,0,1,1,0,0,0,0,0
440,461,5,3,1,1,1,1,1,1,1,1,1,1
441,463,0,0,0,0,0,0,0,0,0,0,0,0
442,464,5,0,1,1,1,0,0,0,0,0,0,0
443,465,2,1,1,1,0,1,0,0,1,0,0,1
444,466,2,1,1,1,0,1,0,0,1,0,0,1
445,468,0,0,0,0,0,0,0,0,0,0,0,0
446,469,3,0,1,1,1,0,0,0,0,0,0,0
447,470,0,0,0,0,0,0,0,0,0,0,0,0
448,471,4,0,1,1,1,0,0,0,0,0,0,0
449,472,0,0,0,0,0,0,0,0,0,0,0,0
450,473,3,2,1,1,1,1,1,0,1,1,0,1
451,474,1,0,1,0,0,0,0,0,0,0,0,0
452,475,8,2,1,1,1,1,1,0,1,1,0,1
453,476,9,1,1,1,1,1,0,0,1,0,0,1
454,477,0,0,0,0,0,0,0,0,0,0,0,0
455,478,0,0,0,0,0,0,0,0,0,0,0,0
456,479,0,0,0,0,0,0,0,0,0,0,0,0
457,480,0,0,0,0,0,0,0,0,0,0,0,0
458,481,11,5,1,1,1,1,1,1,1,1,1,1
459,482,11,2,1,1,1,1,1,0,1,1,0,1
460,483,2,0,1,1,0,0,0,0,0,0,0,0
461,484,6,1,1,1,1,1,0,0,1,0,0,1
462,485,1,0,1,0,0,0,0,0,0,0,0,0
463,486,2,0,1,1,0,0,0,0,0,0,0,0
464,487,0,0,0,0,0,0,0,0,0,0,0,0
465,488,2,0,1,1,0,0,0,0,0,0,0,0
466,489,1,2,1,0,0,1,1,0,1,0,0,1
467,490,0,0,0,0,0,0,0,0,0,0,0,0
468,491,0,0,0,0,0,0,0,0,0,0,0,0
469,492,0,0,0,0,0,0,0,0,0,0,0,0
470,493,0,0,0,0,0,0,0,0,0,0,0,0
471,494,0,0,0,0,0,0,0,0,0,0,0,0
472,495,0,0,0,0,0,0,0,0,0,0,0,0
473,496,4,1,1,1,1,1,0,0,1,0,0,1
474,497,1,0,1,0,0,0,0,0,0,0,0,0
475,498,1,0,1,0,0,0,0,0,0,0,0,0
476,499,0,0,0,0,0,0,0,0,0,0,0,0
477,500,0,0,0,0,0,0,0,0,0,0,0,0
478,501,0,0,0,0,0,0,0,0,0,0,0,0
479,502,0,0,0,0,0,0,0,0,0,0,0,0
480,503,4,0,1,1,1,0,0,0,0,0,0,0
481,504,1,0,1,0,0,0,0,0,0,0,0,0
482,505,4,0,1,1,1,0,0,0,0,0,0,0
483,506,0,0,0,0,0,0,0,0,0,0,0,0
484,507,0,0,0,0,0,0,0,0,0,0,0,0
485,508,3,0,1,1,1,0,0,0,0,0,0,0
486,509,0,0,0,0,0,0,0,0,0,0,0,0
487,510,5,0,1,1,1,0,0,0,0,0,0,0
488,511,6,1,1,1,1,1,0,0,1,0,0,1
489,512,7,0,1,1,1,0,0,0,0,0,0,0
490,513,3,0,1,1,1,0,0,0,0,0,0,0
491,514,2,0,1,1,0,0,0,0,0,0,0,0
492,515,2,2,1,1,0,1,1,0,1,1,0,1
493,516,3,0,1,1,1,0,0,0,0,0,0,0
494,517,8,0,1,1,1,0,0,0,0,0,0,0
495,518,0,0,0,0,0,0,0,0,0,0,0,0
496,519,0,0,0,0,0,0,0,0,0,0,0,0
497,520,2,0,1,1,0,0,0,0,0,0,0,0
498,521,0,0,0,0,0,0,0,0,0,0,0,0
499,522,2,0,1,1,0,0,0,0,0,0,0,0
500,523,0,0,0,0,0,0,0,0,0,0,0,0
501,524,0,0,0,0,0,0,0,0,0,0,0,0
502,525,0,0,0,0,0,0,0,0,0,0,0,0
503,526,3,0,1,1,1,0,0,0,0,0,0,0
504,527,0,0,0,0,0,0,0,0,0,0,0,0
505,528,0,0,0,0,0,0,0,0,0,0,0,0
506,529,0,0,0,0,0,0,0,0,0,0,0,0
507,530,0,0,0,0,0,0,0,0,0,0,0,0
508,532,4,0,1,1,1,0,0,0,0,0,0,0
509,534,5,2,1,1,1,1,1,0,1,1,0,1
510,535,4,1,1,1,1,1,0,0,1,0,0,1
511,536,0,0,0,0,0,0,0,0,0,0,0,0
512,537,0,0,0,0,0,0,0,0,0,0,0,0
513,538,0,0,0,0,0,0,0,0,0,0,0,0
514,540,8,2,1,1,1,1,1,0,1,1,0,1
515,541,2,1,1,1,0,1,0,0,1,0,0,1
516,542,0,0,0,0,0,0,0,0,0,0,0,0
517,543,0,0,0,0,0,0,0,0,0,0,0,0
518,545,0,0,0,0,0,0,0,0,0,0,0,0
519,546,0,0,0,0,0,0,0,0,0,0,0,0
520,547,0,0,0,0,0,0,0,0,0,0,0,0
521,548,2,0,1,1,0,0,0,0,0,0,0,0
522,549,4,0,1,1,1,0,0,0,0,0,0,0
523,550,9,2,1,1,1,1,1,0,1,1,0,1
524,551,0,0,0,0,0,0,0,0,0,0,0,0
525,552,0,0,0,0,0,0,0,0,0,0,0,0
526,553,0,0,0,0,0,0,0,0,0,0,0,0
527,555,0,0,0,0,0,0,0,0,0,0,0,0
528,556,0,0,0,0,0,0,0,0,0,0,0,0
529,557,5,0,1,1,1,0,0,0,0,0,0,0
530,558,1,0,1,0,0,0,0,0,0,0,0,0
531,559,0,0,0,0,0,0,0,0,0,0,0,0
532,560,0,0,0,0,0,0,0,0,0,0,0,0
533,561,0,0,0,0,0,0,0,0,0,0,0,0
534,562,2,0,1,1,0,0,0,0,0,0,0,0
535,563,2,0,1,1,0,0,0,0,0,0,0,0
536,564,1,0,1,0,0,0,0,0,0,0,0,0
537,565,0,0,0,0,0,0,0,0,0,0,0,0
538,566,1,0,1,0,0,0,0,0,0,0,0,0
539,567,1,0,1,0,0,0,0,0,0,0,0,0
540,568,2,1,1,1,0,1,0,0,1,0,0,1
541,569,2,1,1,1,0,1,0,0,1,0,0,1
542,570,1,0,1,0,0,0,0,0,0,0,0,0
543,571,0,0,0,0,0,0,0,0,0,0,0,0
544,572,0,0,0,0,0,0,0,0,0,0,0,0
545,573,1,0,1,0,0,0,0,0,0,0,0,0
546,574,0,0,0,0,0,0,0,0,0,0,0,0
547,575,2,0,1,1,0,0,0,0,0,0,0,0
548,576,1,0,1,0,0,0,0,0,0,0,0,0
549,577,0,0,0,0,0,0,0,0,0,0,0,0
550,578,1,0,1,0,0,0,0,0,0,0,0,0
551,579,0,0,0,0,0,0,0,0,0,0,0,0
552,580,0,0,0,0,0,0,0,0,0,0,0,0
553,581,1,0,1,0,0,0,0,0,0,0,0,0
554,582,1,0,1,0,0,0,0,0,0,0,0,0
555,583,3,0,1,1,1,0,0,0,0,0,0,0
556,584,1,2,1,0,0,1,1,0,1,0,0,1
557,585,6,0,1,1,1,0,0,0,0,0,0,0
558,586,3,0,1,1,1,0,0,0,0,0,0,0
559,587,1,1,1,0,0,1,0,0,1,0,0,1
560,588,3,2,1,1,1,1,1,0,1,1,0,1
561,589,3,0,1,1,1,0,0,0,0,0,0,0
562,590,2,0,1,1,0,0,0,0,0,0,0,0
563,591,8,2,1,1,1,1,1,0,1,1,0,1
564,592,0,0,0,0,0,0,0,0,0,0,0,0
565,593,0,0,0,0,0,0,0,0,0,0,0,0
566,594,8,1,1,1,1,1,0,0,1,0,0,1
567,595,0,0,0,0,0,0,0,0,0,0,0,0
568,596,0,2,0,0,0,1,1,0,0,0,0,0
569,597,0,0,0,0,0,0,0,0,0,0,0,0
570,598,0,0,0,0,0,0,0,0,0,0,0,0
571,599,0,2,0,0,0,1,1,0,0,0,0,0
572,600,7,1,1,1,1,1,0,0,1,0,0,1
573,601,7,1,1,1,1,1,0,0,1,0,0,1
574,602,0,0,0,0,0,0,0,0,0,0,0,0
575,603,0,0,0,0,0,0,0,0,0,0,0,0
576,604,0,0,0,0,0,0,0,0,0,0,0,0
577,605,1,1,1,0,0,1,0,0,1,0,0,1
578,606,1,0,1,0,0,0,0,0,0,0,0,0
579,607,6,0,1,1,1,0,0,0,0,0,0,0
580,608,0,0,0,0,0,0,0,0,0,0,0,0
581,609,4,1,1,1,1,1,0,0,1,0,0,1
582,610,8,0,1,1,1,0,0,0,0,0,0,0
583,611,0,0,0,0,0,0,0,0,0,0,0,0
584,612,0,0,0,0,0,0,0,0,0,0,0,0
585,613,0,0,0,0,0,0,0,0,0,0,0,0
586,614,0,0,0,0,0,0,0,0,0,0,0,0
587,615,0,0,0,0,0,0,0,0,0,0,0,0
588,616,1,0,1,0,0,0,0,0,0,0,0,0
589,617,0,0,0,0,0,0,0,0,0,0,0,0
590,618,1,0,1,0,0,0,0,0,0,0,0,0
591,619,0,0,0,0,0,0,0,0,0,0,0,0
592,620,2,0,1,1,0,0,0,0,0,0,0,0
593,621,2,0,1,1,0,0,0,0,0,0,0,0
594,622,0,0,0,0,0,0,0,0,0,0,0,0
595,623,0,0,0,0,0,0,0,0,0,0,0,0
596,624,0,0,0,0,0,0,0,0,0,0,0,0
597,625,0,0,0,0,0,0,0,0,0,0,0,0
598,626,0,1,0,0,0,1,0,0,0,0,0,0
599,627,0,0,0,0,0,0,0,0,0,0,0,0
600,628,3,0,1,1,1,0,0,0,0,0,0,0
601,629,0,0,0,0,0,0,0,0,0,0,0,0
602,630,3,0,1,1,1,0,0,0,0,0,0,0
603,631,1,0,1,0,0,0,0,0,0,0,0,0
604,632,4,2,1,1,1,1,1,0,1,1,0,1
605,633,4,4,1,1,1,1,1,1,1,1,1,1
606,634,1,1,1,0,0,1,0,0,1,0,0,1
607,635,4,2,1,1,1,1,1,0,1,1,0,1
608,636,1,2,1,0,0,1,1,0,1,0,0,1
609,638,0,1,0,0,0,1,0,0,0,0,0,0
610,640,1,0,1,0,0,0,0,0,0,0,0,0
611,641,0,0,0,0,0,0,0,0,0,0,0,0
612,642,0,0,0,0,0,0,0,0,0,0,0,0
613,643,1,1,1,0,0,1,0,0,1,0,0,1
614,644,0,0,0,0,0,0,0,0,0,0,0,0
615,645,2,0,1,1,0,0,0,0,0,0,0,0
616,646,6,1,1,1,1,1,0,0,1,0,0,1
617,647,2,1,1,1,0,1,0,0,1,0,0,1
618,648,7,1,1,1,1,1,0,0,1,0,0,1
619,649,0,0,0,0,0,0,0,0,0,0,0,0
620,650,0,0,0,0,0,0,0,0,0,0,0,0
621,651,0,0,0,0,0,0,0,0,0,0,0,0
622,652,0,0,0,0,0,0,0,0,0,0,0,0
623,653,0,0,0,0,0,0,0,0,0,0,0,0
624,656,0,0,0,0,0,0,0,0,0,0,0,0
625,657,0,0,0,0,0,0,0,0,0,0,0,0
626,658,2,1,1,1,0,1,0,0,1,0,0,1
627,659,0,1,0,0,0,1,0,0,0,0,0,0
628,660,4,0,1,1,1,0,0,0,0,0,0,0
629,661,0,0,0,0,0,0,0,0,0,0,0,0
630,662,5,0,1,1,1,0,0,0,0,0,0,0
631,663,1,1,1,0,0,1,0,0,1,0,0,1
632,664,1,0,1,0,0,0,0,0,0,0,0,0
633,665,0,0,0,0,0,0,0,0,0,0,0,0
634,666,4,0,1,1,1,0,0,0,0,0,0,0
635,667,0,0,0,0,0,0,0,0,0,0,0,0
636,668,0,0,0,0,0,0,0,0,0,0,0,0
637,669,0,1,0,0,0,1,0,0,0,0,0,0
638,670,2,2,1,1,0,1,1,0,1,1,0,1
639,671,0,1,0,0,0,1,0,0,0,0,0,0
640,672,0,0,0,0,0,0,0,0,0,0,0,0
641,673,0,0,0,0,0,0,0,0,0,0,0,0
642,674,1,0,1,0,0,0,0,0,0,0,0,0
643,675,0,0,0,0,0,0,0,0,0,0,0,0
644,676,0,0,0,0,0,0,0,0,0,0,0,0
645,677,0,0,0,0,0,0,0,0,0,0,0,0
646,678,7,1,1,1,1,1,0,0,1,0,0,1
647,680,1,0,1,0,0,0,0,0,0,0,0,0
648,681,1,0,1,0,0,0,0,0,0,0,0,0
649,682,2,0,1,1,0,0,0,0,0,0,0,0
650,683,10,1,1,1,1,1,0,0,1,0,0,1
651,684,1,1,1,0,0,1,0,0,1,0,0,1
652,685,0,1,0,0,0,1,0,0,0,0,0,0
653,686,0,0,0,0,0,0,0,0,0,0,0,0
654,687,0,0,0,0,0,0,0,0,0,0,0,0
655,688,0,0,0,0,0,0,0,0,0,0,0,0
656,689,1,2,1,0,0,1,1,0,1,0,0,1
657,691,0,0,0,0,0,0,0,0,0,0,0,0
658,693,0,0,0,0,0,0,0,0,0,0,0,0
659,694,0,0,0,0,0,0,0,0,0,0,0,0
660,695,0,0,0,0,0,0,0,0,0,0,0,0
661,696,0,0,0,0,0,0,0,0,0,0,0,0
662,697,0,0,0,0,0,0,0,0,0,0,0,0
663,698,0,0,0,0,0,0,0,0,0,0,0,0
664,699,0,0,0,0,0,0,0,0,0,0,0,0
665,700,1,0,1,0,0,0,0,0,0,0,0,0
666,701,1,0,1,0,0,0,0,0,0,0,0,0
667,702,1,1,1,0,0,1,0,0,1,0,0,1
668,703,0,1,0,0,0,1,0,0,0,0,0,0
669,704,3,2,1,1,1,1,1,0,1,1,0,1
670,705,8,1,1,1,1,1,0,0,1,0,0,1
671,706,3,2,1,1,1,1,1,0,1,1,0,1
672,707,0,0,0,0,0,0,0,0,0,0,0,0
673,708,3,2,1,1,1,1,1,0,1,1,0,1
674,709,1,0,1,0,0,0,0,0,0,0,0,0
675,710,0,0,0,0,0,0,0,0,0,0,0,0
676,711,0,0,0,0,0,0,0,0,0,0,0,0
677,712,0,0,0,0,0,0,0,0,0,0,0,0
678,713,1,0,1,0,0,0,0,0,0,0,0,0
679,714,1,0,1,0,0,0,0,0,0,0,0,0
680,715,0,0,0,0,0,0,0,0,0,0,0,0
681,716,0,0,0,0,0,0,0,0,0,0,0,0
682,717,1,0,1,0,0,0,0,0,0,0,0,0
683,718,1,1,1,0,0,1,0,0,1,0,0,1
684,720,0,0,0,0,0,0,0,0,0,0,0,0
685,721,0,0,0,0,0,0,0,0,0,0,0,0
686,722,0,0,0,0,0,0,0,0,0,0,0,0
687,723,0,0,0,0,0,0,0,0,0,0,0,0
688,725,1,0,1,0,0,0,0,0,0,0,0,0
689,726,1,0,1,0,0,0,0,0,0,0,0,0
690,727,0,0,0,0,0,0,0,0,0,0,0,0
691,729,2,0,1,1,0,0,0,0,0,0,0,0
692,730,1,0,1,0,0,0,0,0,0,0,0,0
693,731,1,0,1,0,0,0,0,0,0,0,0,0
694,733,6,4,1,1,1,1,1,1,1,1,1,1
695,734,7,0,1,1,1,0,0,0,0,0,0,0
696,735,4,1,1,1,1,1,0,0,1,0,0,1
697,736,2,1,1,1,0,1,0,0,1,0,0,1
698,737,0,0,0,0,0,0,0,0,0,0,0,0
699,738,0,0,0,0,0,0,0,0,0,0,0,0
700,739,6,1,1,1,1,1,0,0,1,0,0,1
701,740,0,0,0,0,0,0,0,0,0,0,0,0
702,741,1,0,1,0,0,0,0,0,0,0,0,0
703,743,0,0,0,0,0,0,0,0,0,0,0,0
704,744,1,0,1,0,0,0,0,0,0,0,0,0
705,745,0,0,0,0,0,0,0,0,0,0,0,0
706,746,0,1,0,0,0,1,0,0,0,0,0,0
707,747,4,0,1,1,1,0,0,0,0,0,0,0
708,748,3,0,1,1,1,0,0,0,0,0,0,0
709,749,0,2,0,0,0,1,1,0,0,0,0,0
710,750,0,0,0,0,0,0,0,0,0,0,0,0
711,751,0,0,0,0,0,0,0,0,0,0,0,0
712,752,0,1,0,0,0,1,0,0,0,0,0,0
713,753,0,0,0,0,0,0,0,0,0,0,0,0
714,754,4,0,1,1,1,0,0,0,0,0,0,0
715,755,2,0,1,1,0,0,0,0,0,0,0,0
716,756,0,0,0,0,0,0,0,0,0,0,0,0
717,757,0,0,0,0,0,0,0,0,0,0,0,0
718,758,1,0,1,0,0,0,0,0,0,0,0,0
719,759,0,0,0,0,0,0,0,0,0,0,0,0
720,760,1,0,1,0,0,0,0,0,0,0,0,0
721,761,3,0,1,1,1,0,0,0,0,0,0,0
722,762,0,0,0,0,0,0,0,0,0,0,0,0
723,763,6,2,1,1,1,1,1,0,1,1,0,1
724,764,0,0,0,0,0,0,0,0,0,0,0,0
725,765,0,1,0,0,0,1,0,0,0,0,0,0
726,766,8,1,1,1,1,1,0,0,1,0,0,1
727,767,0,0,0,0,0,0,0,0,0,0,0,0
728,768,0,0,0,0,0,0,0,0,0,0,0,0
729,769,3,0,1,1,1,0,0,0,0,0,0,0
730,770,0,0,0,0,0,0,0,0,0,0,0,0
731,771,0,0,0,0,0,0,0,0,0,0,0,0
732,772,0,0,0,0,0,0,0,0,0,0,0,0
733,773,2,0,1,1,0,0,0,0,0,0,0,0
734,774,5,2,1,1,1,1,1,0,1,1,0,1
735,775,0,0,0,0,0,0,0,0,0,0,0,0
736,776,1,0,1,0,0,0,0,0,0,0,0,0
737,777,1,0,1,0,0,0,0,0,0,0,0,0
738,778,6,0,1,1,1,0,0,0,0,0,0,0
739,779,4,0,1,1,1,0,0,0,0,0,0,0
740,780,5,0,1,1,1,0,0,0,0,0,0,0
741,781,0,0,0,0,0,0,0,0,0,0,0,0
742,782,9,0,1,1,1,0,0,0,0,0,0,0
743,783,0,0,0,0,0,0,0,0,0,0,0,0
744,785,9,0,1,1,1,0,0,0,0,0,0,0
745,786,2,0,1,1,0,0,0,0,0,0,0,0
746,788,5,0,1,1,1,0,0,0,0,0,0,0
747,789,5,0,1,1,1,0,0,0,0,0,0,0
748,790,7,1,1,1,1,1,0,0,1,0,0,1
749,791,0,0,0,0,0,0,0,0,0,0,0,0
750,792,3,0,1,1,1,0,0,0,0,0,0,0
751,793,2,0,1,1,0,0,0,0,0,0,0,0
752,794,7,0,1,1,1,0,0,0,0,0,0,0
753,795,0,0,0,0,0,0,0,0,0,0,0,0
754,796,2,0,1,1,0,0,0,0,0,0,0,0
755,797,3,2,1,1,1,1,1,0,1,1,0,1
756,799,0,0,0,0,0,0,0,0,0,0,0,0
757,800,2,0,1,1,0,0,0,0,0,0,0,0
758,802,2,1,1,1,0,1,0,0,1,0,0,1
759,803,2,2,1,1,0,1,1,0,1,1,0,1
760,804,0,0,0,0,0,0,0,0,0,0,0,0
761,805,0,0,0,0,0,0,0,0,0,0,0,0
762,806,0,1,0,0,0,1,0,0,0,0,0,0
763,807,1,0,1,0,0,0,0,0,0,0,0,0
764,808,1,0,1,0,0,0,0,0,0,0,0,0
765,809,2,0,1,1,0,0,0,0,0,0,0,0
766,810,0,0,0,0,0,0,0,0,0,0,0,0
767,811,0,0,0,0,0,0,0,0,0,0,0,0
768,812,1,0,1,0,0,0,0,0,0,0,0,0
769,813,0,0,0,0,0,0,0,0,0,0,0,0
770,814,0,0,0,0,0,0,0,0,0,0,0,0
771,815,0,0,0,0,0,0,0,0,0,0,0,0
772,816,0,0,0,0,0,0,0,0,0,0,0,0
773,817,2,1,1,1,0,1,0,0,1,0,0,1
774,818,2,1,1,1,0,1,0,0,1,0,0,1
775,819,0,0,0,0,0,0,0,0,0,0,0,0
776,820,0,0,0,0,0,0,0,0,0,0,0,0
777,822,0,0,0,0,0,0,0,0,0,0,0,0
778,823,4,2,1,1,1,1,1,0,1,1,0,1
779,824,0,0,0,0,0,0,0,0,0,0,0,0
780,825,0,0,0,0,0,0,0,0,0,0,0,0
781,826,0,0,0,0,0,0,0,0,0,0,0,0
782,827,0,0,0,0,0,0,0,0,0,0,0,0
783,828,2,0,1,1,0,0,0,0,0,0,0,0
784,829,3,1,1,1,1,1,0,0,1,0,0,1
785,830,2,0,1,1,0,0,0,0,0,0,0,0
786,831,0,0,0,0,0,0,0,0,0,0,0,0
787,832,0,0,0,0,0,0,0,0,0,0,0,0
788,833,0,0,0,0,0,0,0,0,0,0,0,0
789,834,1,0,1,0,0,0,0,0,0,0,0,0
790,835,3,0,1,1,1,0,0,0,0,0,0,0
791,836,1,0,1,0,0,0,0,0,0,0,0,0
792,837,0,0,0,0,0,0,0,0,0,0,0,0
793,838,0,0,0,0,0,0,0,0,0,0,0,0
794,840,3,0,1,1,1,0,0,0,0,0,0,0
795,842,0,0,0,0,0,0,0,0,0,0,0,0
796,843,0,0,0,0,0,0,0,0,0,0,0,0
797,844,0,0,0,0,0,0,0,0,0,0,0,0
798,845,2,1,1,1,0,1,0,0,1,0,0,1
799,846,0,0,0,0,0,0,0,0,0,0,0,0
800,847,2,0,1,1,0,0,0,0,0,0,0,0
801,848,0,0,0,0,0,0,0,0,0,0,0,0
802,849,0,0,0,0,0,0,0,0,0,0,0,0
803,850,3,0,1,1,1,0,0,0,0,0,0,0
804,851,0,0,0,0,0,0,0,0,0,0,0,0
805,852,0,0,0,0,0,0,0,0,0,0,0,0
806,853,8,0,1,1,1,0,0,0,0,0,0,0
807,854,0,0,0,0,0,0,0,0,0,0,0,0
808,855,1,0,1,0,0,0,0,0,0,0,0,0
809,856,0,0,0,0,0,0,0,0,0,0,0,0
810,857,2,1,1,1,0,1,0,0,1,0,0,1
811,858,0,0,0,0,0,0,0,0,0,0,0,0
812,859,0,0,0,0,0,0,0,0,0,0,0,0
813,860,0,0,0,0,0,0,0,0,0,0,0,0
814,861,0,0,0,0,0,0,0,0,0,0,0,0
815,862,0,0,0,0,0,0,0,0,0,0,0,0
816,863,0,0,0,0,0,0,0,0,0,0,0,0
817,864,2,0,1,1,0,0,0,0,0,0,0,0
818,865,2,0,1,1,0,0,0,0,0,0,0,0
819,866,1,0,1,0,0,0,0,0,0,0,0,0
820,867,4,1,1,1,1,1,0,0,1,0,0,1
821,868,1,0,1,0,0,0,0,0,0,0,0,0
822,869,6,1,1,1,1,1,0,0,1,0,0,1
823,870,1,0,1,0,0,0,0,0,0,0,0,0
824,871,0,0,0,0,0,0,0,0,0,0,0,0
825,872,2,0,1,1,0,0,0,0,0,0,0,0
826,873,0,0,0,0,0,0,0,0,0,0,0,0
827,874,0,0,0,0,0,0,0,0,0,0,0,0
828,875,2,0,1,1,0,0,0,0,0,0,0,0
829,876,1,0,1,0,0,0,0,0,0,0,0,0
830,877,1,0,1,0,0,0,0,0,0,0,0,0
831,879,0,0,0,0,0,0,0,0,0,0,0,0
832,880,0,0,0,0,0,0,0,0,0,0,0,0
833,881,1,0,1,0,0,0,0,0,0,0,0,0
834,882,0,0,0,0,0,0,0,0,0,0,0,0
835,883,4,0,1,1,1,0,0,0,0,0,0,0
836,884,0,0,0,0,0,0,0,0,0,0,0,0
837,885,1,0,1,0,0,0,0,0,0,0,0,0
838,886,0,0,0,0,0,0,0,0,0,0,0,0
839,887,0,0,0,0,0,0,0,0,0,0,0,0
840,888,0,0,0,0,0,0,0,0,0,0,0,0
841,889,4,0,1,1,1,0,0,0,0,0,0,0
842,890,3,0,1,1,1,0,0,0,0,0,0,0
843,891,0,0,0,0,0,0,0,0,0,0,0,0
844,892,1,3,1,0,0,1,1,1,1,0,0,1
845,893,0,0,0,0,0,0,0,0,0,0,0,0
846,895,2,1,1,1,0,1,0,0,1,0,0,1
847,896,0,0,0,0,0,0,0,0,0,0,0,0
848,897,0,0,0,0,0,0,0,0,0,0,0,0
849,898,0,0,0,0,0,0,0,0,0,0,0,0
850,899,0,0,0,0,0,0,0,0,0,0,0,0
851,900,6,3,1,1,1,1,1,1,1,1,1,1
852,901,2,0,1,1,0,0,0,0,0,0,0,0
853,902,3,0,1,1,1,0,0,0,0,0,0,0
854,903,6,1,1,1,1,1,0,0,1,0,0,1
855,905,3,1,1,1,1,1,0,0,1,0,0,1
856,906,3,1,1,1,1,1,0,0,1,0,0,1
857,907,1,0,1,0,0,0,0,0,0,0,0,0
858,908,0,0,0,0,0,0,0,0,0,0,0,0
859,909,0,0,0,0,0,0,0,0,0,0,0,0
860,910,0,0,0,0,0,0,0,0,0,0,0,0
861,911,0,0,0,0,0,0,0,0,0,0,0,0
862,912,1,0,1,0,0,0,0,0,0,0,0,0
863,913,0,0,0,0,0,0,0,0,0,0,0,0
864,914,2,0,1,1,0,0,0,0,0,0,0,0
865,915,0,0,0,0,0,0,0,0,0,0,0,0
866,916,4,0,1,1,1,0,0,0,0,0,0,0
867,917,1,0,1,0,0,0,0,0,0,0,0,0
868,918,12,3,1,1,1,1,1,1,1,1,1,1
869,919,15,3,1,1,1,1,1,1,1,1,1,1
870,920,4,0,1,1,1,0,0,0,0,0,0,0
871,921,11,6,1,1,1,1,1,1,1,1,1,1
872,922,0,0,0,0,0,0,0,0,0,0,0,0
873,923,0,0,0,0,0,0,0,0,0,0,0,0
874,924,6,2,1,1,1,1,1,0,1,1,0,1
875,925,0,0,0,0,0,0,0,0,0,0,0,0
876,926,4,0,1,1,1,0,0,0,0,0,0,0
877,927,3,0,1,1,1,0,0,0,0,0,0,0
878,929,0,0,0,0,0,0,0,0,0,0,0,0
879,930,0,0,0,0,0,0,0,0,0,0,0,0
880,931,0,0,0,0,0,0,0,0,0,0,0,0
881,932,4,0,1,1,1,0,0,0,0,0,0,0
882,933,0,0,0,0,0,0,0,0,0,0,0,0
883,934,0,0,0,0,0,0,0,0,0,0,0,0
884,935,0,0,0,0,0,0,0,0,0,0,0,0
885,936,0,0,0,0,0,0,0,0,0,0,0,0
886,937,1,0,1,0,0,0,0,0,0,0,0,0
887,938,0,0,0,0,0,0,0,0,0,0,0,0
888,939,0,0,0,0,0,0,0,0,0,0,0,0
889,940,0,0,0,0,0,0,0,0,0,0,0,0
890,941,0,0,0,0,0,0,0,0,0,0,0,0
891,942,0,0,0,0,0,0,0,0,0,0,0,0
892,943,5,0,1,1,1,0,0,0,0,0,0,0
893,944,1,0,1,0,0,0,0,0,0,0,0,0
894,945,0,0,0,0,0,0,0,0,0,0,0,0
895,946,1,0,1,0,0,0,0,0,0,0,0,0
896,947,9,1,1,1,1,1,0,0,1,0,0,1
897,948,1,0,1,0,0,0,0,0,0,0,0,0
898,949,0,0,0,0,0,0,0,0,0,0,0,0
899,950,0,0,0,0,0,0,0,0,0,0,0,0
900,951,0,0,0,0,0,0,0,0,0,0,0,0
901,952,1,0,1,0,0,0,0,0,0,0,0,0
902,953,0,0,0,0,0,0,0,0,0,0,0,0
903,954,0,0,0,0,0,0,0,0,0,0,0,0
904,955,7,0,1,1,1,0,0,0,0,0,0,0
905,956,0,0,0,0,0,0,0,0,0,0,0,0
906,957,0,0,0,0,0,0,0,0,0,0,0,0
907,958,0,0,0,0,0,0,0,0,0,0,0,0
908,959,0,1,0,0,0,1,0,0,0,0,0,0
909,960,2,0,1,1,0,0,0,0,0,0,0,0
910,961,2,0,1,1,0,0,0,0,0,0,0,0
911,962,0,0,0,0,0,0,0,0,0,0,0,0
912,963,0,0,0,0,0,0,0,0,0,0,0,0
913,964,0,0,0,0,0,0,0,0,0,0,0,0
914,965,1,0,1,0,0,0,0,0,0,0,0,0
915,966,0,0,0,0,0,0,0,0,0,0,0,0
916,967,0,0,0,0,0,0,0,0,0,0,0,0
917,968,3,1,1,1,1,1,0,0,1,0,0,1
918,969,2,0,1,1,0,0,0,0,0,0,0,0
919,970,1,0,1,0,0,0,0,0,0,0,0,0
920,972,1,0,1,0,0,0,0,0,0,0,0,0
921,973,1,1,1,0,0,1,0,0,1,0,0,1
922,974,5,1,1,1,1,1,0,0,1,0,0,1
923,975,3,0,1,1,1,0,0,0,0,0,0,0
924,976,0,0,0,0,0,0,0,0,0,0,0,0
925,977,4,0,1,1,1,0,0,0,0,0,0,0
926,978,0,1,0,0,0,1,0,0,0,0,0,0
927,979,0,0,0,0,0,0,0,0,0,0,0,0
928,980,6,1,1,1,1,1,0,0,1,0,0,1
929,981,4,1,1,1,1,1,0,0,1,0,0,1
930,983,0,0,0,0,0,0,0,0,0,0,0,0
931,984,0,0,0,0,0,0,0,0,0,0,0,0
932,985,1,0,1,0,0,0,0,0,0,0,0,0
933,986,0,0,0,0,0,0,0,0,0,0,0,0
934,987,1,3,1,0,0,1,1,1,1,0,0,1
935,988,1,0,1,0,0,0,0,0,0,0,0,0
936,989,0,0,0,0,0,0,0,0,0,0,0,0
937,990,0,0,0,0,0,0,0,0,0,0,0,0
938,991,0,0,0,0,0,0,0,0,0,0,0,0
939,992,3,1,1,1,1,1,0,0,1,0,0,1
940,993,0,0,0,0,0,0,0,0,0,0,0,0
941,994,0,0,0,0,0,0,0,0,0,0,0,0
942,995,2,0,1,1,0,0,0,0,0,0,0,0
943,996,2,0,1,1,0,0,0,0,0,0,0,0
944,997,3,4,1,1,1,1,1,1,1,1,1,1
945,998,0,0,0,0,0,0,0,0,0,0,0,0
946,999,0,0,0,0,0,0,0,0,0,0,0,0
947,1000,1,0,1,0,0,0,0,0,0,0,0,0
948,1001,0,0,0,0,0,0,0,0,0,0,0,0
949,1002,2,0,1,1,0,0,0,0,0,0,0,0
950,1003,8,2,1,1,1,1,1,0,1,1,0,1
951,1004,0,0,0,0,0,0,0,0,0,0,0,0
952,1005,3,0,1,1,1,0,0,0,0,0,0,0
953,1006,0,0,0,0,0,0,0,0,0,0,0,0
954,1007,0,0,0,0,0,0,0,0,0,0,0,0
955,1008,4,2,1,1,1,1,1,0,1,1,0,1
956,1009,1,0,1,0,0,0,0,0,0,0,0,0
957,1010,0,0,0,0,0,0,0,0,0,0,0,0
958,1011,5,0,1,1,1,0,0,0,0,0,0,0
959,1012,0,0,0,0,0,0,0,0,0,0,0,0
960,1013,9,0,1,1,1,0,0,0,0,0,0,0
961,1014,0,0,0,0,0,0,0,0,0,0,0,0
962,1015,1,0,1,0,0,0,0,0,0,0,0,0
963,1016,0,0,0,0,0,0,0,0,0,0,0,0
964,1018,0,0,0,0,0,0,0,0,0,0,0,0
965,1019,3,2,1,1,1,1,1,0,1,1,0,1
966,1020,0,0,0,0,0,0,0,0,0,0,0,0
967,1022,0,0,0,0,0,0,0,0,0,0,0,0
968,1023,4,2,1,1,1,1,1,0,1,1,0,1
969,1024,1,1,1,0,0,1,0,0,1,0,0,1
970,1025,6,2,1,1,1,1,1,0,1,1,0,1
971,1026,2,1,1,1,0,1,0,0,1,0,0,1
972,1027,0,0,0,0,0,0,0,0,0,0,0,0
973,1028,1,0,1,0,0,0,0,0,0,0,0,0
974,1029,5,0,1,1,1,0,0,0,0,0,0,0
975,1030,0,1,0,0,0,1,0,0,0,0,0,0
976,1031,0,0,0,0,0,0,0,0,0,0,0,0
977,1032,7,0,1,1,1,0,0,0,0,0,0,0
978,1033,0,0,0,0,0,0,0,0,0,0,0,0
979,1034,3,0,1,1,1,0,0,0,0,0,0,0
980,1035,3,0,1,1,1,0,0,0,0,0,0,0
981,1036,2,0,1,1,0,0,0,0,0,0,0,0
982,1037,0,0,0,0,0,0,0,0,0,0,0,0
983,1038,0,0,0,0,0,0,0,0,0,0,0,0
984,1039,0,0,0,0,0,0,0,0,0,0,0,0
985,1040,0,0,0,0,0,0,0,0,0,0,0,0
986,1041,0,0,0,0,0,0,0,0,0,0,0,0
987,1042,0,0,0,0,0,0,0,0,0,0,0,0
988,1043,0,0,0,0,0,0,0,0,0,0,0,0
989,1044,0,0,0,0,0,0,0,0,0,0,0,0
990,1045,3,0,1,1,1,0,0,0,0,0,0,0
991,1047,0,0,0,0,0,0,0,0,0,0,0,0
992,1048,0,0,0,0,0,0,0,0,0,0,0,0
993,1049,0,0,0,0,0,0,0,0,0,0,0,0
994,1050,0,0,0,0,0,0,0,0,0,0,0,0
995,1052,2,0,1,1,0,0,0,0,0,0,0,0
996,1053,0,0,0,0,0,0,0,0,0,0,0,0
997,1055,1,1,1,0,0,1,0,0,1,0,0,1
998,1056,2,1,1,1,0,1,0,0,1,0,0,1
999,1057,0,0,0,0,0,0,0,0,0,0,0,0
1000,1058,0,0,0,0,0,0,0,0,0,0,0,0
1001,1059,0,0,0,0,0,0,0,0,0,0,0,0
1002,1060,0,0,0,0,0,0,0,0,0,0,0,0
1003,1061,1,0,1,0,0,0,0,0,0,0,0,0
1004,1062,0,0,0,0,0,0,0,0,0,0,0,0
1005,1063,1,0,1,0,0,0,0,0,0,0,0,0
1006,1064,2,0,1,1,0,0,0,0,0,0,0,0
1007,1065,0,1,0,0,0,1,0,0,0,0,0,0
1008,1066,10,6,1,1,1,1,1,1,1,1,1,1
1009,1067,2,1,1,1,0,1,0,0,1,0,0,1
1010,1068,2,0,1,1,0,0,0,0,0,0,0,0
1011,1069,1,0,1,0,0,0,0,0,0,0,0,0
1012,1070,3,0,1,1,1,0,0,0,0,0,0,0
1013,1071,0,0,0,0,0,0,0,0,0,0,0,0
1014,1072,1,0,1,0,0,0,0,0,0,0,0,0
1015,1073,1,0,1,0,0,0,0,0,0,0,0,0
1016,1074,2,1,1,1,0,1,0,0,1,0,0,1
1017,1075,2,0,1,1,0,0,0,0,0,0,0,0
1018,1076,3,0,1,1,1,0,0,0,0,0,0,0
1019,1077,0,0,0,0,0,0,0,0,0,0,0,0
1020,1078,2,0,1,1,0,0,0,0,0,0,0,0
1021,1079,0,0,0,0,0,0,0,0,0,0,0,0
1022,1080,9,0,1,1,1,0,0,0,0,0,0,0
1023,1081,0,1,0,0,0,1,0,0,0,0,0,0
1024,1082,1,1,1,0,0,1,0,0,1,0,0,1
1025,1083,0,0,0,0,0,0,0,0,0,0,0,0
1026,1085,0,0,0,0,0,0,0,0,0,0,0,0
1027,1086,4,0,1,1,1,0,0,0,0,0,0,0
1028,1087,3,0,1,1,1,0,0,0,0,0,0,0
1029,1088,0,0,0,0,0,0,0,0,0,0,0,0
1030,1090,3,0,1,1,1,0,0,0,0,0,0,0
1031,1091,0,0,0,0,0,0,0,0,0,0,0,0
1032,1092,0,0,0,0,0,0,0,0,0,0,0,0
1033,1093,0,0,0,0,0,0,0,0,0,0,0,0
1034,1094,1,0,1,0,0,0,0,0,0,0,0,0
1035,1095,1,0,1,0,0,0,0,0,0,0,0,0
1036,1096,0,0,0,0,0,0,0,0,0,0,0,0
1037,1097,1,0,1,0,0,0,0,0,0,0,0,0
1038,1098,0,0,0,0,0,0,0,0,0,0,0,0
1039,1099,0,0,0,0,0,0,0,0,0,0,0,0
1040,1100,0,0,0,0,0,0,0,0,0,0,0,0
1041,1101,0,0,0,0,0,0,0,0,0,0,0,0
1042,1102,0,0,0,0,0,0,0,0,0,0,0,0
1043,1103,0,0,0,0,0,0,0,0,0,0,0,0
1044,1104,1,0,1,0,0,0,0,0,0,0,0,0
1045,1105,0,0,0,0,0,0,0,0,0,0,0,0
1046,1106,0,0,0,0,0,0,0,0,0,0,0,0
1047,1107,0,0,0,0,0,0,0,0,0,0,0,0
1048,1108,1,0,1,0,0,0,0,0,0,0,0,0
1049,1109,0,0,0,0,0,0,0,0,0,0,0,0
1050,1111,1,0,1,0,0,0,0,0,0,0,0,0
1051,1112,0,0,0,0,0,0,0,0,0,0,0,0
1052,1113,0,0,0,0,0,0,0,0,0,0,0,0
1053,1114,0,0,0,0,0,0,0,0,0,0,0,0
1054,1115,0,0,0,0,0,0,0,0,0,0,0,0
1055,1116,0,0,0,0,0,0,0,0,0,0,0,0
1056,1117,0,0,0,0,0,0,0,0,0,0,0,0
1057,1118,0,0,0,0,0,0,0,0,0,0,0,0
1058,1119,0,0,0,0,0,0,0,0,0,0,0,0
1059,1120,0,0,0,0,0,0,0,0,0,0,0,0
1060,1121,13,2,1,1,1,1,1,0,1,1,0,1
1061,1122,0,0,0,0,0,0,0,0,0,0,0,0
1062,1123,1,0,1,0,0,0,0,0,0,0,0,0
1063,1124,4,6,1,1,1,1,1,1,1,1,1,1
1064,1125,0,0,0,0,0,0,0,0,0,0,0,0
1065,1126,1,0,1,0,0,0,0,0,0,0,0,0
1066,1127,2,0,1,1,0,0,0,0,0,0,0,0
1067,1128,0,1,0,0,0,1,0,0,0,0,0,0
1068,1129,0,0,0,0,0,0,0,0,0,0,0,0
1069,1130,0,0,0,0,0,0,0,0,0,0,0,0
1070,1131,2,0,1,1,0,0,0,0,0,0,0,0
1071,1132,1,0,1,0,0,0,0,0,0,0,0,0
1072,1133,0,0,0,0,0,0,0,0,0,0,0,0
1073,1134,0,0,0,0,0,0,0,0,0,0,0,0
1074,1135,0,0,0,0,0,0,0,0,0,0,0,0
1075,1136,0,0,0,0,0,0,0,0,0,0,0,0
1076,1137,1,0,1,0,0,0,0,0,0,0,0,0
1077,1138,0,0,0,0,0,0,0,0,0,0,0,0
1078,1139,0,0,0,0,0,0,0,0,0,0,0,0
1079,1140,1,0,1,0,0,0,0,0,0,0,0,0
1080,1141,1,0,1,0,0,0,0,0,0,0,0,0
1081,1142,1,0,1,0,0,0,0,0,0,0,0,0
1082,1143,2,0,1,1,0,0,0,0,0,0,0,0
1083,1144,2,1,1,1,0,1,0,0,1,0,0,1
1084,1146,0,0,0,0,0,0,0,0,0,0,0,0
1085,1147,1,0,1,0,0,0,0,0,0,0,0,0
1086,1149,0,0,0,0,0,0,0,0,0,0,0,0
1087,1150,0,0,0,0,0,0,0,0,0,0,0,0
1088,1151,0,0,0,0,0,0,0,0,0,0,0,0
1089,1154,0,0,0,0,0,0,0,0,0,0,0,0
1090,1155,0,0,0,0,0,0,0,0,0,0,0,0
1091,1157,1,1,1,0,0,1,0,0,1,0,0,1
1092,1158,0,0,0,0,0,0,0,0,0,0,0,0
1093,1159,2,0,1,1,0,0,0,0,0,0,0,0
1094,1160,9,0,1,1,1,0,0,0,0,0,0,0
1095,1161,0,0,0,0,0,0,0,0,0,0,0,0
1096,1162,0,1,0,0,0,1,0,0,0,0,0,0
1097,1163,6,1,1,1,1,1,0,0,1,0,0,1
1098,1164,0,0,0,0,0,0,0,0,0,0,0,0
1099,1165,0,0,0,0,0,0,0,0,0,0,0,0
1100,1166,0,0,0,0,0,0,0,0,0,0,0,0
1101,1167,3,0,1,1,1,0,0,0,0,0,0,0
1102,1168,3,0,1,1,1,0,0,0,0,0,0,0
1103,1169,0,0,0,0,0,0,0,0,0,0,0,0
1104,1170,1,3,1,0,0,1,1,1,1,0,0,1
1105,1171,2,0,1,1,0,0,0,0,0,0,0,0
1106,1172,2,0,1,1,0,0,0,0,0,0,0,0
1107,1174,3,2,1,1,1,1,1,0,1,1,0,1
1108,1175,0,0,0,0,0,0,0,0,0,0,0,0
1109,1176,0,1,0,0,0,1,0,0,0,0,0,0
1110,1177,0,0,0,0,0,0,0,0,0,0,0,0
1111,1178,0,0,0,0,0,0,0,0,0,0,0,0
1112,1179,0,0,0,0,0,0,0,0,0,0,0,0
1113,1180,3,0,1,1,1,0,0,0,0,0,0,0
1114,1181,0,0,0,0,0,0,0,0,0,0,0,0
1115,1182,0,1,0,0,0,1,0,0,0,0,0,0
1116,1183,0,0,0,0,0,0,0,0,0,0,0,0
1117,1184,0,0,0,0,0,0,0,0,0,0,0,0
1118,1185,0,0,0,0,0,0,0,0,0,0,0,0
1119,1186,0,0,0,0,0,0,0,0,0,0,0,0
1120,1187,0,0,0,0,0,0,0,0,0,0,0,0
1121,1188,2,0,1,1,0,0,0,0,0,0,0,0
1122,1189,4,0,1,1,1,0,0,0,0,0,0,0
1123,1190,2,0,1,1,0,0,0,0,0,0,0,0
1124,1191,0,0,0,0,0,0,0,0,0,0,0,0
1125,1193,2,0,1,1,0,0,0,0,0,0,0,0
1126,1194,0,0,0,0,0,0,0,0,0,0,0,0
1127,1195,0,0,0,0,0,0,0,0,0,0,0,0
1128,1196,3,2,1,1,1,1,1,0,1,1,0,1
1129,1197,1,0,1,0,0,0,0,0,0,0,0,0
1130,1198,3,1,1,1,1,1,0,0,1,0,0,1
1131,1199,0,0,0,0,0,0,0,0,0,0,0,0
1132,1200,0,0,0,0,0,0,0,0,0,0,0,0
1133,1201,1,0,1,0,0,0,0,0,0,0,0,0
1134,1203,0,2,0,0,0,1,1,0,0,0,0,0
1135,1204,0,0,0,0,0,0,0,0,0,0,0,0
1136,1205,1,2,1,0,0,1,1,0,1,0,0,1
1137,1206,3,1,1,1,1,1,0,0,1,0,0,1
1138,1207,0,0,0,0,0,0,0,0,0,0,0,0
1139,1208,0,0,0,0,0,0,0,0,0,0,0,0
1140,1209,2,0,1,1,0,0,0,0,0,0,0,0
1141,1210,0,0,0,0,0,0,0,0,0,0,0,0
1142,1211,0,0,0,0,0,0,0,0,0,0,0,0
1143,1212,0,1,0,0,0,1,0,0,0,0,0,0
1144,1213,0,2,0,0,0,1,1,0,0,0,0,0
1145,1214,0,0,0,0,0,0,0,0,0,0,0,0
1146,1215,0,0,0,0,0,0,0,0,0,0,0,0
1147,1216,0,0,0,0,0,0,0,0,0,0,0,0
1148,1217,8,0,1,1,1,0,0,0,0,0,0,0
1149,1218,9,0,1,1,1,0,0,0,0,0,0,0
1150,1219,0,0,0,0,0,0,0,0,0,0,0,0
1151,1220,0,0,0,0,0,0,0,0,0,0,0,0
1152,1221,0,0,0,0,0,0,0,0,0,0,0,0
1153,1222,1,0,1,0,0,0,0,0,0,0,0,0
1154,1224,0,0,0,0,0,0,0,0,0,0,0,0
1155,1225,1,0,1,0,0,0,0,0,0,0,0,0
1156,1226,0,0,0,0,0,0,0,0,0,0,0,0
1157,1227,0,0,0,0,0,0,0,0,0,0,0,0
1158,1228,1,1,1,0,0,1,0,0,1,0,0,1
1159,1229,13,0,1,1,1,0,0,0,0,0,0,0
1160,1230,3,0,1,1,1,0,0,0,0,0,0,0
1161,1231,0,0,0,0,0,0,0,0,0,0,0,0
1162,1232,8,2,1,1,1,1,1,0,1,1,0,1
1163,1233,7,1,1,1,1,1,0,0,1,0,0,1
1164,1234,0,0,0,0,0,0,0,0,0,0,0,0
1165,1235,1,0,1,0,0,0,0,0,0,0,0,0
1166,1236,0,0,0,0,0,0,0,0,0,0,0,0
1167,1237,4,0,1,1,1,0,0,0,0,0,0,0
1168,1238,2,1,1,1,0,1,0,0,1,0,0,1
1169,1239,0,0,0,0,0,0,0,0,0,0,0,0
1170,1240,3,0,1,1,1,0,0,0,0,0,0,0
1171,1241,1,0,1,0,0,0,0,0,0,0,0,0
1172,1242,4,2,1,1,1,1,1,0,1,1,0,1
1173,1243,0,0,0,0,0,0,0,0,0,0,0,0
1174,1244,0,0,0,0,0,0,0,0,0,0,0,0
1175,1245,1,0,1,0,0,0,0,0,0,0,0,0
1176,1246,3,1,1,1,1,1,0,0,1,0,0,1
1177,1247,4,2,1,1,1,1,1,0,1,1,0,1
1178,1248,6,0,1,1,1,0,0,0,0,0,0,0
1179,1249,2,0,1,1,0,0,0,0,0,0,0,0
1180,1250,0,0,0,0,0,0,0,0,0,0,0,0
1181,1251,10,2,1,1,1,1,1,0,1,1,0,1
1182,1252,1,0,1,0,0,0,0,0,0,0,0,0
1183,1253,0,0,0,0,0,0,0,0,0,0,0,0
1184,1254,1,0,1,0,0,0,0,0,0,0,0,0
1185,1255,8,1,1,1,1,1,0,0,1,0,0,1
1186,1256,0,0,0,0,0,0,0,0,0,0,0,0
1187,1257,3,0,1,1,1,0,0,0,0,0,0,0
1188,1259,3,0,1,1,1,0,0,0,0,0,0,0
1189,1260,1,0,1,0,0,0,0,0,0,0,0,0
1190,1261,13,1,1,1,1,1,0,0,1,0,0,1
1191,1262,6,0,1,1,1,0,0,0,0,0,0,0
1192,1263,2,0,1,1,0,0,0,0,0,0,0,0
1193,1264,1,0,1,0,0,0,0,0,0,0,0,0
1194,1265,0,0,0,0,0,0,0,0,0,0,0,0
1195,1266,1,0,1,0,0,0,0,0,0,0,0,0
1196,1268,1,1,1,0,0,1,0,0,1,0,0,1
1197,1269,4,1,1,1,1,1,0,0,1,0,0,1
1198,1270,2,0,1,1,0,0,0,0,0,0,0,0
1199,1271,1,0,1,0,0,0,0,0,0,0,0,0
1200,1272,0,0,0,0,0,0,0,0,0,0,0,0
1201,1273,1,0,1,0,0,0,0,0,0,0,0,0
1202,1274,0,0,0,0,0,0,0,0,0,0,0,0
1203,1275,0,1,0,0,0,1,0,0,0,0,0,0
1204,1276,11,1,1,1,1,1,0,0,1,0,0,1
1205,1277,9,11,1,1,1,1,1,1,1,1,1,1
1206,1278,0,1,0,0,0,1,0,0,0,0,0,0
1207,1279,11,7,1,1,1,1,1,1,1,1,1,1
1208,1280,12,4,1,1,1,1,1,1,1,1,1,1
1209,1281,0,0,0,0,0,0,0,0,0,0,0,0
1210,1282,0,0,0,0,0,0,0,0,0,0,0,0
1211,1283,0,0,0,0,0,0,0,0,0,0,0,0
1212,1284,0,0,0,0,0,0,0,0,0,0,0,0
1213,1285,3,0,1,1,1,0,0,0,0,0,0,0
1214,1286,1,0,1,0,0,0,0,0,0,0,0,0
1215,1287,2,0,1,1,0,0,0,0,0,0,0,0
1216,1288,0,0,0,0,0,0,0,0,0,0,0,0
1217,1289,0,0,0,0,0,0,0,0,0,0,0,0
1218,1290,4,0,1,1,1,0,0,0,0,0,0,0
1219,1291,0,0,0,0,0,0,0,0,0,0,0,0
1220,1292,3,0,1,1,1,0,0,0,0,0,0,0
1221,1293,0,0,0,0,0,0,0,0,0,0,0,0
1222,1294,4,1,1,1,1,1,0,0,1,0,0,1
1223,1295,0,0,0,0,0,0,0,0,0,0,0,0
1224,1296,1,0,1,0,0,0,0,0,0,0,0,0
1225,1297,1,2,1,0,0,1,1,0,1,0,0,1
1226,1298,0,0,0,0,0,0,0,0,0,0,0,0
1227,1299,0,0,0,0,0,0,0,0,0,0,0,0
1228,1301,4,1,1,1,1,1,0,0,1,0,0,1
1229,1302,0,0,0,0,0,0,0,0,0,0,0,0
1230,1303,0,0,0,0,0,0,0,0,0,0,0,0
1231,1304,0,0,0,0,0,0,0,0,0,0,0,0
1232,1305,0,0,0,0,0,0,0,0,0,0,0,0
1233,1306,0,0,0,0,0,0,0,0,0,0,0,0
1234,1307,0,0,0,0,0,0,0,0,0,0,0,0
1235,1308,0,0,0,0,0,0,0,0,0,0,0,0
1236,1309,1,0,1,0,0,0,0,0,0,0,0,0
1237,1310,0,0,0,0,0,0,0,0,0,0,0,0
1238,1311,0,0,0,0,0,0,0,0,0,0,0,0
1239,1312,1,0,1,0,0,0,0,0,0,0,0,0
1240,1313,0,2,0,0,0,1,1,0,0,0,0,0
1241,1314,0,0,0,0,0,0,0,0,0,0,0,0
1242,1315,0,0,0,0,0,0,0,0,0,0,0,0
1243,1316,0,0,0,0,0,0,0,0,0,0,0,0
1244,1317,0,0,0,0,0,0,0,0,0,0,0,0
1245,1318,0,0,0,0,0,0,0,0,0,0,0,0
1246,1319,0,0,0,0,0,0,0,0,0,0,0,0
1247,1320,0,0,0,0,0,0,0,0,0,0,0,0
1248,1321,1,0,1,0,0,0,0,0,0,0,0,0
1249,1322,0,0,0,0,0,0,0,0,0,0,0,0
1250,1323,0,0,0,0,0,0,0,0,0,0,0,0
1251,1324,3,0,1,1,1,0,0,0,0,0,0,0
1252,1326,0,0,0,0,0,0,0,0,0,0,0,0
1253,1327,0,0,0,0,0,0,0,0,0,0,0,0
1254,1328,0,0,0,0,0,0,0,0,0,0,0,0
1255,1329,2,0,1,1,0,0,0,0,0,0,0,0
1256,1330,0,0,0,0,0,0,0,0,0,0,0,0
1257,1331,0,0,0,0,0,0,0,0,0,0,0,0
1258,1332,0,0,0,0,0,0,0,0,0,0,0,0
1259,1333,2,0,1,1,0,0,0,0,0,0,0,0
1260,1334,0,0,0,0,0,0,0,0,0,0,0,0
1261,1335,0,0,0,0,0,0,0,0,0,0,0,0
1262,1336,1,0,1,0,0,0,0,0,0,0,0,0
1263,1337,0,0,0,0,0,0,0,0,0,0,0,0
1264,1338,0,0,0,0,0,0,0,0,0,0,0,0
1265,1339,3,0,1,1,1,0,0,0,0,0,0,0
1266,1340,1,0,1,0,0,0,0,0,0,0,0,0
1267,1341,5,0,1,1,1,0,0,0,0,0,0,0
1268,1342,6,2,1,1,1,1,1,0,1,1,0,1
1269,1344,7,0,1,1,1,0,0,0,0,0,0,0
1270,1345,2,1,1,1,0,1,0,0,1,0,0,1
1271,1346,0,0,0,0,0,0,0,0,0,0,0,0
1272,1347,2,0,1,1,0,0,0,0,0,0,0,0
1273,1349,1,0,1,0,0,0,0,0,0,0,0,0
1274,1350,2,2,1,1,0,1,1,0,1,1,0,1
1275,1351,0,0,0,0,0,0,0,0,0,0,0,0
1276,1352,3,0,1,1,1,0,0,0,0,0,0,0
1277,1353,2,3,1,1,0,1,1,1,1,1,0,1
1278,1354,0,1,0,0,0,1,0,0,0,0,0,0
1279,1355,0,0,0,0,0,0,0,0,0,0,0,0
1280,1356,9,3,1,1,1,1,1,1,1,1,1,1
1281,1357,0,0,0,0,0,0,0,0,0,0,0,0
1282,1358,0,0,0,0,0,0,0,0,0,0,0,0
1283,1359,1,0,1,0,0,0,0,0,0,0,0,0
1284,1360,0,0,0,0,0,0,0,0,0,0,0,0
1285,1361,0,2,0,0,0,1,1,0,0,0,0,0
1286,1362,0,0,0,0,0,0,0,0,0,0,0,0
1287,1363,4,0,1,1,1,0,0,0,0,0,0,0
1288,1364,0,0,0,0,0,0,0,0,0,0,0,0
1289,1365,1,0,1,0,0,0,0,0,0,0,0,0
1290,1366,0,0,0,0,0,0,0,0,0,0,0,0
1291,1367,4,3,1,1,1,1,1,1,1,1,1,1
1292,1368,3,2,1,1,1,1,1,0,1,1,0,1
1293,1369,0,0,0,0,0,0,0,0,0,0,0,0
1294,1370,10,0,1,1,1,0,0,0,0,0,0,0
1295,1371,13,1,1,1,1,1,0,0,1,0,0,1
1296,1372,0,0,0,0,0,0,0,0,0,0,0,0
1297,1373,4,0,1,1,1,0,0,0,0,0,0,0
1298,1374,2,1,1,1,0,1,0,0,1,0,0,1
1299,1375,1,0,1,0,0,0,0,0,0,0,0,0
1300,1376,14,2,1,1,1,1,1,0,1,1,0,1
1301,1378,4,4,1,1,1,1,1,1,1,1,1,1
1302,1379,1,6,1,0,0,1,1,1,1,0,0,1
1303,1381,0,0,0,0,0,0,0,0,0,0,0,0
1304,1382,0,0,0,0,0,0,0,0,0,0,0,0
1305,1383,4,0,1,1,1,0,0,0,0,0,0,0
1306,1384,1,1,1,0,0,1,0,0,1,0,0,1
1307,1385,1,1,1,0,0,1,0,0,1,0,0,1
1308,1386,7,1,1,1,1,1,0,0,1,0,0,1
1309,1387,0,0,0,0,0,0,0,0,0,0,0,0
1310,1388,2,0,1,1,0,0,0,0,0,0,0,0
1311,1389,0,0,0,0,0,0,0,0,0,0,0,0
1312,1390,1,0,1,0,0,0,0,0,0,0,0,0
1313,1391,3,0,1,1,1,0,0,0,0,0,0,0
1314,1392,0,0,0,0,0,0,0,0,0,0,0,0
1315,1393,0,0,0,0,0,0,0,0,0,0,0,0
1316,1394,1,0,1,0,0,0,0,0,0,0,0,0
1317,1395,0,0,0,0,0,0,0,0,0,0,0,0
1318,1396,0,0,0,0,0,0,0,0,0,0,0,0
1319,1397,7,0,1,1,1,0,0,0,0,0,0,0
1320,1398,1,0,1,0,0,0,0,0,0,0,0,0
1321,1399,2,0,1,1,0,0,0,0,0,0,0,0
1322,1400,9,0,1,1,1,0,0,0,0,0,0,0
1323,1402,0,0,0,0,0,0,0,0,0,0,0,0
1324,1403,0,0,0,0,0,0,0,0,0,0,0,0
1325,1404,0,0,0,0,0,0,0,0,0,0,0,0
1326,1405,2,0,1,1,0,0,0,0,0,0,0,0
1327,1406,0,3,0,0,0,1,1,1,0,0,0,0
1328,1407,0,0,0,0,0,0,0,0,0,0,0,0
1329,1408,1,0,1,0,0,0,0,0,0,0,0,0
1330,1409,0,1,0,0,0,1,0,0,0,0,0,0
1331,1410,4,0,1,1,1,0,0,0,0,0,0,0
1332,1411,0,0,0,0,0,0,0,0,0,0,0,0
1333,1412,0,2,0,0,0,1,1,0,0,0,0,0
1334,1413,0,0,0,0,0,0,0,0,0,0,0,0
1335,1414,0,0,0,0,0,0,0,0,0,0,0,0
1336,1415,0,0,0,0,0,0,0,0,0,0,0,0
1337,1416,0,2,0,0,0,1,1,0,0,0,0,0
1338,1417,3,0,1,1,1,0,0,0,0,0,0,0
1339,1418,9,0,1,1,1,0,0,0,0,0,0,0
1340,1419,0,0,0,0,0,0,0,0,0,0,0,0
1341,1420,1,0,1,0,0,0,0,0,0,0,0,0
1342,1421,4,1,1,1,1,1,0,0,1,0,0,1
1343,1422,3,4,1,1,1,1,1,1,1,1,1,1
1344,1423,3,2,1,1,1,1,1,0,1,1,0,1
1345,1424,0,0,0,0,0,0,0,0,0,0,0,0
1346,1425,0,0,0,0,0,0,0,0,0,0,0,0
1347,1427,0,0,0,0,0,0,0,0,0,0,0,0
1348,1428,6,0,1,1,1,0,0,0,0,0,0,0
1349,1429,6,4,1,1,1,1,1,1,1,1,1,1
1350,1431,5,1,1,1,1,1,0,0,1,0,0,1
1351,1433,2,0,1,1,0,0,0,0,0,0,0,0
1352,1434,1,0,1,0,0,0,0,0,0,0,0,0
1353,1435,1,2,1,0,0,1,1,0,1,0,0,1
1354,1436,2,0,1,1,0,0,0,0,0,0,0,0
1355,1437,1,0,1,0,0,0,0,0,0,0,0,0
1356,1438,6,1,1,1,1,1,0,0,1,0,0,1
1357,1439,0,0,0,0,0,0,0,0,0,0,0,0
1358,1440,4,1,1,1,1,1,0,0,1,0,0,1
1359,1441,7,7,1,1,1,1,1,1,1,1,1,1
1360,1442,6,1,1,1,1,1,0,0,1,0,0,1
1361,1443,0,0,0,0,0,0,0,0,0,0,0,0
1362,1444,0,0,0,0,0,0,0,0,0,0,0,0
1363,1445,0,1,0,0,0,1,0,0,0,0,0,0
1364,1446,1,0,1,0,0,0,0,0,0,0,0,0
1365,1447,0,0,0,0,0,0,0,0,0,0,0,0
1366,1448,1,1,1,0,0,1,0,0,1,0,0,1
1367,1449,0,0,0,0,0,0,0,0,0,0,0,0
1368,1450,0,0,0,0,0,0,0,0,0,0,0,0
1369,1451,0,0,0,0,0,0,0,0,0,0,0,0
1370,1452,0,0,0,0,0,0,0,0,0,0,0,0
1371,1454,3,2,1,1,1,1,1,0,1,1,0,1
1372,1456,1,0,1,0,0,0,0,0,0,0,0,0
1373,1458,0,0,0,0,0,0,0,0,0,0,0,0
1374,1459,1,0,1,0,0,0,0,0,0,0,0,0
1375,1461,0,0,0,0,0,0,0,0,0,0,0,0
1376,1462,0,0,0,0,0,0,0,0,0,0,0,0
1377,1463,2,0,1,1,0,0,0,0,0,0,0,0
1378,1464,0,0,0,0,0,0,0,0,0,0,0,0
1379,1465,1,0,1,0,0,0,0,0,0,0,0,0
1380,1466,11,0,1,1,1,0,0,0,0,0,0,0
1381,1467,0,0,0,0,0,0,0,0,0,0,0,0
1382,1468,3,1,1,1,1,1,0,0,1,0,0,1
1383,1469,0,0,0,0,0,0,0,0,0,0,0,0
1384,1472,6,2,1,1,1,1,1,0,1,1,0,1
1385,1473,1,0,1,0,0,0,0,0,0,0,0,0
1386,1474,6,0,1,1,1,0,0,0,0,0,0,0
1387,1476,0,0,0,0,0,0,0,0,0,0,0,0
1388,1477,0,0,0,0,0,0,0,0,0,0,0,0
1389,1478,0,0,0,0,0,0,0,0,0,0,0,0
1390,1479,4,0,1,1,1,0,0,0,0,0,0,0
1391,1480,1,0,1,0,0,0,0,0,0,0,0,0
1392,1481,0,0,0,0,0,0,0,0,0,0,0,0
1393,1482,0,0,0,0,0,0,0,0,0,0,0,0
1394,1483,3,1,1,1,1,1,0,0,1,0,0,1
1395,1484,0,0,0,0,0,0,0,0,0,0,0,0
1396,1485,0,0,0,0,0,0,0,0,0,0,0,0
1397,1486,0,0,0,0,0,0,0,0,0,0,0,0
1398,1487,0,0,0,0,0,0,0,0,0,0,0,0
1399,1488,0,0,0,0,0,0,0,0,0,0,0,0
1400,1489,0,0,0,0,0,0,0,0,0,0,0,0
1401,1490,0,0,0,0,0,0,0,0,0,0,0,0
1402,1491,2,0,1,1,0,0,0,0,0,0,0,0
1403,1492,0,0,0,0,0,0,0,0,0,0,0,0
1404,1493,4,1,1,1,1,1,0,0,1,0,0,1
1405,1494,2,0,1,1,0,0,0,0,0,0,0,0
1406,1496,3,1,1,1,1,1,0,0,1,0,0,1
1407,1498,3,0,1,1,1,0,0,0,0,0,0,0
1408,1502,2,3,1,1,0,1,1,1,1,1,0,1
1409,1503,1,0,1,0,0,0,0,0,0,0,0,0
1410,1504,1,0,1,0,0,0,0,0,0,0,0,0
1411,1505,2,0,1,1,0,0,0,0,0,0,0,0
1412,1506,0,0,0,0,0,0,0,0,0,0,0,0
1413,1507,4,0,1,1,1,0,0,0,0,0,0,0
1414,1508,0,0,0,0,0,0,0,0,0,0,0,0
1415,1509,0,0,0,0,0,0,0,0,0,0,0,0
1416,1512,0,0,0,0,0,0,0,0,0,0,0,0
1417,1513,5,3,1,1,1,1,1,1,1,1,1,1
1418,1514,0,0,0,0,0,0,0,0,0,0,0,0
1419,1515,1,0,1,0,0,0,0,0,0,0,0,0
1420,1516,2,0,1,1,0,0,0,0,0,0,0,0
1421,1517,1,0,1,0,0,0,0,0,0,0,0,0
1422,1518,0,0,0,0,0,0,0,0,0,0,0,0
1423,1519,9,7,1,1,1,1,1,1,1,1,1,1
1424,1520,0,1,0,0,0,1,0,0,0,0,0,0
1425,1521,4,2,1,1,1,1,1,0,1,1,0,1
1426,1522,0,1,0,0,0,1,0,0,0,0,0,0
1427,1524,1,0,1,0,0,0,0,0,0,0,0,0
1428,1525,0,0,0,0,0,0,0,0,0,0,0,0
1429,1526,2,0,1,1,0,0,0,0,0,0,0,0
1430,1527,2,0,1,1,0,0,0,0,0,0,0,0
1431,1528,4,0,1,1,1,0,0,0,0,0,0,0
1432,1530,0,0,0,0,0,0,0,0,0,0,0,0
1433,1531,5,2,1,1,1,1,1,0,1,1,0,1
1434,1533,5,1,1,1,1,1,0,0,1,0,0,1
1435,1534,10,0,1,1,1,0,0,0,0,0,0,0
1436,1535,0,0,0,0,0,0,0,0,0,0,0,0
1437,1536,12,14,1,1,1,1,1,1,1,1,1,1
1438,1537,2,0,1,1,0,0,0,0,0,0,0,0
1439,1538,7,2,1,1,1,1,1,0,1,1,0,1
1440,1539,2,1,1,1,0,1,0,0,1,0,0,1
1441,1540,1,0,1,0,0,0,0,0,0,0,0,0
1442,1541,0,0,0,0,0,0,0,0,0,0,0,0
1443,1542,1,0,1,0,0,0,0,0,0,0,0,0
1444,1543,0,0,0,0,0,0,0,0,0,0,0,0
1445,1544,6,1,1,1,1,1,0,0,1,0,0,1
1446,1545,0,1,0,0,0,1,0,0,0,0,0,0
1447,1546,17,14,1,1,1,1,1,1,1,1,1,1
1448,1547,5,0,1,1,1,0,0,0,0,0,0,0
1449,1548,1,1,1,0,0,1,0,0,1,0,0,1
1450,1549,1,0,1,0,0,0,0,0,0,0,0,0
1451,1550,6,0,1,1,1,0,0,0,0,0,0,0
1452,1551,9,0,1,1,1,0,0,0,0,0,0,0
1453,1552,0,0,0,0,0,0,0,0,0,0,0,0
1454,1553,0,0,0,0,0,0,0,0,0,0,0,0
1455,1554,6,0,1,1,1,0,0,0,0,0,0,0
1456,1555,2,1,1,1,0,1,0,0,1,0,0,1
1457,1556,12,11,1,1,1,1,1,1,1,1,1,1
1458,1557,4,1,1,1,1,1,0,0,1,0,0,1
1459,1558,0,0,0,0,0,0,0,0,0,0,0,0
1460,1559,0,0,0,0,0,0,0,0,0,0,0,0
1461,1561,0,0,0,0,0,0,0,0,0,0,0,0
1462,1562,0,1,0,0,0,1,0,0,0,0,0,0
1463,1564,0,0,0,0,0,0,0,0,0,0,0,0
1464,1565,0,0,0,0,0,0,0,0,0,0,0,0
1465,1566,2,0,1,1,0,0,0,0,0,0,0,0
1466,1567,3,0,1,1,1,0,0,0,0,0,0,0
1467,1568,4,0,1,1,1,0,0,0,0,0,0,0
1468,1569,0,0,0,0,0,0,0,0,0,0,0,0
1469,1570,7,5,1,1,1,1,1,1,1,1,1,1
1470,1572,0,0,0,0,0,0,0,0,0,0,0,0
1471,1573,2,0,1,1,0,0,0,0,0,0,0,0
1472,1574,1,0,1,0,0,0,0,0,0,0,0,0
1473,1575,1,1,1,0,0,1,0,0,1,0,0,1
1474,1576,2,1,1,1,0,1,0,0,1,0,0,1
1475,1577,2,0,1,1,0,0,0,0,0,0,0,0
1476,1579,0,0,0,0,0,0,0,0,0,0,0,0
1477,1580,3,1,1,1,1,1,0,0,1,0,0,1
1478,1581,1,0,1,0,0,0,0,0,0,0,0,0
1479,1582,0,0,0,0,0,0,0,0,0,0,0,0
1480,1583,5,0,1,1,1,0,0,0,0,0,0,0
1481,1584,0,0,0,0,0,0,0,0,0,0,0,0
1482,1585,0,0,0,0,0,0,0,0,0,0,0,0
1483,1586,0,0,0,0,0,0,0,0,0,0,0,0
1484,1587,0,0,0,0,0,0,0,0,0,0,0,0
1485,1588,1,0,1,0,0,0,0,0,0,0,0,0
1486,1589,0,0,0,0,0,0,0,0,0,0,0,0
1487,1590,0,0,0,0,0,0,0,0,0,0,0,0
1488,1591,4,1,1,1,1,1,0,0,1,0,0,1
1489,1592,0,0,0,0,0,0,0,0,0,0,0,0
1490,1593,1,2,1,0,0,1,1,0,1,0,0,1
1491,1594,0,0,0,0,0,0,0,0,0,0,0,0
1492,1595,1,0,1,0,0,0,0,0,0,0,0,0
1493,1596,0,0,0,0,0,0,0,0,0,0,0,0
1494,1597,0,0,0,0,0,0,0,0,0,0,0,0
1495,1598,5,0,1,1,1,0,0,0,0,0,0,0
1496,1599,0,0,0,0,0,0,0,0,0,0,0,0
1497,1600,1,0,1,0,0,0,0,0,0,0,0,0
1498,1601,0,1,0,0,0,1,0,0,0,0,0,0
1499,1602,0,0,0,0,0,0,0,0,0,0,0,0
1500,1603,0,0,0,0,0,0,0,0,0,0,0,0
1501,1604,0,2,0,0,0,1,1,0,0,0,0,0
1502,1605,6,0,1,1,1,0,0,0,0,0,0,0
1503,1606,0,0,0,0,0,0,0,0,0,0,0,0
1504,1607,0,0,0,0,0,0,0,0,0,0,0,0
1505,1608,2,1,1,1,0,1,0,0,1,0,0,1
1506,1609,0,0,0,0,0,0,0,0,0,0,0,0
1507,1610,1,0,1,0,0,0,0,0,0,0,0,0
1508,1611,4,2,1,1,1,1,1,0,1,1,0,1
1509,1612,0,0,0,0,0,0,0,0,0,0,0,0
1510,1613,0,0,0,0,0,0,0,0,0,0,0,0
1511,1614,0,0,0,0,0,0,0,0,0,0,0,0
1512,1615,3,0,1,1,1,0,0,0,0,0,0,0
1513,1616,0,0,0,0,0,0,0,0,0,0,0,0
1514,1617,3,0,1,1,1,0,0,0,0,0,0,0
1515,1618,0,0,0,0,0,0,0,0,0,0,0,0
1516,1619,1,1,1,0,0,1,0,0,1,0,0,1
1517,1620,0,0,0,0,0,0,0,0,0,0,0,0
1518,1621,0,0,0,0,0,0,0,0,0,0,0,0
1519,1622,3,4,1,1,1,1,1,1,1,1,1,1
1520,1623,0,0,0,0,0,0,0,0,0,0,0,0
1521,1624,0,0,0,0,0,0,0,0,0,0,0,0
1522,1625,0,0,0,0,0,0,0,0,0,0,0,0
1523,1627,3,3,1,1,1,1,1,1,1,1,1,1
1524,1630,1,0,1,0,0,0,0,0,0,0,0,0
1525,1631,3,1,1,1,1,1,0,0,1,0,0,1
1526,1632,3,0,1,1,1,0,0,0,0,0,0,0
1527,1633,3,1,1,1,1,1,0,0,1,0,0,1
1528,1635,0,0,0,0,0,0,0,0,0,0,0,0
1529,1636,0,0,0,0,0,0,0,0,0,0,0,0
1530,1637,2,1,1,1,0,1,0,0,1,0,0,1
1531,1638,2,1,1,1,0,1,0,0,1,0,0,1
1532,1639,10,1,1,1,1,1,0,0,1,0,0,1
1533,1640,1,1,1,0,0,1,0,0,1,0,0,1
1534,1641,0,0,0,0,0,0,0,0,0,0,0,0
1535,1642,0,0,0,0,0,0,0,0,0,0,0,0
1536,1643,0,0,0,0,0,0,0,0,0,0,0,0
1537,1644,0,0,0,0,0,0,0,0,0,0,0,0
1538,1645,0,0,0,0,0,0,0,0,0,0,0,0
1539,1646,2,0,1,1,0,0,0,0,0,0,0,0
1540,1647,0,0,0,0,0,0,0,0,0,0,0,0
1541,1648,0,0,0,0,0,0,0,0,0,0,0,0
1542,1649,5,0,1,1,1,0,0,0,0,0,0,0
1543,1650,0,1,0,0,0,1,0,0,0,0,0,0
1544,1651,1,0,1,0,0,0,0,0,0,0,0,0
1545,1652,2,1,1,1,0,1,0,0,1,0,0,1
1546,1653,8,1,1,1,1,1,0,0,1,0,0,1
1547,1654,2,3,1,1,0,1,1,1,1,1,0,1
1548,1655,0,0,0,0,0,0,0,0,0,0,0,0
1549,1656,0,0,0,0,0,0,0,0,0,0,0,0
1550,1657,1,0,1,0,0,0,0,0,0,0,0,0
1551,1659,0,0,0,0,0,0,0,0,0,0,0,0
1552,1660,3,0,1,1,1,0,0,0,0,0,0,0
1553,1661,2,1,1,1,0,1,0,0,1,0,0,1
1554,1662,1,0,1,0,0,0,0,0,0,0,0,0
1555,1663,1,0,1,0,0,0,0,0,0,0,0,0
1556,1664,0,0,0,0,0,0,0,0,0,0,0,0
1557,1665,0,0,0,0,0,0,0,0,0,0,0,0
1558,1666,0,0,0,0,0,0,0,0,0,0,0,0
1559,1667,0,0,0,0,0,0,0,0,0,0,0,0
1560,1668,2,3,1,1,0,1,1,1,1,1,0,1
1561,1669,0,0,0,0,0,0,0,0,0,0,0,0
1562,1671,3,0,1,1,1,0,0,0,0,0,0,0
1563,1672,0,0,0,0,0,0,0,0,0,0,0,0
1564,1673,0,0,0,0,0,0,0,0,0,0,0,0
1565,1674,0,0,0,0,0,0,0,0,0,0,0,0
1566,1675,0,0,0,0,0,0,0,0,0,0,0,0
1567,1676,0,1,0,0,0,1,0,0,0,0,0,0
1568,1677,0,0,0,0,0,0,0,0,0,0,0,0
1569,1678,0,0,0,0,0,0,0,0,0,0,0,0
1570,1679,0,0,0,0,0,0,0,0,0,0,0,0
1571,1680,1,0,1,0,0,0,0,0,0,0,0,0
1572,1681,0,0,0,0,0,0,0,0,0,0,0,0
1573,1682,0,0,0,0,0,0,0,0,0,0,0,0
1574,1683,1,0,1,0,0,0,0,0,0,0,0,0
1575,1684,4,4,1,1,1,1,1,1,1,1,1,1
1576,1685,3,3,1,1,1,1,1,1,1,1,1,1
1577,1686,0,0,0,0,0,0,0,0,0,0,0,0
1578,1687,1,1,1,0,0,1,0,0,1,0,0,1
1579,1688,1,0,1,0,0,0,0,0,0,0,0,0
1580,1689,2,0,1,1,0,0,0,0,0,0,0,0
1581,1690,0,0,0,0,0,0,0,0,0,0,0,0
1582,1691,0,0,0,0,0,0,0,0,0,0,0,0
1583,1693,3,0,1,1,1,0,0,0,0,0,0,0
1584,1694,1,0,1,0,0,0,0,0,0,0,0,0
1585,1695,0,0,0,0,0,0,0,0,0,0,0,0
1586,1696,1,0,1,0,0,0,0,0,0,0,0,0
1587,1697,0,0,0,0,0,0,0,0,0,0,0,0
1588,1699,0,0,0,0,0,0,0,0,0,0,0,0
1589,1701,0,0,0,0,0,0,0,0,0,0,0,0
1590,1702,1,0,1,0,0,0,0,0,0,0,0,0
1591,1703,4,2,1,1,1,1,1,0,1,1,0,1
1592,1704,0,0,0,0,0,0,0,0,0,0,0,0
1593,1705,1,0,1,0,0,0,0,0,0,0,0,0
1594,1706,0,0,0,0,0,0,0,0,0,0,0,0
1595,1707,0,0,0,0,0,0,0,0,0,0,0,0
1596,1708,0,0,0,0,0,0,0,0,0,0,0,0
1597,1709,0,0,0,0,0,0,0,0,0,0,0,0
1598,1710,1,0,1,0,0,0,0,0,0,0,0,0
1599,1711,0,0,0,0,0,0,0,0,0,0,0,0
1600,1712,0,0,0,0,0,0,0,0,0,0,0,0
1601,1713,0,0,0,0,0,0,0,0,0,0,0,0
1602,1714,3,0,1,1,1,0,0,0,0,0,0,0
1603,1715,2,1,1,1,0,1,0,0,1,0,0,1
1604,1716,0,0,0,0,0,0,0,0,0,0,0,0
1605,1717,0,0,0,0,0,0,0,0,0,0,0,0
1606,1718,0,0,0,0,0,0,0,0,0,0,0,0
1607,1719,0,0,0,0,0,0,0,0,0,0,0,0
1608,1720,1,0,1,0,0,0,0,0,0,0,0,0
1609,1721,2,0,1,1,0,0,0,0,0,0,0,0
1610,1722,0,0,0,0,0,0,0,0,0,0,0,0
1611,1723,0,0,0,0,0,0,0,0,0,0,0,0
1612,1724,0,0,0,0,0,0,0,0,0,0,0,0
1613,1725,2,0,1,1,0,0,0,0,0,0,0,0
1614,1726,6,2,1,1,1,1,1,0,1,1,0,1
1615,1727,8,0,1,1,1,0,0,0,0,0,0,0
1616,1728,0,0,0,0,0,0,0,0,0,0,0,0
1617,1729,4,0,1,1,1,0,0,0,0,0,0,0
1618,1730,0,0,0,0,0,0,0,0,0,0,0,0
1619,1731,0,2,0,0,0,1,1,0,0,0,0,0
1620,1732,1,0,1,0,0,0,0,0,0,0,0,0
1621,1733,1,0,1,0,0,0,0,0,0,0,0,0
1622,1734,2,1,1,1,0,1,0,0,1,0,0,1
1623,1735,1,0,1,0,0,0,0,0,0,0,0,0
1624,1736,0,0,0,0,0,0,0,0,0,0,0,0
1625,1737,0,0,0,0,0,0,0,0,0,0,0,0
1626,1738,0,0,0,0,0,0,0,0,0,0,0,0
1627,1739,1,0,1,0,0,0,0,0,0,0,0,0
1628,1740,7,2,1,1,1,1,1,0,1,1,0,1
1629,1741,0,0,0,0,0,0,0,0,0,0,0,0
1630,1742,0,0,0,0,0,0,0,0,0,0,0,0
1631,1743,0,1,0,0,0,1,0,0,0,0,0,0
1632,1744,8,1,1,1,1,1,0,0,1,0,0,1
1633,1745,0,0,0,0,0,0,0,0,0,0,0,0
1634,1746,5,0,1,1,1,0,0,0,0,0,0,0
1635,1747,0,0,0,0,0,0,0,0,0,0,0,0
1636,1749,10,1,1,1,1,1,0,0,1,0,0,1
1637,1750,0,0,0,0,0,0,0,0,0,0,0,0
1638,1751,5,0,1,1,1,0,0,0,0,0,0,0
1639,1752,0,0,0,0,0,0,0,0,0,0,0,0
1640,1753,0,0,0,0,0,0,0,0,0,0,0,0
1641,1754,7,1,1,1,1,1,0,0,1,0,0,1
1642,1755,2,0,1,1,0,0,0,0,0,0,0,0
1643,1756,3,1,1,1,1,1,0,0,1,0,0,1
1644,1757,13,21,1,1,1,1,1,1,1,1,1,1
1645,1758,6,0,1,1,1,0,0,0,0,0,0,0
1646,1759,1,0,1,0,0,0,0,0,0,0,0,0
1647,1760,0,0,0,0,0,0,0,0,0,0,0,0
1648,1761,0,0,0,0,0,0,0,0,0,0,0,0
1649,1762,0,0,0,0,0,0,0,0,0,0,0,0
1650,1763,0,0,0,0,0,0,0,0,0,0,0,0
1651,1764,0,0,0,0,0,0,0,0,0,0,0,0
1652,1765,0,0,0,0,0,0,0,0,0,0,0,0
1653,1766,5,0,1,1,1,0,0,0,0,0,0,0
1654,1767,0,0,0,0,0,0,0,0,0,0,0,0
1655,1768,0,4,0,0,0,1,1,1,0,0,0,0
1656,1769,1,0,1,0,0,0,0,0,0,0,0,0
1657,1770,0,0,0,0,0,0,0,0,0,0,0,0
1658,1771,0,0,0,0,0,0,0,0,0,0,0,0
1659,1773,0,0,0,0,0,0,0,0,0,0,0,0
1660,1774,0,0,0,0,0,0,0,0,0,0,0,0
1661,1775,0,0,0,0,0,0,0,0,0,0,0,0
1662,1776,8,0,1,1,1,0,0,0,0,0,0,0
1663,1777,0,0,0,0,0,0,0,0,0,0,0,0
1664,1778,3,0,1,1,1,0,0,0,0,0,0,0
1665,1779,1,0,1,0,0,0,0,0,0,0,0,0
1666,1780,2,3,1,1,0,1,1,1,1,1,0,1
1667,1781,2,0,1,1,0,0,0,0,0,0,0,0
1668,1782,0,0,0,0,0,0,0,0,0,0,0,0
1669,1783,1,0,1,0,0,0,0,0,0,0,0,0
1670,1784,1,0,1,0,0,0,0,0,0,0,0,0
1671,1785,0,0,0,0,0,0,0,0,0,0,0,0
1672,1786,0,0,0,0,0,0,0,0,0,0,0,0
1673,1787,0,0,0,0,0,0,0,0,0,0,0,0
1674,1789,1,10,1,0,0,1,1,1,1,0,0,1
1675,1790,3,0,1,1,1,0,0,0,0,0,0,0
1676,1791,3,1,1,1,1,1,0,0,1,0,0,1
1677,1792,0,0,0,0,0,0,0,0,0,0,0,0
1678,1793,3,0,1,1,1,0,0,0,0,0,0,0
1679,1794,0,0,0,0,0,0,0,0,0,0,0,0
1680,1795,1,0,1,0,0,0,0,0,0,0,0,0
1681,1796,1,6,1,0,0,1,1,1,1,0,0,1
1682,1797,6,2,1,1,1,1,1,0,1,1,0,1
1683,1798,0,0,0,0,0,0,0,0,0,0,0,0
1684,1799,1,0,1,0,0,0,0,0,0,0,0,0
1685,1800,17,17,1,1,1,1,1,1,1,1,1,1
1686,1801,0,0,0,0,0,0,0,0,0,0,0,0
1687,1802,0,0,0,0,0,0,0,0,0,0,0,0
1688,1803,4,0,1,1,1,0,0,0,0,0,0,0
1689,1804,0,0,0,0,0,0,0,0,0,0,0,0
1690,1805,1,0,1,0,0,0,0,0,0,0,0,0
1691,1806,1,0,1,0,0,0,0,0,0,0,0,0
1692,1807,0,0,0,0,0,0,0,0,0,0,0,0
1693,1808,0,0,0,0,0,0,0,0,0,0,0,0
1694,1809,0,0,0,0,0,0,0,0,0,0,0,0
1695,1810,1,0,1,0,0,0,0,0,0,0,0,0
1696,1811,7,0,1,1,1,0,0,0,0,0,0,0
1697,1812,0,0,0,0,0,0,0,0,0,0,0,0
1698,1813,4,1,1,1,1,1,0,0,1,0,0,1
1699,1814,0,0,0,0,0,0,0,0,0,0,0,0
1700,1815,3,0,1,1,1,0,0,0,0,0,0,0
1701,1816,0,0,0,0,0,0,0,0,0,0,0,0
1702,1817,8,0,1,1,1,0,0,0,0,0,0,0
1703,1818,1,0,1,0,0,0,0,0,0,0,0,0
1704,1819,0,1,0,0,0,1,0,0,0,0,0,0
1705,1820,2,0,1,1,0,0,0,0,0,0,0,0
1706,1822,0,0,0,0,0,0,0,0,0,0,0,0
1707,1823,1,0,1,0,0,0,0,0,0,0,0,0
1708,1824,0,0,0,0,0,0,0,0,0,0,0,0
1709,1825,0,0,0,0,0,0,0,0,0,0,0,0
1710,1826,1,0,1,0,0,0,0,0,0,0,0,0
1711,1828,0,0,0,0,0,0,0,0,0,0,0,0
1712,1829,0,0,0,0,0,0,0,0,0,0,0,0
1713,1830,0,0,0,0,0,0,0,0,0,0,0,0
1714,1831,2,0,1,1,0,0,0,0,0,0,0,0
1715,1832,1,0,1,0,0,0,0,0,0,0,0,0
1716,1833,1,0,1,0,0,0,0,0,0,0,0,0
1717,1834,0,0,0,0,0,0,0,0,0,0,0,0
1718,1835,0,0,0,0,0,0,0,0,0,0,0,0
1719,1836,0,0,0,0,0,0,0,0,0,0,0,0
1720,1837,0,0,0,0,0,0,0,0,0,0,0,0
1721,1838,0,1,0,0,0,1,0,0,0,0,0,0
1722,1839,0,4,0,0,0,1,1,1,0,0,0,0
1723,1840,0,0,0,0,0,0,0,0,0,0,0,0
1724,1841,0,0,0,0,0,0,0,0,0,0,0,0
1725,1842,7,0,1,1,1,0,0,0,0,0,0,0
1726,1843,0,0,0,0,0,0,0,0,0,0,0,0
1727,1845,1,1,1,0,0,1,0,0,1,0,0,1
1728,1846,1,1,1,0,0,1,0,0,1,0,0,1
1729,1847,0,0,0,0,0,0,0,0,0,0,0,0
1730,1848,19,3,1,1,1,1,1,1,1,1,1,1
1731,1849,3,1,1,1,1,1,0,0,1,0,0,1
1732,1850,0,0,0,0,0,0,0,0,0,0,0,0
1733,1851,10,0,1,1,1,0,0,0,0,0,0,0
1734,1852,1,0,1,0,0,0,0,0,0,0,0,0
1735,1853,1,0,1,0,0,0,0,0,0,0,0,0
1736,1854,0,0,0,0,0,0,0,0,0,0,0,0
1737,1855,0,0,0,0,0,0,0,0,0,0,0,0
1738,1856,0,0,0,0,0,0,0,0,0,0,0,0
1739,1857,0,0,0,0,0,0,0,0,0,0,0,0
1740,1858,0,0,0,0,0,0,0,0,0,0,0,0
1741,1859,0,0,0,0,0,0,0,0,0,0,0,0
1742,1860,2,0,1,1,0,0,0,0,0,0,0,0
1743,1861,0,0,0,0,0,0,0,0,0,0,0,0
1744,1862,0,0,0,0,0,0,0,0,0,0,0,0
1745,1863,1,0,1,0,0,0,0,0,0,0,0,0
1746,1864,0,1,0,0,0,1,0,0,0,0,0,0
1747,1865,0,0,0,0,0,0,0,0,0,0,0,0
1748,1866,0,0,0,0,0,0,0,0,0,0,0,0
1749,1867,0,0,0,0,0,0,0,0,0,0,0,0
1750,1868,0,1,0,0,0,1,0,0,0,0,0,0
1751,1869,0,0,0,0,0,0,0,0,0,0,0,0
1752,1870,0,0,0,0,0,0,0,0,0,0,0,0
1753,1871,0,0,0,0,0,0,0,0,0,0,0,0
1754,1872,0,0,0,0,0,0,0,0,0,0,0,0
1755,1873,0,0,0,0,0,0,0,0,0,0,0,0
1756,1874,0,0,0,0,0,0,0,0,0,0,0,0
1757,1875,0,0,0,0,0,0,0,0,0,0,0,0
1758,1876,0,0,0,0,0,0,0,0,0,0,0,0
1759,1877,1,0,1,0,0,0,0,0,0,0,0,0
1760,1878,0,0,0,0,0,0,0,0,0,0,0,0
1761,1879,0,0,0,0,0,0,0,0,0,0,0,0
1762,1880,0,0,0,0,0,0,0,0,0,0,0,0
1763,1881,0,0,0,0,0,0,0,0,0,0,0,0
1764,1882,0,0,0,0,0,0,0,0,0,0,0,0
1765,1883,0,0,0,0,0,0,0,0,0,0,0,0
1766,1884,0,0,0,0,0,0,0,0,0,0,0,0
1767,1885,2,0,1,1,0,0,0,0,0,0,0,0
1768,1886,1,0,1,0,0,0,0,0,0,0,0,0
1769,1887,0,0,0,0,0,0,0,0,0,0,0,0
1770,1888,0,0,0,0,0,0,0,0,0,0,0,0
1771,1889,1,0,1,0,0,0,0,0,0,0,0,0
1772,1890,0,0,0,0,0,0,0,0,0,0,0,0
1773,1891,0,0,0,0,0,0,0,0,0,0,0,0
1774,1892,0,0,0,0,0,0,0,0,0,0,0,0
1775,1894,0,0,0,0,0,0,0,0,0,0,0,0
1776,1895,2,0,1,1,0,0,0,0,0,0,0,0
1777,1896,0,0,0,0,0,0,0,0,0,0,0,0
1778,1897,0,0,0,0,0,0,0,0,0,0,0,0
1779,1898,1,0,1,0,0,0,0,0,0,0,0,0
1780,1899,5,0,1,1,1,0,0,0,0,0,0,0
1781,1900,0,0,0,0,0,0,0,0,0,0,0,0
1782,1901,0,0,0,0,0,0,0,0,0,0,0,0
1783,1902,0,0,0,0,0,0,0,0,0,0,0,0
1784,1903,0,0,0,0,0,0,0,0,0,0,0,0
1785,1904,4,1,1,1,1,1,0,0,1,0,0,1
1786,1905,1,0,1,0,0,0,0,0,0,0,0,0
1787,1906,0,0,0,0,0,0,0,0,0,0,0,0
1788,1907,6,0,1,1,1,0,0,0,0,0,0,0
1789,1908,1,0,1,0,0,0,0,0,0,0,0,0
1790,1909,7,1,1,1,1,1,0,0,1,0,0,1
1791,1910,3,0,1,1,1,0,0,0,0,0,0,0
1792,1911,0,0,0,0,0,0,0,0,0,0,0,0
1793,1912,0,0,0,0,0,0,0,0,0,0,0,0
1794,1913,0,0,0,0,0,0,0,0,0,0,0,0
1795,1914,6,0,1,1,1,0,0,0,0,0,0,0
1796,1915,0,0,0,0,0,0,0,0,0,0,0,0
1797,1916,0,0,0,0,0,0,0,0,0,0,0,0
1798,1917,2,0,1,1,0,0,0,0,0,0,0,0
1799,1918,0,0,0,0,0,0,0,0,0,0,0,0
1800,1919,4,2,1,1,1,1,1,0,1,1,0,1
1801,1920,7,0,1,1,1,0,0,0,0,0,0,0
1802,1921,0,0,0,0,0,0,0,0,0,0,0,0
1803,1922,3,0,1,1,1,0,0,0,0,0,0,0
1804,1923,7,2,1,1,1,1,1,0,1,1,0,1
1805,1924,1,0,1,0,0,0,0,0,0,0,0,0
1806,1925,5,0,1,1,1,0,0,0,0,0,0,0
1807,1926,0,0,0,0,0,0,0,0,0,0,0,0
1808,1927,0,0,0,0,0,0,0,0,0,0,0,0
1809,1928,0,0,0,0,0,0,0,0,0,0,0,0
1810,1929,0,0,0,0,0,0,0,0,0,0,0,0
1811,1930,0,0,0,0,0,0,0,0,0,0,0,0
1812,1931,1,2,1,0,0,1,1,0,1,0,0,1
1813,1932,0,0,0,0,0,0,0,0,0,0,0,0
1814,1933,0,0,0,0,0,0,0,0,0,0,0,0
1815,1934,2,0,1,1,0,0,0,0,0,0,0,0
1816,1935,0,0,0,0,0,0,0,0,0,0,0,0
1817,1936,1,0,1,0,0,0,0,0,0,0,0,0
1818,1937,0,0,0,0,0,0,0,0,0,0,0,0
1819,1938,9,0,1,1,1,0,0,0,0,0,0,0
1820,1939,1,0,1,0,0,0,0,0,0,0,0,0
1821,1940,0,0,0,0,0,0,0,0,0,0,0,0
1822,1941,4,0,1,1,1,0,0,0,0,0,0,0
1823,1942,2,0,1,1,0,0,0,0,0,0,0,0
1824,1943,0,0,0,0,0,0,0,0,0,0,0,0
1825,1944,0,0,0,0,0,0,0,0,0,0,0,0
1826,1945,1,0,1,0,0,0,0,0,0,0,0,0
1827,1946,1,0,1,0,0,0,0,0,0,0,0,0
1828,1947,1,0,1,0,0,0,0,0,0,0,0,0
1829,1948,1,0,1,0,0,0,0,0,0,0,0,0
1830,1949,0,0,0,0,0,0,0,0,0,0,0,0
1831,1950,0,0,0,0,0,0,0,0,0,0,0,0
1832,1952,0,0,0,0,0,0,0,0,0,0,0,0
1833,1953,0,0,0,0,0,0,0,0,0,0,0,0
1834,1954,2,2,1,1,0,1,1,0,1,1,0,1
1835,1956,1,3,1,0,0,1,1,1,1,0,0,1
1836,1957,3,2,1,1,1,1,1,0,1,1,0,1
1837,1959,4,0,1,1,1,0,0,0,0,0,0,0
1838,1961,1,1,1,0,0,1,0,0,1,0,0,1
1839,1962,0,0,0,0,0,0,0,0,0,0,0,0
1840,1963,0,0,0,0,0,0,0,0,0,0,0,0
1841,1964,0,0,0,0,0,0,0,0,0,0,0,0
1842,1965,3,0,1,1,1,0,0,0,0,0,0,0
1843,1966,3,0,1,1,1,0,0,0,0,0,0,0
1844,1967,0,0,0,0,0,0,0,0,0,0,0,0
1845,1968,2,0,1,1,0,0,0,0,0,0,0,0
1846,1969,7,1,1,1,1,1,0,0,1,0,0,1
1847,1970,2,0,1,1,0,0,0,0,0,0,0,0
1848,1971,4,0,1,1,1,0,0,0,0,0,0,0
1849,1972,5,0,1,1,1,0,0,0,0,0,0,0
1850,1973,0,1,0,0,0,1,0,0,0,0,0,0
1851,1974,0,0,0,0,0,0,0,0,0,0,0,0
1852,1976,3,1,1,1,1,1,0,0,1,0,0,1
1853,1978,8,5,1,1,1,1,1,1,1,1,1,1
1854,1979,9,3,1,1,1,1,1,1,1,1,1,1
1855,1980,5,2,1,1,1,1,1,0,1,1,0,1
1856,1981,2,4,1,1,0,1,1,1,1,1,0,1
1857,1982,12,1,1,1,1,1,0,0,1,0,0,1
1858,1983,0,0,0,0,0,0,0,0,0,0,0,0
1859,1984,8,0,1,1,1,0,0,0,0,0,0,0
1860,1985,4,0,1,1,1,0,0,0,0,0,0,0
1861,1986,0,0,0,0,0,0,0,0,0,0,0,0
1862,1987,0,0,0,0,0,0,0,0,0,0,0,0
1863,1988,5,1,1,1,1,1,0,0,1,0,0,1
1864,1989,0,0,0,0,0,0,0,0,0,0,0,0
1865,1990,0,0,0,0,0,0,0,0,0,0,0,0
1866,1991,0,0,0,0,0,0,0,0,0,0,0,0
1867,1992,0,0,0,0,0,0,0,0,0,0,0,0
1868,1993,0,0,0,0,0,0,0,0,0,0,0,0
1869,1994,0,0,0,0,0,0,0,0,0,0,0,0
1870,1995,0,0,0,0,0,0,0,0,0,0,0,0
1871,1996,0,0,0,0,0,0,0,0,0,0,0,0
1872,1997,1,0,1,0,0,0,0,0,0,0,0,0
1873,1998,8,1,1,1,1,1,0,0,1,0,0,1
1874,1999,1,0,1,0,0,0,0,0,0,0,0,0
1875,2000,0,1,0,0,0,1,0,0,0,0,0,0
1876,2001,0,0,0,0,0,0,0,0,0,0,0,0
1877,2002,0,0,0,0,0,0,0,0,0,0,0,0
1878,2003,0,0,0,0,0,0,0,0,0,0,0,0
1879,2004,0,0,0,0,0,0,0,0,0,0,0,0
1880,2005,1,0,1,0,0,0,0,0,0,0,0,0
1881,2007,0,0,0,0,0,0,0,0,0,0,0,0
1882,2009,2,3,1,1,0,1,1,1,1,1,0,1
1883,2010,2,0,1,1,0,0,0,0,0,0,0,0
1884,2011,2,2,1,1,0,1,1,0,1,1,0,1
1885,2012,0,0,0,0,0,0,0,0,0,0,0,0
1886,2013,0,0,0,0,0,0,0,0,0,0,0,0
1887,2014,1,0,1,0,0,0,0,0,0,0,0,0
1888,2015,0,0,0,0,0,0,0,0,0,0,0,0
1889,2016,1,1,1,0,0,1,0,0,1,0,0,1
1890,2017,1,1,1,0,0,1,0,0,1,0,0,1
1891,2018,0,0,0,0,0,0,0,0,0,0,0,0
1892,2019,0,0,0,0,0,0,0,0,0,0,0,0
1893,2020,0,0,0,0,0,0,0,0,0,0,0,0
1894,2021,1,0,1,0,0,0,0,0,0,0,0,0
1895,2022,1,0,1,0,0,0,0,0,0,0,0,0
1896,2023,1,0,1,0,0,0,0,0,0,0,0,0
1897,2024,0,0,0,0,0,0,0,0,0,0,0,0
1898,2025,0,0,0,0,0,0,0,0,0,0,0,0
1899,2026,1,1,1,0,0,1,0,0,1,0,0,1
1900,2027,0,0,0,0,0,0,0,0,0,0,0,0
1901,2028,0,0,0,0,0,0,0,0,0,0,0,0
1902,2029,0,0,0,0,0,0,0,0,0,0,0,0
1903,2030,0,0,0,0,0,0,0,0,0,0,0,0
1904,2031,0,1,0,0,0,1,0,0,0,0,0,0
1905,2032,0,0,0,0,0,0,0,0,0,0,0,0
1906,2033,1,0,1,0,0,0,0,0,0,0,0,0
1907,2034,0,0,0,0,0,0,0,0,0,0,0,0
1908,2035,0,0,0,0,0,0,0,0,0,0,0,0
1909,2036,3,0,1,1,1,0,0,0,0,0,0,0
1910,2037,1,0,1,0,0,0,0,0,0,0,0,0
1911,2038,0,1,0,0,0,1,0,0,0,0,0,0
1912,2039,0,0,0,0,0,0,0,0,0,0,0,0
1913,2040,0,0,0,0,0,0,0,0,0,0,0,0
1914,2041,1,1,1,0,0,1,0,0,1,0,0,1
1915,2042,1,0,1,0,0,0,0,0,0,0,0,0
1916,2043,0,0,0,0,0,0,0,0,0,0,0,0
1917,2044,1,1,1,0,0,1,0,0,1,0,0,1
1918,2045,1,0,1,0,0,0,0,0,0,0,0,0
1919,2046,0,0,0,0,0,0,0,0,0,0,0,0
1920,2047,1,2,1,0,0,1,1,0,1,0,0,1
1921,2048,2,0,1,1,0,0,0,0,0,0,0,0
1922,2049,1,0,1,0,0,0,0,0,0,0,0,0
1923,2050,0,0,0,0,0,0,0,0,0,0,0,0
1924,2051,1,1,1,0,0,1,0,0,1,0,0,1
1925,2052,0,0,0,0,0,0,0,0,0,0,0,0
1926,2053,0,0,0,0,0,0,0,0,0,0,0,0
1927,2054,1,2,1,0,0,1,1,0,1,0,0,1
1928,2055,0,0,0,0,0,0,0,0,0,0,0,0
1929,2056,2,1,1,1,0,1,0,0,1,0,0,1
1930,2057,0,0,0,0,0,0,0,0,0,0,0,0
1931,2058,4,3,1,1,1,1,1,1,1,1,1,1
1932,2059,0,0,0,0,0,0,0,0,0,0,0,0
1933,2060,3,3,1,1,1,1,1,1,1,1,1,1
1934,2061,0,0,0,0,0,0,0,0,0,0,0,0
1935,2062,1,1,1,0,0,1,0,0,1,0,0,1
1936,2063,1,0,1,0,0,0,0,0,0,0,0,0
1937,2064,0,0,0,0,0,0,0,0,0,0,0,0
1938,2065,0,1,0,0,0,1,0,0,0,0,0,0
1939,2066,1,1,1,0,0,1,0,0,1,0,0,1
1940,2067,0,1,0,0,0,1,0,0,0,0,0,0
1941,2068,0,0,0,0,0,0,0,0,0,0,0,0
1942,2069,0,0,0,0,0,0,0,0,0,0,0,0
1943,2070,0,0,0,0,0,0,0,0,0,0,0,0
1944,2071,0,0,0,0,0,0,0,0,0,0,0,0
1945,2072,2,2,1,1,0,1,1,0,1,1,0,1
1946,2073,0,1,0,0,0,1,0,0,0,0,0,0
1947,2074,18,9,1,1,1,1,1,1,1,1,1,1
1948,2075,1,0,1,0,0,0,0,0,0,0,0,0
1949,2076,0,0,0,0,0,0,0,0,0,0,0,0
1950,2077,1,0,1,0,0,0,0,0,0,0,0,0
1951,2078,6,3,1,1,1,1,1,1,1,1,1,1
1952,2079,0,0,0,0,0,0,0,0,0,0,0,0
1953,2080,0,0,0,0,0,0,0,0,0,0,0,0
1954,2081,0,0,0,0,0,0,0,0,0,0,0,0
1955,2082,1,0,1,0,0,0,0,0,0,0,0,0
1956,2083,2,0,1,1,0,0,0,0,0,0,0,0
1957,2084,2,0,1,1,0,0,0,0,0,0,0,0
1958,2085,0,0,0,0,0,0,0,0,0,0,0,0
1959,2086,3,1,1,1,1,1,0,0,1,0,0,1
1960,2087,1,0,1,0,0,0,0,0,0,0,0,0
1961,2088,1,0,1,0,0,0,0,0,0,0,0,0
1962,2089,0,0,0,0,0,0,0,0,0,0,0,0
1963,2090,0,0,0,0,0,0,0,0,0,0,0,0
1964,2091,0,0,0,0,0,0,0,0,0,0,0,0
1965,2092,0,0,0,0,0,0,0,0,0,0,0,0
1966,2093,8,1,1,1,1,1,0,0,1,0,0,1
1967,2094,0,0,0,0,0,0,0,0,0,0,0,0
1968,2095,2,0,1,1,0,0,0,0,0,0,0,0
1969,2096,0,0,0,0,0,0,0,0,0,0,0,0
1970,2097,0,1,0,0,0,1,0,0,0,0,0,0
1971,2098,0,0,0,0,0,0,0,0,0,0,0,0
1972,2099,0,0,0,0,0,0,0,0,0,0,0,0
1973,2100,2,0,1,1,0,0,0,0,0,0,0,0
1974,2101,1,0,1,0,0,0,0,0,0,0,0,0
1975,2102,5,0,1,1,1,0,0,0,0,0,0,0
1976,2103,0,0,0,0,0,0,0,0,0,0,0,0
1977,2104,0,0,0,0,0,0,0,0,0,0,0,0
1978,2105,4,0,1,1,1,0,0,0,0,0,0,0
1979,2106,1,1,1,0,0,1,0,0,1,0,0,1
1980,2107,0,0,0,0,0,0,0,0,0,0,0,0
1981,2108,0,1,0,0,0,1,0,0,0,0,0,0
1982,2109,0,0,0,0,0,0,0,0,0,0,0,0
1983,2110,2,0,1,1,0,0,0,0,0,0,0,0
1984,2111,0,0,0,0,0,0,0,0,0,0,0,0
1985,2112,0,0,0,0,0,0,0,0,0,0,0,0
1986,2113,0,1,0,0,0,1,0,0,0,0,0,0
1987,2114,2,3,1,1,0,1,1,1,1,1,0,1
1988,2115,0,0,0,0,0,0,0,0,0,0,0,0
1989,2116,0,0,0,0,0,0,0,0,0,0,0,0
1990,2117,0,0,0,0,0,0,0,0,0,0,0,0
1991,2118,1,0,1,0,0,0,0,0,0,0,0,0
1992,2119,0,1,0,0,0,1,0,0,0,0,0,0
1993,2120,1,0,1,0,0,0,0,0,0,0,0,0
1994,2121,0,0,0,0,0,0,0,0,0,0,0,0
1995,2122,0,0,0,0,0,0,0,0,0,0,0,0
1996,2123,0,0,0,0,0,0,0,0,0,0,0,0
1997,2124,1,0,1,0,0,0,0,0,0,0,0,0
1998,2125,1,1,1,0,0,1,0,0,1,0,0,1
1999,2126,1,0,1,0,0,0,0,0,0,0,0,0
2000,2127,20,11,1,1,1,1,1,1,1,1,1,1
2001,2129,0,0,0,0,0,0,0,0,0,0,0,0
2002,2130,0,0,0,0,0,0,0,0,0,0,0,0
2003,2131,0,0,0,0,0,0,0,0,0,0,0,0
2004,2132,0,0,0,0,0,0,0,0,0,0,0,0
2005,2133,3,0,1,1,1,0,0,0,0,0,0,0
2006,2134,3,0,1,1,1,0,0,0,0,0,0,0
2007,2135,3,0,1,1,1,0,0,0,0,0,0,0
2008,2136,4,0,1,1,1,0,0,0,0,0,0,0
2009,2137,0,0,0,0,0,0,0,0,0,0,0,0
2010,2138,0,0,0,0,0,0,0,0,0,0,0,0
2011,2139,0,0,0,0,0,0,0,0,0,0,0,0
2012,2140,0,0,0,0,0,0,0,0,0,0,0,0
2013,2141,1,0,1,0,0,0,0,0,0,0,0,0
2014,2142,2,0,1,1,0,0,0,0,0,0,0,0
2015,2143,0,0,0,0,0,0,0,0,0,0,0,0
2016,2144,7,4,1,1,1,1,1,1,1,1,1,1
2017,2146,0,0,0,0,0,0,0,0,0,0,0,0
2018,2147,0,0,0,0,0,0,0,0,0,0,0,0
2019,2148,0,0,0,0,0,0,0,0,0,0,0,0
2020,2149,1,0,1,0,0,0,0,0,0,0,0,0
2021,2150,1,0,1,0,0,0,0,0,0,0,0,0
2022,2151,3,0,1,1,1,0,0,0,0,0,0,0
2023,2152,0,1,0,0,0,1,0,0,0,0,0,0
2024,2153,3,1,1,1,1,1,0,0,1,0,0,1
2025,2154,1,0,1,0,0,0,0,0,0,0,0,0
2026,2155,0,0,0,0,0,0,0,0,0,0,0,0
2027,2156,0,0,0,0,0,0,0,0,0,0,0,0
2028,2158,0,0,0,0,0,0,0,0,0,0,0,0
2029,2159,6,0,1,1,1,0,0,0,0,0,0,0
2030,2160,7,1,1,1,1,1,0,0,1,0,0,1
2031,2161,0,0,0,0,0,0,0,0,0,0,0,0
2032,2162,15,0,1,1,1,0,0,0,0,0,0,0
2033,2163,0,0,0,0,0,0,0,0,0,0,0,0
2034,2164,0,0,0,0,0,0,0,0,0,0,0,0
2035,2165,0,0,0,0,0,0,0,0,0,0,0,0
2036,2166,3,0,1,1,1,0,0,0,0,0,0,0
2037,2167,0,0,0,0,0,0,0,0,0,0,0,0
2038,2168,3,3,1,1,1,1,1,1,1,1,1,1
2039,2169,1,0,1,0,0,0,0,0,0,0,0,0
2040,2170,0,0,0,0,0,0,0,0,0,0,0,0
2041,2171,0,0,0,0,0,0,0,0,0,0,0,0
2042,2172,0,0,0,0,0,0,0,0,0,0,0,0
2043,2173,3,0,1,1,1,0,0,0,0,0,0,0
2044,2174,0,1,0,0,0,1,0,0,0,0,0,0
2045,2175,1,1,1,0,0,1,0,0,1,0,0,1
2046,2176,0,0,0,0,0,0,0,0,0,0,0,0
2047,2177,0,0,0,0,0,0,0,0,0,0,0,0
2048,2178,0,0,0,0,0,0,0,0,0,0,0,0
2049,2179,0,0,0,0,0,0,0,0,0,0,0,0
2050,2180,0,0,0,0,0,0,0,0,0,0,0,0
2051,2181,3,3,1,1,1,1,1,1,1,1,1,1
2052,2182,6,2,1,1,1,1,1,0,1,1,0,1
2053,2183,0,0,0,0,0,0,0,0,0,0,0,0
2054,2184,0,0,0,0,0,0,0,0,0,0,0,0
2055,2185,3,0,1,1,1,0,0,0,0,0,0,0
2056,2186,3,0,1,1,1,0,0,0,0,0,0,0
2057,2187,0,1,0,0,0,1,0,0,0,0,0,0
2058,2188,3,3,1,1,1,1,1,1,1,1,1,1
2059,2189,7,0,1,1,1,0,0,0,0,0,0,0
2060,2190,4,2,1,1,1,1,1,0,1,1,0,1
2061,2191,0,0,0,0,0,0,0,0,0,0,0,0
2062,2192,0,0,0,0,0,0,0,0,0,0,0,0
2063,2193,0,0,0,0,0,0,0,0,0,0,0,0
2064,2194,0,0,0,0,0,0,0,0,0,0,0,0
2065,2195,0,0,0,0,0,0,0,0,0,0,0,0
2066,2196,1,0,1,0,0,0,0,0,0,0,0,0
2067,2197,0,0,0,0,0,0,0,0,0,0,0,0
2068,2198,3,1,1,1,1,1,0,0,1,0,0,1
2069,2199,0,0,0,0,0,0,0,0,0,0,0,0
2070,2200,8,1,1,1,1,1,0,0,1,0,0,1
2071,2201,1,0,1,0,0,0,0,0,0,0,0,0
2072,2202,1,0,1,0,0,0,0,0,0,0,0,0
2073,2203,7,0,1,1,1,0,0,0,0,0,0,0
2074,2204,4,0,1,1,1,0,0,0,0,0,0,0
2075,2205,0,0,0,0,0,0,0,0,0,0,0,0
2076,2206,0,0,0,0,0,0,0,0,0,0,0,0
2077,2208,0,0,0,0,0,0,0,0,0,0,0,0
2078,2209,0,0,0,0,0,0,0,0,0,0,0,0
2079,2210,1,1,1,0,0,1,0,0,1,0,0,1
2080,2211,0,0,0,0,0,0,0,0,0,0,0,0
2081,2212,0,2,0,0,0,1,1,0,0,0,0,0
2082,2213,0,1,0,0,0,1,0,0,0,0,0,0
2083,2214,0,0,0,0,0,0,0,0,0,0,0,0
2084,2215,0,0,0,0,0,0,0,0,0,0,0,0
2085,2216,0,1,0,0,0,1,0,0,0,0,0,0
2086,2217,1,0,1,0,0,0,0,0,0,0,0,0
2087,2218,2,0,1,1,0,0,0,0,0,0,0,0
2088,2219,0,0,0,0,0,0,0,0,0,0,0,0
2089,2220,0,0,0,0,0,0,0,0,0,0,0,0
2090,2221,0,0,0,0,0,0,0,0,0,0,0,0
2091,2222,0,0,0,0,0,0,0,0,0,0,0,0
2092,2223,0,0,0,0,0,0,0,0,0,0,0,0
2093,2224,0,0,0,0,0,0,0,0,0,0,0,0
2094,2225,2,1,1,1,0,1,0,0,1,0,0,1
2095,2226,0,0,0,0,0,0,0,0,0,0,0,0
2096,2227,0,0,0,0,0,0,0,0,0,0,0,0
2097,2228,3,0,1,1,1,0,0,0,0,0,0,0
2098,2229,0,0,0,0,0,0,0,0,0,0,0,0
2099,2230,3,1,1,1,1,1,0,0,1,0,0,1
2100,2231,0,0,0,0,0,0,0,0,0,0,0,0
2101,2232,0,0,0,0,0,0,0,0,0,0,0,0
2102,2233,0,0,0,0,0,0,0,0,0,0,0,0
2103,2234,0,0,0,0,0,0,0,0,0,0,0,0
2104,2235,0,0,0,0,0,0,0,0,0,0,0,0
2105,2236,1,1,1,0,0,1,0,0,1,0,0,1
2106,2237,0,0,0,0,0,0,0,0,0,0,0,0
2107,2238,0,2,0,0,0,1,1,0,0,0,0,0
2108,2239,0,0,0,0,0,0,0,0,0,0,0,0
2109,2240,1,0,1,0,0,0,0,0,0,0,0,0
2110,2241,0,0,0,0,0,0,0,0,0,0,0,0
2111,2242,0,0,0,0,0,0,0,0,0,0,0,0
2112,2243,0,0,0,0,0,0,0,0,0,0,0,0
2113,2244,0,0,0,0,0,0,0,0,0,0,0,0
2114,2245,0,0,0,0,0,0,0,0,0,0,0,0
2115,2246,0,0,0,0,0,0,0,0,0,0,0,0
2116,2247,0,1,0,0,0,1,0,0,0,0,0,0
2117,2248,0,0,0,0,0,0,0,0,0,0,0,0
2118,2249,1,0,1,0,0,0,0,0,0,0,0,0
2119,2250,1,0,1,0,0,0,0,0,0,0,0,0
2120,2251,0,0,0,0,0,0,0,0,0,0,0,0
2121,2252,2,0,1,1,0,0,0,0,0,0,0,0
2122,2253,0,0,0,0,0,0,0,0,0,0,0,0
2123,2254,1,0,1,0,0,0,0,0,0,0,0,0
2124,2255,0,0,0,0,0,0,0,0,0,0,0,0
2125,2256,0,0,0,0,0,0,0,0,0,0,0,0
2126,2257,3,1,1,1,1,1,0,0,1,0,0,1
2127,2258,4,0,1,1,1,0,0,0,0,0,0,0
2128,2259,0,0,0,0,0,0,0,0,0,0,0,0
2129,2260,0,0,0,0,0,0,0,0,0,0,0,0
2130,2261,3,3,1,1,1,1,1,1,1,1,1,1
2131,2262,1,1,1,0,0,1,0,0,1,0,0,1
2132,2264,2,0,1,1,0,0,0,0,0,0,0,0
2133,2265,11,0,1,1,1,0,0,0,0,0,0,0
2134,2266,0,0,0,0,0,0,0,0,0,0,0,0
2135,2267,0,0,0,0,0,0,0,0,0,0,0,0
2136,2268,0,0,0,0,0,0,0,0,0,0,0,0
2137,2269,1,2,1,0,0,1,1,0,1,0,0,1
2138,2270,1,0,1,0,0,0,0,0,0,0,0,0
2139,2271,2,0,1,1,0,0,0,0,0,0,0,0
2140,2272,3,0,1,1,1,0,0,0,0,0,0,0
2141,2273,0,0,0,0,0,0,0,0,0,0,0,0
2142,2275,1,0,1,0,0,0,0,0,0,0,0,0
2143,2276,4,5,1,1,1,1,1,1,1,1,1,1
2144,2277,3,1,1,1,1,1,0,0,1,0,0,1
2145,2278,1,0,1,0,0,0,0,0,0,0,0,0
2146,2279,0,0,0,0,0,0,0,0,0,0,0,0
2147,2280,0,0,0,0,0,0,0,0,0,0,0,0
2148,2281,0,0,0,0,0,0,0,0,0,0,0,0
2149,2282,0,0,0,0,0,0,0,0,0,0,0,0
2150,2283,0,0,0,0,0,0,0,0,0,0,0,0
2151,2284,0,1,0,0,0,1,0,0,0,0,0,0
2152,2285,0,0,0,0,0,0,0,0,0,0,0,0
2153,2286,0,0,0,0,0,0,0,0,0,0,0,0
2154,2287,0,0,0,0,0,0,0,0,0,0,0,0
2155,2288,3,1,1,1,1,1,0,0,1,0,0,1
2156,2289,0,1,0,0,0,1,0,0,0,0,0,0
2157,2291,0,1,0,0,0,1,0,0,0,0,0,0
2158,2292,0,0,0,0,0,0,0,0,0,0,0,0
2159,2293,1,2,1,0,0,1,1,0,1,0,0,1
2160,2294,0,0,0,0,0,0,0,0,0,0,0,0
2161,2297,4,1,1,1,1,1,0,0,1,0,0,1
2162,2298,0,0,0,0,0,0,0,0,0,0,0,0
2163,2299,3,0,1,1,1,0,0,0,0,0,0,0
2164,2300,9,0,1,1,1,0,0,0,0,0,0,0
2165,2301,4,0,1,1,1,0,0,0,0,0,0,0
2166,2302,0,0,0,0,0,0,0,0,0,0,0,0
2167,2303,1,0,1,0,0,0,0,0,0,0,0,0
2168,2304,9,0,1,1,1,0,0,0,0,0,0,0
2169,2305,1,0,1,0,0,0,0,0,0,0,0,0
2170,2306,0,0,0,0,0,0,0,0,0,0,0,0
2171,2307,0,0,0,0,0,0,0,0,0,0,0,0
2172,2308,0,0,0,0,0,0,0,0,0,0,0,0
2173,2309,1,0,1,0,0,0,0,0,0,0,0,0
2174,2310,0,0,0,0,0,0,0,0,0,0,0,0
2175,2311,0,0,0,0,0,0,0,0,0,0,0,0
2176,2312,0,0,0,0,0,0,0,0,0,0,0,0
2177,2313,1,0,1,0,0,0,0,0,0,0,0,0
2178,2314,2,1,1,1,0,1,0,0,1,0,0,1
2179,2317,0,0,0,0,0,0,0,0,0,0,0,0
2180,2318,0,0,0,0,0,0,0,0,0,0,0,0
2181,2319,1,2,1,0,0,1,1,0,1,0,0,1
2182,2320,2,0,1,1,0,0,0,0,0,0,0,0
2183,2321,7,4,1,1,1,1,1,1,1,1,1,1
2184,2322,8,0,1,1,1,0,0,0,0,0,0,0
2185,2323,6,1,1,1,1,1,0,0,1,0,0,1
2186,2324,0,0,0,0,0,0,0,0,0,0,0,0
2187,2326,0,0,0,0,0,0,0,0,0,0,0,0
2188,2327,0,0,0,0,0,0,0,0,0,0,0,0
2189,2329,8,1,1,1,1,1,0,0,1,0,0,1
2190,2330,0,0,0,0,0,0,0,0,0,0,0,0
2191,2331,7,2,1,1,1,1,1,0,1,1,0,1
2192,2332,0,0,0,0,0,0,0,0,0,0,0,0
2193,2333,1,0,1,0,0,0,0,0,0,0,0,0
2194,2334,0,0,0,0,0,0,0,0,0,0,0,0
2195,2335,0,0,0,0,0,0,0,0,0,0,0,0
2196,2336,0,0,0,0,0,0,0,0,0,0,0,0
2197,2337,0,0,0,0,0,0,0,0,0,0,0,0
2198,2338,0,0,0,0,0,0,0,0,0,0,0,0
2199,2339,0,0,0,0,0,0,0,0,0,0,0,0
2200,2340,0,0,0,0,0,0,0,0,0,0,0,0
2201,2343,5,0,1,1,1,0,0,0,0,0,0,0
2202,2344,1,0,1,0,0,0,0,0,0,0,0,0
2203,2345,3,1,1,1,1,1,0,0,1,0,0,1
2204,2346,3,0,1,1,1,0,0,0,0,0,0,0
2205,2347,0,0,0,0,0,0,0,0,0,0,0,0
2206,2348,0,0,0,0,0,0,0,0,0,0,0,0
2207,2350,1,0,1,0,0,0,0,0,0,0,0,0
2208,2351,2,0,1,1,0,0,0,0,0,0,0,0
2209,2352,4,0,1,1,1,0,0,0,0,0,0,0
2210,2353,5,3,1,1,1,1,1,1,1,1,1,1
2211,2354,2,0,1,1,0,0,0,0,0,0,0,0
2212,2355,2,0,1,1,0,0,0,0,0,0,0,0
2213,2356,7,0,1,1,1,0,0,0,0,0,0,0
2214,2358,0,0,0,0,0,0,0,0,0,0,0,0
2215,2359,0,0,0,0,0,0,0,0,0,0,0,0
2216,2360,0,0,0,0,0,0,0,0,0,0,0,0
2217,2361,0,0,0,0,0,0,0,0,0,0,0,0
2218,2362,0,1,0,0,0,1,0,0,0,0,0,0
2219,2363,4,3,1,1,1,1,1,1,1,1,1,1
2220,2364,0,0,0,0,0,0,0,0,0,0,0,0
2221,2365,8,1,1,1,1,1,0,0,1,0,0,1
2222,2366,9,1,1,1,1,1,0,0,1,0,0,1
2223,2367,6,0,1,1,1,0,0,0,0,0,0,0
2224,2368,0,0,0,0,0,0,0,0,0,0,0,0
2225,2369,0,0,0,0,0,0,0,0,0,0,0,0
2226,2370,0,0,0,0,0,0,0,0,0,0,0,0
2227,2371,0,0,0,0,0,0,0,0,0,0,0,0
2228,2373,0,0,0,0,0,0,0,0,0,0,0,0
2229,2374,2,0,1,1,0,0,0,0,0,0,0,0
2230,2375,10,0,1,1,1,0,0,0,0,0,0,0
2231,2376,0,0,0,0,0,0,0,0,0,0,0,0
2232,2377,1,0,1,0,0,0,0,0,0,0,0,0
2233,2378,0,1,0,0,0,1,0,0,0,0,0,0
2234,2379,1,0,1,0,0,0,0,0,0,0,0,0
2235,2380,1,0,1,0,0,0,0,0,0,0,0,0
2236,2381,0,0,0,0,0,0,0,0,0,0,0,0
2237,2382,3,14,1,1,1,1,1,1,1,1,1,1
2238,2384,0,0,0,0,0,0,0,0,0,0,0,0
2239,2385,6,0,1,1,1,0,0,0,0,0,0,0
2240,2386,0,1,0,0,0,1,0,0,0,0,0,0
2241,2387,1,1,1,0,0,1,0,0,1,0,0,1
2242,2388,0,1,0,0,0,1,0,0,0,0,0,0
2243,2389,1,0,1,0,0,0,0,0,0,0,0,0
2244,2390,4,1,1,1,1,1,0,0,1,0,0,1
2245,2391,8,0,1,1,1,0,0,0,0,0,0,0
2246,2392,1,2,1,0,0,1,1,0,1,0,0,1
2247,2393,4,2,1,1,1,1,1,0,1,1,0,1
2248,2394,8,1,1,1,1,1,0,0,1,0,0,1
2249,2395,0,0,0,0,0,0,0,0,0,0,0,0
2250,2397,1,0,1,0,0,0,0,0,0,0,0,0
2251,2398,0,0,0,0,0,0,0,0,0,0,0,0
2252,2399,0,0,0,0,0,0,0,0,0,0,0,0
2253,2400,4,0,1,1,1,0,0,0,0,0,0,0
2254,2402,9,8,1,1,1,1,1,1,1,1,1,1
2255,2403,2,1,1,1,0,1,0,0,1,0,0,1
2256,2404,1,2,1,0,0,1,1,0,1,0,0,1
2257,2405,0,2,0,0,0,1,1,0,0,0,0,0
2258,2407,0,0,0,0,0,0,0,0,0,0,0,0
2259,2408,0,0,0,0,0,0,0,0,0,0,0,0
2260,2409,0,0,0,0,0,0,0,0,0,0,0,0
2261,2410,0,0,0,0,0,0,0,0,0,0,0,0
2262,2411,1,1,1,0,0,1,0,0,1,0,0,1
2263,2413,3,0,1,1,1,0,0,0,0,0,0,0
2264,2414,3,0,1,1,1,0,0,0,0,0,0,0
2265,2415,4,7,1,1,1,1,1,1,1,1,1,1
2266,2416,1,0,1,0,0,0,0,0,0,0,0,0
2267,2417,1,1,1,0,0,1,0,0,1,0,0,1
2268,2418,0,0,0,0,0,0,0,0,0,0,0,0
2269,2419,0,2,0,0,0,1,1,0,0,0,0,0
2270,2420,0,0,0,0,0,0,0,0,0,0,0,0
2271,2421,4,2,1,1,1,1,1,0,1,1,0,1
2272,2422,0,0,0,0,0,0,0,0,0,0,0,0
2273,2423,1,0,1,0,0,0,0,0,0,0,0,0
2274,2424,0,0,0,0,0,0,0,0,0,0,0,0
2275,2425,3,0,1,1,1,0,0,0,0,0,0,0
2276,2426,0,0,0,0,0,0,0,0,0,0,0,0
2277,2427,0,0,0,0,0,0,0,0,0,0,0,0
2278,2428,0,0,0,0,0,0,0,0,0,0,0,0
2279,2429,1,1,1,0,0,1,0,0,1,0,0,1
2280,2430,0,0,0,0,0,0,0,0,0,0,0,0
2281,2431,1,0,1,0,0,0,0,0,0,0,0,0
2282,2432,0,0,0,0,0,0,0,0,0,0,0,0
2283,2433,0,0,0,0,0,0,0,0,0,0,0,0
2284,2434,0,0,0,0,0,0,0,0,0,0,0,0
2285,2435,2,0,1,1,0,0,0,0,0,0,0,0
2286,2436,0,0,0,0,0,0,0,0,0,0,0,0
2287,2437,0,0,0,0,0,0,0,0,0,0,0,0
2288,2438,0,0,0,0,0,0,0,0,0,0,0,0
2289,2439,0,0,0,0,0,0,0,0,0,0,0,0
2290,2440,0,0,0,0,0,0,0,0,0,0,0,0
2291,2442,1,0,1,0,0,0,0,0,0,0,0,0
2292,2443,0,0,0,0,0,0,0,0,0,0,0,0
2293,2444,4,0,1,1,1,0,0,0,0,0,0,0
2294,2445,0,0,0,0,0,0,0,0,0,0,0,0
2295,2446,0,0,0,0,0,0,0,0,0,0,0,0
2296,2448,6,3,1,1,1,1,1,1,1,1,1,1
2297,2449,1,0,1,0,0,0,0,0,0,0,0,0
2298,2450,0,0,0,0,0,0,0,0,0,0,0,0
2299,2451,0,0,0,0,0,0,0,0,0,0,0,0
2300,2452,5,1,1,1,1,1,0,0,1,0,0,1
2301,2453,0,0,0,0,0,0,0,0,0,0,0,0
2302,2454,0,0,0,0,0,0,0,0,0,0,0,0
2303,2455,4,3,1,1,1,1,1,1,1,1,1,1
2304,2456,1,0,1,0,0,0,0,0,0,0,0,0
2305,2457,0,0,0,0,0,0,0,0,0,0,0,0
2306,2458,0,0,0,0,0,0,0,0,0,0,0,0
2307,2459,1,0,1,0,0,0,0,0,0,0,0,0
2308,2460,0,1,0,0,0,1,0,0,0,0,0,0
2309,2461,1,0,1,0,0,0,0,0,0,0,0,0
2310,2462,1,1,1,0,0,1,0,0,1,0,0,1
2311,2463,0,0,0,0,0,0,0,0,0,0,0,0
2312,2464,0,0,0,0,0,0,0,0,0,0,0,0
2313,2465,2,1,1,1,0,1,0,0,1,0,0,1
2314,2466,1,0,1,0,0,0,0,0,0,0,0,0
2315,2467,0,0,0,0,0,0,0,0,0,0,0,0
2316,2468,0,0,0,0,0,0,0,0,0,0,0,0
2317,2469,0,0,0,0,0,0,0,0,0,0,0,0
2318,2471,5,0,1,1,1,0,0,0,0,0,0,0
2319,2472,0,0,0,0,0,0,0,0,0,0,0,0
2320,2473,1,1,1,0,0,1,0,0,1,0,0,1
2321,2474,2,0,1,1,0,0,0,0,0,0,0,0
2322,2475,0,0,0,0,0,0,0,0,0,0,0,0
2323,2476,3,0,1,1,1,0,0,0,0,0,0,0
2324,2477,0,0,0,0,0,0,0,0,0,0,0,0
2325,2478,2,0,1,1,0,0,0,0,0,0,0,0
2326,2479,3,0,1,1,1,0,0,0,0,0,0,0
2327,2480,0,0,0,0,0,0,0,0,0,0,0,0
2328,2481,2,1,1,1,0,1,0,0,1,0,0,1
2329,2482,0,0,0,0,0,0,0,0,0,0,0,0
2330,2483,0,0,0,0,0,0,0,0,0,0,0,0
2331,2484,3,1,1,1,1,1,0,0,1,0,0,1
2332,2485,0,0,0,0,0,0,0,0,0,0,0,0
2333,2486,1,0,1,0,0,0,0,0,0,0,0,0
2334,2487,0,0,0,0,0,0,0,0,0,0,0,0
2335,2488,2,1,1,1,0,1,0,0,1,0,0,1
2336,2489,0,0,0,0,0,0,0,0,0,0,0,0
2337,2490,7,1,1,1,1,1,0,0,1,0,0,1
2338,2491,0,0,0,0,0,0,0,0,0,0,0,0
2339,2492,6,2,1,1,1,1,1,0,1,1,0,1
2340,2493,2,1,1,1,0,1,0,0,1,0,0,1
2341,2494,2,0,1,1,0,0,0,0,0,0,0,1
2342,2496,4,0,1,1,1,0,0,0,0,0,0,1
2343,2497,0,0,0,0,0,0,0,0,0,0,0,0
2344,2499,2,3,1,1,0,1,1,1,1,1,0,1
2345,2500,0,2,0,0,0,1,1,0,0,0,0,0
2346,2501,5,1,1,1,1,1,0,0,1,0,0,1
2347,2502,3,4,1,1,1,1,1,1,1,1,1,1
2348,2503,4,0,1,1,1,0,0,0,0,0,0,1
2349,2504,0,0,0,0,0,0,0,0,0,0,0,0
2350,2505,0,0,0,0,0,0,0,0,0,0,0,0
2351,2506,1,0,1,0,0,0,0,0,0,0,0,0
2352,2507,2,0,1,1,0,0,0,0,0,0,0,0
2353,2508,1,0,1,0,0,0,0,0,0,0,0,0
2354,2509,1,0,1,0,0,0,0,0,0,0,0,0
2355,2510,0,0,0,0,0,0,0,0,0,0,0,0
2356,2511,0,0,0,0,0,0,0,0,0,0,0,0
2357,2512,0,0,0,0,0,0,0,0,0,0,0,0
2358,2513,6,0,1,1,1,0,0,0,0,0,0,0
2359,2514,3,2,1,1,1,1,1,0,1,1,0,1
2360,2515,0,0,0,0,0,0,0,0,0,0,0,0
2361,2516,0,0,0,0,0,0,0,0,0,0,0,0
2362,2517,1,2,1,0,0,1,1,0,1,0,0,1
2363,2518,3,1,1,1,1,1,0,0,1,0,0,1
2364,2519,1,0,1,0,0,0,0,0,0,0,0,0
2365,2520,3,2,1,1,1,1,1,0,1,1,0,1
2366,2521,1,1,1,0,0,1,0,0,1,0,0,1
2367,2522,0,0,0,0,0,0,0,0,0,0,0,0
2368,2524,0,0,0,0,0,0,0,0,0,0,0,0
2369,2525,2,0,1,1,0,0,0,0,0,0,0,0
2370,2526,0,0,0,0,0,0,0,0,0,0,0,0
2371,2527,0,0,0,0,0,0,0,0,0,0,0,0
2372,2528,1,0,1,0,0,0,0,0,0,0,0,0
2373,2529,6,0,1,1,1,0,0,0,0,0,0,0
2374,2530,0,0,0,0,0,0,0,0,0,0,0,0
2375,2531,2,0,1,1,0,0,0,0,0,0,0,0
2376,2532,0,0,0,0,0,0,0,0,0,0,0,0
2377,2533,1,1,1,0,0,1,0,0,1,0,0,1
2378,2534,0,0,0,0,0,0,0,0,0,0,0,0
2379,2535,0,0,0,0,0,0,0,0,0,0,0,0
2380,2536,0,0,0,0,0,0,0,0,0,0,0,0
2381,2537,2,0,1,1,0,0,0,0,0,0,0,0
2382,2538,3,0,1,1,1,0,0,0,0,0,0,0
2383,2539,1,0,1,0,0,0,0,0,0,0,0,0
2384,2540,0,0,0,0,0,0,0,0,0,0,0,0
2385,2541,0,0,0,0,0,0,0,0,0,0,0,0
2386,2542,1,0,1,0,0,0,0,0,0,0,0,0
2387,2543,0,0,0,0,0,0,0,0,0,0,0,0
2388,2544,1,0,1,0,0,0,0,0,0,0,0,0
2389,2545,1,0,1,0,0,0,0,0,0,0,0,0
2390,2546,1,1,1,0,0,1,0,0,1,0,0,1
2391,2547,13,3,1,1,1,1,1,1,1,1,1,1
2392,2548,0,0,0,0,0,0,0,0,0,0,0,0
2393,2549,0,0,0,0,0,0,0,0,0,0,0,0
2394,2550,0,2,0,0,0,1,1,0,0,0,0,0
2395,2551,1,0,1,0,0,0,0,0,0,0,0,0
2396,2552,0,0,0,0,0,0,0,0,0,0,0,0
2397,2553,1,2,1,0,0,1,1,0,1,0,0,1
2398,2554,0,0,0,0,0,0,0,0,0,0,0,0
2399,2555,9,2,1,1,1,1,1,0,1,1,0,1
2400,2556,1,0,1,0,0,0,0,0,0,0,0,0
2401,2557,1,0,1,0,0,0,0,0,0,0,0,0
2402,2558,7,1,1,1,1,1,0,0,1,0,0,1
2403,2559,5,0,1,1,1,0,0,0,0,0,0,0
2404,2560,0,0,0,0,0,0,0,0,0,0,0,0
2405,2561,0,0,0,0,0,0,0,0,0,0,0,0
2406,2562,0,0,0,0,0,0,0,0,0,0,0,0
2407,2563,0,0,0,0,0,0,0,0,0,0,0,0
2408,2564,0,1,0,0,0,1,0,0,0,0,0,0
2409,2565,0,0,0,0,0,0,0,0,0,0,0,0
2410,2566,0,0,0,0,0,0,0,0,0,0,0,0
2411,2567,0,0,0,0,0,0,0,0,0,0,0,0
2412,2568,0,0,0,0,0,0,0,0,0,0,0,0
2413,2570,1,0,1,0,0,0,0,0,0,0,0,0
2414,2571,5,0,1,1,1,0,0,0,0,0,0,0
2415,2572,0,0,0,0,0,0,0,0,0,0,0,0
2416,2573,0,1,0,0,0,1,0,0,0,0,0,0
2417,2574,0,0,0,0,0,0,0,0,0,0,0,0
2418,2576,1,0,1,0,0,0,0,0,0,0,0,0
2419,2577,0,0,0,0,0,0,0,0,0,0,0,0
2420,2578,0,0,0,0,0,0,0,0,0,0,0,0
2421,2579,1,0,1,0,0,0,0,0,0,0,0,0
2422,2580,1,0,1,0,0,0,0,0,0,0,0,0
2423,2582,0,0,0,0,0,0,0,0,0,0,0,0
2424,2583,0,0,0,0,0,0,0,0,0,0,0,0
2425,2584,0,0,0,0,0,0,0,0,0,0,0,1
2426,2585,5,0,1,1,1,0,0,0,0,0,0,0
2427,2586,0,0,0,0,0,0,0,0,0,0,0,0
2428,2587,0,0,0,0,0,0,0,0,0,0,0,0
2429,2588,0,0,0,0,0,0,0,0,0,0,0,0
2430,2589,0,0,0,0,0,0,0,0,0,0,0,0
2431,2590,7,0,1,1,1,0,0,0,0,0,0,0
2432,2591,0,0,0,0,0,0,0,0,0,0,0,0
2433,2592,0,0,0,0,0,0,0,0,0,0,0,1
2434,2593,0,0,0,0,0,0,0,0,0,0,0,1
2435,2594,0,0,0,0,0,0,0,0,0,0,0,0
2436,2596,6,1,1,1,1,1,0,0,1,0,0,1
2437,2597,0,0,0,0,0,0,0,0,0,0,0,0
2438,2598,0,0,0,0,0,0,0,0,0,0,0,0
2439,2599,0,0,0,0,0,0,0,0,0,0,0,0
2440,2600,0,0,0,0,0,0,0,0,0,0,0,0
2441,2601,0,0,0,0,0,0,0,0,0,0,0,0
2442,2602,1,0,1,0,0,0,0,0,0,0,0,0
2443,2603,0,0,0,0,0,0,0,0,0,0,0,0
2444,2604,3,0,1,1,1,0,0,0,0,0,0,0
2445,2605,0,0,0,0,0,0,0,0,0,0,0,0
2446,2607,3,0,1,1,1,0,0,0,0,0,0,0
2447,2608,0,0,0,0,0,0,0,0,0,0,0,0
2448,2610,2,0,1,1,0,0,0,0,0,0,0,0
2449,2611,5,6,1,1,1,1,1,1,1,1,1,1
2450,2612,13,5,1,1,1,1,1,1,1,1,1,1
2451,2614,0,0,0,0,0,0,0,0,0,0,0,0
2452,2615,0,0,0,0,0,0,0,0,0,0,0,0
2453,2618,1,0,1,0,0,0,0,0,0,0,0,0
2454,2619,5,0,1,1,1,0,0,0,0,0,0,0
2455,2620,0,1,0,0,0,1,0,0,0,0,0,0
2456,2621,0,0,0,0,0,0,0,0,0,0,0,0
2457,2622,0,1,0,0,0,1,0,0,0,0,0,0
2458,2623,0,2,0,0,0,1,1,0,0,0,0,0
2459,2624,1,1,1,0,0,1,0,0,1,0,0,1
2460,2625,0,0,0,0,0,0,0,0,0,0,0,0
2461,2626,2,0,1,1,0,0,0,0,0,0,0,0
2462,2627,0,0,0,0,0,0,0,0,0,0,0,0
2463,2628,2,0,1,1,0,0,0,0,0,0,0,0
2464,2629,5,1,1,1,1,1,0,0,1,0,0,1
2465,2630,1,0,1,0,0,0,0,0,0,0,0,0
2466,2631,0,0,0,0,0,0,0,0,0,0,0,0
2467,2632,0,0,0,0,0,0,0,0,0,0,0,0
2468,2633,4,0,1,1,1,0,0,0,0,0,0,0
2469,2636,1,0,1,0,0,0,0,0,0,0,0,0
2470,2637,6,7,1,1,1,1,1,1,1,1,1,1
2471,2638,1,0,1,0,0,0,0,0,0,0,0,0
2472,2639,1,0,1,0,0,0,0,0,0,0,0,0
2473,2640,3,0,1,1,1,0,0,0,0,0,0,0
2474,2641,1,0,1,0,0,0,0,0,0,0,0,0
2475,2642,0,0,0,0,0,0,0,0,0,0,0,0
2476,2643,0,0,0,0,0,0,0,0,0,0,0,0
2477,2644,0,0,0,0,0,0,0,0,0,0,0,0
2478,2645,0,0,0,0,0,0,0,0,0,0,0,0
2479,2646,0,0,0,0,0,0,0,0,0,0,0,0
2480,2647,2,0,1,1,0,0,0,0,0,0,0,0
2481,2648,1,0,1,0,0,0,0,0,0,0,0,0
2482,2649,1,0,1,0,0,0,0,0,0,0,0,0
2483,2650,0,1,0,0,0,1,0,0,0,0,0,0
2484,2651,0,0,0,0,0,0,0,0,0,0,0,0
2485,2652,0,0,0,0,0,0,0,0,0,0,0,0
2486,2653,11,0,1,1,1,0,0,0,0,0,0,0
2487,2654,3,0,1,1,1,0,0,0,0,0,0,0
2488,2655,0,0,0,0,0,0,0,0,0,0,0,0
2489,2656,0,0,0,0,0,0,0,0,0,0,0,0
2490,2657,6,1,1,1,1,1,0,0,1,0,0,1
2491,2658,2,2,1,1,0,1,1,0,1,1,0,1
2492,2659,4,2,1,1,1,1,1,0,1,1,0,1
2493,2660,6,1,1,1,1,1,0,0,1,0,0,1
2494,2661,0,0,0,0,0,0,0,0,0,0,0,0
2495,2662,1,0,1,0,0,0,0,0,0,0,0,0
2496,2663,6,4,1,1,1,1,1,1,1,1,1,1
2497,2664,0,0,0,0,0,0,0,0,0,0,0,0
2498,2665,0,0,0,0,0,0,0,0,0,0,0,0
2499,2666,1,0,1,0,0,0,0,0,0,0,0,0
2500,2668,4,0,1,1,1,0,0,0,0,0,0,0
2501,2670,8,0,1,1,1,0,0,0,0,0,0,0
2502,2671,1,0,1,0,0,0,0,0,0,0,0,0
2503,2672,4,0,1,1,1,0,0,0,0,0,0,0
2504,2673,0,0,0,0,0,0,0,0,0,0,0,0
2505,2674,0,0,0,0,0,0,0,0,0,0,0,0
2506,2675,0,0,0,0,0,0,0,0,0,0,0,0
2507,2676,0,0,0,0,0,0,0,0,0,0,0,0
2508,2677,0,0,0,0,0,0,0,0,0,0,0,0
2509,2678,1,0,1,0,0,0,0,0,0,0,0,0
2510,2679,2,0,1,1,0,0,0,0,0,0,0,0
2511,2680,1,0,1,0,0,0,0,0,0,0,0,0
2512,2681,0,1,0,0,0,1,0,0,0,0,0,0
2513,2682,1,0,1,0,0,0,0,0,0,0,0,0
2514,2683,0,0,0,0,0,0,0,0,0,0,0,0
2515,2684,0,0,0,0,0,0,0,0,0,0,0,0
2516,2685,1,1,1,0,0,1,0,0,1,0,0,1
2517,2686,0,0,0,0,0,0,0,0,0,0,0,0
2518,2687,5,1,1,1,1,1,0,0,1,0,0,1
2519,2688,5,5,1,1,1,1,1,1,1,1,1,1
2520,2689,0,0,0,0,0,0,0,0,0,0,0,0
2521,2690,0,0,0,0,0,0,0,0,0,0,0,0
2522,2691,0,0,0,0,0,0,0,0,0,0,0,0
2523,2692,0,0,0,0,0,0,0,0,0,0,0,0
2524,2693,0,0,0,0,0,0,0,0,0,0,0,0
2525,2694,0,2,0,0,0,1,1,0,0,0,0,0
2526,2695,0,0,0,0,0,0,0,0,0,0,0,0
2527,2696,0,0,0,0,0,0,0,0,0,0,0,0
2528,2697,3,0,1,1,1,0,0,0,0,0,0,0
2529,2698,0,0,0,0,0,0,0,0,0,0,0,0
2530,2699,0,0,0,0,0,0,0,0,0,0,0,0
2531,2700,6,2,1,1,1,1,1,0,1,1,0,1
2532,2701,1,0,1,0,0,0,0,0,0,0,0,0
2533,2702,0,0,0,0,0,0,0,0,0,0,0,0
2534,2703,0,0,0,0,0,0,0,0,0,0,0,0
2535,2704,0,0,0,0,0,0,0,0,0,0,0,0
2536,2705,0,0,0,0,0,0,0,0,0,0,0,0
2537,2706,0,0,0,0,0,0,0,0,0,0,0,0
2538,2707,3,1,1,1,1,1,0,0,1,0,0,1
2539,2708,0,1,0,0,0,1,0,0,0,0,0,0
2540,2709,0,0,0,0,0,0,0,0,0,0,0,0
2541,2710,1,0,1,0,0,0,0,0,0,0,0,0
2542,2711,0,0,0,0,0,0,0,0,0,0,0,0
2543,2712,0,0,0,0,0,0,0,0,0,0,0,0
2544,2713,0,3,0,0,0,1,1,1,0,0,0,0
2545,2714,3,1,1,1,1,1,0,0,1,0,0,1
2546,2715,0,0,0,0,0,0,0,0,0,0,0,0
2547,2716,2,1,1,1,0,1,0,0,1,0,0,1
2548,2717,0,0,0,0,0,0,0,0,0,0,0,0
2549,2718,3,0,1,1,1,0,0,0,0,0,0,0
2550,2719,1,0,1,0,0,0,0,0,0,0,0,0
2551,2720,0,0,0,0,0,0,0,0,0,0,0,0
2552,2721,2,0,1,1,0,0,0,0,0,0,0,0
2553,2722,0,0,0,0,0,0,0,0,0,0,0,0
2554,2723,2,0,1,1,0,0,0,0,0,0,0,0
2555,2724,0,0,0,0,0,0,0,0,0,0,0,0
2556,2725,0,0,0,0,0,0,0,0,0,0,0,0
2557,2726,0,0,0,0,0,0,0,0,0,0,0,0
2558,2727,1,0,1,0,0,0,0,0,0,0,0,0
2559,2728,5,1,1,1,1,1,0,0,1,0,0,1
2560,2729,5,0,1,1,1,0,0,0,0,0,0,0
2561,2730,0,0,0,0,0,0,0,0,0,0,0,0
2562,2731,3,0,1,1,1,0,0,0,0,0,0,0
2563,2732,3,0,1,1,1,0,0,0,0,0,0,0
2564,2733,0,0,0,0,0,0,0,0,0,0,0,0
2565,2734,0,0,0,0,0,0,0,0,0,0,0,0
2566,2735,2,2,1,1,0,1,1,0,1,1,0,1
2567,2736,0,0,0,0,0,0,0,0,0,0,0,0
2568,2737,0,0,0,0,0,0,0,0,0,0,0,0
2569,2738,0,2,0,0,0,1,1,0,0,0,0,0
2570,2739,0,0,0,0,0,0,0,0,0,0,0,0
2571,2740,5,0,1,1,1,0,0,0,0,0,0,0
2572,2741,1,0,1,0,0,0,0,0,0,0,0,0
2573,2742,0,0,0,0,0,0,0,0,0,0,0,0
2574,2743,1,0,1,0,0,0,0,0,0,0,0,0
2575,2744,0,0,0,0,0,0,0,0,0,0,0,0
2576,2745,3,2,1,1,1,1,1,0,1,1,0,1
2577,2746,0,1,0,0,0,1,0,0,0,0,0,0
2578,2747,1,0,1,0,0,0,0,0,0,0,0,0
2579,2748,1,1,1,0,0,1,0,0,1,0,0,1
2580,2749,0,0,0,0,0,0,0,0,0,0,0,0
2581,2750,1,0,1,0,0,0,0,0,0,0,0,0
2582,2751,0,0,0,0,0,0,0,0,0,0,0,0
2583,2752,0,0,0,0,0,0,0,0,0,0,0,0
2584,2753,0,0,0,0,0,0,0,0,0,0,0,0
2585,2754,1,0,1,0,0,0,0,0,0,0,0,0
2586,2755,0,0,0,0,0,0,0,0,0,0,0,0
2587,2756,0,0,0,0,0,0,0,0,0,0,0,0
2588,2757,2,0,1,1,0,0,0,0,0,0,0,0
2589,2758,2,0,1,1,0,0,0,0,0,0,0,0
2590,2759,1,0,1,0,0,0,0,0,0,0,0,0
2591,2760,2,3,1,1,0,1,1,1,1,1,0,1
2592,2761,0,0,0,0,0,0,0,0,0,0,0,0
2593,2762,0,0,0,0,0,0,0,0,0,0,0,0
2594,2763,0,1,0,0,0,1,0,0,0,0,0,0
2595,2764,0,0,0,0,0,0,0,0,0,0,0,0
2596,2766,0,0,0,0,0,0,0,0,0,0,0,0
2597,2767,0,1,0,0,0,1,0,0,0,0,0,0
2598,2768,0,0,0,0,0,0,0,0,0,0,0,0
2599,2769,6,3,1,1,1,1,1,1,1,1,1,1
2600,2770,0,0,0,0,0,0,0,0,0,0,0,0
2601,2771,0,0,0,0,0,0,0,0,0,0,0,0
2602,2772,0,0,0,0,0,0,0,0,0,0,0,0
2603,2773,0,0,0,0,0,0,0,0,0,0,0,0
2604,2774,2,0,1,1,0,0,0,0,0,0,0,0
2605,2775,1,0,1,0,0,0,0,0,0,0,0,0
2606,2776,2,1,1,1,0,1,0,0,1,0,0,1
2607,2777,2,0,1,1,0,0,0,0,0,0,0,0
2608,2778,0,0,0,0,0,0,0,0,0,0,0,0
2609,2779,3,0,1,1,1,0,0,0,0,0,0,0
2610,2780,0,0,0,0,0,0,0,0,0,0,0,0
2611,2781,0,0,0,0,0,0,0,0,0,0,0,0
2612,2782,0,1,0,0,0,1,0,0,0,0,0,0
2613,2783,0,0,0,0,0,0,0,0,0,0,0,0
2614,2784,0,1,0,0,0,1,0,0,0,0,0,0
2615,2785,5,1,1,1,1,1,0,0,1,0,0,1
2616,2786,2,0,1,1,0,0,0,0,0,0,0,0
2617,2787,1,0,1,0,0,0,0,0,0,0,0,0
2618,2788,0,0,0,0,0,0,0,0,0,0,0,0
2619,2789,0,0,0,0,0,0,0,0,0,0,0,0
2620,2790,0,1,0,0,0,1,0,0,0,0,0,0
2621,2791,0,0,0,0,0,0,0,0,0,0,0,0
2622,2792,0,0,0,0,0,0,0,0,0,0,0,0
2623,2793,0,0,0,0,0,0,0,0,0,0,0,0
2624,2794,0,0,0,0,0,0,0,0,0,0,0,0
2625,2795,2,0,1,1,0,0,0,0,0,0,0,0
2626,2796,0,0,0,0,0,0,0,0,0,0,0,0
2627,2797,1,0,1,0,0,0,0,0,0,0,0,0
2628,2798,1,1,1,0,0,1,0,0,1,0,0,1
2629,2799,0,0,0,0,0,0,0,0,0,0,0,0
2630,2800,3,2,1,1,1,1,1,0,1,1,0,1
2631,2801,2,0,1,1,0,0,0,0,0,0,0,0
2632,2802,5,1,1,1,1,1,0,0,1,0,0,1
2633,2803,0,0,0,0,0,0,0,0,0,0,0,0
2634,2804,0,0,0,0,0,0,0,0,0,0,0,0
2635,2805,0,0,0,0,0,0,0,0,0,0,0,0
2636,2806,0,0,0,0,0,0,0,0,0,0,0,0
2637,2807,0,2,0,0,0,1,1,0,0,0,0,0
2638,2808,0,0,0,0,0,0,0,0,0,0,0,0
2639,2809,1,0,1,0,0,0,0,0,0,0,0,0
2640,2810,2,0,1,1,0,0,0,0,0,0,0,0
2641,2812,0,0,0,0,0,0,0,0,0,0,0,0
2642,2814,0,0,0,0,0,0,0,0,0,0,0,0
2643,2815,0,0,0,0,0,0,0,0,0,0,0,0
2644,2816,0,0,0,0,0,0,0,0,0,0,0,0
2645,2817,3,1,1,1,1,1,0,0,1,0,0,1
2646,2818,0,0,0,0,0,0,0,0,0,0,0,0
2647,2819,1,0,1,0,0,0,0,0,0,0,0,0
2648,2820,1,0,1,0,0,0,0,0,0,0,0,0
2649,2821,0,0,0,0,0,0,0,0,0,0,0,0
2650,2822,3,4,1,1,1,1,1,1,1,1,1,1
2651,2825,0,0,0,0,0,0,0,0,0,0,0,0
2652,2826,0,0,0,0,0,0,0,0,0,0,0,0
2653,2827,1,1,1,0,0,1,0,0,1,0,0,1
2654,2828,0,0,0,0,0,0,0,0,0,0,0,0
2655,2829,0,0,0,0,0,0,0,0,0,0,0,0
2656,2830,0,0,0,0,0,0,0,0,0,0,0,0
2657,2834,1,0,1,0,0,0,0,0,0,0,0,0
2658,2835,3,4,1,1,1,1,1,1,1,1,1,1
2659,2836,0,0,0,0,0,0,0,0,0,0,0,0
2660,2838,4,1,1,1,1,1,0,0,1,0,0,1
2661,2839,3,0,1,1,1,0,0,0,0,0,0,0
2662,2840,3,2,1,1,1,1,1,0,1,1,0,1
2663,2841,1,0,1,0,0,0,0,0,0,0,0,0
2664,2842,2,0,1,1,0,0,0,0,0,0,0,0
2665,2843,1,0,1,0,0,0,0,0,0,0,0,0
2666,2844,0,0,0,0,0,0,0,0,0,0,0,0
2667,2845,4,0,1,1,1,0,0,0,0,0,0,0
2668,2846,9,1,1,1,1,1,0,0,1,0,0,1
2669,2847,2,2,1,1,0,1,1,0,1,1,0,1
2670,2848,2,1,1,1,0,1,0,0,1,0,0,1
2671,2849,0,3,0,0,0,1,1,1,0,0,0,0
2672,2850,8,1,1,1,1,1,0,0,1,0,0,1
2673,2851,1,1,1,0,0,1,0,0,1,0,0,1
2674,2852,2,1,1,1,0,1,0,0,1,0,0,1
2675,2853,1,0,1,0,0,0,0,0,0,0,0,0
2676,2854,0,0,0,0,0,0,0,0,0,0,0,0
2677,2855,0,0,0,0,0,0,0,0,0,0,0,0
2678,2857,0,0,0,0,0,0,0,0,0,0,0,0
2679,2858,1,0,1,0,0,0,0,0,0,0,0,0
2680,2859,1,0,1,0,0,0,0,0,0,0,0,0
2681,2861,0,0,0,0,0,0,0,0,0,0,0,0
2682,2863,0,0,0,0,0,0,0,0,0,0,0,0
2683,2864,0,0,0,0,0,0,0,0,0,0,0,0
2684,2865,2,0,1,1,0,0,0,0,0,0,0,0
2685,2866,10,5,1,1,1,1,1,1,1,1,1,1
2686,2867,3,0,1,1,1,0,0,0,0,0,0,0
2687,2868,0,0,0,0,0,0,0,0,0,0,0,0
2688,2869,0,0,0,0,0,0,0,0,0,0,0,0
2689,2870,1,0,1,0,0,0,0,0,0,0,0,0
2690,2871,2,0,1,1,0,0,0,0,0,0,0,0
2691,2872,6,3,1,1,1,1,1,1,1,1,1,1
2692,2873,1,0,1,0,0,0,0,0,0,0,0,0
2693,2874,4,2,1,1,1,1,1,0,1,1,0,1
2694,2876,0,0,0,0,0,0,0,0,0,0,0,0
2695,2877,8,6,1,1,1,1,1,1,1,1,1,1
2696,2878,1,3,1,0,0,1,1,1,1,0,0,1
2697,2879,0,0,0,0,0,0,0,0,0,0,0,0
2698,2880,3,0,1,1,1,0,0,0,0,0,0,0
2699,2881,1,0,1,0,0,0,0,0,0,0,0,0
2700,2882,4,0,1,1,1,0,0,0,0,0,0,0
2701,2883,1,0,1,0,0,0,0,0,0,0,0,0
2702,2884,0,0,0,0,0,0,0,0,0,0,0,0
2703,2885,1,0,1,0,0,0,0,0,0,0,0,0
2704,2886,0,0,0,0,0,0,0,0,0,0,0,0
2705,2887,0,0,0,0,0,0,0,0,0,0,0,0
2706,2888,1,0,1,0,0,0,0,0,0,0,0,0
2707,2890,0,6,0,0,0,1,1,1,0,0,0,0
2708,2891,1,1,1,0,0,1,0,0,1,0,0,1
2709,2892,2,0,1,1,0,0,0,0,0,0,0,0
2710,2893,3,1,1,1,1,1,0,0,1,0,0,1
2711,2894,1,0,1,0,0,0,0,0,0,0,0,0
2712,2895,2,5,1,1,0,1,1,1,1,1,0,1
2713,2896,1,0,1,0,0,0,0,0,0,0,0,0
2714,2897,0,0,0,0,0,0,0,0,0,0,0,0
2715,2898,0,0,0,0,0,0,0,0,0,0,0,0
2716,2899,0,1,0,0,0,1,0,0,0,0,0,0
2717,2900,0,0,0,0,0,0,0,0,0,0,0,0
2718,2901,0,0,0,0,0,0,0,0,0,0,0,0
2719,2902,0,0,0,0,0,0,0,0,0,0,0,0
2720,2903,1,0,1,0,0,0,0,0,0,0,0,0
2721,2904,0,0,0,0,0,0,0,0,0,0,0,0
2722,2906,12,0,1,1,1,0,0,0,0,0,0,0
2723,2907,4,0,1,1,1,0,0,0,0,0,0,0
2724,2908,0,0,0,0,0,0,0,0,0,0,0,0
2725,2909,0,0,0,0,0,0,0,0,0,0,0,0
2726,2910,0,0,0,0,0,0,0,0,0,0,0,0
2727,2911,0,0,0,0,0,0,0,0,0,0,0,0
2728,2912,0,0,0,0,0,0,0,0,0,0,0,0
2729,2913,0,0,0,0,0,0,0,0,0,0,0,0
2730,2914,0,0,0,0,0,0,0,0,0,0,0,0
2731,2915,0,0,0,0,0,0,0,0,0,0,0,0
2732,2916,3,0,1,1,1,0,0,0,0,0,0,0
2733,2917,10,1,1,1,1,1,0,0,1,0,0,1
2734,2918,0,0,0,0,0,0,0,0,0,0,0,0
2735,2919,1,3,1,0,0,1,1,1,1,0,0,1
2736,2920,0,0,0,0,0,0,0,0,0,0,0,0
2737,2921,0,0,0,0,0,0,0,0,0,0,0,0
2738,2922,0,0,0,0,0,0,0,0,0,0,0,0
2739,2923,0,0,0,0,0,0,0,0,0,0,0,0
2740,2924,0,0,0,0,0,0,0,0,0,0,0,0
2741,2925,0,1,0,0,0,1,0,0,0,0,0,0
2742,2926,1,0,1,0,0,0,0,0,0,0,0,0
2743,2927,3,0,1,1,1,0,0,0,0,0,0,0
2744,2928,12,0,1,1,1,0,0,0,0,0,0,0
2745,2930,0,0,0,0,0,0,0,0,0,0,0,0
2746,2931,0,0,0,0,0,0,0,0,0,0,0,0
2747,2932,2,1,1,1,0,1,0,0,1,0,0,1
2748,2933,0,0,0,0,0,0,0,0,0,0,0,0
2749,2934,0,0,0,0,0,0,0,0,0,0,0,0
2750,2935,0,0,0,0,0,0,0,0,0,0,0,0
2751,2936,0,0,0,0,0,0,0,0,0,0,0,0
2752,2939,0,0,0,0,0,0,0,0,0,0,0,0
2753,2940,3,0,1,1,1,0,0,0,0,0,0,0
2754,2941,0,0,0,0,0,0,0,0,0,0,0,0
2755,2942,0,0,0,0,0,0,0,0,0,0,0,0
2756,2943,0,0,0,0,0,0,0,0,0,0,0,0
2757,2944,0,0,0,0,0,0,0,0,0,0,0,0
2758,2945,7,3,1,1,1,1,1,1,1,1,1,1
2759,2946,0,0,0,0,0,0,0,0,0,0,0,0
2760,2947,0,0,0,0,0,0,0,0,0,0,0,0
2761,2948,0,0,0,0,0,0,0,0,0,0,0,0
2762,2949,2,2,1,1,0,1,1,0,1,1,0,1
2763,2950,3,0,1,1,1,0,0,0,0,0,0,0
2764,2951,5,3,1,1,1,1,1,1,1,1,1,1
2765,2952,4,16,1,1,1,1,1,1,1,1,1,1
2766,2953,1,0,1,0,0,0,0,0,0,0,0,0
2767,2954,8,11,1,1,1,1,1,1,1,1,1,1
2768,2955,3,0,1,1,1,0,0,0,0,0,0,0
2769,2956,0,0,0,0,0,0,0,0,0,0,0,0
2770,2957,0,0,0,0,0,0,0,0,0,0,0,0
2771,2958,0,0,0,0,0,0,0,0,0,0,0,0
2772,2959,0,1,0,0,0,1,0,0,0,0,0,0
2773,2960,0,0,0,0,0,0,0,0,0,0,0,0
2774,2961,0,0,0,0,0,0,0,0,0,0,0,0
2775,2962,1,0,1,0,0,0,0,0,0,0,0,0
2776,2964,0,1,0,0,0,1,0,0,0,0,0,0
2777,2965,0,1,0,0,0,1,0,0,0,0,0,0
2778,2966,1,0,1,0,0,0,0,0,0,0,0,0
2779,2967,0,1,0,0,0,1,0,0,0,0,0,0
2780,2968,5,0,1,1,1,0,0,0,0,0,0,0
2781,2969,0,0,0,0,0,0,0,0,0,0,0,0
2782,2970,3,0,1,1,1,0,0,0,0,0,0,0
2783,2971,1,0,1,0,0,0,0,0,0,0,0,0
2784,2972,2,0,1,1,0,0,0,0,0,0,0,0
2785,2973,4,1,1,1,1,1,0,0,1,0,0,1
2786,2974,0,0,0,0,0,0,0,0,0,0,0,0
2787,2975,0,0,0,0,0,0,0,0,0,0,0,0
2788,2976,3,0,1,1,1,0,0,0,0,0,0,0
2789,2977,0,0,0,0,0,0,0,0,0,0,0,0
2790,2978,0,0,0,0,0,0,0,0,0,0,0,0
2791,2979,0,0,0,0,0,0,0,0,0,0,0,0
2792,2980,8,1,1,1,1,1,0,0,1,0,0,1
2793,2981,1,0,1,0,0,0,0,0,0,0,0,0
2794,2982,3,0,1,1,1,0,0,0,0,0,0,0
2795,2983,0,0,0,0,0,0,0,0,0,0,0,0
2796,2984,0,0,0,0,0,0,0,0,0,0,0,0
2797,2985,1,0,1,0,0,0,0,0,0,0,0,0
2798,2986,3,0,1,1,1,0,0,0,0,0,0,0
2799,2987,0,1,0,0,0,1,0,0,0,0,0,0
2800,2988,8,4,1,1,1,1,1,1,1,1,1,1
2801,2989,0,0,0,0,0,0,0,0,0,0,0,0
2802,2990,1,0,1,0,0,0,0,0,0,0,0,0
2803,2992,1,0,1,0,0,0,0,0,0,0,0,0
2804,2993,0,0,0,0,0,0,0,0,0,0,0,0
2805,2994,0,0,0,0,0,0,0,0,0,0,0,0
2806,2995,0,3,0,0,0,1,1,1,0,0,0,0
2807,2996,0,0,0,0,0,0,0,0,0,0,0,0
2808,2997,0,0,0,0,0,0,0,0,0,0,0,0
2809,2998,2,0,1,1,0,0,0,0,0,0,0,0
2810,2999,15,4,1,1,1,1,1,1,1,1,1,1
2811,3000,0,1,0,0,0,1,0,0,0,0,0,0
2812,3001,1,0,1,0,0,0,0,0,0,0,0,0
2813,3002,0,0,0,0,0,0,0,0,0,0,0,0
2814,3003,10,6,1,1,1,1,1,1,1,1,1,1
2815,3004,1,0,1,0,0,0,0,0,0,0,0,0
2816,3005,13,3,1,1,1,1,1,1,1,1,1,1
2817,3006,0,0,0,0,0,0,0,0,0,0,0,0
2818,3007,0,0,0,0,0,0,0,0,0,0,0,0
2819,3008,0,1,0,0,0,1,0,0,0,0,0,0
2820,3009,0,0,0,0,0,0,0,0,0,0,0,0
2821,3010,1,0,1,0,0,0,0,0,0,0,0,0
2822,3011,2,0,1,1,0,0,0,0,0,0,0,0
2823,3012,4,0,1,1,1,0,0,0,0,0,0,0
2824,3013,4,1,1,1,1,1,0,0,1,0,0,1
2825,3014,1,2,1,0,0,1,1,0,1,0,0,1
2826,3016,0,0,0,0,0,0,0,0,0,0,0,0
2827,3017,0,1,0,0,0,1,0,0,0,0,0,0
2828,3018,6,0,1,1,1,0,0,0,0,0,0,0
2829,3019,1,0,1,0,0,0,0,0,0,0,0,0
2830,3020,0,1,0,0,0,1,0,0,0,0,0,0
2831,3022,0,0,0,0,0,0,0,0,0,0,0,0
2832,3023,1,3,1,0,0,1,1,1,1,0,0,1
2833,3024,5,1,1,1,1,1,0,0,1,0,0,1
2834,3025,0,0,0,0,0,0,0,0,0,0,0,0
2835,3026,3,0,1,1,1,0,0,0,0,0,0,0
2836,3027,0,0,0,0,0,0,0,0,0,0,0,0
2837,3028,0,0,0,0,0,0,0,0,0,0,0,0
2838,3029,1,1,1,0,0,1,0,0,1,0,0,1
2839,3030,2,1,1,1,0,1,0,0,1,0,0,1
2840,3031,0,0,0,0,0,0,0,0,0,0,0,0
2841,3032,1,0,1,0,0,0,0,0,0,0,0,0
2842,3033,2,0,1,1,0,0,0,0,0,0,0,0
2843,3034,8,2,1,1,1,1,1,0,1,1,0,1
2844,3036,9,1,1,1,1,1,0,0,1,0,0,1
2845,3037,8,2,1,1,1,1,1,0,1,1,0,1
2846,3038,0,0,0,0,0,0,0,0,0,0,0,0
2847,3039,0,0,0,0,0,0,0,0,0,0,0,0
2848,3040,0,0,0,0,0,0,0,0,0,0,0,0
2849,3041,1,0,1,0,0,0,0,0,0,0,0,0
2850,3042,0,0,0,0,0,0,0,0,0,0,0,0
2851,3043,1,0,1,0,0,0,0,0,0,0,0,0
2852,3044,0,0,0,0,0,0,0,0,0,0,0,0
2853,3045,0,0,0,0,0,0,0,0,0,0,0,0
2854,3046,0,0,0,0,0,0,0,0,0,0,0,0
2855,3047,0,0,0,0,0,0,0,0,0,0,0,0
2856,3048,0,0,0,0,0,0,0,0,0,0,0,0
2857,3049,0,0,0,0,0,0,0,0,0,0,0,0
2858,3050,1,0,1,0,0,0,0,0,0,0,0,0
2859,3051,1,0,1,0,0,0,0,0,0,0,0,0
2860,3052,0,0,0,0,0,0,0,0,0,0,0,0
2861,3053,0,0,0,0,0,0,0,0,0,0,0,0
2862,3054,1,0,1,0,0,0,0,0,0,0,0,0
2863,3055,1,0,1,0,0,0,0,0,0,0,0,0
2864,3056,0,1,0,0,0,1,0,0,0,0,0,0
2865,3057,2,0,1,1,0,0,0,0,0,0,0,0
2866,3058,0,1,0,0,0,1,0,0,0,0,0,0
2867,3059,3,1,1,1,1,1,0,0,1,0,0,1
2868,3060,4,0,1,1,1,0,0,0,0,0,0,0
2869,3061,5,4,1,1,1,1,1,1,1,1,1,1
2870,3062,2,0,1,1,0,0,0,0,0,0,0,0
2871,3063,2,0,1,1,0,0,0,0,0,0,0,0
2872,3064,0,0,0,0,0,0,0,0,0,0,0,0
2873,3065,3,3,1,1,1,1,1,1,1,1,1,1
2874,3066,0,0,0,0,0,0,0,0,0,0,0,0
2875,3067,3,1,1,1,1,1,0,0,1,0,0,1
2876,3068,3,0,1,1,1,0,0,0,0,0,0,0
2877,3069,3,0,1,1,1,0,0,0,0,0,0,0
2878,3070,2,0,1,1,0,0,0,0,0,0,0,0
2879,3071,0,0,0,0,0,0,0,0,0,0,0,0
2880,3072,3,0,1,1,1,0,0,0,0,0,0,0
2881,3073,0,0,0,0,0,0,0,0,0,0,0,0
2882,3075,0,0,0,0,0,0,0,0,0,0,0,0
2883,3076,0,0,0,0,0,0,0,0,0,0,0,0
2884,3077,0,0,0,0,0,0,0,0,0,0,0,0
2885,3078,0,0,0,0,0,0,0,0,0,0,0,0
2886,3079,3,0,1,1,1,0,0,0,0,0,0,0
2887,3080,4,1,1,1,1,1,0,0,1,0,0,1
2888,3081,1,1,1,0,0,1,0,0,1,0,0,1
2889,3082,4,5,1,1,1,1,1,1,1,1,1,1
2890,3083,0,0,0,0,0,0,0,0,0,0,0,0
2891,3084,12,1,1,1,1,1,0,0,1,0,0,1
2892,3085,6,0,1,1,1,0,0,0,0,0,0,0
2893,3086,6,4,1,1,1,1,1,1,1,1,1,1
2894,3087,2,0,1,1,0,0,0,0,0,0,0,0
2895,3088,0,1,0,0,0,1,0,0,0,0,0,0
2896,3089,1,0,1,0,0,0,0,0,0,0,0,0
2897,3090,2,1,1,1,0,1,0,0,1,0,0,1
2898,3091,1,0,1,0,0,0,0,0,0,0,0,0
2899,3092,1,0,1,0,0,0,0,0,0,0,0,0
2900,3093,2,0,1,1,0,0,0,0,0,0,0,0
2901,3094,6,0,1,1,1,0,0,0,0,0,0,0
2902,3095,0,0,0,0,0,0,0,0,0,0,0,0
2903,3096,12,13,1,1,1,1,1,1,1,1,1,1
2904,3097,0,0,0,0,0,0,0,0,0,0,0,0
2905,3098,0,0,0,0,0,0,0,0,0,0,0,0
2906,3099,0,0,0,0,0,0,0,0,0,0,0,0
2907,3100,5,2,1,1,1,1,1,0,1,1,0,1
2908,3101,1,0,1,0,0,0,0,0,0,0,0,0
2909,3102,4,0,1,1,1,0,0,0,0,0,0,0
2910,3103,1,0,1,0,0,0,0,0,0,0,0,0
2911,3104,1,0,1,0,0,0,0,0,0,0,0,0
2912,3105,3,1,1,1,1,1,0,0,1,0,0,1
2913,3106,2,0,1,1,0,0,0,0,0,0,0,0
2914,3107,1,0,1,0,0,0,0,0,0,0,0,0
2915,3108,1,0,1,0,0,0,0,0,0,0,0,0
2916,3109,0,0,0,0,0,0,0,0,0,0,0,0
2917,3110,1,0,1,0,0,0,0,0,0,0,0,0
2918,3111,0,0,0,0,0,0,0,0,0,0,0,0
2919,3112,0,0,0,0,0,0,0,0,0,0,0,0
2920,3113,19,1,1,1,1,1,0,0,1,0,0,1
2921,3114,1,0,1,0,0,0,0,0,0,0,0,0
2922,3115,4,1,1,1,1,1,0,0,1,0,0,1
2923,3116,0,0,0,0,0,0,0,0,0,0,0,0
2924,3117,1,0,1,0,0,0,0,0,0,0,0,0
2925,3118,9,1,1,1,1,1,0,0,1,0,0,1
2926,3119,8,3,1,1,1,1,1,1,1,1,1,1
2927,3121,0,0,0,0,0,0,0,0,0,0,0,0
2928,3122,1,0,1,0,0,0,0,0,0,0,0,0
2929,3123,1,0,1,0,0,0,0,0,0,0,0,0
2930,3124,0,0,0,0,0,0,0,0,0,0,0,0
2931,3125,0,0,0,0,0,0,0,0,0,0,0,0
2932,3126,0,0,0,0,0,0,0,0,0,0,0,0
2933,3127,1,0,1,0,0,0,0,0,0,0,0,0
2934,3128,2,0,1,1,0,0,0,0,0,0,0,0
2935,3129,1,0,1,0,0,0,0,0,0,0,0,0
2936,3130,3,0,1,1,1,0,0,0,0,0,0,0
2937,3131,4,0,1,1,1,0,0,0,0,0,0,0
2938,3132,3,1,1,1,1,1,0,0,1,0,0,1
2939,3133,0,0,0,0,0,0,0,0,0,0,0,0
2940,3134,0,0,0,0,0,0,0,0,0,0,0,0
2941,3135,1,0,1,0,0,0,0,0,0,0,0,0
2942,3136,0,0,0,0,0,0,0,0,0,0,0,0
2943,3137,1,0,1,0,0,0,0,0,0,0,0,0
2944,3138,5,0,1,1,1,0,0,0,0,0,0,0
2945,3139,0,0,0,0,0,0,0,0,0,0,0,0
2946,3140,1,0,1,0,0,0,0,0,0,0,0,0
2947,3141,2,0,1,1,0,0,0,0,0,0,0,0
2948,3142,0,0,0,0,0,0,0,0,0,0,0,0
2949,3143,5,0,1,1,1,0,0,0,0,0,0,0
2950,3144,5,0,1,1,1,0,0,0,0,0,0,0
2951,3145,0,0,0,0,0,0,0,0,0,0,0,0
2952,3146,1,0,1,0,0,0,0,0,0,0,0,0
2953,3147,4,0,1,1,1,0,0,0,0,0,0,0
2954,3148,0,1,0,0,0,1,0,0,0,0,0,0
2955,3149,0,0,0,0,0,0,0,0,0,0,0,0
2956,3151,7,3,1,1,1,1,1,1,1,1,1,1
2957,3152,0,0,0,0,0,0,0,0,0,0,0,0
2958,3153,0,0,0,0,0,0,0,0,0,0,0,0
2959,3154,1,1,1,0,0,1,0,0,1,0,0,1
2960,3155,3,1,1,1,1,1,0,0,1,0,0,1
2961,3156,3,1,1,1,1,1,0,0,1,0,0,1
2962,3157,0,0,0,0,0,0,0,0,0,0,0,0
2963,3158,0,0,0,0,0,0,0,0,0,0,0,0
2964,3159,3,0,1,1,1,0,0,0,0,0,0,0
2965,3160,0,0,0,0,0,0,0,0,0,0,0,0
2966,3161,2,0,1,1,0,0,0,0,0,0,0,0
2967,3162,0,0,0,0,0,0,0,0,0,0,0,0
2968,3163,0,0,0,0,0,0,0,0,0,0,0,0
2969,3164,1,0,1,0,0,0,0,0,0,0,0,0
2970,3165,4,1,1,1,1,1,0,0,1,0,0,1
2971,3166,3,2,1,1,1,1,1,0,1,1,0,1
2972,3167,0,0,0,0,0,0,0,0,0,0,0,0
2973,3169,0,0,0,0,0,0,0,0,0,0,0,0
2974,3170,0,0,0,0,0,0,0,0,0,0,0,0
2975,3171,0,0,0,0,0,0,0,0,0,0,0,0
2976,3172,4,0,1,1,1,0,0,0,0,0,0,0
2977,3173,2,2,1,1,0,1,1,0,1,1,0,1
2978,3174,2,2,1,1,0,1,1,0,1,1,0,1
2979,3175,0,0,0,0,0,0,0,0,0,0,0,0
2980,3176,0,0,0,0,0,0,0,0,0,0,0,0
2981,3177,0,0,0,0,0,0,0,0,0,0,0,0
2982,3178,1,0,1,0,0,0,0,0,0,0,0,0
2983,3179,0,0,0,0,0,0,0,0,0,0,0,0
2984,3180,0,0,0,0,0,0,0,0,0,0,0,0
2985,3181,4,1,1,1,1,1,0,0,1,0,0,1
2986,3182,1,0,1,0,0,0,0,0,0,0,0,0
2987,3183,0,0,0,0,0,0,0,0,0,0,0,0
2988,3184,2,1,1,1,0,1,0,0,1,0,0,1
2989,3185,0,0,0,0,0,0,0,0,0,0,0,0
2990,3186,1,1,1,0,0,1,0,0,1,0,0,1
2991,3187,1,0,1,0,0,0,0,0,0,0,0,0
2992,3188,0,0,0,0,0,0,0,0,0,0,0,0
2993,3189,2,0,1,1,0,0,0,0,0,0,0,0
2994,3190,1,1,1,0,0,1,0,0,1,0,0,1
2995,3191,2,0,1,1,0,0,0,0,0,0,0,0
2996,3192,6,4,1,1,1,1,1,1,1,1,1,1
2997,3193,3,2,1,1,1,1,1,0,1,1,0,1
2998,3194,1,0,1,0,0,0,0,0,0,0,0,0
2999,3195,7,0,1,1,1,0,0,0,0,0,0,0
3000,3196,0,0,0,0,0,0,0,0,0,0,0,0
3001,3197,1,0,1,0,0,0,0,0,0,0,0,0
3002,3198,0,0,0,0,0,0,0,0,0,0,0,0
3003,3199,4,0,1,1,1,0,0,0,0,0,0,0
3004,3200,2,2,1,1,0,1,1,0,1,1,0,1
3005,3201,6,1,1,1,1,1,0,0,1,0,0,1
3006,3202,3,0,1,1,1,0,0,0,0,0,0,0
3007,3203,0,1,0,0,0,1,0,0,0,0,0,0
3008,3204,0,0,0,0,0,0,0,0,0,0,0,0
3009,3206,0,0,0,0,0,0,0,0,0,0,0,0
3010,3207,0,0,0,0,0,0,0,0,0,0,0,0
3011,3208,0,0,0,0,0,0,0,0,0,0,0,0
3012,3209,0,0,0,0,0,0,0,0,0,0,0,0
3013,3210,0,0,0,0,0,0,0,0,0,0,0,0
3014,3211,0,0,0,0,0,0,0,0,0,0,0,0
3015,3212,0,0,0,0,0,0,0,0,0,0,0,0
3016,3213,0,0,0,0,0,0,0,0,0,0,0,0
3017,3214,1,0,1,0,0,0,0,0,0,0,0,0
3018,3215,0,0,0,0,0,0,0,0,0,0,0,0
3019,3216,0,0,0,0,0,0,0,0,0,0,0,0
3020,3217,0,0,0,0,0,0,0,0,0,0,0,0
3021,3218,1,0,1,0,0,0,0,0,0,0,0,0
3022,3219,0,0,0,0,0,0,0,0,0,0,0,0
3023,3220,0,0,0,0,0,0,0,0,0,0,0,0
3024,3221,2,0,1,1,0,0,0,0,0,0,0,0
3025,3222,1,0,1,0,0,0,0,0,0,0,0,0
3026,3223,1,0,1,0,0,0,0,0,0,0,0,0
3027,3224,6,0,1,1,1,0,0,0,0,0,0,0
3028,3225,3,0,1,1,1,0,0,0,0,0,0,0
3029,3226,1,0,1,0,0,0,0,0,0,0,0,0
3030,3227,1,0,1,0,0,0,0,0,0,0,0,0
3031,3228,1,0,1,0,0,0,0,0,0,0,0,0
3032,3229,12,3,1,1,1,1,1,1,1,1,1,1
3033,3230,0,0,0,0,0,0,0,0,0,0,0,0
3034,3231,5,0,1,1,1,0,0,0,0,0,0,0
3035,3232,1,0,1,0,0,0,0,0,0,0,0,0
3036,3233,1,0,1,0,0,0,0,0,0,0,0,0
3037,3234,1,0,1,0,0,0,0,0,0,0,0,0
3038,3235,2,0,1,1,0,0,0,0,0,0,0,0
3039,3236,2,0,1,1,0,0,0,0,0,0,0,0
3040,3237,5,2,1,1,1,1,1,0,1,1,0,1
3041,3238,0,0,0,0,0,0,0,0,0,0,0,0
3042,3239,3,0,1,1,1,0,0,0,0,0,0,0
3043,3240,1,0,1,0,0,0,0,0,0,0,0,0
3044,3241,5,3,1,1,1,1,1,1,1,1,1,1
3045,3242,8,0,1,1,1,0,0,0,0,0,0,0
3046,3243,0,0,0,0,0,0,0,0,0,0,0,0
3047,3244,7,4,1,1,1,1,1,1,1,1,1,1
3048,3247,0,0,0,0,0,0,0,0,0,0,0,0
3049,3248,0,0,0,0,0,0,0,0,0,0,0,0
3050,3249,0,0,0,0,0,0,0,0,0,0,0,0
3051,3250,3,1,1,1,1,1,0,0,1,0,0,1
3052,3251,0,0,0,0,0,0,0,0,0,0,0,0
3053,3252,0,0,0,0,0,0,0,0,0,0,0,0
3054,3253,2,0,1,1,0,0,0,0,0,0,0,0
3055,3254,1,0,1,0,0,0,0,0,0,0,0,0
3056,3255,0,0,0,0,0,0,0,0,0,0,0,0
3057,3256,0,0,0,0,0,0,0,0,0,0,0,0
3058,3257,3,1,1,1,1,1,0,0,1,0,0,1
3059,3259,2,0,1,1,0,0,0,0,0,0,0,0
3060,3260,0,0,0,0,0,0,0,0,0,0,0,0
3061,3261,1,1,1,0,0,1,0,0,1,0,0,1
3062,3262,1,2,1,0,0,1,1,0,1,0,0,1
3063,3263,2,2,1,1,0,1,1,0,1,1,0,1
3064,3264,2,5,1,1,0,1,1,1,1,1,0,1
3065,3265,2,0,1,1,0,0,0,0,0,0,0,0
3066,3266,0,0,0,0,0,0,0,0,0,0,0,0
3067,3267,0,0,0,0,0,0,0,0,0,0,0,0
3068,3269,6,0,1,1,1,0,0,0,0,0,0,0
3069,3271,2,0,1,1,0,0,0,0,0,0,0,0
3070,3272,2,0,1,1,0,0,0,0,0,0,0,0
3071,3274,2,0,1,1,0,0,0,0,0,0,0,0
3072,3275,0,0,0,0,0,0,0,0,0,0,0,0
3073,3276,0,2,0,0,0,1,1,0,0,0,0,0
3074,3277,0,0,0,0,0,0,0,0,0,0,0,0
3075,3278,3,0,1,1,1,0,0,0,0,0,0,0
3076,3279,4,0,1,1,1,0,0,0,0,0,0,0
3077,3280,0,0,0,0,0,0,0,0,0,0,0,0
3078,3281,1,0,1,0,0,0,0,0,0,0,0,0
3079,3282,5,0,1,1,1,0,0,0,0,0,0,0
3080,3283,4,0,1,1,1,0,0,0,0,0,0,0
3081,3284,2,0,1,1,0,0,0,0,0,0,0,0
3082,3285,5,7,1,1,1,1,1,1,1,1,1,1
3083,3286,0,0,0,0,0,0,0,0,0,0,0,0
3084,3287,1,0,1,0,0,0,0,0,0,0,0,0
3085,3288,0,0,0,0,0,0,0,0,0,0,0,0
3086,3289,1,0,1,0,0,0,0,0,0,0,0,0
3087,3290,4,6,1,1,1,1,1,1,1,1,1,1
3088,3291,0,0,0,0,0,0,0,0,0,0,0,0
3089,3292,0,1,0,0,0,1,0,0,0,0,0,0
3090,3293,7,4,1,1,1,1,1,1,1,1,1,1
3091,3294,0,1,0,0,0,1,0,0,0,0,0,0
3092,3295,0,2,0,0,0,1,1,0,0,0,0,0
3093,3296,0,0,0,0,0,0,0,0,0,0,0,0
3094,3297,2,0,1,1,0,0,0,0,0,0,0,0
3095,3298,0,0,0,0,0,0,0,0,0,0,0,0
3096,3299,1,1,1,0,0,1,0,0,1,0,0,1
3097,3300,2,1,1,1,0,1,0,0,1,0,0,1
3098,3301,2,1,1,1,0,1,0,0,1,0,0,1
3099,3302,0,0,0,0,0,0,0,0,0,0,0,0
3100,3303,1,0,1,0,0,0,0,0,0,0,0,0
3101,3304,0,0,0,0,0,0,0,0,0,0,0,0
3102,3305,2,0,1,1,0,0,0,0,0,0,0,0
3103,3306,10,1,1,1,1,1,0,0,1,0,0,1
3104,3307,6,2,1,1,1,1,1,0,1,1,0,1
3105,3308,0,0,0,0,0,0,0,0,0,0,0,0
3106,3309,1,1,1,0,0,1,0,0,1,0,0,1
3107,3310,0,2,0,0,0,1,1,0,0,0,0,0
3108,3311,5,0,1,1,1,0,0,0,0,0,0,0
3109,3312,0,1,0,0,0,1,0,0,0,0,0,0
3110,3313,0,0,0,0,0,0,0,0,0,0,0,0
3111,3314,0,0,0,0,0,0,0,0,0,0,0,0
3112,3315,0,0,0,0,0,0,0,0,0,0,0,0
3113,3316,5,1,1,1,1,1,0,0,1,0,0,1
3114,3317,13,6,1,1,1,1,1,1,1,1,1,1
3115,3318,1,0,1,0,0,0,0,0,0,0,0,0
3116,3319,0,1,0,0,0,1,0,0,0,0,0,0
3117,3320,0,0,0,0,0,0,0,0,0,0,0,0
3118,3321,0,0,0,0,0,0,0,0,0,0,0,0
3119,3322,0,0,0,0,0,0,0,0,0,0,0,0
3120,3324,0,0,0,0,0,0,0,0,0,0,0,0
3121,3325,0,0,0,0,0,0,0,0,0,0,0,0
3122,3326,0,0,0,0,0,0,0,0,0,0,0,0
3123,3327,6,0,1,1,1,0,0,0,0,0,0,0
3124,3328,4,1,1,1,1,1,0,0,1,0,0,1
3125,3329,0,0,0,0,0,0,0,0,0,0,0,0
3126,3330,1,0,1,0,0,0,0,0,0,0,0,0
3127,3331,0,1,0,0,0,1,0,0,0,0,0,0
3128,3332,0,0,0,0,0,0,0,0,0,0,0,0
3129,3333,0,3,0,0,0,1,1,1,0,0,0,0
3130,3334,0,0,0,0,0,0,0,0,0,0,0,0
3131,3335,12,0,1,1,1,0,0,0,0,0,0,0
3132,3336,0,0,0,0,0,0,0,0,0,0,0,0
3133,3337,0,0,0,0,0,0,0,0,0,0,0,0
3134,3338,3,0,1,1,1,0,0,0,0,0,0,0
3135,3339,1,0,1,0,0,0,0,0,0,0,0,0
3136,3340,7,0,1,1,1,0,0,0,0,0,0,0
3137,3341,0,0,0,0,0,0,0,0,0,0,0,0
3138,3342,0,0,0,0,0,0,0,0,0,0,0,0
3139,3343,2,0,1,1,0,0,0,0,0,0,0,0
3140,3344,0,0,0,0,0,0,0,0,0,0,0,0
3141,3345,0,0,0,0,0,0,0,0,0,0,0,0
3142,3346,1,0,1,0,0,0,0,0,0,0,0,0
3143,3348,1,0,1,0,0,0,0,0,0,0,0,0
3144,3349,0,0,0,0,0,0,0,0,0,0,0,0
3145,3350,3,0,1,1,1,0,0,0,0,0,0,0
3146,3351,9,0,1,1,1,0,0,0,0,0,0,0
3147,3352,0,0,0,0,0,0,0,0,0,0,0,0
3148,3353,4,0,1,1,1,0,0,0,0,0,0,0
3149,3354,0,0,0,0,0,0,0,0,0,0,0,0
3150,3355,0,0,0,0,0,0,0,0,0,0,0,0
3151,3356,1,0,1,0,0,0,0,0,0,0,0,0
3152,3357,0,0,0,0,0,0,0,0,0,0,0,0
3153,3358,4,1,1,1,1,1,0,0,1,0,0,1
3154,3359,1,0,1,0,0,0,0,0,0,0,0,0
3155,3360,0,0,0,0,0,0,0,0,0,0,0,0
3156,3361,8,0,1,1,1,0,0,0,0,0,0,0
3157,3362,4,1,1,1,1,1,0,0,1,0,0,1
3158,3363,0,0,0,0,0,0,0,0,0,0,0,0
3159,3364,0,0,0,0,0,0,0,0,0,0,0,0
3160,3365,0,0,0,0,0,0,0,0,0,0,0,0
3161,3366,2,0,1,1,0,0,0,0,0,0,0,0
3162,3367,0,0,0,0,0,0,0,0,0,0,0,0
3163,3368,0,0,0,0,0,0,0,0,0,0,0,0
3164,3369,0,0,0,0,0,0,0,0,0,0,0,0
3165,3370,2,0,1,1,0,0,0,0,0,0,0,0
3166,3371,0,0,0,0,0,0,0,0,0,0,0,0
3167,3372,1,0,1,0,0,0,0,0,0,0,0,0
3168,3374,0,0,0,0,0,0,0,0,0,0,0,0
3169,3375,0,0,0,0,0,0,0,0,0,0,0,0
3170,3376,2,0,1,1,0,0,0,0,0,0,0,0
3171,3377,0,0,0,0,0,0,0,0,0,0,0,0
3172,3378,0,0,0,0,0,0,0,0,0,0,0,0
3173,3379,0,0,0,0,0,0,0,0,0,0,0,0
3174,3380,1,0,1,0,0,0,0,0,0,0,0,0
3175,3381,0,0,0,0,0,0,0,0,0,0,0,0
3176,3384,0,0,0,0,0,0,0,0,0,0,0,0
3177,3385,2,1,1,1,0,1,0,0,1,0,0,1
3178,3386,0,0,0,0,0,0,0,0,0,0,0,0
3179,3387,0,0,0,0,0,0,0,0,0,0,0,0
3180,3388,1,0,1,0,0,0,0,0,0,0,0,0
3181,3389,0,0,0,0,0,0,0,0,0,0,0,0
3182,3390,0,0,0,0,0,0,0,0,0,0,0,0
3183,3391,7,2,1,1,1,1,1,0,1,1,0,1
3184,3392,3,0,1,1,1,0,0,0,0,0,0,0
3185,3393,0,0,0,0,0,0,0,0,0,0,0,0
3186,3394,1,0,1,0,0,0,0,0,0,0,0,0
3187,3395,5,3,1,1,1,1,1,1,1,1,1,1
3188,3396,2,0,1,1,0,0,0,0,0,0,0,0
3189,3397,3,1,1,1,1,1,0,0,1,0,0,1
3190,3398,0,0,0,0,0,0,0,0,0,0,0,0
3191,3399,0,0,0,0,0,0,0,0,0,0,0,0
3192,3400,2,2,1,1,0,1,1,0,1,1,0,1
3193,3401,0,0,0,0,0,0,0,0,0,0,0,0
3194,3402,3,1,1,1,1,1,0,0,1,0,0,1
3195,3404,0,0,0,0,0,0,0,0,0,0,0,0
3196,3405,8,8,1,1,1,1,1,1,1,1,1,1
3197,3406,0,0,0,0,0,0,0,0,0,0,0,0
3198,3407,0,0,0,0,0,0,0,0,0,0,0,0
3199,3408,0,0,0,0,0,0,0,0,0,0,0,0
3200,3409,0,0,0,0,0,0,0,0,0,0,0,0
3201,3410,2,0,1,1,0,0,0,0,0,0,0,0
3202,3411,2,0,1,1,0,0,0,0,0,0,0,0
3203,3412,1,1,1,0,0,1,0,0,1,0,0,1
3204,3413,3,0,1,1,1,0,0,0,0,0,0,0
3205,3414,0,0,0,0,0,0,0,0,0,0,0,0
3206,3415,5,4,1,1,1,1,1,1,1,1,1,1
3207,3416,2,1,1,1,0,1,0,0,1,0,0,1
3208,3417,1,0,1,0,0,0,0,0,0,0,0,0
3209,3418,0,0,0,0,0,0,0,0,0,0,0,0
3210,3419,0,0,0,0,0,0,0,0,0,0,0,0
3211,3420,7,1,1,1,1,1,0,0,1,0,0,1
3212,3422,2,1,1,1,0,1,0,0,1,0,0,1
3213,3424,3,0,1,1,1,0,0,0,0,0,0,0
3214,3425,0,0,0,0,0,0,0,0,0,0,0,0
3215,3426,1,0,1,0,0,0,0,0,0,0,0,0
3216,3427,0,0,0,0,0,0,0,0,0,0,0,0
3217,3428,2,0,1,1,0,0,0,0,0,0,0,0
3218,3429,7,1,1,1,1,1,0,0,1,0,0,1
3219,3430,7,1,1,1,1,1,0,0,1,0,0,1
3220,3431,2,0,1,1,0,0,0,0,0,0,0,0
3221,3433,0,0,0,0,0,0,0,0,0,0,0,0
3222,3434,0,0,0,0,0,0,0,0,0,0,0,0
3223,3436,3,1,1,1,1,1,0,0,1,0,0,1
3224,3438,0,0,0,0,0,0,0,0,0,0,0,0
3225,3439,0,0,0,0,0,0,0,0,0,0,0,0
3226,3440,0,0,0,0,0,0,0,0,0,0,0,0
3227,3441,0,0,0,0,0,0,0,0,0,0,0,0
3228,3442,0,0,0,0,0,0,0,0,0,0,0,0
3229,3443,5,3,1,1,1,1,1,1,1,1,1,1
3230,3444,1,0,1,0,0,0,0,0,0,0,0,0
3231,3445,0,0,0,0,0,0,0,0,0,0,0,0
3232,3446,0,0,0,0,0,0,0,0,0,0,0,0
3233,3447,0,1,0,0,0,1,0,0,0,0,0,0
3234,3448,1,0,1,0,0,0,0,0,0,0,0,0
3235,3449,4,0,1,1,1,0,0,0,0,0,0,0
3236,3450,0,0,0,0,0,0,0,0,0,0,0,0
3237,3451,0,0,0,0,0,0,0,0,0,0,0,0
3238,3452,0,0,0,0,0,0,0,0,0,0,0,0
3239,3453,1,0,1,0,0,0,0,0,0,0,0,0
3240,3454,4,1,1,1,1,1,0,0,1,0,0,1
3241,3455,2,0,1,1,0,0,0,0,0,0,0,0
3242,3456,0,0,0,0,0,0,0,0,0,0,0,0
3243,3457,6,1,1,1,1,1,0,0,1,0,0,1
3244,3458,13,8,1,1,1,1,1,1,1,1,1,1
3245,3459,2,0,1,1,0,0,0,0,0,0,0,0
3246,3460,0,0,0,0,0,0,0,0,0,0,0,0
3247,3461,0,1,0,0,0,1,0,0,0,0,0,0
3248,3462,12,0,1,1,1,0,0,0,0,0,0,0
3249,3463,0,0,0,0,0,0,0,0,0,0,0,0
3250,3464,1,2,1,0,0,1,1,0,1,0,0,1
3251,3465,7,3,1,1,1,1,1,1,1,1,1,1
3252,3466,2,0,1,1,0,0,0,0,0,0,0,0
3253,3467,1,0,1,0,0,0,0,0,0,0,0,0
3254,3468,5,0,1,1,1,0,0,0,0,0,0,0
3255,3469,1,0,1,0,0,0,0,0,0,0,0,0
3256,3470,1,3,1,0,0,1,1,1,1,0,0,1
3257,3471,0,0,0,0,0,0,0,0,0,0,0,0
3258,3472,5,0,1,1,1,0,0,0,0,0,0,0
3259,3473,3,0,1,1,1,0,0,0,0,0,0,0
3260,3474,1,0,1,0,0,0,0,0,0,0,0,0
3261,3475,4,1,1,1,1,1,0,0,1,0,0,1
3262,3476,1,3,1,0,0,1,1,1,1,0,0,1
3263,3477,0,0,0,0,0,0,0,0,0,0,0,0
3264,3478,2,0,1,1,0,0,0,0,0,0,0,0
3265,3479,0,0,0,0,0,0,0,0,0,0,0,0
3266,3480,8,0,1,1,1,0,0,0,0,0,0,0
3267,3481,6,1,1,1,1,1,0,0,1,0,0,1
3268,3482,1,0,1,0,0,0,0,0,0,0,0,0
3269,3483,3,0,1,1,1,0,0,0,0,0,0,0
3270,3484,1,0,1,0,0,0,0,0,0,0,0,0
3271,3485,4,1,1,1,1,1,0,0,1,0,0,1
3272,3486,3,0,1,1,1,0,0,0,0,0,0,0
3273,3487,6,1,1,1,1,1,0,0,1,0,0,1
3274,3488,8,1,1,1,1,1,0,0,1,0,0,1
3275,3489,4,0,1,1,1,0,0,0,0,0,0,0
3276,3491,1,0,1,0,0,0,0,0,0,0,0,0
3277,3492,0,0,0,0,0,0,0,0,0,0,0,0
3278,3493,3,0,1,1,1,0,0,0,0,0,0,0
3279,3494,0,0,0,0,0,0,0,0,0,0,0,0
3280,3495,0,0,0,0,0,0,0,0,0,0,0,0
3281,3498,0,0,0,0,0,0,0,0,0,0,0,0
3282,3499,4,0,1,1,1,0,0,0,0,0,0,0
3283,3500,6,0,1,1,1,0,0,0,0,0,0,0
3284,3501,0,0,0,0,0,0,0,0,0,0,0,0
3285,3502,1,0,1,0,0,0,0,0,0,0,0,0
3286,3503,0,0,0,0,0,0,0,0,0,0,0,0
3287,3504,0,0,0,0,0,0,0,0,0,0,0,0
3288,3505,0,0,0,0,0,0,0,0,0,0,0,0
3289,3506,1,0,1,0,0,0,0,0,0,0,0,0
3290,3507,3,2,1,1,1,1,1,0,1,1,0,1
3291,3509,1,0,1,0,0,0,0,0,0,0,0,0
3292,3510,5,2,1,1,1,1,1,0,1,1,0,1
3293,3511,1,0,1,0,0,0,0,0,0,0,0,0
3294,3512,0,0,0,0,0,0,0,0,0,0,0,0
3295,3513,7,1,1,1,1,1,0,0,1,0,0,1
3296,3514,0,0,0,0,0,0,0,0,0,0,0,0
3297,3515,0,0,0,0,0,0,0,0,0,0,0,0
3298,3516,0,0,0,0,0,0,0,0,0,0,0,0
3299,3518,0,0,0,0,0,0,0,0,0,0,0,0
3300,3519,8,3,1,1,1,1,1,1,1,1,1,1
3301,3520,0,0,0,0,0,0,0,0,0,0,0,0
3302,3521,0,0,0,0,0,0,0,0,0,0,0,0
3303,3522,3,0,1,1,1,0,0,0,0,0,0,0
3304,3523,1,2,1,0,0,1,1,0,1,0,0,1
3305,3524,3,0,1,1,1,0,0,0,0,0,0,0
3306,3525,2,5,1,1,0,1,1,1,1,1,0,1
3307,3526,5,1,1,1,1,1,0,0,1,0,0,1
3308,3527,6,1,1,1,1,1,0,0,1,0,0,1
3309,3528,2,1,1,1,0,1,0,0,1,0,0,1
3310,3529,0,0,0,0,0,0,0,0,0,0,0,0
3311,3530,0,0,0,0,0,0,0,0,0,0,0,0
3312,3531,0,0,0,0,0,0,0,0,0,0,0,0
3313,3532,11,4,1,1,1,1,1,1,1,1,1,1
3314,3533,2,3,1,1,0,1,1,1,1,1,0,1
3315,3534,1,0,1,0,0,0,0,0,0,0,0,0
3316,3535,0,0,0,0,0,0,0,0,0,0,0,0
3317,3536,1,0,1,0,0,0,0,0,0,0,0,0
3318,3537,2,0,1,1,0,0,0,0,0,0,0,0
3319,3538,0,0,0,0,0,0,0,0,0,0,0,0
3320,3539,1,0,1,0,0,0,0,0,0,0,0,0
3321,3540,2,0,1,1,0,0,0,0,0,0,0,0
3322,3541,0,0,0,0,0,0,0,0,0,0,0,0
3323,3542,1,0,1,0,0,0,0,0,0,0,0,0
3324,3543,0,0,0,0,0,0,0,0,0,0,0,0
3325,3544,5,0,1,1,1,0,0,0,0,0,0,0
3326,3545,1,0,1,0,0,0,0,0,0,0,0,0
3327,3548,0,0,0,0,0,0,0,0,0,0,0,0
3328,3550,2,3,1,1,0,1,1,1,1,1,0,1
3329,3551,0,0,0,0,0,0,0,0,0,0,0,0
3330,3552,6,0,1,1,1,0,0,0,0,0,0,0
3331,3553,2,1,1,1,0,1,0,0,1,0,0,1
3332,3554,1,1,1,0,0,1,0,0,1,0,0,1
3333,3555,0,0,0,0,0,0,0,0,0,0,0,0
3334,3556,0,0,0,0,0,0,0,0,0,0,0,0
3335,3561,0,0,0,0,0,0,0,0,0,0,0,0
3336,3562,1,2,1,0,0,1,1,0,1,0,0,1
3337,3563,1,0,1,0,0,0,0,0,0,0,0,0
3338,3564,6,2,1,1,1,1,1,0,1,1,0,1
3339,3565,4,0,1,1,1,0,0,0,0,0,0,0
3340,3566,0,0,0,0,0,0,0,0,0,0,0,0
3341,3567,1,0,1,0,0,0,0,0,0,0,0,0
3342,3568,3,1,1,1,1,1,0,0,1,0,0,1
3343,3569,0,0,0,0,0,0,0,0,0,0,0,0
3344,3570,0,0,0,0,0,0,0,0,0,0,0,0
3345,3571,0,0,0,0,0,0,0,0,0,0,0,0
3346,3572,0,1,0,0,0,1,0,0,0,0,0,0
3347,3573,0,0,0,0,0,0,0,0,0,0,0,0
3348,3574,1,0,1,0,0,0,0,0,0,0,0,0
3349,3575,2,0,1,1,0,0,0,0,0,0,0,0
3350,3576,0,0,0,0,0,0,0,0,0,0,0,0
3351,3577,3,1,1,1,1,1,0,0,1,0,0,1
3352,3578,1,1,1,0,0,1,0,0,1,0,0,1
3353,3579,0,0,0,0,0,0,0,0,0,0,0,0
3354,3580,0,0,0,0,0,0,0,0,0,0,0,0
3355,3581,1,1,1,0,0,1,0,0,1,0,0,1
3356,3582,4,1,1,1,1,1,0,0,1,0,0,1
3357,3583,0,0,0,0,0,0,0,0,0,0,0,0
3358,3584,0,0,0,0,0,0,0,0,0,0,0,0
3359,3585,0,0,0,0,0,0,0,0,0,0,0,0
3360,3586,0,2,0,0,0,1,1,0,0,0,0,0
3361,3587,0,0,0,0,0,0,0,0,0,0,0,0
3362,3588,0,0,0,0,0,0,0,0,0,0,0,0
3363,3589,0,0,0,0,0,0,0,0,0,0,0,0
3364,3590,1,0,1,0,0,0,0,0,0,0,0,0
3365,3591,6,3,1,1,1,1,1,1,1,1,1,1
3366,3592,0,0,0,0,0,0,0,0,0,0,0,0
3367,3593,2,0,1,1,0,0,0,0,0,0,0,0
3368,3594,0,0,0,0,0,0,0,0,0,0,0,0
3369,3595,0,0,0,0,0,0,0,0,0,0,0,0
3370,3596,0,0,0,0,0,0,0,0,0,0,0,0
3371,3597,3,0,1,1,1,0,0,0,0,0,0,0
3372,3598,4,0,1,1,1,0,0,0,0,0,0,0
3373,3599,4,0,1,1,1,0,0,0,0,0,0,0
3374,3600,0,1,0,0,0,1,0,0,0,0,0,0
3375,3601,1,0,1,0,0,0,0,0,0,0,0,0
3376,3602,2,0,1,1,0,0,0,0,0,0,0,0
3377,3603,0,0,0,0,0,0,0,0,0,0,0,0
3378,3604,2,1,1,1,0,1,0,0,1,0,0,1
3379,3605,3,0,1,1,1,0,0,0,0,0,0,0
3380,3606,7,2,1,1,1,1,1,0,1,1,0,1
3381,3607,2,0,1,1,0,0,0,0,0,0,0,0
3382,3608,3,1,1,1,1,1,0,0,1,0,0,1
3383,3609,1,1,1,0,0,1,0,0,1,0,0,1
3384,3610,0,0,0,0,0,0,0,0,0,0,0,0
3385,3611,4,1,1,1,1,1,0,0,1,0,0,1
3386,3612,1,1,1,0,0,1,0,0,1,0,0,1
3387,3613,3,2,1,1,1,1,1,0,1,1,0,1
3388,3614,0,0,0,0,0,0,0,0,0,0,0,0
3389,3615,10,1,1,1,1,1,0,0,1,0,0,1
3390,3616,0,1,0,0,0,1,0,0,0,0,0,0
3391,3617,3,2,1,1,1,1,1,0,1,1,0,1
3392,3618,1,0,1,0,0,0,0,0,0,0,0,0
3393,3619,0,0,0,0,0,0,0,0,0,0,0,0
3394,3620,0,0,0,0,0,0,0,0,0,0,0,0
3395,3621,2,0,1,1,0,0,0,0,0,0,0,0
3396,3622,0,0,0,0,0,0,0,0,0,0,0,0
3397,3623,0,0,0,0,0,0,0,0,0,0,0,0
3398,3625,0,0,0,0,0,0,0,0,0,0,0,0
3399,3626,1,0,1,0,0,0,0,0,0,0,0,0
3400,3627,2,1,1,1,0,1,0,0,1,0,0,1
3401,3628,0,0,0,0,0,0,0,0,0,0,0,0
3402,3629,0,0,0,0,0,0,0,0,0,0,0,0
3403,3630,0,0,0,0,0,0,0,0,0,0,0,0
3404,3631,0,0,0,0,0,0,0,0,0,0,0,0
3405,3632,0,1,0,0,0,1,0,0,0,0,0,0
3406,3633,0,2,0,0,0,1,1,0,0,0,0,0
3407,3634,0,0,0,0,0,0,0,0,0,0,0,0
3408,3635,1,0,1,0,0,0,0,0,0,0,0,0
3409,3636,3,1,1,1,1,1,0,0,1,0,0,1
3410,3637,0,0,0,0,0,0,0,0,0,0,0,0
3411,3638,1,2,1,0,0,1,1,0,1,0,0,1
3412,3639,0,0,0,0,0,0,0,0,0,0,0,0
3413,3640,0,0,0,0,0,0,0,0,0,0,0,0
3414,3641,2,0,1,1,0,0,0,0,0,0,0,0
3415,3642,0,0,0,0,0,0,0,0,0,0,0,0
3416,3643,0,0,0,0,0,0,0,0,0,0,0,0
3417,3644,1,0,1,0,0,0,0,0,0,0,0,0
3418,3645,6,3,1,1,1,1,1,1,1,1,1,1
3419,3646,0,0,0,0,0,0,0,0,0,0,0,0
3420,3647,1,0,1,0,0,0,0,0,0,0,0,0
3421,3648,1,0,1,0,0,0,0,0,0,0,0,0
3422,3649,3,0,1,1,1,0,0,0,0,0,0,0
3423,3650,0,0,0,0,0,0,0,0,0,0,0,0
3424,3651,5,0,1,1,1,0,0,0,0,0,0,0
3425,3652,0,0,0,0,0,0,0,0,0,0,0,0
3426,3653,1,0,1,0,0,0,0,0,0,0,0,0
3427,3654,1,0,1,0,0,0,0,0,0,0,0,0
3428,3655,5,0,1,1,1,0,0,0,0,0,0,0
3429,3656,0,0,0,0,0,0,0,0,0,0,0,0
3430,3657,6,1,1,1,1,1,0,0,1,0,0,1
3431,3658,1,3,1,0,0,1,1,1,1,0,0,1
3432,3659,0,1,0,0,0,1,0,0,0,0,0,0
3433,3660,3,1,1,1,1,1,0,0,1,0,0,1
3434,3661,0,0,0,0,0,0,0,0,0,0,0,0
3435,3662,0,0,0,0,0,0,0,0,0,0,0,0
3436,3663,0,0,0,0,0,0,0,0,0,0,0,0
3437,3664,0,0,0,0,0,0,0,0,0,0,0,0
3438,3665,1,0,1,0,0,0,0,0,0,0,0,0
3439,3666,0,1,0,0,0,1,0,0,0,0,0,0
3440,3667,1,1,1,0,0,1,0,0,1,0,0,1
3441,3669,5,1,1,1,1,1,0,0,1,0,0,1
3442,3670,5,8,1,1,1,1,1,1,1,1,1,1
3443,3671,1,0,1,0,0,0,0,0,0,0,0,0
3444,3672,2,0,1,1,0,0,0,0,0,0,0,0
3445,3673,0,0,0,0,0,0,0,0,0,0,0,0
3446,3674,3,0,1,1,1,0,0,0,0,0,0,0
3447,3675,0,1,0,0,0,1,0,0,0,0,0,0
3448,3676,0,0,0,0,0,0,0,0,0,0,0,0
3449,3677,0,0,0,0,0,0,0,0,0,0,0,0
3450,3680,0,0,0,0,0,0,0,0,0,0,0,0
3451,3681,5,2,1,1,1,1,1,0,1,1,0,1
3452,3682,0,0,0,0,0,0,0,0,0,0,0,0
3453,3683,0,0,0,0,0,0,0,0,0,0,0,0
3454,3684,0,0,0,0,0,0,0,0,0,0,0,0
3455,3685,1,0,1,0,0,0,0,0,0,0,0,0
3456,3686,0,0,0,0,0,0,0,0,0,0,0,0
3457,3687,0,1,0,0,0,1,0,0,0,0,0,0
3458,3688,1,1,1,0,0,1,0,0,1,0,0,1
3459,3689,6,0,1,1,1,0,0,0,0,0,0,0
3460,3690,1,1,1,0,0,1,0,0,1,0,0,1
3461,3691,2,0,1,1,0,0,0,0,0,0,0,0
3462,3692,0,0,0,0,0,0,0,0,0,0,0,0
3463,3693,1,2,1,0,0,1,1,0,1,0,0,1
3464,3694,3,1,1,1,1,1,0,0,1,0,0,1
3465,3695,3,2,1,1,1,1,1,0,1,1,0,1
3466,3696,1,1,1,0,0,1,0,0,1,0,0,1
3467,3697,5,1,1,1,1,1,0,0,1,0,0,1
3468,3698,1,0,1,0,0,0,0,0,0,0,0,0
3469,3699,1,1,1,0,0,1,0,0,1,0,0,1
3470,3700,0,0,0,0,0,0,0,0,0,0,0,0
3471,3701,1,0,1,0,0,0,0,0,0,0,0,0
3472,3702,0,0,0,0,0,0,0,0,0,0,0,0
3473,3703,2,0,1,1,0,0,0,0,0,0,0,0
3474,3704,0,0,0,0,0,0,0,0,0,0,0,0
3475,3705,0,0,0,0,0,0,0,0,0,0,0,0
3476,3706,0,0,0,0,0,0,0,0,0,0,0,0
3477,3707,0,0,0,0,0,0,0,0,0,0,0,0
3478,3708,1,1,1,0,0,1,0,0,1,0,0,1
3479,3709,0,0,0,0,0,0,0,0,0,0,0,0
3480,3710,0,0,0,0,0,0,0,0,0,0,0,0
3481,3711,1,0,1,0,0,0,0,0,0,0,0,0
3482,3712,0,0,0,0,0,0,0,0,0,0,0,0
3483,3713,0,0,0,0,0,0,0,0,0,0,0,0
3484,3714,0,0,0,0,0,0,0,0,0,0,0,0
3485,3715,0,0,0,0,0,0,0,0,0,0,0,0
3486,3716,1,0,1,0,0,0,0,0,0,0,0,0
3487,3717,0,0,0,0,0,0,0,0,0,0,0,0
3488,3718,0,0,0,0,0,0,0,0,0,0,0,0
3489,3719,1,0,1,0,0,0,0,0,0,0,0,0
3490,3720,2,0,1,1,0,0,0,0,0,0,0,0
3491,3721,0,0,0,0,0,0,0,0,0,0,0,0
3492,3722,1,0,1,0,0,0,0,0,0,0,0,0
3493,3723,0,0,0,0,0,0,0,0,0,0,0,0
3494,3724,0,0,0,0,0,0,0,0,0,0,0,0
3495,3725,1,0,1,0,0,0,0,0,0,0,0,0
3496,3726,0,0,0,0,0,0,0,0,0,0,0,0
3497,3727,1,0,1,0,0,0,0,0,0,0,0,0
3498,3728,0,0,0,0,0,0,0,0,0,0,0,0
3499,3729,0,0,0,0,0,0,0,0,0,0,0,0
3500,3730,2,0,1,1,0,0,0,0,0,0,0,0
3501,3731,0,0,0,0,0,0,0,0,0,0,0,0
3502,3732,0,0,0,0,0,0,0,0,0,0,0,0
3503,3733,0,2,0,0,0,1,1,0,0,0,0,0
3504,3734,0,0,0,0,0,0,0,0,0,0,0,0
3505,3735,1,0,1,0,0,0,0,0,0,0,0,0
3506,3736,0,0,0,0,0,0,0,0,0,0,0,0
3507,3737,0,0,0,0,0,0,0,0,0,0,0,0
3508,3738,4,1,1,1,1,1,0,0,1,0,0,1
3509,3740,0,1,0,0,0,1,0,0,0,0,0,0
3510,3741,2,0,1,1,0,0,0,0,0,0,0,0
3511,3742,0,0,0,0,0,0,0,0,0,0,0,0
3512,3743,1,0,1,0,0,0,0,0,0,0,0,0
3513,3744,0,1,0,0,0,1,0,0,0,0,0,0
3514,3745,0,1,0,0,0,1,0,0,0,0,0,0
3515,3746,11,8,1,1,1,1,1,1,1,1,1,1
3516,3747,2,0,1,1,0,0,0,0,0,0,0,0
3517,3748,2,0,1,1,0,0,0,0,0,0,0,0
3518,3750,0,0,0,0,0,0,0,0,0,0,0,0
3519,3751,0,0,0,0,0,0,0,0,0,0,0,0
3520,3752,0,0,0,0,0,0,0,0,0,0,0,0
3521,3754,0,0,0,0,0,0,0,0,0,0,0,0
3522,3755,1,0,1,0,0,0,0,0,0,0,0,0
3523,3756,0,0,0,0,0,0,0,0,0,0,0,0
3524,3757,0,0,0,0,0,0,0,0,0,0,0,0
3525,3758,4,0,1,1,1,0,0,0,0,0,0,0
3526,3759,2,1,1,1,0,1,0,0,1,0,0,1
3527,3760,0,0,0,0,0,0,0,0,0,0,0,0
3528,3761,1,0,1,0,0,0,0,0,0,0,0,0
3529,3762,0,0,0,0,0,0,0,0,0,0,0,0
3530,3763,3,0,1,1,1,0,0,0,0,0,0,0
3531,3764,6,1,1,1,1,1,0,0,1,0,0,1
3532,3765,2,0,1,1,0,0,0,0,0,0,0,0
3533,3766,1,0,1,0,0,0,0,0,0,0,0,0
3534,3767,0,0,0,0,0,0,0,0,0,0,0,0
3535,3768,5,4,1,1,1,1,1,1,1,1,1,1
3536,3769,1,0,1,0,0,0,0,0,0,0,0,0
3537,3770,0,2,0,0,0,1,1,0,0,0,0,0
3538,3771,0,0,0,0,0,0,0,0,0,0,0,0
3539,3772,0,0,0,0,0,0,0,0,0,0,0,0
3540,3773,1,0,1,0,0,0,0,0,0,0,0,0
3541,3774,3,0,1,1,1,0,0,0,0,0,0,0
3542,3775,0,0,0,0,0,0,0,0,0,0,0,0
3543,3776,1,0,1,0,0,0,0,0,0,0,0,0
3544,3777,5,0,1,1,1,0,0,0,0,0,0,0
3545,3778,3,0,1,1,1,0,0,0,0,0,0,0
3546,3779,6,0,1,1,1,0,0,0,0,0,0,0
3547,3780,5,1,1,1,1,1,0,0,1,0,0,1
3548,3781,0,0,0,0,0,0,0,0,0,0,0,0
3549,3782,1,0,1,0,0,0,0,0,0,0,0,0
3550,3783,1,0,1,0,0,0,0,0,0,0,0,0
3551,3784,1,4,1,0,0,1,1,1,1,0,0,1
3552,3785,0,0,0,0,0,0,0,0,0,0,0,0
3553,3786,0,0,0,0,0,0,0,0,0,0,0,0
3554,3787,0,0,0,0,0,0,0,0,0,0,0,0
3555,3788,12,1,1,1,1,1,0,0,1,0,0,1
3556,3791,6,0,1,1,1,0,0,0,0,0,0,0
3557,3793,5,0,1,1,1,0,0,0,0,0,0,0
3558,3794,0,0,0,0,0,0,0,0,0,0,0,0
3559,3795,1,0,1,0,0,0,0,0,0,0,0,0
3560,3796,0,0,0,0,0,0,0,0,0,0,0,0
3561,3797,1,0,1,0,0,0,0,0,0,0,0,0
3562,3798,0,0,0,0,0,0,0,0,0,0,0,0
3563,3799,0,0,0,0,0,0,0,0,0,0,0,0
3564,3800,0,0,0,0,0,0,0,0,0,0,0,0
3565,3801,0,0,0,0,0,0,0,0,0,0,0,0
3566,3802,0,0,0,0,0,0,0,0,0,0,0,0
3567,3803,0,0,0,0,0,0,0,0,0,0,0,0
3568,3804,0,0,0,0,0,0,0,0,0,0,0,0
3569,3805,1,4,1,0,0,1,1,1,1,0,0,1
3570,3806,0,0,0,0,0,0,0,0,0,0,0,0
3571,3807,0,0,0,0,0,0,0,0,0,0,0,0
3572,3808,1,0,1,0,0,0,0,0,0,0,0,0
3573,3809,0,0,0,0,0,0,0,0,0,0,0,0
3574,3810,0,0,0,0,0,0,0,0,0,0,0,0
3575,3811,2,0,1,1,0,0,0,0,0,0,0,0
3576,3812,0,0,0,0,0,0,0,0,0,0,0,0
3577,3813,0,0,0,0,0,0,0,0,0,0,0,0
3578,3814,0,0,0,0,0,0,0,0,0,0,0,0
3579,3815,0,0,0,0,0,0,0,0,0,0,0,0
3580,3816,0,0,0,0,0,0,0,0,0,0,0,0
3581,3817,0,1,0,0,0,1,0,0,0,0,0,0
3582,3818,7,1,1,1,1,1,0,0,1,0,0,1
3583,3819,0,0,0,0,0,0,0,0,0,0,0,0
3584,3820,1,0,1,0,0,0,0,0,0,0,0,0
3585,3821,8,0,1,1,1,0,0,0,0,0,0,0
3586,3822,0,0,0,0,0,0,0,0,0,0,0,0
3587,3823,0,0,0,0,0,0,0,0,0,0,0,0
3588,3824,3,0,1,1,1,0,0,0,0,0,0,0
3589,3825,0,0,0,0,0,0,0,0,0,0,0,0
3590,3826,0,0,0,0,0,0,0,0,0,0,0,0
3591,3828,0,0,0,0,0,0,0,0,0,0,0,0
3592,3829,2,6,1,1,0,1,1,1,1,1,0,1
3593,3830,0,0,0,0,0,0,0,0,0,0,0,0
3594,3832,0,0,0,0,0,0,0,0,0,0,0,0
3595,3833,0,0,0,0,0,0,0,0,0,0,0,0
3596,3834,2,0,1,1,0,0,0,0,0,0,0,0
3597,3835,0,0,0,0,0,0,0,0,0,0,0,0
3598,3836,4,0,1,1,1,0,0,0,0,0,0,0
3599,3837,0,0,0,0,0,0,0,0,0,0,0,0
3600,3840,7,2,1,1,1,1,1,0,1,1,0,1
3601,3842,0,0,0,0,0,0,0,0,0,0,0,0
3602,3843,1,0,1,0,0,0,0,0,0,0,0,0
3603,3845,0,1,0,0,0,1,0,0,0,0,0,0
3604,3846,0,0,0,0,0,0,0,0,0,0,0,0
3605,3847,6,2,1,1,1,1,1,0,1,1,0,1
3606,3848,2,2,1,1,0,1,1,0,1,1,0,1
3607,3849,0,0,0,0,0,0,0,0,0,0,0,0
3608,3850,10,0,1,1,1,0,0,0,0,0,0,0
3609,3851,2,0,1,1,0,0,0,0,0,0,0,0
3610,3852,1,1,1,0,0,1,0,0,1,0,0,1
3611,3853,7,2,1,1,1,1,1,0,1,1,0,1
3612,3854,0,0,0,0,0,0,0,0,0,0,0,0
3613,3855,3,0,1,1,1,0,0,0,0,0,0,0
3614,3856,1,0,1,0,0,0,0,0,0,0,0,0
3615,3857,2,0,1,1,0,0,0,0,0,0,0,0
3616,3858,3,0,1,1,1,0,0,0,0,0,0,0
3617,3859,0,0,0,0,0,0,0,0,0,0,0,0
3618,3861,0,0,0,0,0,0,0,0,0,0,0,0
3619,3862,0,0,0,0,0,0,0,0,0,0,0,0
3620,3863,2,1,1,1,0,1,0,0,1,0,0,1
3621,3865,2,2,1,1,0,1,1,0,1,1,0,1
3622,3866,4,2,1,1,1,1,1,0,1,1,0,1
3623,3867,0,0,0,0,0,0,0,0,0,0,0,0
3624,3868,0,1,0,0,0,1,0,0,0,0,0,0
3625,3870,0,1,0,0,0,1,0,0,0,0,0,0
3626,3871,0,0,0,0,0,0,0,0,0,0,0,0
3627,3872,0,0,0,0,0,0,0,0,0,0,0,0
3628,3873,0,0,0,0,0,0,0,0,0,0,0,0
3629,3874,7,0,1,1,1,0,0,0,0,0,0,0
3630,3875,0,0,0,0,0,0,0,0,0,0,0,0
3631,3877,1,1,1,0,0,1,0,0,1,0,0,1
3632,3879,0,0,0,0,0,0,0,0,0,0,0,0
3633,3880,2,0,1,1,0,0,0,0,0,0,0,0
3634,3881,0,2,0,0,0,1,1,0,0,0,0,0
3635,3882,9,6,1,1,1,1,1,1,1,1,1,1
3636,3883,0,0,0,0,0,0,0,0,0,0,0,0
3637,3884,9,1,1,1,1,1,0,0,1,0,0,1
3638,3886,6,0,1,1,1,0,0,0,0,0,0,0
3639,3887,0,2,0,0,0,1,1,0,0,0,0,0
3640,3888,6,1,1,1,1,1,0,0,1,0,0,1
3641,3889,0,0,0,0,0,0,0,0,0,0,0,0
3642,3890,3,1,1,1,1,1,0,0,1,0,0,1
3643,3891,1,0,1,0,0,0,0,0,0,0,0,0
3644,3893,3,1,1,1,1,1,0,0,1,0,0,1
3645,3894,3,0,1,1,1,0,0,0,0,0,0,0
3646,3895,1,2,1,0,0,1,1,0,1,0,0,1
3647,3896,0,0,0,0,0,0,0,0,0,0,0,0
3648,3897,3,2,1,1,1,1,1,0,1,1,0,1
3649,3898,0,0,0,0,0,0,0,0,0,0,0,0
3650,3900,0,0,0,0,0,0,0,0,0,0,0,0
3651,3901,0,0,0,0,0,0,0,0,0,0,0,0
3652,3902,1,0,1,0,0,0,0,0,0,0,0,0
3653,3903,1,0,1,0,0,0,0,0,0,0,0,0
3654,3904,0,0,0,0,0,0,0,0,0,0,0,0
3655,3905,0,0,0,0,0,0,0,0,0,0,0,0
3656,3906,3,0,1,1,1,0,0,0,0,0,0,0
3657,3909,0,0,0,0,0,0,0,0,0,0,0,0
3658,3910,0,2,0,0,0,1,1,0,0,0,0,0
3659,3911,0,0,0,0,0,0,0,0,0,0,0,0
3660,3912,5,0,1,1,1,0,0,0,0,0,0,0
3661,3913,0,3,0,0,0,1,1,1,0,0,0,0
3662,3914,10,1,1,1,1,1,0,0,1,0,0,1
3663,3915,8,3,1,1,1,1,1,1,1,1,1,1
3664,3916,0,0,0,0,0,0,0,0,0,0,0,0
3665,3918,4,1,1,1,1,1,0,0,1,0,0,1
3666,3920,1,0,1,0,0,0,0,0,0,0,0,0
3667,3921,0,0,0,0,0,0,0,0,0,0,0,0
3668,3922,2,3,1,1,0,1,1,1,1,1,0,1
3669,3923,3,4,1,1,1,1,1,1,1,1,1,1
3670,3924,5,5,1,1,1,1,1,1,1,1,1,1
3671,3925,0,0,0,0,0,0,0,0,0,0,0,0
3672,3926,0,0,0,0,0,0,0,0,0,0,0,0
3673,3927,6,0,1,1,1,0,0,0,0,0,0,0
3674,3928,3,2,1,1,1,1,1,0,1,1,0,1
3675,3929,0,0,0,0,0,0,0,0,0,0,0,0
3676,3930,1,0,1,0,0,0,0,0,0,0,0,0
3677,3931,2,0,1,1,0,0,0,0,0,0,0,0
3678,3933,0,0,0,0,0,0,0,0,0,0,0,0
3679,3934,2,0,1,1,0,0,0,0,0,0,0,0
3680,3935,6,3,1,1,1,1,1,1,1,1,1,1
3681,3937,0,0,0,0,0,0,0,0,0,0,0,0
3682,3938,17,3,1,1,1,1,1,1,1,1,1,1
3683,3939,0,0,0,0,0,0,0,0,0,0,0,0
3684,3940,0,1,0,0,0,1,0,0,0,0,0,0
3685,3941,2,0,1,1,0,0,0,0,0,0,0,0
3686,3942,0,0,0,0,0,0,0,0,0,0,0,0
3687,3943,0,0,0,0,0,0,0,0,0,0,0,0
3688,3944,3,0,1,1,1,0,0,0,0,0,0,0
3689,3945,0,0,0,0,0,0,0,0,0,0,0,0
3690,3946,0,0,0,0,0,0,0,0,0,0,0,0
3691,3947,0,0,0,0,0,0,0,0,0,0,0,0
3692,3948,0,0,0,0,0,0,0,0,0,0,0,0
3693,3949,10,0,1,1,1,0,0,0,0,0,0,0
3694,3950,0,0,0,0,0,0,0,0,0,0,0,0
3695,3951,0,0,0,0,0,0,0,0,0,0,0,0
3696,3952,0,0,0,0,0,0,0,0,0,0,0,0
3697,3953,8,2,1,1,1,1,1,0,1,1,0,1
3698,3954,1,0,1,0,0,0,0,0,0,0,0,0
3699,3955,5,1,1,1,1,1,0,0,1,0,0,1
3700,3956,0,0,0,0,0,0,0,0,0,0,0,0
3701,3957,0,0,0,0,0,0,0,0,0,0,0,0
3702,3958,0,0,0,0,0,0,0,0,0,0,0,0
3703,3959,1,2,1,0,0,1,1,0,1,0,0,1
3704,3960,1,1,1,0,0,1,0,0,1,0,0,1
3705,3961,5,2,1,1,1,1,1,0,1,1,0,1
3706,3962,1,2,1,0,0,1,1,0,1,0,0,1
3707,3963,0,0,0,0,0,0,0,0,0,0,0,0
3708,3964,2,3,1,1,0,1,1,1,1,1,0,1
3709,3965,0,0,0,0,0,0,0,0,0,0,0,0
3710,3966,2,0,1,1,0,0,0,0,0,0,0,0
3711,3967,0,0,0,0,0,0,0,0,0,0,0,0
3712,3968,1,0,1,0,0,0,0,0,0,0,0,0
3713,3969,3,0,1,1,1,0,0,0,0,0,0,0
3714,3970,0,0,0,0,0,0,0,0,0,0,0,0
3715,3971,0,0,0,0,0,0,0,0,0,0,0,0
3716,3972,7,0,1,1,1,0,0,0,0,0,0,0
3717,3973,0,0,0,0,0,0,0,0,0,0,0,0
3718,3974,0,2,0,0,0,1,1,0,0,0,0,0
3719,3975,1,0,1,0,0,0,0,0,0,0,0,0
3720,3976,1,0,1,0,0,0,0,0,0,0,0,0
3721,3977,0,0,0,0,0,0,0,0,0,0,0,0
3722,3978,1,0,1,0,0,0,0,0,0,0,0,0
3723,3979,0,0,0,0,0,0,0,0,0,0,0,0
3724,3980,0,0,0,0,0,0,0,0,0,0,0,0
3725,3981,9,1,1,1,1,1,0,0,1,0,0,1
3726,3982,0,0,0,0,0,0,0,0,0,0,0,0
3727,3983,1,0,1,0,0,0,0,0,0,0,0,0
3728,3984,0,0,0,0,0,0,0,0,0,0,0,0
3729,3985,0,0,0,0,0,0,0,0,0,0,0,0
3730,3986,0,0,0,0,0,0,0,0,0,0,0,0
3731,3987,2,1,1,1,0,1,0,0,1,0,0,1
3732,3988,1,0,1,0,0,0,0,0,0,0,0,0
3733,3989,0,0,0,0,0,0,0,0,0,0,0,0
3734,3990,13,2,1,1,1,1,1,0,1,1,0,1
3735,3991,6,0,1,1,1,0,0,0,0,0,0,0
3736,3992,2,1,1,1,0,1,0,0,1,0,0,1
3737,3993,1,0,1,0,0,0,0,0,0,0,0,0
3738,3994,0,0,0,0,0,0,0,0,0,0,0,0
3739,3995,1,1,1,0,0,1,0,0,1,0,0,1
3740,3996,1,5,1,0,0,1,1,1,1,0,0,1
3741,3997,1,1,1,0,0,1,0,0,1,0,0,1
3742,3998,0,0,0,0,0,0,0,0,0,0,0,0
3743,3999,0,0,0,0,0,0,0,0,0,0,0,0
3744,4000,0,0,0,0,0,0,0,0,0,0,0,0
3745,4001,0,0,0,0,0,0,0,0,0,0,0,0
3746,4002,1,0,1,0,0,0,0,0,0,0,0,0
3747,4003,0,2,0,0,0,1,1,0,0,0,0,0
3748,4004,1,2,1,0,0,1,1,0,1,0,0,1
3749,4005,5,4,1,1,1,1,1,1,1,1,1,1
3750,4006,0,0,0,0,0,0,0,0,0,0,0,0
3751,4007,1,1,1,0,0,1,0,0,1,0,0,1
3752,4008,0,0,0,0,0,0,0,0,0,0,0,0
3753,4009,6,0,1,1,1,0,0,0,0,0,0,0
3754,4010,2,2,1,1,0,1,1,0,1,1,0,1
3755,4011,4,1,1,1,1,1,0,0,1,0,0,1
3756,4012,1,0,1,0,0,0,0,0,0,0,0,0
3757,4013,2,0,1,1,0,0,0,0,0,0,0,0
3758,4014,0,0,0,0,0,0,0,0,0,0,0,0
3759,4015,5,0,1,1,1,0,0,0,0,0,0,0
3760,4016,0,0,0,0,0,0,0,0,0,0,0,0
3761,4018,2,0,1,1,0,0,0,0,0,0,0,0
3762,4019,0,0,0,0,0,0,0,0,0,0,0,0
3763,4020,1,0,1,0,0,0,0,0,0,0,0,0
3764,4021,0,0,0,0,0,0,0,0,0,0,0,0
3765,4022,0,0,0,0,0,0,0,0,0,0,0,0
3766,4023,2,0,1,1,0,0,0,0,0,0,0,0
