TP,FP,TN,FN,recall_sensitivity,specificity,precision_ppv,npv,balanced_accuracy,f1_positive,accuracy,support,positive_support,negative_support
122,351,427,42,0.7439024390243902,0.5488431876606684,0.25792811839323465,0.9104477611940298,0.6463728133425293,0.3830455259026687,0.5828025477707006,942,164,778
137,367,399,39,0.7784090909090909,0.52088772845953,0.2718253968253968,0.910958904109589,0.6496484096843105,0.4029411764705882,0.5690021231422505,942,176,766
142,354,416,30,0.8255813953488372,0.5402597402597402,0.2862903225806452,0.9327354260089686,0.6829205678042887,0.42514970059880247,0.5923566878980892,942,172,770
125,375,398,44,0.7396449704142012,0.5148771021992238,0.25,0.9004524886877828,0.6272610363067125,0.37369207772795215,0.5552016985138004,942,169,773
142,352,424,24,0.8554216867469879,0.5463917525773195,0.2874493927125506,0.9464285714285714,0.7009067196621537,0.43030303030303035,0.6008492569002123,942,166,776
130,380,398,34,0.7926829268292683,0.5115681233933161,0.2549019607843137,0.9212962962962963,0.6521255251112923,0.3857566765578635,0.5605095541401274,942,164,778
136,332,427,47,0.7431693989071039,0.5625823451910409,0.2905982905982906,0.9008438818565401,0.6528758720490724,0.4178187403993856,0.5976645435244161,942,183,759
161,356,400,25,0.8655913978494624,0.5291005291005291,0.3114119922630561,0.9411764705882353,0.6973459634749957,0.4580369843527738,0.5955414012738853,942,186,756
143,344,415,40,0.7814207650273224,0.546772068511199,0.2936344969199179,0.9120879120879121,0.6640964167692607,0.42686567164179107,0.5923566878980892,942,183,759
173,315,422,32,0.8439024390243902,0.5725915875169606,0.35450819672131145,0.9295154185022027,0.7082470132706754,0.49927849927849927,0.6316348195329087,942,205,737
147,354,411,30,0.8305084745762712,0.5372549019607843,0.2934131736526946,0.9319727891156463,0.6838816882685277,0.4336283185840708,0.5923566878980892,942,177,765
150,362,402,28,0.8426966292134831,0.5261780104712042,0.29296875,0.9348837209302325,0.6844373198423437,0.4347826086956521,0.5859872611464968,942,178,764
154,377,376,35,0.8148148148148148,0.49933598937583,0.2900188323917137,0.9148418491484185,0.6570754020953224,0.42777777777777776,0.5626326963906582,942,189,753
131,374,399,38,0.7751479289940828,0.5161707632600259,0.2594059405940594,0.9130434782608695,0.6456593461270543,0.3887240356083086,0.5626326963906582,942,169,773
147,336,432,27,0.8448275862068966,0.5625,0.30434782608695654,0.9411764705882353,0.7036637931034483,0.4474885844748859,0.6146496815286624,942,174,768
131,370,401,40,0.7660818713450293,0.5201037613488976,0.26147704590818366,0.909297052154195,0.6430928163469634,0.3898809523809524,0.564755838641189,942,171,771
126,319,468,29,0.8129032258064516,0.5946632782719187,0.28314606741573034,0.9416498993963782,0.7037832520391851,0.42000000000000004,0.6305732484076433,942,155,787
118,355,421,48,0.7108433734939759,0.5425257731958762,0.24947145877378435,0.8976545842217484,0.626684573344926,0.36932707355242567,0.5721868365180467,942,166,776
127,367,417,31,0.8037974683544303,0.5318877551020408,0.25708502024291496,0.9308035714285714,0.6678426117282356,0.38957055214723924,0.5774946921443737,942,158,784
147,363,400,32,0.8212290502793296,0.5242463958060288,0.28823529411764703,0.9259259259259259,0.6727377230426792,0.4267053701015965,0.5806794055201698,942,179,763
137,386,392,27,0.8353658536585366,0.5038560411311054,0.26195028680688337,0.9355608591885441,0.669610947394821,0.3988355167394469,0.5615711252653928,942,164,778
144,349,423,26,0.8470588235294118,0.5479274611398963,0.2920892494929006,0.9420935412026726,0.697493142334654,0.4343891402714933,0.6019108280254777,942,170,772
126,360,420,36,0.7777777777777778,0.5384615384615384,0.25925925925925924,0.9210526315789473,0.6581196581196581,0.3888888888888889,0.5796178343949044,942,162,780
134,367,406,35,0.7928994082840237,0.5252263906856404,0.26746506986027946,0.9206349206349206,0.659062899484832,0.4,0.5732484076433121,942,169,773
135,358,408,41,0.7670454545454546,0.5326370757180157,0.2738336713995943,0.9086859688195991,0.6498412651317351,0.4035874439461883,0.5764331210191083,942,176,766
128,374,412,28,0.8205128205128205,0.5241730279898219,0.2549800796812749,0.9363636363636364,0.6723429242513213,0.3890577507598784,0.5732484076433121,942,156,786
167,354,391,30,0.8477157360406091,0.5248322147651007,0.32053742802303264,0.9287410926365796,0.6862739754028548,0.4651810584958217,0.5923566878980892,942,197,745
141,356,410,35,0.8011363636363636,0.5352480417754569,0.2837022132796781,0.9213483146067416,0.6681922027059103,0.41901931649331353,0.5849256900212314,942,176,766
179,334,399,30,0.8564593301435407,0.5443383356070941,0.3489278752436647,0.9300699300699301,0.7003988328753175,0.49584487534626037,0.613588110403397,942,209,733
175,321,414,32,0.8454106280193237,0.563265306122449,0.3528225806451613,0.9282511210762332,0.7043379670708863,0.4978662873399716,0.6252653927813163,942,207,735
142,354,413,33,0.8114285714285714,0.5384615384615384,0.2862903225806452,0.9260089686098655,0.6749450549450549,0.4232488822652757,0.589171974522293,942,175,767
141,374,391,36,0.7966101694915254,0.5111111111111111,0.2737864077669903,0.9156908665105387,0.6538606403013183,0.407514450867052,0.564755838641189,942,177,765
159,367,383,33,0.828125,0.5106666666666667,0.30228136882129275,0.9206730769230769,0.6693958333333334,0.4428969359331475,0.5753715498938429,942,192,750
144,388,380,30,0.8275862068965517,0.4947916666666667,0.2706766917293233,0.926829268292683,0.6611889367816092,0.40793201133144474,0.5562632696390658,942,174,768
147,350,410,35,0.8076923076923077,0.5394736842105263,0.29577464788732394,0.9213483146067416,0.673582995951417,0.4329896907216495,0.5912951167728238,942,182,760
154,357,398,33,0.8235294117647058,0.5271523178807948,0.3013698630136986,0.9234338747099768,0.6753408648227504,0.44126074498567325,0.5859872611464968,942,187,755
171,343,403,25,0.8724489795918368,0.5402144772117963,0.3326848249027237,0.9415887850467289,0.7063317284018165,0.4816901408450704,0.6093418259023354,942,196,746
148,350,420,24,0.8604651162790697,0.5454545454545454,0.2971887550200803,0.9459459459459459,0.7029598308668076,0.44179104477611936,0.6029723991507431,942,172,770
147,368,398,29,0.8352272727272727,0.5195822454308094,0.2854368932038835,0.9320843091334895,0.6774047590790411,0.42547033285094066,0.578556263269639,942,176,766
138,335,433,36,0.7931034482758621,0.5638020833333334,0.2917547568710359,0.9232409381663113,0.6784527658045978,0.42658423493044817,0.6061571125265393,942,174,768
154,360,388,40,0.7938144329896907,0.5187165775401069,0.29961089494163423,0.9065420560747663,0.6562655052648988,0.43502824858757067,0.5753715498938429,942,194,748
157,350,404,31,0.8351063829787234,0.5358090185676393,0.3096646942800789,0.9287356321839081,0.6854577007731814,0.45179856115107914,0.5955414012738853,942,188,754
142,351,420,29,0.8304093567251462,0.5447470817120622,0.2880324543610548,0.9354120267260579,0.6875782192186042,0.427710843373494,0.5966029723991507,942,171,771
158,365,383,36,0.8144329896907216,0.5120320855614974,0.30210325047801145,0.9140811455847255,0.6632325376261095,0.4407252440725244,0.5743099787685775,942,194,748
156,351,398,37,0.8082901554404145,0.5313751668891856,0.3076923076923077,0.9149425287356322,0.6698326611648,0.44571428571428573,0.5881104033970276,942,193,749
137,370,408,27,0.8353658536585366,0.5244215938303342,0.2702169625246548,0.9379310344827586,0.6798937237444354,0.4083457526080477,0.578556263269639,942,164,778
124,382,402,34,0.7848101265822784,0.5127551020408163,0.2450592885375494,0.9220183486238532,0.6487826143115474,0.3734939759036145,0.5583864118895966,942,158,784
151,353,399,39,0.7947368421052632,0.5305851063829787,0.2996031746031746,0.910958904109589,0.662660974244121,0.43515850144092216,0.583864118895966,942,190,752
136,318,446,42,0.7640449438202247,0.5837696335078534,0.29955947136563876,0.9139344262295082,0.673907288664039,0.43037974683544306,0.6178343949044586,942,178,764
143,353,417,29,0.8313953488372093,0.5415584415584416,0.28830645161290325,0.9349775784753364,0.6864768951978255,0.42814371257485034,0.5944798301486199,942,172,770
154,361,387,40,0.7938144329896907,0.517379679144385,0.29902912621359223,0.9063231850117096,0.6555970560670379,0.43441466854724964,0.5743099787685775,942,194,748
127,356,419,40,0.7604790419161677,0.5406451612903226,0.2629399585921325,0.9128540305010894,0.6505621016032451,0.39076923076923076,0.5796178343949044,942,167,775
136,375,394,37,0.7861271676300579,0.5123537061118335,0.26614481409001955,0.91415313225058,0.6492404368709457,0.3976608187134503,0.5626326963906582,942,173,769
145,346,416,35,0.8055555555555556,0.5459317585301837,0.2953156822810591,0.9223946784922394,0.6757436570428696,0.4321907600596126,0.5955414012738853,942,180,762
156,329,416,41,0.7918781725888325,0.5583892617449664,0.3216494845360825,0.9102844638949672,0.6751337171668994,0.4574780058651026,0.6072186836518046,942,197,745
140,366,399,37,0.7909604519774012,0.5215686274509804,0.2766798418972332,0.9151376146788991,0.6562645397141909,0.4099560761346999,0.5721868365180467,942,177,765
147,363,394,38,0.7945945945945946,0.5204755614266843,0.28823529411764703,0.9120370370370371,0.6575350780106395,0.4230215827338129,0.5743099787685775,942,185,757
148,363,408,23,0.8654970760233918,0.5291828793774319,0.2896281800391389,0.9466357308584686,0.6973399777004119,0.4340175953079179,0.5902335456475584,942,171,771
134,354,430,24,0.8481012658227848,0.548469387755102,0.27459016393442626,0.947136563876652,0.6982853267889434,0.4148606811145511,0.5987261146496815,942,158,784
158,348,411,25,0.8633879781420765,0.541501976284585,0.31225296442687744,0.9426605504587156,0.7024449772133308,0.4586357039187227,0.6040339702760085,942,183,759
111,357,445,29,0.7928571428571428,0.5548628428927681,0.23717948717948717,0.9388185654008439,0.6738599928749555,0.3651315789473684,0.5902335456475584,942,140,802
153,336,421,32,0.827027027027027,0.5561426684280053,0.3128834355828221,0.9293598233995585,0.6915848477275162,0.45400593471810097,0.6093418259023354,942,185,757
152,373,387,30,0.8351648351648352,0.5092105263157894,0.2895238095238095,0.9280575539568345,0.6721876807403123,0.42998585572843,0.5721868365180467,942,182,760
142,368,395,37,0.7932960893854749,0.5176933158584535,0.2784313725490196,0.9143518518518519,0.6554947026219642,0.4121915820029028,0.5700636942675159,942,179,763
140,351,405,46,0.7526881720430108,0.5357142857142857,0.285132382892057,0.8980044345898004,0.6442012288786483,0.413589364844904,0.578556263269639,942,186,756
141,352,412,37,0.7921348314606742,0.5392670157068062,0.28600405679513186,0.9175946547884187,0.6657009235837402,0.4202682563338301,0.5870488322717622,942,178,764
149,334,425,34,0.8142076502732241,0.5599472990777339,0.3084886128364389,0.9259259259259259,0.687077474675479,0.4474474474474475,0.6093418259023354,942,183,759
132,345,430,35,0.7904191616766467,0.5548387096774193,0.27672955974842767,0.9247311827956989,0.672628935677033,0.40993788819875776,0.5966029723991507,942,167,775
133,367,408,34,0.7964071856287425,0.5264516129032258,0.266,0.9230769230769231,0.6614293992659841,0.39880059970014997,0.5743099787685775,942,167,775
135,356,415,36,0.7894736842105263,0.5382619974059663,0.27494908350305497,0.9201773835920177,0.6638678408082463,0.40785498489425975,0.583864118895966,942,171,771
140,352,417,33,0.8092485549132948,0.5422626788036411,0.2845528455284553,0.9266666666666666,0.675755616858468,0.4210526315789474,0.5912951167728238,942,173,769
143,352,404,43,0.7688172043010753,0.5343915343915344,0.28888888888888886,0.9038031319910514,0.6516043693463048,0.4199706314243758,0.5806794055201698,942,186,756
139,335,439,29,0.8273809523809523,0.5671834625322998,0.29324894514767935,0.938034188034188,0.6972822074566261,0.43302180685358255,0.613588110403397,942,168,774
139,347,430,26,0.8424242424242424,0.5534105534105535,0.28600823045267487,0.9429824561403509,0.6979173979173979,0.4270353302611367,0.6040339702760085,942,165,777
133,363,402,44,0.751412429378531,0.5254901960784314,0.26814516129032256,0.9013452914798207,0.6384513127284812,0.39524517087667155,0.5679405520169851,942,177,765
139,350,416,37,0.7897727272727273,0.5430809399477807,0.2842535787321063,0.9183222958057395,0.666426833610254,0.4180451127819549,0.589171974522293,942,176,766
144,376,394,28,0.8372093023255814,0.5116883116883116,0.27692307692307694,0.933649289099526,0.6744488070069465,0.4161849710982659,0.5711252653927813,942,172,770
138,337,434,33,0.8070175438596491,0.562905317769131,0.2905263157894737,0.9293361884368309,0.6849614308143901,0.42724458204334365,0.6072186836518046,942,171,771
135,344,432,31,0.8132530120481928,0.5567010309278351,0.2818371607515658,0.9330453563714903,0.684977021488014,0.41860465116279066,0.6019108280254777,942,166,776
152,359,385,46,0.7676767676767676,0.5174731182795699,0.2974559686888454,0.8932714617169374,0.6425749429781688,0.4287729196050775,0.5700636942675159,942,198,744
133,349,428,32,0.806060606060606,0.5508365508365508,0.27593360995850624,0.9304347826086956,0.6784485784485784,0.41112828438949,0.5955414012738853,942,165,777
152,368,384,38,0.8,0.5106382978723404,0.2923076923076923,0.909952606635071,0.6553191489361703,0.428169014084507,0.5690021231422505,942,190,752
150,356,401,35,0.8108108108108109,0.5297225891677675,0.2964426877470356,0.9197247706422018,0.6702666999892892,0.43415340086830684,0.5849256900212314,942,185,757
169,338,401,34,0.8325123152709359,0.5426251691474966,0.3333333333333333,0.9218390804597701,0.6875687422092163,0.47605633802816905,0.6050955414012739,942,203,739
134,356,411,41,0.7657142857142857,0.5358539765319427,0.27346938775510204,0.9092920353982301,0.6507841311231142,0.4030075187969925,0.578556263269639,942,175,767
151,322,429,40,0.7905759162303665,0.5712383488681758,0.3192389006342495,0.9147121535181236,0.6809071325492712,0.45481927710843373,0.6157112526539278,942,191,751
133,366,405,38,0.7777777777777778,0.5252918287937743,0.2665330661322645,0.9142212189616253,0.6515348032857761,0.3970149253731343,0.5711252653927813,942,171,771
143,343,417,39,0.7857142857142857,0.5486842105263158,0.294238683127572,0.9144736842105263,0.6671992481203007,0.4281437125748503,0.5944798301486199,942,182,760
125,375,411,31,0.8012820512820513,0.5229007633587787,0.25,0.9298642533936652,0.6620914073204149,0.38109756097560976,0.5690021231422505,942,156,786
159,345,410,28,0.8502673796791443,0.543046357615894,0.31547619047619047,0.9360730593607306,0.6966568686475192,0.46020260492040516,0.6040339702760085,942,187,755
144,358,405,35,0.8044692737430168,0.5307994757536042,0.2868525896414343,0.9204545454545454,0.6676343747483104,0.42290748898678415,0.5828025477707006,942,179,763
127,362,419,34,0.7888198757763976,0.5364916773367477,0.25971370143149286,0.9249448123620309,0.6626557765565726,0.3907692307692308,0.5796178343949044,942,161,781
136,367,412,27,0.8343558282208589,0.5288831835686778,0.27037773359840955,0.9384965831435079,0.6816195058947683,0.4084084084084084,0.5817409766454352,942,163,779
159,341,410,32,0.8324607329842932,0.5459387483355526,0.318,0.9276018099547512,0.6891997406599228,0.46020260492040516,0.6040339702760085,942,191,751
163,339,397,43,0.7912621359223301,0.5394021739130435,0.3247011952191235,0.9022727272727272,0.6653321549176867,0.46045197740112986,0.5944798301486199,942,206,736
149,339,434,20,0.8816568047337278,0.5614489003880984,0.305327868852459,0.9559471365638766,0.7215528525609131,0.4535768645357686,0.618895966029724,942,169,773
134,367,404,37,0.783625730994152,0.5239948119325551,0.26746506986027946,0.9160997732426304,0.6538102714633536,0.39880952380952384,0.5711252653927813,942,171,771
156,335,412,39,0.8,0.5515394912985274,0.31771894093686354,0.9135254988913526,0.6757697456492637,0.45481049562682213,0.6029723991507431,942,195,747
126,377,416,23,0.8456375838926175,0.5245901639344263,0.2504970178926441,0.9476082004555809,0.6851138739135219,0.38650306748466257,0.5753715498938429,942,149,793
127,371,410,34,0.7888198757763976,0.5249679897567221,0.25502008032128515,0.9234234234234234,0.6568939327665598,0.38543247344461307,0.5700636942675159,942,161,781
120,345,436,41,0.7453416149068323,0.558258642765685,0.25806451612903225,0.9140461215932913,0.6518001288362587,0.3833865814696486,0.5902335456475584,942,161,781
133,351,430,28,0.8260869565217391,0.5505761843790012,0.27479338842975204,0.9388646288209607,0.6883315704503702,0.41240310077519376,0.5976645435244161,942,161,781
155,382,374,31,0.8333333333333334,0.4947089947089947,0.2886405959031657,0.9234567901234568,0.6640211640211641,0.42876901798063627,0.5615711252653928,942,186,756
152,363,392,35,0.8128342245989305,0.519205298013245,0.29514563106796116,0.9180327868852459,0.6660197613060878,0.43304843304843305,0.5774946921443737,942,187,755
149,359,402,32,0.8232044198895028,0.5282522996057819,0.2933070866141732,0.9262672811059908,0.6757283597476423,0.432510885341074,0.5849256900212314,942,181,761
159,329,429,25,0.8641304347826086,0.5659630606860159,0.32581967213114754,0.9449339207048458,0.7150467477343123,0.47321428571428575,0.6242038216560509,942,184,758
155,345,412,30,0.8378378378378378,0.5442536327608983,0.31,0.9321266968325792,0.6910457352993681,0.4525547445255475,0.6019108280254777,942,185,757
136,364,409,33,0.8047337278106509,0.5291073738680466,0.272,0.9253393665158371,0.6669205508393488,0.40657698056801206,0.578556263269639,942,169,773
137,353,423,29,0.8253012048192772,0.5451030927835051,0.2795918367346939,0.9358407079646017,0.6852021488013911,0.41768292682926833,0.5944798301486199,942,166,776
122,346,431,43,0.7393939393939394,0.5546975546975547,0.2606837606837607,0.9092827004219409,0.647045747045747,0.3854660347551343,0.5870488322717622,942,165,777
158,351,408,25,0.8633879781420765,0.5375494071146245,0.3104125736738703,0.9422632794457275,0.7004686926283505,0.4566473988439307,0.6008492569002123,942,183,759
134,376,391,41,0.7657142857142857,0.5097783572359843,0.2627450980392157,0.9050925925925926,0.637746321475135,0.39124087591240875,0.5573248407643312,942,175,767
170,324,413,35,0.8292682926829268,0.5603799185888738,0.3441295546558704,0.921875,0.6948241056359004,0.4864091559370529,0.618895966029724,942,205,737
149,352,413,28,0.8418079096045198,0.5398692810457516,0.29740518962075846,0.9365079365079365,0.6908385953251357,0.43952802359882004,0.5966029723991507,942,177,765
161,361,385,35,0.8214285714285714,0.5160857908847185,0.30842911877394635,0.9166666666666666,0.668757181156645,0.44846796657381616,0.5796178343949044,942,196,746
127,334,445,36,0.7791411042944786,0.5712451861360719,0.2754880694143167,0.9251559251559252,0.6751931452152753,0.4070512820512821,0.6072186836518046,942,163,779
125,365,417,35,0.78125,0.5332480818414322,0.25510204081632654,0.922566371681416,0.6572490409207161,0.38461538461538464,0.5753715498938429,942,160,782
147,355,409,31,0.8258426966292135,0.5353403141361257,0.29282868525896416,0.9295454545454546,0.6805915053826697,0.4323529411764706,0.5902335456475584,942,178,764
135,353,427,27,0.8333333333333334,0.5474358974358975,0.2766393442622951,0.9405286343612335,0.6903846153846154,0.4153846153846154,0.5966029723991507,942,162,780
142,355,410,35,0.8022598870056498,0.5359477124183006,0.2857142857142857,0.9213483146067416,0.6691037997119752,0.42136498516320475,0.5859872611464968,942,177,765
132,363,427,20,0.868421052631579,0.540506329113924,0.26666666666666666,0.9552572706935123,0.7044636908727515,0.4080370942812983,0.5934182590233545,942,152,790
143,366,405,28,0.8362573099415205,0.5252918287937743,0.28094302554027506,0.9353348729792148,0.6807745693676475,0.42058823529411765,0.5817409766454352,942,171,771
150,375,388,29,0.8379888268156425,0.508519003931848,0.2857142857142857,0.9304556354916067,0.6732539153737452,0.42613636363636365,0.5711252653927813,942,179,763
142,361,410,29,0.8304093567251462,0.5317769130998703,0.2823061630218688,0.9339407744874715,0.6810931349125082,0.4213649851632048,0.5859872611464968,942,171,771
126,381,397,38,0.7682926829268293,0.5102827763496144,0.2485207100591716,0.9126436781609195,0.6392877296382218,0.3755588673621461,0.5552016985138004,942,164,778
154,346,412,30,0.8369565217391305,0.5435356200527705,0.308,0.9321266968325792,0.6902460708959505,0.4502923976608187,0.6008492569002123,942,184,758
141,341,434,26,0.844311377245509,0.56,0.2925311203319502,0.9434782608695652,0.7021556886227545,0.4345146379044684,0.6104033970276008,942,167,775
137,363,404,38,0.7828571428571428,0.5267275097783573,0.274,0.9140271493212669,0.65479232631775,0.40592592592592586,0.5743099787685775,942,175,767
141,342,430,29,0.8294117647058824,0.5569948186528497,0.2919254658385093,0.9368191721132898,0.693203291679366,0.43185298621745793,0.6061571125265393,942,170,772
137,369,406,30,0.8203592814371258,0.5238709677419355,0.2707509881422925,0.9311926605504587,0.6721151245895307,0.4071322436849925,0.5764331210191083,942,167,775
144,359,413,26,0.8470588235294118,0.5349740932642487,0.28628230616302186,0.9407744874715261,0.6910164583968302,0.4279346210995542,0.5912951167728238,942,170,772
144,350,418,30,0.8275862068965517,0.5442708333333334,0.291497975708502,0.9330357142857143,0.6859285201149425,0.43113772455089816,0.5966029723991507,942,174,768
143,375,395,29,0.8313953488372093,0.512987012987013,0.27606177606177607,0.9316037735849056,0.6721911809121112,0.4144927536231883,0.5711252653927813,942,172,770
158,368,381,35,0.8186528497409327,0.5086782376502003,0.30038022813688214,0.9158653846153846,0.6636655436955665,0.43949930458970793,0.5721868365180467,942,193,749
136,358,424,24,0.85,0.5421994884910486,0.27530364372469635,0.9464285714285714,0.6960997442455243,0.41590214067278286,0.5944798301486199,942,160,782
151,352,405,34,0.8162162162162162,0.535006605019815,0.30019880715705766,0.9225512528473804,0.6756114106180156,0.43895348837209297,0.5902335456475584,942,185,757
140,380,384,38,0.7865168539325843,0.5026178010471204,0.2692307692307692,0.909952606635071,0.6445673274898523,0.40114613180515757,0.5562632696390658,942,178,764
151,377,385,29,0.8388888888888889,0.505249343832021,0.2859848484848485,0.9299516908212561,0.672069116360455,0.4265536723163842,0.5690021231422505,942,180,762
117,368,419,38,0.7548387096774194,0.5324015247776366,0.24123711340206186,0.9168490153172867,0.643620117227528,0.365625,0.5690021231422505,942,155,787
144,360,400,38,0.7912087912087912,0.5263157894736842,0.2857142857142857,0.91324200913242,0.6587622903412377,0.4198250728862974,0.5774946921443737,942,182,760
147,340,424,31,0.8258426966292135,0.5549738219895288,0.30184804928131415,0.9318681318681319,0.6904082593093712,0.4421052631578947,0.6061571125265393,942,178,764
155,332,414,41,0.7908163265306123,0.5549597855227882,0.3182751540041068,0.9098901098901099,0.6728880560267003,0.45387994143484633,0.6040339702760085,942,196,746
128,350,435,29,0.8152866242038217,0.554140127388535,0.26778242677824265,0.9375,0.6847133757961783,0.40314960629921254,0.5976645435244161,942,157,785
148,346,412,36,0.8043478260869565,0.5435356200527705,0.29959514170040485,0.9196428571428571,0.6739417230698634,0.4365781710914455,0.5944798301486199,942,184,758
144,353,414,31,0.8228571428571428,0.5397653194263363,0.289738430583501,0.9303370786516854,0.6813112311417395,0.42857142857142855,0.5923566878980892,942,175,767
157,362,390,33,0.8263157894736842,0.5186170212765957,0.302504816955684,0.9219858156028369,0.6724664053751399,0.44287729196050774,0.5806794055201698,942,190,752
147,348,417,30,0.8305084745762712,0.5450980392156862,0.296969696969697,0.9328859060402684,0.6878032568959787,0.43750000000000006,0.5987261146496815,942,177,765
140,360,399,43,0.7650273224043715,0.525691699604743,0.28,0.9027149321266968,0.6453595110045574,0.40995607613469986,0.5721868365180467,942,183,759
139,359,407,37,0.7897727272727273,0.5313315926892951,0.2791164658634538,0.9166666666666666,0.6605521599810111,0.4124629080118694,0.5796178343949044,942,176,766
140,348,425,29,0.8284023668639053,0.5498059508408797,0.28688524590163933,0.9361233480176211,0.6891041588523925,0.426179604261796,0.5997876857749469,942,169,773
171,333,406,32,0.8423645320197044,0.5493910690121786,0.3392857142857143,0.9269406392694064,0.6958778005159415,0.48373408769448384,0.6125265392781316,942,203,739
141,328,420,53,0.7268041237113402,0.5614973262032086,0.3006396588486141,0.8879492600422833,0.6441507249572744,0.42533936651583715,0.5955414012738853,942,194,748
148,353,406,35,0.8087431693989071,0.5349143610013175,0.2954091816367265,0.9206349206349206,0.6718287652001123,0.4327485380116958,0.5881104033970276,942,183,759
131,371,405,35,0.7891566265060241,0.5219072164948454,0.26095617529880477,0.9204545454545454,0.6555319215004347,0.39221556886227543,0.5690021231422505,942,166,776
146,351,408,37,0.7978142076502732,0.5375494071146245,0.2937625754527163,0.9168539325842696,0.6676818073824489,0.4294117647058824,0.5881104033970276,942,183,759
140,339,432,31,0.8187134502923976,0.5603112840466926,0.29227557411273486,0.9330453563714903,0.6895123671695451,0.43076923076923074,0.6072186836518046,942,171,771
154,337,418,33,0.8235294117647058,0.5536423841059602,0.3136456211812627,0.926829268292683,0.688585897935333,0.4542772861356932,0.6072186836518046,942,187,755
153,341,403,45,0.7727272727272727,0.5416666666666666,0.3097165991902834,0.8995535714285714,0.6571969696969697,0.44219653179190754,0.5902335456475584,942,198,744
137,348,421,36,0.791907514450867,0.5474642392717816,0.2824742268041237,0.9212253829321663,0.6696858768613243,0.41641337386018235,0.5923566878980892,942,173,769
139,367,392,44,0.7595628415300546,0.5164690382081687,0.274703557312253,0.8990825688073395,0.6380159398691116,0.4034833091436866,0.5636942675159236,942,183,759
149,340,420,33,0.8186813186813187,0.5526315789473685,0.3047034764826176,0.9271523178807947,0.6856564488143435,0.44411326378539495,0.6040339702760085,942,182,760
151,327,434,30,0.8342541436464088,0.5703022339027596,0.3158995815899582,0.9353448275862069,0.7022781887745841,0.4582701062215478,0.6210191082802548,942,181,761
158,339,413,32,0.8315789473684211,0.5492021276595744,0.317907444668008,0.9280898876404494,0.6903905375139978,0.4599708879184861,0.6061571125265393,942,190,752
134,368,417,23,0.8535031847133758,0.5312101910828025,0.26693227091633465,0.9477272727272728,0.6923566878980891,0.40667678300455234,0.5849256900212314,942,157,785
140,333,428,41,0.7734806629834254,0.5624178712220762,0.2959830866807611,0.9125799573560768,0.6679492671027508,0.42813455657492355,0.6029723991507431,942,181,761
145,365,405,27,0.8430232558139535,0.525974025974026,0.28431372549019607,0.9375,0.6844986408939897,0.4252199413489736,0.583864118895966,942,172,770
148,370,388,36,0.8043478260869565,0.5118733509234829,0.2857142857142857,0.9150943396226415,0.6581105885052196,0.42165242165242167,0.5690021231422505,942,184,758
117,378,412,35,0.7697368421052632,0.5215189873417722,0.23636363636363636,0.9217002237136466,0.6456279147235177,0.3616692426584235,0.5615711252653928,942,152,790
143,349,410,40,0.7814207650273224,0.5401844532279315,0.29065040650406504,0.9111111111111111,0.6608026091276269,0.42370370370370364,0.5870488322717622,942,183,759
123,386,397,36,0.7735849056603774,0.5070242656449553,0.24165029469548133,0.9168591224018475,0.6403045856526663,0.36826347305389223,0.5520169851380042,942,159,783
147,347,412,36,0.8032786885245902,0.5428194993412385,0.2975708502024291,0.9196428571428571,0.6730490939329143,0.4342688330871492,0.5934182590233545,942,183,759
138,370,407,27,0.8363636363636363,0.5238095238095238,0.27165354330708663,0.9377880184331797,0.6800865800865801,0.4101040118870728,0.578556263269639,942,165,777
164,338,399,41,0.8,0.5413839891451832,0.32669322709163345,0.9068181818181819,0.6706919945725915,0.46393210749646396,0.5976645435244161,942,205,737
159,374,372,37,0.8112244897959183,0.49865951742627346,0.29831144465290804,0.9095354523227384,0.6549420036110959,0.4362139917695472,0.5636942675159236,942,196,746
123,350,436,33,0.7884615384615384,0.55470737913486,0.26004228329809725,0.929637526652452,0.6715844587981992,0.3910969793322735,0.5934182590233545,942,156,786
127,366,418,31,0.8037974683544303,0.5331632653061225,0.25760649087221094,0.9309576837416481,0.6684803668302763,0.39016897081413204,0.578556263269639,942,158,784
150,342,418,32,0.8241758241758241,0.55,0.3048780487804878,0.9288888888888889,0.6870879120879121,0.4451038575667655,0.6029723991507431,942,182,760
137,364,405,36,0.791907514450867,0.5266579973992198,0.27345309381237526,0.9183673469387755,0.6592827559250434,0.4065281899109792,0.5753715498938429,942,173,769
127,382,397,36,0.7791411042944786,0.5096277278562259,0.24950884086444008,0.9168591224018475,0.6443844160753522,0.3779761904761905,0.5562632696390658,942,163,779
151,362,398,31,0.8296703296703297,0.5236842105263158,0.29434697855750486,0.9277389277389277,0.6766772700983228,0.4345323741007194,0.5828025477707006,942,182,760
142,360,406,34,0.8068181818181818,0.5300261096605744,0.28286852589641437,0.9227272727272727,0.6684221457393781,0.41887905604719766,0.5817409766454352,942,176,766
140,369,392,41,0.7734806629834254,0.5151116951379764,0.275049115913556,0.9053117782909931,0.6442961790607009,0.4057971014492754,0.564755838641189,942,181,761
143,367,403,29,0.8313953488372093,0.5233766233766234,0.2803921568627451,0.9328703703703703,0.6773859861069164,0.41935483870967744,0.5796178343949044,942,172,770
133,354,430,25,0.8417721518987342,0.548469387755102,0.2731006160164271,0.945054945054945,0.6951207698269182,0.41240310077519376,0.5976645435244161,942,158,784
157,344,406,35,0.8177083333333334,0.5413333333333333,0.313373253493014,0.9206349206349206,0.6795208333333334,0.4531024531024531,0.5976645435244161,942,192,750
154,334,414,40,0.7938144329896907,0.553475935828877,0.3155737704918033,0.9118942731277533,0.6736451844092839,0.4516129032258065,0.6029723991507431,942,194,748
145,352,408,37,0.7967032967032966,0.5368421052631579,0.2917505030181087,0.9168539325842696,0.6667727009832273,0.4270986745213549,0.5870488322717622,942,182,760
146,375,393,28,0.8390804597701149,0.51171875,0.2802303262955854,0.9334916864608076,0.6753996048850575,0.42014388489208637,0.5721868365180467,942,174,768
130,382,395,35,0.7878787878787878,0.5083655083655083,0.25390625,0.9186046511627907,0.6481221481221481,0.38404726735598227,0.5573248407643312,942,165,777
123,351,430,38,0.7639751552795031,0.5505761843790012,0.25949367088607594,0.9188034188034188,0.6572756698292521,0.3874015748031496,0.5870488322717622,942,161,781
120,378,412,32,0.7894736842105263,0.5215189873417722,0.24096385542168675,0.9279279279279279,0.6554963357761492,0.3692307692307692,0.564755838641189,942,152,790
147,357,398,40,0.786096256684492,0.5271523178807948,0.2916666666666667,0.908675799086758,0.6566242872826433,0.42547033285094066,0.578556263269639,942,187,755
162,346,395,39,0.8059701492537313,0.5330634278002699,0.3188976377952756,0.9101382488479263,0.6695167885270006,0.45698166431593795,0.5912951167728238,942,201,741
150,342,413,37,0.8021390374331551,0.5470198675496689,0.3048780487804878,0.9177777777777778,0.6745794524914119,0.4418262150220913,0.5976645435244161,942,187,755
125,338,453,26,0.8278145695364238,0.572692793931732,0.26997840172786175,0.9457202505219207,0.7002536817340779,0.40716612377850164,0.613588110403397,942,151,791
154,338,416,34,0.8191489361702128,0.5517241379310345,0.3130081300813008,0.9244444444444444,0.6854365370506237,0.45294117647058824,0.6050955414012739,942,188,754
138,381,392,31,0.8165680473372781,0.5071151358344114,0.2658959537572254,0.9267139479905437,0.6618415915858447,0.4011627906976744,0.5626326963906582,942,169,773
139,360,403,40,0.776536312849162,0.528178243774574,0.2785571142284569,0.909706546275395,0.6523572783118681,0.41002949852507375,0.5753715498938429,942,179,763
134,355,422,31,0.8121212121212121,0.5431145431145431,0.2740286298568507,0.9315673289183223,0.6776178776178776,0.40978593272171254,0.5902335456475584,942,165,777
145,345,412,40,0.7837837837837838,0.5442536327608983,0.29591836734693877,0.911504424778761,0.664018708272341,0.42962962962962964,0.5912951167728238,942,185,757
143,328,440,31,0.8218390804597702,0.5729166666666666,0.3036093418259023,0.9341825902335457,0.6973778735632183,0.4434108527131783,0.618895966029724,942,174,768
144,374,389,35,0.8044692737430168,0.509829619921363,0.277992277992278,0.9174528301886793,0.6571494468321899,0.4131994261119082,0.5658174097664543,942,179,763
137,330,451,24,0.8509316770186336,0.5774647887323944,0.29336188436830835,0.9494736842105264,0.714198232875514,0.4363057324840764,0.6242038216560509,942,161,781
133,359,417,33,0.8012048192771084,0.5373711340206185,0.2703252032520325,0.9266666666666666,0.6692879766488635,0.4042553191489362,0.583864118895966,942,166,776
154,353,408,27,0.850828729281768,0.5361366622864652,0.3037475345167653,0.9379310344827586,0.6934826957841166,0.4476744186046511,0.5966029723991507,942,181,761
148,340,423,31,0.8268156424581006,0.5543905635648755,0.30327868852459017,0.9317180616740088,0.6906031030114881,0.44377811094452774,0.6061571125265393,942,179,763
138,347,421,36,0.7931034482758621,0.5481770833333334,0.2845360824742268,0.9212253829321663,0.6706402658045978,0.41881638846737484,0.5934182590233545,942,174,768
126,356,432,28,0.8181818181818182,0.5482233502538071,0.26141078838174275,0.9391304347826087,0.6832025842178127,0.39622641509433965,0.5923566878980892,942,154,788
161,357,394,30,0.8429319371727748,0.5246338215712384,0.3108108108108108,0.9292452830188679,0.6837828793720067,0.4541607898448519,0.589171974522293,942,191,751
142,337,429,34,0.8068181818181818,0.5600522193211488,0.2964509394572025,0.9265658747300216,0.6834352005696653,0.43358778625954203,0.6061571125265393,942,176,766
148,356,405,33,0.8176795580110497,0.5321944809461235,0.29365079365079366,0.9246575342465754,0.6749370194785866,0.4321167883211679,0.5870488322717622,942,181,761
153,315,448,26,0.8547486033519553,0.5871559633027523,0.3269230769230769,0.9451476793248945,0.7209522833273538,0.4729520865533231,0.638004246284501,942,179,763
134,357,410,41,0.7657142857142857,0.5345501955671447,0.2729124236252546,0.9090909090909091,0.6501322406407152,0.4024024024024024,0.5774946921443737,942,175,767
143,357,410,32,0.8171428571428572,0.5345501955671447,0.286,0.9276018099547512,0.6758465263550009,0.42370370370370364,0.5870488322717622,942,175,767
145,351,416,30,0.8285714285714286,0.5423728813559322,0.2923387096774194,0.9327354260089686,0.6854721549636804,0.43219076005961254,0.5955414012738853,942,175,767
167,352,391,32,0.8391959798994975,0.5262449528936743,0.3217726396917148,0.9243498817966903,0.6827204663965859,0.4651810584958217,0.5923566878980892,942,199,743
132,385,394,31,0.8098159509202454,0.5057766367137355,0.2553191489361702,0.9270588235294117,0.6577962938169905,0.38823529411764707,0.5583864118895966,942,163,779
140,352,412,38,0.7865168539325843,0.5392670157068062,0.2845528455284553,0.9155555555555556,0.6628919348196953,0.417910447761194,0.5859872611464968,942,178,764
128,363,418,33,0.7950310559006211,0.5352112676056338,0.2606924643584521,0.926829268292683,0.6651211617531274,0.3926380368098159,0.5796178343949044,942,161,781
137,359,407,39,0.7784090909090909,0.5313315926892951,0.2762096774193548,0.9125560538116592,0.654870341799193,0.4077380952380952,0.5774946921443737,942,176,766
162,350,402,28,0.8526315789473684,0.5345744680851063,0.31640625,0.9348837209302325,0.6936030235162374,0.46153846153846156,0.5987261146496815,942,190,752
152,337,421,32,0.8260869565217391,0.5554089709762533,0.310838445807771,0.9293598233995585,0.6907479637489962,0.4517087667161962,0.60828025477707,942,184,758
156,351,403,32,0.8297872340425532,0.5344827586206896,0.3076923076923077,0.9264367816091954,0.6821349963316214,0.4489208633093525,0.5934182590233545,942,188,754
135,346,429,32,0.8083832335329342,0.5535483870967742,0.2806652806652807,0.93058568329718,0.6809658103148541,0.4166666666666667,0.5987261146496815,942,167,775
147,372,389,34,0.8121546961325967,0.5111695137976346,0.2832369942196532,0.9196217494089834,0.6616621049651157,0.4200000000000001,0.5690021231422505,942,181,761
137,360,414,31,0.8154761904761905,0.5348837209302325,0.27565392354124746,0.9303370786516854,0.6751799557032114,0.4120300751879699,0.5849256900212314,942,168,774
139,351,414,38,0.7853107344632768,0.5411764705882353,0.2836734693877551,0.915929203539823,0.663243602525756,0.416791604197901,0.5870488322717622,942,177,765
163,345,396,38,0.8109452736318408,0.5344129554655871,0.32086614173228345,0.9124423963133641,0.6726791145487139,0.4598025387870239,0.5934182590233545,942,201,741
144,345,407,46,0.7578947368421053,0.5412234042553191,0.294478527607362,0.8984547461368654,0.6495590705487122,0.4241531664212077,0.5849256900212314,942,190,752
138,363,406,35,0.7976878612716763,0.5279583875162549,0.2754491017964072,0.9206349206349206,0.6628231243939656,0.4094955489614243,0.5774946921443737,942,173,769
129,366,404,43,0.75,0.5246753246753246,0.2606060606060606,0.9038031319910514,0.6373376623376623,0.38680659670164913,0.5658174097664543,942,172,770
161,366,377,38,0.8090452261306532,0.5074024226110363,0.3055028462998102,0.908433734939759,0.6582238243708447,0.443526170798898,0.5711252653927813,942,199,743
131,362,410,39,0.7705882352941177,0.5310880829015544,0.2657200811359026,0.9131403118040089,0.650838159097836,0.39517345399698334,0.5743099787685775,942,170,772
158,328,413,43,0.7860696517412935,0.5573549257759784,0.32510288065843623,0.9057017543859649,0.671712288758636,0.45997088791848617,0.6061571125265393,942,201,741
144,337,416,45,0.7619047619047619,0.5524568393094289,0.2993762993762994,0.9023861171366594,0.6571808006070954,0.4298507462686567,0.5944798301486199,942,189,753
144,367,402,29,0.8323699421965318,0.5227568270481144,0.28180039138943247,0.9327146171693735,0.6775633846223231,0.4210526315789474,0.5796178343949044,942,173,769
156,356,399,31,0.8342245989304813,0.528476821192053,0.3046875,0.9279069767441861,0.6813507100612671,0.4463519313304721,0.589171974522293,942,187,755
127,353,424,38,0.7696969696969697,0.5456885456885456,0.26458333333333334,0.9177489177489178,0.6576927576927576,0.3937984496124031,0.5849256900212314,942,165,777
146,350,410,36,0.8021978021978022,0.5394736842105263,0.29435483870967744,0.9192825112107623,0.6708357432041643,0.43067846607669613,0.5902335456475584,942,182,760
139,332,430,41,0.7722222222222223,0.5643044619422573,0.2951167728237792,0.9129511677282378,0.6682633420822397,0.42703533026113666,0.6040339702760085,942,180,762
140,347,430,25,0.8484848484848485,0.5534105534105535,0.2874743326488706,0.945054945054945,0.700947700947701,0.4294478527607362,0.6050955414012739,942,165,777
136,377,393,36,0.7906976744186046,0.5103896103896104,0.2651072124756335,0.916083916083916,0.6505436424041076,0.39708029197080286,0.5615711252653928,942,172,770
156,350,409,27,0.8524590163934426,0.538866930171278,0.308300395256917,0.9380733944954128,0.6956629732823603,0.4528301886792453,0.5997876857749469,942,183,759
153,341,415,33,0.8225806451612904,0.548941798941799,0.3097165991902834,0.9263392857142857,0.6857612220515447,0.44999999999999996,0.6029723991507431,942,186,756
145,368,393,36,0.8011049723756906,0.5164257555847569,0.2826510721247563,0.916083916083916,0.6587653639802238,0.41786743515850144,0.5711252653927813,942,181,761
166,378,372,26,0.8645833333333334,0.496,0.30514705882352944,0.9346733668341709,0.6802916666666667,0.45108695652173914,0.5711252653927813,942,192,750
148,350,417,27,0.8457142857142858,0.5436766623207301,0.2971887550200803,0.9391891891891891,0.694695474017508,0.4398216939078751,0.5997876857749469,942,175,767
151,336,408,47,0.7626262626262627,0.5483870967741935,0.31006160164271046,0.8967032967032967,0.655506679700228,0.4408759124087592,0.5934182590233545,942,198,744
170,353,391,28,0.8585858585858586,0.5255376344086021,0.32504780114722753,0.9331742243436754,0.6920617464972303,0.4715672676837725,0.5955414012738853,942,198,744
128,369,410,35,0.7852760736196319,0.5263157894736842,0.2575452716297787,0.9213483146067416,0.655795931546658,0.38787878787878793,0.5711252653927813,942,163,779
142,373,389,38,0.7888888888888889,0.510498687664042,0.2757281553398058,0.9110070257611241,0.6496937882764655,0.40863309352517985,0.5636942675159236,942,180,762
136,366,422,18,0.8831168831168831,0.5355329949238579,0.27091633466135456,0.9590909090909091,0.7093249390203704,0.41463414634146334,0.5923566878980892,942,154,788
138,360,407,37,0.7885714285714286,0.530638852672751,0.27710843373493976,0.9166666666666666,0.6596051406220897,0.4101040118870728,0.578556263269639,942,175,767
143,337,429,33,0.8125,0.5600522193211488,0.29791666666666666,0.9285714285714286,0.6862761096605744,0.4359756097560976,0.6072186836518046,942,176,766
131,349,427,35,0.7891566265060241,0.5502577319587629,0.27291666666666664,0.9242424242424242,0.6697071792323935,0.40557275541795657,0.5923566878980892,942,166,776
155,366,399,22,0.8757062146892656,0.5215686274509804,0.29750479846449135,0.9477434679334917,0.6986374210701229,0.44412607449856734,0.5881104033970276,942,177,765
163,334,421,24,0.8716577540106952,0.5576158940397351,0.32796780684104626,0.946067415730337,0.7146368240252152,0.4766081871345029,0.6199575371549894,942,187,755
138,340,425,39,0.7796610169491526,0.5555555555555556,0.28870292887029286,0.915948275862069,0.667608286252354,0.42137404580152676,0.5976645435244161,942,177,765
152,347,408,35,0.8128342245989305,0.5403973509933775,0.3046092184368738,0.9209932279909706,0.6766157877961541,0.4431486880466473,0.5944798301486199,942,187,755
130,370,411,31,0.8074534161490683,0.5262483994878361,0.26,0.9298642533936652,0.6668509078184521,0.3933434190620272,0.5743099787685775,942,161,781
126,374,403,39,0.7636363636363637,0.5186615186615187,0.252,0.9117647058823529,0.6411489411489412,0.37894736842105264,0.5615711252653928,942,165,777
159,347,391,45,0.7794117647058824,0.5298102981029811,0.3142292490118577,0.8967889908256881,0.6546110314044318,0.447887323943662,0.583864118895966,942,204,738
145,347,413,37,0.7967032967032966,0.5434210526315789,0.29471544715447157,0.9177777777777778,0.6700621746674378,0.43026706231454004,0.5923566878980892,942,182,760
146,361,397,38,0.7934782608695652,0.5237467018469657,0.2879684418145957,0.9126436781609195,0.6586124813582654,0.422575976845152,0.5764331210191083,942,184,758
134,358,420,30,0.8170731707317073,0.5398457583547558,0.27235772357723576,0.9333333333333333,0.6784594645432316,0.40853658536585363,0.5881104033970276,942,164,778
144,334,435,29,0.8323699421965318,0.5656697009102731,0.301255230125523,0.9375,0.6990198215534025,0.4423963133640554,0.6146496815286624,942,173,769
157,361,383,41,0.7929292929292929,0.5147849462365591,0.3030888030888031,0.9033018867924528,0.653857119582926,0.4385474860335195,0.5732484076433121,942,198,744
154,332,431,25,0.8603351955307262,0.564875491480996,0.3168724279835391,0.9451754385964912,0.7126053435058611,0.4631578947368421,0.6210191082802548,942,179,763
135,362,423,22,0.8598726114649682,0.5388535031847134,0.2716297786720322,0.950561797752809,0.6993630573248408,0.41284403669724773,0.5923566878980892,942,157,785
163,341,403,35,0.8232323232323232,0.5416666666666666,0.32341269841269843,0.9200913242009132,0.6824494949494949,0.4643874643874644,0.6008492569002123,942,198,744
152,353,407,30,0.8351648351648352,0.5355263157894737,0.300990099009901,0.931350114416476,0.6853455754771545,0.44250363901018924,0.5934182590233545,942,182,760
150,353,403,36,0.8064516129032258,0.533068783068783,0.2982107355864811,0.9179954441913439,0.6697601979860044,0.4354136429608127,0.5870488322717622,942,186,756
134,345,425,38,0.7790697674418605,0.551948051948052,0.2797494780793319,0.91792656587473,0.6655089096949562,0.4116743471582181,0.5934182590233545,942,172,770
164,342,394,42,0.7961165048543689,0.5353260869565217,0.3241106719367589,0.9036697247706422,0.6657212959054453,0.46067415730337075,0.5923566878980892,942,206,736
136,359,405,42,0.7640449438202247,0.5301047120418848,0.27474747474747474,0.9060402684563759,0.6470748279310548,0.4041604754829123,0.5743099787685775,942,178,764
133,345,429,35,0.7916666666666666,0.5542635658914729,0.27824267782426776,0.9245689655172413,0.6729651162790697,0.4117647058823529,0.5966029723991507,942,168,774
160,339,405,38,0.8080808080808081,0.5443548387096774,0.32064128256513025,0.9142212189616253,0.6762178233952427,0.4591104734576757,0.5997876857749469,942,198,744
148,348,417,29,0.8361581920903954,0.5450980392156862,0.29838709677419356,0.9349775784753364,0.6906281156530408,0.4398216939078752,0.5997876857749469,942,177,765
131,339,439,33,0.7987804878048781,0.5642673521850899,0.27872340425531916,0.9300847457627118,0.6815239199949841,0.41324921135646686,0.6050955414012739,942,164,778
131,354,424,33,0.7987804878048781,0.5449871465295629,0.27010309278350514,0.9277899343544858,0.6718838171672206,0.4036979969183359,0.589171974522293,942,164,778
145,343,415,39,0.7880434782608695,0.5474934036939314,0.29713114754098363,0.9140969162995595,0.6677684409774005,0.43154761904761907,0.5944798301486199,942,184,758
152,327,428,35,0.8128342245989305,0.5668874172185431,0.3173277661795407,0.9244060475161987,0.6898608209087368,0.4564564564564565,0.6157112526539278,942,187,755
151,352,397,42,0.7823834196891192,0.5300400534045394,0.30019880715705766,0.9043280182232346,0.6562117365468293,0.4339080459770115,0.5817409766454352,942,193,749
160,334,408,40,0.8,0.5498652291105122,0.32388663967611336,0.9107142857142857,0.6749326145552561,0.4610951008645533,0.6029723991507431,942,200,742
143,336,431,32,0.8171428571428572,0.5619295958279009,0.2985386221294363,0.9308855291576674,0.689536226485379,0.43730886850152906,0.6093418259023354,942,175,767
145,342,427,28,0.838150289017341,0.5552665799739922,0.29774127310061604,0.9384615384615385,0.6967084344956667,0.4393939393939394,0.6072186836518046,942,173,769
148,346,408,40,0.7872340425531915,0.5411140583554377,0.29959514170040485,0.9107142857142857,0.6641740504543145,0.43401759530791784,0.5902335456475584,942,188,754
140,341,427,34,0.8045977011494253,0.5559895833333334,0.2910602910602911,0.9262472885032538,0.6802936422413793,0.4274809160305344,0.6019108280254777,942,174,768
123,357,421,41,0.75,0.5411311053984575,0.25625,0.9112554112554112,0.6455655526992288,0.3819875776397515,0.5774946921443737,942,164,778
151,332,420,39,0.7947368421052632,0.5585106382978723,0.31262939958592134,0.9150326797385621,0.6766237402015678,0.44873699851411597,0.6061571125265393,942,190,752
131,371,408,32,0.803680981595092,0.5237483953786907,0.26095617529880477,0.9272727272727272,0.6637146884868914,0.39398496240601505,0.5721868365180467,942,163,779
141,361,400,40,0.7790055248618785,0.5256241787122208,0.28087649402390436,0.9090909090909091,0.6523148517870496,0.4128843338213763,0.5743099787685775,942,181,761
125,355,436,26,0.8278145695364238,0.5512010113780025,0.2604166666666667,0.9437229437229437,0.6895077904572131,0.39619651347068147,0.5955414012738853,942,151,791
125,376,408,33,0.7911392405063291,0.5204081632653061,0.249500998003992,0.9251700680272109,0.6557737018858176,0.37936267071320184,0.5658174097664543,942,158,784
145,368,390,39,0.7880434782608695,0.5145118733509235,0.2826510721247563,0.9090909090909091,0.6512776758058965,0.41606886657101866,0.5679405520169851,942,184,758
151,359,386,46,0.766497461928934,0.5181208053691275,0.296078431372549,0.8935185185185185,0.6423091336490308,0.42715700141442714,0.5700636942675159,942,197,745
150,378,392,22,0.872093023255814,0.509090909090909,0.2840909090909091,0.9468599033816425,0.6905919661733615,0.42857142857142855,0.5753715498938429,942,172,770
128,371,414,29,0.8152866242038217,0.5273885350318471,0.2565130260521042,0.9345372460496614,0.6713375796178345,0.39024390243902435,0.5753715498938429,942,157,785
131,362,419,30,0.8136645962732919,0.5364916773367477,0.2657200811359026,0.933184855233853,0.6750781368050198,0.400611620795107,0.583864118895966,942,161,781
132,349,431,30,0.8148148148148148,0.5525641025641026,0.27442827442827444,0.9349240780911063,0.6836894586894586,0.4105754276827372,0.5976645435244161,942,162,780
122,356,431,33,0.7870967741935484,0.5476493011435832,0.25523012552301255,0.9288793103448276,0.6673730376685658,0.3854660347551343,0.5870488322717622,942,155,787
154,366,391,31,0.8324324324324325,0.5165125495376486,0.29615384615384616,0.9265402843601895,0.6744724909850406,0.4368794326241135,0.578556263269639,942,185,757
132,379,398,33,0.8,0.5122265122265123,0.2583170254403131,0.9234338747099768,0.6561132561132561,0.3905325443786982,0.5626326963906582,942,165,777
144,365,402,31,0.8228571428571428,0.5241199478487614,0.2829076620825147,0.9284064665127021,0.6734885453529521,0.42105263157894735,0.5796178343949044,942,175,767
145,374,395,28,0.838150289017341,0.5136540962288687,0.279383429672447,0.933806146572104,0.6759021926231048,0.4190751445086705,0.5732484076433121,942,173,769
152,338,417,35,0.8128342245989305,0.552317880794702,0.31020408163265306,0.922566371681416,0.6825760526968163,0.4490398818316101,0.6040339702760085,942,187,755
148,349,418,27,0.8457142857142858,0.5449804432855281,0.2977867203219316,0.9393258426966292,0.6953473644999069,0.4404761904761905,0.6008492569002123,942,175,767
161,370,374,37,0.8131313131313131,0.5026881720430108,0.3032015065913371,0.9099756690997567,0.657909742587162,0.4417009602194787,0.5679405520169851,942,198,744
134,339,433,36,0.788235294117647,0.560880829015544,0.2832980972515856,0.9232409381663113,0.6745580615665956,0.4167962674961119,0.6019108280254777,942,170,772
125,372,407,38,0.7668711656441718,0.5224646983311938,0.2515090543259557,0.9146067415730337,0.6446679319876828,0.3787878787878788,0.564755838641189,942,163,779
143,366,400,33,0.8125,0.5221932114882507,0.28094302554027506,0.9237875288683602,0.6673466057441253,0.4175182481751825,0.5764331210191083,942,176,766
141,331,439,31,0.8197674418604651,0.5701298701298702,0.298728813559322,0.9340425531914893,0.6949486559951676,0.437888198757764,0.6157112526539278,942,172,770
165,365,381,31,0.8418367346938775,0.5107238605898123,0.3113207547169811,0.9247572815533981,0.6762802976418449,0.45454545454545453,0.5796178343949044,942,196,746
152,342,407,41,0.7875647668393783,0.5433911882510013,0.3076923076923077,0.9084821428571429,0.6654779775451898,0.4425036390101893,0.5934182590233545,942,193,749
135,355,426,26,0.8385093167701864,0.5454545454545454,0.2755102040816326,0.9424778761061947,0.6919819311123658,0.4147465437788018,0.5955414012738853,942,161,781
149,336,415,42,0.7801047120418848,0.5525965379494008,0.30721649484536084,0.9080962800875274,0.6663506249956428,0.4408284023668639,0.5987261146496815,942,191,751
150,363,402,27,0.847457627118644,0.5254901960784314,0.29239766081871343,0.9370629370629371,0.6864739115985377,0.43478260869565216,0.5859872611464968,942,177,765
124,372,416,30,0.8051948051948052,0.5279187817258884,0.25,0.9327354260089686,0.6665567934603468,0.38153846153846155,0.5732484076433121,942,154,788
153,354,400,35,0.8138297872340425,0.5305039787798409,0.30177514792899407,0.9195402298850575,0.6721668830069417,0.44028776978417267,0.5870488322717622,942,188,754
140,339,423,40,0.7777777777777778,0.5551181102362205,0.29227557411273486,0.9136069114470843,0.6664479440069991,0.424886191198786,0.5976645435244161,942,180,762
133,345,440,24,0.8471337579617835,0.5605095541401274,0.27824267782426776,0.9482758620689655,0.7038216560509554,0.41889763779527556,0.60828025477707,942,157,785
129,352,431,30,0.8113207547169812,0.5504469987228607,0.2681912681912682,0.9349240780911063,0.680883876719921,0.40312500000000007,0.5944798301486199,942,159,783
140,347,417,38,0.7865168539325843,0.5458115183246073,0.2874743326488706,0.9164835164835164,0.6661641861285958,0.42105263157894735,0.5912951167728238,942,178,764
162,343,409,28,0.8526315789473684,0.5438829787234043,0.3207920792079208,0.9359267734553776,0.6982572788353864,0.4661870503597122,0.6061571125265393,942,190,752
165,352,383,42,0.7971014492753623,0.5210884353741496,0.3191489361702128,0.9011764705882352,0.659094942324756,0.45580110497237575,0.5817409766454352,942,207,735
137,351,426,28,0.8303030303030303,0.5482625482625483,0.2807377049180328,0.9383259911894273,0.6892827892827893,0.41960183767228176,0.5976645435244161,942,165,777
125,366,419,32,0.7961783439490446,0.5337579617834395,0.2545824847250509,0.9290465631929047,0.6649681528662421,0.38580246913580246,0.5774946921443737,942,157,785
131,371,405,35,0.7891566265060241,0.5219072164948454,0.26095617529880477,0.9204545454545454,0.6555319215004347,0.39221556886227543,0.5690021231422505,942,166,776
150,353,409,30,0.8333333333333334,0.536745406824147,0.2982107355864811,0.9316628701594533,0.6850393700787402,0.4392386530014641,0.5934182590233545,942,180,762
154,332,426,30,0.8369565217391305,0.5620052770448549,0.3168724279835391,0.9342105263157895,0.6994808993919928,0.45970149253731335,0.6157112526539278,942,184,758
153,351,396,42,0.7846153846153846,0.5301204819277109,0.30357142857142855,0.9041095890410958,0.6573679332715477,0.43776824034334766,0.5828025477707006,942,195,747
134,346,424,38,0.7790697674418605,0.5506493506493506,0.2791666666666667,0.9177489177489178,0.6648595590456056,0.41104294478527603,0.5923566878980892,942,172,770
121,383,404,34,0.7806451612903226,0.5133418043202033,0.2400793650793651,0.9223744292237442,0.6469934828052629,0.3672230652503794,0.5573248407643312,942,155,787
132,330,449,31,0.8098159509202454,0.576379974326059,0.2857142857142857,0.9354166666666667,0.6930979626231522,0.42239999999999994,0.6167728237791932,942,163,779
139,331,437,35,0.7988505747126436,0.5690104166666666,0.2957446808510638,0.9258474576271186,0.6839304956896551,0.4316770186335403,0.6114649681528662,942,174,768
152,386,376,28,0.8444444444444444,0.49343832020997375,0.2825278810408922,0.9306930693069307,0.6689413823272091,0.4233983286908078,0.5605095541401274,942,180,762
132,376,408,26,0.8354430379746836,0.5204081632653061,0.25984251968503935,0.9400921658986175,0.6779256006199949,0.39639639639639634,0.5732484076433121,942,158,784
153,380,370,39,0.796875,0.49333333333333335,0.2870544090056285,0.9046454767726161,0.6451041666666667,0.4220689655172414,0.5552016985138004,942,192,750
137,350,420,35,0.7965116279069767,0.5454545454545454,0.2813141683778234,0.9230769230769231,0.6709830866807611,0.4157814871016692,0.5912951167728238,942,172,770
148,358,396,40,0.7872340425531915,0.5251989389920424,0.2924901185770751,0.908256880733945,0.6562164907726169,0.42651296829971175,0.5774946921443737,942,188,754
149,337,424,32,0.8232044198895028,0.557161629434954,0.3065843621399177,0.9298245614035088,0.6901830246622284,0.446776611694153,0.60828025477707,942,181,761
130,351,420,41,0.7602339181286549,0.5447470817120622,0.2702702702702703,0.911062906724512,0.6524904999203586,0.39877300613496935,0.583864118895966,942,171,771
134,360,412,36,0.788235294117647,0.533678756476684,0.27125506072874495,0.9196428571428571,0.6609570252971655,0.40361445783132527,0.5796178343949044,942,170,772
168,346,393,35,0.8275862068965517,0.5317997293640054,0.32684824902723736,0.9182242990654206,0.6796929681302786,0.46861924686192463,0.5955414012738853,942,203,739
161,379,374,28,0.8518518518518519,0.49667994687915007,0.29814814814814816,0.9303482587064676,0.674265899365501,0.4417009602194788,0.5679405520169851,942,189,753
144,345,421,32,0.8181818181818182,0.5496083550913838,0.294478527607362,0.9293598233995585,0.683895086636601,0.43308270676691735,0.5997876857749469,942,176,766
147,367,396,32,0.8212290502793296,0.5190039318479686,0.28599221789883267,0.9252336448598131,0.670116491063649,0.4242424242424242,0.5764331210191083,942,179,763
139,353,409,41,0.7722222222222223,0.536745406824147,0.28252032520325204,0.9088888888888889,0.6544838145231846,0.41369047619047616,0.5817409766454352,942,180,762
129,337,442,34,0.7914110429447853,0.5673940949935815,0.27682403433476394,0.9285714285714286,0.6794025689691834,0.410174880763116,0.6061571125265393,942,163,779
142,370,401,29,0.8304093567251462,0.5201037613488976,0.27734375,0.9325581395348838,0.6752565590370219,0.41581259150805266,0.5764331210191083,942,171,771
134,357,416,35,0.7928994082840237,0.538163001293661,0.2729124236252546,0.9223946784922394,0.6655312047888424,0.406060606060606,0.583864118895966,942,169,773
140,362,412,28,0.8333333333333334,0.5322997416020672,0.2788844621513944,0.9363636363636364,0.6828165374677002,0.41791044776119407,0.5859872611464968,942,168,774
162,380,377,23,0.8756756756756757,0.49801849405548215,0.2988929889298893,0.9425,0.686847084865579,0.4456671251719395,0.5721868365180467,942,185,757
168,360,388,26,0.865979381443299,0.5187165775401069,0.3181818181818182,0.9371980676328503,0.6923479794917029,0.46537396121883656,0.5902335456475584,942,194,748
162,359,386,35,0.8223350253807107,0.5181208053691275,0.31094049904030713,0.9168646080760094,0.6702279153749191,0.4512534818941505,0.5817409766454352,942,197,745
131,336,441,34,0.793939393939394,0.5675675675675675,0.28051391862955033,0.9284210526315789,0.6807534807534807,0.41455696202531656,0.6072186836518046,942,165,777
145,346,422,29,0.8333333333333334,0.5494791666666666,0.2953156822810591,0.9356984478935698,0.69140625,0.4360902255639098,0.6019108280254777,942,174,768
150,350,403,39,0.7936507936507936,0.5351925630810093,0.3,0.9117647058823529,0.6644216783659014,0.4354136429608128,0.5870488322717622,942,189,753
135,368,417,22,0.8598726114649682,0.5312101910828025,0.268389662027833,0.9498861047835991,0.6955414012738854,0.40909090909090906,0.5859872611464968,942,157,785
156,333,423,30,0.8387096774193549,0.5595238095238095,0.31901840490797545,0.9337748344370861,0.6991167434715821,0.4622222222222222,0.6146496815286624,942,186,756
140,361,413,28,0.8333333333333334,0.5335917312661499,0.27944111776447106,0.9365079365079365,0.6834625322997416,0.4185351270553065,0.5870488322717622,942,168,774
157,354,399,32,0.8306878306878307,0.5298804780876494,0.30724070450097846,0.925754060324826,0.68028415438774,0.44857142857142857,0.5902335456475584,942,189,753
136,356,421,29,0.8242424242424242,0.5418275418275418,0.2764227642276423,0.9355555555555556,0.683034983034983,0.4140030441400304,0.5912951167728238,942,165,777
134,358,414,36,0.788235294117647,0.5362694300518135,0.27235772357723576,0.92,0.6622523620847303,0.404833836858006,0.5817409766454352,942,170,772
125,351,433,33,0.7911392405063291,0.5522959183673469,0.26260504201680673,0.9291845493562232,0.671717579436838,0.39432176656151424,0.5923566878980892,942,158,784
156,342,405,39,0.8,0.5421686746987951,0.3132530120481928,0.9121621621621622,0.6710843373493975,0.4502164502164502,0.5955414012738853,942,195,747
121,382,401,38,0.7610062893081762,0.51213282247765,0.24055666003976142,0.9134396355353075,0.6365695558929131,0.3655589123867069,0.554140127388535,942,159,783
144,355,406,37,0.7955801104972375,0.533508541392904,0.28857715430861725,0.9164785553047404,0.6645443259450707,0.4235294117647059,0.583864118895966,942,181,761
132,368,401,41,0.7630057803468208,0.5214564369310793,0.264,0.9072398190045249,0.64223110863895,0.3922734026745914,0.5658174097664543,942,173,769
136,354,417,35,0.7953216374269005,0.5408560311284046,0.27755102040816326,0.922566371681416,0.6680888342776525,0.41149773071104384,0.5870488322717622,942,171,771
137,349,427,29,0.8253012048192772,0.5502577319587629,0.28189300411522633,0.9364035087719298,0.68777946838902,0.4202453987730061,0.5987261146496815,942,166,776
120,369,425,28,0.8108108108108109,0.535264483627204,0.24539877300613497,0.9381898454746137,0.6730376472190074,0.37676609105180536,0.578556263269639,942,148,794
163,355,393,31,0.8402061855670103,0.5254010695187166,0.31467181467181465,0.9268867924528302,0.6828036275428635,0.4578651685393258,0.5902335456475584,942,194,748
142,369,399,32,0.8160919540229885,0.51953125,0.27788649706457924,0.925754060324826,0.6678116020114943,0.41459854014598546,0.5743099787685775,942,174,768
148,364,402,28,0.8409090909090909,0.5248041775456919,0.2890625,0.9348837209302325,0.6828566342273914,0.4302325581395349,0.583864118895966,942,176,766
152,362,395,33,0.8216216216216217,0.5217965653896962,0.29571984435797666,0.9228971962616822,0.6717090935056589,0.43490701001430615,0.5806794055201698,942,185,757
158,347,401,36,0.8144329896907216,0.536096256684492,0.31287128712871287,0.9176201372997712,0.6752646231876068,0.4520743919885551,0.5934182590233545,942,194,748
146,351,409,36,0.8021978021978022,0.5381578947368421,0.2937625754527163,0.9191011235955057,0.6701778484673222,0.4300441826215022,0.589171974522293,942,182,760
145,350,423,24,0.8579881656804734,0.5472186287192755,0.29292929292929293,0.9463087248322147,0.7026033971998744,0.4367469879518072,0.6029723991507431,942,169,773
155,348,413,26,0.856353591160221,0.5427069645203679,0.3081510934393638,0.9407744874715261,0.6995302778402945,0.45321637426900585,0.6029723991507431,942,181,761
134,355,418,35,0.7928994082840237,0.5407503234152652,0.2740286298568507,0.9227373068432672,0.6668248658496445,0.4072948328267478,0.5859872611464968,942,169,773
143,365,398,36,0.7988826815642458,0.5216251638269986,0.281496062992126,0.9170506912442397,0.6602539226956222,0.4163027656477438,0.5743099787685775,942,179,763
161,353,384,44,0.7853658536585366,0.5210312075983717,0.3132295719844358,0.897196261682243,0.6531985306284542,0.4478442280945758,0.578556263269639,942,205,737
136,347,424,35,0.7953216374269005,0.5499351491569391,0.2815734989648033,0.9237472766884531,0.6726283932919198,0.41590214067278286,0.5944798301486199,942,171,771
119,365,417,41,0.74375,0.5332480818414322,0.24586776859504134,0.9104803493449781,0.6384990409207161,0.3695652173913044,0.5690021231422505,942,160,782
148,357,407,30,0.8314606741573034,0.5327225130890052,0.29306930693069305,0.931350114416476,0.6820915936231543,0.43338213762811123,0.589171974522293,942,178,764
153,352,411,26,0.8547486033519553,0.5386631716906947,0.30297029702970296,0.9405034324942791,0.696705887521325,0.4473684210526316,0.5987261146496815,942,179,763
132,346,428,36,0.7857142857142857,0.5529715762273901,0.27615062761506276,0.9224137931034483,0.6693429309708379,0.4086687306501548,0.5944798301486199,942,168,774
135,334,441,32,0.8083832335329342,0.5690322580645162,0.2878464818763326,0.9323467230443975,0.6887077457987252,0.4245283018867924,0.6114649681528662,942,167,775
142,360,406,34,0.8068181818181818,0.5300261096605744,0.28286852589641437,0.9227272727272727,0.6684221457393781,0.41887905604719766,0.5817409766454352,942,176,766
143,365,400,34,0.807909604519774,0.5228758169934641,0.281496062992126,0.9216589861751152,0.6653927107566191,0.4175182481751825,0.5764331210191083,942,177,765
152,312,436,42,0.7835051546391752,0.5828877005347594,0.3275862068965517,0.9121338912133892,0.6831964275869673,0.4620060790273556,0.6242038216560509,942,194,748
134,372,400,36,0.788235294117647,0.5181347150259067,0.2648221343873518,0.9174311926605505,0.6531850045717769,0.3964497041420118,0.5668789808917197,942,170,772
133,368,411,30,0.8159509202453987,0.527599486521181,0.2654690618762475,0.9319727891156463,0.6717752033832899,0.4006024096385543,0.5774946921443737,942,163,779
151,375,383,33,0.8206521739130435,0.5052770448548812,0.2870722433460076,0.9206730769230769,0.6629646093839623,0.4253521126760563,0.5668789808917197,942,184,758
147,358,399,38,0.7945945945945946,0.5270805812417437,0.29108910891089107,0.9130434782608695,0.6608375879181692,0.42608695652173917,0.5796178343949044,942,185,757
148,346,408,40,0.7872340425531915,0.5411140583554377,0.29959514170040485,0.9107142857142857,0.6641740504543145,0.43401759530791784,0.5902335456475584,942,188,754
147,342,424,29,0.8352272727272727,0.5535248041775457,0.3006134969325153,0.9359823399558499,0.6943760384524091,0.44210526315789467,0.6061571125265393,942,176,766
142,350,428,22,0.8658536585365854,0.5501285347043702,0.2886178861788618,0.9511111111111111,0.7079910966204778,0.4329268292682927,0.6050955414012739,942,164,778
154,358,395,35,0.8148148148148148,0.5245683930942895,0.30078125,0.9186046511627907,0.6696916039545522,0.4393723252496433,0.5828025477707006,942,189,753
161,370,384,27,0.8563829787234043,0.5092838196286472,0.3032015065913371,0.9343065693430657,0.6828333991760258,0.4478442280945758,0.578556263269639,942,188,754
147,367,399,29,0.8352272727272727,0.52088772845953,0.28599221789883267,0.9322429906542056,0.6780575005934013,0.42608695652173906,0.5796178343949044,942,176,766
150,367,386,39,0.7936507936507936,0.5126162018592297,0.2901353965183752,0.908235294117647,0.6531334977550116,0.42492917847025496,0.5690021231422505,942,189,753
142,377,387,36,0.797752808988764,0.506544502617801,0.27360308285163776,0.9148936170212766,0.6521486558032825,0.4074605451936872,0.5615711252653928,942,178,764
137,367,400,38,0.7828571428571428,0.5215123859191656,0.2718253968253968,0.91324200913242,0.6521847643881542,0.4035346097201767,0.5700636942675159,942,175,767
143,367,402,30,0.8265895953757225,0.5227568270481144,0.2803921568627451,0.9305555555555556,0.6746732112119185,0.4187408491947291,0.578556263269639,942,173,769
125,353,435,29,0.8116883116883117,0.5520304568527918,0.2615062761506276,0.9375,0.6818593842705518,0.39556962025316456,0.5944798301486199,942,154,788
153,347,406,36,0.8095238095238095,0.5391766268260292,0.306,0.918552036199095,0.6743502181749194,0.444121915820029,0.5934182590233545,942,189,753
147,343,417,35,0.8076923076923077,0.5486842105263158,0.3,0.922566371681416,0.6781882591093118,0.4375,0.5987261146496815,942,182,760
145,345,421,31,0.8238636363636364,0.5496083550913838,0.29591836734693877,0.9314159292035398,0.6867359957275101,0.4354354354354354,0.6008492569002123,942,176,766
152,364,391,35,0.8128342245989305,0.5178807947019868,0.29457364341085274,0.9178403755868545,0.6653575096504587,0.43243243243243246,0.5764331210191083,942,187,755
136,364,410,32,0.8095238095238095,0.5297157622739018,0.272,0.9276018099547512,0.6696197858988557,0.407185628742515,0.5796178343949044,942,168,774
119,379,407,37,0.7628205128205128,0.5178117048346056,0.2389558232931727,0.9166666666666666,0.6403161088275592,0.363914373088685,0.5583864118895966,942,156,786
173,339,389,41,0.8084112149532711,0.5343406593406593,0.337890625,0.9046511627906977,0.6713759371469652,0.4765840220385674,0.5966029723991507,942,214,728
134,365,406,37,0.783625730994152,0.5265888456549935,0.2685370741482966,0.9164785553047404,0.6551072883245728,0.39999999999999997,0.5732484076433121,942,171,771
141,364,399,38,0.7877094972067039,0.5229357798165137,0.27920792079207923,0.9130434782608695,0.6553226385116089,0.4122807017543859,0.5732484076433121,942,179,763
157,367,381,37,0.8092783505154639,0.5093582887700535,0.29961832061068705,0.9114832535885168,0.6593183196427588,0.4373259052924791,0.5711252653927813,942,194,748
145,347,418,32,0.8192090395480226,0.5464052287581699,0.29471544715447157,0.9288888888888889,0.6828071341530962,0.4334828101644245,0.5976645435244161,942,177,765
143,354,410,35,0.8033707865168539,0.5366492146596858,0.28772635814889336,0.9213483146067416,0.6700100005882699,0.42370370370370364,0.5870488322717622,942,178,764
134,351,417,40,0.7701149425287356,0.54296875,0.27628865979381445,0.912472647702407,0.6565418462643677,0.4066767830045524,0.5849256900212314,942,174,768
135,352,421,34,0.7988165680473372,0.5446313065976714,0.27720739219712526,0.9252747252747253,0.6717239373225043,0.4115853658536585,0.5902335456475584,942,169,773
162,358,390,32,0.8350515463917526,0.5213903743315508,0.31153846153846154,0.9241706161137441,0.6782209603616517,0.45378151260504207,0.5859872611464968,942,194,748
140,382,387,33,0.8092485549132948,0.5032509752925878,0.2681992337164751,0.9214285714285714,0.6562497651029413,0.4028776978417266,0.559447983014862,942,173,769
145,345,414,38,0.7923497267759563,0.5454545454545454,0.29591836734693877,0.915929203539823,0.6689021361152508,0.43090638930163444,0.5934182590233545,942,183,759
140,344,422,36,0.7954545454545454,0.5509138381201044,0.2892561983471074,0.9213973799126638,0.6731841917873249,0.42424242424242425,0.5966029723991507,942,176,766
142,345,427,28,0.8352941176470589,0.5531088082901554,0.2915811088295688,0.9384615384615385,0.6942014629686071,0.43226788432267876,0.6040339702760085,942,170,772
151,350,406,35,0.8118279569892473,0.5370370370370371,0.3013972055888224,0.9206349206349206,0.6744324970131421,0.43959243085880645,0.5912951167728238,942,186,756
136,353,417,36,0.7906976744186046,0.5415584415584416,0.278118609406953,0.9205298013245033,0.6661280579885231,0.41149773071104384,0.5870488322717622,942,172,770
144,371,394,33,0.8135593220338984,0.515032679738562,0.2796116504854369,0.9227166276346604,0.6642960008862302,0.4161849710982659,0.5711252653927813,942,177,765
153,344,419,26,0.8547486033519553,0.5491480996068152,0.30784708249496984,0.9415730337078652,0.7019483514793853,0.45266272189349116,0.6072186836518046,942,179,763
143,379,397,23,0.8614457831325302,0.5115979381443299,0.2739463601532567,0.9452380952380952,0.68652186063843,0.41569767441860467,0.5732484076433121,942,166,776
154,347,409,32,0.8279569892473119,0.541005291005291,0.3073852295409182,0.927437641723356,0.6844811401263015,0.44832605531295483,0.5976645435244161,942,186,756
137,361,415,29,0.8253012048192772,0.5347938144329897,0.2751004016064257,0.9346846846846847,0.6800475096261334,0.4126506024096386,0.5859872611464968,942,166,776
169,337,406,30,0.8492462311557789,0.5464333781965006,0.3339920948616601,0.9311926605504587,0.6978398046761398,0.4794326241134752,0.6104033970276008,942,199,743
133,358,420,31,0.8109756097560976,0.5398457583547558,0.2708757637474542,0.9312638580931264,0.6754106840554267,0.40610687022900765,0.5870488322717622,942,164,778
140,331,444,27,0.8383233532934131,0.5729032258064516,0.29723991507430997,0.9426751592356688,0.7056132895499323,0.438871473354232,0.6199575371549894,942,167,775
153,363,396,30,0.8360655737704918,0.5217391304347826,0.29651162790697677,0.9295774647887324,0.6789023521026372,0.43776824034334766,0.5828025477707006,942,183,759
137,368,412,25,0.845679012345679,0.5282051282051282,0.2712871287128713,0.9427917620137299,0.6869420702754037,0.4107946026986507,0.5828025477707006,942,162,780
156,352,396,38,0.8041237113402062,0.5294117647058824,0.30708661417322836,0.9124423963133641,0.6667677380230443,0.4444444444444444,0.5859872611464968,942,194,748
148,377,381,36,0.8043478260869565,0.5026385224274407,0.2819047619047619,0.9136690647482014,0.6534931742571986,0.4174894217207334,0.5615711252653928,942,184,758
152,362,400,28,0.8444444444444444,0.5249343832020997,0.29571984435797666,0.9345794392523364,0.6846894138232721,0.43804034582132567,0.5859872611464968,942,180,762
131,370,419,22,0.8562091503267973,0.5310519645120405,0.26147704590818366,0.9501133786848073,0.6936305574194189,0.40061162079510704,0.583864118895966,942,153,789
151,363,383,45,0.7704081632653061,0.5134048257372654,0.29377431906614787,0.8948598130841121,0.6419064945012858,0.4253521126760563,0.5668789808917197,942,196,746
149,336,418,39,0.7925531914893617,0.5543766578249337,0.30721649484536084,0.9146608315098468,0.6734649246571477,0.4427934621099554,0.6019108280254777,942,188,754
137,346,426,33,0.8058823529411765,0.5518134715025906,0.2836438923395445,0.9281045751633987,0.6788479122218836,0.41960183767228176,0.5976645435244161,942,170,772
128,355,415,44,0.7441860465116279,0.538961038961039,0.2650103519668737,0.9041394335511983,0.6415735427363334,0.3908396946564886,0.5764331210191083,942,172,770
127,345,427,43,0.7470588235294118,0.5531088082901554,0.2690677966101695,0.9085106382978724,0.6500838159097836,0.3956386292834891,0.5881104033970276,942,170,772
154,350,400,38,0.8020833333333334,0.5333333333333333,0.3055555555555556,0.91324200913242,0.6677083333333333,0.442528735632184,0.5881104033970276,942,192,750
141,352,415,34,0.8057142857142857,0.5410691003911343,0.28600405679513186,0.9242761692650334,0.67339169305271,0.42215568862275454,0.5902335456475584,942,175,767
138,335,434,35,0.7976878612716763,0.5643693107932379,0.2917547568710359,0.9253731343283582,0.6810285860324572,0.42724458204334365,0.6072186836518046,942,173,769
155,349,404,34,0.8201058201058201,0.5365205843293492,0.30753968253968256,0.9223744292237442,0.6783132022175846,0.44733044733044736,0.5934182590233545,942,189,753
127,364,407,44,0.7426900584795322,0.5278858625162127,0.25865580448065173,0.9024390243902439,0.6352879604978725,0.38368580060422963,0.5668789808917197,942,171,771
140,359,409,34,0.8045977011494253,0.5325520833333334,0.280561122244489,0.9232505643340858,0.6685748922413793,0.4160475482912333,0.5828025477707006,942,174,768
157,337,408,40,0.7969543147208121,0.5476510067114094,0.31781376518218624,0.9107142857142857,0.6723026607161108,0.4544138929088277,0.5997876857749469,942,197,745
141,359,409,33,0.8103448275862069,0.5325520833333334,0.282,0.9253393665158371,0.6714484554597702,0.4183976261127596,0.583864118895966,942,174,768
135,367,402,38,0.7803468208092486,0.5227568270481144,0.2689243027888446,0.9136363636363637,0.6515518239286815,0.39999999999999997,0.5700636942675159,942,173,769
131,339,433,39,0.7705882352941177,0.560880829015544,0.27872340425531916,0.9173728813559322,0.6657345321548309,0.40937500000000004,0.5987261146496815,942,170,772
146,370,396,30,0.8295454545454546,0.5169712793733682,0.28294573643410853,0.9295774647887324,0.6732583669594114,0.42196531791907516,0.5753715498938429,942,176,766
119,367,427,29,0.8040540540540541,0.5377833753148614,0.2448559670781893,0.9364035087719298,0.6709187146844577,0.3753943217665615,0.5796178343949044,942,148,794
127,360,422,33,0.79375,0.5396419437340153,0.26078028747433263,0.9274725274725275,0.6666959718670076,0.39258114374034,0.5828025477707006,942,160,782
142,338,427,35,0.8022598870056498,0.5581699346405229,0.29583333333333334,0.9242424242424242,0.6802149108230864,0.4322678843226789,0.6040339702760085,942,177,765
133,364,416,29,0.8209876543209876,0.5333333333333333,0.2676056338028169,0.9348314606741573,0.6771604938271605,0.4036418816388467,0.5828025477707006,942,162,780
129,377,394,42,0.7543859649122807,0.5110246433203631,0.2549407114624506,0.9036697247706422,0.632705304116322,0.3810930576070901,0.5552016985138004,942,171,771
154,331,423,34,0.8191489361702128,0.5610079575596817,0.31752577319587627,0.925601750547046,0.6900784468649472,0.4576523031203566,0.6125265392781316,942,188,754
154,359,403,26,0.8555555555555555,0.5288713910761155,0.3001949317738791,0.9393939393939394,0.6922134733158355,0.4444444444444445,0.5912951167728238,942,180,762
126,362,424,30,0.8076923076923077,0.539440203562341,0.2581967213114754,0.933920704845815,0.6735662556273243,0.391304347826087,0.583864118895966,942,156,786
138,367,406,31,0.8165680473372781,0.5252263906856404,0.2732673267326733,0.9290617848970252,0.6708972190114593,0.4094955489614243,0.5774946921443737,942,169,773
164,354,400,24,0.8723404255319149,0.5305039787798409,0.3166023166023166,0.9433962264150944,0.7014222021558779,0.46458923512747874,0.5987261146496815,942,188,754
167,356,386,33,0.835,0.5202156334231806,0.3193116634799235,0.9212410501193318,0.6776078167115902,0.46196403872752423,0.5870488322717622,942,200,742
140,345,418,39,0.7821229050279329,0.5478374836173001,0.28865979381443296,0.9146608315098468,0.6649801943226166,0.4216867469879518,0.5923566878980892,942,179,763
147,343,418,34,0.8121546961325967,0.5492772667542707,0.3,0.9247787610619469,0.6807159814434337,0.4381520119225037,0.5997876857749469,942,181,761
152,334,413,43,0.7794871794871795,0.5528781793842035,0.31275720164609055,0.9057017543859649,0.6661826794356915,0.44640234948604995,0.5997876857749469,942,195,747
144,348,422,28,0.8372093023255814,0.548051948051948,0.2926829268292683,0.9377777777777778,0.6926306251887647,0.43373493975903615,0.6008492569002123,942,172,770
133,324,446,39,0.7732558139534884,0.5792207792207792,0.2910284463894967,0.9195876288659793,0.6762382965871339,0.4228934817170111,0.6146496815286624,942,172,770
136,364,400,42,0.7640449438202247,0.5235602094240838,0.272,0.9049773755656109,0.6438025766221542,0.4011799410029499,0.5690021231422505,942,178,764
130,390,396,26,0.8333333333333334,0.5038167938931297,0.25,0.9383886255924171,0.6685750636132315,0.3846153846153846,0.5583864118895966,942,156,786
142,376,389,35,0.8022598870056498,0.5084967320261438,0.27413127413127414,0.9174528301886793,0.6553783095158967,0.40863309352517985,0.5636942675159236,942,177,765
126,353,433,30,0.8076923076923077,0.5508905852417303,0.2630480167014614,0.9352051835853131,0.679291446467019,0.39685039370078745,0.5934182590233545,942,156,786
147,326,437,32,0.8212290502793296,0.5727391874180865,0.3107822410147992,0.9317697228144989,0.696984118848708,0.450920245398773,0.6199575371549894,942,179,763
133,343,436,30,0.8159509202453987,0.5596919127086007,0.27941176470588236,0.9356223175965666,0.6878214164769998,0.41627543035993736,0.6040339702760085,942,163,779
144,356,417,25,0.8520710059171598,0.5394566623544631,0.288,0.9434389140271493,0.6957638341358114,0.4304932735426009,0.5955414012738853,942,169,773
131,349,426,36,0.7844311377245509,0.5496774193548387,0.27291666666666664,0.922077922077922,0.6670542785396948,0.40494590417310666,0.5912951167728238,942,167,775
144,354,398,46,0.7578947368421053,0.5292553191489362,0.2891566265060241,0.8963963963963963,0.6435750279955208,0.41860465116279066,0.5753715498938429,942,190,752
132,385,401,24,0.8461538461538461,0.510178117048346,0.2553191489361702,0.9435294117647058,0.6781659816010961,0.3922734026745914,0.5658174097664543,942,156,786
155,357,398,32,0.8288770053475936,0.5271523178807948,0.302734375,0.9255813953488372,0.6780146616141942,0.4434907010014306,0.5870488322717622,942,187,755
131,378,399,34,0.793939393939394,0.5135135135135135,0.25736738703339884,0.9214780600461894,0.6537264537264538,0.38872403560830865,0.5626326963906582,942,165,777
121,386,409,26,0.8231292517006803,0.5144654088050314,0.23865877712031558,0.9402298850574713,0.6687973302528558,0.3700305810397554,0.5626326963906582,942,147,795
152,356,383,51,0.7487684729064039,0.5182679296346414,0.2992125984251969,0.8824884792626728,0.6335182012705227,0.4275668073136428,0.5679405520169851,942,203,739
150,359,390,43,0.7772020725388601,0.520694259012016,0.29469548133595286,0.9006928406466512,0.6489481657754381,0.42735042735042733,0.5732484076433121,942,193,749
143,386,384,29,0.8313953488372093,0.4987012987012987,0.27032136105860116,0.9297820823244553,0.665048323769254,0.40798858773181174,0.559447983014862,942,172,770
131,365,407,39,0.7705882352941177,0.5272020725388601,0.26411290322580644,0.9125560538116592,0.6488951539164889,0.3933933933933934,0.5711252653927813,942,170,772
149,358,396,39,0.7925531914893617,0.5251989389920424,0.2938856015779093,0.9103448275862069,0.658876065240702,0.4287769784172662,0.578556263269639,942,188,754
142,346,428,26,0.8452380952380952,0.5529715762273901,0.29098360655737704,0.9427312775330396,0.6991048357327427,0.4329268292682926,0.6050955414012739,942,168,774
151,321,428,42,0.7823834196891192,0.5714285714285714,0.3199152542372881,0.9106382978723404,0.6769059955588452,0.4541353383458646,0.6146496815286624,942,193,749
139,379,395,29,0.8273809523809523,0.5103359173126615,0.26833976833976836,0.9316037735849056,0.668858434846807,0.40524781341107874,0.5668789808917197,942,168,774
138,369,397,38,0.7840909090909091,0.5182767624020888,0.27218934911242604,0.9126436781609195,0.651183835746499,0.404099560761347,0.5679405520169851,942,176,766
149,369,388,36,0.8054054054054054,0.512549537648613,0.2876447876447876,0.9150943396226415,0.6589774715270091,0.4238975817923186,0.5700636942675159,942,185,757
131,340,436,35,0.7891566265060241,0.5618556701030928,0.2781316348195329,0.9256900212314225,0.6755061483045585,0.41130298273155413,0.6019108280254777,942,166,776
133,374,403,32,0.806060606060606,0.5186615186615187,0.26232741617357,0.9264367816091954,0.6623610623610623,0.39583333333333337,0.5690021231422505,942,165,777
160,371,364,47,0.7729468599033816,0.49523809523809526,0.3013182674199623,0.8856447688564477,0.6340924775707384,0.43360433604336046,0.5562632696390658,942,207,735
160,328,429,25,0.8648648648648649,0.5667107001321003,0.32786885245901637,0.9449339207048458,0.7157877824984826,0.475482912332838,0.6252653927813163,942,185,757
152,363,400,27,0.8491620111731844,0.5242463958060288,0.29514563106796116,0.936768149882904,0.6867042034896066,0.43804034582132567,0.5859872611464968,942,179,763
125,368,418,31,0.8012820512820513,0.5318066157760815,0.2535496957403651,0.9309576837416481,0.6665443335290664,0.3852080123266564,0.5764331210191083,942,156,786
147,331,426,38,0.7945945945945946,0.5627476882430648,0.3075313807531381,0.9181034482758621,0.6786711414188297,0.44343891402714936,0.60828025477707,942,185,757
140,369,402,31,0.8187134502923976,0.5214007782101168,0.275049115913556,0.9284064665127021,0.6700571142512572,0.411764705882353,0.5753715498938429,942,171,771
161,349,408,24,0.8702702702702703,0.5389696169088507,0.3156862745098039,0.9444444444444444,0.7046199435895605,0.4633093525179856,0.6040339702760085,942,185,757
145,361,398,38,0.7923497267759563,0.5243741765480896,0.2865612648221344,0.9128440366972477,0.6583619516620229,0.42089985486211895,0.5764331210191083,942,183,759
146,326,440,30,0.8295454545454546,0.5744125326370757,0.3093220338983051,0.9361702127659575,0.7019789935912651,0.4506172839506173,0.6220806794055201,942,176,766
164,348,389,41,0.8,0.5278154681139756,0.3203125,0.9046511627906977,0.6639077340569879,0.4574616457461646,0.5870488322717622,942,205,737
153,344,418,27,0.85,0.5485564304461942,0.30784708249496984,0.9393258426966292,0.6992782152230971,0.4519940915805023,0.6061571125265393,942,180,762
145,361,401,35,0.8055555555555556,0.526246719160105,0.2865612648221344,0.9197247706422018,0.6659011373578303,0.42274052478134105,0.5796178343949044,942,180,762
136,344,425,37,0.7861271676300579,0.552665799739922,0.2833333333333333,0.9199134199134199,0.6693964836849899,0.41653905053598783,0.5955414012738853,942,173,769
157,349,413,23,0.8722222222222222,0.541994750656168,0.3102766798418972,0.9472477064220184,0.7071084864391951,0.45772594752186585,0.6050955414012739,942,180,762
152,368,395,27,0.8491620111731844,0.5176933158584535,0.2923076923076923,0.9360189573459715,0.683427663515819,0.43490701001430615,0.5806794055201698,942,179,763
140,368,404,30,0.8235294117647058,0.5233160621761658,0.2755905511811024,0.9308755760368663,0.6734227369704358,0.4129793510324484,0.5774946921443737,942,170,772
155,355,399,33,0.824468085106383,0.5291777188328912,0.30392156862745096,0.9236111111111112,0.6768229019696371,0.4441260744985673,0.5881104033970276,942,188,754
148,339,419,36,0.8043478260869565,0.5527704485488126,0.30390143737166325,0.9208791208791208,0.6785591373178845,0.4411326378539493,0.6019108280254777,942,184,758
146,368,395,33,0.8156424581005587,0.5176933158584535,0.2840466926070039,0.9228971962616822,0.6666678869795061,0.4213564213564214,0.5743099787685775,942,179,763
137,368,402,35,0.7965116279069767,0.522077922077922,0.2712871287128713,0.919908466819222,0.6592947749924494,0.4047267355982275,0.5721868365180467,942,172,770
149,343,410,40,0.7883597883597884,0.5444887118193891,0.30284552845528456,0.9111111111111111,0.6664242500895887,0.4375917767988253,0.5934182590233545,942,189,753
141,337,422,42,0.7704918032786885,0.5559947299077734,0.29497907949790797,0.9094827586206896,0.663243266593231,0.42662632375189113,0.5976645435244161,942,183,759
141,361,411,29,0.8294117647058824,0.5323834196891192,0.28087649402390436,0.9340909090909091,0.6808975921975008,0.41964285714285715,0.5859872611464968,942,170,772
160,342,415,25,0.8648648648648649,0.5482166446499339,0.3187250996015936,0.9431818181818182,0.7065407547573994,0.46579330422125187,0.6104033970276008,942,185,757
132,360,423,27,0.8301886792452831,0.5402298850574713,0.2682926829268293,0.94,0.6852092821513771,0.4055299539170507,0.589171974522293,942,159,783
128,357,426,31,0.8050314465408805,0.5440613026819924,0.2639175257731959,0.9321663019693655,0.6745463746114364,0.3975155279503106,0.5881104033970276,942,159,783
145,358,408,31,0.8238636363636364,0.5326370757180157,0.2882703777335984,0.929384965831435,0.678250356040826,0.42709867452135497,0.5870488322717622,942,176,766
143,342,423,34,0.807909604519774,0.5529411764705883,0.2948453608247423,0.925601750547046,0.6804253904951811,0.43202416918429004,0.6008492569002123,942,177,765
144,355,409,34,0.8089887640449438,0.5353403141361257,0.28857715430861725,0.9232505643340858,0.6721645390905348,0.4254062038404726,0.5870488322717622,942,178,764
144,360,410,28,0.8372093023255814,0.5324675324675324,0.2857142857142857,0.9360730593607306,0.6848384173965569,0.4260355029585799,0.5881104033970276,942,172,770
122,387,397,36,0.7721518987341772,0.5063775510204082,0.23968565815324164,0.9168591224018475,0.6392647248772927,0.3658170914542728,0.5509554140127388,942,158,784
118,360,421,43,0.7329192546583851,0.5390524967989757,0.24686192468619247,0.9073275862068966,0.6359858757286805,0.36932707355242567,0.5721868365180467,942,161,781
133,371,401,37,0.7823529411764706,0.5194300518134715,0.2638888888888889,0.9155251141552512,0.650891496494971,0.39465875370919884,0.5668789808917197,942,170,772
142,337,422,41,0.7759562841530054,0.5559947299077734,0.2964509394572025,0.9114470842332614,0.6659755070303894,0.42900302114803623,0.5987261146496815,942,183,759
135,366,408,33,0.8035714285714286,0.5271317829457365,0.2694610778443114,0.9251700680272109,0.6653516057585825,0.40358744394618834,0.5764331210191083,942,168,774
137,362,412,31,0.8154761904761905,0.5322997416020672,0.2745490981963928,0.9300225733634312,0.6738879660391288,0.4107946026986507,0.5828025477707006,942,168,774
137,365,408,32,0.8106508875739645,0.5278137128072445,0.2729083665338645,0.9272727272727272,0.6692323001906045,0.4083457526080476,0.578556263269639,942,169,773
141,370,402,29,0.8294117647058824,0.5207253886010362,0.2759295499021526,0.9327146171693735,0.6750685766534593,0.41409691629955947,0.5764331210191083,942,170,772
137,349,424,32,0.8106508875739645,0.5485122897800776,0.28189300411522633,0.9298245614035088,0.6795815886770211,0.41832061068702286,0.5955414012738853,942,169,773
153,339,423,27,0.85,0.5551181102362205,0.31097560975609756,0.94,0.7025590551181102,0.4553571428571429,0.6114649681528662,942,180,762
132,351,428,31,0.8098159509202454,0.5494223363286265,0.2732919254658385,0.9324618736383442,0.6796191436244359,0.4086687306501548,0.5944798301486199,942,163,779
140,349,436,17,0.89171974522293,0.5554140127388535,0.28629856850715746,0.9624724061810155,0.7235668789808918,0.43343653250773995,0.6114649681528662,942,157,785
141,332,421,48,0.746031746031746,0.5590969455511288,0.29809725158562367,0.8976545842217484,0.6525643457914374,0.4259818731117824,0.5966029723991507,942,189,753
135,345,443,19,0.8766233766233766,0.5621827411167513,0.28125,0.9588744588744589,0.719403058870064,0.42586750788643535,0.613588110403397,942,154,788
161,337,403,41,0.7970297029702971,0.5445945945945946,0.3232931726907631,0.9076576576576577,0.6708121487824459,0.46,0.5987261146496815,942,202,740
142,347,420,33,0.8114285714285714,0.5475880052151239,0.2903885480572597,0.9271523178807947,0.6795082883218476,0.427710843373494,0.5966029723991507,942,175,767
136,354,423,29,0.8242424242424242,0.5444015444015444,0.27755102040816326,0.9358407079646017,0.6843219843219843,0.4152671755725191,0.5934182590233545,942,165,777
146,340,417,39,0.7891891891891892,0.5508586525759577,0.3004115226337449,0.9144736842105263,0.6700239208825735,0.43517138599105815,0.5976645435244161,942,185,757
148,359,409,26,0.8505747126436781,0.5325520833333334,0.29191321499013806,0.9402298850574713,0.6915633979885057,0.434654919236417,0.5912951167728238,942,174,768
134,378,399,31,0.8121212121212121,0.5135135135135135,0.26171875,0.9279069767441861,0.6628173628173628,0.395864106351551,0.5658174097664543,942,165,777
150,334,425,33,0.819672131147541,0.5599472990777339,0.30991735537190085,0.9279475982532751,0.6898097151126374,0.4497751124437782,0.6104033970276008,942,183,759
140,342,417,43,0.7650273224043715,0.549407114624506,0.29045643153526973,0.9065217391304348,0.6572172185144387,0.42105263157894735,0.5912951167728238,942,183,759
154,341,405,42,0.7857142857142857,0.5428954423592494,0.3111111111111111,0.9060402684563759,0.6643048640367675,0.4457308248914616,0.5934182590233545,942,196,746
151,344,403,44,0.7743589743589744,0.5394912985274432,0.30505050505050507,0.901565995525727,0.6569251364432087,0.4376811594202899,0.5881104033970276,942,195,747
138,350,417,37,0.7885714285714286,0.5436766623207301,0.2827868852459016,0.9185022026431718,0.6661240454460793,0.416289592760181,0.589171974522293,942,175,767
130,367,400,45,0.7428571428571429,0.5215123859191656,0.26156941649899396,0.898876404494382,0.6321847643881542,0.3869047619047619,0.5626326963906582,942,175,767
148,364,395,35,0.8087431693989071,0.5204216073781291,0.2890625,0.9186046511627907,0.6645823883885181,0.4258992805755396,0.5764331210191083,942,183,759
136,379,402,25,0.84472049689441,0.5147247119078106,0.26407766990291265,0.9414519906323185,0.6797226044011102,0.4023668639053255,0.5711252653927813,942,161,781
140,333,437,32,0.813953488372093,0.5675324675324676,0.2959830866807611,0.9317697228144989,0.6907429779522802,0.434108527131783,0.6125265392781316,942,172,770
138,361,406,37,0.7885714285714286,0.529335071707953,0.27655310621242485,0.9164785553047404,0.6589532501396909,0.4094955489614243,0.5774946921443737,942,175,767
132,377,403,30,0.8148148148148148,0.5166666666666667,0.2593320235756385,0.930715935334873,0.6657407407407407,0.39344262295081966,0.5679405520169851,942,162,780
152,373,381,36,0.8085106382978723,0.5053050397877984,0.2895238095238095,0.9136690647482014,0.6569078390428353,0.4263674614305751,0.5658174097664543,942,188,754
124,328,464,26,0.8266666666666667,0.5858585858585859,0.2743362831858407,0.9469387755102041,0.7062626262626263,0.4119601328903654,0.6242038216560509,942,150,792
146,337,418,41,0.7807486631016043,0.5536423841059602,0.3022774327122153,0.9106753812636166,0.6671955236037823,0.435820895522388,0.5987261146496815,942,187,755
148,349,420,25,0.8554913294797688,0.5461638491547465,0.2977867203219316,0.9438202247191011,0.7008275893172576,0.4417910447761194,0.6029723991507431,942,173,769
152,343,410,37,0.8042328042328042,0.5444887118193891,0.30707070707070705,0.9172259507829977,0.6743607580260966,0.4444444444444444,0.5966029723991507,942,189,753
144,338,430,30,0.8275862068965517,0.5598958333333334,0.2987551867219917,0.9347826086956522,0.6937410201149425,0.43902439024390244,0.6093418259023354,942,174,768
148,349,406,39,0.7914438502673797,0.5377483443708609,0.2977867203219316,0.9123595505617977,0.6645960973191203,0.43274853801169594,0.5881104033970276,942,187,755
143,346,417,36,0.7988826815642458,0.546526867627785,0.29243353783231085,0.9205298013245033,0.6727047745960154,0.4281437125748503,0.5944798301486199,942,179,763
139,356,409,38,0.7853107344632768,0.534640522875817,0.2808080808080808,0.9149888143176734,0.6599756286695468,0.4136904761904761,0.5817409766454352,942,177,765
126,367,419,30,0.8076923076923077,0.5330788804071247,0.25557809330628806,0.933184855233853,0.6703855940497162,0.3882896764252696,0.578556263269639,942,156,786
147,348,410,37,0.7989130434782609,0.5408970976253298,0.296969696969697,0.9172259507829977,0.6699050705517953,0.4329896907216495,0.5912951167728238,942,184,758
141,377,393,31,0.8197674418604651,0.5103896103896104,0.2722007722007722,0.9268867924528302,0.6650785261250378,0.4086956521739131,0.5668789808917197,942,172,770
143,345,416,38,0.7900552486187845,0.5466491458607096,0.2930327868852459,0.9162995594713657,0.668352197239747,0.4275037369207773,0.5934182590233545,942,181,761
161,345,409,27,0.8563829787234043,0.5424403183023873,0.3181818181818182,0.9380733944954128,0.6994116485128958,0.46397694524495675,0.6050955414012739,942,188,754
137,342,424,39,0.7784090909090909,0.5535248041775457,0.2860125260960334,0.9157667386609071,0.6659669475433183,0.41832061068702286,0.5955414012738853,942,176,766
157,369,382,34,0.8219895287958116,0.5086551264980027,0.2984790874524715,0.9182692307692307,0.6653223276469071,0.43793584379358436,0.5721868365180467,942,191,751
138,359,411,34,0.8023255813953488,0.5337662337662338,0.2776659959758551,0.9235955056179775,0.6680459075807913,0.4125560538116592,0.5828025477707006,942,172,770
159,359,384,40,0.7989949748743719,0.5168236877523553,0.30694980694980695,0.9056603773584906,0.6579093313133636,0.4435146443514644,0.5764331210191083,942,199,743
158,360,399,25,0.8633879781420765,0.525691699604743,0.305019305019305,0.9410377358490566,0.6945398388734098,0.4507845934379458,0.5912951167728238,942,183,759
141,360,414,27,0.8392857142857143,0.5348837209302325,0.281437125748503,0.9387755102040817,0.6870847176079734,0.42152466367713004,0.589171974522293,942,168,774
128,351,419,44,0.7441860465116279,0.5441558441558442,0.267223382045929,0.9049676025917927,0.6441709453337361,0.39324116743471577,0.5806794055201698,942,172,770
131,344,426,41,0.7616279069767442,0.5532467532467532,0.27578947368421053,0.9122055674518201,0.6574373301117487,0.40494590417310666,0.5912951167728238,942,172,770
134,346,432,30,0.8170731707317073,0.5552699228791774,0.2791666666666667,0.935064935064935,0.6861715468054423,0.4161490683229814,0.6008492569002123,942,164,778
157,345,403,37,0.8092783505154639,0.5387700534759359,0.31274900398406374,0.9159090909090909,0.6740242019956999,0.45114942528735635,0.5944798301486199,942,194,748
146,358,413,25,0.8538011695906432,0.5356679636835279,0.2896825396825397,0.9429223744292238,0.6947345666370855,0.43259259259259264,0.5934182590233545,942,171,771
147,340,421,34,0.8121546961325967,0.5532194480946123,0.30184804928131415,0.9252747252747253,0.6826870721136045,0.44011976047904194,0.6029723991507431,942,181,761
135,384,395,28,0.8282208588957055,0.5070603337612324,0.26011560693641617,0.933806146572104,0.667640596328469,0.3958944281524926,0.5626326963906582,942,163,779
147,339,421,35,0.8076923076923077,0.5539473684210526,0.30246913580246915,0.9232456140350878,0.6808198380566801,0.44011976047904194,0.6029723991507431,942,182,760
159,322,426,35,0.8195876288659794,0.56951871657754,0.3305613305613306,0.9240780911062907,0.6945531727217598,0.4711111111111111,0.6210191082802548,942,194,748
152,353,407,30,0.8351648351648352,0.5355263157894737,0.300990099009901,0.931350114416476,0.6853455754771545,0.44250363901018924,0.5934182590233545,942,182,760
143,353,410,36,0.7988826815642458,0.5373525557011796,0.28830645161290325,0.9192825112107623,0.6681176186327127,0.42370370370370375,0.5870488322717622,942,179,763
136,349,418,39,0.7771428571428571,0.5449804432855281,0.2804123711340206,0.9146608315098468,0.6610616502141926,0.41212121212121217,0.5881104033970276,942,175,767
162,348,391,41,0.7980295566502463,0.5290933694181326,0.3176470588235294,0.9050925925925926,0.6635614630341895,0.4544179523141656,0.5870488322717622,942,203,739
160,359,392,31,0.837696335078534,0.521970705725699,0.30828516377649323,0.9267139479905437,0.6798335204021165,0.4507042253521127,0.5859872611464968,942,191,751
136,346,423,37,0.7861271676300579,0.5500650195058517,0.2821576763485477,0.9195652173913044,0.6680960935679547,0.41526717557251913,0.5934182590233545,942,173,769
150,366,395,31,0.8287292817679558,0.519053876478318,0.29069767441860467,0.9272300469483568,0.6738915791231369,0.4304160688665711,0.578556263269639,942,181,761
142,341,411,48,0.7473684210526316,0.5465425531914894,0.2939958592132505,0.8954248366013072,0.6469554871220604,0.42199108469539376,0.5870488322717622,942,190,752
134,360,419,29,0.8220858895705522,0.5378690629011553,0.27125506072874495,0.9352678571428571,0.6799774762358537,0.4079147640791477,0.5870488322717622,942,163,779
143,374,391,34,0.807909604519774,0.5111111111111111,0.2765957446808511,0.92,0.6595103578154425,0.4121037463976945,0.5668789808917197,942,177,765
145,325,431,41,0.7795698924731183,0.5701058201058201,0.30851063829787234,0.913135593220339,0.6748378562894692,0.44207317073170727,0.6114649681528662,942,186,756
142,361,405,34,0.8068181818181818,0.5287206266318538,0.2823061630218688,0.9225512528473804,0.6677694042250177,0.4182621502209131,0.5806794055201698,942,176,766
140,350,409,43,0.7650273224043715,0.538866930171278,0.2857142857142857,0.9048672566371682,0.6519471262878247,0.4160475482912333,0.5828025477707006,942,183,759
142,353,415,32,0.8160919540229885,0.5403645833333334,0.2868686868686869,0.9284116331096197,0.6782282686781609,0.42451420029895365,0.5912951167728238,942,174,768
146,365,393,38,0.7934782608695652,0.5184696569920845,0.2857142857142857,0.9118329466357309,0.6559739589308249,0.42014388489208626,0.5721868365180467,942,184,758
136,359,412,35,0.7953216374269005,0.5343709468223087,0.27474747474747474,0.9217002237136466,0.6648462921246046,0.4084084084084084,0.5817409766454352,942,171,771
120,374,409,39,0.7547169811320755,0.5223499361430396,0.242914979757085,0.9129464285714286,0.6385334586375575,0.3675344563552833,0.5615711252653928,942,159,783
135,381,397,29,0.823170731707317,0.5102827763496144,0.2616279069767442,0.931924882629108,0.6667267540284657,0.39705882352941174,0.564755838641189,942,164,778
142,358,407,35,0.8022598870056498,0.5320261437908497,0.284,0.920814479638009,0.6671430153982497,0.4194977843426883,0.5828025477707006,942,177,765
156,354,391,41,0.7918781725888325,0.5248322147651007,0.3058823529411765,0.9050925925925926,0.6583551936769666,0.4413012729844414,0.5806794055201698,942,197,745
148,349,410,35,0.8087431693989071,0.5401844532279315,0.2977867203219316,0.9213483146067416,0.6744638113134194,0.4352941176470589,0.5923566878980892,942,183,759
142,340,426,34,0.8068181818181818,0.556135770234987,0.2946058091286307,0.9260869565217391,0.6814769760265844,0.4316109422492401,0.6029723991507431,942,176,766
153,351,411,27,0.85,0.5393700787401575,0.30357142857142855,0.9383561643835616,0.6946850393700787,0.4473684210526316,0.5987261146496815,942,180,762
154,346,403,39,0.7979274611398963,0.5380507343124166,0.308,0.9117647058823529,0.6679890977261564,0.4444444444444444,0.5912951167728238,942,193,749
145,363,402,32,0.8192090395480226,0.5254901960784314,0.2854330708661417,0.9262672811059908,0.672349617813227,0.4233576642335766,0.5806794055201698,942,177,765
139,346,419,38,0.7853107344632768,0.5477124183006536,0.2865979381443299,0.9168490153172867,0.6665115763819652,0.419939577039275,0.5923566878980892,942,177,765
148,375,387,32,0.8222222222222222,0.5078740157480315,0.2829827915869981,0.9236276849642004,0.6650481189851268,0.4210526315789474,0.5679405520169851,942,180,762
141,360,405,36,0.7966101694915254,0.5294117647058824,0.281437125748503,0.9183673469387755,0.6630109670987039,0.415929203539823,0.5796178343949044,942,177,765
128,373,399,42,0.7529411764705882,0.5168393782383419,0.2554890219560878,0.9047619047619048,0.6348902773544651,0.3815201192250372,0.559447983014862,942,170,772
161,350,392,39,0.805,0.5283018867924528,0.3150684931506849,0.9095127610208816,0.6666509433962264,0.45288326300984527,0.5870488322717622,942,200,742
137,365,410,30,0.8203592814371258,0.5290322580645161,0.2729083665338645,0.9318181818181818,0.6746957697508209,0.4095665171898356,0.5806794055201698,942,167,775
137,395,378,32,0.8106508875739645,0.4890038809831824,0.2575187969924812,0.9219512195121952,0.6498273842785734,0.3908701854493581,0.5467091295116773,942,169,773
139,370,406,27,0.8373493975903614,0.5231958762886598,0.2730844793713163,0.9376443418013857,0.6802726369395107,0.41185185185185186,0.578556263269639,942,166,776
132,342,439,29,0.8198757763975155,0.5620998719590269,0.27848101265822783,0.938034188034188,0.6909878241782712,0.41574803149606304,0.6061571125265393,942,161,781
161,344,403,34,0.8256410256410256,0.5394912985274432,0.3188118811881188,0.9221967963386728,0.6825661620842344,0.4599999999999999,0.5987261146496815,942,195,747
146,346,413,37,0.7978142076502732,0.544137022397892,0.2967479674796748,0.9177777777777778,0.6709756150240826,0.43259259259259253,0.5934182590233545,942,183,759
141,350,421,30,0.8245614035087719,0.5460440985732814,0.28716904276985744,0.9334811529933481,0.6853027510410267,0.42598187311178254,0.5966029723991507,942,171,771
138,349,423,32,0.8117647058823529,0.5479274611398963,0.28336755646817247,0.9296703296703297,0.6798460835111246,0.4200913242009133,0.5955414012738853,942,170,772
156,345,406,35,0.8167539267015707,0.5406125166444741,0.31137724550898205,0.9206349206349206,0.6786832216730223,0.4508670520231214,0.5966029723991507,942,191,751
139,356,420,27,0.8373493975903614,0.5412371134020618,0.2808080808080808,0.9395973154362416,0.6892932554962117,0.42057488653555214,0.5934182590233545,942,166,776
149,358,396,39,0.7925531914893617,0.5251989389920424,0.2938856015779093,0.9103448275862069,0.658876065240702,0.4287769784172662,0.578556263269639,942,188,754
142,366,400,34,0.8068181818181818,0.5221932114882507,0.2795275590551181,0.9216589861751152,0.6645056966532162,0.4152046783625731,0.5753715498938429,942,176,766
138,348,417,39,0.7796610169491526,0.5450980392156862,0.2839506172839506,0.9144736842105263,0.6623795280824194,0.41628959276018096,0.589171974522293,942,177,765
127,347,436,32,0.7987421383647799,0.5568326947637292,0.2679324894514768,0.9316239316239316,0.6777874165642546,0.40126382306477093,0.5976645435244161,942,159,783
146,362,399,35,0.8066298342541437,0.5243101182654402,0.2874015748031496,0.9193548387096774,0.665469976259792,0.42380261248185774,0.578556263269639,942,181,761
157,340,405,40,0.7969543147208121,0.5436241610738255,0.3158953722334004,0.9101123595505618,0.6702892378973189,0.4524495677233429,0.5966029723991507,942,197,745
138,345,436,23,0.8571428571428571,0.558258642765685,0.2857142857142857,0.9498910675381264,0.7077007499542711,0.42857142857142855,0.6093418259023354,942,161,781
169,325,404,44,0.7934272300469484,0.5541838134430727,0.34210526315789475,0.9017857142857143,0.6738055217450105,0.4780763790664781,0.60828025477707,942,213,729
159,308,436,39,0.803030303030303,0.5860215053763441,0.3404710920770878,0.9178947368421052,0.6945259042033236,0.47819548872180445,0.6316348195329087,942,198,744
128,338,437,39,0.7664670658682635,0.5638709677419355,0.27467811158798283,0.9180672268907563,0.6651690168050994,0.40442338072669826,0.5997876857749469,942,167,775
139,359,408,36,0.7942857142857143,0.5319426336375489,0.2791164658634538,0.918918918918919,0.6631141739616315,0.413075780089153,0.5806794055201698,942,175,767
170,344,395,33,0.8374384236453202,0.5345060893098782,0.33073929961089493,0.9228971962616822,0.6859722564775992,0.4741980474198047,0.5997876857749469,942,203,739
138,352,408,44,0.7582417582417582,0.5368421052631579,0.2816326530612245,0.9026548672566371,0.647541931752458,0.4107142857142857,0.5796178343949044,942,182,760
143,351,420,28,0.8362573099415205,0.5447470817120622,0.2894736842105263,0.9375,0.6905021958267914,0.43007518796992483,0.5976645435244161,942,171,771
146,351,419,26,0.8488372093023255,0.5441558441558442,0.2937625754527163,0.9415730337078652,0.6964965267290848,0.43647234678624813,0.5997876857749469,942,172,770
139,328,438,37,0.7897727272727273,0.5718015665796344,0.29764453961456105,0.9221052631578948,0.6807871469261808,0.43234836702954904,0.6125265392781316,942,176,766
148,351,419,24,0.8604651162790697,0.5441558441558442,0.2965931863727455,0.945823927765237,0.7023104802174569,0.4411326378539493,0.6019108280254777,942,172,770
143,351,425,23,0.8614457831325302,0.5476804123711341,0.2894736842105263,0.9486607142857143,0.7045630977518321,0.43333333333333335,0.6029723991507431,942,166,776
145,335,433,29,0.8333333333333334,0.5638020833333334,0.3020833333333333,0.9372294372294372,0.6985677083333334,0.4434250764525994,0.613588110403397,942,174,768
149,342,419,32,0.8232044198895028,0.5505913272010512,0.3034623217922607,0.9290465631929047,0.686897873545277,0.44345238095238093,0.6029723991507431,942,181,761
150,352,408,32,0.8241758241758241,0.5368421052631579,0.29880478087649404,0.9272727272727272,0.6805089647194911,0.4385964912280702,0.5923566878980892,942,182,760
139,374,396,33,0.8081395348837209,0.5142857142857142,0.2709551656920078,0.9230769230769231,0.6612126245847176,0.40583941605839413,0.5679405520169851,942,172,770
161,355,394,32,0.8341968911917098,0.5260347129506008,0.312015503875969,0.9248826291079812,0.6801158020711553,0.45416078984485186,0.589171974522293,942,193,749
145,352,410,35,0.8055555555555556,0.5380577427821522,0.2917505030181087,0.9213483146067416,0.6718066491688539,0.4283604135893649,0.589171974522293,942,180,762
141,359,411,31,0.8197674418604651,0.5337662337662338,0.282,0.9298642533936652,0.6767668378133495,0.41964285714285715,0.5859872611464968,942,172,770
139,336,433,34,0.8034682080924855,0.5630689206762028,0.2926315789473684,0.9271948608137045,0.6832685643843441,0.42901234567901236,0.6072186836518046,942,173,769
152,348,401,41,0.7875647668393783,0.5353805073431241,0.304,0.9072398190045249,0.6614726370912511,0.4386724386724387,0.5870488322717622,942,193,749
131,356,426,29,0.81875,0.5447570332480819,0.26899383983572894,0.9362637362637363,0.6817535166240409,0.40494590417310666,0.5912951167728238,942,160,782
151,346,402,43,0.7783505154639175,0.5374331550802139,0.3038229376257545,0.903370786516854,0.6578918352720657,0.4370477568740955,0.5870488322717622,942,194,748
142,334,426,40,0.7802197802197802,0.5605263157894737,0.29831932773109243,0.9141630901287554,0.6703730480046269,0.4316109422492401,0.6029723991507431,942,182,760
140,337,427,38,0.7865168539325843,0.5589005235602095,0.29350104821802936,0.9182795698924732,0.6727086887463969,0.4274809160305344,0.6019108280254777,942,178,764
129,337,437,39,0.7678571428571429,0.5645994832041343,0.27682403433476394,0.9180672268907563,0.6662283130306386,0.4069400630914826,0.6008492569002123,942,168,774
127,377,404,34,0.7888198757763976,0.5172855313700384,0.251984126984127,0.9223744292237442,0.653052703573218,0.3819548872180451,0.5636942675159236,942,161,781
141,363,404,34,0.8057142857142857,0.5267275097783573,0.27976190476190477,0.9223744292237442,0.6662208977463215,0.41531664212076586,0.578556263269639,942,175,767
145,363,405,29,0.8333333333333334,0.52734375,0.2854330708661417,0.9331797235023042,0.6803385416666667,0.4252199413489736,0.583864118895966,942,174,768
136,361,415,30,0.8192771084337349,0.5347938144329897,0.27364185110663986,0.9325842696629213,0.6770354614333622,0.4102564102564103,0.5849256900212314,942,166,776
134,364,402,42,0.7613636363636364,0.5248041775456919,0.26907630522088355,0.9054054054054054,0.6430839069546641,0.3976261127596439,0.5690021231422505,942,176,766
148,333,422,39,0.7914438502673797,0.5589403973509933,0.3076923076923077,0.9154013015184381,0.6751921238091865,0.44311377245508987,0.6050955414012739,942,187,755
146,355,410,31,0.8248587570621468,0.5359477124183006,0.29141716566866266,0.9297052154195011,0.6804032347402238,0.4306784660766962,0.5902335456475584,942,177,765
156,343,392,51,0.7536231884057971,0.5333333333333333,0.312625250501002,0.8848758465011287,0.6434782608695653,0.4419263456090651,0.5817409766454352,942,207,735
150,340,417,35,0.8108108108108109,0.5508586525759577,0.30612244897959184,0.922566371681416,0.6808347316933843,0.4444444444444444,0.6019108280254777,942,185,757
157,361,388,36,0.8134715025906736,0.5180240320427236,0.3030888030888031,0.9150943396226415,0.6657477673166986,0.4416315049226442,0.578556263269639,942,193,749
139,341,420,42,0.7679558011049724,0.5519053876478318,0.28958333333333336,0.9090909090909091,0.6599305943764021,0.4205748865355522,0.5934182590233545,942,181,761
137,344,419,42,0.7653631284916201,0.5491480996068152,0.28482328482328484,0.9088937093275488,0.6572556140492176,0.41515151515151516,0.5902335456475584,942,179,763
162,334,412,34,0.826530612244898,0.5522788203753352,0.32661290322580644,0.9237668161434978,0.6894047163101166,0.4682080924855492,0.6093418259023354,942,196,746
127,372,410,33,0.79375,0.5242966751918159,0.2545090180360721,0.9255079006772009,0.6590233375959079,0.38543247344461307,0.5700636942675159,942,160,782
141,369,406,26,0.844311377245509,0.5238709677419355,0.27647058823529413,0.9398148148148148,0.6840911724937222,0.4165435745937962,0.5806794055201698,942,167,775
121,348,432,41,0.7469135802469136,0.5538461538461539,0.2579957356076759,0.9133192389006343,0.6503798670465337,0.3835182250396197,0.5870488322717622,942,162,780
155,348,400,39,0.7989690721649485,0.5347593582887701,0.3081510934393638,0.9111617312072893,0.6668642152268593,0.44476327116212333,0.589171974522293,942,194,748
133,350,427,32,0.806060606060606,0.5495495495495496,0.2753623188405797,0.9302832244008714,0.6778050778050778,0.4104938271604938,0.5944798301486199,942,165,777
142,338,426,36,0.797752808988764,0.5575916230366492,0.29583333333333334,0.922077922077922,0.6776722160127067,0.4316109422492401,0.6029723991507431,942,178,764
143,341,425,33,0.8125,0.5548302872062664,0.29545454545454547,0.9279475982532751,0.6836651436031331,0.4333333333333334,0.6029723991507431,942,176,766
146,386,383,27,0.8439306358381503,0.4980494148244473,0.2744360902255639,0.9341463414634147,0.6709900253312988,0.4141843971631206,0.5615711252653928,942,173,769
118,377,405,42,0.7375,0.5179028132992327,0.2383838383838384,0.9060402684563759,0.6277014066496164,0.36030534351145044,0.5552016985138004,942,160,782
146,364,384,48,0.7525773195876289,0.5133689839572193,0.28627450980392155,0.8888888888888888,0.6329731517724241,0.4147727272727273,0.5626326963906582,942,194,748
146,338,433,25,0.8538011695906432,0.5616083009079118,0.30165289256198347,0.9454148471615721,0.7077047352492776,0.4458015267175572,0.6146496815286624,942,171,771
161,358,394,29,0.8473684210526315,0.523936170212766,0.31021194605009633,0.9314420803782506,0.6856522956326987,0.4541607898448519,0.589171974522293,942,190,752
152,347,409,34,0.8172043010752689,0.541005291005291,0.3046092184368738,0.9232505643340858,0.67910479604028,0.4437956204379563,0.5955414012738853,942,186,756
141,346,434,21,0.8703703703703703,0.5564102564102564,0.28952772073921973,0.9538461538461539,0.7133903133903134,0.43451463790446837,0.6104033970276008,942,162,780
160,340,412,30,0.8421052631578947,0.5478723404255319,0.32,0.9321266968325792,0.6949888017917133,0.463768115942029,0.6072186836518046,942,190,752
157,368,386,31,0.8351063829787234,0.5119363395225465,0.29904761904761906,0.9256594724220624,0.673521361250635,0.44039270687237025,0.5764331210191083,942,188,754
142,348,413,39,0.7845303867403315,0.5427069645203679,0.2897959183673469,0.9137168141592921,0.6636186756303497,0.4232488822652757,0.589171974522293,942,181,761
153,357,394,38,0.8010471204188482,0.5246338215712384,0.3,0.9120370370370371,0.6628404709950433,0.43651925820256776,0.5806794055201698,942,191,751
142,342,409,49,0.743455497382199,0.5446071904127829,0.29338842975206614,0.8930131004366813,0.644031343897491,0.4207407407407408,0.5849256900212314,942,191,751
147,369,394,32,0.8212290502793296,0.5163826998689384,0.28488372093023256,0.9248826291079812,0.6688058750741339,0.42302158273381296,0.5743099787685775,942,179,763
155,336,418,33,0.824468085106383,0.5543766578249337,0.31568228105906315,0.926829268292683,0.6894223714656584,0.4565537555228277,0.60828025477707,942,188,754
168,327,411,36,0.8235294117647058,0.556910569105691,0.3393939393939394,0.9194630872483222,0.6902199904351984,0.48068669527896996,0.6146496815286624,942,204,738
137,361,413,31,0.8154761904761905,0.5335917312661499,0.2751004016064257,0.9301801801801802,0.6745339608711702,0.41141141141141135,0.583864118895966,942,168,774
136,360,414,32,0.8095238095238095,0.5348837209302325,0.27419354838709675,0.9282511210762332,0.672203765227021,0.4096385542168674,0.583864118895966,942,168,774
167,348,393,34,0.8308457711442786,0.5303643724696356,0.32427184466019415,0.9203747072599532,0.6806050718069572,0.4664804469273743,0.5944798301486199,942,201,741
144,364,397,37,0.7955801104972375,0.5216819973718791,0.28346456692913385,0.9147465437788018,0.6586310539345583,0.41799709724238027,0.5743099787685775,942,181,761
146,341,425,30,0.8295454545454546,0.5548302872062664,0.2997946611909651,0.9340659340659341,0.6921878708758604,0.440422322775264,0.6061571125265393,942,176,766
158,368,383,33,0.8272251308900523,0.5099866844207723,0.30038022813688214,0.9206730769230769,0.6686059076554123,0.44072524407252445,0.5743099787685775,942,191,751
150,360,404,28,0.8426966292134831,0.5287958115183246,0.29411764705882354,0.9351851851851852,0.6857462203659038,0.436046511627907,0.5881104033970276,942,178,764
147,372,399,24,0.8596491228070176,0.5175097276264592,0.2832369942196532,0.9432624113475178,0.6885794252167383,0.4260869565217391,0.5796178343949044,942,171,771
157,338,410,37,0.8092783505154639,0.5481283422459893,0.31717171717171716,0.9172259507829977,0.6787033463807266,0.455732946298984,0.6019108280254777,942,194,748
154,348,412,28,0.8461538461538461,0.5421052631578948,0.30677290836653387,0.9363636363636364,0.6941295546558705,0.4502923976608187,0.6008492569002123,942,182,760
140,369,394,39,0.7821229050279329,0.5163826998689384,0.275049115913556,0.9099307159353349,0.6492528024484356,0.4069767441860465,0.5668789808917197,942,179,763
143,350,413,36,0.7988826815642458,0.5412844036697247,0.29006085192697767,0.9198218262806236,0.6700835426169853,0.4255952380952381,0.5902335456475584,942,179,763
142,382,388,30,0.8255813953488372,0.5038961038961038,0.27099236641221375,0.9282296650717703,0.6647387496224706,0.4080459770114943,0.5626326963906582,942,172,770
143,362,408,29,0.8313953488372093,0.5298701298701298,0.28316831683168314,0.9336384439359268,0.6806327393536695,0.4224519940915805,0.5849256900212314,942,172,770
157,355,391,39,0.8010204081632653,0.5241286863270778,0.306640625,0.9093023255813953,0.6625745472451715,0.4435028248587571,0.5817409766454352,942,196,746
141,375,401,25,0.8493975903614458,0.5167525773195877,0.27325581395348836,0.9413145539906104,0.6830750838405167,0.41348973607038125,0.5753715498938429,942,166,776
138,359,411,34,0.8023255813953488,0.5337662337662338,0.2776659959758551,0.9235955056179775,0.6680459075807913,0.4125560538116592,0.5828025477707006,942,172,770
148,355,391,48,0.7551020408163265,0.5241286863270778,0.294234592445328,0.8906605922551253,0.6396153635717021,0.42346208869814017,0.5721868365180467,942,196,746
116,392,415,19,0.8592592592592593,0.5142503097893433,0.2283464566929134,0.956221198156682,0.6867547845243013,0.36080870917573876,0.5636942675159236,942,135,807
159,367,373,43,0.7871287128712872,0.504054054054054,0.30228136882129275,0.8966346153846154,0.6455913834626705,0.43681318681318687,0.564755838641189,942,202,740
136,335,434,37,0.7861271676300579,0.5643693107932379,0.28874734607218683,0.921443736730361,0.6752482392116479,0.422360248447205,0.6050955414012739,942,173,769
139,344,432,27,0.8373493975903614,0.5567010309278351,0.28778467908902694,0.9411764705882353,0.6970252142590982,0.428351309707242,0.6061571125265393,942,166,776
141,350,408,43,0.7663043478260869,0.5382585751978892,0.28716904276985744,0.9046563192904656,0.6522814615119881,0.41777777777777775,0.5828025477707006,942,184,758
134,362,414,32,0.8072289156626506,0.5335051546391752,0.2701612903225806,0.9282511210762332,0.670367035150913,0.40483383685800595,0.5817409766454352,942,166,776
144,366,404,28,0.8372093023255814,0.5246753246753246,0.2823529411764706,0.9351851851851852,0.6809423135004531,0.42228739002932547,0.5817409766454352,942,172,770
154,376,391,21,0.88,0.5097783572359843,0.29056603773584905,0.9490291262135923,0.6948891786179922,0.43687943262411344,0.578556263269639,942,175,767
142,339,430,31,0.8208092485549133,0.5591677503250976,0.29521829521829523,0.9327548806941431,0.6899884994400054,0.43425076452599387,0.6072186836518046,942,173,769
156,336,414,36,0.8125,0.552,0.3170731707317073,0.92,0.68225,0.45614035087719296,0.6050955414012739,942,192,750
151,360,405,26,0.8531073446327684,0.5294117647058824,0.29549902152641877,0.9396751740139211,0.6912595546693254,0.438953488372093,0.5902335456475584,942,177,765
149,367,392,34,0.8142076502732241,0.5164690382081687,0.28875968992248063,0.92018779342723,0.6653383442406964,0.4263233190271817,0.5743099787685775,942,183,759
157,340,413,32,0.8306878306878307,0.548472775564409,0.3158953722334004,0.9280898876404494,0.6895803031261198,0.4577259475218659,0.6050955414012739,942,189,753
135,364,415,28,0.8282208588957055,0.5327342747111682,0.27054108216432865,0.9367945823927766,0.6804775668034369,0.4078549848942598,0.583864118895966,942,163,779
159,374,375,34,0.8238341968911918,0.5006675567423231,0.29831144465290804,0.9168704156479217,0.6622508768167574,0.4380165289256198,0.5668789808917197,942,193,749
141,344,420,37,0.7921348314606742,0.5497382198952879,0.2907216494845361,0.9190371991247265,0.6709365256779811,0.42533936651583715,0.5955414012738853,942,178,764
125,355,424,38,0.7668711656441718,0.5442875481386393,0.2604166666666667,0.9177489177489178,0.6555793568914056,0.38880248833592534,0.5828025477707006,942,163,779
158,359,400,25,0.8633879781420765,0.5270092226613966,0.3056092843326886,0.9411764705882353,0.6951986004017365,0.45142857142857135,0.5923566878980892,942,183,759
152,350,409,31,0.8306010928961749,0.538866930171278,0.30278884462151395,0.9295454545454546,0.6847340115337264,0.44379562043795623,0.5955414012738853,942,183,759
147,330,424,41,0.7819148936170213,0.5623342175066313,0.3081761006289308,0.9118279569892473,0.6721245555618263,0.4421052631578947,0.6061571125265393,942,188,754
165,370,384,23,0.8776595744680851,0.5092838196286472,0.308411214953271,0.9434889434889435,0.6934716970483661,0.45643153526970953,0.5828025477707006,942,188,754
134,336,429,43,0.7570621468926554,0.5607843137254902,0.2851063829787234,0.9088983050847458,0.6589232303090728,0.41421947449768165,0.5976645435244161,942,177,765
145,366,397,34,0.8100558659217877,0.5203145478374837,0.2837573385518591,0.9211136890951276,0.6651852068796357,0.4202898550724637,0.5753715498938429,942,179,763
145,371,382,44,0.7671957671957672,0.5073041168658698,0.2810077519379845,0.8967136150234741,0.6372499420308185,0.41134751773049644,0.559447983014862,942,189,753
150,354,407,31,0.8287292817679558,0.5348226018396847,0.2976190476190476,0.9292237442922374,0.6817759418038203,0.43795620437956206,0.5912951167728238,942,181,761
145,367,397,33,0.8146067415730337,0.5196335078534031,0.283203125,0.9232558139534883,0.6671201247132184,0.4202898550724638,0.5753715498938429,942,178,764
134,352,428,28,0.8271604938271605,0.5487179487179488,0.2757201646090535,0.9385964912280702,0.6879392212725546,0.41358024691358025,0.5966029723991507,942,162,780
130,354,418,40,0.7647058823529411,0.5414507772020726,0.26859504132231404,0.9126637554585153,0.6530783297775069,0.39755351681957185,0.5817409766454352,942,170,772
140,353,408,41,0.7734806629834254,0.5361366622864652,0.2839756592292089,0.9086859688195991,0.6548086626349453,0.41543026706231456,0.5817409766454352,942,181,761
149,351,414,28,0.8418079096045198,0.5411764705882353,0.298,0.9366515837104072,0.6914921900963775,0.44017725258493356,0.5976645435244161,942,177,765
147,355,410,30,0.8305084745762712,0.5359477124183006,0.29282868525896416,0.9318181818181818,0.6832280934972859,0.4329896907216495,0.5912951167728238,942,177,765
148,337,421,36,0.8043478260869565,0.5554089709762533,0.30515463917525776,0.9212253829321663,0.6798783985316049,0.4424514200298954,0.6040339702760085,942,184,758
139,343,434,26,0.8424242424242424,0.5585585585585585,0.2883817427385892,0.9434782608695652,0.7004914004914005,0.42967542503863987,0.60828025477707,942,165,777
154,357,389,42,0.7857142857142857,0.5214477211796247,0.3013698630136986,0.9025522041763341,0.6535810034469551,0.43564356435643564,0.5764331210191083,942,196,746
141,350,422,29,0.8294117647058824,0.5466321243523317,0.28716904276985744,0.9356984478935698,0.688021944529107,0.426626323751891,0.5976645435244161,942,170,772
135,358,412,37,0.7848837209302325,0.535064935064935,0.2738336713995943,0.9175946547884187,0.6599743279975838,0.40601503759398494,0.5806794055201698,942,172,770
123,383,402,34,0.7834394904458599,0.5121019108280255,0.24308300395256918,0.9220183486238532,0.6477707006369426,0.3710407239819005,0.5573248407643312,942,157,785
143,327,437,35,0.8033707865168539,0.5719895287958116,0.30425531914893617,0.9258474576271186,0.6876801576563327,0.441358024691358,0.6157112526539278,942,178,764
137,341,424,40,0.7740112994350282,0.5542483660130719,0.28661087866108786,0.9137931034482759,0.6641298327240501,0.4183206106870229,0.5955414012738853,942,177,765
126,366,418,32,0.7974683544303798,0.5331632653061225,0.25609756097560976,0.9288888888888889,0.6653158098682511,0.3876923076923077,0.5774946921443737,942,158,784
155,320,430,37,0.8072916666666666,0.5733333333333334,0.3263157894736842,0.9207708779443254,0.6903125,0.46476761619190404,0.6210191082802548,942,192,750
163,309,436,34,0.8274111675126904,0.5852348993288591,0.3453389830508475,0.9276595744680851,0.7063230334207747,0.4872944693572496,0.6358811040339702,942,197,745
141,352,414,35,0.8011363636363636,0.5404699738903395,0.28600405679513186,0.9220489977728286,0.6708031687633516,0.42152466367713004,0.589171974522293,942,176,766
151,353,395,43,0.7783505154639175,0.5280748663101604,0.2996031746031746,0.9018264840182648,0.653212690887039,0.4326647564469914,0.5796178343949044,942,194,748
149,351,411,31,0.8277777777777777,0.5393700787401575,0.298,0.9298642533936652,0.6835739282589677,0.438235294117647,0.5944798301486199,942,180,762
162,318,430,32,0.8350515463917526,0.5748663101604278,0.3375,0.9307359307359307,0.7049589282760902,0.4807121661721069,0.6284501061571125,942,194,748
153,359,399,31,0.8315217391304348,0.5263852242744064,0.298828125,0.9279069767441861,0.6789534817024205,0.43965517241379315,0.5859872611464968,942,184,758
179,315,412,36,0.8325581395348837,0.5667125171939478,0.3623481781376518,0.9196428571428571,0.6996353283644157,0.5049365303244006,0.6273885350318471,942,215,727
127,381,394,40,0.7604790419161677,0.5083870967741936,0.25,0.9078341013824884,0.6344330693451806,0.37629629629629635,0.5530785562632696,942,167,775
147,338,422,35,0.8076923076923077,0.5552631578947368,0.3030927835051546,0.9234135667396062,0.6814777327935222,0.4407796101949025,0.6040339702760085,942,182,760
141,363,410,28,0.834319526627219,0.5304010349288486,0.27976190476190477,0.9360730593607306,0.6823602807780338,0.4190193164933136,0.5849256900212314,942,169,773
154,368,392,28,0.8461538461538461,0.5157894736842106,0.2950191570881226,0.9333333333333333,0.6809716599190283,0.4375,0.5796178343949044,942,182,760
145,375,391,31,0.8238636363636364,0.5104438642297651,0.27884615384615385,0.9265402843601895,0.6671537502967007,0.4166666666666667,0.5690021231422505,942,176,766
133,359,405,45,0.7471910112359551,0.5301047120418848,0.2703252032520325,0.9,0.63864786163892,0.3970149253731343,0.5711252653927813,942,178,764
127,365,419,31,0.8037974683544303,0.5344387755102041,0.258130081300813,0.9311111111111111,0.6691181219323172,0.3907692307692307,0.5796178343949044,942,158,784
137,375,396,34,0.8011695906432749,0.5136186770428015,0.267578125,0.9209302325581395,0.6573941338430382,0.4011713030746705,0.5658174097664543,942,171,771
140,366,397,39,0.7821229050279329,0.5203145478374837,0.2766798418972332,0.9105504587155964,0.6512187264327083,0.40875912408759124,0.5700636942675159,942,179,763
151,360,402,29,0.8388888888888889,0.5275590551181102,0.29549902152641877,0.9327146171693735,0.6832239720034996,0.4370477568740955,0.5870488322717622,942,180,762
148,372,393,29,0.8361581920903954,0.5137254901960784,0.2846153846153846,0.9312796208530806,0.6749418411432369,0.42467718794835,0.5743099787685775,942,177,765
147,376,383,36,0.8032786885245902,0.5046113306982872,0.28107074569789675,0.9140811455847255,0.6539450096114388,0.4164305949008499,0.5626326963906582,942,183,759
132,375,410,25,0.8407643312101911,0.5222929936305732,0.2603550295857988,0.9425287356321839,0.6815286624203822,0.39759036144578314,0.5753715498938429,942,157,785
148,352,413,29,0.8361581920903954,0.5398692810457516,0.296,0.9343891402714932,0.6880137365680735,0.43722304283604135,0.5955414012738853,942,177,765
143,336,425,38,0.7900552486187845,0.5584756898817346,0.2985386221294363,0.91792656587473,0.6742654692502595,0.43333333333333335,0.6029723991507431,942,181,761
152,335,414,41,0.7875647668393783,0.5527369826435247,0.31211498973305957,0.9098901098901099,0.6701508747414515,0.44705882352941173,0.6008492569002123,942,193,749
140,353,416,33,0.8092485549132948,0.540962288686606,0.2839756592292089,0.9265033407572383,0.6751054217999504,0.42042042042042044,0.5902335456475584,942,173,769
132,366,408,36,0.7857142857142857,0.5271317829457365,0.26506024096385544,0.918918918918919,0.656423034330011,0.3963963963963964,0.5732484076433121,942,168,774
163,357,397,25,0.8670212765957447,0.5265251989389921,0.31346153846153846,0.9407582938388626,0.6967732377673683,0.46045197740113,0.5944798301486199,942,188,754
125,335,446,36,0.7763975155279503,0.5710627400768246,0.2717391304347826,0.9253112033195021,0.6737301278023875,0.4025764895330112,0.6061571125265393,942,161,781
150,340,419,33,0.819672131147541,0.5520421607378129,0.30612244897959184,0.9269911504424779,0.685857145942677,0.44576523031203563,0.6040339702760085,942,183,759
144,367,394,37,0.7955801104972375,0.5177398160315374,0.28180039138943247,0.91415313225058,0.6566599632643875,0.41618497109826585,0.5711252653927813,942,181,761
132,354,415,41,0.7630057803468208,0.5396618985695709,0.2716049382716049,0.9100877192982456,0.6513338394581958,0.4006069802731411,0.5806794055201698,942,173,769
161,370,374,37,0.8131313131313131,0.5026881720430108,0.3032015065913371,0.9099756690997567,0.657909742587162,0.4417009602194787,0.5679405520169851,942,198,744
159,338,411,34,0.8238341968911918,0.5487316421895861,0.3199195171026157,0.9235955056179775,0.686282919540389,0.46086956521739136,0.6050955414012739,942,193,749
154,344,405,39,0.7979274611398963,0.540720961281709,0.3092369477911647,0.9121621621621622,0.6693242112108027,0.4457308248914616,0.5934182590233545,942,193,749
140,351,411,40,0.7777777777777778,0.5393700787401575,0.285132382892057,0.9113082039911308,0.6585739282589677,0.4172876304023845,0.5849256900212314,942,180,762
155,340,410,37,0.8072916666666666,0.5466666666666666,0.31313131313131315,0.9172259507829977,0.6769791666666667,0.4512372634643378,0.5997876857749469,942,192,750
144,361,392,45,0.7619047619047619,0.5205843293492696,0.2851485148514851,0.897025171624714,0.6412445456270157,0.41498559077809793,0.5690021231422505,942,189,753
145,350,419,28,0.838150289017341,0.5448634590377113,0.29292929292929293,0.9373601789709173,0.6915068740275261,0.4341317365269461,0.5987261146496815,942,173,769
133,372,404,33,0.8012048192771084,0.520618556701031,0.2633663366336634,0.9244851258581236,0.6609116879890697,0.3964232488822653,0.5700636942675159,942,166,776
147,334,414,47,0.7577319587628866,0.553475935828877,0.30561330561330563,0.8980477223427332,0.6556039472958818,0.43555555555555553,0.5955414012738853,942,194,748
143,372,398,29,0.8313953488372093,0.5168831168831168,0.27766990291262134,0.9320843091334895,0.6741392328601631,0.41630276564774377,0.5743099787685775,942,172,770
152,361,401,28,0.8444444444444444,0.526246719160105,0.2962962962962963,0.9347319347319347,0.6853455818022747,0.43867243867243855,0.5870488322717622,942,180,762
149,375,383,35,0.8097826086956522,0.5052770448548812,0.28435114503816794,0.916267942583732,0.6575298267752667,0.42090395480225995,0.564755838641189,942,184,758
167,347,398,30,0.8477157360406091,0.5342281879194631,0.32490272373540857,0.9299065420560748,0.6909719619800361,0.469760900140647,0.5997876857749469,942,197,745
125,372,418,27,0.8223684210526315,0.529113924050633,0.2515090543259557,0.9393258426966292,0.6757411725516322,0.3852080123266564,0.5764331210191083,942,152,790
150,341,417,34,0.8152173913043478,0.5501319261213721,0.3054989816700611,0.9246119733924612,0.6826746587128599,0.4444444444444444,0.6019108280254777,942,184,758
150,355,400,37,0.8021390374331551,0.5298013245033113,0.297029702970297,0.9153318077803204,0.6659701809682332,0.43352601156069365,0.583864118895966,942,187,755
133,353,423,33,0.8012048192771084,0.5451030927835051,0.2736625514403292,0.9276315789473685,0.6731539560303068,0.4079754601226993,0.5902335456475584,942,166,776
143,354,420,25,0.8511904761904762,0.5426356589147286,0.28772635814889336,0.9438202247191011,0.6969130675526024,0.4300751879699248,0.5976645435244161,942,168,774
147,357,407,31,0.8258426966292135,0.5327225130890052,0.2916666666666667,0.9292237442922374,0.6792826048591094,0.43108504398826986,0.5881104033970276,942,178,764
131,359,413,39,0.7705882352941177,0.5349740932642487,0.2673469387755102,0.9137168141592921,0.6527811642791832,0.396969696969697,0.5774946921443737,942,170,772
133,360,422,27,0.83125,0.5396419437340153,0.2697768762677485,0.9398663697104677,0.6854459718670076,0.40735068912710565,0.589171974522293,942,160,782
142,381,395,24,0.8554216867469879,0.509020618556701,0.27151051625239003,0.9427207637231504,0.6822211526518445,0.41219158200290273,0.5700636942675159,942,166,776
154,358,394,36,0.8105263157894737,0.523936170212766,0.30078125,0.9162790697674419,0.6672312430011198,0.43874643874643876,0.5817409766454352,942,190,752
149,347,408,38,0.7967914438502673,0.5403973509933775,0.3004032258064516,0.9147982062780269,0.6685943974218225,0.4363103953147877,0.5912951167728238,942,187,755
171,351,388,32,0.8423645320197044,0.5250338294993234,0.3275862068965517,0.9238095238095239,0.6836991807595139,0.4717241379310344,0.5934182590233545,942,203,739
156,348,398,40,0.7959183673469388,0.5335120643431636,0.30952380952380953,0.908675799086758,0.6647152158450511,0.44571428571428573,0.5881104033970276,942,196,746
143,356,404,39,0.7857142857142857,0.531578947368421,0.2865731462925852,0.9119638826185101,0.6586466165413534,0.4199706314243759,0.5806794055201698,942,182,760
145,358,407,32,0.8192090395480226,0.5320261437908497,0.2882703777335984,0.9271070615034168,0.6756175916694361,0.4264705882352942,0.5859872611464968,942,177,765
124,347,424,47,0.7251461988304093,0.5499351491569391,0.2632696390658174,0.9002123142250531,0.6375406739936742,0.3862928348909657,0.5817409766454352,942,171,771
144,365,407,26,0.8470588235294118,0.5272020725388601,0.2829076620825147,0.9399538106235565,0.6871304480341359,0.42415316642120765,0.5849256900212314,942,170,772
154,340,420,28,0.8461538461538461,0.5526315789473685,0.3117408906882591,0.9375,0.6993927125506073,0.45562130177514787,0.6093418259023354,942,182,760
147,345,419,31,0.8258426966292135,0.5484293193717278,0.29878048780487804,0.9311111111111111,0.6871360080004707,0.43880597014925377,0.6008492569002123,942,178,764
148,356,405,33,0.8176795580110497,0.5321944809461235,0.29365079365079366,0.9246575342465754,0.6749370194785866,0.4321167883211679,0.5870488322717622,942,181,761
134,363,407,38,0.7790697674418605,0.5285714285714286,0.26961770623742454,0.9146067415730337,0.6538205980066445,0.40059790732436473,0.5743099787685775,942,172,770
150,343,421,28,0.8426966292134831,0.5510471204188482,0.30425963488843816,0.9376391982182628,0.6968718748161656,0.44709388971684055,0.6061571125265393,942,178,764
138,347,416,41,0.770949720670391,0.54521625163827,0.2845360824742268,0.9102844638949672,0.6580829861543305,0.41566265060240953,0.5881104033970276,942,179,763
143,370,395,34,0.807909604519774,0.5163398692810458,0.2787524366471735,0.9207459207459208,0.66212473690041,0.4144927536231884,0.5711252653927813,942,177,765
142,345,425,30,0.8255813953488372,0.551948051948052,0.2915811088295688,0.9340659340659341,0.6887647236484447,0.43095599393019723,0.6019108280254777,942,172,770
158,344,403,37,0.8102564102564103,0.5394912985274432,0.3147410358565737,0.9159090909090909,0.6748738543919267,0.45337159253945486,0.5955414012738853,942,195,747
155,350,411,26,0.856353591160221,0.5400788436268068,0.3069306930693069,0.9405034324942791,0.6982162173935139,0.45189504373177847,0.6008492569002123,942,181,761
139,376,386,41,0.7722222222222223,0.5065616797900262,0.26990291262135924,0.9039812646370023,0.6393919510061242,0.39999999999999997,0.5573248407643312,942,180,762
156,345,407,34,0.8210526315789474,0.5412234042553191,0.31137724550898205,0.9229024943310657,0.6811380179171332,0.4515195369030391,0.5976645435244161,942,190,752
155,362,390,35,0.8157894736842105,0.5186170212765957,0.29980657640232106,0.9176470588235294,0.667203247480403,0.4384724186704384,0.578556263269639,942,190,752
128,394,397,23,0.847682119205298,0.5018963337547409,0.24521072796934865,0.9452380952380952,0.6747892264800195,0.38038632986627047,0.5573248407643312,942,151,791
126,368,413,35,0.782608695652174,0.528809218950064,0.2550607287449393,0.921875,0.655708957301119,0.38473282442748097,0.5721868365180467,942,161,781
163,342,399,38,0.8109452736318408,0.5384615384615384,0.3227722772277228,0.9130434782608695,0.6747034060466897,0.4617563739376771,0.5966029723991507,942,201,741
142,358,408,34,0.8068181818181818,0.5326370757180157,0.284,0.9230769230769231,0.6697276287680987,0.42011834319526625,0.583864118895966,942,176,766
135,338,420,49,0.7336956521739131,0.554089709762533,0.2854122621564482,0.8955223880597015,0.643892680968223,0.4109589041095891,0.589171974522293,942,184,758
131,347,437,27,0.8291139240506329,0.5573979591836735,0.27405857740585776,0.9418103448275862,0.6932559416171532,0.4119496855345912,0.6029723991507431,942,158,784
150,341,417,34,0.8152173913043478,0.5501319261213721,0.3054989816700611,0.9246119733924612,0.6826746587128599,0.4444444444444444,0.6019108280254777,942,184,758
139,339,423,41,0.7722222222222223,0.5551181102362205,0.2907949790794979,0.9116379310344828,0.6636701662292214,0.42249240121580556,0.5966029723991507,942,180,762
132,361,410,39,0.7719298245614035,0.5317769130998703,0.26774847870182555,0.9131403118040089,0.6518533688306369,0.39759036144578314,0.5753715498938429,942,171,771
135,348,418,41,0.7670454545454546,0.5456919060052219,0.2795031055900621,0.9106753812636166,0.6563686802753382,0.40971168437025796,0.5870488322717622,942,176,766
141,341,427,33,0.8103448275862069,0.5559895833333334,0.2925311203319502,0.9282608695652174,0.6831672054597702,0.4298780487804878,0.6029723991507431,942,174,768
130,348,430,34,0.7926829268292683,0.5526992287917738,0.2719665271966527,0.9267241379310345,0.6726910778105211,0.40498442367601245,0.5944798301486199,942,164,778
131,374,400,37,0.7797619047619048,0.5167958656330749,0.2594059405940594,0.9153318077803204,0.6482788851974899,0.38930163447251115,0.5636942675159236,942,168,774
138,362,410,32,0.8117647058823529,0.5310880829015544,0.276,0.9276018099547512,0.6714263943919536,0.4119402985074627,0.5817409766454352,942,170,772
129,363,413,37,0.7771084337349398,0.5322164948453608,0.2621951219512195,0.9177777777777778,0.6546624642901503,0.39209726443769,0.5753715498938429,942,166,776
143,345,426,28,0.8362573099415205,0.5525291828793775,0.2930327868852459,0.9383259911894273,0.694393246410449,0.43399089529590296,0.6040339702760085,942,171,771
135,362,408,37,0.7848837209302325,0.5298701298701298,0.2716297786720322,0.9168539325842696,0.6573769254001811,0.40358744394618834,0.5764331210191083,942,172,770
139,342,431,30,0.8224852071005917,0.5575679172056921,0.288981288981289,0.9349240780911063,0.6900265621531418,0.4276923076923077,0.6050955414012739,942,169,773
132,389,392,29,0.8198757763975155,0.5019206145966709,0.2533589251439539,0.9311163895486936,0.6608981954970932,0.3870967741935484,0.5562632696390658,942,161,781
135,346,432,29,0.823170731707317,0.5552699228791774,0.2806652806652807,0.9370932754880694,0.6892203272932472,0.4186046511627907,0.6019108280254777,942,164,778
147,356,410,29,0.8352272727272727,0.5352480417754569,0.2922465208747515,0.9339407744874715,0.6852376572513648,0.4329896907216495,0.5912951167728238,942,176,766
147,331,427,37,0.7989130434782609,0.5633245382585752,0.3075313807531381,0.9202586206896551,0.681118790868418,0.44410876132930516,0.6093418259023354,942,184,758
147,361,401,33,0.8166666666666667,0.526246719160105,0.28937007874015747,0.923963133640553,0.6714566929133858,0.4273255813953488,0.5817409766454352,942,180,762
138,362,406,36,0.7931034482758621,0.5286458333333334,0.276,0.918552036199095,0.6608746408045978,0.40949554896142437,0.5774946921443737,942,174,768
144,342,423,33,0.8135593220338984,0.5529411764705883,0.2962962962962963,0.9276315789473685,0.6832502492522433,0.43438914027149317,0.6019108280254777,942,177,765
129,361,412,40,0.7633136094674556,0.5329883570504528,0.26326530612244897,0.911504424778761,0.6481509832589543,0.3915022761760243,0.5743099787685775,942,169,773
130,357,420,35,0.7878787878787878,0.5405405405405406,0.2669404517453799,0.9230769230769231,0.6642096642096642,0.3987730061349693,0.583864118895966,942,165,777
155,360,393,34,0.8201058201058201,0.5219123505976095,0.30097087378640774,0.9203747072599532,0.6710090853517148,0.4403409090909091,0.5817409766454352,942,189,753
142,371,388,41,0.7759562841530054,0.5111989459815547,0.27680311890838205,0.9044289044289044,0.6435776150672801,0.40804597701149425,0.5626326963906582,942,183,759
148,354,414,26,0.8505747126436781,0.5390625,0.2948207171314741,0.9409090909090909,0.6948186063218391,0.43786982248520706,0.5966029723991507,942,174,768
154,360,402,26,0.8555555555555555,0.5275590551181102,0.29961089494163423,0.9392523364485982,0.6915573053368329,0.4438040345821326,0.5902335456475584,942,180,762
131,379,404,28,0.8238993710691824,0.5159642401021711,0.2568627450980392,0.9351851851851852,0.6699318055856768,0.39162929745889385,0.5679405520169851,942,159,783
154,362,393,33,0.8235294117647058,0.5205298013245033,0.29844961240310075,0.9225352112676056,0.6720296065446045,0.43812233285917496,0.5806794055201698,942,187,755
138,346,427,31,0.8165680473372781,0.5523932729624839,0.28512396694214875,0.9323144104803494,0.684480660149881,0.4226646248085758,0.5997876857749469,942,169,773
156,326,426,34,0.8210526315789474,0.5664893617021277,0.3236514522821577,0.9260869565217391,0.6937709966405375,0.46428571428571425,0.6178343949044586,942,190,752
145,362,401,34,0.8100558659217877,0.5255570117955439,0.2859960552268245,0.9218390804597701,0.6678064388586658,0.4227405247813411,0.5796178343949044,942,179,763
150,354,401,37,0.8021390374331551,0.5311258278145695,0.2976190476190476,0.9155251141552512,0.6666324326238623,0.43415340086830684,0.5849256900212314,942,187,755
143,360,410,29,0.8313953488372093,0.5324675324675324,0.28429423459244535,0.9339407744874715,0.6819314406523709,0.42370370370370375,0.5870488322717622,942,172,770
147,314,444,37,0.7989130434782609,0.5857519788918206,0.3188720173535792,0.9230769230769231,0.6923325111850407,0.45581395348837206,0.6273885350318471,942,184,758
130,387,387,38,0.7738095238095238,0.5,0.2514506769825919,0.9105882352941177,0.6369047619047619,0.3795620437956205,0.5488322717622081,942,168,774
145,341,424,32,0.8192090395480226,0.5542483660130719,0.29835390946502055,0.9298245614035088,0.6867287027805473,0.4374057315233785,0.6040339702760085,942,177,765
151,347,408,36,0.8074866310160428,0.5403973509933775,0.3032128514056225,0.918918918918919,0.6739419910047102,0.4408759124087592,0.5934182590233545,942,187,755
137,377,402,26,0.8404907975460123,0.5160462130937099,0.26653696498054474,0.9392523364485982,0.6782685053198612,0.4047267355982275,0.5721868365180467,942,163,779
140,354,407,41,0.7734806629834254,0.5348226018396847,0.2834008097165992,0.9084821428571429,0.654151632411555,0.4148148148148148,0.5806794055201698,942,181,761
143,378,380,41,0.7771739130434783,0.5013192612137203,0.2744721689059501,0.9026128266033254,0.6392465871285993,0.40567375886524826,0.5552016985138004,942,184,758
143,362,410,27,0.8411764705882353,0.5310880829015544,0.28316831683168314,0.9382151029748284,0.6861322767448949,0.4237037037037037,0.5870488322717622,942,170,772
161,358,386,37,0.8131313131313131,0.5188172043010753,0.31021194605009633,0.9125295508274232,0.6659742587161942,0.44909344490934455,0.5806794055201698,942,198,744
137,359,417,29,0.8253012048192772,0.5373711340206185,0.2762096774193548,0.9349775784753364,0.6813361694199478,0.41389728096676737,0.5881104033970276,942,166,776
146,360,400,36,0.8021978021978022,0.5263157894736842,0.2885375494071146,0.9174311926605505,0.6642567958357433,0.4244186046511629,0.5796178343949044,942,182,760
158,362,386,36,0.8144329896907216,0.516042780748663,0.3038461538461538,0.9146919431279621,0.6652378852196923,0.4425770308123249,0.5774946921443737,942,194,748
133,346,438,25,0.8417721518987342,0.5586734693877551,0.2776617954070981,0.9460043196544277,0.7002228106432447,0.4175824175824176,0.6061571125265393,942,158,784
142,335,429,36,0.797752808988764,0.5615183246073299,0.2976939203354298,0.9225806451612903,0.6796355667980469,0.433587786259542,0.6061571125265393,942,178,764
145,361,404,32,0.8192090395480226,0.5281045751633987,0.2865612648221344,0.926605504587156,0.6736568073557107,0.424597364568082,0.5828025477707006,942,177,765
171,325,407,39,0.8142857142857143,0.5560109289617486,0.34475806451612906,0.9125560538116592,0.6851483216237315,0.48441926345609065,0.613588110403397,942,210,732
158,367,388,29,0.8449197860962567,0.5139072847682119,0.30095238095238097,0.9304556354916067,0.6794135354322344,0.4438202247191011,0.5796178343949044,942,187,755
131,360,415,36,0.7844311377245509,0.535483870967742,0.2668024439918534,0.9201773835920177,0.6599575043461464,0.39817629179331304,0.5796178343949044,942,167,775
135,380,392,35,0.7941176470588235,0.5077720207253886,0.2621359223300971,0.9180327868852459,0.650944833892106,0.3941605839416058,0.559447983014862,942,170,772
150,342,416,34,0.8152173913043478,0.5488126649076517,0.3048780487804878,0.9244444444444444,0.6820150281059998,0.4437869822485207,0.6008492569002123,942,184,758
130,375,399,38,0.7738095238095238,0.5155038759689923,0.25742574257425743,0.9130434782608695,0.644656699889258,0.38632986627043087,0.5615711252653928,942,168,774
158,387,368,29,0.8449197860962567,0.48741721854304637,0.28990825688073396,0.9269521410579346,0.6661685023196515,0.43169398907103834,0.5583864118895966,942,187,755
116,350,447,29,0.8,0.560853199498118,0.24892703862660945,0.9390756302521008,0.6804265997490591,0.37970540098199673,0.5976645435244161,942,145,797
142,350,420,30,0.8255813953488372,0.5454545454545454,0.2886178861788618,0.9333333333333333,0.6855179704016914,0.42771084337349397,0.5966029723991507,942,172,770
132,354,414,42,0.7586206896551724,0.5390625,0.2716049382716049,0.9078947368421053,0.6488415948275862,0.39999999999999997,0.5796178343949044,942,174,768
141,353,411,37,0.7921348314606742,0.5379581151832461,0.2854251012145749,0.9174107142857143,0.6650464733219601,0.4196428571428572,0.5859872611464968,942,178,764
155,336,424,27,0.8516483516483516,0.5578947368421052,0.31568228105906315,0.9401330376940134,0.7047715442452285,0.46062407132243693,0.6146496815286624,942,182,760
126,366,414,36,0.7777777777777778,0.5307692307692308,0.25609756097560976,0.92,0.6542735042735043,0.38532110091743116,0.5732484076433121,942,162,780
148,375,386,33,0.8176795580110497,0.507227332457293,0.2829827915869981,0.9212410501193318,0.6624534452341714,0.4204545454545454,0.5668789808917197,942,181,761
154,324,431,33,0.8235294117647058,0.5708609271523178,0.32217573221757323,0.9288793103448276,0.6971951694585119,0.46315789473684216,0.6210191082802548,942,187,755
141,376,390,35,0.8011363636363636,0.5091383812010444,0.2727272727272727,0.9176470588235294,0.655137372418704,0.4069264069264069,0.5636942675159236,942,176,766
159,355,401,27,0.8548387096774194,0.5304232804232805,0.3093385214007782,0.9369158878504673,0.69263099505035,0.45428571428571435,0.5944798301486199,942,186,756
146,366,396,34,0.8111111111111111,0.5196850393700787,0.28515625,0.9209302325581395,0.6653980752405949,0.4219653179190751,0.5753715498938429,942,180,762
164,344,402,32,0.8367346938775511,0.5388739946380697,0.3228346456692913,0.9262672811059908,0.6878043442578103,0.46590909090909083,0.6008492569002123,942,196,746
158,322,421,41,0.7939698492462312,0.566621803499327,0.32916666666666666,0.9112554112554112,0.6802958263727791,0.46539027982326947,0.6146496815286624,942,199,743
133,375,404,30,0.8159509202453987,0.5186136071887034,0.2618110236220472,0.9308755760368663,0.667282263717051,0.39642324888226527,0.5700636942675159,942,163,779
155,337,418,32,0.8288770053475936,0.5536423841059602,0.3150406504065041,0.9288888888888889,0.6912596947267768,0.45655375552282773,0.60828025477707,942,187,755
160,350,405,27,0.8556149732620321,0.5364238410596026,0.3137254901960784,0.9375,0.6960194071608173,0.4591104734576757,0.5997876857749469,942,187,755
136,368,402,36,0.7906976744186046,0.522077922077922,0.2698412698412698,0.9178082191780822,0.6563877982482633,0.4023668639053254,0.5711252653927813,942,172,770
132,363,414,33,0.8,0.5328185328185329,0.26666666666666666,0.9261744966442953,0.6664092664092665,0.4,0.5796178343949044,942,165,777
150,355,410,27,0.847457627118644,0.5359477124183006,0.297029702970297,0.9382151029748284,0.6917026697684723,0.4398826979472141,0.5944798301486199,942,177,765
178,317,411,36,0.8317757009345794,0.5645604395604396,0.3595959595959596,0.9194630872483222,0.6981680702475095,0.5021156558533145,0.6252653927813163,942,214,728
146,358,401,37,0.7978142076502732,0.52832674571805,0.2896825396825397,0.9155251141552512,0.6630704766841616,0.4250363901018923,0.5806794055201698,942,183,759
168,352,393,29,0.8527918781725888,0.5275167785234899,0.3230769230769231,0.9312796208530806,0.6901543283480394,0.4686192468619247,0.5955414012738853,942,197,745
137,337,438,30,0.8203592814371258,0.5651612903225807,0.2890295358649789,0.9358974358974359,0.6927602858798532,0.42745709828393136,0.6104033970276008,942,167,775
139,357,421,25,0.8475609756097561,0.5411311053984575,0.28024193548387094,0.9439461883408071,0.6943460405041069,0.4212121212121212,0.5944798301486199,942,164,778
140,342,426,34,0.8045977011494253,0.5546875,0.29045643153526973,0.9260869565217391,0.6796426005747127,0.426829268292683,0.6008492569002123,942,174,768
131,345,428,38,0.7751479289940828,0.553686934023286,0.27521008403361347,0.9184549356223176,0.6644174315086844,0.40620155038759687,0.5934182590233545,942,169,773
133,347,420,42,0.76,0.5475880052151239,0.27708333333333335,0.9090909090909091,0.6537940026075619,0.40610687022900765,0.5870488322717622,942,175,767
116,346,462,18,0.8656716417910447,0.5717821782178217,0.2510822510822511,0.9625,0.7187269100044332,0.3892617449664429,0.613588110403397,942,134,808
155,366,387,34,0.8201058201058201,0.5139442231075697,0.29750479846449135,0.9192399049881235,0.6670250216066949,0.43661971830985913,0.5753715498938429,942,189,753
140,347,427,28,0.8333333333333334,0.5516795865633075,0.2874743326488706,0.9384615384615385,0.6925064599483204,0.42748091603053434,0.6019108280254777,942,168,774
153,351,413,25,0.8595505617977528,0.5405759162303665,0.30357142857142855,0.9429223744292238,0.7000632390140596,0.4486803519061583,0.6008492569002123,942,178,764
138,367,404,33,0.8070175438596491,0.5239948119325551,0.2732673267326733,0.9244851258581236,0.6655061778961021,0.40828402366863903,0.5753715498938429,942,171,771
152,344,405,41,0.7875647668393783,0.540720961281709,0.3064516129032258,0.9080717488789237,0.6641428640605436,0.4412191582002903,0.5912951167728238,942,193,749
144,374,394,30,0.8275862068965517,0.5130208333333334,0.277992277992278,0.9292452830188679,0.6703035201149425,0.4161849710982659,0.5711252653927813,942,174,768
151,324,425,42,0.7823834196891192,0.5674232309746329,0.3178947368421053,0.9100642398286938,0.674903325331876,0.45209580838323354,0.6114649681528662,942,193,749
147,369,393,33,0.8166666666666667,0.515748031496063,0.28488372093023256,0.9225352112676056,0.6662073490813648,0.4224137931034483,0.5732484076433121,942,180,762
146,333,423,40,0.7849462365591398,0.5595238095238095,0.3048016701461378,0.9136069114470843,0.6722350230414746,0.43909774436090226,0.6040339702760085,942,186,756
161,347,405,29,0.8473684210526315,0.538563829787234,0.3169291338582677,0.9331797235023042,0.6929661254199329,0.46131805157593114,0.6008492569002123,942,190,752
134,371,406,31,0.8121212121212121,0.5225225225225225,0.26534653465346536,0.9290617848970252,0.6673218673218673,0.39999999999999997,0.5732484076433121,942,165,777
149,337,420,36,0.8054054054054054,0.5548216644649934,0.3065843621399177,0.9210526315789473,0.6801135349351994,0.4441132637853949,0.6040339702760085,942,185,757
157,330,428,27,0.8532608695652174,0.5646437994722955,0.32238193018480493,0.9406593406593406,0.7089523345187565,0.4679582712369598,0.6210191082802548,942,184,758
121,356,424,41,0.7469135802469136,0.5435897435897435,0.25366876310272535,0.9118279569892473,0.6452516619183286,0.3787167449139279,0.578556263269639,942,162,780
137,353,412,40,0.7740112994350282,0.538562091503268,0.2795918367346939,0.911504424778761,0.6562866954691481,0.4107946026986507,0.5828025477707006,942,177,765
150,346,414,32,0.8241758241758241,0.5447368421052632,0.3024193548387097,0.9282511210762332,0.6844563331405437,0.44247787610619466,0.5987261146496815,942,182,760
148,357,404,33,0.8176795580110497,0.5308804204993429,0.29306930693069305,0.9244851258581236,0.6742799892551963,0.4314868804664723,0.5859872611464968,942,181,761
137,350,428,27,0.8353658536585366,0.5501285347043702,0.2813141683778234,0.9406593406593406,0.6927471941814534,0.42089093701996927,0.5997876857749469,942,164,778
136,339,436,31,0.8143712574850299,0.5625806451612904,0.2863157894736842,0.9336188436830836,0.6884759513231602,0.4236760124610592,0.6072186836518046,942,167,775
146,344,418,34,0.8111111111111111,0.5485564304461942,0.2979591836734694,0.9247787610619469,0.6798337707786526,0.43582089552238806,0.5987261146496815,942,180,762
131,373,403,35,0.7891566265060241,0.5193298969072165,0.25992063492063494,0.9200913242009132,0.6542432617066203,0.391044776119403,0.5668789808917197,942,166,776
141,354,403,44,0.7621621621621621,0.5323645970937912,0.28484848484848485,0.901565995525727,0.6472633796279768,0.41470588235294115,0.5774946921443737,942,185,757
139,357,414,32,0.8128654970760234,0.5369649805447471,0.28024193548387094,0.9282511210762332,0.6749152388103852,0.416791604197901,0.5870488322717622,942,171,771
150,333,417,42,0.78125,0.556,0.3105590062111801,0.9084967320261438,0.668625,0.4444444444444444,0.6019108280254777,942,192,750
148,337,416,41,0.783068783068783,0.5524568393094289,0.30515463917525776,0.9102844638949672,0.667762811189106,0.43916913946587544,0.5987261146496815,942,189,753
154,348,399,41,0.7897435897435897,0.5341365461847389,0.30677290836653387,0.9068181818181819,0.6619400679641643,0.4418938307030129,0.5870488322717622,942,195,747
125,343,434,40,0.7575757575757576,0.5585585585585585,0.2670940170940171,0.9156118143459916,0.658067158067158,0.3949447077409163,0.5934182590233545,942,165,777
153,379,373,37,0.8052631578947368,0.49601063829787234,0.287593984962406,0.9097560975609756,0.6506368980963045,0.42382271468144045,0.5583864118895966,942,190,752
150,353,408,31,0.8287292817679558,0.5361366622864652,0.2982107355864811,0.929384965831435,0.6824329720272104,0.43859649122807015,0.5923566878980892,942,181,761
156,350,398,38,0.8041237113402062,0.5320855614973262,0.308300395256917,0.9128440366972477,0.6681046364187662,0.44571428571428573,0.5881104033970276,942,194,748
151,364,401,26,0.8531073446327684,0.5241830065359477,0.29320388349514565,0.9391100702576113,0.6886451755843581,0.4364161849710983,0.5859872611464968,942,177,765
149,350,407,36,0.8054054054054054,0.5376486129458389,0.2985971943887776,0.9187358916478555,0.6715270091756221,0.4356725146198831,0.5902335456475584,942,185,757
129,361,419,33,0.7962962962962963,0.5371794871794872,0.26326530612244897,0.9269911504424779,0.6667378917378917,0.3957055214723926,0.5817409766454352,942,162,780
139,358,404,41,0.7722222222222223,0.5301837270341208,0.2796780684104628,0.9078651685393259,0.6512029746281716,0.41063515509601184,0.5764331210191083,942,180,762
143,360,403,36,0.7988826815642458,0.528178243774574,0.28429423459244535,0.9179954441913439,0.6635304626694098,0.41935483870967744,0.5796178343949044,942,179,763
143,340,426,33,0.8125,0.556135770234987,0.29606625258799174,0.9281045751633987,0.6843178851174935,0.4339908952959029,0.6040339702760085,942,176,766
127,357,430,28,0.8193548387096774,0.5463786531130876,0.26239669421487605,0.9388646288209607,0.6828667459113825,0.3974960876369327,0.5912951167728238,942,155,787
144,369,394,35,0.8044692737430168,0.5163826998689384,0.2807017543859649,0.9184149184149184,0.6604259868059776,0.4161849710982659,0.5711252653927813,942,179,763
150,365,400,27,0.847457627118644,0.5228758169934641,0.2912621359223301,0.936768149882904,0.685166722056054,0.43352601156069365,0.583864118895966,942,177,765
179,353,384,26,0.8731707317073171,0.5210312075983717,0.33646616541353386,0.9365853658536586,0.6971009696528444,0.4857530529172321,0.5976645435244161,942,205,737
139,362,412,29,0.8273809523809523,0.5322997416020672,0.2774451097804391,0.9342403628117913,0.6798403469915097,0.4155455904334828,0.5849256900212314,942,168,774
150,366,392,34,0.8152173913043478,0.5171503957783641,0.29069767441860467,0.92018779342723,0.666183893541356,0.4285714285714286,0.5753715498938429,942,184,758
153,344,406,39,0.796875,0.5413333333333333,0.30784708249496984,0.9123595505617977,0.6691041666666666,0.4441219158200291,0.5934182590233545,942,192,750
141,355,401,45,0.7580645161290323,0.5304232804232805,0.2842741935483871,0.899103139013453,0.6442438982761564,0.4134897360703812,0.5753715498938429,942,186,756
137,342,439,24,0.8509316770186336,0.5620998719590269,0.2860125260960334,0.9481641468682506,0.7065157744888302,0.428125,0.6114649681528662,942,161,781
143,368,403,28,0.8362573099415205,0.522697795071336,0.27984344422700586,0.9350348027842227,0.6794775525064283,0.4193548387096774,0.5796178343949044,942,171,771
143,361,403,35,0.8033707865168539,0.5274869109947644,0.2837301587301587,0.9200913242009132,0.6654288487558091,0.4193548387096774,0.5796178343949044,942,178,764
153,370,389,30,0.8360655737704918,0.5125164690382081,0.2925430210325048,0.9284009546539379,0.67429102140435,0.43342776203966005,0.5753715498938429,942,183,759
143,360,407,32,0.8171428571428572,0.530638852672751,0.28429423459244535,0.9271070615034168,0.6738908549078041,0.4218289085545723,0.583864118895966,942,175,767
168,315,426,33,0.835820895522388,0.5748987854251012,0.34782608695652173,0.9281045751633987,0.7053598404737447,0.49122807017543857,0.6305732484076433,942,201,741
147,353,402,40,0.786096256684492,0.5324503311258278,0.294,0.9095022624434389,0.65927329390516,0.4279475982532751,0.5828025477707006,942,187,755
146,365,399,32,0.8202247191011236,0.5222513089005235,0.2857142857142857,0.925754060324826,0.6712380140008236,0.4238026124818578,0.578556263269639,942,178,764
148,366,393,35,0.8087431693989071,0.5177865612648221,0.28793774319066145,0.9182242990654206,0.6632648653318647,0.4246771879483501,0.5743099787685775,942,183,759
147,363,398,34,0.8121546961325967,0.5229960578186597,0.28823529411764703,0.9212962962962963,0.6675753769756282,0.4254703328509406,0.578556263269639,942,181,761
147,355,404,36,0.8032786885245902,0.5322793148880105,0.29282868525896416,0.9181818181818182,0.6677790017063003,0.42919708029197084,0.5849256900212314,942,183,759
156,337,419,30,0.8387096774193549,0.5542328042328042,0.31643002028397565,0.933184855233853,0.6964712408260796,0.45949926362297494,0.6104033970276008,942,186,756
130,359,423,30,0.8125,0.540920716112532,0.2658486707566462,0.9337748344370861,0.676710358056266,0.4006163328197226,0.5870488322717622,942,160,782
131,349,424,38,0.7751479289940828,0.5485122897800776,0.27291666666666664,0.9177489177489178,0.6618301093870802,0.40369799691833586,0.589171974522293,942,169,773
152,344,410,36,0.8085106382978723,0.5437665782493368,0.3064516129032258,0.9192825112107623,0.6761386082736045,0.4444444444444444,0.5966029723991507,942,188,754
136,384,386,36,0.7906976744186046,0.5012987012987012,0.26153846153846155,0.9146919431279621,0.6459981878586529,0.3930635838150289,0.554140127388535,942,172,770
135,383,397,27,0.8333333333333334,0.5089743589743589,0.2606177606177606,0.9363207547169812,0.6711538461538462,0.39705882352941174,0.564755838641189,942,162,780
139,356,424,23,0.8580246913580247,0.5435897435897435,0.2808080808080808,0.9485458612975392,0.7008072174738842,0.42313546423135456,0.5976645435244161,942,162,780
157,363,392,30,0.839572192513369,0.519205298013245,0.3019230769230769,0.9289099526066351,0.679388745263307,0.4441301272984441,0.5828025477707006,942,187,755
151,354,408,29,0.8388888888888889,0.5354330708661418,0.299009900990099,0.9336384439359268,0.6871609798775153,0.4408759124087592,0.5934182590233545,942,180,762
148,360,396,38,0.7956989247311828,0.5238095238095238,0.29133858267716534,0.9124423963133641,0.6597542242703534,0.4265129682997118,0.5774946921443737,942,186,756
137,375,392,38,0.7828571428571428,0.5110821382007823,0.267578125,0.9116279069767442,0.6469696405289626,0.39883551673944684,0.5615711252653928,942,175,767
153,348,413,28,0.8453038674033149,0.5427069645203679,0.30538922155688625,0.9365079365079365,0.6940054159618414,0.4486803519061583,0.6008492569002123,942,181,761
153,323,426,40,0.7927461139896373,0.5687583444592791,0.32142857142857145,0.9141630901287554,0.6807522292244582,0.45739910313901344,0.6146496815286624,942,193,749
144,346,418,34,0.8089887640449438,0.5471204188481675,0.2938775510204082,0.9247787610619469,0.6780545914465557,0.43113772455089827,0.5966029723991507,942,178,764
131,352,432,27,0.8291139240506329,0.5510204081632653,0.2712215320910973,0.9411764705882353,0.6900671661069491,0.40873634945397813,0.5976645435244161,942,158,784
141,340,437,24,0.8545454545454545,0.5624195624195624,0.29313929313929316,0.9479392624728851,0.7084825084825084,0.4365325077399382,0.613588110403397,942,165,777
144,351,412,35,0.8044692737430168,0.5399737876802096,0.2909090909090909,0.9217002237136466,0.6722215307116133,0.42729970326409494,0.5902335456475584,942,179,763
158,360,381,43,0.7860696517412935,0.5141700404858299,0.305019305019305,0.8985849056603774,0.6501198461135618,0.4394993045897079,0.5721868365180467,942,201,741
119,364,428,31,0.7933333333333333,0.5404040404040404,0.2463768115942029,0.9324618736383442,0.6668686868686868,0.37598736176935227,0.5806794055201698,942,150,792
153,340,424,25,0.8595505617977528,0.5549738219895288,0.3103448275862069,0.9443207126948775,0.7072621918936408,0.45603576751117736,0.6125265392781316,942,178,764
160,348,400,34,0.8247422680412371,0.5347593582887701,0.31496062992125984,0.9216589861751152,0.6797508131650036,0.4558404558404558,0.5944798301486199,942,194,748
146,347,414,35,0.8066298342541437,0.5440210249671484,0.2961460446247465,0.9220489977728286,0.6753254296106461,0.4332344213649852,0.5944798301486199,942,181,761
135,323,465,19,0.8766233766233766,0.5901015228426396,0.29475982532751094,0.9607438016528925,0.7333624497330081,0.4411764705882353,0.6369426751592356,942,154,788
121,375,404,42,0.7423312883435583,0.5186136071887034,0.2439516129032258,0.905829596412556,0.6304724477661309,0.36722306525037934,0.5573248407643312,942,163,779
138,364,409,31,0.8165680473372781,0.5291073738680466,0.2749003984063745,0.9295454545454546,0.6728377106026624,0.4113263785394933,0.5806794055201698,942,169,773
148,361,410,23,0.8654970760233918,0.5317769130998703,0.2907662082514735,0.9468822170900693,0.6986369945616311,0.4352941176470588,0.5923566878980892,942,171,771
151,373,392,26,0.8531073446327684,0.5124183006535947,0.2881679389312977,0.937799043062201,0.6827628226431816,0.4308131241084166,0.5764331210191083,942,177,765
154,334,427,27,0.850828729281768,0.5611038107752957,0.3155737704918033,0.9405286343612335,0.7059662700285319,0.46038863976083705,0.6167728237791932,942,181,761
127,357,435,23,0.8466666666666667,0.5492424242424242,0.26239669421487605,0.9497816593886463,0.6979545454545455,0.4006309148264984,0.5966029723991507,942,150,792
117,360,439,26,0.8181818181818182,0.5494367959949937,0.24528301886792453,0.9440860215053763,0.6838093070884059,0.37741935483870964,0.5902335456475584,942,143,799
124,340,438,40,0.7560975609756098,0.5629820051413882,0.2672413793103448,0.9163179916317992,0.659539783058499,0.39490445859872614,0.5966029723991507,942,164,778
119,374,419,30,0.7986577181208053,0.5283732660781841,0.2413793103448276,0.933184855233853,0.6635154920994948,0.37071651090342683,0.5711252653927813,942,149,793
136,331,444,31,0.8143712574850299,0.5729032258064516,0.291220556745182,0.9347368421052632,0.6936372416457408,0.42902208201892744,0.6157112526539278,942,167,775
144,348,418,32,0.8181818181818182,0.5456919060052219,0.2926829268292683,0.9288888888888889,0.68193686209352,0.4311377245508982,0.5966029723991507,942,176,766
156,361,381,44,0.78,0.5134770889487871,0.30174081237911027,0.8964705882352941,0.6467385444743936,0.4351464435146443,0.5700636942675159,942,200,742
146,333,426,37,0.7978142076502732,0.5612648221343873,0.3048016701461378,0.9200863930885529,0.6795395148923302,0.44108761329305135,0.6072186836518046,942,183,759
146,364,400,32,0.8202247191011236,0.5235602094240838,0.28627450980392155,0.9259259259259259,0.6718924642626036,0.4244186046511628,0.5796178343949044,942,178,764
170,347,387,38,0.8173076923076923,0.5272479564032697,0.3288201160541586,0.9105882352941177,0.672277824355481,0.4689655172413793,0.5912951167728238,942,208,734
140,377,403,22,0.8641975308641975,0.5166666666666667,0.27079303675048355,0.9482352941176471,0.6904320987654321,0.4123711340206186,0.5764331210191083,942,162,780
152,343,406,41,0.7875647668393783,0.5420560747663551,0.30707070707070705,0.9082774049217002,0.6648104208028667,0.44186046511627913,0.5923566878980892,942,193,749
148,357,404,33,0.8176795580110497,0.5308804204993429,0.29306930693069305,0.9244851258581236,0.6742799892551963,0.4314868804664723,0.5859872611464968,942,181,761
131,370,403,38,0.7751479289940828,0.5213454075032341,0.26147704590818366,0.9138321995464853,0.6482466682486585,0.391044776119403,0.5668789808917197,942,169,773
141,354,416,31,0.8197674418604651,0.5402597402597402,0.28484848484848485,0.930648769574944,0.6800135910601026,0.42278860569715143,0.5912951167728238,942,172,770
137,373,398,34,0.8011695906432749,0.51621271076524,0.26862745098039215,0.9212962962962963,0.6586911507042574,0.40234948604992654,0.5679405520169851,942,171,771
143,371,387,41,0.7771739130434783,0.5105540897097626,0.2782101167315175,0.9042056074766355,0.6438640013766204,0.40974212034383956,0.5626326963906582,942,184,758
136,357,420,29,0.8242424242424242,0.5405405405405406,0.27586206896551724,0.9354120267260579,0.6823914823914824,0.41337386018237077,0.5902335456475584,942,165,777
152,329,429,32,0.8260869565217391,0.5659630606860159,0.316008316008316,0.93058568329718,0.6960250086038775,0.45714285714285713,0.6167728237791932,942,184,758
164,344,395,39,0.8078817733990148,0.5345060893098782,0.3228346456692913,0.9101382488479263,0.6711939313544465,0.46132208157524607,0.5934182590233545,942,203,739
150,349,418,25,0.8571428571428571,0.5449804432855281,0.30060120240480964,0.9435665914221218,0.7010616502141926,0.4451038575667656,0.6029723991507431,942,175,767
130,370,411,31,0.8074534161490683,0.5262483994878361,0.26,0.9298642533936652,0.6668509078184521,0.3933434190620272,0.5743099787685775,942,161,781
143,354,422,23,0.8614457831325302,0.5438144329896907,0.28772635814889336,0.9483146067415731,0.7026301080611104,0.43137254901960786,0.5997876857749469,942,166,776
143,335,420,44,0.7647058823529411,0.5562913907284768,0.29916317991631797,0.9051724137931034,0.660498636540709,0.4300751879699248,0.5976645435244161,942,187,755
159,359,389,35,0.8195876288659794,0.5200534759358288,0.30694980694980695,0.9174528301886793,0.6698205524009041,0.44662921348314605,0.5817409766454352,942,194,748
143,372,392,35,0.8033707865168539,0.5130890052356021,0.27766990291262134,0.9180327868852459,0.658229895876228,0.4126984126984127,0.5679405520169851,942,178,764
153,336,426,27,0.85,0.5590551181102362,0.3128834355828221,0.9403973509933775,0.7045275590551181,0.45739910313901344,0.6146496815286624,942,180,762
154,368,394,26,0.8555555555555555,0.5170603674540682,0.2950191570881226,0.9380952380952381,0.6863079615048119,0.43874643874643876,0.5817409766454352,942,180,762
151,338,417,36,0.8074866310160428,0.552317880794702,0.30879345603271985,0.9205298013245033,0.6799022559053725,0.4467455621301776,0.6029723991507431,942,187,755
147,337,421,37,0.7989130434782609,0.5554089709762533,0.3037190082644628,0.9192139737991266,0.6771610072272571,0.4401197604790419,0.6029723991507431,942,184,758
133,356,422,31,0.8109756097560976,0.5424164524421594,0.2719836400817996,0.9315673289183223,0.6766960310991286,0.40735068912710565,0.589171974522293,942,164,778
138,366,393,45,0.7540983606557377,0.5177865612648221,0.27380952380952384,0.8972602739726028,0.63594246096028,0.40174672489082974,0.5636942675159236,942,183,759
143,350,416,33,0.8125,0.5430809399477807,0.29006085192697767,0.9265033407572383,0.6777904699738904,0.42750373692077726,0.5934182590233545,942,176,766
158,343,395,46,0.7745098039215687,0.535230352303523,0.3153692614770459,0.8956916099773242,0.6548700781125458,0.4482269503546099,0.5870488322717622,942,204,738
137,364,405,36,0.791907514450867,0.5266579973992198,0.27345309381237526,0.9183673469387755,0.6592827559250434,0.4065281899109792,0.5753715498938429,942,173,769
137,363,413,29,0.8253012048192772,0.5322164948453608,0.274,0.9343891402714932,0.6787588498323189,0.4114114114114114,0.583864118895966,942,166,776
144,357,406,35,0.8044692737430168,0.5321100917431193,0.2874251497005988,0.9206349206349206,0.668289682743068,0.4235294117647058,0.583864118895966,942,179,763
145,340,434,23,0.8630952380952381,0.5607235142118863,0.29896907216494845,0.949671772428884,0.7119093761535622,0.444104134762634,0.6146496815286624,942,168,774
142,357,397,46,0.7553191489361702,0.5265251989389921,0.2845691382765531,0.8961625282167043,0.6409221739375812,0.41339155749636103,0.5721868365180467,942,188,754
163,321,424,34,0.8274111675126904,0.5691275167785235,0.3367768595041322,0.925764192139738,0.698269342145607,0.4787077826725403,0.6231422505307855,942,197,745
162,332,420,28,0.8526315789473684,0.5585106382978723,0.32793522267206476,0.9375,0.7055711086226204,0.4736842105263157,0.6178343949044586,942,190,752
125,363,429,25,0.8333333333333334,0.5416666666666666,0.25614754098360654,0.9449339207048458,0.6875,0.39184952978056425,0.5881104033970276,942,150,792
131,373,407,31,0.808641975308642,0.5217948717948718,0.25992063492063494,0.9292237442922374,0.6652184235517569,0.39339339339339346,0.5711252653927813,942,162,780
126,349,439,28,0.8181818181818182,0.5571065989847716,0.26526315789473687,0.9400428265524625,0.6876442085832949,0.40063593004769477,0.5997876857749469,942,154,788
133,349,423,37,0.7823529411764706,0.5479274611398963,0.27593360995850624,0.9195652173913044,0.6651402011581835,0.4079754601226994,0.5902335456475584,942,170,772
143,317,450,32,0.8171428571428572,0.5867014341590613,0.3108695652173913,0.9336099585062241,0.7019221456509592,0.45039370078740154,0.6295116772823779,942,175,767
169,347,403,23,0.8802083333333334,0.5373333333333333,0.32751937984496127,0.9460093896713615,0.7087708333333333,0.4774011299435028,0.6072186836518046,942,192,750
129,365,416,32,0.8012422360248447,0.5326504481434059,0.2611336032388664,0.9285714285714286,0.6669463420841253,0.39389312977099245,0.578556263269639,942,161,781
140,341,432,29,0.8284023668639053,0.5588615782664942,0.2910602910602911,0.9370932754880694,0.6936319725651998,0.4307692307692308,0.6072186836518046,942,169,773
130,376,413,23,0.8496732026143791,0.523447401774398,0.25691699604743085,0.9472477064220184,0.6865603021943885,0.39453717754172996,0.5764331210191083,942,153,789
143,383,385,31,0.8218390804597702,0.5013020833333334,0.2718631178707224,0.9254807692307693,0.6615705818965518,0.40857142857142853,0.5605095541401274,942,174,768
143,337,417,45,0.7606382978723404,0.553050397877984,0.29791666666666666,0.9025974025974026,0.6568443478751622,0.4281437125748503,0.5944798301486199,942,188,754
128,376,401,37,0.7757575757575758,0.5160875160875161,0.25396825396825395,0.9155251141552512,0.6459225459225459,0.382660687593423,0.5615711252653928,942,165,777
144,335,437,26,0.8470588235294118,0.5660621761658031,0.30062630480167013,0.9438444924406048,0.7065604998476074,0.4437596302003082,0.6167728237791932,942,170,772
146,331,428,37,0.7978142076502732,0.5638998682476943,0.3060796645702306,0.9204301075268817,0.6808570379489838,0.44242424242424244,0.6093418259023354,942,183,759
158,361,384,39,0.8020304568527918,0.5154362416107383,0.3044315992292871,0.9078014184397163,0.6587333492317651,0.44134078212290495,0.5753715498938429,942,197,745
151,341,421,29,0.8388888888888889,0.55249343832021,0.30691056910569103,0.9355555555555556,0.6956911636045495,0.4494047619047619,0.6072186836518046,942,180,762
141,363,405,33,0.8103448275862069,0.52734375,0.27976190476190477,0.9246575342465754,0.6688442887931034,0.41592920353982304,0.5796178343949044,942,174,768
159,324,426,33,0.828125,0.568,0.32919254658385094,0.9281045751633987,0.6980625,0.4711111111111111,0.6210191082802548,942,192,750
154,347,410,31,0.8324324324324325,0.5416116248348745,0.3073852295409182,0.9297052154195011,0.6870220286336535,0.4489795918367347,0.5987261146496815,942,185,757
152,329,421,40,0.7916666666666666,0.5613333333333334,0.316008316008316,0.913232104121475,0.6765,0.45170876671619614,0.60828025477707,942,192,750
144,361,401,36,0.8,0.526246719160105,0.2851485148514851,0.9176201372997712,0.6631233595800525,0.4204379562043795,0.578556263269639,942,180,762
139,355,422,26,0.8424242424242424,0.5431145431145431,0.2813765182186235,0.9419642857142857,0.6927693927693928,0.42185128983308035,0.5955414012738853,942,165,777
166,334,408,34,0.83,0.5498652291105122,0.332,0.9230769230769231,0.689932614555256,0.47428571428571437,0.6093418259023354,942,200,742
164,312,426,40,0.803921568627451,0.5772357723577236,0.3445378151260504,0.9141630901287554,0.6905786704925874,0.4823529411764706,0.6263269639065817,942,204,738
160,363,372,47,0.7729468599033816,0.5061224489795918,0.30592734225621415,0.8878281622911695,0.6395346544414867,0.4383561643835616,0.564755838641189,942,207,735
175,336,398,33,0.8413461538461539,0.5422343324250681,0.3424657534246575,0.9234338747099768,0.691790243135611,0.4867872044506259,0.60828025477707,942,208,734
140,368,404,30,0.8235294117647058,0.5233160621761658,0.2755905511811024,0.9308755760368663,0.6734227369704358,0.4129793510324484,0.5774946921443737,942,170,772
154,356,410,22,0.875,0.5352480417754569,0.30196078431372547,0.9490740740740741,0.7051240208877285,0.4489795918367347,0.5987261146496815,942,176,766
149,338,416,39,0.7925531914893617,0.5517241379310345,0.3059548254620123,0.9142857142857143,0.6721386647101981,0.4414814814814815,0.5997876857749469,942,188,754
142,364,391,45,0.7593582887700535,0.5178807947019868,0.28063241106719367,0.8967889908256881,0.6386195417360201,0.4098124098124098,0.5658174097664543,942,187,755
141,372,391,38,0.7877094972067039,0.5124508519003932,0.27485380116959063,0.9114219114219114,0.6500801745535485,0.407514450867052,0.564755838641189,942,179,763
157,334,420,31,0.8351063829787234,0.5570291777188329,0.319755600814664,0.9312638580931264,0.6960677803487781,0.4624447717231223,0.6125265392781316,942,188,754
140,364,404,34,0.8045977011494253,0.5260416666666666,0.2777777777777778,0.9223744292237442,0.665319683908046,0.41297935103244837,0.5774946921443737,942,174,768
140,364,405,33,0.8092485549132948,0.5266579973992198,0.2777777777777778,0.9246575342465754,0.6679532761562573,0.413589364844904,0.578556263269639,942,173,769
151,370,381,40,0.7905759162303665,0.507323568575233,0.28982725527831094,0.9049881235154394,0.6489497424027997,0.4241573033707865,0.564755838641189,942,191,751
167,347,393,35,0.8267326732673267,0.5310810810810811,0.32490272373540857,0.9182242990654206,0.678906877174204,0.4664804469273742,0.5944798301486199,942,202,740
145,351,413,33,0.8146067415730337,0.5405759162303665,0.2923387096774194,0.9260089686098655,0.6775913289017002,0.4302670623145401,0.5923566878980892,942,178,764
153,363,391,35,0.8138297872340425,0.5185676392572944,0.29651162790697677,0.9178403755868545,0.6661987132456685,0.43465909090909094,0.5774946921443737,942,188,754
131,374,406,31,0.808641975308642,0.5205128205128206,0.2594059405940594,0.9290617848970252,0.6645773979107312,0.39280359820089955,0.5700636942675159,942,162,780
147,336,418,41,0.7819148936170213,0.5543766578249337,0.30434782608695654,0.9106753812636166,0.6681457757209774,0.43815201192250375,0.5997876857749469,942,188,754
141,359,399,43,0.7663043478260869,0.5263852242744064,0.282,0.9027149321266968,0.6463447860502467,0.4122807017543859,0.5732484076433121,942,184,758
142,363,412,25,0.8502994011976048,0.5316129032258065,0.2811881188118812,0.9427917620137299,0.6909561522117056,0.42261904761904767,0.5881104033970276,942,167,775
143,356,410,33,0.8125,0.5352480417754569,0.2865731462925852,0.9255079006772009,0.6738740208877285,0.42370370370370375,0.5870488322717622,942,176,766
138,345,413,46,0.75,0.5448548812664907,0.2857142857142857,0.8997821350762527,0.6474274406332454,0.4137931034482759,0.5849256900212314,942,184,758
147,329,430,36,0.8032786885245902,0.5665349143610013,0.3088235294117647,0.9227467811158798,0.6849068014427957,0.44613050075872535,0.6125265392781316,942,183,759
140,369,400,33,0.8092485549132948,0.5201560468140443,0.275049115913556,0.9237875288683602,0.6647023008636695,0.41055718475073316,0.5732484076433121,942,173,769
148,348,414,32,0.8222222222222222,0.5433070866141733,0.29838709677419356,0.9282511210762332,0.6827646544181978,0.4378698224852071,0.5966029723991507,942,180,762
153,372,383,34,0.8181818181818182,0.5072847682119205,0.2914285714285714,0.9184652278177458,0.6627332931968694,0.4297752808988764,0.5690021231422505,942,187,755
139,349,424,30,0.8224852071005917,0.5485122897800776,0.2848360655737705,0.933920704845815,0.6854987484403346,0.4231354642313547,0.5976645435244161,942,169,773
156,358,394,34,0.8210526315789474,0.523936170212766,0.3035019455252918,0.9205607476635514,0.6724944008958567,0.4431818181818182,0.583864118895966,942,190,752
143,362,404,33,0.8125,0.5274151436031331,0.28316831683168314,0.9244851258581236,0.6699575718015666,0.41997063142437585,0.5806794055201698,942,176,766
148,345,409,40,0.7872340425531915,0.5424403183023873,0.3002028397565923,0.910913140311804,0.6648371804277894,0.4346549192364171,0.5912951167728238,942,188,754
161,330,401,50,0.7630331753554502,0.5485636114911081,0.32790224032586557,0.8891352549889135,0.6557983934232792,0.4586894586894587,0.5966029723991507,942,211,731
141,359,417,25,0.8493975903614458,0.5373711340206185,0.282,0.9434389140271493,0.6933843621910322,0.42342342342342343,0.5923566878980892,942,166,776
148,341,422,31,0.8268156424581006,0.5530799475753604,0.30265848670756645,0.9315673289183223,0.6899477950167305,0.44311377245508976,0.6050955414012739,942,179,763
124,352,439,27,0.8211920529801324,0.5549936788874842,0.2605042016806723,0.9420600858369099,0.6880928659338084,0.3955342902711324,0.5976645435244161,942,151,791
131,354,419,38,0.7751479289940828,0.5420439844760673,0.27010309278350514,0.9168490153172867,0.658595956735075,0.40061162079510704,0.583864118895966,942,169,773
139,341,422,40,0.776536312849162,0.5530799475753604,0.28958333333333336,0.9134199134199135,0.6648081302122613,0.42185128983308046,0.5955414012738853,942,179,763
152,326,425,39,0.7958115183246073,0.5659121171770972,0.3179916317991632,0.915948275862069,0.6808618177508523,0.4544095665171899,0.6125265392781316,942,191,751
142,389,375,36,0.797752808988764,0.4908376963350785,0.2674199623352166,0.9124087591240876,0.6442952526619212,0.4005641748942172,0.5488322717622081,942,178,764
143,349,420,30,0.8265895953757225,0.5461638491547465,0.29065040650406504,0.9333333333333333,0.6863767222652345,0.4300751879699248,0.5976645435244161,942,173,769
139,390,384,29,0.8273809523809523,0.49612403100775193,0.2627599243856333,0.9297820823244553,0.6617524916943521,0.3988522238163558,0.5552016985138004,942,168,774
136,363,417,26,0.8395061728395061,0.5346153846153846,0.2725450901803607,0.9413092550790068,0.6870607787274454,0.41149773071104384,0.5870488322717622,942,162,780
149,359,398,36,0.8054054054054054,0.5257595772787318,0.2933070866141732,0.9170506912442397,0.6655824913420686,0.43001443001443,0.5806794055201698,942,185,757
154,337,419,32,0.8279569892473119,0.5542328042328042,0.3136456211812627,0.9290465631929047,0.6910948967400581,0.45494830132939434,0.60828025477707,942,186,756
138,359,406,39,0.7796610169491526,0.530718954248366,0.2776659959758551,0.9123595505617977,0.6551899855987593,0.40949554896142437,0.5774946921443737,942,177,765
132,384,385,41,0.7630057803468208,0.5006501950585176,0.2558139534883721,0.903755868544601,0.6318279877026691,0.38316400580551524,0.5488322717622081,942,173,769
155,329,423,35,0.8157894736842105,0.5625,0.3202479338842975,0.9235807860262009,0.6891447368421053,0.4599406528189911,0.613588110403397,942,190,752
151,331,416,44,0.7743589743589744,0.5568942436412316,0.3132780082987552,0.9043478260869565,0.6656266090001031,0.4460856720827178,0.6019108280254777,942,195,747
148,359,401,34,0.8131868131868132,0.5276315789473685,0.29191321499013806,0.9218390804597701,0.6704091960670908,0.4296081277213353,0.5828025477707006,942,182,760
170,327,405,40,0.8095238095238095,0.5532786885245902,0.3420523138832998,0.9101123595505618,0.6814012490241999,0.4809052333804809,0.6104033970276008,942,210,732
155,364,379,44,0.7788944723618091,0.5100942126514132,0.29865125240847784,0.8959810874704491,0.6444943425066112,0.4317548746518106,0.5668789808917197,942,199,743
149,352,403,38,0.7967914438502673,0.5337748344370861,0.29740518962075846,0.9138321995464853,0.6652831391436766,0.4331395348837209,0.5859872611464968,942,187,755
153,340,419,30,0.8360655737704918,0.5520421607378129,0.3103448275862069,0.933184855233853,0.6940538672541523,0.45266272189349116,0.6072186836518046,942,183,759
160,342,402,38,0.8080808080808081,0.5403225806451613,0.3187250996015936,0.9136363636363637,0.6742016943629847,0.4571428571428571,0.5966029723991507,942,198,744
156,357,391,38,0.8041237113402062,0.5227272727272727,0.30409356725146197,0.9114219114219114,0.6634254920337395,0.4413012729844413,0.5806794055201698,942,194,748
152,360,395,35,0.8128342245989305,0.5231788079470199,0.296875,0.9186046511627907,0.6680065162729751,0.43490701001430615,0.5806794055201698,942,187,755
132,368,417,25,0.8407643312101911,0.5312101910828025,0.264,0.9434389140271493,0.6859872611464968,0.4018264840182649,0.5828025477707006,942,157,785
133,366,404,39,0.7732558139534884,0.5246753246753246,0.2665330661322645,0.9119638826185101,0.6489655693144065,0.3964232488822653,0.5700636942675159,942,172,770
156,352,410,24,0.8666666666666667,0.5380577427821522,0.30708661417322836,0.9447004608294931,0.7023622047244095,0.45348837209302334,0.6008492569002123,942,180,762
144,360,402,36,0.8,0.5275590551181102,0.2857142857142857,0.9178082191780822,0.6637795275590551,0.4210526315789473,0.5796178343949044,942,180,762
135,359,398,50,0.7297297297297297,0.5257595772787318,0.2732793522267207,0.8883928571428571,0.6277446535042308,0.3976435935198822,0.5658174097664543,942,185,757
128,348,433,33,0.7950310559006211,0.5544174135723432,0.2689075630252101,0.9291845493562232,0.6747242347364821,0.401883830455259,0.5955414012738853,942,161,781
150,366,387,39,0.7936507936507936,0.5139442231075697,0.29069767441860467,0.9084507042253521,0.6537975083791816,0.4255319148936171,0.5700636942675159,942,189,753
150,345,411,36,0.8064516129032258,0.5436507936507936,0.30303030303030304,0.9194630872483222,0.6750512032770097,0.4405286343612335,0.5955414012738853,942,186,756
128,383,396,35,0.7852760736196319,0.5083440308087291,0.25048923679060664,0.9187935034802784,0.6468100522141805,0.3798219584569733,0.5562632696390658,942,163,779
138,375,393,36,0.7931034482758621,0.51171875,0.26900584795321636,0.916083916083916,0.652411099137931,0.4017467248908297,0.5636942675159236,942,174,768
150,365,383,44,0.7731958762886598,0.5120320855614974,0.2912621359223301,0.8969555035128806,0.6426139809250786,0.42313117066290545,0.5658174097664543,942,194,748
144,346,419,33,0.8135593220338984,0.5477124183006536,0.2938775510204082,0.9269911504424779,0.680635870167276,0.43178410794602706,0.5976645435244161,942,177,765
138,361,411,32,0.8117647058823529,0.5323834196891192,0.27655310621242485,0.927765237020316,0.672074062785736,0.41255605381165916,0.5828025477707006,942,170,772
163,348,398,33,0.8316326530612245,0.5335120643431636,0.31898238747553814,0.9234338747099768,0.682572358702194,0.4611032531824611,0.5955414012738853,942,196,746
161,346,410,25,0.8655913978494624,0.5423280423280423,0.3175542406311637,0.9425287356321839,0.7039597200887524,0.4646464646464647,0.6061571125265393,942,186,756
157,329,424,32,0.8306878306878307,0.5630810092961488,0.3230452674897119,0.9298245614035088,0.6968844199919897,0.46518518518518515,0.6167728237791932,942,189,753
146,354,407,35,0.8066298342541437,0.5348226018396847,0.292,0.920814479638009,0.6707262180469142,0.4287812041116006,0.5870488322717622,942,181,761
129,364,412,37,0.7771084337349398,0.5309278350515464,0.2616632860040568,0.9175946547884187,0.6540181343932431,0.39150227617602434,0.5743099787685775,942,166,776
161,349,391,41,0.7970297029702971,0.5283783783783784,0.3156862745098039,0.9050925925925926,0.6627040406743377,0.45224719101123595,0.5859872611464968,942,202,740
145,361,398,38,0.7923497267759563,0.5243741765480896,0.2865612648221344,0.9128440366972477,0.6583619516620229,0.42089985486211895,0.5764331210191083,942,183,759
167,338,403,34,0.8308457711442786,0.543859649122807,0.3306930693069307,0.9221967963386728,0.6873527101335428,0.4730878186968839,0.6050955414012739,942,201,741
159,351,410,22,0.8784530386740331,0.5387647831800263,0.31176470588235294,0.9490740740740741,0.7086089109270297,0.46020260492040527,0.6040339702760085,942,181,761
132,345,443,22,0.8571428571428571,0.5621827411167513,0.27672955974842767,0.9526881720430107,0.7096627991298041,0.41838351822503955,0.6104033970276008,942,154,788
145,346,424,27,0.8430232558139535,0.5506493506493506,0.2953156822810591,0.9401330376940134,0.696836303231652,0.43740573152337864,0.6040339702760085,942,172,770
148,356,407,31,0.8268156424581006,0.5334207077326344,0.29365079365079366,0.9292237442922374,0.6801181750953675,0.4333821376281113,0.589171974522293,942,179,763
167,317,422,36,0.8226600985221675,0.571041948579161,0.3450413223140496,0.9213973799126638,0.6968510235506642,0.4861717612809316,0.6252653927813163,942,203,739
141,348,412,41,0.7747252747252747,0.5421052631578948,0.2883435582822086,0.9094922737306843,0.6584152689415848,0.42026825633383014,0.5870488322717622,942,182,760
156,369,389,28,0.8478260869565217,0.5131926121372031,0.29714285714285715,0.9328537170263789,0.6805093495468624,0.44005641748942176,0.578556263269639,942,184,758
150,349,407,36,0.8064516129032258,0.5383597883597884,0.30060120240480964,0.9187358916478555,0.6724057006315071,0.437956204379562,0.5912951167728238,942,186,756
139,346,424,33,0.8081395348837209,0.5506493506493506,0.2865979381443299,0.9277899343544858,0.6793944427665357,0.4231354642313546,0.5976645435244161,942,172,770
132,370,412,28,0.825,0.5268542199488491,0.26294820717131473,0.9363636363636364,0.6759271099744245,0.39879154078549844,0.5774946921443737,942,160,782
139,346,430,27,0.8373493975903614,0.5541237113402062,0.2865979381443299,0.9409190371991247,0.6957365544652838,0.42703533026113666,0.6040339702760085,942,166,776
132,386,387,37,0.7810650887573964,0.500646830530401,0.2548262548262548,0.9127358490566038,0.6408559596438987,0.38427947598253276,0.5509554140127388,942,169,773
137,364,415,26,0.8404907975460123,0.5327342747111682,0.27345309381237526,0.9410430839002267,0.6866125361285902,0.41265060240963863,0.5859872611464968,942,163,779
130,335,445,32,0.8024691358024691,0.5705128205128205,0.27956989247311825,0.9329140461215933,0.6864909781576448,0.4146730462519936,0.6104033970276008,942,162,780
125,346,434,37,0.7716049382716049,0.5564102564102564,0.2653927813163482,0.921443736730361,0.6640075973409307,0.3949447077409162,0.5934182590233545,942,162,780
118,374,408,42,0.7375,0.5217391304347826,0.23983739837398374,0.9066666666666666,0.6296195652173913,0.36196319018404904,0.5583864118895966,942,160,782
166,334,402,40,0.8058252427184466,0.5461956521739131,0.332,0.9095022624434389,0.6760104474461799,0.4702549575070821,0.6029723991507431,942,206,736
151,367,392,32,0.825136612021858,0.5164690382081687,0.2915057915057915,0.9245283018867925,0.6708028251150133,0.43081312410841655,0.5764331210191083,942,183,759
152,348,407,35,0.8128342245989305,0.5390728476821192,0.304,0.920814479638009,0.6759535361405249,0.44250363901018924,0.5934182590233545,942,187,755
149,337,420,36,0.8054054054054054,0.5548216644649934,0.3065843621399177,0.9210526315789473,0.6801135349351994,0.4441132637853949,0.6040339702760085,942,185,757
156,347,400,39,0.8,0.535475234270415,0.3101391650099404,0.9111617312072893,0.6677376171352075,0.44699140401146137,0.5902335456475584,942,195,747
147,362,408,25,0.8546511627906976,0.5298701298701298,0.2888015717092338,0.9422632794457275,0.6922606463304137,0.43171806167400884,0.589171974522293,942,172,770
154,350,404,34,0.8191489361702128,0.5358090185676393,0.3055555555555556,0.9223744292237442,0.677478977368926,0.4450867052023121,0.5923566878980892,942,188,754
149,326,435,32,0.8232044198895028,0.5716162943495401,0.3136842105263158,0.9314775160599572,0.6974103571195214,0.4542682926829268,0.6199575371549894,942,181,761
151,353,404,34,0.8162162162162162,0.5336856010568032,0.2996031746031746,0.9223744292237442,0.6749509086365097,0.43831640058055155,0.589171974522293,942,185,757
167,343,405,27,0.8608247422680413,0.5414438502673797,0.32745098039215687,0.9375,0.7011342962677105,0.4744318181818182,0.6072186836518046,942,194,748
133,361,417,31,0.8109756097560976,0.5359897172236504,0.2692307692307692,0.9308035714285714,0.6734826634898741,0.40425531914893614,0.583864118895966,942,164,778
143,346,426,27,0.8411764705882353,0.5518134715025906,0.29243353783231085,0.9403973509933775,0.6964949710454129,0.43399089529590296,0.6040339702760085,942,170,772
146,362,394,40,0.7849462365591398,0.5211640211640212,0.2874015748031496,0.9078341013824884,0.6530551288615805,0.4207492795389049,0.5732484076433121,942,186,756
148,363,389,42,0.7789473684210526,0.5172872340425532,0.2896281800391389,0.9025522041763341,0.6481173012318029,0.42225392296718967,0.5700636942675159,942,190,752
141,360,401,40,0.7790055248618785,0.5269382391590013,0.281437125748503,0.909297052154195,0.6529718820104399,0.4134897360703812,0.5753715498938429,942,181,761
137,359,404,42,0.7653631284916201,0.5294888597640891,0.2762096774193548,0.905829596412556,0.6474259941278546,0.4059259259259259,0.5743099787685775,942,179,763
138,341,434,29,0.8263473053892215,0.56,0.2881002087682672,0.937365010799136,0.6931736526946108,0.4272445820433436,0.6072186836518046,942,167,775
163,374,368,37,0.815,0.49595687331536387,0.30353817504655495,0.908641975308642,0.6554784366576819,0.44233378561736775,0.5636942675159236,942,200,742
137,342,436,27,0.8353658536585366,0.5604113110539846,0.2860125260960334,0.9416846652267818,0.6978885823562606,0.42612752721617414,0.60828025477707,942,164,778
142,340,428,32,0.8160919540229885,0.5572916666666666,0.2946058091286307,0.9304347826086956,0.6866918103448276,0.4329268292682927,0.6050955414012739,942,174,768
136,367,400,39,0.7771428571428571,0.5215123859191656,0.27037773359840955,0.9111617312072893,0.6493276215310113,0.4011799410029499,0.5690021231422505,942,175,767
143,334,438,27,0.8411764705882353,0.5673575129533679,0.29979035639413,0.9419354838709677,0.7042669917708015,0.44204018547140644,0.6167728237791932,942,170,772
142,369,399,32,0.8160919540229885,0.51953125,0.27788649706457924,0.925754060324826,0.6678116020114943,0.41459854014598546,0.5743099787685775,942,174,768
141,352,414,35,0.8011363636363636,0.5404699738903395,0.28600405679513186,0.9220489977728286,0.6708031687633516,0.42152466367713004,0.589171974522293,942,176,766
120,381,409,32,0.7894736842105263,0.5177215189873418,0.23952095808383234,0.927437641723356,0.653597601598934,0.36753445635528337,0.5615711252653928,942,152,790
130,343,437,32,0.8024691358024691,0.5602564102564103,0.2748414376321353,0.9317697228144989,0.6813627730294397,0.4094488188976378,0.6019108280254777,942,162,780
146,384,387,25,0.8538011695906432,0.5019455252918288,0.27547169811320754,0.9393203883495146,0.677873347441236,0.4165477888730385,0.5658174097664543,942,171,771
143,352,404,43,0.7688172043010753,0.5343915343915344,0.28888888888888886,0.9038031319910514,0.6516043693463048,0.4199706314243758,0.5806794055201698,942,186,756
136,373,385,48,0.7391304347826086,0.5079155672823219,0.26719056974459726,0.8891454965357968,0.6235230010324653,0.39249639249639245,0.5530785562632696,942,184,758
154,357,395,36,0.8105263157894737,0.5252659574468085,0.3013698630136986,0.9164733178654292,0.6678961366181411,0.43937232524964337,0.5828025477707006,942,190,752
155,346,414,27,0.8516483516483516,0.5447368421052632,0.3093812375249501,0.9387755102040817,0.6981925968768075,0.4538799414348463,0.6040339702760085,942,182,760
139,358,411,34,0.8034682080924855,0.5344603381014305,0.2796780684104628,0.9235955056179775,0.668964273096958,0.4149253731343284,0.583864118895966,942,173,769
148,363,396,35,0.8087431693989071,0.5217391304347826,0.2896281800391389,0.9187935034802784,0.6652411499168449,0.4265129682997118,0.5774946921443737,942,183,759
134,350,426,32,0.8072289156626506,0.5489690721649485,0.2768595041322314,0.9301310043668122,0.6780989939137996,0.4123076923076923,0.5944798301486199,942,166,776
137,356,417,32,0.8106508875739645,0.5394566623544631,0.2778904665314402,0.9287305122494433,0.6750537749642138,0.41389728096676737,0.5881104033970276,942,169,773
152,363,401,26,0.8539325842696629,0.524869109947644,0.29514563106796116,0.9391100702576113,0.6894008471086535,0.43867243867243866,0.5870488322717622,942,178,764
153,343,405,41,0.788659793814433,0.5414438502673797,0.3084677419354839,0.9080717488789237,0.6650518220409063,0.4434782608695652,0.5923566878980892,942,194,748
149,363,397,33,0.8186813186813187,0.5223684210526316,0.291015625,0.9232558139534883,0.6705248698669751,0.42939481268011526,0.5796178343949044,942,182,760
152,345,410,35,0.8128342245989305,0.543046357615894,0.3058350100603622,0.9213483146067416,0.6779402911074123,0.4444444444444445,0.5966029723991507,942,187,755
148,370,396,28,0.8409090909090909,0.5169712793733682,0.2857142857142857,0.9339622641509434,0.6789401851412296,0.4265129682997118,0.5774946921443737,942,176,766
164,356,391,31,0.841025641025641,0.5234270414993306,0.3153846153846154,0.9265402843601895,0.6822263412624858,0.45874125874125876,0.589171974522293,942,195,747
146,360,397,39,0.7891891891891892,0.52443857331572,0.2885375494071146,0.9105504587155964,0.6568138812524547,0.42257597684515197,0.5764331210191083,942,185,757
148,348,420,26,0.8505747126436781,0.546875,0.29838709677419356,0.9417040358744395,0.6987248563218391,0.44179104477611936,0.6029723991507431,942,174,768
161,382,381,18,0.8994413407821229,0.49934469200524245,0.2965009208103131,0.9548872180451128,0.6993930163936827,0.445983379501385,0.5753715498938429,942,179,763
123,374,413,32,0.7935483870967742,0.5247776365946633,0.24748490945674045,0.9280898876404494,0.6591630118457188,0.3773006134969325,0.5690021231422505,942,155,787
130,349,423,40,0.7647058823529411,0.5479274611398963,0.27139874739039666,0.9136069114470843,0.6563166717464187,0.40061633281972264,0.5870488322717622,942,170,772
141,368,398,35,0.8011363636363636,0.5195822454308094,0.2770137524557957,0.9191685912240185,0.6603593045335865,0.4116788321167883,0.5721868365180467,942,176,766
122,346,441,33,0.7870967741935484,0.5603557814485387,0.2606837606837607,0.930379746835443,0.6737262778210436,0.3916532905296951,0.5976645435244161,942,155,787
145,346,428,23,0.8630952380952381,0.5529715762273901,0.2953156822810591,0.9490022172949002,0.7080334071613141,0.4400606980273141,0.60828025477707,942,168,774
137,349,412,44,0.7569060773480663,0.5413929040735874,0.28189300411522633,0.9035087719298246,0.6491494907108268,0.41079460269865065,0.5828025477707006,942,181,761
159,344,407,32,0.8324607329842932,0.5419440745672437,0.31610337972166996,0.9271070615034168,0.6872024037757685,0.45821325648414984,0.6008492569002123,942,191,751
145,352,409,36,0.8011049723756906,0.5374507227332457,0.2917505030181087,0.9191011235955057,0.6692778475544681,0.4277286135693216,0.5881104033970276,942,181,761
152,353,399,38,0.8,0.5305851063829787,0.300990099009901,0.9130434782608695,0.6652925531914894,0.43741007194244597,0.5849256900212314,942,190,752
145,364,402,31,0.8238636363636364,0.5248041775456919,0.28487229862475444,0.9284064665127021,0.6743339069546641,0.4233576642335767,0.5806794055201698,942,176,766
162,359,383,38,0.81,0.5161725067385444,0.31094049904030713,0.9097387173396675,0.6630862533692723,0.4493758668515951,0.578556263269639,942,200,742
135,353,418,36,0.7894736842105263,0.5421530479896238,0.2766393442622951,0.920704845814978,0.6658133661000751,0.4097116843702579,0.5870488322717622,942,171,771
135,335,445,27,0.8333333333333334,0.5705128205128205,0.2872340425531915,0.9427966101694916,0.7019230769230769,0.4272151898734178,0.6157112526539278,942,162,780
144,350,417,31,0.8228571428571428,0.5436766623207301,0.291497975708502,0.9308035714285714,0.6832669025889364,0.43049327354260086,0.5955414012738853,942,175,767
159,367,385,31,0.8368421052631579,0.511968085106383,0.30228136882129275,0.9254807692307693,0.6744050951847704,0.44413407821229045,0.5774946921443737,942,190,752
142,341,422,37,0.7932960893854749,0.5530799475753604,0.2939958592132505,0.9193899782135077,0.6731880184804176,0.4290030211480363,0.5987261146496815,942,179,763
161,352,399,30,0.8429319371727748,0.5312916111850865,0.3138401559454191,0.9300699300699301,0.6871117741789307,0.45738636363636354,0.5944798301486199,942,191,751
125,371,425,21,0.8561643835616438,0.5339195979899497,0.25201612903225806,0.952914798206278,0.6950419907757968,0.3894080996884735,0.583864118895966,942,146,796
144,333,422,43,0.7700534759358288,0.5589403973509933,0.3018867924528302,0.9075268817204301,0.664496936643411,0.43373493975903615,0.6008492569002123,942,187,755
143,367,406,26,0.8461538461538461,0.5252263906856404,0.2803921568627451,0.9398148148148148,0.6856901184197433,0.4212076583210604,0.5828025477707006,942,169,773
158,358,389,37,0.8102564102564103,0.5207496653279786,0.3062015503875969,0.9131455399061033,0.6655030377921944,0.4444444444444445,0.5806794055201698,942,195,747
151,351,408,32,0.825136612021858,0.5375494071146245,0.300796812749004,0.9272727272727272,0.6813430095682412,0.4408759124087592,0.5934182590233545,942,183,759
131,360,416,35,0.7891566265060241,0.5360824742268041,0.2668024439918534,0.9223946784922394,0.6626195503664141,0.39878234398782353,0.5806794055201698,942,166,776
134,346,414,48,0.7362637362637363,0.5447368421052632,0.2791666666666667,0.8961038961038961,0.6405002891844997,0.404833836858006,0.5817409766454352,942,182,760
137,360,412,33,0.8058823529411765,0.533678756476684,0.27565392354124746,0.9258426966292135,0.6697805547089302,0.4107946026986507,0.5828025477707006,942,170,772
125,368,420,29,0.8116883116883117,0.5329949238578681,0.2535496957403651,0.9354120267260579,0.6723416177730899,0.3863987635239568,0.578556263269639,942,154,788
149,357,406,30,0.8324022346368715,0.5321100917431193,0.29446640316205536,0.9311926605504587,0.6822561631899954,0.435036496350365,0.589171974522293,942,179,763
137,347,418,40,0.7740112994350282,0.5464052287581699,0.2830578512396694,0.9126637554585153,0.660208264096599,0.4145234493192133,0.589171974522293,942,177,765
148,355,419,20,0.8809523809523809,0.541343669250646,0.294234592445328,0.9544419134396356,0.7111480251015134,0.4411326378539493,0.6019108280254777,942,168,774
150,337,418,37,0.8021390374331551,0.5536423841059602,0.3080082135523614,0.9186813186813186,0.6778907107695576,0.4451038575667656,0.6029723991507431,942,187,755
165,336,410,31,0.8418367346938775,0.5495978552278821,0.32934131736526945,0.9297052154195011,0.6957172949608799,0.4734576757532281,0.6104033970276008,942,196,746
150,370,394,28,0.8426966292134831,0.5157068062827225,0.28846153846153844,0.933649289099526,0.6792017177481028,0.4297994269340974,0.5774946921443737,942,178,764
120,350,433,39,0.7547169811320755,0.5530012771392082,0.2553191489361702,0.9173728813559322,0.6538591291356419,0.3815580286168521,0.5870488322717622,942,159,783
139,347,422,34,0.8034682080924855,0.5487646293888166,0.28600823045267487,0.9254385964912281,0.6761164187406511,0.42185128983308035,0.5955414012738853,942,173,769
156,319,427,40,0.7959183673469388,0.5723860589812333,0.32842105263157895,0.9143468950749465,0.684152213164086,0.46497764530551416,0.618895966029724,942,196,746
137,364,411,30,0.8203592814371258,0.5303225806451612,0.27345309381237526,0.9319727891156463,0.6753409310411436,0.4101796407185629,0.5817409766454352,942,167,775
142,329,440,31,0.8208092485549133,0.5721716514954487,0.30148619957537154,0.9341825902335457,0.696490450025181,0.4409937888198758,0.6178343949044586,942,173,769
148,344,410,40,0.7872340425531915,0.5437665782493368,0.3008130081300813,0.9111111111111111,0.6655003104012642,0.43529411764705883,0.5923566878980892,942,188,754
138,363,415,26,0.8414634146341463,0.5334190231362468,0.2754491017964072,0.9410430839002267,0.6874412188851966,0.41503759398496237,0.5870488322717622,942,164,778
154,340,411,37,0.806282722513089,0.5472703062583223,0.3117408906882591,0.9174107142857143,0.6767765143857056,0.44963503649635034,0.5997876857749469,942,191,751
126,356,425,35,0.782608695652174,0.5441741357234315,0.26141078838174275,0.9239130434782609,0.6633914156878027,0.39191290824261277,0.5849256900212314,942,161,781
141,329,439,33,0.8103448275862069,0.5716145833333334,0.3,0.9300847457627118,0.6909797054597702,0.43788819875776397,0.6157112526539278,942,174,768
147,379,376,40,0.786096256684492,0.49801324503311256,0.279467680608365,0.9038461538461539,0.6420547508588023,0.41234221598877974,0.5552016985138004,942,187,755
157,330,414,41,0.7929292929292929,0.5564516129032258,0.32238193018480493,0.9098901098901099,0.6746904529162594,0.45839416058394167,0.6061571125265393,942,198,744
166,350,393,33,0.8341708542713567,0.5289367429340511,0.32170542635658916,0.9225352112676056,0.6815537986027039,0.46433566433566437,0.5934182590233545,942,199,743
141,351,413,37,0.7921348314606742,0.5405759162303665,0.2865853658536585,0.9177777777777778,0.6663553738455203,0.42089552238805966,0.5881104033970276,942,178,764
142,351,418,31,0.8208092485549133,0.5435630689206762,0.2880324543610548,0.9309576837416481,0.6821861587377948,0.4264264264264265,0.5944798301486199,942,173,769
145,314,440,43,0.7712765957446809,0.583554376657825,0.3159041394335512,0.9109730848861284,0.6774154862012529,0.44822256568778984,0.6210191082802548,942,188,754
156,355,395,36,0.8125,0.5266666666666666,0.30528375733855184,0.9164733178654292,0.6695833333333333,0.4438122332859175,0.5849256900212314,942,192,750
145,367,397,33,0.8146067415730337,0.5196335078534031,0.283203125,0.9232558139534883,0.6671201247132184,0.4202898550724638,0.5753715498938429,942,178,764
162,347,401,32,0.8350515463917526,0.536096256684492,0.3182711198428291,0.9260969976905312,0.6855739015381224,0.46088193456614507,0.5976645435244161,942,194,748
149,338,425,30,0.8324022346368715,0.5570117955439057,0.3059548254620123,0.9340659340659341,0.6947070150903886,0.44744744744744747,0.6093418259023354,942,179,763
161,373,375,33,0.8298969072164949,0.5013368983957219,0.301498127340824,0.9191176470588235,0.6656169028061084,0.4423076923076923,0.5690021231422505,942,194,748
145,351,411,35,0.8055555555555556,0.5393700787401575,0.2923387096774194,0.92152466367713,0.6724628171478566,0.42899408284023677,0.5902335456475584,942,180,762
149,349,409,35,0.8097826086956522,0.5395778364116095,0.2991967871485944,0.9211711711711712,0.6746802225536308,0.436950146627566,0.5923566878980892,942,184,758
147,350,417,28,0.84,0.5436766623207301,0.29577464788732394,0.9370786516853933,0.6918383311603651,0.4375,0.5987261146496815,942,175,767
140,358,423,21,0.8695652173913043,0.5416133162612036,0.28112449799196787,0.9527027027027027,0.705589266826254,0.424886191198786,0.5976645435244161,942,161,781
138,373,393,38,0.7840909090909091,0.5130548302872062,0.2700587084148728,0.9118329466357309,0.6485728696890576,0.4017467248908297,0.5636942675159236,942,176,766
144,342,424,32,0.8181818181818182,0.5535248041775457,0.2962962962962963,0.9298245614035088,0.685853311179682,0.43504531722054374,0.6029723991507431,942,176,766
140,344,421,37,0.7909604519774012,0.550326797385621,0.2892561983471074,0.9192139737991266,0.6706436246815111,0.4236006051437216,0.5955414012738853,942,177,765
141,371,392,38,0.7877094972067039,0.5137614678899083,0.275390625,0.9116279069767442,0.650735482548306,0.4081041968162084,0.5658174097664543,942,179,763
154,363,392,33,0.8235294117647058,0.519205298013245,0.2978723404255319,0.9223529411764706,0.6713673548889754,0.4375,0.5796178343949044,942,187,755
137,354,418,33,0.8058823529411765,0.5414507772020726,0.2790224032586558,0.926829268292683,0.6736665650716245,0.41452344931921326,0.589171974522293,942,170,772
133,335,439,35,0.7916666666666666,0.5671834625322998,0.2841880341880342,0.9261603375527426,0.6794250645994833,0.41823899371069184,0.6072186836518046,942,168,774
142,343,420,37,0.7932960893854749,0.5504587155963303,0.2927835051546392,0.9190371991247265,0.6718774024909027,0.427710843373494,0.5966029723991507,942,179,763
157,330,418,37,0.8092783505154639,0.5588235294117647,0.32238193018480493,0.9186813186813186,0.6840509399636143,0.461086637298091,0.6104033970276008,942,194,748
145,338,424,35,0.8055555555555556,0.5564304461942258,0.3002070393374741,0.9237472766884531,0.6809930008748907,0.43740573152337864,0.6040339702760085,942,180,762
152,330,432,28,0.8444444444444444,0.5669291338582677,0.3153526970954357,0.9391304347826087,0.7056867891513561,0.4592145015105741,0.6199575371549894,942,180,762
127,359,426,30,0.8089171974522293,0.5426751592356688,0.2613168724279835,0.9342105263157895,0.675796178343949,0.39502332814930013,0.5870488322717622,942,157,785
144,343,424,31,0.8228571428571428,0.5528031290743155,0.29568788501026694,0.9318681318681319,0.6878301359657292,0.4350453172205438,0.6029723991507431,942,175,767
144,367,396,35,0.8044692737430168,0.5190039318479686,0.28180039138943247,0.9187935034802784,0.6617366027954927,0.4173913043478261,0.5732484076433121,942,179,763
155,335,415,37,0.8072916666666666,0.5533333333333333,0.3163265306122449,0.918141592920354,0.6803125,0.4545454545454546,0.6050955414012739,942,192,750
132,387,388,35,0.7904191616766467,0.5006451612903225,0.2543352601156069,0.91725768321513,0.6455321614834846,0.38483965014577254,0.5520169851380042,942,167,775
138,370,398,36,0.7931034482758621,0.5182291666666666,0.27165354330708663,0.9170506912442397,0.6556663074712643,0.40469208211143703,0.5690021231422505,942,174,768
153,357,404,28,0.8453038674033149,0.5308804204993429,0.3,0.9351851851851852,0.6880921439513289,0.44283646888567285,0.5912951167728238,942,181,761
156,346,401,39,0.8,0.536813922356091,0.3107569721115538,0.9113636363636364,0.6684069611780455,0.4476327116212339,0.5912951167728238,942,195,747
125,366,411,40,0.7575757575757576,0.528957528957529,0.2545824847250509,0.9113082039911308,0.6432666432666433,0.38109756097560976,0.5690021231422505,942,165,777
154,330,429,29,0.8415300546448088,0.5652173913043478,0.3181818181818182,0.9366812227074236,0.7033737229745782,0.4617691154422789,0.618895966029724,942,183,759
145,353,400,44,0.7671957671957672,0.5312084993359893,0.29116465863453816,0.9009009009009009,0.6492021332658783,0.42212518195050946,0.578556263269639,942,189,753
144,370,407,21,0.8727272727272727,0.5238095238095238,0.2801556420233463,0.9509345794392523,0.6982683982683983,0.42415316642120765,0.5849256900212314,942,165,777
155,367,387,33,0.824468085106383,0.513262599469496,0.29693486590038315,0.9214285714285714,0.6688653422879396,0.43661971830985913,0.5753715498938429,942,188,754
142,364,401,35,0.8022598870056498,0.5241830065359477,0.28063241106719367,0.9197247706422018,0.6632214467707988,0.4158125915080527,0.5764331210191083,942,177,765
136,361,407,38,0.7816091954022989,0.5299479166666666,0.27364185110663986,0.9146067415730337,0.6557785560344828,0.4053651266766022,0.5764331210191083,942,174,768
151,371,390,30,0.8342541436464088,0.5124835742444153,0.289272030651341,0.9285714285714286,0.6733688589454121,0.4295874822190612,0.5743099787685775,942,181,761
151,364,396,31,0.8296703296703297,0.5210526315789473,0.29320388349514565,0.927400468384075,0.6753614806246385,0.4332855093256815,0.5806794055201698,942,182,760
148,339,415,40,0.7872340425531915,0.5503978779840849,0.30390143737166325,0.9120879120879121,0.6688159602686382,0.43851851851851853,0.5976645435244161,942,188,754
146,343,415,38,0.7934782608695652,0.5474934036939314,0.2985685071574642,0.9161147902869757,0.6704858322817483,0.4338781575037147,0.5955414012738853,942,184,758
135,354,422,31,0.8132530120481928,0.5438144329896907,0.27607361963190186,0.9315673289183223,0.6785337225189417,0.4122137404580153,0.5912951167728238,942,166,776
144,356,407,35,0.8044692737430168,0.5334207077326344,0.288,0.920814479638009,0.6689449907378255,0.42415316642120765,0.5849256900212314,942,179,763
146,355,411,30,0.8295454545454546,0.5365535248041775,0.29141716566866266,0.9319727891156463,0.683049489674816,0.431314623338257,0.5912951167728238,942,176,766
137,314,448,43,0.7611111111111111,0.5879265091863517,0.30376940133037694,0.9124236252545825,0.6745188101487314,0.43423137876386686,0.6210191082802548,942,180,762
156,339,406,41,0.7918781725888325,0.5449664429530201,0.3151515151515151,0.9082774049217002,0.6684223077709264,0.4508670520231214,0.5966029723991507,942,197,745
138,340,437,27,0.8363636363636363,0.5624195624195624,0.28870292887029286,0.9418103448275862,0.6993915993915993,0.42923794712286156,0.6104033970276008,942,165,777
130,367,418,27,0.8280254777070064,0.532484076433121,0.26156941649899396,0.9393258426966292,0.6802547770700638,0.39755351681957185,0.5817409766454352,942,157,785
149,363,400,30,0.8324022346368715,0.5242463958060288,0.291015625,0.9302325581395349,0.6783243152214502,0.43125904486251815,0.5828025477707006,942,179,763
117,356,434,35,0.7697368421052632,0.549367088607595,0.24735729386892177,0.9253731343283582,0.659551965356429,0.3744,0.5849256900212314,942,152,790
139,348,420,35,0.7988505747126436,0.546875,0.28542094455852157,0.9230769230769231,0.6728627873563218,0.42057488653555225,0.5934182590233545,942,174,768
163,335,411,33,0.8316326530612245,0.5509383378016086,0.3273092369477912,0.9256756756756757,0.6912854954314165,0.46974063400576366,0.6093418259023354,942,196,746
154,353,399,36,0.8105263157894737,0.5305851063829787,0.3037475345167653,0.9172413793103448,0.6705557110862261,0.44189383070301286,0.5870488322717622,942,190,752
134,360,412,36,0.788235294117647,0.533678756476684,0.27125506072874495,0.9196428571428571,0.6609570252971655,0.40361445783132527,0.5796178343949044,942,170,772
129,359,419,35,0.7865853658536586,0.538560411311054,0.26434426229508196,0.9229074889867841,0.6625728885823563,0.3957055214723926,0.5817409766454352,942,164,778
156,337,411,38,0.8041237113402062,0.5494652406417112,0.31643002028397565,0.9153674832962138,0.6767944759909588,0.45414847161572053,0.6019108280254777,942,194,748
158,348,403,33,0.8272251308900523,0.5366178428761651,0.31225296442687744,0.9243119266055045,0.6819214868831087,0.45337159253945475,0.5955414012738853,942,191,751
114,369,423,36,0.76,0.5340909090909091,0.2360248447204969,0.9215686274509803,0.6470454545454545,0.36018957345971564,0.5700636942675159,942,150,792
137,352,418,35,0.7965116279069767,0.5428571428571428,0.28016359918200406,0.9227373068432672,0.6696843853820598,0.41452344931921326,0.589171974522293,942,172,770
152,390,378,22,0.8735632183908046,0.4921875,0.28044280442804426,0.945,0.6828753591954023,0.4245810055865922,0.5626326963906582,942,174,768
158,353,400,31,0.8359788359788359,0.5312084993359893,0.30919765166340507,0.9280742459396751,0.6835936676574126,0.4514285714285714,0.5923566878980892,942,189,753
148,373,390,31,0.8268156424581006,0.5111402359108781,0.2840690978886756,0.9263657957244655,0.6689779391844893,0.4228571428571428,0.5711252653927813,942,179,763
158,365,390,29,0.8449197860962567,0.5165562913907285,0.30210325047801145,0.9307875894988067,0.6807380387434926,0.44507042253521123,0.5817409766454352,942,187,755
140,339,434,29,0.8284023668639053,0.5614489003880984,0.29227557411273486,0.937365010799136,0.6949256336260019,0.43209876543209874,0.6093418259023354,942,169,773
143,350,420,29,0.8313953488372093,0.5454545454545454,0.29006085192697767,0.9354120267260579,0.6884249471458774,0.4300751879699248,0.5976645435244161,942,172,770
128,380,399,35,0.7852760736196319,0.5121951219512195,0.25196850393700787,0.9193548387096774,0.6487355977854257,0.3815201192250373,0.559447983014862,942,163,779
144,351,401,46,0.7578947368421053,0.5332446808510638,0.2909090909090909,0.8970917225950783,0.6455697088465846,0.42043795620437957,0.578556263269639,942,190,752
143,360,414,25,0.8511904761904762,0.5348837209302325,0.28429423459244535,0.9430523917995444,0.6930370985603543,0.42622950819672134,0.5912951167728238,942,168,774
146,366,401,29,0.8342857142857143,0.5228161668839635,0.28515625,0.9325581395348838,0.6785509405848389,0.4250363901018923,0.5806794055201698,942,175,767
175,348,385,34,0.8373205741626795,0.5252387448840382,0.33460803059273425,0.918854415274463,0.6812796595233588,0.4781420765027323,0.5944798301486199,942,209,733
135,365,414,28,0.8282208588957055,0.5314505776636713,0.27,0.9366515837104072,0.6798357182796884,0.4072398190045249,0.5828025477707006,942,163,779
144,328,426,44,0.7659574468085106,0.5649867374005305,0.3050847457627119,0.9063829787234042,0.6654720921045205,0.43636363636363634,0.6050955414012739,942,188,754
127,346,434,35,0.7839506172839507,0.5564102564102564,0.26849894291754756,0.9253731343283582,0.6701804368471036,0.39999999999999997,0.5955414012738853,942,162,780
134,348,428,32,0.8072289156626506,0.5515463917525774,0.27800829875518673,0.9304347826086956,0.679387653707614,0.41358024691358025,0.5966029723991507,942,166,776
157,353,399,33,0.8263157894736842,0.5305851063829787,0.307843137254902,0.9236111111111112,0.6784504479283315,0.4485714285714286,0.5902335456475584,942,190,752
135,353,425,29,0.823170731707317,0.5462724935732648,0.2766393442622951,0.9361233480176211,0.6847216126402909,0.41411042944785276,0.5944798301486199,942,164,778
146,349,417,30,0.8295454545454546,0.5443864229765013,0.29494949494949496,0.9328859060402684,0.6869659387609779,0.4351713859910581,0.5976645435244161,942,176,766
135,326,445,36,0.7894736842105263,0.5771725032425421,0.2928416485900217,0.9251559251559252,0.6833230937265342,0.4272151898734178,0.6157112526539278,942,171,771
127,359,423,33,0.79375,0.540920716112532,0.2613168724279835,0.9276315789473685,0.667335358056266,0.3931888544891641,0.583864118895966,942,160,782
121,348,439,34,0.7806451612903226,0.5578144853875476,0.2579957356076759,0.9281183932346723,0.6692298233389351,0.38782051282051283,0.5944798301486199,942,155,787
144,342,414,42,0.7741935483870968,0.5476190476190477,0.2962962962962963,0.9078947368421053,0.6609062980030722,0.42857142857142855,0.5923566878980892,942,186,756
129,350,426,37,0.7771084337349398,0.5489690721649485,0.26931106471816285,0.9200863930885529,0.6630387529499442,0.4,0.589171974522293,942,166,776
139,370,401,32,0.8128654970760234,0.5201037613488976,0.2730844793713163,0.9260969976905312,0.6664846292124604,0.4088235294117647,0.5732484076433121,942,171,771
139,330,428,45,0.7554347826086957,0.5646437994722955,0.29637526652452023,0.904862579281184,0.6600392910404955,0.42572741194486985,0.6019108280254777,942,184,758
144,364,398,36,0.8,0.5223097112860893,0.28346456692913385,0.9170506912442397,0.6611548556430447,0.4186046511627907,0.5753715498938429,942,180,762
149,361,400,32,0.8232044198895028,0.5256241787122208,0.29215686274509806,0.9259259259259259,0.6744142993008617,0.4312590448625181,0.5828025477707006,942,181,761
158,349,399,36,0.8144329896907216,0.5334224598930482,0.3116370808678501,0.9172413793103448,0.6739277247918849,0.45078459343794575,0.5912951167728238,942,194,748
140,369,403,30,0.8235294117647058,0.522020725388601,0.275049115913556,0.930715935334873,0.6727750685766534,0.4123711340206186,0.5764331210191083,942,170,772
147,364,395,36,0.8032786885245902,0.5204216073781291,0.2876712328767123,0.9164733178654292,0.6618501479513597,0.4236311239193083,0.5753715498938429,942,183,759
138,347,426,31,0.8165680473372781,0.5510996119016818,0.2845360824742268,0.9321663019693655,0.6838338296194799,0.4220183486238531,0.5987261146496815,942,169,773
147,360,400,35,0.8076923076923077,0.5263157894736842,0.28994082840236685,0.9195402298850575,0.667004048582996,0.42670537010159654,0.5806794055201698,942,182,760
136,344,421,41,0.768361581920904,0.550326797385621,0.2833333333333333,0.9112554112554112,0.6593441896532625,0.41400304414003053,0.5912951167728238,942,177,765
140,353,409,40,0.7777777777777778,0.536745406824147,0.2839756592292089,0.910913140311804,0.6572615923009624,0.41604754829123325,0.5828025477707006,942,180,762
126,382,402,32,0.7974683544303798,0.5127551020408163,0.24803149606299213,0.9262672811059908,0.655111728235598,0.3783783783783784,0.5605095541401274,942,158,784
132,369,400,41,0.7630057803468208,0.5201560468140443,0.2634730538922156,0.9070294784580499,0.6415809135804325,0.39169139465875374,0.564755838641189,942,173,769
166,338,390,48,0.7757009345794392,0.5357142857142857,0.32936507936507936,0.8904109589041096,0.6557076101468624,0.4623955431754875,0.5902335456475584,942,214,728
142,336,423,41,0.7759562841530054,0.5573122529644269,0.29707112970711297,0.9116379310344828,0.6666342685587161,0.4296520423600605,0.5997876857749469,942,183,759
129,346,431,36,0.7818181818181819,0.5546975546975547,0.27157894736842103,0.9229122055674518,0.6682578682578683,0.403125,0.5944798301486199,942,165,777
152,363,404,23,0.8685714285714285,0.5267275097783573,0.29514563106796116,0.9461358313817331,0.6976494691748929,0.4405797101449275,0.5902335456475584,942,175,767
126,360,434,22,0.8513513513513513,0.5465994962216625,0.25925925925925924,0.9517543859649122,0.6989754237865069,0.3974763406940062,0.5944798301486199,942,148,794
150,345,414,33,0.819672131147541,0.5454545454545454,0.30303030303030304,0.9261744966442953,0.6825633383010432,0.4424778761061947,0.5987261146496815,942,183,759
153,339,413,37,0.8052631578947368,0.5492021276595744,0.31097560975609756,0.9177777777777778,0.6772326427771556,0.4486803519061584,0.6008492569002123,942,190,752
121,381,412,28,0.8120805369127517,0.519546027742749,0.2410358565737052,0.9363636363636364,0.6658132823277504,0.3717357910906298,0.5658174097664543,942,149,793
158,332,406,46,0.7745098039215687,0.5501355013550135,0.3224489795918367,0.8982300884955752,0.662322652638291,0.45533141210374634,0.5987261146496815,942,204,738
140,353,403,46,0.7526881720430108,0.533068783068783,0.2839756592292089,0.8975501113585747,0.6428784775558969,0.4123711340206186,0.5764331210191083,942,186,756
139,345,421,37,0.7897727272727273,0.5496083550913838,0.2871900826446281,0.9192139737991266,0.6696905411820555,0.4212121212121212,0.5944798301486199,942,176,766
137,370,390,45,0.7527472527472527,0.5131578947368421,0.2702169625246548,0.896551724137931,0.6329525737420474,0.39767779390420893,0.559447983014862,942,182,760
151,354,415,22,0.8728323699421965,0.5396618985695709,0.299009900990099,0.9496567505720824,0.7062471342558837,0.4454277286135693,0.6008492569002123,942,173,769
144,355,403,40,0.782608695652174,0.5316622691292876,0.28857715430861725,0.909706546275395,0.6571354823907307,0.4216691068814056,0.5806794055201698,942,184,758
139,353,424,26,0.8424242424242424,0.5456885456885456,0.28252032520325204,0.9422222222222222,0.694056394056394,0.4231354642313547,0.5976645435244161,942,165,777
147,337,413,45,0.765625,0.5506666666666666,0.3037190082644628,0.9017467248908297,0.6581458333333333,0.4349112426035503,0.5944798301486199,942,192,750
156,366,396,24,0.8666666666666667,0.5196850393700787,0.2988505747126437,0.9428571428571428,0.6931758530183727,0.4444444444444445,0.5859872611464968,942,180,762
146,324,431,41,0.7807486631016043,0.5708609271523178,0.31063829787234043,0.913135593220339,0.675804795126961,0.4444444444444444,0.6125265392781316,942,187,755
159,335,409,39,0.803030303030303,0.5497311827956989,0.32186234817813764,0.9129464285714286,0.6763807429130009,0.4595375722543353,0.6029723991507431,942,198,744
153,377,383,29,0.8406593406593407,0.5039473684210526,0.28867924528301886,0.9296116504854369,0.6723033545401966,0.4297752808988764,0.5690021231422505,942,182,760
141,350,412,39,0.7833333333333333,0.5406824146981627,0.28716904276985744,0.9135254988913526,0.662007874015748,0.42026825633383014,0.5870488322717622,942,180,762
150,393,371,28,0.8426966292134831,0.4856020942408377,0.27624309392265195,0.9298245614035088,0.6641493617271604,0.4160887656033287,0.5530785562632696,942,178,764
131,369,410,32,0.803680981595092,0.5263157894736842,0.262,0.9276018099547512,0.6649983855343882,0.39517345399698345,0.5743099787685775,942,163,779
143,349,424,26,0.8461538461538461,0.5485122897800776,0.29065040650406504,0.9422222222222222,0.6973330679669618,0.43267776096822996,0.6019108280254777,942,169,773
135,371,408,28,0.8282208588957055,0.5237483953786907,0.26679841897233203,0.9357798165137615,0.6759846271371981,0.4035874439461883,0.5764331210191083,942,163,779
140,372,401,29,0.8284023668639053,0.51875808538163,0.2734375,0.9325581395348838,0.6735802261227677,0.4111600587371512,0.5743099787685775,942,169,773
145,348,422,27,0.8430232558139535,0.548051948051948,0.29411764705882354,0.9398663697104677,0.6955376019329508,0.4360902255639098,0.6019108280254777,942,172,770
147,361,403,31,0.8258426966292135,0.5274869109947644,0.28937007874015747,0.9285714285714286,0.6766648038119889,0.42857142857142855,0.583864118895966,942,178,764
123,359,427,33,0.7884615384615384,0.5432569974554707,0.2551867219917012,0.9282608695652174,0.6658592679585046,0.38557993730407525,0.583864118895966,942,156,786
146,351,414,31,0.8248587570621468,0.5411764705882353,0.2937625754527163,0.9303370786516854,0.6830176138251911,0.4332344213649852,0.5944798301486199,942,177,765
157,343,401,41,0.7929292929292929,0.5389784946236559,0.314,0.9072398190045249,0.6659538937764744,0.4498567335243553,0.5923566878980892,942,198,744
142,360,401,39,0.7845303867403315,0.5269382391590013,0.28286852589641437,0.9113636363636364,0.6557343129496664,0.4158125915080527,0.5764331210191083,942,181,761
144,354,397,47,0.7539267015706806,0.5286284953395473,0.2891566265060241,0.8941441441441441,0.641277598455114,0.41799709724238027,0.5743099787685775,942,191,751
142,346,418,36,0.797752808988764,0.5471204188481675,0.29098360655737704,0.920704845814978,0.6724366139184658,0.4264264264264264,0.5944798301486199,942,178,764
172,364,372,34,0.8349514563106796,0.5054347826086957,0.3208955223880597,0.916256157635468,0.6701931194596876,0.46361185983827485,0.5774946921443737,942,206,736
137,400,379,26,0.8404907975460123,0.4865211810012837,0.25512104283054005,0.9358024691358025,0.663505989273648,0.39142857142857146,0.5477707006369427,942,163,779
136,367,404,35,0.7953216374269005,0.5239948119325551,0.27037773359840955,0.9202733485193622,0.6596582246797278,0.4035608308605342,0.5732484076433121,942,171,771
146,394,368,34,0.8111111111111111,0.48293963254593175,0.27037037037037037,0.9154228855721394,0.6470253718285215,0.40555555555555556,0.5456475583864119,942,180,762
148,333,420,41,0.783068783068783,0.5577689243027888,0.3076923076923077,0.911062906724512,0.6704188536857859,0.4417910447761194,0.6029723991507431,942,189,753
148,351,400,43,0.774869109947644,0.5326231691078562,0.2965931863727455,0.9029345372460497,0.6537461395277502,0.42898550724637685,0.5817409766454352,942,191,751
139,364,402,37,0.7897727272727273,0.5248041775456919,0.27634194831013914,0.9157175398633257,0.6572884524092095,0.4094256259204713,0.5743099787685775,942,176,766
141,347,427,27,0.8392857142857143,0.5516795865633075,0.2889344262295082,0.9405286343612335,0.6954826504245109,0.4298780487804878,0.6029723991507431,942,168,774
166,338,409,29,0.8512820512820513,0.5475234270414994,0.32936507936507936,0.9337899543378996,0.6994027391617753,0.47496423462088694,0.6104033970276008,942,195,747
151,328,432,31,0.8296703296703297,0.5684210526315789,0.31524008350730687,0.9330453563714903,0.6990456911509544,0.45688350983358544,0.618895966029724,942,182,760
127,348,434,33,0.79375,0.5549872122762148,0.2673684210526316,0.9293361884368309,0.6743686061381073,0.4000000000000001,0.5955414012738853,942,160,782
142,345,416,39,0.7845303867403315,0.5466491458607096,0.2915811088295688,0.9142857142857143,0.6655897663005206,0.4251497005988024,0.5923566878980892,942,181,761
139,358,416,29,0.8273809523809523,0.537467700258398,0.2796780684104628,0.9348314606741573,0.6824243263196752,0.41804511278195494,0.589171974522293,942,168,774
156,340,415,31,0.8342245989304813,0.5496688741721855,0.31451612903225806,0.9304932735426009,0.6919467365513334,0.45680819912152276,0.6061571125265393,942,187,755
144,352,414,32,0.8181818181818182,0.5404699738903395,0.2903225806451613,0.9282511210762332,0.6793258960360788,0.4285714285714286,0.5923566878980892,942,176,766
168,357,392,25,0.8704663212435233,0.5233644859813084,0.32,0.9400479616306955,0.6969154036124159,0.46796657381615603,0.5944798301486199,942,193,749
156,340,423,23,0.8715083798882681,0.5543905635648755,0.31451612903225806,0.9484304932735426,0.7129494717265719,0.46222222222222226,0.6146496815286624,942,179,763
150,333,426,33,0.819672131147541,0.5612648221343873,0.3105590062111801,0.9281045751633987,0.6904684766409641,0.45045045045045046,0.6114649681528662,942,183,759
124,352,432,34,0.7848101265822784,0.5510204081632653,0.2605042016806723,0.927038626609442,0.6679152673727718,0.39116719242902215,0.5902335456475584,942,158,784
138,367,407,30,0.8214285714285714,0.5258397932816538,0.2732673267326733,0.931350114416476,0.6736341823551126,0.4101040118870728,0.578556263269639,942,168,774
145,341,420,36,0.8011049723756906,0.5519053876478318,0.29835390946502055,0.9210526315789473,0.6765051800117612,0.4347826086956521,0.5997876857749469,942,181,761
157,341,403,41,0.7929292929292929,0.5416666666666666,0.3152610441767068,0.9076576576576577,0.6672979797979798,0.45114942528735624,0.5944798301486199,942,198,744
153,368,387,34,0.8181818181818182,0.5125827814569537,0.29366602687140114,0.9192399049881235,0.6653822998193859,0.43220338983050843,0.5732484076433121,942,187,755
150,362,391,39,0.7936507936507936,0.5192563081009296,0.29296875,0.9093023255813953,0.6564535508758615,0.42796005706134094,0.5743099787685775,942,189,753
140,361,395,46,0.7526881720430108,0.5224867724867724,0.27944111776447106,0.8956916099773242,0.6375874722648915,0.40756914119359533,0.5679405520169851,942,186,756
135,355,411,41,0.7670454545454546,0.5365535248041775,0.2755102040816326,0.9092920353982301,0.651799489674816,0.4054054054054054,0.5796178343949044,942,176,766
129,373,409,31,0.80625,0.5230179028132992,0.25697211155378485,0.9295454545454546,0.6646339514066496,0.38972809667673713,0.5711252653927813,942,160,782
160,323,425,34,0.8247422680412371,0.5681818181818182,0.33126293995859213,0.9259259259259259,0.6964620431115276,0.47267355982274734,0.6210191082802548,942,194,748
131,352,413,46,0.7401129943502824,0.5398692810457516,0.2712215320910973,0.8997821350762527,0.639991137698017,0.3969696969696969,0.5774946921443737,942,177,765
139,327,434,42,0.7679558011049724,0.5703022339027596,0.2982832618025751,0.9117647058823529,0.669129017503866,0.4296754250386398,0.60828025477707,942,181,761
146,367,400,29,0.8342857142857143,0.5215123859191656,0.28460038986354774,0.9324009324009324,0.67789905010244,0.4244186046511628,0.5796178343949044,942,175,767
165,341,411,25,0.868421052631579,0.5465425531914894,0.32608695652173914,0.9426605504587156,0.7074818029115342,0.4741379310344828,0.6114649681528662,942,190,752
142,355,408,37,0.7932960893854749,0.5347313237221494,0.2857142857142857,0.9168539325842696,0.6640137065538121,0.4201183431952663,0.583864118895966,942,179,763
138,361,418,25,0.8466257668711656,0.5365853658536586,0.27655310621242485,0.9435665914221218,0.6916055663624121,0.4169184290030211,0.5902335456475584,942,163,779
144,348,420,30,0.8275862068965517,0.546875,0.2926829268292683,0.9333333333333333,0.6872306034482758,0.4324324324324324,0.5987261146496815,942,174,768
146,372,393,31,0.8248587570621468,0.5137254901960784,0.28185328185328185,0.9268867924528302,0.6692921236291126,0.4201438848920863,0.5721868365180467,942,177,765
135,341,438,28,0.8282208588957055,0.5622593068035944,0.28361344537815125,0.9399141630901288,0.6952400828496499,0.4225352112676056,0.60828025477707,942,163,779
151,349,405,37,0.8031914893617021,0.5371352785145889,0.302,0.916289592760181,0.6701633839381456,0.438953488372093,0.5902335456475584,942,188,754
133,340,436,33,0.8012048192771084,0.5618556701030928,0.28118393234672306,0.929637526652452,0.6815302446901006,0.41627543035993736,0.6040339702760085,942,166,776
160,347,396,39,0.8040201005025126,0.5329744279946165,0.3155818540433925,0.9103448275862069,0.6684972642485645,0.45325779036827196,0.5902335456475584,942,199,743
139,370,394,39,0.7808988764044944,0.5157068062827225,0.2730844793713163,0.9099307159353349,0.6483028413436085,0.40465793304221254,0.5658174097664543,942,178,764
166,329,413,34,0.83,0.5566037735849056,0.33535353535353535,0.9239373601789709,0.6933018867924527,0.47769784172661867,0.6146496815286624,942,200,742
136,326,440,40,0.7727272727272727,0.5744125326370757,0.2943722943722944,0.9166666666666666,0.6735699026821742,0.426332288401254,0.6114649681528662,942,176,766
135,375,395,37,0.7848837209302325,0.512987012987013,0.2647058823529412,0.9143518518518519,0.6489353669586228,0.39589442815249265,0.5626326963906582,942,172,770
130,346,428,38,0.7738095238095238,0.5529715762273901,0.27310924369747897,0.9184549356223176,0.6633905500184569,0.40372670807453415,0.5923566878980892,942,168,774
142,360,412,28,0.8352941176470589,0.533678756476684,0.28286852589641437,0.9363636363636364,0.6844864370618714,0.4226190476190476,0.5881104033970276,942,170,772
140,375,390,37,0.7909604519774012,0.5098039215686274,0.27184466019417475,0.9133489461358314,0.6503821867730143,0.40462427745664736,0.5626326963906582,942,177,765
163,343,389,47,0.7761904761904762,0.5314207650273224,0.3221343873517787,0.8922018348623854,0.6538056206088994,0.4553072625698324,0.5859872611464968,942,210,732
119,364,432,27,0.815068493150685,0.542713567839196,0.2463768115942029,0.9411764705882353,0.6788910304949405,0.37837837837837834,0.5849256900212314,942,146,796
136,363,402,41,0.768361581920904,0.5254901960784314,0.2725450901803607,0.90744920993228,0.6469258889996676,0.40236686390532544,0.5711252653927813,942,177,765
150,340,415,37,0.8021390374331551,0.5496688741721855,0.30612244897959184,0.918141592920354,0.6759039558026703,0.4431314623338257,0.5997876857749469,942,187,755
146,376,391,29,0.8342857142857143,0.5097783572359843,0.2796934865900383,0.930952380952381,0.6720320357608494,0.41893830703012913,0.5700636942675159,942,175,767
117,343,454,28,0.8068965517241379,0.5696361355081556,0.2543478260869565,0.941908713692946,0.6882663436161467,0.3867768595041322,0.6061571125265393,942,145,797
152,340,424,26,0.8539325842696629,0.5549738219895288,0.3089430894308943,0.9422222222222222,0.7044532031295958,0.4537313432835821,0.6114649681528662,942,178,764
143,363,403,33,0.8125,0.5261096605744126,0.2826086956521739,0.9243119266055045,0.6693048302872062,0.41935483870967744,0.5796178343949044,942,176,766
159,347,411,25,0.8641304347826086,0.5422163588390502,0.3142292490118577,0.9426605504587156,0.7031733968108294,0.46086956521739136,0.6050955414012739,942,184,758
155,371,386,30,0.8378378378378378,0.5099075297225891,0.2946768060836502,0.9278846153846154,0.6738726837802135,0.4360056258790436,0.5743099787685775,942,185,757
161,355,389,37,0.8131313131313131,0.5228494623655914,0.312015503875969,0.9131455399061033,0.6679903877484523,0.4509803921568627,0.583864118895966,942,198,744
142,371,404,25,0.8502994011976048,0.5212903225806451,0.27680311890838205,0.9417249417249417,0.685794861889125,0.4176470588235293,0.5796178343949044,942,167,775
128,347,436,31,0.8050314465408805,0.5568326947637292,0.2694736842105263,0.9336188436830836,0.6809320706523049,0.4037854889589905,0.5987261146496815,942,159,783
134,354,431,23,0.8535031847133758,0.5490445859872611,0.27459016393442626,0.9493392070484582,0.7012738853503184,0.41550387596899235,0.5997876857749469,942,157,785
160,350,399,33,0.8290155440414507,0.5327102803738317,0.3137254901960784,0.9236111111111112,0.6808629122076413,0.45519203413940257,0.5934182590233545,942,193,749
148,361,406,27,0.8457142857142858,0.529335071707953,0.2907662082514735,0.9376443418013857,0.6875246787111193,0.43274853801169594,0.5881104033970276,942,175,767
140,347,427,28,0.8333333333333334,0.5516795865633075,0.2874743326488706,0.9384615384615385,0.6925064599483204,0.42748091603053434,0.6019108280254777,942,168,774
139,367,405,31,0.8176470588235294,0.5246113989637305,0.274703557312253,0.9288990825688074,0.6711292288936299,0.4112426035502959,0.5774946921443737,942,170,772
148,357,403,34,0.8131868131868132,0.5302631578947369,0.29306930693069305,0.9221967963386728,0.671724985540775,0.4308588064046579,0.5849256900212314,942,182,760
129,362,407,44,0.7456647398843931,0.52925877763329,0.26272912423625255,0.9024390243902439,0.6374617587588416,0.3885542168674699,0.5690021231422505,942,173,769
154,331,412,45,0.7738693467336684,0.5545087483176312,0.31752577319587627,0.9015317286652079,0.6641890475256498,0.4502923976608187,0.6008492569002123,942,199,743
140,344,429,29,0.8284023668639053,0.5549805950840879,0.2892561983471074,0.9366812227074236,0.6916914809739967,0.4287901990811639,0.6040339702760085,942,169,773
154,348,413,27,0.850828729281768,0.5427069645203679,0.30677290836653387,0.9386363636363636,0.696767846901068,0.4509516837481699,0.6019108280254777,942,181,761
149,350,408,35,0.8097826086956522,0.5382585751978892,0.2985971943887776,0.9209932279909706,0.6740205919467708,0.4363103953147877,0.5912951167728238,942,184,758
136,367,413,26,0.8395061728395061,0.5294871794871795,0.27037773359840955,0.9407744874715261,0.6844966761633429,0.4090225563909774,0.5828025477707006,942,162,780
146,347,408,41,0.7807486631016043,0.5403973509933775,0.2961460446247465,0.9086859688195991,0.6605730070474909,0.42941176470588244,0.5881104033970276,942,187,755
129,380,408,25,0.8376623376623377,0.5177664974619289,0.25343811394891946,0.9422632794457275,0.6777144175621332,0.3891402714932126,0.5700636942675159,942,154,788
135,369,412,26,0.8385093167701864,0.5275288092189501,0.26785714285714285,0.9406392694063926,0.6830190629945683,0.40601503759398494,0.5806794055201698,942,161,781
144,357,401,40,0.782608695652174,0.5290237467018469,0.2874251497005988,0.909297052154195,0.6558162211770104,0.4204379562043796,0.578556263269639,942,184,758
153,368,381,40,0.7927461139896373,0.5086782376502003,0.29366602687140114,0.9049881235154394,0.6507121758199188,0.42857142857142855,0.5668789808917197,942,193,749
154,368,378,42,0.7857142857142857,0.5067024128686327,0.2950191570881226,0.9,0.6462083492914592,0.42896935933147634,0.564755838641189,942,196,746
139,370,405,28,0.8323353293413174,0.5225806451612903,0.2730844793713163,0.9353348729792148,0.6774579872513038,0.41124260355029585,0.5774946921443737,942,167,775
130,385,391,36,0.7831325301204819,0.5038659793814433,0.2524271844660194,0.9156908665105387,0.6434992547509626,0.38179148311306904,0.5530785562632696,942,166,776
151,362,403,26,0.8531073446327684,0.526797385620915,0.29434697855750486,0.9393939393939394,0.6899523651268418,0.43768115942028984,0.5881104033970276,942,177,765
144,361,405,32,0.8181818181818182,0.5287206266318538,0.2851485148514851,0.9267734553775744,0.6734512224068361,0.42290748898678415,0.5828025477707006,942,176,766
152,367,390,33,0.8216216216216217,0.5151915455746368,0.2928709055876686,0.9219858156028369,0.6684065835981292,0.4318181818181818,0.5753715498938429,942,185,757
150,360,390,42,0.78125,0.52,0.29411764705882354,0.9027777777777778,0.650625,0.42735042735042733,0.5732484076433121,942,192,750
157,353,411,21,0.8820224719101124,0.5379581151832461,0.307843137254902,0.9513888888888888,0.7099902935466793,0.45639534883720934,0.6029723991507431,942,178,764
142,367,404,29,0.8304093567251462,0.5239948119325551,0.27897838899803534,0.9330254041570438,0.6772020843288507,0.41764705882352937,0.5796178343949044,942,171,771
132,379,407,24,0.8461538461538461,0.5178117048346056,0.2583170254403131,0.9443155452436195,0.6819827754942258,0.39580209895052476,0.5721868365180467,942,156,786
152,347,402,41,0.7875647668393783,0.5367156208277704,0.3046092184368738,0.90744920993228,0.6621401938335743,0.43930635838150295,0.5881104033970276,942,193,749
145,326,436,35,0.8055555555555556,0.5721784776902887,0.3078556263269639,0.9256900212314225,0.6888670166229222,0.44546850998463905,0.6167728237791932,942,180,762
178,355,375,34,0.839622641509434,0.5136986301369864,0.3339587242026266,0.9168704156479217,0.6766606358232101,0.4778523489932886,0.5870488322717622,942,212,730
167,328,411,36,0.8226600985221675,0.5561569688768606,0.3373737373737374,0.9194630872483222,0.689408533699514,0.47851002865329517,0.613588110403397,942,203,739
138,345,429,30,0.8214285714285714,0.5542635658914729,0.2857142857142857,0.934640522875817,0.6878460686600221,0.42396313364055294,0.6019108280254777,942,168,774
123,370,410,39,0.7592592592592593,0.5256410256410257,0.24949290060851928,0.9131403118040089,0.6424501424501425,0.37557251908396944,0.5658174097664543,942,162,780
126,358,431,27,0.8235294117647058,0.5462610899873257,0.2603305785123967,0.9410480349344978,0.6848952508760158,0.3956043956043957,0.5912951167728238,942,153,789
165,354,393,30,0.8461538461538461,0.5261044176706827,0.3179190751445087,0.9290780141843972,0.6861291319122644,0.46218487394957986,0.5923566878980892,942,195,747
132,372,394,44,0.75,0.5143603133159269,0.2619047619047619,0.8995433789954338,0.6321801566579635,0.3882352941176471,0.5583864118895966,942,176,766
143,352,395,52,0.7333333333333333,0.5287817938420348,0.28888888888888886,0.883668903803132,0.6310575635876841,0.4144927536231884,0.5711252653927813,942,195,747
148,354,405,35,0.8087431693989071,0.5335968379446641,0.2948207171314741,0.9204545454545454,0.6711700036717856,0.43211678832116796,0.5870488322717622,942,183,759
154,337,414,37,0.806282722513089,0.5512649800266312,0.3136456211812627,0.917960088691796,0.67877385126986,0.45161290322580644,0.6029723991507431,942,191,751
151,341,423,27,0.848314606741573,0.5536649214659686,0.30691056910569103,0.94,0.7009897641037708,0.45074626865671635,0.6093418259023354,942,178,764
141,342,435,24,0.8545454545454545,0.5598455598455598,0.2919254658385093,0.9477124183006536,0.7071955071955072,0.4351851851851852,0.6114649681528662,942,165,777
135,360,407,40,0.7714285714285715,0.530638852672751,0.2727272727272727,0.9105145413870246,0.6510337120506613,0.4029850746268656,0.5753715498938429,942,175,767
135,355,418,34,0.7988165680473372,0.5407503234152652,0.2755102040816326,0.9247787610619469,0.6697834457313012,0.40971168437025796,0.5870488322717622,942,169,773
127,363,418,34,0.7888198757763976,0.5352112676056338,0.25918367346938775,0.9247787610619469,0.6620155716910157,0.3901689708141321,0.578556263269639,942,161,781
132,345,418,47,0.7374301675977654,0.5478374836173001,0.27672955974842767,0.8989247311827957,0.6426338256075328,0.40243902439024387,0.583864118895966,942,179,763
142,354,405,41,0.7759562841530054,0.5335968379446641,0.2862903225806452,0.9080717488789237,0.6547765610488347,0.4182621502209131,0.5806794055201698,942,183,759
139,349,423,31,0.8176470588235294,0.5479274611398963,0.2848360655737705,0.9317180616740088,0.6827872599817129,0.4224924012158055,0.5966029723991507,942,170,772
144,364,407,27,0.8421052631578947,0.5278858625162127,0.28346456692913385,0.9377880184331797,0.6849955628370537,0.42415316642120765,0.5849256900212314,942,171,771
155,346,404,37,0.8072916666666666,0.5386666666666666,0.3093812375249501,0.9160997732426304,0.6729791666666667,0.4473304473304473,0.5934182590233545,942,192,750
130,327,453,32,0.8024691358024691,0.5807692307692308,0.2844638949671772,0.934020618556701,0.69161918328585,0.420032310177706,0.618895966029724,942,162,780
158,357,402,25,0.8633879781420765,0.5296442687747036,0.3067961165048544,0.9414519906323185,0.6965161234583901,0.45272206303724927,0.5944798301486199,942,183,759
143,383,386,30,0.8265895953757225,0.5019505851755527,0.2718631178707224,0.9278846153846154,0.6642700902756375,0.40915593705293274,0.5615711252653928,942,173,769
153,353,406,30,0.8360655737704918,0.5349143610013175,0.30237154150197626,0.9311926605504587,0.6854899673859047,0.44412191582002897,0.5934182590233545,942,183,759
147,346,418,31,0.8258426966292135,0.5471204188481675,0.29817444219066935,0.9309576837416481,0.6864815577386905,0.43815201192250364,0.5997876857749469,942,178,764
137,346,416,43,0.7611111111111111,0.5459317585301837,0.2836438923395445,0.906318082788671,0.6535214348206474,0.4132730015082956,0.5870488322717622,942,180,762
137,356,408,41,0.7696629213483146,0.5340314136125655,0.2778904665314402,0.9086859688195991,0.65184716748044,0.40834575260804773,0.578556263269639,942,178,764
139,362,411,30,0.8224852071005917,0.5316946959896507,0.2774451097804391,0.9319727891156463,0.6770899515451212,0.41492537313432837,0.583864118895966,942,169,773
151,341,416,34,0.8162162162162162,0.5495376486129459,0.30691056910569103,0.9244444444444444,0.682876932414581,0.4460856720827179,0.6019108280254777,942,185,757
154,344,413,31,0.8324324324324325,0.5455746367239102,0.3092369477911647,0.9301801801801802,0.6890035345781713,0.4509516837481699,0.6019108280254777,942,185,757
157,336,423,26,0.8579234972677595,0.5573122529644269,0.3184584178498986,0.9420935412026726,0.7076178751160932,0.46449704142011833,0.6157112526539278,942,183,759
144,361,404,33,0.8135593220338984,0.5281045751633987,0.2851485148514851,0.9244851258581236,0.6708319485986485,0.42228739002932547,0.5817409766454352,942,177,765
137,346,420,39,0.7784090909090909,0.5483028720626631,0.2836438923395445,0.9150326797385621,0.663355981485877,0.4157814871016692,0.5912951167728238,942,176,766
139,354,413,36,0.7942857142857143,0.5384615384615384,0.281947261663286,0.9198218262806236,0.6663736263736264,0.41616766467065863,0.5859872611464968,942,175,767
157,344,407,34,0.8219895287958116,0.5419440745672437,0.313373253493014,0.9229024943310657,0.6819668016815277,0.45375722543352603,0.5987261146496815,942,191,751
139,379,399,25,0.8475609756097561,0.512853470437018,0.26833976833976836,0.9410377358490566,0.6802072230233871,0.407624633431085,0.5711252653927813,942,164,778
149,358,396,39,0.7925531914893617,0.5251989389920424,0.2938856015779093,0.9103448275862069,0.658876065240702,0.4287769784172662,0.578556263269639,942,188,754
166,345,395,36,0.8217821782178217,0.5337837837837838,0.324853228962818,0.9164733178654292,0.6777829810008027,0.4656381486676017,0.5955414012738853,942,202,740
144,339,418,41,0.7783783783783784,0.5521796565389696,0.2981366459627329,0.9106753812636166,0.665279017458674,0.43113772455089816,0.5966029723991507,942,185,757
137,374,400,31,0.8154761904761905,0.5167958656330749,0.26810176125244617,0.9280742459396751,0.6661360280546327,0.40353460972017674,0.5700636942675159,942,168,774
126,344,434,38,0.7682926829268293,0.5578406169665809,0.2680851063829787,0.9194915254237288,0.6630666499467051,0.3974763406940063,0.5944798301486199,942,164,778
121,342,446,33,0.7857142857142857,0.565989847715736,0.2613390928725702,0.9311064718162839,0.6758520667150109,0.3922204213938411,0.6019108280254777,942,154,788
147,353,403,39,0.7903225806451613,0.533068783068783,0.294,0.9117647058823529,0.6616956818569721,0.42857142857142855,0.583864118895966,942,186,756
151,379,373,39,0.7947368421052632,0.49601063829787234,0.2849056603773585,0.9053398058252428,0.6453737402015678,0.4194444444444444,0.5562632696390658,942,190,752
138,352,414,38,0.7840909090909091,0.5404699738903395,0.2816326530612245,0.915929203539823,0.6622804414906243,0.41441441441441446,0.5859872611464968,942,176,766
144,354,412,32,0.8181818181818182,0.5378590078328982,0.2891566265060241,0.9279279279279279,0.6780204130073582,0.42729970326409494,0.5902335456475584,942,176,766
132,367,409,34,0.7951807228915663,0.5270618556701031,0.26452905811623245,0.9232505643340858,0.6611212892808347,0.3969924812030075,0.5743099787685775,942,166,776
148,368,397,29,0.8361581920903954,0.5189542483660131,0.2868217054263566,0.931924882629108,0.6775562202282043,0.42712842712842713,0.578556263269639,942,177,765
165,344,401,32,0.8375634517766497,0.538255033557047,0.3241650294695481,0.9260969976905312,0.6879092426668483,0.4674220963172804,0.6008492569002123,942,197,745
125,371,415,31,0.8012820512820513,0.5279898218829516,0.25201612903225806,0.9304932735426009,0.6646359365825014,0.3834355828220859,0.5732484076433121,942,156,786
132,376,399,35,0.7904191616766467,0.5148387096774194,0.25984251968503935,0.9193548387096774,0.6526289356770331,0.3911111111111111,0.5636942675159236,942,167,775
137,343,426,36,0.791907514450867,0.5539661898569571,0.28541666666666665,0.922077922077922,0.6729368521539121,0.4196018376722817,0.5976645435244161,942,173,769
149,357,400,36,0.8054054054054054,0.5284015852047557,0.29446640316205536,0.9174311926605505,0.6669034953050805,0.4312590448625181,0.5828025477707006,942,185,757
154,355,404,29,0.8415300546448088,0.5322793148880105,0.3025540275049116,0.9330254041570438,0.6869046847664096,0.44508670520231214,0.5923566878980892,942,183,759
120,369,420,33,0.7843137254901961,0.532319391634981,0.24539877300613497,0.9271523178807947,0.6583165585625885,0.37383177570093457,0.5732484076433121,942,153,789
148,341,417,36,0.8043478260869565,0.5501319261213721,0.30265848670756645,0.9205298013245033,0.6772398761041643,0.43982169390787523,0.5997876857749469,942,184,758
156,340,419,27,0.8524590163934426,0.5520421607378129,0.31451612903225806,0.9394618834080718,0.7022505885656277,0.459499263622975,0.6104033970276008,942,183,759
146,334,420,42,0.776595744680851,0.5570291777188329,0.30416666666666664,0.9090909090909091,0.6668124611998419,0.437125748502994,0.6008492569002123,942,188,754
147,351,408,36,0.8032786885245902,0.5375494071146245,0.29518072289156627,0.918918918918919,0.6704140478196073,0.43171806167400884,0.589171974522293,942,183,759
167,347,390,38,0.8146341463414634,0.5291723202170964,0.32490272373540857,0.9112149532710281,0.6719032332792798,0.4645340751043115,0.5912951167728238,942,205,737
148,329,428,37,0.8,0.5653896961690885,0.31027253668763105,0.9204301075268817,0.6826948480845443,0.4471299093655589,0.6114649681528662,942,185,757
147,354,398,43,0.7736842105263158,0.5292553191489362,0.2934131736526946,0.9024943310657596,0.651469764837626,0.42547033285094066,0.578556263269639,942,190,752
134,320,454,34,0.7976190476190477,0.58656330749354,0.29515418502202645,0.930327868852459,0.6920911775562939,0.43086816720257237,0.6242038216560509,942,168,774
147,349,416,30,0.8305084745762712,0.5437908496732026,0.2963709677419355,0.9327354260089686,0.6871496621247368,0.43684992570579495,0.5976645435244161,942,177,765
146,349,408,39,0.7891891891891892,0.5389696169088507,0.29494949494949496,0.912751677852349,0.66407940304902,0.4294117647058824,0.5881104033970276,942,185,757
156,359,396,31,0.8342245989304813,0.5245033112582781,0.3029126213592233,0.927400468384075,0.6793639550943797,0.4444444444444445,0.5859872611464968,942,187,755
154,373,382,33,0.8235294117647058,0.5059602649006623,0.2922201138519924,0.9204819277108434,0.664744838332684,0.4313725490196078,0.5690021231422505,942,187,755
162,322,427,31,0.8393782383419689,0.5700934579439252,0.3347107438016529,0.9323144104803494,0.7047358481429471,0.47858197932053176,0.6252653927813163,942,193,749
155,360,389,38,0.8031088082901554,0.5193591455273698,0.30097087378640774,0.9110070257611241,0.6612339769087626,0.43785310734463273,0.5774946921443737,942,193,749
147,347,412,36,0.8032786885245902,0.5428194993412385,0.2975708502024291,0.9196428571428571,0.6730490939329143,0.4342688330871492,0.5934182590233545,942,183,759
152,362,398,30,0.8351648351648352,0.5236842105263158,0.29571984435797666,0.9299065420560748,0.6794245228455755,0.4367816091954023,0.583864118895966,942,182,760
147,366,395,34,0.8121546961325967,0.519053876478318,0.28654970760233917,0.9207459207459208,0.6656042863054574,0.42363112391930835,0.5753715498938429,942,181,761
132,381,397,32,0.8048780487804879,0.5102827763496144,0.2573099415204678,0.9254079254079254,0.6575804125650511,0.38995568685376664,0.5615711252653928,942,164,778
130,351,426,35,0.7878787878787878,0.5482625482625483,0.2702702702702703,0.9240780911062907,0.6680706680706681,0.4024767801857585,0.5902335456475584,942,165,777
131,364,408,39,0.7705882352941177,0.5284974093264249,0.26464646464646463,0.912751677852349,0.6495428223102713,0.393984962406015,0.5721868365180467,942,170,772
135,344,430,33,0.8035714285714286,0.5555555555555556,0.2818371607515658,0.9287257019438445,0.6795634920634921,0.41731066460587335,0.5997876857749469,942,168,774
142,384,373,43,0.7675675675675676,0.49273447820343463,0.26996197718631176,0.8966346153846154,0.6301510228855012,0.3994374120956399,0.5467091295116773,942,185,757
139,349,421,33,0.8081395348837209,0.5467532467532468,0.2848360655737705,0.9273127753303965,0.6774463908184838,0.42121212121212126,0.5944798301486199,942,172,770
139,357,411,35,0.7988505747126436,0.53515625,0.28024193548387094,0.92152466367713,0.6670034123563218,0.41492537313432837,0.583864118895966,942,174,768
148,363,394,37,0.8,0.5204755614266843,0.2896281800391389,0.91415313225058,0.6602377807133422,0.42528735632183906,0.5753715498938429,942,185,757
145,365,408,24,0.8579881656804734,0.5278137128072445,0.28431372549019607,0.9444444444444444,0.692900939243859,0.4270986745213549,0.5870488322717622,942,169,773
129,363,419,31,0.80625,0.5358056265984654,0.2621951219512195,0.9311111111111111,0.6710278132992327,0.39570552147239274,0.5817409766454352,942,160,782
152,361,397,32,0.8260869565217391,0.5237467018469657,0.2962962962962963,0.9254079254079254,0.6749168291843524,0.4361549497847919,0.5828025477707006,942,184,758
122,375,415,30,0.8026315789473685,0.5253164556962026,0.2454728370221328,0.9325842696629213,0.6639740173217855,0.37596302003081666,0.5700636942675159,942,152,790
133,371,404,34,0.7964071856287425,0.5212903225806451,0.2638888888888889,0.9223744292237442,0.6588487541046938,0.3964232488822653,0.5700636942675159,942,167,775
141,348,420,33,0.8103448275862069,0.546875,0.2883435582822086,0.9271523178807947,0.6786099137931034,0.42533936651583704,0.5955414012738853,942,174,768
140,390,379,33,0.8092485549132948,0.4928478543563069,0.2641509433962264,0.9199029126213593,0.6510482046348008,0.3982930298719773,0.5509554140127388,942,173,769
143,344,421,34,0.807909604519774,0.550326797385621,0.2936344969199179,0.9252747252747253,0.6791182009526975,0.43072289156626514,0.5987261146496815,942,177,765
150,367,392,33,0.819672131147541,0.5164690382081687,0.2901353965183752,0.9223529411764706,0.6680705846778549,0.4285714285714285,0.5753715498938429,942,183,759
132,364,410,36,0.7857142857142857,0.5297157622739018,0.2661290322580645,0.9192825112107623,0.6577150239940938,0.3975903614457832,0.5753715498938429,942,168,774
155,361,388,38,0.8031088082901554,0.5180240320427236,0.3003875968992248,0.9107981220657277,0.6605664201664395,0.43723554301833567,0.5764331210191083,942,193,749
134,379,395,34,0.7976190476190477,0.5103359173126615,0.26120857699805067,0.9207459207459208,0.6539774824658546,0.39353891336270186,0.5615711252653928,942,168,774
121,357,428,36,0.7707006369426752,0.5452229299363057,0.25313807531380755,0.9224137931034483,0.6579617834394904,0.38110236220472443,0.5828025477707006,942,157,785
136,358,405,43,0.7597765363128491,0.5307994757536042,0.27530364372469635,0.9040178571428571,0.6452880060332267,0.40416047548291234,0.5743099787685775,942,179,763
156,336,421,29,0.8432432432432433,0.5561426684280053,0.3170731707317073,0.9355555555555556,0.6996929558356243,0.4608567208271787,0.6125265392781316,942,185,757
146,356,418,22,0.8690476190476191,0.5400516795865633,0.2908366533864542,0.95,0.7045496493170912,0.43582089552238806,0.5987261146496815,942,168,774
138,348,425,31,0.8165680473372781,0.5498059508408797,0.2839506172839506,0.9320175438596491,0.6831869990890789,0.4213740458015267,0.5976645435244161,942,169,773
134,367,409,32,0.8072289156626506,0.5270618556701031,0.26746506986027946,0.927437641723356,0.6671453856663769,0.4017991004497752,0.5764331210191083,942,166,776
141,360,404,37,0.7921348314606742,0.5287958115183246,0.281437125748503,0.9160997732426304,0.6604653214894993,0.41531664212076586,0.578556263269639,942,178,764
159,352,402,29,0.8457446808510638,0.53315649867374,0.3111545988258317,0.9327146171693735,0.6894505897624019,0.45493562231759654,0.5955414012738853,942,188,754
139,373,385,45,0.7554347826086957,0.5079155672823219,0.271484375,0.8953488372093024,0.6316751749455087,0.3994252873563218,0.5562632696390658,942,184,758
143,358,399,42,0.772972972972973,0.5270805812417437,0.28542914171656686,0.9047619047619048,0.6500267771073583,0.4169096209912537,0.5753715498938429,942,185,757
131,362,418,31,0.808641975308642,0.5358974358974359,0.2657200811359026,0.9309576837416481,0.6722697056030389,0.39999999999999997,0.5828025477707006,942,162,780
128,365,412,37,0.7757575757575758,0.5302445302445302,0.25963488843813387,0.9175946547884187,0.653001053001053,0.38905775075987836,0.5732484076433121,942,165,777
138,337,435,32,0.8117647058823529,0.5634715025906736,0.2905263157894737,0.9314775160599572,0.6876181042365133,0.42790697674418604,0.60828025477707,942,170,772
150,357,403,32,0.8241758241758241,0.5302631578947369,0.2958579881656805,0.9264367816091954,0.6772194910352805,0.4354136429608128,0.5870488322717622,942,182,760
158,376,380,28,0.8494623655913979,0.5026455026455027,0.2958801498127341,0.9313725490196079,0.6760539341184503,0.4388888888888889,0.5711252653927813,942,186,756
148,343,406,45,0.7668393782383419,0.5420560747663551,0.3014256619144603,0.9002217294900222,0.6544477265023485,0.4327485380116959,0.5881104033970276,942,193,749
154,356,410,22,0.875,0.5352480417754569,0.30196078431372547,0.9490740740740741,0.7051240208877285,0.4489795918367347,0.5987261146496815,942,176,766
155,351,403,33,0.824468085106383,0.5344827586206896,0.30632411067193677,0.9243119266055045,0.6794754218635364,0.4466858789625361,0.5923566878980892,942,188,754
146,382,384,30,0.8295454545454546,0.5013054830287206,0.2765151515151515,0.927536231884058,0.6654254687870875,0.4147727272727273,0.5626326963906582,942,176,766
153,361,394,34,0.8181818181818182,0.5218543046357615,0.29766536964980544,0.9205607476635514,0.6700180614087898,0.43651925820256776,0.5806794055201698,942,187,755
142,336,437,27,0.8402366863905325,0.5653298835705045,0.29707112970711297,0.9418103448275862,0.7027832849805185,0.4389489953632148,0.6146496815286624,942,169,773
124,369,413,36,0.775,0.5281329923273658,0.2515212981744422,0.9198218262806236,0.6515664961636829,0.3797856049004594,0.5700636942675159,942,160,782
147,344,417,34,0.8121546961325967,0.5479632063074902,0.29938900203665986,0.9246119733924612,0.6800589512200435,0.4375,0.5987261146496815,942,181,761
152,343,419,28,0.8444444444444444,0.5498687664041995,0.30707070707070705,0.9373601789709173,0.6971566054243219,0.4503703703703704,0.6061571125265393,942,180,762
161,366,384,31,0.8385416666666666,0.512,0.3055028462998102,0.9253012048192771,0.6752708333333333,0.4478442280945758,0.578556263269639,942,192,750
137,388,379,38,0.7828571428571428,0.4941329856584094,0.26095238095238094,0.9088729016786571,0.6384950642577761,0.3914285714285714,0.5477707006369427,942,175,767
128,366,410,38,0.7710843373493976,0.5283505154639175,0.2591093117408907,0.9151785714285714,0.6497174264066576,0.3878787878787879,0.5711252653927813,942,166,776
137,381,385,39,0.7784090909090909,0.5026109660574413,0.2644787644787645,0.9080188679245284,0.6405100284832661,0.39481268011527376,0.554140127388535,942,176,766
167,324,414,37,0.8186274509803921,0.5609756097560976,0.34012219959266804,0.917960088691796,0.6898015303682449,0.48057553956834537,0.6167728237791932,942,204,738
145,342,421,34,0.8100558659217877,0.5517693315858454,0.29774127310061604,0.9252747252747253,0.6809125987538165,0.43543543543543545,0.6008492569002123,942,179,763
131,392,380,39,0.7705882352941177,0.49222797927461137,0.25047801147227533,0.9069212410501193,0.6314081072843645,0.3780663780663781,0.5424628450106157,942,170,772
142,373,388,39,0.7845303867403315,0.5098554533508541,0.2757281553398058,0.9086651053864169,0.6471929200455928,0.4080459770114942,0.5626326963906582,942,181,761
142,366,401,33,0.8114285714285714,0.5228161668839635,0.2795275590551181,0.923963133640553,0.6671223691562674,0.4158125915080528,0.5764331210191083,942,175,767
124,343,442,33,0.7898089171974523,0.5630573248407643,0.26552462526766596,0.9305263157894736,0.6764331210191084,0.39743589743589747,0.6008492569002123,942,157,785
130,358,428,26,0.8333333333333334,0.544529262086514,0.26639344262295084,0.9427312775330396,0.6889312977099237,0.4037267080745342,0.5923566878980892,942,156,786
156,365,393,28,0.8478260869565217,0.5184696569920845,0.29942418426103645,0.9334916864608076,0.6831478719743032,0.4425531914893616,0.5828025477707006,942,184,758
153,358,398,33,0.8225806451612904,0.5264550264550265,0.299412915851272,0.9234338747099768,0.6745178358081585,0.4390243902439024,0.5849256900212314,942,186,756
131,327,446,38,0.7751479289940828,0.5769728331177232,0.28602620087336245,0.9214876033057852,0.6760603810559029,0.41786283891547044,0.6125265392781316,942,169,773
110,373,414,45,0.7096774193548387,0.5260482846251588,0.2277432712215321,0.9019607843137255,0.6178628519899988,0.3448275862068965,0.5562632696390658,942,155,787
142,355,413,32,0.8160919540229885,0.5377604166666666,0.2857142857142857,0.9280898876404494,0.6769261853448276,0.4232488822652757,0.589171974522293,942,174,768
125,340,438,39,0.7621951219512195,0.5629820051413882,0.26881720430107525,0.9182389937106918,0.6625885635463038,0.397456279809221,0.5976645435244161,942,164,778
138,354,409,41,0.770949720670391,0.5360419397116645,0.2804878048780488,0.9088888888888889,0.6534958301910277,0.41132637853949333,0.5806794055201698,942,179,763
142,361,411,28,0.8352941176470589,0.5323834196891192,0.2823061630218688,0.9362186788154897,0.683838768668089,0.42199108469539376,0.5870488322717622,942,170,772
146,350,408,38,0.7934782608695652,0.5382585751978892,0.29435483870967744,0.9147982062780269,0.6658684180337272,0.4294117647058823,0.5881104033970276,942,184,758
146,349,416,31,0.8248587570621468,0.5437908496732026,0.29494949494949496,0.930648769574944,0.6843248033676748,0.4345238095238096,0.5966029723991507,942,177,765
132,343,443,24,0.8461538461538461,0.5636132315521628,0.27789473684210525,0.9486081370449678,0.7048835388530045,0.4183835182250396,0.6104033970276008,942,156,786
147,354,404,37,0.7989130434782609,0.5329815303430079,0.2934131736526946,0.9160997732426304,0.6659472869106344,0.42919708029197084,0.5849256900212314,942,184,758
133,350,428,31,0.8109756097560976,0.5501285347043702,0.2753623188405797,0.9324618736383442,0.6805520722302338,0.41112828438949,0.5955414012738853,942,164,778
164,339,410,29,0.8497409326424871,0.5473965287049399,0.3260437375745527,0.9339407744874715,0.6985687306737135,0.47126436781609193,0.6093418259023354,942,193,749
144,320,443,35,0.8044692737430168,0.580602883355177,0.3103448275862069,0.9267782426778243,0.6925360785490968,0.44790046656298604,0.6231422505307855,942,179,763
150,369,393,30,0.8333333333333334,0.515748031496063,0.28901734104046245,0.9290780141843972,0.6745406824146982,0.4291845493562232,0.5764331210191083,942,180,762
155,337,424,26,0.856353591160221,0.557161629434954,0.3150406504065041,0.9422222222222222,0.7067576102975874,0.4606240713224369,0.6146496815286624,942,181,761
140,387,392,23,0.8588957055214724,0.503209242618742,0.2656546489563567,0.944578313253012,0.6810524740701072,0.4057971014492754,0.564755838641189,942,163,779
115,376,424,27,0.8098591549295775,0.53,0.23421588594704684,0.9401330376940134,0.6699295774647888,0.36334913112164297,0.5721868365180467,942,142,800
135,384,397,26,0.8385093167701864,0.5083226632522407,0.26011560693641617,0.9385342789598109,0.6734159900112135,0.39705882352941174,0.564755838641189,942,161,781
151,361,402,28,0.8435754189944135,0.526867627785059,0.294921875,0.9348837209302325,0.6852215233897363,0.4370477568740956,0.5870488322717622,942,179,763
149,362,396,35,0.8097826086956522,0.5224274406332454,0.29158512720156554,0.9187935034802784,0.6661050246644489,0.42877697841726614,0.578556263269639,942,184,758
144,347,418,33,0.8135593220338984,0.5464052287581699,0.29327902240325865,0.926829268292683,0.6799822753960341,0.4311377245508982,0.5966029723991507,942,177,765
132,381,405,24,0.8461538461538461,0.5152671755725191,0.2573099415204678,0.9440559440559441,0.6807105108631826,0.39461883408071746,0.5700636942675159,942,156,786
161,373,376,32,0.8341968911917098,0.5020026702269693,0.301498127340824,0.9215686274509803,0.6680997807093396,0.44291609353507566,0.5700636942675159,942,193,749
143,371,395,33,0.8125,0.5156657963446475,0.2782101167315175,0.9228971962616822,0.6640828981723237,0.41449275362318844,0.5711252653927813,942,176,766
137,340,436,29,0.8253012048192772,0.5618556701030928,0.28721174004192873,0.9376344086021505,0.693578437461185,0.4261275272161742,0.60828025477707,942,166,776
153,365,390,34,0.8181818181818182,0.5165562913907285,0.2953667953667954,0.9198113207547169,0.6673690547862734,0.4340425531914894,0.5764331210191083,942,187,755
139,345,421,37,0.7897727272727273,0.5496083550913838,0.2871900826446281,0.9192139737991266,0.6696905411820555,0.4212121212121212,0.5944798301486199,942,176,766
145,352,416,29,0.8333333333333334,0.5416666666666666,0.2917505030181087,0.9348314606741573,0.6875,0.4321907600596126,0.5955414012738853,942,174,768
164,356,390,32,0.8367346938775511,0.5227882037533512,0.3153846153846154,0.9241706161137441,0.6797614488154511,0.4581005586592179,0.5881104033970276,942,196,746
141,348,413,40,0.7790055248618785,0.5427069645203679,0.2883435582822086,0.9116997792494481,0.6608562446911233,0.42089552238805966,0.5881104033970276,942,181,761
162,321,418,41,0.7980295566502463,0.5656292286874154,0.33540372670807456,0.9106753812636166,0.6818293926688308,0.47230320699708456,0.6157112526539278,942,203,739
130,361,417,34,0.7926829268292683,0.5359897172236504,0.26476578411405294,0.9246119733924612,0.6643363220264593,0.3969465648854962,0.5806794055201698,942,164,778
141,337,417,47,0.75,0.553050397877984,0.29497907949790797,0.8987068965517241,0.6515251989389921,0.4234234234234235,0.5923566878980892,942,188,754
145,361,404,32,0.8192090395480226,0.5281045751633987,0.2865612648221344,0.926605504587156,0.6736568073557107,0.424597364568082,0.5828025477707006,942,177,765
142,349,415,36,0.797752808988764,0.5431937172774869,0.2892057026476578,0.9201773835920177,0.6704732631331254,0.42451420029895365,0.5912951167728238,942,178,764
170,346,399,27,0.8629441624365483,0.5355704697986577,0.32945736434108525,0.9366197183098591,0.699257316117603,0.4768583450210378,0.6040339702760085,942,197,745
152,348,403,39,0.7958115183246073,0.5366178428761651,0.304,0.9117647058823529,0.6662146806003861,0.43994211287988416,0.589171974522293,942,191,751
153,326,437,26,0.8547486033519553,0.5727391874180865,0.31941544885177453,0.9438444924406048,0.7137438953850209,0.4650455927051671,0.6263269639065817,942,179,763
144,352,407,39,0.7868852459016393,0.5362318840579711,0.2903225806451613,0.9125560538116592,0.6615585649798053,0.4241531664212077,0.5849256900212314,942,183,759
143,371,387,41,0.7771739130434783,0.5105540897097626,0.2782101167315175,0.9042056074766355,0.6438640013766204,0.40974212034383956,0.5626326963906582,942,184,758
141,352,406,43,0.7663043478260869,0.5356200527704486,0.28600405679513186,0.9042316258351893,0.6509622002982678,0.41654357459379615,0.5806794055201698,942,184,758
139,351,423,29,0.8273809523809523,0.5465116279069767,0.2836734693877551,0.9358407079646017,0.6869462901439645,0.4224924012158055,0.5966029723991507,942,168,774
117,365,424,36,0.7647058823529411,0.5373891001267427,0.24273858921161826,0.9217391304347826,0.6510474912398418,0.368503937007874,0.5743099787685775,942,153,789
140,367,407,28,0.8333333333333334,0.5258397932816538,0.27613412228796846,0.9356321839080459,0.6795865633074936,0.41481481481481486,0.5806794055201698,942,168,774
146,331,436,29,0.8342857142857143,0.5684485006518905,0.3060796645702306,0.9376344086021505,0.7013671074688024,0.4478527607361963,0.6178343949044586,942,175,767
155,387,366,34,0.8201058201058201,0.4860557768924303,0.2859778597785978,0.915,0.6530807984991251,0.42407660738714087,0.5530785562632696,942,189,753
150,353,401,38,0.7978723404255319,0.5318302387267905,0.2982107355864811,0.9134396355353075,0.6648512895761611,0.4341534008683068,0.5849256900212314,942,188,754
143,365,404,30,0.8265895953757225,0.5253576072821846,0.281496062992126,0.9308755760368663,0.6759736013289536,0.41997063142437596,0.5806794055201698,942,173,769
142,347,429,24,0.8554216867469879,0.5528350515463918,0.2903885480572597,0.9470198675496688,0.7041283691466899,0.43358778625954203,0.6061571125265393,942,166,776
162,363,383,34,0.826530612244898,0.5134048257372654,0.30857142857142855,0.9184652278177458,0.6699677189910818,0.449375866851595,0.578556263269639,942,196,746
150,344,407,41,0.7853403141361257,0.5419440745672437,0.30364372469635625,0.9084821428571429,0.6636421943516847,0.43795620437956195,0.5912951167728238,942,191,751
135,333,435,39,0.7758620689655172,0.56640625,0.28846153846153844,0.9177215189873418,0.6711341594827587,0.4205607476635514,0.6050955414012739,942,174,768
150,358,396,38,0.7978723404255319,0.5251989389920424,0.2952755905511811,0.9124423963133641,0.6615356397087871,0.4310344827586207,0.5796178343949044,942,188,754
157,381,370,34,0.8219895287958116,0.49267643142476697,0.29182156133828996,0.9158415841584159,0.6573329801102893,0.4307270233196158,0.559447983014862,942,191,751
142,356,413,31,0.8208092485549133,0.5370611183355006,0.285140562248996,0.9301801801801802,0.678935183445207,0.42324888226527574,0.589171974522293,942,173,769
143,373,395,31,0.8218390804597702,0.5143229166666666,0.2771317829457364,0.9272300469483568,0.6680809985632183,0.4144927536231884,0.5711252653927813,942,174,768
138,356,415,33,0.8070175438596491,0.5382619974059663,0.2793522267206478,0.9263392857142857,0.6726397706328077,0.4150375939849625,0.5870488322717622,942,171,771
125,377,402,38,0.7668711656441718,0.5160462130937099,0.24900398406374502,0.9136363636363637,0.6414586893689409,0.37593984962406013,0.559447983014862,942,163,779
146,349,405,42,0.776595744680851,0.5371352785145889,0.29494949494949496,0.9060402684563759,0.65686551159772,0.42752562225475843,0.5849256900212314,942,188,754
124,393,400,25,0.8322147651006712,0.5044136191677175,0.23984526112185686,0.9411764705882353,0.6683141921341944,0.37237237237237236,0.5562632696390658,942,149,793
146,352,401,43,0.7724867724867724,0.5325365205843293,0.2931726907630522,0.9031531531531531,0.6525116465355509,0.42503639010189226,0.5806794055201698,942,189,753
162,333,410,37,0.8140703517587939,0.5518169582772544,0.32727272727272727,0.9172259507829977,0.6829436550180241,0.4668587896253602,0.6072186836518046,942,199,743
150,344,419,29,0.8379888268156425,0.5491480996068152,0.30364372469635625,0.9352678571428571,0.6935684632112289,0.44576523031203563,0.6040339702760085,942,179,763
140,373,406,23,0.8588957055214724,0.521181001283697,0.2729044834307992,0.9463869463869464,0.6900383534025847,0.4142011834319526,0.5796178343949044,942,163,779
126,379,400,37,0.7730061349693251,0.5134788189987163,0.2495049504950495,0.9153318077803204,0.6432424769840207,0.37724550898203596,0.5583864118895966,942,163,779
164,335,407,36,0.82,0.5485175202156334,0.3286573146292585,0.9187358916478555,0.6842587601078167,0.46924177396280403,0.6061571125265393,942,200,742
156,344,416,26,0.8571428571428571,0.5473684210526316,0.312,0.9411764705882353,0.7022556390977444,0.4574780058651026,0.6072186836518046,942,182,760
143,366,409,24,0.8562874251497006,0.5277419354838709,0.28094302554027506,0.9445727482678984,0.6920146803167857,0.4230769230769231,0.5859872611464968,942,167,775
157,331,415,39,0.8010204081632653,0.5563002680965148,0.32172131147540983,0.9140969162995595,0.67866033812989,0.4590643274853801,0.6072186836518046,942,196,746
139,358,405,40,0.776536312849162,0.5307994757536042,0.2796780684104628,0.9101123595505618,0.6536678943013832,0.4112426035502959,0.5774946921443737,942,179,763
153,337,415,37,0.8052631578947368,0.5518617021276596,0.3122448979591837,0.918141592920354,0.6785624300111982,0.45000000000000007,0.6029723991507431,942,190,752
145,348,419,30,0.8285714285714286,0.546284224250326,0.29411764705882354,0.933184855233853,0.6874278264108773,0.43413173652694614,0.5987261146496815,942,175,767
129,336,437,40,0.7633136094674556,0.5653298835705045,0.27741935483870966,0.9161425576519916,0.6643217465189801,0.4069400630914826,0.6008492569002123,942,169,773
145,348,419,30,0.8285714285714286,0.546284224250326,0.29411764705882354,0.933184855233853,0.6874278264108773,0.43413173652694614,0.5987261146496815,942,175,767
142,378,388,34,0.8068181818181818,0.5065274151436031,0.27307692307692305,0.919431279620853,0.6566727984808924,0.4080459770114942,0.5626326963906582,942,176,766
143,326,444,29,0.8313953488372093,0.5766233766233766,0.3049040511727079,0.9386892177589852,0.704009362730293,0.44617784711388453,0.6231422505307855,942,172,770
142,353,426,21,0.8711656441717791,0.5468549422336328,0.2868686868686869,0.9530201342281879,0.709010293202706,0.4316109422492402,0.6029723991507431,942,163,779
157,356,400,29,0.8440860215053764,0.5291005291005291,0.3060428849902534,0.9324009324009324,0.6865932753029527,0.4492131616595136,0.5912951167728238,942,186,756
145,333,418,46,0.7591623036649214,0.5565912117177098,0.303347280334728,0.9008620689655172,0.6578767576913156,0.43348281016442447,0.5976645435244161,942,191,751
136,354,426,26,0.8395061728395061,0.5461538461538461,0.27755102040816326,0.9424778761061947,0.6928300094966762,0.4171779141104295,0.5966029723991507,942,162,780
150,339,414,39,0.7936507936507936,0.549800796812749,0.3067484662576687,0.9139072847682119,0.6717257952317712,0.44247787610619477,0.5987261146496815,942,189,753
164,345,402,31,0.841025641025641,0.5381526104417671,0.32220039292730845,0.9284064665127021,0.6895891257337041,0.465909090909091,0.6008492569002123,942,195,747
126,353,441,22,0.8513513513513513,0.5554156171284634,0.2630480167014614,0.9524838012958964,0.7033834842399074,0.4019138755980861,0.6019108280254777,942,148,794
157,331,419,35,0.8177083333333334,0.5586666666666666,0.32172131147540983,0.9229074889867841,0.6881875,0.461764705882353,0.6114649681528662,942,192,750
167,344,390,41,0.8028846153846154,0.5313351498637602,0.3268101761252446,0.9048723897911833,0.6671098826241878,0.4645340751043115,0.5912951167728238,942,208,734
165,367,369,41,0.8009708737864077,0.501358695652174,0.3101503759398496,0.9,0.6511647847192908,0.4471544715447155,0.5668789808917197,942,206,736
149,359,405,29,0.8370786516853933,0.5301047120418848,0.2933070866141732,0.9331797235023042,0.6835916818636391,0.434402332361516,0.5881104033970276,942,178,764
152,336,419,35,0.8128342245989305,0.5549668874172186,0.3114754098360656,0.9229074889867841,0.6839005560080745,0.4503703703703704,0.6061571125265393,942,187,755
135,359,413,35,0.7941176470588235,0.5349740932642487,0.2732793522267207,0.921875,0.6645458701615361,0.40662650602409645,0.5817409766454352,942,170,772
143,353,403,43,0.7688172043010753,0.533068783068783,0.28830645161290325,0.9035874439461884,0.6509429936849291,0.41935483870967744,0.5796178343949044,942,186,756
129,347,429,37,0.7771084337349398,0.5528350515463918,0.2710084033613445,0.9206008583690987,0.6649717426406658,0.4018691588785046,0.5923566878980892,942,166,776
141,349,412,40,0.7790055248618785,0.5413929040735874,0.28775510204081634,0.911504424778761,0.6601992144677329,0.42026825633383014,0.5870488322717622,942,181,761
166,359,382,35,0.8258706467661692,0.5155195681511471,0.3161904761904762,0.9160671462829736,0.6706951074586581,0.45730027548209373,0.5817409766454352,942,201,741
137,351,428,26,0.8404907975460123,0.5494223363286265,0.2807377049180328,0.9427312775330396,0.6949565669373194,0.42089093701996927,0.5997876857749469,942,163,779
141,353,409,39,0.7833333333333333,0.536745406824147,0.2854251012145749,0.9129464285714286,0.6600393700787401,0.4183976261127596,0.583864118895966,942,180,762
125,334,445,38,0.7668711656441718,0.5712451861360719,0.27233115468409586,0.9213250517598344,0.6690581758901218,0.40192926045016075,0.6050955414012739,942,163,779
150,357,392,43,0.7772020725388601,0.5233644859813084,0.2958579881656805,0.9011494252873563,0.6502832792600842,0.42857142857142855,0.5753715498938429,942,193,749
129,350,425,38,0.7724550898203593,0.5483870967741935,0.26931106471816285,0.91792656587473,0.6604210932972764,0.3993808049535604,0.5881104033970276,942,167,775
142,373,399,28,0.8352941176470589,0.5168393782383419,0.2757281553398058,0.9344262295081968,0.6760667479427004,0.4145985401459854,0.5743099787685775,942,170,772
134,364,399,45,0.7486033519553073,0.5229357798165137,0.26907630522088355,0.8986486486486487,0.6357695658859105,0.395864106351551,0.5658174097664543,942,179,763
162,334,413,33,0.8307692307692308,0.5528781793842035,0.32661290322580644,0.9260089686098655,0.6918237050767171,0.46888567293777134,0.6104033970276008,942,195,747
144,329,428,41,0.7783783783783784,0.5653896961690885,0.3044397463002114,0.9125799573560768,0.6718840372737335,0.4376899696048633,0.6072186836518046,942,185,757
143,360,400,39,0.7857142857142857,0.5263157894736842,0.28429423459244535,0.9111617312072893,0.6560150375939849,0.4175182481751825,0.5764331210191083,942,182,760
160,348,403,31,0.837696335078534,0.5366178428761651,0.31496062992125984,0.9285714285714286,0.6871570889773495,0.4577968526466381,0.5976645435244161,942,191,751
146,338,422,36,0.8021978021978022,0.5552631578947368,0.30165289256198347,0.9213973799126638,0.6787304800462695,0.43843843843843844,0.6029723991507431,942,182,760
137,342,439,24,0.8509316770186336,0.5620998719590269,0.2860125260960334,0.9481641468682506,0.7065157744888302,0.428125,0.6114649681528662,942,161,781
161,347,400,34,0.8256410256410256,0.535475234270415,0.3169291338582677,0.9216589861751152,0.6805581299557203,0.45803698435277374,0.5955414012738853,942,195,747
147,332,432,31,0.8258426966292135,0.5654450261780105,0.3068893528183716,0.9330453563714903,0.695643861403612,0.4474885844748859,0.6146496815286624,942,178,764
135,369,409,29,0.823170731707317,0.525706940874036,0.26785714285714285,0.9337899543378996,0.6744388362906766,0.40419161676646703,0.5774946921443737,942,164,778
144,340,427,31,0.8228571428571428,0.5567144719687093,0.2975206611570248,0.9323144104803494,0.689785807412926,0.4370257966616085,0.6061571125265393,942,175,767
141,372,397,32,0.815028901734104,0.5162548764629389,0.27485380116959063,0.9254079254079254,0.6656418890985214,0.4110787172011662,0.5711252653927813,942,173,769
158,355,400,29,0.8449197860962567,0.5298013245033113,0.3079922027290448,0.9324009324009324,0.687360555299784,0.4514285714285714,0.5923566878980892,942,187,755
133,353,415,41,0.764367816091954,0.5403645833333334,0.2736625514403292,0.9100877192982456,0.6523661997126438,0.40303030303030296,0.5817409766454352,942,174,768
123,370,418,31,0.7987012987012987,0.5304568527918782,0.24949290060851928,0.9309576837416481,0.6645790757465884,0.3802163833075734,0.5743099787685775,942,154,788
150,349,405,38,0.7978723404255319,0.5371352785145889,0.30060120240480964,0.9142212189616253,0.6675038094700604,0.43668122270742354,0.589171974522293,942,188,754
144,357,412,29,0.8323699421965318,0.5357607282184655,0.2874251497005988,0.9342403628117913,0.6840653352074987,0.42729970326409494,0.5902335456475584,942,173,769
140,377,400,25,0.8484848484848485,0.5148005148005148,0.27079303675048355,0.9411764705882353,0.6816426816426817,0.41055718475073316,0.5732484076433121,942,165,777
126,370,411,35,0.782608695652174,0.5262483994878361,0.2540322580645161,0.92152466367713,0.654428547570005,0.3835616438356165,0.5700636942675159,942,161,781
149,366,386,41,0.7842105263157895,0.5132978723404256,0.28932038834951457,0.9039812646370023,0.6487541993281075,0.4226950354609929,0.5679405520169851,942,190,752
149,359,400,34,0.8142076502732241,0.5270092226613966,0.2933070866141732,0.9216589861751152,0.6706084364673104,0.4312590448625181,0.5828025477707006,942,183,759
163,352,391,36,0.8190954773869347,0.5262449528936743,0.31650485436893205,0.9156908665105387,0.6726702151403046,0.4565826330532213,0.5881104033970276,942,199,743
133,349,422,38,0.7777777777777778,0.5473411154345007,0.27593360995850624,0.9173913043478261,0.6625594466061393,0.4073506891271057,0.589171974522293,942,171,771
133,360,414,35,0.7916666666666666,0.5348837209302325,0.2697768762677485,0.9220489977728286,0.6632751937984496,0.40242057488653554,0.5806794055201698,942,168,774
141,349,422,30,0.8245614035087719,0.5473411154345007,0.28775510204081634,0.9336283185840708,0.6859512594716364,0.4266263237518911,0.5976645435244161,942,171,771
151,329,432,30,0.8342541436464088,0.5676741130091985,0.3145833333333333,0.935064935064935,0.7009641283278036,0.4568835098335854,0.618895966029724,942,181,761
152,355,414,21,0.8786127167630058,0.5383615084525357,0.29980276134122286,0.9517241379310345,0.7084871126077708,0.4470588235294118,0.6008492569002123,942,173,769
149,333,422,38,0.7967914438502673,0.5589403973509933,0.3091286307053942,0.9173913043478261,0.6778659206006303,0.44544095665171907,0.6061571125265393,942,187,755
139,353,415,35,0.7988505747126436,0.5403645833333334,0.28252032520325204,0.9222222222222223,0.6696075790229885,0.41741741741741745,0.5881104033970276,942,174,768
155,342,407,38,0.8031088082901554,0.5433911882510013,0.3118712273641851,0.9146067415730337,0.6732499982705784,0.4492753623188406,0.5966029723991507,942,193,749
129,372,401,40,0.7633136094674556,0.51875808538163,0.25748502994011974,0.909297052154195,0.6410358474245428,0.3850746268656716,0.5626326963906582,942,169,773
146,370,399,27,0.8439306358381503,0.5188556566970091,0.28294573643410853,0.9366197183098591,0.6813931462675797,0.4238026124818578,0.578556263269639,942,173,769
131,346,437,28,0.8238993710691824,0.558109833971903,0.2746331236897275,0.9397849462365592,0.6910046025205427,0.4119496855345912,0.6029723991507431,942,159,783
139,344,422,37,0.7897727272727273,0.5509138381201044,0.28778467908902694,0.9193899782135077,0.6703432826964159,0.4218512898330805,0.5955414012738853,942,176,766
166,367,381,28,0.8556701030927835,0.5093582887700535,0.31144465290806755,0.9315403422982885,0.6825141959314185,0.45667125171939477,0.5806794055201698,942,194,748
127,335,456,24,0.8410596026490066,0.5764854614412137,0.2748917748917749,0.95,0.7087725320451101,0.4143556280587276,0.618895966029724,942,151,791
154,339,423,26,0.8555555555555555,0.5551181102362205,0.31237322515212984,0.9420935412026726,0.705336832895888,0.45765230312035665,0.6125265392781316,942,180,762
147,367,399,29,0.8352272727272727,0.52088772845953,0.28599221789883267,0.9322429906542056,0.6780575005934013,0.42608695652173906,0.5796178343949044,942,176,766
146,352,402,42,0.776595744680851,0.53315649867374,0.2931726907630522,0.9054054054054054,0.6548761216772956,0.42565597667638483,0.5817409766454352,942,188,754
159,342,408,33,0.828125,0.544,0.31736526946107785,0.9251700680272109,0.6860625,0.45887445887445893,0.6019108280254777,942,192,750
144,376,400,22,0.8674698795180723,0.5154639175257731,0.27692307692307694,0.9478672985781991,0.6914668985219228,0.4198250728862974,0.5774946921443737,942,166,776
131,359,417,35,0.7891566265060241,0.5373711340206185,0.2673469387755102,0.922566371681416,0.6632638802633213,0.3993902439024391,0.5817409766454352,942,166,776
155,338,419,30,0.8378378378378378,0.5535006605019815,0.3144016227180527,0.933184855233853,0.6956692491699097,0.45722713864306785,0.6093418259023354,942,185,757
146,353,414,29,0.8342857142857143,0.5397653194263363,0.2925851703406814,0.9345372460496614,0.6870255168560253,0.43323442136498513,0.5944798301486199,942,175,767
150,351,412,29,0.8379888268156425,0.5399737876802096,0.2994011976047904,0.9342403628117913,0.6889813072479261,0.4411764705882353,0.5966029723991507,942,179,763
139,357,403,43,0.7637362637362637,0.5302631578947369,0.28024193548387094,0.9035874439461884,0.6469997108155003,0.4100294985250737,0.5753715498938429,942,182,760
151,334,417,40,0.7905759162303665,0.5552596537949401,0.311340206185567,0.912472647702407,0.6729177850126533,0.4467455621301775,0.6029723991507431,942,191,751
140,368,400,34,0.8045977011494253,0.5208333333333334,0.2755905511811024,0.9216589861751152,0.6627155172413793,0.41055718475073316,0.5732484076433121,942,174,768
144,353,407,38,0.7912087912087912,0.5355263157894737,0.289738430583501,0.9146067415730337,0.6633675534991325,0.42415316642120765,0.5849256900212314,942,182,760
153,358,404,27,0.85,0.5301837270341208,0.299412915851272,0.9373549883990719,0.6900918635170603,0.44283646888567296,0.5912951167728238,942,180,762
134,357,418,33,0.8023952095808383,0.5393548387096774,0.2729124236252546,0.926829268292683,0.6708750241452579,0.4072948328267477,0.5859872611464968,942,167,775
138,359,414,31,0.8165680473372781,0.535575679172057,0.2776659959758551,0.9303370786516854,0.6760718632546675,0.4144144144144144,0.5859872611464968,942,169,773
162,363,388,29,0.8481675392670157,0.5166444740346205,0.30857142857142855,0.9304556354916067,0.6824060066508182,0.45251396648044695,0.583864118895966,942,191,751
142,362,408,30,0.8255813953488372,0.5298701298701298,0.28174603174603174,0.9315068493150684,0.6777257626094835,0.4201183431952663,0.583864118895966,942,172,770
136,328,438,40,0.7727272727272727,0.5718015665796344,0.29310344827586204,0.9163179916317992,0.6722644196534535,0.425,0.6093418259023354,942,176,766
141,331,432,38,0.7877094972067039,0.5661861074705111,0.298728813559322,0.9191489361702128,0.6769478023386075,0.43317972350230405,0.60828025477707,942,179,763
146,332,439,25,0.8538011695906432,0.569390402075227,0.3054393305439331,0.9461206896551724,0.7115957858329351,0.44992295839753466,0.6210191082802548,942,171,771
148,322,439,33,0.8176795580110497,0.5768725361366623,0.3148936170212766,0.9300847457627118,0.697276047073856,0.4546850998463903,0.6231422505307855,942,181,761
145,346,409,42,0.7754010695187166,0.5417218543046357,0.2953156822810591,0.9068736141906873,0.6585614619116762,0.4277286135693215,0.5881104033970276,942,187,755
146,373,390,33,0.8156424581005587,0.5111402359108781,0.2813102119460501,0.9219858156028369,0.6633913470057184,0.41833810888252154,0.5690021231422505,942,179,763
135,361,407,39,0.7758620689655172,0.5299479166666666,0.2721774193548387,0.9125560538116592,0.6529049928160919,0.40298507462686567,0.5753715498938429,942,174,768
152,386,371,33,0.8216216216216217,0.4900924702774108,0.2825278810408922,0.9183168316831684,0.6558570459495162,0.42047026279391425,0.5552016985138004,942,185,757
134,374,405,29,0.8220858895705522,0.5198973042362003,0.2637795275590551,0.9331797235023042,0.6709915969033762,0.3994038748137108,0.5721868365180467,942,163,779
149,383,377,33,0.8186813186813187,0.49605263157894736,0.2800751879699248,0.9195121951219513,0.657366975130133,0.4173669467787115,0.5583864118895966,942,182,760
149,358,401,34,0.8142076502732241,0.52832674571805,0.2938856015779093,0.9218390804597701,0.671267197995637,0.43188405797101453,0.583864118895966,942,183,759
147,348,406,41,0.7819148936170213,0.5384615384615384,0.296969696969697,0.9082774049217002,0.6601882160392798,0.4304538799414349,0.5870488322717622,942,188,754
126,379,404,33,0.7924528301886793,0.5159642401021711,0.2495049504950495,0.9244851258581236,0.6542085351454252,0.3795180722891566,0.5626326963906582,942,159,783
145,354,405,38,0.7923497267759563,0.5335968379446641,0.2905811623246493,0.9142212189616253,0.6629732823603102,0.4252199413489736,0.583864118895966,942,183,759
141,365,400,36,0.7966101694915254,0.5228758169934641,0.27865612648221344,0.9174311926605505,0.6597429932424947,0.4128843338213763,0.5743099787685775,942,177,765
133,347,423,39,0.7732558139534884,0.5493506493506494,0.27708333333333335,0.9155844155844156,0.6613032316520688,0.40797546012269936,0.5902335456475584,942,172,770
131,351,427,33,0.7987804878048781,0.5488431876606684,0.2717842323651452,0.9282608695652174,0.6738118377327733,0.4055727554179567,0.5923566878980892,942,164,778
145,375,394,28,0.838150289017341,0.5123537061118335,0.27884615384615385,0.933649289099526,0.6752519975645872,0.41847041847041844,0.5721868365180467,942,173,769
128,348,439,27,0.8258064516129032,0.5578144853875476,0.2689075630252101,0.9420600858369099,0.6918104685002254,0.4057052297939778,0.6019108280254777,942,155,787
146,347,414,35,0.8066298342541437,0.5440210249671484,0.2961460446247465,0.9220489977728286,0.6753254296106461,0.4332344213649852,0.5944798301486199,942,181,761
137,372,408,25,0.845679012345679,0.5230769230769231,0.2691552062868369,0.9422632794457275,0.6843779677113011,0.4083457526080476,0.578556263269639,942,162,780
149,360,397,36,0.8054054054054054,0.52443857331572,0.29273084479371314,0.9168591224018475,0.6649219893605627,0.4293948126801152,0.5796178343949044,942,185,757
161,352,401,28,0.8518518518518519,0.5325365205843293,0.3138401559454191,0.9347319347319347,0.6921941862180906,0.45868945868945865,0.5966029723991507,942,189,753
152,375,379,36,0.8085106382978723,0.5026525198938993,0.2884250474383302,0.9132530120481928,0.6555815790958858,0.4251748251748252,0.5636942675159236,942,188,754
150,341,417,34,0.8152173913043478,0.5501319261213721,0.3054989816700611,0.9246119733924612,0.6826746587128599,0.4444444444444444,0.6019108280254777,942,184,758
138,344,421,39,0.7796610169491526,0.550326797385621,0.2863070539419087,0.9152173913043479,0.6649939071673867,0.4188163884673748,0.5934182590233545,942,177,765
142,350,417,33,0.8114285714285714,0.5436766623207301,0.2886178861788618,0.9266666666666666,0.6775526168746507,0.42578710644677664,0.5934182590233545,942,175,767
120,359,417,46,0.7228915662650602,0.5373711340206185,0.25052192066805845,0.9006479481641468,0.6301313501428394,0.37209302325581395,0.5700636942675159,942,166,776
164,348,388,42,0.7961165048543689,0.5271739130434783,0.3203125,0.9023255813953488,0.6616452089489235,0.45682451253481887,0.5859872611464968,942,206,736
134,352,417,39,0.7745664739884393,0.5422626788036411,0.2757201646090535,0.9144736842105263,0.6584145763960402,0.4066767830045524,0.5849256900212314,942,173,769
144,347,417,34,0.8089887640449438,0.5458115183246073,0.29327902240325865,0.9246119733924612,0.6774001411847755,0.4304932735426009,0.5955414012738853,942,178,764
154,343,416,29,0.8415300546448088,0.5480895915678524,0.30985915492957744,0.9348314606741573,0.6948098231063307,0.4529411764705882,0.6050955414012739,942,183,759
148,349,411,34,0.8131868131868132,0.5407894736842105,0.2977867203219316,0.9235955056179775,0.6769881434355118,0.43593519882179677,0.5934182590233545,942,182,760
157,344,404,37,0.8092783505154639,0.5401069518716578,0.313373253493014,0.9160997732426304,0.6746926511935609,0.45179856115107914,0.5955414012738853,942,194,748
161,360,394,27,0.8563829787234043,0.5225464190981433,0.30902111324376197,0.9358669833729216,0.6894646989107738,0.4541607898448519,0.589171974522293,942,188,754
150,348,405,39,0.7936507936507936,0.5378486055776892,0.30120481927710846,0.9121621621621622,0.6657496996142414,0.4366812227074236,0.589171974522293,942,189,753
141,345,417,39,0.7833333333333333,0.547244094488189,0.29012345679012347,0.9144736842105263,0.6652887139107612,0.42342342342342343,0.5923566878980892,942,180,762
134,349,418,41,0.7657142857142857,0.5449804432855281,0.2774327122153209,0.9106753812636166,0.6553473644999068,0.40729483282674767,0.5859872611464968,942,175,767
153,345,408,36,0.8095238095238095,0.5418326693227091,0.3072289156626506,0.918918918918919,0.6756782394232593,0.44541484716157204,0.5955414012738853,942,189,753
138,380,396,28,0.8313253012048193,0.5103092783505154,0.26640926640926643,0.9339622641509434,0.6708172897776674,0.4035087719298246,0.5668789808917197,942,166,776
164,330,408,40,0.803921568627451,0.5528455284552846,0.3319838056680162,0.9107142857142857,0.6783835485413678,0.4699140401146132,0.6072186836518046,942,204,738
153,333,420,36,0.8095238095238095,0.5577689243027888,0.3148148148148148,0.9210526315789473,0.6836463669132992,0.4533333333333333,0.60828025477707,942,189,753
153,367,389,33,0.8225806451612904,0.5145502645502645,0.29423076923076924,0.9218009478672986,0.6685654548557775,0.4334277620396601,0.5753715498938429,942,186,756
135,373,398,36,0.7894736842105263,0.51621271076524,0.265748031496063,0.9170506912442397,0.6528431974878832,0.39764359351988227,0.5658174097664543,942,171,771
150,367,381,44,0.7731958762886598,0.5093582887700535,0.2901353965183752,0.8964705882352941,0.6412770825293567,0.4219409282700422,0.5636942675159236,942,194,748
153,364,390,35,0.8138297872340425,0.5172413793103449,0.29593810444874274,0.9176470588235294,0.6655355832721936,0.4340425531914893,0.5764331210191083,942,188,754
138,356,421,27,0.8363636363636363,0.5418275418275418,0.2793522267206478,0.9397321428571429,0.689095589095589,0.41881638846737484,0.5934182590233545,942,165,777
122,366,420,34,0.782051282051282,0.5343511450381679,0.25,0.9251101321585903,0.658201213544725,0.3788819875776398,0.5753715498938429,942,156,786
142,342,420,38,0.7888888888888889,0.5511811023622047,0.29338842975206614,0.9170305676855895,0.6700349956255468,0.427710843373494,0.5966029723991507,942,180,762
140,364,409,29,0.8284023668639053,0.5291073738680466,0.2777777777777778,0.9337899543378996,0.678754870365976,0.41604754829123325,0.5828025477707006,942,169,773
138,356,407,41,0.770949720670391,0.5334207077326344,0.2793522267206478,0.9084821428571429,0.6521852142015128,0.41010401188707285,0.578556263269639,942,179,763
141,335,432,34,0.8057142857142857,0.5632333767926988,0.296218487394958,0.927038626609442,0.6844738312534923,0.43317972350230416,0.60828025477707,942,175,767
159,344,394,45,0.7794117647058824,0.5338753387533876,0.31610337972166996,0.89749430523918,0.656643551729635,0.4497878359264497,0.5870488322717622,942,204,738
131,368,414,29,0.81875,0.5294117647058824,0.2625250501002004,0.9345372460496614,0.6740808823529412,0.39757207890743546,0.578556263269639,942,160,782
148,332,431,31,0.8268156424581006,0.564875491480996,0.30833333333333335,0.9329004329004329,0.6958455669695482,0.449165402124431,0.6146496815286624,942,179,763
125,340,447,30,0.8064516129032258,0.567979669631512,0.26881720430107525,0.9371069182389937,0.6872156412673689,0.4032258064516129,0.6072186836518046,942,155,787
156,357,390,39,0.8,0.5220883534136547,0.30409356725146197,0.9090909090909091,0.6610441767068274,0.4406779661016949,0.5796178343949044,942,195,747
146,342,419,35,0.8066298342541437,0.5505913272010512,0.29918032786885246,0.9229074889867841,0.6786105807275975,0.4364723467862482,0.5997876857749469,942,181,761
147,345,417,33,0.8166666666666667,0.547244094488189,0.29878048780487804,0.9266666666666666,0.6819553805774279,0.43749999999999994,0.5987261146496815,942,180,762
170,348,384,40,0.8095238095238095,0.5245901639344263,0.3281853281853282,0.9056603773584906,0.6670569867291178,0.46703296703296704,0.5881104033970276,942,210,732
143,363,407,29,0.8313953488372093,0.5285714285714286,0.2826086956521739,0.9334862385321101,0.679983388704319,0.4218289085545722,0.583864118895966,942,172,770
141,350,419,32,0.815028901734104,0.5448634590377113,0.28716904276985744,0.9290465631929047,0.6799461803859077,0.42469879518072284,0.5944798301486199,942,173,769
149,366,391,36,0.8054054054054054,0.5165125495376486,0.28932038834951457,0.9156908665105387,0.660958977471527,0.4257142857142857,0.5732484076433121,942,185,757
133,342,431,36,0.7869822485207101,0.5575679172056921,0.28,0.9229122055674518,0.6722750828632011,0.41304347826086957,0.5987261146496815,942,169,773
134,360,414,34,0.7976190476190477,0.5348837209302325,0.27125506072874495,0.9241071428571429,0.66625138427464,0.40483383685800606,0.5817409766454352,942,168,774
156,340,407,39,0.8,0.5448460508701473,0.31451612903225806,0.9125560538116592,0.6724230254350736,0.45151953690303914,0.5976645435244161,942,195,747
163,328,406,45,0.7836538461538461,0.553133514986376,0.3319755600814664,0.9002217294900222,0.6683936805701111,0.4663805436337625,0.6040339702760085,942,208,734
126,356,435,25,0.8344370860927153,0.549936788874842,0.26141078838174275,0.9456521739130435,0.6921869374837786,0.39810426540284366,0.5955414012738853,942,151,791
163,376,369,34,0.8274111675126904,0.49530201342281877,0.30241187384044527,0.9156327543424317,0.6613565904677545,0.4429347826086957,0.564755838641189,942,197,745
133,364,403,42,0.76,0.5254237288135594,0.2676056338028169,0.9056179775280899,0.6427118644067797,0.39583333333333337,0.5690021231422505,942,175,767
140,367,406,29,0.8284023668639053,0.5252263906856404,0.27613412228796846,0.9333333333333333,0.6768143787747729,0.41420118343195267,0.5796178343949044,942,169,773
142,379,391,30,0.8255813953488372,0.5077922077922078,0.272552783109405,0.9287410926365796,0.6666868015705225,0.4098124098124098,0.5658174097664543,942,172,770
138,329,436,39,0.7796610169491526,0.5699346405228758,0.2955032119914347,0.9178947368421052,0.6747978287360141,0.42857142857142855,0.6093418259023354,942,177,765
172,338,403,29,0.8557213930348259,0.543859649122807,0.33725490196078434,0.9328703703703703,0.6997905210788165,0.48382559774964834,0.6104033970276008,942,201,741
134,368,405,35,0.7928994082840237,0.5239327296248383,0.26693227091633465,0.9204545454545454,0.6584160689544309,0.39940387481371087,0.5721868365180467,942,169,773
130,360,421,31,0.8074534161490683,0.5390524967989757,0.2653061224489796,0.9314159292035398,0.673252956474022,0.39938556067588327,0.5849256900212314,942,161,781
143,328,439,32,0.8171428571428572,0.5723598435462842,0.3036093418259023,0.9320594479830149,0.6947513503445707,0.44272445820433437,0.6178343949044586,942,175,767
134,333,448,27,0.8322981366459627,0.5736235595390525,0.28693790149892934,0.9431578947368421,0.7029608480925076,0.4267515923566879,0.6178343949044586,942,161,781
134,341,437,30,0.8170731707317073,0.5616966580976864,0.28210526315789475,0.9357601713062098,0.6893849144146968,0.4194053208137715,0.6061571125265393,942,164,778
139,363,409,31,0.8176470588235294,0.5297927461139896,0.27689243027888444,0.9295454545454546,0.6737199024687595,0.41369047619047616,0.5817409766454352,942,170,772
177,338,396,31,0.8509615384615384,0.5395095367847411,0.34368932038834954,0.927400468384075,0.6952355376231398,0.48962655601659755,0.60828025477707,942,208,734
148,363,401,30,0.8314606741573034,0.524869109947644,0.2896281800391389,0.9303944315545244,0.6781648920524737,0.4296081277213353,0.5828025477707006,942,178,764
129,364,414,35,0.7865853658536586,0.532133676092545,0.2616632860040568,0.9220489977728286,0.6593595209731018,0.3926940639269406,0.5764331210191083,942,164,778
136,363,410,33,0.8047337278106509,0.5304010349288486,0.2725450901803607,0.9255079006772009,0.6675673813697498,0.407185628742515,0.5796178343949044,942,169,773
151,364,395,32,0.825136612021858,0.5204216073781291,0.29320388349514565,0.9250585480093677,0.6727791096999935,0.4326647564469914,0.5796178343949044,942,183,759
149,342,415,36,0.8054054054054054,0.5482166446499339,0.3034623217922607,0.9201773835920177,0.6768110250276697,0.4408284023668639,0.5987261146496815,942,185,757
143,340,428,31,0.8218390804597702,0.5572916666666666,0.29606625258799174,0.9324618736383442,0.6895653735632183,0.4353120243531202,0.6061571125265393,942,174,768
152,323,426,41,0.7875647668393783,0.5687583444592791,0.32,0.9122055674518201,0.6781615556493287,0.45508982035928147,0.613588110403397,942,193,749
150,329,436,27,0.847457627118644,0.5699346405228758,0.31315240083507306,0.9416846652267818,0.7086961338207599,0.45731707317073167,0.6220806794055201,942,177,765
133,375,396,38,0.7777777777777778,0.5136186770428015,0.2618110236220472,0.9124423963133641,0.6456982274102896,0.3917525773195877,0.5615711252653928,942,171,771
162,342,408,30,0.84375,0.544,0.32142857142857145,0.9315068493150684,0.693875,0.4655172413793104,0.6050955414012739,942,192,750
148,370,392,32,0.8222222222222222,0.5144356955380578,0.2857142857142857,0.9245283018867925,0.66832895888014,0.4240687679083094,0.5732484076433121,942,180,762
135,388,383,36,0.7894736842105263,0.496757457846952,0.25812619502868067,0.9140811455847255,0.6431155710287392,0.38904899135446686,0.5498938428874734,942,171,771
145,345,413,39,0.7880434782608695,0.5448548812664907,0.29591836734693877,0.9137168141592921,0.6664491797636801,0.4302670623145401,0.5923566878980892,942,184,758
123,359,424,36,0.7735849056603774,0.541507024265645,0.2551867219917012,0.9217391304347826,0.6575459649630112,0.3837753510140406,0.5806794055201698,942,159,783
140,363,403,36,0.7954545454545454,0.5261096605744126,0.2783300198807157,0.9179954441913439,0.6607821030144789,0.41237113402061853,0.5764331210191083,942,176,766
141,347,423,31,0.8197674418604651,0.5493506493506494,0.2889344262295082,0.9317180616740088,0.6845590456055572,0.4272727272727273,0.5987261146496815,942,172,770
124,384,399,35,0.779874213836478,0.5095785440613027,0.2440944881889764,0.9193548387096774,0.6447263789488904,0.37181409295352325,0.5552016985138004,942,159,783
150,352,404,36,0.8064516129032258,0.5343915343915344,0.29880478087649404,0.9181818181818182,0.6704215736473801,0.43604651162790703,0.5881104033970276,942,186,756
142,334,433,33,0.8114285714285714,0.5645371577574967,0.29831932773109243,0.9291845493562232,0.687982864593034,0.4362519201228878,0.6104033970276008,942,175,767
156,346,411,29,0.8432432432432433,0.5429326287978864,0.3107569721115538,0.9340909090909091,0.6930879360205648,0.45414847161572053,0.6019108280254777,942,185,757
137,349,422,34,0.8011695906432749,0.5473411154345007,0.28189300411522633,0.9254385964912281,0.6742553530388877,0.4170471841704719,0.5934182590233545,942,171,771
145,360,410,27,0.8430232558139535,0.5324675324675324,0.2871287128712871,0.9382151029748284,0.687745394140743,0.4283604135893649,0.589171974522293,942,172,770
140,341,424,37,0.7909604519774012,0.5542483660130719,0.2910602910602911,0.9197396963123644,0.6726044089952365,0.4255319148936171,0.5987261146496815,942,177,765
121,372,416,33,0.7857142857142857,0.5279187817258884,0.24543610547667344,0.9265033407572383,0.6568165337200871,0.37403400309119006,0.5700636942675159,942,154,788
134,357,411,40,0.7701149425287356,0.53515625,0.2729124236252546,0.9113082039911308,0.6526355962643677,0.4030075187969924,0.578556263269639,942,174,768
143,346,417,36,0.7988826815642458,0.546526867627785,0.29243353783231085,0.9205298013245033,0.6727047745960154,0.4281437125748503,0.5944798301486199,942,179,763
147,346,409,40,0.786096256684492,0.5417218543046357,0.29817444219066935,0.910913140311804,0.6639090554945639,0.43235294117647055,0.5902335456475584,942,187,755
160,325,425,32,0.8333333333333334,0.5666666666666667,0.32989690721649484,0.9299781181619255,0.7,0.4726735598227474,0.6210191082802548,942,192,750
133,335,436,38,0.7777777777777778,0.5654993514915694,0.2841880341880342,0.919831223628692,0.6716385646346736,0.41627543035993736,0.6040339702760085,942,171,771
162,336,413,31,0.8393782383419689,0.5514018691588785,0.3253012048192771,0.9301801801801802,0.6953900537504236,0.46888567293777134,0.6104033970276008,942,193,749
143,360,412,27,0.8411764705882353,0.533678756476684,0.28429423459244535,0.9384965831435079,0.6874276135324596,0.42496285289747404,0.589171974522293,942,170,772
138,375,394,35,0.7976878612716763,0.5123537061118335,0.26900584795321636,0.9184149184149184,0.655020783691755,0.40233236151603496,0.564755838641189,942,173,769
143,366,402,31,0.8218390804597702,0.5234375,0.28094302554027506,0.9284064665127021,0.6726382902298851,0.4187408491947292,0.578556263269639,942,174,768
142,377,397,26,0.8452380952380952,0.5129198966408268,0.27360308285163776,0.9385342789598109,0.679078995939461,0.413391557496361,0.5721868365180467,942,168,774
154,325,432,31,0.8324324324324325,0.570673712021136,0.32150313152400833,0.9330453563714903,0.7015530722267842,0.463855421686747,0.6220806794055201,942,185,757
145,325,436,36,0.8011049723756906,0.5729303547963206,0.30851063829787234,0.923728813559322,0.6870176635860056,0.44546850998463905,0.6167728237791932,942,181,761
129,370,408,35,0.7865853658536586,0.5244215938303342,0.25851703406813625,0.9209932279909706,0.6555034798419963,0.3891402714932127,0.5700636942675159,942,164,778
142,336,428,36,0.797752808988764,0.5602094240837696,0.29707112970711297,0.9224137931034483,0.6789811165362668,0.43292682926829273,0.6050955414012739,942,178,764
143,356,420,23,0.8614457831325302,0.5412371134020618,0.2865731462925852,0.9480812641083521,0.7013414482672959,0.43007518796992483,0.5976645435244161,942,166,776
174,358,383,27,0.8656716417910447,0.5168690958164642,0.32706766917293234,0.9341463414634147,0.6912703688037545,0.47476125511596184,0.5912951167728238,942,201,741
148,352,419,23,0.8654970760233918,0.543450064850843,0.296,0.9479638009049773,0.7044735704371174,0.4411326378539493,0.6019108280254777,942,171,771
147,336,423,36,0.8032786885245902,0.5573122529644269,0.30434782608695654,0.9215686274509803,0.6802954707445086,0.4414414414414415,0.6050955414012739,942,183,759
128,383,391,40,0.7619047619047619,0.5051679586563308,0.25048923679060664,0.9071925754060325,0.6335363602805464,0.37702503681885124,0.5509554140127388,942,168,774
143,356,402,41,0.7771739130434783,0.5303430079155673,0.2865731462925852,0.90744920993228,0.6537584604795228,0.41874084919472915,0.578556263269639,942,184,758
143,356,420,23,0.8614457831325302,0.5412371134020618,0.2865731462925852,0.9480812641083521,0.7013414482672959,0.43007518796992483,0.5976645435244161,942,166,776
147,384,373,38,0.7945945945945946,0.49273447820343463,0.2768361581920904,0.9075425790754258,0.6436645363990146,0.41061452513966484,0.5520169851380042,942,185,757
166,328,421,27,0.8601036269430051,0.562082777036048,0.3360323886639676,0.9397321428571429,0.7110932019895266,0.4832605531295488,0.6231422505307855,942,193,749
145,332,434,31,0.8238636363636364,0.566579634464752,0.3039832285115304,0.9333333333333333,0.6952216354141942,0.44410413476263405,0.6146496815286624,942,176,766
146,356,396,44,0.7684210526315789,0.526595744680851,0.2908366533864542,0.9,0.6475083986562149,0.42196531791907516,0.5753715498938429,942,190,752
168,350,392,32,0.84,0.5283018867924528,0.32432432432432434,0.9245283018867925,0.6841509433962264,0.4679665738161559,0.5944798301486199,942,200,742
152,360,391,39,0.7958115183246073,0.5206391478029294,0.296875,0.9093023255813953,0.6582253330637684,0.43243243243243246,0.5764331210191083,942,191,751
141,360,412,29,0.8294117647058824,0.533678756476684,0.281437125748503,0.9342403628117913,0.6815452605912832,0.42026825633383014,0.5870488322717622,942,170,772
130,358,414,40,0.7647058823529411,0.5362694300518135,0.26639344262295084,0.9118942731277533,0.6504876562023774,0.3951367781155016,0.5774946921443737,942,170,772
147,348,415,32,0.8212290502793296,0.5439056356487549,0.296969696969697,0.9284116331096197,0.6825673429640422,0.4362017804154303,0.5966029723991507,942,179,763
146,342,416,38,0.7934782608695652,0.5488126649076517,0.29918032786885246,0.9162995594713657,0.6711454628886084,0.4345238095238095,0.5966029723991507,942,184,758
128,344,428,42,0.7529411764705882,0.5544041450777202,0.2711864406779661,0.9106382978723404,0.6536726607741542,0.3987538940809969,0.5902335456475584,942,170,772
155,346,404,37,0.8072916666666666,0.5386666666666666,0.3093812375249501,0.9160997732426304,0.6729791666666667,0.4473304473304473,0.5934182590233545,942,192,750
160,335,412,35,0.8205128205128205,0.5515394912985274,0.32323232323232326,0.9217002237136466,0.686026155905674,0.463768115942029,0.6072186836518046,942,195,747
126,368,413,35,0.782608695652174,0.528809218950064,0.2550607287449393,0.921875,0.655708957301119,0.38473282442748097,0.5721868365180467,942,161,781
155,357,401,29,0.842391304347826,0.5290237467018469,0.302734375,0.9325581395348838,0.6857075255248365,0.44540229885057464,0.5902335456475584,942,184,758
128,359,416,39,0.7664670658682635,0.5367741935483871,0.26283367556468173,0.9142857142857143,0.6516206297083253,0.39143730886850153,0.5774946921443737,942,167,775
136,354,428,24,0.85,0.5473145780051151,0.27755102040816326,0.9469026548672567,0.6986572890025575,0.4184615384615385,0.5987261146496815,942,160,782
148,364,404,26,0.8505747126436781,0.5260416666666666,0.2890625,0.9395348837209302,0.6883081896551724,0.43148688046647227,0.5859872611464968,942,174,768
140,347,424,31,0.8187134502923976,0.5499351491569391,0.2874743326488706,0.9318681318681319,0.6843242997246684,0.42553191489361697,0.5987261146496815,942,171,771
119,369,412,42,0.7391304347826086,0.5275288092189501,0.24385245901639344,0.9074889867841409,0.6333296220007794,0.36671802773497686,0.5636942675159236,942,161,781
157,356,393,36,0.8134715025906736,0.5246995994659546,0.3060428849902534,0.916083916083916,0.669085551028314,0.4447592067988668,0.583864118895966,942,193,749
145,345,423,29,0.8333333333333334,0.55078125,0.29591836734693877,0.9358407079646017,0.6920572916666667,0.4367469879518073,0.6029723991507431,942,174,768
144,354,406,38,0.7912087912087912,0.5342105263157895,0.2891566265060241,0.9144144144144144,0.6627096587622903,0.42352941176470593,0.583864118895966,942,182,760
152,328,424,38,0.8,0.5638297872340425,0.31666666666666665,0.9177489177489178,0.6819148936170213,0.4537313432835821,0.6114649681528662,942,190,752
140,351,406,45,0.7567567567567568,0.5363276089828269,0.285132382892057,0.9002217294900222,0.6465421828697919,0.41420118343195267,0.5796178343949044,942,185,757
134,381,397,30,0.8170731707317073,0.5102827763496144,0.26019417475728157,0.9297423887587822,0.6636779735406608,0.3946980854197349,0.5636942675159236,942,164,778
136,367,388,51,0.7272727272727273,0.5139072847682119,0.27037773359840955,0.8838268792710706,0.6205900060204697,0.39420289855072466,0.5562632696390658,942,187,755
124,363,422,33,0.7898089171974523,0.5375796178343949,0.2546201232032854,0.9274725274725275,0.6636942675159236,0.38509316770186336,0.5796178343949044,942,157,785
136,390,392,24,0.85,0.5012787723785166,0.2585551330798479,0.9423076923076923,0.6756393861892582,0.39650145772594747,0.5605095541401274,942,160,782
169,339,393,41,0.8047619047619048,0.5368852459016393,0.33267716535433073,0.9055299539170507,0.6708235753317721,0.4707520891364903,0.5966029723991507,942,210,732
132,379,399,32,0.8048780487804879,0.512853470437018,0.2583170254403131,0.925754060324826,0.6588657596087529,0.39111111111111113,0.5636942675159236,942,164,778
153,357,402,30,0.8360655737704918,0.5296442687747036,0.3,0.9305555555555556,0.6828549212725977,0.4415584415584415,0.589171974522293,942,183,759
132,343,432,35,0.7904191616766467,0.5574193548387096,0.27789473684210525,0.9250535331905781,0.6739192582576782,0.411214953271028,0.5987261146496815,942,167,775
148,399,365,30,0.8314606741573034,0.47774869109947643,0.27056672760511885,0.9240506329113924,0.6546046826283899,0.4082758620689655,0.5445859872611465,942,178,764
144,334,431,33,0.8135593220338984,0.5633986928104575,0.301255230125523,0.9288793103448276,0.6884790074221779,0.4396946564885497,0.6104033970276008,942,177,765
133,384,390,35,0.7916666666666666,0.5038759689922481,0.2572533849129594,0.9176470588235294,0.6477713178294573,0.3883211678832117,0.5552016985138004,942,168,774
148,348,400,46,0.7628865979381443,0.5347593582887701,0.29838709677419356,0.8968609865470852,0.6488229781134571,0.42898550724637685,0.5817409766454352,942,194,748
157,347,400,38,0.8051282051282052,0.535475234270415,0.3115079365079365,0.91324200913242,0.6703017196993101,0.4492131616595136,0.5912951167728238,942,195,747
129,359,429,25,0.8376623376623377,0.5444162436548223,0.26434426229508196,0.9449339207048458,0.69103929065858,0.40186915887850466,0.5923566878980892,942,154,788
145,357,394,46,0.7591623036649214,0.5246338215712384,0.28884462151394424,0.8954545454545455,0.6418980626180799,0.41847041847041844,0.5721868365180467,942,191,751
130,349,432,31,0.8074534161490683,0.5531370038412292,0.27139874739039666,0.9330453563714903,0.6802952099951487,0.40625,0.5966029723991507,942,161,781
143,347,417,35,0.8033707865168539,0.5458115183246073,0.29183673469387755,0.922566371681416,0.6745911524207306,0.4281437125748503,0.5944798301486199,942,178,764
143,355,415,29,0.8313953488372093,0.538961038961039,0.28714859437751006,0.9346846846846847,0.6851781938991242,0.426865671641791,0.5923566878980892,942,172,770
140,354,411,37,0.7909604519774012,0.5372549019607843,0.2834008097165992,0.9174107142857143,0.6641076769690928,0.41728763040238454,0.5849256900212314,942,177,765
138,373,401,30,0.8214285714285714,0.5180878552971576,0.2700587084148728,0.9303944315545244,0.6697582133628646,0.40648011782032395,0.5721868365180467,942,168,774
137,339,429,37,0.7873563218390804,0.55859375,0.28781512605042014,0.9206008583690987,0.6729750359195402,0.4215384615384615,0.6008492569002123,942,174,768
138,324,453,27,0.8363636363636363,0.583011583011583,0.2987012987012987,0.94375,0.7096876096876097,0.4401913875598085,0.6273885350318471,942,165,777
146,338,422,36,0.8021978021978022,0.5552631578947368,0.30165289256198347,0.9213973799126638,0.6787304800462695,0.43843843843843844,0.6029723991507431,942,182,760
158,372,379,33,0.8272251308900523,0.5046604527296937,0.2981132075471698,0.9199029126213593,0.665942791809873,0.4382801664355062,0.5700636942675159,942,191,751
140,359,405,38,0.7865168539325843,0.5301047120418848,0.280561122244489,0.9142212189616253,0.6583107829872346,0.413589364844904,0.578556263269639,942,178,764
166,339,403,34,0.83,0.5431266846361186,0.3287128712871287,0.9221967963386728,0.6865633423180593,0.4709219858156029,0.6040339702760085,942,200,742
152,354,403,33,0.8216216216216217,0.5323645970937912,0.30039525691699603,0.9243119266055045,0.6769931093577064,0.4399421128798842,0.589171974522293,942,185,757
162,364,386,30,0.84375,0.5146666666666667,0.30798479087452474,0.9278846153846154,0.6792083333333334,0.45125348189415043,0.5817409766454352,942,192,750
151,356,400,35,0.8118279569892473,0.5291005291005291,0.2978303747534517,0.9195402298850575,0.6704642430448882,0.43578643578643583,0.5849256900212314,942,186,756
153,374,377,38,0.8010471204188482,0.5019973368841545,0.2903225806451613,0.908433734939759,0.6515222286515013,0.42618384401114207,0.5626326963906582,942,191,751
139,355,420,28,0.8323353293413174,0.5419354838709678,0.2813765182186235,0.9375,0.6871354066061426,0.42057488653555225,0.5934182590233545,942,167,775
139,365,402,36,0.7942857142857143,0.5241199478487614,0.2757936507936508,0.9178082191780822,0.6592028310672378,0.40942562592047127,0.5743099787685775,942,175,767
137,357,416,32,0.8106508875739645,0.538163001293661,0.2773279352226721,0.9285714285714286,0.6744069444338128,0.4132730015082956,0.5870488322717622,942,169,773
133,363,414,32,0.806060606060606,0.5328185328185329,0.26814516129032256,0.9282511210762332,0.6694395694395694,0.40242057488653554,0.5806794055201698,942,165,777
148,332,423,39,0.7914438502673797,0.5602649006622517,0.30833333333333335,0.9155844155844156,0.6758543754648156,0.44377811094452774,0.6061571125265393,942,187,755
139,347,422,34,0.8034682080924855,0.5487646293888166,0.28600823045267487,0.9254385964912281,0.6761164187406511,0.42185128983308035,0.5955414012738853,942,173,769
159,330,415,38,0.8071065989847716,0.5570469798657718,0.32515337423312884,0.9161147902869757,0.6820767894252717,0.46355685131195334,0.6093418259023354,942,197,745
140,361,400,41,0.7734806629834254,0.5256241787122208,0.27944111776447106,0.9070294784580499,0.6495524208478232,0.4105571847507331,0.5732484076433121,942,181,761
127,352,428,35,0.7839506172839507,0.5487179487179488,0.2651356993736952,0.9244060475161987,0.6663342830009498,0.39625585023400933,0.589171974522293,942,162,780
133,360,415,34,0.7964071856287425,0.535483870967742,0.2697768762677485,0.9242761692650334,0.6659455282982423,0.40303030303030307,0.5817409766454352,942,167,775
141,343,427,31,0.8197674418604651,0.5545454545454546,0.29132231404958675,0.9323144104803494,0.6871564482029598,0.42987804878048774,0.6029723991507431,942,172,770
149,387,371,35,0.8097826086956522,0.4894459102902375,0.27798507462686567,0.9137931034482759,0.6496142594929448,0.4138888888888889,0.5520169851380042,942,184,758
129,364,400,49,0.7247191011235955,0.5235602094240838,0.2616632860040568,0.89086859688196,0.6241396552738396,0.38450074515648286,0.5615711252653928,942,178,764
142,359,404,37,0.7932960893854749,0.5294888597640891,0.2834331337325349,0.9160997732426304,0.661392474574782,0.4176470588235294,0.5796178343949044,942,179,763
172,332,408,30,0.8514851485148515,0.5513513513513514,0.3412698412698413,0.9315068493150684,0.7014182499331014,0.48725212464589235,0.6157112526539278,942,202,740
134,380,389,39,0.7745664739884393,0.505851755526658,0.2607003891050584,0.9088785046728972,0.6402091147575486,0.3901018922852984,0.5552016985138004,942,173,769
151,318,439,34,0.8162162162162162,0.5799207397622193,0.32196162046908317,0.9281183932346723,0.6980684779892177,0.46177370030581033,0.6263269639065817,942,185,757
158,326,419,39,0.8020304568527918,0.5624161073825503,0.32644628099173556,0.9148471615720524,0.682223282117671,0.4640234948604993,0.6125265392781316,942,197,745
155,364,398,25,0.8611111111111112,0.5223097112860893,0.29865125240847784,0.9408983451536643,0.6917104111986002,0.44349070100143057,0.5870488322717622,942,180,762
122,379,414,27,0.8187919463087249,0.5220680958385876,0.2435129740518962,0.9387755102040817,0.6704300210736562,0.3753846153846153,0.5690021231422505,942,149,793
157,373,380,32,0.8306878306878307,0.5046480743691899,0.2962264150943396,0.9223300970873787,0.6676679525285103,0.4367176634214186,0.5700636942675159,942,189,753
137,338,427,40,0.7740112994350282,0.5581699346405229,0.28842105263157897,0.9143468950749465,0.6660906170377756,0.42024539877300615,0.5987261146496815,942,177,765
155,357,397,33,0.824468085106383,0.5265251989389921,0.302734375,0.9232558139534883,0.6754966420226876,0.4428571428571429,0.5859872611464968,942,188,754
164,337,406,35,0.8241206030150754,0.5464333781965006,0.3273453093812375,0.9206349206349206,0.6852769906057881,0.4685714285714286,0.6050955414012739,942,199,743
162,365,389,26,0.8617021276595744,0.5159151193633952,0.30740037950664134,0.9373493975903614,0.6888086235114848,0.45314685314685316,0.5849256900212314,942,188,754
150,350,401,41,0.7853403141361257,0.5339547270306259,0.3,0.9072398190045249,0.6596475205833758,0.4341534008683068,0.5849256900212314,942,191,751
152,347,422,21,0.8786127167630058,0.5487646293888166,0.3046092184368738,0.9525959367945824,0.7136886730759112,0.4523809523809524,0.6093418259023354,942,173,769
149,348,414,31,0.8277777777777777,0.5433070866141733,0.29979879275653926,0.9303370786516854,0.6855424321959755,0.44017725258493356,0.5976645435244161,942,180,762
133,350,432,27,0.83125,0.5524296675191815,0.2753623188405797,0.9411764705882353,0.6918398337595908,0.4136858475894245,0.5997876857749469,942,160,782
164,367,384,27,0.8586387434554974,0.511318242343542,0.3088512241054614,0.9343065693430657,0.6849784928995197,0.4542936288088643,0.5817409766454352,942,191,751
163,326,421,32,0.8358974358974359,0.5635876840696118,0.3333333333333333,0.9293598233995585,0.6997425599835239,0.4766081871345029,0.6199575371549894,942,195,747
134,339,447,22,0.8589743589743589,0.5687022900763359,0.2832980972515856,0.9530916844349681,0.7138383245253475,0.4260731319554849,0.6167728237791932,942,156,786
129,399,391,23,0.8486842105263158,0.49493670886075947,0.24431818181818182,0.9444444444444444,0.6718104596935377,0.3794117647058824,0.5520169851380042,942,152,790
127,349,434,32,0.7987421383647799,0.5542784163473818,0.2668067226890756,0.9313304721030042,0.6765102773560809,0.4,0.5955414012738853,942,159,783
134,368,416,24,0.8481012658227848,0.5306122448979592,0.26693227091633465,0.9454545454545454,0.689356755360372,0.40606060606060607,0.583864118895966,942,158,784
144,358,409,31,0.8228571428571428,0.5332464146023468,0.2868525896414343,0.9295454545454546,0.6780517787297449,0.4254062038404727,0.5870488322717622,942,175,767
133,356,421,32,0.806060606060606,0.5418275418275418,0.2719836400817996,0.9293598233995585,0.6739440739440739,0.4067278287461774,0.5881104033970276,942,165,777
158,356,387,41,0.7939698492462312,0.5208613728129206,0.30739299610894943,0.9042056074766355,0.6574156110295759,0.44319775596072936,0.578556263269639,942,199,743
158,358,395,31,0.8359788359788359,0.5245683930942895,0.3062015503875969,0.9272300469483568,0.6802736145365627,0.44822695035460997,0.5870488322717622,942,189,753
126,367,412,37,0.7730061349693251,0.5288831835686778,0.25557809330628806,0.9175946547884187,0.6509446592690015,0.38414634146341464,0.5711252653927813,942,163,779
146,377,384,35,0.8066298342541437,0.5045992115637319,0.27915869980879543,0.9164677804295943,0.6556145229089378,0.4147727272727273,0.5626326963906582,942,181,761
142,339,428,33,0.8114285714285714,0.5580182529335072,0.29521829521829523,0.928416485900217,0.6847234121810393,0.4329268292682927,0.6050955414012739,942,175,767
159,344,391,48,0.7681159420289855,0.5319727891156463,0.31610337972166996,0.8906605922551253,0.6500443655723158,0.44788732394366193,0.583864118895966,942,207,735
163,362,386,31,0.8402061855670103,0.516042780748663,0.31047619047619046,0.9256594724220624,0.6781244831578367,0.45340751043115435,0.5828025477707006,942,194,748
132,364,421,25,0.8407643312101911,0.5363057324840764,0.2661290322580645,0.9439461883408071,0.6885350318471337,0.4042879019908116,0.5870488322717622,942,157,785
149,330,431,32,0.8232044198895028,0.5663600525624178,0.31106471816283926,0.9308855291576674,0.6947822362259604,0.4515151515151516,0.6157112526539278,942,181,761
141,355,413,33,0.8103448275862069,0.5377604166666666,0.2842741935483871,0.9260089686098655,0.6740526221264367,0.4208955223880598,0.5881104033970276,942,174,768
140,373,389,40,0.7777777777777778,0.510498687664042,0.2729044834307992,0.9067599067599068,0.64413823272091,0.404040404040404,0.5615711252653928,942,180,762
143,369,395,35,0.8033707865168539,0.5170157068062827,0.279296875,0.9186046511627907,0.6601932466615683,0.4144927536231883,0.5711252653927813,942,178,764
146,365,405,26,0.8488372093023255,0.525974025974026,0.2857142857142857,0.9396751740139211,0.6874056176381758,0.4275256222547584,0.5849256900212314,942,172,770
147,351,410,34,0.8121546961325967,0.5387647831800263,0.29518072289156627,0.9234234234234234,0.6754597396563116,0.43298969072164956,0.5912951167728238,942,181,761
133,371,415,23,0.8525641025641025,0.5279898218829516,0.2638888888888889,0.9474885844748858,0.6902769622235271,0.403030303030303,0.5817409766454352,942,156,786
163,330,421,28,0.8534031413612565,0.5605858854860186,0.3306288032454361,0.9376391982182628,0.7069945134236375,0.476608187134503,0.6199575371549894,942,191,751
147,359,406,30,0.8305084745762712,0.530718954248366,0.29051383399209485,0.9311926605504587,0.6806137144123185,0.4304538799414349,0.5870488322717622,942,177,765
153,346,413,30,0.8360655737704918,0.544137022397892,0.3066132264529058,0.9322799097065463,0.6901012980841918,0.4486803519061583,0.6008492569002123,942,183,759
124,364,411,43,0.7425149700598802,0.5303225806451612,0.2540983606557377,0.9052863436123348,0.6364187753525208,0.3786259541984732,0.5679405520169851,942,167,775
155,342,410,35,0.8157894736842105,0.5452127659574468,0.3118712273641851,0.9213483146067416,0.6805011198208286,0.4512372634643376,0.5997876857749469,942,190,752
137,359,407,39,0.7784090909090909,0.5313315926892951,0.2762096774193548,0.9125560538116592,0.654870341799193,0.4077380952380952,0.5774946921443737,942,176,766
143,344,417,38,0.7900552486187845,0.5479632063074902,0.2936344969199179,0.9164835164835164,0.6690092274631374,0.42814371257485034,0.5944798301486199,942,181,761
150,369,393,30,0.8333333333333334,0.515748031496063,0.28901734104046245,0.9290780141843972,0.6745406824146982,0.4291845493562232,0.5764331210191083,942,180,762
165,354,393,30,0.8461538461538461,0.5261044176706827,0.3179190751445087,0.9290780141843972,0.6861291319122644,0.46218487394957986,0.5923566878980892,942,195,747
160,345,395,42,0.7920792079207921,0.5337837837837838,0.31683168316831684,0.9038901601830663,0.6629314958522879,0.4526166902404526,0.589171974522293,942,202,740
148,357,406,31,0.8268156424581006,0.5321100917431193,0.29306930693069305,0.9290617848970252,0.67946286710061,0.4327485380116959,0.5881104033970276,942,179,763
148,367,385,42,0.7789473684210526,0.511968085106383,0.287378640776699,0.9016393442622951,0.6454577267637178,0.4198581560283688,0.5658174097664543,942,190,752
152,341,409,40,0.7916666666666666,0.5453333333333333,0.30831643002028397,0.910913140311804,0.6685,0.4437956204379562,0.5955414012738853,942,192,750
145,369,396,32,0.8192090395480226,0.5176470588235295,0.2821011673151751,0.9252336448598131,0.668428049185776,0.4196816208393632,0.5743099787685775,942,177,765
156,337,412,37,0.8082901554404145,0.5500667556742324,0.31643002028397565,0.9175946547884187,0.6791784555573235,0.4548104956268222,0.6029723991507431,942,193,749
142,368,403,29,0.8304093567251462,0.522697795071336,0.2784313725490196,0.9328703703703703,0.676553575898241,0.4170337738619677,0.578556263269639,942,171,771
146,364,403,29,0.8342857142857143,0.5254237288135594,0.28627450980392155,0.9328703703703703,0.6798547215496369,0.4262773722627737,0.5828025477707006,942,175,767
136,363,405,38,0.7816091954022989,0.52734375,0.2725450901803607,0.9142212189616253,0.6544764727011494,0.40416047548291234,0.5743099787685775,942,174,768
138,360,413,31,0.8165680473372781,0.5342820181112549,0.27710843373493976,0.9301801801801802,0.6754250327242665,0.41379310344827586,0.5849256900212314,942,169,773
151,349,414,28,0.8435754189944135,0.5425950196592398,0.302,0.9366515837104072,0.6930852193268267,0.4447717231222386,0.5997876857749469,942,179,763
140,347,425,30,0.8235294117647058,0.5505181347150259,0.2874743326488706,0.9340659340659341,0.6870237732398659,0.426179604261796,0.5997876857749469,942,170,772
153,360,398,31,0.8315217391304348,0.525065963060686,0.2982456140350877,0.9277389277389277,0.6782938510955604,0.4390243902439024,0.5849256900212314,942,184,758
143,362,410,27,0.8411764705882353,0.5310880829015544,0.28316831683168314,0.9382151029748284,0.6861322767448949,0.4237037037037037,0.5870488322717622,942,170,772
140,359,416,27,0.8383233532934131,0.5367741935483871,0.280561122244489,0.9390519187358917,0.6875487734209,0.4204204204204204,0.5902335456475584,942,167,775
130,357,422,33,0.7975460122699386,0.5417201540436457,0.2669404517453799,0.9274725274725275,0.6696330831567922,0.4000000000000001,0.5859872611464968,942,163,779
129,362,420,31,0.80625,0.5370843989769821,0.26272912423625255,0.9312638580931264,0.6716671994884911,0.39631336405529954,0.5828025477707006,942,160,782
158,360,395,29,0.8449197860962567,0.5231788079470199,0.305019305019305,0.9316037735849056,0.6840492970216383,0.44822695035460985,0.5870488322717622,942,187,755
139,341,428,34,0.8034682080924855,0.5565669700910273,0.28958333333333336,0.9264069264069265,0.6800175890917564,0.42572741194486985,0.6019108280254777,942,173,769
144,340,419,39,0.7868852459016393,0.5520421607378129,0.2975206611570248,0.9148471615720524,0.6694637033197262,0.43178410794602706,0.5976645435244161,942,183,759
155,353,396,38,0.8031088082901554,0.5287049399198932,0.3051181102362205,0.9124423963133641,0.6659068741050242,0.4422253922967189,0.5849256900212314,942,193,749
140,350,423,29,0.8284023668639053,0.5472186287192755,0.2857142857142857,0.9358407079646017,0.6878104977915904,0.42488619119878596,0.5976645435244161,942,169,773
169,322,408,43,0.7971698113207547,0.5589041095890411,0.34419551934826886,0.9046563192904656,0.6780369604548979,0.4807965860597439,0.6125265392781316,942,212,730
160,382,373,27,0.8556149732620321,0.49403973509933774,0.2952029520295203,0.9325,0.6748273541806848,0.43895747599451307,0.5658174097664543,942,187,755
150,358,409,25,0.8571428571428571,0.5332464146023468,0.2952755905511811,0.9423963133640553,0.695194635872602,0.4392386530014641,0.5934182590233545,942,175,767
130,361,412,39,0.7692307692307693,0.5329883570504528,0.26476578411405294,0.9135254988913526,0.651109563140611,0.3939393939393939,0.5753715498938429,942,169,773
137,357,409,39,0.7784090909090909,0.5339425587467362,0.2773279352226721,0.9129464285714286,0.6561758248279136,0.40895522388059696,0.5796178343949044,942,176,766
139,348,412,43,0.7637362637362637,0.5421052631578948,0.28542094455852157,0.9054945054945055,0.6529207634470793,0.41554559043348277,0.5849256900212314,942,182,760
150,341,418,33,0.819672131147541,0.5507246376811594,0.3054989816700611,0.926829268292683,0.6851983844143502,0.44510385756676557,0.6029723991507431,942,183,759
146,379,387,30,0.8295454545454546,0.5052219321148825,0.2780952380952381,0.9280575539568345,0.6673836933301686,0.41654778887303856,0.5658174097664543,942,176,766
150,379,382,31,0.8287292817679558,0.5019710906701709,0.2835538752362949,0.9249394673123487,0.6653501862190634,0.4225352112676056,0.564755838641189,942,181,761
143,339,423,37,0.7944444444444444,0.5551181102362205,0.2966804979253112,0.9195652173913044,0.6747812773403324,0.43202416918429004,0.6008492569002123,942,180,762
140,332,440,30,0.8235294117647058,0.5699481865284974,0.2966101694915254,0.9361702127659575,0.6967387991466016,0.43613707165109034,0.6157112526539278,942,170,772
139,345,423,35,0.7988505747126436,0.55078125,0.2871900826446281,0.9235807860262009,0.6748159123563218,0.4224924012158054,0.5966029723991507,942,174,768
150,360,402,30,0.8333333333333334,0.5275590551181102,0.29411764705882354,0.9305555555555556,0.6804461942257218,0.4347826086956522,0.5859872611464968,942,180,762
142,369,411,20,0.8765432098765432,0.5269230769230769,0.27788649706457924,0.9535962877030162,0.7017331433998101,0.42199108469539376,0.5870488322717622,942,162,780
150,350,407,35,0.8108108108108109,0.5376486129458389,0.3,0.920814479638009,0.6742297118783249,0.43795620437956206,0.5912951167728238,942,185,757
138,365,410,29,0.8263473053892215,0.5290322580645161,0.27435387673956263,0.9339407744874715,0.6776897817268688,0.41194029850746267,0.5817409766454352,942,167,775
150,360,396,36,0.8064516129032258,0.5238095238095238,0.29411764705882354,0.9166666666666666,0.6651305683563749,0.43103448275862066,0.5796178343949044,942,186,756
141,337,429,35,0.8011363636363636,0.5600522193211488,0.29497907949790797,0.9245689655172413,0.6805942914787562,0.4311926605504587,0.6050955414012739,942,176,766
136,352,423,31,0.8143712574850299,0.5458064516129032,0.2786885245901639,0.9317180616740088,0.6800888545489665,0.41526717557251913,0.5934182590233545,942,167,775
165,335,414,28,0.8549222797927462,0.5527369826435247,0.33,0.9366515837104072,0.7038296312181354,0.4761904761904763,0.6146496815286624,942,193,749
147,334,424,37,0.7989130434782609,0.5593667546174143,0.30561330561330563,0.9197396963123644,0.6791398990478376,0.4421052631578948,0.6061571125265393,942,184,758
133,362,405,42,0.76,0.5280312907431551,0.2686868686868687,0.9060402684563759,0.6440156453715775,0.3970149253731344,0.5711252653927813,942,175,767
148,345,417,32,0.8222222222222222,0.547244094488189,0.3002028397565923,0.9287305122494433,0.6847331583552057,0.4398216939078752,0.5997876857749469,942,180,762
141,347,416,38,0.7877094972067039,0.54521625163827,0.2889344262295082,0.9162995594713657,0.666462874422487,0.42278860569715143,0.5912951167728238,942,179,763
119,365,413,45,0.725609756097561,0.5308483290488432,0.24586776859504134,0.9017467248908297,0.628229042573202,0.36728395061728397,0.564755838641189,942,164,778
153,335,423,31,0.8315217391304348,0.558047493403694,0.3135245901639344,0.9317180616740088,0.6947846162670643,0.45535714285714285,0.6114649681528662,942,184,758
144,377,387,34,0.8089887640449438,0.506544502617801,0.2763915547024952,0.9192399049881235,0.6577666333313724,0.4120171673819743,0.5636942675159236,942,178,764
136,378,398,30,0.8192771084337349,0.5128865979381443,0.26459143968871596,0.9299065420560748,0.6660818531859396,0.4,0.5668789808917197,942,166,776
141,341,419,41,0.7747252747252747,0.5513157894736842,0.2925311203319502,0.9108695652173913,0.6630205320994795,0.42469879518072295,0.5944798301486199,942,182,760
146,362,401,33,0.8156424581005587,0.5255570117955439,0.2874015748031496,0.923963133640553,0.6705997349480513,0.42503639010189226,0.5806794055201698,942,179,763
151,354,394,43,0.7783505154639175,0.5267379679144385,0.299009900990099,0.9016018306636155,0.652544241689178,0.4320457796852647,0.578556263269639,942,194,748
147,337,428,30,0.8305084745762712,0.5594771241830065,0.3037190082644628,0.9344978165938864,0.6949927993796389,0.44478063540090773,0.6104033970276008,942,177,765
138,351,421,32,0.8117647058823529,0.5453367875647669,0.2822085889570552,0.9293598233995585,0.6785507467235599,0.41881638846737484,0.5934182590233545,942,170,772
140,357,409,36,0.7954545454545454,0.5339425587467362,0.28169014084507044,0.9191011235955057,0.6646985521006408,0.4160475482912333,0.5828025477707006,942,176,766
150,361,390,41,0.7853403141361257,0.5193075898801598,0.29354207436399216,0.9048723897911833,0.6523239520081427,0.4273504273504273,0.5732484076433121,942,191,751
131,375,403,33,0.7987804878048781,0.5179948586118251,0.25889328063241107,0.9243119266055045,0.6583876732083516,0.39104477611940297,0.5668789808917197,942,164,778
122,354,430,36,0.7721518987341772,0.548469387755102,0.25630252100840334,0.9227467811158798,0.6603106432446396,0.3848580441640378,0.5859872611464968,942,158,784
146,344,416,36,0.8021978021978022,0.5473684210526316,0.2979591836734694,0.9203539823008849,0.674783111625217,0.4345238095238096,0.5966029723991507,942,182,760
156,334,412,40,0.7959183673469388,0.5522788203753352,0.3183673469387755,0.911504424778761,0.674098593861137,0.4548104956268222,0.6029723991507431,942,196,746
150,350,414,28,0.8426966292134831,0.5418848167539267,0.3,0.9366515837104072,0.692290722983705,0.44247787610619466,0.5987261146496815,942,178,764
139,352,409,42,0.7679558011049724,0.5374507227332457,0.2830957230142566,0.9068736141906873,0.6527032619191091,0.4136904761904762,0.5817409766454352,942,181,761
157,353,390,42,0.7889447236180904,0.5248990578734859,0.307843137254902,0.9027777777777778,0.6569218907457881,0.4428772919605078,0.5806794055201698,942,199,743
145,369,397,31,0.8238636363636364,0.5182767624020888,0.2821011673151751,0.927570093457944,0.6710701993828625,0.42028985507246375,0.5753715498938429,942,176,766
150,374,389,29,0.8379888268156425,0.509829619921363,0.2862595419847328,0.930622009569378,0.6739092233685027,0.4267425320056899,0.5721868365180467,942,179,763
166,329,410,37,0.8177339901477833,0.5548037889039242,0.33535353535353535,0.9172259507829977,0.6862688895258537,0.47564469914040114,0.6114649681528662,942,203,739
143,352,421,26,0.8461538461538461,0.5446313065976714,0.28888888888888886,0.941834451901566,0.6953925763757588,0.43072289156626503,0.5987261146496815,942,169,773
147,357,408,30,0.8305084745762712,0.5333333333333333,0.2916666666666667,0.9315068493150684,0.6819209039548022,0.43171806167400884,0.589171974522293,942,177,765
152,352,403,35,0.8128342245989305,0.5337748344370861,0.30158730158730157,0.9200913242009132,0.6733045295180082,0.4399421128798842,0.589171974522293,942,187,755
138,332,431,41,0.770949720670391,0.564875491480996,0.2936170212765957,0.913135593220339,0.6679126060756935,0.4252696456086287,0.6040339702760085,942,179,763
156,349,400,37,0.8082901554404145,0.5340453938584779,0.3089108910891089,0.9153318077803204,0.6711677746494462,0.4469914040114613,0.5902335456475584,942,193,749
126,373,412,31,0.802547770700637,0.5248407643312102,0.25250501002004005,0.9300225733634312,0.6636942675159236,0.3841463414634146,0.5711252653927813,942,157,785
138,367,399,38,0.7840909090909091,0.52088772845953,0.2732673267326733,0.9130434782608695,0.6524893187752195,0.40528634361233484,0.5700636942675159,942,176,766
148,362,403,29,0.8361581920903954,0.526797385620915,0.2901960784313726,0.9328703703703703,0.6814777888556552,0.43085880640465796,0.5849256900212314,942,177,765
145,352,412,33,0.8146067415730337,0.5392670157068062,0.2917505030181087,0.9258426966292135,0.6769368786399199,0.4296296296296296,0.5912951167728238,942,178,764
141,367,392,42,0.7704918032786885,0.5164690382081687,0.27755905511811024,0.9032258064516129,0.6434804207434286,0.4081041968162084,0.5658174097664543,942,183,759
145,327,428,42,0.7754010695187166,0.5668874172185431,0.3072033898305085,0.9106382978723404,0.6711442433686299,0.4400606980273141,0.60828025477707,942,187,755
147,360,409,26,0.8497109826589595,0.5318595578673602,0.28994082840236685,0.9402298850574713,0.6907852702631598,0.4323529411764706,0.5902335456475584,942,173,769
130,352,424,36,0.7831325301204819,0.5463917525773195,0.2697095435684647,0.9217391304347826,0.6647621413489007,0.4012345679012346,0.5881104033970276,942,166,776
130,344,439,29,0.8176100628930818,0.5606641123882503,0.2742616033755274,0.938034188034188,0.6891370876406661,0.4107424960505529,0.6040339702760085,942,159,783
143,350,419,30,0.8265895953757225,0.5448634590377113,0.29006085192697767,0.933184855233853,0.6857265272067169,0.4294294294294294,0.5966029723991507,942,173,769
133,363,415,31,0.8109756097560976,0.5334190231362468,0.26814516129032256,0.9304932735426009,0.6721973164461722,0.40303030303030307,0.5817409766454352,942,164,778
136,358,419,29,0.8242424242424242,0.5392535392535392,0.27530364372469635,0.9352678571428571,0.6817479817479817,0.4127465857359636,0.589171974522293,942,165,777
136,366,408,32,0.8095238095238095,0.5271317829457365,0.27091633466135456,0.9272727272727272,0.668327796234773,0.4059701492537313,0.5774946921443737,942,168,774
156,347,414,25,0.861878453038674,0.5440210249671484,0.3101391650099404,0.9430523917995444,0.7029497390029112,0.45614035087719307,0.6050955414012739,942,181,761
173,362,383,24,0.8781725888324873,0.5140939597315436,0.3233644859813084,0.941031941031941,0.6961332742820154,0.47267759562841527,0.5902335456475584,942,197,745
143,358,406,35,0.8033707865168539,0.5314136125654451,0.28542914171656686,0.9206349206349206,0.6673921995411495,0.4212076583210604,0.5828025477707006,942,178,764
150,351,406,35,0.8108108108108109,0.5363276089828269,0.2994011976047904,0.9206349206349206,0.6735692098968189,0.43731778425655976,0.5902335456475584,942,185,757
145,354,404,39,0.7880434782608695,0.5329815303430079,0.2905811623246493,0.9119638826185101,0.6605125043019386,0.42459736456808195,0.5828025477707006,942,184,758
136,352,419,35,0.7953216374269005,0.543450064850843,0.2786885245901639,0.9229074889867841,0.6693858511388717,0.4127465857359635,0.589171974522293,942,171,771
154,360,392,36,0.8105263157894737,0.5212765957446809,0.29961089494163423,0.9158878504672897,0.6659014557670773,0.4375,0.5796178343949044,942,190,752
159,366,376,41,0.795,0.5067385444743935,0.3028571428571429,0.9016786570743405,0.6508692722371967,0.4386206896551725,0.5679405520169851,942,200,742
156,352,399,35,0.8167539267015707,0.5312916111850865,0.30708661417322836,0.9193548387096774,0.6740227689433286,0.44635193133047213,0.589171974522293,942,191,751
139,358,412,33,0.8081395348837209,0.535064935064935,0.2796780684104628,0.9258426966292135,0.671602234974328,0.4155455904334828,0.5849256900212314,942,172,770
128,351,429,34,0.7901234567901234,0.55,0.267223382045929,0.9265658747300216,0.6700617283950617,0.39937597503900146,0.5912951167728238,942,162,780
145,363,404,30,0.8285714285714286,0.5267275097783573,0.2854330708661417,0.9308755760368663,0.6776494691748929,0.424597364568082,0.5828025477707006,942,175,767
138,365,402,37,0.7885714285714286,0.5241199478487614,0.27435387673956263,0.9157175398633257,0.656345688210095,0.40707964601769914,0.5732484076433121,942,175,767
165,334,409,34,0.8291457286432161,0.550471063257066,0.3306613226452906,0.9232505643340858,0.6898083959501411,0.4727793696275072,0.6093418259023354,942,199,743
131,368,411,32,0.803680981595092,0.527599486521181,0.2625250501002004,0.927765237020316,0.6656402340581365,0.3957703927492447,0.5753715498938429,942,163,779
139,363,406,34,0.8034682080924855,0.5279583875162549,0.27689243027888444,0.9227272727272727,0.6657132978043703,0.41185185185185186,0.578556263269639,942,173,769
131,370,410,31,0.808641975308642,0.5256410256410257,0.26147704590818366,0.9297052154195011,0.6671415004748338,0.39517345399698345,0.5743099787685775,942,162,780
143,369,403,27,0.8411764705882353,0.522020725388601,0.279296875,0.9372093023255814,0.6815985979884182,0.4193548387096774,0.5796178343949044,942,170,772
137,372,400,33,0.8058823529411765,0.5181347150259067,0.2691552062868369,0.9237875288683602,0.6620085339835415,0.4035346097201767,0.5700636942675159,942,170,772
152,364,403,23,0.8685714285714285,0.5254237288135594,0.29457364341085274,0.9460093896713615,0.696997578692494,0.4399421128798842,0.589171974522293,942,175,767
149,340,418,35,0.8097826086956522,0.5514511873350924,0.3047034764826176,0.9227373068432672,0.6806168980153723,0.4427934621099554,0.6019108280254777,942,184,758
133,362,421,26,0.8364779874213837,0.5376756066411239,0.2686868686868687,0.941834451901566,0.6870767970312538,0.4067278287461774,0.5881104033970276,942,159,783
136,378,391,37,0.7861271676300579,0.5084525357607282,0.26459143968871596,0.9135514018691588,0.6472898516953931,0.39592430858806404,0.559447983014862,942,173,769
123,350,431,38,0.7639751552795031,0.5518565941101152,0.26004228329809725,0.9189765458422174,0.6579158746948092,0.38801261829652994,0.5881104033970276,942,161,781
146,366,393,37,0.7978142076502732,0.5177865612648221,0.28515625,0.913953488372093,0.6578003844575477,0.4201438848920863,0.5721868365180467,942,183,759
120,362,427,33,0.7843137254901961,0.541191381495564,0.24896265560165975,0.9282608695652174,0.66275255349288,0.37795275590551186,0.5806794055201698,942,153,789
142,356,420,24,0.8554216867469879,0.5412371134020618,0.285140562248996,0.9459459459459459,0.6983294000745248,0.42771084337349397,0.5966029723991507,942,166,776
133,345,428,36,0.7869822485207101,0.553686934023286,0.27824267782426776,0.9224137931034483,0.670334591271998,0.41112828438948995,0.5955414012738853,942,169,773
156,376,377,33,0.8253968253968254,0.50066401062417,0.2932330827067669,0.9195121951219513,0.6630304180104977,0.43273231622746183,0.5658174097664543,942,189,753
136,364,413,29,0.8242424242424242,0.5315315315315315,0.272,0.9343891402714932,0.6778869778869778,0.4090225563909775,0.5828025477707006,942,165,777
150,324,429,39,0.7936507936507936,0.5697211155378487,0.31645569620253167,0.9166666666666666,0.6816859545943211,0.45248868778280543,0.6146496815286624,942,189,753
152,338,421,31,0.8306010928961749,0.5546772068511199,0.31020408163265306,0.9314159292035398,0.6926391498736474,0.4517087667161962,0.60828025477707,942,183,759
143,362,407,30,0.8265895953757225,0.52925877763329,0.28316831683168314,0.931350114416476,0.6779241865045063,0.4218289085545722,0.583864118895966,942,173,769
151,371,385,35,0.8118279569892473,0.5092592592592593,0.289272030651341,0.9166666666666666,0.6605436081242533,0.4265536723163842,0.5690021231422505,942,186,756
126,381,411,24,0.84,0.5189393939393939,0.2485207100591716,0.9448275862068966,0.679469696969697,0.3835616438356164,0.5700636942675159,942,150,792
150,347,417,28,0.8426966292134831,0.5458115183246073,0.30181086519114686,0.9370786516853933,0.6942540737690452,0.4444444444444444,0.6019108280254777,942,178,764
136,358,421,27,0.8343558282208589,0.540436456996149,0.27530364372469635,0.9397321428571429,0.6873961426085039,0.4140030441400304,0.5912951167728238,942,163,779
146,347,414,35,0.8066298342541437,0.5440210249671484,0.2961460446247465,0.9220489977728286,0.6753254296106461,0.4332344213649852,0.5944798301486199,942,181,761
138,327,433,44,0.7582417582417582,0.5697368421052632,0.2967741935483871,0.9077568134171907,0.6639893001735107,0.4265842349304481,0.6061571125265393,942,182,760
139,355,415,33,0.8081395348837209,0.538961038961039,0.2813765182186235,0.9263392857142857,0.67355028692238,0.4174174174174174,0.5881104033970276,942,172,770
171,345,389,37,0.8221153846153846,0.5299727520435967,0.3313953488372093,0.9131455399061033,0.6760440683294906,0.4723756906077348,0.5944798301486199,942,208,734
117,368,424,33,0.78,0.5353535353535354,0.24123711340206186,0.9277899343544858,0.6576767676767676,0.36850393700787404,0.5743099787685775,942,150,792
141,346,420,35,0.8011363636363636,0.5483028720626631,0.28952772073921973,0.9230769230769231,0.6747196178495134,0.42533936651583715,0.5955414012738853,942,176,766
151,357,393,41,0.7864583333333334,0.524,0.297244094488189,0.9055299539170507,0.6552291666666668,0.43142857142857144,0.5774946921443737,942,192,750
145,349,413,35,0.8055555555555556,0.541994750656168,0.2935222672064777,0.921875,0.6737751531058618,0.4302670623145401,0.5923566878980892,942,180,762
135,344,437,26,0.8385093167701864,0.559539052496799,0.2818371607515658,0.9438444924406048,0.6990241846334927,0.421875,0.6072186836518046,942,161,781
138,359,413,32,0.8117647058823529,0.5349740932642487,0.2776659959758551,0.9280898876404494,0.6733693995733008,0.41379310344827586,0.5849256900212314,942,170,772
144,378,376,44,0.7659574468085106,0.4986737400530504,0.27586206896551724,0.8952380952380953,0.6323155934307805,0.4056338028169015,0.5520169851380042,942,188,754
138,362,417,25,0.8466257668711656,0.5353016688061617,0.276,0.9434389140271493,0.6909637178386636,0.416289592760181,0.589171974522293,942,163,779
138,351,425,28,0.8313253012048193,0.5476804123711341,0.2822085889570552,0.9381898454746137,0.6895028567879766,0.42137404580152665,0.5976645435244161,942,166,776
152,344,414,32,0.8260869565217391,0.5461741424802111,0.3064516129032258,0.9282511210762332,0.6861305495009751,0.44705882352941173,0.6008492569002123,942,184,758
148,373,388,33,0.8176795580110497,0.5098554533508541,0.2840690978886756,0.9216152019002375,0.663767505680952,0.4216524216524216,0.5690021231422505,942,181,761
139,338,436,29,0.8273809523809523,0.5633074935400517,0.2914046121593291,0.9376344086021505,0.695344222960502,0.4310077519379844,0.6104033970276008,942,168,774
144,340,416,42,0.7741935483870968,0.5502645502645502,0.2975206611570248,0.9082969432314411,0.6622290493258235,0.42985074626865666,0.5944798301486199,942,186,756
121,383,412,26,0.8231292517006803,0.5182389937106918,0.2400793650793651,0.9406392694063926,0.6706841227056861,0.37173579109062976,0.5658174097664543,942,147,795
156,386,374,26,0.8571428571428571,0.4921052631578947,0.2878228782287823,0.935,0.6746240601503759,0.430939226519337,0.5626326963906582,942,182,760
155,362,388,37,0.8072916666666666,0.5173333333333333,0.29980657640232106,0.9129411764705883,0.6623125,0.4372355430183356,0.5764331210191083,942,192,750
135,380,399,28,0.8282208588957055,0.5121951219512195,0.2621359223300971,0.9344262295081968,0.6702079904234626,0.39823008849557523,0.5668789808917197,942,163,779
146,377,385,34,0.8111111111111111,0.505249343832021,0.27915869980879543,0.918854415274463,0.658180227471566,0.4153627311522049,0.5636942675159236,942,180,762
148,358,407,29,0.8361581920903954,0.5320261437908497,0.2924901185770751,0.9334862385321101,0.6840921679406226,0.43338213762811123,0.589171974522293,942,177,765
124,366,419,33,0.7898089171974523,0.5337579617834395,0.2530612244897959,0.9269911504424779,0.6617834394904458,0.38330757341576505,0.5764331210191083,942,157,785
145,379,387,31,0.8238636363636364,0.5052219321148825,0.2767175572519084,0.9258373205741627,0.6645427842392595,0.4142857142857143,0.564755838641189,942,176,766
167,347,391,37,0.8186274509803921,0.5298102981029811,0.32490272373540857,0.9135514018691588,0.6742188745416866,0.46518105849582175,0.5923566878980892,942,204,738
131,388,384,39,0.7705882352941177,0.49740932642487046,0.2524084778420039,0.9078014184397163,0.633998780859494,0.3802612481857765,0.5467091295116773,942,170,772
142,353,418,29,0.8304093567251462,0.5421530479896238,0.2868686868686869,0.9351230425055929,0.686281202357385,0.4264264264264265,0.5944798301486199,942,171,771
135,335,427,45,0.75,0.5603674540682415,0.2872340425531915,0.9046610169491526,0.6551837270341208,0.41538461538461546,0.5966029723991507,942,180,762
145,357,400,40,0.7837837837837838,0.5284015852047557,0.28884462151394424,0.9090909090909091,0.6560926844942697,0.4221251819505095,0.578556263269639,942,185,757
158,331,411,42,0.79,0.5539083557951483,0.3231083844580777,0.9072847682119205,0.6719541778975742,0.4586357039187228,0.6040339702760085,942,200,742
129,367,408,38,0.7724550898203593,0.5264516129032258,0.2600806451612903,0.9147982062780269,0.6494533513617926,0.3891402714932127,0.5700636942675159,942,167,775
148,361,401,32,0.8222222222222222,0.526246719160105,0.2907662082514735,0.9260969976905312,0.6742344706911636,0.4296081277213353,0.5828025477707006,942,180,762
131,352,424,35,0.7891566265060241,0.5463917525773195,0.2712215320910973,0.9237472766884531,0.6677741895416718,0.40369799691833586,0.589171974522293,942,166,776
145,372,399,26,0.847953216374269,0.5175097276264592,0.2804642166344294,0.9388235294117647,0.6827314720003641,0.4215116279069767,0.5774946921443737,942,171,771
145,354,408,35,0.8055555555555556,0.5354330708661418,0.2905811623246493,0.9209932279909706,0.6704943132108487,0.42709867452135497,0.5870488322717622,942,180,762
149,356,398,39,0.7925531914893617,0.5278514588859416,0.29504950495049503,0.9107551487414187,0.6602023251876517,0.43001443001443,0.5806794055201698,942,188,754
141,329,434,38,0.7877094972067039,0.5688073394495413,0.3,0.9194915254237288,0.6782584183281226,0.4345146379044684,0.6104033970276008,942,179,763
136,357,417,32,0.8095238095238095,0.5387596899224806,0.27586206896551724,0.9287305122494433,0.674141749723145,0.4114977307110439,0.5870488322717622,942,168,774
144,353,407,38,0.7912087912087912,0.5355263157894737,0.289738430583501,0.9146067415730337,0.6633675534991325,0.42415316642120765,0.5849256900212314,942,182,760
152,379,385,26,0.8539325842696629,0.5039267015706806,0.2862523540489642,0.9367396593673966,0.6789296429201718,0.4287729196050776,0.5700636942675159,942,178,764
149,352,409,32,0.8232044198895028,0.5374507227332457,0.29740518962075846,0.927437641723356,0.6803275713113742,0.4369501466275659,0.5923566878980892,942,181,761
137,354,422,29,0.8253012048192772,0.5438144329896907,0.2790224032586558,0.9356984478935698,0.6845578189044839,0.4170471841704719,0.5934182590233545,942,166,776
173,319,405,45,0.7935779816513762,0.5593922651933702,0.3516260162601626,0.9,0.6764851234223732,0.48732394366197185,0.613588110403397,942,218,724
159,331,411,41,0.795,0.5539083557951483,0.32448979591836735,0.9092920353982301,0.6744541778975741,0.46086956521739125,0.6050955414012739,942,200,742
139,395,387,21,0.86875,0.4948849104859335,0.2602996254681648,0.9485294117647058,0.6818174552429668,0.4005763688760807,0.5583864118895966,942,160,782
148,351,406,37,0.8,0.5363276089828269,0.2965931863727455,0.9164785553047404,0.6681638044914135,0.43274853801169594,0.5881104033970276,942,185,757
147,328,441,26,0.8497109826589595,0.5734720416124838,0.3094736842105263,0.9443254817987152,0.7115915121357217,0.45370370370370366,0.6242038216560509,942,173,769
146,346,414,36,0.8021978021978022,0.5447368421052632,0.2967479674796748,0.92,0.6734673221515327,0.4332344213649852,0.5944798301486199,942,182,760
123,356,421,42,0.7454545454545455,0.5418275418275418,0.2567849686847599,0.9092872570194385,0.6436410436410436,0.38198757763975155,0.5774946921443737,942,165,777
157,356,393,36,0.8134715025906736,0.5246995994659546,0.3060428849902534,0.916083916083916,0.669085551028314,0.4447592067988668,0.583864118895966,942,193,749
131,373,418,20,0.8675496688741722,0.5284450063211125,0.25992063492063494,0.954337899543379,0.6979973375976423,0.4000000000000001,0.5828025477707006,942,151,791
153,351,403,35,0.8138297872340425,0.5344827586206896,0.30357142857142855,0.9200913242009132,0.674156272927366,0.4421965317919075,0.5902335456475584,942,188,754
141,326,440,35,0.8011363636363636,0.5744125326370757,0.3019271948608137,0.9263157894736842,0.6877744481367196,0.43856920684292383,0.6167728237791932,942,176,766
149,349,409,35,0.8097826086956522,0.5395778364116095,0.2991967871485944,0.9211711711711712,0.6746802225536308,0.436950146627566,0.5923566878980892,942,184,758
138,339,427,38,0.7840909090909091,0.5574412532637075,0.2893081761006289,0.9182795698924732,0.6707660811773083,0.42266462480857575,0.5997876857749469,942,176,766
134,355,414,39,0.7745664739884393,0.5383615084525357,0.2740286298568507,0.9139072847682119,0.6564639912204875,0.40483383685800606,0.5817409766454352,942,173,769
160,356,391,35,0.8205128205128205,0.5234270414993306,0.31007751937984496,0.9178403755868545,0.6719699310060756,0.45007032348804504,0.5849256900212314,942,195,747
141,340,422,39,0.7833333333333333,0.5538057742782152,0.29313929313929316,0.9154013015184381,0.6685695538057743,0.426626323751891,0.5976645435244161,942,180,762
130,358,419,35,0.7878787878787878,0.5392535392535392,0.26639344262295084,0.9229074889867841,0.6635661635661636,0.3981623277182236,0.5828025477707006,942,165,777
144,370,396,32,0.8181818181818182,0.5169712793733682,0.2801556420233463,0.9252336448598131,0.6675765487775932,0.41739130434782606,0.5732484076433121,942,176,766
154,358,409,21,0.88,0.5332464146023468,0.30078125,0.9511627906976744,0.7066232073011733,0.44832605531295494,0.5976645435244161,942,175,767
150,328,426,38,0.7978723404255319,0.5649867374005305,0.3138075313807531,0.9181034482758621,0.6814295389130312,0.4504504504504504,0.6114649681528662,942,188,754
148,350,405,39,0.7914438502673797,0.5364238410596026,0.2971887550200803,0.9121621621621622,0.6639338456634911,0.4321167883211679,0.5870488322717622,942,187,755
150,329,422,41,0.7853403141361257,0.5619174434087882,0.31315240083507306,0.9114470842332614,0.6736288787724569,0.44776119402985076,0.6072186836518046,942,191,751
151,366,394,31,0.8296703296703297,0.5184210526315789,0.29206963249516443,0.9270588235294117,0.6740456911509543,0.4320457796852647,0.578556263269639,942,182,760
156,347,410,29,0.8432432432432433,0.5416116248348745,0.3101391650099404,0.9339407744874715,0.6924274340390588,0.4534883720930233,0.6008492569002123,942,185,757
148,374,383,37,0.8,0.5059445178335535,0.2835249042145594,0.9119047619047619,0.6529722589167768,0.4186704384724187,0.5636942675159236,942,185,757
141,363,411,27,0.8392857142857143,0.5310077519379846,0.27976190476190477,0.9383561643835616,0.6851467331118495,0.41964285714285715,0.5859872611464968,942,168,774
135,347,423,37,0.7848837209302325,0.5493506493506494,0.2800829875518672,0.9195652173913044,0.6671171851404409,0.4128440366972477,0.5923566878980892,942,172,770
150,357,404,31,0.8287292817679558,0.5308804204993429,0.2958579881656805,0.9287356321839081,0.6798048511336494,0.436046511627907,0.5881104033970276,942,181,761
149,367,393,33,0.8186813186813187,0.5171052631578947,0.28875968992248063,0.9225352112676056,0.6678932909196067,0.4269340974212035,0.5753715498938429,942,182,760
153,348,411,30,0.8360655737704918,0.541501976284585,0.30538922155688625,0.9319727891156463,0.6887837750275384,0.4473684210526316,0.5987261146496815,942,183,759
138,335,427,42,0.7666666666666667,0.5603674540682415,0.2917547568710359,0.9104477611940298,0.6635170603674541,0.42266462480857575,0.5997876857749469,942,180,762
149,337,422,34,0.8142076502732241,0.5559947299077734,0.3065843621399177,0.9254385964912281,0.6851011900904987,0.44544095665171896,0.6061571125265393,942,183,759
142,359,411,30,0.8255813953488372,0.5337662337662338,0.2834331337325349,0.9319727891156463,0.6796738145575355,0.42199108469539376,0.5870488322717622,942,172,770
153,349,397,43,0.7806122448979592,0.532171581769437,0.3047808764940239,0.9022727272727272,0.6563919133336982,0.4383954154727794,0.583864118895966,942,196,746
147,351,404,40,0.786096256684492,0.5350993377483444,0.29518072289156627,0.9099099099099099,0.6605977972164182,0.4291970802919708,0.5849256900212314,942,187,755
148,367,395,32,0.8222222222222222,0.5183727034120735,0.287378640776699,0.9250585480093677,0.6702974628171479,0.42589928057553955,0.5764331210191083,942,180,762
132,361,421,28,0.825,0.5383631713554987,0.26774847870182555,0.9376391982182628,0.6816815856777494,0.4042879019908116,0.5870488322717622,942,160,782
152,365,386,39,0.7958115183246073,0.5139813581890812,0.2940038684719536,0.908235294117647,0.6548964382568443,0.42937853107344637,0.5711252653927813,942,191,751
125,368,416,33,0.7911392405063291,0.5306122448979592,0.2535496957403651,0.9265033407572383,0.6608757427021441,0.3840245775729647,0.5743099787685775,942,158,784
143,356,412,31,0.8218390804597702,0.5364583333333334,0.2865731462925852,0.9300225733634312,0.6791487068965518,0.42496285289747404,0.589171974522293,942,174,768
132,367,404,39,0.7719298245614035,0.5239948119325551,0.26452905811623245,0.9119638826185101,0.6479623182469794,0.3940298507462686,0.5690021231422505,942,171,771
142,353,415,32,0.8160919540229885,0.5403645833333334,0.2868686868686869,0.9284116331096197,0.6782282686781609,0.42451420029895365,0.5912951167728238,942,174,768
154,368,384,36,0.8105263157894737,0.5106382978723404,0.2950191570881226,0.9142857142857143,0.660582306830907,0.43258426966292135,0.5711252653927813,942,190,752
132,370,411,29,0.8198757763975155,0.5262483994878361,0.26294820717131473,0.9340909090909091,0.6730620879426759,0.39819004524886875,0.5764331210191083,942,161,781
136,395,378,33,0.8047337278106509,0.4890038809831824,0.256120527306968,0.9197080291970803,0.6468688043969166,0.3885714285714285,0.5456475583864119,942,169,773
140,362,411,29,0.8284023668639053,0.5316946959896507,0.2788844621513944,0.9340909090909091,0.680048531426778,0.4172876304023845,0.5849256900212314,942,169,773
160,339,414,29,0.8465608465608465,0.549800796812749,0.32064128256513025,0.9345372460496614,0.6981808216867977,0.46511627906976744,0.6093418259023354,942,189,753
146,340,425,31,0.8248587570621468,0.5555555555555556,0.3004115226337449,0.9320175438596491,0.6902071563088512,0.44042232277526394,0.6061571125265393,942,177,765
162,363,392,25,0.8663101604278075,0.519205298013245,0.30857142857142855,0.9400479616306955,0.6927577292205263,0.4550561797752809,0.5881104033970276,942,187,755
131,383,400,28,0.8238993710691824,0.5108556832694764,0.25486381322957197,0.9345794392523364,0.6673775271693294,0.38930163447251115,0.5636942675159236,942,159,783
147,379,391,25,0.8546511627906976,0.5077922077922078,0.279467680608365,0.9399038461538461,0.6812216852914528,0.4212034383954155,0.5711252653927813,942,172,770
150,342,416,34,0.8152173913043478,0.5488126649076517,0.3048780487804878,0.9244444444444444,0.6820150281059998,0.4437869822485207,0.6008492569002123,942,184,758
149,354,407,32,0.8232044198895028,0.5348226018396847,0.2962226640159046,0.9271070615034168,0.6790135108645937,0.435672514619883,0.5902335456475584,942,181,761
142,348,407,45,0.7593582887700535,0.5390728476821192,0.2897959183673469,0.9004424778761062,0.6492155682260863,0.41949778434268825,0.5828025477707006,942,187,755
136,359,418,29,0.8242424242424242,0.5379665379665379,0.27474747474747474,0.9351230425055929,0.6811044811044811,0.4121212121212121,0.5881104033970276,942,165,777
144,325,443,30,0.8275862068965517,0.5768229166666666,0.3070362473347548,0.9365750528541226,0.7022045617816092,0.447900466562986,0.6231422505307855,942,174,768
145,351,401,45,0.7631578947368421,0.5332446808510638,0.2923387096774194,0.899103139013453,0.6482012877939529,0.42274052478134116,0.5796178343949044,942,190,752
156,332,420,34,0.8210526315789474,0.5585106382978723,0.319672131147541,0.9251101321585903,0.6897816349384098,0.4601769911504425,0.6114649681528662,942,190,752
141,349,419,33,0.8103448275862069,0.5455729166666666,0.28775510204081634,0.9269911504424779,0.6779588721264367,0.42469879518072284,0.5944798301486199,942,174,768
155,344,413,30,0.8378378378378378,0.5455746367239102,0.3106212424849699,0.9322799097065463,0.691706237280874,0.45321637426900585,0.6029723991507431,942,185,757
140,358,409,35,0.8,0.5332464146023468,0.28112449799196787,0.9211711711711712,0.6666232073011734,0.4160475482912333,0.5828025477707006,942,175,767
144,348,412,38,0.7912087912087912,0.5421052631578948,0.2926829268292683,0.9155555555555556,0.666657027183343,0.42729970326409494,0.5902335456475584,942,182,760
146,373,385,38,0.7934782608695652,0.5079155672823219,0.2813102119460501,0.9101654846335697,0.6506969140759435,0.4153627311522048,0.5636942675159236,942,184,758
159,358,391,34,0.8238341968911918,0.5220293724966623,0.30754352030947774,0.92,0.672931784693927,0.44788732394366193,0.583864118895966,942,193,749
141,355,413,33,0.8103448275862069,0.5377604166666666,0.2842741935483871,0.9260089686098655,0.6740526221264367,0.4208955223880598,0.5881104033970276,942,174,768
142,341,425,34,0.8068181818181818,0.5548302872062664,0.2939958592132505,0.9259259259259259,0.6808242345122241,0.43095599393019723,0.6019108280254777,942,176,766
161,315,428,38,0.8090452261306532,0.576043068640646,0.3382352941176471,0.9184549356223176,0.6925441473856496,0.477037037037037,0.6252653927813163,942,199,743
162,359,380,41,0.7980295566502463,0.5142083897158322,0.31094049904030713,0.9026128266033254,0.6561189731830392,0.44751381215469616,0.5753715498938429,942,203,739
151,336,427,28,0.8435754189944135,0.5596330275229358,0.31006160164271046,0.9384615384615385,0.7016042232586746,0.45345345345345345,0.613588110403397,942,179,763
135,370,411,26,0.8385093167701864,0.5262483994878361,0.26732673267326734,0.9405034324942791,0.6823788581290112,0.4054054054054054,0.5796178343949044,942,161,781
135,368,401,38,0.7803468208092486,0.5214564369310793,0.268389662027833,0.9134396355353075,0.6509016288701639,0.3994082840236686,0.5690021231422505,942,173,769
147,343,416,36,0.8032786885245902,0.5480895915678524,0.3,0.9203539823008849,0.6756841400462212,0.43684992570579495,0.5976645435244161,942,183,759
150,349,408,35,0.8108108108108109,0.5389696169088507,0.30060120240480964,0.9209932279909706,0.6748902138598307,0.4385964912280702,0.5923566878980892,942,185,757
147,341,427,27,0.8448275862068966,0.5559895833333334,0.3012295081967213,0.9405286343612335,0.7004085847701149,0.4441087613293051,0.6093418259023354,942,174,768
142,370,399,31,0.8208092485549133,0.5188556566970091,0.27734375,0.9279069767441861,0.6698324526259611,0.4145985401459854,0.5743099787685775,942,173,769
149,380,378,35,0.8097826086956522,0.49868073878627966,0.28166351606805295,0.9152542372881356,0.6542316737409659,0.417952314165498,0.559447983014862,942,184,758
141,353,421,27,0.8392857142857143,0.5439276485788114,0.2854251012145749,0.9397321428571429,0.6916066814322628,0.4259818731117824,0.5966029723991507,942,168,774
143,368,391,40,0.7814207650273224,0.5151515151515151,0.27984344422700586,0.9071925754060325,0.6482861400894188,0.4121037463976945,0.5668789808917197,942,183,759
138,345,418,41,0.770949720670391,0.5478374836173001,0.2857142857142857,0.9106753812636166,0.6593936021438456,0.4169184290030211,0.5902335456475584,942,179,763
138,352,417,35,0.7976878612716763,0.5422626788036411,0.2816326530612245,0.922566371681416,0.6699752700376587,0.416289592760181,0.589171974522293,942,173,769
137,365,398,42,0.7653631284916201,0.5216251638269986,0.2729083665338645,0.9045454545454545,0.6434941461593093,0.4023494860499266,0.5679405520169851,942,179,763
135,356,421,30,0.8181818181818182,0.5418275418275418,0.27494908350305497,0.9334811529933481,0.68000468000468,0.41158536585365857,0.5902335456475584,942,165,777
150,343,413,36,0.8064516129032258,0.5462962962962963,0.30425963488843816,0.9198218262806236,0.676373954599761,0.44182621502209135,0.5976645435244161,942,186,756
122,360,416,44,0.7349397590361446,0.5360824742268041,0.25311203319502074,0.9043478260869565,0.6355111166314744,0.3765432098765432,0.5711252653927813,942,166,776
139,358,400,45,0.7554347826086957,0.5277044854881267,0.2796780684104628,0.898876404494382,0.6415696340484112,0.408223201174743,0.5721868365180467,942,184,758
150,339,410,43,0.7772020725388601,0.5473965287049399,0.3067484662576687,0.9050772626931567,0.6622993006219,0.439882697947214,0.5944798301486199,942,193,749
151,357,405,29,0.8388888888888889,0.531496062992126,0.297244094488189,0.9331797235023042,0.6851924759405075,0.438953488372093,0.5902335456475584,942,180,762
153,352,399,38,0.8010471204188482,0.5312916111850865,0.30297029702970296,0.9130434782608695,0.6661693658019674,0.4396551724137931,0.5859872611464968,942,191,751
154,351,397,40,0.7938144329896907,0.5307486631016043,0.30495049504950494,0.9084668192219679,0.6622815480456474,0.44062947067238917,0.5849256900212314,942,194,748
137,360,410,35,0.7965116279069767,0.5324675324675324,0.27565392354124746,0.9213483146067416,0.6644895801872546,0.4095665171898355,0.5806794055201698,942,172,770
137,341,434,30,0.8203592814371258,0.56,0.28661087866108786,0.9353448275862069,0.690179640718563,0.4248062015503876,0.6061571125265393,942,167,775
126,338,442,36,0.7777777777777778,0.5666666666666667,0.27155172413793105,0.9246861924686193,0.6722222222222223,0.40255591054313106,0.6029723991507431,942,162,780
153,353,398,38,0.8010471204188482,0.5299600532623169,0.30237154150197626,0.9128440366972477,0.6655035868405825,0.43902439024390244,0.5849256900212314,942,191,751
150,356,409,27,0.847457627118644,0.534640522875817,0.2964426877470356,0.9380733944954128,0.6910490749972305,0.43923865300146414,0.5934182590233545,942,177,765
134,356,422,30,0.8170731707317073,0.5424164524421594,0.27346938775510204,0.9336283185840708,0.6797448115869333,0.40978593272171254,0.5902335456475584,942,164,778
140,340,421,41,0.7734806629834254,0.5532194480946123,0.2916666666666667,0.9112554112554112,0.6633500555390188,0.42360060514372166,0.5955414012738853,942,181,761
147,353,407,35,0.8076923076923077,0.5355263157894737,0.294,0.920814479638009,0.6716093117408908,0.43108504398826974,0.5881104033970276,942,182,760
146,362,409,25,0.8538011695906432,0.5304798962386511,0.2874015748031496,0.9423963133640553,0.6921405329146472,0.4300441826215022,0.589171974522293,942,171,771
132,354,421,35,0.7904191616766467,0.5432258064516129,0.2716049382716049,0.9232456140350878,0.6668224840641298,0.40428790199081166,0.5870488322717622,942,167,775
150,342,418,32,0.8241758241758241,0.55,0.3048780487804878,0.9288888888888889,0.6870879120879121,0.4451038575667655,0.6029723991507431,942,182,760
138,366,411,27,0.8363636363636363,0.528957528957529,0.27380952380952384,0.9383561643835616,0.6826605826605827,0.4125560538116592,0.5828025477707006,942,165,777
121,387,402,32,0.7908496732026143,0.5095057034220533,0.23818897637795275,0.9262672811059908,0.6501776883123338,0.3661119515885023,0.5552016985138004,942,153,789
142,384,381,35,0.8022598870056498,0.4980392156862745,0.26996197718631176,0.9158653846153846,0.6501495513459621,0.4039829302987198,0.5552016985138004,942,177,765
148,366,393,35,0.8087431693989071,0.5177865612648221,0.28793774319066145,0.9182242990654206,0.6632648653318647,0.4246771879483501,0.5743099787685775,942,183,759
135,374,396,37,0.7848837209302325,0.5142857142857142,0.26522593320235754,0.9145496535796767,0.6495847176079734,0.3964757709251101,0.5636942675159236,942,172,770
159,348,397,38,0.8071065989847716,0.5328859060402684,0.3136094674556213,0.9126436781609195,0.66999625251252,0.45170454545454547,0.5902335456475584,942,197,745
144,365,400,33,0.8135593220338984,0.5228758169934641,0.2829076620825147,0.9237875288683602,0.6682175695136812,0.41982507288629733,0.5774946921443737,942,177,765
136,351,436,19,0.8774193548387097,0.554002541296061,0.2792607802874743,0.9582417582417583,0.7157109480673853,0.4236760124610592,0.6072186836518046,942,155,787
130,350,421,41,0.7602339181286549,0.5460440985732814,0.2708333333333333,0.9112554112554112,0.6531390083509682,0.3993855606758832,0.5849256900212314,942,171,771
146,363,398,35,0.8066298342541437,0.5229960578186597,0.2868369351669941,0.9191685912240185,0.6648129460364016,0.4231884057971015,0.5774946921443737,942,181,761
151,328,421,42,0.7823834196891192,0.562082777036048,0.31524008350730687,0.9092872570194385,0.6722330983625836,0.44940476190476186,0.6072186836518046,942,193,749
142,370,404,26,0.8452380952380952,0.5219638242894057,0.27734375,0.9395348837209302,0.6836009597637505,0.41764705882352937,0.5796178343949044,942,168,774
148,359,408,27,0.8457142857142858,0.5319426336375489,0.29191321499013806,0.9379310344827586,0.6888284596759173,0.43401759530791784,0.5902335456475584,942,175,767
133,364,406,39,0.7732558139534884,0.5272727272727272,0.2676056338028169,0.9123595505617977,0.6502642706131079,0.39760837070254107,0.5721868365180467,942,172,770
134,384,386,38,0.7790697674418605,0.5012987012987012,0.25868725868725867,0.910377358490566,0.6401842343702808,0.3884057971014493,0.5520169851380042,942,172,770
145,353,416,28,0.838150289017341,0.540962288686606,0.29116465863453816,0.9369369369369369,0.6895562888519735,0.43219076005961254,0.5955414012738853,942,173,769
140,337,428,37,0.7909604519774012,0.5594771241830065,0.29350104821802936,0.9204301075268817,0.6752187880802039,0.42813455657492355,0.6029723991507431,942,177,765
137,370,405,30,0.8203592814371258,0.5225806451612903,0.2702169625246548,0.9310344827586207,0.671469963299208,0.4065281899109792,0.5753715498938429,942,167,775
125,360,421,36,0.7763975155279503,0.5390524967989757,0.25773195876288657,0.9212253829321663,0.657725006163463,0.3869969040247678,0.5796178343949044,942,161,781
150,360,410,22,0.872093023255814,0.5324675324675324,0.29411764705882354,0.9490740740740741,0.7022802778616732,0.43988269794721413,0.5944798301486199,942,172,770
140,351,410,41,0.7734806629834254,0.5387647831800263,0.285132382892057,0.9090909090909091,0.6561227230817259,0.4166666666666667,0.583864118895966,942,181,761
146,351,417,28,0.8390804597701149,0.54296875,0.2937625754527163,0.9370786516853933,0.6910246048850575,0.43517138599105815,0.5976645435244161,942,174,768
132,341,427,42,0.7586206896551724,0.5559895833333334,0.27906976744186046,0.9104477611940298,0.6573051364942528,0.4080370942812983,0.5934182590233545,942,174,768
154,341,419,28,0.8461538461538461,0.5513157894736842,0.3111111111111111,0.9373601789709173,0.6987348178137651,0.45494830132939446,0.60828025477707,942,182,760
143,363,400,36,0.7988826815642458,0.5242463958060288,0.2826086956521739,0.9174311926605505,0.6615645386851373,0.41751824817518246,0.5764331210191083,942,179,763
137,359,410,36,0.791907514450867,0.5331599479843954,0.2762096774193548,0.9192825112107623,0.6625337312176311,0.4095665171898355,0.5806794055201698,942,173,769
154,369,381,38,0.8020833333333334,0.508,0.2944550669216061,0.9093078758949881,0.6550416666666667,0.4307692307692308,0.5679405520169851,942,192,750
142,366,404,30,0.8255813953488372,0.5246753246753246,0.2795275590551181,0.9308755760368663,0.675128360012081,0.4176470588235294,0.5796178343949044,942,172,770
146,340,422,34,0.8111111111111111,0.5538057742782152,0.3004115226337449,0.9254385964912281,0.6824584426946632,0.43843843843843844,0.6029723991507431,942,180,762
153,359,394,36,0.8095238095238095,0.5232403718459495,0.298828125,0.9162790697674419,0.6663820906848795,0.43651925820256776,0.5806794055201698,942,189,753
147,352,419,24,0.8596491228070176,0.543450064850843,0.29458917835671344,0.945823927765237,0.7015495938289302,0.4388059701492538,0.6008492569002123,942,171,771
123,380,405,34,0.7834394904458599,0.5159235668789809,0.24453280318091453,0.9225512528473804,0.6496815286624205,0.37272727272727274,0.5605095541401274,942,157,785
135,333,441,33,0.8035714285714286,0.5697674418604651,0.28846153846153844,0.930379746835443,0.6866694352159468,0.42452830188679236,0.6114649681528662,942,168,774
165,338,415,24,0.873015873015873,0.5511288180610889,0.32803180914512925,0.9453302961275627,0.712072345538481,0.4768786127167631,0.6157112526539278,942,189,753
142,356,420,24,0.8554216867469879,0.5412371134020618,0.285140562248996,0.9459459459459459,0.6983294000745248,0.42771084337349397,0.5966029723991507,942,166,776
153,360,401,28,0.8453038674033149,0.5269382391590013,0.2982456140350877,0.9347319347319347,0.6861210532811581,0.440922190201729,0.5881104033970276,942,181,761
127,379,396,40,0.7604790419161677,0.5109677419354839,0.2509881422924901,0.908256880733945,0.6357233919258258,0.3774145616641902,0.5552016985138004,942,167,775
148,376,390,28,0.8409090909090909,0.5091383812010444,0.2824427480916031,0.9330143540669856,0.6750237360550677,0.4228571428571429,0.5711252653927813,942,176,766
146,361,401,34,0.8111111111111111,0.526246719160105,0.2879684418145957,0.9218390804597701,0.6686789151356081,0.42503639010189237,0.5806794055201698,942,180,762
130,376,411,25,0.8387096774193549,0.5222363405336722,0.25691699604743085,0.9426605504587156,0.6804730089765135,0.3933434190620273,0.5743099787685775,942,155,787
145,359,403,35,0.8055555555555556,0.5288713910761155,0.2876984126984127,0.9200913242009132,0.6672134733158355,0.4239766081871344,0.5817409766454352,942,180,762
145,344,415,38,0.7923497267759563,0.546772068511199,0.2965235173824131,0.9161147902869757,0.6695608976435776,0.43154761904761907,0.5944798301486199,942,183,759
141,358,414,29,0.8294117647058824,0.5362694300518135,0.28256513026052105,0.9345372460496614,0.682840597378848,0.42152466367713004,0.589171974522293,942,170,772
161,368,371,42,0.7931034482758621,0.5020297699594046,0.30434782608695654,0.8983050847457628,0.6475666091176333,0.4398907103825137,0.564755838641189,942,203,739
151,336,422,33,0.8206521739130435,0.5567282321899736,0.31006160164271046,0.9274725274725275,0.6886902030515085,0.45007451564828616,0.60828025477707,942,184,758
155,350,418,19,0.8908045977011494,0.5442708333333334,0.3069306930693069,0.9565217391304348,0.7175377155172413,0.4565537555228277,0.60828025477707,942,174,768
144,349,415,34,0.8089887640449438,0.5431937172774869,0.2920892494929006,0.9242761692650334,0.6760912406612154,0.4292101341281669,0.5934182590233545,942,178,764
137,351,416,38,0.7828571428571428,0.5423728813559322,0.2807377049180328,0.9162995594713657,0.6626150121065375,0.41327300150829566,0.5870488322717622,942,175,767
121,361,425,35,0.7756410256410257,0.5407124681933843,0.25103734439834025,0.9239130434782609,0.658176746917205,0.37931034482758624,0.5796178343949044,942,156,786
129,376,411,26,0.832258064516129,0.5222363405336722,0.25544554455445545,0.9405034324942791,0.6772472025249006,0.39090909090909093,0.5732484076433121,942,155,787
139,355,405,43,0.7637362637362637,0.5328947368421053,0.2813765182186235,0.9040178571428571,0.6483155002891845,0.4112426035502959,0.5774946921443737,942,182,760
138,386,386,32,0.8117647058823529,0.5,0.2633587786259542,0.9234449760765551,0.6558823529411765,0.3976945244956772,0.5562632696390658,942,170,772
132,340,443,27,0.8301886792452831,0.565772669220945,0.2796610169491525,0.9425531914893617,0.697980674233114,0.4183835182250396,0.6104033970276008,942,159,783
142,362,407,31,0.8208092485549133,0.52925877763329,0.28174603174603174,0.9292237442922374,0.6750340130941017,0.41949778434268836,0.5828025477707006,942,173,769
140,356,411,35,0.8,0.5358539765319427,0.28225806451612906,0.92152466367713,0.6679269882659713,0.41728763040238454,0.5849256900212314,942,175,767
133,351,424,34,0.7964071856287425,0.5470967741935484,0.27479338842975204,0.925764192139738,0.6717519799111454,0.4086021505376344,0.5912951167728238,942,167,775
152,362,399,29,0.8397790055248618,0.5243101182654402,0.29571984435797666,0.9322429906542056,0.682044561895151,0.4374100719424461,0.5849256900212314,942,181,761
144,355,415,28,0.8372093023255814,0.538961038961039,0.28857715430861725,0.9367945823927766,0.6880851706433102,0.42921013412816694,0.5934182590233545,942,172,770
149,332,415,46,0.764102564102564,0.5555555555555556,0.3097713097713098,0.9002169197396963,0.6598290598290598,0.44082840236686394,0.5987261146496815,942,195,747
132,379,404,27,0.8301886792452831,0.5159642401021711,0.2583170254403131,0.9373549883990719,0.6730764596737271,0.3940298507462686,0.5690021231422505,942,159,783
150,355,403,34,0.8152173913043478,0.5316622691292876,0.297029702970297,0.9221967963386728,0.6734398302168176,0.4354136429608128,0.5870488322717622,942,184,758
147,356,401,38,0.7945945945945946,0.5297225891677675,0.2922465208747515,0.9134396355353075,0.662158591881181,0.4273255813953489,0.5817409766454352,942,185,757
142,352,412,36,0.797752808988764,0.5392670157068062,0.2874493927125506,0.9196428571428571,0.6685099123477851,0.4226190476190476,0.5881104033970276,942,178,764
124,385,385,48,0.7209302325581395,0.5,0.24361493123772102,0.8891454965357968,0.6104651162790697,0.3641703377386196,0.5403397027600849,942,172,770
149,324,435,34,0.8142076502732241,0.5731225296442688,0.3150105708245243,0.9275053304904051,0.6936650899587464,0.4542682926829269,0.6199575371549894,942,183,759
148,341,416,37,0.8,0.5495376486129459,0.30265848670756645,0.9183222958057395,0.6747688243064729,0.4391691394658753,0.5987261146496815,942,185,757
145,361,393,43,0.7712765957446809,0.5212201591511937,0.2865612648221344,0.9013761467889908,0.6462483774479373,0.41786743515850144,0.5711252653927813,942,188,754
149,338,418,37,0.8010752688172043,0.5529100529100529,0.3059548254620123,0.9186813186813186,0.6769926608636285,0.4427934621099554,0.6019108280254777,942,186,756
125,370,413,34,0.7861635220125787,0.5274584929757343,0.25252525252525254,0.9239373601789709,0.6568110074941564,0.382262996941896,0.5711252653927813,942,159,783
137,376,398,31,0.8154761904761905,0.5142118863049095,0.26705653021442494,0.9277389277389277,0.6648440383905501,0.40234948604992654,0.5679405520169851,942,168,774
162,348,395,37,0.8140703517587939,0.531628532974428,0.3176470588235294,0.9143518518518519,0.6728494423666109,0.4569816643159379,0.5912951167728238,942,199,743
134,377,399,32,0.8072289156626506,0.5141752577319587,0.2622309197651663,0.925754060324826,0.6607020866973047,0.395864106351551,0.5658174097664543,942,166,776
139,345,428,30,0.8224852071005917,0.553686934023286,0.2871900826446281,0.9344978165938864,0.6880860705619388,0.4257274119448698,0.6019108280254777,942,169,773
168,338,413,23,0.8795811518324608,0.5499334221038615,0.33201581027667987,0.9472477064220184,0.7147572869681611,0.48206599713055953,0.6167728237791932,942,191,751
149,343,414,36,0.8054054054054054,0.5468956406869221,0.30284552845528456,0.92,0.6761505230461637,0.4401772525849335,0.5976645435244161,942,185,757
145,359,411,27,0.8430232558139535,0.5337662337662338,0.2876984126984127,0.9383561643835616,0.6883947447900937,0.42899408284023666,0.5902335456475584,942,172,770
157,380,376,29,0.8440860215053764,0.4973544973544973,0.29236499068901306,0.928395061728395,0.6707202594299368,0.43430152143845097,0.5658174097664543,942,186,756
177,326,415,24,0.8805970149253731,0.5600539811066126,0.3518886679920477,0.9453302961275627,0.7203254980159929,0.5028409090909091,0.6284501061571125,942,201,741
143,368,396,35,0.8033707865168539,0.518324607329843,0.27984344422700586,0.9187935034802784,0.6608476969233484,0.4150943396226415,0.5721868365180467,942,178,764
141,370,396,35,0.8011363636363636,0.5169712793733682,0.2759295499021526,0.9187935034802784,0.6590538215048659,0.4104803493449781,0.5700636942675159,942,176,766
124,392,391,35,0.779874213836478,0.49936143039591313,0.24031007751937986,0.9178403755868545,0.6396178221161956,0.36740740740740746,0.5467091295116773,942,159,783
135,342,427,38,0.7803468208092486,0.5552665799739922,0.2830188679245283,0.9182795698924732,0.6678067003916204,0.4153846153846154,0.5966029723991507,942,173,769
144,352,416,30,0.8275862068965517,0.5416666666666666,0.2903225806451613,0.9327354260089686,0.6846264367816092,0.4298507462686567,0.5944798301486199,942,174,768
157,341,408,36,0.8134715025906736,0.5447263017356475,0.3152610441767068,0.918918918918919,0.6790989021631606,0.4544138929088278,0.5997876857749469,942,193,749
161,354,387,40,0.8009950248756219,0.5222672064777328,0.312621359223301,0.9063231850117096,0.6616311156766774,0.4497206703910615,0.5817409766454352,942,201,741
151,366,389,36,0.8074866310160428,0.5152317880794702,0.29206963249516443,0.9152941176470588,0.6613592095477565,0.42897727272727276,0.5732484076433121,942,187,755
149,357,404,32,0.8232044198895028,0.5308804204993429,0.29446640316205536,0.926605504587156,0.6770424201944228,0.43377001455604075,0.5870488322717622,942,181,761
170,370,367,35,0.8292682926829268,0.49796472184531887,0.3148148148148148,0.9129353233830846,0.6636165072641228,0.45637583892617456,0.5700636942675159,942,205,737
150,379,387,26,0.8522727272727273,0.5052219321148825,0.2835538752362949,0.937046004842615,0.6787473296938049,0.42553191489361697,0.5700636942675159,942,176,766
139,367,405,31,0.8176470588235294,0.5246113989637305,0.274703557312253,0.9288990825688074,0.6711292288936299,0.4112426035502959,0.5774946921443737,942,170,772
141,375,386,40,0.7790055248618785,0.507227332457293,0.27325581395348836,0.9061032863849765,0.6431164286595857,0.40459110473457677,0.559447983014862,942,181,761
143,335,438,26,0.8461538461538461,0.5666235446313066,0.29916317991631797,0.9439655172413793,0.7063886953925764,0.44204018547140644,0.6167728237791932,942,169,773
159,343,411,29,0.8457446808510638,0.5450928381962865,0.31673306772908366,0.9340909090909091,0.6954187595236752,0.46086956521739125,0.6050955414012739,942,188,754
145,373,395,29,0.8333333333333334,0.5143229166666666,0.2799227799227799,0.9316037735849056,0.673828125,0.41907514450867056,0.5732484076433121,942,174,768
152,332,421,37,0.8042328042328042,0.5590969455511288,0.3140495867768595,0.9192139737991266,0.6816648748919665,0.45170876671619614,0.60828025477707,942,189,753
147,336,430,29,0.8352272727272727,0.5613577023498695,0.30434782608695654,0.9368191721132898,0.6982924875385711,0.44613050075872535,0.6125265392781316,942,176,766
142,379,395,26,0.8452380952380952,0.5103359173126615,0.272552783109405,0.9382422802850356,0.6777870062753784,0.41219158200290273,0.5700636942675159,942,168,774
144,376,391,31,0.8228571428571428,0.5097783572359843,0.27692307692307694,0.9265402843601895,0.6663177500465636,0.4143884892086331,0.5679405520169851,942,175,767
134,358,418,32,0.8072289156626506,0.538659793814433,0.27235772357723576,0.9288888888888889,0.6729443547385419,0.4072948328267478,0.5859872611464968,942,166,776
132,353,421,36,0.7857142857142857,0.5439276485788114,0.2721649484536082,0.9212253829321663,0.6648209671465486,0.4042879019908116,0.5870488322717622,942,168,774
136,372,396,38,0.7816091954022989,0.515625,0.2677165354330709,0.9124423963133641,0.6486170977011494,0.39882697947214074,0.564755838641189,942,174,768
135,342,434,31,0.8132530120481928,0.5592783505154639,0.2830188679245283,0.9333333333333333,0.6862656812818284,0.41990668740279935,0.6040339702760085,942,166,776
123,376,414,29,0.8092105263157895,0.5240506329113924,0.24649298597194388,0.9345372460496614,0.666630579613591,0.3778801843317972,0.5700636942675159,942,152,790
144,349,415,34,0.8089887640449438,0.5431937172774869,0.2920892494929006,0.9242761692650334,0.6760912406612154,0.4292101341281669,0.5934182590233545,942,178,764
134,355,420,33,0.8023952095808383,0.5419354838709678,0.2740286298568507,0.9271523178807947,0.672165346725903,0.4085365853658537,0.5881104033970276,942,167,775
150,354,406,32,0.8241758241758241,0.5342105263157895,0.2976190476190476,0.9269406392694064,0.6791931752458068,0.43731778425655976,0.5902335456475584,942,182,760
140,382,391,29,0.8284023668639053,0.5058214747736093,0.2681992337164751,0.930952380952381,0.6671119208187573,0.40520984081041966,0.5636942675159236,942,169,773
152,353,403,34,0.8172043010752689,0.533068783068783,0.300990099009901,0.9221967963386728,0.6751365420720259,0.4399421128798843,0.589171974522293,942,186,756
144,366,390,42,0.7741935483870968,0.5158730158730159,0.2823529411764706,0.9027777777777778,0.6450332821300564,0.41379310344827586,0.5668789808917197,942,186,756
136,343,436,27,0.8343558282208589,0.5596919127086007,0.2839248434237996,0.9416846652267818,0.6970238704647298,0.4236760124610592,0.6072186836518046,942,163,779
157,363,393,29,0.8440860215053764,0.5198412698412699,0.3019230769230769,0.9312796208530806,0.6819636456733231,0.4447592067988668,0.583864118895966,942,186,756
150,369,393,30,0.8333333333333334,0.515748031496063,0.28901734104046245,0.9290780141843972,0.6745406824146982,0.4291845493562232,0.5764331210191083,942,180,762
146,382,383,31,0.8248587570621468,0.5006535947712418,0.2765151515151515,0.9251207729468599,0.6627561759166943,0.41418439716312044,0.5615711252653928,942,177,765
137,355,415,35,0.7965116279069767,0.538961038961039,0.2784552845528455,0.9222222222222223,0.6677363334340078,0.4126506024096385,0.5859872611464968,942,172,770
131,393,381,37,0.7797619047619048,0.49224806201550386,0.25,0.9114832535885168,0.6360049833887043,0.37861271676300584,0.5435244161358811,942,168,774
123,369,418,32,0.7935483870967742,0.531130876747141,0.25,0.9288888888888889,0.6623396319219577,0.38021638330757346,0.5743099787685775,942,155,787
149,357,399,37,0.8010752688172043,0.5277777777777778,0.29446640316205536,0.9151376146788991,0.6644265232974911,0.43063583815028905,0.5817409766454352,942,186,756
124,381,400,37,0.7701863354037267,0.5121638924455826,0.24554455445544554,0.9153318077803204,0.6411751139246546,0.37237237237237236,0.5562632696390658,942,161,781
137,380,395,30,0.8203592814371258,0.5096774193548387,0.26499032882011603,0.9294117647058824,0.6650183503959822,0.40058479532163743,0.564755838641189,942,167,775
145,329,425,43,0.7712765957446809,0.5636604774535809,0.3059071729957806,0.9081196581196581,0.6674685365991309,0.43806646525679754,0.6050955414012739,942,188,754
152,359,408,23,0.8685714285714285,0.5319426336375489,0.2974559686888454,0.9466357308584686,0.7002570311044887,0.4431486880466472,0.5944798301486199,942,175,767
143,362,400,37,0.7944444444444444,0.5249343832020997,0.28316831683168314,0.9153318077803204,0.6596894138232721,0.41751824817518246,0.5764331210191083,942,180,762
141,377,390,34,0.8057142857142857,0.5084745762711864,0.2722007722007722,0.9198113207547169,0.657094430992736,0.4069264069264069,0.5636942675159236,942,175,767
145,346,423,28,0.838150289017341,0.5500650195058517,0.2953156822810591,0.9379157427937915,0.6941076542615964,0.4367469879518072,0.6029723991507431,942,173,769
141,383,375,43,0.7663043478260869,0.4947229551451187,0.26908396946564883,0.8971291866028708,0.6305136514856028,0.39830508474576265,0.5477707006369427,942,184,758
144,352,407,39,0.7868852459016393,0.5362318840579711,0.2903225806451613,0.9125560538116592,0.6615585649798053,0.4241531664212077,0.5849256900212314,942,183,759
146,377,390,29,0.8342857142857143,0.5084745762711864,0.27915869980879543,0.9307875894988067,0.6713801452784504,0.41833810888252154,0.5690021231422505,942,175,767
146,380,387,29,0.8342857142857143,0.5045632333767927,0.27756653992395436,0.9302884615384616,0.6694244738312535,0.41654778887303845,0.5658174097664543,942,175,767
124,382,399,37,0.7701863354037267,0.5108834827144686,0.2450592885375494,0.9151376146788991,0.6405349090590977,0.37181409295352325,0.5552016985138004,942,161,781
153,364,390,35,0.8138297872340425,0.5172413793103449,0.29593810444874274,0.9176470588235294,0.6655355832721936,0.4340425531914893,0.5764331210191083,942,188,754
132,343,437,30,0.8148148148148148,0.5602564102564103,0.27789473684210525,0.9357601713062098,0.6875356125356125,0.41444270015698587,0.6040339702760085,942,162,780
152,326,430,34,0.8172043010752689,0.5687830687830688,0.3179916317991632,0.9267241379310345,0.6929936849291689,0.45783132530120485,0.6178343949044586,942,186,756
138,340,419,45,0.7540983606557377,0.5520421607378129,0.28870292887029286,0.9030172413793104,0.6530702606967753,0.4175491679273827,0.5912951167728238,942,183,759
155,342,412,33,0.824468085106383,0.5464190981432361,0.3118712273641851,0.9258426966292135,0.6854435916248096,0.4525547445255475,0.6019108280254777,942,188,754
140,362,415,25,0.8484848484848485,0.5341055341055341,0.2788844621513944,0.9431818181818182,0.6912951912951912,0.4197901049475263,0.589171974522293,942,165,777
142,366,394,40,0.7802197802197802,0.5184210526315789,0.2795275590551181,0.9078341013824884,0.6493204164256796,0.4115942028985507,0.5690021231422505,942,182,760
134,350,425,33,0.8023952095808383,0.5483870967741935,0.2768595041322314,0.9279475982532751,0.6753911531775159,0.41167434715821816,0.5934182590233545,942,167,775
156,349,393,44,0.78,0.5296495956873315,0.3089108910891089,0.8993135011441648,0.6548247978436658,0.4425531914893617,0.5828025477707006,942,200,742
134,346,430,32,0.8072289156626506,0.5541237113402062,0.2791666666666667,0.9307359307359307,0.6806763135014284,0.41486068111455116,0.5987261146496815,942,166,776
147,354,399,42,0.7777777777777778,0.5298804780876494,0.2934131736526946,0.9047619047619048,0.6538291279327135,0.4260869565217391,0.5796178343949044,942,189,753
128,373,400,41,0.757396449704142,0.517464424320828,0.2554890219560878,0.9070294784580499,0.637430437012485,0.382089552238806,0.5605095541401274,942,169,773
149,353,411,29,0.8370786516853933,0.5379581151832461,0.2968127490039841,0.9340909090909091,0.6875183834343197,0.43823529411764706,0.5944798301486199,942,178,764
138,353,419,32,0.8117647058823529,0.5427461139896373,0.28105906313645623,0.9290465631929047,0.6772554099359951,0.4175491679273828,0.5912951167728238,942,170,772
148,334,432,28,0.8409090909090909,0.5639686684073107,0.3070539419087137,0.9391304347826087,0.7024388796582008,0.44984802431610943,0.6157112526539278,942,176,766
139,352,414,37,0.7897727272727273,0.5404699738903395,0.2830957230142566,0.917960088691796,0.6651213505815334,0.41679160419790107,0.5870488322717622,942,176,766
130,362,404,46,0.7386363636363636,0.5274151436031331,0.26422764227642276,0.8977777777777778,0.6330257536197483,0.3892215568862275,0.5668789808917197,942,176,766
141,364,407,30,0.8245614035087719,0.5278858625162127,0.27920792079207923,0.931350114416476,0.6762236330124923,0.41715976331360943,0.5817409766454352,942,171,771
139,358,401,44,0.7595628415300546,0.52832674571805,0.2796780684104628,0.9011235955056179,0.6439447936240523,0.40882352941176475,0.5732484076433121,942,183,759
149,352,417,24,0.861271676300578,0.5422626788036411,0.29740518962075846,0.9455782312925171,0.7017671775521095,0.4421364985163205,0.6008492569002123,942,173,769
155,361,396,30,0.8378378378378378,0.523117569352708,0.3003875968992248,0.9295774647887324,0.6804777035952729,0.4422253922967189,0.5849256900212314,942,185,757
144,333,426,39,0.7868852459016393,0.5612648221343873,0.3018867924528302,0.9161290322580645,0.6740750340180133,0.4363636363636364,0.6050955414012739,942,183,759
126,364,423,29,0.8129032258064516,0.5374841168996188,0.2571428571428571,0.9358407079646017,0.6751936713530352,0.3906976744186046,0.5828025477707006,942,155,787
131,342,441,28,0.8238993710691824,0.5632183908045977,0.2769556025369979,0.9402985074626866,0.69355888093689,0.4145569620253165,0.6072186836518046,942,159,783
138,351,428,25,0.8466257668711656,0.5494223363286265,0.2822085889570552,0.9448123620309051,0.6980240515998961,0.4233128834355828,0.6008492569002123,942,163,779
149,380,384,29,0.8370786516853933,0.5026178010471204,0.28166351606805295,0.9297820823244553,0.6698482263662568,0.4214992927864215,0.5658174097664543,942,178,764
148,354,398,42,0.7789473684210526,0.5292553191489362,0.2948207171314741,0.9045454545454545,0.6541013437849944,0.4277456647398844,0.5796178343949044,942,190,752
144,369,394,35,0.8044692737430168,0.5163826998689384,0.2807017543859649,0.9184149184149184,0.6604259868059776,0.4161849710982659,0.5711252653927813,942,179,763
142,360,417,23,0.8606060606060606,0.5366795366795367,0.28286852589641437,0.9477272727272728,0.6986427986427987,0.42578710644677664,0.5934182590233545,942,165,777
144,335,430,33,0.8135593220338984,0.5620915032679739,0.30062630480167013,0.9287257019438445,0.6878254126509361,0.43902439024390244,0.6093418259023354,942,177,765
155,376,377,34,0.8201058201058201,0.50066401062417,0.2919020715630885,0.9172749391727494,0.660384915364995,0.4305555555555555,0.564755838641189,942,189,753
169,363,373,37,0.8203883495145631,0.5067934782608695,0.3176691729323308,0.9097560975609756,0.6635909138877163,0.4579945799457995,0.5753715498938429,942,206,736
149,322,438,33,0.8186813186813187,0.5763157894736842,0.31634819532908703,0.9299363057324841,0.6974985540775014,0.45635528330781017,0.6231422505307855,942,182,760
147,355,406,34,0.8121546961325967,0.533508541392904,0.29282868525896416,0.9227272727272727,0.6728316187627503,0.4304538799414349,0.5870488322717622,942,181,761
140,339,430,33,0.8092485549132948,0.5591677503250976,0.29227557411273486,0.9287257019438445,0.6842081526191962,0.42944785276073616,0.6050955414012739,942,173,769
147,323,430,42,0.7777777777777778,0.5710491367861886,0.3127659574468085,0.9110169491525424,0.6744134572819832,0.44613050075872535,0.6125265392781316,942,189,753
149,334,424,35,0.8097826086956522,0.5593667546174143,0.3084886128364389,0.9237472766884531,0.6845746816565332,0.4467766116941529,0.60828025477707,942,184,758
139,353,425,25,0.8475609756097561,0.5462724935732648,0.28252032520325204,0.9444444444444444,0.6969167345915104,0.42378048780487804,0.5987261146496815,942,164,778
133,342,423,44,0.751412429378531,0.5529411764705883,0.28,0.9057815845824411,0.6521768029245596,0.4079754601226994,0.5902335456475584,942,177,765
153,341,404,44,0.7766497461928934,0.5422818791946309,0.3097165991902834,0.9017857142857143,0.6594658126937621,0.44283646888567296,0.5912951167728238,942,197,745
156,337,408,41,0.7918781725888325,0.5476510067114094,0.31643002028397565,0.9086859688195991,0.669764589650121,0.45217391304347826,0.5987261146496815,942,197,745
127,342,440,33,0.79375,0.5626598465473146,0.27078891257995735,0.9302325581395349,0.6782049232736573,0.4038155802861685,0.6019108280254777,942,160,782
159,324,429,30,0.8412698412698413,0.5697211155378487,0.32919254658385094,0.934640522875817,0.705495478403845,0.4732142857142857,0.6242038216560509,942,189,753
148,335,416,43,0.774869109947644,0.5539280958721704,0.3064182194616977,0.906318082788671,0.6643986029099072,0.4391691394658754,0.5987261146496815,942,191,751
147,359,408,28,0.84,0.5319426336375489,0.29051383399209485,0.9357798165137615,0.6859713168187744,0.4317180616740088,0.589171974522293,942,175,767
161,333,412,36,0.817258883248731,0.553020134228188,0.3259109311740891,0.9196428571428571,0.6851395087384595,0.46599131693198265,0.60828025477707,942,197,745
150,371,385,36,0.8064516129032258,0.5092592592592593,0.28790786948176583,0.9144893111638955,0.6578554360812425,0.4243281471004243,0.5679405520169851,942,186,756
139,362,410,31,0.8176470588235294,0.5310880829015544,0.2774451097804391,0.9297052154195011,0.6743675708625418,0.41430700447093893,0.5828025477707006,942,170,772
134,361,406,41,0.7657142857142857,0.529335071707953,0.27070707070707073,0.9082774049217002,0.6475246787111193,0.4,0.5732484076433121,942,175,767
131,384,388,39,0.7705882352941177,0.5025906735751295,0.2543689320388349,0.9086651053864169,0.6365894544346236,0.3824817518248176,0.5509554140127388,942,170,772
152,364,389,37,0.8042328042328042,0.5166002656042497,0.29457364341085274,0.9131455399061033,0.6604165349185269,0.4312056737588652,0.5743099787685775,942,189,753
166,336,411,29,0.8512820512820513,0.5502008032128514,0.33067729083665337,0.9340909090909091,0.7007414272474513,0.47632711621233853,0.6125265392781316,942,195,747
141,365,400,36,0.7966101694915254,0.5228758169934641,0.27865612648221344,0.9174311926605505,0.6597429932424947,0.4128843338213763,0.5743099787685775,942,177,765
143,371,383,45,0.7606382978723404,0.5079575596816976,0.2782101167315175,0.8948598130841121,0.634297928777019,0.4074074074074074,0.5583864118895966,942,188,754
141,349,423,29,0.8294117647058824,0.5479274611398963,0.28775510204081634,0.9358407079646017,0.6886696129228893,0.4272727272727273,0.5987261146496815,942,170,772
144,338,425,35,0.8044692737430168,0.5570117955439057,0.2987551867219917,0.9239130434782609,0.6807405346434612,0.4357034795763994,0.6040339702760085,942,179,763
156,343,403,40,0.7959183673469388,0.5402144772117963,0.312625250501002,0.909706546275395,0.6680664222793675,0.44892086330935244,0.5934182590233545,942,196,746
153,354,407,28,0.8453038674033149,0.5348226018396847,0.30177514792899407,0.9356321839080459,0.6900632346214998,0.44476744186046513,0.5944798301486199,942,181,761
121,360,430,31,0.7960526315789473,0.5443037974683544,0.2515592515592516,0.9327548806941431,0.6701782145236509,0.382306477093207,0.5849256900212314,942,152,790
145,343,416,38,0.7923497267759563,0.5480895915678524,0.29713114754098363,0.9162995594713657,0.6702196591719043,0.4321907600596125,0.5955414012738853,942,183,759
136,359,422,25,0.84472049689441,0.5403329065300896,0.27474747474747474,0.9440715883668904,0.6925267017122498,0.4146341463414634,0.5923566878980892,942,161,781
138,363,414,27,0.8363636363636363,0.5328185328185329,0.2754491017964072,0.9387755102040817,0.6845910845910845,0.4144144144144144,0.5859872611464968,942,165,777
145,366,397,34,0.8100558659217877,0.5203145478374837,0.2837573385518591,0.9211136890951276,0.6651852068796357,0.4202898550724637,0.5753715498938429,942,179,763
141,346,426,29,0.8294117647058824,0.5518134715025906,0.28952772073921973,0.9362637362637363,0.6906126181042365,0.42922374429223753,0.6019108280254777,942,170,772
148,350,410,34,0.8131868131868132,0.5394736842105263,0.2971887550200803,0.9234234234234234,0.6763302486986698,0.43529411764705883,0.5923566878980892,942,182,760
127,376,389,50,0.7175141242937854,0.5084967320261438,0.2524850894632207,0.8861047835990888,0.6130054281599646,0.3735294117647059,0.5477707006369427,942,177,765
132,354,418,38,0.7764705882352941,0.5414507772020726,0.2716049382716049,0.9166666666666666,0.6589606827186834,0.40243902439024387,0.583864118895966,942,170,772
134,360,408,40,0.7701149425287356,0.53125,0.27125506072874495,0.9107142857142857,0.6506824712643677,0.40119760479041916,0.5753715498938429,942,174,768
143,355,406,38,0.7900552486187845,0.533508541392904,0.28714859437751006,0.9144144144144144,0.6617818950058443,0.42120765832106044,0.5828025477707006,942,181,761
151,343,410,38,0.798941798941799,0.5444887118193891,0.305668016194332,0.9151785714285714,0.6717152553805941,0.4421669106881405,0.5955414012738853,942,189,753
153,365,398,26,0.8547486033519553,0.5216251638269986,0.2953667953667954,0.9386792452830188,0.688186883589477,0.4390243902439025,0.5849256900212314,942,179,763
138,341,428,35,0.7976878612716763,0.5565669700910273,0.2881002087682672,0.9244060475161987,0.6771274156813518,0.42331288343558277,0.6008492569002123,942,173,769
139,364,409,30,0.8224852071005917,0.5291073738680466,0.27634194831013914,0.9316628701594533,0.6757962904843191,0.4136904761904761,0.5817409766454352,942,169,773
137,363,413,29,0.8253012048192772,0.5322164948453608,0.274,0.9343891402714932,0.6787588498323189,0.4114114114114114,0.583864118895966,942,166,776
143,357,418,24,0.8562874251497006,0.5393548387096774,0.286,0.9457013574660633,0.697821131929689,0.42878560719640174,0.5955414012738853,942,167,775
145,370,398,29,0.8333333333333334,0.5182291666666666,0.2815533980582524,0.9320843091334895,0.67578125,0.420899854862119,0.5764331210191083,942,174,768
139,355,423,25,0.8475609756097561,0.5437017994858612,0.2813765182186235,0.9441964285714286,0.6956313875478086,0.42249240121580545,0.5966029723991507,942,164,778
144,337,434,27,0.8421052631578947,0.562905317769131,0.2993762993762994,0.9414316702819957,0.7025052904635128,0.44171779141104295,0.613588110403397,942,171,771
154,356,400,32,0.8279569892473119,0.5291005291005291,0.30196078431372547,0.9259259259259259,0.6785287591739204,0.4425287356321839,0.5881104033970276,942,186,756
147,370,396,29,0.8352272727272727,0.5169712793733682,0.28433268858800775,0.9317647058823529,0.6760992760503204,0.42424242424242425,0.5764331210191083,942,176,766
157,343,409,33,0.8263157894736842,0.5438829787234043,0.314,0.9253393665158371,0.6850993840985442,0.45507246376811594,0.6008492569002123,942,190,752
140,382,386,34,0.8045977011494253,0.5026041666666666,0.2681992337164751,0.919047619047619,0.653600933908046,0.40229885057471265,0.5583864118895966,942,174,768
132,371,407,32,0.8048780487804879,0.5231362467866324,0.2624254473161034,0.9271070615034168,0.6640071477835601,0.39580209895052476,0.5721868365180467,942,164,778
133,361,414,34,0.7964071856287425,0.5341935483870968,0.2692307692307692,0.9241071428571429,0.6653003670079196,0.40242057488653554,0.5806794055201698,942,167,775
177,352,387,26,0.8719211822660099,0.523680649526387,0.33459357277882795,0.937046004842615,0.6978009158961984,0.48360655737704916,0.5987261146496815,942,203,739
141,348,419,34,0.8057142857142857,0.546284224250326,0.2883435582822086,0.9249448123620309,0.6759992549823058,0.4246987951807229,0.5944798301486199,942,175,767
137,352,421,32,0.8106508875739645,0.5446313065976714,0.28016359918200406,0.9293598233995585,0.677641097085818,0.41641337386018235,0.5923566878980892,942,169,773
134,364,398,46,0.7444444444444445,0.5223097112860893,0.26907630522088355,0.8963963963963963,0.6333770778652669,0.3952802359882006,0.564755838641189,942,180,762
140,328,438,36,0.7954545454545454,0.5718015665796344,0.29914529914529914,0.9240506329113924,0.68362805601709,0.43478260869565216,0.613588110403397,942,176,766
134,363,404,41,0.7657142857142857,0.5267275097783573,0.26961770623742454,0.9078651685393259,0.6462208977463215,0.3988095238095238,0.5711252653927813,942,175,767
126,338,432,46,0.7325581395348837,0.561038961038961,0.27155172413793105,0.9037656903765691,0.6467985502869223,0.39622641509433965,0.5923566878980892,942,172,770
138,356,418,30,0.8214285714285714,0.5400516795865633,0.2793522267206478,0.9330357142857143,0.6807401255075674,0.4169184290030212,0.5902335456475584,942,168,774
160,311,429,42,0.7920792079207921,0.5797297297297297,0.33970276008492567,0.910828025477707,0.6859044688252609,0.47548291233283807,0.6252653927813163,942,202,740
137,351,420,34,0.8011695906432749,0.5447470817120622,0.2807377049180328,0.9251101321585903,0.6729583361776685,0.4157814871016692,0.5912951167728238,942,171,771
147,358,404,33,0.8166666666666667,0.5301837270341208,0.29108910891089107,0.9244851258581236,0.6734251968503937,0.4291970802919708,0.5849256900212314,942,180,762
139,353,413,37,0.7897727272727273,0.5391644908616188,0.28252032520325204,0.9177777777777778,0.664468609067173,0.41616766467065874,0.5859872611464968,942,176,766
137,355,423,27,0.8353658536585366,0.5437017994858612,0.2784552845528455,0.94,0.6895338265721989,0.4176829268292683,0.5944798301486199,942,164,778
137,377,398,30,0.8203592814371258,0.5135483870967742,0.26653696498054474,0.9299065420560748,0.66695383426695,0.40234948604992654,0.5679405520169851,942,167,775
160,345,405,32,0.8333333333333334,0.54,0.31683168316831684,0.9267734553775744,0.6866666666666668,0.4591104734576758,0.5997876857749469,942,192,750
153,355,399,35,0.8138297872340425,0.5291777188328912,0.30118110236220474,0.9193548387096774,0.6715037530334669,0.43965517241379315,0.5859872611464968,942,188,754
152,360,398,32,0.8260869565217391,0.525065963060686,0.296875,0.9255813953488372,0.6755764597912126,0.43678160919540227,0.583864118895966,942,184,758
159,367,381,35,0.8195876288659794,0.5093582887700535,0.30228136882129275,0.9158653846153846,0.6644729588180165,0.44166666666666665,0.5732484076433121,942,194,748
154,350,394,44,0.7777777777777778,0.5295698924731183,0.3055555555555556,0.8995433789954338,0.6536738351254481,0.43874643874643876,0.5817409766454352,942,198,744
148,368,401,25,0.8554913294797688,0.5214564369310793,0.2868217054263566,0.9413145539906104,0.688473883205424,0.4296081277213353,0.5828025477707006,942,173,769
146,343,418,35,0.8066298342541437,0.5492772667542707,0.2985685071574642,0.9227373068432672,0.6779535505042071,0.435820895522388,0.5987261146496815,942,181,761
148,334,426,34,0.8131868131868132,0.5605263157894737,0.3070539419087137,0.9260869565217391,0.6868565644881435,0.44578313253012053,0.6093418259023354,942,182,760
167,315,419,41,0.8028846153846154,0.5708446866485014,0.34647302904564314,0.9108695652173913,0.6868646510165584,0.4840579710144927,0.6220806794055201,942,208,734
140,360,410,32,0.813953488372093,0.5324675324675324,0.28,0.9276018099547512,0.6732105104198127,0.41666666666666674,0.583864118895966,942,172,770
141,357,412,32,0.815028901734104,0.5357607282184655,0.28313253012048195,0.9279279279279279,0.6753948149762847,0.42026825633383014,0.5870488322717622,942,173,769
148,348,404,42,0.7789473684210526,0.5372340425531915,0.29838709677419356,0.905829596412556,0.6580907054871221,0.4314868804664723,0.5859872611464968,942,190,752
133,342,431,36,0.7869822485207101,0.5575679172056921,0.28,0.9229122055674518,0.6722750828632011,0.41304347826086957,0.5987261146496815,942,169,773
135,342,435,30,0.8181818181818182,0.5598455598455598,0.2830188679245283,0.9354838709677419,0.6890136890136891,0.4205607476635514,0.6050955414012739,942,165,777
143,365,399,35,0.8033707865168539,0.5222513089005235,0.281496062992126,0.9193548387096774,0.6628110477086887,0.4169096209912536,0.5753715498938429,942,178,764
158,373,374,37,0.8102564102564103,0.500669344042838,0.2975517890772128,0.9099756690997567,0.6554628771496241,0.4352617079889807,0.564755838641189,942,195,747
138,363,402,39,0.7796610169491526,0.5254901960784314,0.2754491017964072,0.9115646258503401,0.652575606513792,0.40707964601769914,0.5732484076433121,942,177,765
139,362,408,33,0.8081395348837209,0.5298701298701298,0.2774451097804391,0.9251700680272109,0.6690048323769253,0.413075780089153,0.5806794055201698,942,172,770
148,378,393,23,0.8654970760233918,0.5097276264591439,0.2813688212927757,0.9447115384615384,0.6876123512412678,0.42467718794835013,0.5743099787685775,942,171,771
137,372,401,32,0.8106508875739645,0.51875808538163,0.2691552062868369,0.9260969976905312,0.6647044864777973,0.4041297935103245,0.5711252653927813,942,169,773
146,348,406,42,0.776595744680851,0.5384615384615384,0.29554655870445345,0.90625,0.6575286415711947,0.4281524926686217,0.5859872611464968,942,188,754
154,351,405,32,0.8279569892473119,0.5357142857142857,0.30495049504950494,0.9267734553775744,0.6818356374807988,0.44573082489146165,0.5934182590233545,942,186,756
145,362,404,31,0.8238636363636364,0.5274151436031331,0.2859960552268245,0.9287356321839081,0.6756393899833848,0.424597364568082,0.5828025477707006,942,176,766
140,363,414,25,0.8484848484848485,0.5328185328185329,0.2783300198807157,0.9430523917995444,0.6906516906516906,0.41916167664670656,0.5881104033970276,942,165,777
158,336,412,36,0.8144329896907216,0.5508021390374331,0.31983805668016196,0.9196428571428571,0.6826175643640774,0.4593023255813954,0.6050955414012739,942,194,748
144,365,403,30,0.8275862068965517,0.5247395833333334,0.2829076620825147,0.930715935334873,0.6761628951149425,0.4216691068814056,0.5806794055201698,942,174,768
135,360,415,32,0.8083832335329342,0.535483870967742,0.2727272727272727,0.9284116331096197,0.671933552250338,0.4078549848942598,0.583864118895966,942,167,775
134,345,424,39,0.7745664739884393,0.5513654096228868,0.2797494780793319,0.9157667386609071,0.662965941805663,0.41104294478527603,0.5923566878980892,942,173,769
162,331,411,38,0.81,0.5539083557951483,0.3286004056795132,0.9153674832962138,0.6819541778975742,0.4675324675324675,0.60828025477707,942,200,742
136,344,423,39,0.7771428571428571,0.5514993481095176,0.2833333333333333,0.9155844155844156,0.6643211026261874,0.41526717557251913,0.5934182590233545,942,175,767
159,325,428,30,0.8412698412698413,0.5683930942895087,0.3285123966942149,0.9344978165938864,0.704831467779675,0.47251114413075784,0.6231422505307855,942,189,753
138,347,415,42,0.7666666666666667,0.5446194225721784,0.2845360824742268,0.9080962800875274,0.6556430446194226,0.41503759398496237,0.5870488322717622,942,180,762
134,376,393,39,0.7745664739884393,0.5110533159947984,0.2627450980392157,0.9097222222222222,0.6428098949916188,0.3923865300146413,0.559447983014862,942,173,769
143,344,422,33,0.8125,0.5509138381201044,0.2936344969199179,0.9274725274725275,0.6817069190600522,0.43137254901960786,0.5997876857749469,942,176,766
150,339,417,36,0.8064516129032258,0.5515873015873016,0.3067484662576687,0.9205298013245033,0.6790194572452637,0.4444444444444444,0.6019108280254777,942,186,756
168,346,392,36,0.8235294117647058,0.5311653116531165,0.32684824902723736,0.9158878504672897,0.6773473617089112,0.46796657381615603,0.5944798301486199,942,204,738
147,383,376,36,0.8032786885245902,0.49538866930171277,0.27735849056603773,0.912621359223301,0.6493336789131514,0.4123422159887798,0.5552016985138004,942,183,759
157,334,419,32,0.8306878306878307,0.5564409030544488,0.319755600814664,0.9290465631929047,0.6935643668711398,0.46176470588235297,0.6114649681528662,942,189,753
143,375,392,32,0.8171428571428572,0.5110821382007823,0.27606177606177607,0.9245283018867925,0.6641124976718198,0.4126984126984127,0.5679405520169851,942,175,767
146,347,409,40,0.7849462365591398,0.541005291005291,0.2961460446247465,0.910913140311804,0.6629757637822153,0.4300441826215022,0.589171974522293,942,186,756
122,361,426,33,0.7870967741935484,0.5412960609911055,0.2525879917184265,0.9281045751633987,0.664196417592327,0.38244514106583066,0.5817409766454352,942,155,787
156,356,407,23,0.8715083798882681,0.5334207077326344,0.3046875,0.9465116279069767,0.7024645438104513,0.45151953690303903,0.5976645435244161,942,179,763
130,352,429,31,0.8074534161490683,0.5492957746478874,0.2697095435684647,0.9326086956521739,0.6783745953984779,0.40435458786936235,0.5934182590233545,942,161,781
137,354,423,28,0.8303030303030303,0.5444015444015444,0.2790224032586558,0.9379157427937915,0.6873522873522874,0.4176829268292682,0.5944798301486199,942,165,777
146,339,420,37,0.7978142076502732,0.5533596837944664,0.30103092783505153,0.9190371991247265,0.6755869457223698,0.437125748502994,0.6008492569002123,942,183,759
122,346,434,40,0.7530864197530864,0.5564102564102564,0.2606837606837607,0.9156118143459916,0.6547483380816714,0.3873015873015873,0.5902335456475584,942,162,780
159,356,383,44,0.7832512315270936,0.5182679296346414,0.3087378640776699,0.8969555035128806,0.6507595805808675,0.44289693593314766,0.5753715498938429,942,203,739
141,358,403,40,0.7790055248618785,0.5295663600525624,0.28256513026052105,0.909706546275395,0.6542859424572205,0.41470588235294115,0.5774946921443737,942,181,761
145,352,404,41,0.7795698924731183,0.5343915343915344,0.2917505030181087,0.9078651685393259,0.6569807134323263,0.424597364568082,0.5828025477707006,942,186,756
150,345,411,36,0.8064516129032258,0.5436507936507936,0.30303030303030304,0.9194630872483222,0.6750512032770097,0.4405286343612335,0.5955414012738853,942,186,756
150,342,415,35,0.8108108108108109,0.5482166446499339,0.3048780487804878,0.9222222222222223,0.6795137277303724,0.4431314623338257,0.5997876857749469,942,185,757
146,381,367,48,0.7525773195876289,0.49064171122994654,0.27703984819734345,0.8843373493975903,0.6216095154087877,0.40499306518723993,0.5445859872611465,942,194,748
149,360,401,32,0.8232044198895028,0.5269382391590013,0.29273084479371314,0.9260969976905312,0.6750713295242521,0.4318840579710145,0.583864118895966,942,181,761
154,338,411,39,0.7979274611398963,0.5487316421895861,0.3130081300813008,0.9133333333333333,0.6733295516647413,0.44963503649635034,0.5997876857749469,942,193,749
152,346,411,33,0.8216216216216217,0.5429326287978864,0.30522088353413657,0.9256756756756757,0.682277125209754,0.44509516837481694,0.5976645435244161,942,185,757
154,332,420,36,0.8105263157894737,0.5585106382978723,0.3168724279835391,0.9210526315789473,0.684518477043673,0.45562130177514787,0.6093418259023354,942,190,752
140,339,423,40,0.7777777777777778,0.5551181102362205,0.29227557411273486,0.9136069114470843,0.6664479440069991,0.424886191198786,0.5976645435244161,942,180,762
143,363,404,32,0.8171428571428572,0.5267275097783573,0.2826086956521739,0.926605504587156,0.6719351834606072,0.41997063142437596,0.5806794055201698,942,175,767
134,357,418,33,0.8023952095808383,0.5393548387096774,0.2729124236252546,0.926829268292683,0.6708750241452579,0.4072948328267477,0.5859872611464968,942,167,775
144,350,420,28,0.8372093023255814,0.5454545454545454,0.291497975708502,0.9375,0.6913319238900635,0.4324324324324324,0.5987261146496815,942,172,770
132,380,391,39,0.7719298245614035,0.5071335927367056,0.2578125,0.9093023255813953,0.6395317086490545,0.38653001464128844,0.5552016985138004,942,171,771
144,357,400,41,0.7783783783783784,0.5284015852047557,0.2874251497005988,0.9070294784580499,0.653389981791567,0.41982507288629733,0.5774946921443737,942,185,757
131,347,429,35,0.7891566265060241,0.5528350515463918,0.27405857740585776,0.9245689655172413,0.670995839026208,0.406832298136646,0.5944798301486199,942,166,776
147,358,401,36,0.8032786885245902,0.52832674571805,0.29108910891089107,0.9176201372997712,0.6658027171213201,0.42732558139534876,0.5817409766454352,942,183,759
139,368,405,30,0.8224852071005917,0.5239327296248383,0.27416173570019725,0.9310344827586207,0.6732089683627149,0.41124260355029585,0.5774946921443737,942,169,773
138,339,426,39,0.7796610169491526,0.5568627450980392,0.2893081761006289,0.9161290322580645,0.6682618810235958,0.4220183486238532,0.5987261146496815,942,177,765
120,375,416,31,0.7947019867549668,0.5259165613147914,0.24242424242424243,0.930648769574944,0.660309274034879,0.37151702786377716,0.5690021231422505,942,151,791
139,359,413,31,0.8176470588235294,0.5349740932642487,0.2791164658634538,0.9301801801801802,0.676310576043889,0.41616766467065863,0.5859872611464968,942,170,772
134,358,413,37,0.783625730994152,0.5356679636835279,0.27235772357723576,0.9177777777777778,0.6596468473388399,0.40422322775263947,0.5806794055201698,942,171,771
147,355,411,29,0.8352272727272727,0.5365535248041775,0.29282868525896416,0.9340909090909091,0.6858903987657251,0.4336283185840708,0.5923566878980892,942,176,766
150,366,385,41,0.7853403141361257,0.5126498002663116,0.29069767441860467,0.903755868544601,0.6489950572012186,0.4243281471004243,0.5679405520169851,942,191,751
140,361,406,35,0.8,0.529335071707953,0.27944111776447106,0.9206349206349206,0.6646675358539765,0.41420118343195267,0.5796178343949044,942,175,767
138,358,409,37,0.7885714285714286,0.5332464146023468,0.2782258064516129,0.9170403587443946,0.6609089215868877,0.4113263785394933,0.5806794055201698,942,175,767
149,361,397,35,0.8097826086956522,0.5237467018469657,0.29215686274509806,0.9189814814814815,0.6667646552713089,0.4293948126801153,0.5796178343949044,942,184,758
155,345,403,39,0.7989690721649485,0.5387700534759359,0.31,0.9117647058823529,0.6688695628204422,0.446685878962536,0.5923566878980892,942,194,748
158,349,401,34,0.8229166666666666,0.5346666666666666,0.3116370808678501,0.9218390804597701,0.6787916666666667,0.4520743919885551,0.5934182590233545,942,192,750
140,345,428,29,0.8284023668639053,0.553686934023286,0.28865979381443296,0.936542669584245,0.6910446504435956,0.4281345565749235,0.6029723991507431,942,169,773
138,358,410,36,0.7931034482758621,0.5338541666666666,0.2782258064516129,0.9192825112107623,0.6634788074712643,0.4119402985074626,0.5817409766454352,942,174,768
133,365,399,45,0.7471910112359551,0.5222513089005235,0.26706827309236947,0.8986486486486487,0.6347211600682393,0.39349112426035504,0.564755838641189,942,178,764
145,350,426,21,0.8734939759036144,0.5489690721649485,0.29292929292929293,0.9530201342281879,0.7112315240342815,0.4387291981845688,0.6061571125265393,942,166,776
149,331,423,39,0.7925531914893617,0.5610079575596817,0.3104166666666667,0.9155844155844156,0.6767805745245217,0.44610778443113774,0.6072186836518046,942,188,754
158,369,386,29,0.8449197860962567,0.5112582781456954,0.2998102466793169,0.9301204819277108,0.678089032120976,0.4425770308123249,0.5774946921443737,942,187,755
152,369,387,34,0.8172043010752689,0.5119047619047619,0.29174664107485604,0.9192399049881235,0.6645545314900154,0.42998585572843,0.5721868365180467,942,186,756
128,366,411,37,0.7757575757575758,0.528957528957529,0.2591093117408907,0.9174107142857143,0.6523575523575524,0.38846737481031873,0.5721868365180467,942,165,777
136,335,433,38,0.7816091954022989,0.5638020833333334,0.28874734607218683,0.9193205944798302,0.6727056393678161,0.4217054263565891,0.6040339702760085,942,174,768
158,345,399,40,0.797979797979798,0.5362903225806451,0.31411530815109345,0.908883826879271,0.6671350602802215,0.4507845934379458,0.5912951167728238,942,198,744
130,362,410,40,0.7647058823529411,0.5310880829015544,0.26422764227642276,0.9111111111111111,0.6478969826272478,0.39274924471299094,0.5732484076433121,942,170,772
150,363,402,27,0.847457627118644,0.5254901960784314,0.29239766081871343,0.9370629370629371,0.6864739115985377,0.43478260869565216,0.5859872611464968,942,177,765
146,372,400,24,0.8588235294117647,0.5181347150259067,0.28185328185328185,0.9433962264150944,0.6884791222188357,0.42441860465116277,0.5796178343949044,942,170,772
133,374,397,38,0.7777777777777778,0.5149156939040207,0.26232741617357,0.9126436781609195,0.6463467358408992,0.39233038348082594,0.5626326963906582,942,171,771
147,351,409,35,0.8076923076923077,0.5381578947368421,0.29518072289156627,0.9211711711711712,0.6729251012145749,0.43235294117647066,0.5902335456475584,942,182,760
144,339,423,36,0.8,0.5551181102362205,0.2981366459627329,0.9215686274509803,0.6775590551181103,0.4343891402714933,0.6019108280254777,942,180,762
143,352,414,33,0.8125,0.5404699738903395,0.28888888888888886,0.9261744966442953,0.6764849869451697,0.4262295081967213,0.5912951167728238,942,176,766
140,345,425,32,0.813953488372093,0.551948051948052,0.28865979381443296,0.9299781181619255,0.6829507701600726,0.426179604261796,0.5997876857749469,942,172,770
140,360,410,32,0.813953488372093,0.5324675324675324,0.28,0.9276018099547512,0.6732105104198127,0.41666666666666674,0.583864118895966,942,172,770
115,357,426,44,0.7232704402515723,0.5440613026819924,0.24364406779661016,0.9063829787234042,0.6336658714667823,0.3645007923930269,0.5743099787685775,942,159,783
132,403,374,33,0.8,0.48133848133848134,0.2467289719626168,0.918918918918919,0.6406692406692407,0.3771428571428571,0.5371549893842887,942,165,777
136,350,424,32,0.8095238095238095,0.5478036175710594,0.27983539094650206,0.9298245614035088,0.6786637135474345,0.41590214067278286,0.5944798301486199,942,168,774
146,349,413,34,0.8111111111111111,0.541994750656168,0.29494949494949496,0.9239373601789709,0.6765529308836395,0.43259259259259264,0.5934182590233545,942,180,762
136,394,380,32,0.8095238095238095,0.4909560723514212,0.25660377358490566,0.9223300970873787,0.6502399409376154,0.38968481375358166,0.5477707006369427,942,168,774
160,375,373,34,0.8247422680412371,0.49866310160427807,0.29906542056074764,0.9164619164619164,0.6617026848227576,0.43895747599451296,0.5658174097664543,942,194,748
126,365,410,41,0.7544910179640718,0.5290322580645161,0.25661914460285135,0.9090909090909091,0.641761638014294,0.3829787234042553,0.5690021231422505,942,167,775
136,341,423,42,0.7640449438202247,0.5536649214659686,0.2851153039832285,0.9096774193548387,0.6588549326430966,0.4152671755725191,0.5934182590233545,942,178,764
139,355,422,26,0.8424242424242424,0.5431145431145431,0.2813765182186235,0.9419642857142857,0.6927693927693928,0.42185128983308035,0.5955414012738853,942,165,777
122,356,441,23,0.8413793103448276,0.5533249686323714,0.25523012552301255,0.9504310344827587,0.6973521394885995,0.391653290529695,0.5976645435244161,942,145,797
144,368,389,41,0.7783783783783784,0.5138705416116248,0.28125,0.9046511627906977,0.6461244599950016,0.4131994261119082,0.5658174097664543,942,185,757
144,352,416,30,0.8275862068965517,0.5416666666666666,0.2903225806451613,0.9327354260089686,0.6846264367816092,0.4298507462686567,0.5944798301486199,942,174,768
135,355,418,34,0.7988165680473372,0.5407503234152652,0.2755102040816326,0.9247787610619469,0.6697834457313012,0.40971168437025796,0.5870488322717622,942,169,773
155,340,421,26,0.856353591160221,0.5532194480946123,0.31313131313131315,0.941834451901566,0.7047865196274167,0.4585798816568047,0.6114649681528662,942,181,761
161,335,407,39,0.805,0.5485175202156334,0.3245967741935484,0.9125560538116592,0.6767587601078167,0.4626436781609195,0.6029723991507431,942,200,742
139,345,428,30,0.8224852071005917,0.553686934023286,0.2871900826446281,0.9344978165938864,0.6880860705619388,0.4257274119448698,0.6019108280254777,942,169,773
150,362,403,27,0.847457627118644,0.526797385620915,0.29296875,0.9372093023255814,0.6871275063697795,0.4354136429608128,0.5870488322717622,942,177,765
154,350,411,27,0.850828729281768,0.5400788436268068,0.3055555555555556,0.9383561643835616,0.6954537864542873,0.44963503649635045,0.5997876857749469,942,181,761
154,353,403,32,0.8279569892473119,0.533068783068783,0.3037475345167653,0.9264367816091954,0.6805128861580474,0.44444444444444453,0.5912951167728238,942,186,756
143,338,413,48,0.7486910994764397,0.5499334221038615,0.2972972972972973,0.89587852494577,0.6493122607901507,0.4255952380952381,0.5902335456475584,942,191,751
149,359,404,30,0.8324022346368715,0.5294888597640891,0.2933070866141732,0.9308755760368663,0.6809455472004803,0.43377001455604075,0.5870488322717622,942,179,763
159,345,410,28,0.8502673796791443,0.543046357615894,0.31547619047619047,0.9360730593607306,0.6966568686475192,0.46020260492040516,0.6040339702760085,942,187,755
156,357,391,38,0.8041237113402062,0.5227272727272727,0.30409356725146197,0.9114219114219114,0.6634254920337395,0.4413012729844413,0.5806794055201698,942,194,748
156,354,398,34,0.8210526315789474,0.5292553191489362,0.3058823529411765,0.9212962962962963,0.6751539753639417,0.44571428571428573,0.5881104033970276,942,190,752
123,383,402,34,0.7834394904458599,0.5121019108280255,0.24308300395256918,0.9220183486238532,0.6477707006369426,0.3710407239819005,0.5573248407643312,942,157,785
155,369,390,28,0.8469945355191257,0.5138339920948617,0.2958015267175573,0.9330143540669856,0.6804142638069937,0.43847241867043846,0.578556263269639,942,183,759
122,366,426,28,0.8133333333333334,0.5378787878787878,0.25,0.9383259911894273,0.6756060606060605,0.38244514106583066,0.5817409766454352,942,150,792
158,374,379,31,0.8359788359788359,0.5033200531208499,0.29699248120300753,0.9243902439024391,0.6696494445498429,0.43828016643550627,0.5700636942675159,942,189,753
158,347,402,35,0.8186528497409327,0.5367156208277704,0.31287128712871287,0.919908466819222,0.6776842352843515,0.45272206303724927,0.5944798301486199,942,193,749
142,356,408,36,0.797752808988764,0.5340314136125655,0.285140562248996,0.918918918918919,0.6658921113006647,0.42011834319526625,0.583864118895966,942,178,764
148,343,419,32,0.8222222222222222,0.5498687664041995,0.3014256619144603,0.9290465631929047,0.6860454943132108,0.4411326378539493,0.6019108280254777,942,180,762
145,348,415,34,0.8100558659217877,0.5439056356487549,0.29411764705882354,0.9242761692650334,0.6769807507852713,0.4315476190476191,0.5944798301486199,942,179,763
126,362,415,39,0.7636363636363637,0.5341055341055341,0.2581967213114754,0.9140969162995595,0.6488709488709489,0.3859111791730475,0.5743099787685775,942,165,777
139,348,428,27,0.8373493975903614,0.5515463917525774,0.28542094455852157,0.9406593406593406,0.6944478946714694,0.42572741194486985,0.6019108280254777,942,166,776
153,343,397,49,0.7574257425742574,0.5364864864864864,0.3084677419354839,0.8901345291479821,0.6469561145303719,0.43839541547277944,0.583864118895966,942,202,740
143,367,390,42,0.772972972972973,0.5151915455746368,0.2803921568627451,0.9027777777777778,0.6440822592738049,0.41151079136690644,0.5658174097664543,942,185,757
163,357,391,31,0.8402061855670103,0.5227272727272727,0.31346153846153846,0.9265402843601895,0.6814667291471415,0.45658263305322133,0.5881104033970276,942,194,748
134,363,417,28,0.8271604938271605,0.5346153846153846,0.26961770623742454,0.9370786516853933,0.6808879392212726,0.4066767830045524,0.5849256900212314,942,162,780
125,372,399,46,0.7309941520467836,0.5175097276264592,0.2515090543259557,0.8966292134831461,0.6242519398366214,0.37425149700598803,0.5562632696390658,942,171,771
144,353,406,39,0.7868852459016393,0.5349143610013175,0.289738430583501,0.9123595505617977,0.6608998034514784,0.4235294117647058,0.583864118895966,942,183,759
143,381,385,33,0.8125,0.5026109660574413,0.2729007633587786,0.9210526315789473,0.6575554830287207,0.4085714285714286,0.5605095541401274,942,176,766
164,342,405,31,0.841025641025641,0.5421686746987951,0.3241106719367589,0.9288990825688074,0.6915971578622181,0.46790299572039945,0.6040339702760085,942,195,747
134,335,432,41,0.7657142857142857,0.5632333767926988,0.2857142857142857,0.9133192389006343,0.6644738312534922,0.4161490683229814,0.6008492569002123,942,175,767
143,313,449,37,0.7944444444444444,0.589238845144357,0.31359649122807015,0.9238683127572016,0.6918416447944007,0.4496855345911949,0.6284501061571125,942,180,762
118,370,412,42,0.7375,0.5268542199488491,0.24180327868852458,0.9074889867841409,0.6321771099744246,0.36419753086419754,0.5626326963906582,942,160,782
139,379,385,39,0.7808988764044944,0.5039267015706806,0.26833976833976836,0.9080188679245284,0.6424127889875875,0.3994252873563218,0.5562632696390658,942,178,764
151,379,381,31,0.8296703296703297,0.5013157894736842,0.2849056603773585,0.9247572815533981,0.665493059572007,0.42415730337078655,0.564755838641189,942,182,760
139,363,410,30,0.8224852071005917,0.5304010349288486,0.27689243027888444,0.9318181818181818,0.6764431210147202,0.4143070044709388,0.5828025477707006,942,169,773
140,347,425,30,0.8235294117647058,0.5505181347150259,0.2874743326488706,0.9340659340659341,0.6870237732398659,0.426179604261796,0.5997876857749469,942,170,772
137,389,376,40,0.7740112994350282,0.4915032679738562,0.26045627376425856,0.9038461538461539,0.6327572837044422,0.38975817923186346,0.5445859872611465,942,177,765
146,353,411,32,0.8202247191011236,0.5379581151832461,0.2925851703406814,0.927765237020316,0.6790914171421849,0.43131462333825704,0.5912951167728238,942,178,764
143,330,423,46,0.7566137566137566,0.5617529880478087,0.3023255813953488,0.9019189765458422,0.6591833723307827,0.43202416918429004,0.6008492569002123,942,189,753
142,351,416,33,0.8114285714285714,0.5423728813559322,0.2880324543610548,0.9265033407572383,0.6769007263922517,0.4251497005988024,0.5923566878980892,942,175,767
145,352,410,35,0.8055555555555556,0.5380577427821522,0.2917505030181087,0.9213483146067416,0.6718066491688539,0.4283604135893649,0.589171974522293,942,180,762
131,354,430,27,0.8291139240506329,0.548469387755102,0.27010309278350514,0.9409190371991247,0.6887916559028675,0.40746500777604977,0.5955414012738853,942,158,784
155,343,410,34,0.8201058201058201,0.5444887118193891,0.3112449799196787,0.9234234234234234,0.6822972659626045,0.45123726346433773,0.5997876857749469,942,189,753
147,356,404,35,0.8076923076923077,0.531578947368421,0.2922465208747515,0.9202733485193622,0.6696356275303643,0.4291970802919708,0.5849256900212314,942,182,760
146,341,421,34,0.8111111111111111,0.55249343832021,0.2997946611909651,0.9252747252747253,0.6818022747156606,0.4377811094452773,0.6019108280254777,942,180,762
143,375,392,32,0.8171428571428572,0.5110821382007823,0.27606177606177607,0.9245283018867925,0.6641124976718198,0.4126984126984127,0.5679405520169851,942,175,767
124,355,424,39,0.7607361963190185,0.5442875481386393,0.2588726513569937,0.9157667386609071,0.6525118722288289,0.3862928348909657,0.5817409766454352,942,163,779
172,318,415,37,0.8229665071770335,0.5661664392905866,0.3510204081632653,0.918141592920354,0.69456647323381,0.4921316165951359,0.6231422505307855,942,209,733
136,330,434,42,0.7640449438202247,0.5680628272251309,0.2918454935622318,0.9117647058823529,0.6660538855226779,0.422360248447205,0.6050955414012739,942,178,764
144,334,419,45,0.7619047619047619,0.5564409030544488,0.301255230125523,0.9030172413793104,0.6591728324796053,0.431784107946027,0.5976645435244161,942,189,753
144,350,414,34,0.8089887640449438,0.5418848167539267,0.291497975708502,0.9241071428571429,0.6754367903994353,0.4285714285714286,0.5923566878980892,942,178,764
141,367,398,36,0.7966101694915254,0.5202614379084968,0.27755905511811024,0.9170506912442397,0.6584358037000111,0.4116788321167883,0.5721868365180467,942,177,765
145,356,407,34,0.8100558659217877,0.5334207077326344,0.2894211576846307,0.9229024943310657,0.671738286827211,0.4264705882352941,0.5859872611464968,942,179,763
162,339,408,33,0.8307692307692308,0.5461847389558233,0.32335329341317365,0.9251700680272109,0.6884769848625271,0.4655172413793104,0.6050955414012739,942,195,747
144,375,390,33,0.8135593220338984,0.5098039215686274,0.2774566473988439,0.9219858156028369,0.6616816218012629,0.41379310344827586,0.5668789808917197,942,177,765
126,354,431,31,0.802547770700637,0.5490445859872611,0.2625,0.9329004329004329,0.675796178343949,0.39560439560439564,0.5912951167728238,942,157,785
151,373,390,28,0.8435754189944135,0.5111402359108781,0.2881679389312977,0.9330143540669856,0.6773578274526457,0.4295874822190612,0.5743099787685775,942,179,763
145,370,392,35,0.8055555555555556,0.5144356955380578,0.2815533980582524,0.9180327868852459,0.6599956255468067,0.41726618705035967,0.5700636942675159,942,180,762
158,326,424,34,0.8229166666666666,0.5653333333333334,0.32644628099173556,0.925764192139738,0.694125,0.4674556213017752,0.6178343949044586,942,192,750
146,350,416,30,0.8295454545454546,0.5430809399477807,0.29435483870967744,0.9327354260089686,0.6863131972466177,0.43452380952380953,0.5966029723991507,942,176,766
137,326,454,25,0.845679012345679,0.5820512820512821,0.2958963282937365,0.9478079331941545,0.7138651471984805,0.4384,0.6273885350318471,942,162,780
141,357,413,31,0.8197674418604651,0.5363636363636364,0.28313253012048195,0.9301801801801802,0.6780655391120507,0.4208955223880597,0.5881104033970276,942,172,770
145,356,414,27,0.8430232558139535,0.5376623376623376,0.2894211576846307,0.9387755102040817,0.6903427967381456,0.43090638930163444,0.5934182590233545,942,172,770
143,371,402,26,0.8461538461538461,0.5200517464424321,0.2782101167315175,0.9392523364485982,0.6831027962981391,0.41874084919472915,0.578556263269639,942,169,773
143,367,403,29,0.8313953488372093,0.5233766233766234,0.2803921568627451,0.9328703703703703,0.6773859861069164,0.41935483870967744,0.5796178343949044,942,172,770
139,350,414,39,0.7808988764044944,0.5418848167539267,0.2842535787321063,0.9139072847682119,0.6613918465792106,0.41679160419790107,0.5870488322717622,942,178,764
149,362,402,29,0.8370786516853933,0.5261780104712042,0.29158512720156554,0.9327146171693735,0.6816283310782987,0.43251088534107396,0.5849256900212314,942,178,764
139,333,435,35,0.7988505747126436,0.56640625,0.2944915254237288,0.925531914893617,0.6826284123563218,0.4303405572755418,0.6093418259023354,942,174,768
148,369,393,32,0.8222222222222222,0.515748031496063,0.2862669245647969,0.9247058823529412,0.6689851268591426,0.4246771879483501,0.5743099787685775,942,180,762
145,396,372,29,0.8333333333333334,0.484375,0.2680221811460259,0.9276807980049875,0.6588541666666667,0.4055944055944056,0.5488322717622081,942,174,768
137,376,387,42,0.7653631284916201,0.5072083879423329,0.26705653021442494,0.9020979020979021,0.6362857582169765,0.3959537572254335,0.5562632696390658,942,179,763
150,372,391,29,0.8379888268156425,0.5124508519003932,0.28735632183908044,0.930952380952381,0.6752198393580178,0.4279600570613409,0.5743099787685775,942,179,763
159,354,405,24,0.8688524590163934,0.5335968379446641,0.30994152046783624,0.9440559440559441,0.7012246484805287,0.4568965517241379,0.5987261146496815,942,183,759
145,350,419,28,0.838150289017341,0.5448634590377113,0.29292929292929293,0.9373601789709173,0.6915068740275261,0.4341317365269461,0.5987261146496815,942,173,769
149,344,412,37,0.8010752688172043,0.544973544973545,0.3022312373225152,0.9175946547884187,0.6730244068953746,0.4388807069219441,0.5955414012738853,942,186,756
147,386,375,34,0.8121546961325967,0.492772667542707,0.275797373358349,0.9168704156479217,0.6524636818376519,0.4117647058823529,0.554140127388535,942,181,761
161,335,411,35,0.8214285714285714,0.5509383378016086,0.3245967741935484,0.92152466367713,0.68618345461509,0.4653179190751445,0.6072186836518046,942,196,746
128,369,402,43,0.7485380116959064,0.5214007782101168,0.2575452716297787,0.903370786516854,0.6349693949530115,0.38323353293413176,0.5626326963906582,942,171,771
143,357,410,32,0.8171428571428572,0.5345501955671447,0.286,0.9276018099547512,0.6758465263550009,0.42370370370370364,0.5870488322717622,942,175,767
151,340,414,37,0.8031914893617021,0.5490716180371353,0.3075356415478615,0.917960088691796,0.6761315536994188,0.44477172312223856,0.5997876857749469,942,188,754
148,349,423,22,0.8705882352941177,0.5479274611398963,0.2977867203219316,0.950561797752809,0.709257848217007,0.4437781109445278,0.6061571125265393,942,170,772
160,340,402,40,0.8,0.5417789757412399,0.32,0.9095022624434389,0.67088948787062,0.45714285714285713,0.5966029723991507,942,200,742
137,370,398,37,0.7873563218390804,0.5182291666666666,0.2702169625246548,0.9149425287356322,0.6527927442528736,0.40234948604992654,0.5679405520169851,942,174,768
129,352,428,33,0.7962962962962963,0.5487179487179488,0.2681912681912682,0.928416485900217,0.6725071225071225,0.401244167962675,0.5912951167728238,942,162,780
140,353,418,31,0.8187134502923976,0.5421530479896238,0.2839756592292089,0.9309576837416481,0.6804332491410108,0.42168674698795183,0.5923566878980892,942,171,771
135,356,416,35,0.7941176470588235,0.538860103626943,0.27494908350305497,0.9223946784922394,0.6664888753428833,0.4084720121028744,0.5849256900212314,942,170,772
131,360,420,31,0.808641975308642,0.5384615384615384,0.2668024439918534,0.9312638580931264,0.6735517568850902,0.4012251148545177,0.5849256900212314,942,162,780
135,357,415,35,0.7941176470588235,0.5375647668393783,0.27439024390243905,0.9222222222222223,0.6658412069491009,0.40785498489425986,0.583864118895966,942,170,772
135,359,410,38,0.7803468208092486,0.5331599479843954,0.2732793522267207,0.9151785714285714,0.656753384396822,0.40479760119940034,0.578556263269639,942,173,769
118,402,396,26,0.8194444444444444,0.49624060150375937,0.22692307692307692,0.9383886255924171,0.6578425229741018,0.35542168674698793,0.5456475583864119,942,144,798
144,347,409,42,0.7741935483870968,0.541005291005291,0.29327902240325865,0.9068736141906873,0.6575994196961938,0.4254062038404727,0.5870488322717622,942,186,756
121,373,406,42,0.7423312883435583,0.521181001283697,0.24493927125506074,0.90625,0.6317561448136277,0.3683409436834094,0.559447983014862,942,163,779
140,347,429,26,0.8433734939759037,0.5528350515463918,0.2874743326488706,0.9428571428571428,0.6981042727611477,0.42879019908116384,0.6040339702760085,942,166,776
142,345,420,35,0.8022598870056498,0.5490196078431373,0.2915811088295688,0.9230769230769231,0.6756397474243936,0.427710843373494,0.5966029723991507,942,177,765
141,344,425,32,0.815028901734104,0.552665799739922,0.2907216494845361,0.9299781181619255,0.6838473507370131,0.4285714285714286,0.6008492569002123,942,173,769
153,330,425,34,0.8181818181818182,0.5629139072847682,0.3167701863354037,0.9259259259259259,0.6905478627332933,0.45671641791044776,0.613588110403397,942,187,755
169,344,389,40,0.8086124401913876,0.5306957708049114,0.32943469785575047,0.9067599067599068,0.6696541054981495,0.46814404432132967,0.5923566878980892,942,209,733
137,351,423,31,0.8154761904761905,0.5465116279069767,0.2807377049180328,0.9317180616740088,0.6809939091915835,0.4176829268292683,0.5944798301486199,942,168,774
160,340,402,40,0.8,0.5417789757412399,0.32,0.9095022624434389,0.67088948787062,0.45714285714285713,0.5966029723991507,942,200,742
125,343,442,32,0.7961783439490446,0.5630573248407643,0.2670940170940171,0.9324894514767933,0.6796178343949044,0.4,0.6019108280254777,942,157,785
137,347,419,39,0.7784090909090909,0.5469973890339426,0.2830578512396694,0.9148471615720524,0.6627032399715167,0.41515151515151516,0.5902335456475584,942,176,766
149,355,396,42,0.7801047120418848,0.5272969374167776,0.29563492063492064,0.9041095890410958,0.6537008247293312,0.4287769784172662,0.578556263269639,942,191,751
125,353,420,44,0.7396449704142012,0.5433376455368694,0.2615062761506276,0.9051724137931034,0.6414913079755353,0.38639876352395675,0.578556263269639,942,169,773
138,364,410,30,0.8214285714285714,0.5297157622739018,0.2749003984063745,0.9318181818181818,0.6755721668512367,0.41194029850746267,0.5817409766454352,942,168,774
144,342,410,46,0.7578947368421053,0.5452127659574468,0.2962962962962963,0.8991228070175439,0.651553751399776,0.42603550295857984,0.5881104033970276,942,190,752
141,351,418,32,0.815028901734104,0.5435630689206762,0.2865853658536585,0.9288888888888889,0.6792959853273901,0.42406015037593986,0.5934182590233545,942,173,769
145,347,419,31,0.8238636363636364,0.5469973890339426,0.29471544715447157,0.9311111111111111,0.6854305126987894,0.43413173652694614,0.5987261146496815,942,176,766
162,328,423,29,0.8481675392670157,0.563249001331558,0.3306122448979592,0.9358407079646017,0.7057082702992868,0.47577092511013214,0.6210191082802548,942,191,751
142,333,431,36,0.797752808988764,0.5641361256544503,0.29894736842105263,0.9229122055674518,0.6809444673216072,0.43491577335375187,0.60828025477707,942,178,764
138,371,405,28,0.8313253012048193,0.5219072164948454,0.27111984282907664,0.9353348729792148,0.6766162588498323,0.40888888888888897,0.5764331210191083,942,166,776
130,355,429,28,0.8227848101265823,0.5471938775510204,0.26804123711340205,0.9387308533916849,0.6849893438388014,0.40435458786936235,0.5934182590233545,942,158,784
146,358,401,37,0.7978142076502732,0.52832674571805,0.2896825396825397,0.9155251141552512,0.6630704766841616,0.4250363901018923,0.5806794055201698,942,183,759
156,305,440,41,0.7918781725888325,0.5906040268456376,0.3383947939262473,0.9147609147609148,0.6912410997172351,0.4741641337386019,0.6326963906581741,942,197,745
142,366,409,25,0.8502994011976048,0.5277419354838709,0.2795275590551181,0.9423963133640553,0.6890206683407378,0.42074074074074075,0.5849256900212314,942,167,775
149,352,406,35,0.8097826086956522,0.5356200527704486,0.29740518962075846,0.9206349206349206,0.6727013307330504,0.43503649635036495,0.589171974522293,942,184,758
140,368,393,41,0.7734806629834254,0.5164257555847569,0.2755905511811024,0.9055299539170507,0.6449532092840912,0.4063860667634253,0.5658174097664543,942,181,761
148,371,394,29,0.8361581920903954,0.515032679738562,0.28516377649325625,0.9314420803782506,0.6755954359144787,0.42528735632183906,0.5753715498938429,942,177,765
131,368,400,43,0.7528735632183908,0.5208333333333334,0.2625250501002004,0.9029345372460497,0.6368534482758621,0.38930163447251115,0.5636942675159236,942,174,768
141,341,418,42,0.7704918032786885,0.5507246376811594,0.2925311203319502,0.908695652173913,0.660608220479924,0.42406015037593986,0.5934182590233545,942,183,759
133,371,390,48,0.7348066298342542,0.5124835742444153,0.2638888888888889,0.8904109589041096,0.6236451020393348,0.38832116788321175,0.5552016985138004,942,181,761
135,392,375,40,0.7714285714285715,0.48891786179921776,0.25616698292220114,0.9036144578313253,0.6301732166138946,0.3846153846153846,0.5414012738853503,942,175,767
140,356,409,37,0.7909604519774012,0.534640522875817,0.28225806451612906,0.9170403587443946,0.6628004874266091,0.4160475482912333,0.5828025477707006,942,177,765
144,368,404,26,0.8470588235294118,0.5233160621761658,0.28125,0.9395348837209302,0.6851874428527888,0.42228739002932547,0.5817409766454352,942,170,772
145,343,420,34,0.8100558659217877,0.5504587155963303,0.29713114754098363,0.9251101321585903,0.6802572907590589,0.4347826086956522,0.5997876857749469,942,179,763
131,350,431,30,0.8136645962732919,0.5518565941101152,0.27234927234927236,0.9349240780911063,0.6827605951917035,0.4080996884735203,0.5966029723991507,942,161,781
142,345,417,38,0.7888888888888889,0.547244094488189,0.2915811088295688,0.9164835164835164,0.6680664916885389,0.42578710644677664,0.5934182590233545,942,180,762
167,324,417,34,0.8308457711442786,0.562753036437247,0.34012219959266804,0.9246119733924612,0.6967994037907628,0.4826589595375722,0.6199575371549894,942,201,741
145,359,420,18,0.8895705521472392,0.5391527599486521,0.2876984126984127,0.958904109589041,0.7143616560479457,0.4347826086956521,0.5997876857749469,942,163,779
131,360,418,33,0.7987804878048781,0.5372750642673522,0.2668024439918534,0.926829268292683,0.6680277760361151,0.4000000000000001,0.5828025477707006,942,164,778
147,353,404,38,0.7945945945945946,0.5336856010568032,0.294,0.9140271493212669,0.6641400978256988,0.4291970802919708,0.5849256900212314,942,185,757
141,352,410,39,0.7833333333333333,0.5380577427821522,0.28600405679513186,0.9131403118040089,0.6606955380577428,0.4190193164933136,0.5849256900212314,942,180,762
132,362,425,23,0.8516129032258064,0.5400254129606099,0.26720647773279355,0.9486607142857143,0.6958191580932082,0.4067796610169492,0.5912951167728238,942,155,787
143,369,398,32,0.8171428571428572,0.5189048239895697,0.279296875,0.9255813953488372,0.6680238405662134,0.4163027656477438,0.5743099787685775,942,175,767
136,385,387,34,0.8,0.5012953367875648,0.26103646833013433,0.9192399049881235,0.6506476683937824,0.3936324167872648,0.5552016985138004,942,170,772
133,353,422,34,0.7964071856287425,0.5445161290322581,0.2736625514403292,0.9254385964912281,0.6704616573305002,0.4073506891271056,0.589171974522293,942,167,775
150,371,393,28,0.8426966292134831,0.5143979057591623,0.28790786948176583,0.9334916864608076,0.6785472674863227,0.42918454935622313,0.5764331210191083,942,178,764
138,347,414,43,0.7624309392265194,0.5440210249671484,0.2845360824742268,0.9059080962800875,0.6532259820968339,0.41441441441441446,0.5859872611464968,942,181,761
138,335,431,38,0.7840909090909091,0.5626631853785901,0.2917547568710359,0.9189765458422174,0.6733770472347496,0.4252696456086287,0.6040339702760085,942,176,766
147,361,394,40,0.786096256684492,0.5218543046357615,0.28937007874015747,0.9078341013824884,0.6539752806601268,0.42302158273381296,0.5743099787685775,942,187,755
154,371,395,22,0.875,0.5156657963446475,0.29333333333333333,0.947242206235012,0.6953328981723237,0.4393723252496433,0.5828025477707006,942,176,766
154,358,401,29,0.8415300546448088,0.52832674571805,0.30078125,0.9325581395348838,0.6849284001814294,0.44316546762589926,0.589171974522293,942,183,759
160,358,397,27,0.8556149732620321,0.5258278145695364,0.3088803088803089,0.9363207547169812,0.6907213939157842,0.4539007092198582,0.5912951167728238,942,187,755
132,367,416,27,0.8301886792452831,0.5312899106002554,0.26452905811623245,0.9390519187358917,0.6807392949227693,0.40121580547112456,0.5817409766454352,942,159,783
155,358,393,36,0.8115183246073299,0.5233022636484687,0.30214424951267055,0.916083916083916,0.6674102941278992,0.4403409090909091,0.5817409766454352,942,191,751
175,344,395,28,0.8620689655172413,0.5345060893098782,0.3371868978805395,0.933806146572104,0.6982875274135598,0.4847645429362881,0.6050955414012739,942,203,739
160,333,419,30,0.8421052631578947,0.5571808510638298,0.32454361054766734,0.933184855233853,0.6996430571108623,0.4685212298682284,0.6146496815286624,942,190,752
144,349,417,32,0.8181818181818182,0.5443864229765013,0.2920892494929006,0.9287305122494433,0.6812841205791598,0.430493273542601,0.5955414012738853,942,176,766
137,362,419,24,0.8509316770186336,0.5364916773367477,0.2745490981963928,0.945823927765237,0.6937116771776907,0.41515151515151516,0.5902335456475584,942,161,781
148,393,365,36,0.8043478260869565,0.4815303430079156,0.2735674676524954,0.9102244389027432,0.6429390845474361,0.4082758620689656,0.5445859872611465,942,184,758
154,357,404,27,0.850828729281768,0.5308804204993429,0.3013698630136986,0.9373549883990719,0.6908545748905555,0.4450867052023121,0.5923566878980892,942,181,761
149,347,416,30,0.8324022346368715,0.54521625163827,0.3004032258064516,0.9327354260089686,0.6888092431375707,0.4414814814814815,0.5997876857749469,942,179,763
148,389,371,34,0.8131868131868132,0.4881578947368421,0.2756052141527002,0.9160493827160494,0.6506723539618277,0.41168289290681503,0.5509554140127388,942,182,760
145,339,422,36,0.8011049723756906,0.5545335085413929,0.29958677685950413,0.9213973799126638,0.6778192404585417,0.4360902255639098,0.6019108280254777,942,181,761
134,368,399,41,0.7657142857142857,0.5202086049543677,0.26693227091633465,0.9068181818181819,0.6429614453343266,0.3958641063515509,0.5658174097664543,942,175,767
121,384,409,28,0.8120805369127517,0.5157629255989912,0.2396039603960396,0.9359267734553776,0.6639217312558714,0.37003058103975534,0.5626326963906582,942,149,793
156,349,401,36,0.8125,0.5346666666666666,0.3089108910891089,0.9176201372997712,0.6735833333333333,0.44763271162123386,0.5912951167728238,942,192,750
159,367,390,26,0.8594594594594595,0.5151915455746368,0.30228136882129275,0.9375,0.6873255025170482,0.4472573839662447,0.5828025477707006,942,185,757
141,380,395,26,0.844311377245509,0.5096774193548387,0.2706333973128599,0.9382422802850356,0.6769943983001738,0.4098837209302325,0.5690021231422505,942,167,775
147,362,393,40,0.786096256684492,0.5205298013245033,0.2888015717092338,0.9076212471131639,0.6533130290044977,0.4224137931034483,0.5732484076433121,942,187,755
162,319,436,25,0.8663101604278075,0.5774834437086093,0.3367983367983368,0.9457700650759219,0.7218968020682084,0.48502994011976047,0.6348195329087049,942,187,755
140,337,435,30,0.8235294117647058,0.5634715025906736,0.29350104821802936,0.9354838709677419,0.6935004571776897,0.4327666151468315,0.6104033970276008,942,170,772
147,365,386,44,0.7696335078534031,0.5139813581890812,0.287109375,0.8976744186046511,0.6418074330212422,0.41820768136557607,0.5658174097664543,942,191,751
162,315,431,34,0.826530612244898,0.5777479892761395,0.33962264150943394,0.9268817204301075,0.7021393007605188,0.4814264487369985,0.6295116772823779,942,196,746
121,373,422,26,0.8231292517006803,0.5308176100628931,0.24493927125506074,0.9419642857142857,0.6769734308817867,0.3775351014040562,0.5764331210191083,942,147,795
163,353,401,25,0.8670212765957447,0.5318302387267905,0.31589147286821706,0.9413145539906104,0.6994257576612676,0.4630681818181818,0.5987261146496815,942,188,754
139,347,421,35,0.7988505747126436,0.5481770833333334,0.28600823045267487,0.9232456140350878,0.6735138290229885,0.4212121212121212,0.5944798301486199,942,174,768
143,356,408,35,0.8033707865168539,0.5340314136125655,0.2865731462925852,0.9209932279909706,0.6687011000647096,0.4224519940915805,0.5849256900212314,942,178,764
168,361,386,27,0.8615384615384616,0.5167336010709505,0.31758034026465026,0.9346246973365617,0.689136031304706,0.4640883977900553,0.5881104033970276,942,195,747
143,345,415,39,0.7857142857142857,0.5460526315789473,0.2930327868852459,0.9140969162995595,0.6658834586466165,0.42686567164179107,0.5923566878980892,942,182,760
155,361,390,36,0.8115183246073299,0.5193075898801598,0.3003875968992248,0.9154929577464789,0.6654129572437448,0.4384724186704384,0.578556263269639,942,191,751
144,354,407,37,0.7955801104972375,0.5348226018396847,0.2891566265060241,0.9166666666666666,0.6652013561684611,0.4241531664212076,0.5849256900212314,942,181,761
136,368,412,26,0.8395061728395061,0.5282051282051282,0.2698412698412698,0.9406392694063926,0.6838556505223172,0.40840840840840836,0.5817409766454352,942,162,780
172,340,388,42,0.8037383177570093,0.532967032967033,0.3359375,0.9023255813953488,0.6683526753620211,0.47382920110192844,0.5944798301486199,942,214,728
152,377,389,24,0.8636363636363636,0.5078328981723238,0.28733459357277885,0.9418886198547215,0.6857346309043437,0.4312056737588653,0.5743099787685775,942,176,766
154,351,409,28,0.8461538461538461,0.5381578947368421,0.30495049504950494,0.9359267734553776,0.6921558704453441,0.44832605531295483,0.5976645435244161,942,182,760
130,380,398,34,0.7926829268292683,0.5115681233933161,0.2549019607843137,0.9212962962962963,0.6521255251112923,0.3857566765578635,0.5605095541401274,942,164,778
146,332,419,45,0.7643979057591623,0.5579227696404794,0.3054393305439331,0.9030172413793104,0.6611603376998209,0.43647234678624813,0.5997876857749469,942,191,751
141,360,412,29,0.8294117647058824,0.533678756476684,0.281437125748503,0.9342403628117913,0.6815452605912832,0.42026825633383014,0.5870488322717622,942,170,772
129,365,409,39,0.7678571428571429,0.5284237726098191,0.2611336032388664,0.9129464285714286,0.6481404577334811,0.38972809667673725,0.5711252653927813,942,168,774
133,353,415,41,0.764367816091954,0.5403645833333334,0.2736625514403292,0.9100877192982456,0.6523661997126438,0.40303030303030296,0.5817409766454352,942,174,768
129,361,419,33,0.7962962962962963,0.5371794871794872,0.26326530612244897,0.9269911504424779,0.6667378917378917,0.3957055214723926,0.5817409766454352,942,162,780
146,369,402,25,0.8538011695906432,0.5214007782101168,0.283495145631068,0.9414519906323185,0.68760097390038,0.42565597667638483,0.5817409766454352,942,171,771
138,350,409,45,0.7540983606557377,0.538866930171278,0.2827868852459016,0.9008810572687225,0.6464826454135078,0.4113263785394933,0.5806794055201698,942,183,759
150,336,427,29,0.8379888268156425,0.5596330275229358,0.30864197530864196,0.9364035087719298,0.698810927169289,0.4511278195488722,0.6125265392781316,942,179,763
147,340,407,48,0.7538461538461538,0.5448460508701473,0.30184804928131415,0.8945054945054945,0.6493461023581506,0.4310850439882697,0.5881104033970276,942,195,747
155,337,415,35,0.8157894736842105,0.5518617021276596,0.3150406504065041,0.9222222222222223,0.6838255879059351,0.45454545454545453,0.6050955414012739,942,190,752
144,352,405,41,0.7783783783783784,0.535006605019815,0.2903225806451613,0.9080717488789237,0.6566924916990967,0.4229074889867842,0.5828025477707006,942,185,757
134,356,422,30,0.8170731707317073,0.5424164524421594,0.27346938775510204,0.9336283185840708,0.6797448115869333,0.40978593272171254,0.5902335456475584,942,164,778
136,357,417,32,0.8095238095238095,0.5387596899224806,0.27586206896551724,0.9287305122494433,0.674141749723145,0.4114977307110439,0.5870488322717622,942,168,774
157,332,425,28,0.8486486486486486,0.5614266842800528,0.3210633946830266,0.9381898454746137,0.7050376664643507,0.4658753709198813,0.6178343949044586,942,185,757
127,379,391,45,0.7383720930232558,0.5077922077922078,0.2509881422924901,0.8967889908256881,0.6230821504077317,0.3746312684365781,0.5498938428874734,942,172,770
174,344,392,32,0.8446601941747572,0.532608695652174,0.3359073359073359,0.9245283018867925,0.6886344449134656,0.4806629834254143,0.6008492569002123,942,206,736
136,346,428,32,0.8095238095238095,0.5529715762273901,0.2821576763485477,0.9304347826086956,0.6812476928755998,0.4184615384615384,0.5987261146496815,942,168,774
135,356,415,36,0.7894736842105263,0.5382619974059663,0.27494908350305497,0.9201773835920177,0.6638678408082463,0.40785498489425975,0.583864118895966,942,171,771
124,365,430,23,0.8435374149659864,0.5408805031446541,0.25357873210633947,0.9492273730684326,0.6922089590553202,0.389937106918239,0.5881104033970276,942,147,795
135,358,411,38,0.7803468208092486,0.5344603381014305,0.2738336713995943,0.9153674832962138,0.6574035794553394,0.4054054054054054,0.5796178343949044,942,173,769
134,362,414,32,0.8072289156626506,0.5335051546391752,0.2701612903225806,0.9282511210762332,0.670367035150913,0.40483383685800595,0.5817409766454352,942,166,776
134,326,441,41,0.7657142857142857,0.5749674054758801,0.29130434782608694,0.9149377593360996,0.6703408455950829,0.4220472440944882,0.6104033970276008,942,175,767
154,373,384,31,0.8324324324324325,0.5072655217965654,0.2922201138519924,0.9253012048192771,0.6698489771144989,0.4325842696629213,0.5711252653927813,942,185,757
147,352,408,35,0.8076923076923077,0.5368421052631579,0.29458917835671344,0.9209932279909706,0.6722672064777329,0.43171806167400884,0.589171974522293,942,182,760
149,346,416,31,0.8277777777777777,0.5459317585301837,0.301010101010101,0.930648769574944,0.6868547681539807,0.44148148148148153,0.5997876857749469,942,180,762
145,357,411,29,0.8333333333333334,0.53515625,0.28884462151394424,0.9340909090909091,0.6842447916666667,0.4289940828402367,0.5902335456475584,942,174,768
145,351,408,38,0.7923497267759563,0.5375494071146245,0.2923387096774194,0.9147982062780269,0.6649495669452904,0.427098674521355,0.5870488322717622,942,183,759
149,362,398,33,0.8186813186813187,0.5236842105263158,0.29158512720156554,0.9234338747099768,0.6711827646038172,0.43001443001443,0.5806794055201698,942,182,760
160,365,386,31,0.837696335078534,0.5139813581890812,0.3047619047619048,0.9256594724220624,0.6758388466338077,0.446927374301676,0.5796178343949044,942,191,751
132,364,407,39,0.7719298245614035,0.5278858625162127,0.2661290322580645,0.9125560538116592,0.6499078435388081,0.3958020989505247,0.5721868365180467,942,171,771
130,364,402,46,0.7386363636363636,0.5248041775456919,0.2631578947368421,0.8973214285714286,0.6317202705910278,0.3880597014925373,0.564755838641189,942,176,766
147,362,394,39,0.7903225806451613,0.5211640211640212,0.2888015717092338,0.9099307159353349,0.6557433009045912,0.42302158273381296,0.5743099787685775,942,186,756
125,350,424,43,0.7440476190476191,0.5478036175710594,0.2631578947368421,0.9079229122055674,0.6459256183093393,0.38880248833592534,0.5828025477707006,942,168,774
139,360,407,36,0.7942857142857143,0.530638852672751,0.2785571142284569,0.9187358916478555,0.6624622834792326,0.41246290801186947,0.5796178343949044,942,175,767
143,360,405,34,0.807909604519774,0.5294117647058824,0.28429423459244535,0.9225512528473804,0.6686606846128282,0.42058823529411765,0.5817409766454352,942,177,765
133,344,433,32,0.806060606060606,0.5572715572715573,0.27882599580712786,0.9311827956989247,0.6816660816660817,0.41433021806853576,0.6008492569002123,942,165,777
137,374,404,27,0.8353658536585366,0.519280205655527,0.26810176125244617,0.9373549883990719,0.6773230296570318,0.4059259259259259,0.5743099787685775,942,164,778
151,346,412,33,0.8206521739130435,0.5435356200527705,0.3038229376257545,0.9258426966292135,0.6820938969829069,0.44346549192364165,0.5976645435244161,942,184,758
151,349,411,31,0.8296703296703297,0.5407894736842105,0.302,0.9298642533936652,0.68522990167727,0.44281524926686217,0.5966029723991507,942,182,760
134,363,412,33,0.8023952095808383,0.5316129032258065,0.26961770623742454,0.9258426966292135,0.6670040564033224,0.40361445783132527,0.5796178343949044,942,167,775
145,337,422,38,0.7923497267759563,0.5559947299077734,0.3008298755186722,0.9173913043478261,0.6741722283418649,0.43609022556390975,0.6019108280254777,942,183,759
165,332,412,33,0.8333333333333334,0.553763440860215,0.3319919517102616,0.9258426966292135,0.6935483870967742,0.47482014388489213,0.6125265392781316,942,198,744
154,347,405,36,0.8105263157894737,0.538563829787234,0.3073852295409182,0.9183673469387755,0.6745450727883538,0.44573082489146165,0.5934182590233545,942,190,752
127,359,419,37,0.774390243902439,0.538560411311054,0.2613168724279835,0.918859649122807,0.6564753276067465,0.39076923076923076,0.5796178343949044,942,164,778
142,364,406,30,0.8255813953488372,0.5272727272727272,0.28063241106719367,0.9311926605504587,0.6764270613107822,0.4188790560471976,0.5817409766454352,942,172,770
145,357,407,33,0.8146067415730337,0.5327225130890052,0.28884462151394424,0.925,0.6736646273310194,0.4264705882352941,0.5859872611464968,942,178,764
123,378,411,30,0.803921568627451,0.5209125475285171,0.24550898203592814,0.9319727891156463,0.662417058077984,0.37614678899082565,0.5668789808917197,942,153,789
161,363,386,32,0.8341968911917098,0.5153538050734312,0.30725190839694655,0.9234449760765551,0.6747753481325705,0.4490934449093445,0.5806794055201698,942,193,749
166,331,414,31,0.8426395939086294,0.5557046979865772,0.33400402414486924,0.9303370786516854,0.6991721459476032,0.4783861671469741,0.6157112526539278,942,197,745
147,351,413,31,0.8258426966292135,0.5405759162303665,0.29518072289156627,0.9301801801801802,0.6832093064297899,0.4349112426035503,0.5944798301486199,942,178,764
139,355,402,46,0.7513513513513513,0.5310435931307794,0.2813765182186235,0.8973214285714286,0.6411974722410654,0.40942562592047127,0.5743099787685775,942,185,757
128,385,392,37,0.7757575757575758,0.5045045045045045,0.24951267056530213,0.9137529137529138,0.64013104013104,0.37758112094395274,0.5520169851380042,942,165,777
134,362,408,38,0.7790697674418605,0.5298701298701298,0.2701612903225806,0.9147982062780269,0.6544699486559952,0.40119760479041916,0.5753715498938429,942,172,770
141,350,420,31,0.8197674418604651,0.5454545454545454,0.28716904276985744,0.9312638580931264,0.6826109936575053,0.42533936651583704,0.5955414012738853,942,172,770
144,362,405,31,0.8228571428571428,0.5280312907431551,0.2845849802371542,0.9288990825688074,0.675444216800149,0.4229074889867842,0.5828025477707006,942,175,767
155,334,425,28,0.8469945355191257,0.5599472990777339,0.3169734151329243,0.9381898454746137,0.7034709172984298,0.46130952380952384,0.6157112526539278,942,183,759
163,367,392,20,0.8907103825136612,0.5164690382081687,0.30754716981132074,0.9514563106796117,0.703589710360915,0.45722300140252453,0.589171974522293,942,183,759
143,338,422,39,0.7857142857142857,0.5552631578947368,0.2972972972972973,0.9154013015184381,0.6704887218045112,0.43137254901960786,0.5997876857749469,942,182,760
153,351,394,44,0.7766497461928934,0.5288590604026846,0.30357142857142855,0.8995433789954338,0.652754403297789,0.4365192582025677,0.5806794055201698,942,197,745
131,352,432,27,0.8291139240506329,0.5510204081632653,0.2712215320910973,0.9411764705882353,0.6900671661069491,0.40873634945397813,0.5976645435244161,942,158,784
141,340,418,43,0.7663043478260869,0.5514511873350924,0.29313929313929316,0.9067245119305857,0.6588777675805897,0.42406015037593986,0.5934182590233545,942,184,758
153,344,417,28,0.8453038674033149,0.5479632063074902,0.30784708249496984,0.9370786516853933,0.6966335368554025,0.4513274336283187,0.6050955414012739,942,181,761
147,366,400,29,0.8352272727272727,0.5221932114882507,0.28654970760233917,0.9324009324009324,0.6787102421077618,0.4267053701015965,0.5806794055201698,942,176,766
163,347,405,27,0.8578947368421053,0.538563829787234,0.3196078431372549,0.9375,0.6982292833146697,0.4657142857142857,0.6029723991507431,942,190,752
151,371,392,28,0.8435754189944135,0.5137614678899083,0.289272030651341,0.9333333333333333,0.6786684434421608,0.4308131241084166,0.5764331210191083,942,179,763
138,356,411,37,0.7885714285714286,0.5358539765319427,0.2793522267206478,0.9174107142857143,0.6622127025516856,0.4125560538116593,0.5828025477707006,942,175,767
143,382,385,32,0.8171428571428572,0.5019556714471969,0.2723809523809524,0.9232613908872902,0.659549264295027,0.4085714285714286,0.5605095541401274,942,175,767
152,360,394,36,0.8085106382978723,0.5225464190981433,0.296875,0.9162790697674419,0.6655285286980077,0.4342857142857142,0.5796178343949044,942,188,754
143,350,408,41,0.7771739130434783,0.5382585751978892,0.29006085192697767,0.9086859688195991,0.6577162441206837,0.42245199409158046,0.5849256900212314,942,184,758
152,333,422,35,0.8128342245989305,0.5589403973509933,0.3134020618556701,0.9234135667396062,0.6858873109749619,0.4523809523809525,0.6093418259023354,942,187,755
132,363,420,27,0.8301886792452831,0.5363984674329502,0.26666666666666666,0.9395973154362416,0.6832935733391166,0.4036697247706422,0.5859872611464968,942,159,783
155,348,407,32,0.8288770053475936,0.5390728476821192,0.3081510934393638,0.9271070615034168,0.6839749265148564,0.4492753623188406,0.5966029723991507,942,187,755
136,378,399,29,0.8242424242424242,0.5135135135135135,0.26459143968871596,0.9322429906542056,0.6688779688779689,0.4005891016200295,0.5679405520169851,942,165,777
171,335,399,37,0.8221153846153846,0.5435967302452316,0.33794466403162055,0.9151376146788991,0.6828560574303081,0.4789915966386554,0.6050955414012739,942,208,734
162,355,390,35,0.8223350253807107,0.5234899328859061,0.31334622823984526,0.9176470588235294,0.6729124791333083,0.453781512605042,0.5859872611464968,942,197,745
121,353,429,39,0.75625,0.5485933503836317,0.2552742616033755,0.9166666666666666,0.6524216751918158,0.38170347003154576,0.583864118895966,942,160,782
143,328,436,35,0.8033707865168539,0.5706806282722513,0.3036093418259023,0.9256900212314225,0.6870257073945526,0.44067796610169485,0.6146496815286624,942,178,764
130,361,407,44,0.7471264367816092,0.5299479166666666,0.26476578411405294,0.9024390243902439,0.6385371767241379,0.39097744360902253,0.5700636942675159,942,174,768
136,359,412,35,0.7953216374269005,0.5343709468223087,0.27474747474747474,0.9217002237136466,0.6648462921246046,0.4084084084084084,0.5817409766454352,942,171,771
122,367,425,28,0.8133333333333334,0.5366161616161617,0.24948875255623723,0.9381898454746137,0.6749747474747475,0.3818466353677622,0.5806794055201698,942,150,792
139,344,423,36,0.7942857142857143,0.5514993481095176,0.28778467908902694,0.9215686274509803,0.6728925311976159,0.4224924012158055,0.5966029723991507,942,175,767
134,348,420,40,0.7701149425287356,0.546875,0.27800829875518673,0.9130434782608695,0.6584949712643677,0.4085365853658537,0.5881104033970276,942,174,768
142,341,430,29,0.8304093567251462,0.5577172503242542,0.2939958592132505,0.9368191721132898,0.6940633035247001,0.43425076452599387,0.6072186836518046,942,171,771
130,350,425,37,0.7784431137724551,0.5483870967741935,0.2708333333333333,0.9199134199134199,0.6634151052733244,0.40185471406491496,0.589171974522293,942,167,775
135,377,402,28,0.8282208588957055,0.5160462130937099,0.263671875,0.9348837209302325,0.6721335359947077,0.39999999999999997,0.5700636942675159,942,163,779
136,352,418,36,0.7906976744186046,0.5428571428571428,0.2786885245901639,0.920704845814978,0.6667774086378737,0.4121212121212121,0.5881104033970276,942,172,770
137,353,405,47,0.7445652173913043,0.5343007915567283,0.2795918367346939,0.8960176991150443,0.6394330044740163,0.4065281899109793,0.5753715498938429,942,184,758
138,362,400,42,0.7666666666666667,0.5249343832020997,0.276,0.9049773755656109,0.6458005249343832,0.40588235294117647,0.5711252653927813,942,180,762
143,360,400,39,0.7857142857142857,0.5263157894736842,0.28429423459244535,0.9111617312072893,0.6560150375939849,0.4175182481751825,0.5764331210191083,942,182,760
131,353,420,38,0.7751479289940828,0.5433376455368694,0.2706611570247934,0.9170305676855895,0.659242787265476,0.4012251148545176,0.5849256900212314,942,169,773
140,376,406,20,0.875,0.5191815856777494,0.2713178294573643,0.9530516431924883,0.6970907928388748,0.4142011834319526,0.5796178343949044,942,160,782
141,365,410,26,0.844311377245509,0.5290322580645161,0.27865612648221344,0.9403669724770642,0.6866718176550126,0.41901931649331353,0.5849256900212314,942,167,775
166,334,400,42,0.7980769230769231,0.5449591280653951,0.332,0.9049773755656109,0.6715180255711591,0.46892655367231634,0.6008492569002123,942,208,734
159,332,417,34,0.8238341968911918,0.5567423230974633,0.32382892057026474,0.9246119733924612,0.6902882599943275,0.4649122807017544,0.6114649681528662,942,193,749
139,363,405,35,0.7988505747126436,0.52734375,0.27689243027888444,0.9204545454545454,0.6630971623563218,0.4112426035502958,0.5774946921443737,942,174,768
134,358,414,36,0.788235294117647,0.5362694300518135,0.27235772357723576,0.92,0.6622523620847303,0.404833836858006,0.5817409766454352,942,170,772
147,366,391,38,0.7945945945945946,0.5165125495376486,0.28654970760233917,0.9114219114219114,0.6555535720661216,0.4212034383954154,0.5711252653927813,942,185,757
140,345,423,34,0.8045977011494253,0.55078125,0.28865979381443296,0.925601750547046,0.6776894755747127,0.424886191198786,0.5976645435244161,942,174,768
141,348,416,37,0.7921348314606742,0.5445026178010471,0.2883435582822086,0.9183222958057395,0.6683187246308606,0.4227886056971515,0.5912951167728238,942,178,764
129,369,417,27,0.8269230769230769,0.5305343511450382,0.25903614457831325,0.9391891891891891,0.6787287140340575,0.3944954128440368,0.5796178343949044,942,156,786
136,368,407,31,0.8143712574850299,0.5251612903225806,0.2698412698412698,0.9292237442922374,0.6697662739038053,0.40536512667660207,0.5764331210191083,942,167,775
148,367,390,37,0.8,0.5151915455746368,0.287378640776699,0.9133489461358314,0.6575957727873184,0.4228571428571428,0.5711252653927813,942,185,757
142,367,410,23,0.8606060606060606,0.5276705276705277,0.27897838899803534,0.9468822170900693,0.6941382941382941,0.42136498516320475,0.5859872611464968,942,165,777
142,325,442,33,0.8114285714285714,0.576271186440678,0.30406852248394006,0.9305263157894736,0.6938498789346247,0.4423676012461059,0.6199575371549894,942,175,767
126,366,424,26,0.8289473684210527,0.5367088607594936,0.25609756097560976,0.9422222222222222,0.6828281145902731,0.3913043478260869,0.583864118895966,942,152,790
142,372,389,39,0.7845303867403315,0.5111695137976346,0.27626459143968873,0.9088785046728972,0.6478499502689831,0.4086330935251799,0.5636942675159236,942,181,761
159,318,438,27,0.8548387096774194,0.5793650793650794,0.3333333333333333,0.9419354838709677,0.7171018945212494,0.47963800904977366,0.6337579617834395,942,186,756
144,364,398,36,0.8,0.5223097112860893,0.28346456692913385,0.9170506912442397,0.6611548556430447,0.4186046511627907,0.5753715498938429,942,180,762
147,360,405,30,0.8305084745762712,0.5294117647058824,0.28994082840236685,0.9310344827586207,0.6799601196410767,0.4298245614035088,0.5859872611464968,942,177,765
168,323,413,38,0.8155339805825242,0.561141304347826,0.3421588594704684,0.9157427937915743,0.6883376424651751,0.4820659971305596,0.6167728237791932,942,206,736
160,352,393,37,0.8121827411167513,0.5275167785234899,0.3125,0.913953488372093,0.6698497598201205,0.45133991537376583,0.5870488322717622,942,197,745
143,373,391,35,0.8033707865168539,0.5117801047120419,0.2771317829457364,0.9178403755868545,0.6575754456144479,0.41210374639769454,0.5668789808917197,942,178,764
172,346,393,31,0.8472906403940886,0.5317997293640054,0.33204633204633205,0.9268867924528302,0.689545184879047,0.4771151178918168,0.5997876857749469,942,203,739
124,381,403,34,0.7848101265822784,0.514030612244898,0.24554455445544554,0.9221967963386728,0.6494203694135883,0.3740573152337858,0.559447983014862,942,158,784
137,381,388,36,0.791907514450867,0.5045513654096229,0.2644787644787645,0.9150943396226415,0.648229439930245,0.39652677279305354,0.5573248407643312,942,173,769
116,373,414,39,0.7483870967741936,0.5260482846251588,0.23721881390593047,0.9139072847682119,0.6372176906996763,0.36024844720496896,0.5626326963906582,942,155,787
136,356,405,45,0.7513812154696132,0.5321944809461235,0.2764227642276423,0.9,0.6417878482078684,0.4041604754829123,0.5743099787685775,942,181,761
143,354,408,37,0.7944444444444444,0.5354330708661418,0.28772635814889336,0.9168539325842696,0.6649387576552931,0.4224519940915805,0.5849256900212314,942,180,762
146,381,376,39,0.7891891891891892,0.4966974900924703,0.27703984819734345,0.9060240963855422,0.6429433396408297,0.41011235955056186,0.554140127388535,942,185,757
138,346,431,27,0.8363636363636363,0.5546975546975547,0.28512396694214875,0.9410480349344978,0.6955305955305955,0.4252696456086287,0.6040339702760085,942,165,777
145,381,386,30,0.8285714285714286,0.5032594524119948,0.27566539923954375,0.9278846153846154,0.6659154404917117,0.4136947218259629,0.5636942675159236,942,175,767
147,348,406,41,0.7819148936170213,0.5384615384615384,0.296969696969697,0.9082774049217002,0.6601882160392798,0.4304538799414349,0.5870488322717622,942,188,754
141,357,402,42,0.7704918032786885,0.5296442687747036,0.28313253012048195,0.9054054054054054,0.650068036026696,0.41409691629955947,0.5764331210191083,942,183,759
148,336,428,30,0.8314606741573034,0.5602094240837696,0.30578512396694213,0.9344978165938864,0.6958350491205365,0.44712990936555896,0.6114649681528662,942,178,764
145,354,403,40,0.7837837837837838,0.5323645970937912,0.2905811623246493,0.909706546275395,0.6580741904387875,0.42397660818713456,0.5817409766454352,942,185,757
146,371,387,38,0.7934782608695652,0.5105540897097626,0.28239845261121854,0.9105882352941177,0.6520161752896638,0.41654778887303845,0.5658174097664543,942,184,758
145,347,413,37,0.7967032967032966,0.5434210526315789,0.29471544715447157,0.9177777777777778,0.6700621746674378,0.43026706231454004,0.5923566878980892,942,182,760
128,349,429,36,0.7804878048780488,0.5514138817480719,0.26834381551362685,0.9225806451612903,0.6659508433130603,0.3993759750390016,0.5912951167728238,942,164,778
132,345,427,38,0.7764705882352941,0.5531088082901554,0.27672955974842767,0.9182795698924732,0.6647896982627248,0.40803709428129825,0.5934182590233545,942,170,772
147,362,400,33,0.8166666666666667,0.5249343832020997,0.2888015717092338,0.9237875288683602,0.6708005249343831,0.42670537010159654,0.5806794055201698,942,180,762
126,375,414,27,0.8235294117647058,0.5247148288973384,0.25149700598802394,0.9387755102040817,0.6741221203310221,0.38532110091743116,0.5732484076433121,942,153,789
152,380,383,27,0.8491620111731844,0.5019659239842726,0.2857142857142857,0.9341463414634147,0.6755639675787285,0.42756680731364277,0.5679405520169851,942,179,763
139,347,428,28,0.8323353293413174,0.552258064516129,0.28600823045267487,0.9385964912280702,0.6922966969287232,0.4257274119448698,0.6019108280254777,942,167,775
151,346,414,31,0.8296703296703297,0.5447368421052632,0.3038229376257545,0.9303370786516854,0.6872035858877965,0.44477172312223856,0.5997876857749469,942,182,760
156,349,400,37,0.8082901554404145,0.5340453938584779,0.3089108910891089,0.9153318077803204,0.6711677746494462,0.4469914040114613,0.5902335456475584,942,193,749
135,348,426,33,0.8035714285714286,0.5503875968992248,0.2795031055900621,0.9281045751633987,0.6769795127353266,0.4147465437788018,0.5955414012738853,942,168,774
143,368,412,19,0.8827160493827161,0.5282051282051282,0.27984344422700586,0.9559164733178654,0.7054605887939221,0.424962852897474,0.589171974522293,942,162,780
129,358,420,35,0.7865853658536586,0.5398457583547558,0.2648870636550308,0.9230769230769231,0.6632155621042072,0.3963133640552995,0.5828025477707006,942,164,778
130,371,419,22,0.8552631578947368,0.5303797468354431,0.25948103792415167,0.9501133786848073,0.69282145236509,0.3981623277182235,0.5828025477707006,942,152,790
148,354,409,31,0.8268156424581006,0.5360419397116645,0.2948207171314741,0.9295454545454546,0.6814287910848825,0.4346549192364171,0.5912951167728238,942,179,763
159,337,399,47,0.7718446601941747,0.5421195652173914,0.32056451612903225,0.8946188340807175,0.6569821127057831,0.45299145299145294,0.5923566878980892,942,206,736
140,360,410,32,0.813953488372093,0.5324675324675324,0.28,0.9276018099547512,0.6732105104198127,0.41666666666666674,0.583864118895966,942,172,770
169,327,412,34,0.8325123152709359,0.557510148849797,0.3407258064516129,0.9237668161434978,0.6950112320603665,0.48354792560801135,0.6167728237791932,942,203,739
144,329,438,31,0.8228571428571428,0.5710560625814863,0.3044397463002114,0.9339019189765458,0.6969566027193146,0.4444444444444445,0.6178343949044586,942,175,767
130,366,405,41,0.7602339181286549,0.5252918287937743,0.2620967741935484,0.9080717488789237,0.6427628734612146,0.3898050974512744,0.5679405520169851,942,171,771
132,363,415,32,0.8048780487804879,0.5334190231362468,0.26666666666666666,0.9284116331096197,0.6691485359583673,0.4006069802731411,0.5806794055201698,942,164,778
142,346,426,28,0.8352941176470589,0.5518134715025906,0.29098360655737704,0.9383259911894273,0.6935537945748247,0.43161094224924007,0.6029723991507431,942,170,772
155,364,395,28,0.8469945355191257,0.5204216073781291,0.29865125240847784,0.933806146572104,0.6837080714486274,0.44159544159544156,0.583864118895966,942,183,759
154,361,400,27,0.850828729281768,0.5256241787122208,0.29902912621359223,0.936768149882904,0.6882264539969944,0.4425287356321839,0.5881104033970276,942,181,761
139,356,423,24,0.852760736196319,0.5430038510911425,0.2808080808080808,0.9463087248322147,0.6978822936437308,0.4224924012158054,0.5966029723991507,942,163,779
144,366,403,29,0.8323699421965318,0.5240572171651495,0.2823529411764706,0.9328703703703703,0.6782135796808406,0.4216691068814056,0.5806794055201698,942,173,769
139,345,420,38,0.7853107344632768,0.5490196078431373,0.2871900826446281,0.9170305676855895,0.6671651711532071,0.4205748865355522,0.5934182590233545,942,177,765
136,343,428,35,0.7953216374269005,0.5551232166018158,0.2839248434237996,0.9244060475161987,0.6752224270143582,0.4184615384615385,0.5987261146496815,942,171,771
134,353,427,28,0.8271604938271605,0.5474358974358975,0.2751540041067762,0.9384615384615385,0.6872981956315289,0.41294298921417566,0.5955414012738853,942,162,780
143,350,418,31,0.8218390804597702,0.5442708333333334,0.29006085192697767,0.9309576837416481,0.6830549568965518,0.42878560719640185,0.5955414012738853,942,174,768
151,357,401,33,0.8206521739130435,0.5290237467018469,0.297244094488189,0.923963133640553,0.6748379603074453,0.4364161849710983,0.5859872611464968,942,184,758
144,383,380,35,0.8044692737430168,0.4980340760157274,0.2732447817836812,0.9156626506024096,0.6512516748793721,0.4079320113314448,0.5562632696390658,942,179,763
143,370,399,30,0.8265895953757225,0.5188556566970091,0.2787524366471735,0.9300699300699301,0.6727226260363658,0.41690962099125367,0.5753715498938429,942,173,769
133,356,420,33,0.8012048192771084,0.5412371134020618,0.2719836400817996,0.9271523178807947,0.6712209663395852,0.40610687022900765,0.5870488322717622,942,166,776
150,354,399,39,0.7936507936507936,0.5298804780876494,0.2976190476190476,0.910958904109589,0.6617656358692214,0.4329004329004329,0.5828025477707006,942,189,753
162,342,402,36,0.8181818181818182,0.5403225806451613,0.32142857142857145,0.9178082191780822,0.6792521994134897,0.46153846153846156,0.5987261146496815,942,198,744
156,353,399,34,0.8210526315789474,0.5305851063829787,0.30648330058939094,0.9214780600461894,0.675818868980963,0.44635193133047213,0.589171974522293,942,190,752
149,334,420,39,0.7925531914893617,0.5570291777188329,0.3084886128364389,0.9150326797385621,0.6747911846040973,0.4441132637853949,0.6040339702760085,942,188,754
140,383,388,31,0.8187134502923976,0.503242542153048,0.2676864244741874,0.9260143198090692,0.6609779962227228,0.4034582132564841,0.5605095541401274,942,171,771
149,335,417,41,0.7842105263157895,0.5545212765957447,0.30785123966942146,0.9104803493449781,0.6693659014557671,0.4421364985163204,0.6008492569002123,942,190,752
168,358,384,32,0.84,0.5175202156334232,0.3193916349809886,0.9230769230769231,0.6787601078167116,0.4628099173553719,0.5859872611464968,942,200,742
157,339,407,39,0.8010204081632653,0.5455764075067024,0.3165322580645161,0.9125560538116592,0.6732984078349838,0.45375722543352603,0.5987261146496815,942,196,746
147,349,411,35,0.8076923076923077,0.5407894736842105,0.2963709677419355,0.92152466367713,0.6742408906882591,0.4336283185840708,0.5923566878980892,942,182,760
148,317,447,30,0.8314606741573034,0.5850785340314136,0.31827956989247314,0.9371069182389937,0.7082696040943586,0.4603421461897356,0.6316348195329087,942,178,764
126,354,434,28,0.8181818181818182,0.550761421319797,0.2625,0.9393939393939394,0.6844716197508076,0.3974763406940063,0.5944798301486199,942,154,788
145,387,379,31,0.8238636363636364,0.49477806788511747,0.2725563909774436,0.9243902439024391,0.659320852124377,0.4096045197740113,0.5562632696390658,942,176,766
147,358,406,31,0.8258426966292135,0.5314136125654451,0.29108910891089107,0.9290617848970252,0.6786281545973293,0.4304538799414348,0.5870488322717622,942,178,764
150,331,414,47,0.7614213197969543,0.5557046979865772,0.31185031185031187,0.8980477223427332,0.6585630088917658,0.44247787610619466,0.5987261146496815,942,197,745
153,359,389,41,0.788659793814433,0.5200534759358288,0.298828125,0.9046511627906977,0.6543566348751308,0.4334277620396601,0.5753715498938429,942,194,748
161,371,385,25,0.8655913978494624,0.5092592592592593,0.3026315789473684,0.9390243902439024,0.6874253285543608,0.44846796657381616,0.5796178343949044,942,186,756
135,351,430,26,0.8385093167701864,0.5505761843790012,0.2777777777777778,0.9429824561403509,0.6945427505745938,0.4173106646058733,0.5997876857749469,942,161,781
143,341,422,36,0.7988826815642458,0.5530799475753604,0.29545454545454547,0.9213973799126638,0.675981314569803,0.43137254901960786,0.5997876857749469,942,179,763
143,350,413,36,0.7988826815642458,0.5412844036697247,0.29006085192697767,0.9198218262806236,0.6700835426169853,0.4255952380952381,0.5902335456475584,942,179,763
146,377,391,28,0.8390804597701149,0.5091145833333334,0.27915869980879543,0.9331742243436754,0.6740975215517242,0.4189383070301292,0.5700636942675159,942,174,768
152,349,399,42,0.7835051546391752,0.5334224598930482,0.3033932135728543,0.9047619047619048,0.6584638072661118,0.43741007194244613,0.5849256900212314,942,194,748
141,368,401,32,0.815028901734104,0.5214564369310793,0.2770137524557957,0.9260969976905312,0.6682426693325917,0.4134897360703812,0.5753715498938429,942,173,769
139,362,415,26,0.8424242424242424,0.5341055341055341,0.2774451097804391,0.9410430839002267,0.6882648882648883,0.41741741741741745,0.5881104033970276,942,165,777
134,357,424,27,0.8322981366459627,0.5428937259923176,0.2729124236252546,0.9401330376940134,0.6875959313191402,0.41104294478527603,0.5923566878980892,942,161,781
151,337,431,23,0.867816091954023,0.5611979166666666,0.3094262295081967,0.9493392070484582,0.7145070043103448,0.4561933534743203,0.6178343949044586,942,174,768
135,334,438,35,0.7941176470588235,0.5673575129533679,0.2878464818763326,0.9260042283298098,0.6807375800060957,0.4225352112676056,0.60828025477707,942,170,772
141,357,410,34,0.8057142857142857,0.5345501955671447,0.28313253012048195,0.9234234234234234,0.6701322406407152,0.41901931649331353,0.5849256900212314,942,175,767
149,342,415,36,0.8054054054054054,0.5482166446499339,0.3034623217922607,0.9201773835920177,0.6768110250276697,0.4408284023668639,0.5987261146496815,942,185,757
160,366,382,34,0.8247422680412371,0.5106951871657754,0.3041825095057034,0.9182692307692307,0.6677187276035063,0.4444444444444445,0.5753715498938429,942,194,748
168,337,394,43,0.7962085308056872,0.5389876880984952,0.3326732673267327,0.9016018306636155,0.6675981094520912,0.4692737430167598,0.5966029723991507,942,211,731
135,395,388,24,0.8490566037735849,0.4955300127713921,0.25471698113207547,0.941747572815534,0.6722933082724885,0.39187227866473145,0.5552016985138004,942,159,783
146,344,423,29,0.8342857142857143,0.5514993481095176,0.2979591836734694,0.9358407079646017,0.692892531197616,0.4390977443609023,0.6040339702760085,942,175,767
142,332,435,33,0.8114285714285714,0.5671447196870926,0.29957805907172996,0.9294871794871795,0.6892866455578319,0.43759630200308164,0.6125265392781316,942,175,767
164,323,414,41,0.8,0.5617367706919946,0.33675564681724846,0.9098901098901099,0.6808683853459974,0.47398843930635837,0.613588110403397,942,205,737
144,352,414,32,0.8181818181818182,0.5404699738903395,0.2903225806451613,0.9282511210762332,0.6793258960360788,0.4285714285714286,0.5923566878980892,942,176,766
128,369,421,24,0.8421052631578947,0.5329113924050632,0.2575452716297787,0.946067415730337,0.687508327781479,0.3944530046224962,0.5828025477707006,942,152,790
150,366,392,34,0.8152173913043478,0.5171503957783641,0.29069767441860467,0.92018779342723,0.666183893541356,0.4285714285714286,0.5753715498938429,942,184,758
152,352,406,32,0.8260869565217391,0.5356200527704486,0.30158730158730157,0.9269406392694064,0.6808535046460938,0.4418604651162791,0.5923566878980892,942,184,758
135,350,418,39,0.7758620689655172,0.5442708333333334,0.27835051546391754,0.9146608315098468,0.6600664511494253,0.40971168437025796,0.5870488322717622,942,174,768
135,378,403,26,0.8385093167701864,0.5160051216389244,0.2631578947368421,0.9393939393939394,0.6772572192045554,0.400593471810089,0.5711252653927813,942,161,781
149,338,419,36,0.8054054054054054,0.5535006605019815,0.3059548254620123,0.9208791208791208,0.6794530329536934,0.4434523809523809,0.6029723991507431,942,185,757
148,367,394,33,0.8176795580110497,0.5177398160315374,0.287378640776699,0.9227166276346604,0.6677096870212935,0.425287356321839,0.5753715498938429,942,181,761
136,333,438,35,0.7953216374269005,0.5680933852140078,0.2899786780383795,0.9260042283298098,0.6817075113204542,0.42499999999999993,0.6093418259023354,942,171,771
153,351,397,41,0.788659793814433,0.5307486631016043,0.30357142857142855,0.906392694063927,0.6597042284580186,0.4383954154727794,0.583864118895966,942,194,748
131,371,407,33,0.7987804878048781,0.5231362467866324,0.26095617529880477,0.925,0.6609583672957553,0.3933933933933934,0.5711252653927813,942,164,778
143,367,403,29,0.8313953488372093,0.5233766233766234,0.2803921568627451,0.9328703703703703,0.6773859861069164,0.41935483870967744,0.5796178343949044,942,172,770
144,369,395,34,0.8089887640449438,0.5170157068062827,0.2807017543859649,0.9207459207459208,0.6630022354256133,0.4167872648335745,0.5721868365180467,942,178,764
139,351,419,33,0.8081395348837209,0.5441558441558442,0.2836734693877551,0.9269911504424779,0.6761476895197825,0.419939577039275,0.5923566878980892,942,172,770
152,347,414,29,0.8397790055248618,0.5440210249671484,0.3046092184368738,0.9345372460496614,0.6919000152460051,0.4470588235294118,0.6008492569002123,942,181,761
167,347,388,40,0.8067632850241546,0.527891156462585,0.32490272373540857,0.9065420560747663,0.6673272207433698,0.463245492371706,0.589171974522293,942,207,735
149,338,423,32,0.8232044198895028,0.5558475689881734,0.3059548254620123,0.9296703296703297,0.6895259944388381,0.44610778443113763,0.6072186836518046,942,181,761
151,313,436,42,0.7823834196891192,0.582109479305741,0.3254310344827586,0.9121338912133892,0.6822464494974301,0.4596651445966515,0.6231422505307855,942,193,749
138,371,401,32,0.8117647058823529,0.5194300518134715,0.27111984282907664,0.9260969976905312,0.6655973788479121,0.40648011782032406,0.5721868365180467,942,170,772
159,348,400,35,0.8195876288659794,0.5347593582887701,0.3136094674556213,0.9195402298850575,0.6771734935773748,0.45363766048502135,0.5934182590233545,942,194,748
152,381,373,36,0.8085106382978723,0.4946949602122016,0.2851782363977486,0.9119804400977995,0.651602799255037,0.42163661581137307,0.5573248407643312,942,188,754
159,354,391,38,0.8071065989847716,0.5248322147651007,0.30994152046783624,0.9114219114219114,0.6659694068749361,0.44788732394366193,0.583864118895966,942,197,745
144,367,395,36,0.8,0.5183727034120735,0.28180039138943247,0.9164733178654292,0.6591863517060368,0.41678726483357453,0.5721868365180467,942,180,762
143,377,392,30,0.8265895953757225,0.5097529258777633,0.275,0.9289099526066351,0.6681712606267429,0.4126984126984127,0.5679405520169851,942,173,769
152,367,385,38,0.8,0.511968085106383,0.2928709055876686,0.9101654846335697,0.6559840425531915,0.4287729196050776,0.5700636942675159,942,190,752
170,336,409,27,0.8629441624365483,0.548993288590604,0.3359683794466403,0.9380733944954128,0.7059687255135761,0.48364153627311524,0.6146496815286624,942,197,745
144,327,442,29,0.8323699421965318,0.5747724317295189,0.3057324840764331,0.9384288747346072,0.7035711869630253,0.44720496894409945,0.6220806794055201,942,173,769
149,334,425,34,0.8142076502732241,0.5599472990777339,0.3084886128364389,0.9259259259259259,0.687077474675479,0.4474474474474475,0.6093418259023354,942,183,759
141,358,414,29,0.8294117647058824,0.5362694300518135,0.28256513026052105,0.9345372460496614,0.682840597378848,0.42152466367713004,0.589171974522293,942,170,772
135,347,421,39,0.7758620689655172,0.5481770833333334,0.2800829875518672,0.9152173913043479,0.6620195761494253,0.4115853658536585,0.5902335456475584,942,174,768
116,342,445,39,0.7483870967741936,0.565438373570521,0.25327510917030566,0.9194214876033058,0.6569127351723573,0.37846655791190864,0.5955414012738853,942,155,787
145,343,420,34,0.8100558659217877,0.5504587155963303,0.29713114754098363,0.9251101321585903,0.6802572907590589,0.4347826086956522,0.5997876857749469,942,179,763
153,341,416,32,0.827027027027027,0.5495376486129459,0.3097165991902834,0.9285714285714286,0.6882823378199865,0.45066273932253303,0.6040339702760085,942,185,757
130,353,424,35,0.7878787878787878,0.5456885456885456,0.2691511387163561,0.9237472766884531,0.6667836667836667,0.4012345679012345,0.5881104033970276,942,165,777
155,368,390,29,0.842391304347826,0.5145118733509235,0.29636711281070743,0.9307875894988067,0.6784515888493747,0.43847241867043846,0.578556263269639,942,184,758
140,352,430,20,0.875,0.5498721227621484,0.2845528455284553,0.9555555555555556,0.7124360613810742,0.4294478527607361,0.6050955414012739,942,160,782
129,376,398,39,0.7678571428571429,0.5142118863049095,0.25544554455445545,0.9107551487414187,0.6410345145810262,0.38335809806835064,0.559447983014862,942,168,774
152,331,415,44,0.7755102040816326,0.5563002680965148,0.3146997929606625,0.9041394335511983,0.6659052360890737,0.4477172312223859,0.6019108280254777,942,196,746
142,352,422,26,0.8452380952380952,0.5452196382428941,0.2874493927125506,0.9419642857142857,0.6952288667404947,0.4290030211480362,0.5987261146496815,942,168,774
143,342,430,27,0.8411764705882353,0.5569948186528497,0.2948453608247423,0.9409190371991247,0.6990856446205425,0.4366412213740458,0.60828025477707,942,170,772
155,343,405,39,0.7989690721649485,0.5414438502673797,0.3112449799196787,0.9121621621621622,0.6702064612161641,0.44797687861271673,0.5944798301486199,942,194,748
148,343,418,33,0.8176795580110497,0.5492772667542707,0.3014256619144603,0.926829268292683,0.6834784123826603,0.44047619047619047,0.6008492569002123,942,181,761
143,362,402,35,0.8033707865168539,0.5261780104712042,0.28316831683168314,0.919908466819222,0.6647743984940291,0.41874084919472915,0.578556263269639,942,178,764
152,347,409,34,0.8172043010752689,0.541005291005291,0.3046092184368738,0.9232505643340858,0.67910479604028,0.4437956204379563,0.5955414012738853,942,186,756
148,354,417,23,0.8654970760233918,0.5408560311284046,0.2948207171314741,0.9477272727272728,0.7031765535758983,0.43982169390787523,0.5997876857749469,942,171,771
131,358,414,39,0.7705882352941177,0.5362694300518135,0.26789366053169733,0.9139072847682119,0.6534288326729656,0.3975720789074355,0.578556263269639,942,170,772
142,376,392,32,0.8160919540229885,0.5104166666666666,0.27413127413127414,0.9245283018867925,0.6632543103448276,0.4104046242774567,0.5668789808917197,942,174,768
140,366,395,41,0.7734806629834254,0.519053876478318,0.2766798418972332,0.9059633027522935,0.6462672697308718,0.4075691411935954,0.5679405520169851,942,181,761
137,356,403,46,0.7486338797814208,0.530961791831357,0.2778904665314402,0.8975501113585747,0.6397978358063889,0.40532544378698226,0.5732484076433121,942,183,759
158,375,375,34,0.8229166666666666,0.5,0.2964352720450281,0.9168704156479217,0.6614583333333333,0.43586206896551716,0.5658174097664543,942,192,750
147,363,400,32,0.8212290502793296,0.5242463958060288,0.28823529411764703,0.9259259259259259,0.6727377230426792,0.4267053701015965,0.5806794055201698,942,179,763
130,350,429,33,0.7975460122699386,0.5507060333761232,0.2708333333333333,0.9285714285714286,0.6741260228230309,0.4043545878693623,0.5934182590233545,942,163,779
139,344,418,41,0.7722222222222223,0.5485564304461942,0.28778467908902694,0.9106753812636166,0.6603893263342082,0.4193061840120664,0.5912951167728238,942,180,762
140,369,395,38,0.7865168539325843,0.5170157068062827,0.275049115913556,0.9122401847575058,0.6517662803694335,0.4075691411935954,0.5679405520169851,942,178,764
155,372,389,26,0.856353591160221,0.5111695137976346,0.29411764705882354,0.9373493975903614,0.6837615524789278,0.4378531073446328,0.5774946921443737,942,181,761
156,350,406,30,0.8387096774193549,0.5370370370370371,0.308300395256917,0.9311926605504587,0.687873357228196,0.45086705202312133,0.5966029723991507,942,186,756
144,359,398,41,0.7783783783783784,0.5257595772787318,0.28628230616302186,0.9066059225512528,0.6520689778285551,0.41860465116279066,0.5753715498938429,942,185,757
132,351,427,32,0.8048780487804879,0.5488431876606684,0.2732919254658385,0.9302832244008714,0.6768606182205781,0.4080370942812983,0.5934182590233545,942,164,778
171,361,385,25,0.8724489795918368,0.5160857908847185,0.32142857142857145,0.9390243902439024,0.6942673852382777,0.4697802197802198,0.5902335456475584,942,196,746
138,369,400,35,0.7976878612716763,0.5201560468140443,0.27218934911242604,0.9195402298850575,0.6589219540428604,0.4058823529411765,0.5711252653927813,942,173,769
140,371,386,45,0.7567567567567568,0.5099075297225891,0.273972602739726,0.8955916473317865,0.633332143239673,0.40229885057471265,0.5583864118895966,942,185,757
148,369,394,31,0.8268156424581006,0.5163826998689384,0.2862669245647969,0.9270588235294117,0.6715991711635194,0.4252873563218391,0.5753715498938429,942,179,763
131,358,414,39,0.7705882352941177,0.5362694300518135,0.26789366053169733,0.9139072847682119,0.6534288326729656,0.3975720789074355,0.578556263269639,942,170,772
147,355,410,30,0.8305084745762712,0.5359477124183006,0.29282868525896416,0.9318181818181818,0.6832280934972859,0.4329896907216495,0.5912951167728238,942,177,765
136,372,409,25,0.84472049689441,0.5236875800256082,0.2677165354330709,0.9423963133640553,0.6842040384600091,0.406576980568012,0.578556263269639,942,161,781
145,332,434,31,0.8238636363636364,0.566579634464752,0.3039832285115304,0.9333333333333333,0.6952216354141942,0.44410413476263405,0.6146496815286624,942,176,766
155,347,399,41,0.7908163265306123,0.5348525469168901,0.30876494023904383,0.9068181818181819,0.6628344367237512,0.44412607449856734,0.5881104033970276,942,196,746
154,334,424,30,0.8369565217391305,0.5593667546174143,0.3155737704918033,0.933920704845815,0.6981616381782724,0.45833333333333337,0.613588110403397,942,184,758
146,337,425,34,0.8111111111111111,0.5577427821522309,0.3022774327122153,0.9259259259259259,0.684426946631671,0.44042232277526394,0.6061571125265393,942,180,762
144,367,399,32,0.8181818181818182,0.52088772845953,0.28180039138943247,0.925754060324826,0.6695347733206741,0.41921397379912656,0.5764331210191083,942,176,766
122,365,420,35,0.7770700636942676,0.535031847133758,0.25051334702258726,0.9230769230769231,0.6560509554140128,0.3788819875776397,0.5753715498938429,942,157,785
150,368,394,30,0.8333333333333334,0.5170603674540682,0.28957528957528955,0.9292452830188679,0.6751968503937008,0.4297994269340974,0.5774946921443737,942,180,762
142,376,396,28,0.8352941176470589,0.5129533678756477,0.27413127413127414,0.9339622641509434,0.6741237427613533,0.4127906976744186,0.5711252653927813,942,170,772
147,366,402,27,0.8448275862068966,0.5234375,0.28654970760233917,0.9370629370629371,0.6841325431034483,0.4279475982532751,0.5828025477707006,942,174,768
151,354,404,33,0.8206521739130435,0.5329815303430079,0.299009900990099,0.9244851258581236,0.6768168521280257,0.4383164005805515,0.589171974522293,942,184,758
158,345,406,33,0.8272251308900523,0.5406125166444741,0.31411530815109345,0.9248291571753986,0.6839188237672632,0.45533141210374645,0.5987261146496815,942,191,751
137,364,408,33,0.8058823529411765,0.5284974093264249,0.27345309381237526,0.9251700680272109,0.6671898811338006,0.4083457526080477,0.578556263269639,942,170,772
135,346,429,32,0.8083832335329342,0.5535483870967742,0.2806652806652807,0.93058568329718,0.6809658103148541,0.4166666666666667,0.5987261146496815,942,167,775
132,352,417,41,0.7630057803468208,0.5422626788036411,0.2727272727272727,0.9104803493449781,0.652634229575231,0.40182648401826476,0.5828025477707006,942,173,769
135,337,436,34,0.7988165680473372,0.5640362225097024,0.2860169491525424,0.9276595744680851,0.6814263952785198,0.42121684867394704,0.6061571125265393,942,169,773
129,351,428,34,0.7914110429447853,0.5494223363286265,0.26875,0.9264069264069265,0.6704166896367059,0.401244167962675,0.5912951167728238,942,163,779
138,339,424,41,0.770949720670391,0.5557011795543906,0.2893081761006289,0.9118279569892473,0.6633254501123909,0.42073170731707316,0.5966029723991507,942,179,763
125,340,436,41,0.7530120481927711,0.5618556701030928,0.26881720430107525,0.9140461215932913,0.657433859147932,0.39619651347068147,0.5955414012738853,942,166,776
140,345,421,36,0.7954545454545454,0.5496083550913838,0.28865979381443296,0.9212253829321663,0.6725314502729647,0.4236006051437216,0.5955414012738853,942,176,766
154,339,416,33,0.8235294117647058,0.5509933774834437,0.31237322515212984,0.9265033407572383,0.6872613946240748,0.45294117647058824,0.6050955414012739,942,187,755
158,363,390,31,0.8359788359788359,0.5179282868525896,0.30326295585412666,0.9263657957244655,0.6769535614157127,0.44507042253521123,0.5817409766454352,942,189,753
143,324,443,32,0.8171428571428572,0.5775749674054759,0.30620985010706636,0.9326315789473684,0.6973589122741666,0.4454828660436136,0.6220806794055201,942,175,767
164,330,413,35,0.8241206030150754,0.5558546433378196,0.3319838056680162,0.921875,0.6899876231764475,0.47330447330447334,0.6125265392781316,942,199,743
138,337,430,37,0.7885714285714286,0.560625814863103,0.2905263157894737,0.9207708779443254,0.6745986217172658,0.4246153846153846,0.6029723991507431,942,175,767
158,344,403,37,0.8102564102564103,0.5394912985274432,0.3147410358565737,0.9159090909090909,0.6748738543919267,0.45337159253945486,0.5955414012738853,942,195,747
140,357,398,47,0.7486631016042781,0.5271523178807948,0.28169014084507044,0.8943820224719101,0.6379077097425364,0.40935672514619886,0.5711252653927813,942,187,755
147,329,419,47,0.7577319587628866,0.5601604278074866,0.3088235294117647,0.8991416309012875,0.6589461932851866,0.43880597014925377,0.6008492569002123,942,194,748
141,376,392,33,0.8103448275862069,0.5104166666666666,0.2727272727272727,0.9223529411764706,0.6603807471264367,0.40810419681620835,0.5658174097664543,942,174,768
139,350,418,35,0.7988505747126436,0.5442708333333334,0.2842535787321063,0.9227373068432672,0.6715607040229885,0.4193061840120664,0.5912951167728238,942,174,768
150,374,385,33,0.819672131147541,0.5072463768115942,0.2862595419847328,0.9210526315789473,0.6634592539795676,0.42432814710042427,0.5679405520169851,942,183,759
138,371,402,31,0.8165680473372781,0.5200517464424321,0.27111984282907664,0.9284064665127021,0.6683098968898551,0.40707964601769914,0.5732484076433121,942,169,773
154,370,384,34,0.8191489361702128,0.5092838196286472,0.29389312977099236,0.9186602870813397,0.66421637789943,0.4325842696629214,0.5711252653927813,942,188,754
144,338,426,34,0.8089887640449438,0.5575916230366492,0.2987551867219917,0.9260869565217391,0.6832901935407965,0.43636363636363634,0.6050955414012739,942,178,764
116,374,423,29,0.8,0.5307402760351317,0.23673469387755103,0.9358407079646017,0.6653701380175658,0.36535433070866147,0.5721868365180467,942,145,797
153,364,395,30,0.8360655737704918,0.5204216073781291,0.29593810444874274,0.9294117647058824,0.6782435905743105,0.43714285714285717,0.5817409766454352,942,183,759
147,342,411,42,0.7777777777777778,0.545816733067729,0.3006134969325153,0.9072847682119205,0.6617972554227534,0.4336283185840708,0.5923566878980892,942,189,753
142,364,406,30,0.8255813953488372,0.5272727272727272,0.28063241106719367,0.9311926605504587,0.6764270613107822,0.4188790560471976,0.5817409766454352,942,172,770
123,368,419,32,0.7935483870967742,0.5324015247776366,0.2505091649694501,0.9290465631929047,0.6629749559372053,0.38080495356037153,0.5753715498938429,942,155,787
144,369,401,28,0.8372093023255814,0.5207792207792208,0.2807017543859649,0.9347319347319347,0.6789942615524012,0.4204379562043795,0.578556263269639,942,172,770
157,346,414,25,0.8626373626373627,0.5447368421052632,0.3121272365805169,0.9430523917995444,0.7036871023713129,0.45839416058394167,0.6061571125265393,942,182,760
128,345,422,47,0.7314285714285714,0.5501955671447197,0.27061310782241016,0.8997867803837953,0.6408120692866456,0.3950617283950617,0.583864118895966,942,175,767
143,365,402,32,0.8171428571428572,0.5241199478487614,0.281496062992126,0.9262672811059908,0.6706314024958093,0.41874084919472915,0.578556263269639,942,175,767
148,373,377,44,0.7708333333333334,0.5026666666666667,0.2840690978886756,0.8954869358669834,0.63675,0.41514726507713884,0.5573248407643312,942,192,750
151,356,396,39,0.7947368421052632,0.526595744680851,0.2978303747534517,0.9103448275862069,0.6606662933930572,0.43328550932568155,0.5806794055201698,942,190,752
154,366,405,17,0.9005847953216374,0.5252918287937743,0.29615384615384616,0.9597156398104265,0.7129383120577059,0.4457308248914617,0.5934182590233545,942,171,771
126,382,401,33,0.7924528301886793,0.51213282247765,0.24803149606299213,0.923963133640553,0.6522928263331647,0.37781109445277367,0.559447983014862,942,159,783
152,364,395,31,0.8306010928961749,0.5204216073781291,0.29457364341085274,0.9272300469483568,0.675511350137152,0.4349070100143062,0.5806794055201698,942,183,759
138,357,415,32,0.8117647058823529,0.5375647668393783,0.2787878787878788,0.9284116331096197,0.6746647363608655,0.4150375939849624,0.5870488322717622,942,170,772
125,377,403,37,0.7716049382716049,0.5166666666666667,0.24900398406374502,0.9159090909090909,0.6441358024691358,0.3765060240963855,0.5605095541401274,942,162,780
133,375,404,30,0.8159509202453987,0.5186136071887034,0.2618110236220472,0.9308755760368663,0.667282263717051,0.39642324888226527,0.5700636942675159,942,163,779
148,370,390,34,0.8131868131868132,0.5131578947368421,0.2857142857142857,0.9198113207547169,0.6631723539618277,0.4228571428571428,0.5711252653927813,942,182,760
157,352,403,30,0.839572192513369,0.5337748344370861,0.30844793713163066,0.930715935334873,0.6866735134752275,0.4511494252873563,0.5944798301486199,942,187,755
126,355,422,39,0.7636363636363637,0.5431145431145431,0.26195426195426197,0.9154013015184381,0.6533754533754534,0.3900928792569659,0.5817409766454352,942,165,777
140,339,429,34,0.8045977011494253,0.55859375,0.29227557411273486,0.9265658747300216,0.6815957255747127,0.4287901990811639,0.6040339702760085,942,174,768
161,363,383,35,0.8214285714285714,0.5134048257372654,0.30725190839694655,0.916267942583732,0.6674166985829184,0.44722222222222224,0.5774946921443737,942,196,746
121,360,425,36,0.7707006369426752,0.5414012738853503,0.2515592515592516,0.9219088937093276,0.6560509554140128,0.37931034482758624,0.5796178343949044,942,157,785
150,350,407,35,0.8108108108108109,0.5376486129458389,0.3,0.920814479638009,0.6742297118783249,0.43795620437956206,0.5912951167728238,942,185,757
134,357,415,36,0.788235294117647,0.5375647668393783,0.2729124236252546,0.9201773835920177,0.6629000304785126,0.405446293494705,0.5828025477707006,942,170,772
148,342,422,30,0.8314606741573034,0.5523560209424084,0.3020408163265306,0.9336283185840708,0.691908347549856,0.44311377245508976,0.6050955414012739,942,178,764
166,349,395,32,0.8383838383838383,0.5309139784946236,0.32233009708737864,0.9250585480093677,0.684648908439231,0.4656381486676016,0.5955414012738853,942,198,744
132,361,407,42,0.7586206896551724,0.5299479166666666,0.26774847870182555,0.9064587973273942,0.6442843031609196,0.3958020989505247,0.5721868365180467,942,174,768
153,330,423,36,0.8095238095238095,0.5617529880478087,0.3167701863354037,0.9215686274509803,0.6856383987858091,0.4553571428571428,0.6114649681528662,942,189,753
146,320,439,37,0.7978142076502732,0.5783926218708827,0.3133047210300429,0.9222689075630253,0.688103414760578,0.4499229583975347,0.6210191082802548,942,183,759
137,361,412,32,0.8106508875739645,0.5329883570504528,0.2751004016064257,0.9279279279279279,0.6718196223122086,0.41079460269865065,0.5828025477707006,942,169,773
158,361,386,37,0.8102564102564103,0.5167336010709505,0.3044315992292871,0.9125295508274232,0.6634950056636804,0.44257703081232497,0.5774946921443737,942,195,747
157,344,404,37,0.8092783505154639,0.5401069518716578,0.313373253493014,0.9160997732426304,0.6746926511935609,0.45179856115107914,0.5955414012738853,942,194,748
134,355,419,34,0.7976190476190477,0.541343669250646,0.2740286298568507,0.9249448123620309,0.6694813584348469,0.4079147640791476,0.5870488322717622,942,168,774
146,343,423,30,0.8295454545454546,0.5522193211488251,0.2985685071574642,0.9337748344370861,0.6908823878471398,0.43909774436090226,0.6040339702760085,942,176,766
157,347,402,36,0.8134715025906736,0.5367156208277704,0.3115079365079365,0.9178082191780822,0.675093561709222,0.45050215208034433,0.5934182590233545,942,193,749
132,361,416,33,0.8,0.5353925353925354,0.26774847870182555,0.9265033407572383,0.6676962676962677,0.40121580547112456,0.5817409766454352,942,165,777
173,354,376,39,0.8160377358490566,0.5150684931506849,0.32827324478178366,0.9060240963855422,0.6655531144998708,0.4682002706359945,0.5828025477707006,942,212,730
139,369,408,26,0.8424242424242424,0.525096525096525,0.2736220472440945,0.9400921658986175,0.6837603837603837,0.4130757800891531,0.5806794055201698,942,165,777
124,357,421,40,0.7560975609756098,0.5411311053984575,0.2577962577962578,0.913232104121475,0.6486143331870337,0.38449612403100775,0.578556263269639,942,164,778
166,336,409,31,0.8426395939086294,0.548993288590604,0.33067729083665337,0.9295454545454546,0.6958164412496167,0.474964234620887,0.6104033970276008,942,197,745
125,352,427,38,0.7668711656441718,0.5481386392811296,0.2620545073375262,0.9182795698924732,0.6575049024626507,0.390625,0.5859872611464968,942,163,779
143,338,428,33,0.8125,0.5587467362924282,0.2972972972972973,0.928416485900217,0.685623368146214,0.4353120243531202,0.6061571125265393,942,176,766
138,351,419,34,0.8023255813953488,0.5441558441558442,0.2822085889570552,0.9249448123620309,0.6732407127755965,0.4175491679273827,0.5912951167728238,942,172,770
150,376,379,37,0.8021390374331551,0.5019867549668874,0.28517110266159695,0.9110576923076923,0.6520628962000212,0.42075736325385693,0.5615711252653928,942,187,755
146,361,408,27,0.8439306358381503,0.5305591677503251,0.2879684418145957,0.9379310344827586,0.6872449017942377,0.4294117647058824,0.5881104033970276,942,173,769
156,359,402,25,0.861878453038674,0.5282522996057819,0.3029126213592233,0.9414519906323185,0.695065376322228,0.4482758620689656,0.5923566878980892,942,181,761
143,346,421,32,0.8171428571428572,0.5488917861799217,0.29243353783231085,0.9293598233995585,0.6830173216613895,0.4307228915662651,0.5987261146496815,942,175,767
136,353,414,39,0.7771428571428571,0.5397653194263363,0.278118609406953,0.9139072847682119,0.6584540882845967,0.40963855421686746,0.583864118895966,942,175,767
144,334,435,29,0.8323699421965318,0.5656697009102731,0.301255230125523,0.9375,0.6990198215534025,0.4423963133640554,0.6146496815286624,942,173,769
138,376,393,35,0.7976878612716763,0.5110533159947984,0.26848249027237353,0.9182242990654206,0.6543705886332374,0.40174672489082963,0.5636942675159236,942,173,769
145,359,407,31,0.8238636363636364,0.5313315926892951,0.2876984126984127,0.9292237442922374,0.6775976145264657,0.4264705882352941,0.5859872611464968,942,176,766
124,354,421,43,0.7425149700598802,0.5432258064516129,0.2594142259414226,0.9073275862068966,0.6428703882557465,0.38449612403100775,0.578556263269639,942,167,775
145,338,419,40,0.7837837837837838,0.5535006605019815,0.3002070393374741,0.9128540305010894,0.6686422221428827,0.4341317365269461,0.5987261146496815,942,185,757
146,347,410,39,0.7891891891891892,0.5416116248348745,0.2961460446247465,0.9131403118040089,0.6654004070120318,0.4306784660766962,0.5902335456475584,942,185,757
132,374,411,25,0.8407643312101911,0.5235668789808917,0.2608695652173913,0.9426605504587156,0.6821656050955414,0.39819004524886875,0.5764331210191083,942,157,785
147,371,383,41,0.7819148936170213,0.5079575596816976,0.28378378378378377,0.9033018867924528,0.6449362266493595,0.4164305949008499,0.5626326963906582,942,188,754
152,361,397,32,0.8260869565217391,0.5237467018469657,0.2962962962962963,0.9254079254079254,0.6749168291843524,0.4361549497847919,0.5828025477707006,942,184,758
143,367,391,41,0.7771739130434783,0.5158311345646438,0.2803921568627451,0.9050925925925926,0.646502523804061,0.4121037463976945,0.5668789808917197,942,184,758
152,358,392,40,0.7916666666666666,0.5226666666666666,0.2980392156862745,0.9074074074074074,0.6571666666666667,0.4330484330484331,0.5774946921443737,942,192,750
142,380,387,33,0.8114285714285714,0.5045632333767927,0.2720306513409962,0.9214285714285714,0.657995902402682,0.40746054519368724,0.5615711252653928,942,175,767
138,352,422,30,0.8214285714285714,0.5452196382428941,0.2816326530612245,0.9336283185840708,0.6833241048357328,0.41945288753799387,0.5944798301486199,942,168,774
139,365,395,43,0.7637362637362637,0.5197368421052632,0.2757936507936508,0.9018264840182648,0.6417365529207635,0.4052478134110788,0.5668789808917197,942,182,760
150,373,394,25,0.8571428571428571,0.5136897001303781,0.28680688336520077,0.9403341288782816,0.6854162786366176,0.4297994269340974,0.5774946921443737,942,175,767
143,370,394,35,0.8033707865168539,0.5157068062827225,0.2787524366471735,0.9184149184149184,0.6595387963997882,0.4138929088277858,0.5700636942675159,942,178,764
128,335,444,35,0.7852760736196319,0.5699614890885751,0.27645788336933047,0.9269311064718163,0.6776187813541035,0.4089456869009585,0.6072186836518046,942,163,779
179,339,394,30,0.8564593301435407,0.5375170532060027,0.34555984555984554,0.9292452830188679,0.6969881916747718,0.4924346629986245,0.60828025477707,942,209,733
156,351,401,34,0.8210526315789474,0.5332446808510638,0.3076923076923077,0.9218390804597701,0.6771486562150055,0.4476327116212338,0.5912951167728238,942,190,752
132,373,405,32,0.8048780487804879,0.5205655526992288,0.2613861386138614,0.9267734553775744,0.6627218007398583,0.3946188340807175,0.5700636942675159,942,164,778
136,359,413,34,0.8,0.5349740932642487,0.27474747474747474,0.9239373601789709,0.6674870466321243,0.40902255639097745,0.5828025477707006,942,170,772
152,344,420,26,0.8539325842696629,0.5497382198952879,0.3064516129032258,0.9417040358744395,0.7018354020824754,0.45103857566765576,0.6072186836518046,942,178,764
150,336,425,31,0.8287292817679558,0.5584756898817346,0.30864197530864196,0.9320175438596491,0.6936024858248452,0.4497751124437781,0.6104033970276008,942,181,761
142,364,407,29,0.8304093567251462,0.5278858625162127,0.28063241106719367,0.9334862385321101,0.6791476096206794,0.41949778434268825,0.5828025477707006,942,171,771
147,351,410,34,0.8121546961325967,0.5387647831800263,0.29518072289156627,0.9234234234234234,0.6754597396563116,0.43298969072164956,0.5912951167728238,942,181,761
164,350,412,16,0.9111111111111111,0.5406824146981627,0.31906614785992216,0.9626168224299065,0.7258967629046369,0.47262247838616706,0.6114649681528662,942,180,762
159,318,424,41,0.795,0.5714285714285714,0.3333333333333333,0.9118279569892473,0.6832142857142858,0.46971935007385524,0.618895966029724,942,200,742
155,322,427,38,0.8031088082901554,0.5700934579439252,0.3249475890985325,0.9182795698924732,0.6866011331170403,0.46268656716417916,0.6178343949044586,942,193,749
144,318,442,38,0.7912087912087912,0.5815789473684211,0.3116883116883117,0.9208333333333333,0.6863938692886061,0.4472049689440994,0.6220806794055201,942,182,760
142,358,404,38,0.7888888888888889,0.5301837270341208,0.284,0.9140271493212669,0.6595363079615049,0.41764705882352937,0.5796178343949044,942,180,762
157,329,420,36,0.8134715025906736,0.5607476635514018,0.3230452674897119,0.9210526315789473,0.6871095830710376,0.46244477172312215,0.6125265392781316,942,193,749
168,361,380,33,0.835820895522388,0.5128205128205128,0.31758034026465026,0.9200968523002422,0.6743207041714504,0.4602739726027398,0.5817409766454352,942,201,741
131,365,412,34,0.793939393939394,0.5302445302445302,0.26411290322580644,0.9237668161434978,0.6620919620919621,0.39636913767019666,0.5764331210191083,942,165,777
142,342,421,37,0.7932960893854749,0.5517693315858454,0.29338842975206614,0.9192139737991266,0.6725327104856602,0.4283559577677225,0.5976645435244161,942,179,763
135,370,411,26,0.8385093167701864,0.5262483994878361,0.26732673267326734,0.9405034324942791,0.6823788581290112,0.4054054054054054,0.5796178343949044,942,161,781
151,356,401,34,0.8162162162162162,0.5297225891677675,0.2978303747534517,0.9218390804597701,0.6729694026919919,0.43641618497109824,0.5859872611464968,942,185,757
131,376,402,33,0.7987804878048781,0.5167095115681234,0.2583826429980276,0.9241379310344827,0.6577449996865008,0.39046199701937406,0.5658174097664543,942,164,778
140,351,414,37,0.7909604519774012,0.5411764705882353,0.285132382892057,0.917960088691796,0.6660684612828183,0.4191616766467066,0.5881104033970276,942,177,765
132,373,402,35,0.7904191616766467,0.5187096774193548,0.2613861386138614,0.919908466819222,0.6545644195480007,0.3928571428571429,0.5668789808917197,942,167,775
158,344,409,31,0.8359788359788359,0.5431606905710491,0.3147410358565737,0.9295454545454546,0.6895697632749425,0.4573082489146165,0.6019108280254777,942,189,753
142,373,398,29,0.8304093567251462,0.51621271076524,0.2757281553398058,0.9320843091334895,0.6733110337451931,0.41399416909620995,0.5732484076433121,942,171,771
151,367,395,29,0.8388888888888889,0.5183727034120735,0.2915057915057915,0.9316037735849056,0.6786307961504812,0.4326647564469913,0.5796178343949044,942,180,762
150,359,405,28,0.8426966292134831,0.5301047120418848,0.29469548133595286,0.9353348729792148,0.686400670627684,0.4366812227074236,0.589171974522293,942,178,764
145,343,409,45,0.7631578947368421,0.5438829787234043,0.29713114754098363,0.9008810572687225,0.6535204367301233,0.42772861356932157,0.5881104033970276,942,190,752
133,371,403,35,0.7916666666666666,0.520671834625323,0.2638888888888889,0.9200913242009132,0.6561692506459949,0.3958333333333333,0.5690021231422505,942,168,774
166,358,390,28,0.8556701030927835,0.5213903743315508,0.31679389312977096,0.9330143540669856,0.6885302387121671,0.4623955431754874,0.5902335456475584,942,194,748
143,340,431,28,0.8362573099415205,0.5590142671854734,0.29606625258799174,0.9389978213507625,0.697635788563497,0.43730886850152906,0.6093418259023354,942,171,771
141,345,412,44,0.7621621621621621,0.5442536327608983,0.29012345679012347,0.9035087719298246,0.6532078974615303,0.42026825633383014,0.5870488322717622,942,185,757
148,366,390,38,0.7956989247311828,0.5158730158730159,0.28793774319066145,0.9112149532710281,0.6557859703020994,0.4228571428571428,0.5711252653927813,942,186,756
139,340,418,45,0.7554347826086957,0.5514511873350924,0.29018789144050106,0.9028077753779697,0.653442984971894,0.4193061840120664,0.5912951167728238,942,184,758
140,357,411,34,0.8045977011494253,0.53515625,0.28169014084507044,0.9235955056179775,0.6698769755747127,0.41728763040238454,0.5849256900212314,942,174,768
149,344,404,45,0.7680412371134021,0.5401069518716578,0.3022312373225152,0.8997772828507795,0.65407409449253,0.43377001455604075,0.5870488322717622,942,194,748
152,341,416,33,0.8216216216216217,0.5495376486129459,0.30831643002028397,0.9265033407572383,0.6855796351172838,0.44837758112094406,0.6029723991507431,942,185,757
150,338,418,36,0.8064516129032258,0.5529100529100529,0.3073770491803279,0.920704845814978,0.6796808329066393,0.4451038575667656,0.6029723991507431,942,186,756
142,360,407,33,0.8114285714285714,0.530638852672751,0.28286852589641437,0.925,0.6710337120506612,0.41949778434268836,0.5828025477707006,942,175,767
163,339,408,32,0.8358974358974359,0.5461847389558233,0.3247011952191235,0.9272727272727272,0.6910410874266296,0.4677187948350071,0.6061571125265393,942,195,747
150,336,433,23,0.8670520231213873,0.5630689206762028,0.30864197530864196,0.9495614035087719,0.7150604718987951,0.4552352048558422,0.618895966029724,942,173,769
142,367,393,40,0.7802197802197802,0.5171052631578947,0.27897838899803534,0.9076212471131639,0.6486625216888375,0.4109985528219971,0.5679405520169851,942,182,760
151,370,389,32,0.825136612021858,0.5125164690382081,0.28982725527831094,0.9239904988123515,0.6688265405300331,0.4289772727272727,0.5732484076433121,942,183,759
155,360,391,36,0.8115183246073299,0.5206391478029294,0.30097087378640774,0.9156908665105387,0.6660787362051297,0.43909348441926344,0.5796178343949044,942,191,751
140,368,405,29,0.8284023668639053,0.5239327296248383,0.2755905511811024,0.9331797235023042,0.6761675482443719,0.41358936484490405,0.578556263269639,942,169,773
136,348,427,31,0.8143712574850299,0.5509677419354839,0.2809917355371901,0.9323144104803494,0.6826694997102569,0.4178187403993856,0.5976645435244161,942,167,775
144,357,407,34,0.8089887640449438,0.5327225130890052,0.2874251497005988,0.9229024943310657,0.6708556385669745,0.4241531664212076,0.5849256900212314,942,178,764
145,334,432,31,0.8238636363636364,0.5639686684073107,0.302713987473904,0.9330453563714903,0.6939161523854736,0.44274809160305345,0.6125265392781316,942,176,766
152,327,433,30,0.8351648351648352,0.5697368421052632,0.3173277661795407,0.9352051835853131,0.7024508386350492,0.4599092284417549,0.6210191082802548,942,182,760
166,360,387,29,0.8512820512820513,0.5180722891566265,0.3155893536121673,0.9302884615384616,0.6846771702193388,0.46047156726768373,0.5870488322717622,942,195,747
157,338,407,40,0.7969543147208121,0.5463087248322148,0.31717171717171716,0.9105145413870246,0.6716315197765135,0.45375722543352603,0.5987261146496815,942,197,745
158,343,409,32,0.8315789473684211,0.5438829787234043,0.3153692614770459,0.927437641723356,0.6877309630459127,0.4573082489146165,0.6019108280254777,942,190,752
143,328,429,42,0.772972972972973,0.5667107001321003,0.3036093418259023,0.910828025477707,0.6698418365525367,0.43597560975609756,0.6072186836518046,942,185,757
136,338,430,38,0.7816091954022989,0.5598958333333334,0.2869198312236287,0.9188034188034188,0.6707525143678161,0.4197530864197531,0.6008492569002123,942,174,768
143,360,409,30,0.8265895953757225,0.5318595578673602,0.28429423459244535,0.9316628701594533,0.6792245766215413,0.4230769230769231,0.5859872611464968,942,173,769
122,378,414,28,0.8133333333333334,0.5227272727272727,0.244,0.9366515837104072,0.668030303030303,0.3753846153846154,0.5690021231422505,942,150,792
149,368,401,24,0.861271676300578,0.5214564369310793,0.28820116054158607,0.9435294117647058,0.6913640566158287,0.4318840579710145,0.583864118895966,942,173,769
132,372,403,35,0.7904191616766467,0.52,0.2619047619047619,0.9200913242009132,0.6552095808383234,0.3934426229508197,0.5679405520169851,942,167,775
161,338,416,27,0.8563829787234043,0.5517241379310345,0.3226452905811623,0.9390519187358917,0.7040535583272194,0.4687045123726346,0.6125265392781316,942,188,754
163,348,397,34,0.8274111675126904,0.5328859060402684,0.31898238747553814,0.9211136890951276,0.6801485367764795,0.46045197740113,0.5944798301486199,942,197,745
117,346,434,45,0.7222222222222222,0.5564102564102564,0.2526997840172786,0.906054279749478,0.6393162393162393,0.3744,0.5849256900212314,942,162,780
137,391,380,34,0.8011695906432749,0.49286640726329445,0.25946969696969696,0.9178743961352657,0.6470179989532847,0.39198855507868385,0.5488322717622081,942,171,771
128,346,422,46,0.735632183908046,0.5494791666666666,0.270042194092827,0.9017094017094017,0.6425556752873562,0.39506172839506165,0.583864118895966,942,174,768
149,385,372,36,0.8054054054054054,0.4914134742404227,0.27902621722846443,0.9117647058823529,0.6484094398229141,0.41446453407510436,0.5530785562632696,942,185,757
139,328,429,46,0.7513513513513513,0.5667107001321003,0.29764453961456105,0.9031578947368422,0.6590310257417258,0.4263803680981596,0.6029723991507431,942,185,757
151,358,392,41,0.7864583333333334,0.5226666666666666,0.2966601178781925,0.9053117782909931,0.6545624999999999,0.43081312410841655,0.5764331210191083,942,192,750
128,378,403,33,0.7950310559006211,0.5160051216389244,0.25296442687747034,0.9243119266055045,0.6555180887697727,0.3838080959520239,0.5636942675159236,942,161,781
168,358,376,40,0.8076923076923077,0.5122615803814714,0.3193916349809886,0.9038461538461539,0.6599769440368896,0.4577656675749319,0.5774946921443737,942,208,734
144,354,408,36,0.8,0.5354330708661418,0.2891566265060241,0.918918918918919,0.667716535433071,0.4247787610619469,0.5859872611464968,942,180,762
139,364,411,28,0.8323353293413174,0.5303225806451612,0.27634194831013914,0.9362186788154897,0.6813289549932393,0.4149253731343283,0.583864118895966,942,167,775
155,334,414,39,0.7989690721649485,0.553475935828877,0.3169734151329243,0.9139072847682119,0.6762225039969127,0.4538799414348463,0.6040339702760085,942,194,748
127,353,429,33,0.79375,0.5485933503836317,0.26458333333333334,0.9285714285714286,0.6711716751918158,0.396875,0.5902335456475584,942,160,782
136,360,414,32,0.8095238095238095,0.5348837209302325,0.27419354838709675,0.9282511210762332,0.672203765227021,0.4096385542168674,0.583864118895966,942,168,774
159,339,410,34,0.8238341968911918,0.5473965287049399,0.3192771084337349,0.9234234234234234,0.6856153627980659,0.4602026049204052,0.6040339702760085,942,193,749
149,353,401,39,0.7925531914893617,0.5318302387267905,0.2968127490039841,0.9113636363636364,0.6621917151080761,0.4318840579710145,0.583864118895966,942,188,754
137,346,422,37,0.7873563218390804,0.5494791666666666,0.2836438923395445,0.9193899782135077,0.6684177442528736,0.4170471841704718,0.5934182590233545,942,174,768
158,354,396,34,0.8229166666666666,0.528,0.30859375,0.9209302325581395,0.6754583333333333,0.44886363636363635,0.5881104033970276,942,192,750
143,344,414,41,0.7771739130434783,0.5461741424802111,0.2936344969199179,0.9098901098901099,0.6616740277618447,0.42622950819672134,0.5912951167728238,942,184,758
154,341,417,30,0.8369565217391305,0.5501319261213721,0.3111111111111111,0.9328859060402684,0.6935442239302513,0.45360824742268036,0.6061571125265393,942,184,758
135,368,404,35,0.7941176470588235,0.5233160621761658,0.268389662027833,0.9202733485193622,0.6587168546174946,0.4011887072808321,0.5721868365180467,942,170,772
140,374,395,33,0.8092485549132948,0.5136540962288687,0.2723735408560311,0.9228971962616822,0.6614513255710818,0.40756914119359533,0.5679405520169851,942,173,769
147,355,411,29,0.8352272727272727,0.5365535248041775,0.29282868525896416,0.9340909090909091,0.6858903987657251,0.4336283185840708,0.5923566878980892,942,176,766
142,336,429,35,0.8022598870056498,0.5607843137254902,0.29707112970711297,0.9245689655172413,0.68152210036557,0.433587786259542,0.6061571125265393,942,177,765
139,366,397,40,0.776536312849162,0.5203145478374837,0.27524752475247527,0.9084668192219679,0.6484254303433228,0.4064327485380117,0.5690021231422505,942,179,763
143,359,409,31,0.8218390804597702,0.5325520833333334,0.2848605577689243,0.9295454545454546,0.6771955818965518,0.42307692307692313,0.5859872611464968,942,174,768
149,348,412,33,0.8186813186813187,0.5421052631578948,0.29979879275653926,0.9258426966292135,0.6803932909196067,0.43888070692194403,0.5955414012738853,942,182,760
150,349,409,34,0.8152173913043478,0.5395778364116095,0.30060120240480964,0.9232505643340858,0.6773976138579787,0.4392386530014642,0.5934182590233545,942,184,758
136,369,408,29,0.8242424242424242,0.525096525096525,0.2693069306930693,0.9336384439359268,0.6746694746694746,0.40597014925373137,0.5774946921443737,942,165,777
169,340,398,35,0.8284313725490197,0.5392953929539296,0.3320235756385069,0.9191685912240185,0.6838633827514746,0.47405329593267886,0.6019108280254777,942,204,738
146,366,399,31,0.8248587570621468,0.5215686274509804,0.28515625,0.9279069767441861,0.6732136922565637,0.42380261248185774,0.578556263269639,942,177,765
150,354,397,41,0.7853403141361257,0.5286284953395473,0.2976190476190476,0.906392694063927,0.6569844047378365,0.4316546762589928,0.5806794055201698,942,191,751
140,368,401,33,0.8092485549132948,0.5214564369310793,0.2755905511811024,0.923963133640553,0.665352495922187,0.4111600587371513,0.5743099787685775,942,173,769
134,364,409,35,0.7928994082840237,0.5291073738680466,0.26907630522088355,0.9211711711711712,0.6610033910760351,0.4017991004497751,0.5764331210191083,942,169,773
161,346,413,22,0.8797814207650273,0.544137022397892,0.3175542406311637,0.9494252873563218,0.7119592215814596,0.46666666666666673,0.6093418259023354,942,183,759
139,346,425,32,0.8128654970760234,0.5512321660181583,0.2865979381443299,0.9299781181619255,0.6820488315470908,0.42378048780487804,0.5987261146496815,942,171,771
136,353,428,25,0.84472049689441,0.5480153649167734,0.278118609406953,0.9448123620309051,0.6963679309055917,0.4184615384615385,0.5987261146496815,942,161,781
149,348,405,40,0.7883597883597884,0.5378486055776892,0.29979879275653926,0.9101123595505618,0.6631041969687388,0.43440233236151604,0.5881104033970276,942,189,753
158,352,398,34,0.8229166666666666,0.5306666666666666,0.30980392156862746,0.9212962962962963,0.6767916666666667,0.4501424501424501,0.5902335456475584,942,192,750
144,336,430,32,0.8181818181818182,0.5613577023498695,0.3,0.9307359307359307,0.6897697602658439,0.43902439024390244,0.6093418259023354,942,176,766
134,380,398,30,0.8170731707317073,0.5115681233933161,0.2607003891050584,0.9299065420560748,0.6643206470625117,0.3952802359882006,0.564755838641189,942,164,778
155,344,406,37,0.8072916666666666,0.5413333333333333,0.3106212424849699,0.9164785553047404,0.6743125,0.44862518089725034,0.5955414012738853,942,192,750
143,373,395,31,0.8218390804597702,0.5143229166666666,0.2771317829457364,0.9272300469483568,0.6680809985632183,0.4144927536231884,0.5711252653927813,942,174,768
144,368,396,34,0.8089887640449438,0.518324607329843,0.28125,0.9209302325581395,0.6636566856873933,0.4173913043478261,0.5732484076433121,942,178,764
144,347,411,40,0.782608695652174,0.5422163588390502,0.29327902240325865,0.9113082039911308,0.6624125272456121,0.42666666666666664,0.589171974522293,942,184,758
138,336,439,29,0.8263473053892215,0.5664516129032258,0.2911392405063291,0.938034188034188,0.6963994591462237,0.4305772230889236,0.6125265392781316,942,167,775
134,372,395,41,0.7657142857142857,0.5149934810951761,0.2648221343873518,0.9059633027522935,0.6403538834047309,0.39353891336270186,0.5615711252653928,942,175,767
137,329,438,38,0.7828571428571428,0.5710560625814863,0.2939914163090129,0.9201680672268907,0.6769566027193146,0.42745709828393136,0.6104033970276008,942,175,767
146,350,407,39,0.7891891891891892,0.5376486129458389,0.29435483870967744,0.9125560538116592,0.663418901067514,0.42878120411160064,0.5870488322717622,942,185,757
151,337,426,28,0.8435754189944135,0.5583224115334207,0.3094262295081967,0.9383259911894273,0.700948915263917,0.45277361319340326,0.6125265392781316,942,179,763
129,335,448,30,0.8113207547169812,0.5721583652618135,0.27801724137931033,0.9372384937238494,0.6917395599893974,0.4141252006420546,0.6125265392781316,942,159,783
154,363,395,30,0.8369565217391305,0.521108179419525,0.2978723404255319,0.9294117647058824,0.6790323505793278,0.4393723252496433,0.5828025477707006,942,184,758
137,340,429,36,0.791907514450867,0.5578673602080624,0.28721174004192873,0.9225806451612903,0.6748874373294647,0.4215384615384616,0.6008492569002123,942,173,769
126,364,426,26,0.8289473684210527,0.5392405063291139,0.2571428571428571,0.9424778761061947,0.6840939373750833,0.3925233644859813,0.5859872611464968,942,152,790
153,339,411,39,0.796875,0.548,0.31097560975609756,0.9133333333333333,0.6724375,0.4473684210526315,0.5987261146496815,942,192,750
140,350,409,43,0.7650273224043715,0.538866930171278,0.2857142857142857,0.9048672566371682,0.6519471262878247,0.4160475482912333,0.5828025477707006,942,183,759
147,339,425,31,0.8258426966292135,0.556282722513089,0.30246913580246915,0.9320175438596491,0.6910627095711512,0.44277108433734935,0.6072186836518046,942,178,764
137,343,435,27,0.8353658536585366,0.5591259640102828,0.28541666666666665,0.9415584415584416,0.6972459088344096,0.4254658385093168,0.6072186836518046,942,164,778
143,361,408,30,0.8265895953757225,0.5305591677503251,0.2837301587301587,0.9315068493150684,0.6785743815630239,0.42245199409158046,0.5849256900212314,942,173,769
142,369,394,37,0.7932960893854749,0.5163826998689384,0.27788649706457924,0.91415313225058,0.6548393946272066,0.4115942028985507,0.5690021231422505,942,179,763
140,350,420,32,0.813953488372093,0.5454545454545454,0.2857142857142857,0.9292035398230089,0.6797040169133193,0.4229607250755287,0.5944798301486199,942,172,770
134,360,414,34,0.7976190476190477,0.5348837209302325,0.27125506072874495,0.9241071428571429,0.66625138427464,0.40483383685800606,0.5817409766454352,942,168,774
147,369,392,34,0.8121546961325967,0.5151116951379764,0.28488372093023256,0.92018779342723,0.6636331956352866,0.4218077474892396,0.5721868365180467,942,181,761
163,331,412,36,0.8190954773869347,0.5545087483176312,0.3299595141700405,0.9196428571428571,0.686802112852283,0.47041847041847035,0.6104033970276008,942,199,743
143,358,406,35,0.8033707865168539,0.5314136125654451,0.28542914171656686,0.9206349206349206,0.6673921995411495,0.4212076583210604,0.5828025477707006,942,178,764
156,362,392,32,0.8297872340425532,0.519893899204244,0.30115830115830117,0.9245283018867925,0.6748405666233985,0.4419263456090652,0.5817409766454352,942,188,754
150,354,406,32,0.8241758241758241,0.5342105263157895,0.2976190476190476,0.9269406392694064,0.6791931752458068,0.43731778425655976,0.5902335456475584,942,182,760
159,347,399,37,0.8112244897959183,0.5348525469168901,0.3142292490118577,0.9151376146788991,0.6730385183564043,0.452991452991453,0.5923566878980892,942,196,746
142,371,395,34,0.8068181818181818,0.5156657963446475,0.27680311890838205,0.9207459207459208,0.6612419890814146,0.41219158200290273,0.5700636942675159,942,176,766
141,357,411,33,0.8103448275862069,0.53515625,0.28313253012048195,0.9256756756756757,0.6727505387931034,0.4196428571428572,0.5859872611464968,942,174,768
156,342,420,24,0.8666666666666667,0.5511811023622047,0.3132530120481928,0.9459459459459459,0.7089238845144357,0.4601769911504426,0.6114649681528662,942,180,762
141,346,415,40,0.7790055248618785,0.545335085413929,0.28952772073921973,0.9120879120879121,0.6621703051379038,0.4221556886227546,0.5902335456475584,942,181,761
140,367,396,39,0.7821229050279329,0.5190039318479686,0.27613412228796846,0.9103448275862069,0.6505634184379507,0.40816326530612246,0.5690021231422505,942,179,763
132,352,420,38,0.7764705882352941,0.5440414507772021,0.2727272727272727,0.9170305676855895,0.6602560195062481,0.40366972477064217,0.5859872611464968,942,170,772
131,366,413,32,0.803680981595092,0.5301668806161746,0.2635814889336016,0.9280898876404494,0.6669239311056333,0.396969696969697,0.5774946921443737,942,163,779
131,350,436,25,0.8397435897435898,0.55470737913486,0.27234927234927236,0.9457700650759219,0.6972254844392249,0.4113029827315542,0.6019108280254777,942,156,786
127,371,401,43,0.7470588235294118,0.5194300518134715,0.25502008032128515,0.9031531531531531,0.6332444376714417,0.38023952095808383,0.5605095541401274,942,170,772
148,346,420,28,0.8409090909090909,0.5483028720626631,0.29959514170040485,0.9375,0.694605981485877,0.4417910447761194,0.6029723991507431,942,176,766
156,354,402,30,0.8387096774193549,0.5317460317460317,0.3058823529411765,0.9305555555555556,0.6852278545826933,0.44827586206896564,0.5923566878980892,942,186,756
149,351,408,34,0.8142076502732241,0.5375494071146245,0.298,0.9230769230769231,0.6758785286939243,0.43631039531478766,0.5912951167728238,942,183,759
171,336,404,31,0.8465346534653465,0.5459459459459459,0.33727810650887574,0.9287356321839081,0.6962402997056463,0.4823695345557122,0.6104033970276008,942,202,740
152,369,387,34,0.8172043010752689,0.5119047619047619,0.29174664107485604,0.9192399049881235,0.6645545314900154,0.42998585572843,0.5721868365180467,942,186,756
159,349,408,26,0.8594594594594595,0.5389696169088507,0.31299212598425197,0.9400921658986175,0.699214538184155,0.4588744588744588,0.6019108280254777,942,185,757
140,338,424,40,0.7777777777777778,0.5564304461942258,0.2928870292887029,0.9137931034482759,0.6671041119860017,0.4255319148936171,0.5987261146496815,942,180,762
128,375,396,43,0.7485380116959064,0.5136186770428015,0.2544731610337972,0.9020501138952164,0.631078344369354,0.3798219584569733,0.5562632696390658,942,171,771
127,362,423,30,0.8089171974522293,0.5388535031847134,0.25971370143149286,0.9337748344370861,0.6738853503184714,0.3931888544891641,0.583864118895966,942,157,785
152,355,400,35,0.8128342245989305,0.5298013245033113,0.29980276134122286,0.9195402298850575,0.671317774551121,0.43804034582132567,0.5859872611464968,942,187,755
132,372,400,38,0.7764705882352941,0.5181347150259067,0.2619047619047619,0.91324200913242,0.6473026516306004,0.39169139465875374,0.564755838641189,942,170,772
157,360,401,24,0.8674033149171271,0.5269382391590013,0.3036750483558994,0.9435294117647058,0.6971707770380642,0.4498567335243553,0.5923566878980892,942,181,761
140,374,399,29,0.8284023668639053,0.5161707632600259,0.2723735408560311,0.9322429906542056,0.6722865650619656,0.40995607613469986,0.5721868365180467,942,169,773
149,344,411,38,0.7967914438502673,0.5443708609271524,0.3022312373225152,0.9153674832962138,0.6705811523887099,0.43823529411764706,0.5944798301486199,942,187,755
144,337,437,24,0.8571428571428571,0.5645994832041343,0.2993762993762994,0.9479392624728851,0.7108711701734958,0.4437596302003081,0.6167728237791932,942,168,774
130,365,413,34,0.7926829268292683,0.5308483290488432,0.26262626262626265,0.9239373601789709,0.6617656279390558,0.39453717754172984,0.5764331210191083,942,164,778
146,359,398,39,0.7891891891891892,0.5257595772787318,0.2891089108910891,0.9107551487414187,0.6574743832339605,0.4231884057971015,0.5774946921443737,942,185,757
161,351,404,26,0.8609625668449198,0.5350993377483444,0.314453125,0.9395348837209302,0.6980309522966321,0.4606580829756796,0.5997876857749469,942,187,755
148,350,412,32,0.8222222222222222,0.5406824146981627,0.2971887550200803,0.9279279279279279,0.6814523184601924,0.4365781710914454,0.5944798301486199,942,180,762
135,368,407,32,0.8083832335329342,0.5251612903225806,0.268389662027833,0.9271070615034168,0.6667722619277574,0.40298507462686567,0.5753715498938429,942,167,775
144,365,403,30,0.8275862068965517,0.5247395833333334,0.2829076620825147,0.930715935334873,0.6761628951149425,0.4216691068814056,0.5806794055201698,942,174,768
132,370,417,23,0.8516129032258064,0.5298602287166455,0.26294820717131473,0.9477272727272728,0.6907365659712259,0.4018264840182648,0.5828025477707006,942,155,787
149,341,421,31,0.8277777777777777,0.55249343832021,0.3040816326530612,0.9314159292035398,0.6901356080489939,0.44477611940298495,0.6050955414012739,942,180,762
148,368,395,31,0.8268156424581006,0.5176933158584535,0.2868217054263566,0.9272300469483568,0.672254479158277,0.42589928057553955,0.5764331210191083,942,179,763
174,343,394,31,0.848780487804878,0.5345997286295794,0.3365570599613153,0.9270588235294117,0.6916901082172286,0.481994459833795,0.6029723991507431,942,205,737
159,346,402,35,0.8195876288659794,0.5374331550802139,0.31485148514851485,0.919908466819222,0.6785103919730966,0.45493562231759654,0.5955414012738853,942,194,748
133,365,414,30,0.8159509202453987,0.5314505776636713,0.26706827309236947,0.9324324324324325,0.673700748954535,0.40242057488653554,0.5806794055201698,942,163,779
141,360,417,24,0.8545454545454545,0.5366795366795367,0.281437125748503,0.9455782312925171,0.6956124956124956,0.4234234234234234,0.5923566878980892,942,165,777
155,332,422,33,0.824468085106383,0.5596816976127321,0.3182751540041068,0.9274725274725275,0.6920748913595576,0.4592592592592592,0.6125265392781316,942,188,754
139,351,417,35,0.7988505747126436,0.54296875,0.2836734693877551,0.922566371681416,0.6709096623563218,0.41867469879518077,0.5902335456475584,942,174,768
162,360,391,29,0.8481675392670157,0.5206391478029294,0.3103448275862069,0.930952380952381,0.6844033435349726,0.4544179523141655,0.5870488322717622,942,191,751
147,353,412,30,0.8305084745762712,0.538562091503268,0.294,0.9321266968325792,0.6845352830397695,0.43426883308714914,0.5934182590233545,942,177,765
158,327,425,32,0.8315789473684211,0.5651595744680851,0.32577319587628867,0.9299781181619255,0.698369260918253,0.4681481481481481,0.618895966029724,942,190,752
156,368,381,37,0.8082901554404145,0.5086782376502003,0.29770992366412213,0.9114832535885168,0.6584841965453074,0.4351464435146444,0.5700636942675159,942,193,749
153,376,388,25,0.8595505617977528,0.5078534031413613,0.2892249527410208,0.9394673123486683,0.683701982469557,0.4328147100424328,0.5743099787685775,942,178,764
156,353,397,36,0.8125,0.5293333333333333,0.30648330058939094,0.9168591224018475,0.6709166666666666,0.44507845934379453,0.5870488322717622,942,192,750
147,345,417,33,0.8166666666666667,0.547244094488189,0.29878048780487804,0.9266666666666666,0.6819553805774279,0.43749999999999994,0.5987261146496815,942,180,762
141,363,403,35,0.8011363636363636,0.5261096605744126,0.27976190476190477,0.9200913242009132,0.6636230121053881,0.4147058823529412,0.5774946921443737,942,176,766
133,383,394,32,0.806060606060606,0.5070785070785071,0.25775193798449614,0.9248826291079812,0.6565695565695566,0.39060205580029367,0.559447983014862,942,165,777
126,361,417,38,0.7682926829268293,0.5359897172236504,0.2587268993839836,0.9164835164835164,0.6521412000752398,0.38709677419354843,0.5764331210191083,942,164,778
136,373,405,28,0.8292682926829268,0.5205655526992288,0.26719056974459726,0.9353348729792148,0.6749169226910778,0.40416047548291234,0.5743099787685775,942,164,778
118,396,384,44,0.7283950617283951,0.49230769230769234,0.22957198443579765,0.897196261682243,0.6103513770180438,0.3491124260355029,0.5329087048832272,942,162,780
146,364,396,36,0.8021978021978022,0.5210526315789473,0.28627450980392155,0.9166666666666666,0.6616252168883747,0.4219653179190751,0.5753715498938429,942,182,760
134,357,417,34,0.7976190476190477,0.5387596899224806,0.2729124236252546,0.9246119733924612,0.6681893687707641,0.4066767830045524,0.5849256900212314,942,168,774
145,340,422,35,0.8055555555555556,0.5538057742782152,0.29896907216494845,0.9234135667396062,0.6796806649168854,0.43609022556390975,0.6019108280254777,942,180,762
146,346,411,39,0.7891891891891892,0.5429326287978864,0.2967479674796748,0.9133333333333333,0.6660609089935379,0.43131462333825704,0.5912951167728238,942,185,757
160,351,401,30,0.8421052631578947,0.5332446808510638,0.3131115459882583,0.9303944315545244,0.6876749720044792,0.456490727532097,0.5955414012738853,942,190,752
136,374,405,27,0.8343558282208589,0.5198973042362003,0.26666666666666666,0.9375,0.6771265662285295,0.4041604754829123,0.5743099787685775,942,163,779
153,367,386,36,0.8095238095238095,0.5126162018592297,0.29423076923076924,0.9146919431279621,0.6610700056915196,0.4315937940761636,0.5721868365180467,942,189,753
129,370,412,31,0.80625,0.5268542199488491,0.25851703406813625,0.9300225733634312,0.6665521099744245,0.39150227617602423,0.5743099787685775,942,160,782
148,335,410,49,0.751269035532995,0.5503355704697986,0.3064182194616977,0.8932461873638344,0.6508023030013967,0.4352941176470588,0.5923566878980892,942,197,745
150,321,422,49,0.7537688442211056,0.5679676985195155,0.3184713375796178,0.8959660297239915,0.6608682713703105,0.44776119402985076,0.6072186836518046,942,199,743
158,344,407,33,0.8272251308900523,0.5419440745672437,0.3147410358565737,0.925,0.684584602728648,0.455988455988456,0.5997876857749469,942,191,751
153,359,406,24,0.864406779661017,0.530718954248366,0.298828125,0.9441860465116279,0.6975628669546915,0.444121915820029,0.5934182590233545,942,177,765
144,359,395,44,0.7659574468085106,0.5238726790450928,0.28628230616302186,0.8997722095671982,0.6449150629268017,0.41678726483357453,0.5721868365180467,942,188,754
136,374,397,35,0.7953216374269005,0.5149156939040207,0.26666666666666666,0.9189814814814815,0.6551186656654606,0.39941262848751835,0.5658174097664543,942,171,771
132,347,420,43,0.7542857142857143,0.5475880052151239,0.2755741127348643,0.9071274298056156,0.650936859750419,0.40366972477064217,0.5859872611464968,942,175,767
125,347,430,40,0.7575757575757576,0.5534105534105535,0.2648305084745763,0.9148936170212766,0.6554931554931556,0.3924646781789639,0.589171974522293,942,165,777
149,320,440,33,0.8186813186813187,0.5789473684210527,0.31769722814498935,0.9302325581395349,0.6988143435511857,0.45775729646697394,0.6252653927813163,942,182,760
157,357,399,29,0.8440860215053764,0.5277777777777778,0.30544747081712065,0.9322429906542056,0.6859318996415771,0.4485714285714286,0.5902335456475584,942,186,756
125,370,409,38,0.7668711656441718,0.5250320924261874,0.25252525252525254,0.9149888143176734,0.6459516290351797,0.3799392097264438,0.5668789808917197,942,163,779
131,354,429,28,0.8238993710691824,0.5478927203065134,0.27010309278350514,0.9387308533916849,0.6858960456878479,0.40683229813664595,0.5944798301486199,942,159,783
124,358,430,30,0.8051948051948052,0.5456852791878173,0.2572614107883817,0.9347826086956522,0.6754400421913113,0.38993710691823896,0.5881104033970276,942,154,788
140,329,438,35,0.8,0.5710560625814863,0.29850746268656714,0.9260042283298098,0.6855280312907432,0.43478260869565216,0.613588110403397,942,175,767
143,363,394,42,0.772972972972973,0.5204755614266843,0.2826086956521739,0.9036697247706422,0.6467242671998286,0.4138929088277858,0.5700636942675159,942,185,757
127,376,406,33,0.79375,0.5191815856777494,0.2524850894632207,0.9248291571753986,0.6564657928388746,0.3831070889894419,0.5658174097664543,942,160,782
124,356,428,34,0.7848101265822784,0.5459183673469388,0.25833333333333336,0.9264069264069265,0.6653642469646086,0.3887147335423198,0.5859872611464968,942,158,784
138,367,409,28,0.8313253012048193,0.5270618556701031,0.2732673267326733,0.9359267734553776,0.6791935784374612,0.4113263785394934,0.5806794055201698,942,166,776
162,360,390,30,0.84375,0.52,0.3103448275862069,0.9285714285714286,0.681875,0.45378151260504207,0.5859872611464968,942,192,750
148,355,399,40,0.7872340425531915,0.5291777188328912,0.294234592445328,0.908883826879271,0.6582058806930413,0.42836468885672935,0.5806794055201698,942,188,754
135,370,404,33,0.8035714285714286,0.5219638242894057,0.26732673267326734,0.9244851258581236,0.6627676264304172,0.4011887072808321,0.5721868365180467,942,168,774
139,383,391,29,0.8273809523809523,0.5051679586563308,0.2662835249042146,0.930952380952381,0.6662744555186415,0.4028985507246377,0.5626326963906582,942,168,774
133,366,411,32,0.806060606060606,0.528957528957529,0.2665330661322645,0.927765237020316,0.6675090675090676,0.4006024096385542,0.5774946921443737,942,165,777
152,319,435,36,0.8085106382978723,0.5769230769230769,0.3227176220806794,0.9235668789808917,0.6927168576104745,0.4613050075872534,0.6231422505307855,942,188,754
141,338,411,52,0.7305699481865285,0.5487316421895861,0.29436325678496866,0.8876889848812095,0.6396507951880573,0.41964285714285715,0.5859872611464968,942,193,749
135,362,417,28,0.8282208588957055,0.5353016688061617,0.2716297786720322,0.9370786516853933,0.6817612638509336,0.4090909090909091,0.5859872611464968,942,163,779
138,353,412,39,0.7796610169491526,0.538562091503268,0.28105906313645623,0.9135254988913526,0.6591115542262103,0.4131736526946108,0.583864118895966,942,177,765
152,359,386,45,0.7715736040609137,0.5181208053691275,0.2974559686888454,0.8955916473317865,0.6448472047150207,0.42937853107344626,0.5711252653927813,942,197,745
145,351,412,34,0.8100558659217877,0.5399737876802096,0.2923387096774194,0.9237668161434978,0.6750148268009987,0.42962962962962964,0.5912951167728238,942,179,763
133,331,441,37,0.7823529411764706,0.5712435233160622,0.28663793103448276,0.9225941422594143,0.6767982322462665,0.4195583596214511,0.6093418259023354,942,170,772
158,354,383,47,0.7707317073170732,0.519674355495251,0.30859375,0.8906976744186047,0.6452030314061621,0.4407252440725244,0.5743099787685775,942,205,737
142,362,402,36,0.797752808988764,0.5261780104712042,0.28174603174603174,0.9178082191780822,0.6619654097299841,0.41642228739002934,0.5774946921443737,942,178,764
161,351,400,30,0.8429319371727748,0.5326231691078562,0.314453125,0.9302325581395349,0.6877775531403155,0.45803698435277385,0.5955414012738853,942,191,751
149,350,412,31,0.8277777777777777,0.5406824146981627,0.2985971943887776,0.9300225733634312,0.6842300962379702,0.4388807069219441,0.5955414012738853,942,180,762
152,345,415,30,0.8351648351648352,0.5460526315789473,0.3058350100603622,0.9325842696629213,0.6906087333718913,0.4477172312223859,0.6019108280254777,942,182,760
144,316,440,42,0.7741935483870968,0.582010582010582,0.3130434782608696,0.9128630705394191,0.6781020651988394,0.44582043343653255,0.6199575371549894,942,186,756
149,324,433,36,0.8054054054054054,0.571994715984148,0.3150105708245243,0.9232409381663113,0.6887000606947766,0.452887537993921,0.6178343949044586,942,185,757
159,346,403,34,0.8238341968911918,0.5380507343124166,0.31485148514851485,0.9221967963386728,0.6809424656018042,0.45558739255014324,0.5966029723991507,942,193,749
135,365,403,39,0.7758620689655172,0.5247395833333334,0.27,0.9117647058823529,0.6503008261494253,0.400593471810089,0.5711252653927813,942,174,768
150,329,432,31,0.8287292817679558,0.5676741130091985,0.31315240083507306,0.9330453563714903,0.6982016973885772,0.45454545454545453,0.6178343949044586,942,181,761
147,368,390,37,0.7989130434782609,0.5145118733509235,0.2854368932038835,0.9133489461358314,0.6567124584145922,0.4206008583690988,0.5700636942675159,942,184,758
144,355,405,38,0.7912087912087912,0.5328947368421053,0.28857715430861725,0.9142212189616253,0.6620517640254482,0.42290748898678415,0.5828025477707006,942,182,760
150,359,405,28,0.8426966292134831,0.5301047120418848,0.29469548133595286,0.9353348729792148,0.686400670627684,0.4366812227074236,0.589171974522293,942,178,764
150,359,403,30,0.8333333333333334,0.5288713910761155,0.29469548133595286,0.930715935334873,0.6811023622047244,0.43541364296081275,0.5870488322717622,942,180,762
150,352,399,41,0.7853403141361257,0.5312916111850865,0.29880478087649404,0.9068181818181819,0.6583159626606061,0.43290043290043295,0.5828025477707006,942,191,751
153,368,393,28,0.8453038674033149,0.5164257555847569,0.29366602687140114,0.9334916864608076,0.6808648114940359,0.4358974358974359,0.5796178343949044,942,181,761
157,344,410,31,0.8351063829787234,0.5437665782493368,0.313373253493014,0.9297052154195011,0.6894364806140301,0.45573294629898403,0.6019108280254777,942,188,754
143,356,408,35,0.8033707865168539,0.5340314136125655,0.2865731462925852,0.9209932279909706,0.6687011000647096,0.4224519940915805,0.5849256900212314,942,178,764
143,357,416,26,0.8461538461538461,0.538163001293661,0.286,0.9411764705882353,0.6921584237237536,0.42750373692077726,0.5934182590233545,942,169,773
157,358,382,45,0.7772277227722773,0.5162162162162162,0.3048543689320388,0.8946135831381733,0.6467219694942468,0.43793584379358436,0.5721868365180467,942,202,740
149,343,415,35,0.8097826086956522,0.5474934036939314,0.30284552845528456,0.9222222222222223,0.6786380061947919,0.4408284023668639,0.5987261146496815,942,184,758
140,366,398,38,0.7865168539325843,0.5209424083769634,0.2766798418972332,0.9128440366972477,0.6537296311547738,0.4093567251461988,0.5711252653927813,942,178,764
148,369,388,37,0.8,0.512549537648613,0.2862669245647969,0.9129411764705883,0.6562747688243065,0.42165242165242167,0.5690021231422505,942,185,757
149,363,400,30,0.8324022346368715,0.5242463958060288,0.291015625,0.9302325581395349,0.6783243152214502,0.43125904486251815,0.5828025477707006,942,179,763
142,337,428,35,0.8022598870056498,0.5594771241830065,0.2964509394572025,0.9244060475161987,0.6808685055943282,0.43292682926829273,0.6050955414012739,942,177,765
147,338,421,36,0.8032786885245902,0.5546772068511199,0.3030927835051546,0.9212253829321663,0.678977947687855,0.4401197604790419,0.6029723991507431,942,183,759
140,349,415,38,0.7865168539325843,0.5431937172774869,0.28629856850715746,0.9161147902869757,0.6648552856050356,0.4197901049475263,0.589171974522293,942,178,764
137,379,391,35,0.7965116279069767,0.5077922077922078,0.2655038759689923,0.9178403755868545,0.6521519178495923,0.39825581395348836,0.5605095541401274,942,172,770
156,359,392,35,0.8167539267015707,0.521970705725699,0.3029126213592233,0.9180327868852459,0.6693623162136348,0.4419263456090652,0.5817409766454352,942,191,751
134,361,412,35,0.7928994082840237,0.5329883570504528,0.27070707070707073,0.9217002237136466,0.6629438826672382,0.4036144578313253,0.5796178343949044,942,169,773
143,354,409,36,0.7988826815642458,0.5360419397116645,0.28772635814889336,0.9191011235955057,0.6674623106379551,0.4230769230769231,0.5859872611464968,942,179,763
151,328,434,29,0.8388888888888889,0.5695538057742782,0.31524008350730687,0.937365010799136,0.7042213473315835,0.45827010622154774,0.6210191082802548,942,180,762
151,341,416,34,0.8162162162162162,0.5495376486129459,0.30691056910569103,0.9244444444444444,0.682876932414581,0.4460856720827179,0.6019108280254777,942,185,757
162,342,402,36,0.8181818181818182,0.5403225806451613,0.32142857142857145,0.9178082191780822,0.6792521994134897,0.46153846153846156,0.5987261146496815,942,198,744
146,354,409,33,0.8156424581005587,0.5360419397116645,0.292,0.9253393665158371,0.6758421989061116,0.4300441826215022,0.589171974522293,942,179,763
144,371,386,41,0.7783783783783784,0.5099075297225891,0.2796116504854369,0.9039812646370023,0.6441429540504837,0.4114285714285714,0.5626326963906582,942,185,757
144,362,398,38,0.7912087912087912,0.5236842105263158,0.2845849802371542,0.9128440366972477,0.6574465008675534,0.4186046511627907,0.5753715498938429,942,182,760
148,339,415,40,0.7872340425531915,0.5503978779840849,0.30390143737166325,0.9120879120879121,0.6688159602686382,0.43851851851851853,0.5976645435244161,942,188,754
161,357,397,27,0.8563829787234043,0.5265251989389921,0.3108108108108108,0.9363207547169812,0.6914540888311982,0.45609065155807366,0.5923566878980892,942,188,754
148,367,396,31,0.8268156424581006,0.5190039318479686,0.287378640776699,0.927400468384075,0.6729097871530345,0.4265129682997118,0.5774946921443737,942,179,763
151,361,398,32,0.825136612021858,0.5243741765480896,0.294921875,0.9255813953488372,0.6747553942849738,0.43453237410071943,0.5828025477707006,942,183,759
132,317,459,34,0.7951807228915663,0.5914948453608248,0.29398663697104677,0.9310344827586207,0.6933377841261955,0.4292682926829268,0.6273885350318471,942,166,776
121,372,413,36,0.7707006369426752,0.5261146496815287,0.24543610547667344,0.9198218262806236,0.648407643312102,0.37230769230769234,0.5668789808917197,942,157,785
139,360,411,32,0.8128654970760234,0.5330739299610895,0.2785571142284569,0.927765237020316,0.6729697135185564,0.41492537313432837,0.583864118895966,942,171,771
152,354,397,39,0.7958115183246073,0.5286284953395473,0.30039525691699603,0.9105504587155964,0.6622200068320773,0.4361549497847919,0.5828025477707006,942,191,751
151,343,414,34,0.8162162162162162,0.5468956406869221,0.305668016194332,0.9241071428571429,0.6815559284515691,0.44477172312223856,0.5997876857749469,942,185,757
143,357,408,34,0.807909604519774,0.5333333333333333,0.286,0.9230769230769231,0.6706214689265537,0.4224519940915804,0.5849256900212314,942,177,765
134,374,403,31,0.8121212121212121,0.5186615186615187,0.2637795275590551,0.9285714285714286,0.6653913653913655,0.3982169390787519,0.5700636942675159,942,165,777
165,355,385,37,0.8168316831683168,0.5202702702702703,0.3173076923076923,0.9123222748815166,0.6685509767192935,0.45706371191135725,0.583864118895966,942,202,740
151,356,403,32,0.825136612021858,0.530961791831357,0.2978303747534517,0.9264367816091954,0.6780492019266076,0.4376811594202899,0.5881104033970276,942,183,759
158,359,391,34,0.8229166666666666,0.5213333333333333,0.3056092843326886,0.92,0.672125,0.44569816643159377,0.5828025477707006,942,192,750
152,339,418,33,0.8216216216216217,0.5521796565389696,0.3095723014256619,0.926829268292683,0.6869006390802956,0.4497041420118343,0.6050955414012739,942,185,757
156,326,426,34,0.8210526315789474,0.5664893617021277,0.3236514522821577,0.9260869565217391,0.6937709966405375,0.46428571428571425,0.6178343949044586,942,190,752
138,360,406,38,0.7840909090909091,0.5300261096605744,0.27710843373493976,0.9144144144144144,0.6570585093757417,0.4094955489614243,0.5774946921443737,942,176,766
156,379,372,35,0.8167539267015707,0.49533954727030627,0.29158878504672897,0.914004914004914,0.6560467369859384,0.4297520661157025,0.5605095541401274,942,191,751
150,349,407,36,0.8064516129032258,0.5383597883597884,0.30060120240480964,0.9187358916478555,0.6724057006315071,0.437956204379562,0.5912951167728238,942,186,756
132,361,416,33,0.8,0.5353925353925354,0.26774847870182555,0.9265033407572383,0.6676962676962677,0.40121580547112456,0.5817409766454352,942,165,777
149,364,395,34,0.8142076502732241,0.5204216073781291,0.290448343079922,0.9207459207459208,0.6673146288256766,0.42816091954022983,0.5774946921443737,942,183,759
133,354,417,38,0.7777777777777778,0.5408560311284046,0.2731006160164271,0.9164835164835164,0.6593169044530912,0.4042553191489362,0.583864118895966,942,171,771
154,343,404,41,0.7897435897435897,0.5408299866131191,0.30985915492957744,0.9078651685393259,0.6652867881783544,0.44508670520231214,0.5923566878980892,942,195,747
132,359,419,32,0.8048780487804879,0.538560411311054,0.26883910386965376,0.9290465631929047,0.6717192300457709,0.4030534351145038,0.5849256900212314,942,164,778
144,331,438,29,0.8323699421965318,0.5695708712613784,0.3031578947368421,0.9379014989293362,0.700970406728955,0.4444444444444445,0.6178343949044586,942,173,769
140,352,404,46,0.7526881720430108,0.5343915343915344,0.2845528455284553,0.8977777777777778,0.6435398532172726,0.41297935103244837,0.5774946921443737,942,186,756
150,336,413,43,0.7772020725388601,0.5514018691588785,0.30864197530864196,0.9057017543859649,0.6643019708488693,0.4418262150220913,0.5976645435244161,942,193,749
163,361,389,29,0.8489583333333334,0.5186666666666667,0.3110687022900763,0.930622009569378,0.6838125,0.45530726256983234,0.5859872611464968,942,192,750
143,368,398,33,0.8125,0.5195822454308094,0.27984344422700586,0.9234338747099768,0.6660411227154047,0.41630276564774377,0.5743099787685775,942,176,766
132,354,428,28,0.825,0.5473145780051151,0.2716049382716049,0.9385964912280702,0.6861572890025576,0.4086687306501547,0.5944798301486199,942,160,782
140,352,419,31,0.8187134502923976,0.543450064850843,0.2845528455284553,0.9311111111111111,0.6810817575716204,0.4223227752639518,0.5934182590233545,942,171,771
131,351,421,39,0.7705882352941177,0.5453367875647669,0.2717842323651452,0.9152173913043479,0.6579625114294423,0.40184049079754597,0.5859872611464968,942,170,772
135,373,399,35,0.7941176470588235,0.5168393782383419,0.265748031496063,0.9193548387096774,0.6554785126485827,0.39823008849557523,0.5668789808917197,942,170,772
155,329,426,32,0.8288770053475936,0.5642384105960265,0.3202479338842975,0.9301310043668122,0.69655770797181,0.4619970193740686,0.6167728237791932,942,187,755
165,367,385,25,0.868421052631579,0.511968085106383,0.3101503759398496,0.9390243902439024,0.690194568868981,0.45706371191135736,0.583864118895966,942,190,752
138,347,425,32,0.8117647058823529,0.5505181347150259,0.2845360824742268,0.9299781181619255,0.6811414202986894,0.42137404580152665,0.5976645435244161,942,170,772
138,390,384,30,0.8214285714285714,0.49612403100775193,0.26136363636363635,0.927536231884058,0.6587763012181617,0.396551724137931,0.554140127388535,942,168,774
159,352,405,26,0.8594594594594595,0.535006605019815,0.3111545988258317,0.9396751740139211,0.6972330322396372,0.4568965517241379,0.5987261146496815,942,185,757
126,387,390,39,0.7636363636363637,0.5019305019305019,0.24561403508771928,0.9090909090909091,0.6327834327834327,0.37168141592920356,0.5477707006369427,942,165,777
152,346,406,38,0.8,0.5398936170212766,0.30522088353413657,0.9144144144144144,0.6699468085106384,0.4418604651162791,0.5923566878980892,942,190,752
156,333,419,34,0.8210526315789474,0.5571808510638298,0.31901840490797545,0.9249448123620309,0.6891167413213886,0.45949926362297494,0.6104033970276008,942,190,752
150,361,401,30,0.8333333333333334,0.526246719160105,0.29354207436399216,0.9303944315545244,0.6797900262467191,0.4341534008683068,0.5849256900212314,942,180,762
132,347,427,36,0.7857142857142857,0.5516795865633075,0.2755741127348643,0.9222462203023758,0.6686969361387967,0.40803709428129836,0.5934182590233545,942,168,774
149,340,419,34,0.8142076502732241,0.5520421607378129,0.3047034764826176,0.9249448123620309,0.6831249055055184,0.443452380952381,0.6029723991507431,942,183,759
155,371,380,36,0.8115183246073299,0.5059920106524634,0.2946768060836502,0.9134615384615384,0.6587551676298966,0.43235704323570434,0.5679405520169851,942,191,751
156,364,386,36,0.8125,0.5146666666666667,0.3,0.9146919431279621,0.6635833333333334,0.4382022471910112,0.5753715498938429,942,192,750
132,377,405,28,0.825,0.5179028132992327,0.2593320235756385,0.9353348729792148,0.6714514066496163,0.39461883408071746,0.5700636942675159,942,160,782
136,353,409,44,0.7555555555555555,0.536745406824147,0.278118609406953,0.9028697571743929,0.6461504811898513,0.406576980568012,0.578556263269639,942,180,762
137,375,397,33,0.8058823529411765,0.5142487046632125,0.267578125,0.9232558139534883,0.6600655288021945,0.40175953079178883,0.5668789808917197,942,170,772
171,350,381,40,0.8104265402843602,0.521203830369357,0.32821497120921306,0.9049881235154394,0.6658151853268586,0.4672131147540984,0.5859872611464968,942,211,731
145,343,419,35,0.8055555555555556,0.5498687664041995,0.29713114754098363,0.9229074889867841,0.6777121609798775,0.4341317365269461,0.5987261146496815,942,180,762
165,357,387,33,0.8333333333333334,0.5201612903225806,0.3160919540229885,0.9214285714285714,0.676747311827957,0.45833333333333337,0.5859872611464968,942,198,744
148,371,388,35,0.8087431693989071,0.5111989459815547,0.28516377649325625,0.91725768321513,0.6599710576902309,0.42165242165242167,0.5690021231422505,942,183,759
133,360,420,29,0.8209876543209876,0.5384615384615384,0.2697768762677485,0.9354120267260579,0.679724596391263,0.40610687022900765,0.5870488322717622,942,162,780
148,362,404,28,0.8409090909090909,0.5274151436031331,0.2901960784313726,0.9351851851851852,0.6841621172561121,0.4314868804664723,0.5859872611464968,942,176,766
154,343,413,32,0.8279569892473119,0.5462962962962963,0.30985915492957744,0.9280898876404494,0.6871266427718041,0.45095168374816985,0.6019108280254777,942,186,756
137,371,398,36,0.791907514450867,0.517555266579974,0.26968503937007876,0.9170506912442397,0.6547313905154205,0.4023494860499266,0.5679405520169851,942,173,769
142,350,404,46,0.7553191489361702,0.5358090185676393,0.2886178861788618,0.8977777777777778,0.6455640837519048,0.4176470588235294,0.5796178343949044,942,188,754
147,363,402,30,0.8305084745762712,0.5254901960784314,0.28823529411764703,0.9305555555555556,0.6779993353273512,0.4279475982532751,0.5828025477707006,942,177,765
138,357,406,41,0.770949720670391,0.5321100917431193,0.2787878787878788,0.9082774049217002,0.6515299062067552,0.40949554896142437,0.5774946921443737,942,179,763
153,360,390,39,0.796875,0.52,0.2982456140350877,0.9090909090909091,0.6584375,0.4340425531914893,0.5764331210191083,942,192,750
155,367,379,41,0.7908163265306123,0.5080428954423593,0.29693486590038315,0.9023809523809524,0.6494296109864858,0.43175487465181056,0.5668789808917197,942,196,746
147,378,387,30,0.8305084745762712,0.5058823529411764,0.28,0.9280575539568345,0.6681954137587238,0.4188034188034188,0.5668789808917197,942,177,765
148,349,413,32,0.8222222222222222,0.541994750656168,0.2977867203219316,0.9280898876404494,0.6821084864391951,0.43722304283604135,0.5955414012738853,942,180,762
146,358,391,47,0.7564766839378239,0.5220293724966623,0.2896825396825397,0.8926940639269406,0.6392530282172431,0.41893830703012913,0.5700636942675159,942,193,749
158,350,396,38,0.8061224489795918,0.5308310991957105,0.3110236220472441,0.9124423963133641,0.6684767740876512,0.44886363636363635,0.5881104033970276,942,196,746
141,326,429,46,0.7540106951871658,0.5682119205298013,0.3019271948608137,0.9031578947368422,0.6611113078584836,0.43119266055045874,0.6050955414012739,942,187,755
142,369,402,29,0.8304093567251462,0.5214007782101168,0.27788649706457924,0.9327146171693735,0.6759050674676315,0.41642228739002934,0.5774946921443737,942,171,771
147,370,391,34,0.8121546961325967,0.5137976346911958,0.28433268858800775,0.92,0.6629761654118962,0.4212034383954155,0.5711252653927813,942,181,761
141,369,408,24,0.8545454545454545,0.525096525096525,0.27647058823529413,0.9444444444444444,0.6898209898209897,0.41777777777777786,0.5828025477707006,942,165,777
150,349,401,42,0.78125,0.5346666666666666,0.30060120240480964,0.9051918735891648,0.6579583333333333,0.4341534008683068,0.5849256900212314,942,192,750
150,326,426,40,0.7894736842105263,0.5664893617021277,0.31512605042016806,0.9141630901287554,0.6779815229563271,0.45045045045045046,0.6114649681528662,942,190,752
146,344,419,33,0.8156424581005587,0.5491480996068152,0.2979591836734694,0.9269911504424779,0.6823952788536869,0.43647234678624813,0.5997876857749469,942,179,763
139,362,398,43,0.7637362637362637,0.5236842105263158,0.2774451097804391,0.9024943310657596,0.6437102371312897,0.40702781844802344,0.5700636942675159,942,182,760
148,370,399,25,0.8554913294797688,0.5188556566970091,0.2857142857142857,0.9410377358490566,0.6871734930883889,0.4283646888567293,0.5806794055201698,942,173,769
144,366,403,29,0.8323699421965318,0.5240572171651495,0.2823529411764706,0.9328703703703703,0.6782135796808406,0.4216691068814056,0.5806794055201698,942,173,769
148,356,405,33,0.8176795580110497,0.5321944809461235,0.29365079365079366,0.9246575342465754,0.6749370194785866,0.4321167883211679,0.5870488322717622,942,181,761
143,341,428,30,0.8265895953757225,0.5565669700910273,0.29545454545454547,0.9344978165938864,0.691578282733375,0.4353120243531203,0.6061571125265393,942,173,769
148,361,396,37,0.8,0.523117569352708,0.2907662082514735,0.9145496535796767,0.661558784676354,0.42651296829971186,0.5774946921443737,942,185,757
174,354,382,32,0.8446601941747572,0.5190217391304348,0.32954545454545453,0.9227053140096618,0.681840966652596,0.47411444141689374,0.5902335456475584,942,206,736
162,353,384,43,0.7902439024390244,0.5210312075983717,0.3145631067961165,0.8992974238875878,0.6556375550186981,0.44999999999999996,0.5796178343949044,942,205,737
129,355,430,28,0.821656050955414,0.5477707006369427,0.2665289256198347,0.9388646288209607,0.6847133757961783,0.40249609984399376,0.5934182590233545,942,157,785
126,343,425,48,0.7241379310344828,0.5533854166666666,0.26865671641791045,0.8985200845665962,0.6387616738505747,0.39191290824261277,0.5849256900212314,942,174,768
153,352,406,31,0.8315217391304348,0.5356200527704486,0.30297029702970296,0.9290617848970252,0.6835708959504416,0.44412191582002897,0.5934182590233545,942,184,758
154,356,399,33,0.8235294117647058,0.528476821192053,0.30196078431372547,0.9236111111111112,0.6760031164783794,0.44189383070301286,0.5870488322717622,942,187,755
138,352,417,35,0.7976878612716763,0.5422626788036411,0.2816326530612245,0.922566371681416,0.6699752700376587,0.416289592760181,0.589171974522293,942,173,769
153,338,422,29,0.8406593406593407,0.5552631578947368,0.31160896130346233,0.9356984478935698,0.6979612492770387,0.4546805349182763,0.6104033970276008,942,182,760
148,350,407,37,0.8,0.5376486129458389,0.2971887550200803,0.9166666666666666,0.6688243064729195,0.4333821376281113,0.589171974522293,942,185,757
135,382,393,32,0.8083832335329342,0.5070967741935484,0.2611218568665377,0.9247058823529412,0.6577400038632413,0.39473684210526316,0.5605095541401274,942,167,775
144,345,427,26,0.8470588235294118,0.5531088082901554,0.294478527607362,0.9426048565121413,0.7000838159097835,0.43702579666160857,0.6061571125265393,942,170,772
171,331,406,34,0.8341463414634146,0.5508819538670285,0.34063745019920316,0.9227272727272727,0.6925141476652216,0.48373408769448367,0.6125265392781316,942,205,737
150,340,408,44,0.7731958762886598,0.5454545454545454,0.30612244897959184,0.9026548672566371,0.6593252108716026,0.4385964912280702,0.5923566878980892,942,194,748
144,357,408,33,0.8135593220338984,0.5333333333333333,0.2874251497005988,0.9251700680272109,0.6734463276836158,0.4247787610619469,0.5859872611464968,942,177,765
154,367,399,22,0.875,0.52088772845953,0.29558541266794625,0.9477434679334917,0.6979438642297651,0.44189383070301297,0.5870488322717622,942,176,766
138,346,419,39,0.7796610169491526,0.5477124183006536,0.28512396694214875,0.9148471615720524,0.663686717624903,0.4175491679273828,0.5912951167728238,942,177,765
143,338,421,40,0.7814207650273224,0.5546772068511199,0.2972972972972973,0.913232104121475,0.6680489859392211,0.43072289156626503,0.5987261146496815,942,183,759
145,358,409,30,0.8285714285714286,0.5332464146023468,0.2882703777335984,0.9316628701594533,0.6809089215868878,0.4277286135693215,0.5881104033970276,942,175,767
174,362,381,25,0.8743718592964824,0.5127860026917901,0.3246268656716418,0.9384236453201971,0.6935789309941363,0.47346938775510206,0.589171974522293,942,199,743
145,370,403,24,0.8579881656804734,0.5213454075032341,0.2815533980582524,0.9437939110070258,0.6896667865918538,0.4239766081871345,0.5817409766454352,942,169,773
135,378,386,43,0.7584269662921348,0.5052356020942408,0.2631578947368421,0.8997668997668997,0.6318312841931878,0.39073806078147616,0.5530785562632696,942,178,764
117,364,419,42,0.7358490566037735,0.5351213282247765,0.24324324324324326,0.9088937093275488,0.635485192414275,0.365625,0.5690021231422505,942,159,783
154,342,404,42,0.7857142857142857,0.5415549597855228,0.31048387096774194,0.905829596412556,0.6636346227499043,0.4450867052023122,0.5923566878980892,942,196,746
145,354,403,40,0.7837837837837838,0.5323645970937912,0.2905811623246493,0.909706546275395,0.6580741904387875,0.42397660818713456,0.5817409766454352,942,185,757
133,352,418,39,0.7732558139534884,0.5428571428571428,0.27422680412371137,0.9146608315098468,0.6580564784053156,0.40487062404870633,0.5849256900212314,942,172,770
177,324,405,36,0.8309859154929577,0.5555555555555556,0.3532934131736527,0.9183673469387755,0.6932707355242567,0.4957983193277311,0.6178343949044586,942,213,729
143,336,421,42,0.772972972972973,0.5561426684280053,0.2985386221294363,0.9092872570194385,0.6645578207004892,0.4307228915662651,0.5987261146496815,942,185,757
142,370,394,36,0.797752808988764,0.5157068062827225,0.27734375,0.9162790697674419,0.6567298076357433,0.41159420289855075,0.5690021231422505,942,178,764
138,384,390,30,0.8214285714285714,0.5038759689922481,0.26436781609195403,0.9285714285714286,0.6626522702104097,0.4,0.5605095541401274,942,168,774
133,361,409,39,0.7732558139534884,0.5311688311688312,0.2692307692307692,0.9129464285714286,0.6522123225611598,0.3993993993993994,0.5753715498938429,942,172,770
161,337,409,35,0.8214285714285714,0.5482573726541555,0.3232931726907631,0.9211711711711712,0.6848429720413635,0.4639769452449568,0.6050955414012739,942,196,746
142,330,434,36,0.797752808988764,0.5680628272251309,0.3008474576271186,0.9234042553191489,0.6829078181069475,0.4369230769230769,0.6114649681528662,942,178,764
134,348,427,33,0.8023952095808383,0.5509677419354839,0.27800829875518673,0.9282608695652174,0.6766814757581612,0.41294298921417566,0.5955414012738853,942,167,775
139,358,411,34,0.8034682080924855,0.5344603381014305,0.2796780684104628,0.9235955056179775,0.668964273096958,0.4149253731343284,0.583864118895966,942,173,769
133,363,405,41,0.764367816091954,0.52734375,0.26814516129032256,0.9080717488789237,0.645855783045977,0.3970149253731344,0.5711252653927813,942,174,768
118,378,416,30,0.7972972972972973,0.5239294710327456,0.23790322580645162,0.9327354260089686,0.6606133841650215,0.3664596273291925,0.5668789808917197,942,148,794
161,356,393,32,0.8341968911917098,0.5246995994659546,0.3114119922630561,0.9247058823529412,0.6794482453288322,0.4535211267605634,0.5881104033970276,942,193,749
148,357,392,45,0.7668393782383419,0.5233644859813084,0.29306930693069305,0.897025171624714,0.6451019321098251,0.42406876790830944,0.5732484076433121,942,193,749
147,352,408,35,0.8076923076923077,0.5368421052631579,0.29458917835671344,0.9209932279909706,0.6722672064777329,0.43171806167400884,0.589171974522293,942,182,760
152,355,395,40,0.7916666666666666,0.5266666666666666,0.29980276134122286,0.9080459770114943,0.6591666666666667,0.4349070100143061,0.5806794055201698,942,192,750
143,367,397,35,0.8033707865168539,0.5196335078534031,0.2803921568627451,0.9189814814814815,0.6615021471851286,0.41569767441860467,0.5732484076433121,942,178,764
138,352,419,33,0.8070175438596491,0.543450064850843,0.2816326530612245,0.9269911504424779,0.675233804355246,0.4175491679273828,0.5912951167728238,942,171,771
150,369,397,26,0.8522727272727273,0.5182767624020888,0.28901734104046245,0.9385342789598109,0.685274744837408,0.43165467625899284,0.5806794055201698,942,176,766
148,358,400,36,0.8043478260869565,0.5277044854881267,0.2924901185770751,0.9174311926605505,0.6660261557875415,0.4289855072463768,0.5817409766454352,942,184,758
142,373,397,30,0.8255813953488372,0.5155844155844156,0.2757281553398058,0.9297423887587822,0.6705829054666264,0.41339155749636103,0.5721868365180467,942,172,770
158,356,400,28,0.8494623655913979,0.5291005291005291,0.30739299610894943,0.9345794392523364,0.6892814473459634,0.4514285714285715,0.5923566878980892,942,186,756
130,364,406,42,0.7558139534883721,0.5272727272727272,0.2631578947368421,0.90625,0.6415433403805497,0.3903903903903904,0.5690021231422505,942,172,770
135,373,393,41,0.7670454545454546,0.5130548302872062,0.265748031496063,0.9055299539170507,0.6400501424163304,0.3947368421052632,0.5605095541401274,942,176,766
131,379,392,40,0.7660818713450293,0.5084306095979247,0.2568627450980392,0.9074074074074074,0.637256240471477,0.38472834067547723,0.5552016985138004,942,171,771
154,352,403,33,0.8235294117647058,0.5337748344370861,0.30434782608695654,0.9243119266055045,0.678652123100896,0.4444444444444444,0.5912951167728238,942,187,755
136,355,418,33,0.8047337278106509,0.5407503234152652,0.2769857433808554,0.926829268292683,0.672742025612958,0.4121212121212121,0.5881104033970276,942,169,773
140,343,423,36,0.7954545454545454,0.5522193211488251,0.2898550724637681,0.9215686274509803,0.6738369333016853,0.42488619119878607,0.5976645435244161,942,176,766
119,378,410,35,0.7727272727272727,0.5203045685279187,0.23943661971830985,0.9213483146067416,0.6465159206275957,0.3655913978494624,0.5615711252653928,942,154,788
151,354,402,35,0.8118279569892473,0.5317460317460317,0.299009900990099,0.919908466819222,0.6717869943676396,0.43704775687409547,0.5870488322717622,942,186,756
149,350,401,42,0.7801047120418848,0.5339547270306259,0.2985971943887776,0.9051918735891648,0.6570297195362553,0.4318840579710145,0.583864118895966,942,191,751
136,382,389,35,0.7953216374269005,0.5045395590142672,0.2625482625482625,0.9174528301886793,0.6499305982205839,0.39477503628447025,0.5573248407643312,942,171,771
133,377,395,37,0.7823529411764706,0.5116580310880829,0.2607843137254902,0.9143518518518519,0.6470054861322767,0.3911764705882353,0.5605095541401274,942,170,772
149,338,418,37,0.8010752688172043,0.5529100529100529,0.3059548254620123,0.9186813186813186,0.6769926608636285,0.4427934621099554,0.6019108280254777,942,186,756
142,323,442,35,0.8022598870056498,0.5777777777777777,0.3053763440860215,0.9266247379454927,0.6900188323917138,0.44236760124610597,0.6199575371549894,942,177,765
133,389,392,28,0.8260869565217391,0.5019206145966709,0.2547892720306513,0.9333333333333333,0.664003785559205,0.3894582723279648,0.5573248407643312,942,161,781
145,349,406,42,0.7754010695187166,0.5377483443708609,0.2935222672064777,0.90625,0.6565747069447887,0.42584434654919234,0.5849256900212314,942,187,755
160,326,422,34,0.8247422680412371,0.5641711229946524,0.3292181069958848,0.9254385964912281,0.6944566955179448,0.47058823529411764,0.6178343949044586,942,194,748
157,348,409,28,0.8486486486486486,0.5402906208718626,0.3108910891089109,0.9359267734553776,0.6944696347602557,0.4550724637681159,0.6008492569002123,942,185,757
168,342,399,33,0.835820895522388,0.5384615384615384,0.32941176470588235,0.9236111111111112,0.6871412169919633,0.4725738396624473,0.6019108280254777,942,201,741
151,334,431,26,0.8531073446327684,0.5633986928104575,0.311340206185567,0.9431072210065645,0.708253018721613,0.4561933534743202,0.6178343949044586,942,177,765
136,360,414,32,0.8095238095238095,0.5348837209302325,0.27419354838709675,0.9282511210762332,0.672203765227021,0.4096385542168674,0.583864118895966,942,168,774
132,380,401,29,0.8198757763975155,0.5134443021766966,0.2578125,0.9325581395348838,0.666660039287106,0.3922734026745914,0.5658174097664543,942,161,781
136,348,422,36,0.7906976744186046,0.548051948051948,0.2809917355371901,0.9213973799126638,0.6693748112352763,0.4146341463414634,0.5923566878980892,942,172,770
160,338,400,44,0.7843137254901961,0.5420054200542005,0.321285140562249,0.9009009009009009,0.6631595727721983,0.4558404558404559,0.5944798301486199,942,204,738
140,381,385,36,0.7954545454545454,0.5026109660574413,0.2687140115163148,0.9144893111638955,0.6490327557559934,0.40172166427546635,0.5573248407643312,942,176,766
146,370,395,31,0.8248587570621468,0.5163398692810458,0.28294573643410853,0.9272300469483568,0.6705993131715964,0.4213564213564213,0.5743099787685775,942,177,765
140,369,400,33,0.8092485549132948,0.5201560468140443,0.275049115913556,0.9237875288683602,0.6647023008636695,0.41055718475073316,0.5732484076433121,942,173,769
151,356,408,27,0.848314606741573,0.5340314136125655,0.2978303747534517,0.9379310344827586,0.6911730101770692,0.44087591240875923,0.5934182590233545,942,178,764
154,356,397,35,0.8148148148148148,0.5272244355909694,0.30196078431372547,0.9189814814814815,0.6710196252028922,0.4406294706723891,0.5849256900212314,942,189,753
150,350,414,28,0.8426966292134831,0.5418848167539267,0.3,0.9366515837104072,0.692290722983705,0.44247787610619466,0.5987261146496815,942,178,764
171,336,401,34,0.8341463414634146,0.5440976933514247,0.33727810650887574,0.9218390804597701,0.6891220174074196,0.4803370786516854,0.6072186836518046,942,205,737
117,359,427,39,0.75,0.5432569974554707,0.24579831932773108,0.9163090128755365,0.6466284987277353,0.370253164556962,0.5774946921443737,942,156,786
160,366,374,42,0.7920792079207921,0.5054054054054054,0.3041825095057034,0.8990384615384616,0.6487423066630987,0.4395604395604396,0.5668789808917197,942,202,740
148,340,412,42,0.7789473684210526,0.5478723404255319,0.30327868852459017,0.9074889867841409,0.6634098544232923,0.4365781710914454,0.5944798301486199,942,190,752
150,345,413,34,0.8152173913043478,0.5448548812664907,0.30303030303030304,0.9239373601789709,0.6800361362854193,0.4418262150220913,0.5976645435244161,942,184,758
140,383,386,33,0.8092485549132948,0.5019505851755527,0.2676864244741874,0.9212410501193318,0.6555995700444237,0.40229885057471265,0.5583864118895966,942,173,769
144,352,414,32,0.8181818181818182,0.5404699738903395,0.2903225806451613,0.9282511210762332,0.6793258960360788,0.4285714285714286,0.5923566878980892,942,176,766
134,354,417,37,0.783625730994152,0.5408560311284046,0.27459016393442626,0.9185022026431718,0.6622408810612783,0.4066767830045524,0.5849256900212314,942,171,771
129,367,414,32,0.8012422360248447,0.5300896286811779,0.2600806451612903,0.9282511210762332,0.6656659323530113,0.39269406392694056,0.5764331210191083,942,161,781
135,341,433,33,0.8035714285714286,0.5594315245478036,0.28361344537815125,0.9291845493562232,0.6815014765596161,0.4192546583850931,0.6029723991507431,942,168,774
136,365,406,35,0.7953216374269005,0.5265888456549935,0.2714570858283433,0.9206349206349206,0.660955241540947,0.4047619047619047,0.5753715498938429,942,171,771
133,368,408,33,0.8012048192771084,0.5257731958762887,0.2654690618762475,0.9251700680272109,0.6634890075766986,0.39880059970014997,0.5743099787685775,942,166,776
150,354,405,33,0.819672131147541,0.5335968379446641,0.2976190476190476,0.9246575342465754,0.6766344845461025,0.43668122270742354,0.589171974522293,942,183,759
152,373,384,33,0.8216216216216217,0.5072655217965654,0.2895238095238095,0.920863309352518,0.6644435717090935,0.428169014084507,0.5690021231422505,942,185,757
151,349,406,36,0.8074866310160428,0.5377483443708609,0.302,0.918552036199095,0.6726174876934519,0.43959243085880645,0.5912951167728238,942,187,755
149,362,393,38,0.7967914438502673,0.5205298013245033,0.29158512720156554,0.9118329466357309,0.6586606225873853,0.42693409742120336,0.5753715498938429,942,187,755
153,354,409,26,0.8547486033519553,0.5360419397116645,0.30177514792899407,0.9402298850574713,0.6953952715318099,0.4460641399416909,0.5966029723991507,942,179,763
143,355,417,27,0.8411764705882353,0.5401554404145078,0.28714859437751006,0.9391891891891891,0.6906659555013716,0.4281437125748503,0.5944798301486199,942,170,772
130,351,421,40,0.7647058823529411,0.5453367875647669,0.2702702702702703,0.913232104121475,0.6550213349588541,0.3993855606758833,0.5849256900212314,942,170,772
161,321,434,26,0.8609625668449198,0.5748344370860927,0.33402489626556015,0.9434782608695652,0.7178985019655062,0.48131539611360236,0.6316348195329087,942,187,755
136,367,409,30,0.8192771084337349,0.5270618556701031,0.27037773359840955,0.9316628701594533,0.673169482051919,0.406576980568012,0.578556263269639,942,166,776
148,353,412,29,0.8361581920903954,0.538562091503268,0.2954091816367265,0.9342403628117913,0.6873601417968317,0.4365781710914454,0.5944798301486199,942,177,765
139,353,418,32,0.8128654970760234,0.5421530479896238,0.28252032520325204,0.9288888888888889,0.6775092725328236,0.4193061840120664,0.5912951167728238,942,171,771
160,329,421,32,0.8333333333333334,0.5613333333333334,0.32719836400818,0.9293598233995585,0.6973333333333334,0.4698972099853157,0.6167728237791932,942,192,750
126,390,402,24,0.84,0.5075757575757576,0.2441860465116279,0.9436619718309859,0.6737878787878788,0.3783783783783784,0.5605095541401274,942,150,792
150,349,406,37,0.8021390374331551,0.5377483443708609,0.30060120240480964,0.9164785553047404,0.669943690902008,0.4373177842565598,0.5902335456475584,942,187,755
138,382,385,37,0.7885714285714286,0.5019556714471969,0.2653846153846154,0.9123222748815166,0.6452635500093127,0.3971223021582734,0.5552016985138004,942,175,767
131,348,429,34,0.793939393939394,0.5521235521235521,0.27348643006263046,0.9265658747300216,0.673031473031473,0.40683229813664595,0.5944798301486199,942,165,777
143,356,409,34,0.807909604519774,0.534640522875817,0.2865731462925852,0.9232505643340858,0.6712750636977955,0.42307692307692313,0.5859872611464968,942,177,765
167,320,422,33,0.835,0.568733153638814,0.34291581108829566,0.9274725274725275,0.701866576819407,0.48617176128093154,0.6252653927813163,942,200,742
133,366,420,23,0.8525641025641025,0.5343511450381679,0.2665330661322645,0.9480812641083521,0.6934576238011352,0.4061068702290076,0.5870488322717622,942,156,786
163,362,381,36,0.8190954773869347,0.5127860026917901,0.31047619047619046,0.9136690647482014,0.6659407400393624,0.45027624309392267,0.5774946921443737,942,199,743
136,368,411,27,0.8343558282208589,0.527599486521181,0.2698412698412698,0.9383561643835616,0.68097765737102,0.40779610194902544,0.5806794055201698,942,163,779
149,349,407,37,0.8010752688172043,0.5383597883597884,0.2991967871485944,0.9166666666666666,0.6697175285884963,0.4356725146198831,0.5902335456475584,942,186,756
150,361,403,28,0.8426966292134831,0.5274869109947644,0.29354207436399216,0.9350348027842227,0.6850917701041237,0.43541364296081275,0.5870488322717622,942,178,764
165,352,396,29,0.8505154639175257,0.5294117647058824,0.3191489361702128,0.9317647058823529,0.689963614311704,0.46413502109704646,0.5955414012738853,942,194,748
126,375,404,37,0.7730061349693251,0.5186136071887034,0.25149700598802394,0.9160997732426304,0.6458098710790143,0.37951807228915657,0.5626326963906582,942,163,779
151,351,414,26,0.8531073446327684,0.5411764705882353,0.300796812749004,0.9409090909090909,0.6971419076105019,0.4447717231222386,0.5997876857749469,942,177,765
176,335,392,39,0.8186046511627907,0.5392022008253095,0.34442270058708413,0.9095127610208816,0.6789034259940501,0.48484848484848486,0.6029723991507431,942,215,727
135,374,404,29,0.823170731707317,0.519280205655527,0.26522593320235754,0.9330254041570438,0.6712254686814221,0.40118870728083206,0.5721868365180467,942,164,778
135,352,423,32,0.8083832335329342,0.5458064516129032,0.27720739219712526,0.9296703296703297,0.6770948425729186,0.41284403669724773,0.5923566878980892,942,167,775
131,356,426,29,0.81875,0.5447570332480819,0.26899383983572894,0.9362637362637363,0.6817535166240409,0.40494590417310666,0.5912951167728238,942,160,782
142,361,406,33,0.8114285714285714,0.529335071707953,0.2823061630218688,0.9248291571753986,0.6703818215682622,0.4188790560471976,0.5817409766454352,942,175,767
135,341,417,49,0.7336956521739131,0.5501319261213721,0.28361344537815125,0.8948497854077253,0.6419137891476425,0.40909090909090917,0.5859872611464968,942,184,758
131,341,437,33,0.7987804878048781,0.5616966580976864,0.2775423728813559,0.9297872340425531,0.6802385729512823,0.41194968553459116,0.6029723991507431,942,164,778
142,371,392,37,0.7932960893854749,0.5137614678899083,0.27680311890838205,0.9137529137529138,0.6535287786376915,0.41040462427745666,0.5668789808917197,942,179,763
126,354,426,36,0.7777777777777778,0.5461538461538461,0.2625,0.922077922077922,0.661965811965812,0.39252336448598135,0.5859872611464968,942,162,780
130,380,403,29,0.8176100628930818,0.5146871008939975,0.2549019607843137,0.9328703703703703,0.6661485818935396,0.38863976083707025,0.5658174097664543,942,159,783
160,333,412,37,0.8121827411167513,0.553020134228188,0.32454361054766734,0.9175946547884187,0.6826014376724696,0.46376811594202894,0.6072186836518046,942,197,745
152,351,406,33,0.8216216216216217,0.5363276089828269,0.30218687872763417,0.9248291571753986,0.6789746153022242,0.4418604651162791,0.5923566878980892,942,185,757
158,349,396,39,0.8020304568527918,0.5315436241610738,0.3116370808678501,0.9103448275862069,0.6667870405069328,0.4488636363636363,0.5881104033970276,942,197,745
138,377,397,30,0.8214285714285714,0.5129198966408268,0.26796116504854367,0.9297423887587822,0.6671742340346991,0.404099560761347,0.5679405520169851,942,168,774
142,365,407,28,0.8352941176470589,0.5272020725388601,0.28007889546351084,0.9356321839080459,0.6812480950929595,0.4194977843426883,0.5828025477707006,942,170,772
146,342,418,36,0.8021978021978022,0.55,0.29918032786885246,0.920704845814978,0.6760989010989011,0.435820895522388,0.5987261146496815,942,182,760
140,371,399,32,0.813953488372093,0.5181818181818182,0.273972602739726,0.925754060324826,0.6660676532769556,0.40995607613469986,0.5721868365180467,942,172,770
146,336,423,37,0.7978142076502732,0.5573122529644269,0.3029045643153527,0.9195652173913044,0.67756323030735,0.4390977443609022,0.6040339702760085,942,183,759
142,339,425,36,0.797752808988764,0.556282722513089,0.29521829521829523,0.9219088937093276,0.6770177657509264,0.43095599393019723,0.6019108280254777,942,178,764
156,357,397,32,0.8297872340425532,0.5265251989389921,0.30409356725146197,0.9254079254079254,0.6781562164907726,0.4450784593437946,0.5870488322717622,942,188,754
147,370,398,27,0.8448275862068966,0.5182291666666666,0.28433268858800775,0.9364705882352942,0.6815283764367817,0.4254703328509407,0.578556263269639,942,174,768
139,359,418,26,0.8424242424242424,0.5379665379665379,0.2791164658634538,0.9414414414414415,0.6901953901953901,0.4193061840120663,0.5912951167728238,942,165,777
149,353,397,43,0.7760416666666666,0.5293333333333333,0.2968127490039841,0.9022727272727272,0.6526875,0.42939481268011526,0.5796178343949044,942,192,750
158,334,419,31,0.8359788359788359,0.5564409030544488,0.32113821138211385,0.9311111111111111,0.6962098695166423,0.4640234948604993,0.6125265392781316,942,189,753
149,355,400,38,0.7967914438502673,0.5298013245033113,0.29563492063492064,0.91324200913242,0.6632963841767894,0.4312590448625181,0.5828025477707006,942,187,755
143,336,437,26,0.8461538461538461,0.5653298835705045,0.2985386221294363,0.9438444924406048,0.7057418648621754,0.441358024691358,0.6157112526539278,942,169,773
149,354,407,32,0.8232044198895028,0.5348226018396847,0.2962226640159046,0.9271070615034168,0.6790135108645937,0.435672514619883,0.5902335456475584,942,181,761
155,356,396,35,0.8157894736842105,0.526595744680851,0.30332681017612523,0.9187935034802784,0.6711926091825308,0.442225392296719,0.5849256900212314,942,190,752
138,366,400,38,0.7840909090909091,0.5221932114882507,0.27380952380952384,0.91324200913242,0.6531420602895799,0.4058823529411765,0.5711252653927813,942,176,766
127,367,413,35,0.7839506172839507,0.5294871794871795,0.25708502024291496,0.921875,0.6567188983855651,0.38719512195121947,0.5732484076433121,942,162,780
156,365,388,33,0.8253968253968254,0.5152722443559097,0.29942418426103645,0.9216152019002375,0.6703345348763675,0.4394366197183098,0.5774946921443737,942,189,753
141,361,408,32,0.815028901734104,0.5305591677503251,0.28087649402390436,0.9272727272727272,0.6727940347422146,0.41777777777777775,0.5828025477707006,942,173,769
150,330,419,43,0.7772020725388601,0.5594125500667557,0.3125,0.9069264069264069,0.668307311302808,0.44576523031203563,0.6040339702760085,942,193,749
142,376,396,28,0.8352941176470589,0.5129533678756477,0.27413127413127414,0.9339622641509434,0.6741237427613533,0.4127906976744186,0.5711252653927813,942,170,772
150,349,407,36,0.8064516129032258,0.5383597883597884,0.30060120240480964,0.9187358916478555,0.6724057006315071,0.437956204379562,0.5912951167728238,942,186,756
143,343,424,32,0.8171428571428572,0.5528031290743155,0.294238683127572,0.9298245614035088,0.6849729931085864,0.43267776096822996,0.6019108280254777,942,175,767
151,359,400,32,0.825136612021858,0.5270092226613966,0.296078431372549,0.9259259259259259,0.6760729173416273,0.4357864357864358,0.5849256900212314,942,183,759
138,363,405,36,0.7931034482758621,0.52734375,0.2754491017964072,0.9183673469387755,0.660223599137931,0.4088888888888889,0.5764331210191083,942,174,768
164,337,401,40,0.803921568627451,0.5433604336043361,0.3273453093812375,0.909297052154195,0.6736410011158935,0.46524822695035456,0.5997876857749469,942,204,738
128,350,430,34,0.7901234567901234,0.5512820512820513,0.26778242677824265,0.9267241379310345,0.6707027540360874,0.3999999999999999,0.5923566878980892,942,162,780
147,358,397,40,0.786096256684492,0.5258278145695364,0.29108910891089107,0.9084668192219679,0.6559620356270142,0.42485549132947975,0.5774946921443737,942,187,755
145,375,392,30,0.8285714285714286,0.5110821382007823,0.27884615384615385,0.9289099526066351,0.6698267833861055,0.4172661870503597,0.5700636942675159,942,175,767
138,372,405,27,0.8363636363636363,0.5212355212355212,0.27058823529411763,0.9375,0.6787995787995788,0.40888888888888886,0.5764331210191083,942,165,777
161,355,391,35,0.8214285714285714,0.5241286863270778,0.312015503875969,0.9178403755868545,0.6727786288778246,0.452247191011236,0.5859872611464968,942,196,746
148,344,421,29,0.8361581920903954,0.550326797385621,0.3008130081300813,0.9355555555555556,0.6932424947380083,0.4424514200298954,0.6040339702760085,942,177,765
141,361,402,38,0.7877094972067039,0.526867627785059,0.28087649402390436,0.9136363636363637,0.6572885624958815,0.4140969162995594,0.5764331210191083,942,179,763
158,340,402,42,0.79,0.5417789757412399,0.3172690763052209,0.9054054054054054,0.66588948787062,0.4527220630372493,0.5944798301486199,942,200,742
131,362,423,26,0.8343949044585988,0.5388535031847134,0.2657200811359026,0.9420935412026726,0.6866242038216561,0.40307692307692305,0.5881104033970276,942,157,785
139,361,409,33,0.8081395348837209,0.5311688311688312,0.278,0.9253393665158371,0.6696541830262761,0.4136904761904762,0.5817409766454352,942,172,770
149,340,415,38,0.7967914438502673,0.5496688741721855,0.3047034764826176,0.9161147902869757,0.6732301590112264,0.4408284023668639,0.5987261146496815,942,187,755
140,375,407,20,0.875,0.520460358056266,0.27184466019417475,0.9531615925058547,0.697730179028133,0.41481481481481486,0.5806794055201698,942,160,782
148,371,388,35,0.8087431693989071,0.5111989459815547,0.28516377649325625,0.91725768321513,0.6599710576902309,0.42165242165242167,0.5690021231422505,942,183,759
161,336,405,40,0.8009950248756219,0.5465587044534413,0.323943661971831,0.9101123595505618,0.6737768646645317,0.4613180515759312,0.6008492569002123,942,201,741
171,319,418,34,0.8341463414634146,0.5671641791044776,0.3489795918367347,0.9247787610619469,0.7006552602839461,0.4920863309352518,0.6252653927813163,942,205,737
134,364,413,31,0.8121212121212121,0.5315315315315315,0.26907630522088355,0.9301801801801802,0.6718263718263718,0.40422322775263947,0.5806794055201698,942,165,777
155,336,404,47,0.7673267326732673,0.5459459459459459,0.31568228105906315,0.8957871396895787,0.6566363393096066,0.44733044733044736,0.5934182590233545,942,202,740
137,371,409,25,0.845679012345679,0.5243589743589744,0.26968503937007876,0.9423963133640553,0.6850189933523267,0.408955223880597,0.5796178343949044,942,162,780
148,343,422,29,0.8361581920903954,0.5516339869281046,0.3014256619144603,0.9356984478935698,0.6938960895092501,0.4431137724550898,0.6050955414012739,942,177,765
141,362,400,39,0.7833333333333333,0.5249343832020997,0.2803180914512923,0.9111617312072893,0.6541338582677165,0.4128843338213763,0.5743099787685775,942,180,762
143,342,422,35,0.8033707865168539,0.5523560209424084,0.2948453608247423,0.9234135667396062,0.6778634037296312,0.43137254901960786,0.5997876857749469,942,178,764
156,335,413,38,0.8041237113402062,0.5521390374331551,0.31771894093686354,0.9157427937915743,0.6781313743866806,0.4554744525547446,0.6040339702760085,942,194,748
145,357,411,29,0.8333333333333334,0.53515625,0.28884462151394424,0.9340909090909091,0.6842447916666667,0.4289940828402367,0.5902335456475584,942,174,768
145,340,426,31,0.8238636363636364,0.556135770234987,0.29896907216494845,0.9321663019693655,0.6899997032993117,0.43872919818456885,0.6061571125265393,942,176,766
153,356,404,29,0.8406593406593407,0.531578947368421,0.3005893909626719,0.9330254041570438,0.6861191440138809,0.4428364688856729,0.5912951167728238,942,182,760
158,348,402,34,0.8229166666666666,0.536,0.31225296442687744,0.9220183486238532,0.6794583333333333,0.4527220630372493,0.5944798301486199,942,192,750
140,372,398,32,0.813953488372093,0.5168831168831168,0.2734375,0.9255813953488372,0.6654183026276049,0.40935672514619875,0.5711252653927813,942,172,770
168,318,417,39,0.8115942028985508,0.5673469387755102,0.345679012345679,0.9144736842105263,0.6894705708370306,0.4848484848484848,0.6210191082802548,942,207,735
162,359,390,31,0.8393782383419689,0.520694259012016,0.31094049904030713,0.9263657957244655,0.6800362486769924,0.453781512605042,0.5859872611464968,942,193,749
153,368,388,33,0.8225806451612904,0.5132275132275133,0.29366602687140114,0.9216152019002375,0.6679040791944018,0.4328147100424328,0.5743099787685775,942,186,756
135,347,430,30,0.8181818181818182,0.5534105534105535,0.2800829875518672,0.9347826086956522,0.6857961857961858,0.4173106646058733,0.5997876857749469,942,165,777
136,353,423,30,0.8192771084337349,0.5451030927835051,0.278118609406953,0.9337748344370861,0.68219010060862,0.4152671755725191,0.5934182590233545,942,166,776
161,362,391,28,0.8518518518518519,0.5192563081009296,0.3078393881453155,0.9331742243436754,0.6855540799763907,0.45224719101123595,0.5859872611464968,942,189,753
135,361,417,29,0.823170731707317,0.5359897172236504,0.2721774193548387,0.9349775784753364,0.6795802244654837,0.4090909090909091,0.5859872611464968,942,164,778
149,341,417,35,0.8097826086956522,0.5501319261213721,0.3040816326530612,0.922566371681416,0.6799572674085121,0.4421364985163205,0.6008492569002123,942,184,758
141,374,394,33,0.8103448275862069,0.5130208333333334,0.2737864077669903,0.9227166276346604,0.6616828304597702,0.40928882438316405,0.5679405520169851,942,174,768
151,348,404,39,0.7947368421052632,0.5372340425531915,0.3026052104208417,0.9119638826185101,0.6659854423292273,0.4383164005805516,0.589171974522293,942,190,752
136,352,421,33,0.8047337278106509,0.5446313065976714,0.2786885245901639,0.9273127753303965,0.6746825172041612,0.4140030441400304,0.5912951167728238,942,169,773
146,340,420,36,0.8021978021978022,0.5526315789473685,0.3004115226337449,0.9210526315789473,0.6774146905725853,0.437125748502994,0.6008492569002123,942,182,760
132,362,420,28,0.825,0.5370843989769821,0.26720647773279355,0.9375,0.681042199488491,0.4036697247706422,0.5859872611464968,942,160,782
122,366,427,27,0.8187919463087249,0.5384615384615384,0.25,0.9405286343612335,0.6786267423851317,0.3830455259026688,0.5828025477707006,942,149,793
151,362,403,26,0.8531073446327684,0.526797385620915,0.29434697855750486,0.9393939393939394,0.6899523651268418,0.43768115942028984,0.5881104033970276,942,177,765
141,361,392,48,0.746031746031746,0.5205843293492696,0.28087649402390436,0.8909090909090909,0.6333080376905078,0.40810419681620835,0.5658174097664543,942,189,753
152,339,423,28,0.8444444444444444,0.5551181102362205,0.3095723014256619,0.9379157427937915,0.6997812773403325,0.45305514157973176,0.6104033970276008,942,180,762
124,357,431,30,0.8051948051948052,0.5469543147208121,0.2577962577962578,0.9349240780911063,0.6760745599578086,0.3905511811023622,0.589171974522293,942,154,788
109,370,422,41,0.7266666666666667,0.5328282828282829,0.22755741127348644,0.9114470842332614,0.6297474747474747,0.3465818759936407,0.5636942675159236,942,150,792
141,346,424,31,0.8197674418604651,0.5506493506493506,0.28952772073921973,0.9318681318681319,0.6852083962549078,0.42792109256449173,0.5997876857749469,942,172,770
134,357,419,32,0.8072289156626506,0.5399484536082474,0.2729124236252546,0.9290465631929047,0.6735886846354491,0.40791476407914773,0.5870488322717622,942,166,776
134,374,400,34,0.7976190476190477,0.5167958656330749,0.2637795275590551,0.9216589861751152,0.6572074566260613,0.3964497041420118,0.5668789808917197,942,168,774
127,351,427,37,0.774390243902439,0.5488431876606684,0.26569037656903766,0.9202586206896551,0.6616167157815538,0.3956386292834891,0.5881104033970276,942,164,778
141,352,408,41,0.7747252747252747,0.5368421052631579,0.28600405679513186,0.9086859688195991,0.6557836899942163,0.4177777777777778,0.5828025477707006,942,182,760
163,370,385,24,0.8716577540106952,0.5099337748344371,0.3058161350844278,0.941320293398533,0.6907957644225662,0.45277777777777783,0.5817409766454352,942,187,755
141,354,413,34,0.8057142857142857,0.5384615384615384,0.28484848484848485,0.9239373601789709,0.6720879120879121,0.4208955223880598,0.5881104033970276,942,175,767
150,345,416,31,0.8287292817679558,0.5466491458607096,0.30303030303030304,0.930648769574944,0.6876892138143327,0.4437869822485207,0.6008492569002123,942,181,761
140,381,389,32,0.813953488372093,0.5051948051948052,0.2687140115163148,0.9239904988123515,0.6595741467834491,0.4040404040404041,0.5615711252653928,942,172,770
140,379,387,36,0.7954545454545454,0.5052219321148825,0.2697495183044316,0.9148936170212766,0.650338238784714,0.4028776978417266,0.559447983014862,942,176,766
139,340,416,47,0.7473118279569892,0.5502645502645502,0.29018789144050106,0.8984881209503239,0.6487881891107697,0.4180451127819549,0.589171974522293,942,186,756
139,377,383,43,0.7637362637362637,0.5039473684210526,0.2693798449612403,0.8990610328638498,0.6338418160786581,0.3982808022922636,0.554140127388535,942,182,760
124,370,419,29,0.8104575163398693,0.5310519645120405,0.25101214574898784,0.9352678571428571,0.6707547404259548,0.3833075734157651,0.5764331210191083,942,153,789
139,361,402,40,0.776536312849162,0.526867627785059,0.278,0.9095022624434389,0.6517019703171105,0.4094256259204713,0.5743099787685775,942,179,763
152,338,422,30,0.8351648351648352,0.5552631578947368,0.31020408163265306,0.9336283185840708,0.695213996529786,0.45238095238095233,0.6093418259023354,942,182,760
128,396,383,35,0.7852760736196319,0.49165596919127086,0.24427480916030533,0.916267942583732,0.6384660214054514,0.3726346433770014,0.5424628450106157,942,163,779
140,344,413,45,0.7567567567567568,0.5455746367239102,0.2892561983471074,0.9017467248908297,0.6511656967403334,0.41853512705530643,0.5870488322717622,942,185,757
137,358,417,30,0.8203592814371258,0.5380645161290323,0.2767676767676768,0.9328859060402684,0.6792118987830791,0.4138972809667674,0.5881104033970276,942,167,775
141,344,423,34,0.8057142857142857,0.5514993481095176,0.2907216494845361,0.925601750547046,0.6786068169119017,0.42727272727272736,0.5987261146496815,942,175,767
144,335,437,26,0.8470588235294118,0.5660621761658031,0.30062630480167013,0.9438444924406048,0.7065604998476074,0.4437596302003082,0.6167728237791932,942,170,772
154,357,405,26,0.8555555555555555,0.531496062992126,0.3013698630136986,0.9396751740139211,0.6935258092738408,0.4457308248914616,0.5934182590233545,942,180,762
141,351,411,39,0.7833333333333333,0.5393700787401575,0.2865853658536585,0.9133333333333333,0.6613517060367454,0.4196428571428571,0.5859872611464968,942,180,762
160,349,402,31,0.837696335078534,0.5352862849533955,0.3143418467583497,0.9284064665127021,0.6864913100159648,0.45714285714285713,0.5966029723991507,942,191,751
160,339,415,28,0.851063829787234,0.5503978779840849,0.32064128256513025,0.9367945823927766,0.7007308538856595,0.46579330422125176,0.6104033970276008,942,188,754
135,376,393,38,0.7803468208092486,0.5110533159947984,0.26418786692759294,0.9118329466357309,0.6457000684020235,0.3947368421052631,0.5605095541401274,942,173,769
135,376,400,31,0.8132530120481928,0.5154639175257731,0.26418786692759294,0.9280742459396751,0.6643584647869829,0.3988183161004431,0.5679405520169851,942,166,776
149,379,380,34,0.8142076502732241,0.5006587615283268,0.2821969696969697,0.9178743961352657,0.6574332059007755,0.419127988748242,0.5615711252653928,942,183,759
148,374,396,24,0.8604651162790697,0.5142857142857142,0.2835249042145594,0.9428571428571428,0.687375415282392,0.42651296829971186,0.5774946921443737,942,172,770
141,359,413,29,0.8294117647058824,0.5349740932642487,0.282,0.9343891402714932,0.6821929289850656,0.42089552238805966,0.5881104033970276,942,170,772
151,331,431,29,0.8388888888888889,0.5656167979002624,0.3132780082987552,0.9369565217391305,0.7022528433945756,0.4561933534743203,0.6178343949044586,942,180,762
145,396,371,30,0.8285714285714286,0.48370273794002605,0.2680221811460259,0.9251870324189526,0.6561370832557274,0.4050279329608939,0.5477707006369427,942,175,767
146,352,398,46,0.7604166666666666,0.5306666666666666,0.2931726907630522,0.8963963963963963,0.6455416666666667,0.42318840579710143,0.5774946921443737,942,192,750
142,369,408,23,0.8606060606060606,0.525096525096525,0.27788649706457924,0.9466357308584686,0.6928512928512929,0.4201183431952663,0.583864118895966,942,165,777
132,363,419,28,0.825,0.5358056265984654,0.26666666666666666,0.9373601789709173,0.6804028132992327,0.4030534351145038,0.5849256900212314,942,160,782
127,351,423,41,0.7559523809523809,0.5465116279069767,0.26569037656903766,0.9116379310344828,0.6512320044296789,0.3931888544891641,0.583864118895966,942,168,774
168,369,377,28,0.8571428571428571,0.5053619302949062,0.3128491620111732,0.9308641975308642,0.6812523937188817,0.4583901773533424,0.578556263269639,942,196,746
150,356,405,31,0.8287292817679558,0.5321944809461235,0.2964426877470356,0.9288990825688074,0.6804618813570397,0.4366812227074236,0.589171974522293,942,181,761
146,377,384,35,0.8066298342541437,0.5045992115637319,0.27915869980879543,0.9164677804295943,0.6556145229089378,0.4147727272727273,0.5626326963906582,942,181,761
158,362,385,37,0.8102564102564103,0.5153949129852744,0.3038461538461538,0.9123222748815166,0.6628256616208423,0.44195804195804195,0.5764331210191083,942,195,747
153,359,399,31,0.8315217391304348,0.5263852242744064,0.298828125,0.9279069767441861,0.6789534817024205,0.43965517241379315,0.5859872611464968,942,184,758
146,350,409,37,0.7978142076502732,0.538866930171278,0.29435483870967744,0.9170403587443946,0.6683405689107755,0.43004418262150224,0.589171974522293,942,183,759
149,369,393,31,0.8277777777777777,0.515748031496063,0.2876447876447876,0.9268867924528302,0.6717629046369203,0.4269340974212034,0.5753715498938429,942,180,762
142,331,435,34,0.8068181818181818,0.5678851174934726,0.30021141649048627,0.9275053304904051,0.6873516496558272,0.4375963020030817,0.6125265392781316,942,176,766
141,346,420,35,0.8011363636363636,0.5483028720626631,0.28952772073921973,0.9230769230769231,0.6747196178495134,0.42533936651583715,0.5955414012738853,942,176,766
131,345,431,35,0.7891566265060241,0.5554123711340206,0.27521008403361347,0.924892703862661,0.6722844988200224,0.4080996884735203,0.5966029723991507,942,166,776
152,335,406,49,0.7562189054726368,0.5479082321187584,0.31211498973305957,0.8923076923076924,0.6520635687956976,0.4418604651162791,0.5923566878980892,942,201,741
137,368,401,36,0.791907514450867,0.5214564369310793,0.2712871287128713,0.9176201372997712,0.6566819756909732,0.40412979351032446,0.5711252653927813,942,173,769
163,318,424,37,0.815,0.5714285714285714,0.3388773388773389,0.9197396963123644,0.6932142857142857,0.4787077826725404,0.6231422505307855,942,200,742
135,325,448,34,0.7988165680473372,0.5795601552393272,0.29347826086956524,0.9294605809128631,0.6891883616433323,0.4292527821939587,0.618895966029724,942,169,773
138,360,417,27,0.8363636363636363,0.5366795366795367,0.27710843373493976,0.9391891891891891,0.6865215865215866,0.416289592760181,0.589171974522293,942,165,777
142,364,408,28,0.8352941176470589,0.5284974093264249,0.28063241106719367,0.9357798165137615,0.6818957634867419,0.42011834319526625,0.583864118895966,942,170,772
135,363,413,31,0.8132530120481928,0.5322164948453608,0.2710843373493976,0.9301801801801802,0.6727347534467768,0.4066265060240964,0.5817409766454352,942,166,776
163,348,393,38,0.8109452736318408,0.5303643724696356,0.31898238747553814,0.9118329466357309,0.6706548230507382,0.4578651685393258,0.5902335456475584,942,201,741
138,373,403,28,0.8313253012048193,0.5193298969072165,0.2700587084148728,0.9350348027842227,0.6753275990560179,0.4076809453471196,0.5743099787685775,942,166,776
150,369,395,28,0.8426966292134831,0.5170157068062827,0.28901734104046245,0.933806146572104,0.6798561680098829,0.430416068866571,0.578556263269639,942,178,764
143,363,394,42,0.772972972972973,0.5204755614266843,0.2826086956521739,0.9036697247706422,0.6467242671998286,0.4138929088277858,0.5700636942675159,942,185,757
139,355,425,23,0.8580246913580247,0.5448717948717948,0.2813765182186235,0.9486607142857143,0.7014482431149098,0.42378048780487804,0.5987261146496815,942,162,780
134,391,379,38,0.7790697674418605,0.4922077922077922,0.25523809523809526,0.9088729016786571,0.6356387798248264,0.3845050215208035,0.5445859872611465,942,172,770
156,355,395,36,0.8125,0.5266666666666666,0.30528375733855184,0.9164733178654292,0.6695833333333333,0.4438122332859175,0.5849256900212314,942,192,750
146,361,407,28,0.8390804597701149,0.5299479166666666,0.2879684418145957,0.9356321839080459,0.6845141882183907,0.4287812041116006,0.5870488322717622,942,174,768
141,350,415,36,0.7966101694915254,0.5424836601307189,0.28716904276985744,0.9201773835920177,0.6695469148111222,0.4221556886227545,0.5902335456475584,942,177,765
144,319,443,36,0.8,0.5813648293963255,0.31101511879049676,0.9248434237995825,0.6906824146981627,0.447900466562986,0.6231422505307855,942,180,762
156,348,406,32,0.8297872340425532,0.5384615384615384,0.30952380952380953,0.9269406392694064,0.6841243862520459,0.45086705202312144,0.5966029723991507,942,188,754
144,358,415,25,0.8520710059171598,0.536869340232859,0.2868525896414343,0.9431818181818182,0.6944701730750094,0.42921013412816694,0.5934182590233545,942,169,773
143,357,407,35,0.8033707865168539,0.5327225130890052,0.286,0.920814479638009,0.6680466498029296,0.4218289085545722,0.583864118895966,942,178,764
153,343,420,26,0.8547486033519553,0.5504587155963303,0.3084677419354839,0.9417040358744395,0.7026036594741428,0.45333333333333325,0.60828025477707,942,179,763
143,368,405,26,0.8461538461538461,0.5239327296248383,0.27984344422700586,0.9396751740139211,0.6850432878893422,0.42058823529411765,0.5817409766454352,942,169,773
144,340,416,42,0.7741935483870968,0.5502645502645502,0.2975206611570248,0.9082969432314411,0.6622290493258235,0.42985074626865666,0.5944798301486199,942,186,756
147,361,397,37,0.7989130434782609,0.5237467018469657,0.28937007874015747,0.9147465437788018,0.6613298726626133,0.42485549132947975,0.5774946921443737,942,184,758
147,350,413,32,0.8212290502793296,0.5412844036697247,0.29577464788732394,0.9280898876404494,0.6812567269745271,0.4349112426035503,0.5944798301486199,942,179,763
150,362,400,30,0.8333333333333334,0.5249343832020997,0.29296875,0.9302325581395349,0.6791338582677166,0.4335260115606936,0.583864118895966,942,180,762
151,348,410,33,0.8206521739130435,0.5408970976253298,0.3026052104208417,0.9255079006772009,0.6807746357691866,0.4421669106881406,0.5955414012738853,942,184,758
157,365,397,23,0.8722222222222222,0.520997375328084,0.3007662835249042,0.9452380952380952,0.6966097987751532,0.4472934472934472,0.5881104033970276,942,180,762
160,357,390,35,0.8205128205128205,0.5220883534136547,0.30947775628626695,0.9176470588235294,0.6713005869632376,0.44943820224719105,0.583864118895966,942,195,747
140,338,432,32,0.813953488372093,0.561038961038961,0.2928870292887029,0.9310344827586207,0.687496224705527,0.43076923076923074,0.6072186836518046,942,172,770
151,342,405,44,0.7743589743589744,0.5421686746987951,0.30628803245436104,0.9020044543429844,0.6582638245288848,0.4389534883720931,0.5902335456475584,942,195,747
149,346,407,40,0.7883597883597884,0.5405046480743692,0.301010101010101,0.9105145413870246,0.6644322182170788,0.43567251461988304,0.5902335456475584,942,189,753
151,346,409,36,0.8074866310160428,0.5417218543046357,0.3038229376257545,0.9191011235955057,0.6746042426603392,0.4415204678362573,0.5944798301486199,942,187,755
134,355,412,41,0.7657142857142857,0.5371577574967406,0.2740286298568507,0.9094922737306843,0.6514360216055131,0.4036144578313253,0.5796178343949044,942,175,767
123,357,429,33,0.7884615384615384,0.5458015267175572,0.25625,0.9285714285714286,0.6671315325895478,0.38679245283018865,0.5859872611464968,942,156,786
132,373,401,36,0.7857142857142857,0.5180878552971576,0.2613861386138614,0.9176201372997712,0.6519010705057217,0.3922734026745914,0.5658174097664543,942,168,774
168,332,404,38,0.8155339805825242,0.5489130434782609,0.336,0.9140271493212669,0.6822235120303926,0.47592067988668557,0.6072186836518046,942,206,736
121,356,430,35,0.7756410256410257,0.5470737913486005,0.25366876310272535,0.9247311827956989,0.6613574084948131,0.3823064770932069,0.5849256900212314,942,156,786
144,370,394,34,0.8089887640449438,0.5157068062827225,0.2801556420233463,0.9205607476635514,0.6623477851638331,0.41618497109826585,0.5711252653927813,942,178,764
119,371,425,27,0.815068493150685,0.5339195979899497,0.24285714285714285,0.9402654867256637,0.6744940455703173,0.37421383647798745,0.5774946921443737,942,146,796
127,367,413,35,0.7839506172839507,0.5294871794871795,0.25708502024291496,0.921875,0.6567188983855651,0.38719512195121947,0.5732484076433121,942,162,780
129,361,415,37,0.7771084337349398,0.5347938144329897,0.26326530612244897,0.918141592920354,0.6559511240839647,0.3932926829268293,0.5774946921443737,942,166,776
136,366,394,46,0.7472527472527473,0.5184210526315789,0.27091633466135456,0.8954545454545455,0.6328368999421631,0.39766081871345027,0.5626326963906582,942,182,760
149,364,406,23,0.8662790697674418,0.5272727272727272,0.290448343079922,0.9463869463869464,0.6967758985200845,0.43503649635036495,0.589171974522293,942,172,770
134,359,418,31,0.8121212121212121,0.5379665379665379,0.2718052738336714,0.9309576837416481,0.675043875043875,0.4072948328267477,0.5859872611464968,942,165,777
135,360,417,30,0.8181818181818182,0.5366795366795367,0.2727272727272727,0.9328859060402684,0.6774306774306775,0.4090909090909091,0.5859872611464968,942,165,777
156,346,400,40,0.7959183673469388,0.5361930294906166,0.3107569721115538,0.9090909090909091,0.6660556984187778,0.44699140401146137,0.5902335456475584,942,196,746
117,391,395,39,0.75,0.5025445292620865,0.23031496062992127,0.9101382488479263,0.6262722646310432,0.35240963855421686,0.5435244161358811,942,156,786
128,338,444,32,0.8,0.5677749360613811,0.27467811158798283,0.9327731092436975,0.6838874680306906,0.4089456869009585,0.6072186836518046,942,160,782
157,318,438,29,0.8440860215053764,0.5793650793650794,0.33052631578947367,0.9379014989293362,0.7117255504352279,0.4750378214826021,0.6316348195329087,942,186,756
131,377,405,29,0.81875,0.5179028132992327,0.2578740157480315,0.9331797235023042,0.6683264066496164,0.3922155688622754,0.5690021231422505,942,160,782
136,353,411,42,0.7640449438202247,0.5379581151832461,0.278118609406953,0.9072847682119205,0.6510015295017354,0.4077961019490255,0.5806794055201698,942,178,764
168,351,392,31,0.8442211055276382,0.5275908479138627,0.3236994219653179,0.9267139479905437,0.6859059767207505,0.4679665738161561,0.5944798301486199,942,199,743
149,341,422,30,0.8324022346368715,0.5530799475753604,0.3040816326530612,0.9336283185840708,0.6927410911061159,0.445440956651719,0.6061571125265393,942,179,763
115,360,418,49,0.7012195121951219,0.5372750642673522,0.24210526315789474,0.8950749464668094,0.619247288231237,0.3599374021909233,0.5658174097664543,942,164,778
142,356,406,38,0.7888888888888889,0.5328083989501312,0.285140562248996,0.9144144144144144,0.66084864391951,0.41887905604719766,0.5817409766454352,942,180,762
149,350,410,33,0.8186813186813187,0.5394736842105263,0.2985971943887776,0.9255079006772009,0.6790775014459225,0.43759177679882527,0.5934182590233545,942,182,760
142,356,405,39,0.7845303867403315,0.5321944809461235,0.285140562248996,0.9121621621621622,0.6583624338432275,0.4182621502209131,0.5806794055201698,942,181,761
141,338,426,37,0.7921348314606742,0.5575916230366492,0.29436325678496866,0.9200863930885529,0.6748632272486617,0.42922374429223736,0.6019108280254777,942,178,764
119,371,415,37,0.7628205128205128,0.5279898218829516,0.24285714285714285,0.918141592920354,0.6454051673517323,0.3684210526315789,0.5668789808917197,942,156,786
151,338,416,37,0.8031914893617021,0.5517241379310345,0.30879345603271985,0.9183222958057395,0.6774578136463683,0.4460856720827179,0.6019108280254777,942,188,754
131,349,423,39,0.7705882352941177,0.5479274611398963,0.27291666666666664,0.9155844155844156,0.6592578482170071,0.40307692307692305,0.5881104033970276,942,170,772
114,375,424,29,0.7972027972027972,0.5306633291614519,0.2331288343558282,0.9359823399558499,0.6639330631821245,0.3607594936708861,0.5711252653927813,942,143,799
143,353,405,41,0.7771739130434783,0.5343007915567283,0.28830645161290325,0.9080717488789237,0.6557373523001033,0.42058823529411765,0.5817409766454352,942,184,758
138,364,407,33,0.8070175438596491,0.5278858625162127,0.2749003984063745,0.925,0.6674517031879309,0.41010401188707274,0.578556263269639,942,171,771
141,343,417,41,0.7747252747252747,0.5486842105263158,0.29132231404958675,0.9104803493449781,0.6617047426257953,0.4234234234234234,0.5923566878980892,942,182,760
160,339,406,37,0.8121827411167513,0.5449664429530201,0.32064128256513025,0.9164785553047404,0.6785745920348857,0.45977011494252873,0.6008492569002123,942,197,745
144,338,418,42,0.7741935483870968,0.5529100529100529,0.2987551867219917,0.908695652173913,0.6635518006485748,0.43113772455089816,0.5966029723991507,942,186,756
138,356,413,35,0.7976878612716763,0.5370611183355006,0.2793522267206478,0.921875,0.6673744898035885,0.4137931034482759,0.5849256900212314,942,173,769
141,354,415,32,0.815028901734104,0.5396618985695709,0.28484848484848485,0.9284116331096197,0.6773454001518375,0.42215568862275454,0.5902335456475584,942,173,769
140,368,400,34,0.8045977011494253,0.5208333333333334,0.2755905511811024,0.9216589861751152,0.6627155172413793,0.41055718475073316,0.5732484076433121,942,174,768
155,366,383,38,0.8031088082901554,0.5113484646194927,0.29750479846449135,0.9097387173396675,0.6572286364548241,0.43417366946778707,0.5711252653927813,942,193,749
146,377,393,26,0.8488372093023255,0.5103896103896104,0.27915869980879543,0.9379474940334129,0.679613409845968,0.42014388489208637,0.5721868365180467,942,172,770
129,353,424,36,0.7818181818181819,0.5456885456885456,0.2676348547717842,0.9217391304347826,0.6637533637533637,0.3987635239567233,0.5870488322717622,942,165,777
147,367,396,32,0.8212290502793296,0.5190039318479686,0.28599221789883267,0.9252336448598131,0.670116491063649,0.4242424242424242,0.5764331210191083,942,179,763
131,354,415,42,0.7572254335260116,0.5396618985695709,0.27010309278350514,0.9080962800875274,0.6484436660477912,0.39817629179331304,0.5796178343949044,942,173,769
153,368,389,32,0.827027027027027,0.5138705416116248,0.29366602687140114,0.9239904988123515,0.6704487843193259,0.4334277620396601,0.5753715498938429,942,185,757
117,354,436,35,0.7697368421052632,0.5518987341772152,0.2484076433121019,0.9256900212314225,0.6608177881412391,0.3756019261637239,0.5870488322717622,942,152,790
143,351,408,40,0.7814207650273224,0.5375494071146245,0.2894736842105263,0.9107142857142857,0.6594850860709734,0.4224519940915805,0.5849256900212314,942,183,759
147,342,403,50,0.7461928934010152,0.5409395973154363,0.3006134969325153,0.8896247240618101,0.6435662453582258,0.4285714285714286,0.583864118895966,942,197,745
146,352,412,32,0.8202247191011236,0.5392670157068062,0.2931726907630522,0.9279279279279279,0.6797458674039649,0.4319526627218934,0.5923566878980892,942,178,764
141,330,430,41,0.7747252747252747,0.5657894736842105,0.29936305732484075,0.9129511677282378,0.6702573742047426,0.4318529862174579,0.6061571125265393,942,182,760
134,349,426,33,0.8023952095808383,0.5496774193548387,0.2774327122153209,0.9281045751633987,0.6760363144678385,0.41230769230769226,0.5944798301486199,942,167,775
169,366,379,28,0.8578680203045685,0.508724832214765,0.31588785046728973,0.9312039312039312,0.6832964262596668,0.46174863387978143,0.5817409766454352,942,197,745
153,351,410,28,0.8453038674033149,0.5387647831800263,0.30357142857142855,0.9360730593607306,0.6920343252916705,0.4467153284671533,0.5976645435244161,942,181,761
133,374,397,38,0.7777777777777778,0.5149156939040207,0.26232741617357,0.9126436781609195,0.6463467358408992,0.39233038348082594,0.5626326963906582,942,171,771
141,340,425,36,0.7966101694915254,0.5555555555555556,0.29313929313929316,0.9219088937093276,0.6760828625235404,0.4285714285714286,0.6008492569002123,942,177,765
139,350,420,33,0.8081395348837209,0.5454545454545454,0.2842535787321063,0.9271523178807947,0.6767970401691332,0.42057488653555214,0.5934182590233545,942,172,770
140,356,415,31,0.8187134502923976,0.5382619974059663,0.28225806451612906,0.9304932735426009,0.678487723849182,0.4197901049475263,0.589171974522293,942,171,771
143,353,412,34,0.807909604519774,0.538562091503268,0.28830645161290325,0.9237668161434978,0.673235848011521,0.424962852897474,0.589171974522293,942,177,765
134,352,419,37,0.783625730994152,0.543450064850843,0.2757201646090535,0.918859649122807,0.6635378979224975,0.4079147640791477,0.5870488322717622,942,171,771
156,333,424,29,0.8432432432432433,0.560105680317041,0.31901840490797545,0.9359823399558499,0.7016744617801421,0.46290801186943625,0.6157112526539278,942,185,757
140,359,414,29,0.8284023668639053,0.535575679172057,0.280561122244489,0.9345372460496614,0.6819890230179811,0.41916167664670656,0.5881104033970276,942,169,773
154,359,404,25,0.8603351955307262,0.5294888597640891,0.3001949317738791,0.9417249417249417,0.6949120276474077,0.44508670520231214,0.5923566878980892,942,179,763
169,344,385,44,0.7934272300469484,0.5281207133058985,0.32943469785575047,0.8974358974358975,0.6607739716764234,0.46556473829201106,0.5881104033970276,942,213,729
140,340,433,29,0.8284023668639053,0.5601552393272963,0.2916666666666667,0.9372294372294372,0.6942788030956009,0.43143297380585516,0.60828025477707,942,169,773
153,345,417,27,0.85,0.547244094488189,0.3072289156626506,0.9391891891891891,0.6986220472440945,0.45132743362831856,0.6050955414012739,942,180,762
143,379,387,33,0.8125,0.5052219321148825,0.2739463601532567,0.9214285714285714,0.6588609660574413,0.40974212034383956,0.5626326963906582,942,176,766
128,359,415,40,0.7619047619047619,0.5361757105943152,0.26283367556468173,0.9120879120879121,0.6490402362495385,0.3908396946564886,0.5764331210191083,942,168,774
156,350,399,37,0.8082901554404145,0.5327102803738317,0.308300395256917,0.9151376146788991,0.6705002179071231,0.4463519313304721,0.589171974522293,942,193,749
160,365,376,41,0.7960199004975125,0.5074224021592443,0.3047619047619048,0.9016786570743405,0.6517211513283784,0.44077134986225897,0.5690021231422505,942,201,741
129,369,411,33,0.7962962962962963,0.5269230769230769,0.25903614457831325,0.9256756756756757,0.6616096866096866,0.3909090909090909,0.5732484076433121,942,162,780
136,354,416,36,0.7906976744186046,0.5402597402597402,0.27755102040816326,0.9203539823008849,0.6654787073391724,0.41087613293051367,0.5859872611464968,942,172,770
142,365,396,39,0.7845303867403315,0.5203679369250985,0.28007889546351084,0.9103448275862069,0.6524491618327151,0.41279069767441856,0.5711252653927813,942,181,761
135,350,426,31,0.8132530120481928,0.5489690721649485,0.27835051546391754,0.9321663019693655,0.6811110421065707,0.4147465437788018,0.5955414012738853,942,166,776
136,321,446,39,0.7771428571428571,0.5814863102998696,0.2975929978118162,0.9195876288659793,0.6793145837213634,0.43037974683544306,0.6178343949044586,942,175,767
141,362,401,38,0.7877094972067039,0.5255570117955439,0.2803180914512923,0.9134396355353075,0.656633254501124,0.41348973607038125,0.5753715498938429,942,179,763
139,346,418,39,0.7808988764044944,0.5471204188481675,0.2865979381443299,0.9146608315098468,0.664009647626331,0.4193061840120664,0.5912951167728238,942,178,764
136,368,407,31,0.8143712574850299,0.5251612903225806,0.2698412698412698,0.9292237442922374,0.6697662739038053,0.40536512667660207,0.5764331210191083,942,167,775
148,351,410,33,0.8176795580110497,0.5387647831800263,0.2965931863727455,0.9255079006772009,0.678222170595538,0.4352941176470589,0.5923566878980892,942,181,761
144,367,395,36,0.8,0.5183727034120735,0.28180039138943247,0.9164733178654292,0.6591863517060368,0.41678726483357453,0.5721868365180467,942,180,762
135,387,388,32,0.8083832335329342,0.5006451612903225,0.25862068965517243,0.9238095238095239,0.6545141974116284,0.3918722786647315,0.5552016985138004,942,167,775
149,339,422,32,0.8232044198895028,0.5545335085413929,0.305327868852459,0.9295154185022027,0.6888689642154479,0.44544095665171896,0.6061571125265393,942,181,761
145,354,412,31,0.8238636363636364,0.5378590078328982,0.2905811623246493,0.9300225733634312,0.6808613220982673,0.42962962962962964,0.5912951167728238,942,176,766
137,369,400,36,0.791907514450867,0.5201560468140443,0.2707509881422925,0.9174311926605505,0.6560317806324556,0.40353460972017674,0.5700636942675159,942,173,769
147,361,410,24,0.8596491228070176,0.5317769130998703,0.28937007874015747,0.9447004608294931,0.6957130179534439,0.4329896907216495,0.5912951167728238,942,171,771
154,371,385,32,0.8279569892473119,0.5092592592592593,0.29333333333333333,0.9232613908872902,0.6686081242532855,0.4331926863572433,0.5721868365180467,942,186,756
120,347,434,41,0.7453416149068323,0.5556978233034571,0.2569593147751606,0.9136842105263158,0.6505197191051446,0.38216560509554137,0.5881104033970276,942,161,781
133,338,435,36,0.7869822485207101,0.5627425614489003,0.2823779193205945,0.9235668789808917,0.6748624049848052,0.415625,0.6029723991507431,942,169,773
132,348,426,36,0.7857142857142857,0.5503875968992248,0.275,0.922077922077922,0.6680509413067552,0.40740740740740744,0.5923566878980892,942,168,774
166,365,383,28,0.8556701030927835,0.5120320855614974,0.3126177024482109,0.9318734793187348,0.6838510943271404,0.4579310344827586,0.5828025477707006,942,194,748
155,363,401,23,0.8707865168539326,0.524869109947644,0.29922779922779924,0.9457547169811321,0.6978278134007883,0.44540229885057475,0.5902335456475584,942,178,764
137,370,405,30,0.8203592814371258,0.5225806451612903,0.2702169625246548,0.9310344827586207,0.671469963299208,0.4065281899109792,0.5753715498938429,942,167,775
137,352,412,41,0.7696629213483146,0.5392670157068062,0.28016359918200406,0.9094922737306843,0.6544649685275604,0.4107946026986506,0.5828025477707006,942,178,764
141,355,408,38,0.7877094972067039,0.5347313237221494,0.2842741935483871,0.9147982062780269,0.6612204104644266,0.4177777777777778,0.5828025477707006,942,179,763
154,342,413,33,0.8235294117647058,0.5470198675496689,0.31048387096774194,0.9260089686098655,0.6852746396571874,0.4509516837481698,0.6019108280254777,942,187,755
126,387,405,24,0.84,0.5113636363636364,0.24561403508771928,0.9440559440559441,0.6756818181818182,0.38009049773755654,0.5636942675159236,942,150,792
131,326,447,38,0.7751479289940828,0.5782664941785253,0.28665207877461707,0.9216494845360824,0.676707211586304,0.4185303514376997,0.613588110403397,942,169,773
174,343,381,44,0.7981651376146789,0.5262430939226519,0.3365570599613153,0.8964705882352941,0.6622041157686653,0.473469387755102,0.589171974522293,942,218,724
137,355,419,31,0.8154761904761905,0.541343669250646,0.2784552845528455,0.9311111111111111,0.6784099298634183,0.4151515151515151,0.5902335456475584,942,168,774
164,354,384,40,0.803921568627451,0.5203252032520326,0.3166023166023166,0.9056603773584906,0.6621233859397417,0.4542936288088642,0.5817409766454352,942,204,738
150,343,416,33,0.819672131147541,0.5480895915678524,0.30425963488843816,0.9265033407572383,0.6838808613576968,0.44378698224852076,0.6008492569002123,942,183,759
145,352,407,38,0.7923497267759563,0.5362318840579711,0.2917505030181087,0.9146067415730337,0.6642908054169636,0.42647058823529416,0.5859872611464968,942,183,759
138,367,400,37,0.7885714285714286,0.5215123859191656,0.2732673267326733,0.9153318077803204,0.6550419072452971,0.4058823529411765,0.5711252653927813,942,175,767
135,376,404,27,0.8333333333333334,0.517948717948718,0.26418786692759294,0.9373549883990719,0.6756410256410257,0.40118870728083206,0.5721868365180467,942,162,780
133,348,429,32,0.806060606060606,0.5521235521235521,0.2765072765072765,0.93058568329718,0.6790920790920791,0.4117647058823529,0.5966029723991507,942,165,777
128,376,407,31,0.8050314465408805,0.5197956577266922,0.25396825396825395,0.9292237442922374,0.6624135521337864,0.3861236802413273,0.5679405520169851,942,159,783
141,360,402,39,0.7833333333333333,0.5275590551181102,0.281437125748503,0.9115646258503401,0.6554461942257217,0.41409691629955947,0.5764331210191083,942,180,762
136,363,401,42,0.7640449438202247,0.524869109947644,0.2725450901803607,0.9051918735891648,0.6444570268839344,0.4017725258493353,0.5700636942675159,942,178,764
159,350,404,29,0.8457446808510638,0.5358090185676393,0.31237721021611004,0.9330254041570438,0.6907768497093516,0.45624103299856533,0.5976645435244161,942,188,754
136,370,411,25,0.84472049689441,0.5262483994878361,0.26877470355731226,0.9426605504587156,0.6854844481911231,0.4077961019490255,0.5806794055201698,942,161,781
150,349,411,32,0.8241758241758241,0.5407894736842105,0.30060120240480964,0.927765237020316,0.6824826489300173,0.44052863436123346,0.5955414012738853,942,182,760
152,326,425,39,0.7958115183246073,0.5659121171770972,0.3179916317991632,0.915948275862069,0.6808618177508523,0.4544095665171899,0.6125265392781316,942,191,751
138,353,420,31,0.8165680473372781,0.5433376455368694,0.28105906313645623,0.9312638580931264,0.6799528464370737,0.4181818181818182,0.5923566878980892,942,169,773
149,376,381,36,0.8054054054054054,0.5033025099075297,0.2838095238095238,0.9136690647482014,0.6543539576564675,0.4197183098591549,0.5626326963906582,942,185,757
167,344,399,32,0.8391959798994975,0.5370121130551817,0.3268101761252446,0.925754060324826,0.6881040464773396,0.47042253521126753,0.6008492569002123,942,199,743
164,354,390,34,0.8282828282828283,0.5241935483870968,0.3166023166023166,0.9198113207547169,0.6762381883349625,0.45810055865921784,0.5881104033970276,942,198,744
129,346,437,30,0.8113207547169812,0.558109833971903,0.27157894736842103,0.9357601713062098,0.6847152943444421,0.4069400630914827,0.6008492569002123,942,159,783
145,350,408,39,0.7880434782608695,0.5382585751978892,0.29292929292929293,0.912751677852349,0.6631510267293794,0.4270986745213549,0.5870488322717622,942,184,758
144,339,424,35,0.8044692737430168,0.5557011795543906,0.2981366459627329,0.9237472766884531,0.6800852266487036,0.4350453172205438,0.6029723991507431,942,179,763
145,356,415,26,0.847953216374269,0.5382619974059663,0.2894211576846307,0.9410430839002267,0.6931076068901176,0.43154761904761907,0.5944798301486199,942,171,771
144,361,408,29,0.8323699421965318,0.5305591677503251,0.2851485148514851,0.9336384439359268,0.6814645549734284,0.42477876106194684,0.5859872611464968,942,173,769
143,326,429,44,0.7647058823529411,0.5682119205298013,0.3049040511727079,0.9069767441860465,0.6664589014413712,0.43597560975609756,0.6072186836518046,942,187,755
149,361,394,38,0.7967914438502673,0.5218543046357615,0.29215686274509806,0.9120370370370371,0.6593228742430144,0.4275466284074606,0.5764331210191083,942,187,755
167,325,401,49,0.7731481481481481,0.5523415977961432,0.3394308943089431,0.8911111111111111,0.6627448729721457,0.47175141242937857,0.6029723991507431,942,216,726
155,361,389,37,0.8072916666666666,0.5186666666666667,0.3003875968992248,0.9131455399061033,0.6629791666666667,0.4378531073446328,0.5774946921443737,942,192,750
160,362,391,29,0.8465608465608465,0.5192563081009296,0.3065134099616858,0.930952380952381,0.6829085773308881,0.450070323488045,0.5849256900212314,942,189,753
142,353,407,40,0.7802197802197802,0.5355263157894737,0.2868686868686869,0.9105145413870246,0.657873048004627,0.41949778434268836,0.5828025477707006,942,182,760
151,348,413,30,0.8342541436464088,0.5427069645203679,0.3026052104208417,0.9322799097065463,0.6884805540833884,0.44411764705882356,0.5987261146496815,942,181,761
145,377,401,19,0.8841463414634146,0.5154241645244216,0.2777777777777778,0.9547619047619048,0.6997852529939181,0.4227405247813411,0.5796178343949044,942,164,778
131,372,409,30,0.8136645962732919,0.5236875800256082,0.26043737574552683,0.9316628701594533,0.66867608814945,0.39457831325301207,0.5732484076433121,942,161,781
144,354,403,41,0.7783783783783784,0.5323645970937912,0.2891566265060241,0.9076576576576577,0.6553714877360848,0.4216691068814055,0.5806794055201698,942,185,757
149,365,398,30,0.8324022346368715,0.5216251638269986,0.2898832684824903,0.9299065420560748,0.6770136992319351,0.43001443001443007,0.5806794055201698,942,179,763
129,343,429,41,0.7588235294117647,0.555699481865285,0.2733050847457627,0.9127659574468086,0.6572615056385248,0.40186915887850466,0.5923566878980892,942,170,772
143,357,408,34,0.807909604519774,0.5333333333333333,0.286,0.9230769230769231,0.6706214689265537,0.4224519940915804,0.5849256900212314,942,177,765
139,337,435,31,0.8176470588235294,0.5634715025906736,0.2920168067226891,0.9334763948497854,0.6905592807071015,0.43034055727554177,0.6093418259023354,942,170,772
150,351,413,28,0.8426966292134831,0.5405759162303665,0.2994011976047904,0.9365079365079365,0.6916362727219247,0.44182621502209124,0.5976645435244161,942,178,764
143,374,398,27,0.8411764705882353,0.5155440414507773,0.2765957446808511,0.9364705882352942,0.6783602560195063,0.4163027656477439,0.5743099787685775,942,170,772
158,365,381,38,0.8061224489795918,0.5107238605898123,0.30210325047801145,0.9093078758949881,0.6584231547847021,0.4394993045897079,0.5721868365180467,942,196,746
168,344,395,35,0.8275862068965517,0.5345060893098782,0.328125,0.9186046511627907,0.681046148103215,0.46993006993007,0.5976645435244161,942,203,739
155,333,419,35,0.8157894736842105,0.5571808510638298,0.3176229508196721,0.9229074889867841,0.6864851623740201,0.45722713864306785,0.6093418259023354,942,190,752
156,349,405,32,0.8297872340425532,0.5371352785145889,0.3089108910891089,0.9267734553775744,0.683461256278571,0.45021645021645024,0.5955414012738853,942,188,754
147,361,404,30,0.8305084745762712,0.5281045751633987,0.28937007874015747,0.9308755760368663,0.6793065248698349,0.4291970802919708,0.5849256900212314,942,177,765
134,364,408,36,0.788235294117647,0.5284974093264249,0.26907630522088355,0.918918918918919,0.658366351722036,0.4011976047904191,0.5753715498938429,942,170,772
133,368,403,38,0.7777777777777778,0.522697795071336,0.2654690618762475,0.9138321995464853,0.6502377864245569,0.39583333333333337,0.5690021231422505,942,171,771
135,357,422,28,0.8282208588957055,0.5417201540436457,0.27439024390243905,0.9377777777777778,0.6849705064696756,0.41221374045801523,0.5912951167728238,942,163,779
170,343,399,30,0.85,0.5377358490566038,0.3313840155945419,0.9300699300699301,0.6938679245283019,0.4768583450210378,0.6040339702760085,942,200,742
140,362,398,42,0.7692307692307693,0.5236842105263158,0.2788844621513944,0.9045454545454545,0.6464574898785425,0.40935672514619875,0.5711252653927813,942,182,760
124,381,414,23,0.8435374149659864,0.5207547169811321,0.24554455445544554,0.9473684210526315,0.6821460659735592,0.3803680981595092,0.5711252653927813,942,147,795
143,339,419,41,0.7771739130434783,0.5527704485488126,0.2966804979253112,0.9108695652173913,0.6649721807961455,0.4294294294294294,0.5966029723991507,942,184,758
163,342,402,35,0.8232323232323232,0.5403225806451613,0.3227722772277228,0.919908466819222,0.6817774519387423,0.4637268847795164,0.5997876857749469,942,198,744
128,372,412,30,0.810126582278481,0.5255102040816326,0.256,0.9321266968325792,0.6678183931800568,0.3890577507598784,0.5732484076433121,942,158,784
126,364,412,40,0.7590361445783133,0.5309278350515464,0.2571428571428571,0.911504424778761,0.6449819898149298,0.38414634146341453,0.5711252653927813,942,166,776
157,367,385,33,0.8263157894736842,0.511968085106383,0.29961832061068705,0.9210526315789473,0.6691419372900336,0.43977591036414565,0.5753715498938429,942,190,752
163,345,402,32,0.8358974358974359,0.5381526104417671,0.32086614173228345,0.9262672811059908,0.6870250231696016,0.46372688477951635,0.5997876857749469,942,195,747
137,345,421,39,0.7784090909090909,0.5496083550913838,0.2842323651452282,0.9152173913043479,0.6640087230002374,0.41641337386018235,0.5923566878980892,942,176,766
123,385,394,40,0.754601226993865,0.5057766367137355,0.2421259842519685,0.9078341013824884,0.6301889318538003,0.3666169895678092,0.5488322717622081,942,163,779
122,363,425,32,0.7922077922077922,0.5393401015228426,0.2515463917525773,0.9299781181619255,0.6657739468653174,0.3818466353677622,0.5806794055201698,942,154,788
149,333,417,43,0.7760416666666666,0.556,0.3091286307053942,0.9065217391304348,0.6660208333333333,0.4421364985163205,0.6008492569002123,942,192,750
140,366,389,47,0.7486631016042781,0.5152317880794702,0.2766798418972332,0.8922018348623854,0.6319474448418742,0.40404040404040403,0.5615711252653928,942,187,755
132,365,405,40,0.7674418604651163,0.525974025974026,0.2655935613682093,0.9101123595505618,0.6467079432195711,0.3946188340807176,0.5700636942675159,942,172,770
163,335,406,38,0.8109452736318408,0.5479082321187584,0.3273092369477912,0.9144144144144144,0.6794267528752995,0.4663805436337625,0.6040339702760085,942,201,741
142,352,416,32,0.8160919540229885,0.5416666666666666,0.2874493927125506,0.9285714285714286,0.6788793103448276,0.4251497005988024,0.5923566878980892,942,174,768
142,346,401,53,0.7282051282051282,0.536813922356091,0.29098360655737704,0.8832599118942731,0.6325095252806097,0.41581259150805266,0.5764331210191083,942,195,747
141,356,408,37,0.7921348314606742,0.5340314136125655,0.2837022132796781,0.9168539325842696,0.6630831225366198,0.4177777777777778,0.5828025477707006,942,178,764
168,355,392,27,0.8615384615384616,0.5247657295850067,0.32122370936902483,0.9355608591885441,0.6931520955617341,0.467966573816156,0.5944798301486199,942,195,747
147,353,409,33,0.8166666666666667,0.536745406824147,0.294,0.9253393665158371,0.6767060367454067,0.43235294117647055,0.5902335456475584,942,180,762
150,350,409,33,0.819672131147541,0.538866930171278,0.3,0.9253393665158371,0.6792695306594094,0.4392386530014641,0.5934182590233545,942,183,759
139,357,396,50,0.7354497354497355,0.5258964143426295,0.28024193548387094,0.8878923766816144,0.6306730748961824,0.4058394160583942,0.5679405520169851,942,189,753
160,345,407,30,0.8421052631578947,0.5412234042553191,0.31683168316831684,0.931350114416476,0.6916643337066068,0.46043165467625896,0.6019108280254777,942,190,752
159,359,397,27,0.8548387096774194,0.5251322751322751,0.30694980694980695,0.9363207547169812,0.6899854924048472,0.4517045454545454,0.5902335456475584,942,186,756
160,362,381,39,0.8040201005025126,0.5127860026917901,0.3065134099616858,0.9071428571428571,0.6584030515971513,0.4438280166435506,0.5743099787685775,942,199,743
130,324,445,43,0.7514450867052023,0.5786736020806242,0.28634361233480177,0.9118852459016393,0.6650593443929133,0.41467304625199364,0.6104033970276008,942,173,769
152,360,402,28,0.8444444444444444,0.5275590551181102,0.296875,0.9348837209302325,0.6860017497812774,0.43930635838150284,0.5881104033970276,942,180,762
172,342,390,38,0.819047619047619,0.5327868852459017,0.3346303501945525,0.9112149532710281,0.6759172521467604,0.47513812154696133,0.5966029723991507,942,210,732
129,370,402,41,0.7588235294117647,0.5207253886010362,0.25851703406813625,0.90744920993228,0.6397744590064005,0.38565022421524664,0.5636942675159236,942,170,772
146,347,416,33,0.8156424581005587,0.54521625163827,0.2961460446247465,0.9265033407572383,0.6804293548694144,0.43452380952380953,0.5966029723991507,942,179,763
147,340,422,33,0.8166666666666667,0.5538057742782152,0.30184804928131415,0.9274725274725275,0.6852362204724409,0.4407796101949026,0.6040339702760085,942,180,762
143,366,400,33,0.8125,0.5221932114882507,0.28094302554027506,0.9237875288683602,0.6673466057441253,0.4175182481751825,0.5764331210191083,942,176,766
150,351,403,38,0.7978723404255319,0.5344827586206896,0.2994011976047904,0.9138321995464853,0.6661775495231108,0.43541364296081275,0.5870488322717622,942,188,754
146,343,422,31,0.8248587570621468,0.5516339869281046,0.2985685071574642,0.9315673289183223,0.6882463719951257,0.4384384384384384,0.6029723991507431,942,177,765
143,355,415,29,0.8313953488372093,0.538961038961039,0.28714859437751006,0.9346846846846847,0.6851781938991242,0.426865671641791,0.5923566878980892,942,172,770
145,343,417,37,0.7967032967032966,0.5486842105263158,0.29713114754098363,0.9185022026431718,0.6726937536148062,0.43283582089552247,0.5966029723991507,942,182,760
144,345,414,39,0.7868852459016393,0.5454545454545454,0.294478527607362,0.9139072847682119,0.6661698956780924,0.42857142857142855,0.5923566878980892,942,183,759
139,339,433,31,0.8176470588235294,0.560880829015544,0.2907949790794979,0.9331896551724138,0.6892639439195367,0.42901234567901236,0.6072186836518046,942,170,772
138,360,410,34,0.8023255813953488,0.5324675324675324,0.27710843373493976,0.9234234234234234,0.6673965569314406,0.41194029850746267,0.5817409766454352,942,172,770
140,359,402,41,0.7734806629834254,0.5282522996057819,0.280561122244489,0.90744920993228,0.6508664812946037,0.4117647058823529,0.5753715498938429,942,181,761
145,374,388,35,0.8055555555555556,0.5091863517060368,0.279383429672447,0.91725768321513,0.6573709536307961,0.4148783977110158,0.5658174097664543,942,180,762
146,343,415,38,0.7934782608695652,0.5474934036939314,0.2985685071574642,0.9161147902869757,0.6704858322817483,0.4338781575037147,0.5955414012738853,942,184,758
153,345,414,30,0.8360655737704918,0.5454545454545454,0.3072289156626506,0.9324324324324325,0.6907600596125186,0.44933920704845814,0.6019108280254777,942,183,759
145,357,400,40,0.7837837837837838,0.5284015852047557,0.28884462151394424,0.9090909090909091,0.6560926844942697,0.4221251819505095,0.578556263269639,942,185,757
159,345,410,28,0.8502673796791443,0.543046357615894,0.31547619047619047,0.9360730593607306,0.6966568686475192,0.46020260492040516,0.6040339702760085,942,187,755
139,348,418,37,0.7897727272727273,0.5456919060052219,0.28542094455852157,0.9186813186813186,0.6677323166389746,0.4193061840120664,0.5912951167728238,942,176,766
127,348,427,40,0.7604790419161677,0.5509677419354839,0.2673684210526316,0.9143468950749465,0.6557233919258258,0.39563862928348914,0.5881104033970276,942,167,775
153,365,398,26,0.8547486033519553,0.5216251638269986,0.2953667953667954,0.9386792452830188,0.688186883589477,0.4390243902439025,0.5849256900212314,942,179,763
122,390,394,36,0.7721518987341772,0.5025510204081632,0.23828125,0.9162790697674419,0.6373514595711702,0.3641791044776119,0.5477707006369427,942,158,784
141,351,417,33,0.8103448275862069,0.54296875,0.2865853658536585,0.9266666666666666,0.6766567887931034,0.4234234234234234,0.5923566878980892,942,174,768
152,369,400,21,0.8786127167630058,0.5201560468140443,0.29174664107485604,0.9501187648456056,0.699384381788525,0.4380403458213256,0.5859872611464968,942,173,769
150,348,409,35,0.8108108108108109,0.5402906208718626,0.30120481927710846,0.9211711711711712,0.6755507158413367,0.43923865300146414,0.5934182590233545,942,185,757
126,369,413,34,0.7875,0.5281329923273658,0.2545454545454545,0.9239373601789709,0.6578164961636829,0.3847328244274809,0.5721868365180467,942,160,782
136,341,434,31,0.8143712574850299,0.56,0.2851153039832285,0.9333333333333333,0.687185628742515,0.42236024844720493,0.6050955414012739,942,167,775
157,354,402,29,0.8440860215053764,0.5317460317460317,0.30724070450097846,0.9327146171693735,0.6879160266257041,0.4505021520803443,0.5934182590233545,942,186,756
126,356,426,34,0.7875,0.5447570332480819,0.26141078838174275,0.9260869565217391,0.6661285166240409,0.39252336448598135,0.5859872611464968,942,160,782
136,363,407,36,0.7906976744186046,0.5285714285714286,0.2725450901803607,0.9187358916478555,0.6596345514950166,0.4053651266766021,0.5764331210191083,942,172,770
142,375,391,34,0.8068181818181818,0.5104438642297651,0.2746615087040619,0.92,0.6586310230239734,0.40981240981240985,0.5658174097664543,942,176,766
155,367,377,43,0.7828282828282829,0.5067204301075269,0.29693486590038315,0.8976190476190476,0.6447743564679049,0.4305555555555556,0.564755838641189,942,198,744
156,359,390,37,0.8082901554404145,0.520694259012016,0.3029126213592233,0.9133489461358314,0.6644922072262153,0.4406779661016949,0.5796178343949044,942,193,749
153,339,420,30,0.8360655737704918,0.5533596837944664,0.31097560975609756,0.9333333333333333,0.6947126287824792,0.4533333333333333,0.60828025477707,942,183,759
127,370,419,26,0.8300653594771242,0.5310519645120405,0.25553319919517103,0.9415730337078652,0.6805586619945824,0.39076923076923087,0.5796178343949044,942,153,789
149,357,409,27,0.8465909090909091,0.5339425587467362,0.29446640316205536,0.9380733944954128,0.6902667339188227,0.43695014662756604,0.5923566878980892,942,176,766
140,355,420,27,0.8383233532934131,0.5419354838709678,0.2828282828282828,0.9395973154362416,0.6901294185821905,0.4229607250755287,0.5944798301486199,942,167,775
147,374,397,24,0.8596491228070176,0.5149156939040207,0.2821497120921305,0.9429928741092637,0.6872824083555191,0.42485549132947975,0.5774946921443737,942,171,771
139,364,415,24,0.852760736196319,0.5327342747111682,0.27634194831013914,0.9453302961275627,0.6927475054537435,0.41741741741741734,0.5881104033970276,942,163,779
151,329,422,40,0.7905759162303665,0.5619174434087882,0.3145833333333333,0.9134199134199135,0.6762466798195774,0.45007451564828604,0.60828025477707,942,191,751
146,346,416,34,0.8111111111111111,0.5459317585301837,0.2967479674796748,0.9244444444444444,0.6785214348206474,0.4345238095238096,0.5966029723991507,942,180,762
135,370,404,33,0.8035714285714286,0.5219638242894057,0.26732673267326734,0.9244851258581236,0.6627676264304172,0.4011887072808321,0.5721868365180467,942,168,774
131,360,420,31,0.808641975308642,0.5384615384615384,0.2668024439918534,0.9312638580931264,0.6735517568850902,0.4012251148545177,0.5849256900212314,942,162,780
144,343,425,30,0.8275862068965517,0.5533854166666666,0.29568788501026694,0.9340659340659341,0.6904858117816092,0.4357034795763994,0.6040339702760085,942,174,768
158,334,411,39,0.8020304568527918,0.5516778523489932,0.32113821138211385,0.9133333333333333,0.6768541546008926,0.4586357039187227,0.6040339702760085,942,197,745
141,342,432,27,0.8392857142857143,0.5581395348837209,0.2919254658385093,0.9411764705882353,0.6987126245847176,0.43317972350230416,0.60828025477707,942,168,774
132,346,428,36,0.7857142857142857,0.5529715762273901,0.27615062761506276,0.9224137931034483,0.6693429309708379,0.4086687306501548,0.5944798301486199,942,168,774
137,353,419,33,0.8058823529411765,0.5427461139896373,0.2795918367346939,0.9269911504424779,0.6743142334654069,0.4151515151515152,0.5902335456475584,942,170,772
133,357,410,42,0.76,0.5345501955671447,0.2714285714285714,0.9070796460176991,0.6472750977835724,0.39999999999999997,0.5764331210191083,942,175,767
126,334,440,42,0.75,0.5684754521963824,0.27391304347826084,0.9128630705394191,0.6592377260981912,0.40127388535031844,0.6008492569002123,942,168,774
135,366,406,35,0.7941176470588235,0.5259067357512953,0.2694610778443114,0.9206349206349206,0.6600121914050594,0.40238450074515647,0.5743099787685775,942,170,772
134,362,410,36,0.788235294117647,0.5310880829015544,0.2701612903225806,0.9192825112107623,0.6596616885096007,0.4024024024024024,0.5774946921443737,942,170,772
143,361,406,32,0.8171428571428572,0.529335071707953,0.2837301587301587,0.9269406392694064,0.6732389644254051,0.42120765832106044,0.5828025477707006,942,175,767
115,378,412,37,0.756578947368421,0.5215189873417722,0.2332657200811359,0.9175946547884187,0.6390489673550965,0.35658914728682173,0.559447983014862,942,152,790
149,336,413,44,0.772020725388601,0.5514018691588785,0.30721649484536084,0.9037199124726477,0.6617112972737398,0.4395280235988201,0.5966029723991507,942,193,749
134,337,438,33,0.8023952095808383,0.5651612903225807,0.28450106157112526,0.9299363057324841,0.6837782499517095,0.42006269592476486,0.6072186836518046,942,167,775
129,359,425,29,0.8164556962025317,0.5420918367346939,0.26434426229508196,0.9361233480176211,0.6792737664686128,0.3993808049535604,0.5881104033970276,942,158,784
152,370,388,32,0.8260869565217391,0.5118733509234829,0.29118773946360155,0.9238095238095239,0.668980153722611,0.4305949008498584,0.5732484076433121,942,184,758
145,358,407,32,0.8192090395480226,0.5320261437908497,0.2882703777335984,0.9271070615034168,0.6756175916694361,0.4264705882352942,0.5859872611464968,942,177,765
123,364,416,39,0.7592592592592593,0.5333333333333333,0.25256673511293637,0.9142857142857143,0.6462962962962964,0.37904468412942993,0.5721868365180467,942,162,780
149,348,404,41,0.7842105263157895,0.5372340425531915,0.29979879275653926,0.9078651685393259,0.6607222844344904,0.43377001455604075,0.5870488322717622,942,190,752
144,340,415,43,0.7700534759358288,0.5496688741721855,0.2975206611570248,0.9061135371179039,0.6598611750540071,0.42921013412816694,0.5934182590233545,942,187,755
141,361,404,36,0.7966101694915254,0.5281045751633987,0.28087649402390436,0.9181818181818182,0.6623573723274621,0.4153166421207658,0.578556263269639,942,177,765
146,358,410,28,0.8390804597701149,0.5338541666666666,0.2896825396825397,0.9360730593607306,0.6864673132183907,0.43067846607669613,0.5902335456475584,942,174,768
144,376,390,32,0.8181818181818182,0.5091383812010444,0.27692307692307694,0.9241706161137441,0.6636600996914312,0.4137931034482759,0.5668789808917197,942,176,766
130,391,389,32,0.8024691358024691,0.4987179487179487,0.2495201535508637,0.9239904988123515,0.6505935422602089,0.38067349926793553,0.5509554140127388,942,162,780
134,392,380,36,0.788235294117647,0.49222797927461137,0.25475285171102663,0.9134615384615384,0.6402316366961291,0.38505747126436785,0.5456475583864119,942,170,772
149,371,392,30,0.8324022346368715,0.5137614678899083,0.2865384615384615,0.9289099526066351,0.6730818512633898,0.4263233190271817,0.5743099787685775,942,179,763
123,367,426,26,0.825503355704698,0.5372005044136192,0.2510204081632653,0.9424778761061947,0.6813519300591586,0.3849765258215962,0.5828025477707006,942,149,793
139,353,409,41,0.7722222222222223,0.536745406824147,0.28252032520325204,0.9088888888888889,0.6544838145231846,0.41369047619047616,0.5817409766454352,942,180,762
140,357,404,41,0.7734806629834254,0.5308804204993429,0.28169014084507044,0.9078651685393259,0.6521805417413842,0.41297935103244837,0.5774946921443737,942,181,761
139,371,398,34,0.8034682080924855,0.517555266579974,0.2725490196078431,0.9212962962962963,0.6605117373362297,0.4070278184480234,0.5700636942675159,942,173,769
159,350,392,41,0.795,0.5283018867924528,0.31237721021611004,0.9053117782909931,0.6616509433962264,0.44851904090267986,0.5849256900212314,942,200,742
133,373,411,25,0.8417721518987342,0.5242346938775511,0.2628458498023715,0.9426605504587156,0.6830034228881426,0.40060240963855415,0.5774946921443737,942,158,784
143,333,438,28,0.8362573099415205,0.5680933852140078,0.3004201680672269,0.9399141630901288,0.7021753475777641,0.44204018547140644,0.6167728237791932,942,171,771
153,381,366,42,0.7846153846153846,0.4899598393574297,0.28651685393258425,0.8970588235294118,0.6372876119864072,0.41975308641975306,0.5509554140127388,942,195,747
136,361,412,33,0.8047337278106509,0.5329883570504528,0.27364185110663986,0.9258426966292135,0.6688610424305519,0.40840840840840836,0.5817409766454352,942,169,773
153,371,385,33,0.8225806451612904,0.5092592592592593,0.2919847328244275,0.9210526315789473,0.6659199522102748,0.4309859154929577,0.5711252653927813,942,186,756
120,394,392,36,0.7692307692307693,0.49872773536895676,0.23346303501945526,0.9158878504672897,0.6339792522998631,0.3582089552238806,0.5435244161358811,942,156,786
121,382,406,33,0.7857142857142857,0.5152284263959391,0.24055666003976142,0.9248291571753986,0.6504713560551124,0.36834094368340947,0.559447983014862,942,154,788
143,359,404,36,0.7988826815642458,0.5294888597640891,0.2848605577689243,0.9181818181818182,0.6641857706641674,0.41997063142437596,0.5806794055201698,942,179,763
142,385,384,31,0.8208092485549133,0.49934980494148246,0.269449715370019,0.9253012048192771,0.6600795267481979,0.40571428571428575,0.5583864118895966,942,173,769
141,372,391,38,0.7877094972067039,0.5124508519003932,0.27485380116959063,0.9114219114219114,0.6500801745535485,0.407514450867052,0.564755838641189,942,179,763
157,326,424,35,0.8177083333333334,0.5653333333333334,0.3250517598343685,0.9237472766884531,0.6915208333333334,0.4651851851851851,0.6167728237791932,942,192,750
146,348,417,31,0.8248587570621468,0.5450980392156862,0.29554655870445345,0.9308035714285714,0.6849783981389166,0.43517138599105815,0.5976645435244161,942,177,765
138,381,376,47,0.745945945945946,0.4966974900924703,0.2658959537572254,0.8888888888888888,0.6213217180192081,0.39204545454545453,0.5456475583864119,942,185,757
136,343,420,43,0.7597765363128491,0.5504587155963303,0.2839248434237996,0.9071274298056156,0.6551176259545897,0.4133738601823708,0.5902335456475584,942,179,763
161,346,404,31,0.8385416666666666,0.5386666666666666,0.3175542406311637,0.9287356321839081,0.6886041666666667,0.46065808297567956,0.5997876857749469,942,192,750
148,351,405,38,0.7956989247311828,0.5357142857142857,0.2965931863727455,0.9142212189616253,0.6657066052227343,0.43211678832116784,0.5870488322717622,942,186,756
148,352,408,34,0.8131868131868132,0.5368421052631579,0.296,0.9230769230769231,0.6750144592249856,0.43401759530791784,0.5902335456475584,942,182,760
137,349,424,32,0.8106508875739645,0.5485122897800776,0.28189300411522633,0.9298245614035088,0.6795815886770211,0.41832061068702286,0.5955414012738853,942,169,773
137,345,435,25,0.845679012345679,0.5576923076923077,0.2842323651452282,0.9456521739130435,0.7016856600189934,0.42546583850931674,0.6072186836518046,942,162,780
143,366,396,37,0.7944444444444444,0.5196850393700787,0.28094302554027506,0.9145496535796767,0.6570647419072615,0.41509433962264153,0.5721868365180467,942,180,762
159,337,409,37,0.8112244897959183,0.5482573726541555,0.32056451612903225,0.9170403587443946,0.6797409312250369,0.4595375722543352,0.6029723991507431,942,196,746
151,368,389,34,0.8162162162162162,0.5138705416116248,0.2909441233140655,0.9196217494089834,0.6650433789139205,0.4289772727272727,0.5732484076433121,942,185,757
163,367,378,34,0.8274111675126904,0.5073825503355704,0.30754716981132074,0.9174757281553398,0.6673968589241304,0.44841815680880337,0.5743099787685775,942,197,745
149,349,411,33,0.8186813186813187,0.5407894736842105,0.2991967871485944,0.9256756756756757,0.6797353961827646,0.43823529411764706,0.5944798301486199,942,182,760
141,357,416,28,0.834319526627219,0.538163001293661,0.28313253012048195,0.9369369369369369,0.68624126396044,0.4227886056971515,0.5912951167728238,942,169,773
148,372,389,33,0.8176795580110497,0.5111695137976346,0.2846153846153846,0.9218009478672986,0.6644245359043421,0.4222539229671897,0.5700636942675159,942,181,761
161,298,446,37,0.8131313131313131,0.5994623655913979,0.35076252723311546,0.9233954451345756,0.7062968393613556,0.4901065449010655,0.6443736730360934,942,198,744
155,362,389,36,0.8115183246073299,0.5179760319573902,0.29980657640232106,0.9152941176470588,0.66474717828236,0.4378531073446328,0.5774946921443737,942,191,751
145,359,410,28,0.838150289017341,0.5331599479843954,0.2876984126984127,0.9360730593607306,0.6856551185008681,0.4283604135893648,0.589171974522293,942,173,769
130,362,418,32,0.8024691358024691,0.5358974358974359,0.26422764227642276,0.9288888888888889,0.6691832858499525,0.3975535168195719,0.5817409766454352,942,162,780
160,334,413,35,0.8205128205128205,0.5528781793842035,0.32388663967611336,0.921875,0.686695499948512,0.4644412191582003,0.60828025477707,942,195,747
153,365,395,29,0.8406593406593407,0.5197368421052632,0.2953667953667954,0.9316037735849056,0.6801980913823019,0.43714285714285717,0.5817409766454352,942,182,760
141,369,402,30,0.8245614035087719,0.5214007782101168,0.27647058823529413,0.9305555555555556,0.6729810908594444,0.4140969162995595,0.5764331210191083,942,171,771
155,341,415,31,0.8333333333333334,0.548941798941799,0.3125,0.9304932735426009,0.6911375661375662,0.45454545454545453,0.6050955414012739,942,186,756
142,362,409,29,0.8304093567251462,0.5304798962386511,0.28174603174603174,0.9337899543378996,0.6804446264818986,0.42074074074074075,0.5849256900212314,942,171,771
135,357,412,38,0.7803468208092486,0.5357607282184655,0.27439024390243905,0.9155555555555556,0.658053774513857,0.406015037593985,0.5806794055201698,942,173,769
128,360,425,29,0.8152866242038217,0.5414012738853503,0.26229508196721313,0.9361233480176211,0.678343949044586,0.39689922480620154,0.5870488322717622,942,157,785
129,354,429,30,0.8113207547169812,0.5478927203065134,0.2670807453416149,0.934640522875817,0.6796067375117473,0.40186915887850466,0.5923566878980892,942,159,783
139,372,402,29,0.8273809523809523,0.5193798449612403,0.2720156555772994,0.9327146171693735,0.6733803986710963,0.4094256259204712,0.5743099787685775,942,168,774
153,357,396,36,0.8095238095238095,0.5258964143426295,0.3,0.9166666666666666,0.6677101119332195,0.4377682403433476,0.5828025477707006,942,189,753
135,348,429,30,0.8181818181818182,0.5521235521235521,0.2795031055900621,0.934640522875817,0.6851526851526852,0.41666666666666663,0.5987261146496815,942,165,777
129,371,413,29,0.8164556962025317,0.5267857142857143,0.258,0.9343891402714932,0.671620705244123,0.39209726443769005,0.5753715498938429,942,158,784
138,314,448,42,0.7666666666666667,0.5879265091863517,0.3053097345132743,0.9142857142857143,0.6772965879265092,0.4367088607594936,0.6220806794055201,942,180,762
140,362,411,29,0.8284023668639053,0.5316946959896507,0.2788844621513944,0.9340909090909091,0.680048531426778,0.4172876304023845,0.5849256900212314,942,169,773
137,358,414,33,0.8058823529411765,0.5362694300518135,0.2767676767676768,0.9261744966442953,0.6710758914964949,0.41203007518796997,0.5849256900212314,942,170,772
127,378,399,38,0.7696969696969697,0.5135135135135135,0.2514851485148515,0.9130434782608695,0.6416052416052416,0.3791044776119402,0.5583864118895966,942,165,777
154,351,401,36,0.8105263157894737,0.5332446808510638,0.30495049504950494,0.9176201372997712,0.6718854983202687,0.4431654676258993,0.589171974522293,942,190,752
161,365,380,36,0.817258883248731,0.5100671140939598,0.3060836501901141,0.9134615384615384,0.6636629986713454,0.44536652835408014,0.5743099787685775,942,197,745
135,368,400,39,0.7758620689655172,0.5208333333333334,0.268389662027833,0.9111617312072893,0.6483477011494253,0.3988183161004431,0.5679405520169851,942,174,768
155,343,399,45,0.775,0.5377358490566038,0.3112449799196787,0.8986486486486487,0.6563679245283018,0.44412607449856734,0.5881104033970276,942,200,742
156,336,418,32,0.8297872340425532,0.5543766578249337,0.3170731707317073,0.9288888888888889,0.6920819459337435,0.45882352941176474,0.6093418259023354,942,188,754
136,355,422,29,0.8242424242424242,0.5431145431145431,0.2769857433808554,0.9356984478935698,0.6836784836784837,0.41463414634146345,0.5923566878980892,942,165,777
135,343,422,42,0.7627118644067796,0.5516339869281046,0.2824267782426778,0.9094827586206896,0.6571729256674421,0.4122137404580153,0.5912951167728238,942,177,765
145,371,380,46,0.7591623036649214,0.5059920106524634,0.2810077519379845,0.892018779342723,0.6325771571586924,0.4101838755304102,0.5573248407643312,942,191,751
148,370,382,42,0.7789473684210526,0.5079787234042553,0.2857142857142857,0.9009433962264151,0.643463045912654,0.41807909604519766,0.5626326963906582,942,190,752
141,348,424,29,0.8294117647058824,0.5492227979274611,0.2883435582822086,0.9359823399558499,0.6893172813166717,0.4279210925644916,0.5997876857749469,942,170,772
142,374,400,26,0.8452380952380952,0.5167958656330749,0.2751937984496124,0.9389671361502347,0.681016980435585,0.4152046783625731,0.5753715498938429,942,168,774
140,347,418,37,0.7909604519774012,0.5464052287581699,0.2874743326488706,0.9186813186813186,0.6686828403677856,0.4216867469879518,0.5923566878980892,942,177,765
138,353,417,34,0.8023255813953488,0.5415584415584416,0.28105906313645623,0.9246119733924612,0.6719420114768953,0.41628959276018107,0.589171974522293,942,172,770
151,341,413,37,0.8031914893617021,0.5477453580901857,0.30691056910569103,0.9177777777777778,0.6754684237259438,0.4441176470588235,0.5987261146496815,942,188,754
139,366,405,32,0.8128654970760234,0.5252918287937743,0.27524752475247527,0.9267734553775744,0.6690786629348988,0.4112426035502959,0.5774946921443737,942,171,771
142,355,414,31,0.8208092485549133,0.5383615084525357,0.2857142857142857,0.9303370786516854,0.6795853785037245,0.42388059701492536,0.5902335456475584,942,173,769
144,353,412,33,0.8135593220338984,0.538562091503268,0.289738430583501,0.9258426966292135,0.6760607067685831,0.42729970326409494,0.5902335456475584,942,177,765
136,354,409,43,0.7597765363128491,0.5360419397116645,0.27755102040816326,0.9048672566371682,0.6479092380122569,0.406576980568012,0.578556263269639,942,179,763
161,349,401,31,0.8385416666666666,0.5346666666666666,0.3156862745098039,0.9282407407407407,0.6866041666666667,0.4586894586894586,0.5966029723991507,942,192,750
146,354,404,38,0.7934782608695652,0.5329815303430079,0.292,0.9140271493212669,0.6632298956062865,0.4269005847953216,0.583864118895966,942,184,758
138,343,432,29,0.8263473053892215,0.5574193548387096,0.2869022869022869,0.9370932754880694,0.6918833301139655,0.42592592592592593,0.6050955414012739,942,167,775
129,383,406,24,0.8431372549019608,0.514575411913815,0.251953125,0.9441860465116279,0.6788563334078879,0.38796992481203,0.5679405520169851,942,153,789
150,350,403,39,0.7936507936507936,0.5351925630810093,0.3,0.9117647058823529,0.6644216783659014,0.4354136429608128,0.5870488322717622,942,189,753
134,365,406,37,0.783625730994152,0.5265888456549935,0.2685370741482966,0.9164785553047404,0.6551072883245728,0.39999999999999997,0.5732484076433121,942,171,771
157,363,389,33,0.8263157894736842,0.5172872340425532,0.3019230769230769,0.9218009478672986,0.6718015117581186,0.44225352112676053,0.5796178343949044,942,190,752
153,363,392,34,0.8181818181818182,0.519205298013245,0.29651162790697677,0.92018779342723,0.6686935580975316,0.43527738264580373,0.578556263269639,942,187,755
145,357,413,27,0.8430232558139535,0.5363636363636364,0.28884462151394424,0.9386363636363636,0.6896934460887949,0.43026706231454004,0.5923566878980892,942,172,770
143,353,418,28,0.8362573099415205,0.5421530479896238,0.28830645161290325,0.9372197309417041,0.6892051789655722,0.4287856071964018,0.5955414012738853,942,171,771
148,331,430,33,0.8176795580110497,0.5650459921156373,0.3089770354906054,0.9287257019438445,0.6913627750633435,0.4484848484848485,0.613588110403397,942,181,761
150,379,385,28,0.8426966292134831,0.5039267015706806,0.2835538752362949,0.9322033898305084,0.6733116653920819,0.4243281471004243,0.5679405520169851,942,178,764
152,344,409,37,0.8042328042328042,0.5431606905710491,0.3064516129032258,0.9170403587443946,0.6736967474019266,0.44379562043795623,0.5955414012738853,942,189,753
146,351,413,32,0.8202247191011236,0.5405759162303665,0.2937625754527163,0.9280898876404494,0.680400317665745,0.43259259259259264,0.5934182590233545,942,178,764
135,376,394,37,0.7848837209302325,0.5116883116883116,0.26418786692759294,0.91415313225058,0.6482860163092721,0.3953147877013177,0.5615711252653928,942,172,770
156,329,428,29,0.8432432432432433,0.5653896961690885,0.3216494845360825,0.936542669584245,0.7043164697061659,0.46567164179104487,0.6199575371549894,942,185,757
149,362,391,40,0.7883597883597884,0.5192563081009296,0.29158512720156554,0.9071925754060325,0.653808048230359,0.4257142857142857,0.5732484076433121,942,189,753
147,374,392,29,0.8352272727272727,0.5117493472584856,0.2821497120921305,0.9311163895486936,0.6734883099928792,0.42180774748923955,0.5721868365180467,942,176,766
157,340,399,46,0.7733990147783252,0.5399188092016238,0.3158953722334004,0.8966292134831461,0.6566589119899745,0.4485714285714286,0.5902335456475584,942,203,739
159,360,381,42,0.7910447761194029,0.5141700404858299,0.3063583815028902,0.900709219858156,0.6526074083026164,0.44166666666666665,0.5732484076433121,942,201,741
139,351,425,27,0.8373493975903614,0.5476804123711341,0.2836734693877551,0.9402654867256637,0.6925149049807477,0.42378048780487804,0.5987261146496815,942,166,776
146,335,431,30,0.8295454545454546,0.5626631853785901,0.30353430353430355,0.9349240780911063,0.6961043199620223,0.4444444444444445,0.6125265392781316,942,176,766
138,401,367,36,0.7931034482758621,0.4778645833333333,0.2560296846011132,0.9106699751861043,0.6354840158045977,0.3870967741935484,0.5360934182590233,942,174,768
149,354,410,29,0.8370786516853933,0.5366492146596858,0.2962226640159046,0.9339407744874715,0.6868639331725396,0.43759177679882527,0.5934182590233545,942,178,764
167,362,383,30,0.8477157360406091,0.5140939597315436,0.31568998109640833,0.927360774818402,0.6809048478860764,0.4600550964187329,0.583864118895966,942,197,745
142,357,408,35,0.8022598870056498,0.5333333333333333,0.2845691382765531,0.9209932279909706,0.6677966101694915,0.4201183431952663,0.583864118895966,942,177,765
160,326,425,31,0.837696335078534,0.5659121171770972,0.3292181069958848,0.9320175438596491,0.7018042261278157,0.4726735598227474,0.6210191082802548,942,191,751
117,349,436,40,0.7452229299363057,0.5554140127388535,0.2510729613733906,0.9159663865546218,0.6503184713375796,0.37560192616372395,0.5870488322717622,942,157,785
136,372,401,33,0.8047337278106509,0.51875808538163,0.2677165354330709,0.923963133640553,0.6617459065961404,0.40177252584933526,0.5700636942675159,942,169,773
139,365,400,38,0.7853107344632768,0.5228758169934641,0.2757936507936508,0.91324200913242,0.6540932757283704,0.4082232011747431,0.5721868365180467,942,177,765
144,369,387,42,0.7741935483870968,0.5119047619047619,0.2807017543859649,0.9020979020979021,0.6430491551459293,0.4120171673819742,0.5636942675159236,942,186,756
150,345,413,34,0.8152173913043478,0.5448548812664907,0.30303030303030304,0.9239373601789709,0.6800361362854193,0.4418262150220913,0.5976645435244161,942,184,758
135,375,400,32,0.8083832335329342,0.5161290322580645,0.2647058823529412,0.9259259259259259,0.6622561328954993,0.39881831610044316,0.5679405520169851,942,167,775
157,352,401,32,0.8306878306878307,0.5325365205843293,0.30844793713163066,0.9260969976905312,0.68161217563608,0.4498567335243553,0.5923566878980892,942,189,753
139,367,404,32,0.8128654970760234,0.5239948119325551,0.274703557312253,0.926605504587156,0.6684301545042892,0.41063515509601184,0.5764331210191083,942,171,771
137,358,408,39,0.7784090909090909,0.5326370757180157,0.2767676767676768,0.912751677852349,0.6555230833135532,0.4083457526080477,0.578556263269639,942,176,766
136,354,423,29,0.8242424242424242,0.5444015444015444,0.27755102040816326,0.9358407079646017,0.6843219843219843,0.4152671755725191,0.5934182590233545,942,165,777
134,341,423,44,0.7528089887640449,0.5536649214659686,0.28210526315789475,0.9057815845824411,0.6532369551150068,0.4104134762633997,0.5912951167728238,942,178,764
162,336,417,27,0.8571428571428571,0.5537848605577689,0.3253012048192771,0.9391891891891891,0.705463858850313,0.47161572052401746,0.6146496815286624,942,189,753
154,357,393,38,0.8020833333333334,0.524,0.3013698630136986,0.9118329466357309,0.6630416666666668,0.43812233285917496,0.5806794055201698,942,192,750
138,369,405,30,0.8214285714285714,0.5232558139534884,0.27218934911242604,0.9310344827586207,0.6723421926910299,0.40888888888888886,0.5764331210191083,942,168,774
137,365,403,37,0.7873563218390804,0.5247395833333334,0.2729083665338645,0.9159090909090909,0.6560479525862069,0.40532544378698226,0.5732484076433121,942,174,768
136,347,424,35,0.7953216374269005,0.5499351491569391,0.2815734989648033,0.9237472766884531,0.6726283932919198,0.41590214067278286,0.5944798301486199,942,171,771
136,353,425,28,0.8292682926829268,0.5462724935732648,0.278118609406953,0.9381898454746137,0.6877703931280958,0.4165390505359878,0.5955414012738853,942,164,778
137,366,408,31,0.8154761904761905,0.5271317829457365,0.27236580516898606,0.929384965831435,0.6713039867109635,0.4083457526080477,0.578556263269639,942,168,774
120,379,415,28,0.8108108108108109,0.5226700251889169,0.24048096192384769,0.9367945823927766,0.6667404179998639,0.37094281298299847,0.5679405520169851,942,148,794
144,358,412,28,0.8372093023255814,0.535064935064935,0.2868525896414343,0.9363636363636364,0.6861371186952583,0.42729970326409494,0.5902335456475584,942,172,770
154,340,413,35,0.8148148148148148,0.548472775564409,0.3117408906882591,0.921875,0.6816437951896119,0.4509516837481698,0.6019108280254777,942,189,753
138,361,411,32,0.8117647058823529,0.5323834196891192,0.27655310621242485,0.927765237020316,0.672074062785736,0.41255605381165916,0.5828025477707006,942,170,772
151,359,400,32,0.825136612021858,0.5270092226613966,0.296078431372549,0.9259259259259259,0.6760729173416273,0.4357864357864358,0.5849256900212314,942,183,759
143,352,405,42,0.772972972972973,0.535006605019815,0.28888888888888886,0.9060402684563759,0.6539897889963939,0.4205882352941176,0.5817409766454352,942,185,757
147,349,407,39,0.7903225806451613,0.5383597883597884,0.2963709677419355,0.9125560538116592,0.6643411845024748,0.4310850439882698,0.5881104033970276,942,186,756
148,326,424,44,0.7708333333333334,0.5653333333333334,0.31223628691983124,0.905982905982906,0.6680833333333334,0.4444444444444444,0.6072186836518046,942,192,750
153,353,405,31,0.8315217391304348,0.5343007915567283,0.30237154150197626,0.9288990825688074,0.6829112653435816,0.4434782608695652,0.5923566878980892,942,184,758
115,370,429,28,0.8041958041958042,0.5369211514392991,0.23711340206185566,0.9387308533916849,0.6705584778175516,0.3662420382165605,0.5774946921443737,942,143,799
135,345,430,32,0.8083832335329342,0.5548387096774193,0.28125,0.9307359307359307,0.6816109716051768,0.4173106646058733,0.5997876857749469,942,167,775
148,351,409,34,0.8131868131868132,0.5381578947368421,0.2965931863727455,0.9232505643340858,0.6756723539618277,0.434654919236417,0.5912951167728238,942,182,760
148,361,397,36,0.8043478260869565,0.5237467018469657,0.2907662082514735,0.9168591224018475,0.6640472639669611,0.42712842712842713,0.578556263269639,942,184,758
146,344,414,38,0.7934782608695652,0.5461741424802111,0.2979591836734694,0.915929203539823,0.6698262016748882,0.4332344213649852,0.5944798301486199,942,184,758
138,376,400,28,0.8313253012048193,0.5154639175257731,0.26848249027237353,0.9345794392523364,0.6733946093652963,0.4058823529411764,0.5711252653927813,942,166,776
140,360,405,37,0.7909604519774012,0.5294117647058824,0.28,0.916289592760181,0.6601861083416418,0.413589364844904,0.578556263269639,942,177,765
160,346,402,34,0.8247422680412371,0.5374331550802139,0.31620553359683795,0.9220183486238532,0.6810877115607255,0.4571428571428572,0.5966029723991507,942,194,748
139,362,403,38,0.7853107344632768,0.526797385620915,0.2774451097804391,0.9138321995464853,0.6560540600420959,0.41002949852507375,0.5753715498938429,942,177,765
131,394,382,35,0.7891566265060241,0.49226804123711343,0.24952380952380954,0.9160671462829736,0.6407123338715688,0.3791606367583213,0.5445859872611465,942,166,776
158,347,398,39,0.8020304568527918,0.5342281879194631,0.31287128712871287,0.9107551487414187,0.6681293223861275,0.45014245014245013,0.5902335456475584,942,197,745
126,359,423,34,0.7875,0.540920716112532,0.2597938144329897,0.925601750547046,0.6642103580562659,0.39069767441860465,0.5828025477707006,942,160,782
145,363,409,25,0.8529411764705882,0.5297927461139896,0.2854330708661417,0.9423963133640553,0.6913669612922889,0.42772861356932146,0.5881104033970276,942,170,772
128,376,405,33,0.7950310559006211,0.5185659411011524,0.25396825396825395,0.9246575342465754,0.6567984985008868,0.38496240601503756,0.5658174097664543,942,161,781
147,350,420,25,0.8546511627906976,0.5454545454545454,0.29577464788732394,0.9438202247191011,0.7000528541226215,0.4394618834080717,0.6019108280254777,942,172,770
149,335,417,41,0.7842105263157895,0.5545212765957447,0.30785123966942146,0.9104803493449781,0.6693659014557671,0.4421364985163204,0.6008492569002123,942,190,752
140,345,423,34,0.8045977011494253,0.55078125,0.28865979381443296,0.925601750547046,0.6776894755747127,0.424886191198786,0.5976645435244161,942,174,768
136,366,408,32,0.8095238095238095,0.5271317829457365,0.27091633466135456,0.9272727272727272,0.668327796234773,0.4059701492537313,0.5774946921443737,942,168,774
146,357,409,30,0.8295454545454546,0.5339425587467362,0.29025844930417494,0.9316628701594533,0.6817440066460954,0.43004418262150224,0.589171974522293,942,176,766
137,351,412,42,0.7653631284916201,0.5399737876802096,0.2807377049180328,0.9074889867841409,0.6526684580859149,0.4107946026986507,0.5828025477707006,942,179,763
136,347,423,36,0.7906976744186046,0.5493506493506494,0.2815734989648033,0.9215686274509803,0.670024161884627,0.41526717557251913,0.5934182590233545,942,172,770
133,352,432,25,0.8417721518987342,0.5510204081632653,0.27422680412371137,0.9452954048140044,0.6963962800309997,0.4136858475894246,0.5997876857749469,942,158,784
144,355,403,40,0.782608695652174,0.5316622691292876,0.28857715430861725,0.909706546275395,0.6571354823907307,0.4216691068814056,0.5806794055201698,942,184,758
138,375,397,32,0.8117647058823529,0.5142487046632125,0.26900584795321636,0.9254079254079254,0.6630067052727827,0.404099560761347,0.5679405520169851,942,170,772
127,356,426,33,0.79375,0.5447570332480819,0.2629399585921325,0.9281045751633987,0.669253516624041,0.39502332814930013,0.5870488322717622,942,160,782
143,363,405,31,0.8218390804597702,0.52734375,0.2826086956521739,0.9288990825688074,0.6745914152298851,0.42058823529411765,0.5817409766454352,942,174,768
144,369,401,28,0.8372093023255814,0.5207792207792208,0.2807017543859649,0.9347319347319347,0.6789942615524012,0.4204379562043795,0.578556263269639,942,172,770
129,341,442,30,0.8113207547169812,0.5644955300127714,0.274468085106383,0.9364406779661016,0.6879081423648763,0.41017488076311603,0.6061571125265393,942,159,783
146,344,419,33,0.8156424581005587,0.5491480996068152,0.2979591836734694,0.9269911504424779,0.6823952788536869,0.43647234678624813,0.5997876857749469,942,179,763
139,368,399,36,0.7942857142857143,0.5202086049543677,0.27416173570019725,0.9172413793103448,0.657247159620041,0.407624633431085,0.5711252653927813,942,175,767
154,347,394,47,0.7661691542288557,0.5317139001349528,0.3073852295409182,0.8934240362811792,0.6489415271819042,0.43874643874643876,0.5817409766454352,942,201,741
148,359,406,29,0.8361581920903954,0.530718954248366,0.29191321499013806,0.9333333333333333,0.6834385731693807,0.4327485380116958,0.5881104033970276,942,177,765
137,347,420,38,0.7828571428571428,0.5475880052151239,0.2830578512396694,0.9170305676855895,0.6652225740361333,0.41578148710166923,0.5912951167728238,942,175,767
143,325,444,30,0.8265895953757225,0.577373211963589,0.3055555555555556,0.9367088607594937,0.7019814036696558,0.44617784711388453,0.6231422505307855,942,173,769
144,358,415,25,0.8520710059171598,0.536869340232859,0.2868525896414343,0.9431818181818182,0.6944701730750094,0.42921013412816694,0.5934182590233545,942,169,773
152,338,420,32,0.8260869565217391,0.554089709762533,0.31020408163265306,0.9292035398230089,0.6900883331421361,0.4510385756676557,0.6072186836518046,942,184,758
140,344,429,29,0.8284023668639053,0.5549805950840879,0.2892561983471074,0.9366812227074236,0.6916914809739967,0.4287901990811639,0.6040339702760085,942,169,773
152,391,364,35,0.8128342245989305,0.4821192052980132,0.27992633517495397,0.9122807017543859,0.6474767149484719,0.41643835616438357,0.5477707006369427,942,187,755
147,354,403,38,0.7945945945945946,0.5323645970937912,0.2934131736526946,0.9138321995464853,0.6634795958441929,0.4285714285714286,0.583864118895966,942,185,757
142,348,410,42,0.7717391304347826,0.5408970976253298,0.2897959183673469,0.9070796460176991,0.6563181140300562,0.4213649851632047,0.5859872611464968,942,184,758
143,366,402,31,0.8218390804597702,0.5234375,0.28094302554027506,0.9284064665127021,0.6726382902298851,0.4187408491947292,0.578556263269639,942,174,768
146,362,411,23,0.863905325443787,0.5316946959896507,0.2874015748031496,0.9470046082949308,0.6978000107167188,0.43131462333825704,0.5912951167728238,942,169,773
137,371,399,35,0.7965116279069767,0.5181818181818182,0.26968503937007876,0.9193548387096774,0.6573467230443975,0.40294117647058825,0.5690021231422505,942,172,770
142,351,414,35,0.8022598870056498,0.5411764705882353,0.2880324543610548,0.9220489977728286,0.6717181787969425,0.4238805970149254,0.5902335456475584,942,177,765
143,386,388,25,0.8511904761904762,0.5012919896640827,0.27032136105860116,0.9394673123486683,0.6762412329272794,0.41032998565279777,0.5636942675159236,942,168,774
136,356,418,32,0.8095238095238095,0.5400516795865633,0.2764227642276423,0.9288888888888889,0.6747877445551864,0.41212121212121217,0.5881104033970276,942,168,774
143,362,403,34,0.807909604519774,0.526797385620915,0.28316831683168314,0.9221967963386728,0.6673534950703446,0.4193548387096773,0.5796178343949044,942,177,765
146,348,422,26,0.8488372093023255,0.548051948051948,0.29554655870445345,0.9419642857142857,0.6984445786771367,0.4384384384384385,0.6029723991507431,942,172,770
133,381,393,35,0.7916666666666666,0.5077519379844961,0.2587548638132296,0.9182242990654206,0.6497093023255813,0.3900293255131965,0.5583864118895966,942,168,774
136,373,405,28,0.8292682926829268,0.5205655526992288,0.26719056974459726,0.9353348729792148,0.6749169226910778,0.40416047548291234,0.5743099787685775,942,164,778
140,343,426,33,0.8092485549132948,0.5539661898569571,0.2898550724637681,0.9281045751633987,0.6816073723851259,0.426829268292683,0.6008492569002123,942,173,769
161,358,378,45,0.7815533980582524,0.5135869565217391,0.31021194605009633,0.8936170212765957,0.6475701772899958,0.44413793103448274,0.5721868365180467,942,206,736
148,375,375,44,0.7708333333333334,0.5,0.2829827915869981,0.8949880668257757,0.6354166666666667,0.413986013986014,0.5552016985138004,942,192,750
133,348,428,33,0.8012048192771084,0.5515463917525774,0.2765072765072765,0.928416485900217,0.6763756055148429,0.41112828438949,0.5955414012738853,942,166,776
133,354,420,35,0.7916666666666666,0.5426356589147286,0.2731006160164271,0.9230769230769231,0.6671511627906976,0.4061068702290077,0.5870488322717622,942,168,774
154,306,451,31,0.8324324324324325,0.5957727873183619,0.3347826086956522,0.9356846473029046,0.7141026098753972,0.4775193798449613,0.6422505307855626,942,185,757
144,359,405,34,0.8089887640449438,0.5301047120418848,0.28628230616302186,0.9225512528473804,0.6695467380434144,0.42290748898678415,0.5828025477707006,942,178,764
141,379,387,35,0.8011363636363636,0.5052219321148825,0.27115384615384613,0.9170616113744076,0.653179147875623,0.4051724137931034,0.5605095541401274,942,176,766
140,350,423,29,0.8284023668639053,0.5472186287192755,0.2857142857142857,0.9358407079646017,0.6878104977915904,0.42488619119878596,0.5976645435244161,942,169,773
162,355,398,27,0.8571428571428571,0.5285524568393094,0.31334622823984526,0.9364705882352942,0.6928476569910833,0.4589235127478753,0.5944798301486199,942,189,753
151,355,408,28,0.8435754189944135,0.5347313237221494,0.2984189723320158,0.9357798165137615,0.6891533713582814,0.4408759124087592,0.5934182590233545,942,179,763
137,353,412,40,0.7740112994350282,0.538562091503268,0.2795918367346939,0.911504424778761,0.6562866954691481,0.4107946026986507,0.5828025477707006,942,177,765
150,354,408,30,0.8333333333333334,0.5354330708661418,0.2976190476190476,0.9315068493150684,0.6843832020997376,0.4385964912280702,0.5923566878980892,942,180,762
164,324,412,42,0.7961165048543689,0.5597826086956522,0.3360655737704918,0.9074889867841409,0.6779495567750106,0.47262247838616717,0.6114649681528662,942,206,736
156,355,394,37,0.8082901554404145,0.5260347129506008,0.30528375733855184,0.91415313225058,0.6671624341955076,0.4431818181818182,0.583864118895966,942,193,749
136,379,396,31,0.8143712574850299,0.5109677419354839,0.26407766990291265,0.927400468384075,0.6626694997102569,0.3988269794721408,0.564755838641189,942,167,775
150,358,396,38,0.7978723404255319,0.5251989389920424,0.2952755905511811,0.9124423963133641,0.6615356397087871,0.4310344827586207,0.5796178343949044,942,188,754
138,346,425,33,0.8070175438596491,0.5512321660181583,0.28512396694214875,0.9279475982532751,0.6791248549389037,0.4213740458015267,0.5976645435244161,942,171,771
155,360,391,36,0.8115183246073299,0.5206391478029294,0.30097087378640774,0.9156908665105387,0.6660787362051297,0.43909348441926344,0.5796178343949044,942,191,751
140,348,415,39,0.7821229050279329,0.5439056356487549,0.28688524590163933,0.9140969162995595,0.6630142703383439,0.4197901049475263,0.589171974522293,942,179,763
153,319,434,36,0.8095238095238095,0.5763612217795485,0.3241525423728814,0.9234042553191489,0.6929425156516791,0.4629349470499245,0.6231422505307855,942,189,753
158,336,416,32,0.8315789473684211,0.5531914893617021,0.31983805668016196,0.9285714285714286,0.6923852183650616,0.4619883040935672,0.6093418259023354,942,190,752
165,345,402,30,0.8461538461538461,0.5381526104417671,0.3235294117647059,0.9305555555555556,0.6921532282978067,0.46808510638297873,0.6019108280254777,942,195,747
161,367,374,40,0.8009950248756219,0.50472334682861,0.30492424242424243,0.9033816425120773,0.652859185852116,0.44170096021947874,0.5679405520169851,942,201,741
132,363,408,39,0.7719298245614035,0.5291828793774319,0.26666666666666666,0.912751677852349,0.6505563519694177,0.3963963963963964,0.5732484076433121,942,171,771
155,375,384,28,0.8469945355191257,0.5059288537549407,0.29245283018867924,0.9320388349514563,0.6764616946370332,0.43478260869565216,0.5721868365180467,942,183,759
132,373,407,30,0.8148148148148148,0.5217948717948718,0.2613861386138614,0.931350114416476,0.6683048433048433,0.39580209895052476,0.5721868365180467,942,162,780
138,376,393,35,0.7976878612716763,0.5110533159947984,0.26848249027237353,0.9182242990654206,0.6543705886332374,0.40174672489082963,0.5636942675159236,942,173,769
127,362,420,33,0.79375,0.5370843989769821,0.25971370143149286,0.9271523178807947,0.665417199488491,0.39137134052388295,0.5806794055201698,942,160,782
129,353,425,35,0.7865853658536586,0.5462724935732648,0.2676348547717842,0.9239130434782609,0.6664289297134617,0.39938080495356043,0.5881104033970276,942,164,778
160,359,380,43,0.7881773399014779,0.5142083897158322,0.30828516377649323,0.8983451536643026,0.651192864808655,0.4432132963988919,0.5732484076433121,942,203,739
153,368,390,31,0.8315217391304348,0.5145118733509235,0.29366602687140114,0.9263657957244655,0.6730168062406792,0.4340425531914894,0.5764331210191083,942,184,758
146,379,383,34,0.8111111111111111,0.5026246719160105,0.2780952380952381,0.9184652278177458,0.6568678915135608,0.41418439716312055,0.5615711252653928,942,180,762
133,355,426,28,0.8260869565217391,0.5454545454545454,0.2725409836065574,0.9383259911894273,0.6857707509881423,0.4098613251155624,0.5934182590233545,942,161,781
147,334,434,27,0.8448275862068966,0.5651041666666666,0.30561330561330563,0.9414316702819957,0.7049658764367817,0.4488549618320611,0.6167728237791932,942,174,768
136,355,415,36,0.7906976744186046,0.538961038961039,0.2769857433808554,0.9201773835920177,0.6648293566898218,0.41025641025641024,0.5849256900212314,942,172,770
150,367,401,24,0.8620689655172413,0.5221354166666666,0.2901353965183752,0.9435294117647058,0.692102191091954,0.4341534008683067,0.5849256900212314,942,174,768
140,345,424,33,0.8092485549132948,0.5513654096228868,0.28865979381443296,0.9277899343544858,0.6803069822680908,0.42553191489361697,0.5987261146496815,942,173,769
126,352,428,36,0.7777777777777778,0.5487179487179488,0.26359832635983266,0.9224137931034483,0.6632478632478633,0.39375000000000004,0.5881104033970276,942,162,780
169,352,381,40,0.8086124401913876,0.519781718963165,0.32437619961612285,0.9049881235154394,0.6641970795772763,0.46301369863013697,0.583864118895966,942,209,733
156,328,422,36,0.8125,0.5626666666666666,0.32231404958677684,0.9213973799126638,0.6875833333333333,0.46153846153846145,0.613588110403397,942,192,750
146,352,412,32,0.8202247191011236,0.5392670157068062,0.2931726907630522,0.9279279279279279,0.6797458674039649,0.4319526627218934,0.5923566878980892,942,178,764
130,369,403,40,0.7647058823529411,0.522020725388601,0.2605210420841683,0.909706546275395,0.6433633038707711,0.3886397608370702,0.5658174097664543,942,170,772
136,362,410,34,0.8,0.5310880829015544,0.27309236947791166,0.9234234234234234,0.6655440414507772,0.40718562874251496,0.5796178343949044,942,170,772
159,335,402,46,0.775609756097561,0.5454545454545454,0.32186234817813764,0.8973214285714286,0.6605321507760532,0.4549356223175966,0.5955414012738853,942,205,737
152,332,429,29,0.8397790055248618,0.5637319316688568,0.3140495867768595,0.9366812227074236,0.7017554685968593,0.45714285714285713,0.6167728237791932,942,181,761
147,342,417,36,0.8032786885245902,0.549407114624506,0.3006134969325153,0.9205298013245033,0.6763429015745481,0.4375,0.5987261146496815,942,183,759
121,343,441,37,0.7658227848101266,0.5625,0.2607758620689655,0.9225941422594143,0.6641613924050633,0.3890675241157557,0.5966029723991507,942,158,784
141,372,396,33,0.8103448275862069,0.515625,0.27485380116959063,0.9230769230769231,0.6629849137931034,0.4104803493449781,0.5700636942675159,942,174,768
144,336,427,35,0.8044692737430168,0.5596330275229358,0.3,0.9242424242424242,0.6820511506329763,0.43702579666160846,0.6061571125265393,942,179,763
152,349,420,21,0.8786127167630058,0.5461638491547465,0.3033932135728543,0.9523809523809523,0.7123882829588761,0.45103857566765576,0.6072186836518046,942,173,769
154,367,388,33,0.8235294117647058,0.5139072847682119,0.29558541266794625,0.9216152019002375,0.6687183482664589,0.4350282485875706,0.5753715498938429,942,187,755
144,378,380,40,0.782608695652174,0.5013192612137203,0.27586206896551724,0.9047619047619048,0.6419639784329472,0.40793201133144474,0.5562632696390658,942,184,758
148,350,407,37,0.8,0.5376486129458389,0.2971887550200803,0.9166666666666666,0.6688243064729195,0.4333821376281113,0.589171974522293,942,185,757
138,361,405,38,0.7840909090909091,0.5287206266318538,0.27655310621242485,0.9142212189616253,0.6564057678613815,0.4088888888888889,0.5764331210191083,942,176,766
146,353,412,31,0.8248587570621468,0.538562091503268,0.2925851703406814,0.9300225733634312,0.6817104242827075,0.4319526627218935,0.5923566878980892,942,177,765
136,344,417,45,0.7513812154696132,0.5479632063074902,0.2833333333333333,0.9025974025974026,0.6496722108885518,0.41149773071104384,0.5870488322717622,942,181,761
147,339,421,35,0.8076923076923077,0.5539473684210526,0.30246913580246915,0.9232456140350878,0.6808198380566801,0.44011976047904194,0.6029723991507431,942,182,760
163,341,410,28,0.8534031413612565,0.5459387483355526,0.32341269841269843,0.9360730593607306,0.6996709448484045,0.4690647482014389,0.60828025477707,942,191,751
152,365,389,36,0.8085106382978723,0.5159151193633952,0.2940038684719536,0.9152941176470588,0.6622128788306337,0.43120567375886526,0.5743099787685775,942,188,754
146,358,400,38,0.7934782608695652,0.5277044854881267,0.2896825396825397,0.91324200913242,0.660591373178846,0.4244186046511628,0.5796178343949044,942,184,758
139,366,407,30,0.8224852071005917,0.5265200517464425,0.27524752475247527,0.931350114416476,0.674502629423517,0.41246290801186947,0.5796178343949044,942,169,773
142,351,415,34,0.8068181818181818,0.54177545691906,0.2880324543610548,0.9242761692650334,0.674296819368621,0.4245142002989537,0.5912951167728238,942,176,766
143,372,398,29,0.8313953488372093,0.5168831168831168,0.27766990291262134,0.9320843091334895,0.6741392328601631,0.41630276564774377,0.5743099787685775,942,172,770
146,342,422,32,0.8202247191011236,0.5523560209424084,0.29918032786885246,0.9295154185022027,0.686290370021766,0.4384384384384384,0.6029723991507431,942,178,764
125,385,408,24,0.8389261744966443,0.5145018915510718,0.24509803921568626,0.9444444444444444,0.6767140330238581,0.3793626707132018,0.5658174097664543,942,149,793
137,370,403,32,0.8106508875739645,0.5213454075032341,0.2702169625246548,0.9264367816091954,0.6659981475385993,0.40532544378698226,0.5732484076433121,942,169,773
151,334,431,26,0.8531073446327684,0.5633986928104575,0.311340206185567,0.9431072210065645,0.708253018721613,0.4561933534743202,0.6178343949044586,942,177,765
154,379,376,33,0.8235294117647058,0.49801324503311256,0.28893058161350843,0.9193154034229829,0.6607713283989092,0.4277777777777778,0.5626326963906582,942,187,755
159,336,417,30,0.8412698412698413,0.5537848605577689,0.3212121212121212,0.9328859060402684,0.6975273509138051,0.46491228070175444,0.6114649681528662,942,189,753
151,338,413,40,0.7905759162303665,0.5499334221038615,0.30879345603271985,0.9116997792494481,0.6702546691671141,0.4441176470588235,0.5987261146496815,942,191,751
146,343,425,28,0.8390804597701149,0.5533854166666666,0.2985685071574642,0.9381898454746137,0.6962329382183907,0.4404223227752639,0.6061571125265393,942,174,768
136,358,416,32,0.8095238095238095,0.537467700258398,0.27530364372469635,0.9285714285714286,0.6734957548911038,0.4108761329305136,0.5859872611464968,942,168,774
145,334,427,36,0.8011049723756906,0.5611038107752957,0.302713987473904,0.9222462203023758,0.6811043915754931,0.43939393939393945,0.6072186836518046,942,181,761
146,347,415,34,0.8111111111111111,0.5446194225721784,0.2961460446247465,0.9242761692650334,0.6778652668416447,0.4338781575037147,0.5955414012738853,942,180,762
150,351,403,38,0.7978723404255319,0.5344827586206896,0.2994011976047904,0.9138321995464853,0.6661775495231108,0.43541364296081275,0.5870488322717622,942,188,754
144,367,402,29,0.8323699421965318,0.5227568270481144,0.28180039138943247,0.9327146171693735,0.6775633846223231,0.4210526315789474,0.5796178343949044,942,173,769
155,362,388,37,0.8072916666666666,0.5173333333333333,0.29980657640232106,0.9129411764705883,0.6623125,0.4372355430183356,0.5764331210191083,942,192,750
140,357,416,29,0.8284023668639053,0.538163001293661,0.28169014084507044,0.9348314606741573,0.6832826840787831,0.4204204204204204,0.5902335456475584,942,169,773
137,340,440,25,0.845679012345679,0.5641025641025641,0.28721174004192873,0.946236559139785,0.7048907882241215,0.4287949921752739,0.6125265392781316,942,162,780
152,351,408,31,0.8306010928961749,0.5375494071146245,0.30218687872763417,0.929384965831435,0.6840752500053997,0.44314868804664725,0.5944798301486199,942,183,759
143,357,403,39,0.7857142857142857,0.5302631578947369,0.286,0.9117647058823529,0.6579887218045113,0.41935483870967744,0.5796178343949044,942,182,760
141,349,415,37,0.7921348314606742,0.5431937172774869,0.28775510204081634,0.918141592920354,0.6676642743690806,0.42215568862275454,0.5902335456475584,942,178,764
144,364,403,31,0.8228571428571428,0.5254237288135594,0.28346456692913385,0.9285714285714286,0.6741404358353511,0.4216691068814056,0.5806794055201698,942,175,767
141,364,399,38,0.7877094972067039,0.5229357798165137,0.27920792079207923,0.9130434782608695,0.6553226385116089,0.4122807017543859,0.5732484076433121,942,179,763
141,368,402,31,0.8197674418604651,0.522077922077922,0.2770137524557957,0.9284064665127021,0.6709226819691936,0.4140969162995594,0.5764331210191083,942,172,770
156,358,401,27,0.8524590163934426,0.52832674571805,0.3035019455252918,0.9369158878504673,0.6903928810557463,0.4476327116212338,0.5912951167728238,942,183,759
140,374,396,32,0.813953488372093,0.5142857142857142,0.2723735408560311,0.9252336448598131,0.6641196013289037,0.4081632653061224,0.5690021231422505,942,172,770
146,380,385,31,0.8248587570621468,0.5032679738562091,0.27756653992395436,0.9254807692307693,0.664063365459178,0.4153627311522048,0.5636942675159236,942,177,765
162,360,388,32,0.8350515463917526,0.5187165775401069,0.3103448275862069,0.9238095238095239,0.6768840619659298,0.45251396648044695,0.583864118895966,942,194,748
143,370,395,34,0.807909604519774,0.5163398692810458,0.2787524366471735,0.9207459207459208,0.66212473690041,0.4144927536231884,0.5711252653927813,942,177,765
153,333,418,38,0.8010471204188482,0.5565912117177098,0.3148148148148148,0.9166666666666666,0.678819166068279,0.4519940915805023,0.6061571125265393,942,191,751
142,367,392,41,0.7759562841530054,0.5164690382081687,0.27897838899803534,0.9053117782909931,0.6462126611805871,0.41040462427745666,0.5668789808917197,942,183,759
163,353,392,34,0.8274111675126904,0.5261744966442953,0.31589147286821706,0.92018779342723,0.6767928320784928,0.4572230014025246,0.589171974522293,942,197,745
149,341,404,48,0.7563451776649747,0.5422818791946309,0.3040816326530612,0.8938053097345132,0.6493135284298028,0.43377001455604075,0.5870488322717622,942,197,745
148,337,429,28,0.8409090909090909,0.5600522193211488,0.30515463917525776,0.9387308533916849,0.7004806551151199,0.44780635400907715,0.6125265392781316,942,176,766
139,349,421,33,0.8081395348837209,0.5467532467532468,0.2848360655737705,0.9273127753303965,0.6774463908184838,0.42121212121212126,0.5944798301486199,942,172,770
159,349,403,31,0.8368421052631579,0.535904255319149,0.31299212598425197,0.9285714285714286,0.6863731802911535,0.4555873925501433,0.5966029723991507,942,190,752
135,354,427,26,0.8385093167701864,0.5467349551856594,0.27607361963190186,0.9426048565121413,0.6926221359779229,0.4153846153846154,0.5966029723991507,942,161,781
139,358,415,30,0.8224852071005917,0.536869340232859,0.2796780684104628,0.9325842696629213,0.6796772736667254,0.41741741741741745,0.5881104033970276,942,169,773
143,343,422,34,0.807909604519774,0.5516339869281046,0.294238683127572,0.9254385964912281,0.6797717957239393,0.4313725490196078,0.5997876857749469,942,177,765
158,363,391,30,0.8404255319148937,0.5185676392572944,0.30326295585412666,0.9287410926365796,0.679496585586094,0.44569816643159377,0.5828025477707006,942,188,754
141,355,407,39,0.7833333333333333,0.5341207349081365,0.2842741935483871,0.9125560538116592,0.658727034120735,0.4171597633136095,0.5817409766454352,942,180,762
126,393,386,37,0.7730061349693251,0.49550706033376124,0.24277456647398843,0.9125295508274232,0.6342565976515432,0.36950146627565983,0.5435244161358811,942,163,779
150,370,387,35,0.8108108108108109,0.5112285336856011,0.28846153846153844,0.9170616113744076,0.661019672248206,0.42553191489361697,0.5700636942675159,942,185,757
145,337,430,30,0.8285714285714286,0.560625814863103,0.3008298755186722,0.9347826086956522,0.6945986217172658,0.4414003044140031,0.6104033970276008,942,175,767
145,355,412,30,0.8285714285714286,0.5371577574967406,0.29,0.9321266968325792,0.6828645930340846,0.42962962962962964,0.5912951167728238,942,175,767
147,369,398,28,0.84,0.5189048239895697,0.28488372093023256,0.9342723004694836,0.6794524119947849,0.4254703328509407,0.578556263269639,942,175,767
162,352,401,27,0.8571428571428571,0.5325365205843293,0.3151750972762646,0.9369158878504673,0.6948396888635933,0.4608819345661451,0.5976645435244161,942,189,753
143,389,380,30,0.8265895953757225,0.494148244473342,0.26879699248120303,0.926829268292683,0.6603689199245323,0.40567375886524826,0.5552016985138004,942,173,769
129,366,400,47,0.7329545454545454,0.5221932114882507,0.2606060606060606,0.8948545861297539,0.627573878471398,0.38450074515648286,0.5615711252653928,942,176,766
135,372,399,36,0.7894736842105263,0.5175097276264592,0.26627218934911245,0.9172413793103448,0.6534917059184928,0.39823008849557523,0.5668789808917197,942,171,771
138,338,421,45,0.7540983606557377,0.5546772068511199,0.28991596638655465,0.9034334763948498,0.6543877837534288,0.4188163884673748,0.5934182590233545,942,183,759
146,337,420,39,0.7891891891891892,0.5548216644649934,0.3022774327122153,0.9150326797385621,0.6720054268270913,0.43712574850299396,0.6008492569002123,942,185,757
150,349,408,35,0.8108108108108109,0.5389696169088507,0.30060120240480964,0.9209932279909706,0.6748902138598307,0.4385964912280702,0.5923566878980892,942,185,757
143,361,402,36,0.7988826815642458,0.526867627785059,0.2837301587301587,0.9178082191780822,0.6628751546746524,0.41874084919472915,0.578556263269639,942,179,763
145,337,421,39,0.7880434782608695,0.5554089709762533,0.3008298755186722,0.9152173913043479,0.6717262246185614,0.43543543543543545,0.6008492569002123,942,184,758
130,362,417,33,0.7975460122699386,0.5353016688061617,0.26422764227642276,0.9266666666666666,0.6664238405380501,0.3969465648854962,0.5806794055201698,942,163,779
156,341,413,32,0.8297872340425532,0.5477453580901857,0.31388329979879276,0.9280898876404494,0.6887662960663694,0.4554744525547445,0.6040339702760085,942,188,754
143,338,419,42,0.772972972972973,0.5535006605019815,0.2972972972972973,0.9088937093275488,0.6632368167374773,0.42942942942942947,0.5966029723991507,942,185,757
139,358,413,32,0.8128654970760234,0.5356679636835279,0.2796780684104628,0.9280898876404494,0.6742667303797756,0.4161676646706587,0.5859872611464968,942,171,771
166,362,383,31,0.8426395939086294,0.5140939597315436,0.3143939393939394,0.9251207729468599,0.6783667768200865,0.4579310344827586,0.5828025477707006,942,197,745
131,342,437,32,0.803680981595092,0.5609756097560976,0.2769556025369979,0.9317697228144989,0.6823282956755948,0.4119496855345912,0.6029723991507431,942,163,779
142,351,404,45,0.7593582887700535,0.5350993377483444,0.2880324543610548,0.8997772828507795,0.647228813259199,0.4176470588235294,0.5796178343949044,942,187,755
159,368,381,34,0.8238341968911918,0.5086782376502003,0.301707779886148,0.9180722891566265,0.6662562172706961,0.44166666666666665,0.5732484076433121,942,193,749
136,369,399,38,0.7816091954022989,0.51953125,0.2693069306930693,0.9130434782608695,0.6505702227011494,0.4005891016200294,0.5679405520169851,942,174,768
163,348,393,38,0.8109452736318408,0.5303643724696356,0.31898238747553814,0.9118329466357309,0.6706548230507382,0.4578651685393258,0.5902335456475584,942,201,741
141,364,399,38,0.7877094972067039,0.5229357798165137,0.27920792079207923,0.9130434782608695,0.6553226385116089,0.4122807017543859,0.5732484076433121,942,179,763
153,348,405,36,0.8095238095238095,0.5378486055776892,0.30538922155688625,0.9183673469387755,0.6736862075507494,0.4434782608695652,0.5923566878980892,942,189,753
134,363,414,31,0.8121212121212121,0.5328185328185329,0.26961770623742454,0.9303370786516854,0.6724698724698726,0.404833836858006,0.5817409766454352,942,165,777
133,341,431,37,0.7823529411764706,0.5582901554404145,0.2805907172995781,0.9209401709401709,0.6703215483084426,0.4130434782608696,0.5987261146496815,942,170,772
122,353,426,41,0.7484662576687117,0.5468549422336328,0.25684210526315787,0.9122055674518201,0.6476605999511722,0.3824451410658307,0.5817409766454352,942,163,779
137,362,404,39,0.7784090909090909,0.5274151436031331,0.2745490981963928,0.9119638826185101,0.6529121172561121,0.40592592592592586,0.5743099787685775,942,176,766
145,335,421,41,0.7795698924731183,0.5568783068783069,0.3020833333333333,0.9112554112554112,0.6682240996757125,0.43543543543543545,0.6008492569002123,942,186,756
147,370,398,27,0.8448275862068966,0.5182291666666666,0.28433268858800775,0.9364705882352942,0.6815283764367817,0.4254703328509407,0.578556263269639,942,174,768
128,373,411,30,0.810126582278481,0.5242346938775511,0.2554890219560878,0.9319727891156463,0.6671806380780161,0.3884673748103186,0.5721868365180467,942,158,784
146,328,435,33,0.8156424581005587,0.5701179554390564,0.3080168776371308,0.9294871794871795,0.6928802067698075,0.447166921898928,0.6167728237791932,942,179,763
156,342,405,39,0.8,0.5421686746987951,0.3132530120481928,0.9121621621621622,0.6710843373493975,0.4502164502164502,0.5955414012738853,942,195,747
151,352,406,33,0.8206521739130435,0.5356200527704486,0.30019880715705766,0.9248291571753986,0.6781361133417461,0.43959243085880645,0.5912951167728238,942,184,758
156,346,406,34,0.8210526315789474,0.5398936170212766,0.3107569721115538,0.9227272727272727,0.680473124300112,0.4508670520231214,0.5966029723991507,942,190,752
145,368,394,35,0.8055555555555556,0.5170603674540682,0.2826510721247563,0.9184149184149184,0.6613079615048119,0.41847041847041844,0.5721868365180467,942,180,762
134,352,422,34,0.7976190476190477,0.5452196382428941,0.2757201646090535,0.9254385964912281,0.6714193429309709,0.4097859327217126,0.5902335456475584,942,168,774
135,350,420,37,0.7848837209302325,0.5454545454545454,0.27835051546391754,0.9190371991247265,0.665169133192389,0.410958904109589,0.589171974522293,942,172,770
150,360,393,39,0.7936507936507936,0.5219123505976095,0.29411764705882354,0.9097222222222222,0.6577815721242015,0.42918454935622324,0.5764331210191083,942,189,753
131,362,414,35,0.7891566265060241,0.5335051546391752,0.2657200811359026,0.9220489977728286,0.6613308905725996,0.39757207890743546,0.578556263269639,942,166,776
148,356,387,51,0.7437185929648241,0.5208613728129206,0.29365079365079366,0.8835616438356164,0.6322899828888724,0.4210526315789474,0.5679405520169851,942,199,743
177,347,391,27,0.8676470588235294,0.5298102981029811,0.3377862595419847,0.9354066985645934,0.6987286784632553,0.4862637362637362,0.6029723991507431,942,204,738
143,325,445,29,0.8313953488372093,0.577922077922078,0.3055555555555556,0.9388185654008439,0.7046587133796436,0.4468750000000001,0.6242038216560509,942,172,770
126,353,437,26,0.8289473684210527,0.5531645569620253,0.2630480167014614,0.9438444924406048,0.6910559626915389,0.39936608557844683,0.5976645435244161,942,152,790
155,344,407,36,0.8115183246073299,0.5419440745672437,0.3106212424849699,0.9187358916478555,0.6767311995872868,0.4492753623188405,0.5966029723991507,942,191,751
136,347,426,33,0.8047337278106509,0.5510996119016818,0.2815734989648033,0.9281045751633987,0.6779166698561663,0.4171779141104295,0.5966029723991507,942,169,773
136,367,400,39,0.7771428571428571,0.5215123859191656,0.27037773359840955,0.9111617312072893,0.6493276215310113,0.4011799410029499,0.5690021231422505,942,175,767
155,346,400,41,0.7908163265306123,0.5361930294906166,0.3093812375249501,0.9070294784580499,0.6635046780106144,0.44476327116212344,0.589171974522293,942,196,746
139,355,412,36,0.7942857142857143,0.5371577574967406,0.2813765182186235,0.9196428571428571,0.6657217358912274,0.4155455904334828,0.5849256900212314,942,175,767
125,349,427,41,0.7530120481927711,0.5502577319587629,0.26371308016877637,0.9123931623931624,0.651634890075767,0.390625,0.5859872611464968,942,166,776
148,349,421,24,0.8604651162790697,0.5467532467532468,0.2977867203219316,0.946067415730337,0.7036091815161583,0.4424514200298954,0.6040339702760085,942,172,770
137,374,392,39,0.7784090909090909,0.5117493472584856,0.26810176125244617,0.9095127610208816,0.6450792190837883,0.39883551673944684,0.5615711252653928,942,176,766
144,363,395,40,0.782608695652174,0.521108179419525,0.28402366863905326,0.9080459770114943,0.6518584375358495,0.41678726483357453,0.5721868365180467,942,184,758
143,365,398,36,0.7988826815642458,0.5216251638269986,0.281496062992126,0.9170506912442397,0.6602539226956222,0.4163027656477438,0.5743099787685775,942,179,763
149,345,419,29,0.8370786516853933,0.5484293193717278,0.3016194331983806,0.9352678571428571,0.6927539855285605,0.4434523809523809,0.6029723991507431,942,178,764
165,340,411,26,0.8638743455497382,0.5472703062583223,0.32673267326732675,0.9405034324942791,0.7055723259040303,0.47413793103448276,0.6114649681528662,942,191,751
140,354,407,41,0.7734806629834254,0.5348226018396847,0.2834008097165992,0.9084821428571429,0.654151632411555,0.4148148148148148,0.5806794055201698,942,181,761
145,368,394,35,0.8055555555555556,0.5170603674540682,0.2826510721247563,0.9184149184149184,0.6613079615048119,0.41847041847041844,0.5721868365180467,942,180,762
137,346,423,36,0.791907514450867,0.5500650195058517,0.2836438923395445,0.9215686274509803,0.6709862669783594,0.41768292682926833,0.5944798301486199,942,173,769
164,333,400,45,0.784688995215311,0.5457025920873124,0.3299798792756539,0.898876404494382,0.6651957936513118,0.4645892351274787,0.5987261146496815,942,209,733
136,348,420,38,0.7816091954022989,0.546875,0.2809917355371901,0.9170305676855895,0.6642420977011494,0.4133738601823708,0.5902335456475584,942,174,768
159,329,431,23,0.8736263736263736,0.5671052631578948,0.32581967213114754,0.9493392070484582,0.7203658183921342,0.47462686567164175,0.6263269639065817,942,182,760
145,358,403,36,0.8011049723756906,0.5295663600525624,0.2882703777335984,0.9179954441913439,0.6653356662141265,0.4239766081871345,0.5817409766454352,942,181,761
144,355,410,33,0.8135593220338984,0.5359477124183006,0.28857715430861725,0.9255079006772009,0.6747535172260994,0.4260355029585799,0.5881104033970276,942,177,765
139,362,409,32,0.8128654970760234,0.5304798962386511,0.2774451097804391,0.927437641723356,0.6716726966573372,0.41369047619047616,0.5817409766454352,942,171,771
144,351,413,34,0.8089887640449438,0.5405759162303665,0.2909090909090909,0.9239373601789709,0.6747823401376551,0.42793462109955427,0.5912951167728238,942,178,764
130,359,409,44,0.7471264367816092,0.5325520833333334,0.2658486707566462,0.9028697571743929,0.6398392600574713,0.39215686274509803,0.5721868365180467,942,174,768
134,359,412,37,0.783625730994152,0.5343709468223087,0.2718052738336714,0.9175946547884187,0.6589983389082303,0.40361445783132527,0.5796178343949044,942,171,771
135,369,409,29,0.823170731707317,0.525706940874036,0.26785714285714285,0.9337899543378996,0.6744388362906766,0.40419161676646703,0.5774946921443737,942,164,778
136,362,418,26,0.8395061728395061,0.5358974358974359,0.27309236947791166,0.9414414414414415,0.6877018043684711,0.4121212121212121,0.5881104033970276,942,162,780
139,355,414,34,0.8034682080924855,0.5383615084525357,0.2813765182186235,0.9241071428571429,0.6709148582725106,0.41679160419790107,0.5870488322717622,942,173,769
163,339,411,29,0.8489583333333334,0.548,0.3247011952191235,0.9340909090909091,0.6984791666666668,0.4697406340057636,0.6093418259023354,942,192,750
157,360,391,34,0.8219895287958116,0.5206391478029294,0.3036750483558994,0.92,0.6713143382993705,0.44350282485875714,0.5817409766454352,942,191,751
140,355,407,40,0.7777777777777778,0.5341207349081365,0.2828282828282828,0.9105145413870246,0.6559492563429572,0.41481481481481486,0.5806794055201698,942,180,762
154,360,396,32,0.8279569892473119,0.5238095238095238,0.29961089494163423,0.9252336448598131,0.6758832565284179,0.44,0.583864118895966,942,186,756
122,350,428,42,0.7439024390243902,0.5501285347043702,0.2584745762711864,0.9106382978723404,0.6470154868643803,0.38364779874213834,0.583864118895966,942,164,778
139,363,400,40,0.776536312849162,0.5242463958060288,0.27689243027888444,0.9090909090909091,0.6503913543275954,0.408223201174743,0.5721868365180467,942,179,763
150,349,409,34,0.8152173913043478,0.5395778364116095,0.30060120240480964,0.9232505643340858,0.6773976138579787,0.4392386530014642,0.5934182590233545,942,184,758
155,337,426,24,0.8659217877094972,0.5583224115334207,0.3150406504065041,0.9466666666666667,0.712122099621459,0.46199701937406856,0.6167728237791932,942,179,763
128,376,402,36,0.7804878048780488,0.5167095115681234,0.25396825396825395,0.9178082191780822,0.648598658223086,0.3832335329341317,0.5626326963906582,942,164,778
152,367,386,37,0.8042328042328042,0.5126162018592297,0.2928709055876686,0.9125295508274232,0.658424503046017,0.4293785310734463,0.5711252653927813,942,189,753
158,355,399,30,0.8404255319148937,0.5291777188328912,0.3079922027290448,0.9300699300699301,0.6848016253738924,0.4507845934379458,0.5912951167728238,942,188,754
147,365,396,34,0.8121546961325967,0.5203679369250985,0.287109375,0.9209302325581395,0.6662613165288476,0.42424242424242425,0.5764331210191083,942,181,761
133,334,444,31,0.8109756097560976,0.570694087403599,0.284796573875803,0.9347368421052632,0.6908348485798483,0.4215530903328051,0.6125265392781316,942,164,778
155,322,434,31,0.8333333333333334,0.5740740740740741,0.3249475890985325,0.9333333333333333,0.7037037037037037,0.4675716440422322,0.6252653927813163,942,186,756
153,363,403,23,0.8693181818181818,0.5261096605744126,0.29651162790697677,0.9460093896713615,0.6977139211962972,0.44219653179190754,0.5902335456475584,942,176,766
130,383,406,23,0.8496732026143791,0.514575411913815,0.253411306042885,0.9463869463869464,0.682124307264097,0.39039039039039036,0.5690021231422505,942,153,789
148,370,391,33,0.8176795580110497,0.5137976346911958,0.2857142857142857,0.9221698113207547,0.6657385963511228,0.42346208869814017,0.5721868365180467,942,181,761
139,358,403,42,0.7679558011049724,0.5295663600525624,0.2796780684104628,0.9056179775280899,0.6487610805787674,0.41002949852507375,0.5753715498938429,942,181,761
149,333,422,38,0.7967914438502673,0.5589403973509933,0.3091286307053942,0.9173913043478261,0.6778659206006303,0.44544095665171907,0.6061571125265393,942,187,755
136,388,392,26,0.8395061728395061,0.5025641025641026,0.2595419847328244,0.937799043062201,0.6710351377018043,0.3965014577259475,0.5605095541401274,942,162,780
143,376,399,24,0.8562874251497006,0.5148387096774194,0.27552986512524086,0.9432624113475178,0.68556306741356,0.4169096209912536,0.5753715498938429,942,167,775
150,351,402,39,0.7936507936507936,0.5338645418326693,0.2994011976047904,0.9115646258503401,0.6637576677417314,0.4347826086956521,0.5859872611464968,942,189,753
123,366,419,34,0.7834394904458599,0.5337579617834395,0.25153374233128833,0.9249448123620309,0.6585987261146498,0.38080495356037153,0.5753715498938429,942,157,785
152,335,425,30,0.8351648351648352,0.5592105263157895,0.31211498973305957,0.9340659340659341,0.6971876807403123,0.45440956651718983,0.6125265392781316,942,182,760
146,351,419,26,0.8488372093023255,0.5441558441558442,0.2937625754527163,0.9415730337078652,0.6964965267290848,0.43647234678624813,0.5997876857749469,942,172,770
132,363,417,30,0.8148148148148148,0.5346153846153846,0.26666666666666666,0.9328859060402684,0.6747150997150997,0.40182648401826476,0.5828025477707006,942,162,780
157,358,386,41,0.7929292929292929,0.5188172043010753,0.3048543689320388,0.9039812646370023,0.6558732486151841,0.44039270687237025,0.5764331210191083,942,198,744
159,331,423,29,0.8457446808510638,0.5610079575596817,0.32448979591836735,0.9358407079646017,0.7033763192053728,0.4690265486725664,0.6178343949044586,942,188,754
139,341,422,40,0.776536312849162,0.5530799475753604,0.28958333333333336,0.9134199134199135,0.6648081302122613,0.42185128983308046,0.5955414012738853,942,179,763
143,361,407,31,0.8218390804597702,0.5299479166666666,0.2837301587301587,0.9292237442922374,0.6758934985632183,0.4218289085545723,0.583864118895966,942,174,768
151,361,395,35,0.8118279569892473,0.5224867724867724,0.294921875,0.9186046511627907,0.6671573647380098,0.4326647564469914,0.5796178343949044,942,186,756
151,367,378,46,0.766497461928934,0.5073825503355704,0.2915057915057915,0.8915094339622641,0.6369400061322522,0.42237762237762233,0.5615711252653928,942,197,745
153,353,405,31,0.8315217391304348,0.5343007915567283,0.30237154150197626,0.9288990825688074,0.6829112653435816,0.4434782608695652,0.5923566878980892,942,184,758
169,345,399,29,0.8535353535353535,0.5362903225806451,0.32879377431906615,0.9322429906542056,0.6949128380579993,0.4747191011235955,0.6029723991507431,942,198,744
153,333,428,28,0.8453038674033149,0.5624178712220762,0.3148148148148148,0.9385964912280702,0.7038608693126955,0.4587706146926536,0.6167728237791932,942,181,761
133,365,411,33,0.8012048192771084,0.529639175257732,0.26706827309236947,0.9256756756756757,0.6654219972674202,0.4006024096385542,0.5774946921443737,942,166,776
135,348,424,35,0.7941176470588235,0.5492227979274611,0.2795031055900621,0.9237472766884531,0.6716702224931423,0.41347626339969373,0.5934182590233545,942,170,772
130,354,426,32,0.8024691358024691,0.5461538461538461,0.26859504132231404,0.9301310043668122,0.6743114909781576,0.40247678018575855,0.5902335456475584,942,162,780
144,328,432,38,0.7912087912087912,0.5684210526315789,0.3050847457627119,0.9191489361702128,0.679814921920185,0.44036697247706424,0.6114649681528662,942,182,760
155,355,399,33,0.824468085106383,0.5291777188328912,0.30392156862745096,0.9236111111111112,0.6768229019696371,0.4441260744985673,0.5881104033970276,942,188,754
138,351,426,27,0.8363636363636363,0.5482625482625483,0.2822085889570552,0.9403973509933775,0.6923130923130922,0.4220183486238532,0.5987261146496815,942,165,777
137,361,409,35,0.7965116279069767,0.5311688311688312,0.2751004016064257,0.9211711711711712,0.663840229537904,0.40895522388059696,0.5796178343949044,942,172,770
127,362,424,29,0.8141025641025641,0.539440203562341,0.25971370143149286,0.9359823399558499,0.6767713838324525,0.3937984496124032,0.5849256900212314,942,156,786
141,345,422,34,0.8057142857142857,0.5501955671447197,0.29012345679012347,0.9254385964912281,0.6779549264295027,0.4266263237518911,0.5976645435244161,942,175,767
167,333,411,31,0.8434343434343434,0.5524193548387096,0.334,0.9298642533936652,0.6979268491365265,0.47851002865329517,0.613588110403397,942,198,744
142,368,391,41,0.7759562841530054,0.5151515151515151,0.2784313725490196,0.9050925925925926,0.6455538996522603,0.40981240981240985,0.5658174097664543,942,183,759
153,334,421,34,0.8181818181818182,0.5576158940397351,0.3141683778234086,0.9252747252747253,0.6878988561107766,0.45400593471810086,0.6093418259023354,942,187,755
153,367,393,29,0.8406593406593407,0.5171052631578947,0.29423076923076924,0.9312796208530806,0.6788823019086176,0.4358974358974359,0.5796178343949044,942,182,760
143,408,357,34,0.807909604519774,0.4666666666666667,0.2595281306715064,0.9130434782608695,0.6372881355932203,0.3928571428571429,0.5307855626326964,942,177,765
166,360,387,29,0.8512820512820513,0.5180722891566265,0.3155893536121673,0.9302884615384616,0.6846771702193388,0.46047156726768373,0.5870488322717622,942,195,747
166,338,400,38,0.8137254901960784,0.5420054200542005,0.32936507936507936,0.91324200913242,0.6778654551251395,0.46892655367231645,0.6008492569002123,942,204,738
143,369,406,24,0.8562874251497006,0.5238709677419355,0.279296875,0.9441860465116279,0.690079196445818,0.4212076583210604,0.5828025477707006,942,167,775
124,369,415,34,0.7848101265822784,0.5293367346938775,0.2515212981744422,0.9242761692650334,0.657073430638078,0.38095238095238093,0.5721868365180467,942,158,784
141,379,391,31,0.8197674418604651,0.5077922077922078,0.27115384615384613,0.9265402843601895,0.6637798248263365,0.407514450867052,0.564755838641189,942,172,770
164,336,402,40,0.803921568627451,0.5447154471544715,0.328,0.9095022624434389,0.6743185078909613,0.4659090909090909,0.6008492569002123,942,204,738
141,370,403,28,0.834319526627219,0.5213454075032341,0.2759295499021526,0.9350348027842227,0.6778324670652265,0.4147058823529412,0.5774946921443737,942,169,773
148,350,414,30,0.8314606741573034,0.5418848167539267,0.2971887550200803,0.9324324324324325,0.6866727454556151,0.43786982248520706,0.5966029723991507,942,178,764
152,388,374,28,0.8444444444444444,0.49081364829396323,0.2814814814814815,0.9303482587064676,0.6676290463692038,0.4222222222222222,0.5583864118895966,942,180,762
159,351,398,34,0.8238341968911918,0.5313751668891856,0.31176470588235294,0.9212962962962963,0.6776046818901886,0.4523470839260313,0.5912951167728238,942,193,749
129,363,418,32,0.8012422360248447,0.5352112676056338,0.2621951219512195,0.9288888888888889,0.6682267518152392,0.39509954058192953,0.5806794055201698,942,161,781
149,360,390,43,0.7760416666666666,0.52,0.29273084479371314,0.9006928406466512,0.6480208333333333,0.4251069900142653,0.5721868365180467,942,192,750
109,375,420,38,0.7414965986394558,0.5283018867924528,0.22520661157024793,0.9170305676855895,0.6348992427159543,0.34548335974643424,0.5615711252653928,942,147,795
138,346,420,38,0.7840909090909091,0.5483028720626631,0.28512396694214875,0.9170305676855895,0.6661968905767861,0.4181818181818182,0.5923566878980892,942,176,766
158,347,406,31,0.8359788359788359,0.5391766268260292,0.31287128712871287,0.9290617848970252,0.6875777314024325,0.45533141210374645,0.5987261146496815,942,189,753
147,355,399,41,0.7819148936170213,0.5291777188328912,0.29282868525896416,0.9068181818181819,0.6555463062249562,0.42608695652173917,0.5796178343949044,942,188,754
118,359,434,31,0.7919463087248322,0.5472887767969735,0.24737945492662475,0.9333333333333333,0.6696175427609028,0.3769968051118211,0.5859872611464968,942,149,793
166,336,407,33,0.8341708542713567,0.5477792732166891,0.33067729083665337,0.925,0.6909750637440228,0.4736091298145506,0.60828025477707,942,199,743
161,353,399,29,0.8473684210526315,0.5305851063829787,0.3132295719844358,0.9322429906542056,0.6889767637178051,0.45738636363636365,0.5944798301486199,942,190,752
137,361,410,34,0.8011695906432749,0.5317769130998703,0.2751004016064257,0.9234234234234234,0.6664732518715726,0.40956651718983555,0.5806794055201698,942,171,771
138,354,416,34,0.8023255813953488,0.5402597402597402,0.2804878048780488,0.9244444444444444,0.6712926608275445,0.4156626506024097,0.5881104033970276,942,172,770
160,345,410,27,0.8556149732620321,0.543046357615894,0.31683168316831684,0.9382151029748284,0.699330665438963,0.4624277456647399,0.6050955414012739,942,187,755
157,346,407,32,0.8306878306878307,0.5405046480743692,0.3121272365805169,0.9271070615034168,0.6855962393810999,0.4537572254335261,0.5987261146496815,942,189,753
178,336,393,35,0.8356807511737089,0.5390946502057613,0.3463035019455253,0.9182242990654206,0.6873877006897351,0.4896836313617607,0.6061571125265393,942,213,729
145,361,406,30,0.8285714285714286,0.529335071707953,0.2865612648221344,0.9311926605504587,0.6789532501396909,0.4258443465491924,0.5849256900212314,942,175,767
148,360,403,31,0.8268156424581006,0.528178243774574,0.29133858267716534,0.9285714285714286,0.6774969431163373,0.4308588064046579,0.5849256900212314,942,179,763
161,358,386,37,0.8131313131313131,0.5188172043010753,0.31021194605009633,0.9125295508274232,0.6659742587161942,0.44909344490934455,0.5806794055201698,942,198,744
143,374,396,29,0.8313953488372093,0.5142857142857142,0.2765957446808511,0.9317647058823529,0.6728405315614618,0.41509433962264153,0.5721868365180467,942,172,770
149,382,390,21,0.8764705882352941,0.5051813471502591,0.2806026365348399,0.948905109489051,0.6908259676927766,0.4251069900142653,0.5721868365180467,942,170,772
151,336,420,35,0.8118279569892473,0.5555555555555556,0.31006160164271046,0.9230769230769231,0.6836917562724014,0.4487369985141159,0.6061571125265393,942,186,756
152,342,421,27,0.8491620111731844,0.5517693315858454,0.3076923076923077,0.9397321428571429,0.7004656713795149,0.4517087667161962,0.60828025477707,942,179,763
156,366,387,33,0.8253968253968254,0.5139442231075697,0.2988505747126437,0.9214285714285714,0.6696705242521975,0.4388185654008439,0.5764331210191083,942,189,753
124,380,404,34,0.7848101265822784,0.5153061224489796,0.24603174603174602,0.9223744292237442,0.6500581245156289,0.3746223564954682,0.5605095541401274,942,158,784
155,362,396,29,0.842391304347826,0.5224274406332454,0.29980657640232106,0.9317647058823529,0.6824093724905358,0.442225392296719,0.5849256900212314,942,184,758
137,359,402,44,0.7569060773480663,0.5282522996057819,0.2762096774193548,0.9013452914798207,0.6425791884769241,0.40472673559822747,0.5721868365180467,942,181,761
143,342,426,31,0.8218390804597702,0.5546875,0.2948453608247423,0.9321663019693655,0.6882632902298851,0.4339908952959029,0.6040339702760085,942,174,768
145,355,411,31,0.8238636363636364,0.5365535248041775,0.29,0.9298642533936652,0.6802085805839069,0.42899408284023666,0.5902335456475584,942,176,766
116,363,418,45,0.7204968944099379,0.5352112676056338,0.24217118997912318,0.9028077753779697,0.6278540810077858,0.3625,0.5668789808917197,942,161,781
129,349,438,26,0.832258064516129,0.5565438373570522,0.2698744769874477,0.9439655172413793,0.6944009509365906,0.4075829383886256,0.6019108280254777,942,155,787
136,336,437,33,0.8047337278106509,0.5653298835705045,0.288135593220339,0.9297872340425531,0.6850318056905778,0.4243369734789392,0.60828025477707,942,169,773
150,369,392,31,0.8287292817679558,0.5151116951379764,0.28901734104046245,0.9267139479905437,0.6719204884529661,0.4285714285714286,0.5753715498938429,942,181,761
161,349,395,37,0.8131313131313131,0.5309139784946236,0.3156862745098039,0.9143518518518519,0.6720226458129683,0.4548022598870056,0.5902335456475584,942,198,744
142,356,415,29,0.8304093567251462,0.5382619974059663,0.285140562248996,0.9346846846846847,0.6843356770655562,0.42451420029895365,0.5912951167728238,942,171,771
144,357,405,36,0.8,0.531496062992126,0.2874251497005988,0.9183673469387755,0.6657480314960631,0.4229074889867841,0.5828025477707006,942,180,762
154,356,395,37,0.806282722513089,0.525965379494008,0.30196078431372547,0.9143518518518519,0.6661240510035484,0.43937232524964337,0.5828025477707006,942,191,751
150,373,389,30,0.8333333333333334,0.510498687664042,0.28680688336520077,0.9284009546539379,0.6719160104986877,0.4267425320056899,0.5721868365180467,942,180,762
122,346,430,44,0.7349397590361446,0.5541237113402062,0.2606837606837607,0.9071729957805907,0.6445317351881754,0.3848580441640379,0.5859872611464968,942,166,776
140,376,391,35,0.8,0.5097783572359843,0.2713178294573643,0.9178403755868545,0.6548891786179922,0.40520984081041966,0.5636942675159236,942,175,767
122,369,422,29,0.8079470198675497,0.5335018963337548,0.2484725050916497,0.9356984478935698,0.6707244581006522,0.38006230529595014,0.5774946921443737,942,151,791
145,352,405,40,0.7837837837837838,0.535006605019815,0.2917505030181087,0.9101123595505618,0.6593951944017994,0.4252199413489736,0.583864118895966,942,185,757
145,358,409,30,0.8285714285714286,0.5332464146023468,0.2882703777335984,0.9316628701594533,0.6809089215868878,0.4277286135693215,0.5881104033970276,942,175,767
154,352,411,25,0.8603351955307262,0.5386631716906947,0.30434782608695654,0.9426605504587156,0.6994991836107105,0.4496350364963503,0.5997876857749469,942,179,763
130,347,425,40,0.7647058823529411,0.5505181347150259,0.27253668763102723,0.9139784946236559,0.6576120085339835,0.4018547140649149,0.589171974522293,942,170,772
128,369,411,34,0.7901234567901234,0.5269230769230769,0.2575452716297787,0.9235955056179775,0.6585232668566001,0.38846737481031873,0.5721868365180467,942,162,780
155,349,409,29,0.842391304347826,0.5395778364116095,0.30753968253968256,0.9337899543378996,0.6909845703797177,0.4505813953488373,0.5987261146496815,942,184,758
144,345,423,30,0.8275862068965517,0.55078125,0.294478527607362,0.9337748344370861,0.6891837284482758,0.4343891402714932,0.6019108280254777,942,174,768
154,348,408,32,0.8279569892473119,0.5396825396825397,0.30677290836653387,0.9272727272727272,0.6838197644649258,0.4476744186046511,0.5966029723991507,942,186,756
163,366,381,32,0.8358974358974359,0.5100401606425703,0.30812854442344045,0.9225181598062954,0.6729687982700031,0.45027624309392267,0.5774946921443737,942,195,747
146,350,411,35,0.8066298342541437,0.5400788436268068,0.29435483870967744,0.92152466367713,0.6733543389404752,0.4313146233382571,0.5912951167728238,942,181,761
159,352,389,42,0.7910447761194029,0.524966261808367,0.3111545988258317,0.9025522041763341,0.6580055189638849,0.44662921348314605,0.5817409766454352,942,201,741
130,331,437,44,0.7471264367816092,0.5690104166666666,0.28199566160520606,0.9085239085239085,0.6580684267241379,0.4094488188976378,0.6019108280254777,942,174,768
136,355,429,22,0.8607594936708861,0.5471938775510204,0.2769857433808554,0.9512195121951219,0.7039766856109533,0.41910631741140214,0.5997876857749469,942,158,784
135,337,428,42,0.7627118644067796,0.5594771241830065,0.2860169491525424,0.9106382978723404,0.6610944942948931,0.41602465331278893,0.5976645435244161,942,177,765
131,383,388,40,0.7660818713450293,0.503242542153048,0.25486381322957197,0.9065420560747663,0.6346622067490386,0.38248175182481753,0.5509554140127388,942,171,771
124,375,419,24,0.8378378378378378,0.5277078085642317,0.24849699398797595,0.945823927765237,0.6827728232010348,0.3833075734157651,0.5764331210191083,942,148,794
157,350,396,39,0.8010204081632653,0.5308310991957105,0.3096646942800789,0.9103448275862069,0.6659257536794878,0.4466571834992888,0.5870488322717622,942,196,746
127,385,394,36,0.7791411042944786,0.5057766367137355,0.248046875,0.9162790697674419,0.642458870504107,0.37629629629629635,0.5530785562632696,942,163,779
145,357,400,40,0.7837837837837838,0.5284015852047557,0.28884462151394424,0.9090909090909091,0.6560926844942697,0.4221251819505095,0.578556263269639,942,185,757
154,346,404,38,0.8020833333333334,0.5386666666666666,0.308,0.9140271493212669,0.6703749999999999,0.4450867052023122,0.5923566878980892,942,192,750
139,368,406,29,0.8273809523809523,0.524547803617571,0.27416173570019725,0.9333333333333333,0.6759643779992617,0.41185185185185186,0.578556263269639,942,168,774
141,368,404,29,0.8294117647058824,0.5233160621761658,0.2770137524557957,0.9330254041570438,0.6763639134410241,0.4153166421207658,0.578556263269639,942,170,772
132,337,446,27,0.8301886792452831,0.5696040868454662,0.2814498933901919,0.9429175475687104,0.6998963830453746,0.4203821656050955,0.613588110403397,942,159,783
145,361,405,31,0.8238636363636364,0.5287206266318538,0.2865612648221344,0.9288990825688074,0.676292131497745,0.4252199413489736,0.583864118895966,942,176,766
133,352,419,38,0.7777777777777778,0.543450064850843,0.27422680412371137,0.9168490153172867,0.6606139213143104,0.4054878048780488,0.5859872611464968,942,171,771
164,340,398,40,0.803921568627451,0.5392953929539296,0.3253968253968254,0.908675799086758,0.6716084807906904,0.46327683615819215,0.5966029723991507,942,204,738
148,351,409,34,0.8131868131868132,0.5381578947368421,0.2965931863727455,0.9232505643340858,0.6756723539618277,0.434654919236417,0.5912951167728238,942,182,760
138,365,410,29,0.8263473053892215,0.5290322580645161,0.27435387673956263,0.9339407744874715,0.6776897817268688,0.41194029850746267,0.5817409766454352,942,167,775
132,341,440,29,0.8198757763975155,0.5633802816901409,0.27906976744186046,0.9381663113006397,0.6916280290438281,0.41640378548895896,0.6072186836518046,942,161,781
151,352,406,33,0.8206521739130435,0.5356200527704486,0.30019880715705766,0.9248291571753986,0.6781361133417461,0.43959243085880645,0.5912951167728238,942,184,758
147,370,392,33,0.8166666666666667,0.5144356955380578,0.28433268858800775,0.9223529411764706,0.6655511811023622,0.4218077474892396,0.5721868365180467,942,180,762
131,372,411,28,0.8238993710691824,0.524904214559387,0.26043737574552683,0.9362186788154897,0.6744017928142847,0.39577039274924475,0.5753715498938429,942,159,783
158,361,391,32,0.8315789473684211,0.5199468085106383,0.3044315992292871,0.9243498817966903,0.6757628779395297,0.44569816643159377,0.5828025477707006,942,190,752
150,359,409,24,0.8620689655172413,0.5325520833333334,0.29469548133595286,0.9445727482678984,0.6973105244252873,0.4392386530014642,0.5934182590233545,942,174,768
153,351,401,37,0.8052631578947368,0.5332446808510638,0.30357142857142855,0.9155251141552512,0.6692539193729004,0.4409221902017291,0.5881104033970276,942,190,752
150,355,408,29,0.8379888268156425,0.5347313237221494,0.297029702970297,0.9336384439359268,0.6863600752688959,0.4385964912280702,0.5923566878980892,942,179,763
142,356,418,26,0.8452380952380952,0.5400516795865633,0.285140562248996,0.9414414414414415,0.6926448874123292,0.42642642642642636,0.5944798301486199,942,168,774
136,354,422,30,0.8192771084337349,0.5438144329896907,0.27755102040816326,0.9336283185840708,0.6815457707117127,0.4146341463414634,0.5923566878980892,942,166,776
138,336,429,39,0.7796610169491526,0.5607843137254902,0.2911392405063291,0.9166666666666666,0.6702226653373213,0.42396313364055305,0.6019108280254777,942,177,765
140,368,399,35,0.8,0.5202086049543677,0.2755905511811024,0.9193548387096774,0.6601043024771839,0.4099560761346999,0.5721868365180467,942,175,767
137,334,435,36,0.791907514450867,0.5656697009102731,0.2908704883227176,0.9235668789808917,0.67878860768057,0.42546583850931674,0.6072186836518046,942,173,769
138,394,386,24,0.8518518518518519,0.4948717948717949,0.2593984962406015,0.9414634146341463,0.6733618233618234,0.39769452449567727,0.5562632696390658,942,162,780
151,380,378,33,0.8206521739130435,0.49868073878627966,0.2843691148775895,0.9197080291970803,0.6596664563496616,0.4223776223776224,0.5615711252653928,942,184,758
143,367,394,38,0.7900552486187845,0.5177398160315374,0.2803921568627451,0.9120370370370371,0.653897532325161,0.4138929088277858,0.5700636942675159,942,181,761
148,350,402,42,0.7789473684210526,0.5345744680851063,0.2971887550200803,0.9054054054054054,0.6567609182530795,0.43023255813953487,0.583864118895966,942,190,752
135,357,419,31,0.8132530120481928,0.5399484536082474,0.27439024390243905,0.9311111111111111,0.6766007328282201,0.41033434650455936,0.5881104033970276,942,166,776
122,354,420,46,0.7261904761904762,0.5426356589147286,0.25630252100840334,0.9012875536480687,0.6344130675526024,0.3788819875776397,0.5753715498938429,942,168,774
141,342,426,33,0.8103448275862069,0.5546875,0.2919254658385093,0.9281045751633987,0.6825161637931034,0.4292237442922374,0.6019108280254777,942,174,768
157,366,378,41,0.7929292929292929,0.5080645161290323,0.30019120458891013,0.9021479713603818,0.6504969045291626,0.43550624133148413,0.5679405520169851,942,198,744
152,360,390,40,0.7916666666666666,0.52,0.296875,0.9069767441860465,0.6558333333333333,0.4318181818181819,0.5753715498938429,942,192,750
143,355,406,38,0.7900552486187845,0.533508541392904,0.28714859437751006,0.9144144144144144,0.6617818950058443,0.42120765832106044,0.5828025477707006,942,181,761
139,346,428,29,0.8273809523809523,0.5529715762273901,0.2865979381443299,0.936542669584245,0.6901762643041712,0.42572741194486974,0.6019108280254777,942,168,774
154,348,412,28,0.8461538461538461,0.5421052631578948,0.30677290836653387,0.9363636363636364,0.6941295546558705,0.4502923976608187,0.6008492569002123,942,182,760
159,361,394,28,0.8502673796791443,0.5218543046357615,0.3057692307692308,0.933649289099526,0.686060842157453,0.4497878359264498,0.5870488322717622,942,187,755
153,335,419,35,0.8138297872340425,0.5557029177718833,0.3135245901639344,0.9229074889867841,0.6847663525029629,0.4526627218934911,0.6072186836518046,942,188,754
132,335,440,35,0.7904191616766467,0.567741935483871,0.2826552462526767,0.9263157894736842,0.6790805485802589,0.41640378548895907,0.6072186836518046,942,167,775
154,356,394,38,0.8020833333333334,0.5253333333333333,0.30196078431372547,0.9120370370370371,0.6637083333333333,0.43874643874643876,0.5817409766454352,942,192,750
155,358,404,25,0.8611111111111112,0.5301837270341208,0.30214424951267055,0.9417249417249417,0.695647419072616,0.44733044733044736,0.5934182590233545,942,180,762
128,361,422,31,0.8050314465408805,0.5389527458492975,0.261758691206544,0.9315673289183223,0.671992096195089,0.39506172839506176,0.583864118895966,942,159,783
136,382,396,28,0.8292682926829268,0.5089974293059126,0.2625482625482625,0.9339622641509434,0.6691328609944197,0.3988269794721407,0.564755838641189,942,164,778
134,329,442,37,0.783625730994152,0.5732814526588845,0.2894168466522678,0.9227557411273486,0.6784535918265182,0.4227129337539432,0.6114649681528662,942,171,771
155,359,402,26,0.856353591160221,0.5282522996057819,0.301556420233463,0.9392523364485982,0.6923029453830014,0.4460431654676259,0.5912951167728238,942,181,761
141,349,420,32,0.815028901734104,0.5461638491547465,0.28775510204081634,0.9292035398230089,0.6805963754444253,0.4253393665158371,0.5955414012738853,942,173,769
158,336,406,42,0.79,0.5471698113207547,0.31983805668016196,0.90625,0.6685849056603774,0.4553314121037464,0.5987261146496815,942,200,742
135,367,407,33,0.8035714285714286,0.5258397932816538,0.2689243027888446,0.925,0.6647056109265412,0.40298507462686567,0.5753715498938429,942,168,774
159,351,402,30,0.8412698412698413,0.5338645418326693,0.31176470588235294,0.9305555555555556,0.6875671915512553,0.4549356223175966,0.5955414012738853,942,189,753
132,361,417,32,0.8048780487804879,0.5359897172236504,0.26774847870182555,0.9287305122494433,0.6704338830020691,0.4018264840182648,0.5828025477707006,942,164,778
139,338,420,45,0.7554347826086957,0.554089709762533,0.2914046121593291,0.9032258064516129,0.6547622461856144,0.4205748865355522,0.5934182590233545,942,184,758
146,361,407,28,0.8390804597701149,0.5299479166666666,0.2879684418145957,0.9356321839080459,0.6845141882183907,0.4287812041116006,0.5870488322717622,942,174,768
146,346,417,33,0.8156424581005587,0.546526867627785,0.2967479674796748,0.9266666666666666,0.6810846628641718,0.43517138599105815,0.5976645435244161,942,179,763
122,359,435,26,0.8243243243243243,0.5478589420654912,0.25363825363825365,0.9436008676789588,0.6860916331949078,0.38791732909379967,0.5912951167728238,942,148,794
148,353,406,35,0.8087431693989071,0.5349143610013175,0.2954091816367265,0.9206349206349206,0.6718287652001123,0.4327485380116958,0.5881104033970276,942,183,759
154,351,405,32,0.8279569892473119,0.5357142857142857,0.30495049504950494,0.9267734553775744,0.6818356374807988,0.44573082489146165,0.5934182590233545,942,186,756
136,364,411,31,0.8143712574850299,0.5303225806451612,0.272,0.9298642533936652,0.6723469190650956,0.4077961019490255,0.5806794055201698,942,167,775
154,365,388,35,0.8148148148148148,0.5152722443559097,0.29672447013487474,0.91725768321513,0.6650435295853623,0.4350282485875706,0.5753715498938429,942,189,753
171,342,393,36,0.8260869565217391,0.5346938775510204,0.3333333333333333,0.916083916083916,0.6803904170363797,0.475,0.5987261146496815,942,207,735
149,364,397,32,0.8232044198895028,0.5216819973718791,0.290448343079922,0.9254079254079254,0.672443208630691,0.42939481268011526,0.5796178343949044,942,181,761
165,331,408,38,0.812807881773399,0.5520974289580515,0.3326612903225806,0.9147982062780269,0.6824526553657253,0.47210300429184554,0.60828025477707,942,203,739
135,363,421,23,0.8544303797468354,0.5369897959183674,0.2710843373493976,0.9481981981981982,0.6957100878326015,0.4115853658536585,0.5902335456475584,942,158,784
153,343,412,34,0.8181818181818182,0.5456953642384106,0.3084677419354839,0.9237668161434978,0.6819385912101144,0.44802342606149337,0.5997876857749469,942,187,755
149,341,424,28,0.8418079096045198,0.5542483660130719,0.3040816326530612,0.9380530973451328,0.6980281378087958,0.4467766116941529,0.60828025477707,942,177,765
135,368,413,26,0.8385093167701864,0.528809218950064,0.268389662027833,0.9407744874715261,0.6836592678601252,0.4066265060240964,0.5817409766454352,942,161,781
134,357,417,34,0.7976190476190477,0.5387596899224806,0.2729124236252546,0.9246119733924612,0.6681893687707641,0.4066767830045524,0.5849256900212314,942,168,774
147,317,450,28,0.84,0.5867014341590613,0.3168103448275862,0.9414225941422594,0.7133507170795306,0.460093896713615,0.6337579617834395,942,175,767
160,352,395,35,0.8205128205128205,0.5287817938420348,0.3125,0.9186046511627907,0.6746473071774277,0.4526166902404526,0.589171974522293,942,195,747
128,372,400,42,0.7529411764705882,0.5181347150259067,0.256,0.9049773755656109,0.6355379457482475,0.382089552238806,0.5605095541401274,942,170,772
149,360,396,37,0.8010752688172043,0.5238095238095238,0.29273084479371314,0.9145496535796767,0.6624423963133641,0.42877697841726614,0.578556263269639,942,186,756
145,366,402,29,0.8333333333333334,0.5234375,0.2837573385518591,0.9327146171693735,0.6783854166666667,0.42335766423357657,0.5806794055201698,942,174,768
133,367,399,43,0.7556818181818182,0.52088772845953,0.266,0.9027149321266968,0.6382847733206741,0.393491124260355,0.564755838641189,942,176,766
137,384,392,29,0.8253012048192772,0.5051546391752577,0.2629558541266795,0.9311163895486936,0.6652279219972674,0.39883551673944695,0.5615711252653928,942,166,776
147,339,426,30,0.8305084745762712,0.5568627450980392,0.30246913580246915,0.9342105263157895,0.6936856098371552,0.4434389140271493,0.60828025477707,942,177,765
149,356,398,39,0.7925531914893617,0.5278514588859416,0.29504950495049503,0.9107551487414187,0.6602023251876517,0.43001443001443,0.5806794055201698,942,188,754
131,345,419,47,0.7359550561797753,0.5484293193717278,0.27521008403361347,0.8991416309012875,0.6421921877757515,0.40061162079510704,0.583864118895966,942,178,764
142,377,394,29,0.8304093567251462,0.5110246433203631,0.27360308285163776,0.9314420803782506,0.6707170000227547,0.4115942028985507,0.5690021231422505,942,171,771
167,341,401,33,0.835,0.5404312668463612,0.328740157480315,0.923963133640553,0.6877156334231807,0.4717514124293785,0.6029723991507431,942,200,742
150,343,411,38,0.7978723404255319,0.5450928381962865,0.30425963488843816,0.9153674832962138,0.6714825893109092,0.4405286343612335,0.5955414012738853,942,188,754
149,351,406,36,0.8054054054054054,0.5363276089828269,0.298,0.918552036199095,0.6708665071941162,0.43503649635036495,0.589171974522293,942,185,757
133,353,418,38,0.7777777777777778,0.5421530479896238,0.2736625514403292,0.9166666666666666,0.6599654128837008,0.4048706240487063,0.5849256900212314,942,171,771
128,382,388,44,0.7441860465116279,0.5038961038961038,0.25098039215686274,0.8981481481481481,0.6240410752038659,0.375366568914956,0.5477707006369427,942,172,770
153,381,383,25,0.8595505617977528,0.5013089005235603,0.28651685393258425,0.9387254901960784,0.6804297311606565,0.4297752808988764,0.5690021231422505,942,178,764
139,391,378,34,0.8034682080924855,0.49154746423927176,0.2622641509433962,0.9174757281553398,0.6475078361658786,0.39544807965860596,0.5488322717622081,942,173,769
131,365,412,34,0.793939393939394,0.5302445302445302,0.26411290322580644,0.9237668161434978,0.6620919620919621,0.39636913767019666,0.5764331210191083,942,165,777
145,364,413,20,0.8787878787878788,0.5315315315315315,0.28487229862475444,0.953810623556582,0.7051597051597052,0.4302670623145401,0.5923566878980892,942,165,777
134,357,413,38,0.7790697674418605,0.5363636363636364,0.2729124236252546,0.9157427937915743,0.6577167019027484,0.40422322775263947,0.5806794055201698,942,172,770
174,369,361,38,0.8207547169811321,0.4945205479452055,0.32044198895027626,0.9047619047619048,0.6576376324631688,0.46092715231788084,0.5679405520169851,942,212,730
143,365,397,37,0.7944444444444444,0.520997375328084,0.281496062992126,0.9147465437788018,0.6577209098862642,0.4156976744186046,0.5732484076433121,942,180,762
140,364,404,34,0.8045977011494253,0.5260416666666666,0.2777777777777778,0.9223744292237442,0.665319683908046,0.41297935103244837,0.5774946921443737,942,174,768
138,360,408,36,0.7931034482758621,0.53125,0.27710843373493976,0.918918918918919,0.662176724137931,0.41071428571428575,0.5796178343949044,942,174,768
140,350,423,29,0.8284023668639053,0.5472186287192755,0.2857142857142857,0.9358407079646017,0.6878104977915904,0.42488619119878596,0.5976645435244161,942,169,773
116,386,406,34,0.7733333333333333,0.5126262626262627,0.23107569721115537,0.9227272727272727,0.642979797979798,0.3558282208588957,0.554140127388535,942,150,792
162,344,407,29,0.8481675392670157,0.5419440745672437,0.3201581027667984,0.9334862385321101,0.6950558069171298,0.4648493543758967,0.6040339702760085,942,191,751
151,341,418,32,0.825136612021858,0.5507246376811594,0.30691056910569103,0.9288888888888889,0.6879306248515087,0.4474074074074074,0.6040339702760085,942,183,759
128,350,432,32,0.8,0.5524296675191815,0.26778242677824265,0.9310344827586207,0.6762148337595908,0.40125391849529773,0.5944798301486199,942,160,782
163,358,398,23,0.8763440860215054,0.5264550264550265,0.31285988483685223,0.9453681710213777,0.701399556238266,0.4611032531824611,0.5955414012738853,942,186,756
135,345,418,44,0.7541899441340782,0.5478374836173001,0.28125,0.9047619047619048,0.6510137138756892,0.40971168437025796,0.5870488322717622,942,179,763
152,351,414,25,0.8587570621468926,0.5411764705882353,0.30218687872763417,0.9430523917995444,0.6999667663675639,0.44705882352941173,0.6008492569002123,942,177,765
139,342,433,28,0.8323353293413174,0.5587096774193548,0.288981288981289,0.9392624728850325,0.695522503380336,0.42901234567901236,0.6072186836518046,942,167,775
183,330,393,36,0.8356164383561644,0.5435684647302904,0.3567251461988304,0.916083916083916,0.6895924515432275,0.5,0.6114649681528662,942,219,723
155,325,428,34,0.8201058201058201,0.5683930942895087,0.3229166666666667,0.9264069264069265,0.6942494571976644,0.46337817638266077,0.618895966029724,942,189,753
150,359,387,46,0.7653061224489796,0.5187667560321716,0.29469548133595286,0.8937644341801386,0.6420364392405755,0.425531914893617,0.5700636942675159,942,196,746
148,348,409,37,0.8,0.5402906208718626,0.29838709677419356,0.9170403587443946,0.6701453104359314,0.4346549192364171,0.5912951167728238,942,185,757
137,368,407,30,0.8203592814371258,0.5251612903225806,0.2712871287128713,0.931350114416476,0.6727602858798531,0.4077380952380953,0.5774946921443737,942,167,775
120,377,410,35,0.7741935483870968,0.5209656925031766,0.2414486921529175,0.9213483146067416,0.6475796204451367,0.36809815950920244,0.5626326963906582,942,155,787
144,355,409,34,0.8089887640449438,0.5353403141361257,0.28857715430861725,0.9232505643340858,0.6721645390905348,0.4254062038404726,0.5870488322717622,942,178,764
154,365,397,26,0.8555555555555555,0.520997375328084,0.29672447013487474,0.9385342789598109,0.6882764654418198,0.4406294706723891,0.5849256900212314,942,180,762
153,374,374,41,0.788659793814433,0.5,0.2903225806451613,0.9012048192771084,0.6443298969072164,0.4244105409153953,0.559447983014862,942,194,748
158,328,418,38,0.8061224489795918,0.5603217158176944,0.32510288065843623,0.9166666666666666,0.6832220823986431,0.4633431085043988,0.6114649681528662,942,196,746
151,346,400,45,0.7704081632653061,0.5361930294906166,0.3038229376257545,0.898876404494382,0.6533005963779615,0.43578643578643583,0.5849256900212314,942,196,746
160,345,408,29,0.8465608465608465,0.5418326693227091,0.31683168316831684,0.9336384439359268,0.6941967579417778,0.4610951008645533,0.6029723991507431,942,189,753
132,372,406,32,0.8048780487804879,0.5218508997429306,0.2619047619047619,0.9269406392694064,0.6633644742617093,0.39520958083832336,0.5711252653927813,942,164,778
137,375,412,18,0.8838709677419355,0.5235069885641678,0.267578125,0.958139534883721,0.7036889781530516,0.4107946026986507,0.5828025477707006,942,155,787
134,379,392,37,0.783625730994152,0.5084306095979247,0.26120857699805067,0.9137529137529138,0.6460281702960384,0.391812865497076,0.5583864118895966,942,171,771
128,367,405,42,0.7529411764705882,0.5246113989637305,0.2585858585858586,0.9060402684563759,0.6387762877171594,0.3849624060150376,0.5658174097664543,942,170,772
145,359,397,41,0.7795698924731183,0.5251322751322751,0.2876984126984127,0.906392694063927,0.6523510838026967,0.4202898550724637,0.5753715498938429,942,186,756
141,351,403,47,0.75,0.5344827586206896,0.2865853658536585,0.8955555555555555,0.6422413793103448,0.4147058823529411,0.5774946921443737,942,188,754
139,337,433,33,0.8081395348837209,0.5623376623376624,0.2920168067226891,0.9291845493562232,0.6852385986106917,0.42901234567901236,0.6072186836518046,942,172,770
155,358,398,31,0.8333333333333334,0.5264550264550265,0.30214424951267055,0.9277389277389277,0.67989417989418,0.4434907010014306,0.5870488322717622,942,186,756
110,374,429,29,0.7913669064748201,0.5342465753424658,0.22727272727272727,0.9366812227074236,0.6628067409086429,0.35313001605136435,0.5721868365180467,942,139,803
149,326,441,26,0.8514285714285714,0.5749674054758801,0.3136842105263158,0.9443254817987152,0.7131979884522257,0.4584615384615385,0.6263269639065817,942,175,767
128,363,419,32,0.8,0.5358056265984654,0.2606924643584521,0.9290465631929047,0.6679028132992327,0.3932411674347158,0.5806794055201698,942,160,782
136,356,426,24,0.85,0.5447570332480819,0.2764227642276423,0.9466666666666667,0.6973785166240409,0.4171779141104294,0.5966029723991507,942,160,782
145,387,377,33,0.8146067415730337,0.49345549738219896,0.2725563909774436,0.9195121951219513,0.6540311194776163,0.40845070422535207,0.554140127388535,942,178,764
161,331,412,38,0.8090452261306532,0.5545087483176312,0.32723577235772355,0.9155555555555556,0.6817769872241422,0.46599131693198254,0.60828025477707,942,199,743
166,356,390,30,0.8469387755102041,0.5227882037533512,0.31800766283524906,0.9285714285714286,0.6848634896317777,0.4623955431754874,0.5902335456475584,942,196,746
145,383,380,34,0.8100558659217877,0.4980340760157274,0.2746212121212121,0.9178743961352657,0.6540449709687576,0.41018387553041014,0.5573248407643312,942,179,763
127,353,425,37,0.774390243902439,0.5462724935732648,0.26458333333333334,0.9199134199134199,0.6603313687378519,0.3944099378881987,0.5859872611464968,942,164,778
139,354,408,41,0.7722222222222223,0.5354330708661418,0.281947261663286,0.9086859688195991,0.653827646544182,0.413075780089153,0.5806794055201698,942,180,762
155,354,397,36,0.8115183246073299,0.5286284953395473,0.3045186640471513,0.9168591224018475,0.6700734099734386,0.44285714285714284,0.5859872611464968,942,191,751
148,349,418,27,0.8457142857142858,0.5449804432855281,0.2977867203219316,0.9393258426966292,0.6953473644999069,0.4404761904761905,0.6008492569002123,942,175,767
143,366,394,39,0.7857142857142857,0.5184210526315789,0.28094302554027506,0.9099307159353349,0.6520676691729324,0.41389290882778584,0.5700636942675159,942,182,760
147,327,426,42,0.7777777777777778,0.5657370517928287,0.310126582278481,0.9102564102564102,0.6717574147853033,0.44343891402714936,0.60828025477707,942,189,753
147,360,400,35,0.8076923076923077,0.5263157894736842,0.28994082840236685,0.9195402298850575,0.667004048582996,0.42670537010159654,0.5806794055201698,942,182,760
137,365,403,37,0.7873563218390804,0.5247395833333334,0.2729083665338645,0.9159090909090909,0.6560479525862069,0.40532544378698226,0.5732484076433121,942,174,768
144,361,406,31,0.8228571428571428,0.529335071707953,0.2851485148514851,0.9290617848970252,0.676096107282548,0.4235294117647059,0.583864118895966,942,175,767
146,356,408,32,0.8202247191011236,0.5340314136125655,0.2908366533864542,0.9272727272727272,0.6771280663568445,0.4294117647058824,0.5881104033970276,942,178,764
131,352,423,36,0.7844311377245509,0.5458064516129032,0.2712215320910973,0.9215686274509803,0.665118794668727,0.40307692307692305,0.5881104033970276,942,167,775
141,380,394,27,0.8392857142857143,0.5090439276485789,0.2706333973128599,0.9358669833729216,0.6741648209671466,0.409288824383164,0.5679405520169851,942,168,774
133,339,436,34,0.7964071856287425,0.5625806451612904,0.2817796610169492,0.9276595744680851,0.6794939153950164,0.4162754303599374,0.6040339702760085,942,167,775
146,332,419,45,0.7643979057591623,0.5579227696404794,0.3054393305439331,0.9030172413793104,0.6611603376998209,0.43647234678624813,0.5997876857749469,942,191,751
135,354,422,31,0.8132530120481928,0.5438144329896907,0.27607361963190186,0.9315673289183223,0.6785337225189417,0.4122137404580153,0.5912951167728238,942,166,776
143,333,432,34,0.807909604519774,0.5647058823529412,0.3004201680672269,0.927038626609442,0.6863077434363576,0.4379785604900459,0.6104033970276008,942,177,765
129,354,424,35,0.7865853658536586,0.5449871465295629,0.2670807453416149,0.9237472766884531,0.6657862561916108,0.3987635239567234,0.5870488322717622,942,164,778
141,364,403,34,0.8057142857142857,0.5254237288135594,0.27920792079207923,0.9221967963386728,0.6655690072639225,0.41470588235294115,0.5774946921443737,942,175,767
150,340,417,35,0.8108108108108109,0.5508586525759577,0.30612244897959184,0.922566371681416,0.6808347316933843,0.4444444444444444,0.6019108280254777,942,185,757
143,352,419,28,0.8362573099415205,0.543450064850843,0.28888888888888886,0.9373601789709173,0.6898536873961818,0.42942942942942935,0.5966029723991507,942,171,771
145,379,387,31,0.8238636363636364,0.5052219321148825,0.2767175572519084,0.9258373205741627,0.6645427842392595,0.4142857142857143,0.564755838641189,942,176,766
146,361,397,38,0.7934782608695652,0.5237467018469657,0.2879684418145957,0.9126436781609195,0.6586124813582654,0.422575976845152,0.5764331210191083,942,184,758
141,355,401,45,0.7580645161290323,0.5304232804232805,0.2842741935483871,0.899103139013453,0.6442438982761564,0.4134897360703812,0.5753715498938429,942,186,756
125,352,427,38,0.7668711656441718,0.5481386392811296,0.2620545073375262,0.9182795698924732,0.6575049024626507,0.390625,0.5859872611464968,942,163,779
147,346,417,32,0.8212290502793296,0.546526867627785,0.29817444219066935,0.9287305122494433,0.6838779589535573,0.4375,0.5987261146496815,942,179,763
138,379,390,35,0.7976878612716763,0.5071521456436932,0.26692456479690524,0.9176470588235294,0.6524200034576848,0.39999999999999997,0.5605095541401274,942,173,769
153,352,417,20,0.884393063583815,0.5422626788036411,0.30297029702970296,0.954233409610984,0.7133278711937281,0.45132743362831856,0.6050955414012739,942,173,769
167,377,362,36,0.8226600985221675,0.489851150202977,0.3069852941176471,0.9095477386934674,0.6562556243625722,0.4471218206157966,0.5615711252653928,942,203,739
126,395,391,30,0.8076923076923077,0.49745547073791346,0.2418426103646833,0.9287410926365796,0.6525738892151106,0.37223042836041353,0.5488322717622081,942,156,786
138,360,407,37,0.7885714285714286,0.530638852672751,0.27710843373493976,0.9166666666666666,0.6596051406220897,0.4101040118870728,0.578556263269639,942,175,767
146,359,400,37,0.7978142076502732,0.5270092226613966,0.2891089108910891,0.9153318077803204,0.6624117151558349,0.42441860465116277,0.5796178343949044,942,183,759
141,358,414,29,0.8294117647058824,0.5362694300518135,0.28256513026052105,0.9345372460496614,0.682840597378848,0.42152466367713004,0.589171974522293,942,170,772
152,343,420,27,0.8491620111731844,0.5504587155963303,0.30707070707070705,0.9395973154362416,0.6998103633847573,0.45103857566765576,0.6072186836518046,942,179,763
152,353,404,33,0.8216216216216217,0.5336856010568032,0.300990099009901,0.9244851258581236,0.6776536113392124,0.44057971014492747,0.5902335456475584,942,185,757
143,373,396,30,0.8265895953757225,0.5149544863459038,0.2771317829457364,0.9295774647887324,0.6707720408608131,0.4150943396226415,0.5721868365180467,942,173,769
161,368,380,33,0.8298969072164949,0.5080213903743316,0.30434782608695654,0.9200968523002422,0.6689591487954132,0.44536652835408025,0.5743099787685775,942,194,748
141,379,392,30,0.8245614035087719,0.5084306095979247,0.27115384615384613,0.9289099526066351,0.6664960065533483,0.40810419681620835,0.5658174097664543,942,171,771
169,331,408,34,0.8325123152709359,0.5520974289580515,0.338,0.9230769230769231,0.6923048721144938,0.48079658605974396,0.6125265392781316,942,203,739
147,353,413,29,0.8352272727272727,0.5391644908616188,0.294,0.9343891402714932,0.6871958817944457,0.43491124260355024,0.5944798301486199,942,176,766
150,359,393,40,0.7894736842105263,0.5226063829787234,0.29469548133595286,0.9076212471131639,0.6560400335946248,0.42918454935622324,0.5764331210191083,942,190,752
152,350,403,37,0.8042328042328042,0.5351925630810093,0.30278884462151395,0.9159090909090909,0.6697126836569067,0.4399421128798842,0.589171974522293,942,189,753
131,371,412,28,0.8238993710691824,0.5261813537675607,0.26095617529880477,0.9363636363636364,0.6750403624183716,0.39636913767019666,0.5764331210191083,942,159,783
143,369,387,43,0.7688172043010753,0.5119047619047619,0.279296875,0.9,0.6403609831029186,0.40974212034383956,0.5626326963906582,942,186,756
143,351,416,32,0.8171428571428572,0.5423728813559322,0.2894736842105263,0.9285714285714286,0.6797578692493946,0.4275037369207773,0.5934182590233545,942,175,767
158,345,403,36,0.8144329896907216,0.5387700534759359,0.31411530815109345,0.9179954441913439,0.6766015215833288,0.4533715925394548,0.5955414012738853,942,194,748
138,366,402,36,0.7931034482758621,0.5234375,0.27380952380952384,0.9178082191780822,0.658270474137931,0.4070796460176992,0.5732484076433121,942,174,768
153,366,387,36,0.8095238095238095,0.5139442231075697,0.2947976878612717,0.9148936170212766,0.6617340163156896,0.4322033898305085,0.5732484076433121,942,189,753
142,356,407,37,0.7932960893854749,0.5334207077326344,0.285140562248996,0.9166666666666666,0.6633583985590547,0.41949778434268836,0.5828025477707006,942,179,763
126,360,417,39,0.7636363636363637,0.5366795366795367,0.25925925925925924,0.9144736842105263,0.6501579501579502,0.3870967741935484,0.5764331210191083,942,165,777
147,381,385,29,0.8352272727272727,0.5026109660574413,0.2784090909090909,0.9299516908212561,0.6689191193923569,0.41761363636363635,0.564755838641189,942,176,766
154,334,413,41,0.7897435897435897,0.5528781793842035,0.3155737704918033,0.9096916299559471,0.6713108845638966,0.4509516837481699,0.6019108280254777,942,195,747
157,339,401,45,0.7772277227722773,0.5418918918918919,0.3165322580645161,0.899103139013453,0.6595598073320845,0.44985673352435523,0.5923566878980892,942,202,740
120,393,398,31,0.7947019867549668,0.5031605562579013,0.23391812865497075,0.9277389277389277,0.6489312715064341,0.36144578313253006,0.5498938428874734,942,151,791
145,330,438,29,0.8333333333333334,0.5703125,0.30526315789473685,0.9379014989293362,0.7018229166666667,0.44684129429892144,0.618895966029724,942,174,768
143,371,388,40,0.7814207650273224,0.5111989459815547,0.2782101167315175,0.9065420560747663,0.6463098555044385,0.41032998565279766,0.5636942675159236,942,183,759
152,364,383,43,0.7794871794871795,0.5127175368139224,0.29457364341085274,0.8990610328638498,0.646102358150551,0.4275668073136428,0.5679405520169851,942,195,747
135,371,400,36,0.7894736842105263,0.5188067444876784,0.26679841897233203,0.9174311926605505,0.6541402143491024,0.39881831610044316,0.5679405520169851,942,171,771
154,345,418,25,0.8603351955307262,0.5478374836173001,0.30861723446893785,0.9435665914221218,0.7040863395740131,0.4542772861356931,0.6072186836518046,942,179,763
143,351,426,22,0.8666666666666667,0.5482625482625483,0.2894736842105263,0.9508928571428571,0.7074646074646075,0.43399089529590285,0.6040339702760085,942,165,777
145,370,395,32,0.8192090395480226,0.5163398692810458,0.2815533980582524,0.9250585480093677,0.6677744544145342,0.4190751445086705,0.5732484076433121,942,177,765
138,393,369,42,0.7666666666666667,0.484251968503937,0.2598870056497175,0.8978102189781022,0.6254593175853018,0.38818565400843885,0.5382165605095541,942,180,762
150,356,400,36,0.8064516129032258,0.5291005291005291,0.2964426877470356,0.9174311926605505,0.6677760710018774,0.4335260115606936,0.583864118895966,942,186,756
130,382,398,32,0.8024691358024691,0.5102564102564102,0.25390625,0.9255813953488372,0.6563627730294397,0.3857566765578635,0.5605095541401274,942,162,780
135,380,390,37,0.7848837209302325,0.5064935064935064,0.2621359223300971,0.9133489461358314,0.6456886137118695,0.3930131004366812,0.5573248407643312,942,172,770
134,361,406,41,0.7657142857142857,0.529335071707953,0.27070707070707073,0.9082774049217002,0.6475246787111193,0.4,0.5732484076433121,942,175,767
114,376,410,42,0.7307692307692307,0.5216284987277354,0.23265306122448978,0.9070796460176991,0.6261988647484831,0.3529411764705882,0.5562632696390658,942,156,786
146,343,422,31,0.8248587570621468,0.5516339869281046,0.2985685071574642,0.9315673289183223,0.6882463719951257,0.4384384384384384,0.6029723991507431,942,177,765
143,316,440,43,0.7688172043010753,0.582010582010582,0.3115468409586057,0.9109730848861284,0.6754138931558287,0.4434108527131783,0.618895966029724,942,186,756
145,336,417,44,0.7671957671957672,0.5537848605577689,0.30145530145530147,0.9045553145336226,0.660490313876768,0.4328358208955224,0.5966029723991507,942,189,753
169,341,408,24,0.8756476683937824,0.5447263017356475,0.33137254901960783,0.9444444444444444,0.7101869850647149,0.480796586059744,0.6125265392781316,942,193,749
147,348,405,42,0.7777777777777778,0.5378486055776892,0.296969696969697,0.9060402684563759,0.6578131916777334,0.42982456140350883,0.5859872611464968,942,189,753
141,352,411,38,0.7877094972067039,0.5386631716906947,0.28600405679513186,0.9153674832962138,0.6631863344486992,0.4196428571428572,0.5859872611464968,942,179,763
149,355,404,34,0.8142076502732241,0.5322793148880105,0.29563492063492064,0.9223744292237442,0.6732434825806173,0.4337700145560407,0.5870488322717622,942,183,759
148,327,426,41,0.783068783068783,0.5657370517928287,0.31157894736842107,0.9122055674518201,0.6744029174308059,0.4457831325301205,0.6093418259023354,942,189,753
140,340,427,35,0.8,0.5567144719687093,0.2916666666666667,0.9242424242424242,0.6783572359843546,0.42748091603053434,0.6019108280254777,942,175,767
129,351,428,34,0.7914110429447853,0.5494223363286265,0.26875,0.9264069264069265,0.6704166896367059,0.401244167962675,0.5912951167728238,942,163,779
129,342,447,24,0.8431372549019608,0.5665399239543726,0.27388535031847133,0.9490445859872612,0.7048385894281667,0.41346153846153844,0.6114649681528662,942,153,789
125,371,415,31,0.8012820512820513,0.5279898218829516,0.25201612903225806,0.9304932735426009,0.6646359365825014,0.3834355828220859,0.5732484076433121,942,156,786
149,353,409,31,0.8277777777777777,0.536745406824147,0.2968127490039841,0.9295454545454546,0.6822615923009623,0.43695014662756604,0.5923566878980892,942,180,762
147,350,409,36,0.8032786885245902,0.538866930171278,0.29577464788732394,0.9191011235955057,0.6710728093479341,0.43235294117647055,0.5902335456475584,942,183,759
128,363,415,36,0.7804878048780488,0.5334190231362468,0.2606924643584521,0.9201773835920177,0.6569534140071478,0.39083969465648855,0.5764331210191083,942,164,778
146,348,421,27,0.8439306358381503,0.5474642392717816,0.29554655870445345,0.9397321428571429,0.6956974375549659,0.4377811094452774,0.6019108280254777,942,173,769
167,340,400,35,0.8267326732673267,0.5405405405405406,0.32938856015779094,0.9195402298850575,0.6836366069039337,0.4710860366713681,0.6019108280254777,942,202,740
178,342,395,27,0.8682926829268293,0.5359565807327001,0.3423076923076923,0.9360189573459715,0.7021246318297647,0.49103448275862066,0.60828025477707,942,205,737
159,348,402,33,0.828125,0.536,0.3136094674556213,0.9241379310344827,0.6820625,0.4549356223175965,0.5955414012738853,942,192,750
126,367,417,32,0.7974683544303798,0.5318877551020408,0.25557809330628806,0.9287305122494433,0.6646780547662103,0.3870967741935484,0.5764331210191083,942,158,784
145,354,409,34,0.8100558659217877,0.5360419397116645,0.2905811623246493,0.9232505643340858,0.6730489028167261,0.4277286135693215,0.5881104033970276,942,179,763
145,358,408,31,0.8238636363636364,0.5326370757180157,0.2882703777335984,0.929384965831435,0.678250356040826,0.42709867452135497,0.5870488322717622,942,176,766
139,337,422,44,0.7595628415300546,0.5559947299077734,0.2920168067226891,0.9055793991416309,0.657778785718914,0.4218512898330804,0.5955414012738853,942,183,759
152,386,366,38,0.8,0.4867021276595745,0.2825278810408922,0.905940594059406,0.6433510638297872,0.41758241758241765,0.5498938428874734,942,190,752
154,343,421,24,0.8651685393258427,0.5510471204188482,0.30985915492957744,0.946067415730337,0.7081078298723454,0.4562962962962963,0.6104033970276008,942,178,764
151,342,418,31,0.8296703296703297,0.55,0.30628803245436104,0.9309576837416481,0.6898351648351648,0.4474074074074074,0.6040339702760085,942,182,760
158,341,406,37,0.8102564102564103,0.5435073627844712,0.3166332665330661,0.9164785553047404,0.6768818865204407,0.4553314121037464,0.5987261146496815,942,195,747
148,350,412,32,0.8222222222222222,0.5406824146981627,0.2971887550200803,0.9279279279279279,0.6814523184601924,0.4365781710914454,0.5944798301486199,942,180,762
163,356,396,27,0.8578947368421053,0.526595744680851,0.3140655105973025,0.9361702127659575,0.6922452407614781,0.459802538787024,0.5934182590233545,942,190,752
143,360,409,30,0.8265895953757225,0.5318595578673602,0.28429423459244535,0.9316628701594533,0.6792245766215413,0.4230769230769231,0.5859872611464968,942,173,769
133,368,406,35,0.7916666666666666,0.524547803617571,0.2654690618762475,0.9206349206349206,0.6581072351421189,0.3976083707025411,0.5721868365180467,942,168,774
152,333,427,30,0.8351648351648352,0.5618421052631579,0.3134020618556701,0.9343544857768052,0.6985034702139965,0.4557721139430285,0.6146496815286624,942,182,760
130,372,403,37,0.7784431137724551,0.52,0.2589641434262948,0.9159090909090909,0.6492215568862276,0.3886397608370703,0.5658174097664543,942,167,775
146,367,411,18,0.8902439024390244,0.5282776349614395,0.28460038986354774,0.958041958041958,0.7092607687002319,0.431314623338257,0.5912951167728238,942,164,778
121,348,434,39,0.75625,0.5549872122762148,0.2579957356076759,0.9175475687103594,0.6556186061381074,0.3847376788553259,0.589171974522293,942,160,782
141,374,392,35,0.8011363636363636,0.5117493472584856,0.2737864077669903,0.9180327868852459,0.6564428554474246,0.4081041968162084,0.5658174097664543,942,176,766
134,363,421,24,0.8481012658227848,0.5369897959183674,0.26961770623742454,0.946067415730337,0.6925455308705761,0.4091603053435115,0.589171974522293,942,158,784
129,349,423,41,0.7588235294117647,0.5479274611398963,0.2698744769874477,0.9116379310344828,0.6533754952758305,0.3981481481481482,0.5859872611464968,942,170,772
151,363,387,41,0.7864583333333334,0.516,0.29377431906614787,0.9042056074766355,0.6512291666666667,0.42776203966005666,0.5711252653927813,942,192,750
138,348,425,31,0.8165680473372781,0.5498059508408797,0.2839506172839506,0.9320175438596491,0.6831869990890789,0.4213740458015267,0.5976645435244161,942,169,773
139,368,398,37,0.7897727272727273,0.5195822454308094,0.27416173570019725,0.9149425287356322,0.6546774863517684,0.40702781844802344,0.5700636942675159,942,176,766
137,359,411,35,0.7965116279069767,0.5337662337662338,0.2762096774193548,0.92152466367713,0.6651389308366052,0.41017964071856283,0.5817409766454352,942,172,770
137,362,409,34,0.8011695906432749,0.5304798962386511,0.2745490981963928,0.9232505643340858,0.665824743440963,0.40895522388059696,0.5796178343949044,942,171,771
150,323,435,34,0.8152173913043478,0.5738786279683378,0.3171247357293869,0.9275053304904051,0.6945480096363428,0.45662100456621,0.6210191082802548,942,184,758
124,377,407,34,0.7848101265822784,0.5191326530612245,0.24750499001996007,0.9229024943310657,0.6519713898217514,0.3763277693474961,0.5636942675159236,942,158,784
147,354,402,39,0.7903225806451613,0.5317460317460317,0.2934131736526946,0.9115646258503401,0.6610343061955966,0.4279475982532751,0.5828025477707006,942,186,756
146,385,374,37,0.7978142076502732,0.4927536231884058,0.2749529190207156,0.9099756690997567,0.6452839154193395,0.40896358543417366,0.5520169851380042,942,183,759
128,348,432,34,0.7901234567901234,0.5538461538461539,0.2689075630252101,0.927038626609442,0.6719848053181386,0.40125391849529785,0.5944798301486199,942,162,780
157,356,399,30,0.839572192513369,0.528476821192053,0.3060428849902534,0.9300699300699301,0.684024506852711,0.4485714285714285,0.5902335456475584,942,187,755
148,358,414,22,0.8705882352941177,0.5362694300518135,0.2924901185770751,0.9495412844036697,0.7034288326729656,0.43786982248520706,0.5966029723991507,942,170,772
126,351,418,47,0.7283236994219653,0.5435630689206762,0.2641509433962264,0.8989247311827957,0.6359433841713207,0.38769230769230767,0.5774946921443737,942,173,769
136,363,408,35,0.7953216374269005,0.5291828793774319,0.2725450901803607,0.9209932279909706,0.6622522584021662,0.4059701492537313,0.5774946921443737,942,171,771
149,359,397,37,0.8010752688172043,0.5251322751322751,0.2933070866141732,0.9147465437788018,0.6631037719747397,0.42939481268011526,0.5796178343949044,942,186,756
158,383,384,17,0.9028571428571428,0.500651890482399,0.2920517560073937,0.9576059850374065,0.701754516669771,0.441340782122905,0.5753715498938429,942,175,767
157,345,398,42,0.7889447236180904,0.5356662180349933,0.31274900398406374,0.9045454545454545,0.6623054708265419,0.4479315263908702,0.589171974522293,942,199,743
144,347,424,27,0.8421052631578947,0.5499351491569391,0.29327902240325865,0.9401330376940134,0.6960202061574169,0.4350453172205438,0.6029723991507431,942,171,771
142,340,429,31,0.8208092485549133,0.5578673602080624,0.2946058091286307,0.9326086956521739,0.6893383043814878,0.43358778625954203,0.6061571125265393,942,173,769
144,343,426,29,0.8323699421965318,0.5539661898569571,0.29568788501026694,0.9362637362637363,0.6931680660267445,0.4363636363636364,0.6050955414012739,942,173,769
154,349,409,30,0.8369565217391305,0.5395778364116095,0.3061630218687873,0.9316628701594533,0.68826717907537,0.4483260553129549,0.5976645435244161,942,184,758
139,356,407,40,0.776536312849162,0.5334207077326344,0.2808080808080808,0.9105145413870246,0.6549785102908983,0.4124629080118694,0.5796178343949044,942,179,763
152,358,398,34,0.8172043010752689,0.5264550264550265,0.2980392156862745,0.9212962962962963,0.6718296637651477,0.4367816091954023,0.583864118895966,942,186,756
119,367,425,31,0.7933333333333333,0.5366161616161617,0.2448559670781893,0.9320175438596491,0.6649747474747475,0.3742138364779874,0.5774946921443737,942,150,792
138,372,403,29,0.8263473053892215,0.52,0.27058823529411763,0.9328703703703703,0.6731736526946108,0.40768094534711957,0.5743099787685775,942,167,775
127,372,410,33,0.79375,0.5242966751918159,0.2545090180360721,0.9255079006772009,0.6590233375959079,0.38543247344461307,0.5700636942675159,942,160,782
150,357,394,41,0.7853403141361257,0.5246338215712384,0.2958579881656805,0.9057471264367816,0.654987067853682,0.42979942693409745,0.5774946921443737,942,191,751
150,371,389,32,0.8241758241758241,0.5118421052631579,0.28790786948176583,0.9239904988123515,0.668008964719491,0.4267425320056899,0.5721868365180467,942,182,760
125,351,427,39,0.7621951219512195,0.5488431876606684,0.26260504201680673,0.9163090128755365,0.655519154805944,0.390625,0.5859872611464968,942,164,778
175,339,391,37,0.8254716981132075,0.5356164383561643,0.3404669260700389,0.9135514018691588,0.6805440682346859,0.4820936639118457,0.6008492569002123,942,212,730
148,347,412,35,0.8087431693989071,0.5428194993412385,0.298989898989899,0.9217002237136466,0.6757813343700728,0.4365781710914454,0.5944798301486199,942,183,759
138,342,421,41,0.770949720670391,0.5517693315858454,0.2875,0.9112554112554112,0.6613595261281182,0.41881638846737484,0.5934182590233545,942,179,763
136,400,382,24,0.85,0.4884910485933504,0.2537313432835821,0.9408866995073891,0.6692455242966752,0.39080459770114945,0.5498938428874734,942,160,782
156,344,405,37,0.8082901554404145,0.540720961281709,0.312,0.916289592760181,0.6745055583610617,0.4502164502164502,0.5955414012738853,942,193,749
150,368,394,30,0.8333333333333334,0.5170603674540682,0.28957528957528955,0.9292452830188679,0.6751968503937008,0.4297994269340974,0.5774946921443737,942,180,762
154,329,430,29,0.8415300546448088,0.5665349143610013,0.3188405797101449,0.9368191721132898,0.7040324845029051,0.46246246246246236,0.6199575371549894,942,183,759
144,358,404,36,0.8,0.5301837270341208,0.2868525896414343,0.9181818181818182,0.6650918635170604,0.4222873900293256,0.5817409766454352,942,180,762
137,330,446,29,0.8253012048192772,0.5747422680412371,0.29336188436830835,0.9389473684210526,0.7000217364302571,0.43285939968404424,0.618895966029724,942,166,776
141,371,399,31,0.8197674418604651,0.5181818181818182,0.275390625,0.9279069767441861,0.6689746300211417,0.41228070175438597,0.5732484076433121,942,172,770
161,343,400,38,0.8090452261306532,0.5383580080753702,0.3194444444444444,0.91324200913242,0.6737016171030117,0.4580369843527738,0.5955414012738853,942,199,743
140,388,388,26,0.8433734939759037,0.5,0.26515151515151514,0.9371980676328503,0.6716867469879518,0.4034582132564841,0.5605095541401274,942,166,776
143,357,409,33,0.8125,0.5339425587467362,0.286,0.9253393665158371,0.6732212793733681,0.423076923076923,0.5859872611464968,942,176,766
137,335,428,42,0.7653631284916201,0.5609436435124509,0.2902542372881356,0.9106382978723404,0.6631533860020355,0.4208909370199693,0.5997876857749469,942,179,763
133,365,407,37,0.7823529411764706,0.5272020725388601,0.26706827309236947,0.9166666666666666,0.6547775068576653,0.39820359281437123,0.5732484076433121,942,170,772
129,371,413,29,0.8164556962025317,0.5267857142857143,0.258,0.9343891402714932,0.671620705244123,0.39209726443769005,0.5753715498938429,942,158,784
144,359,401,38,0.7912087912087912,0.5276315789473685,0.28628230616302186,0.9134396355353075,0.6594201850780799,0.42043795620437957,0.578556263269639,942,182,760
163,351,392,36,0.8190954773869347,0.5275908479138627,0.31712062256809337,0.9158878504672897,0.6733431626503987,0.4572230014025246,0.589171974522293,942,199,743
149,344,417,32,0.8232044198895028,0.5479632063074902,0.3022312373225152,0.9287305122494433,0.6855838130984965,0.4421364985163204,0.6008492569002123,942,181,761
164,363,389,26,0.8631578947368421,0.5172872340425532,0.3111954459203036,0.9373493975903614,0.6902225643896976,0.4574616457461646,0.5870488322717622,942,190,752
145,371,384,42,0.7754010695187166,0.5086092715231788,0.2810077519379845,0.9014084507042254,0.6420051705209477,0.41251778093883357,0.5615711252653928,942,187,755
134,373,393,42,0.7613636363636364,0.5130548302872062,0.26429980276134124,0.903448275862069,0.6372092333254213,0.39238653001464135,0.559447983014862,942,176,766
139,370,400,33,0.8081395348837209,0.5194805194805194,0.2730844793713163,0.9237875288683602,0.6638100271821201,0.408223201174743,0.5721868365180467,942,172,770
141,372,395,34,0.8057142857142857,0.5149934810951761,0.27485380116959063,0.9207459207459208,0.6603538834047309,0.40988372093023256,0.5690021231422505,942,175,767
124,356,426,36,0.775,0.5447570332480819,0.25833333333333336,0.922077922077922,0.659878516624041,0.3875,0.583864118895966,942,160,782
129,355,430,28,0.821656050955414,0.5477707006369427,0.2665289256198347,0.9388646288209607,0.6847133757961783,0.40249609984399376,0.5934182590233545,942,157,785
168,342,407,25,0.8704663212435233,0.5433911882510013,0.32941176470588235,0.9421296296296297,0.7069287547472622,0.4779516358463727,0.6104033970276008,942,193,749
135,363,410,34,0.7988165680473372,0.5304010349288486,0.2710843373493976,0.9234234234234234,0.6646088014880929,0.4047976011994003,0.578556263269639,942,169,773
136,354,422,30,0.8192771084337349,0.5438144329896907,0.27755102040816326,0.9336283185840708,0.6815457707117127,0.4146341463414634,0.5923566878980892,942,166,776
132,377,412,21,0.8627450980392157,0.5221799746514575,0.2593320235756385,0.9515011547344111,0.6924625363453366,0.3987915407854985,0.5774946921443737,942,153,789
128,368,415,31,0.8050314465408805,0.5300127713920817,0.25806451612903225,0.9304932735426009,0.6675221089664811,0.39083969465648855,0.5764331210191083,942,159,783
144,364,398,36,0.8,0.5223097112860893,0.28346456692913385,0.9170506912442397,0.6611548556430447,0.4186046511627907,0.5753715498938429,942,180,762
157,365,392,28,0.8486486486486486,0.5178335535006605,0.3007662835249042,0.9333333333333333,0.6832411010746546,0.4441301272984441,0.5828025477707006,942,185,757
152,353,398,39,0.7958115183246073,0.5299600532623169,0.300990099009901,0.9107551487414187,0.662885785793462,0.43678160919540227,0.583864118895966,942,191,751
134,361,421,26,0.8375,0.5383631713554987,0.27070707070707073,0.941834451901566,0.6879315856777494,0.40916030534351144,0.589171974522293,942,160,782
134,342,421,45,0.7486033519553073,0.5517693315858454,0.2815126050420168,0.9034334763948498,0.6501863417705763,0.4091603053435115,0.589171974522293,942,179,763
133,354,423,32,0.806060606060606,0.5444015444015444,0.2731006160164271,0.9296703296703297,0.6752310752310753,0.40797546012269936,0.5902335456475584,942,165,777
168,347,387,40,0.8076923076923077,0.5272479564032697,0.3262135922330097,0.9063231850117096,0.6674701320477887,0.46473029045643155,0.589171974522293,942,208,734
163,343,402,34,0.8274111675126904,0.5395973154362416,0.3221343873517787,0.9220183486238532,0.683504241474466,0.4637268847795164,0.5997876857749469,942,197,745
143,363,402,34,0.807909604519774,0.5254901960784314,0.2826086956521739,0.9220183486238532,0.6666999002991028,0.4187408491947291,0.578556263269639,942,177,765
144,350,421,27,0.8421052631578947,0.5460440985732814,0.291497975708502,0.9397321428571429,0.694074680865588,0.43308270676691724,0.5997876857749469,942,171,771
134,365,398,45,0.7486033519553073,0.5216251638269986,0.2685370741482966,0.8984198645598194,0.635114257891153,0.39528023598820056,0.564755838641189,942,179,763
132,353,421,36,0.7857142857142857,0.5439276485788114,0.2721649484536082,0.9212253829321663,0.6648209671465486,0.4042879019908116,0.5870488322717622,942,168,774
150,347,406,39,0.7936507936507936,0.5391766268260292,0.30181086519114686,0.9123595505617977,0.6664137102384113,0.43731778425655976,0.5902335456475584,942,189,753
134,378,399,31,0.8121212121212121,0.5135135135135135,0.26171875,0.9279069767441861,0.6628173628173628,0.395864106351551,0.5658174097664543,942,165,777
137,354,427,24,0.8509316770186336,0.5467349551856594,0.2790224032586558,0.9467849223946785,0.6988333161021465,0.42024539877300615,0.5987261146496815,942,161,781
146,338,429,29,0.8342857142857143,0.559322033898305,0.30165289256198347,0.9366812227074236,0.6968038740920097,0.44309559939301973,0.6104033970276008,942,175,767
134,351,432,25,0.8427672955974843,0.5517241379310345,0.27628865979381445,0.9452954048140044,0.6972457167642594,0.4161490683229814,0.6008492569002123,942,159,783
140,337,417,48,0.7446808510638298,0.553050397877984,0.29350104821802936,0.896774193548387,0.6488656244709069,0.4210526315789474,0.5912951167728238,942,188,754
139,387,376,40,0.776536312849162,0.4927916120576671,0.26425855513307983,0.9038461538461539,0.6346639624534145,0.39432624113475173,0.5467091295116773,942,179,763
150,345,419,28,0.8426966292134831,0.5484293193717278,0.30303030303030304,0.9373601789709173,0.6955629742926055,0.44576523031203563,0.6040339702760085,942,178,764
143,364,400,35,0.8033707865168539,0.5235602094240838,0.28205128205128205,0.9195402298850575,0.6634654979704688,0.4175182481751825,0.5764331210191083,942,178,764
130,358,416,38,0.7738095238095238,0.537467700258398,0.26639344262295084,0.9162995594713657,0.6556386120339609,0.3963414634146341,0.5796178343949044,942,168,774
141,381,380,40,0.7790055248618785,0.49934296977660975,0.27011494252873564,0.9047619047619048,0.6391742473192441,0.4011379800853485,0.5530785562632696,942,181,761
140,369,401,32,0.813953488372093,0.5207792207792208,0.275049115913556,0.9260969976905312,0.667366354575657,0.4111600587371513,0.5743099787685775,942,172,770
153,336,418,35,0.8138297872340425,0.5543766578249337,0.3128834355828221,0.9227373068432672,0.6841032225294881,0.4519940915805023,0.6061571125265393,942,188,754
145,361,396,40,0.7837837837837838,0.523117569352708,0.2865612648221344,0.908256880733945,0.653450676568246,0.4196816208393633,0.5743099787685775,942,185,757
151,340,415,36,0.8074866310160428,0.5496688741721855,0.3075356415478615,0.9201773835920177,0.6785777525941141,0.44542772861356933,0.6008492569002123,942,187,755
146,344,422,30,0.8295454545454546,0.5509138381201044,0.2979591836734694,0.9336283185840708,0.6902296463327795,0.4384384384384385,0.6029723991507431,942,176,766
147,366,400,29,0.8352272727272727,0.5221932114882507,0.28654970760233917,0.9324009324009324,0.6787102421077618,0.4267053701015965,0.5806794055201698,942,176,766
141,360,420,21,0.8703703703703703,0.5384615384615384,0.281437125748503,0.9523809523809523,0.7044159544159544,0.4253393665158371,0.5955414012738853,942,162,780
141,358,404,39,0.7833333333333333,0.5301837270341208,0.28256513026052105,0.9119638826185101,0.6567585301837271,0.4153166421207658,0.578556263269639,942,180,762
141,343,423,35,0.8011363636363636,0.5522193211488251,0.29132231404958675,0.9235807860262009,0.6766778423925943,0.42727272727272725,0.5987261146496815,942,176,766
155,354,392,41,0.7908163265306123,0.5254691689008043,0.3045186640471513,0.9053117782909931,0.6581427477157082,0.4397163120567376,0.5806794055201698,942,196,746
131,386,394,31,0.808641975308642,0.5051282051282051,0.25338491295938104,0.9270588235294117,0.6568850902184236,0.3858615611192931,0.5573248407643312,942,162,780
141,370,393,38,0.7877094972067039,0.5150720838794234,0.2759295499021526,0.9118329466357309,0.6513907905430636,0.40869565217391296,0.5668789808917197,942,179,763
164,345,396,37,0.8159203980099502,0.5344129554655871,0.32220039292730845,0.9145496535796767,0.6751666767377686,0.4619718309859155,0.5944798301486199,942,201,741
150,345,413,34,0.8152173913043478,0.5448548812664907,0.30303030303030304,0.9239373601789709,0.6800361362854193,0.4418262150220913,0.5976645435244161,942,184,758
152,347,415,28,0.8444444444444444,0.5446194225721784,0.3046092184368738,0.9367945823927766,0.6945319335083114,0.4477172312223859,0.6019108280254777,942,180,762
143,378,390,31,0.8218390804597702,0.5078125,0.2744721689059501,0.9263657957244655,0.6648257902298851,0.41151079136690644,0.5658174097664543,942,174,768
151,365,391,35,0.8118279569892473,0.5171957671957672,0.2926356589147287,0.9178403755868545,0.6645118620925072,0.4301994301994302,0.5753715498938429,942,186,756
137,359,404,42,0.7653631284916201,0.5294888597640891,0.2762096774193548,0.905829596412556,0.6474259941278546,0.4059259259259259,0.5743099787685775,942,179,763
134,354,412,42,0.7613636363636364,0.5378590078328982,0.27459016393442626,0.9074889867841409,0.6496113220982673,0.4036144578313253,0.5796178343949044,942,176,766
160,338,407,37,0.8121827411167513,0.5463087248322148,0.321285140562249,0.9166666666666666,0.679245732974483,0.460431654676259,0.6019108280254777,942,197,745
141,355,421,25,0.8493975903614458,0.5425257731958762,0.2842741935483871,0.9439461883408071,0.695961681778661,0.4259818731117825,0.5966029723991507,942,166,776
134,367,407,34,0.7976190476190477,0.5258397932816538,0.26746506986027946,0.9229024943310657,0.6617294204503508,0.4005979073243648,0.5743099787685775,942,168,774
132,341,422,47,0.7374301675977654,0.5530799475753604,0.27906976744186046,0.8997867803837953,0.6452550575865629,0.4049079754601227,0.5881104033970276,942,179,763
148,357,408,29,0.8361581920903954,0.5333333333333333,0.29306930693069305,0.9336384439359268,0.6847457627118644,0.4340175953079179,0.5902335456475584,942,177,765
162,352,394,34,0.826530612244898,0.5281501340482574,0.3151750972762646,0.9205607476635514,0.6773403731465777,0.4563380281690141,0.5902335456475584,942,196,746
151,333,417,41,0.7864583333333334,0.556,0.3119834710743802,0.9104803493449781,0.6712291666666668,0.4467455621301775,0.6029723991507431,942,192,750
130,376,414,22,0.8552631578947368,0.5240506329113924,0.25691699604743085,0.9495412844036697,0.6896568954030646,0.3951367781155016,0.5774946921443737,942,152,790
145,361,407,29,0.8333333333333334,0.5299479166666666,0.2865612648221344,0.9334862385321101,0.681640625,0.42647058823529416,0.5859872611464968,942,174,768
133,375,396,38,0.7777777777777778,0.5136186770428015,0.2618110236220472,0.9124423963133641,0.6456982274102896,0.3917525773195877,0.5615711252653928,942,171,771
154,369,389,30,0.8369565217391305,0.5131926121372031,0.2944550669216061,0.9284009546539379,0.6750745669381668,0.4356435643564357,0.5764331210191083,942,184,758
145,367,395,35,0.8055555555555556,0.5183727034120735,0.283203125,0.9186046511627907,0.6619641294838146,0.4190751445086705,0.5732484076433121,942,180,762
160,357,401,24,0.8695652173913043,0.5290237467018469,0.30947775628626695,0.9435294117647058,0.6992944820465756,0.45649072753209696,0.5955414012738853,942,184,758
139,371,390,42,0.7679558011049724,0.5124835742444153,0.2725490196078431,0.9027777777777778,0.6402196876746938,0.4023154848046309,0.5615711252653928,942,181,761
138,356,413,35,0.7976878612716763,0.5370611183355006,0.2793522267206478,0.921875,0.6673744898035885,0.4137931034482759,0.5849256900212314,942,173,769
155,335,422,30,0.8378378378378378,0.5574636723910171,0.3163265306122449,0.9336283185840708,0.6976507551144275,0.4592592592592593,0.6125265392781316,942,185,757
148,384,376,34,0.8131868131868132,0.49473684210526314,0.2781954887218045,0.9170731707317074,0.6539618276460382,0.4145658263305322,0.5562632696390658,942,182,760
152,358,405,27,0.8491620111731844,0.5307994757536042,0.2980392156862745,0.9375,0.6899807434633942,0.4412191582002903,0.5912951167728238,942,179,763
150,349,406,37,0.8021390374331551,0.5377483443708609,0.30060120240480964,0.9164785553047404,0.669943690902008,0.4373177842565598,0.5902335456475584,942,187,755
142,360,398,42,0.7717391304347826,0.525065963060686,0.28286852589641437,0.9045454545454545,0.6484025467477343,0.41399416909620995,0.5732484076433121,942,184,758
153,368,388,33,0.8225806451612904,0.5132275132275133,0.29366602687140114,0.9216152019002375,0.6679040791944018,0.4328147100424328,0.5743099787685775,942,186,756
150,357,401,34,0.8152173913043478,0.5290237467018469,0.2958579881656805,0.9218390804597701,0.6721205690030974,0.4341534008683068,0.5849256900212314,942,184,758
143,348,424,27,0.8411764705882353,0.5492227979274611,0.29124236252545826,0.9401330376940134,0.6951996342578481,0.43267776096823,0.6019108280254777,942,170,772
160,344,409,29,0.8465608465608465,0.5431606905710491,0.31746031746031744,0.9337899543378996,0.6948607685659478,0.4617604617604617,0.6040339702760085,942,189,753
139,366,402,35,0.7988505747126436,0.5234375,0.27524752475247527,0.919908466819222,0.6611440373563218,0.40942562592047127,0.5743099787685775,942,174,768
148,353,407,34,0.8131868131868132,0.5355263157894737,0.2954091816367265,0.9229024943310657,0.6743565644881435,0.43338213762811123,0.589171974522293,942,182,760
138,348,414,42,0.7666666666666667,0.5433070866141733,0.2839506172839506,0.9078947368421053,0.65498687664042,0.4144144144144144,0.5859872611464968,942,180,762
140,345,427,30,0.8235294117647058,0.5531088082901554,0.28865979381443296,0.9343544857768052,0.6883191100274306,0.4274809160305343,0.6019108280254777,942,170,772
127,339,439,37,0.774390243902439,0.5642673521850899,0.27253218884120173,0.9222689075630253,0.6693287980437646,0.4031746031746032,0.6008492569002123,942,164,778
147,368,390,37,0.7989130434782609,0.5145118733509235,0.2854368932038835,0.9133489461358314,0.6567124584145922,0.4206008583690988,0.5700636942675159,942,184,758
138,344,424,36,0.7931034482758621,0.5520833333333334,0.2863070539419087,0.9217391304347826,0.6725933908045978,0.4207317073170732,0.5966029723991507,942,174,768
163,327,418,34,0.8274111675126904,0.5610738255033557,0.3326530612244898,0.9247787610619469,0.694242496508023,0.47452692867540036,0.6167728237791932,942,197,745
115,356,441,30,0.7931034482758621,0.5533249686323714,0.24416135881104034,0.9363057324840764,0.6732142084541167,0.3733766233766234,0.5902335456475584,942,145,797
144,371,388,39,0.7868852459016393,0.5111989459815547,0.2796116504854369,0.9086651053864169,0.649042095941597,0.41260744985673353,0.564755838641189,942,183,759
145,353,401,43,0.7712765957446809,0.5318302387267905,0.29116465863453816,0.9031531531531531,0.6515534172357357,0.42274052478134116,0.5796178343949044,942,188,754
129,350,426,37,0.7771084337349398,0.5489690721649485,0.26931106471816285,0.9200863930885529,0.6630387529499442,0.4,0.589171974522293,942,166,776
169,362,386,25,0.8711340206185567,0.516042780748663,0.3182674199623352,0.9391727493917275,0.6935884006836099,0.46620689655172415,0.589171974522293,942,194,748
121,365,408,48,0.7159763313609467,0.5278137128072445,0.24897119341563786,0.8947368421052632,0.6218950220840956,0.36946564885496186,0.5615711252653928,942,169,773
141,359,414,28,0.834319526627219,0.535575679172057,0.282,0.9366515837104072,0.684947602899638,0.42152466367713,0.589171974522293,942,169,773
146,353,411,32,0.8202247191011236,0.5379581151832461,0.2925851703406814,0.927765237020316,0.6790914171421849,0.43131462333825704,0.5912951167728238,942,178,764
161,346,408,27,0.8563829787234043,0.5411140583554377,0.3175542406311637,0.9379310344827586,0.698748518539421,0.46330935251798555,0.6040339702760085,942,188,754
132,352,419,39,0.7719298245614035,0.543450064850843,0.2727272727272727,0.9148471615720524,0.6576899447061233,0.40305343511450376,0.5849256900212314,942,171,771
141,377,395,29,0.8294117647058824,0.5116580310880829,0.2722007722007722,0.9316037735849056,0.6705348978969827,0.4098837209302326,0.5690021231422505,942,170,772
124,366,418,34,0.7848101265822784,0.5331632653061225,0.2530612244897959,0.9247787610619469,0.6589866959442005,0.38271604938271603,0.5753715498938429,942,158,784
156,337,422,27,0.8524590163934426,0.5559947299077734,0.31643002028397565,0.9398663697104677,0.7042268731506081,0.4615384615384615,0.613588110403397,942,183,759
157,347,402,36,0.8134715025906736,0.5367156208277704,0.3115079365079365,0.9178082191780822,0.675093561709222,0.45050215208034433,0.5934182590233545,942,193,749
155,333,423,31,0.8333333333333334,0.5595238095238095,0.3176229508196721,0.9317180616740088,0.6964285714285714,0.4599406528189911,0.613588110403397,942,186,756
172,345,386,39,0.8151658767772512,0.5280437756497948,0.33268858800773693,0.908235294117647,0.671604826213523,0.4725274725274725,0.5923566878980892,942,211,731
151,331,418,42,0.7823834196891192,0.5580774365821095,0.3132780082987552,0.908695652173913,0.6702304281356144,0.4474074074074075,0.6040339702760085,942,193,749
149,360,411,22,0.8713450292397661,0.5330739299610895,0.29273084479371314,0.9491916859122402,0.7022094796004278,0.438235294117647,0.5944798301486199,942,171,771
145,350,418,29,0.8333333333333334,0.5442708333333334,0.29292929292929293,0.9351230425055929,0.6888020833333334,0.4334828101644245,0.5976645435244161,942,174,768
135,374,395,38,0.7803468208092486,0.5136540962288687,0.26522593320235754,0.9122401847575058,0.6470004585190586,0.3958944281524927,0.5626326963906582,942,173,769
140,347,416,39,0.7821229050279329,0.54521625163827,0.2874743326488706,0.9142857142857143,0.6636695783331015,0.4204204204204204,0.5902335456475584,942,179,763
150,352,408,32,0.8241758241758241,0.5368421052631579,0.29880478087649404,0.9272727272727272,0.6805089647194911,0.4385964912280702,0.5923566878980892,942,182,760
146,347,419,30,0.8295454545454546,0.5469973890339426,0.2961460446247465,0.933184855233853,0.6882714217896986,0.43647234678624824,0.5997876857749469,942,176,766
139,367,392,44,0.7595628415300546,0.5164690382081687,0.274703557312253,0.8990825688073395,0.6380159398691116,0.4034833091436866,0.5636942675159236,942,183,759
138,368,406,30,0.8214285714285714,0.524547803617571,0.2727272727272727,0.9311926605504587,0.6729881875230712,0.40949554896142426,0.5774946921443737,942,168,774
144,338,432,28,0.8372093023255814,0.561038961038961,0.2987551867219917,0.9391304347826087,0.6991241316822712,0.44036697247706424,0.6114649681528662,942,172,770
131,353,422,36,0.7844311377245509,0.5445161290322581,0.2706611570247934,0.9213973799126638,0.6644736333784045,0.402457757296467,0.5870488322717622,942,167,775
141,376,387,38,0.7877094972067039,0.5072083879423329,0.2727272727272727,0.9105882352941177,0.6474589425745184,0.4051724137931034,0.5605095541401274,942,179,763
155,336,419,32,0.8288770053475936,0.5549668874172186,0.31568228105906315,0.9290465631929047,0.691921946382406,0.45722713864306785,0.6093418259023354,942,187,755
155,356,407,24,0.8659217877094972,0.5334207077326344,0.30332681017612523,0.9443155452436195,0.6996712477210658,0.4492753623188406,0.5966029723991507,942,179,763
129,364,412,37,0.7771084337349398,0.5309278350515464,0.2616632860040568,0.9175946547884187,0.6540181343932431,0.39150227617602434,0.5743099787685775,942,166,776
144,367,399,32,0.8181818181818182,0.52088772845953,0.28180039138943247,0.925754060324826,0.6695347733206741,0.41921397379912656,0.5764331210191083,942,176,766
149,368,383,42,0.7801047120418848,0.5099866844207723,0.28820116054158607,0.9011764705882352,0.6450456982313286,0.4209039548022599,0.564755838641189,942,191,751
147,370,392,33,0.8166666666666667,0.5144356955380578,0.28433268858800775,0.9223529411764706,0.6655511811023622,0.4218077474892396,0.5721868365180467,942,180,762
137,346,413,46,0.7486338797814208,0.544137022397892,0.2836438923395445,0.8997821350762527,0.6463854510896564,0.41141141141141147,0.583864118895966,942,183,759
158,331,421,32,0.8315789473684211,0.5598404255319149,0.3231083844580777,0.9293598233995585,0.695709686450168,0.4653902798232695,0.6146496815286624,942,190,752
134,363,415,30,0.8170731707317073,0.5334190231362468,0.26961770623742454,0.9325842696629213,0.6752460969339771,0.4054462934947049,0.5828025477707006,942,164,778
148,370,396,28,0.8409090909090909,0.5169712793733682,0.2857142857142857,0.9339622641509434,0.6789401851412296,0.4265129682997118,0.5774946921443737,942,176,766
151,347,410,34,0.8162162162162162,0.5416116248348745,0.3032128514056225,0.9234234234234234,0.6789139205255453,0.44216691068814057,0.5955414012738853,942,185,757
136,352,426,28,0.8292682926829268,0.5475578406169666,0.2786885245901639,0.9383259911894273,0.6884130666499466,0.4171779141104294,0.5966029723991507,942,164,778
142,357,418,25,0.8502994011976048,0.5393548387096774,0.2845691382765531,0.9435665914221218,0.6948271199536411,0.4264264264264264,0.5944798301486199,942,167,775
167,330,407,38,0.8146341463414634,0.5522388059701493,0.33601609657947684,0.9146067415730337,0.6834364761558063,0.4757834757834758,0.6093418259023354,942,205,737
146,338,413,45,0.7643979057591623,0.5499334221038615,0.30165289256198347,0.9017467248908297,0.657165663931512,0.4325925925925926,0.5934182590233545,942,191,751
147,357,403,35,0.8076923076923077,0.5302631578947369,0.2916666666666667,0.9200913242009132,0.6689777327935222,0.4285714285714286,0.583864118895966,942,182,760
141,380,388,33,0.8103448275862069,0.5052083333333334,0.2706333973128599,0.9216152019002375,0.6577765804597702,0.40575539568345326,0.5615711252653928,942,174,768
141,381,380,40,0.7790055248618785,0.49934296977660975,0.27011494252873564,0.9047619047619048,0.6391742473192441,0.4011379800853485,0.5530785562632696,942,181,761
130,370,408,34,0.7926829268292683,0.5244215938303342,0.26,0.9230769230769231,0.6585522603298013,0.391566265060241,0.5711252653927813,942,164,778
134,353,410,45,0.7486033519553073,0.5373525557011796,0.2751540041067762,0.9010989010989011,0.6429779538282434,0.40240240240240244,0.5774946921443737,942,179,763
148,338,419,37,0.8,0.5535006605019815,0.3045267489711934,0.918859649122807,0.6767503302509907,0.44113263785394935,0.6019108280254777,942,185,757
142,367,396,37,0.7932960893854749,0.5190039318479686,0.27897838899803534,0.9145496535796767,0.6561500106167217,0.41279069767441856,0.5711252653927813,942,179,763
154,337,426,25,0.8603351955307262,0.5583224115334207,0.3136456211812627,0.9445676274944568,0.7093288035320735,0.45970149253731346,0.6157112526539278,942,179,763
150,324,431,37,0.8021390374331551,0.5708609271523178,0.31645569620253167,0.9209401709401709,0.6864999822927365,0.4538577912254161,0.6167728237791932,942,187,755
134,380,399,29,0.8220858895705522,0.5121951219512195,0.2607003891050584,0.9322429906542056,0.6671405057608859,0.39586410635155095,0.5658174097664543,942,163,779
140,328,446,28,0.8333333333333334,0.5762273901808785,0.29914529914529914,0.9409282700421941,0.704780361757106,0.44025157232704404,0.6220806794055201,942,168,774
159,336,412,35,0.8195876288659794,0.5508021390374331,0.3212121212121212,0.9217002237136466,0.6851948839517062,0.4615384615384615,0.6061571125265393,942,194,748
146,344,415,37,0.7978142076502732,0.546772068511199,0.2979591836734694,0.918141592920354,0.6722931380807361,0.4338781575037147,0.5955414012738853,942,183,759
137,381,392,32,0.8106508875739645,0.5071151358344114,0.2644787644787645,0.9245283018867925,0.658883011704188,0.39883551673944684,0.5615711252653928,942,169,773
144,360,411,27,0.8421052631578947,0.5330739299610895,0.2857142857142857,0.9383561643835616,0.687589596559492,0.4266666666666667,0.589171974522293,942,171,771
128,357,421,36,0.7804878048780488,0.5411311053984575,0.2639175257731959,0.9212253829321663,0.6608094551382532,0.39445300462249616,0.5828025477707006,942,164,778
142,357,408,35,0.8022598870056498,0.5333333333333333,0.2845691382765531,0.9209932279909706,0.6677966101694915,0.4201183431952663,0.583864118895966,942,177,765
137,361,408,36,0.791907514450867,0.5305591677503251,0.2751004016064257,0.918918918918919,0.6612333411005961,0.4083457526080477,0.578556263269639,942,173,769
143,352,413,34,0.807909604519774,0.5398692810457516,0.28888888888888886,0.9239373601789709,0.6738894427827629,0.425595238095238,0.5902335456475584,942,177,765
126,371,409,36,0.7777777777777778,0.5243589743589744,0.2535211267605634,0.9191011235955057,0.6510683760683761,0.3823975720789074,0.5679405520169851,942,162,780
150,355,403,34,0.8152173913043478,0.5316622691292876,0.297029702970297,0.9221967963386728,0.6734398302168176,0.4354136429608128,0.5870488322717622,942,184,758
141,361,409,31,0.8197674418604651,0.5311688311688312,0.28087649402390436,0.9295454545454546,0.6754681365146482,0.41839762611275966,0.583864118895966,942,172,770
137,362,410,33,0.8058823529411765,0.5310880829015544,0.2745490981963928,0.9255079006772009,0.6684852179213654,0.4095665171898356,0.5806794055201698,942,170,772
128,367,413,34,0.7901234567901234,0.5294871794871795,0.2585858585858586,0.9239373601789709,0.6598053181386514,0.3896499238964993,0.5743099787685775,942,162,780
137,350,423,32,0.8106508875739645,0.5472186287192755,0.2813141683778234,0.9296703296703297,0.6789347581466201,0.41768292682926833,0.5944798301486199,942,169,773
126,352,428,36,0.7777777777777778,0.5487179487179488,0.26359832635983266,0.9224137931034483,0.6632478632478633,0.39375000000000004,0.5881104033970276,942,162,780
139,359,412,32,0.8128654970760234,0.5343709468223087,0.2791164658634538,0.9279279279279279,0.673618221949166,0.4155455904334828,0.5849256900212314,942,171,771
154,335,422,31,0.8324324324324325,0.5574636723910171,0.3149284253578732,0.9315673289183223,0.6949480524117249,0.45697329376854595,0.6114649681528662,942,185,757
134,346,435,27,0.8322981366459627,0.5569782330345711,0.2791666666666667,0.9415584415584416,0.694638184840267,0.41809672386895474,0.6040339702760085,942,161,781
133,354,427,28,0.8260869565217391,0.5467349551856594,0.2731006160164271,0.9384615384615385,0.6864109558536993,0.4104938271604938,0.5944798301486199,942,161,781
151,366,399,26,0.8531073446327684,0.5215686274509804,0.29206963249516443,0.9388235294117647,0.6873379860418745,0.4351585014409222,0.583864118895966,942,177,765
131,385,396,30,0.8136645962732919,0.5070422535211268,0.25387596899224807,0.9295774647887324,0.6603534248972094,0.3870014771048745,0.559447983014862,942,161,781
128,361,424,29,0.8152866242038217,0.5401273885350318,0.261758691206544,0.9359823399558499,0.6777070063694268,0.39628482972136225,0.5859872611464968,942,157,785
133,363,412,34,0.7964071856287425,0.5316129032258065,0.26814516129032256,0.9237668161434978,0.6640100444272745,0.40120663650075417,0.578556263269639,942,167,775
129,353,421,39,0.7678571428571429,0.5439276485788114,0.2676348547717842,0.9152173913043479,0.6558923957179772,0.39692307692307693,0.583864118895966,942,168,774
129,373,397,43,0.75,0.5155844155844156,0.25697211155378485,0.9022727272727272,0.6327922077922078,0.3827893175074184,0.5583864118895966,942,172,770
157,383,370,32,0.8306878306878307,0.4913678618857902,0.29074074074074074,0.9203980099502488,0.6610278462868104,0.4307270233196159,0.559447983014862,942,189,753
150,352,400,40,0.7894736842105263,0.5319148936170213,0.29880478087649404,0.9090909090909091,0.6606942889137738,0.43352601156069365,0.583864118895966,942,190,752
158,324,428,32,0.8315789473684211,0.5691489361702128,0.3278008298755187,0.9304347826086956,0.7003639417693169,0.4702380952380953,0.6220806794055201,942,190,752
169,365,388,20,0.8941798941798942,0.5152722443559097,0.31647940074906367,0.9509803921568627,0.7047260692679019,0.4674965421853388,0.5912951167728238,942,189,753
142,357,409,34,0.8068181818181818,0.5339425587467362,0.2845691382765531,0.9232505643340858,0.670380370282459,0.42074074074074075,0.5849256900212314,942,176,766
145,343,426,28,0.838150289017341,0.5539661898569571,0.29713114754098363,0.9383259911894273,0.6960582394371491,0.4387291981845689,0.6061571125265393,942,173,769
139,362,405,36,0.7942857142857143,0.5280312907431551,0.2774451097804391,0.9183673469387755,0.6611585025144346,0.4112426035502959,0.5774946921443737,942,175,767
139,332,434,37,0.7897727272727273,0.566579634464752,0.2951167728237792,0.921443736730361,0.6781761808687397,0.42967542503863987,0.60828025477707,942,176,766
145,376,391,30,0.8285714285714286,0.5097783572359843,0.2783109404990403,0.9287410926365796,0.6691748929037065,0.4166666666666667,0.5690021231422505,942,175,767
147,333,426,36,0.8032786885245902,0.5612648221343873,0.30625,0.922077922077922,0.6822717553294888,0.4434389140271493,0.60828025477707,942,183,759
137,360,408,37,0.7873563218390804,0.53125,0.27565392354124746,0.9168539325842696,0.6593031609195402,0.4083457526080477,0.578556263269639,942,174,768
135,371,405,31,0.8132530120481928,0.5219072164948454,0.26679841897233203,0.9288990825688074,0.6675801142715191,0.40178571428571436,0.5732484076433121,942,166,776
145,372,394,31,0.8238636363636364,0.5143603133159269,0.2804642166344294,0.9270588235294117,0.6691119748397816,0.41847041847041844,0.5721868365180467,942,176,766
152,366,387,37,0.8042328042328042,0.5139442231075697,0.29343629343629346,0.9127358490566038,0.659088513670187,0.42998585572842996,0.5721868365180467,942,189,753
147,347,419,29,0.8352272727272727,0.5469973890339426,0.2975708502024291,0.9352678571428571,0.6911123308806076,0.43880597014925377,0.6008492569002123,942,176,766
166,350,399,27,0.8601036269430051,0.5327102803738317,0.32170542635658916,0.9366197183098591,0.6964069536584184,0.468265162200282,0.5997876857749469,942,193,749
127,366,412,37,0.774390243902439,0.5295629820051414,0.25760649087221094,0.9175946547884187,0.6519766129537903,0.3866057838660578,0.5721868365180467,942,164,778
158,331,418,35,0.8186528497409327,0.5580774365821095,0.3231083844580777,0.9227373068432672,0.6883651431615211,0.46334310850439886,0.6114649681528662,942,193,749
139,352,415,36,0.7942857142857143,0.5410691003911343,0.2830957230142566,0.9201773835920177,0.6676774073384243,0.41741741741741745,0.5881104033970276,942,175,767
146,359,401,36,0.8021978021978022,0.5276315789473685,0.2891089108910891,0.9176201372997712,0.6649146905725853,0.42503639010189226,0.5806794055201698,942,182,760
151,333,423,35,0.8118279569892473,0.5595238095238095,0.3119834710743802,0.9235807860262009,0.6856758832565284,0.45074626865671635,0.6093418259023354,942,186,756
156,353,407,26,0.8571428571428571,0.5355263157894737,0.30648330058939094,0.9399538106235565,0.6963345864661654,0.4515195369030391,0.5976645435244161,942,182,760
133,350,434,25,0.8417721518987342,0.5535714285714286,0.2753623188405797,0.9455337690631809,0.6976717902350814,0.4149765990639626,0.6019108280254777,942,158,784
128,326,446,42,0.7529411764705882,0.5777202072538861,0.28193832599118945,0.9139344262295082,0.6653306918622371,0.41025641025641035,0.6093418259023354,942,170,772
151,338,417,36,0.8074866310160428,0.552317880794702,0.30879345603271985,0.9205298013245033,0.6799022559053725,0.4467455621301776,0.6029723991507431,942,187,755
152,356,406,28,0.8444444444444444,0.5328083989501312,0.2992125984251969,0.9354838709677419,0.6886264216972878,0.4418604651162791,0.5923566878980892,942,180,762
138,354,416,34,0.8023255813953488,0.5402597402597402,0.2804878048780488,0.9244444444444444,0.6712926608275445,0.4156626506024097,0.5881104033970276,942,172,770
133,350,428,31,0.8109756097560976,0.5501285347043702,0.2753623188405797,0.9324618736383442,0.6805520722302338,0.41112828438949,0.5955414012738853,942,164,778
146,354,410,32,0.8202247191011236,0.5366492146596858,0.292,0.9276018099547512,0.6784369668804047,0.43067846607669613,0.5902335456475584,942,178,764
136,342,433,31,0.8143712574850299,0.5587096774193548,0.28451882845188287,0.9331896551724138,0.6865404674521924,0.42170542635658914,0.6040339702760085,942,167,775
135,349,410,48,0.7377049180327869,0.5401844532279315,0.27892561983471076,0.8951965065502183,0.6389446856303592,0.4047976011994003,0.578556263269639,942,183,759
136,367,417,22,0.8607594936708861,0.5318877551020408,0.27037773359840955,0.9498861047835991,0.6963236243864634,0.41149773071104384,0.5870488322717622,942,158,784
152,331,423,36,0.8085106382978723,0.5610079575596817,0.3146997929606625,0.9215686274509803,0.684759297928777,0.4530551415797317,0.6104033970276008,942,188,754
160,330,418,34,0.8247422680412371,0.5588235294117647,0.32653061224489793,0.9247787610619469,0.6917828987265009,0.4678362573099415,0.613588110403397,942,194,748
144,366,413,19,0.8834355828220859,0.5301668806161746,0.2823529411764706,0.9560185185185185,0.7068012317191302,0.42793462109955416,0.5912951167728238,942,163,779
131,376,398,37,0.7797619047619048,0.5142118863049095,0.2583826429980276,0.9149425287356322,0.6469868955334072,0.3881481481481481,0.5615711252653928,942,168,774
134,344,426,38,0.7790697674418605,0.5532467532467532,0.2803347280334728,0.9181034482758621,0.6661582603443068,0.4123076923076923,0.5944798301486199,942,172,770
133,339,426,44,0.751412429378531,0.5568627450980392,0.2817796610169492,0.9063829787234042,0.6541375872382851,0.4098613251155625,0.5934182590233545,942,177,765
123,373,408,38,0.7639751552795031,0.5224071702944942,0.24798387096774194,0.9147982062780269,0.6431911627869986,0.3744292237442922,0.5636942675159236,942,161,781
133,352,425,32,0.806060606060606,0.546975546975547,0.27422680412371137,0.9299781181619255,0.6765180765180765,0.40923076923076923,0.5923566878980892,942,165,777
136,373,400,33,0.8047337278106509,0.517464424320828,0.26719056974459726,0.9237875288683602,0.6610990760657394,0.4011799410029499,0.5690021231422505,942,169,773
134,344,427,37,0.783625730994152,0.5538261997405967,0.2803347280334728,0.9202586206896551,0.6687259653673743,0.41294298921417566,0.5955414012738853,942,171,771
167,337,409,29,0.8520408163265306,0.5482573726541555,0.33134920634920634,0.9337899543378996,0.700149094490343,0.47714285714285715,0.6114649681528662,942,196,746
135,364,404,39,0.7758620689655172,0.5260416666666666,0.27054108216432865,0.9119638826185101,0.6509518678160919,0.40118870728083206,0.5721868365180467,942,174,768
149,365,384,44,0.772020725388601,0.5126835781041389,0.2898832684824903,0.897196261682243,0.64235215174637,0.42149929278642156,0.5658174097664543,942,193,749
152,352,400,38,0.8,0.5319148936170213,0.30158730158730157,0.91324200913242,0.6659574468085107,0.4380403458213256,0.5859872611464968,942,190,752
145,369,395,33,0.8146067415730337,0.5170157068062827,0.2821011673151751,0.9228971962616822,0.6658112241896582,0.4190751445086705,0.5732484076433121,942,178,764
143,340,419,40,0.7814207650273224,0.5520421607378129,0.29606625258799174,0.9128540305010894,0.6667314628825676,0.4294294294294294,0.5966029723991507,942,183,759
152,331,421,38,0.8,0.5598404255319149,0.3146997929606625,0.9172113289760349,0.6799202127659575,0.4517087667161962,0.60828025477707,942,190,752
143,360,408,31,0.8218390804597702,0.53125,0.28429423459244535,0.929384965831435,0.6765445402298851,0.4224519940915805,0.5849256900212314,942,174,768
148,359,401,34,0.8131868131868132,0.5276315789473685,0.29191321499013806,0.9218390804597701,0.6704091960670908,0.4296081277213353,0.5828025477707006,942,182,760
142,345,429,26,0.8452380952380952,0.5542635658914729,0.2915811088295688,0.9428571428571428,0.699750830564784,0.4335877862595419,0.6061571125265393,942,168,774
153,335,421,33,0.8225806451612904,0.5568783068783069,0.3135245901639344,0.9273127753303965,0.6897294760197986,0.45400593471810086,0.6093418259023354,942,186,756
128,356,420,38,0.7710843373493976,0.5412371134020618,0.2644628099173554,0.9170305676855895,0.6561607253757298,0.3938461538461539,0.5817409766454352,942,166,776
140,336,424,42,0.7692307692307693,0.5578947368421052,0.29411764705882354,0.9098712446351931,0.6635627530364372,0.4255319148936171,0.5987261146496815,942,182,760
135,361,403,43,0.7584269662921348,0.5274869109947644,0.2721774193548387,0.9035874439461884,0.6429569386434496,0.400593471810089,0.5711252653927813,942,178,764
143,358,411,30,0.8265895953757225,0.5344603381014305,0.28542914171656686,0.9319727891156463,0.6805249667385764,0.42433234421364985,0.5881104033970276,942,173,769
127,350,427,38,0.7696969696969697,0.5495495495495496,0.2662473794549266,0.9182795698924732,0.6596232596232596,0.3956386292834891,0.5881104033970276,942,165,777
159,318,429,36,0.8153846153846154,0.5742971887550201,0.3333333333333333,0.9225806451612903,0.6948409020698177,0.4732142857142857,0.6242038216560509,942,195,747
143,350,421,28,0.8362573099415205,0.5460440985732814,0.29006085192697767,0.9376391982182628,0.691150704257401,0.4307228915662651,0.5987261146496815,942,171,771
145,357,395,45,0.7631578947368421,0.5252659574468085,0.28884462151394424,0.8977272727272727,0.6442119260918253,0.4190751445086705,0.5732484076433121,942,190,752
140,330,442,30,0.8235294117647058,0.572538860103627,0.2978723404255319,0.9364406779661016,0.6980341359341664,0.4375,0.6178343949044586,942,170,772
141,348,416,37,0.7921348314606742,0.5445026178010471,0.2883435582822086,0.9183222958057395,0.6683187246308606,0.4227886056971515,0.5912951167728238,942,178,764
142,358,396,46,0.7553191489361702,0.5251989389920424,0.284,0.8959276018099548,0.6402590439641063,0.4127906976744186,0.5711252653927813,942,188,754
131,350,424,37,0.7797619047619048,0.5478036175710594,0.27234927234927236,0.9197396963123644,0.6637827611664822,0.4036979969183359,0.589171974522293,942,168,774
153,354,397,38,0.8010471204188482,0.5286284953395473,0.30177514792899407,0.9126436781609195,0.6648378078791977,0.4383954154727793,0.583864118895966,942,191,751
147,374,389,32,0.8212290502793296,0.509829619921363,0.2821497120921305,0.9239904988123515,0.6655293351003463,0.42,0.5690021231422505,942,179,763
131,373,401,37,0.7797619047619048,0.5180878552971576,0.25992063492063494,0.9155251141552512,0.6489248800295312,0.3898809523809524,0.564755838641189,942,168,774
127,365,411,39,0.7650602409638554,0.529639175257732,0.258130081300813,0.9133333333333333,0.6473497081107937,0.3860182370820669,0.5711252653927813,942,166,776
136,342,435,29,0.8242424242424242,0.5598455598455598,0.28451882845188287,0.9375,0.692043992043992,0.4230171073094868,0.6061571125265393,942,165,777
159,317,427,39,0.803030303030303,0.5739247311827957,0.33403361344537813,0.9163090128755365,0.6884775171065494,0.47181008902077154,0.6220806794055201,942,198,744
161,330,419,32,0.8341968911917098,0.5594125500667557,0.32790224032586557,0.9290465631929047,0.6968047206292327,0.47076023391812866,0.6157112526539278,942,193,749
125,374,410,33,0.7911392405063291,0.5229591836734694,0.250501002004008,0.9255079006772009,0.6570492120898992,0.380517503805175,0.5679405520169851,942,158,784
136,348,420,38,0.7816091954022989,0.546875,0.2809917355371901,0.9170305676855895,0.6642420977011494,0.4133738601823708,0.5902335456475584,942,174,768
126,344,437,35,0.782608695652174,0.559539052496799,0.2680851063829787,0.9258474576271186,0.6710738740744865,0.39936608557844694,0.5976645435244161,942,161,781
109,381,411,41,0.7266666666666667,0.5189393939393939,0.22244897959183674,0.9092920353982301,0.6228030303030303,0.340625,0.5520169851380042,942,150,792
158,351,406,27,0.8540540540540541,0.5363276089828269,0.3104125736738703,0.9376443418013857,0.6951908315184405,0.45533141210374645,0.5987261146496815,942,185,757
148,354,409,31,0.8268156424581006,0.5360419397116645,0.2948207171314741,0.9295454545454546,0.6814287910848825,0.4346549192364171,0.5912951167728238,942,179,763
140,351,411,40,0.7777777777777778,0.5393700787401575,0.285132382892057,0.9113082039911308,0.6585739282589677,0.4172876304023845,0.5849256900212314,942,180,762
136,371,404,31,0.8143712574850299,0.5212903225806451,0.2682445759368836,0.9287356321839081,0.6678307900328375,0.4035608308605341,0.5732484076433121,942,167,775
133,336,438,35,0.7916666666666666,0.5658914728682171,0.2835820895522388,0.9260042283298098,0.6787790697674418,0.41758241758241754,0.6061571125265393,942,168,774
143,374,386,39,0.7857142857142857,0.5078947368421053,0.2765957446808511,0.908235294117647,0.6468045112781955,0.4091559370529328,0.5615711252653928,942,182,760
161,318,419,44,0.7853658536585366,0.5685210312075983,0.33611691022964507,0.9049676025917927,0.6769434424330675,0.4707602339181286,0.6157112526539278,942,205,737
136,347,421,38,0.7816091954022989,0.5481770833333334,0.2815734989648033,0.9172113289760349,0.6648931393678161,0.4140030441400304,0.5912951167728238,942,174,768
135,362,408,37,0.7848837209302325,0.5298701298701298,0.2716297786720322,0.9168539325842696,0.6573769254001811,0.40358744394618834,0.5764331210191083,942,172,770
138,370,396,38,0.7840909090909091,0.5169712793733682,0.27165354330708663,0.9124423963133641,0.6505310942321386,0.4035087719298246,0.5668789808917197,942,176,766
141,338,419,44,0.7621621621621621,0.5535006605019815,0.29436325678496866,0.9049676025917927,0.6578314113320718,0.4246987951807228,0.5944798301486199,942,185,757
155,362,391,34,0.8201058201058201,0.5192563081009296,0.29980657640232106,0.92,0.6696810641033748,0.43909348441926344,0.5796178343949044,942,189,753
165,336,402,39,0.8088235294117647,0.5447154471544715,0.32934131736526945,0.9115646258503401,0.6767694882831181,0.46808510638297873,0.6019108280254777,942,204,738
159,334,411,38,0.8071065989847716,0.5516778523489932,0.3225152129817444,0.9153674832962138,0.6793922256668824,0.46086956521739125,0.6050955414012739,942,197,745
134,360,415,33,0.8023952095808383,0.535483870967742,0.27125506072874495,0.9263392857142857,0.6689395402742901,0.40544629349470496,0.5828025477707006,942,167,775
141,346,426,29,0.8294117647058824,0.5518134715025906,0.28952772073921973,0.9362637362637363,0.6906126181042365,0.42922374429223753,0.6019108280254777,942,170,772
143,351,421,27,0.8411764705882353,0.5453367875647669,0.2894736842105263,0.9397321428571429,0.6932566290765011,0.4307228915662651,0.5987261146496815,942,170,772
127,390,388,37,0.774390243902439,0.4987146529562982,0.24564796905222436,0.9129411764705883,0.6365524484293686,0.3729809104258443,0.5467091295116773,942,164,778
125,370,411,36,0.7763975155279503,0.5262483994878361,0.25252525252525254,0.9194630872483222,0.6513229575078932,0.38109756097560976,0.5690021231422505,942,161,781
125,360,427,30,0.8064516129032258,0.542566709021601,0.25773195876288657,0.9343544857768052,0.6745091609624134,0.39062499999999994,0.5859872611464968,942,155,787
136,374,403,29,0.8242424242424242,0.5186615186615187,0.26666666666666666,0.9328703703703703,0.6714519714519714,0.40296296296296297,0.5721868365180467,942,165,777
144,372,392,34,0.8089887640449438,0.5130890052356021,0.27906976744186046,0.92018779342723,0.6610388846402729,0.414985590778098,0.5690021231422505,942,178,764
139,365,407,31,0.8176470588235294,0.5272020725388601,0.2757936507936508,0.9292237442922374,0.6724245656811947,0.4124629080118694,0.5796178343949044,942,170,772
160,339,409,34,0.8247422680412371,0.5467914438502673,0.32064128256513025,0.9232505643340858,0.6857668559457522,0.4617604617604617,0.6040339702760085,942,194,748
150,344,414,34,0.8152173913043478,0.5461741424802111,0.30364372469635625,0.9241071428571429,0.6806957668922795,0.44247787610619466,0.5987261146496815,942,184,758
140,352,423,27,0.8383233532934131,0.5458064516129032,0.2845528455284553,0.94,0.6920649024531582,0.42488619119878596,0.5976645435244161,942,167,775
165,330,407,40,0.8048780487804879,0.5522388059701493,0.3333333333333333,0.9105145413870246,0.6785584273753186,0.4714285714285715,0.6072186836518046,942,205,737
145,372,396,29,0.8333333333333334,0.515625,0.2804642166344294,0.9317647058823529,0.6744791666666667,0.4196816208393632,0.5743099787685775,942,174,768
141,371,406,24,0.8545454545454545,0.5225225225225225,0.275390625,0.9441860465116279,0.6885339885339885,0.41654357459379615,0.5806794055201698,942,165,777
143,359,414,26,0.8461538461538461,0.535575679172057,0.2848605577689243,0.9409090909090909,0.6908647626629516,0.4262295081967213,0.5912951167728238,942,169,773
144,367,400,31,0.8228571428571428,0.5215123859191656,0.28180039138943247,0.9280742459396751,0.6721847643881542,0.4198250728862973,0.5774946921443737,942,175,767
156,350,388,48,0.7647058823529411,0.5257452574525745,0.308300395256917,0.8899082568807339,0.6452255699027578,0.43943661971830983,0.5774946921443737,942,204,738
144,354,414,30,0.8275862068965517,0.5390625,0.2891566265060241,0.9324324324324325,0.6833243534482758,0.42857142857142855,0.5923566878980892,942,174,768
130,361,422,29,0.8176100628930818,0.5389527458492975,0.26476578411405294,0.9356984478935698,0.6782814043711897,0.39999999999999997,0.5859872611464968,942,159,783
154,346,417,25,0.8603351955307262,0.546526867627785,0.308,0.9434389140271493,0.7034310315792556,0.45360824742268047,0.6061571125265393,942,179,763
151,363,394,34,0.8162162162162162,0.5204755614266843,0.29377431906614787,0.9205607476635514,0.6683458888214502,0.4320457796852647,0.578556263269639,942,185,757
120,378,408,36,0.7692307692307693,0.5190839694656488,0.24096385542168675,0.918918918918919,0.644157369348209,0.3669724770642202,0.5605095541401274,942,156,786
163,330,413,36,0.8190954773869347,0.5558546433378196,0.3306288032454361,0.9198218262806236,0.6874750603623772,0.47109826589595377,0.6114649681528662,942,199,743
162,346,398,36,0.8181818181818182,0.5349462365591398,0.3188976377952756,0.9170506912442397,0.6765640273704789,0.45892351274787535,0.5944798301486199,942,198,744
149,343,408,42,0.7801047120418848,0.5432756324900133,0.30284552845528456,0.9066666666666666,0.6616901722659491,0.4363103953147877,0.5912951167728238,942,191,751
156,343,413,30,0.8387096774193549,0.5462962962962963,0.312625250501002,0.9322799097065463,0.6925029868578256,0.4554744525547445,0.6040339702760085,942,186,756
136,368,406,32,0.8095238095238095,0.524547803617571,0.2698412698412698,0.9269406392694064,0.6670358065706903,0.40476190476190477,0.5753715498938429,942,168,774
139,356,415,32,0.8128654970760234,0.5382619974059663,0.2808080808080808,0.9284116331096197,0.6755637472409948,0.4174174174174174,0.5881104033970276,942,171,771
148,335,421,38,0.7956989247311828,0.5568783068783069,0.3064182194616977,0.9172113289760349,0.6762886158047448,0.44245142002989535,0.6040339702760085,942,186,756
145,350,413,34,0.8100558659217877,0.5412844036697247,0.29292929292929293,0.9239373601789709,0.6756701347957562,0.43026706231454004,0.5923566878980892,942,179,763
154,360,395,33,0.8235294117647058,0.5231788079470199,0.29961089494163423,0.9228971962616822,0.6733541098558629,0.4393723252496433,0.5828025477707006,942,187,755
145,382,375,40,0.7837837837837838,0.4953764861294584,0.27514231499051234,0.9036144578313253,0.639580134956621,0.40730337078651685,0.5520169851380042,942,185,757
127,348,428,39,0.7650602409638554,0.5515463917525774,0.2673684210526316,0.9164882226980728,0.6583033163582164,0.39625585023400944,0.589171974522293,942,166,776
141,370,406,25,0.8493975903614458,0.5231958762886598,0.2759295499021526,0.9419953596287703,0.6862967333250528,0.4165435745937961,0.5806794055201698,942,166,776
150,341,419,32,0.8241758241758241,0.5513157894736842,0.3054989816700611,0.9290465631929047,0.6877458068247542,0.4457652303120357,0.6040339702760085,942,182,760
