TP,FP,TN,FN,recall_sensitivity,specificity,precision_ppv,npv,balanced_accuracy,f1_positive,accuracy,support,positive_support,negative_support
420,324,128,70,0.8571428571428571,0.2831858407079646,0.5645161290322581,0.6464646464646465,0.5701643489254109,0.6807131280388979,0.5817409766454352,942,490,452
411,325,142,64,0.8652631578947368,0.30406852248394006,0.5584239130434783,0.6893203883495146,0.5846658401893384,0.6787778695293146,0.5870488322717622,942,475,467
411,328,137,66,0.8616352201257862,0.2946236559139785,0.5561569688768606,0.6748768472906403,0.5781294380198824,0.6759868421052632,0.5817409766454352,942,477,465
405,327,154,56,0.8785249457700651,0.3201663201663202,0.5532786885245902,0.7333333333333333,0.5993456329681927,0.6789606035205364,0.5934182590233545,942,461,481
404,322,153,63,0.8650963597430407,0.32210526315789473,0.5564738292011019,0.7083333333333334,0.5936008114504677,0.6772841575859178,0.5912951167728238,942,467,475
372,356,164,50,0.8815165876777251,0.3153846153846154,0.510989010989011,0.7663551401869159,0.5984506015311702,0.6469565217391304,0.5690021231422505,942,422,520
416,323,143,60,0.8739495798319328,0.30686695278969955,0.5629228687415426,0.7044334975369458,0.5904082663108161,0.6847736625514403,0.5934182590233545,942,476,466
395,342,143,62,0.8643326039387309,0.2948453608247423,0.5359565807327001,0.697560975609756,0.5795889823817366,0.6616415410385261,0.5711252653927813,942,457,485
392,338,160,52,0.8828828828828829,0.321285140562249,0.536986301369863,0.7547169811320755,0.6020840117225659,0.667802385008518,0.5859872611464968,942,444,498
384,336,157,65,0.8552338530066815,0.3184584178498986,0.5333333333333333,0.7072072072072072,0.5868461354282901,0.6569717707442259,0.5743099787685775,942,449,493
409,347,129,57,0.8776824034334764,0.2710084033613445,0.541005291005291,0.6935483870967742,0.5743454033974105,0.6693944353518821,0.5711252653927813,942,466,476
401,359,135,47,0.8950892857142857,0.2732793522267207,0.5276315789473685,0.7417582417582418,0.5841843189705032,0.6639072847682119,0.5690021231422505,942,448,494
420,319,137,66,0.8641975308641975,0.30043859649122806,0.5683355886332883,0.6748768472906403,0.5823180636777128,0.6857142857142857,0.5912951167728238,942,486,456
405,335,153,49,0.8920704845814978,0.3135245901639344,0.5472972972972973,0.7574257425742574,0.6027975373727161,0.6783919597989949,0.5923566878980892,942,454,488
411,341,137,53,0.8857758620689655,0.28661087866108786,0.5465425531914894,0.7210526315789474,0.5861933703650267,0.6759868421052632,0.5817409766454352,942,464,478
398,321,164,59,0.8708971553610503,0.33814432989690724,0.5535465924895688,0.7354260089686099,0.6045207426289787,0.6768707482993197,0.5966029723991507,942,457,485
375,349,153,65,0.8522727272727273,0.3047808764940239,0.5179558011049724,0.7018348623853211,0.5785268018833756,0.6443298969072164,0.5605095541401274,942,440,502
427,306,156,53,0.8895833333333333,0.33766233766233766,0.582537517053206,0.7464114832535885,0.6136228354978355,0.7040395713107997,0.618895966029724,942,480,462
411,321,156,54,0.8838709677419355,0.3270440251572327,0.5614754098360656,0.7428571428571429,0.6054574964495841,0.68671679197995,0.6019108280254777,942,465,477
409,343,140,50,0.8910675381263616,0.2898550724637681,0.5438829787234043,0.7368421052631579,0.5904613052950649,0.675474814203138,0.5828025477707006,942,459,483
390,321,154,77,0.8351177730192719,0.32421052631578945,0.5485232067510548,0.6666666666666666,0.5796641496675307,0.6621392190152801,0.5774946921443737,942,467,475
396,331,135,80,0.8319327731092437,0.28969957081545067,0.5447042640990372,0.627906976744186,0.5608161719623472,0.6583541147132169,0.5636942675159236,942,476,466
418,325,135,64,0.8672199170124482,0.29347826086956524,0.5625841184387618,0.678391959798995,0.5803490889410067,0.6824489795918368,0.5870488322717622,942,482,460
413,305,162,62,0.8694736842105263,0.3468950749464668,0.575208913649025,0.7232142857142857,0.6081843795784966,0.6923721709974854,0.6104033970276008,942,475,467
411,324,145,62,0.86892177589852,0.3091684434968017,0.5591836734693878,0.7004830917874396,0.5890451096976609,0.6804635761589405,0.5902335456475584,942,473,469
420,334,130,58,0.8786610878661087,0.2801724137931034,0.5570291777188329,0.6914893617021277,0.5794167508296061,0.6818181818181818,0.583864118895966,942,478,464
407,315,155,65,0.8622881355932204,0.32978723404255317,0.5637119113573407,0.7045454545454546,0.5960376848178868,0.6817420435510888,0.5966029723991507,942,472,470
387,322,164,69,0.8486842105263158,0.3374485596707819,0.5458392101551481,0.703862660944206,0.5930663850985489,0.6643776824034335,0.5849256900212314,942,456,486
404,322,158,58,0.8744588744588745,0.32916666666666666,0.5564738292011019,0.7314814814814815,0.6018127705627706,0.6801346801346801,0.5966029723991507,942,462,480
404,328,156,54,0.8820960698689956,0.32231404958677684,0.5519125683060109,0.7428571428571429,0.6022050597278862,0.6789915966386554,0.5944798301486199,942,458,484
393,329,149,71,0.8469827586206896,0.3117154811715481,0.5443213296398892,0.6772727272727272,0.5793491198961189,0.6627318718381113,0.5753715498938429,942,464,478
431,293,155,63,0.8724696356275303,0.34598214285714285,0.5953038674033149,0.7110091743119266,0.6092258892423366,0.7077175697865352,0.6220806794055201,942,494,448
400,348,137,57,0.87527352297593,0.2824742268041237,0.5347593582887701,0.7061855670103093,0.5788738748900268,0.6639004149377594,0.5700636942675159,942,457,485
390,334,156,62,0.8628318584070797,0.3183673469387755,0.5386740331491713,0.7155963302752294,0.5905996026729275,0.663265306122449,0.5796178343949044,942,452,490
393,347,150,52,0.8831460674157303,0.30181086519114686,0.5310810810810811,0.7425742574257426,0.5924784663034386,0.6632911392405063,0.5764331210191083,942,445,497
396,352,124,70,0.8497854077253219,0.2605042016806723,0.5294117647058824,0.6391752577319587,0.5551448047029971,0.6523887973640857,0.5520169851380042,942,466,476
400,310,159,73,0.8456659619450317,0.3390191897654584,0.5633802816901409,0.6853448275862069,0.5923425758552451,0.676246830092984,0.5934182590233545,942,473,469
420,322,145,55,0.8842105263157894,0.31049250535331907,0.5660377358490566,0.725,0.5973515158345543,0.6902218570254725,0.5997876857749469,942,475,467
374,352,159,57,0.8677494199535963,0.3111545988258317,0.5151515151515151,0.7361111111111112,0.589452009389714,0.6464995678478824,0.5658174097664543,942,431,511
430,314,135,63,0.8722109533468559,0.30066815144766146,0.5779569892473119,0.6818181818181818,0.5864395523972588,0.6952303961196443,0.5997876857749469,942,493,449
414,328,142,58,0.8771186440677966,0.3021276595744681,0.5579514824797843,0.71,0.5896231518211323,0.6820428336079077,0.5902335456475584,942,472,470
407,319,160,56,0.8790496760259179,0.33402922755741127,0.5606060606060606,0.7407407407407407,0.6065394517916646,0.6846089150546677,0.6019108280254777,942,463,479
391,346,153,52,0.8826185101580135,0.3066132264529058,0.5305291723202171,0.7463414634146341,0.5946158683054596,0.6627118644067796,0.5774946921443737,942,443,499
407,330,141,64,0.8641188959660298,0.29936305732484075,0.5522388059701493,0.6878048780487804,0.5817409766454352,0.6738410596026491,0.5817409766454352,942,471,471
417,327,134,64,0.8669438669438669,0.29067245119305857,0.5604838709677419,0.6767676767676768,0.5788081590684627,0.6808163265306122,0.5849256900212314,942,481,461
432,331,131,48,0.9,0.28354978354978355,0.5661861074705111,0.7318435754189944,0.5917748917748917,0.6950925181013676,0.5976645435244161,942,480,462
402,327,149,64,0.8626609442060086,0.3130252100840336,0.551440329218107,0.6995305164319249,0.5878430771450212,0.6728033472803348,0.5849256900212314,942,466,476
397,337,151,57,0.8744493392070485,0.3094262295081967,0.5408719346049047,0.7259615384615384,0.5919377843576226,0.6683501683501684,0.5817409766454352,942,454,488
400,336,133,73,0.8456659619450317,0.2835820895522388,0.5434782608695652,0.6456310679611651,0.5646240257486352,0.661703887510339,0.5658174097664543,942,473,469
388,339,150,65,0.8565121412803532,0.3067484662576687,0.5337001375515819,0.6976744186046512,0.5816303037690109,0.6576271186440678,0.5711252653927813,942,453,489
384,330,156,72,0.8421052631578947,0.32098765432098764,0.5378151260504201,0.6842105263157895,0.5815464587394412,0.6564102564102564,0.5732484076433121,942,456,486
421,320,144,57,0.8807531380753139,0.3103448275862069,0.5681511470985156,0.7164179104477612,0.5955489828307604,0.6907301066447908,0.5997876857749469,942,478,464
421,308,159,54,0.8863157894736842,0.3404710920770878,0.5775034293552812,0.7464788732394366,0.613393440775386,0.6993355481727574,0.6157112526539278,942,475,467
381,327,174,60,0.8639455782312925,0.3473053892215569,0.538135593220339,0.7435897435897436,0.6056254837264247,0.6631853785900783,0.589171974522293,942,441,501
403,329,140,70,0.8520084566596194,0.29850746268656714,0.5505464480874317,0.6666666666666666,0.5752579596730933,0.6688796680497925,0.5764331210191083,942,473,469
421,325,133,63,0.8698347107438017,0.2903930131004367,0.564343163538874,0.6785714285714286,0.5801138619221192,0.6845528455284554,0.5881104033970276,942,484,458
402,322,164,54,0.881578947368421,0.3374485596707819,0.5552486187845304,0.7522935779816514,0.6095137535196015,0.6813559322033899,0.6008492569002123,942,456,486
392,329,149,72,0.8448275862068966,0.3117154811715481,0.5436893203883495,0.6742081447963801,0.5782715336892224,0.6616033755274262,0.5743099787685775,942,464,478
383,346,153,60,0.8645598194130926,0.3066132264529058,0.5253772290809328,0.7183098591549296,0.5855865229329992,0.6535836177474402,0.5690021231422505,942,443,499
402,353,128,59,0.8720173535791758,0.2661122661122661,0.5324503311258278,0.6844919786096256,0.5690648098457209,0.6611842105263158,0.5626326963906582,942,461,481
402,341,147,52,0.8854625550660793,0.3012295081967213,0.5410497981157469,0.7386934673366834,0.5933460316314003,0.6716791979949874,0.5828025477707006,942,454,488
411,318,152,61,0.8707627118644068,0.32340425531914896,0.5637860082304527,0.7136150234741784,0.5970834835917779,0.6844296419650291,0.5976645435244161,942,472,470
399,313,173,57,0.875,0.3559670781893004,0.5603932584269663,0.7521739130434782,0.6154835390946503,0.6832191780821917,0.6072186836518046,942,456,486
391,339,144,68,0.8518518518518519,0.2981366459627329,0.5356164383561643,0.6792452830188679,0.5749942489072923,0.657695542472666,0.5679405520169851,942,459,483
416,318,150,58,0.8776371308016878,0.32051282051282054,0.5667574931880109,0.7211538461538461,0.5990749756572542,0.6887417218543047,0.6008492569002123,942,474,468
404,324,148,66,0.8595744680851064,0.3135593220338983,0.554945054945055,0.6915887850467289,0.5865668950595023,0.6744574290484141,0.5859872611464968,942,470,472
393,330,161,58,0.8713968957871396,0.32790224032586557,0.5435684647302904,0.7351598173515982,0.5996495680565026,0.6695059625212947,0.5881104033970276,942,451,491
420,332,129,61,0.8731808731808732,0.279826464208243,0.5585106382978723,0.6789473684210526,0.5765036686945582,0.6812652068126521,0.5828025477707006,942,481,461
407,344,135,56,0.8790496760259179,0.2818371607515658,0.5419440745672437,0.7068062827225131,0.5804434183887418,0.6705107084019769,0.5753715498938429,942,463,479
388,331,153,70,0.8471615720524017,0.31611570247933884,0.5396383866481224,0.6860986547085202,0.5816386372658703,0.6593033135089209,0.5743099787685775,942,458,484
398,332,157,55,0.8785871964679912,0.3210633946830266,0.5452054794520548,0.7405660377358491,0.5998252955755089,0.672865595942519,0.589171974522293,942,453,489
397,329,152,64,0.8611713665943601,0.316008316008316,0.546831955922865,0.7037037037037037,0.5885898413013381,0.6689132266217355,0.5828025477707006,942,461,481
395,327,163,57,0.8738938053097345,0.3326530612244898,0.5470914127423823,0.740909090909091,0.6032734332671121,0.6729131175468483,0.5923566878980892,942,452,490
412,341,142,47,0.8976034858387799,0.2939958592132505,0.547144754316069,0.7513227513227513,0.5957996725260152,0.6798679867986798,0.5881104033970276,942,459,483
413,328,135,66,0.8622129436325678,0.2915766738660907,0.5573549257759784,0.6716417910447762,0.5768948087493293,0.6770491803278689,0.5817409766454352,942,479,463
410,311,158,63,0.8668076109936576,0.3368869936034115,0.5686546463245492,0.7149321266968326,0.6018473022985346,0.6867671691792295,0.6029723991507431,942,473,469
401,324,156,61,0.8679653679653679,0.325,0.5531034482758621,0.7188940092165899,0.596482683982684,0.6756529064869419,0.5912951167728238,942,462,480
410,335,134,63,0.8668076109936576,0.2857142857142857,0.5503355704697986,0.6802030456852792,0.5762609483539716,0.6732348111658457,0.5774946921443737,942,473,469
391,365,131,55,0.8766816143497758,0.26411290322580644,0.5171957671957672,0.7043010752688172,0.5703972587877911,0.6505823627287853,0.554140127388535,942,446,496
408,344,140,50,0.8908296943231441,0.2892561983471074,0.5425531914893617,0.7368421052631579,0.5900429463351258,0.6743801652892562,0.5817409766454352,942,458,484
378,338,156,70,0.84375,0.3157894736842105,0.5279329608938548,0.6902654867256637,0.5797697368421053,0.6494845360824743,0.5668789808917197,942,448,494
441,288,155,58,0.8837675350701403,0.34988713318284426,0.6049382716049383,0.7276995305164319,0.6168273341264923,0.7182410423452769,0.6326963906581741,942,499,443
425,316,151,50,0.8947368421052632,0.3233404710920771,0.573549257759784,0.7512437810945274,0.6090386565986701,0.6990131578947368,0.6114649681528662,942,475,467
402,333,144,63,0.864516129032258,0.3018867924528302,0.5469387755102041,0.6956521739130435,0.5832014607425441,0.6699999999999999,0.5796178343949044,942,465,477
400,333,141,68,0.8547008547008547,0.2974683544303797,0.5457025920873124,0.6746411483253588,0.5760846045656172,0.6661115736885929,0.5743099787685775,942,468,474
397,350,135,60,0.8687089715536105,0.27835051546391754,0.5314591700133868,0.6923076923076923,0.5735297435087641,0.6594684385382059,0.564755838641189,942,457,485
422,327,138,55,0.8846960167714885,0.2967741935483871,0.5634178905206942,0.7150259067357513,0.5907351051599378,0.6884176182707993,0.5944798301486199,942,477,465
381,344,159,58,0.8678815489749431,0.31610337972166996,0.5255172413793103,0.7327188940092166,0.5919924643483065,0.654639175257732,0.5732484076433121,942,439,503
390,328,151,73,0.8423326133909287,0.31524008350730687,0.5431754874651811,0.6741071428571429,0.5787863484491178,0.6604572396274343,0.5743099787685775,942,463,479
408,325,142,67,0.8589473684210527,0.30406852248394006,0.5566166439290586,0.6794258373205742,0.5815079454524964,0.6754966887417218,0.583864118895966,942,475,467
402,335,148,57,0.8758169934640523,0.3064182194616977,0.5454545454545454,0.7219512195121951,0.591117606462875,0.6722408026755853,0.583864118895966,942,459,483
402,340,149,51,0.8874172185430463,0.3047034764826176,0.5417789757412399,0.745,0.596060347512832,0.6728033472803348,0.5849256900212314,942,453,489
396,323,155,68,0.853448275862069,0.32426778242677823,0.5507649513212796,0.695067264573991,0.5888580291444236,0.6694843617920541,0.5849256900212314,942,464,478
396,329,155,62,0.8646288209606987,0.3202479338842975,0.5462068965517242,0.7142857142857143,0.5924383774224982,0.6694843617920541,0.5849256900212314,942,458,484
394,352,132,64,0.8602620087336245,0.2727272727272727,0.5281501340482574,0.673469387755102,0.5664946407304485,0.654485049833887,0.5583864118895966,942,458,484
418,319,141,64,0.8672199170124482,0.3065217391304348,0.5671641791044776,0.6878048780487804,0.5868708280714414,0.6858080393765382,0.5934182590233545,942,482,460
383,353,145,61,0.8626126126126126,0.29116465863453816,0.5203804347826086,0.7038834951456311,0.5768886356235754,0.6491525423728813,0.5605095541401274,942,444,498
422,306,153,61,0.8737060041407867,0.3333333333333333,0.5796703296703297,0.7149532710280374,0.60351966873706,0.6969446738232864,0.6104033970276008,942,483,459
401,325,161,55,0.8793859649122807,0.33127572016460904,0.5523415977961432,0.7453703703703703,0.6053308425384449,0.6785109983079526,0.5966029723991507,942,456,486
409,326,141,66,0.8610526315789474,0.3019271948608137,0.5564625850340136,0.6811594202898551,0.5814899132198805,0.6760330578512397,0.583864118895966,942,475,467
376,360,153,53,0.8764568764568764,0.2982456140350877,0.5108695652173914,0.7427184466019418,0.587351245245982,0.6454935622317598,0.5615711252653928,942,429,513
406,329,150,57,0.8768898488120951,0.31315240083507306,0.5523809523809524,0.7246376811594203,0.595021124823584,0.6777963272120201,0.5902335456475584,942,463,479
386,353,131,72,0.8427947598253275,0.2706611570247934,0.5223274695534507,0.645320197044335,0.5567279584250604,0.6449456975772765,0.5488322717622081,942,458,484
405,333,139,65,0.8617021276595744,0.2944915254237288,0.5487804878048781,0.6813725490196079,0.5780968265416516,0.6705298013245033,0.5774946921443737,942,470,472
414,331,132,65,0.8643006263048016,0.28509719222462204,0.5557046979865772,0.6700507614213198,0.5746989092647119,0.676470588235294,0.5796178343949044,942,479,463
414,306,161,61,0.871578947368421,0.34475374732334046,0.575,0.7252252252252253,0.6081663473458807,0.6928870292887028,0.6104033970276008,942,475,467
405,331,149,57,0.8766233766233766,0.3104166666666667,0.5502717391304348,0.7233009708737864,0.5935200216450216,0.6761268781302171,0.5881104033970276,942,462,480
385,323,157,77,0.8333333333333334,0.32708333333333334,0.5437853107344632,0.6709401709401709,0.5802083333333333,0.658119658119658,0.5753715498938429,942,462,480
410,319,148,65,0.8631578947368421,0.3169164882226981,0.5624142661179699,0.6948356807511737,0.5900371914797701,0.6810631229235881,0.5923566878980892,942,475,467
400,326,152,64,0.8620689655172413,0.3179916317991632,0.5509641873278237,0.7037037037037037,0.5900302986582022,0.6722689075630252,0.5859872611464968,942,464,478
393,352,152,45,0.8972602739726028,0.30158730158730157,0.5275167785234899,0.7715736040609137,0.5994237877799522,0.6644125105663568,0.578556263269639,942,438,504
415,315,139,73,0.8504098360655737,0.30616740088105726,0.5684931506849316,0.6556603773584906,0.5782886184733155,0.6814449917898194,0.5881104033970276,942,488,454
417,347,127,51,0.8910256410256411,0.2679324894514768,0.5458115183246073,0.7134831460674157,0.579479065238559,0.676948051948052,0.5774946921443737,942,468,474
381,321,167,73,0.8392070484581498,0.3422131147540984,0.5427350427350427,0.6958333333333333,0.590710081606124,0.6591695501730103,0.5817409766454352,942,454,488
408,339,142,53,0.8850325379609545,0.29521829521829523,0.5461847389558233,0.7282051282051282,0.5901254165896248,0.675496688741722,0.583864118895966,942,461,481
388,354,134,66,0.8546255506607929,0.27459016393442626,0.522911051212938,0.67,0.5646078572976096,0.6488294314381271,0.554140127388535,942,454,488
391,353,134,64,0.8593406593406593,0.2751540041067762,0.5255376344086021,0.6767676767676768,0.5672473317237178,0.6522101751459549,0.5573248407643312,942,455,487
387,333,169,53,0.8795454545454545,0.33665338645418325,0.5375,0.7612612612612613,0.6080994204998189,0.6672413793103448,0.5902335456475584,942,440,502
410,327,145,60,0.8723404255319149,0.3072033898305085,0.5563093622795116,0.7073170731707317,0.5897719076812117,0.6793703396851699,0.589171974522293,942,470,472
425,333,128,56,0.8835758835758836,0.27765726681127983,0.5606860158311345,0.6956521739130435,0.5806165751935817,0.6860371267150928,0.5870488322717622,942,481,461
400,342,135,65,0.8602150537634409,0.2830188679245283,0.5390835579514824,0.675,0.5716169608439846,0.6628003314001657,0.5679405520169851,942,465,477
408,319,162,53,0.8850325379609545,0.3367983367983368,0.5612104539202201,0.7534883720930232,0.6109154373796457,0.6868686868686869,0.6050955414012739,942,461,481
428,300,157,57,0.8824742268041237,0.3435448577680525,0.5879120879120879,0.7336448598130841,0.6130095422860881,0.7056883759274526,0.6210191082802548,942,485,457
393,349,147,53,0.8811659192825112,0.2963709677419355,0.5296495956873315,0.735,0.5887684435122233,0.6616161616161615,0.5732484076433121,942,446,496
436,316,135,55,0.8879837067209776,0.29933481152993346,0.5797872340425532,0.7105263157894737,0.5936592591254555,0.7015285599356395,0.6061571125265393,942,491,451
387,340,155,60,0.8657718120805369,0.31313131313131315,0.53232462173315,0.7209302325581395,0.589451562605925,0.6592844974446337,0.5753715498938429,942,447,495
415,360,120,47,0.8982683982683982,0.25,0.535483870967742,0.718562874251497,0.574134199134199,0.6709781729991916,0.5679405520169851,942,462,480
392,318,163,69,0.8503253796095445,0.3388773388773389,0.5521126760563381,0.7025862068965517,0.5946013592434417,0.6695132365499573,0.589171974522293,942,461,481
375,345,161,61,0.8600917431192661,0.3181818181818182,0.5208333333333334,0.7252252252252253,0.5891367806505421,0.6487889273356402,0.5690021231422505,942,436,506
411,340,126,65,0.8634453781512605,0.2703862660944206,0.5472703062583223,0.6596858638743456,0.5669158221228405,0.6699266503667483,0.5700636942675159,942,476,466
420,337,134,51,0.89171974522293,0.28450106157112526,0.5548216644649934,0.7243243243243244,0.5881104033970276,0.6840390879478827,0.5881104033970276,942,471,471
404,314,160,64,0.8632478632478633,0.33755274261603374,0.5626740947075209,0.7142857142857143,0.6004003029319485,0.6812816188870153,0.5987261146496815,942,468,474
396,318,162,66,0.8571428571428571,0.3375,0.5546218487394958,0.7105263157894737,0.5973214285714286,0.6734693877551021,0.5923566878980892,942,462,480
418,320,136,68,0.8600823045267489,0.2982456140350877,0.5663956639566395,0.6666666666666666,0.5791639592809184,0.6830065359477124,0.5881104033970276,942,486,456
410,319,165,48,0.8951965065502183,0.3409090909090909,0.5624142661179699,0.7746478873239436,0.6180527987296546,0.6908171861836563,0.6104033970276008,942,458,484
390,332,155,65,0.8571428571428571,0.3182751540041068,0.5401662049861495,0.7045454545454546,0.5877090055734819,0.6627017841971112,0.578556263269639,942,455,487
392,323,153,74,0.8412017167381974,0.32142857142857145,0.5482517482517483,0.6740088105726872,0.5813151440833845,0.663844199830652,0.578556263269639,942,466,476
419,304,162,57,0.8802521008403361,0.34763948497854075,0.5795297372060858,0.7397260273972602,0.6139457929094384,0.6989157631359466,0.6167728237791932,942,476,466
392,345,148,57,0.8730512249443207,0.3002028397565923,0.5318860244233379,0.7219512195121951,0.5866270323504565,0.6610455311973019,0.5732484076433121,942,449,493
410,328,146,58,0.8760683760683761,0.3080168776371308,0.5555555555555556,0.7156862745098039,0.5920426268527534,0.6799336650082919,0.5902335456475584,942,468,474
407,338,136,61,0.8696581196581197,0.2869198312236287,0.5463087248322148,0.6903553299492385,0.5782889754408742,0.6710634789777411,0.5764331210191083,942,468,474
403,334,158,47,0.8955555555555555,0.32113821138211385,0.5468113975576662,0.7707317073170732,0.6083468834688347,0.679022746419545,0.5955414012738853,942,450,492
396,332,145,69,0.8516129032258064,0.3039832285115304,0.5439560439560439,0.677570093457944,0.5777980658686684,0.663872590108969,0.5743099787685775,942,465,477
417,322,150,53,0.8872340425531915,0.3177966101694915,0.564276048714479,0.7389162561576355,0.6025153263613415,0.6898263027295285,0.6019108280254777,942,470,472
430,294,164,54,0.8884297520661157,0.35807860262008734,0.5939226519337016,0.7522935779816514,0.6232541773431015,0.7119205298013246,0.6305732484076433,942,484,458
397,339,151,55,0.8783185840707964,0.3081632653061224,0.5394021739130435,0.7330097087378641,0.5932409246884595,0.6683501683501684,0.5817409766454352,942,452,490
398,346,148,50,0.8883928571428571,0.29959514170040485,0.5349462365591398,0.7474747474747475,0.593993999421631,0.667785234899329,0.5796178343949044,942,448,494
403,356,141,42,0.9056179775280899,0.2837022132796781,0.530961791831357,0.7704918032786885,0.594660095403884,0.6694352159468439,0.5774946921443737,942,445,497
390,335,161,56,0.874439461883408,0.3245967741935484,0.5379310344827586,0.7419354838709677,0.5995181180384782,0.6660973526900086,0.5849256900212314,942,446,496
393,326,162,61,0.8656387665198237,0.3319672131147541,0.5465924895688457,0.726457399103139,0.5988029898172889,0.670076726342711,0.589171974522293,942,454,488
432,315,133,62,0.8744939271255061,0.296875,0.5783132530120482,0.6820512820512821,0.585684463562753,0.6962127316680097,0.5997876857749469,942,494,448
398,322,163,59,0.8708971553610503,0.33608247422680415,0.5527777777777778,0.7342342342342343,0.6034898147939272,0.6762956669498725,0.5955414012738853,942,457,485
406,321,149,66,0.8601694915254238,0.3170212765957447,0.5584594222833562,0.6930232558139535,0.5885953840605842,0.677231025854879,0.589171974522293,942,472,470
381,327,164,70,0.844789356984479,0.3340122199592668,0.538135593220339,0.7008547008547008,0.5894007884718728,0.6574633304572908,0.578556263269639,942,451,491
392,343,141,66,0.8558951965065502,0.29132231404958675,0.5333333333333333,0.6811594202898551,0.5736087552780684,0.6571668063704945,0.5658174097664543,942,458,484
402,334,137,69,0.8535031847133758,0.2908704883227176,0.5461956521739131,0.6650485436893204,0.5721868365180467,0.6661143330571666,0.5721868365180467,942,471,471
420,300,148,74,0.8502024291497976,0.33035714285714285,0.5833333333333334,0.6666666666666666,0.5902797860034702,0.6919275123558486,0.6029723991507431,942,494,448
409,312,140,81,0.8346938775510204,0.30973451327433627,0.5672676837725381,0.6334841628959276,0.5722141954126784,0.6754748142031379,0.5828025477707006,942,490,452
405,321,157,59,0.8728448275862069,0.3284518828451883,0.5578512396694215,0.7268518518518519,0.6006483552156976,0.680672268907563,0.5966029723991507,942,464,478
405,331,151,55,0.8804347826086957,0.3132780082987552,0.5502717391304348,0.7330097087378641,0.5968563954537254,0.6772575250836121,0.5902335456475584,942,460,482
454,274,155,59,0.884990253411306,0.3613053613053613,0.6236263736263736,0.7242990654205608,0.6231478073583336,0.7316680096696213,0.6464968152866242,942,513,429
390,331,154,67,0.8533916849015317,0.31752577319587627,0.5409153952843273,0.6968325791855203,0.585458729048704,0.6621392190152801,0.5774946921443737,942,457,485
416,338,136,52,0.8888888888888888,0.2869198312236287,0.5517241379310345,0.723404255319149,0.5879043600562588,0.6808510638297872,0.5859872611464968,942,468,474
418,317,157,50,0.8931623931623932,0.33122362869198313,0.5687074829931973,0.7584541062801933,0.6121930109271881,0.6949293433083958,0.6104033970276008,942,468,474
439,311,134,58,0.8832997987927566,0.30112359550561796,0.5853333333333334,0.6979166666666666,0.5922116971491873,0.7040898155573376,0.60828025477707,942,497,445
433,319,134,56,0.885480572597137,0.2958057395143488,0.5757978723404256,0.7052631578947368,0.5906431560557429,0.6978243352135375,0.6019108280254777,942,489,453
391,350,146,55,0.8766816143497758,0.29435483870967744,0.5276653171390013,0.7263681592039801,0.5855182265297266,0.6588037068239259,0.5700636942675159,942,446,496
411,326,154,51,0.8896103896103896,0.32083333333333336,0.5576662143826323,0.751219512195122,0.6052218614718615,0.6855713094245205,0.5997876857749469,942,462,480
424,304,154,60,0.8760330578512396,0.33624454148471616,0.5824175824175825,0.719626168224299,0.6061387996679779,0.6996699669966997,0.613588110403397,942,484,458
398,337,149,58,0.8728070175438597,0.3065843621399177,0.5414965986394558,0.7198067632850241,0.5896956898418887,0.6683459277917717,0.5806794055201698,942,456,486
412,320,147,63,0.8673684210526316,0.3147751605995717,0.5628415300546448,0.7,0.5910717908261016,0.6826843413421707,0.5934182590233545,942,475,467
392,335,159,56,0.875,0.32186234817813764,0.5392022008253095,0.7395348837209302,0.5984311740890689,0.6672340425531914,0.5849256900212314,942,448,494
396,315,160,71,0.8479657387580299,0.3368421052631579,0.5569620253164557,0.6926406926406926,0.5924039220105939,0.6723259762308997,0.5902335456475584,942,467,475
415,327,150,50,0.8924731182795699,0.31446540880503143,0.5592991913746631,0.75,0.6034692635423007,0.687655343827672,0.5997876857749469,942,465,477
430,332,127,53,0.8902691511387164,0.2766884531590414,0.5643044619422573,0.7055555555555556,0.5834788021488789,0.6907630522088354,0.5912951167728238,942,483,459
385,365,141,51,0.8830275229357798,0.27865612648221344,0.5133333333333333,0.734375,0.5808418247089966,0.6492411467116358,0.5583864118895966,942,436,506
392,324,161,65,0.8577680525164114,0.3319587628865979,0.547486033519553,0.7123893805309734,0.5948634077015047,0.6683716965046889,0.5870488322717622,942,457,485
422,312,145,63,0.8701030927835052,0.3172866520787746,0.5749318801089919,0.6971153846153846,0.5936948724311399,0.6923707957342085,0.6019108280254777,942,485,457
396,321,162,63,0.8627450980392157,0.33540372670807456,0.5523012552301255,0.72,0.5990744123736451,0.6734693877551021,0.5923566878980892,942,459,483
408,333,140,61,0.8699360341151386,0.2959830866807611,0.5506072874493927,0.6965174129353234,0.5829595603979498,0.6743801652892562,0.5817409766454352,942,469,473
409,312,149,72,0.8503118503118503,0.3232104121475054,0.5672676837725381,0.6742081447963801,0.5867611312296779,0.6805324459234608,0.5923566878980892,942,481,461
411,317,154,60,0.8726114649681529,0.32696390658174096,0.5645604395604396,0.719626168224299,0.5997876857749469,0.6855713094245204,0.5997876857749469,942,471,471
404,318,153,67,0.8577494692144374,0.3248407643312102,0.5595567867036011,0.6954545454545454,0.5912951167728238,0.6772841575859179,0.5912951167728238,942,471,471
409,332,145,56,0.8795698924731182,0.3039832285115304,0.5519568151147098,0.7213930348258707,0.5917765604923243,0.6782752902155886,0.5881104033970276,942,465,477
390,344,147,61,0.8647450110864745,0.29938900203665986,0.5313351498637602,0.7067307692307693,0.5820670065615672,0.6582278481012658,0.5700636942675159,942,451,491
400,338,142,62,0.8658008658008658,0.29583333333333334,0.5420054200542005,0.696078431372549,0.5808170995670996,0.6666666666666667,0.5753715498938429,942,462,480
384,339,165,54,0.8767123287671232,0.3273809523809524,0.5311203319502075,0.7534246575342466,0.6020466405740378,0.661498708010336,0.5828025477707006,942,438,504
397,336,161,48,0.8921348314606742,0.323943661971831,0.5416098226466576,0.7703349282296651,0.6080392467162525,0.6740237691001698,0.5923566878980892,942,445,497
418,328,133,63,0.8690228690228691,0.2885032537960954,0.5603217158176944,0.6785714285714286,0.5787630614094823,0.6813365933170334,0.5849256900212314,942,481,461
409,310,156,67,0.8592436974789915,0.33476394849785407,0.56884561891516,0.6995515695067265,0.5970038229884228,0.6845188284518828,0.5997876857749469,942,476,466
388,363,137,54,0.8778280542986425,0.274,0.5166444740346205,0.7172774869109948,0.5759140271493213,0.6504610226320201,0.5573248407643312,942,442,500
393,316,158,75,0.8397435897435898,0.3333333333333333,0.5543018335684062,0.6781115879828327,0.5865384615384616,0.6677994902293969,0.5849256900212314,942,468,474
409,327,149,57,0.8776824034334764,0.3130252100840336,0.5557065217391305,0.7233009708737864,0.5953538067587549,0.6805324459234608,0.5923566878980892,942,466,476
414,326,146,56,0.8808510638297873,0.3093220338983051,0.5594594594594594,0.7227722772277227,0.5950865488640462,0.6842975206611569,0.5944798301486199,942,470,472
400,354,141,47,0.8948545861297539,0.28484848484848485,0.5305039787798409,0.75,0.5898515354891194,0.6661115736885929,0.5743099787685775,942,447,495
418,325,132,67,0.8618556701030928,0.2888402625820569,0.5625841184387618,0.6633165829145728,0.5753479663425749,0.6807817589576548,0.583864118895966,942,485,457
385,332,157,68,0.8498896247240618,0.3210633946830266,0.5369595536959554,0.6977777777777778,0.5854765097035441,0.6581196581196581,0.5753715498938429,942,453,489
386,334,147,75,0.8373101952277657,0.30561330561330563,0.5361111111111111,0.6621621621621622,0.5714617504205357,0.6536833192209991,0.5658174097664543,942,461,481
396,334,151,61,0.8665207877461707,0.311340206185567,0.5424657534246575,0.7122641509433962,0.5889304969658689,0.6672283066554339,0.5806794055201698,942,457,485
369,352,172,49,0.8827751196172249,0.3282442748091603,0.5117891816920943,0.7782805429864253,0.6055096972131926,0.6479367866549605,0.5743099787685775,942,418,524
415,310,153,64,0.8663883089770354,0.3304535637149028,0.5724137931034483,0.7050691244239631,0.5984209363459692,0.6893687707641196,0.6029723991507431,942,479,463
397,341,143,61,0.8668122270742358,0.29545454545454547,0.537940379403794,0.7009803921568627,0.5811333862643906,0.6638795986622074,0.5732484076433121,942,458,484
378,348,163,53,0.877030162412993,0.31898238747553814,0.5206611570247934,0.7546296296296297,0.5980062749442656,0.6534140017286085,0.5743099787685775,942,431,511
375,339,165,63,0.8561643835616438,0.3273809523809524,0.5252100840336135,0.7236842105263158,0.5917726679712981,0.6510416666666666,0.5732484076433121,942,438,504
438,311,128,65,0.8707753479125249,0.29157175398633256,0.5847797062750334,0.6632124352331606,0.5811735509494287,0.6996805111821086,0.6008492569002123,942,503,439
415,322,151,54,0.8848614072494669,0.3192389006342495,0.5630936227951153,0.7365853658536585,0.6020501539418582,0.6882255389718076,0.6008492569002123,942,469,473
408,333,148,53,0.8850325379609545,0.3076923076923077,0.5506072874493927,0.736318407960199,0.5963624228266311,0.6788685524126455,0.5902335456475584,942,461,481
418,327,131,66,0.8636363636363636,0.28602620087336245,0.5610738255033557,0.6649746192893401,0.574831282254863,0.6802278275020341,0.5828025477707006,942,484,458
424,310,145,63,0.8706365503080082,0.31868131868131866,0.5776566757493188,0.6971153846153846,0.5946589344946634,0.6945126945126945,0.6040339702760085,942,487,455
404,332,148,58,0.8744588744588745,0.30833333333333335,0.5489130434782609,0.7184466019417476,0.591396103896104,0.6744574290484141,0.5859872611464968,942,462,480
421,327,136,58,0.8789144050104384,0.2937365010799136,0.5628342245989305,0.7010309278350515,0.586325453045176,0.6862265688671556,0.5912951167728238,942,479,463
411,303,147,81,0.8353658536585366,0.32666666666666666,0.5756302521008403,0.6447368421052632,0.5810162601626017,0.681592039800995,0.5923566878980892,942,492,450
418,325,134,65,0.865424430641822,0.29193899782135074,0.5625841184387618,0.6733668341708543,0.5786817142315863,0.6818923327895595,0.5859872611464968,942,483,459
404,335,139,64,0.8632478632478633,0.29324894514767935,0.5466847090663058,0.6847290640394089,0.5782484041977713,0.6694283347141674,0.5764331210191083,942,468,474
397,335,142,68,0.853763440860215,0.2976939203354298,0.5423497267759563,0.6761904761904762,0.5757286805978225,0.6633249791144528,0.5721868365180467,942,465,477
418,328,146,50,0.8931623931623932,0.3080168776371308,0.5603217158176944,0.7448979591836735,0.600589635399762,0.6886326194398682,0.5987261146496815,942,468,474
410,334,147,51,0.8893709327548807,0.30561330561330563,0.5510752688172043,0.7424242424242424,0.5974921191840932,0.6804979253112032,0.5912951167728238,942,461,481
438,319,143,42,0.9125,0.30952380952380953,0.5785997357992074,0.772972972972973,0.6110119047619047,0.7081649151172191,0.6167728237791932,942,480,462
404,298,169,71,0.8505263157894737,0.3618843683083512,0.5754985754985755,0.7041666666666667,0.6062053420489124,0.6864910790144436,0.60828025477707,942,475,467
391,338,146,67,0.8537117903930131,0.30165289256198347,0.5363511659807956,0.6854460093896714,0.5776823414774983,0.6588037068239259,0.5700636942675159,942,458,484
388,351,150,53,0.8798185941043084,0.2994011976047904,0.5250338294993234,0.7389162561576355,0.5896098958545494,0.6576271186440679,0.5711252653927813,942,441,501
428,323,137,54,0.8879668049792531,0.29782608695652174,0.5699067909454061,0.7172774869109948,0.5928964459678874,0.6942416869424168,0.5997876857749469,942,482,460
407,320,174,41,0.9084821428571429,0.3522267206477733,0.5598349381017882,0.8093023255813954,0.6303544317524581,0.6927659574468087,0.6167728237791932,942,448,494
401,354,128,59,0.8717391304347826,0.26556016597510373,0.5311258278145695,0.6844919786096256,0.5686496482049431,0.660082304526749,0.5615711252653928,942,460,482
404,313,162,63,0.8650963597430407,0.3410526315789474,0.5634588563458857,0.72,0.603074495660994,0.6824324324324325,0.6008492569002123,942,467,475
394,342,152,54,0.8794642857142857,0.3076923076923077,0.5353260869565217,0.7378640776699029,0.5935782967032968,0.6655405405405405,0.5796178343949044,942,448,494
376,346,164,56,0.8703703703703703,0.3215686274509804,0.5207756232686981,0.7454545454545455,0.5959694989106754,0.6516464471403812,0.5732484076433121,942,432,510
374,351,156,61,0.8597701149425288,0.3076923076923077,0.5158620689655172,0.7188940092165899,0.5837312113174182,0.6448275862068965,0.5626326963906582,942,435,507
391,341,159,51,0.8846153846153846,0.318,0.5341530054644809,0.7571428571428571,0.6013076923076923,0.6660988074957411,0.583864118895966,942,442,500
420,320,146,56,0.8823529411764706,0.3133047210300429,0.5675675675675675,0.7227722772277227,0.5978288311032567,0.6907894736842105,0.6008492569002123,942,476,466
398,322,153,69,0.8522483940042827,0.32210526315789473,0.5527777777777778,0.6891891891891891,0.5871768285810887,0.6705981465880371,0.5849256900212314,942,467,475
400,330,156,56,0.8771929824561403,0.32098765432098764,0.547945205479452,0.7358490566037735,0.599090318388564,0.6745362563237773,0.5902335456475584,942,456,486
418,334,138,52,0.8893617021276595,0.2923728813559322,0.5558510638297872,0.7263157894736842,0.5908672917417959,0.6841243862520457,0.5902335456475584,942,470,472
439,329,122,52,0.8940936863543788,0.270509977827051,0.5716145833333334,0.7011494252873564,0.582301832090715,0.6973788721207307,0.5955414012738853,942,491,451
396,344,140,62,0.8646288209606987,0.2892561983471074,0.5351351351351351,0.693069306930693,0.576942509653903,0.66110183639399,0.5690021231422505,942,458,484
444,298,148,52,0.8951612903225806,0.33183856502242154,0.5983827493261455,0.74,0.613499927672501,0.7172859450726979,0.6284501061571125,942,496,446
420,326,143,53,0.8879492600422833,0.3049040511727079,0.5630026809651475,0.7295918367346939,0.5964266556074955,0.6890894175553732,0.5976645435244161,942,473,469
394,329,150,69,0.8509719222462203,0.31315240083507306,0.5449515905947441,0.684931506849315,0.5820621615406467,0.6644182124789207,0.5774946921443737,942,463,479
387,324,161,70,0.8468271334792122,0.3319587628865979,0.5443037974683544,0.696969696969697,0.5893929481829051,0.6626712328767124,0.5817409766454352,942,457,485
402,325,148,67,0.8571428571428571,0.3128964059196617,0.5529573590096286,0.6883720930232559,0.5850196315312595,0.6722408026755853,0.583864118895966,942,469,473
376,354,153,59,0.864367816091954,0.30177514792899407,0.5150684931506849,0.7216981132075472,0.5830714820104741,0.6454935622317597,0.5615711252653928,942,435,507
386,337,148,71,0.8446389496717724,0.30515463917525776,0.5338865836791148,0.6757990867579908,0.574896794423515,0.6542372881355932,0.5668789808917197,942,457,485
408,321,155,58,0.8755364806866953,0.32563025210084034,0.5596707818930041,0.7276995305164319,0.6005833663937679,0.6828451882845189,0.5976645435244161,942,466,476
411,319,149,63,0.8670886075949367,0.31837606837606836,0.563013698630137,0.7028301886792453,0.5927323379855025,0.6827242524916944,0.5944798301486199,942,474,468
431,315,133,63,0.8724696356275303,0.296875,0.5777479892761395,0.6785714285714286,0.5846723178137652,0.6951612903225807,0.5987261146496815,942,494,448
414,317,164,47,0.8980477223427332,0.340956340956341,0.5663474692202463,0.7772511848341233,0.6195020316495371,0.6946308724832215,0.613588110403397,942,461,481
386,352,146,58,0.8693693693693694,0.2931726907630522,0.5230352303523035,0.7156862745098039,0.5812710300662107,0.6531302876480541,0.564755838641189,942,444,498
382,340,157,63,0.8584269662921349,0.3158953722334004,0.5290858725761773,0.7136363636363636,0.5871611692627676,0.6546700942587833,0.5721868365180467,942,445,497
401,341,128,72,0.8477801268498943,0.27292110874200426,0.5404312668463612,0.64,0.5603506177959493,0.660082304526749,0.5615711252653928,942,473,469
390,353,144,55,0.8764044943820225,0.289738430583501,0.5248990578734859,0.7236180904522613,0.5830714624827618,0.6565656565656566,0.5668789808917197,942,445,497
405,327,142,68,0.8562367864693446,0.302771855010661,0.5532786885245902,0.6761904761904762,0.5795043207400028,0.6721991701244814,0.5806794055201698,942,473,469
394,355,135,58,0.8716814159292036,0.2755102040816326,0.5260347129506008,0.6994818652849741,0.5735958100054181,0.6561199000832639,0.5615711252653928,942,452,490
403,338,143,58,0.8741865509761388,0.2972972972972973,0.543859649122807,0.7114427860696517,0.5857419241367181,0.6705490848585691,0.5796178343949044,942,461,481
403,329,144,66,0.8592750533049041,0.3044397463002114,0.5505464480874317,0.6857142857142857,0.5818573998025578,0.6711074104912573,0.5806794055201698,942,469,473
422,316,145,59,0.8773388773388774,0.31453362255965295,0.5718157181571816,0.7107843137254902,0.5959362499492652,0.6923707957342085,0.6019108280254777,942,481,461
413,318,152,59,0.875,0.32340425531914896,0.5649794801641587,0.7203791469194313,0.5992021276595745,0.6866167913549459,0.5997876857749469,942,472,470
415,335,132,60,0.8736842105263158,0.2826552462526767,0.5533333333333333,0.6875,0.5781697283894962,0.6775510204081634,0.5806794055201698,942,475,467
403,335,154,50,0.8896247240618101,0.3149284253578732,0.5460704607046071,0.7549019607843137,0.6022765747098416,0.6767422334172963,0.5912951167728238,942,453,489
398,344,143,57,0.8747252747252747,0.2936344969199179,0.5363881401617251,0.715,0.5841798858225963,0.6649958228905598,0.5743099787685775,942,455,487
409,330,145,58,0.8758029978586723,0.30526315789473685,0.5534506089309879,0.7142857142857143,0.5905330778767046,0.6782752902155887,0.5881104033970276,942,467,475
405,321,153,63,0.8653846153846154,0.3227848101265823,0.5578512396694215,0.7083333333333334,0.5940847127555988,0.678391959798995,0.5923566878980892,942,468,474
409,344,134,55,0.8814655172413793,0.2803347280334728,0.5431606905710491,0.708994708994709,0.5809001226374261,0.6721446179129005,0.5764331210191083,942,464,478
380,346,152,64,0.8558558558558559,0.30522088353413657,0.5234159779614325,0.7037037037037037,0.5805383696949962,0.6495726495726496,0.564755838641189,942,444,498
396,328,143,75,0.8407643312101911,0.3036093418259023,0.5469613259668509,0.6559633027522935,0.5721868365180467,0.6627615062761507,0.5721868365180467,942,471,471
405,340,142,55,0.8804347826086957,0.2946058091286307,0.5436241610738255,0.7208121827411168,0.5875202958686632,0.6721991701244814,0.5806794055201698,942,460,482
400,327,145,70,0.851063829787234,0.3072033898305085,0.5502063273727648,0.6744186046511628,0.5791336098088713,0.6683375104427736,0.578556263269639,942,470,472
397,340,151,54,0.8802660753880266,0.3075356415478615,0.5386702849389416,0.7365853658536585,0.593900858467944,0.6683501683501684,0.5817409766454352,942,451,491
412,334,146,50,0.8917748917748918,0.30416666666666664,0.5522788203753352,0.7448979591836735,0.5979707792207792,0.6821192052980133,0.5923566878980892,942,462,480
407,319,147,69,0.8550420168067226,0.315450643776824,0.5606060606060606,0.6805555555555556,0.5852463302917733,0.6772046589018301,0.5881104033970276,942,476,466
422,321,136,63,0.8701030927835052,0.2975929978118162,0.5679676985195155,0.6834170854271356,0.5838480452976607,0.6872964169381107,0.5923566878980892,942,485,457
403,326,154,59,0.8722943722943723,0.32083333333333336,0.5528120713305898,0.7230046948356808,0.5965638528138528,0.6767422334172964,0.5912951167728238,942,462,480
397,320,155,70,0.8501070663811563,0.3263157894736842,0.5536959553695955,0.6888888888888889,0.5882114279274202,0.670608108108108,0.5859872611464968,942,467,475
403,327,144,68,0.8556263269639066,0.3057324840764331,0.552054794520548,0.6792452830188679,0.5806794055201698,0.6711074104912572,0.5806794055201698,942,471,471
387,340,166,49,0.8876146788990825,0.32806324110671936,0.53232462173315,0.772093023255814,0.6078389600029009,0.6655202063628547,0.5870488322717622,942,436,506
406,348,142,46,0.8982300884955752,0.2897959183673469,0.5384615384615384,0.7553191489361702,0.594013003431461,0.6733001658374793,0.5817409766454352,942,452,490
382,347,135,78,0.8304347826086956,0.2800829875518672,0.52400548696845,0.6338028169014085,0.5552588850802814,0.6425567703952901,0.5488322717622081,942,460,482
414,323,141,64,0.8661087866108786,0.30387931034482757,0.5617367706919946,0.6878048780487804,0.5849940484778531,0.6814814814814815,0.589171974522293,942,478,464
402,327,146,67,0.8571428571428571,0.3086680761099366,0.551440329218107,0.6854460093896714,0.5829054666263969,0.6711185308848081,0.5817409766454352,942,469,473
404,300,182,56,0.8782608695652174,0.3775933609958506,0.5738636363636364,0.7647058823529411,0.627927115280534,0.6941580756013745,0.6220806794055201,942,460,482
390,332,163,57,0.87248322147651,0.3292929292929293,0.5401662049861495,0.740909090909091,0.6008880753847197,0.6672369546621043,0.5870488322717622,942,447,495
413,308,157,64,0.8658280922431866,0.33763440860215055,0.5728155339805825,0.7104072398190046,0.6017312504226686,0.689482470784641,0.6050955414012739,942,477,465
385,350,156,51,0.8830275229357798,0.308300395256917,0.5238095238095238,0.7536231884057971,0.5956639590963484,0.6575576430401368,0.5743099787685775,942,436,506
406,300,182,54,0.8826086956521739,0.3775933609958506,0.5750708215297451,0.7711864406779662,0.6301010283240123,0.6963979416809606,0.6242038216560509,942,460,482
398,319,154,71,0.8486140724946695,0.32558139534883723,0.5550906555090656,0.6844444444444444,0.5870977339217534,0.6711635750421585,0.5859872611464968,942,469,473
438,321,141,42,0.9125,0.3051948051948052,0.5770750988142292,0.7704918032786885,0.6088474025974026,0.7070217917675545,0.6146496815286624,942,480,462
392,341,147,62,0.8634361233480177,0.3012295081967213,0.5347885402455662,0.7033492822966507,0.5823328157723695,0.6604886267902275,0.5721868365180467,942,454,488
428,326,137,51,0.8935281837160751,0.2958963282937365,0.5676392572944297,0.7287234042553191,0.5947122560049058,0.6942416869424168,0.5997876857749469,942,479,463
426,329,136,51,0.8930817610062893,0.2924731182795699,0.5642384105960265,0.7272727272727273,0.5927774396429296,0.6915584415584416,0.5966029723991507,942,477,465
391,334,160,57,0.8727678571428571,0.32388663967611336,0.5393103448275862,0.7373271889400922,0.5983272484094853,0.6666666666666667,0.5849256900212314,942,448,494
409,343,134,56,0.8795698924731182,0.2809224318658281,0.5438829787234043,0.7052631578947368,0.5802461621694732,0.6721446179129006,0.5764331210191083,942,465,477
400,327,162,53,0.8830022075055187,0.3312883435582822,0.5502063273727648,0.7534883720930232,0.6071452755319005,0.6779661016949152,0.5966029723991507,942,453,489
394,321,168,59,0.869757174392936,0.34355828220858897,0.551048951048951,0.7400881057268722,0.6066577283007625,0.6746575342465754,0.5966029723991507,942,453,489
390,351,142,59,0.8685968819599109,0.2880324543610548,0.5263157894736842,0.7064676616915423,0.5783146681604828,0.6554621848739496,0.564755838641189,942,449,493
395,331,152,64,0.8605664488017429,0.3146997929606625,0.5440771349862259,0.7037037037037037,0.5876331208812027,0.6666666666666667,0.5806794055201698,942,459,483
409,327,147,59,0.8739316239316239,0.310126582278481,0.5557065217391305,0.7135922330097088,0.5920291031050524,0.6794019933554818,0.5902335456475584,942,468,474
392,334,158,58,0.8711111111111111,0.32113821138211385,0.5399449035812672,0.7314814814814815,0.5961246612466125,0.6666666666666666,0.583864118895966,942,450,492
421,320,131,70,0.8574338085539714,0.29046563192904656,0.5681511470985156,0.6517412935323383,0.573949720241509,0.6834415584415584,0.5859872611464968,942,491,451
412,330,158,42,0.9074889867841409,0.3237704918032787,0.555256064690027,0.79,0.6156297392937098,0.688963210702341,0.6050955414012739,942,454,488
380,347,156,59,0.8656036446469249,0.3101391650099404,0.5226960110041265,0.7255813953488373,0.5878714048284326,0.6518010291595198,0.5690021231422505,942,439,503
417,317,152,56,0.8816067653276956,0.32409381663113007,0.5681198910081744,0.7307692307692307,0.6028502909794128,0.6909693454846727,0.6040339702760085,942,473,469
395,332,148,67,0.854978354978355,0.30833333333333335,0.5433287482806052,0.6883720930232559,0.5816558441558441,0.6644238856181666,0.5764331210191083,942,462,480
409,307,151,75,0.8450413223140496,0.3296943231441048,0.5712290502793296,0.668141592920354,0.5873678227290772,0.6816666666666666,0.5944798301486199,942,484,458
402,314,152,74,0.8445378151260504,0.3261802575107296,0.5614525139664804,0.672566371681416,0.58535903631839,0.674496644295302,0.5881104033970276,942,476,466
407,308,169,58,0.875268817204301,0.35429769392033544,0.5692307692307692,0.7444933920704846,0.6147832555623183,0.6898305084745763,0.6114649681528662,942,465,477
424,330,128,60,0.8760330578512396,0.2794759825327511,0.5623342175066313,0.6808510638297872,0.5777545201919954,0.6849757673667204,0.5859872611464968,942,484,458
397,324,157,64,0.8611713665943601,0.3264033264033264,0.550624133148405,0.7104072398190046,0.5937873464988432,0.6717428087986463,0.5881104033970276,942,461,481
388,342,144,68,0.8508771929824561,0.2962962962962963,0.5315068493150685,0.6792452830188679,0.5735867446393762,0.654300168634064,0.564755838641189,942,456,486
388,333,146,75,0.838012958963283,0.3048016701461378,0.5381414701803051,0.6606334841628959,0.5714073145547104,0.6554054054054054,0.5668789808917197,942,463,479
402,335,141,64,0.8626609442060086,0.296218487394958,0.5454545454545454,0.6878048780487804,0.5794397158004833,0.6683291770573566,0.5764331210191083,942,466,476
410,320,144,68,0.8577405857740585,0.3103448275862069,0.5616438356164384,0.6792452830188679,0.5840427066801327,0.6788079470198676,0.5881104033970276,942,478,464
421,312,152,57,0.8807531380753139,0.3275862068965517,0.5743519781718963,0.7272727272727273,0.6041696724859328,0.6952931461601982,0.60828025477707,942,478,464
421,317,141,63,0.8698347107438017,0.3078602620087336,0.5704607046070461,0.6911764705882353,0.5888474863762676,0.6890343698854338,0.5966029723991507,942,484,458
400,308,170,64,0.8620689655172413,0.35564853556485354,0.5649717514124294,0.7264957264957265,0.6088587505410474,0.6825938566552902,0.6050955414012739,942,464,478
413,333,142,54,0.8843683083511777,0.29894736842105263,0.5536193029490617,0.7244897959183674,0.5916578383861152,0.6809563066776587,0.589171974522293,942,467,475
413,328,141,60,0.8731501057082452,0.3006396588486141,0.5573549257759784,0.7014925373134329,0.5868948822784297,0.6803953871499175,0.5881104033970276,942,473,469
425,327,129,61,0.8744855967078189,0.28289473684210525,0.5651595744680851,0.6789473684210526,0.5786901667749621,0.6865912762520193,0.5881104033970276,942,486,456
408,311,161,62,0.8680851063829788,0.3411016949152542,0.5674547983310153,0.7219730941704036,0.6045934006491165,0.6862910008410429,0.6040339702760085,942,470,472
389,343,148,62,0.8625277161862528,0.3014256619144603,0.5314207650273224,0.7047619047619048,0.5819766890503566,0.6576500422654269,0.5700636942675159,942,451,491
413,314,159,56,0.8805970149253731,0.3361522198731501,0.5680880330123796,0.7395348837209302,0.6083746173992616,0.6906354515050168,0.6072186836518046,942,469,473
397,326,160,59,0.8706140350877193,0.3292181069958848,0.5491009681881052,0.730593607305936,0.599916071041802,0.6734520780322306,0.5912951167728238,942,456,486
423,301,162,56,0.8830897703549061,0.34989200863930886,0.5842541436464088,0.7431192660550459,0.6164908894971075,0.7032418952618453,0.6210191082802548,942,479,463
411,310,151,70,0.8544698544698545,0.3275488069414317,0.5700416088765603,0.6832579185520362,0.5910093307056431,0.6838602329450915,0.5966029723991507,942,481,461
368,372,149,53,0.8741092636579573,0.28598848368522073,0.4972972972972973,0.7376237623762376,0.580048873671589,0.6339362618432386,0.5488322717622081,942,421,521
434,301,136,71,0.8594059405940594,0.3112128146453089,0.5904761904761905,0.6570048309178744,0.5853093776196842,0.7000000000000001,0.6050955414012739,942,505,437
407,344,127,64,0.8641188959660298,0.26963906581740976,0.5419440745672437,0.6649214659685864,0.5668789808917197,0.6661211129296236,0.5668789808917197,942,471,471
402,334,160,46,0.8973214285714286,0.32388663967611336,0.5461956521739131,0.7766990291262136,0.610604034123771,0.6790540540540542,0.5966029723991507,942,448,494
388,344,160,50,0.8858447488584474,0.31746031746031744,0.5300546448087432,0.7619047619047619,0.6016525331593825,0.6632478632478632,0.5817409766454352,942,438,504
409,320,156,57,0.8776824034334764,0.3277310924369748,0.5610425240054869,0.7323943661971831,0.6027067479352256,0.6845188284518828,0.5997876857749469,942,466,476
409,326,145,62,0.8683651804670913,0.3078556263269639,0.5564625850340136,0.7004830917874396,0.5881104033970276,0.6782752902155887,0.5881104033970276,942,471,471
398,346,149,49,0.8903803131991052,0.301010101010101,0.5349462365591398,0.7525252525252525,0.5956952071046031,0.6683459277917717,0.5806794055201698,942,447,495
396,340,148,58,0.8722466960352423,0.30327868852459017,0.5380434782608695,0.7184466019417476,0.5877626922799162,0.6655462184873949,0.5774946921443737,942,454,488
394,356,130,62,0.8640350877192983,0.2674897119341564,0.5253333333333333,0.6770833333333334,0.5657623998267274,0.6533996683250415,0.5562632696390658,942,456,486
393,351,141,57,0.8733333333333333,0.2865853658536585,0.5282258064516129,0.7121212121212122,0.5799593495934959,0.6582914572864321,0.5668789808917197,942,450,492
401,332,154,55,0.8793859649122807,0.3168724279835391,0.5470668485675307,0.7368421052631579,0.5981291964479098,0.6745164003364172,0.589171974522293,942,456,486
416,323,133,70,0.8559670781893004,0.2916666666666667,0.5629228687415426,0.6551724137931034,0.5738168724279835,0.6791836734693877,0.5828025477707006,942,486,456
388,350,146,58,0.8699551569506726,0.29435483870967744,0.5257452574525745,0.7156862745098039,0.582154997830175,0.6554054054054054,0.5668789808917197,942,446,496
417,312,155,58,0.8778947368421053,0.33190578158458245,0.5720164609053497,0.7276995305164319,0.6049002592133439,0.6926910299003323,0.6072186836518046,942,475,467
425,301,150,66,0.8655804480651731,0.3325942350332594,0.5853994490358126,0.6944444444444444,0.5990873415492163,0.6984387838948233,0.6104033970276008,942,491,451
420,320,143,59,0.8768267223382046,0.30885529157667385,0.5675675675675675,0.7079207920792079,0.5928410069574392,0.6890894175553732,0.5976645435244161,942,479,463
418,308,145,71,0.8548057259713702,0.3200883002207506,0.5757575757575758,0.6712962962962963,0.5874470130960604,0.6880658436213991,0.5976645435244161,942,489,453
399,348,128,67,0.8562231759656652,0.2689075630252101,0.5341365461847389,0.6564102564102564,0.5625653694954377,0.6578730420445178,0.559447983014862,942,466,476
421,304,167,50,0.8938428874734607,0.35456475583864117,0.5806896551724138,0.7695852534562212,0.6242038216560509,0.7040133779264214,0.6242038216560509,942,471,471
444,294,144,60,0.8809523809523809,0.3287671232876712,0.6016260162601627,0.7058823529411765,0.6048597521200261,0.7149758454106281,0.6242038216560509,942,504,438
410,352,123,57,0.8779443254817987,0.25894736842105265,0.5380577427821522,0.6833333333333333,0.5684458469514256,0.6672091131000814,0.5658174097664543,942,467,475
404,339,143,56,0.8782608695652174,0.2966804979253112,0.5437415881561238,0.7185929648241206,0.5874706837452643,0.6716541978387365,0.5806794055201698,942,460,482
412,334,133,63,0.8673684210526316,0.284796573875803,0.5522788203753352,0.6785714285714286,0.5760824974642172,0.6748566748566748,0.578556263269639,942,475,467
394,334,151,63,0.862144420131291,0.311340206185567,0.5412087912087912,0.705607476635514,0.5867423131584291,0.6649789029535865,0.578556263269639,942,457,485
392,348,148,54,0.8789237668161435,0.29838709677419356,0.5297297297297298,0.7326732673267327,0.5886554317951685,0.6610455311973019,0.5732484076433121,942,446,496
417,330,120,75,0.8475609756097561,0.26666666666666666,0.5582329317269076,0.6153846153846154,0.5571138211382114,0.6731234866828087,0.5700636942675159,942,492,450
414,319,155,54,0.8846153846153846,0.3270042194092827,0.5648021828103683,0.7416267942583732,0.6058098020123337,0.6894254787676936,0.6040339702760085,942,468,474
411,338,135,58,0.8763326226012793,0.2854122621564482,0.5487316421895861,0.6994818652849741,0.5808724423788638,0.6748768472906403,0.5796178343949044,942,469,473
390,329,159,64,0.8590308370044053,0.32581967213114754,0.5424200278164116,0.7130044843049327,0.5924252545677764,0.6649616368286445,0.5828025477707006,942,454,488
405,326,159,52,0.8862144420131292,0.32783505154639175,0.5540355677154583,0.7535545023696683,0.6070247467797605,0.6818181818181818,0.5987261146496815,942,457,485
419,326,142,55,0.8839662447257384,0.3034188034188034,0.5624161073825503,0.7208121827411168,0.5936925240722709,0.6874487284659557,0.5955414012738853,942,474,468
394,350,139,59,0.869757174392936,0.2842535787321063,0.5295698924731183,0.702020202020202,0.5770053765625212,0.658312447786132,0.5658174097664543,942,453,489
418,330,151,43,0.9067245119305857,0.31392931392931395,0.5588235294117647,0.7783505154639175,0.6103269129299498,0.6914805624483042,0.6040339702760085,942,461,481
411,317,151,63,0.8670886075949367,0.32264957264957267,0.5645604395604396,0.705607476635514,0.5948690901222546,0.6838602329450915,0.5966029723991507,942,474,468
397,346,143,56,0.8763796909492274,0.29243353783231085,0.5343203230148048,0.7185929648241206,0.5844066143907691,0.6638795986622074,0.5732484076433121,942,453,489
403,329,139,71,0.8502109704641351,0.297008547008547,0.5505464480874317,0.6619047619047619,0.573609758736341,0.6683250414593698,0.5753715498938429,942,474,468
412,338,130,62,0.869198312236287,0.2777777777777778,0.5493333333333333,0.6770833333333334,0.5734880450070323,0.673202614379085,0.5753715498938429,942,474,468
418,320,132,72,0.8530612244897959,0.2920353982300885,0.5663956639566395,0.6470588235294118,0.5725483113599422,0.6807817589576547,0.583864118895966,942,490,452
408,335,139,60,0.8717948717948718,0.29324894514767935,0.5491251682368775,0.6984924623115578,0.5825219084712756,0.6738232865400496,0.5806794055201698,942,468,474
419,336,142,45,0.9030172413793104,0.29707112970711297,0.5549668874172186,0.7593582887700535,0.6000441855432117,0.6874487284659557,0.5955414012738853,942,464,478
388,320,169,65,0.8565121412803532,0.3456032719836401,0.5480225988700564,0.7222222222222222,0.6010577066319966,0.6683893195521102,0.5912951167728238,942,453,489
415,312,159,56,0.881104033970276,0.3375796178343949,0.5708390646492435,0.7395348837209302,0.6093418259023354,0.6928213689482471,0.6093418259023354,942,471,471
412,323,148,59,0.8747346072186837,0.31422505307855625,0.5605442176870749,0.714975845410628,0.5944798301486199,0.6832504145936982,0.5944798301486199,942,471,471
450,293,137,62,0.87890625,0.3186046511627907,0.6056527590847914,0.6884422110552764,0.5987554505813953,0.7171314741035856,0.6231422505307855,942,512,430
400,329,153,60,0.8695652173913043,0.31742738589211617,0.5486968449931413,0.7183098591549296,0.5934963016417103,0.6728343145500421,0.5870488322717622,942,460,482
414,323,152,53,0.8865096359743041,0.32,0.5617367706919946,0.7414634146341463,0.6032548179871521,0.6877076411960134,0.6008492569002123,942,467,475
389,340,148,65,0.8568281938325991,0.30327868852459017,0.53360768175583,0.6948356807511737,0.5800534411785947,0.6576500422654269,0.5700636942675159,942,454,488
392,327,150,73,0.843010752688172,0.31446540880503143,0.545201668984701,0.672645739910314,0.5787380807466017,0.6621621621621622,0.5753715498938429,942,465,477
391,346,140,65,0.8574561403508771,0.2880658436213992,0.5305291723202171,0.6829268292682927,0.5727609919861382,0.6554903604358759,0.5636942675159236,942,456,486
411,315,146,70,0.8544698544698545,0.31670281995661603,0.5661157024793388,0.6759259259259259,0.5855863372132353,0.6810273405136702,0.5912951167728238,942,481,461
432,300,149,61,0.8762677484787018,0.33184855233853006,0.5901639344262295,0.7095238095238096,0.604058150408616,0.7053061224489795,0.6167728237791932,942,493,449
394,338,155,55,0.8775055679287305,0.3144016227180527,0.5382513661202186,0.7380952380952381,0.5959535953233916,0.6672311600338696,0.5828025477707006,942,449,493
394,322,163,63,0.862144420131291,0.33608247422680415,0.5502793296089385,0.7212389380530974,0.5991134471790476,0.6717817561807332,0.5912951167728238,942,457,485
427,329,135,51,0.893305439330544,0.29094827586206895,0.5648148148148148,0.7258064516129032,0.5921268575963065,0.6920583468395463,0.5966029723991507,942,478,464
409,326,152,55,0.8814655172413793,0.3179916317991632,0.5564625850340136,0.7342995169082126,0.5997285745202713,0.6822351959966638,0.5955414012738853,942,464,478
393,350,141,58,0.8713968957871396,0.28716904276985744,0.5289367429340511,0.7085427135678392,0.5792829692784985,0.658291457286432,0.5668789808917197,942,451,491
408,344,131,59,0.8736616702355461,0.27578947368421053,0.5425531914893617,0.6894736842105263,0.5747255719598783,0.6694011484823627,0.5721868365180467,942,467,475
415,328,152,47,0.8982683982683982,0.31666666666666665,0.5585464333781965,0.7638190954773869,0.6074675324675325,0.6887966804979254,0.6019108280254777,942,462,480
426,314,152,50,0.8949579831932774,0.3261802575107296,0.5756756756756757,0.7524752475247525,0.6105691203520035,0.7006578947368421,0.613588110403397,942,476,466
399,330,150,63,0.8636363636363636,0.3125,0.5473251028806584,0.704225352112676,0.5880681818181819,0.6700251889168766,0.5828025477707006,942,462,480
402,335,136,69,0.8535031847133758,0.28874734607218683,0.5454545454545454,0.6634146341463415,0.5711252653927813,0.6655629139072847,0.5711252653927813,942,471,471
408,335,140,59,0.8736616702355461,0.29473684210526313,0.5491251682368775,0.7035175879396985,0.5841992561704046,0.6743801652892562,0.5817409766454352,942,467,475
382,352,153,55,0.8741418764302059,0.30297029702970296,0.5204359673024523,0.7355769230769231,0.5885560867299544,0.6524338172502134,0.5679405520169851,942,437,505
402,322,160,58,0.8739130434782608,0.33195020746887965,0.5552486187845304,0.7339449541284404,0.6029316254735703,0.6790540540540541,0.5966029723991507,942,460,482
380,341,171,50,0.8837209302325582,0.333984375,0.5270457697642164,0.7737556561085973,0.6088526526162791,0.6602953953084274,0.5849256900212314,942,430,512
388,328,160,66,0.8546255506607929,0.32786885245901637,0.5418994413407822,0.7079646017699115,0.5912472015599046,0.6632478632478633,0.5817409766454352,942,454,488
392,335,158,57,0.8730512249443207,0.3204868154158215,0.5392022008253095,0.7348837209302326,0.5967690201800712,0.6666666666666666,0.583864118895966,942,449,493
398,337,140,67,0.8559139784946237,0.29350104821802936,0.5414965986394558,0.6763285024154589,0.5747075133563265,0.6633333333333333,0.5711252653927813,942,465,477
403,334,145,60,0.8704103671706264,0.302713987473904,0.5468113975576662,0.7073170731707317,0.5865621773222651,0.6716666666666666,0.5817409766454352,942,463,479
371,335,166,70,0.8412698412698413,0.3313373253493014,0.5254957507082153,0.7033898305084746,0.5863035833095713,0.6469049694856147,0.5700636942675159,942,441,501
401,323,154,64,0.8623655913978494,0.3228511530398323,0.5538674033149171,0.7064220183486238,0.5926083722188409,0.6745164003364171,0.589171974522293,942,465,477
411,338,138,55,0.8819742489270386,0.28991596638655465,0.5487316421895861,0.7150259067357513,0.5859451076567966,0.6765432098765433,0.5828025477707006,942,466,476
407,327,152,56,0.8790496760259179,0.3173277661795407,0.5544959128065395,0.7307692307692307,0.5981887211027292,0.6800334168755221,0.5934182590233545,942,463,479
388,348,142,64,0.8584070796460177,0.2897959183673469,0.5271739130434783,0.6893203883495146,0.5741014990066823,0.6531986531986532,0.5626326963906582,942,452,490
381,343,154,64,0.8561797752808988,0.30985915492957744,0.5262430939226519,0.7064220183486238,0.5830194651052382,0.6518391787852865,0.5679405520169851,942,445,497
389,331,146,76,0.8365591397849462,0.3060796645702306,0.5402777777777777,0.6576576576576577,0.5713194021775885,0.6565400843881856,0.5679405520169851,942,465,477
409,315,154,64,0.864693446088795,0.3283582089552239,0.5649171270718232,0.7064220183486238,0.5965258275220094,0.683375104427736,0.5976645435244161,942,473,469
383,336,164,59,0.8665158371040724,0.328,0.5326842837273992,0.7354260089686099,0.5972579185520362,0.6597760551248923,0.5806794055201698,942,442,500
396,330,153,63,0.8627450980392157,0.3167701863354037,0.5454545454545454,0.7083333333333334,0.5897576421873097,0.6683544303797468,0.5828025477707006,942,459,483
398,323,157,64,0.8614718614718615,0.32708333333333334,0.5520110957004161,0.7104072398190046,0.5942775974025974,0.672865595942519,0.589171974522293,942,462,480
389,320,174,59,0.8683035714285714,0.3522267206477733,0.5486600846262342,0.7467811158798283,0.6102651460381723,0.672428694900605,0.5976645435244161,942,448,494
407,309,160,66,0.8604651162790697,0.3411513859275053,0.5684357541899442,0.7079646017699115,0.6008082511032875,0.6846089150546678,0.6019108280254777,942,473,469
389,358,141,54,0.8781038374717833,0.28256513026052105,0.5207496653279786,0.7230769230769231,0.5803344838661522,0.653781512605042,0.5626326963906582,942,443,499
391,343,151,57,0.8727678571428571,0.305668016194332,0.5326975476839237,0.7259615384615384,0.5892179366685946,0.6615905245346869,0.5753715498938429,942,448,494
425,308,146,63,0.8709016393442623,0.32158590308370044,0.5798090040927695,0.6985645933014354,0.5962437712139814,0.6961506961506961,0.6061571125265393,942,488,454
400,326,152,64,0.8620689655172413,0.3179916317991632,0.5509641873278237,0.7037037037037037,0.5900302986582022,0.6722689075630252,0.5859872611464968,942,464,478
411,322,151,58,0.8763326226012793,0.3192389006342495,0.5607094133697135,0.722488038277512,0.5977857616177644,0.6838602329450915,0.5966029723991507,942,469,473
413,326,156,47,0.8978260869565218,0.3236514522821577,0.5588633288227334,0.7684729064039408,0.6107387696193397,0.6889074228523769,0.6040339702760085,942,460,482
409,329,153,51,0.8891304347826087,0.31742738589211617,0.55420054200542,0.75,0.6032789103373624,0.682804674457429,0.5966029723991507,942,460,482
445,300,142,55,0.89,0.3212669683257919,0.5973154362416108,0.7208121827411168,0.605633484162896,0.714859437751004,0.6231422505307855,942,500,442
387,341,148,66,0.8543046357615894,0.30265848670756645,0.5315934065934066,0.6915887850467289,0.578481561234578,0.655376799322608,0.5679405520169851,942,453,489
415,317,138,72,0.8521560574948666,0.3032967032967033,0.5669398907103825,0.6571428571428571,0.5777263803957849,0.6808859721082855,0.5870488322717622,942,487,455
397,339,148,58,0.8725274725274725,0.30390143737166325,0.5394021739130435,0.7184466019417476,0.5882144549495679,0.6666666666666667,0.578556263269639,942,455,487
408,309,159,66,0.8607594936708861,0.33974358974358976,0.5690376569037657,0.7066666666666667,0.6002515417072379,0.6851385390428212,0.6019108280254777,942,474,468
405,338,145,54,0.8823529411764706,0.3002070393374741,0.5450874831763123,0.7286432160804021,0.5912799902569723,0.6738768718801996,0.583864118895966,942,459,483
424,307,155,56,0.8833333333333333,0.3354978354978355,0.5800273597811217,0.7345971563981043,0.6094155844155844,0.7002477291494633,0.6146496815286624,942,480,462
404,308,170,60,0.8706896551724138,0.35564853556485354,0.5674157303370787,0.7391304347826086,0.6131690953686337,0.6870748299319728,0.6093418259023354,942,464,478
425,301,157,59,0.878099173553719,0.34279475982532753,0.5853994490358126,0.7268518518518519,0.6104469666895233,0.7024793388429752,0.6178343949044586,942,484,458
440,312,122,68,0.8661417322834646,0.28110599078341014,0.5851063829787234,0.6421052631578947,0.5736238615334374,0.6984126984126984,0.5966029723991507,942,508,434
401,341,137,63,0.8642241379310345,0.28661087866108786,0.5404312668463612,0.685,0.5754175082960612,0.6650082918739636,0.5711252653927813,942,464,478
403,337,144,58,0.8741865509761388,0.2993762993762994,0.5445945945945946,0.7128712871287128,0.5867814251762191,0.6711074104912573,0.5806794055201698,942,461,481
383,337,159,63,0.8587443946188341,0.32056451612903225,0.5319444444444444,0.7162162162162162,0.5896544553739331,0.6569468267581475,0.5753715498938429,942,446,496
420,325,135,62,0.8713692946058091,0.29347826086956524,0.5637583892617449,0.6852791878172588,0.5824237777376872,0.6845965770171148,0.589171974522293,942,482,460
382,345,173,42,0.9009433962264151,0.333976833976834,0.5254470426409904,0.8046511627906977,0.6174601151016246,0.6637706342311034,0.589171974522293,942,424,518
433,300,154,55,0.8872950819672131,0.3392070484581498,0.5907230559345157,0.7368421052631579,0.6132510652126815,0.7092547092547092,0.6231422505307855,942,488,454
377,356,151,58,0.8666666666666667,0.2978303747534517,0.514324693042292,0.722488038277512,0.5822485207100592,0.6455479452054794,0.5605095541401274,942,435,507
401,340,143,58,0.8736383442265795,0.29606625258799174,0.5411605937921727,0.7114427860696517,0.5848522984072856,0.6683333333333333,0.5774946921443737,942,459,483
434,328,129,51,0.8948453608247423,0.28227571115973743,0.5695538057742782,0.7166666666666667,0.5885605359922399,0.6960705693664795,0.5976645435244161,942,485,457
419,318,147,58,0.8784067085953878,0.3161290322580645,0.5685210312075983,0.7170731707317073,0.5972678704267261,0.6902800658978583,0.6008492569002123,942,477,465
404,314,159,65,0.8614072494669509,0.3361522198731501,0.5626740947075209,0.7098214285714286,0.5987797346700505,0.6807076663858467,0.5976645435244161,942,469,473
428,314,153,47,0.9010526315789473,0.32762312633832974,0.5768194070080862,0.765,0.6143378789586386,0.7033689400164338,0.6167728237791932,942,475,467
402,345,143,52,0.8854625550660793,0.2930327868852459,0.5381526104417671,0.7333333333333333,0.5892476709756627,0.6694421315570358,0.578556263269639,942,454,488
411,325,135,71,0.8526970954356846,0.29347826086956524,0.5584239130434783,0.6553398058252428,0.573087678152625,0.6748768472906405,0.5796178343949044,942,482,460
392,341,150,59,0.8691796008869179,0.3054989816700611,0.5347885402455662,0.7177033492822966,0.5873392912784895,0.6621621621621622,0.5753715498938429,942,451,491
410,318,130,84,0.8299595141700404,0.29017857142857145,0.5631868131868132,0.6074766355140186,0.5600690427993059,0.6710310965630115,0.5732484076433121,942,494,448
421,300,171,50,0.8938428874734607,0.3630573248407643,0.5839112343966713,0.7737556561085973,0.6284501061571125,0.7063758389261745,0.6284501061571125,942,471,471
406,328,145,63,0.8656716417910447,0.30655391120507397,0.553133514986376,0.6971153846153846,0.5861127764980594,0.6749792186201163,0.5849256900212314,942,469,473
408,335,135,64,0.864406779661017,0.2872340425531915,0.5491251682368775,0.678391959798995,0.5758204111071042,0.671604938271605,0.5764331210191083,942,472,470
394,315,162,71,0.8473118279569892,0.33962264150943394,0.5557122708039492,0.6952789699570815,0.5934672347332116,0.6712095400340716,0.5902335456475584,942,465,477
405,332,135,70,0.8526315789473684,0.2890792291220557,0.5495251017639078,0.6585365853658537,0.570855404034712,0.6683168316831684,0.5732484076433121,942,475,467
396,355,136,55,0.8780487804878049,0.2769857433808554,0.5272969374167776,0.7120418848167539,0.5775172619343302,0.6589018302828619,0.564755838641189,942,451,491
390,336,154,62,0.8628318584070797,0.3142857142857143,0.5371900826446281,0.7129629629629629,0.588558786346397,0.6621392190152801,0.5774946921443737,942,452,490
427,310,144,61,0.875,0.31718061674008813,0.5793758480325645,0.7024390243902439,0.5960903083700441,0.6971428571428572,0.6061571125265393,942,488,454
400,336,148,58,0.8733624454148472,0.30578512396694213,0.5434782608695652,0.7184466019417476,0.5895737846908946,0.6700167504187604,0.5817409766454352,942,458,484
422,329,141,50,0.8940677966101694,0.3,0.5619174434087882,0.7382198952879581,0.5970338983050847,0.6901062959934586,0.5976645435244161,942,472,470
423,302,154,63,0.8703703703703703,0.33771929824561403,0.5834482758620689,0.7096774193548387,0.6040448343079922,0.698596201486375,0.6125265392781316,942,486,456
401,323,155,63,0.8642241379310345,0.32426778242677823,0.5538674033149171,0.7110091743119266,0.5942459601789063,0.6750841750841751,0.5902335456475584,942,464,478
390,341,128,83,0.8245243128964059,0.27292110874200426,0.533515731874145,0.6066350710900474,0.5487227108192051,0.6478405315614618,0.5498938428874734,942,473,469
402,343,135,62,0.8663793103448276,0.2824267782426778,0.5395973154362416,0.6852791878172588,0.5744030442937527,0.6650124069478909,0.5700636942675159,942,464,478
407,322,140,73,0.8479166666666667,0.30303030303030304,0.5582990397805213,0.6572769953051644,0.5754734848484848,0.6732837055417702,0.5806794055201698,942,480,462
430,307,136,69,0.8617234468937875,0.30699774266365687,0.5834464043419267,0.6634146341463415,0.5843605947787223,0.6957928802588996,0.6008492569002123,942,499,443
399,333,148,62,0.8655097613882863,0.3076923076923077,0.5450819672131147,0.7047619047619048,0.586601034540297,0.6689019279128248,0.5806794055201698,942,461,481
402,327,148,65,0.860813704496788,0.31157894736842107,0.551440329218107,0.6948356807511737,0.5861963259326045,0.6722408026755853,0.583864118895966,942,467,475
421,318,139,64,0.8680412371134021,0.3041575492341357,0.5696887686062246,0.6847290640394089,0.5860993931737689,0.6879084967320261,0.5944798301486199,942,485,457
382,328,176,56,0.8721461187214612,0.3492063492063492,0.5380281690140845,0.7586206896551724,0.6106762339639051,0.6655052264808362,0.5923566878980892,942,438,504
428,316,132,66,0.8663967611336032,0.29464285714285715,0.5752688172043011,0.6666666666666666,0.5805198091382302,0.6914378029079161,0.5944798301486199,942,494,448
385,331,168,58,0.8690744920993227,0.3366733466933868,0.5377094972067039,0.7433628318584071,0.6028739193963548,0.6643658326143227,0.5870488322717622,942,443,499
418,338,136,50,0.8931623931623932,0.2869198312236287,0.5529100529100529,0.7311827956989247,0.5900411121930109,0.6830065359477124,0.5881104033970276,942,468,474
404,325,161,52,0.8859649122807017,0.33127572016460904,0.5541838134430727,0.755868544600939,0.6086203162226553,0.6818565400843881,0.5997876857749469,942,456,486
418,314,141,69,0.8583162217659137,0.3098901098901099,0.5710382513661202,0.6714285714285714,0.5841031658280118,0.685808039376538,0.5934182590233545,942,487,455
399,337,143,63,0.8636363636363636,0.29791666666666666,0.5421195652173914,0.6941747572815534,0.5807765151515152,0.6661101836393991,0.5753715498938429,942,462,480
405,337,155,45,0.9,0.3150406504065041,0.545822102425876,0.775,0.607520325203252,0.6795302013422819,0.5944798301486199,942,450,492
406,319,146,71,0.8511530398322851,0.3139784946236559,0.56,0.6728110599078341,0.5825657672279705,0.6755407653910149,0.5859872611464968,942,477,465
394,333,149,66,0.8565217391304348,0.3091286307053942,0.5419532324621733,0.6930232558139535,0.5828251849179145,0.6638584667228307,0.5764331210191083,942,460,482
416,305,159,62,0.8702928870292888,0.3426724137931034,0.5769764216366158,0.7194570135746606,0.6064826504111961,0.6939115929941618,0.6104033970276008,942,478,464
396,331,162,53,0.8819599109131403,0.3286004056795132,0.5447042640990372,0.7534883720930232,0.6052801582963268,0.6734693877551021,0.5923566878980892,942,449,493
399,331,153,59,0.87117903930131,0.31611570247933884,0.5465753424657535,0.7216981132075472,0.5936473708903245,0.6717171717171717,0.5859872611464968,942,458,484
431,325,124,62,0.8742393509127789,0.27616926503340755,0.5701058201058201,0.6666666666666666,0.5752043079730933,0.690152121697358,0.589171974522293,942,493,449
379,345,161,57,0.8692660550458715,0.3181818181818182,0.5234806629834254,0.7385321100917431,0.5937239366138448,0.653448275862069,0.5732484076433121,942,436,506
407,324,157,54,0.8828633405639913,0.3264033264033264,0.5567715458276333,0.7440758293838863,0.6046333334836589,0.6828859060402683,0.5987261146496815,942,461,481
412,324,148,58,0.8765957446808511,0.3135593220338983,0.5597826086956522,0.7184466019417476,0.5950775333573747,0.6832504145936983,0.5944798301486199,942,470,472
447,308,128,59,0.883399209486166,0.29357798165137616,0.5920529801324503,0.6844919786096256,0.5884885955687711,0.7089611419508327,0.6104033970276008,942,506,436
395,334,161,52,0.883668903803132,0.32525252525252524,0.541838134430727,0.755868544600939,0.6044607145278287,0.6717687074829932,0.5902335456475584,942,447,495
426,313,142,61,0.8747433264887063,0.3120879120879121,0.5764546684709067,0.6995073891625616,0.5934156192883092,0.6949429037520392,0.6029723991507431,942,487,455
382,345,150,65,0.854586129753915,0.30303030303030304,0.5254470426409904,0.6976744186046512,0.578808216392109,0.6507666098807495,0.564755838641189,942,447,495
408,338,131,65,0.8625792811839323,0.279317697228145,0.546916890080429,0.6683673469387755,0.5709484892060387,0.6694011484823627,0.5721868365180467,942,473,469
388,358,149,47,0.8919540229885058,0.2938856015779093,0.5201072386058981,0.7602040816326531,0.5929198122832076,0.6570702794242168,0.5700636942675159,942,435,507
420,317,143,62,0.8713692946058091,0.3108695652173913,0.5698778833107191,0.697560975609756,0.5911194299116003,0.6890894175553732,0.5976645435244161,942,482,460
417,321,146,58,0.8778947368421053,0.31263383297644537,0.5650406504065041,0.7156862745098039,0.5952642849092753,0.6875515251442703,0.5976645435244161,942,475,467
393,315,177,57,0.8733333333333333,0.3597560975609756,0.5550847457627118,0.7564102564102564,0.6165447154471544,0.6787564766839378,0.6050955414012739,942,450,492
389,349,144,60,0.8663697104677061,0.2920892494929006,0.5271002710027101,0.7058823529411765,0.5792294799803033,0.6554338668913227,0.5658174097664543,942,449,493
410,334,136,62,0.8686440677966102,0.28936170212765955,0.5510752688172043,0.6868686868686869,0.5790028849621349,0.6743421052631579,0.5796178343949044,942,472,470
401,336,149,56,0.8774617067833698,0.30721649484536084,0.5440976933514247,0.7268292682926829,0.5923391008143652,0.6716917922948074,0.583864118895966,942,457,485
405,326,133,78,0.8385093167701864,0.289760348583878,0.5540355677154583,0.6303317535545023,0.5641348326770321,0.6672158154859966,0.5711252653927813,942,483,459
393,344,146,59,0.8694690265486725,0.2979591836734694,0.5332428765264586,0.7121951219512195,0.583714105111071,0.6610597140454163,0.5721868365180467,942,452,490
392,329,156,65,0.8577680525164114,0.3216494845360825,0.5436893203883495,0.7058823529411765,0.589708768526247,0.66553480475382,0.5817409766454352,942,457,485
385,334,172,51,0.8830275229357798,0.33992094861660077,0.5354659248956884,0.7713004484304933,0.6114742357761903,0.6666666666666667,0.5912951167728238,942,436,506
411,327,145,59,0.874468085106383,0.3072033898305085,0.556910569105691,0.7107843137254902,0.5908357374684458,0.6804635761589404,0.5902335456475584,942,470,472
405,347,145,45,0.9,0.29471544715447157,0.538563829787234,0.7631578947368421,0.5973577235772358,0.6738768718801996,0.583864118895966,942,450,492
404,336,145,57,0.8763557483731019,0.30145530145530147,0.5459459459459459,0.7178217821782178,0.5889055249142017,0.6727726894254787,0.5828025477707006,942,461,481
393,324,165,60,0.8675496688741722,0.3374233128834356,0.5481171548117155,0.7333333333333333,0.6024864908788039,0.6717948717948719,0.5923566878980892,942,453,489
419,304,156,63,0.8692946058091287,0.3391304347826087,0.5795297372060858,0.7123287671232876,0.6042125202958687,0.6954356846473029,0.6104033970276008,942,482,460
401,348,134,59,0.8717391304347826,0.27800829875518673,0.5353805073431241,0.694300518134715,0.5748737145949847,0.663358147229115,0.5679405520169851,942,460,482
414,327,149,52,0.8884120171673819,0.3130252100840336,0.5587044534412956,0.7412935323383084,0.6007186136257078,0.6859983429991715,0.5976645435244161,942,466,476
419,321,143,59,0.8765690376569037,0.3081896551724138,0.5662162162162162,0.7079207920792079,0.5923793464146587,0.6880131362889983,0.5966029723991507,942,478,464
380,358,134,70,0.8444444444444444,0.27235772357723576,0.5149051490514905,0.6568627450980392,0.5584010840108401,0.6397306397306398,0.5456475583864119,942,450,492
400,311,164,67,0.8565310492505354,0.3452631578947368,0.5625879043600562,0.70995670995671,0.600897103572636,0.6791171477079796,0.5987261146496815,942,467,475
407,326,151,58,0.875268817204301,0.3165618448637317,0.5552523874488404,0.722488038277512,0.5959153310340164,0.679465776293823,0.5923566878980892,942,465,477
395,325,156,66,0.8568329718004338,0.32432432432432434,0.5486111111111112,0.7027027027027027,0.5905786480623791,0.6689246401354785,0.5849256900212314,942,461,481
400,319,149,74,0.8438818565400844,0.31837606837606836,0.5563282336578581,0.6681614349775785,0.5811289624580764,0.6705783738474435,0.5828025477707006,942,474,468
406,325,155,56,0.8787878787878788,0.3229166666666667,0.5554035567715458,0.7345971563981043,0.6008522727272727,0.680637049455155,0.5955414012738853,942,462,480
409,319,152,62,0.8683651804670913,0.3227176220806794,0.5618131868131868,0.7102803738317757,0.5955414012738853,0.6822351959966639,0.5955414012738853,942,471,471
421,319,147,55,0.884453781512605,0.315450643776824,0.5689189189189189,0.7277227722772277,0.5999522126447145,0.6924342105263158,0.6029723991507431,942,476,466
402,329,148,63,0.864516129032258,0.31027253668763105,0.5499316005471956,0.7014218009478673,0.5873943328599446,0.6722408026755853,0.583864118895966,942,465,477
406,336,144,56,0.8787878787878788,0.3,0.5471698113207547,0.72,0.5893939393939394,0.6744186046511628,0.583864118895966,942,462,480
414,328,141,59,0.8752642706131079,0.3006396588486141,0.5579514824797843,0.705,0.587951964730861,0.6814814814814815,0.589171974522293,942,473,469
419,312,148,63,0.8692946058091287,0.3217391304347826,0.573187414500684,0.7014218009478673,0.5955168681219556,0.6908491343775763,0.6019108280254777,942,482,460
412,327,166,37,0.9175946547884187,0.3367139959432049,0.557510148849797,0.8177339901477833,0.6271543253658118,0.6936026936026937,0.613588110403397,942,449,493
413,311,159,59,0.875,0.3382978723404255,0.5704419889502762,0.7293577981651376,0.6066489361702128,0.6906354515050168,0.6072186836518046,942,472,470
397,325,149,71,0.8482905982905983,0.3143459915611814,0.5498614958448753,0.6772727272727272,0.5813182949258898,0.6672268907563024,0.5796178343949044,942,468,474
411,324,156,51,0.8896103896103896,0.325,0.5591836734693878,0.7536231884057971,0.6073051948051948,0.68671679197995,0.6019108280254777,942,462,480
399,339,152,52,0.88470066518847,0.3095723014256619,0.540650406504065,0.7450980392156863,0.5971364833070659,0.6711522287636669,0.5849256900212314,942,451,491
383,337,155,67,0.8511111111111112,0.3150406504065041,0.5319444444444444,0.6981981981981982,0.5830758807588077,0.6547008547008547,0.5711252653927813,942,450,492
395,334,152,61,0.8662280701754386,0.31275720164609055,0.541838134430727,0.7136150234741784,0.5894926359107646,0.6666666666666666,0.5806794055201698,942,456,486
386,336,164,56,0.8733031674208145,0.328,0.5346260387811634,0.7454545454545455,0.6006515837104073,0.6632302405498282,0.583864118895966,942,442,500
408,324,144,66,0.8607594936708861,0.3076923076923077,0.5573770491803278,0.6857142857142857,0.5842259006815969,0.6766169154228856,0.5859872611464968,942,474,468
420,328,144,50,0.8936170212765957,0.3050847457627119,0.5614973262032086,0.7422680412371134,0.5993508835196538,0.6896551724137931,0.5987261146496815,942,470,472
398,322,157,65,0.8596112311015118,0.3277661795407098,0.5527777777777778,0.7072072072072072,0.5936887053211108,0.672865595942519,0.589171974522293,942,463,479
405,336,141,60,0.8709677419354839,0.29559748427672955,0.5465587044534413,0.7014925373134329,0.5832826131061067,0.6716417910447762,0.5796178343949044,942,465,477
392,337,150,63,0.8615384615384616,0.3080082135523614,0.5377229080932785,0.704225352112676,0.5847733375454115,0.6621621621621623,0.5753715498938429,942,455,487
411,333,145,53,0.8857758620689655,0.303347280334728,0.5524193548387096,0.7323232323232324,0.5945615712018468,0.6804635761589404,0.5902335456475584,942,464,478
431,327,134,50,0.896049896049896,0.29067245119305857,0.5686015831134564,0.7282608695652174,0.5933611736214773,0.6957223567393058,0.5997876857749469,942,481,461
394,341,152,55,0.8775055679287305,0.30831643002028397,0.5360544217687074,0.7342995169082126,0.5929109989745072,0.6655405405405405,0.5796178343949044,942,449,493
404,326,146,66,0.8595744680851064,0.3093220338983051,0.5534246575342465,0.6886792452830188,0.5844482509917057,0.6733333333333333,0.583864118895966,942,470,472
406,324,142,70,0.8529411764705882,0.30472103004291845,0.5561643835616439,0.6698113207547169,0.5788311032567534,0.6733001658374793,0.5817409766454352,942,476,466
385,334,152,71,0.8442982456140351,0.31275720164609055,0.5354659248956884,0.6816143497757847,0.5785277236300628,0.6553191489361703,0.5700636942675159,942,456,486
379,335,156,72,0.8403547671840355,0.31771894093686354,0.530812324929972,0.6842105263157895,0.5790368540604495,0.6506437768240344,0.5679405520169851,942,451,491
408,331,155,48,0.8947368421052632,0.31893004115226337,0.5520974289580515,0.7635467980295566,0.6068334416287633,0.6828451882845189,0.5976645435244161,942,456,486
396,350,135,61,0.8665207877461707,0.27835051546391754,0.5308310991957105,0.6887755102040817,0.5724356516050442,0.6583541147132169,0.5636942675159236,942,457,485
438,320,142,42,0.9125,0.30735930735930733,0.5778364116094987,0.7717391304347826,0.6099296536796537,0.7075928917609047,0.6157112526539278,942,480,462
402,336,145,59,0.8720173535791758,0.30145530145530147,0.5447154471544715,0.7107843137254902,0.5867363275172386,0.6705587989991659,0.5806794055201698,942,461,481
398,314,163,67,0.8559139784946237,0.3417190775681342,0.5589887640449438,0.7086956521739131,0.598816528031379,0.6762956669498725,0.5955414012738853,942,465,477
388,339,143,72,0.8434782608695652,0.2966804979253112,0.5337001375515819,0.6651162790697674,0.5700793793974382,0.6537489469250212,0.5636942675159236,942,460,482
421,325,148,48,0.8976545842217484,0.3128964059196617,0.564343163538874,0.7551020408163265,0.6052754950707051,0.6930041152263374,0.6040339702760085,942,469,473
396,345,142,59,0.8703296703296703,0.2915811088295688,0.5344129554655871,0.7064676616915423,0.5809553895796196,0.6622073578595318,0.5711252653927813,942,455,487
410,329,150,53,0.8855291576673866,0.31315240083507306,0.5548037889039242,0.7389162561576355,0.5993407792512299,0.6821963394342763,0.5944798301486199,942,463,479
371,357,149,65,0.8509174311926605,0.29446640316205536,0.5096153846153846,0.6962616822429907,0.5726919171773579,0.6374570446735394,0.5520169851380042,942,436,506
419,328,135,60,0.8747390396659708,0.2915766738660907,0.5609103078982597,0.6923076923076923,0.5831578567660307,0.6835236541598695,0.5881104033970276,942,479,463
412,318,157,55,0.8822269807280514,0.33052631578947367,0.5643835616438356,0.7405660377358491,0.6063766482587625,0.6883876357560568,0.6040339702760085,942,467,475
405,316,162,59,0.8728448275862069,0.3389121338912134,0.5617198335644937,0.7330316742081447,0.6058784807387101,0.6835443037974683,0.6019108280254777,942,464,478
398,335,155,54,0.8805309734513275,0.3163265306122449,0.5429740791268759,0.7416267942583732,0.5984287520317861,0.6717299578059072,0.5870488322717622,942,452,490
401,324,154,63,0.8642241379310345,0.32217573221757323,0.5531034482758621,0.7096774193548387,0.5931999350743038,0.6745164003364172,0.589171974522293,942,464,478
408,334,143,57,0.8774193548387097,0.29979035639413,0.5498652291105122,0.715,0.5886048556164198,0.6760563380281691,0.5849256900212314,942,465,477
398,341,142,61,0.8671023965141612,0.2939958592132505,0.5385656292286874,0.6995073891625616,0.5805491278637058,0.664440734557596,0.5732484076433121,942,459,483
382,341,153,66,0.8526785714285714,0.3097165991902834,0.5283540802213001,0.6986301369863014,0.5811975853094273,0.6524338172502134,0.5679405520169851,942,448,494
401,338,152,51,0.8871681415929203,0.31020408163265306,0.5426251691474966,0.7487684729064039,0.5986861116127867,0.6733837111670864,0.5870488322717622,942,452,490
413,337,147,45,0.9017467248908297,0.3037190082644628,0.5506666666666666,0.765625,0.6027328665776462,0.6837748344370861,0.5944798301486199,942,458,484
400,335,155,52,0.8849557522123894,0.3163265306122449,0.54421768707483,0.748792270531401,0.6006411414123172,0.6739679865206403,0.589171974522293,942,452,490
428,319,133,62,0.8734693877551021,0.2942477876106195,0.5729585006693441,0.6820512820512821,0.5838585876828608,0.6919967663702506,0.5955414012738853,942,490,452
392,355,138,57,0.8730512249443207,0.2799188640973631,0.5247657295850067,0.7076923076923077,0.5764850445208419,0.6555183946488294,0.5626326963906582,942,449,493
409,316,165,52,0.8872017353579176,0.34303534303534305,0.5641379310344827,0.7603686635944701,0.6151185391966303,0.6897133220910624,0.6093418259023354,942,461,481
398,297,162,85,0.8240165631469979,0.35294117647058826,0.5726618705035971,0.6558704453441295,0.588478869808793,0.6757215619694396,0.5944798301486199,942,483,459
359,352,161,70,0.8368298368298368,0.3138401559454191,0.5049226441631505,0.696969696969697,0.575334996387628,0.6298245614035087,0.5520169851380042,942,429,513
406,338,145,53,0.8845315904139434,0.3002070393374741,0.5456989247311828,0.7323232323232324,0.5923693148757088,0.6749792186201165,0.5849256900212314,942,459,483
392,354,132,64,0.8596491228070176,0.2716049382716049,0.5254691689008043,0.673469387755102,0.5656270305393112,0.6522462562396008,0.5562632696390658,942,456,486
398,333,152,59,0.8708971553610503,0.3134020618556701,0.5444596443228454,0.7203791469194313,0.5921496086083602,0.6700336700336701,0.583864118895966,942,457,485
420,330,138,54,0.8860759493670886,0.2948717948717949,0.56,0.71875,0.5904738721194417,0.6862745098039217,0.5923566878980892,942,474,468
404,353,130,55,0.8801742919389978,0.2691511387163561,0.5336856010568032,0.7027027027027027,0.5746627153276769,0.6644736842105263,0.5668789808917197,942,459,483
382,349,150,61,0.8623024830699775,0.30060120240480964,0.5225718194254446,0.7109004739336493,0.5814518427373936,0.6507666098807496,0.564755838641189,942,443,499
408,325,153,56,0.8793103448275862,0.3200836820083682,0.5566166439290586,0.7320574162679426,0.5996970134179772,0.681704260651629,0.5955414012738853,942,464,478
389,337,154,62,0.8625277161862528,0.3136456211812627,0.5358126721763086,0.7129629629629629,0.5880866686837578,0.6610025488530161,0.5764331210191083,942,451,491
405,332,142,63,0.8653846153846154,0.29957805907172996,0.5495251017639078,0.6926829268292682,0.5824813372281727,0.6721991701244814,0.5806794055201698,942,468,474
390,333,164,55,0.8764044943820225,0.3299798792756539,0.5394190871369294,0.7488584474885844,0.6031921868288382,0.6678082191780822,0.5881104033970276,942,445,497
410,328,135,69,0.8559498956158664,0.2915766738660907,0.5555555555555556,0.6617647058823529,0.5737632847409786,0.6737880032867708,0.578556263269639,942,479,463
412,341,136,53,0.886021505376344,0.2851153039832285,0.547144754316069,0.7195767195767195,0.5855684046797862,0.6765188834154351,0.5817409766454352,942,465,477
387,357,138,60,0.8657718120805369,0.2787878787878788,0.5201612903225806,0.696969696969697,0.5722798454342078,0.649874055415617,0.5573248407643312,942,447,495
415,302,161,64,0.8663883089770354,0.34773218142548595,0.5788005578800558,0.7155555555555555,0.6070602452012607,0.6939799331103678,0.6114649681528662,942,479,463
410,346,119,67,0.859538784067086,0.25591397849462366,0.5423280423280423,0.6397849462365591,0.5577263812808548,0.6650446066504461,0.5615711252653928,942,477,465
441,305,144,52,0.8945233265720081,0.3207126948775056,0.5911528150134048,0.7346938775510204,0.6076180107247569,0.7118644067796609,0.6210191082802548,942,493,449
410,352,122,58,0.8760683760683761,0.25738396624472576,0.5380577427821522,0.6777777777777778,0.5667261711565509,0.6666666666666667,0.564755838641189,942,468,474
390,360,141,51,0.8843537414965986,0.281437125748503,0.52,0.734375,0.5828954336225508,0.654911838790932,0.5636942675159236,942,441,501
396,336,145,65,0.8590021691973969,0.30145530145530147,0.5409836065573771,0.6904761904761905,0.5802287353263492,0.663872590108969,0.5743099787685775,942,461,481
402,322,162,56,0.8777292576419214,0.3347107438016529,0.5552486187845304,0.7431192660550459,0.6062200007217872,0.6802030456852792,0.5987261146496815,942,458,484
405,325,169,43,0.9040178571428571,0.34210526315789475,0.5547945205479452,0.7971698113207547,0.623061560150376,0.6876061120543294,0.6093418259023354,942,448,494
416,315,148,63,0.8684759916492694,0.31965442764578833,0.5690834473324213,0.7014218009478673,0.5940652096475288,0.6876033057851239,0.5987261146496815,942,479,463
430,319,123,70,0.86,0.27828054298642535,0.5740987983978638,0.6373056994818653,0.5691402714932127,0.6885508406725379,0.5870488322717622,942,500,442
395,314,165,68,0.8531317494600432,0.3444676409185804,0.5571227080394923,0.7081545064377682,0.5987996951893118,0.674061433447099,0.5944798301486199,942,463,479
392,336,158,56,0.875,0.31983805668016196,0.5384615384615384,0.7383177570093458,0.597419028340081,0.6666666666666667,0.583864118895966,942,448,494
410,348,134,50,0.8913043478260869,0.27800829875518673,0.5408970976253298,0.7282608695652174,0.5846563232906368,0.6732348111658456,0.5774946921443737,942,460,482
413,328,139,62,0.8694736842105263,0.29764453961456105,0.5573549257759784,0.6915422885572139,0.5835591119125436,0.6792763157894737,0.5859872611464968,942,475,467
396,335,146,65,0.8590021691973969,0.30353430353430355,0.5417236662106704,0.6919431279620853,0.5812682363658502,0.6644295302013423,0.5753715498938429,942,461,481
399,337,135,71,0.8489361702127659,0.2860169491525424,0.5421195652173914,0.6553398058252428,0.5674765596826541,0.6616915422885572,0.5668789808917197,942,470,472
426,316,139,61,0.8747433264887063,0.3054945054945055,0.5741239892183289,0.695,0.5901189159916059,0.693246541903987,0.5997876857749469,942,487,455
431,327,131,53,0.890495867768595,0.28602620087336245,0.5686015831134564,0.7119565217391305,0.5882610343209788,0.6940418679549113,0.5966029723991507,942,484,458
381,334,157,70,0.844789356984479,0.319755600814664,0.5328671328671328,0.6916299559471366,0.5822724788995715,0.653516295025729,0.5711252653927813,942,451,491
380,348,153,61,0.8616780045351474,0.30538922155688625,0.521978021978022,0.7149532710280374,0.5835336130460168,0.6501283147989735,0.5658174097664543,942,441,501
415,312,159,56,0.881104033970276,0.3375796178343949,0.5708390646492435,0.7395348837209302,0.6093418259023354,0.6928213689482471,0.6093418259023354,942,471,471
426,312,140,64,0.8693877551020408,0.30973451327433627,0.5772357723577236,0.6862745098039216,0.5895611341881886,0.6938110749185668,0.6008492569002123,942,490,452
399,315,169,59,0.87117903930131,0.34917355371900827,0.5588235294117647,0.7412280701754386,0.6101762965101591,0.6808873720136518,0.6029723991507431,942,458,484
399,333,147,63,0.8636363636363636,0.30625,0.5450819672131147,0.7,0.5849431818181818,0.6683417085427136,0.5796178343949044,942,462,480
395,347,141,59,0.8700440528634361,0.2889344262295082,0.532345013477089,0.705,0.5794892395464721,0.6605351170568563,0.5690021231422505,942,454,488
419,338,118,67,0.8621399176954733,0.25877192982456143,0.5535006605019815,0.6378378378378379,0.5604559237600173,0.674175382139984,0.5700636942675159,942,486,456
419,326,137,60,0.8747390396659708,0.2958963282937365,0.5624161073825503,0.6954314720812182,0.5853176839798536,0.684640522875817,0.5902335456475584,942,479,463
403,340,139,60,0.8704103671706264,0.29018789144050106,0.5423956931359354,0.6984924623115578,0.5802991293055637,0.6683250414593698,0.5753715498938429,942,463,479
409,318,164,51,0.8891304347826087,0.34024896265560167,0.562585969738652,0.7627906976744186,0.6146896987191052,0.6891322662173547,0.60828025477707,942,460,482
436,314,130,62,0.8755020080321285,0.2927927927927928,0.5813333333333334,0.6770833333333334,0.5841474004124607,0.6987179487179488,0.6008492569002123,942,498,444
403,324,158,57,0.8760869565217392,0.3278008298755187,0.5543328748280605,0.7348837209302326,0.601943893198629,0.679022746419545,0.5955414012738853,942,460,482
396,319,162,65,0.8590021691973969,0.3367983367983368,0.5538461538461539,0.7136563876651982,0.5979002529978669,0.673469387755102,0.5923566878980892,942,461,481
412,325,145,60,0.8728813559322034,0.30851063829787234,0.5590230664857531,0.7073170731707317,0.5906959971150378,0.6815550041356493,0.5912951167728238,942,472,470
438,305,143,56,0.8866396761133604,0.31919642857142855,0.5895020188425303,0.7185929648241206,0.6029180523423945,0.708164915117219,0.6167728237791932,942,494,448
384,354,138,66,0.8533333333333334,0.2804878048780488,0.5203252032520326,0.6764705882352942,0.566910569105691,0.6464646464646465,0.554140127388535,942,450,492
401,319,161,61,0.8679653679653679,0.33541666666666664,0.5569444444444445,0.7252252252252253,0.6016910173160173,0.6785109983079527,0.5966029723991507,942,462,480
386,364,136,56,0.8733031674208145,0.272,0.5146666666666667,0.7083333333333334,0.5726515837104073,0.6476510067114094,0.554140127388535,942,442,500
378,333,165,66,0.8513513513513513,0.3313253012048193,0.5316455696202531,0.7142857142857143,0.5913383262780854,0.6545454545454545,0.5764331210191083,942,444,498
407,346,135,54,0.8828633405639913,0.2806652806652807,0.5405046480743692,0.7142857142857143,0.581764310614636,0.6705107084019769,0.5753715498938429,942,461,481
387,344,146,65,0.8561946902654868,0.2979591836734694,0.5294117647058824,0.6919431279620853,0.5770769369694781,0.654268808114962,0.5658174097664543,942,452,490
405,339,141,57,0.8766233766233766,0.29375,0.5443548387096774,0.7121212121212122,0.5851866883116883,0.6716417910447762,0.5796178343949044,942,462,480
396,332,150,64,0.8608695652173913,0.3112033195020747,0.5439560439560439,0.7009345794392523,0.5860364423597331,0.6666666666666666,0.5796178343949044,942,460,482
381,342,148,71,0.8429203539823009,0.3020408163265306,0.5269709543568465,0.6757990867579908,0.5724805851544158,0.6485106382978723,0.5615711252653928,942,452,490
434,313,127,68,0.8645418326693227,0.28863636363636364,0.5809906291834003,0.6512820512820513,0.5765890981528432,0.6949559647718175,0.5955414012738853,942,502,440
413,317,143,69,0.8568464730290456,0.3108695652173913,0.5657534246575342,0.6745283018867925,0.5838580191232184,0.6815181518151816,0.5902335456475584,942,482,460
418,311,157,56,0.8818565400843882,0.33547008547008544,0.5733882030178327,0.7370892018779343,0.6086633127772368,0.6949293433083957,0.6104033970276008,942,474,468
427,336,130,49,0.8970588235294118,0.27896995708154504,0.5596330275229358,0.7262569832402235,0.5880143903054784,0.6892655367231639,0.5912951167728238,942,476,466
401,332,146,63,0.8642241379310345,0.3054393305439331,0.5470668485675307,0.6985645933014354,0.5848317342374838,0.6700083542188806,0.5806794055201698,942,464,478
411,336,143,52,0.8876889848812095,0.2985386221294363,0.5502008032128514,0.7333333333333333,0.593113803505323,0.6793388429752066,0.5881104033970276,942,463,479
406,324,163,49,0.8923076923076924,0.3347022587268994,0.5561643835616439,0.7688679245283019,0.6135049755172959,0.6852320675105485,0.6040339702760085,942,455,487
425,315,139,63,0.8709016393442623,0.30616740088105726,0.5743243243243243,0.6881188118811881,0.5885345201126598,0.6921824104234529,0.5987261146496815,942,488,454
399,349,138,56,0.8769230769230769,0.28336755646817247,0.5334224598930482,0.711340206185567,0.5801453166956247,0.6633416458852868,0.5700636942675159,942,455,487
413,320,171,38,0.9157427937915743,0.34826883910386963,0.5634379263301501,0.8181818181818182,0.632005816447722,0.6976351351351352,0.6199575371549894,942,451,491
388,325,166,63,0.8603104212860311,0.3380855397148676,0.544179523141655,0.7248908296943232,0.5991979805004494,0.6666666666666666,0.5881104033970276,942,451,491
401,341,140,60,0.8698481561822126,0.2910602910602911,0.5404312668463612,0.7,0.5804542236212518,0.6666666666666666,0.5743099787685775,942,461,481
379,352,162,49,0.8855140186915887,0.3151750972762646,0.518467852257182,0.7677725118483413,0.6003445579839266,0.6540120793787747,0.5743099787685775,942,428,514
431,299,148,64,0.8707070707070707,0.33109619686800895,0.5904109589041096,0.6981132075471698,0.6009016337875398,0.7036734693877552,0.6146496815286624,942,495,447
411,320,149,62,0.86892177589852,0.31769722814498935,0.5622435020519836,0.7061611374407583,0.5933095020217547,0.6827242524916943,0.5944798301486199,942,473,469
359,349,163,71,0.8348837209302326,0.318359375,0.5070621468926554,0.6965811965811965,0.5766215479651162,0.6309314586994728,0.554140127388535,942,430,512
423,336,123,60,0.8757763975155279,0.2679738562091503,0.5573122529644269,0.6721311475409836,0.5718751268623391,0.681159420289855,0.5796178343949044,942,483,459
388,343,151,60,0.8660714285714286,0.305668016194332,0.53077975376197,0.7156398104265402,0.5858697223828803,0.6581849024597117,0.5721868365180467,942,448,494
407,344,136,55,0.8809523809523809,0.2833333333333333,0.5419440745672437,0.7120418848167539,0.5821428571428571,0.6710634789777411,0.5764331210191083,942,462,480
385,332,170,55,0.875,0.3386454183266932,0.5369595536959554,0.7555555555555555,0.6068227091633466,0.6655142610198791,0.589171974522293,942,440,502
391,339,163,49,0.8886363636363637,0.3247011952191235,0.5356164383561643,0.7688679245283019,0.6066687794277436,0.6683760683760683,0.5881104033970276,942,440,502
416,333,142,51,0.8907922912205567,0.29894736842105263,0.5554072096128171,0.7357512953367875,0.5948698298208046,0.6842105263157894,0.5923566878980892,942,467,475
387,346,150,59,0.8677130044843049,0.3024193548387097,0.5279672578444747,0.7177033492822966,0.5850661796615073,0.6564885496183206,0.5700636942675159,942,446,496
383,354,150,55,0.8744292237442922,0.2976190476190476,0.519674355495251,0.7317073170731707,0.5860241356816699,0.6519148936170212,0.5658174097664543,942,438,504
418,321,152,51,0.8912579957356077,0.321353065539112,0.5656292286874154,0.7487684729064039,0.6063055306373599,0.6920529801324504,0.6050955414012739,942,469,473
401,324,155,62,0.8660907127429806,0.3235908141962422,0.5531034482758621,0.7142857142857143,0.5948407634696113,0.6750841750841751,0.5902335456475584,942,463,479
404,316,158,64,0.8632478632478633,0.3333333333333333,0.5611111111111111,0.7117117117117117,0.5982905982905983,0.6801346801346801,0.5966029723991507,942,468,474
399,348,133,62,0.8655097613882863,0.2765072765072765,0.5341365461847389,0.6820512820512821,0.5710085189477814,0.6605960264900662,0.564755838641189,942,461,481
394,329,152,67,0.8546637744034707,0.316008316008316,0.5449515905947441,0.6940639269406392,0.5853360452058933,0.6655405405405405,0.5796178343949044,942,461,481
428,321,130,63,0.8716904276985743,0.28824833702882485,0.5714285714285714,0.6735751295336787,0.5799693823636995,0.6903225806451614,0.5923566878980892,942,491,451
406,325,144,67,0.8583509513742071,0.3070362473347548,0.5554035567715458,0.6824644549763034,0.582693599354481,0.6744186046511628,0.583864118895966,942,473,469
392,353,136,61,0.8653421633554084,0.278118609406953,0.5261744966442953,0.6903553299492385,0.5717303863811807,0.654424040066778,0.5605095541401274,942,453,489
434,327,132,49,0.8985507246376812,0.2875816993464052,0.5703022339027596,0.7292817679558011,0.5930662119920431,0.697749196141479,0.6008492569002123,942,483,459
409,325,149,59,0.8739316239316239,0.3143459915611814,0.5572207084468664,0.7163461538461539,0.5941388077464027,0.6805324459234608,0.5923566878980892,942,468,474
393,316,156,77,0.8361702127659575,0.3305084745762712,0.5543018335684062,0.6695278969957081,0.5833393436711143,0.6666666666666666,0.5828025477707006,942,470,472
447,301,119,75,0.8563218390804598,0.2833333333333333,0.5975935828877005,0.6134020618556701,0.5698275862068966,0.7039370078740157,0.6008492569002123,942,522,420
379,349,157,57,0.8692660550458715,0.3102766798418972,0.5206043956043956,0.7336448598130841,0.5897713674438844,0.6512027491408936,0.5690021231422505,942,436,506
380,336,156,70,0.8444444444444444,0.3170731707317073,0.5307262569832403,0.6902654867256637,0.5807588075880759,0.6518010291595198,0.5690021231422505,942,450,492
402,340,131,69,0.8535031847133758,0.2781316348195329,0.5417789757412399,0.655,0.5658174097664543,0.6628194558944766,0.5658174097664543,942,471,471
413,332,128,69,0.8568464730290456,0.2782608695652174,0.5543624161073826,0.649746192893401,0.5675536712971315,0.6731866340668297,0.5743099787685775,942,482,460
389,336,150,67,0.8530701754385965,0.30864197530864196,0.5365517241379311,0.6912442396313364,0.5808560753736193,0.6587637595258257,0.5721868365180467,942,456,486
429,308,157,48,0.89937106918239,0.33763440860215055,0.582089552238806,0.7658536585365854,0.6185027388922703,0.7067545304777595,0.6220806794055201,942,477,465
396,325,159,62,0.8646288209606987,0.3285123966942149,0.5492371705963939,0.7194570135746606,0.5965706088274568,0.6717557251908397,0.589171974522293,942,458,484
404,346,135,57,0.8763557483731019,0.2806652806652807,0.5386666666666666,0.703125,0.5785105145191913,0.667217175887696,0.5721868365180467,942,461,481
433,323,138,48,0.9002079002079002,0.2993492407809111,0.5727513227513228,0.7419354838709677,0.5997785704944056,0.7000808407437348,0.6061571125265393,942,481,461
400,333,144,65,0.8602150537634409,0.3018867924528302,0.5457025920873124,0.6889952153110048,0.5810509231081356,0.667779632721202,0.5774946921443737,942,465,477
404,346,139,53,0.8840262582056893,0.2865979381443299,0.5386666666666666,0.7239583333333334,0.5853120981750095,0.6694283347141674,0.5764331210191083,942,457,485
396,333,161,52,0.8839285714285714,0.3259109311740891,0.5432098765432098,0.755868544600939,0.6049197513013302,0.6728971962616822,0.5912951167728238,942,448,494
395,345,137,65,0.8586956521739131,0.2842323651452282,0.5337837837837838,0.6782178217821783,0.5714640086595706,0.6583333333333333,0.564755838641189,942,460,482
413,316,160,53,0.8862660944206009,0.33613445378151263,0.5665294924554184,0.7511737089201878,0.6112002741010567,0.6912133891213389,0.60828025477707,942,466,476
381,350,153,58,0.8678815489749431,0.30417495029821073,0.521203830369357,0.7251184834123223,0.586028249636577,0.6512820512820513,0.5668789808917197,942,439,503
390,342,141,69,0.8496732026143791,0.2919254658385093,0.5327868852459017,0.6714285714285714,0.5707993342264441,0.654911838790932,0.5636942675159236,942,459,483
398,346,136,62,0.8652173913043478,0.2821576763485477,0.5349462365591398,0.6868686868686869,0.5736875338264478,0.6611295681063123,0.5668789808917197,942,460,482
396,337,135,74,0.8425531914893617,0.2860169491525424,0.5402455661664393,0.645933014354067,0.5642850703209521,0.6583541147132169,0.5636942675159236,942,470,472
415,299,158,70,0.8556701030927835,0.34573304157549234,0.5812324929971989,0.6929824561403509,0.6007015723341379,0.6922435362802335,0.60828025477707,942,485,457
434,339,119,50,0.8966942148760331,0.259825327510917,0.5614489003880984,0.7041420118343196,0.578259771193475,0.6905330151153541,0.5870488322717622,942,484,458
403,341,140,58,0.8741865509761388,0.2910602910602911,0.5416666666666666,0.7070707070707071,0.582623421018215,0.6688796680497926,0.5764331210191083,942,461,481
388,329,168,57,0.8719101123595505,0.3380281690140845,0.5411436541143654,0.7466666666666667,0.6049691406868175,0.6678141135972461,0.5902335456475584,942,445,497
379,326,176,61,0.8613636363636363,0.350597609561753,0.5375886524822695,0.7426160337552743,0.6059806229626947,0.6620087336244541,0.589171974522293,942,440,502
388,340,154,60,0.8660714285714286,0.3117408906882591,0.532967032967033,0.719626168224299,0.5889061596298438,0.6598639455782312,0.5753715498938429,942,448,494
420,338,130,54,0.8860759493670886,0.2777777777777778,0.554089709762533,0.7065217391304348,0.5819268635724332,0.6818181818181819,0.583864118895966,942,474,468
416,344,136,46,0.9004329004329005,0.2833333333333333,0.5473684210526316,0.7472527472527473,0.5918831168831169,0.6808510638297872,0.5859872611464968,942,462,480
402,333,147,60,0.8701298701298701,0.30625,0.5469387755102041,0.7101449275362319,0.5881899350649351,0.6716791979949874,0.5828025477707006,942,462,480
380,338,161,63,0.8577878103837472,0.3226452905811623,0.5292479108635098,0.71875,0.5902165504824548,0.6546080964685616,0.5743099787685775,942,443,499
402,330,142,68,0.8553191489361702,0.3008474576271186,0.5491803278688525,0.6761904761904762,0.5780833032816444,0.6688851913477538,0.5774946921443737,942,470,472
398,322,157,65,0.8596112311015118,0.3277661795407098,0.5527777777777778,0.7072072072072072,0.5936887053211108,0.672865595942519,0.589171974522293,942,463,479
399,334,153,56,0.8769230769230769,0.3141683778234086,0.5443383356070941,0.7320574162679426,0.5955457273732427,0.6717171717171717,0.5859872611464968,942,455,487
381,328,177,56,0.8718535469107551,0.3504950495049505,0.53737658674189,0.759656652360515,0.6111742982078527,0.6649214659685865,0.5923566878980892,942,437,505
433,321,146,42,0.911578947368421,0.31263383297644537,0.5742705570291777,0.776595744680851,0.6121063901724332,0.7046379170056957,0.6146496815286624,942,475,467
404,312,152,74,0.8451882845188284,0.3275862068965517,0.5642458100558659,0.672566371681416,0.5863872457076901,0.6767169179229481,0.5902335456475584,942,478,464
397,300,176,69,0.851931330472103,0.3697478991596639,0.569583931133429,0.7183673469387755,0.6108396148158834,0.6827171109200344,0.60828025477707,942,466,476
366,343,169,64,0.8511627906976744,0.330078125,0.5162200282087447,0.7253218884120172,0.5906204578488372,0.642669007901668,0.5679405520169851,942,430,512
400,319,156,67,0.8565310492505354,0.32842105263157895,0.5563282336578581,0.6995515695067265,0.5924760509410572,0.6745362563237773,0.5902335456475584,942,467,475
392,332,153,65,0.8577680525164114,0.3154639175257732,0.5414364640883977,0.7018348623853211,0.5866159850210924,0.6638441998306519,0.578556263269639,942,457,485
384,334,159,65,0.8552338530066815,0.3225152129817444,0.5348189415041783,0.7098214285714286,0.588874532994213,0.6580976863753214,0.5764331210191083,942,449,493
404,343,148,47,0.8957871396895787,0.3014256619144603,0.5408299866131191,0.7589743589743589,0.5986064008020195,0.674457429048414,0.5859872611464968,942,451,491
375,332,158,77,0.8296460176991151,0.3224489795918367,0.5304101838755304,0.6723404255319149,0.5760474986454759,0.6471095772217429,0.5658174097664543,942,452,490
400,333,146,63,0.8639308855291576,0.3048016701461378,0.5457025920873124,0.6985645933014354,0.5843662778376477,0.6688963210702341,0.5796178343949044,942,463,479
423,331,132,56,0.8830897703549061,0.28509719222462204,0.5610079575596817,0.7021276595744681,0.584093481289764,0.6861313868613138,0.589171974522293,942,479,463
396,324,159,63,0.8627450980392157,0.32919254658385094,0.55,0.7162162162162162,0.5959688223115334,0.6717557251908397,0.589171974522293,942,459,483
445,303,142,52,0.8953722334004024,0.31910112359550563,0.5949197860962567,0.7319587628865979,0.607236678497954,0.714859437751004,0.6231422505307855,942,497,445
405,314,150,73,0.8472803347280334,0.3232758620689655,0.5632823365785814,0.672645739910314,0.5852780983984995,0.6766917293233082,0.589171974522293,942,478,464
384,337,156,65,0.8552338530066815,0.31643002028397565,0.5325936199722607,0.7058823529411765,0.5858319366453286,0.6564102564102564,0.5732484076433121,942,449,493
397,345,148,52,0.8841870824053452,0.3002028397565923,0.5350404312668463,0.74,0.5921949610809687,0.6666666666666666,0.578556263269639,942,449,493
412,306,155,69,0.8565488565488566,0.3362255965292842,0.5738161559888579,0.6919642857142857,0.5963872265390704,0.6872393661384487,0.6019108280254777,942,481,461
419,311,147,65,0.8657024793388429,0.32096069868995636,0.5739726027397261,0.6933962264150944,0.5933315890143996,0.6902800658978583,0.6008492569002123,942,484,458
390,340,154,58,0.8705357142857143,0.3117408906882591,0.5342465753424658,0.7264150943396226,0.5911383024869867,0.6621392190152802,0.5774946921443737,942,448,494
403,305,170,64,0.8629550321199143,0.35789473684210527,0.5692090395480226,0.7264957264957265,0.6104248844810098,0.6859574468085107,0.60828025477707,942,467,475
396,328,131,87,0.8198757763975155,0.28540305010893247,0.5469613259668509,0.6009174311926605,0.552639413253224,0.6561723280861641,0.559447983014862,942,483,459
389,332,164,57,0.8721973094170403,0.33064516129032256,0.5395284327323162,0.7420814479638009,0.6014212353536814,0.6666666666666666,0.5870488322717622,942,446,496
420,308,155,59,0.8768267223382046,0.3347732181425486,0.5769230769230769,0.7242990654205608,0.6057999702403766,0.695940347970174,0.6104033970276008,942,479,463
424,308,155,55,0.8851774530271399,0.3347732181425486,0.5792349726775956,0.7380952380952381,0.6099753355848443,0.7002477291494632,0.6146496815286624,942,479,463
399,332,153,58,0.8730853391684902,0.3154639175257732,0.5458276333789329,0.7251184834123223,0.5942746283471316,0.6717171717171716,0.5859872611464968,942,457,485
407,333,138,64,0.8641188959660298,0.2929936305732484,0.55,0.6831683168316832,0.578556263269639,0.6721717588769612,0.578556263269639,942,471,471
396,364,136,46,0.8959276018099548,0.272,0.5210526315789473,0.7472527472527473,0.5839638009049775,0.6589018302828619,0.564755838641189,942,442,500
413,329,135,65,0.8640167364016736,0.29094827586206895,0.5566037735849056,0.675,0.5774825061318714,0.6770491803278689,0.5817409766454352,942,478,464
424,326,131,61,0.8742268041237113,0.28665207877461707,0.5653333333333334,0.6822916666666666,0.5804394414491643,0.6866396761133604,0.589171974522293,942,485,457
386,344,143,69,0.8483516483516483,0.2936344969199179,0.5287671232876713,0.6745283018867925,0.5709930726357831,0.6514767932489451,0.5615711252653928,942,455,487
409,332,141,60,0.8720682302771855,0.29809725158562367,0.5519568151147098,0.7014925373134329,0.5850827409314046,0.6760330578512396,0.583864118895966,942,469,473
414,314,148,66,0.8625,0.3203463203463203,0.5686813186813187,0.6915887850467289,0.5914231601731602,0.685430463576159,0.5966029723991507,942,480,462
392,339,144,67,0.8540305010893247,0.2981366459627329,0.5362517099863201,0.6824644549763034,0.5760835735260288,0.6588235294117647,0.5690021231422505,942,459,483
413,325,149,55,0.8824786324786325,0.3143459915611814,0.559620596205962,0.7303921568627451,0.598412312019907,0.6849087893864013,0.5966029723991507,942,468,474
425,297,157,63,0.8709016393442623,0.3458149779735683,0.5886426592797784,0.7136363636363636,0.6083583086589153,0.7024793388429752,0.6178343949044586,942,488,454
393,333,150,66,0.8562091503267973,0.3105590062111801,0.5413223140495868,0.6944444444444444,0.5833840782689887,0.6632911392405063,0.5764331210191083,942,459,483
400,348,137,57,0.87527352297593,0.2824742268041237,0.5347593582887701,0.7061855670103093,0.5788738748900268,0.6639004149377594,0.5700636942675159,942,457,485
405,345,129,63,0.8653846153846154,0.2721518987341772,0.54,0.671875,0.5687682570593964,0.665024630541872,0.5668789808917197,942,468,474
422,308,143,69,0.8594704684317719,0.3170731707317073,0.5780821917808219,0.6745283018867925,0.5882718195817396,0.6912366912366912,0.5997876857749469,942,491,451
400,319,148,75,0.8421052631578947,0.3169164882226981,0.5563282336578581,0.6636771300448431,0.5795108756902964,0.6700167504187604,0.5817409766454352,942,475,467
423,306,151,62,0.8721649484536083,0.3304157549234136,0.5802469135802469,0.7089201877934272,0.6012903516885109,0.6968698517298187,0.6093418259023354,942,485,457
402,371,121,48,0.8933333333333333,0.2459349593495935,0.5200517464424321,0.7159763313609467,0.5696341463414634,0.6573998364677024,0.5552016985138004,942,450,492
409,336,137,60,0.8720682302771855,0.28964059196617337,0.548993288590604,0.6954314720812182,0.5808544111216795,0.6738056013179572,0.5796178343949044,942,469,473
420,347,132,43,0.9071274298056156,0.2755741127348643,0.5475880052151239,0.7542857142857143,0.5913507712702399,0.6829268292682927,0.5859872611464968,942,463,479
402,343,125,72,0.8481012658227848,0.2670940170940171,0.5395973154362416,0.6345177664974619,0.557597641458401,0.6595570139458572,0.559447983014862,942,474,468
415,316,153,58,0.8773784355179705,0.326226012793177,0.5677154582763337,0.7251184834123223,0.6018022241555737,0.6893687707641195,0.6029723991507431,942,473,469
407,307,162,66,0.8604651162790697,0.34541577825159914,0.5700280112044818,0.7105263157894737,0.6029404472653345,0.6857624262847515,0.6040339702760085,942,473,469
393,340,154,55,0.8772321428571429,0.3117408906882591,0.5361527967257844,0.7368421052631579,0.594486516772701,0.6655376799322609,0.5806794055201698,942,448,494
393,336,141,72,0.8451612903225807,0.29559748427672955,0.5390946502057613,0.6619718309859155,0.5703793872996551,0.6582914572864322,0.5668789808917197,942,465,477
412,346,134,50,0.8917748917748918,0.2791666666666667,0.5435356200527705,0.7282608695652174,0.5854707792207792,0.6754098360655737,0.5796178343949044,942,462,480
406,323,156,57,0.8768898488120951,0.325678496868476,0.5569272976680384,0.7323943661971831,0.6012841728402856,0.6812080536912751,0.5966029723991507,942,463,479
402,316,148,76,0.8410041841004184,0.31896551724137934,0.5598885793871866,0.6607142857142857,0.5799848506708989,0.6722408026755853,0.583864118895966,942,478,464
419,314,151,58,0.8784067085953878,0.3247311827956989,0.5716234652114598,0.722488038277512,0.6015689456955433,0.6925619834710746,0.6050955414012739,942,477,465
403,312,160,67,0.8574468085106383,0.3389830508474576,0.5636363636363636,0.7048458149779736,0.598214929679048,0.680168776371308,0.5976645435244161,942,470,472
387,329,151,75,0.8376623376623377,0.3145833333333333,0.5405027932960894,0.668141592920354,0.5761228354978355,0.6570458404074703,0.5711252653927813,942,462,480
441,325,114,62,0.8767395626242545,0.25968109339407747,0.5757180156657964,0.6477272727272727,0.5682103280091659,0.6950354609929078,0.589171974522293,942,503,439
401,328,159,54,0.8813186813186813,0.3264887063655031,0.5500685871056241,0.7464788732394366,0.6039036938420922,0.6773648648648648,0.5944798301486199,942,455,487
390,344,130,78,0.8333333333333334,0.2742616033755274,0.5313351498637602,0.625,0.5537974683544304,0.6489184692179701,0.5520169851380042,942,468,474
402,320,172,48,0.8933333333333333,0.34959349593495936,0.556786703601108,0.7818181818181819,0.6214634146341463,0.6860068259385665,0.6093418259023354,942,450,492
392,362,135,53,0.8808988764044944,0.2716297786720322,0.519893899204244,0.7180851063829787,0.5762643275382633,0.6538782318598833,0.559447983014862,942,445,497
415,320,147,60,0.8736842105263158,0.3147751605995717,0.564625850340136,0.7101449275362319,0.5942296855629438,0.6859504132231405,0.5966029723991507,942,475,467
405,319,152,66,0.8598726114649682,0.3227176220806794,0.5593922651933702,0.6972477064220184,0.5912951167728238,0.6778242677824268,0.5912951167728238,942,471,471
411,333,144,54,0.8838709677419355,0.3018867924528302,0.5524193548387096,0.7272727272727273,0.5928788800973829,0.6799007444168734,0.589171974522293,942,465,477
420,312,159,51,0.89171974522293,0.3375796178343949,0.5737704918032787,0.7571428571428571,0.6146496815286624,0.6982543640897755,0.6146496815286624,942,471,471
401,318,163,60,0.8698481561822126,0.3388773388773389,0.5577190542420027,0.7309417040358744,0.6043627475297757,0.6796610169491526,0.5987261146496815,942,461,481
417,317,151,57,0.879746835443038,0.32264957264957267,0.5681198910081744,0.7259615384615384,0.6011982040463053,0.6903973509933775,0.6029723991507431,942,474,468
421,297,159,65,0.8662551440329218,0.34868421052631576,0.5863509749303621,0.7098214285714286,0.6074696772796188,0.6993355481727574,0.6157112526539278,942,486,456
420,313,154,55,0.8842105263157894,0.3297644539614561,0.572987721691678,0.7368421052631579,0.6069874901386227,0.695364238410596,0.6093418259023354,942,475,467
411,307,160,64,0.8652631578947368,0.3426124197002141,0.5724233983286908,0.7142857142857143,0.6039377887974755,0.6890192791282482,0.6061571125265393,942,475,467
383,363,147,49,0.8865740740740741,0.28823529411764703,0.5134048257372654,0.75,0.5874046840958606,0.6502546689303904,0.5626326963906582,942,432,510
401,334,152,55,0.8793859649122807,0.31275720164609055,0.545578231292517,0.7342995169082126,0.5960715832791856,0.6733837111670864,0.5870488322717622,942,456,486
406,336,132,68,0.8565400843881856,0.28205128205128205,0.5471698113207547,0.66,0.5692956832197338,0.6677631578947368,0.5711252653927813,942,474,468
421,322,139,60,0.8752598752598753,0.30151843817787416,0.566621803499327,0.6984924623115578,0.5883891567188747,0.6879084967320261,0.5944798301486199,942,481,461
391,344,156,51,0.8846153846153846,0.312,0.5319727891156463,0.7536231884057971,0.5983076923076923,0.6644010195412065,0.5806794055201698,942,442,500
401,322,152,67,0.8568376068376068,0.3206751054852321,0.5546334716459198,0.6940639269406392,0.5887563561614194,0.6733837111670865,0.5870488322717622,942,468,474
439,317,137,49,0.8995901639344263,0.30176211453744495,0.5806878306878307,0.7365591397849462,0.6006761392359357,0.7057877813504824,0.6114649681528662,942,488,454
430,316,140,56,0.8847736625514403,0.30701754385964913,0.5764075067024129,0.7142857142857143,0.5958956032055447,0.6980519480519481,0.6050955414012739,942,486,456
418,315,145,64,0.8672199170124482,0.31521739130434784,0.5702592087312415,0.69377990430622,0.591218654158398,0.6880658436213992,0.5976645435244161,942,482,460
411,329,132,70,0.8544698544698545,0.28633405639913234,0.5554054054054054,0.6534653465346535,0.5704019554344935,0.6732186732186731,0.5764331210191083,942,481,461
425,313,136,68,0.8620689655172413,0.3028953229398664,0.575880758807588,0.6666666666666666,0.5824821442285538,0.6904955320877335,0.5955414012738853,942,493,449
439,295,143,65,0.871031746031746,0.3264840182648402,0.5980926430517711,0.6875,0.5987578821482931,0.7092084006462035,0.6178343949044586,942,504,438
400,322,163,57,0.87527352297593,0.33608247422680415,0.554016620498615,0.740909090909091,0.6056779986013671,0.6785411365564037,0.5976645435244161,942,457,485
421,321,134,66,0.864476386036961,0.2945054945054945,0.5673854447439353,0.67,0.5794909402712277,0.6851098454027665,0.589171974522293,942,487,455
378,359,141,64,0.8552036199095022,0.282,0.5128900949796472,0.6878048780487804,0.5686018099547511,0.6412213740458015,0.5509554140127388,942,442,500
405,338,145,54,0.8823529411764706,0.3002070393374741,0.5450874831763123,0.7286432160804021,0.5912799902569723,0.6738768718801996,0.583864118895966,942,459,483
417,320,138,67,0.8615702479338843,0.30131004366812225,0.5658073270013568,0.6731707317073171,0.5814401458010032,0.683046683046683,0.589171974522293,942,484,458
411,341,130,60,0.8726114649681529,0.2760084925690021,0.5465425531914894,0.6842105263157895,0.5743099787685775,0.6721177432542927,0.5743099787685775,942,471,471
392,333,167,50,0.8868778280542986,0.334,0.5406896551724137,0.7695852534562212,0.6104389140271493,0.6718080548414739,0.5934182590233545,942,442,500
424,335,132,51,0.8926315789473684,0.2826552462526767,0.5586297760210803,0.7213114754098361,0.5876434126000225,0.6871961102106969,0.5902335456475584,942,475,467
378,337,162,65,0.8532731376975169,0.3246492985971944,0.5286713286713287,0.7136563876651982,0.5889612181473556,0.6528497409326425,0.5732484076433121,942,443,499
397,340,150,55,0.8783185840707964,0.30612244897959184,0.5386702849389416,0.7317073170731707,0.5922205165251941,0.6677880571909167,0.5806794055201698,942,452,490
385,342,148,67,0.8517699115044248,0.3020408163265306,0.5295735900962861,0.6883720930232559,0.5769053639154778,0.6530958439355387,0.5658174097664543,942,452,490
397,351,140,54,0.8802660753880266,0.285132382892057,0.5307486631016043,0.7216494845360825,0.5826992291400418,0.6622185154295245,0.5700636942675159,942,451,491
412,331,144,55,0.8822269807280514,0.3031578947368421,0.5545087483176312,0.7236180904522613,0.5926924377324467,0.6809917355371901,0.5902335456475584,942,467,475
396,334,157,55,0.8780487804878049,0.319755600814664,0.5424657534246575,0.7405660377358491,0.5989021906512344,0.6706181202370872,0.5870488322717622,942,451,491
388,344,157,53,0.8798185941043084,0.313373253493014,0.5300546448087432,0.7476190476190476,0.5965959237986612,0.6615515771526002,0.578556263269639,942,441,501
424,313,145,60,0.8760330578512396,0.3165938864628821,0.5753052917232022,0.7073170731707317,0.5963134721570609,0.6945126945126945,0.6040339702760085,942,484,458
393,325,161,63,0.8618421052631579,0.33127572016460904,0.5473537604456824,0.71875,0.5965589127138835,0.6695059625212948,0.5881104033970276,942,456,486
414,338,137,53,0.8865096359743041,0.28842105263157897,0.550531914893617,0.7210526315789474,0.5874653443029415,0.6792452830188679,0.5849256900212314,942,467,475
401,338,144,59,0.8717391304347826,0.2987551867219917,0.5426251691474966,0.7093596059113301,0.5852471585783872,0.6688907422852376,0.578556263269639,942,460,482
418,335,142,47,0.8989247311827957,0.2976939203354298,0.5551128818061088,0.7513227513227513,0.5983093257591128,0.6863711001642036,0.5944798301486199,942,465,477
384,352,152,54,0.8767123287671232,0.30158730158730157,0.5217391304347826,0.7378640776699029,0.5891498151772124,0.6541737649063032,0.5690021231422505,942,438,504
387,343,147,65,0.8561946902654868,0.3,0.5301369863013699,0.6933962264150944,0.5780973451327434,0.6548223350253808,0.5668789808917197,942,452,490
400,346,143,53,0.8830022075055187,0.29243353783231085,0.5361930294906166,0.7295918367346939,0.5877178726689147,0.6672226855713095,0.5764331210191083,942,453,489
410,337,146,49,0.8932461873638344,0.3022774327122153,0.5488621151271754,0.7487179487179487,0.5977618100380249,0.679933665008292,0.5902335456475584,942,459,483
383,331,158,70,0.8454746136865342,0.3231083844580777,0.5364145658263305,0.6929824561403509,0.5842914990723059,0.6563838903170522,0.5743099787685775,942,453,489
416,314,143,69,0.8577319587628865,0.31291028446389496,0.5698630136986301,0.6745283018867925,0.5853211216133908,0.6847736625514403,0.5934182590233545,942,485,457
404,339,141,58,0.8744588744588745,0.29375,0.5437415881561238,0.7085427135678392,0.5841044372294373,0.6705394190871369,0.578556263269639,942,462,480
430,316,134,62,0.8739837398373984,0.29777777777777775,0.5764075067024129,0.6836734693877551,0.585880758807588,0.6946688206785138,0.5987261146496815,942,492,450
397,329,156,60,0.8687089715536105,0.3216494845360825,0.546831955922865,0.7222222222222222,0.5951792280448465,0.6711749788672865,0.5870488322717622,942,457,485
437,310,149,46,0.9047619047619048,0.32461873638344224,0.5850066934404283,0.764102564102564,0.6146903205726735,0.7105691056910569,0.6220806794055201,942,483,459
384,347,151,60,0.8648648648648649,0.3032128514056225,0.5253077975376197,0.7156398104265402,0.5840388581352437,0.6536170212765957,0.5679405520169851,942,444,498
415,314,147,66,0.8627858627858628,0.3188720173535792,0.5692729766803841,0.6901408450704225,0.590828940069721,0.6859504132231407,0.5966029723991507,942,481,461
413,342,132,55,0.8824786324786325,0.27848101265822783,0.5470198675496689,0.7058823529411765,0.5804798225684301,0.6753883892068684,0.578556263269639,942,468,474
394,325,160,63,0.862144420131291,0.32989690721649484,0.5479833101529903,0.7174887892376681,0.596020663673893,0.6700680272108844,0.5881104033970276,942,457,485
403,343,141,55,0.8799126637554585,0.29132231404958675,0.5402144772117963,0.7193877551020408,0.5856174889025226,0.669435215946844,0.5774946921443737,942,458,484
411,304,160,67,0.8598326359832636,0.3448275862068966,0.5748251748251748,0.7048458149779736,0.6023301110950801,0.6890192791282481,0.6061571125265393,942,478,464
410,318,160,54,0.8836206896551724,0.33472803347280333,0.5631868131868132,0.7476635514018691,0.6091743615639879,0.6879194630872483,0.6050955414012739,942,464,478
392,347,142,61,0.8653421633554084,0.2903885480572597,0.530446549391069,0.6995073891625616,0.577865355706334,0.6577181208053692,0.5668789808917197,942,453,489
384,341,159,58,0.8687782805429864,0.318,0.5296551724137931,0.7327188940092166,0.5933891402714933,0.6580976863753214,0.5764331210191083,942,442,500
408,331,147,56,0.8793103448275862,0.3075313807531381,0.5520974289580515,0.7241379310344828,0.5934208627903621,0.6783042394014963,0.589171974522293,942,464,478
391,333,164,54,0.8786516853932584,0.3299798792756539,0.5400552486187845,0.7522935779816514,0.6043157823344562,0.6689478186484175,0.589171974522293,942,445,497
382,349,144,67,0.8507795100222717,0.2920892494929006,0.5225718194254446,0.6824644549763034,0.5714343797575862,0.6474576271186442,0.5583864118895966,942,449,493
409,320,153,60,0.8720682302771855,0.32346723044397463,0.5610425240054869,0.7183098591549296,0.5977677303605801,0.682804674457429,0.5966029723991507,942,469,473
429,312,144,57,0.8827160493827161,0.3157894736842105,0.5789473684210527,0.7164179104477612,0.5992527615334633,0.6992665036674818,0.60828025477707,942,486,456
378,351,146,67,0.849438202247191,0.2937625754527163,0.5185185185185185,0.6854460093896714,0.5716003888499537,0.6439522998296423,0.5562632696390658,942,445,497
415,305,172,50,0.8924731182795699,0.36058700209643607,0.5763888888888888,0.7747747747747747,0.626530060188003,0.7004219409282699,0.6231422505307855,942,465,477
404,351,141,46,0.8977777777777778,0.2865853658536585,0.5350993377483444,0.7540106951871658,0.5921815718157182,0.6705394190871369,0.578556263269639,942,450,492
416,314,150,62,0.8702928870292888,0.3232758620689655,0.5698630136986301,0.7075471698113207,0.5967843745491271,0.6887417218543047,0.6008492569002123,942,478,464
400,341,134,67,0.8565310492505354,0.28210526315789475,0.5398110661268556,0.6666666666666666,0.5693181562042151,0.662251655629139,0.5668789808917197,942,467,475
396,334,153,59,0.8703296703296703,0.3141683778234086,0.5424657534246575,0.7216981132075472,0.5922490240765395,0.6683544303797468,0.5828025477707006,942,455,487
412,307,164,59,0.8747346072186837,0.3481953290870488,0.5730180806675939,0.7354260089686099,0.6114649681528662,0.6924369747899158,0.6114649681528662,942,471,471
384,331,160,67,0.8514412416851441,0.3258655804480652,0.5370629370629371,0.7048458149779736,0.5886534110666046,0.6586620926243568,0.5774946921443737,942,451,491
391,348,138,65,0.8574561403508771,0.2839506172839506,0.5290933694181326,0.6798029556650246,0.5707033788174138,0.6543933054393305,0.5615711252653928,942,456,486
410,315,154,63,0.8668076109936576,0.3283582089552239,0.5655172413793104,0.7096774193548387,0.5975829099744407,0.6844741235392321,0.5987261146496815,942,473,469
398,325,151,68,0.8540772532188842,0.3172268907563025,0.5504840940525588,0.6894977168949772,0.5856520719875933,0.669470142977292,0.5828025477707006,942,466,476
413,302,158,69,0.8568464730290456,0.34347826086956523,0.5776223776223777,0.6960352422907489,0.6001623669493055,0.6900584795321637,0.6061571125265393,942,482,460
425,318,152,47,0.9004237288135594,0.32340425531914896,0.5720053835800808,0.7638190954773869,0.6119139920663541,0.6995884773662553,0.6125265392781316,942,472,470
399,332,149,62,0.8655097613882863,0.3097713097713098,0.5458276333789329,0.7061611374407583,0.587640535579798,0.6694630872483222,0.5817409766454352,942,461,481
422,313,142,65,0.86652977412731,0.3120879120879121,0.5741496598639456,0.6859903381642513,0.589308843107611,0.690671031096563,0.5987261146496815,942,487,455
394,344,148,56,0.8755555555555555,0.3008130081300813,0.5338753387533876,0.7254901960784313,0.5881842818428185,0.6632996632996633,0.5753715498938429,942,450,492
394,350,147,51,0.8853932584269663,0.29577464788732394,0.5295698924731183,0.7424242424242424,0.5905839531571451,0.6627417998317914,0.5743099787685775,942,445,497
401,337,152,52,0.8852097130242825,0.310838445807771,0.5433604336043361,0.7450980392156863,0.5980240794160268,0.6733837111670864,0.5870488322717622,942,453,489
396,330,149,67,0.8552915766738661,0.31106471816283926,0.5454545454545454,0.6898148148148148,0.5831781474183527,0.6661059714045415,0.578556263269639,942,463,479
426,311,151,54,0.8875,0.3268398268398268,0.5780189959294437,0.7365853658536585,0.6071699134199133,0.7000821692686936,0.6125265392781316,942,480,462
382,328,155,77,0.8322440087145969,0.32091097308488614,0.5380281690140845,0.6681034482758621,0.5765774908997415,0.6535500427715996,0.5700636942675159,942,459,483
418,316,148,60,0.8744769874476988,0.31896551724137934,0.5694822888283378,0.7115384615384616,0.5967212523445391,0.6897689768976897,0.6008492569002123,942,478,464
386,345,157,54,0.8772727272727273,0.31274900398406374,0.5280437756497948,0.7440758293838863,0.5950108656283956,0.659265584970111,0.5764331210191083,942,440,502
397,344,143,58,0.8725274725274725,0.2936344969199179,0.5357624831309041,0.7114427860696517,0.5830809847236952,0.6638795986622072,0.5732484076433121,942,455,487
398,340,148,56,0.8766519823788547,0.30327868852459017,0.5392953929539296,0.7254901960784313,0.5899653354517225,0.6677852348993288,0.5796178343949044,942,454,488
396,335,154,57,0.8741721854304636,0.3149284253578732,0.5417236662106704,0.7298578199052133,0.5945503053941684,0.668918918918919,0.583864118895966,942,453,489
389,350,137,66,0.8549450549450549,0.2813141683778234,0.5263870094722598,0.6748768472906403,0.5681296116614392,0.6515912897822446,0.5583864118895966,942,455,487
401,311,155,75,0.842436974789916,0.33261802575107297,0.5632022471910112,0.6739130434782609,0.5875275002704945,0.6750841750841751,0.5902335456475584,942,476,466
430,314,139,59,0.8793456032719836,0.3068432671081678,0.5779569892473119,0.702020202020202,0.5930944351900758,0.6974858069748581,0.6040339702760085,942,489,453
398,335,139,70,0.8504273504273504,0.29324894514767935,0.5429740791268759,0.6650717703349283,0.5718381477875148,0.6627810158201499,0.5700636942675159,942,468,474
399,332,150,61,0.8673913043478261,0.3112033195020747,0.5458276333789329,0.7109004739336493,0.5892973119249504,0.6700251889168766,0.5828025477707006,942,460,482
393,352,148,49,0.8891402714932126,0.296,0.5275167785234899,0.751269035532995,0.5925701357466063,0.662173546756529,0.5743099787685775,942,442,500
419,324,142,57,0.8802521008403361,0.30472103004291845,0.5639300134589502,0.7135678391959799,0.5924865654416273,0.6874487284659557,0.5955414012738853,942,476,466
404,357,120,61,0.8688172043010752,0.25157232704402516,0.5308804204993429,0.6629834254143646,0.5601947656725502,0.6590538336052201,0.5562632696390658,942,465,477
385,353,153,51,0.8830275229357798,0.30237154150197626,0.521680216802168,0.75,0.5926995322188781,0.65587734241908,0.5711252653927813,942,436,506
416,347,130,49,0.8946236559139785,0.27253668763102723,0.54521625163827,0.7262569832402235,0.5835801717725029,0.6775244299674268,0.5796178343949044,942,465,477
398,331,153,60,0.868995633187773,0.31611570247933884,0.5459533607681756,0.7183098591549296,0.592555667833556,0.6705981465880371,0.5849256900212314,942,458,484
394,371,124,53,0.8814317673378076,0.2505050505050505,0.515032679738562,0.7005649717514124,0.5659684089214291,0.65016501650165,0.5498938428874734,942,447,495
384,359,151,48,0.8888888888888888,0.296078431372549,0.5168236877523553,0.7587939698492462,0.592483660130719,0.6536170212765957,0.5679405520169851,942,432,510
409,328,145,60,0.8720682302771855,0.30655391120507397,0.5549525101763908,0.7073170731707317,0.5893110707411298,0.6782752902155886,0.5881104033970276,942,469,473
406,324,146,66,0.8601694915254238,0.31063829787234043,0.5561643835616439,0.6886792452830188,0.5854038946988821,0.6755407653910152,0.5859872611464968,942,472,470
387,328,174,53,0.8795454545454545,0.3466135458167331,0.5412587412587413,0.7665198237885462,0.6130795001810938,0.6701298701298701,0.5955414012738853,942,440,502
394,342,141,65,0.8583877995642701,0.2919254658385093,0.5353260869565217,0.6844660194174758,0.5751566327013897,0.6594142259414226,0.5679405520169851,942,459,483
406,322,136,78,0.8388429752066116,0.29694323144104806,0.5576923076923077,0.6355140186915887,0.5678931033238298,0.66996699669967,0.5753715498938429,942,484,458
386,354,151,51,0.8832951945080092,0.299009900990099,0.5216216216216216,0.7475247524752475,0.5911525477490541,0.6559048428207307,0.5700636942675159,942,437,505
387,329,159,67,0.8524229074889867,0.32581967213114754,0.5405027932960894,0.7035398230088495,0.5891212898100672,0.6615384615384615,0.5796178343949044,942,454,488
392,336,157,57,0.8730512249443207,0.3184584178498986,0.5384615384615384,0.7336448598130841,0.5957548213971097,0.6661002548853017,0.5828025477707006,942,449,493
418,332,133,59,0.8763102725366876,0.2860215053763441,0.5573333333333333,0.6927083333333334,0.5811658889565159,0.6813365933170334,0.5849256900212314,942,477,465
391,336,138,77,0.8354700854700855,0.2911392405063291,0.5378266850068776,0.641860465116279,0.5633046629882072,0.6543933054393306,0.5615711252653928,942,468,474
432,310,142,58,0.8816326530612245,0.3141592920353982,0.5822102425876011,0.71,0.5978959725483114,0.7012987012987014,0.6093418259023354,942,490,452
402,334,152,54,0.881578947368421,0.31275720164609055,0.5461956521739131,0.7378640776699029,0.5971680745072558,0.6744966442953021,0.5881104033970276,942,456,486
444,293,148,57,0.8862275449101796,0.3356009070294785,0.6024423337856174,0.7219512195121951,0.610914225969829,0.7172859450726979,0.6284501061571125,942,501,441
385,329,169,59,0.8671171171171171,0.3393574297188755,0.5392156862745098,0.7412280701754386,0.6032372734179963,0.6649395509499136,0.5881104033970276,942,444,498
405,331,152,54,0.8823529411764706,0.3146997929606625,0.5502717391304348,0.7378640776699029,0.5985263670685665,0.6778242677824268,0.5912951167728238,942,459,483
424,321,131,66,0.8653061224489796,0.28982300884955753,0.5691275167785235,0.6649746192893401,0.5775645656492686,0.6866396761133602,0.589171974522293,942,490,452
425,314,157,46,0.9023354564755839,0.3333333333333333,0.5751014884979703,0.7733990147783252,0.6178343949044586,0.7024793388429753,0.6178343949044586,942,471,471
402,324,151,65,0.860813704496788,0.3178947368421053,0.5537190082644629,0.6990740740740741,0.5893542206694466,0.6739312657166807,0.5870488322717622,942,467,475
399,320,160,63,0.8636363636363636,0.3333333333333333,0.5549374130737135,0.7174887892376681,0.5984848484848485,0.6756985605419137,0.5934182590233545,942,462,480
370,355,146,71,0.8390022675736961,0.29141716566866266,0.5103448275862069,0.6728110599078341,0.5652097166211794,0.6346483704974272,0.5477707006369427,942,441,501
403,328,151,60,0.8704103671706264,0.31524008350730687,0.5512995896032832,0.7156398104265402,0.5928252253389666,0.6750418760469012,0.5881104033970276,942,463,479
417,314,156,55,0.8834745762711864,0.33191489361702126,0.5704514363885089,0.7393364928909952,0.6076947349441039,0.6932668329177057,0.60828025477707,942,472,470
391,348,149,54,0.8786516853932584,0.29979879275653926,0.5290933694181326,0.7339901477832512,0.5892252390748989,0.6604729729729729,0.5732484076433121,942,445,497
376,335,149,82,0.8209606986899564,0.30785123966942146,0.5288326300984529,0.645021645021645,0.5644059691796889,0.6432848588537211,0.5573248407643312,942,458,484
410,314,153,65,0.8631578947368421,0.32762312633832974,0.5662983425414365,0.7018348623853211,0.595390510537586,0.6839032527105923,0.5976645435244161,942,475,467
417,308,164,53,0.8872340425531915,0.3474576271186441,0.5751724137931035,0.7557603686635944,0.6173458348359178,0.6979079497907948,0.6167728237791932,942,470,472
429,327,128,58,0.8809034907597536,0.2813186813186813,0.5674603174603174,0.6881720430107527,0.5811110860392175,0.6902654867256637,0.5912951167728238,942,487,455
405,324,151,62,0.867237687366167,0.3178947368421053,0.5555555555555556,0.7089201877934272,0.5925662121041362,0.677257525083612,0.5902335456475584,942,467,475
364,363,153,62,0.8544600938967136,0.29651162790697677,0.5006877579092159,0.7116279069767442,0.5754858609018452,0.6313963573287078,0.5488322717622081,942,426,516
386,351,139,66,0.8539823008849557,0.2836734693877551,0.5237449118046132,0.6780487804878049,0.5688278851363554,0.6492851135407905,0.5573248407643312,942,452,490
407,334,137,64,0.8641188959660298,0.2908704883227176,0.5492577597840755,0.681592039800995,0.5774946921443737,0.6716171617161716,0.5774946921443737,942,471,471
375,371,141,55,0.872093023255814,0.275390625,0.5026809651474531,0.7193877551020408,0.573741824127907,0.6377551020408163,0.5477707006369427,942,430,512
418,319,142,63,0.8690228690228691,0.3080260303687636,0.5671641791044776,0.6926829268292682,0.5885244496958163,0.6863711001642037,0.5944798301486199,942,481,461
406,351,131,54,0.8826086956521739,0.2717842323651452,0.5363276089828269,0.7081081081081081,0.5771964640086595,0.6672144617912902,0.5700636942675159,942,460,482
405,321,152,64,0.8635394456289979,0.321353065539112,0.5578512396694215,0.7037037037037037,0.592446255584055,0.6778242677824268,0.5912951167728238,942,469,473
450,329,117,46,0.907258064516129,0.2623318385650224,0.5776636713735558,0.7177914110429447,0.5847949515405757,0.7058823529411765,0.6019108280254777,942,496,446
405,337,132,68,0.8562367864693446,0.2814498933901919,0.545822102425876,0.66,0.5688433399297683,0.6666666666666666,0.5700636942675159,942,473,469
421,322,140,59,0.8770833333333333,0.30303030303030304,0.566621803499327,0.7035175879396985,0.5900568181818182,0.6884709730171709,0.5955414012738853,942,480,462
398,323,147,74,0.8432203389830508,0.3127659574468085,0.5520110957004161,0.665158371040724,0.5779931482149296,0.6672254819782062,0.578556263269639,942,472,470
403,319,162,58,0.8741865509761388,0.3367983367983368,0.5581717451523546,0.7363636363636363,0.6054924438872378,0.6813186813186812,0.5997876857749469,942,461,481
396,332,160,54,0.88,0.3252032520325203,0.5439560439560439,0.7476635514018691,0.6026016260162601,0.6723259762308997,0.5902335456475584,942,450,492
424,308,145,65,0.8670756646216768,0.3200883002207506,0.5792349726775956,0.6904761904761905,0.5935819824212137,0.6945126945126945,0.6040339702760085,942,489,453
419,312,160,51,0.8914893617021277,0.3389830508474576,0.573187414500684,0.7582938388625592,0.6152362062747927,0.697751873438801,0.6146496815286624,942,470,472
412,304,159,67,0.860125260960334,0.3434125269978402,0.5754189944134078,0.7035398230088495,0.6017688939790871,0.6895397489539749,0.6061571125265393,942,479,463
406,314,162,60,0.871244635193133,0.3403361344537815,0.5638888888888889,0.7297297297297297,0.6057903848234573,0.684654300168634,0.6029723991507431,942,466,476
387,319,173,63,0.86,0.3516260162601626,0.5481586402266289,0.7330508474576272,0.6058130081300813,0.6695501730103806,0.5944798301486199,942,450,492
374,347,171,50,0.8820754716981132,0.3301158301158301,0.5187239944521498,0.7737556561085973,0.6060956509069717,0.6532751091703056,0.578556263269639,942,424,518
420,323,149,50,0.8936170212765957,0.3156779661016949,0.5652759084791387,0.7487437185929648,0.6046474936891453,0.6924979389942293,0.6040339702760085,942,470,472
392,349,151,50,0.8868778280542986,0.302,0.5290148448043185,0.7512437810945274,0.5944389140271493,0.6627218934911242,0.5764331210191083,942,442,500
423,309,142,68,0.8615071283095723,0.3148558758314856,0.5778688524590164,0.6761904761904762,0.588181502070529,0.6917416189697466,0.5997876857749469,942,491,451
397,333,150,62,0.8649237472766884,0.3105590062111801,0.5438356164383562,0.7075471698113207,0.5877413767439342,0.6677880571909167,0.5806794055201698,942,459,483
433,343,122,44,0.9077568134171907,0.2623655913978495,0.5579896907216495,0.7349397590361446,0.5850612024075201,0.6911412609736631,0.589171974522293,942,477,465
391,344,138,69,0.85,0.2863070539419087,0.5319727891156463,0.6666666666666666,0.5681535269709543,0.6543933054393305,0.5615711252653928,942,460,482
389,349,140,64,0.8587196467991169,0.28629856850715746,0.5271002710027101,0.6862745098039216,0.5725091076531372,0.653232577665827,0.5615711252653928,942,453,489
413,330,138,61,0.8713080168776371,0.2948717948717949,0.5558546433378196,0.6934673366834171,0.583089905874716,0.6787181594083813,0.5849256900212314,942,474,468
433,325,121,63,0.8729838709677419,0.2713004484304933,0.5712401055408971,0.657608695652174,0.5721421596991176,0.6905901116427432,0.5881104033970276,942,496,446
414,319,138,71,0.8536082474226804,0.30196936542669583,0.5648021828103683,0.6602870813397129,0.5777888064246881,0.6798029556650246,0.5859872611464968,942,485,457
416,334,141,51,0.8907922912205567,0.2968421052631579,0.5546666666666666,0.734375,0.5938171982418573,0.6836483155299918,0.5912951167728238,942,467,475
409,313,148,72,0.8503118503118503,0.3210412147505423,0.5664819944598338,0.6727272727272727,0.5856765325311963,0.6799667497921862,0.5912951167728238,942,481,461
428,303,150,61,0.8752556237218814,0.33112582781456956,0.585499316005472,0.7109004739336493,0.6031907257682254,0.7016393442622951,0.613588110403397,942,489,453
435,318,125,64,0.8717434869739479,0.28216704288939054,0.5776892430278885,0.6613756613756614,0.5769552649316692,0.6948881789137381,0.5944798301486199,942,499,443
405,348,131,58,0.8747300215982722,0.27348643006263046,0.5378486055776892,0.6931216931216931,0.5741082258304513,0.6661184210526316,0.5690021231422505,942,463,479
388,333,152,69,0.849015317286652,0.3134020618556701,0.5381414701803051,0.6877828054298643,0.581208689571161,0.6587436332767402,0.5732484076433121,942,457,485
413,328,147,54,0.8843683083511777,0.3094736842105263,0.5573549257759784,0.7313432835820896,0.596920996280852,0.6837748344370861,0.5944798301486199,942,467,475
421,325,136,60,0.8752598752598753,0.2950108459869848,0.564343163538874,0.6938775510204082,0.58513536062343,0.6862265688671557,0.5912951167728238,942,481,461
403,343,142,54,0.8818380743982495,0.2927835051546392,0.5402144772117963,0.7244897959183674,0.5873107897764444,0.6699916874480466,0.578556263269639,942,457,485
408,324,151,59,0.8736616702355461,0.3178947368421053,0.5573770491803278,0.719047619047619,0.5957782035388257,0.6805671392827355,0.5934182590233545,942,467,475
405,333,145,59,0.8728448275862069,0.303347280334728,0.5487804878048781,0.7107843137254902,0.5880960539604674,0.6738768718801997,0.583864118895966,942,464,478
406,362,130,44,0.9022222222222223,0.26422764227642276,0.5286458333333334,0.7471264367816092,0.5832249322493225,0.6666666666666667,0.5690021231422505,942,450,492
411,315,149,67,0.8598326359832636,0.32112068965517243,0.5661157024793388,0.6898148148148148,0.5904766628192181,0.6827242524916944,0.5944798301486199,942,478,464
399,343,141,59,0.87117903930131,0.29132231404958675,0.5377358490566038,0.705,0.5812506766754484,0.665,0.5732484076433121,942,458,484
392,335,156,59,0.8691796008869179,0.31771894093686354,0.5392022008253095,0.7255813953488373,0.5934492709118907,0.66553480475382,0.5817409766454352,942,451,491
406,327,161,48,0.8942731277533039,0.32991803278688525,0.5538881309686221,0.7703349282296651,0.6120955802700946,0.6840775063184499,0.6019108280254777,942,454,488
427,317,139,59,0.8786008230452675,0.3048245614035088,0.5739247311827957,0.702020202020202,0.5917126922243882,0.694308943089431,0.6008492569002123,942,486,456
415,340,126,61,0.8718487394957983,0.2703862660944206,0.5496688741721855,0.6737967914438503,0.5711175027951094,0.6742485783915516,0.5743099787685775,942,476,466
407,324,131,80,0.8357289527720739,0.2879120879120879,0.5567715458276333,0.6208530805687204,0.561820520342081,0.6683087027914614,0.5711252653927813,942,487,455
399,350,149,44,0.9006772009029346,0.2985971943887776,0.5327102803738317,0.772020725388601,0.5996371976458561,0.6694630872483222,0.5817409766454352,942,443,499
371,347,149,75,0.8318385650224215,0.3004032258064516,0.5167130919220055,0.6651785714285714,0.5661208954144366,0.6374570446735395,0.5520169851380042,942,446,496
408,346,129,59,0.8736616702355461,0.27157894736842103,0.5411140583554377,0.6861702127659575,0.5726203088019836,0.6683046683046684,0.5700636942675159,942,467,475
388,335,157,62,0.8622222222222222,0.31910569105691056,0.5366528354080221,0.7168949771689498,0.5906639566395664,0.6615515771526,0.578556263269639,942,450,492
394,324,160,64,0.8602620087336245,0.3305785123966942,0.5487465181058496,0.7142857142857143,0.5954202605651593,0.6700680272108844,0.5881104033970276,942,458,484
440,316,138,48,0.9016393442622951,0.3039647577092511,0.582010582010582,0.7419354838709677,0.6028020509857731,0.707395498392283,0.613588110403397,942,488,454
397,332,153,60,0.8687089715536105,0.3154639175257732,0.5445816186556928,0.7183098591549296,0.5920864445396918,0.6694772344013492,0.583864118895966,942,457,485
416,362,114,50,0.8927038626609443,0.23949579831932774,0.5347043701799485,0.6951219512195121,0.566099830490136,0.6688102893890675,0.5626326963906582,942,466,476
395,346,138,63,0.8624454148471615,0.28512396694214875,0.5330634278002699,0.6865671641791045,0.5737846908946551,0.6588824020016681,0.5658174097664543,942,458,484
410,321,149,62,0.8686440677966102,0.3170212765957447,0.560875512995896,0.7061611374407583,0.5928326721961774,0.6816292601828762,0.5934182590233545,942,472,470
424,333,134,51,0.8926315789473684,0.28693790149892934,0.560105680317041,0.7243243243243244,0.5897847402231489,0.6883116883116883,0.5923566878980892,942,475,467
389,352,149,52,0.8820861678004536,0.29740518962075846,0.524966261808367,0.7412935323383084,0.589745678710606,0.6582064297800337,0.5711252653927813,942,441,501
420,320,144,58,0.8786610878661087,0.3103448275862069,0.5675675675675675,0.7128712871287128,0.5945029577261578,0.6896551724137931,0.5987261146496815,942,478,464
409,319,142,72,0.8503118503118503,0.3080260303687636,0.5618131868131868,0.6635514018691588,0.579168940340307,0.6765922249793217,0.5849256900212314,942,481,461
405,335,141,61,0.869098712446352,0.296218487394958,0.5472972972972973,0.698019801980198,0.5826585999206549,0.6716417910447761,0.5796178343949044,942,466,476
401,338,141,62,0.8660907127429806,0.29436325678496866,0.5426251691474966,0.6945812807881774,0.5802269847639746,0.6672212978369384,0.5753715498938429,942,463,479
403,320,154,65,0.8611111111111112,0.32489451476793246,0.5573997233748271,0.7031963470319634,0.5930028129395218,0.6767422334172964,0.5912951167728238,942,468,474
399,335,153,55,0.8788546255506607,0.3135245901639344,0.5435967302452316,0.7355769230769231,0.5961896078572976,0.6717171717171717,0.5859872611464968,942,454,488
418,309,164,51,0.8912579957356077,0.346723044397463,0.5749656121045392,0.7627906976744186,0.6189905200665353,0.6989966555183946,0.6178343949044586,942,469,473
382,350,156,54,0.8761467889908257,0.308300395256917,0.5218579234972678,0.7428571428571429,0.5922235921238713,0.6541095890410958,0.5711252653927813,942,436,506
403,317,149,73,0.8466386554621849,0.3197424892703863,0.5597222222222222,0.6711711711711712,0.5831905723662856,0.6739130434782608,0.5859872611464968,942,476,466
437,316,129,60,0.8792756539235412,0.2898876404494382,0.5803452855245684,0.6825396825396826,0.5845816471864898,0.6992,0.6008492569002123,942,497,445
411,283,176,72,0.8509316770186336,0.38344226579520696,0.5922190201729106,0.7096774193548387,0.6171869714069202,0.6983857264231096,0.6231422505307855,942,483,459
396,325,149,72,0.8461538461538461,0.3143459915611814,0.5492371705963939,0.6742081447963801,0.5802499188575138,0.6661059714045416,0.578556263269639,942,468,474
414,320,149,59,0.8752642706131079,0.31769722814498935,0.5640326975476839,0.7163461538461539,0.5964807493790486,0.6859983429991715,0.5976645435244161,942,473,469
424,302,165,51,0.8926315789473684,0.3533190578158458,0.5840220385674931,0.7638888888888888,0.6229753183816071,0.7060782681099085,0.6252653927813163,942,475,467
396,322,169,55,0.8780487804878049,0.34419551934826886,0.5515320334261838,0.7544642857142857,0.6111221499180368,0.6775021385799829,0.5997876857749469,942,451,491
401,332,148,61,0.8679653679653679,0.30833333333333335,0.5470668485675307,0.7081339712918661,0.5881493506493507,0.6711297071129707,0.5828025477707006,942,462,480
410,318,165,49,0.8932461873638344,0.3416149068322981,0.5631868131868132,0.7710280373831776,0.6174305470980663,0.6908171861836562,0.6104033970276008,942,459,483
400,332,151,59,0.8714596949891068,0.31262939958592134,0.546448087431694,0.719047619047619,0.5920445472875141,0.6717044500419815,0.5849256900212314,942,459,483
393,340,149,60,0.8675496688741722,0.3047034764826176,0.5361527967257844,0.7129186602870813,0.5861265726783949,0.6627318718381112,0.5753715498938429,942,453,489
404,314,167,57,0.8763557483731019,0.3471933471933472,0.5626740947075209,0.7455357142857143,0.6117745477832246,0.6853265479219678,0.6061571125265393,942,461,481
382,361,145,54,0.8761467889908257,0.2865612648221344,0.5141318977119784,0.7286432160804021,0.5813540269064801,0.6480067854113655,0.559447983014862,942,436,506
427,313,159,43,0.9085106382978724,0.336864406779661,0.577027027027027,0.7871287128712872,0.6226875225387667,0.705785123966942,0.6220806794055201,942,470,472
409,341,130,62,0.8683651804670913,0.2760084925690021,0.5453333333333333,0.6770833333333334,0.5721868365180467,0.66994266994267,0.5721868365180467,942,471,471
391,327,157,67,0.8537117903930131,0.3243801652892562,0.5445682451253482,0.7008928571428571,0.5890459778411347,0.6649659863945578,0.5817409766454352,942,458,484
399,332,151,60,0.869281045751634,0.31262939958592134,0.5458276333789329,0.7156398104265402,0.5909552226687776,0.6705882352941176,0.583864118895966,942,459,483
409,322,141,70,0.8538622129436325,0.3045356371490281,0.5595075239398085,0.6682464454976303,0.5791989250463303,0.6760330578512397,0.583864118895966,942,479,463
399,346,134,63,0.8636363636363636,0.2791666666666667,0.5355704697986577,0.6802030456852792,0.5714015151515152,0.6611433305716653,0.5658174097664543,942,462,480
419,314,148,61,0.8729166666666667,0.3203463203463203,0.5716234652114598,0.7081339712918661,0.5966314935064935,0.6908491343775762,0.6019108280254777,942,480,462
433,309,144,56,0.885480572597137,0.31788079470198677,0.5835579514824798,0.72,0.6016806836495618,0.703493095044679,0.6125265392781316,942,489,453
423,342,125,52,0.8905263157894737,0.2676659528907923,0.5529411764705883,0.7062146892655368,0.5790961343401331,0.682258064516129,0.5817409766454352,942,475,467
389,336,158,59,0.8683035714285714,0.31983805668016196,0.5365517241379311,0.728110599078341,0.5940708140543667,0.6632566069906224,0.5806794055201698,942,448,494
379,347,146,70,0.844097995545657,0.2961460446247465,0.522038567493113,0.6759259259259259,0.5701220200852017,0.6451063829787235,0.5573248407643312,942,449,493
394,342,143,63,0.862144420131291,0.2948453608247423,0.5353260869565217,0.6941747572815534,0.5784948904780166,0.6605196982397318,0.5700636942675159,942,457,485
409,314,157,62,0.8683651804670913,0.3333333333333333,0.5656984785615491,0.7168949771689498,0.6008492569002123,0.6850921273031826,0.6008492569002123,942,471,471
391,370,116,65,0.8574561403508771,0.23868312757201646,0.5137976346911958,0.6408839779005525,0.5480696339614468,0.6425636811832374,0.5382165605095541,942,456,486
392,335,159,56,0.875,0.32186234817813764,0.5392022008253095,0.7395348837209302,0.5984311740890689,0.6672340425531914,0.5849256900212314,942,448,494
403,354,127,58,0.8741865509761388,0.26403326403326405,0.5323645970937912,0.6864864864864865,0.5691099075047015,0.6617405582922825,0.5626326963906582,942,461,481
401,326,166,49,0.8911111111111111,0.33739837398373984,0.5515818431911967,0.772093023255814,0.6142547425474254,0.6813933729821581,0.6019108280254777,942,450,492
389,336,156,61,0.8644444444444445,0.3170731707317073,0.5365517241379311,0.7188940092165899,0.5907588075880759,0.6621276595744682,0.578556263269639,942,450,492
448,295,146,53,0.8942115768463074,0.3310657596371882,0.6029609690444145,0.7336683417085427,0.6126386682417477,0.7202572347266881,0.6305732484076433,942,501,441
411,322,143,66,0.8616352201257862,0.30752688172043013,0.5607094133697135,0.6842105263157895,0.5845810509231082,0.6793388429752065,0.5881104033970276,942,477,465
393,338,156,55,0.8772321428571429,0.3157894736842105,0.5376196990424077,0.7393364928909952,0.5965108082706767,0.6666666666666667,0.5828025477707006,942,448,494
410,306,164,62,0.8686440677966102,0.34893617021276596,0.5726256983240223,0.7256637168141593,0.608790119004688,0.6902356902356903,0.6093418259023354,942,472,470
440,311,133,58,0.8835341365461847,0.29954954954954954,0.5858854860186418,0.6963350785340314,0.5915418430478672,0.7045636509207365,0.60828025477707,942,498,444
398,318,164,62,0.8652173913043478,0.34024896265560167,0.5558659217877095,0.7256637168141593,0.6027331769799747,0.6768707482993197,0.5966029723991507,942,460,482
393,344,156,49,0.8891402714932126,0.312,0.5332428765264586,0.7609756097560976,0.6005701357466063,0.6666666666666667,0.5828025477707006,942,442,500
383,364,148,47,0.8906976744186047,0.2890625,0.5127175368139224,0.7589743589743589,0.5898800872093024,0.6508071367884453,0.5636942675159236,942,430,512
377,347,145,73,0.8377777777777777,0.29471544715447157,0.5207182320441989,0.6651376146788991,0.5662466124661246,0.6422487223168654,0.554140127388535,942,450,492
423,298,155,66,0.8650306748466258,0.34216335540838855,0.5866851595006934,0.7013574660633484,0.6035970151275072,0.6991735537190082,0.613588110403397,942,489,453
407,314,153,68,0.8568421052631578,0.32762312633832974,0.5644937586685159,0.6923076923076923,0.5922326158007438,0.6806020066889632,0.5944798301486199,942,475,467
416,337,144,45,0.9023861171366594,0.2993762993762994,0.5524568393094289,0.7619047619047619,0.6008812082564794,0.6853377265238879,0.5944798301486199,942,461,481
423,316,152,51,0.8924050632911392,0.3247863247863248,0.5723951285520974,0.7487684729064039,0.608595694038732,0.6974443528441878,0.6104033970276008,942,474,468
400,349,144,49,0.89086859688196,0.2920892494929006,0.5340453938584779,0.7461139896373057,0.5914789231874302,0.667779632721202,0.5774946921443737,942,449,493
384,316,154,88,0.8135593220338984,0.3276595744680851,0.5485714285714286,0.6363636363636364,0.5706094482509917,0.6552901023890786,0.5711252653927813,942,472,470
412,322,142,66,0.8619246861924686,0.30603448275862066,0.5613079019073569,0.6826923076923077,0.5839795844755447,0.6798679867986799,0.5881104033970276,942,478,464
393,345,151,53,0.8811659192825112,0.30443548387096775,0.532520325203252,0.7401960784313726,0.5928007015767395,0.6638513513513513,0.5774946921443737,942,446,496
405,307,177,53,0.8842794759825328,0.365702479338843,0.5688202247191011,0.7695652173913043,0.6249909776606879,0.6923076923076922,0.6178343949044586,942,458,484
407,330,141,64,0.8641188959660298,0.29936305732484075,0.5522388059701493,0.6878048780487804,0.5817409766454352,0.6738410596026491,0.5817409766454352,942,471,471
388,334,159,61,0.8641425389755011,0.3225152129817444,0.5373961218836565,0.7227272727272728,0.5933288759786227,0.6626814688300597,0.5806794055201698,942,449,493
400,329,156,57,0.87527352297593,0.3216494845360825,0.5486968449931413,0.7323943661971831,0.5984615037560063,0.6745362563237773,0.5902335456475584,942,457,485
413,308,166,55,0.8824786324786325,0.350210970464135,0.5728155339805825,0.751131221719457,0.6163448014713837,0.6947014297729184,0.6146496815286624,942,468,474
417,325,126,74,0.8492871690427699,0.2793791574279379,0.5619946091644205,0.63,0.5643331632353539,0.6763990267639902,0.5764331210191083,942,491,451
418,318,142,64,0.8672199170124482,0.30869565217391304,0.5679347826086957,0.6893203883495146,0.5879577845931806,0.6863711001642036,0.5944798301486199,942,482,460
408,345,124,65,0.8625792811839323,0.26439232409381663,0.5418326693227091,0.656084656084656,0.5634858026388745,0.6655791190864601,0.564755838641189,942,473,469
391,356,141,54,0.8786516853932584,0.2837022132796781,0.5234270414993306,0.7230769230769231,0.5811769493364682,0.6560402684563758,0.564755838641189,942,445,497
400,339,148,55,0.8791208791208791,0.30390143737166325,0.5412719891745602,0.729064039408867,0.5915111582462712,0.6700167504187605,0.5817409766454352,942,455,487
390,346,146,60,0.8666666666666667,0.2967479674796748,0.529891304347826,0.7087378640776699,0.5817073170731708,0.6576728499156829,0.5690021231422505,942,450,492
393,336,169,44,0.8993135011441648,0.3346534653465347,0.5390946502057613,0.7934272300469484,0.6169834832453497,0.6740994854202401,0.5966029723991507,942,437,505
397,328,165,52,0.8841870824053452,0.33468559837728196,0.5475862068965517,0.7603686635944701,0.6094363403913136,0.676320272572402,0.5966029723991507,942,449,493
385,343,153,61,0.8632286995515696,0.3084677419354839,0.5288461538461539,0.7149532710280374,0.5858482207435267,0.6558773424190801,0.5711252653927813,942,446,496
436,293,155,58,0.8825910931174089,0.34598214285714285,0.598079561042524,0.7276995305164319,0.6142866179872759,0.7130008176614883,0.6273885350318471,942,494,448
414,302,160,66,0.8625,0.3463203463203463,0.5782122905027933,0.7079646017699115,0.6044101731601732,0.6923076923076924,0.6093418259023354,942,480,462
393,330,153,66,0.8562091503267973,0.3167701863354037,0.5435684647302904,0.6986301369863014,0.5864896683311005,0.6649746192893401,0.5796178343949044,942,459,483
416,322,161,43,0.906318082788671,0.3333333333333333,0.5636856368563685,0.7892156862745098,0.6198257080610021,0.6950710108604844,0.6125265392781316,942,459,483
425,328,135,54,0.8872651356993737,0.2915766738660907,0.5644090305444888,0.7142857142857143,0.5894209047827322,0.689935064935065,0.5944798301486199,942,479,463
386,350,147,59,0.8674157303370786,0.29577464788732394,0.5244565217391305,0.7135922330097088,0.5815951891122013,0.6536833192209993,0.5658174097664543,942,445,497
392,332,166,52,0.8828828828828829,0.3333333333333333,0.5414364640883977,0.7614678899082569,0.6081081081081081,0.6712328767123287,0.5923566878980892,942,444,498
424,318,135,65,0.8670756646216768,0.2980132450331126,0.5714285714285714,0.675,0.5825444548273947,0.6888708367181153,0.5934182590233545,942,489,453
384,344,156,58,0.8687782805429864,0.312,0.5274725274725275,0.7289719626168224,0.5903891402714933,0.6564102564102564,0.5732484076433121,942,442,500
397,333,150,62,0.8649237472766884,0.3105590062111801,0.5438356164383562,0.7075471698113207,0.5877413767439342,0.6677880571909167,0.5806794055201698,942,459,483
400,339,147,56,0.8771929824561403,0.30246913580246915,0.5412719891745602,0.7241379310344828,0.5898310591293048,0.6694560669456067,0.5806794055201698,942,456,486
402,351,135,54,0.881578947368421,0.2777777777777778,0.5338645418326693,0.7142857142857143,0.5796783625730995,0.6650124069478908,0.5700636942675159,942,456,486
408,335,139,60,0.8717948717948718,0.29324894514767935,0.5491251682368775,0.6984924623115578,0.5825219084712756,0.6738232865400496,0.5806794055201698,942,468,474
389,358,140,55,0.8761261261261262,0.28112449799196787,0.5207496653279786,0.717948717948718,0.578625312059047,0.6532325776658271,0.5615711252653928,942,444,498
428,324,122,68,0.8629032258064516,0.273542600896861,0.5691489361702128,0.6421052631578947,0.5682229133516563,0.6858974358974359,0.583864118895966,942,496,446
370,354,156,62,0.8564814814814815,0.3058823529411765,0.511049723756906,0.7155963302752294,0.5811819172113291,0.6401384083044982,0.5583864118895966,942,432,510
390,333,155,64,0.8590308370044053,0.3176229508196721,0.5394190871369294,0.7077625570776256,0.5883268939120387,0.6627017841971112,0.578556263269639,942,454,488
435,325,125,57,0.8841463414634146,0.2777777777777778,0.5723684210526315,0.6868131868131868,0.5809620596205962,0.694888178913738,0.5944798301486199,942,492,450
413,307,160,62,0.8694736842105263,0.3426124197002141,0.5736111111111111,0.7207207207207207,0.6060430519553702,0.691213389121339,0.60828025477707,942,475,467
400,335,154,53,0.8830022075055187,0.3149284253578732,0.54421768707483,0.7439613526570048,0.5989653164316959,0.6734006734006734,0.5881104033970276,942,453,489
395,325,164,58,0.8719646799116998,0.33537832310838445,0.5486111111111112,0.7387387387387387,0.6036715015100421,0.6734867860187553,0.5934182590233545,942,453,489
423,312,148,59,0.8775933609958506,0.3217391304347826,0.5755102040816327,0.714975845410628,0.5996662457153166,0.695152013147083,0.6061571125265393,942,482,460
424,326,142,50,0.8945147679324894,0.3034188034188034,0.5653333333333334,0.7395833333333334,0.5989667856756464,0.6928104575163399,0.6008492569002123,942,474,468
415,324,140,63,0.8682008368200836,0.3017241379310345,0.5615696887686062,0.6896551724137931,0.584962487375559,0.6820049301561216,0.589171974522293,942,478,464
417,321,150,54,0.8853503184713376,0.3184713375796178,0.5650406504065041,0.7352941176470589,0.6019108280254777,0.6898263027295286,0.6019108280254777,942,471,471
405,328,155,54,0.8823529411764706,0.32091097308488614,0.5525238744884038,0.7416267942583732,0.6016319571306783,0.6795302013422818,0.5944798301486199,942,459,483
431,300,154,57,0.8831967213114754,0.3392070484581498,0.5896032831737346,0.7298578199052133,0.6112018848848126,0.7071369975389664,0.6210191082802548,942,488,454
387,324,166,65,0.8561946902654868,0.33877551020408164,0.5443037974683544,0.7186147186147186,0.5974851002347842,0.6655202063628548,0.5870488322717622,942,452,490
403,332,153,54,0.8818380743982495,0.3154639175257732,0.5482993197278911,0.7391304347826086,0.5986509959620113,0.6761744966442953,0.5902335456475584,942,457,485
422,330,144,46,0.9017094017094017,0.3037974683544304,0.5611702127659575,0.7578947368421053,0.602753435031916,0.6918032786885246,0.6008492569002123,942,468,474
399,352,137,54,0.8807947019867549,0.28016359918200406,0.5312916111850865,0.7172774869109948,0.5804791505843795,0.6627906976744186,0.5690021231422505,942,453,489
413,342,137,50,0.8920086393088553,0.2860125260960334,0.5470198675496689,0.732620320855615,0.5890105827024443,0.67816091954023,0.583864118895966,942,463,479
418,314,157,53,0.8874734607218684,0.3333333333333333,0.5710382513661202,0.7476190476190476,0.6104033970276008,0.6949293433083956,0.6104033970276008,942,471,471
416,316,158,52,0.8888888888888888,0.3333333333333333,0.5683060109289617,0.7523809523809524,0.611111111111111,0.6933333333333334,0.6093418259023354,942,468,474
402,336,141,63,0.864516129032258,0.29559748427672955,0.5447154471544715,0.6911764705882353,0.5800568066544938,0.6683291770573566,0.5764331210191083,942,465,477
407,330,148,57,0.8771551724137931,0.30962343096234307,0.5522388059701493,0.7219512195121951,0.5933893016880681,0.6777685262281433,0.589171974522293,942,464,478
418,334,148,42,0.908695652173913,0.3070539419087137,0.5558510638297872,0.7789473684210526,0.6078747970413134,0.6897689768976898,0.6008492569002123,942,460,482
403,334,137,68,0.8556263269639066,0.2908704883227176,0.5468113975576662,0.6682926829268293,0.5732484076433121,0.6672185430463575,0.5732484076433121,942,471,471
406,329,146,61,0.8693790149892934,0.30736842105263157,0.5523809523809524,0.7053140096618358,0.5883737180209625,0.6755407653910149,0.5859872611464968,942,467,475
423,312,149,58,0.8794178794178794,0.3232104121475054,0.5755102040816327,0.7198067632850241,0.6013141457826924,0.6957236842105264,0.6072186836518046,942,481,461
363,332,171,76,0.826879271070615,0.3399602385685885,0.5223021582733813,0.6923076923076923,0.5834197548196017,0.6402116402116402,0.5668789808917197,942,439,503
400,315,161,66,0.8583690987124464,0.3382352941176471,0.5594405594405595,0.7092511013215859,0.5983021964150468,0.6773920406435224,0.5955414012738853,942,466,476
415,326,143,58,0.8773784355179705,0.3049040511727079,0.5600539811066126,0.7114427860696517,0.5911412433453391,0.6836902800658978,0.5923566878980892,942,473,469
396,355,126,65,0.8590021691973969,0.26195426195426197,0.5272969374167776,0.6596858638743456,0.5604782155758294,0.6534653465346534,0.554140127388535,942,461,481
366,358,166,52,0.8755980861244019,0.31679389312977096,0.505524861878453,0.7614678899082569,0.5961959896270864,0.6409807355516638,0.564755838641189,942,418,524
432,321,145,44,0.907563025210084,0.3111587982832618,0.5737051792828686,0.7671957671957672,0.609360911746673,0.7030105777054516,0.6125265392781316,942,476,466
402,330,155,55,0.8796498905908097,0.31958762886597936,0.5491803278688525,0.7380952380952381,0.5996187597283945,0.6761984861227923,0.5912951167728238,942,457,485
390,322,162,68,0.851528384279476,0.3347107438016529,0.547752808988764,0.7043478260869566,0.5931195640405644,0.6666666666666666,0.5859872611464968,942,458,484
425,314,147,56,0.8835758835758836,0.3188720173535792,0.5751014884979703,0.7241379310344828,0.6012239504647314,0.6967213114754099,0.6072186836518046,942,481,461
391,312,164,75,0.8390557939914163,0.3445378151260504,0.5561877667140825,0.6861924686192469,0.5917968045587334,0.6689478186484176,0.589171974522293,942,466,476
406,348,134,54,0.8826086956521739,0.27800829875518673,0.5384615384615384,0.7127659574468085,0.5803084972036803,0.6688632619439868,0.5732484076433121,942,460,482
401,328,167,46,0.8970917225950783,0.3373737373737374,0.5500685871056241,0.784037558685446,0.6172327299844078,0.6819727891156462,0.6029723991507431,942,447,495
427,310,143,62,0.8732106339468303,0.31567328918322296,0.5793758480325645,0.697560975609756,0.5944419615650266,0.6965742251223492,0.6050955414012739,942,489,453
382,334,152,74,0.8377192982456141,0.31275720164609055,0.5335195530726257,0.672566371681416,0.5752382499458524,0.651877133105802,0.5668789808917197,942,456,486
404,342,140,56,0.8782608695652174,0.29045643153526973,0.5415549597855228,0.7142857142857143,0.5843586505502436,0.6699834162520729,0.5774946921443737,942,460,482
399,337,148,58,0.8730853391684902,0.30515463917525776,0.5421195652173914,0.7184466019417476,0.5891199891718739,0.6689019279128249,0.5806794055201698,942,457,485
398,321,150,73,0.8450106157112527,0.3184713375796178,0.5535465924895688,0.672645739910314,0.5817409766454352,0.66890756302521,0.5817409766454352,942,471,471
406,344,138,54,0.8826086956521739,0.2863070539419087,0.5413333333333333,0.71875,0.5844578747970413,0.6710743801652893,0.5774946921443737,942,460,482
416,329,146,51,0.8907922912205567,0.30736842105263157,0.5583892617449664,0.7411167512690355,0.5990803561365942,0.6864686468646864,0.5966029723991507,942,467,475
426,326,141,49,0.8968421052631579,0.3019271948608137,0.5664893617021277,0.7421052631578947,0.5993846500619858,0.6943765281173593,0.6019108280254777,942,475,467
420,304,163,55,0.8842105263157894,0.3490364025695932,0.580110497237569,0.7477064220183486,0.6166234644426913,0.7005838198498748,0.618895966029724,942,475,467
421,336,137,48,0.8976545842217484,0.28964059196617337,0.5561426684280053,0.7405405405405405,0.5936475880939609,0.6867862969004894,0.5923566878980892,942,469,473
413,331,142,56,0.8805970149253731,0.30021141649048627,0.5551075268817204,0.7171717171717171,0.5904042157079297,0.6809563066776586,0.589171974522293,942,469,473
380,352,142,68,0.8482142857142857,0.2874493927125506,0.5191256830601093,0.6761904761904762,0.5678318392134182,0.6440677966101696,0.554140127388535,942,448,494
398,334,154,56,0.8766519823788547,0.3155737704918033,0.5437158469945356,0.7333333333333333,0.596112876435329,0.6711635750421586,0.5859872611464968,942,454,488
428,329,127,58,0.8806584362139918,0.27850877192982454,0.5653896961690885,0.6864864864864865,0.5795836040719081,0.6886564762670958,0.589171974522293,942,486,456
373,357,150,62,0.8574712643678161,0.2958579881656805,0.510958904109589,0.7075471698113207,0.5766646262667483,0.640343347639485,0.5552016985138004,942,435,507
389,327,167,59,0.8683035714285714,0.33805668016194335,0.5432960893854749,0.7389380530973452,0.6031801257952574,0.6683848797250859,0.5902335456475584,942,448,494
409,322,159,52,0.8872017353579176,0.3305613305613306,0.5595075239398085,0.7535545023696683,0.6088815329596241,0.686241610738255,0.6029723991507431,942,461,481
403,313,148,78,0.8378378378378378,0.3210412147505423,0.5628491620111732,0.6548672566371682,0.57943952629419,0.6733500417710944,0.5849256900212314,942,481,461
414,343,127,58,0.8771186440677966,0.2702127659574468,0.5468956406869221,0.6864864864864865,0.5736657050126217,0.6737184703010578,0.5743099787685775,942,472,470
381,341,156,64,0.8561797752808988,0.31388329979879276,0.5277008310249307,0.7090909090909091,0.5850315375398458,0.652956298200514,0.5700636942675159,942,445,497
409,311,147,75,0.8450413223140496,0.32096069868995636,0.5680555555555555,0.6621621621621622,0.5830010105020029,0.6794019933554817,0.5902335456475584,942,484,458
401,332,147,62,0.8660907127429806,0.3068893528183716,0.5470668485675307,0.7033492822966507,0.5864900327806761,0.6705685618729097,0.5817409766454352,942,463,479
405,334,141,62,0.867237687366167,0.2968421052631579,0.5480378890392422,0.6945812807881774,0.5820398963146625,0.6716417910447761,0.5796178343949044,942,467,475
414,311,151,66,0.8625,0.3268398268398268,0.5710344827586207,0.695852534562212,0.5946699134199134,0.6871369294605809,0.5997876857749469,942,480,462
381,347,137,77,0.8318777292576419,0.2830578512396694,0.5233516483516484,0.6401869158878505,0.5574677902486557,0.642495784148398,0.5498938428874734,942,458,484
375,351,164,52,0.8782201405152225,0.31844660194174756,0.5165289256198347,0.7592592592592593,0.5983333712284851,0.6504770164787511,0.5721868365180467,942,427,515
399,331,150,62,0.8655097613882863,0.31185031185031187,0.5465753424657535,0.7075471698113207,0.588680036619299,0.6700251889168766,0.5828025477707006,942,461,481
403,345,145,49,0.8915929203539823,0.29591836734693877,0.5387700534759359,0.7474226804123711,0.5937556438504605,0.6716666666666667,0.5817409766454352,942,452,490
398,348,148,48,0.8923766816143498,0.29838709677419356,0.5335120643431636,0.7551020408163265,0.5953818891942717,0.6677852348993288,0.5796178343949044,942,446,496
409,339,144,50,0.8910675381263616,0.2981366459627329,0.5467914438502673,0.7422680412371134,0.5946020920445473,0.6777133388566694,0.5870488322717622,942,459,483
396,340,148,58,0.8722466960352423,0.30327868852459017,0.5380434782608695,0.7184466019417476,0.5877626922799162,0.6655462184873949,0.5774946921443737,942,454,488
392,314,176,60,0.8672566371681416,0.35918367346938773,0.5552407932011332,0.7457627118644068,0.6132201553187646,0.6770293609671849,0.6029723991507431,942,452,490
423,311,158,50,0.8942917547568711,0.3368869936034115,0.5762942779291553,0.7596153846153846,0.6155893741801413,0.7009113504556753,0.6167728237791932,942,473,469
374,345,146,77,0.8292682926829268,0.2973523421588595,0.5201668984700973,0.6547085201793722,0.5633103174208931,0.6393162393162392,0.5520169851380042,942,451,491
430,296,154,62,0.8739837398373984,0.3422222222222222,0.5922865013774105,0.7129629629629629,0.6081029810298103,0.7060755336617407,0.6199575371549894,942,492,450
423,312,151,56,0.8830897703549061,0.326133909287257,0.5755102040816327,0.7294685990338164,0.6046118398210816,0.6968698517298187,0.6093418259023354,942,479,463
404,336,154,48,0.8938053097345132,0.3142857142857143,0.5459459459459459,0.7623762376237624,0.6040455120101138,0.6778523489932885,0.5923566878980892,942,452,490
385,346,150,61,0.8632286995515696,0.3024193548387097,0.5266757865937073,0.7109004739336493,0.5828240271951396,0.6542056074766356,0.5679405520169851,942,446,496
383,345,159,55,0.8744292237442922,0.31547619047619047,0.5260989010989011,0.7429906542056075,0.5949527071102414,0.6569468267581475,0.5753715498938429,942,438,504
378,340,146,78,0.8289473684210527,0.3004115226337449,0.5264623955431755,0.6517857142857143,0.5646794455273988,0.6439522998296423,0.5562632696390658,942,456,486
445,309,132,56,0.8882235528942116,0.29931972789115646,0.5901856763925729,0.7021276595744681,0.593771640392684,0.7091633466135457,0.6125265392781316,942,501,441
420,331,133,58,0.8786610878661087,0.28663793103448276,0.559254327563249,0.6963350785340314,0.5826495094502957,0.6834825061025224,0.5870488322717622,942,478,464
415,320,146,61,0.8718487394957983,0.3133047210300429,0.564625850340136,0.7053140096618358,0.5925767302629206,0.685383980181668,0.5955414012738853,942,476,466
402,315,154,71,0.8498942917547568,0.3283582089552239,0.5606694560669456,0.6844444444444444,0.5891262503549903,0.6756302521008403,0.5902335456475584,942,473,469
435,272,169,66,0.8682634730538922,0.3832199546485261,0.6152758132956153,0.7191489361702128,0.6257417138512091,0.7201986754966887,0.6411889596602972,942,501,441
407,327,153,55,0.8809523809523809,0.31875,0.5544959128065395,0.7355769230769231,0.5998511904761905,0.6806020066889633,0.5944798301486199,942,462,480
406,312,158,66,0.8601694915254238,0.33617021276595743,0.5654596100278552,0.7053571428571429,0.5981698521456906,0.6823529411764706,0.5987261146496815,942,472,470
418,329,130,65,0.865424430641822,0.28322440087145967,0.5595716198125836,0.6666666666666666,0.5743244157566408,0.6796747967479674,0.5817409766454352,942,483,459
393,349,142,58,0.8713968957871396,0.2892057026476578,0.5296495956873315,0.71,0.5803012992173987,0.6588432523051131,0.5679405520169851,942,451,491
369,331,170,72,0.8367346938775511,0.3393213572854291,0.5271428571428571,0.7024793388429752,0.58802802558149,0.6468010517090272,0.5721868365180467,942,441,501
406,330,154,52,0.8864628820960698,0.3181818181818182,0.5516304347826086,0.7475728155339806,0.602322350138944,0.6800670016750419,0.5944798301486199,942,458,484
417,332,139,54,0.8853503184713376,0.2951167728237792,0.5567423230974633,0.7202072538860104,0.5902335456475584,0.6836065573770492,0.5902335456475584,942,471,471
384,347,151,60,0.8648648648648649,0.3032128514056225,0.5253077975376197,0.7156398104265402,0.5840388581352437,0.6536170212765957,0.5679405520169851,942,444,498
409,321,146,66,0.8610526315789474,0.31263383297644537,0.5602739726027397,0.6886792452830188,0.5868432322776964,0.678838174273859,0.589171974522293,942,475,467
403,339,137,63,0.8648068669527897,0.28781512605042014,0.5431266846361186,0.685,0.5763109965016049,0.6672185430463576,0.5732484076433121,942,466,476
403,330,137,72,0.848421052631579,0.29336188436830835,0.5497953615279673,0.6555023923444976,0.5708914684999437,0.6672185430463575,0.5732484076433121,942,475,467
394,338,149,61,0.865934065934066,0.3059548254620123,0.5382513661202186,0.7095238095238096,0.5859444456980392,0.6638584667228308,0.5764331210191083,942,455,487
419,322,139,62,0.8711018711018711,0.30151843817787416,0.5654520917678812,0.6915422885572139,0.5863101546398726,0.6857610474631751,0.5923566878980892,942,481,461
399,336,147,60,0.869281045751634,0.30434782608695654,0.5428571428571428,0.7101449275362319,0.5868144359192953,0.6683417085427136,0.5796178343949044,942,459,483
418,330,142,52,0.8893617021276595,0.3008474576271186,0.5588235294117647,0.7319587628865979,0.5951045798773891,0.6863711001642037,0.5944798301486199,942,470,472
395,326,152,69,0.8512931034482759,0.3179916317991632,0.5478502080443828,0.6877828054298643,0.5846423676237196,0.6666666666666666,0.5806794055201698,942,464,478
423,319,144,56,0.8830897703549061,0.31101511879049676,0.5700808625336927,0.72,0.5970524445727015,0.6928746928746928,0.6019108280254777,942,479,463
421,336,116,69,0.8591836734693877,0.25663716814159293,0.5561426684280053,0.6270270270270271,0.5579104208054904,0.6752205292702487,0.5700636942675159,942,490,452
402,341,140,59,0.8720173535791758,0.2910602910602911,0.5410497981157469,0.7035175879396985,0.5815388223197334,0.6677740863787375,0.5753715498938429,942,461,481
416,319,150,57,0.879492600422833,0.31982942430703626,0.5659863945578232,0.7246376811594203,0.5996610123649346,0.6887417218543046,0.6008492569002123,942,473,469
399,335,146,62,0.8655097613882863,0.30353430353430355,0.5435967302452316,0.7019230769230769,0.584522032461295,0.6677824267782427,0.578556263269639,942,461,481
425,326,129,62,0.8726899383983573,0.2835164835164835,0.5659121171770972,0.675392670157068,0.5781032109574205,0.6865912762520194,0.5881104033970276,942,487,455
397,322,162,61,0.8668122270742358,0.3347107438016529,0.5521557719054242,0.726457399103139,0.6007614854379444,0.6745964316057774,0.5934182590233545,942,458,484
412,308,160,62,0.869198312236287,0.3418803418803419,0.5722222222222222,0.7207207207207207,0.6055393270583145,0.6901172529313232,0.6072186836518046,942,474,468
389,322,152,79,0.8311965811965812,0.3206751054852321,0.5471167369901547,0.658008658008658,0.5759358433409066,0.6598812553011026,0.5743099787685775,942,468,474
433,314,150,45,0.9058577405857741,0.3232758620689655,0.5796519410977242,0.7692307692307693,0.6145668013273697,0.7069387755102041,0.618895966029724,942,478,464
400,312,151,79,0.8350730688935282,0.326133909287257,0.5617977528089888,0.6565217391304348,0.5806034890903926,0.6717044500419815,0.5849256900212314,942,479,463
398,347,149,48,0.8923766816143498,0.3004032258064516,0.5342281879194631,0.7563451776649747,0.5963899537104007,0.6683459277917716,0.5806794055201698,942,446,496
392,326,167,57,0.8730512249443207,0.33874239350912777,0.5459610027855153,0.7455357142857143,0.6058968092267243,0.6718080548414739,0.5934182590233545,942,449,493
381,331,179,51,0.8819444444444444,0.3509803921568627,0.5351123595505618,0.7782608695652173,0.6164624183006535,0.666083916083916,0.5944798301486199,942,432,510
405,319,160,58,0.8747300215982722,0.33402922755741127,0.5593922651933702,0.7339449541284404,0.6043796245778417,0.6823925863521483,0.5997876857749469,942,463,479
401,336,151,54,0.8813186813186813,0.31006160164271046,0.5440976933514247,0.7365853658536585,0.5956901414806959,0.6728187919463087,0.5859872611464968,942,455,487
395,348,141,58,0.8719646799116998,0.2883435582822086,0.531628532974428,0.7085427135678392,0.5801541190969541,0.6605351170568563,0.5690021231422505,942,453,489
396,336,151,59,0.8703296703296703,0.31006160164271046,0.5409836065573771,0.719047619047619,0.5901956359861904,0.667228306655434,0.5806794055201698,942,455,487
386,324,166,66,0.8539823008849557,0.33877551020408164,0.543661971830986,0.7155172413793104,0.5963789055445187,0.6643717728055077,0.5859872611464968,942,452,490
394,363,138,47,0.8934240362811792,0.2754491017964072,0.5204755614266843,0.745945945945946,0.5844365690387932,0.657762938230384,0.564755838641189,942,441,501
420,334,135,53,0.8879492600422833,0.2878464818763326,0.5570291777188329,0.7180851063829787,0.5878978709593079,0.6845965770171148,0.589171974522293,942,473,469
388,354,139,61,0.8641425389755011,0.281947261663286,0.522911051212938,0.695,0.5730449003193936,0.6515533165407221,0.559447983014862,942,449,493
430,315,135,62,0.8739837398373984,0.3,0.5771812080536913,0.6852791878172588,0.5869918699186992,0.6952303961196443,0.5997876857749469,942,492,450
446,303,135,58,0.8849206349206349,0.3082191780821918,0.595460614152203,0.6994818652849741,0.5965699065014134,0.7118914604948124,0.6167728237791932,942,504,438
404,344,137,57,0.8763557483731019,0.28482328482328484,0.5401069518716578,0.7061855670103093,0.5805895165981934,0.6683209263854426,0.5743099787685775,942,461,481
430,315,145,52,0.8921161825726142,0.31521739130434784,0.5771812080536913,0.7360406091370558,0.603666786938481,0.7008964955175224,0.6104033970276008,942,482,460
419,327,133,63,0.8692946058091287,0.2891304347826087,0.561662198391421,0.6785714285714286,0.5792125202958687,0.6824104234527687,0.5859872611464968,942,482,460
400,347,129,66,0.8583690987124464,0.2710084033613445,0.535475234270415,0.6615384615384615,0.5646887510368954,0.6595218466611706,0.5615711252653928,942,466,476
421,330,130,61,0.8734439834024896,0.2826086956521739,0.5605858854860186,0.680628272251309,0.5780263395273317,0.6828872668288727,0.5849256900212314,942,482,460
409,325,152,56,0.8795698924731182,0.31865828092243187,0.5572207084468664,0.7307692307692307,0.5991140866977751,0.6822351959966638,0.5955414012738853,942,465,477
405,336,147,54,0.8823529411764706,0.30434782608695654,0.5465587044534413,0.7313432835820896,0.5933503836317136,0.675,0.5859872611464968,942,459,483
401,312,163,66,0.8586723768736617,0.3431578947368421,0.5624123422159888,0.7117903930131004,0.6009151358052519,0.6796610169491526,0.5987261146496815,942,467,475
419,328,147,48,0.8972162740899358,0.3094736842105263,0.5609103078982597,0.7538461538461538,0.603344979150231,0.6902800658978583,0.6008492569002123,942,467,475
409,332,156,45,0.9008810572687225,0.319672131147541,0.5519568151147098,0.7761194029850746,0.6102765942081317,0.6845188284518828,0.5997876857749469,942,454,488
415,321,149,57,0.8792372881355932,0.3170212765957447,0.563858695652174,0.7233009708737864,0.598129282365669,0.6870860927152318,0.5987261146496815,942,472,470
404,316,154,68,0.8559322033898306,0.3276595744680851,0.5611111111111111,0.6936936936936937,0.5917958889289578,0.6778523489932886,0.5923566878980892,942,472,470
389,344,146,63,0.8606194690265486,0.2979591836734694,0.5306957708049114,0.6985645933014354,0.579289326350009,0.6565400843881857,0.5679405520169851,942,452,490
406,358,139,39,0.9123595505617977,0.2796780684104628,0.5314136125654451,0.7808988764044944,0.5960188094861303,0.6716294458229942,0.578556263269639,942,445,497
394,329,152,67,0.8546637744034707,0.316008316008316,0.5449515905947441,0.6940639269406392,0.5853360452058933,0.6655405405405405,0.5796178343949044,942,461,481
436,322,124,60,0.8790322580645161,0.27802690582959644,0.575197889182058,0.6739130434782609,0.5785295819470563,0.6953748006379585,0.5944798301486199,942,496,446
390,333,153,66,0.8552631578947368,0.3148148148148148,0.5394190871369294,0.6986301369863014,0.5850389863547758,0.6615776081424937,0.5764331210191083,942,456,486
419,324,137,62,0.8711018711018711,0.29718004338394793,0.5639300134589502,0.6884422110552764,0.5841409572429095,0.684640522875817,0.5902335456475584,942,481,461
422,322,142,56,0.8828451882845189,0.30603448275862066,0.5672043010752689,0.7171717171717171,0.5944398355215698,0.6906710310965631,0.5987261146496815,942,478,464
418,324,133,67,0.8618556701030928,0.2910284463894967,0.5633423180592992,0.665,0.5764420582462948,0.6813365933170334,0.5849256900212314,942,485,457
381,337,152,72,0.8410596026490066,0.310838445807771,0.5306406685236769,0.6785714285714286,0.5759490242283888,0.6507258753202391,0.5658174097664543,942,453,489
386,326,143,87,0.8160676532769556,0.3049040511727079,0.5421348314606742,0.6217391304347826,0.5604858522248317,0.6514767932489451,0.5615711252653928,942,473,469
396,341,150,55,0.8780487804878049,0.3054989816700611,0.5373134328358209,0.7317073170731707,0.591773881078933,0.6666666666666666,0.5796178343949044,942,451,491
404,323,154,61,0.8688172043010752,0.3228511530398323,0.5557083906464925,0.7162790697674418,0.5958341786704537,0.6778523489932886,0.5923566878980892,942,465,477
422,300,157,63,0.8701030927835052,0.3435448577680525,0.5844875346260388,0.7136363636363636,0.6068239752757788,0.6992543496271748,0.6146496815286624,942,485,457
377,347,155,63,0.8568181818181818,0.30876494023904383,0.5207182320441989,0.7110091743119266,0.5827915610286128,0.647766323024055,0.564755838641189,942,440,502
397,353,136,56,0.8763796909492274,0.278118609406953,0.5293333333333333,0.7083333333333334,0.5772491501780902,0.6600166251039068,0.5658174097664543,942,453,489
417,319,148,58,0.8778947368421053,0.3169164882226981,0.5665760869565217,0.7184466019417476,0.5974056125324017,0.6886870355078448,0.5997876857749469,942,475,467
415,299,168,60,0.8736842105263158,0.35974304068522484,0.5812324929971989,0.7368421052631579,0.6167136256057704,0.6980656013456686,0.618895966029724,942,475,467
407,316,154,65,0.8622881355932204,0.3276595744680851,0.5629322268326418,0.7031963470319634,0.5949738550306527,0.6811715481171549,0.5955414012738853,942,472,470
394,327,152,69,0.8509719222462203,0.3173277661795407,0.5464632454923717,0.6877828054298643,0.5841498442128805,0.6655405405405405,0.5796178343949044,942,463,479
402,342,133,65,0.860813704496788,0.28,0.5403225806451613,0.6717171717171717,0.570406852248394,0.6639141205615193,0.5679405520169851,942,467,475
411,307,157,67,0.8598326359832636,0.33836206896551724,0.5724233983286908,0.7008928571428571,0.5990973524743904,0.6872909698996656,0.6029723991507431,942,478,464
377,333,158,74,0.835920177383592,0.32179226069246436,0.5309859154929577,0.6810344827586207,0.5788562190380282,0.6494401378122308,0.5679405520169851,942,451,491
396,337,145,64,0.8608695652173913,0.3008298755186722,0.5402455661664393,0.69377990430622,0.5808497203680317,0.663872590108969,0.5743099787685775,942,460,482
420,314,156,52,0.8898305084745762,0.33191489361702126,0.5722070844686649,0.75,0.6108727010457987,0.6965174129353233,0.6114649681528662,942,472,470
435,322,140,45,0.90625,0.30303030303030304,0.5746367239101717,0.7567567567567568,0.6046401515151515,0.7033144704931285,0.6104033970276008,942,480,462
407,319,155,61,0.8696581196581197,0.3270042194092827,0.5606060606060606,0.7175925925925926,0.5983311695337012,0.6817420435510888,0.5966029723991507,942,468,474
422,313,134,73,0.8525252525252526,0.29977628635346754,0.5741496598639456,0.6473429951690821,0.57615076943936,0.6861788617886179,0.5902335456475584,942,495,447
395,343,149,55,0.8777777777777778,0.30284552845528456,0.535230352303523,0.7303921568627451,0.5903116531165311,0.6649831649831649,0.5774946921443737,942,450,492
419,327,140,56,0.8821052631578947,0.29978586723768735,0.561662198391421,0.7142857142857143,0.5909455651977911,0.6863226863226863,0.5934182590233545,942,475,467
406,357,119,60,0.871244635193133,0.25,0.5321100917431193,0.664804469273743,0.5606223175965666,0.660699755899105,0.5573248407643312,942,466,476
384,327,169,62,0.8609865470852018,0.3407258064516129,0.540084388185654,0.7316017316017316,0.6008561767684073,0.6637856525496975,0.5870488322717622,942,446,496
416,317,135,74,0.8489795918367347,0.29867256637168144,0.567530695770805,0.645933014354067,0.573826079104208,0.6802943581357318,0.5849256900212314,942,490,452
424,315,138,65,0.8670756646216768,0.304635761589404,0.5737483085250338,0.6798029556650246,0.5858557131055404,0.6905537459283387,0.5966029723991507,942,489,453
399,335,145,63,0.8636363636363636,0.3020833333333333,0.5435967302452316,0.6971153846153846,0.5828598484848485,0.6672240802675585,0.5774946921443737,942,462,480
411,308,162,61,0.8707627118644068,0.3446808510638298,0.5716272600834492,0.726457399103139,0.6077217814641183,0.6901763224181361,0.60828025477707,942,472,470
395,353,133,61,0.8662280701754386,0.2736625514403292,0.5280748663101604,0.6855670103092784,0.5699453108078839,0.6561461794019934,0.5605095541401274,942,456,486
431,324,141,46,0.9035639412997903,0.3032258064516129,0.5708609271523178,0.7540106951871658,0.6033948738757016,0.6996753246753246,0.6072186836518046,942,477,465
416,322,148,56,0.8813559322033898,0.3148936170212766,0.5636856368563685,0.7254901960784313,0.5981247746123333,0.687603305785124,0.5987261146496815,942,472,470
395,350,139,58,0.8719646799116998,0.2842535787321063,0.5302013422818792,0.7055837563451777,0.5781091293219031,0.659432387312187,0.5668789808917197,942,453,489
388,326,175,53,0.8798185941043084,0.34930139720558884,0.5434173669467787,0.7675438596491229,0.6145599956549486,0.6718614718614718,0.5976645435244161,942,441,501
396,331,152,63,0.8627450980392157,0.3146997929606625,0.5447042640990372,0.7069767441860465,0.5887224454999391,0.6677908937605397,0.5817409766454352,942,459,483
395,336,157,54,0.8797327394209354,0.3184584178498986,0.5403556771545828,0.7440758293838863,0.5990955786354171,0.6694915254237288,0.5859872611464968,942,449,493
384,340,145,73,0.8402625820568927,0.29896907216494845,0.5303867403314917,0.6651376146788991,0.5696158271109206,0.6502963590177815,0.5615711252653928,942,457,485
406,342,136,58,0.875,0.28451882845188287,0.5427807486631016,0.7010309278350515,0.5797594142259415,0.6699669966996699,0.5753715498938429,942,464,478
403,346,129,64,0.8629550321199143,0.27157894736842103,0.5380507343124166,0.6683937823834197,0.5672669897441677,0.662828947368421,0.564755838641189,942,467,475
397,315,175,55,0.8783185840707964,0.35714285714285715,0.5575842696629213,0.7608695652173914,0.6177307206068268,0.6821305841924399,0.6072186836518046,942,452,490
408,322,158,54,0.8831168831168831,0.32916666666666666,0.5589041095890411,0.7452830188679245,0.6061417748917749,0.6845637583892618,0.6008492569002123,942,462,480
417,340,143,42,0.9084967320261438,0.29606625258799174,0.5508586525759577,0.772972972972973,0.6022814923070677,0.6858552631578947,0.5944798301486199,942,459,483
396,356,131,59,0.8703296703296703,0.26899383983572894,0.526595744680851,0.6894736842105263,0.5696617550826997,0.656172328086164,0.559447983014862,942,455,487
403,330,145,64,0.8629550321199143,0.30526315789473685,0.5497953615279673,0.69377990430622,0.5841090950073256,0.6716666666666666,0.5817409766454352,942,467,475
406,321,152,63,0.8656716417910447,0.321353065539112,0.5584594222833562,0.7069767441860465,0.5935123536650784,0.6789297658862876,0.5923566878980892,942,469,473
400,328,138,76,0.8403361344537815,0.296137339055794,0.5494505494505495,0.6448598130841121,0.5682367367547878,0.664451827242525,0.5711252653927813,942,476,466
388,338,151,65,0.8565121412803532,0.30879345603271985,0.5344352617079889,0.6990740740740741,0.5826527986565365,0.6581849024597116,0.5721868365180467,942,453,489
425,332,128,57,0.8817427385892116,0.2782608695652174,0.5614266842800528,0.6918918918918919,0.5800018040772145,0.6860371267150928,0.5870488322717622,942,482,460
407,312,161,62,0.8678038379530917,0.3403805496828753,0.5660639777468707,0.7219730941704036,0.6040921938179835,0.6851851851851851,0.6029723991507431,942,469,473
400,343,145,54,0.8810572687224669,0.29713114754098363,0.5383580080753702,0.7286432160804021,0.5890942081317253,0.6683375104427737,0.578556263269639,942,454,488
424,309,144,65,0.8670756646216768,0.31788079470198677,0.5784447476125512,0.6889952153110048,0.5924782296618318,0.6939443535188216,0.6029723991507431,942,489,453
427,316,148,51,0.893305439330544,0.31896551724137934,0.5746971736204576,0.7437185929648241,0.6061354782859616,0.6994266994266993,0.6104033970276008,942,478,464
411,333,147,51,0.8896103896103896,0.30625,0.5524193548387096,0.7424242424242424,0.5979301948051948,0.681592039800995,0.5923566878980892,942,462,480
393,338,146,65,0.8580786026200873,0.30165289256198347,0.5376196990424077,0.6919431279620853,0.5798657475910354,0.6610597140454164,0.5721868365180467,942,458,484
392,332,152,66,0.8558951965065502,0.3140495867768595,0.5414364640883977,0.6972477064220184,0.5849723916417049,0.6632825719120136,0.5774946921443737,942,458,484
390,344,151,57,0.87248322147651,0.30505050505050507,0.5313351498637602,0.7259615384615384,0.5887668632635076,0.6604572396274343,0.5743099787685775,942,447,495
383,330,160,69,0.8473451327433629,0.32653061224489793,0.5371669004207573,0.6986899563318777,0.5869378724941304,0.6575107296137338,0.5764331210191083,942,452,490
402,340,136,64,0.8626609442060086,0.2857142857142857,0.5417789757412399,0.68,0.5741876149601471,0.6655629139072847,0.5711252653927813,942,466,476
410,330,146,56,0.8798283261802575,0.3067226890756303,0.5540540540540541,0.7227722772277227,0.5932755076279439,0.6799336650082918,0.5902335456475584,942,466,476
400,341,145,56,0.8771929824561403,0.29835390946502055,0.5398110661268556,0.7213930348258707,0.5877734459605805,0.6683375104427737,0.578556263269639,942,456,486
399,341,156,46,0.8966292134831461,0.31388329979879276,0.5391891891891892,0.7722772277227723,0.6052562566409694,0.6734177215189874,0.589171974522293,942,445,497
388,337,154,63,0.8603104212860311,0.3136456211812627,0.5351724137931034,0.7096774193548387,0.5869780212336468,0.6598639455782312,0.5753715498938429,942,451,491
367,365,151,59,0.8615023474178404,0.2926356589147287,0.5013661202185792,0.719047619047619,0.5770690031662845,0.6338514680483592,0.5498938428874734,942,426,516
389,342,151,60,0.8663697104677061,0.30628803245436104,0.5321477428180574,0.7156398104265402,0.5863288714610335,0.659322033898305,0.5732484076433121,942,449,493
418,323,148,53,0.8874734607218684,0.31422505307855625,0.5641025641025641,0.736318407960199,0.6008492569002123,0.6897689768976898,0.6008492569002123,942,471,471
419,326,139,58,0.8784067085953878,0.2989247311827957,0.5624161073825503,0.7055837563451777,0.5886657198890918,0.6857610474631751,0.5923566878980892,942,477,465
443,313,126,60,0.8807157057654076,0.2870159453302961,0.5859788359788359,0.6774193548387096,0.5838658255478518,0.7037331215250199,0.6040339702760085,942,503,439
355,351,147,89,0.7995495495495496,0.29518072289156627,0.5028328611898017,0.6228813559322034,0.5473651362205579,0.6173913043478261,0.5329087048832272,942,444,498
417,310,154,61,0.8723849372384938,0.33189655172413796,0.5735900962861072,0.7162790697674418,0.6021407444813158,0.6921161825726141,0.6061571125265393,942,478,464
415,334,146,47,0.8982683982683982,0.30416666666666664,0.5540720961281709,0.7564766839378239,0.6012175324675324,0.685383980181668,0.5955414012738853,942,462,480
438,299,154,51,0.8957055214723927,0.33995584988962474,0.5943012211668928,0.751219512195122,0.6178306856810087,0.7145187601957586,0.6284501061571125,942,489,453
411,305,157,69,0.85625,0.3398268398268398,0.5740223463687151,0.6946902654867256,0.5980384199134199,0.6872909698996655,0.6029723991507431,942,480,462
392,334,156,60,0.8672566371681416,0.3183673469387755,0.5399449035812672,0.7222222222222222,0.5928119920534586,0.66553480475382,0.5817409766454352,942,452,490
385,347,162,48,0.8891454965357968,0.3182711198428291,0.5259562841530054,0.7714285714285715,0.6037083081893129,0.6609442060085837,0.5806794055201698,942,433,509
420,317,152,53,0.8879492600422833,0.32409381663113007,0.5698778833107191,0.7414634146341463,0.6060215383367067,0.6942148760330578,0.6072186836518046,942,473,469
396,340,150,56,0.8761061946902655,0.30612244897959184,0.5380434782608695,0.7281553398058253,0.5911143218349286,0.6666666666666667,0.5796178343949044,942,452,490
391,328,159,64,0.8593406593406593,0.3264887063655031,0.5438108484005564,0.7130044843049327,0.5929146828530811,0.6660988074957411,0.583864118895966,942,455,487
429,320,132,61,0.8755102040816326,0.2920353982300885,0.5727636849132176,0.6839378238341969,0.5837728011558605,0.6924939467312349,0.5955414012738853,942,490,452
387,343,155,57,0.8716216216216216,0.3112449799196787,0.5301369863013699,0.7311320754716981,0.5914333007706501,0.6592844974446337,0.5753715498938429,942,444,498
407,326,154,55,0.8809523809523809,0.32083333333333336,0.5552523874488404,0.7368421052631579,0.6008928571428571,0.6811715481171549,0.5955414012738853,942,462,480
406,344,149,43,0.9042316258351893,0.3022312373225152,0.5413333333333333,0.7760416666666666,0.6032314315788523,0.677231025854879,0.589171974522293,942,449,493
415,311,161,55,0.8829787234042553,0.3411016949152542,0.571625344352617,0.7453703703703703,0.6120402091597548,0.6939799331103679,0.6114649681528662,942,470,472
412,331,133,66,0.8619246861924686,0.28663793103448276,0.5545087483176312,0.6683417085427136,0.5742813086134757,0.6748566748566748,0.578556263269639,942,478,464
430,315,135,62,0.8739837398373984,0.3,0.5771812080536913,0.6852791878172588,0.5869918699186992,0.6952303961196443,0.5997876857749469,942,492,450
384,333,173,52,0.8807339449541285,0.34189723320158105,0.5355648535564853,0.7688888888888888,0.6113155890778548,0.666088464874241,0.5912951167728238,942,436,506
409,332,138,63,0.8665254237288136,0.2936170212765957,0.5519568151147098,0.6865671641791045,0.5800712225027047,0.674361088211047,0.5806794055201698,942,472,470
383,362,137,60,0.8645598194130926,0.2745490981963928,0.5140939597315436,0.6954314720812182,0.5695544588047426,0.6447811447811447,0.5520169851380042,942,443,499
412,332,138,60,0.8728813559322034,0.2936170212765957,0.553763440860215,0.696969696969697,0.5832491886043996,0.6776315789473685,0.583864118895966,942,472,470
409,324,157,52,0.8872017353579176,0.3264033264033264,0.557980900409277,0.7511961722488039,0.606802530880622,0.6850921273031826,0.6008492569002123,942,461,481
391,343,147,61,0.8650442477876106,0.3,0.5326975476839237,0.7067307692307693,0.5825221238938053,0.6593591905564924,0.5711252653927813,942,452,490
404,345,131,62,0.8669527896995708,0.27521008403361347,0.5393858477970628,0.6787564766839378,0.5710814368665922,0.6650205761316872,0.5679405520169851,942,466,476
404,322,154,62,0.8669527896995708,0.3235294117647059,0.5564738292011019,0.7129629629629629,0.5952411007321383,0.6778523489932886,0.5923566878980892,942,466,476
392,323,176,51,0.8848758465011287,0.3527054108216433,0.5482517482517483,0.775330396475771,0.618790628661386,0.6770293609671848,0.6029723991507431,942,443,499
407,321,153,61,0.8696581196581197,0.3227848101265823,0.5590659340659341,0.7149532710280374,0.596221464892351,0.6806020066889632,0.5944798301486199,942,468,474
413,305,153,71,0.8533057851239669,0.33406113537117904,0.575208913649025,0.6830357142857143,0.593683460247573,0.6871880199667221,0.6008492569002123,942,484,458
420,318,149,55,0.8842105263157894,0.31905781584582443,0.5691056910569106,0.7303921568627451,0.601634171080807,0.6924979389942293,0.6040339702760085,942,475,467
417,337,131,57,0.879746835443038,0.2799145299145299,0.553050397877984,0.6968085106382979,0.579830682678784,0.6791530944625408,0.5817409766454352,942,474,468
397,320,158,67,0.8556034482758621,0.3305439330543933,0.5536959553695955,0.7022222222222222,0.5930736906651277,0.672311600338696,0.589171974522293,942,464,478
388,344,158,52,0.8818181818181818,0.3147410358565737,0.5300546448087432,0.7523809523809524,0.5982796088373777,0.6621160409556315,0.5796178343949044,942,440,502
373,340,158,71,0.8400900900900901,0.3172690763052209,0.5231416549789621,0.6899563318777293,0.5786795831976554,0.644770959377701,0.5636942675159236,942,444,498
400,322,163,57,0.87527352297593,0.33608247422680415,0.554016620498615,0.740909090909091,0.6056779986013671,0.6785411365564037,0.5976645435244161,942,457,485
417,311,134,80,0.8390342052313883,0.30112359550561796,0.5728021978021978,0.6261682242990654,0.5700789003685032,0.6808163265306121,0.5849256900212314,942,497,445
393,346,133,70,0.8488120950323974,0.2776617954070981,0.5317997293640054,0.6551724137931034,0.5632369452197478,0.6539101497504161,0.5583864118895966,942,463,479
412,310,163,57,0.8784648187633263,0.34460887949260044,0.5706371191135734,0.740909090909091,0.6115368491279634,0.6918555835432411,0.6104033970276008,942,469,473
394,335,156,57,0.8736141906873615,0.31771894093686354,0.5404663923182441,0.7323943661971831,0.5956665658121125,0.6677966101694915,0.583864118895966,942,451,491
436,299,150,57,0.8843813387423936,0.33407572383073497,0.5931972789115646,0.7246376811594203,0.6092285312865643,0.7100977198697069,0.6220806794055201,942,493,449
409,318,149,66,0.8610526315789474,0.31905781584582443,0.562585969738652,0.6930232558139535,0.590055223712386,0.680532445923461,0.5923566878980892,942,475,467
415,333,126,68,0.8592132505175983,0.27450980392156865,0.5548128342245989,0.6494845360824743,0.5668615272195835,0.6742485783915516,0.5743099787685775,942,483,459
399,358,131,54,0.8807947019867549,0.26789366053169733,0.5270805812417437,0.7081081081081081,0.5743441812592261,0.659504132231405,0.5626326963906582,942,453,489
420,305,148,69,0.8588957055214724,0.32671081677704195,0.5793103448275863,0.6820276497695853,0.5928032611492572,0.6919275123558485,0.6029723991507431,942,489,453
405,335,140,62,0.867237687366167,0.29473684210526313,0.5472972972972973,0.693069306930693,0.580987264735715,0.6710853355426677,0.578556263269639,942,467,475
402,322,164,54,0.881578947368421,0.3374485596707819,0.5552486187845304,0.7522935779816514,0.6095137535196015,0.6813559322033899,0.6008492569002123,942,456,486
389,316,175,62,0.8625277161862528,0.3564154786150713,0.5517730496453901,0.7383966244725738,0.609471597400662,0.6730103806228375,0.5987261146496815,942,451,491
414,318,164,46,0.9,0.34024896265560167,0.5655737704918032,0.780952380952381,0.6201244813278008,0.6946308724832215,0.613588110403397,942,460,482
423,318,157,44,0.9057815845824411,0.33052631578947367,0.5708502024291497,0.7810945273631841,0.6181539501859574,0.7003311258278145,0.6157112526539278,942,467,475
420,329,147,46,0.9012875536480687,0.3088235294117647,0.5607476635514018,0.7616580310880829,0.6050555415299167,0.691358024691358,0.6019108280254777,942,466,476
399,314,155,74,0.8435517970401691,0.3304904051172708,0.5596072931276297,0.6768558951965066,0.58702110107872,0.6728499156829679,0.5881104033970276,942,473,469
427,305,156,54,0.8877338877338877,0.3383947939262473,0.5833333333333334,0.7428571428571429,0.6130643408300676,0.7040395713107996,0.618895966029724,942,481,461
423,337,122,60,0.8757763975155279,0.2657952069716776,0.5565789473684211,0.6703296703296703,0.5707858022436028,0.6806114239742558,0.578556263269639,942,483,459
415,318,144,65,0.8645833333333334,0.3116883116883117,0.5661664392905866,0.6889952153110048,0.5881358225108225,0.6842539159109646,0.5934182590233545,942,480,462
425,322,143,52,0.8909853249475891,0.30752688172043013,0.5689424364123159,0.7333333333333333,0.5992561033340096,0.6944444444444444,0.6029723991507431,942,477,465
394,326,158,64,0.8602620087336245,0.32644628099173556,0.5472222222222223,0.7117117117117117,0.59335414486268,0.66893039049236,0.5859872611464968,942,458,484
421,342,126,53,0.8881856540084389,0.2692307692307692,0.5517693315858454,0.7039106145251397,0.5787082116196041,0.6806790622473727,0.5806794055201698,942,474,468
385,346,147,64,0.8574610244988864,0.29817444219066935,0.5266757865937073,0.6966824644549763,0.5778177333447778,0.6525423728813559,0.564755838641189,942,449,493
390,330,158,64,0.8590308370044053,0.3237704918032787,0.5416666666666666,0.7117117117117117,0.591400664403842,0.6643952299829642,0.5817409766454352,942,454,488
399,332,143,68,0.854389721627409,0.30105263157894735,0.5458276333789329,0.6777251184834123,0.5777211766031782,0.6661101836393989,0.5753715498938429,942,467,475
404,331,154,53,0.8840262582056893,0.31752577319587627,0.5496598639455782,0.7439613526570048,0.6007760157007828,0.6778523489932885,0.5923566878980892,942,457,485
425,335,128,54,0.8872651356993737,0.27645788336933047,0.5592105263157895,0.7032967032967034,0.5818615095343521,0.6860371267150929,0.5870488322717622,942,479,463
403,323,149,67,0.8574468085106383,0.3156779661016949,0.5550964187327824,0.6898148148148148,0.5865623873061666,0.6739130434782609,0.5859872611464968,942,470,472
373,324,170,75,0.8325892857142857,0.3441295546558704,0.5351506456241033,0.6938775510204082,0.588359420185078,0.6515283842794761,0.5764331210191083,942,448,494
414,327,144,57,0.8789808917197452,0.3057324840764331,0.5587044534412956,0.7164179104477612,0.5923566878980892,0.6831683168316832,0.5923566878980892,942,471,471
392,338,148,64,0.8596491228070176,0.3045267489711934,0.536986301369863,0.6981132075471698,0.5820879358891055,0.6610455311973018,0.5732484076433121,942,456,486
412,330,147,53,0.886021505376344,0.3081761006289308,0.555256064690027,0.735,0.5970988030026374,0.6826843413421707,0.5934182590233545,942,465,477
388,335,153,66,0.8546255506607929,0.3135245901639344,0.5366528354080221,0.6986301369863014,0.5840750704123636,0.659303313508921,0.5743099787685775,942,454,488
407,311,170,54,0.8828633405639913,0.35343035343035345,0.5668523676880223,0.7589285714285714,0.6181468469971724,0.6904156064461409,0.6125265392781316,942,461,481
393,333,148,68,0.8524945770065075,0.3076923076923077,0.5413223140495868,0.6851851851851852,0.5800934423494076,0.662173546756529,0.5743099787685775,942,461,481
395,322,171,54,0.8797327394209354,0.34685598377281945,0.5509065550906556,0.76,0.6132943615968774,0.6775300171526587,0.6008492569002123,942,449,493
399,331,152,60,0.869281045751634,0.3146997929606625,0.5465753424657535,0.7169811320754716,0.5919904193561483,0.671152228763667,0.5849256900212314,942,459,483
443,324,119,56,0.8877755511022044,0.2686230248306998,0.5775749674054759,0.68,0.5781992879664521,0.6998420221169036,0.5966029723991507,942,499,443
401,336,152,53,0.8832599118942731,0.3114754098360656,0.5440976933514247,0.7414634146341463,0.5973676608651693,0.6733837111670864,0.5870488322717622,942,454,488
409,332,144,57,0.8776824034334764,0.3025210084033613,0.5519568151147098,0.7164179104477612,0.5901017059184188,0.6777133388566695,0.5870488322717622,942,466,476
394,350,148,50,0.8873873873873874,0.2971887550200803,0.5295698924731183,0.7474747474747475,0.5922880712037338,0.6632996632996633,0.5753715498938429,942,444,498
406,321,152,63,0.8656716417910447,0.321353065539112,0.5584594222833562,0.7069767441860465,0.5935123536650784,0.6789297658862876,0.5923566878980892,942,469,473
396,341,144,61,0.8665207877461707,0.29690721649484536,0.5373134328358209,0.7024390243902439,0.5817140021205081,0.6633165829145728,0.5732484076433121,942,457,485
421,319,151,51,0.8919491525423728,0.32127659574468087,0.5689189189189189,0.7475247524752475,0.6066128741435268,0.6947194719471947,0.6072186836518046,942,472,470
385,345,149,63,0.859375,0.3016194331983806,0.5273972602739726,0.7028301886792453,0.5804972165991903,0.6536502546689303,0.5668789808917197,942,448,494
379,369,137,57,0.8692660550458715,0.2707509881422925,0.5066844919786097,0.7061855670103093,0.570008521594082,0.6402027027027026,0.5477707006369427,942,436,506
399,337,140,66,0.8580645161290322,0.29350104821802936,0.5421195652173914,0.6796116504854369,0.5757827821735308,0.6644462947543713,0.5721868365180467,942,465,477
416,324,144,58,0.8776371308016878,0.3076923076923077,0.5621621621621622,0.7128712871287128,0.5926647192469978,0.6853377265238881,0.5944798301486199,942,474,468
379,321,180,62,0.8594104308390023,0.3592814371257485,0.5414285714285715,0.743801652892562,0.6093459339823754,0.6643295354951797,0.5934182590233545,942,441,501
394,348,137,63,0.862144420131291,0.2824742268041237,0.5309973045822103,0.685,0.5723093234677074,0.6572143452877399,0.5636942675159236,942,457,485
393,322,150,77,0.8361702127659575,0.3177966101694915,0.5496503496503496,0.6607929515418502,0.5769834114677245,0.6632911392405063,0.5764331210191083,942,470,472
396,302,172,72,0.8461538461538461,0.3628691983122363,0.5673352435530086,0.7049180327868853,0.6045115222330413,0.6792452830188679,0.6029723991507431,942,468,474
412,321,154,55,0.8822269807280514,0.32421052631578945,0.5620736698499318,0.7368421052631579,0.6032187535219204,0.6866666666666666,0.6008492569002123,942,467,475
392,316,173,61,0.8653421633554084,0.3537832310838446,0.5536723163841808,0.7393162393162394,0.6095626972196264,0.6752799310938846,0.5997876857749469,942,453,489
388,338,145,71,0.8453159041394336,0.3002070393374741,0.5344352617079889,0.6712962962962963,0.5727614717384538,0.6548523206751053,0.5658174097664543,942,459,483
386,350,148,58,0.8693693693693694,0.2971887550200803,0.5244565217391305,0.7184466019417476,0.5832790621947248,0.6542372881355932,0.5668789808917197,942,444,498
379,356,138,69,0.8459821428571429,0.2793522267206478,0.5156462585034014,0.6666666666666666,0.5626671847888953,0.6407438715131023,0.5488322717622081,942,448,494
414,314,151,63,0.8679245283018868,0.3247311827956989,0.5686813186813187,0.705607476635514,0.5963278555487929,0.6871369294605809,0.5997876857749469,942,477,465
424,333,133,52,0.8907563025210085,0.2854077253218884,0.560105680317041,0.7189189189189189,0.5880820139214484,0.6877534468775346,0.5912951167728238,942,476,466
422,321,137,62,0.871900826446281,0.29912663755458513,0.5679676985195155,0.6884422110552764,0.5855137320004331,0.6878565607171965,0.5934182590233545,942,484,458
422,326,145,49,0.8959660297239915,0.3078556263269639,0.5641711229946524,0.7474226804123711,0.6019108280254777,0.6923707957342083,0.6019108280254777,942,471,471
391,337,154,60,0.8669623059866962,0.3136456211812627,0.5370879120879121,0.719626168224299,0.5903039635839795,0.6632739609838846,0.578556263269639,942,451,491
419,309,144,70,0.8568507157464212,0.31788079470198677,0.5755494505494505,0.6728971962616822,0.587365755224204,0.6885784716516022,0.5976645435244161,942,489,453
433,315,145,49,0.8983402489626556,0.31521739130434784,0.5788770053475936,0.7474226804123711,0.6067788201335017,0.7040650406504064,0.613588110403397,942,482,460
389,352,145,56,0.8741573033707866,0.2917505030181087,0.524966261808367,0.7213930348258707,0.5829539031944476,0.6559865092748735,0.5668789808917197,942,445,497
434,312,136,60,0.8785425101214575,0.30357142857142855,0.5817694369973191,0.6938775510204082,0.591056969346443,0.7,0.6050955414012739,942,494,448
404,326,168,44,0.9017857142857143,0.340080971659919,0.5534246575342465,0.7924528301886793,0.6209333429728167,0.6859083191850595,0.6072186836518046,942,448,494
398,325,155,64,0.8614718614718615,0.3229166666666667,0.5504840940525588,0.7077625570776256,0.5921942640692641,0.6717299578059072,0.5870488322717622,942,462,480
399,333,157,53,0.8827433628318584,0.32040816326530613,0.5450819672131147,0.7476190476190476,0.6015757630485823,0.6739864864864865,0.5902335456475584,942,452,490
432,317,137,56,0.8852459016393442,0.30176211453744495,0.5767690253671562,0.7098445595854922,0.5935040080883947,0.6984640258690381,0.6040339702760085,942,488,454
405,316,158,63,0.8653846153846154,0.3333333333333333,0.5617198335644937,0.7149321266968326,0.5993589743589743,0.6812447434819175,0.5976645435244161,942,468,474
409,338,150,45,0.9008810572687225,0.3073770491803279,0.5475234270414994,0.7692307692307693,0.6041290532245251,0.6810990840965863,0.5934182590233545,942,454,488
389,331,149,73,0.841991341991342,0.3104166666666667,0.5402777777777777,0.6711711711711712,0.5762040043290043,0.6582064297800339,0.5711252653927813,942,462,480
399,341,142,60,0.869281045751634,0.2939958592132505,0.5391891891891892,0.7029702970297029,0.5816384524824423,0.6655546288573813,0.5743099787685775,942,459,483
397,366,139,40,0.9084668192219679,0.27524752475247527,0.5203145478374837,0.776536312849162,0.5918571719872217,0.6616666666666667,0.5690021231422505,942,437,505
428,311,135,68,0.8629032258064516,0.30269058295964124,0.5791610284167794,0.6650246305418719,0.5827969043830464,0.6931174089068826,0.5976645435244161,942,496,446
395,329,140,78,0.8350951374207188,0.29850746268656714,0.5455801104972375,0.6422018348623854,0.5668013000536429,0.6599832915622389,0.5679405520169851,942,473,469
410,332,136,64,0.8649789029535865,0.2905982905982906,0.5525606469002695,0.68,0.5777885967759385,0.674342105263158,0.5796178343949044,942,474,468
378,341,164,59,0.8649885583524027,0.32475247524752476,0.5257301808066759,0.7354260089686099,0.5948705167999637,0.6539792387543253,0.5753715498938429,942,437,505
408,327,149,58,0.8755364806866953,0.3130252100840336,0.5551020408163265,0.7198067632850241,0.5942808453853645,0.6794338051623647,0.5912951167728238,942,466,476
406,340,144,52,0.8864628820960698,0.2975206611570248,0.5442359249329759,0.7346938775510204,0.5919917716265473,0.6744186046511627,0.583864118895966,942,458,484
415,337,132,58,0.8773784355179705,0.2814498933901919,0.5518617021276596,0.6947368421052632,0.5794141644540811,0.6775510204081633,0.5806794055201698,942,473,469
412,347,129,54,0.8841201716738197,0.2710084033613445,0.5428194993412385,0.7049180327868853,0.5775642875175822,0.6726530612244899,0.5743099787685775,942,466,476
402,325,152,63,0.864516129032258,0.31865828092243187,0.5529573590096286,0.7069767441860465,0.591587204977345,0.674496644295302,0.5881104033970276,942,465,477
411,330,148,53,0.8857758620689655,0.30962343096234307,0.5546558704453441,0.736318407960199,0.5976996465156543,0.6821576763485477,0.5934182590233545,942,464,478
423,305,149,65,0.8668032786885246,0.32819383259911894,0.5810439560439561,0.6962616822429907,0.5974985556438217,0.6957236842105263,0.6072186836518046,942,488,454
412,321,150,59,0.8747346072186837,0.3184713375796178,0.5620736698499318,0.7177033492822966,0.5966029723991507,0.6843853820598007,0.5966029723991507,942,471,471
414,345,124,59,0.8752642706131079,0.26439232409381663,0.5454545454545454,0.6775956284153005,0.5698282973534623,0.672077922077922,0.5711252653927813,942,473,469
382,339,158,63,0.8584269662921349,0.317907444668008,0.5298196948682385,0.7149321266968326,0.5881672054800715,0.6552315608919382,0.5732484076433121,942,445,497
398,346,136,62,0.8652173913043478,0.2821576763485477,0.5349462365591398,0.6868686868686869,0.5736875338264478,0.6611295681063123,0.5668789808917197,942,460,482
401,344,135,62,0.8660907127429806,0.2818371607515658,0.538255033557047,0.6852791878172588,0.5739639367472732,0.6639072847682119,0.5690021231422505,942,463,479
412,323,142,65,0.8637316561844863,0.3053763440860215,0.5605442176870749,0.6859903381642513,0.5845540001352539,0.6798679867986799,0.5881104033970276,942,477,465
360,347,163,72,0.8333333333333334,0.3196078431372549,0.5091937765205092,0.6936170212765957,0.5764705882352941,0.6321334503950835,0.5552016985138004,942,432,510
375,347,168,52,0.8782201405152225,0.3262135922330097,0.5193905817174516,0.7636363636363637,0.6022168663741161,0.6527415143603135,0.5764331210191083,942,427,515
389,326,165,62,0.8625277161862528,0.3360488798370672,0.544055944055944,0.7268722466960352,0.5992882980116601,0.6672384219554031,0.5881104033970276,942,451,491
389,319,171,63,0.8606194690265486,0.3489795918367347,0.5494350282485876,0.7307692307692307,0.6047995304316417,0.6706896551724137,0.5944798301486199,942,452,490
378,342,162,60,0.863013698630137,0.32142857142857145,0.525,0.7297297297297297,0.5922211350293543,0.6528497409326425,0.5732484076433121,942,438,504
384,348,138,72,0.8421052631578947,0.2839506172839506,0.5245901639344263,0.6571428571428571,0.5630279402209226,0.6464646464646464,0.554140127388535,942,456,486
405,338,142,57,0.8766233766233766,0.29583333333333334,0.5450874831763123,0.7135678391959799,0.586228354978355,0.6721991701244814,0.5806794055201698,942,462,480
434,316,134,58,0.8821138211382114,0.29777777777777775,0.5786666666666667,0.6979166666666666,0.5899457994579945,0.6988727858293076,0.6029723991507431,942,492,450
422,323,137,60,0.8755186721991701,0.29782608695652174,0.5664429530201343,0.6954314720812182,0.5866723795778459,0.6878565607171965,0.5934182590233545,942,482,460
420,301,153,68,0.860655737704918,0.3370044052863436,0.5825242718446602,0.6923076923076923,0.5988300714956308,0.694789081885856,0.60828025477707,942,488,454
371,360,156,55,0.8708920187793427,0.3023255813953488,0.5075239398084815,0.7393364928909952,0.5866088000873457,0.641313742437338,0.559447983014862,942,426,516
392,345,150,55,0.8769574944071589,0.30303030303030304,0.5318860244233379,0.7317073170731707,0.589993898718731,0.6621621621621622,0.5753715498938429,942,447,495
405,351,135,51,0.8881578947368421,0.2777777777777778,0.5357142857142857,0.7258064516129032,0.58296783625731,0.6683168316831684,0.5732484076433121,942,456,486
415,318,152,57,0.8792372881355932,0.32340425531914896,0.5661664392905866,0.7272727272727273,0.6013207717273711,0.6887966804979253,0.6019108280254777,942,472,470
410,328,153,51,0.8893709327548807,0.3180873180873181,0.5555555555555556,0.75,0.6037291254210994,0.6839032527105922,0.5976645435244161,942,461,481
411,310,148,73,0.8491735537190083,0.3231441048034934,0.5700416088765603,0.669683257918552,0.5861588292612508,0.6821576763485477,0.5934182590233545,942,484,458
418,324,142,58,0.8781512605042017,0.30472103004291845,0.5633423180592992,0.71,0.59143614527356,0.6863711001642036,0.5944798301486199,942,476,466
421,329,148,44,0.9053763440860215,0.31027253668763105,0.5613333333333334,0.7708333333333334,0.6078244403868263,0.6930041152263374,0.6040339702760085,942,465,477
400,351,132,59,0.8714596949891068,0.2732919254658385,0.5326231691078562,0.6910994764397905,0.5723758102274726,0.6611570247933884,0.564755838641189,942,459,483
389,352,142,59,0.8683035714285714,0.2874493927125506,0.524966261808367,0.7064676616915423,0.577876482070561,0.6543313708999159,0.5636942675159236,942,448,494
433,299,144,66,0.8677354709418837,0.32505643340857787,0.5915300546448088,0.6857142857142857,0.5963959521752308,0.703493095044679,0.6125265392781316,942,499,443
404,338,148,52,0.8859649122807017,0.3045267489711934,0.5444743935309974,0.74,0.5952458306259476,0.6744574290484141,0.5859872611464968,942,456,486
411,330,125,76,0.8439425051334702,0.27472527472527475,0.5546558704453441,0.6218905472636815,0.5593338899293725,0.6693811074918566,0.5690021231422505,942,487,455
377,347,159,59,0.8646788990825688,0.3142292490118577,0.5207182320441989,0.7293577981651376,0.5894540740472133,0.6499999999999999,0.5690021231422505,942,436,506
417,306,144,75,0.8475609756097561,0.32,0.5767634854771784,0.6575342465753424,0.583780487804878,0.6864197530864198,0.5955414012738853,942,492,450
403,334,145,60,0.8704103671706264,0.302713987473904,0.5468113975576662,0.7073170731707317,0.5865621773222651,0.6716666666666666,0.5817409766454352,942,463,479
405,340,146,51,0.8881578947368421,0.3004115226337449,0.5436241610738255,0.7411167512690355,0.5942847086852935,0.6744379683597002,0.5849256900212314,942,456,486
407,311,152,72,0.8496868475991649,0.3282937365010799,0.5668523676880223,0.6785714285714286,0.5889902920501224,0.6800334168755221,0.5934182590233545,942,479,463
408,320,148,66,0.8607594936708861,0.3162393162393162,0.5604395604395604,0.6915887850467289,0.5884994049551011,0.6788685524126457,0.5902335456475584,942,474,468
398,337,154,53,0.8824833702882483,0.3136456211812627,0.5414965986394558,0.7439613526570048,0.5980644957347555,0.6711635750421585,0.5859872611464968,942,451,491
404,342,133,63,0.8650963597430407,0.28,0.5415549597855228,0.6785714285714286,0.5725481798715204,0.6661170651277823,0.5700636942675159,942,467,475
411,331,135,65,0.8634453781512605,0.28969957081545067,0.5539083557951483,0.675,0.5765724744833556,0.6748768472906405,0.5796178343949044,942,476,466
408,335,142,57,0.8774193548387097,0.2976939203354298,0.5491251682368775,0.7135678391959799,0.5875566375870698,0.675496688741722,0.583864118895966,942,465,477
414,324,146,58,0.8771186440677966,0.31063829787234043,0.5609756097560976,0.7156862745098039,0.5938784709700685,0.684297520661157,0.5944798301486199,942,472,470
398,310,184,50,0.8883928571428571,0.3724696356275304,0.5621468926553672,0.7863247863247863,0.6304312463851938,0.6885813148788926,0.6178343949044586,942,448,494
395,328,156,63,0.8624454148471615,0.32231404958677684,0.5463347164591977,0.7123287671232876,0.5923797322169692,0.6689246401354784,0.5849256900212314,942,458,484
439,309,137,57,0.8850806451612904,0.3071748878923767,0.5868983957219251,0.7061855670103093,0.5961277665268335,0.7057877813504824,0.6114649681528662,942,496,446
412,329,147,54,0.8841201716738197,0.3088235294117647,0.5560053981106613,0.7313432835820896,0.5964718505427922,0.6826843413421707,0.5934182590233545,942,466,476
413,336,137,56,0.8805970149253731,0.28964059196617337,0.5514018691588785,0.7098445595854922,0.5851188034457733,0.6781609195402298,0.583864118895966,942,469,473
435,305,136,66,0.8682634730538922,0.30839002267573695,0.5878378378378378,0.6732673267326733,0.5883267478648145,0.7010475423045931,0.6061571125265393,942,501,441
408,328,150,56,0.8793103448275862,0.3138075313807531,0.5543478260869565,0.7281553398058253,0.5965589381041696,0.6799999999999999,0.5923566878980892,942,464,478
421,300,170,51,0.8919491525423728,0.3617021276595745,0.5839112343966713,0.7692307692307693,0.6268256401009736,0.7057837384744342,0.6273885350318471,942,472,470
402,337,151,52,0.8854625550660793,0.3094262295081967,0.543978349120433,0.7438423645320197,0.597444392287138,0.6739312657166806,0.5870488322717622,942,454,488
401,329,150,62,0.8660907127429806,0.31315240083507306,0.5493150684931507,0.7075471698113207,0.5896215567890268,0.672254819782062,0.5849256900212314,942,463,479
422,327,137,56,0.8828451882845189,0.2952586206896552,0.5634178905206942,0.7098445595854922,0.589051904487087,0.6878565607171964,0.5934182590233545,942,478,464
404,320,157,61,0.8688172043010752,0.32914046121593293,0.5580110497237569,0.7201834862385321,0.598978832758504,0.6795626576955425,0.5955414012738853,942,465,477
392,354,122,74,0.8412017167381974,0.25630252100840334,0.5254691689008043,0.6224489795918368,0.5487521188733004,0.6468646864686469,0.5456475583864119,942,466,476
400,337,153,52,0.8849557522123894,0.3122448979591837,0.5427408412483039,0.7463414634146341,0.5986003250857865,0.6728343145500421,0.5870488322717622,942,452,490
396,336,160,50,0.8878923766816144,0.3225806451612903,0.5409836065573771,0.7619047619047619,0.6052365109214524,0.6723259762308998,0.5902335456475584,942,446,496
395,345,132,70,0.8494623655913979,0.27672955974842767,0.5337837837837838,0.6534653465346535,0.5630959626699128,0.6556016597510372,0.559447983014862,942,465,477
389,344,145,64,0.8587196467991169,0.2965235173824131,0.5306957708049114,0.69377990430622,0.5776215820907651,0.6559865092748735,0.5668789808917197,942,453,489
399,328,144,71,0.8489361702127659,0.3050847457627119,0.5488308115543329,0.6697674418604651,0.5770104579877389,0.6666666666666666,0.5764331210191083,942,470,472
399,348,152,43,0.9027149321266968,0.304,0.5341365461847389,0.7794871794871795,0.6033574660633484,0.671152228763667,0.5849256900212314,942,442,500
408,332,141,61,0.8699360341151386,0.29809725158562367,0.5513513513513514,0.698019801980198,0.5840166428503811,0.674937965260546,0.5828025477707006,942,469,473
426,320,139,57,0.8819875776397516,0.3028322440087146,0.5710455764075067,0.7091836734693877,0.5924099108242331,0.693246541903987,0.5997876857749469,942,483,459
427,297,161,57,0.8822314049586777,0.35152838427947597,0.5897790055248618,0.7385321100917431,0.6168798946190768,0.7069536423841059,0.6242038216560509,942,484,458
423,316,139,64,0.8685831622176592,0.3054945054945055,0.5723951285520974,0.6847290640394089,0.5870388338560824,0.6900489396411092,0.5966029723991507,942,487,455
409,300,164,69,0.8556485355648535,0.35344827586206895,0.5768688293370945,0.703862660944206,0.6045484057134612,0.6891322662173547,0.60828025477707,942,478,464
408,336,141,57,0.8774193548387097,0.29559748427672955,0.5483870967741935,0.7121212121212122,0.5865084195577196,0.6749379652605458,0.5828025477707006,942,465,477
385,353,154,50,0.8850574712643678,0.3037475345167653,0.521680216802168,0.7549019607843137,0.5944025028905666,0.6564364876385337,0.5721868365180467,942,435,507
413,343,133,53,0.8862660944206009,0.27941176470588236,0.5462962962962963,0.7150537634408602,0.5828389295632417,0.6759410801963993,0.5796178343949044,942,466,476
419,312,147,64,0.8674948240165632,0.3202614379084967,0.573187414500684,0.6966824644549763,0.59387813096253,0.6902800658978584,0.6008492569002123,942,483,459
400,337,141,64,0.8620689655172413,0.29497907949790797,0.5427408412483039,0.6878048780487804,0.5785240225075746,0.6661115736885928,0.5743099787685775,942,464,478
413,327,150,52,0.8881720430107527,0.31446540880503143,0.5581081081081081,0.7425742574257426,0.601318725907892,0.6854771784232365,0.5976645435244161,942,465,477
393,352,141,56,0.8752783964365256,0.28600405679513186,0.5275167785234899,0.7157360406091371,0.5806412266158287,0.658291457286432,0.5668789808917197,942,449,493
406,311,151,74,0.8458333333333333,0.3268398268398268,0.5662482566248257,0.6711111111111111,0.5863365800865801,0.6783625730994153,0.5912951167728238,942,480,462
414,328,148,52,0.8884120171673819,0.31092436974789917,0.5579514824797843,0.74,0.5996681934576406,0.685430463576159,0.5966029723991507,942,466,476
407,343,143,49,0.8925438596491229,0.294238683127572,0.5426666666666666,0.7447916666666666,0.5933912713883475,0.6749585406301825,0.583864118895966,942,456,486
404,338,146,54,0.8820960698689956,0.30165289256198347,0.5444743935309974,0.73,0.5918744812154895,0.6733333333333333,0.583864118895966,942,458,484
433,314,137,58,0.8818737270875764,0.30376940133037694,0.5796519410977242,0.7025641025641025,0.5928215642089767,0.6995153473344103,0.6050955414012739,942,491,451
372,354,153,63,0.8551724137931035,0.30177514792899407,0.512396694214876,0.7083333333333334,0.5784737808610487,0.6408268733850129,0.5573248407643312,942,435,507
407,319,161,55,0.8809523809523809,0.33541666666666664,0.5606060606060606,0.7453703703703703,0.6081845238095238,0.6851851851851851,0.6029723991507431,942,462,480
387,337,159,59,0.8677130044843049,0.32056451612903225,0.5345303867403315,0.7293577981651376,0.5941387603066686,0.6615384615384615,0.5796178343949044,942,446,496
423,319,132,68,0.8615071283095723,0.2926829268292683,0.5700808625336927,0.66,0.5770950275694203,0.6861313868613138,0.589171974522293,942,491,451
380,367,136,59,0.8656036446469249,0.27037773359840955,0.5087014725568942,0.6974358974358974,0.5679906891226671,0.6408094435075885,0.5477707006369427,942,439,503
387,307,181,67,0.8524229074889867,0.3709016393442623,0.5576368876080692,0.7298387096774194,0.6116622734166245,0.6742160278745645,0.6029723991507431,942,454,488
407,328,143,64,0.8641188959660298,0.3036093418259023,0.5537414965986395,0.6908212560386473,0.583864118895966,0.6749585406301825,0.583864118895966,942,471,471
413,336,138,55,0.8824786324786325,0.2911392405063291,0.5514018691588785,0.7150259067357513,0.5868089364924808,0.6787181594083812,0.5849256900212314,942,468,474
386,329,165,62,0.8616071428571429,0.3340080971659919,0.5398601398601398,0.7268722466960352,0.5978076200115674,0.6638005159071367,0.5849256900212314,942,448,494
408,299,166,69,0.8553459119496856,0.35698924731182796,0.5770862800565771,0.7063829787234043,0.6061675796307567,0.6891891891891893,0.6093418259023354,942,477,465
405,330,156,51,0.8881578947368421,0.32098765432098764,0.5510204081632653,0.7536231884057971,0.6045727745289149,0.6801007556675064,0.5955414012738853,942,456,486
419,346,121,56,0.8821052631578947,0.25910064239828695,0.5477124183006536,0.6836158192090396,0.5706029527780908,0.6758064516129033,0.5732484076433121,942,475,467
410,307,165,60,0.8723404255319149,0.3495762711864407,0.5718270571827058,0.7333333333333333,0.6109583483591778,0.6908171861836563,0.6104033970276008,942,470,472
392,348,144,58,0.8711111111111111,0.2926829268292683,0.5297297297297298,0.7128712871287128,0.5818970189701896,0.6588235294117647,0.5690021231422505,942,450,492
397,331,151,63,0.8630434782608696,0.3132780082987552,0.5453296703296703,0.705607476635514,0.5881607432798124,0.6683501683501682,0.5817409766454352,942,460,482
383,353,142,64,0.8568232662192393,0.2868686868686869,0.5203804347826086,0.6893203883495146,0.5718459765439631,0.6475063398140322,0.5573248407643312,942,447,495
419,317,145,61,0.8729166666666667,0.31385281385281383,0.5692934782608695,0.7038834951456311,0.5933847402597403,0.6891447368421052,0.5987261146496815,942,480,462
410,335,149,48,0.8951965065502183,0.30785123966942146,0.5503355704697986,0.7563451776649747,0.6015238731098199,0.6816292601828761,0.5934182590233545,942,458,484
430,343,120,49,0.8977035490605428,0.2591792656587473,0.55627425614489,0.7100591715976331,0.5784414073596451,0.6869009584664537,0.583864118895966,942,479,463
384,360,142,56,0.8727272727272727,0.28286852589641437,0.5161290322580645,0.7171717171717171,0.5777978993118436,0.6486486486486487,0.5583864118895966,942,440,502
386,327,166,63,0.8596881959910914,0.3367139959432049,0.541374474053296,0.7248908296943232,0.5982010959671481,0.6643717728055079,0.5859872611464968,942,449,493
405,332,142,63,0.8653846153846154,0.29957805907172996,0.5495251017639078,0.6926829268292682,0.5824813372281727,0.6721991701244814,0.5806794055201698,942,468,474
403,341,136,62,0.8666666666666667,0.2851153039832285,0.5416666666666666,0.6868686868686869,0.5758909853249476,0.6666666666666667,0.5721868365180467,942,465,477
422,316,153,51,0.8921775898520085,0.326226012793177,0.5718157181571816,0.75,0.6092018013225927,0.6969446738232865,0.6104033970276008,942,473,469
411,349,138,44,0.9032967032967033,0.28336755646817247,0.5407894736842105,0.7582417582417582,0.5933321298824379,0.6765432098765432,0.5828025477707006,942,455,487
420,332,142,48,0.8974358974358975,0.29957805907172996,0.5585106382978723,0.7473684210526316,0.5985069782538137,0.6885245901639344,0.5966029723991507,942,468,474
421,336,130,55,0.884453781512605,0.27896995708154504,0.5561426684280053,0.7027027027027027,0.5817118692970751,0.6828872668288727,0.5849256900212314,942,476,466
414,320,149,59,0.8752642706131079,0.31769722814498935,0.5640326975476839,0.7163461538461539,0.5964807493790486,0.6859983429991715,0.5976645435244161,942,473,469
455,294,143,50,0.900990099009901,0.32723112128146453,0.6074766355140186,0.7409326424870466,0.6141106101456828,0.7256778309409887,0.6348195329087049,942,505,437
407,336,142,57,0.8771551724137931,0.29707112970711297,0.5477792732166891,0.7135678391959799,0.587113151060453,0.6743993371996686,0.5828025477707006,942,464,478
414,336,132,60,0.8734177215189873,0.28205128205128205,0.552,0.6875,0.5777345017851347,0.6764705882352942,0.5796178343949044,942,474,468
409,323,144,66,0.8610526315789474,0.3083511777301927,0.5587431693989071,0.6857142857142857,0.5847019046545701,0.6777133388566695,0.5870488322717622,942,475,467
411,330,145,56,0.880085653104925,0.30526315789473685,0.5546558704453441,0.7213930348258707,0.592674405499831,0.6804635761589404,0.5902335456475584,942,467,475
399,316,170,57,0.875,0.3497942386831276,0.558041958041958,0.748898678414097,0.6123971193415638,0.681468830059778,0.6040339702760085,942,456,486
409,327,145,61,0.8702127659574468,0.3072033898305085,0.5557065217391305,0.7038834951456311,0.5887080778939776,0.6782752902155887,0.5881104033970276,942,470,472
396,345,129,72,0.8461538461538461,0.2721518987341772,0.5344129554655871,0.6417910447761194,0.5591528724440117,0.6550868486352357,0.5573248407643312,942,468,474
395,336,146,65,0.8586956521739131,0.3029045643153527,0.5403556771545828,0.6919431279620853,0.5808001082446329,0.6633081444164568,0.5743099787685775,942,460,482
399,344,143,56,0.8769230769230769,0.2936344969199179,0.5370121130551817,0.7185929648241206,0.5852787869214974,0.666110183639399,0.5753715498938429,942,455,487
393,327,150,72,0.8451612903225807,0.31446540880503143,0.5458333333333333,0.6756756756756757,0.579813349563806,0.6632911392405063,0.5764331210191083,942,465,477
399,320,152,71,0.8489361702127659,0.3220338983050847,0.5549374130737135,0.6816143497757847,0.5854850342589253,0.6711522287636669,0.5849256900212314,942,470,472
429,299,161,53,0.8900414937759336,0.35,0.5892857142857143,0.7523364485981309,0.6200207468879668,0.7090909090909091,0.6263269639065817,942,482,460
390,343,154,55,0.8764044943820225,0.30985915492957744,0.5320600272851296,0.7368421052631579,0.5931318246557999,0.6621392190152801,0.5774946921443737,942,445,497
425,305,149,63,0.8709016393442623,0.32819383259911894,0.5821917808219178,0.7028301886792453,0.5995477359716906,0.697865353037767,0.6093418259023354,942,488,454
393,327,142,80,0.8308668076109936,0.302771855010661,0.5458333333333333,0.6396396396396397,0.5668193313108273,0.6588432523051131,0.5679405520169851,942,473,469
384,333,159,66,0.8533333333333334,0.3231707317073171,0.5355648535564853,0.7066666666666667,0.5882520325203252,0.6580976863753214,0.5764331210191083,942,450,492
371,332,169,70,0.8412698412698413,0.3373253493013972,0.5277382645803699,0.7071129707112971,0.5892975952856192,0.6486013986013986,0.5732484076433121,942,441,501
403,321,151,67,0.8574468085106383,0.3199152542372881,0.5566298342541437,0.6926605504587156,0.5886810313739632,0.6750418760469011,0.5881104033970276,942,470,472
386,322,164,70,0.8464912280701754,0.3374485596707819,0.5451977401129944,0.7008547008547008,0.5919698938704787,0.6632302405498282,0.583864118895966,942,456,486
409,331,143,59,0.8739316239316239,0.30168776371308015,0.5527027027027027,0.7079207920792079,0.587809693822352,0.6771523178807947,0.5859872611464968,942,468,474
411,326,155,50,0.8915401301518439,0.32224532224532226,0.5576662143826323,0.7560975609756098,0.606892726198583,0.6861435726210351,0.6008492569002123,942,461,481
425,315,152,50,0.8947368421052632,0.32548179871520344,0.5743243243243243,0.7524752475247525,0.6101093204102332,0.6995884773662552,0.6125265392781316,942,475,467
379,357,156,50,0.8834498834498834,0.30409356725146197,0.5149456521739131,0.7572815533980582,0.5937717253506727,0.6506437768240344,0.5679405520169851,942,429,513
415,323,138,66,0.8627858627858628,0.2993492407809111,0.5623306233062331,0.6764705882352942,0.581067551783387,0.6808859721082855,0.5870488322717622,942,481,461
394,329,149,70,0.8491379310344828,0.3117154811715481,0.5449515905947441,0.680365296803653,0.5804267061030155,0.6638584667228306,0.5764331210191083,942,464,478
380,343,147,72,0.8407079646017699,0.3,0.5255878284923928,0.6712328767123288,0.570353982300885,0.6468085106382978,0.559447983014862,942,452,490
397,340,136,69,0.851931330472103,0.2857142857142857,0.5386702849389416,0.6634146341463415,0.5688228080931943,0.6600166251039069,0.5658174097664543,942,466,476
395,329,159,59,0.8700440528634361,0.32581967213114754,0.5455801104972375,0.7293577981651376,0.5979318624972918,0.6706281833616299,0.5881104033970276,942,454,488
403,332,139,68,0.8556263269639066,0.2951167728237792,0.5482993197278911,0.6714975845410628,0.5753715498938429,0.6683250414593698,0.5753715498938429,942,471,471
417,352,128,45,0.9025974025974026,0.26666666666666666,0.5422626788036411,0.7398843930635838,0.5846320346320346,0.677497969130788,0.578556263269639,942,462,480
386,365,144,47,0.8914549653579676,0.2829076620825147,0.5139813581890812,0.7539267015706806,0.5871813137202412,0.652027027027027,0.5626326963906582,942,433,509
415,318,151,58,0.8773784355179705,0.32196162046908317,0.5661664392905866,0.722488038277512,0.5996700279935268,0.6882255389718077,0.6008492569002123,942,473,469
427,332,137,46,0.9027484143763214,0.2921108742004264,0.5625823451910409,0.7486338797814208,0.5974296442883739,0.6931818181818183,0.5987261146496815,942,473,469
390,320,168,64,0.8590308370044053,0.3442622950819672,0.5492957746478874,0.7241379310344828,0.6016465660431862,0.6701030927835052,0.5923566878980892,942,454,488
423,324,142,53,0.8886554621848739,0.30472103004291845,0.5662650602409639,0.7282051282051282,0.5966882461138961,0.6917416189697466,0.5997876857749469,942,476,466
395,325,150,72,0.8458244111349036,0.3157894736842105,0.5486111111111112,0.6756756756756757,0.580806942409557,0.6655433866891323,0.578556263269639,942,467,475
371,350,150,71,0.8393665158371041,0.3,0.5145631067961165,0.6787330316742082,0.569683257918552,0.6380051590713672,0.5530785562632696,942,442,500
378,334,164,66,0.8513513513513513,0.3293172690763052,0.5308988764044944,0.7130434782608696,0.5903343102138283,0.6539792387543253,0.5753715498938429,942,444,498
403,325,158,56,0.8779956427015251,0.32712215320910976,0.5535714285714286,0.7383177570093458,0.6025588979553174,0.6790227464195452,0.5955414012738853,942,459,483
429,293,156,64,0.8701825557809331,0.34743875278396436,0.5941828254847645,0.7090909090909091,0.6088106542824487,0.7061728395061728,0.6210191082802548,942,493,449
400,336,154,52,0.8849557522123894,0.3142857142857143,0.5434782608695652,0.7475728155339806,0.5996207332490519,0.6734006734006734,0.5881104033970276,942,452,490
398,340,148,56,0.8766519823788547,0.30327868852459017,0.5392953929539296,0.7254901960784313,0.5899653354517225,0.6677852348993288,0.5796178343949044,942,454,488
408,330,147,57,0.8774193548387097,0.3081761006289308,0.5528455284552846,0.7205882352941176,0.5927977277338202,0.6783042394014963,0.589171974522293,942,465,477
419,303,158,62,0.8711018711018711,0.34273318872017355,0.5803324099722992,0.7181818181818181,0.6069175299110223,0.6965918536990856,0.6125265392781316,942,481,461
405,324,155,58,0.8747300215982722,0.3235908141962422,0.5555555555555556,0.7276995305164319,0.5991604178972572,0.6795302013422818,0.5944798301486199,942,463,479
415,316,147,64,0.8663883089770354,0.3174946004319654,0.5677154582763337,0.6966824644549763,0.5919414547045004,0.6859504132231404,0.5966029723991507,942,479,463
395,323,160,64,0.8605664488017429,0.33126293995859213,0.5501392757660167,0.7142857142857143,0.5959146943801675,0.6711979609175871,0.589171974522293,942,459,483
391,344,153,54,0.8786516853932584,0.30784708249496984,0.5319727891156463,0.7391304347826086,0.5932493839441142,0.6627118644067796,0.5774946921443737,942,445,497
434,290,151,67,0.8662674650698603,0.3424036281179138,0.5994475138121547,0.6926605504587156,0.6043355465938871,0.7085714285714285,0.6210191082802548,942,501,441
382,334,148,78,0.8304347826086956,0.3070539419087137,0.5335195530726257,0.6548672566371682,0.5687443622587047,0.6496598639455782,0.5626326963906582,942,460,482
401,298,169,74,0.8442105263157895,0.3618843683083512,0.5736766809728183,0.6954732510288066,0.6030474473120704,0.6831345826235093,0.6050955414012739,942,475,467
407,324,133,78,0.8391752577319588,0.2910284463894967,0.5567715458276333,0.6303317535545023,0.5651018520607277,0.669407894736842,0.5732484076433121,942,485,457
389,322,162,69,0.8493449781659389,0.3347107438016529,0.5471167369901547,0.7012987012987013,0.5920278609837959,0.6655260906757913,0.5849256900212314,942,458,484
409,343,135,55,0.8814655172413793,0.2824267782426778,0.5438829787234043,0.7105263157894737,0.5819461477420286,0.6726973684210528,0.5774946921443737,942,464,478
388,331,158,65,0.8565121412803532,0.3231083844580777,0.5396383866481224,0.7085201793721974,0.5898102628692155,0.6621160409556314,0.5796178343949044,942,453,489
421,334,142,45,0.9034334763948498,0.29831932773109243,0.5576158940397351,0.7593582887700535,0.6008764020629711,0.6895986895986896,0.5976645435244161,942,466,476
391,330,161,60,0.8669623059866962,0.32790224032586557,0.5423023578363384,0.7285067873303167,0.5974322731562809,0.6672354948805461,0.5859872611464968,942,451,491
423,308,148,63,0.8703703703703703,0.32456140350877194,0.5786593707250342,0.7014218009478673,0.5974658869395711,0.695152013147083,0.6061571125265393,942,486,456
376,316,173,77,0.8300220750551877,0.3537832310838446,0.5433526011560693,0.692,0.5919026530695162,0.6567685589519651,0.5828025477707006,942,453,489
410,326,161,45,0.9010989010989011,0.33059548254620125,0.5570652173913043,0.7815533980582524,0.6158471918225512,0.6884970612930311,0.6061571125265393,942,455,487
400,322,156,64,0.8620689655172413,0.3263598326359833,0.554016620498615,0.7090909090909091,0.5942143990766123,0.6745362563237775,0.5902335456475584,942,464,478
406,317,162,57,0.8768898488120951,0.33820459290187893,0.5615491009681881,0.7397260273972602,0.607547220856987,0.684654300168634,0.6029723991507431,942,463,479
377,340,149,76,0.8322295805739515,0.3047034764826176,0.5258019525801952,0.6622222222222223,0.5684665285282845,0.6444444444444445,0.5583864118895966,942,453,489
401,325,138,78,0.837160751565762,0.2980561555075594,0.5523415977961432,0.6388888888888888,0.5676084535366607,0.6655601659751037,0.5721868365180467,942,479,463
430,314,147,51,0.893970893970894,0.3188720173535792,0.5779569892473119,0.7424242424242424,0.6064214556622366,0.7020408163265306,0.6125265392781316,942,481,461
415,336,134,57,0.8792372881355932,0.2851063829787234,0.5525965379494008,0.7015706806282722,0.5821718355571583,0.678659035159444,0.5828025477707006,942,472,470
411,346,135,50,0.8915401301518439,0.2806652806652807,0.5429326287978864,0.7297297297297297,0.5861027054085622,0.6748768472906405,0.5796178343949044,942,461,481
422,319,156,45,0.9036402569593148,0.32842105263157895,0.5695006747638327,0.7761194029850746,0.6160306547954468,0.6986754966887418,0.613588110403397,942,467,475
417,321,138,66,0.8633540372670807,0.3006535947712418,0.5650406504065041,0.6764705882352942,0.5820038160191613,0.683046683046683,0.589171974522293,942,483,459
427,329,120,66,0.8661257606490872,0.267260579064588,0.5648148148148148,0.6451612903225806,0.5666931698568376,0.6837469975980784,0.5806794055201698,942,493,449
410,320,159,53,0.8855291576673866,0.33194154488517746,0.5616438356164384,0.75,0.6087353512762821,0.6873428331936295,0.6040339702760085,942,463,479
385,356,147,54,0.876993166287016,0.2922465208747515,0.5195681511470985,0.7313432835820896,0.5846198435808837,0.652542372881356,0.564755838641189,942,439,503
413,325,135,69,0.8568464730290456,0.29347826086956524,0.559620596205962,0.6617647058823529,0.5751623669493054,0.6770491803278689,0.5817409766454352,942,482,460
400,343,140,59,0.8714596949891068,0.2898550724637681,0.5383580080753702,0.7035175879396985,0.5806573837264375,0.6655574043261232,0.5732484076433121,942,459,483
405,335,149,53,0.8842794759825328,0.30785123966942146,0.5472972972972973,0.7376237623762376,0.5960653578259771,0.6761268781302169,0.5881104033970276,942,458,484
408,335,145,54,0.8831168831168831,0.3020833333333333,0.5491251682368775,0.7286432160804021,0.5926001082251082,0.6771784232365146,0.5870488322717622,942,462,480
426,324,135,57,0.8819875776397516,0.29411764705882354,0.568,0.703125,0.5880526123492875,0.6909975669099757,0.5955414012738853,942,483,459
387,362,130,63,0.86,0.26422764227642276,0.5166889185580774,0.6735751295336787,0.5621138211382114,0.6455379482902419,0.5488322717622081,942,450,492
398,340,153,51,0.8864142538975501,0.3103448275862069,0.5392953929539296,0.75,0.5983795407418785,0.6705981465880371,0.5849256900212314,942,449,493
418,325,152,47,0.8989247311827957,0.31865828092243187,0.5625841184387618,0.7638190954773869,0.6087915060526138,0.6920529801324503,0.6050955414012739,942,465,477
399,324,149,70,0.8507462686567164,0.3150105708245243,0.5518672199170125,0.680365296803653,0.5828784197406204,0.6694630872483222,0.5817409766454352,942,469,473
388,353,138,63,0.8603104212860311,0.28105906313645623,0.5236167341430499,0.6865671641791045,0.5706847422112437,0.6510067114093958,0.5583864118895966,942,451,491
401,342,154,45,0.899103139013453,0.31048387096774194,0.5397039030955586,0.7738693467336684,0.6047935049905975,0.6745164003364171,0.589171974522293,942,446,496
408,329,139,66,0.8607594936708861,0.297008547008547,0.55359565807327,0.6780487804878049,0.5788840203397165,0.6738232865400495,0.5806794055201698,942,474,468
418,333,149,42,0.908695652173913,0.3091286307053942,0.5565912117177098,0.7801047120418848,0.6089121414396537,0.6903385631709331,0.6019108280254777,942,460,482
373,373,149,47,0.888095238095238,0.28544061302681994,0.5,0.7602040816326531,0.586767925561029,0.6397941680960548,0.554140127388535,942,420,522
416,335,142,49,0.8946236559139785,0.2976939203354298,0.5539280958721704,0.743455497382199,0.5961587881247041,0.6842105263157894,0.5923566878980892,942,465,477
398,315,162,67,0.8559139784946237,0.33962264150943394,0.5582047685834503,0.7074235807860262,0.5977683100020288,0.6757215619694399,0.5944798301486199,942,465,477
423,334,137,48,0.8980891719745223,0.2908704883227176,0.5587846763540291,0.7405405405405405,0.5944798301486199,0.6889250814332248,0.5944798301486199,942,471,471
415,320,146,61,0.8718487394957983,0.3133047210300429,0.564625850340136,0.7053140096618358,0.5925767302629206,0.685383980181668,0.5955414012738853,942,476,466
403,314,159,66,0.8592750533049041,0.3361522198731501,0.5620641562064156,0.7066666666666667,0.5977136365890271,0.6795952782462058,0.5966029723991507,942,469,473
392,354,128,68,0.8521739130434782,0.26556016597510373,0.5254691689008043,0.6530612244897959,0.558867039509291,0.6500829187396352,0.5520169851380042,942,460,482
416,318,156,52,0.8888888888888888,0.3291139240506329,0.5667574931880109,0.75,0.6090014064697609,0.6921797004991682,0.6072186836518046,942,468,474
421,312,154,55,0.884453781512605,0.33047210300429186,0.5743519781718963,0.7368421052631579,0.6074629422584484,0.6964433416046318,0.6104033970276008,942,476,466
398,337,138,69,0.8522483940042827,0.2905263157894737,0.5414965986394558,0.6666666666666666,0.5713873548968782,0.6622296173044925,0.5690021231422505,942,467,475
387,341,161,53,0.8795454545454545,0.3207171314741036,0.5315934065934066,0.7523364485981309,0.6001312930097791,0.6626712328767124,0.5817409766454352,942,440,502
387,342,147,66,0.8543046357615894,0.3006134969325153,0.5308641975308642,0.6901408450704225,0.5774590663470524,0.6548223350253808,0.5668789808917197,942,453,489
414,326,144,58,0.8771186440677966,0.30638297872340425,0.5594594594594594,0.7128712871287128,0.5917508113956005,0.6831683168316831,0.5923566878980892,942,472,470
398,324,166,54,0.8805309734513275,0.33877551020408164,0.5512465373961218,0.7545454545454545,0.6096532418277045,0.6780238500851788,0.5987261146496815,942,452,490
379,348,144,71,0.8422222222222222,0.2926829268292683,0.5213204951856947,0.6697674418604651,0.5674525745257453,0.6440101954120646,0.5552016985138004,942,450,492
425,309,144,64,0.869120654396728,0.31788079470198677,0.5790190735694822,0.6923076923076923,0.5935007245493574,0.6950122649223222,0.6040339702760085,942,489,453
392,344,146,60,0.8672566371681416,0.2979591836734694,0.532608695652174,0.7087378640776699,0.5826079104208055,0.65993265993266,0.5711252653927813,942,452,490
407,318,151,66,0.8604651162790697,0.32196162046908317,0.5613793103448276,0.695852534562212,0.5912133683740765,0.6794657762938231,0.5923566878980892,942,473,469
390,338,146,68,0.851528384279476,0.30165289256198347,0.5357142857142857,0.6822429906542056,0.5765906384207298,0.657672849915683,0.5690021231422505,942,458,484
392,343,145,62,0.8634361233480177,0.29713114754098363,0.5333333333333333,0.7004830917874396,0.5802836354445007,0.6593776282590412,0.5700636942675159,942,454,488
403,317,167,55,0.8799126637554585,0.3450413223140496,0.5597222222222222,0.7522522522522522,0.612476993034754,0.6842105263157895,0.6050955414012739,942,458,484
418,332,140,52,0.8893617021276595,0.2966101694915254,0.5573333333333333,0.7291666666666666,0.5929859358095925,0.6852459016393443,0.5923566878980892,942,470,472
398,330,151,63,0.8633405639913232,0.31392931392931395,0.5467032967032966,0.705607476635514,0.5886349389603186,0.6694701429772918,0.5828025477707006,942,461,481
405,330,141,66,0.8598726114649682,0.29936305732484075,0.5510204081632653,0.6811594202898551,0.5796178343949044,0.6716417910447761,0.5796178343949044,942,471,471
398,337,146,61,0.8671023965141612,0.3022774327122153,0.5414965986394558,0.7053140096618358,0.5846899146131883,0.6666666666666667,0.5774946921443737,942,459,483
426,313,151,52,0.891213389121339,0.3254310344827586,0.5764546684709067,0.7438423645320197,0.6083222118020488,0.7000821692686936,0.6125265392781316,942,478,464
427,304,145,66,0.8661257606490872,0.32293986636971045,0.5841313269493844,0.6872037914691943,0.5945328135093988,0.6977124183006536,0.6072186836518046,942,493,449
389,344,146,63,0.8606194690265486,0.2979591836734694,0.5306957708049114,0.6985645933014354,0.579289326350009,0.6565400843881857,0.5679405520169851,942,452,490
391,317,162,72,0.8444924406047516,0.33820459290187893,0.5522598870056498,0.6923076923076923,0.5913485167533152,0.6678052946199831,0.5870488322717622,942,463,479
395,347,142,58,0.8719646799116998,0.2903885480572597,0.532345013477089,0.71,0.5811766139844797,0.6610878661087867,0.5700636942675159,942,453,489
407,333,141,61,0.8696581196581197,0.2974683544303797,0.55,0.698019801980198,0.5835632370442497,0.6738410596026491,0.5817409766454352,942,468,474
423,298,153,68,0.8615071283095723,0.3392461197339246,0.5866851595006934,0.6923076923076923,0.6003766240217485,0.6980198019801981,0.6114649681528662,942,491,451
407,321,137,77,0.8409090909090909,0.29912663755458513,0.5590659340659341,0.6401869158878505,0.5700178642318381,0.6716171617161716,0.5774946921443737,942,484,458
425,317,130,70,0.8585858585858586,0.29082774049217003,0.5727762803234502,0.65,0.5747067995390143,0.6871463217461601,0.589171974522293,942,495,447
411,327,148,56,0.880085653104925,0.31157894736842107,0.556910569105691,0.7254901960784313,0.595832300236673,0.6821576763485477,0.5934182590233545,942,467,475
406,321,163,52,0.8864628820960698,0.3367768595041322,0.5584594222833562,0.7581395348837209,0.611619870800101,0.6852320675105484,0.6040339702760085,942,458,484
396,334,157,55,0.8780487804878049,0.319755600814664,0.5424657534246575,0.7405660377358491,0.5989021906512344,0.6706181202370872,0.5870488322717622,942,451,491
422,329,132,59,0.8773388773388774,0.28633405639913234,0.5619174434087882,0.6910994764397905,0.5818364668690048,0.685064935064935,0.5881104033970276,942,481,461
411,324,146,61,0.8707627118644068,0.31063829787234043,0.5591836734693878,0.7053140096618358,0.5907005048683736,0.6810273405136703,0.5912951167728238,942,472,470
387,349,136,70,0.8468271334792122,0.2804123711340206,0.5258152173913043,0.6601941747572816,0.5636197523066164,0.6487845766974014,0.5552016985138004,942,457,485
416,336,135,55,0.8832271762208068,0.28662420382165604,0.5531914893617021,0.7105263157894737,0.5849256900212314,0.6802943581357319,0.5849256900212314,942,471,471
410,325,151,56,0.8798283261802575,0.3172268907563025,0.5578231292517006,0.7294685990338164,0.59852760846828,0.6827643630308076,0.5955414012738853,942,466,476
395,342,157,48,0.891647855530474,0.31462925851703405,0.5359565807327001,0.7658536585365854,0.603138557023754,0.6694915254237288,0.5859872611464968,942,443,499
413,313,152,64,0.8658280922431866,0.32688172043010755,0.568870523415978,0.7037037037037037,0.5963549063366471,0.686616791354946,0.5997876857749469,942,477,465
404,340,132,66,0.8595744680851064,0.2796610169491525,0.543010752688172,0.6666666666666666,0.5696177425171295,0.6655683690280065,0.5690021231422505,942,470,472
396,332,150,64,0.8608695652173913,0.3112033195020747,0.5439560439560439,0.7009345794392523,0.5860364423597331,0.6666666666666666,0.5796178343949044,942,460,482
403,337,144,58,0.8741865509761388,0.2993762993762994,0.5445945945945946,0.7128712871287128,0.5867814251762191,0.6711074104912573,0.5806794055201698,942,461,481
410,322,155,55,0.8817204301075269,0.3249475890985325,0.5601092896174863,0.7380952380952381,0.6033340096030297,0.6850459482038429,0.5997876857749469,942,465,477
407,343,141,51,0.888646288209607,0.29132231404958675,0.5426666666666666,0.734375,0.5899843011295969,0.673841059602649,0.5817409766454352,942,458,484
401,324,168,49,0.8911111111111111,0.34146341463414637,0.5531034482758621,0.7741935483870968,0.6162872628726287,0.6825531914893617,0.6040339702760085,942,450,492
394,335,150,63,0.862144420131291,0.30927835051546393,0.5404663923182441,0.704225352112676,0.5857113853233775,0.6644182124789206,0.5774946921443737,942,457,485
412,292,163,75,0.8459958932238193,0.35824175824175825,0.5852272727272727,0.6848739495798319,0.6021188257327887,0.691855583543241,0.6104033970276008,942,487,455
439,300,144,59,0.8815261044176707,0.32432432432432434,0.5940460081190798,0.7093596059113301,0.6029252143709976,0.7097817299919159,0.618895966029724,942,498,444
383,314,171,74,0.838074398249453,0.3525773195876289,0.5494978479196556,0.6979591836734694,0.595325858918541,0.6637781629116117,0.5881104033970276,942,457,485
385,336,158,63,0.859375,0.31983805668016196,0.5339805825242718,0.7149321266968326,0.589606528340081,0.6586826347305389,0.5764331210191083,942,448,494
397,350,129,66,0.857451403887689,0.26931106471816285,0.5314591700133868,0.6615384615384615,0.563381234302926,0.656198347107438,0.5583864118895966,942,463,479
389,340,153,60,0.8663697104677061,0.3103448275862069,0.53360768175583,0.7183098591549296,0.5883572690269565,0.6604414261460102,0.5753715498938429,942,449,493
390,335,146,71,0.8459869848156182,0.30353430353430355,0.5379310344827586,0.6728110599078341,0.5747606441749609,0.657672849915683,0.5690021231422505,942,461,481
389,343,154,56,0.8741573033707866,0.30985915492957744,0.5314207650273224,0.7333333333333333,0.592008229150182,0.6610025488530161,0.5764331210191083,942,445,497
402,351,145,44,0.9013452914798207,0.2923387096774194,0.5338645418326693,0.7671957671957672,0.59684200057862,0.6705587989991659,0.5806794055201698,942,446,496
406,322,152,62,0.8675213675213675,0.3206751054852321,0.5576923076923077,0.7102803738317757,0.5940982365032998,0.6789297658862876,0.5923566878980892,942,468,474
410,329,140,63,0.8668076109936576,0.29850746268656714,0.5548037889039242,0.6896551724137931,0.5826575368401123,0.6765676567656767,0.583864118895966,942,473,469
399,349,141,53,0.8827433628318584,0.28775510204081634,0.5334224598930482,0.7268041237113402,0.5852492324363374,0.665,0.5732484076433121,942,452,490
410,317,154,61,0.8704883227176221,0.32696390658174096,0.5639614855570839,0.7162790697674418,0.5987261146496815,0.684474123539232,0.5987261146496815,942,471,471
409,334,147,52,0.8872017353579176,0.30561330561330563,0.550471063257066,0.7386934673366834,0.5964075204856116,0.6794019933554818,0.5902335456475584,942,461,481
391,346,150,55,0.8766816143497758,0.3024193548387097,0.5305291723202171,0.7317073170731707,0.5895504845942428,0.6610312764158919,0.5743099787685775,942,446,496
391,327,151,73,0.8426724137931034,0.3158995815899582,0.5445682451253482,0.6741071428571429,0.5792859976915308,0.661590524534687,0.5753715498938429,942,464,478
408,319,156,59,0.8736616702355461,0.32842105263157895,0.5612104539202201,0.7255813953488373,0.6010413614335626,0.6834170854271358,0.5987261146496815,942,467,475
409,342,133,58,0.8758029978586723,0.28,0.5446071904127829,0.6963350785340314,0.5779014989293362,0.6715927750410509,0.5753715498938429,942,467,475
397,312,157,76,0.8393234672304439,0.3347547974413646,0.5599435825105783,0.6738197424892703,0.5870391323359043,0.6717428087986463,0.5881104033970276,942,473,469
409,340,134,59,0.8739316239316239,0.28270042194092826,0.5460614152202937,0.694300518134715,0.578316022936276,0.6721446179129006,0.5764331210191083,942,468,474
404,317,164,57,0.8763557483731019,0.340956340956341,0.5603328710124826,0.7420814479638009,0.6086560446647215,0.6835871404399323,0.6029723991507431,942,461,481
417,329,135,61,0.8723849372384938,0.29094827586206895,0.5589812332439679,0.6887755102040817,0.5816666065502814,0.6813725490196079,0.5859872611464968,942,478,464
389,367,127,59,0.8683035714285714,0.25708502024291496,0.5145502645502645,0.6827956989247311,0.5626942958357432,0.6461794019933556,0.5477707006369427,942,448,494
416,333,135,58,0.8776371308016878,0.28846153846153844,0.5554072096128171,0.6994818652849741,0.5830493346316131,0.6802943581357319,0.5849256900212314,942,474,468
420,312,146,64,0.8677685950413223,0.31877729257641924,0.5737704918032787,0.6952380952380952,0.5932729438088707,0.6907894736842105,0.6008492569002123,942,484,458
405,333,144,60,0.8709677419354839,0.3018867924528302,0.5487804878048781,0.7058823529411765,0.586427267194157,0.6733167082294265,0.5828025477707006,942,465,477
397,348,147,50,0.8881431767337807,0.296969696969697,0.5328859060402684,0.7461928934010152,0.5925564368517389,0.6661073825503355,0.5774946921443737,942,447,495
434,283,156,69,0.8628230616302187,0.3553530751708428,0.6052998605299861,0.6933333333333334,0.6090880684005308,0.7114754098360656,0.6263269639065817,942,503,439
397,340,147,58,0.8725274725274725,0.30184804928131415,0.5386702849389416,0.7170731707317073,0.5871877609043934,0.6661073825503356,0.5774946921443737,942,455,487
397,336,144,65,0.8593073593073594,0.3,0.5416098226466576,0.6889952153110048,0.5796536796536796,0.6644351464435146,0.5743099787685775,942,462,480
422,318,142,60,0.8755186721991701,0.30869565217391304,0.5702702702702702,0.7029702970297029,0.5921071621865416,0.690671031096563,0.5987261146496815,942,482,460
409,330,136,67,0.8592436974789915,0.2918454935622318,0.5534506089309879,0.6699507389162561,0.5755445955206117,0.6732510288065844,0.578556263269639,942,476,466
406,342,134,60,0.871244635193133,0.2815126050420168,0.5427807486631016,0.6907216494845361,0.5763786201175749,0.6688632619439868,0.5732484076433121,942,466,476
400,346,142,54,0.8810572687224669,0.29098360655737704,0.5361930294906166,0.7244897959183674,0.586020437639922,0.6666666666666666,0.5753715498938429,942,454,488
411,333,150,48,0.8954248366013072,0.3105590062111801,0.5524193548387096,0.7575757575757576,0.6029919214062437,0.683291770573566,0.5955414012738853,942,459,483
380,339,154,69,0.8463251670378619,0.31237322515212984,0.5285118219749653,0.6905829596412556,0.5793491960949959,0.6506849315068494,0.5668789808917197,942,449,493
395,334,151,62,0.8643326039387309,0.311340206185567,0.541838134430727,0.7089201877934272,0.587836405062149,0.6661045531197302,0.5796178343949044,942,457,485
382,338,157,65,0.854586129753915,0.31717171717171716,0.5305555555555556,0.7072072072072072,0.5858789234628161,0.6546700942587833,0.5721868365180467,942,447,495
386,328,163,65,0.8558758314855875,0.3319755600814664,0.5406162464985994,0.7149122807017544,0.5939256957835269,0.6626609442060085,0.5828025477707006,942,451,491
411,323,160,48,0.8954248366013072,0.33126293995859213,0.5599455040871935,0.7692307692307693,0.6133438882799497,0.689019279128248,0.6061571125265393,942,459,483
399,342,157,44,0.9006772009029346,0.31462925851703405,0.5384615384615384,0.7810945273631841,0.6076532297099844,0.6739864864864864,0.5902335456475584,942,443,499
405,332,140,65,0.8617021276595744,0.2966101694915254,0.5495251017639078,0.6829268292682927,0.5791561485755499,0.6710853355426678,0.578556263269639,942,470,472
390,331,155,66,0.8552631578947368,0.31893004115226337,0.5409153952843273,0.7013574660633484,0.5870965995235001,0.6627017841971112,0.578556263269639,942,456,486
414,319,149,60,0.8734177215189873,0.31837606837606836,0.5648021828103683,0.7129186602870813,0.5958968949475278,0.6859983429991715,0.5976645435244161,942,474,468
393,333,146,70,0.8488120950323974,0.3048016701461378,0.5413223140495868,0.6759259259259259,0.5768068825892676,0.6610597140454163,0.5721868365180467,942,463,479
410,330,145,57,0.8779443254817987,0.30526315789473685,0.5540540540540541,0.7178217821782178,0.5916037416882678,0.6793703396851698,0.589171974522293,942,467,475
398,352,137,55,0.8785871964679912,0.28016359918200406,0.5306666666666666,0.7135416666666666,0.5793753978249976,0.6616791354945968,0.5679405520169851,942,453,489
429,303,151,59,0.8790983606557377,0.33259911894273125,0.5860655737704918,0.719047619047619,0.6058487397992345,0.7032786885245902,0.6157112526539278,942,488,454
409,323,149,61,0.8702127659574468,0.3156779661016949,0.5587431693989071,0.7095238095238096,0.5929453660295708,0.6805324459234608,0.5923566878980892,942,470,472
400,330,156,56,0.8771929824561403,0.32098765432098764,0.547945205479452,0.7358490566037735,0.599090318388564,0.6745362563237773,0.5902335456475584,942,456,486
401,343,138,60,0.8698481561822126,0.2869022869022869,0.5389784946236559,0.696969696969697,0.5783752215422497,0.6655601659751037,0.5721868365180467,942,461,481
400,320,149,73,0.8456659619450317,0.31769722814498935,0.5555555555555556,0.6711711711711712,0.5816815950450105,0.6705783738474435,0.5828025477707006,942,473,469
402,341,142,57,0.8758169934640523,0.2939958592132505,0.5410497981157469,0.7135678391959799,0.5849064263386514,0.6688851913477537,0.5774946921443737,942,459,483
391,341,155,55,0.8766816143497758,0.3125,0.5341530054644809,0.7380952380952381,0.5945908071748879,0.66383701188455,0.5796178343949044,942,446,496
443,313,130,56,0.8877755511022044,0.29345372460496616,0.5859788359788359,0.6989247311827957,0.5906146378535853,0.7059760956175298,0.60828025477707,942,499,443
373,361,143,65,0.8515981735159818,0.2837301587301587,0.5081743869209809,0.6875,0.5676641661230702,0.6365187713310582,0.5477707006369427,942,438,504
409,317,160,56,0.8795698924731182,0.33542976939203356,0.5633608815426997,0.7407407407407407,0.6074998309325759,0.686817800167926,0.6040339702760085,942,465,477
425,316,146,55,0.8854166666666666,0.31601731601731603,0.573549257759784,0.7263681592039801,0.6007169913419913,0.6961506961506961,0.6061571125265393,942,480,462
407,319,143,73,0.8479166666666667,0.30952380952380953,0.5606060606060606,0.6620370370370371,0.5787202380952381,0.6749585406301823,0.583864118895966,942,480,462
405,327,151,59,0.8728448275862069,0.3158995815899582,0.5532786885245902,0.719047619047619,0.5943722045880825,0.677257525083612,0.5902335456475584,942,464,478
397,344,141,60,0.8687089715536105,0.2907216494845361,0.5357624831309041,0.7014925373134329,0.5797153105190733,0.662771285475793,0.5711252653927813,942,457,485
417,298,156,71,0.8545081967213115,0.3436123348017621,0.5832167832167832,0.6872246696035242,0.5990602657615368,0.6932668329177056,0.60828025477707,942,488,454
401,322,141,78,0.837160751565762,0.3045356371490281,0.5546334716459198,0.6438356164383562,0.5708481943573951,0.6672212978369385,0.5753715498938429,942,479,463
406,333,144,59,0.8731182795698925,0.3018867924528302,0.5493910690121786,0.7093596059113301,0.5875025360113614,0.6744186046511629,0.583864118895966,942,465,477
412,322,140,68,0.8583333333333333,0.30303030303030304,0.5613079019073569,0.6730769230769231,0.5806818181818182,0.6787479406919275,0.5859872611464968,942,480,462
390,320,178,54,0.8783783783783784,0.357429718875502,0.5492957746478874,0.7672413793103449,0.6179040486269403,0.6759098786828422,0.6029723991507431,942,444,498
412,326,149,55,0.8822269807280514,0.3136842105263158,0.5582655826558266,0.7303921568627451,0.5979555956271836,0.683817427385892,0.5955414012738853,942,467,475
407,330,150,55,0.8809523809523809,0.3125,0.5522388059701493,0.7317073170731707,0.5967261904761905,0.6788990825688074,0.5912951167728238,942,462,480
408,333,132,69,0.8553459119496856,0.2838709677419355,0.5506072874493927,0.6567164179104478,0.5696084398458106,0.6699507389162561,0.5732484076433121,942,477,465
388,306,176,72,0.8434782608695652,0.3651452282157676,0.5590778097982709,0.7096774193548387,0.6043117445426665,0.6724436741767764,0.5987261146496815,942,460,482
401,335,141,65,0.8605150214592274,0.296218487394958,0.5448369565217391,0.6844660194174758,0.5783667544270927,0.6672212978369385,0.5753715498938429,942,466,476
399,305,173,65,0.8599137931034483,0.3619246861924686,0.5667613636363636,0.726890756302521,0.6109192396479585,0.6832191780821918,0.6072186836518046,942,464,478
376,329,171,66,0.8506787330316742,0.342,0.5333333333333333,0.7215189873417721,0.5963393665158371,0.6556233653007847,0.5806794055201698,942,442,500
416,317,150,59,0.8757894736842106,0.32119914346895073,0.567530695770805,0.7177033492822966,0.5984943085765806,0.6887417218543046,0.6008492569002123,942,475,467
420,324,137,61,0.8731808731808732,0.29718004338394793,0.5645161290322581,0.6919191919191919,0.5851804582824106,0.6857142857142857,0.5912951167728238,942,481,461
414,315,143,70,0.8553719008264463,0.31222707423580787,0.5679012345679012,0.6713615023474179,0.5837994875311271,0.6826051112943117,0.5912951167728238,942,484,458
413,329,152,48,0.89587852494577,0.316008316008316,0.5566037735849056,0.76,0.6059434204770431,0.686616791354946,0.5997876857749469,942,461,481
385,354,143,60,0.8651685393258427,0.28772635814889336,0.5209742895805142,0.7044334975369458,0.5764474487373681,0.6503378378378378,0.5605095541401274,942,445,497
382,357,133,70,0.8451327433628318,0.2714285714285714,0.516914749661705,0.6551724137931034,0.5582806573957017,0.6414777497900924,0.5467091295116773,942,452,490
441,307,128,66,0.8698224852071006,0.2942528735632184,0.589572192513369,0.6597938144329897,0.5820376793851595,0.7027888446215139,0.6040339702760085,942,507,435
425,303,144,70,0.8585858585858586,0.3221476510067114,0.5837912087912088,0.6728971962616822,0.590366754796285,0.6950122649223222,0.6040339702760085,942,495,447
380,367,136,59,0.8656036446469249,0.27037773359840955,0.5087014725568942,0.6974358974358974,0.5679906891226671,0.6408094435075885,0.5477707006369427,942,439,503
398,326,141,77,0.8378947368421052,0.3019271948608137,0.5497237569060773,0.6467889908256881,0.5699109658514595,0.6638865721434529,0.5721868365180467,942,475,467
401,305,169,67,0.8568376068376068,0.35654008438818563,0.5679886685552408,0.7161016949152542,0.6066888456128963,0.6831345826235093,0.6050955414012739,942,468,474
395,339,149,59,0.8700440528634361,0.305327868852459,0.5381471389645777,0.7163461538461539,0.5876859608579476,0.6649831649831649,0.5774946921443737,942,454,488
412,322,147,61,0.8710359408033826,0.31343283582089554,0.5613079019073569,0.7067307692307693,0.592234388312139,0.6826843413421707,0.5934182590233545,942,473,469
400,309,173,60,0.8695652173913043,0.35892116182572614,0.5641748942172073,0.7424892703862661,0.6142431896085152,0.6843455945252352,0.60828025477707,942,460,482
408,343,130,61,0.8699360341151386,0.2748414376321353,0.5432756324900133,0.680628272251309,0.572388735873637,0.6688524590163935,0.5711252653927813,942,469,473
404,332,134,72,0.8487394957983193,0.2875536480686695,0.5489130434782609,0.6504854368932039,0.5681465719334944,0.6666666666666666,0.5711252653927813,942,476,466
421,307,162,52,0.8900634249471459,0.34541577825159914,0.5782967032967034,0.7570093457943925,0.6177396015993725,0.701082431307244,0.618895966029724,942,473,469
381,353,156,52,0.8799076212471132,0.30648330058939094,0.5190735694822888,0.75,0.593195460918252,0.652956298200514,0.5700636942675159,942,433,509
408,313,157,64,0.864406779661017,0.33404255319148934,0.565880721220527,0.7104072398190046,0.5992246664262532,0.6839899413243923,0.5997876857749469,942,472,470
384,343,139,76,0.8347826086956521,0.2883817427385892,0.5281980742778541,0.6465116279069767,0.5615821757171207,0.6470092670598147,0.5552016985138004,942,460,482
395,326,159,62,0.8643326039387309,0.32783505154639175,0.5478502080443828,0.7194570135746606,0.5960838277425613,0.6706281833616299,0.5881104033970276,942,457,485
407,324,150,61,0.8696581196581197,0.31645569620253167,0.5567715458276333,0.7109004739336493,0.5930569079303256,0.6788990825688074,0.5912951167728238,942,468,474
417,321,146,58,0.8778947368421053,0.31263383297644537,0.5650406504065041,0.7156862745098039,0.5952642849092753,0.6875515251442703,0.5976645435244161,942,475,467
409,333,154,46,0.8989010989010989,0.3162217659137577,0.5512129380053908,0.77,0.6075614324074283,0.6833751044277361,0.5976645435244161,942,455,487
400,324,144,74,0.8438818565400844,0.3076923076923077,0.5524861878453039,0.6605504587155964,0.5757870821161961,0.667779632721202,0.5774946921443737,942,474,468
397,348,140,57,0.8744493392070485,0.28688524590163933,0.5328859060402684,0.7106598984771574,0.5806672925543439,0.6622185154295246,0.5700636942675159,942,454,488
391,339,146,66,0.8555798687089715,0.30103092783505153,0.5356164383561643,0.6886792452830188,0.5783053982720116,0.6588037068239257,0.5700636942675159,942,457,485
415,324,149,54,0.8848614072494669,0.3150105708245243,0.5615696887686062,0.7339901477832512,0.5999359890369956,0.6870860927152318,0.5987261146496815,942,469,473
383,346,154,59,0.8665158371040724,0.308,0.5253772290809328,0.7230046948356808,0.5872579185520362,0.6541417591801879,0.5700636942675159,942,442,500
401,328,148,65,0.8605150214592274,0.31092436974789917,0.5500685871056241,0.6948356807511737,0.5857196956035633,0.6711297071129707,0.5828025477707006,942,466,476
421,291,176,54,0.8863157894736842,0.37687366167023556,0.5912921348314607,0.7652173913043478,0.6315947255719598,0.7093513058129739,0.6337579617834395,942,475,467
419,307,147,69,0.8586065573770492,0.3237885462555066,0.5771349862258953,0.6805555555555556,0.5911975518162779,0.6902800658978583,0.6008492569002123,942,488,454
415,325,138,64,0.8663883089770354,0.2980561555075594,0.5608108108108109,0.6831683168316832,0.5822222322422974,0.6808859721082856,0.5870488322717622,942,479,463
441,321,131,49,0.9,0.28982300884955753,0.5787401574803149,0.7277777777777777,0.5949115044247788,0.7044728434504791,0.6072186836518046,942,490,452
404,340,145,53,0.8840262582056893,0.29896907216494845,0.543010752688172,0.7323232323232324,0.5914976651853189,0.6727726894254787,0.5828025477707006,942,457,485
388,342,148,64,0.8584070796460177,0.3020408163265306,0.5315068493150685,0.6981132075471698,0.5802239479862742,0.6565143824027073,0.5690021231422505,942,452,490
382,353,150,57,0.8701594533029613,0.2982107355864811,0.5197278911564626,0.7246376811594203,0.5841850944447212,0.6507666098807495,0.564755838641189,942,439,503
392,325,165,60,0.8672566371681416,0.336734693877551,0.5467224546722455,0.7333333333333333,0.6019956655228463,0.6706586826347305,0.5912951167728238,942,452,490
414,330,143,55,0.8827292110874201,0.3023255813953488,0.5564516129032258,0.7222222222222222,0.5925273962413844,0.6826051112943116,0.5912951167728238,942,469,473
420,299,159,64,0.8677685950413223,0.3471615720524017,0.5841446453407511,0.7130044843049327,0.607465083546862,0.6982543640897755,0.6146496815286624,942,484,458
407,304,175,56,0.8790496760259179,0.3653444676409186,0.5724331926863573,0.7575757575757576,0.6221970718334182,0.6933560477001705,0.6178343949044586,942,463,479
402,334,142,64,0.8626609442060086,0.29831932773109243,0.5461956521739131,0.6893203883495146,0.5804901359685505,0.6688851913477538,0.5774946921443737,942,466,476
411,324,152,55,0.8819742489270386,0.31932773109243695,0.5591836734693878,0.7342995169082126,0.6006509900097378,0.6844296419650292,0.5976645435244161,942,466,476
421,317,147,57,0.8807531380753139,0.3168103448275862,0.5704607046070461,0.7205882352941176,0.59878174145145,0.6924342105263158,0.6029723991507431,942,478,464
419,314,156,53,0.8877118644067796,0.33191489361702126,0.5716234652114598,0.7464114832535885,0.6098133790119005,0.695435684647303,0.6104033970276008,942,472,470
400,333,153,56,0.8771929824561403,0.3148148148148148,0.5457025920873124,0.7320574162679426,0.5960038986354775,0.672834314550042,0.5870488322717622,942,456,486
413,320,154,55,0.8824786324786325,0.32489451476793246,0.5634379263301501,0.7368421052631579,0.6036865736232825,0.6877601998334721,0.6019108280254777,942,468,474
405,317,163,57,0.8766233766233766,0.33958333333333335,0.5609418282548476,0.740909090909091,0.608103354978355,0.6841216216216216,0.6029723991507431,942,462,480
395,330,152,65,0.8586956521739131,0.3153526970954357,0.5448275862068965,0.7004608294930875,0.5870241746346744,0.6666666666666666,0.5806794055201698,942,460,482
411,326,149,56,0.880085653104925,0.3136842105263158,0.5576662143826323,0.7268292682926829,0.5968849318156204,0.6827242524916943,0.5944798301486199,942,467,475
404,324,149,65,0.8614072494669509,0.3150105708245243,0.554945054945055,0.6962616822429907,0.5882089101457376,0.6750208855472013,0.5870488322717622,942,469,473
419,319,136,68,0.8603696098562629,0.2989010989010989,0.5677506775067751,0.6666666666666666,0.5796353543786809,0.6840816326530612,0.589171974522293,942,487,455
412,316,169,45,0.9015317286652079,0.34845360824742266,0.5659340659340659,0.7897196261682243,0.6249926684563153,0.6953586497890296,0.6167728237791932,942,457,485
404,329,146,63,0.8650963597430407,0.30736842105263157,0.5511596180081856,0.6985645933014354,0.5862323903978361,0.6733333333333333,0.583864118895966,942,467,475
399,329,141,73,0.8453389830508474,0.3,0.5480769230769231,0.6588785046728972,0.5726694915254237,0.6649999999999999,0.5732484076433121,942,472,470
413,331,148,50,0.8920086393088553,0.3089770354906054,0.5551075268817204,0.7474747474747475,0.6004928373997304,0.684341342170671,0.5955414012738853,942,463,479
389,321,164,68,0.8512035010940919,0.33814432989690724,0.547887323943662,0.7068965517241379,0.5946739154954996,0.6666666666666667,0.5870488322717622,942,457,485
430,303,155,54,0.8884297520661157,0.3384279475982533,0.5866302864938608,0.7416267942583732,0.6134288498321845,0.7066557107641742,0.6210191082802548,942,484,458
386,317,178,61,0.8635346756152126,0.3595959595959596,0.5490753911806543,0.7447698744769874,0.6115653176055861,0.671304347826087,0.5987261146496815,942,447,495
399,337,160,46,0.8966292134831461,0.32193158953722334,0.5421195652173914,0.7766990291262136,0.6092804015101847,0.6756985605419137,0.5934182590233545,942,445,497
391,330,160,61,0.8650442477876106,0.32653061224489793,0.5423023578363384,0.7239819004524887,0.5957874300162542,0.6666666666666666,0.5849256900212314,942,452,490
396,325,155,66,0.8571428571428571,0.3229166666666667,0.5492371705963939,0.7013574660633484,0.5900297619047619,0.6694843617920542,0.5849256900212314,942,462,480
395,333,160,54,0.8797327394209354,0.32454361054766734,0.5425824175824175,0.7476635514018691,0.6021381749843013,0.671197960917587,0.589171974522293,942,449,493
412,312,163,55,0.8822269807280514,0.3431578947368421,0.569060773480663,0.7477064220183486,0.6126924377324467,0.691855583543241,0.6104033970276008,942,467,475
427,308,144,63,0.8714285714285714,0.3185840707964602,0.580952380952381,0.6956521739130435,0.5950063211125158,0.6971428571428571,0.6061571125265393,942,490,452
431,313,135,63,0.8724696356275303,0.3013392857142857,0.5793010752688172,0.6818181818181818,0.586904460670908,0.6962843295638126,0.6008492569002123,942,494,448
419,329,143,51,0.8914893617021277,0.3029661016949153,0.5601604278074866,0.7371134020618557,0.5972277316985215,0.6880131362889984,0.5966029723991507,942,470,472
405,342,138,57,0.8766233766233766,0.2875,0.5421686746987951,0.7076923076923077,0.5820616883116883,0.6699751861042184,0.5764331210191083,942,462,480
391,337,151,63,0.8612334801762115,0.3094262295081967,0.5370879120879121,0.705607476635514,0.5853298548422041,0.6615905245346869,0.5753715498938429,942,454,488
395,334,147,66,0.8568329718004338,0.30561330561330563,0.541838134430727,0.6901408450704225,0.5812231387068697,0.6638655462184874,0.5753715498938429,942,461,481
406,317,157,62,0.8675213675213675,0.33122362869198313,0.5615491009681881,0.7168949771689498,0.5993724981066754,0.6817800167926112,0.5976645435244161,942,468,474
394,328,163,57,0.8736141906873615,0.3319755600814664,0.5457063711911357,0.740909090909091,0.6027948753844139,0.6717817561807332,0.5912951167728238,942,451,491
427,317,141,57,0.8822314049586777,0.3078602620087336,0.5739247311827957,0.7121212121212122,0.5950458334837057,0.6954397394136809,0.6029723991507431,942,484,458
398,322,168,54,0.8805309734513275,0.34285714285714286,0.5527777777777778,0.7567567567567568,0.6116940581542352,0.6791808873720137,0.6008492569002123,942,452,490
397,337,161,47,0.8941441441441441,0.3232931726907631,0.5408719346049047,0.7740384615384616,0.6087186584174535,0.6740237691001698,0.5923566878980892,942,444,498
400,319,148,75,0.8421052631578947,0.3169164882226981,0.5563282336578581,0.6636771300448431,0.5795108756902964,0.6700167504187604,0.5817409766454352,942,475,467
382,366,129,65,0.854586129753915,0.2606060606060606,0.5106951871657754,0.6649484536082474,0.5575960951799879,0.6393305439330544,0.5424628450106157,942,447,495
402,318,167,55,0.8796498905908097,0.3443298969072165,0.5583333333333333,0.7522522522522522,0.6119898937490131,0.6830926083262532,0.6040339702760085,942,457,485
400,339,155,48,0.8928571428571429,0.31376518218623484,0.5412719891745602,0.7635467980295566,0.6033111625216889,0.6739679865206403,0.589171974522293,942,448,494
409,318,161,54,0.8833693304535637,0.33611691022964507,0.562585969738652,0.7488372093023256,0.6097431203416044,0.6873949579831934,0.6050955414012739,942,463,479
430,315,141,56,0.8847736625514403,0.3092105263157895,0.5771812080536913,0.7157360406091371,0.5969920944336149,0.6986190089358246,0.6061571125265393,942,486,456
394,336,142,70,0.8491379310344828,0.29707112970711297,0.5397260273972603,0.6698113207547169,0.5731045303707979,0.6599664991624791,0.5690021231422505,942,464,478
394,343,143,62,0.8640350877192983,0.294238683127572,0.5345997286295794,0.697560975609756,0.5791368854234351,0.6605196982397318,0.5700636942675159,942,456,486
408,317,159,58,0.8755364806866953,0.33403361344537813,0.5627586206896552,0.7327188940092166,0.6047850470660368,0.6851385390428212,0.6019108280254777,942,466,476
433,312,138,59,0.8800813008130082,0.30666666666666664,0.5812080536912752,0.700507614213198,0.5933739837398374,0.7000808407437348,0.6061571125265393,942,492,450
412,321,148,61,0.8710359408033826,0.31556503198294245,0.5620736698499318,0.7081339712918661,0.5933004863931626,0.6832504145936982,0.5944798301486199,942,473,469
441,319,137,45,0.9074074074074074,0.30043859649122806,0.5802631578947368,0.7527472527472527,0.6039230019493178,0.7078651685393258,0.613588110403397,942,486,456
387,360,133,62,0.8619153674832962,0.2697768762677485,0.5180722891566265,0.6820512820512821,0.5658461218755224,0.6471571906354515,0.5520169851380042,942,449,493
401,323,165,53,0.8832599118942731,0.33811475409836067,0.5538674033149171,0.7568807339449541,0.610687332996317,0.6808149405772496,0.6008492569002123,942,454,488
402,315,163,62,0.8663793103448276,0.3410041841004184,0.5606694560669456,0.7244444444444444,0.603691747222623,0.68077900084674,0.5997876857749469,942,464,478
390,337,146,69,0.8496732026143791,0.3022774327122153,0.5364511691884457,0.6790697674418604,0.5759753176632971,0.6576728499156831,0.5690021231422505,942,459,483
420,324,148,50,0.8936170212765957,0.3135593220338983,0.5645161290322581,0.7474747474747475,0.603588171655247,0.6919275123558484,0.6029723991507431,942,470,472
401,334,140,67,0.8568376068376068,0.29535864978902954,0.545578231292517,0.6763285024154589,0.5760981283133182,0.6666666666666666,0.5743099787685775,942,468,474
366,351,151,74,0.8318181818181818,0.300796812749004,0.5104602510460251,0.6711111111111111,0.5663074972835929,0.6326707000864303,0.5488322717622081,942,440,502
414,322,148,58,0.8771186440677966,0.3148936170212766,0.5625,0.7184466019417476,0.5960061305445365,0.6854304635761589,0.5966029723991507,942,472,470
422,332,138,50,0.8940677966101694,0.2936170212765957,0.5596816976127321,0.7340425531914894,0.5938424089433826,0.6884176182707994,0.5944798301486199,942,472,470
391,334,153,64,0.8593406593406593,0.3141683778234086,0.5393103448275862,0.7050691244239631,0.586754518582034,0.6627118644067796,0.5774946921443737,942,455,487
408,319,155,60,0.8717948717948718,0.3270042194092827,0.5612104539202201,0.7209302325581395,0.5993995456020773,0.6828451882845188,0.5976645435244161,942,468,474
406,326,148,62,0.8675213675213675,0.31223628691983124,0.5546448087431693,0.7047619047619048,0.5898788272205994,0.6766666666666665,0.5881104033970276,942,468,474
396,321,142,83,0.826722338204593,0.30669546436285094,0.5523012552301255,0.6311111111111111,0.566708901283722,0.6622073578595318,0.5711252653927813,942,479,463
391,362,138,51,0.8846153846153846,0.276,0.5192563081009296,0.7301587301587301,0.5803076923076923,0.6543933054393305,0.5615711252653928,942,442,500
409,317,158,58,0.8758029978586723,0.33263157894736844,0.5633608815426997,0.7314814814814815,0.6042172884030204,0.685666387259011,0.6019108280254777,942,467,475
398,335,146,63,0.8633405639913232,0.30353430353430355,0.5429740791268759,0.6985645933014354,0.5834374337628134,0.6666666666666666,0.5774946921443737,942,461,481
420,323,147,52,0.8898305084745762,0.3127659574468085,0.5652759084791387,0.7386934673366834,0.6012982329606924,0.6913580246913581,0.6019108280254777,942,472,470
413,326,149,54,0.8843683083511777,0.3136842105263158,0.5588633288227334,0.7339901477832512,0.5990262594387468,0.6849087893864013,0.5966029723991507,942,467,475
404,327,161,50,0.8898678414096917,0.32991803278688525,0.5526675786593708,0.7630331753554502,0.6098929370982884,0.6818565400843882,0.5997876857749469,942,454,488
410,325,152,55,0.8817204301075269,0.31865828092243187,0.5578231292517006,0.7342995169082126,0.6001893555149793,0.6833333333333333,0.5966029723991507,942,465,477
419,315,157,51,0.8914893617021277,0.3326271186440678,0.5708446866485014,0.7548076923076923,0.6120582401730977,0.6960132890365449,0.6114649681528662,942,470,472
407,331,150,54,0.8828633405639913,0.31185031185031187,0.551490514905149,0.7352941176470589,0.5973568262071516,0.6788990825688074,0.5912951167728238,942,461,481
415,326,156,45,0.9021739130434783,0.3236514522821577,0.5600539811066126,0.7761194029850746,0.612912682662818,0.6910907577019151,0.6061571125265393,942,460,482
428,338,124,52,0.8916666666666667,0.2683982683982684,0.5587467362924282,0.7045454545454546,0.5800324675324675,0.6869983948635634,0.5859872611464968,942,480,462
416,322,147,57,0.879492600422833,0.31343283582089554,0.5636856368563685,0.7205882352941176,0.5964627181218642,0.6870355078447564,0.5976645435244161,942,473,469
378,351,151,62,0.8590909090909091,0.300796812749004,0.5185185185185185,0.7089201877934272,0.5799438609199565,0.6467065868263473,0.5615711252653928,942,440,502
383,309,176,74,0.838074398249453,0.3628865979381443,0.5534682080924855,0.704,0.6004804980937987,0.6666666666666666,0.5934182590233545,942,457,485
408,333,150,51,0.8888888888888888,0.3105590062111801,0.5506072874493927,0.746268656716418,0.5997239475500344,0.68,0.5923566878980892,942,459,483
384,351,152,55,0.8747152619589977,0.30218687872763417,0.5224489795918368,0.7342995169082126,0.5884510703433159,0.6541737649063033,0.5690021231422505,942,439,503
437,307,138,60,0.8792756539235412,0.3101123595505618,0.5873655913978495,0.696969696969697,0.5946940067370515,0.7042707493956487,0.6104033970276008,942,497,445
425,325,147,45,0.9042553191489362,0.3114406779661017,0.5666666666666667,0.765625,0.6078479985575189,0.6967213114754099,0.6072186836518046,942,470,472
422,332,129,59,0.8773388773388774,0.279826464208243,0.5596816976127321,0.6861702127659575,0.5785826707735602,0.6834008097165993,0.5849256900212314,942,481,461
424,323,150,45,0.9040511727078892,0.3171247357293869,0.5676037483266398,0.7692307692307693,0.610587954218638,0.6973684210526315,0.6093418259023354,942,469,473
412,324,143,63,0.8673684210526316,0.30620985010706636,0.5597826086956522,0.6941747572815534,0.5867891355798489,0.680429397192403,0.589171974522293,942,475,467
396,335,147,64,0.8608695652173913,0.3049792531120332,0.5417236662106704,0.6966824644549763,0.5829244091647123,0.6649874055415619,0.5764331210191083,942,460,482
410,323,155,54,0.8836206896551724,0.32426778242677823,0.5593451568894953,0.7416267942583732,0.6039442360409752,0.6850459482038429,0.5997876857749469,942,464,478
402,321,167,52,0.8854625550660793,0.3422131147540984,0.5560165975103735,0.7625570776255708,0.6138378349100888,0.6830926083262532,0.6040339702760085,942,454,488
389,345,149,59,0.8683035714285714,0.3016194331983806,0.5299727520435967,0.7163461538461539,0.584961502313476,0.6582064297800337,0.5711252653927813,942,448,494
412,315,155,60,0.8728813559322034,0.32978723404255317,0.5667125171939478,0.7209302325581395,0.6013342949873783,0.6872393661384486,0.6019108280254777,942,472,470
378,345,164,55,0.8729792147806005,0.32220039292730845,0.5228215767634855,0.7488584474885844,0.5975898038539544,0.6539792387543253,0.5753715498938429,942,433,509
413,318,150,61,0.8713080168776371,0.32051282051282054,0.5649794801641587,0.7109004739336493,0.5959104186952289,0.6854771784232365,0.5976645435244161,942,474,468
426,313,138,65,0.8676171079429735,0.30598669623059865,0.5764546684709067,0.6798029556650246,0.5868019020867861,0.6926829268292684,0.5987261146496815,942,491,451
443,308,134,57,0.886,0.3031674208144796,0.5898801597869507,0.7015706806282722,0.5945837104072398,0.7082334132693845,0.6125265392781316,942,500,442
393,350,141,58,0.8713968957871396,0.28716904276985744,0.5289367429340511,0.7085427135678392,0.5792829692784985,0.658291457286432,0.5668789808917197,942,451,491
418,340,133,51,0.8912579957356077,0.28118393234672306,0.5514511873350924,0.7228260869565217,0.5862209640411654,0.6813365933170334,0.5849256900212314,942,469,473
412,341,121,68,0.8583333333333333,0.2619047619047619,0.547144754316069,0.6402116402116402,0.5601190476190476,0.6682887266828872,0.5658174097664543,942,480,462
406,324,144,68,0.8565400843881856,0.3076923076923077,0.5561643835616439,0.6792452830188679,0.5821161960402467,0.6744186046511628,0.583864118895966,942,474,468
373,358,151,60,0.8614318706697459,0.2966601178781925,0.5102599179206566,0.7156398104265402,0.5790459942739692,0.640893470790378,0.5562632696390658,942,433,509
425,326,135,56,0.8835758835758836,0.2928416485900217,0.5659121171770972,0.7068062827225131,0.5882087660829527,0.689935064935065,0.5944798301486199,942,481,461
399,336,146,61,0.8673913043478261,0.3029045643153527,0.5428571428571428,0.7053140096618358,0.5851479343315894,0.6677824267782427,0.578556263269639,942,460,482
391,306,184,61,0.8650442477876106,0.37551020408163266,0.5609756097560976,0.7510204081632653,0.6202772259346216,0.68059181897302,0.6104033970276008,942,452,490
410,334,150,48,0.8951965065502183,0.30991735537190085,0.5510752688172043,0.7575757575757576,0.6025569309610596,0.6821963394342762,0.5944798301486199,942,458,484
401,341,147,53,0.8832599118942731,0.3012295081967213,0.5404312668463612,0.735,0.5922447100454972,0.6705685618729097,0.5817409766454352,942,454,488
414,326,138,64,0.8661087866108786,0.2974137931034483,0.5594594594594594,0.6831683168316832,0.5817612898571635,0.6798029556650246,0.5859872611464968,942,478,464
388,342,162,50,0.8858447488584474,0.32142857142857145,0.5315068493150685,0.7641509433962265,0.6036366601435095,0.6643835616438355,0.583864118895966,942,438,504
425,323,138,56,0.8835758835758836,0.2993492407809111,0.5681818181818182,0.711340206185567,0.5914625621783973,0.6916192026037429,0.5976645435244161,942,481,461
413,327,148,54,0.8843683083511777,0.31157894736842107,0.5581081081081081,0.7326732673267327,0.5979736278597994,0.6843413421706711,0.5955414012738853,942,467,475
393,338,146,65,0.8580786026200873,0.30165289256198347,0.5376196990424077,0.6919431279620853,0.5798657475910354,0.6610597140454164,0.5721868365180467,942,458,484
423,320,158,41,0.9116379310344828,0.3305439330543933,0.5693135935397039,0.7939698492462312,0.621090932044438,0.7009113504556753,0.6167728237791932,942,464,478
432,330,122,58,0.8816326530612245,0.26991150442477874,0.5669291338582677,0.6777777777777778,0.5757720787430016,0.6900958466453674,0.5881104033970276,942,490,452
385,336,150,71,0.8442982456140351,0.30864197530864196,0.5339805825242718,0.6787330316742082,0.5764701104613386,0.6542056074766356,0.5679405520169851,942,456,486
374,321,171,76,0.8311111111111111,0.3475609756097561,0.5381294964028777,0.6923076923076923,0.5893360433604335,0.6532751091703056,0.578556263269639,942,450,492
417,318,151,56,0.8816067653276956,0.32196162046908317,0.5673469387755102,0.7294685990338164,0.6017841928983894,0.6903973509933774,0.6029723991507431,942,473,469
402,326,137,77,0.8392484342379958,0.2958963282937365,0.5521978021978022,0.6401869158878505,0.5675723812658662,0.6661143330571665,0.5721868365180467,942,479,463
409,328,146,59,0.8739316239316239,0.3080168776371308,0.5549525101763908,0.7121951219512195,0.5909742507843774,0.678838174273859,0.589171974522293,942,468,474
404,348,131,59,0.8725701943844493,0.27348643006263046,0.5372340425531915,0.6894736842105263,0.5730283122235399,0.6650205761316872,0.5679405520169851,942,463,479
392,344,153,53,0.8808988764044944,0.30784708249496984,0.532608695652174,0.7427184466019418,0.5943729794497321,0.663844199830652,0.578556263269639,942,445,497
394,332,163,53,0.8814317673378076,0.3292929292929293,0.5426997245179064,0.7546296296296297,0.6053623483153685,0.6717817561807332,0.5912951167728238,942,447,495
393,321,168,60,0.8675496688741722,0.34355828220858897,0.5504201680672269,0.7368421052631579,0.6055539755413806,0.673521850899743,0.5955414012738853,942,453,489
423,322,138,59,0.8775933609958506,0.3,0.5677852348993289,0.700507614213198,0.5887966804979253,0.6894865525672371,0.5955414012738853,942,482,460
391,326,149,76,0.8372591006423983,0.3136842105263158,0.5453277545327755,0.6622222222222223,0.5754716555843571,0.660472972972973,0.5732484076433121,942,467,475
425,313,142,62,0.8726899383983573,0.3120879120879121,0.575880758807588,0.696078431372549,0.5923889252431347,0.6938775510204082,0.6019108280254777,942,487,455
401,351,123,67,0.8568376068376068,0.25949367088607594,0.5332446808510638,0.6473684210526316,0.5581656388618413,0.6573770491803278,0.5562632696390658,942,468,474
425,318,133,66,0.8655804480651731,0.29490022172949004,0.5720053835800808,0.6683417085427136,0.5802403348973315,0.6888168557536467,0.5923566878980892,942,491,451
389,336,171,46,0.8942528735632184,0.33727810650887574,0.5365517241379311,0.7880184331797235,0.6157654900360471,0.6706896551724139,0.5944798301486199,942,435,507
397,342,144,59,0.8706140350877193,0.2962962962962963,0.5372124492557511,0.7093596059113301,0.5834551656920077,0.6644351464435148,0.5743099787685775,942,456,486
401,326,159,56,0.8774617067833698,0.32783505154639175,0.5515818431911967,0.7395348837209302,0.6026483791648808,0.6773648648648649,0.5944798301486199,942,457,485
423,322,132,65,0.8668032786885246,0.2907488986784141,0.5677852348993289,0.6700507614213198,0.5787760886834693,0.6861313868613139,0.589171974522293,942,488,454
405,324,156,57,0.8766233766233766,0.325,0.5555555555555556,0.7323943661971831,0.6008116883116883,0.6801007556675064,0.5955414012738853,942,462,480
406,315,170,51,0.888402625820569,0.35051546391752575,0.5631067961165048,0.7692307692307693,0.6194590448690473,0.6893039049235992,0.6114649681528662,942,457,485
376,337,166,63,0.856492027334852,0.33001988071570576,0.5273492286115007,0.7248908296943232,0.5932559540252789,0.6527777777777778,0.5753715498938429,942,439,503
377,333,162,70,0.843400447427293,0.32727272727272727,0.5309859154929577,0.6982758620689655,0.5853365873500102,0.651685393258427,0.5721868365180467,942,447,495
401,345,139,57,0.8755458515283843,0.2871900826446281,0.5375335120643432,0.7091836734693877,0.5813679670865062,0.6661129568106313,0.5732484076433121,942,458,484
403,333,160,46,0.8975501113585747,0.32454361054766734,0.5475543478260869,0.7766990291262136,0.611046860953121,0.680168776371308,0.5976645435244161,942,449,493
414,305,148,75,0.8466257668711656,0.32671081677704195,0.5757997218358831,0.6636771300448431,0.5866682918241037,0.685430463576159,0.5966029723991507,942,489,453
413,340,128,61,0.8713080168776371,0.27350427350427353,0.548472775564409,0.6772486772486772,0.5724061451909553,0.6731866340668298,0.5743099787685775,942,474,468
402,324,147,69,0.8535031847133758,0.31210191082802546,0.5537190082644629,0.6805555555555556,0.5828025477707006,0.6716791979949875,0.5828025477707006,942,471,471
405,328,146,63,0.8653846153846154,0.3080168776371308,0.5525238744884038,0.6985645933014354,0.5867007465108731,0.6744379683597003,0.5849256900212314,942,468,474
424,320,129,69,0.8600405679513184,0.2873051224944321,0.5698924731182796,0.6515151515151515,0.5736728452228752,0.6855295068714632,0.5870488322717622,942,493,449
448,319,126,49,0.9014084507042254,0.28314606741573034,0.5840938722294654,0.72,0.5922772590599779,0.7088607594936708,0.6093418259023354,942,497,445
396,339,150,57,0.8741721854304636,0.3067484662576687,0.5387755102040817,0.7246376811594203,0.5904603258440662,0.6666666666666667,0.5796178343949044,942,453,489
416,333,134,59,0.8757894736842106,0.28693790149892934,0.5554072096128171,0.694300518134715,0.58136368759157,0.6797385620915033,0.583864118895966,942,475,467
389,347,143,63,0.8606194690265486,0.29183673469387755,0.5285326086956522,0.6941747572815534,0.5762281018602131,0.654882154882155,0.564755838641189,942,452,490
400,320,165,57,0.87527352297593,0.3402061855670103,0.5555555555555556,0.7432432432432432,0.6077398542714701,0.679694137638063,0.5997876857749469,942,457,485
398,334,142,68,0.8540772532188842,0.29831932773109243,0.5437158469945356,0.6761904761904762,0.5761982904749883,0.664440734557596,0.5732484076433121,942,466,476
386,331,166,59,0.8674157303370786,0.33400402414486924,0.5383542538354253,0.7377777777777778,0.6007098772409739,0.6643717728055077,0.5859872611464968,942,445,497
411,315,163,53,0.8857758620689655,0.3410041841004184,0.5661157024793388,0.7546296296296297,0.6133900230846919,0.6907563025210084,0.6093418259023354,942,464,478
403,319,160,60,0.8704103671706264,0.33402922755741127,0.5581717451523546,0.7272727272727273,0.6022197973640189,0.680168776371308,0.5976645435244161,942,463,479
405,323,148,66,0.8598726114649682,0.31422505307855625,0.5563186813186813,0.6915887850467289,0.5870488322717622,0.6755629691409508,0.5870488322717622,942,471,471
423,326,128,65,0.8668032786885246,0.28193832599118945,0.5647530040053405,0.6632124352331606,0.574370802339857,0.6839126919967664,0.5849256900212314,942,488,454
398,342,147,55,0.8785871964679912,0.3006134969325153,0.5378378378378378,0.7277227722772277,0.5896003467002533,0.6672254819782061,0.578556263269639,942,453,489
385,345,142,70,0.8461538461538461,0.2915811088295688,0.5273972602739726,0.6698113207547169,0.5688674774917075,0.6497890295358649,0.559447983014862,942,455,487
402,328,157,55,0.8796498905908097,0.3237113402061856,0.5506849315068493,0.7405660377358491,0.6016806153984976,0.6773378264532434,0.5934182590233545,942,457,485
391,332,153,66,0.8555798687089715,0.3154639175257732,0.5408022130013831,0.6986301369863014,0.5855218931173723,0.6627118644067798,0.5774946921443737,942,457,485
409,320,149,64,0.864693446088795,0.31769722814498935,0.5610425240054869,0.6995305164319249,0.5911953371168921,0.680532445923461,0.5923566878980892,942,473,469
418,303,157,64,0.8672199170124482,0.34130434782608693,0.579750346740638,0.7104072398190046,0.6042621324192675,0.6949293433083957,0.6104033970276008,942,482,460
411,316,151,64,0.8652631578947368,0.3233404710920771,0.5653370013755158,0.7023255813953488,0.5943018144934069,0.6838602329450915,0.5966029723991507,942,475,467
407,323,154,58,0.875268817204301,0.3228511530398323,0.5575342465753425,0.7264150943396226,0.5990599851220667,0.6811715481171547,0.5955414012738853,942,465,477
399,348,139,56,0.8769230769230769,0.28542094455852157,0.5341365461847389,0.7128205128205128,0.5811720107407993,0.6638935108153078,0.5711252653927813,942,455,487
430,298,162,52,0.8921161825726142,0.3521739130434783,0.5906593406593407,0.7570093457943925,0.6221450478080462,0.7107438016528925,0.6284501061571125,942,482,460
416,310,161,55,0.8832271762208068,0.34182590233545646,0.5730027548209367,0.7453703703703703,0.6125265392781316,0.6950710108604845,0.6125265392781316,942,471,471
437,323,127,55,0.8882113821138211,0.2822222222222222,0.575,0.6978021978021978,0.5852168021680216,0.6980830670926517,0.5987261146496815,942,492,450
383,345,145,69,0.8473451327433629,0.29591836734693877,0.5260989010989011,0.677570093457944,0.5716317500451509,0.6491525423728813,0.5605095541401274,942,452,490
457,289,141,55,0.892578125,0.32790697674418606,0.6126005361930295,0.7193877551020408,0.610242550872093,0.7265500794912559,0.6348195329087049,942,512,430
409,339,128,66,0.8610526315789474,0.2740899357601713,0.5467914438502673,0.6597938144329897,0.5675712836695593,0.6688470973017171,0.5700636942675159,942,475,467
405,329,153,55,0.8804347826086957,0.31742738589211617,0.5517711171662125,0.7355769230769231,0.5989310842504059,0.678391959798995,0.5923566878980892,942,460,482
423,327,138,54,0.8867924528301887,0.2967741935483871,0.564,0.71875,0.591783323189288,0.689486552567237,0.5955414012738853,942,477,465
412,322,150,58,0.8765957446808511,0.3177966101694915,0.5613079019073569,0.7211538461538461,0.5971961774251713,0.6843853820598006,0.5966029723991507,942,470,472
427,323,131,61,0.875,0.28854625550660795,0.5693333333333334,0.6822916666666666,0.581773127753304,0.6898222940226172,0.5923566878980892,942,488,454
391,334,159,58,0.8708240534521158,0.3225152129817444,0.5393103448275862,0.7327188940092166,0.5966696332169301,0.6660988074957411,0.583864118895966,942,449,493
389,350,148,55,0.8761261261261262,0.2971887550200803,0.5263870094722598,0.729064039408867,0.5866574405731032,0.6576500422654269,0.5700636942675159,942,444,498
358,343,172,69,0.8384074941451991,0.3339805825242718,0.5106990014265336,0.7136929460580913,0.5861940383347355,0.6347517730496454,0.5626326963906582,942,427,515
402,338,146,56,0.8777292576419214,0.30165289256198347,0.5432432432432432,0.7227722772277227,0.5896910751019524,0.671118530884808,0.5817409766454352,942,458,484
391,333,167,51,0.8846153846153846,0.334,0.5400552486187845,0.7660550458715596,0.6093076923076923,0.6706689536878216,0.5923566878980892,942,442,500
433,311,142,56,0.885480572597137,0.31346578366445915,0.581989247311828,0.7171717171717171,0.599473178130798,0.7023519870235199,0.6104033970276008,942,489,453
382,339,154,67,0.8507795100222717,0.31237322515212984,0.5298196948682385,0.6968325791855203,0.5815763675872008,0.652991452991453,0.5690021231422505,942,449,493
403,319,157,63,0.8648068669527897,0.32983193277310924,0.5581717451523546,0.7136363636363636,0.5973193998629495,0.6784511784511784,0.5944798301486199,942,466,476
390,340,143,69,0.8496732026143791,0.29606625258799174,0.5342465753424658,0.6745283018867925,0.5728697276011854,0.656013456686291,0.5658174097664543,942,459,483
398,322,158,64,0.8614718614718615,0.32916666666666666,0.5527777777777778,0.7117117117117117,0.595319264069264,0.673434856175973,0.5902335456475584,942,462,480
387,327,167,61,0.8638392857142857,0.33805668016194335,0.542016806722689,0.7324561403508771,0.6009479829381146,0.6660929432013769,0.5881104033970276,942,448,494
434,300,137,71,0.8594059405940594,0.3135011441647597,0.5912806539509536,0.6586538461538461,0.5864535423794095,0.7005649717514125,0.6061571125265393,942,505,437
392,338,151,61,0.8653421633554084,0.30879345603271985,0.536986301369863,0.7122641509433962,0.5870678096940641,0.6627218934911243,0.5764331210191083,942,453,489
420,314,160,48,0.8974358974358975,0.33755274261603374,0.5722070844686649,0.7692307692307693,0.6174943200259656,0.6988352745424292,0.6157112526539278,942,468,474
421,324,147,50,0.8938428874734607,0.31210191082802546,0.5651006711409396,0.7461928934010152,0.6029723991507431,0.6924342105263158,0.6029723991507431,942,471,471
423,318,149,52,0.8905263157894737,0.31905781584582443,0.5708502024291497,0.7412935323383084,0.6047920658176491,0.6957236842105262,0.6072186836518046,942,475,467
406,338,141,57,0.8768898488120951,0.29436325678496866,0.5456989247311828,0.7121212121212122,0.5856265527985318,0.6727423363711682,0.5806794055201698,942,463,479
409,329,145,59,0.8739316239316239,0.3059071729957806,0.55420054200542,0.7107843137254902,0.5899193984637022,0.6782752902155887,0.5881104033970276,942,468,474
369,348,167,58,0.8641686182669789,0.32427184466019415,0.5146443514644351,0.7422222222222222,0.5942202314635865,0.645104895104895,0.5690021231422505,942,427,515
411,331,140,60,0.8726114649681529,0.29723991507430997,0.5539083557951483,0.7,0.5849256900212314,0.6776586974443529,0.5849256900212314,942,471,471
393,333,159,57,0.8733333333333333,0.3231707317073171,0.5413223140495868,0.7361111111111112,0.5982520325203252,0.6683673469387755,0.5859872611464968,942,450,492
382,336,164,60,0.8642533936651584,0.328,0.532033426183844,0.7321428571428571,0.5961266968325792,0.6586206896551724,0.5796178343949044,942,442,500
411,329,146,56,0.880085653104925,0.30736842105263157,0.5554054054054054,0.7227722772277227,0.5937270370787783,0.6810273405136703,0.5912951167728238,942,467,475
445,310,134,53,0.893574297188755,0.30180180180180183,0.5894039735099338,0.7165775401069518,0.5976880494952784,0.7102952913008779,0.6146496815286624,942,498,444
406,336,143,57,0.8768898488120951,0.2985386221294363,0.5471698113207547,0.715,0.5877142354707657,0.6738589211618257,0.5828025477707006,942,463,479
405,323,144,70,0.8526315789473684,0.3083511777301927,0.5563186813186813,0.6728971962616822,0.5804913783387806,0.6733167082294265,0.5828025477707006,942,475,467
396,328,156,62,0.8646288209606987,0.32231404958677684,0.5469613259668509,0.7155963302752294,0.5934714352737378,0.6700507614213199,0.5859872611464968,942,458,484
406,328,143,65,0.861995753715499,0.3036093418259023,0.553133514986376,0.6875,0.5828025477707006,0.6738589211618258,0.5828025477707006,942,471,471
401,343,134,64,0.8623655913978494,0.2809224318658281,0.5389784946236559,0.6767676767676768,0.5716440116318388,0.6633581472291149,0.5679405520169851,942,465,477
385,334,157,66,0.8536585365853658,0.319755600814664,0.5354659248956884,0.7040358744394619,0.5867070687000149,0.6581196581196581,0.5753715498938429,942,451,491
424,289,160,69,0.8600405679513184,0.35634743875278396,0.5946704067321178,0.6986899563318777,0.6081940033520512,0.7031509121061361,0.6199575371549894,942,493,449
431,321,126,64,0.8707070707070707,0.28187919463087246,0.5731382978723404,0.6631578947368421,0.5762931326689715,0.6912590216519646,0.5912951167728238,942,495,447
397,355,134,56,0.8763796909492274,0.2740286298568507,0.5279255319148937,0.7052631578947368,0.5752041604030391,0.6589211618257262,0.5636942675159236,942,453,489
429,302,155,56,0.8845360824742268,0.33916849015317285,0.5868673050615595,0.7345971563981043,0.6118522863136998,0.705592105263158,0.6199575371549894,942,485,457
407,326,144,65,0.8622881355932204,0.30638297872340425,0.5552523874488404,0.6889952153110048,0.5843355571583123,0.6755186721991702,0.5849256900212314,942,472,470
405,311,147,79,0.8367768595041323,0.32096069868995636,0.5656424581005587,0.6504424778761062,0.5788687790970444,0.6749999999999999,0.5859872611464968,942,484,458
405,316,166,55,0.8804347826086957,0.34439834024896265,0.5617198335644937,0.751131221719457,0.6124165614288292,0.6858594411515665,0.6061571125265393,942,460,482
401,312,166,63,0.8642241379310345,0.3472803347280335,0.5624123422159888,0.7248908296943232,0.605752236329534,0.681393372982158,0.6019108280254777,942,464,478
392,324,163,63,0.8615384615384616,0.3347022587268994,0.547486033519553,0.7212389380530974,0.5981203601326806,0.6695132365499573,0.589171974522293,942,455,487
427,317,138,60,0.8767967145790554,0.3032967032967033,0.5739247311827957,0.696969696969697,0.5900467089378794,0.69374492282697,0.5997876857749469,942,487,455
399,337,147,59,0.87117903930131,0.3037190082644628,0.5421195652173914,0.7135922330097088,0.5874490237828864,0.6683417085427136,0.5796178343949044,942,458,484
381,346,149,66,0.8523489932885906,0.301010101010101,0.5240715268225584,0.6930232558139535,0.5766795471493458,0.6490630323679727,0.5626326963906582,942,447,495
420,340,132,50,0.8936170212765957,0.2796610169491525,0.5526315789473685,0.7252747252747253,0.5866390191128741,0.6829268292682927,0.5859872611464968,942,470,472
424,323,132,63,0.8706365503080082,0.29010989010989013,0.5676037483266398,0.676923076923077,0.5803732202089492,0.6871961102106968,0.5902335456475584,942,487,455
406,335,138,63,0.8656716417910447,0.2917547568710359,0.5479082321187584,0.6865671641791045,0.5787131993310404,0.6710743801652892,0.5774946921443737,942,469,473
400,339,154,49,0.89086859688196,0.31237322515212984,0.5412719891745602,0.7586206896551724,0.601620911017045,0.6734006734006733,0.5881104033970276,942,449,493
401,311,168,62,0.8660907127429806,0.35073068893528186,0.5632022471910112,0.7304347826086957,0.6084107008391312,0.6825531914893617,0.6040339702760085,942,463,479
412,325,138,67,0.860125260960334,0.2980561555075594,0.5590230664857531,0.6731707317073171,0.5790907082339467,0.6776315789473685,0.583864118895966,942,479,463
408,320,140,74,0.8464730290456431,0.30434782608695654,0.5604395604395604,0.6542056074766355,0.5754104275662999,0.6743801652892563,0.5817409766454352,942,482,460
390,348,148,56,0.874439461883408,0.29838709677419356,0.5284552845528455,0.7254901960784313,0.5864132793288008,0.6587837837837838,0.5711252653927813,942,446,496
412,328,145,57,0.8784648187633263,0.30655391120507397,0.5567567567567567,0.7178217821782178,0.5925093649842001,0.6815550041356493,0.5912951167728238,942,469,473
400,328,150,64,0.8620689655172413,0.3138075313807531,0.5494505494505495,0.7009345794392523,0.5879382484489972,0.6711409395973155,0.583864118895966,942,464,478
404,330,150,58,0.8744588744588745,0.3125,0.5504087193460491,0.7211538461538461,0.5934794372294372,0.6755852842809364,0.5881104033970276,942,462,480
409,323,151,59,0.8739316239316239,0.31856540084388185,0.5587431693989071,0.719047619047619,0.5962485123877529,0.6816666666666668,0.5944798301486199,942,468,474
406,342,129,65,0.861995753715499,0.27388535031847133,0.5427807486631016,0.6649484536082474,0.5679405520169851,0.6661197703035274,0.5679405520169851,942,471,471
387,339,157,59,0.8677130044843049,0.3165322580645161,0.5330578512396694,0.7268518518518519,0.5921226312744106,0.6604095563139931,0.5774946921443737,942,446,496
400,333,153,56,0.8771929824561403,0.3148148148148148,0.5457025920873124,0.7320574162679426,0.5960038986354775,0.672834314550042,0.5870488322717622,942,456,486
439,311,142,50,0.8977505112474438,0.31346578366445915,0.5853333333333334,0.7395833333333334,0.6056081474559515,0.7086359967715901,0.6167728237791932,942,489,453
419,329,137,57,0.8802521008403361,0.2939914163090129,0.5601604278074866,0.7061855670103093,0.5871217585746745,0.6846405228758171,0.5902335456475584,942,476,466
391,332,156,63,0.8612334801762115,0.319672131147541,0.5408022130013831,0.7123287671232876,0.5904528056618763,0.6644010195412065,0.5806794055201698,942,454,488
393,339,152,58,0.8713968957871396,0.3095723014256619,0.5368852459016393,0.7238095238095238,0.5904845986064008,0.6644125105663568,0.578556263269639,942,451,491
424,316,149,53,0.8888888888888888,0.3204301075268817,0.572972972972973,0.7376237623762376,0.6046594982078852,0.6967953985209532,0.60828025477707,942,477,465
399,333,146,64,0.8617710583153347,0.3048016701461378,0.5450819672131147,0.6952380952380952,0.5832863642307362,0.6677824267782427,0.578556263269639,942,463,479
402,330,144,66,0.8589743589743589,0.3037974683544304,0.5491803278688525,0.6857142857142857,0.5813859136643946,0.67,0.5796178343949044,942,468,474
424,326,132,60,0.8760330578512396,0.28820960698689957,0.5653333333333334,0.6875,0.5821213324190696,0.6871961102106968,0.5902335456475584,942,484,458
411,317,149,65,0.8634453781512605,0.3197424892703863,0.5645604395604396,0.6962616822429907,0.5915939337108234,0.6827242524916943,0.5944798301486199,942,476,466
388,333,172,49,0.8878718535469108,0.3405940594059406,0.5381414701803051,0.7782805429864253,0.6142329564764257,0.6701208981001727,0.5944798301486199,942,437,505
418,319,154,51,0.8912579957356077,0.32558139534883723,0.5671641791044776,0.751219512195122,0.6084196955422225,0.6932006633499171,0.6072186836518046,942,469,473
406,341,143,52,0.8864628820960698,0.29545454545454547,0.5435073627844712,0.7333333333333333,0.5909587137753076,0.6738589211618257,0.5828025477707006,942,458,484
399,341,141,61,0.8673913043478261,0.2925311203319502,0.5391891891891892,0.698019801980198,0.5799612123398882,0.665,0.5732484076433121,942,460,482
409,316,159,58,0.8758029978586723,0.33473684210526317,0.5641379310344827,0.7327188940092166,0.6052699199819678,0.686241610738255,0.6029723991507431,942,467,475
425,327,129,61,0.8744855967078189,0.28289473684210525,0.5651595744680851,0.6789473684210526,0.5786901667749621,0.6865912762520193,0.5881104033970276,942,486,456
404,334,151,53,0.8840262582056893,0.311340206185567,0.5474254742547425,0.7401960784313726,0.5976832321956281,0.6761506276150626,0.589171974522293,942,457,485
410,320,157,55,0.8817204301075269,0.32914046121593293,0.5616438356164384,0.7405660377358491,0.6054304456617299,0.6861924686192468,0.6019108280254777,942,465,477
443,289,146,64,0.873767258382643,0.335632183908046,0.605191256830601,0.6952380952380952,0.6046997211453445,0.715092816787732,0.6252653927813163,942,507,435
388,341,154,59,0.8680089485458613,0.3111111111111111,0.532235939643347,0.7230046948356808,0.5895600298284862,0.6598639455782314,0.5753715498938429,942,447,495
388,342,145,67,0.8527472527472527,0.29774127310061604,0.5315068493150685,0.6839622641509434,0.5752442629239344,0.6548523206751056,0.5658174097664543,942,455,487
389,344,143,66,0.8549450549450549,0.2936344969199179,0.5306957708049114,0.6842105263157895,0.5742897759324864,0.654882154882155,0.564755838641189,942,455,487
397,320,164,61,0.8668122270742358,0.33884297520661155,0.5536959553695955,0.7288888888888889,0.6028276011404237,0.6757446808510638,0.5955414012738853,942,458,484
391,333,156,62,0.8631346578366446,0.31901840490797545,0.5400552486187845,0.7155963302752294,0.59107653137231,0.6644010195412063,0.5806794055201698,942,453,489
414,330,140,58,0.8771186440677966,0.2978723404255319,0.5564516129032258,0.7070707070707071,0.5874954922466642,0.680921052631579,0.5881104033970276,942,472,470
391,330,166,55,0.8766816143497758,0.3346774193548387,0.5423023578363384,0.751131221719457,0.6056795168523073,0.6700942587832048,0.5912951167728238,942,446,496
382,341,165,54,0.8761467889908257,0.32608695652173914,0.5283540802213001,0.7534246575342466,0.6011168727562823,0.6591889559965487,0.5806794055201698,942,436,506
409,321,149,63,0.8665254237288136,0.3170212765957447,0.5602739726027397,0.7028301886792453,0.5917733501622792,0.6805324459234608,0.5923566878980892,942,472,470
399,347,131,65,0.8599137931034483,0.27405857740585776,0.5348525469168901,0.6683673469387755,0.566986185254653,0.659504132231405,0.5626326963906582,942,464,478
385,346,145,66,0.8536585365853658,0.2953156822810591,0.5266757865937073,0.6872037914691943,0.5744871094332125,0.6514382402707276,0.5626326963906582,942,451,491
430,326,136,50,0.8958333333333334,0.2943722943722944,0.5687830687830688,0.7311827956989247,0.5951028138528138,0.6957928802588997,0.6008492569002123,942,480,462
393,336,145,68,0.8524945770065075,0.30145530145530147,0.5390946502057613,0.6807511737089202,0.5769749392309045,0.6605042016806723,0.5711252653927813,942,461,481
423,326,140,53,0.8886554621848739,0.30042918454935624,0.5647530040053405,0.7253886010362695,0.5945423233671151,0.6906122448979591,0.5976645435244161,942,476,466
404,325,147,66,0.8595744680851064,0.3114406779661017,0.5541838134430727,0.6901408450704225,0.5855075730256041,0.6738949124270225,0.5849256900212314,942,470,472
389,330,156,67,0.8530701754385965,0.32098765432098764,0.541029207232267,0.6995515695067265,0.587028914879792,0.662127659574468,0.578556263269639,942,456,486
416,309,145,72,0.8524590163934426,0.31938325991189426,0.5737931034482758,0.6682027649769585,0.5859211381526684,0.6859027205276175,0.5955414012738853,942,488,454
411,339,135,57,0.8782051282051282,0.2848101265822785,0.548,0.703125,0.5815076273937033,0.6748768472906405,0.5796178343949044,942,468,474
397,308,171,66,0.857451403887689,0.3569937369519833,0.5631205673758866,0.7215189873417721,0.6072225704198362,0.6797945205479452,0.6029723991507431,942,463,479
421,323,138,60,0.8752598752598753,0.2993492407809111,0.5658602150537635,0.696969696969697,0.5873045580203932,0.6873469387755102,0.5934182590233545,942,481,461
421,318,151,52,0.8900634249471459,0.32196162046908317,0.5696887686062246,0.7438423645320197,0.6060125227081146,0.6947194719471946,0.6072186836518046,942,473,469
417,328,141,56,0.8816067653276956,0.3006396588486141,0.5597315436241611,0.7157360406091371,0.5911232120881549,0.6847290640394089,0.5923566878980892,942,473,469
410,326,148,58,0.8760683760683761,0.31223628691983124,0.5570652173913043,0.7184466019417476,0.5941523314941036,0.6810631229235881,0.5923566878980892,942,468,474
418,326,150,48,0.8969957081545065,0.31512605042016806,0.5618279569892473,0.7575757575757576,0.6060608792873372,0.6909090909090909,0.6029723991507431,942,466,476
425,306,151,60,0.8762886597938144,0.3304157549234136,0.5813953488372093,0.7156398104265402,0.603352207358614,0.6990131578947368,0.6114649681528662,942,485,457
422,321,141,58,0.8791666666666667,0.3051948051948052,0.5679676985195155,0.7085427135678392,0.592180735930736,0.6901062959934587,0.5976645435244161,942,480,462
423,291,150,78,0.844311377245509,0.3401360544217687,0.592436974789916,0.6578947368421053,0.5922237158336389,0.6962962962962963,0.60828025477707,942,501,441
406,313,158,65,0.861995753715499,0.3354564755838641,0.564673157162726,0.7085201793721974,0.5987261146496815,0.6823529411764706,0.5987261146496815,942,471,471
423,314,141,64,0.8685831622176592,0.3098901098901099,0.5739484396200815,0.6878048780487804,0.5892366360538845,0.6911764705882353,0.5987261146496815,942,487,455
400,332,146,64,0.8620689655172413,0.3054393305439331,0.546448087431694,0.6952380952380952,0.5837541480305872,0.6688963210702342,0.5796178343949044,942,464,478
403,312,155,72,0.848421052631579,0.33190578158458245,0.5636363636363636,0.6828193832599119,0.5901634171080807,0.6773109243697478,0.5923566878980892,942,475,467
419,303,166,54,0.8858350951374208,0.35394456289978676,0.5803324099722992,0.7545454545454545,0.6198898290186038,0.701255230125523,0.6210191082802548,942,473,469
413,322,154,53,0.8862660944206009,0.3235294117647059,0.5619047619047619,0.7439613526570048,0.6048977530926534,0.6877601998334721,0.6019108280254777,942,466,476
387,326,161,68,0.8505494505494505,0.33059548254620125,0.5427769985974754,0.7030567685589519,0.5905724665478259,0.6626712328767124,0.5817409766454352,942,455,487
400,343,141,58,0.8733624454148472,0.29132231404958675,0.5383580080753702,0.7085427135678392,0.5823423797322169,0.666111573688593,0.5743099787685775,942,458,484
400,361,129,52,0.8849557522123894,0.26326530612244897,0.5256241787122208,0.712707182320442,0.5741105291674192,0.6595218466611708,0.5615711252653928,942,452,490
405,309,159,69,0.8544303797468354,0.33974358974358976,0.5672268907563025,0.6973684210526315,0.5970869847452126,0.6818181818181819,0.5987261146496815,942,474,468
413,310,147,72,0.8515463917525773,0.32166301969365424,0.5712309820193637,0.6712328767123288,0.5866047057231157,0.6837748344370861,0.5944798301486199,942,485,457
425,312,155,50,0.8947368421052632,0.33190578158458245,0.576662143826323,0.7560975609756098,0.6133213118449228,0.7013201320132013,0.6157112526539278,942,475,467
413,329,146,54,0.8843683083511777,0.30736842105263157,0.5566037735849056,0.73,0.5958683647019046,0.6832092638544252,0.5934182590233545,942,467,475
406,319,144,73,0.8475991649269311,0.31101511879049676,0.56,0.663594470046083,0.5793071418587139,0.6744186046511629,0.583864118895966,942,479,463
387,354,152,49,0.8876146788990825,0.30039525691699603,0.5222672064777328,0.7562189054726368,0.5940049679080392,0.6576040781648259,0.5721868365180467,942,436,506
417,311,141,73,0.8510204081632653,0.31194690265486724,0.5728021978021978,0.6588785046728972,0.5814836554090663,0.6847290640394088,0.5923566878980892,942,490,452
405,333,141,63,0.8653846153846154,0.2974683544303797,0.5487804878048781,0.6911764705882353,0.5814264849074976,0.6716417910447762,0.5796178343949044,942,468,474
439,290,145,68,0.8658777120315582,0.3333333333333333,0.6021947873799726,0.6807511737089202,0.5996055226824457,0.7103559870550163,0.6199575371549894,942,507,435
415,329,151,47,0.8982683982683982,0.3145833333333333,0.5577956989247311,0.7626262626262627,0.6064258658008658,0.6882255389718075,0.6008492569002123,942,462,480
399,323,163,57,0.875,0.33539094650205764,0.5526315789473685,0.740909090909091,0.6051954732510288,0.6774193548387096,0.5966029723991507,942,456,486
395,351,132,64,0.8605664488017429,0.2732919254658385,0.5294906166219839,0.673469387755102,0.5669291871337907,0.6556016597510372,0.559447983014862,942,459,483
375,334,167,66,0.8503401360544217,0.3333333333333333,0.5289139633286318,0.7167381974248928,0.5918367346938775,0.6521739130434782,0.5753715498938429,942,441,501
412,338,127,65,0.8637316561844863,0.2731182795698925,0.5493333333333333,0.6614583333333334,0.5684249678771894,0.6715566422167889,0.5721868365180467,942,477,465
419,334,137,52,0.8895966029723992,0.2908704883227176,0.5564409030544488,0.7248677248677249,0.5902335456475584,0.684640522875817,0.5902335456475584,942,471,471
409,320,166,47,0.8969298245614035,0.34156378600823045,0.5610425240054869,0.7793427230046949,0.619246805284817,0.6902953586497891,0.6104033970276008,942,456,486
392,340,141,69,0.8503253796095445,0.29313929313929316,0.5355191256830601,0.6714285714285714,0.5717323363744188,0.6571668063704945,0.5658174097664543,942,461,481
413,321,147,61,0.8713080168776371,0.3141025641025641,0.5626702997275205,0.7067307692307693,0.5927052904901007,0.6837748344370861,0.5944798301486199,942,474,468
375,354,165,48,0.8865248226950354,0.3179190751445087,0.51440329218107,0.7746478873239436,0.602221948919772,0.6510416666666666,0.5732484076433121,942,423,519
418,309,158,57,0.88,0.33832976445396146,0.5749656121045392,0.7348837209302326,0.6091648822269807,0.6955074875207988,0.6114649681528662,942,475,467
421,333,132,56,0.8825995807127882,0.2838709677419355,0.5583554376657824,0.7021276595744681,0.5832352742273619,0.6839967506092607,0.5870488322717622,942,477,465
395,333,159,55,0.8777777777777778,0.3231707317073171,0.5425824175824175,0.7429906542056075,0.6004742547425475,0.6706281833616299,0.5881104033970276,942,450,492
383,336,162,61,0.8626126126126126,0.3253012048192771,0.5326842837273992,0.726457399103139,0.5939569087159449,0.6586414445399829,0.578556263269639,942,444,498
404,324,156,58,0.8744588744588745,0.325,0.554945054945055,0.7289719626168224,0.5997294372294373,0.6789915966386555,0.5944798301486199,942,462,480
400,328,147,67,0.8565310492505354,0.3094736842105263,0.5494505494505495,0.6869158878504673,0.5830023667305309,0.6694560669456068,0.5806794055201698,942,467,475
376,357,140,69,0.8449438202247191,0.28169014084507044,0.5129604365620737,0.6698564593301436,0.5633169805348948,0.6383701188455009,0.5477707006369427,942,445,497
396,335,144,67,0.8552915766738661,0.30062630480167013,0.5417236662106704,0.6824644549763034,0.5779589407377681,0.6633165829145728,0.5732484076433121,942,463,479
395,339,140,68,0.8531317494600432,0.29227557411273486,0.5381471389645777,0.6730769230769231,0.572703661786389,0.659983291562239,0.5679405520169851,942,463,479
421,317,138,66,0.864476386036961,0.3032967032967033,0.5704607046070461,0.6764705882352942,0.5838865446668321,0.6873469387755102,0.5934182590233545,942,487,455
438,296,152,56,0.8866396761133604,0.3392857142857143,0.5967302452316077,0.7307692307692307,0.6129626951995373,0.713355048859935,0.6263269639065817,942,494,448
382,340,155,65,0.854586129753915,0.31313131313131315,0.5290858725761773,0.7045454545454546,0.5838587214426141,0.6535500427715997,0.5700636942675159,942,447,495
423,310,151,58,0.8794178794178794,0.3275488069414317,0.5770804911323328,0.722488038277512,0.6034833431796556,0.6968698517298189,0.6093418259023354,942,481,461
403,327,137,75,0.8430962343096234,0.2952586206896552,0.552054794520548,0.6462264150943396,0.5691774274996393,0.6672185430463576,0.5732484076433121,942,478,464
395,345,128,74,0.8422174840085288,0.27061310782241016,0.5337837837837838,0.6336633663366337,0.5564152959154695,0.6534325889164598,0.5552016985138004,942,469,473
373,356,154,59,0.8634259259259259,0.30196078431372547,0.5116598079561042,0.7230046948356808,0.5826933551198257,0.6425495262704565,0.559447983014862,942,432,510
401,318,153,70,0.851380042462845,0.3248407643312102,0.5577190542420027,0.6860986547085202,0.5881104033970276,0.6739495798319328,0.5881104033970276,942,471,471
421,315,140,66,0.864476386036961,0.3076923076923077,0.5720108695652174,0.6796116504854369,0.5860843468646344,0.6884709730171709,0.5955414012738853,942,487,455
399,313,163,67,0.8562231759656652,0.34243697478991597,0.5603932584269663,0.7086956521739131,0.5993300753777906,0.6774193548387096,0.5966029723991507,942,466,476
412,321,146,63,0.8673684210526316,0.31263383297644537,0.5620736698499318,0.6985645933014354,0.5900011270145384,0.6821192052980133,0.5923566878980892,942,475,467
420,337,140,45,0.9032258064516129,0.29350104821802936,0.5548216644649934,0.7567567567567568,0.5983634273348211,0.6873977086743044,0.5944798301486199,942,465,477
410,328,143,61,0.8704883227176221,0.3036093418259023,0.5555555555555556,0.7009803921568627,0.5870488322717622,0.6782464846980976,0.5870488322717622,942,471,471
393,322,160,67,0.8543478260869565,0.33195020746887965,0.5496503496503496,0.7048458149779736,0.5931490167779181,0.668936170212766,0.5870488322717622,942,460,482
392,324,170,56,0.875,0.3441295546558704,0.547486033519553,0.7522123893805309,0.6095647773279352,0.6735395189003436,0.5966029723991507,942,448,494
386,332,150,74,0.8391304347826087,0.3112033195020747,0.5376044568245125,0.6696428571428571,0.5751668771423417,0.6553480475382002,0.5690021231422505,942,460,482
422,305,145,70,0.8577235772357723,0.32222222222222224,0.5804676753782668,0.6744186046511628,0.5899728997289972,0.6923707957342082,0.6019108280254777,942,492,450
375,331,178,58,0.8660508083140878,0.34970530451866405,0.5311614730878187,0.7542372881355932,0.6078780564163759,0.6584723441615453,0.5870488322717622,942,433,509
398,308,168,68,0.8540772532188842,0.35294117647058826,0.5637393767705382,0.711864406779661,0.6035092148447362,0.6791808873720137,0.6008492569002123,942,466,476
411,306,162,63,0.8670886075949367,0.34615384615384615,0.5732217573221757,0.72,0.6066212268743914,0.6901763224181361,0.60828025477707,942,474,468
380,359,146,57,0.8695652173913043,0.2891089108910891,0.5142083897158322,0.7192118226600985,0.5793370641411967,0.6462585034013605,0.5583864118895966,942,437,505
399,316,155,72,0.8471337579617835,0.32908704883227174,0.558041958041958,0.6828193832599119,0.5881104033970276,0.6728499156829679,0.5881104033970276,942,471,471
439,316,133,54,0.8904665314401623,0.2962138084632517,0.5814569536423841,0.7112299465240641,0.593340169951707,0.7035256410256411,0.6072186836518046,942,493,449
384,353,147,58,0.8687782805429864,0.294,0.5210312075983717,0.7170731707317073,0.5813891402714932,0.6513994910941476,0.5636942675159236,942,442,500
406,320,151,65,0.861995753715499,0.3205944798301486,0.559228650137741,0.6990740740740741,0.5912951167728238,0.6783625730994152,0.5912951167728238,942,471,471
406,316,162,58,0.875,0.3389121338912134,0.5623268698060941,0.7363636363636363,0.6069560669456067,0.684654300168634,0.6029723991507431,942,464,478
423,321,129,69,0.8597560975609756,0.2866666666666667,0.5685483870967742,0.6515151515151515,0.5732113821138212,0.6844660194174758,0.5859872611464968,942,492,450
399,348,142,53,0.8827433628318584,0.2897959183673469,0.5341365461847389,0.7282051282051282,0.5862696405996026,0.6655546288573811,0.5743099787685775,942,452,490
396,350,141,55,0.8780487804878049,0.28716904276985744,0.5308310991957105,0.7193877551020408,0.5826089116288311,0.6616541353383459,0.5700636942675159,942,451,491
360,355,170,57,0.8633093525179856,0.3238095238095238,0.5034965034965035,0.748898678414097,0.5935594381637547,0.6360424028268552,0.5626326963906582,942,417,525
434,328,128,52,0.8930041152263375,0.2807017543859649,0.5695538057742782,0.7111111111111111,0.5868529348061512,0.6955128205128206,0.5966029723991507,942,486,456
418,321,150,53,0.8874734607218684,0.3184713375796178,0.5656292286874154,0.7389162561576355,0.6029723991507431,0.6909090909090909,0.6029723991507431,942,471,471
385,330,146,81,0.8261802575107297,0.3067226890756303,0.5384615384615384,0.6431718061674009,0.56645147329318,0.6519898391193903,0.5636942675159236,942,466,476
424,321,137,60,0.8760330578512396,0.29912663755458513,0.5691275167785235,0.6954314720812182,0.5875798477029124,0.6899918633034987,0.5955414012738853,942,484,458
420,319,153,50,0.8936170212765957,0.3241525423728814,0.5683355886332883,0.7536945812807881,0.6088847818247385,0.694789081885856,0.60828025477707,942,470,472
433,316,142,51,0.8946280991735537,0.31004366812227074,0.5781041388518025,0.7357512953367875,0.6023358836479122,0.70235198702352,0.6104033970276008,942,484,458
406,337,129,70,0.8529411764705882,0.27682403433476394,0.5464333781965006,0.6482412060301508,0.5648826054026761,0.6661197703035274,0.5679405520169851,942,476,466
414,320,154,54,0.8846153846153846,0.32489451476793246,0.5640326975476839,0.7403846153846154,0.6047549496916585,0.6888519134775375,0.6029723991507431,942,468,474
389,336,163,54,0.8781038374717833,0.32665330661322645,0.5365517241379311,0.7511520737327189,0.6023785720425049,0.666095890410959,0.5859872611464968,942,443,499
387,336,168,51,0.8835616438356164,0.3333333333333333,0.5352697095435685,0.7671232876712328,0.6084474885844748,0.6666666666666666,0.589171974522293,942,438,504
434,303,152,53,0.891170431211499,0.33406593406593404,0.5888738127544098,0.7414634146341463,0.6126181826387165,0.7091503267973857,0.6220806794055201,942,487,455
384,342,148,68,0.8495575221238938,0.3020408163265306,0.5289256198347108,0.6851851851851852,0.5757991692252122,0.6519524617996605,0.564755838641189,942,452,490
420,329,146,47,0.8993576017130621,0.30736842105263157,0.5607476635514018,0.7564766839378239,0.6033630113828469,0.6907894736842105,0.6008492569002123,942,467,475
412,320,149,61,0.8710359408033826,0.31769722814498935,0.5628415300546448,0.7095238095238096,0.594366584474186,0.683817427385892,0.5955414012738853,942,473,469
390,346,129,77,0.8351177730192719,0.27157894736842103,0.529891304347826,0.6262135922330098,0.5533483601938465,0.6483790523690772,0.5509554140127388,942,467,475
393,339,149,61,0.8656387665198237,0.305327868852459,0.5368852459016393,0.7095238095238096,0.5854833176861414,0.6627318718381112,0.5753715498938429,942,454,488
375,345,151,71,0.8408071748878924,0.30443548387096775,0.5208333333333334,0.6801801801801802,0.57262132937943,0.6432246998284735,0.5583864118895966,942,446,496
408,333,138,63,0.8662420382165605,0.2929936305732484,0.5506072874493927,0.6865671641791045,0.5796178343949044,0.6732673267326732,0.5796178343949044,942,471,471
413,319,139,71,0.8533057851239669,0.3034934497816594,0.5642076502732241,0.6619047619047619,0.5783996174528132,0.6792763157894737,0.5859872611464968,942,484,458
439,291,161,51,0.8959183673469387,0.3561946902654867,0.6013698630136987,0.7594339622641509,0.6260565288062128,0.719672131147541,0.6369426751592356,942,490,452
398,334,145,65,0.8596112311015118,0.302713987473904,0.5437158469945356,0.6904761904761905,0.5811626092877079,0.6661087866108787,0.5764331210191083,942,463,479
447,298,142,55,0.8904382470119522,0.32272727272727275,0.6,0.7208121827411168,0.6065827598696125,0.7169206094627104,0.6252653927813163,942,502,440
384,341,149,68,0.8495575221238938,0.3040816326530612,0.5296551724137931,0.6866359447004609,0.5768195773884774,0.6525063721325404,0.5658174097664543,942,452,490
408,307,154,73,0.8482328482328483,0.33405639913232105,0.5706293706293706,0.6784140969162996,0.5911446236825847,0.6822742474916388,0.5966029723991507,942,481,461
425,314,150,53,0.8891213389121339,0.3232758620689655,0.5751014884979703,0.7389162561576355,0.6061986004905497,0.6984387838948234,0.6104033970276008,942,478,464
416,308,156,62,0.8702928870292888,0.33620689655172414,0.574585635359116,0.7155963302752294,0.6032498917905065,0.6921797004991681,0.6072186836518046,942,478,464
416,333,141,52,0.8888888888888888,0.2974683544303797,0.5554072096128171,0.7305699481865285,0.5931786216596343,0.6836483155299918,0.5912951167728238,942,468,474
378,345,150,69,0.8456375838926175,0.30303030303030304,0.5228215767634855,0.684931506849315,0.5743339434614603,0.6461538461538462,0.5605095541401274,942,447,495
399,327,149,67,0.8562231759656652,0.3130252100840336,0.5495867768595041,0.6898148148148148,0.5846241930248495,0.6694630872483222,0.5817409766454352,942,466,476
415,326,139,62,0.870020964360587,0.2989247311827957,0.5600539811066126,0.6915422885572139,0.5844728477716914,0.6814449917898193,0.5881104033970276,942,477,465
370,339,175,58,0.8644859813084113,0.3404669260700389,0.5218617771509168,0.7510729613733905,0.6024764536892251,0.6508355321020228,0.578556263269639,942,428,514
422,327,130,63,0.8701030927835052,0.2844638949671772,0.5634178905206942,0.6735751295336787,0.5772834938753412,0.6839546191247974,0.5859872611464968,942,485,457
391,335,154,62,0.8631346578366446,0.3149284253578732,0.5385674931129476,0.7129629629629629,0.5890315415972589,0.6632739609838846,0.578556263269639,942,453,489
425,304,158,55,0.8854166666666666,0.341991341991342,0.5829903978052127,0.7417840375586855,0.6137040043290043,0.7030603804797353,0.618895966029724,942,480,462
406,340,140,56,0.8787878787878788,0.2916666666666667,0.5442359249329759,0.7142857142857143,0.5852272727272727,0.6721854304635762,0.5796178343949044,942,462,480
391,333,161,57,0.8727678571428571,0.3259109311740891,0.5400552486187845,0.7385321100917431,0.599339394158473,0.667235494880546,0.5859872611464968,942,448,494
417,333,137,55,0.8834745762711864,0.29148936170212764,0.556,0.7135416666666666,0.587481968986657,0.6824877250409166,0.5881104033970276,942,472,470
400,335,166,41,0.9070294784580499,0.3313373253493014,0.54421768707483,0.8019323671497585,0.6191834019036757,0.6802721088435375,0.6008492569002123,942,441,501
425,329,135,53,0.8891213389121339,0.29094827586206895,0.5636604774535809,0.7180851063829787,0.5900348073871013,0.6899350649350648,0.5944798301486199,942,478,464
413,323,158,48,0.89587852494577,0.3284823284823285,0.561141304347826,0.7669902912621359,0.6121804267140493,0.6900584795321636,0.6061571125265393,942,461,481
413,337,139,53,0.8862660944206009,0.2920168067226891,0.5506666666666666,0.7239583333333334,0.589141450571645,0.6792763157894737,0.5859872611464968,942,466,476
403,335,142,62,0.8666666666666667,0.2976939203354298,0.5460704607046071,0.696078431372549,0.5821802935010483,0.6699916874480465,0.578556263269639,942,465,477
400,314,144,84,0.8264462809917356,0.314410480349345,0.5602240896358543,0.631578947368421,0.5704283806705402,0.667779632721202,0.5774946921443737,942,484,458
433,302,146,61,0.8765182186234818,0.32589285714285715,0.5891156462585034,0.7053140096618358,0.6012055378831694,0.7046379170056958,0.6146496815286624,942,494,448
406,346,138,52,0.8864628820960698,0.28512396694214875,0.5398936170212766,0.7263157894736842,0.5857934245191093,0.6710743801652892,0.5774946921443737,942,458,484
387,353,139,63,0.86,0.28252032520325204,0.522972972972973,0.6881188118811881,0.571260162601626,0.6504201680672269,0.5583864118895966,942,450,492
379,336,160,67,0.8497757847533632,0.3225806451612903,0.5300699300699301,0.7048458149779736,0.5861782149573268,0.652885443583118,0.5721868365180467,942,446,496
413,314,147,68,0.8586278586278586,0.3188720173535792,0.5680880330123796,0.6837209302325581,0.5887499379907188,0.6837748344370861,0.5944798301486199,942,481,461
406,332,159,45,0.9002217294900222,0.32382892057026474,0.5501355013550135,0.7794117647058824,0.6120253250301435,0.6829268292682926,0.5997876857749469,942,451,491
447,287,152,56,0.8886679920477137,0.3462414578587699,0.6089918256130791,0.7307692307692307,0.6174547249532418,0.7227162489894907,0.6358811040339702,942,503,439
383,350,147,62,0.8606741573033708,0.29577464788732394,0.5225102319236017,0.7033492822966507,0.5782244025953474,0.6502546689303905,0.5626326963906582,942,445,497
411,340,136,55,0.8819742489270386,0.2857142857142857,0.5472703062583223,0.7120418848167539,0.5838442673206621,0.6754313886606409,0.5806794055201698,942,466,476
392,343,156,51,0.8848758465011287,0.312625250501002,0.5333333333333333,0.7536231884057971,0.5987505485010653,0.6655348047538201,0.5817409766454352,942,443,499
391,348,143,60,0.8669623059866962,0.29124236252545826,0.5290933694181326,0.7044334975369458,0.5791023342560773,0.6571428571428571,0.5668789808917197,942,451,491
433,322,135,52,0.8927835051546392,0.29540481400437635,0.5735099337748344,0.7219251336898396,0.5940941595795077,0.6983870967741936,0.6029723991507431,942,485,457
411,304,157,70,0.8544698544698545,0.3405639913232104,0.5748251748251748,0.6916299559471366,0.5975169228965325,0.6872909698996655,0.6029723991507431,942,481,461
419,324,141,58,0.8784067085953878,0.3032258064516129,0.5639300134589502,0.7085427135678392,0.5908162575235003,0.6868852459016392,0.5944798301486199,942,477,465
425,306,153,58,0.8799171842650103,0.3333333333333333,0.5813953488372093,0.7251184834123223,0.6066252587991718,0.700164744645799,0.613588110403397,942,483,459
412,343,131,56,0.8803418803418803,0.27637130801687765,0.5456953642384106,0.7005347593582888,0.578356594179379,0.6737530662305805,0.5764331210191083,942,468,474
430,299,149,64,0.8704453441295547,0.3325892857142857,0.5898491083676269,0.6995305164319249,0.6015173149219202,0.7031888798037612,0.6146496815286624,942,494,448
403,339,148,52,0.8857142857142857,0.30390143737166325,0.5431266846361186,0.74,0.5948078615429745,0.6733500417710944,0.5849256900212314,942,455,487
411,338,129,64,0.8652631578947368,0.2762312633832976,0.5487316421895861,0.6683937823834197,0.5707472106390172,0.6715686274509804,0.5732484076433121,942,475,467
408,352,135,47,0.8967032967032967,0.27720739219712526,0.5368421052631579,0.7417582417582418,0.586955344450211,0.671604938271605,0.5764331210191083,942,455,487
397,312,167,66,0.857451403887689,0.348643006263048,0.5599435825105783,0.7167381974248928,0.6030472050753686,0.6774744027303755,0.5987261146496815,942,463,479
404,333,144,61,0.8688172043010752,0.3018867924528302,0.5481682496607869,0.7024390243902439,0.5853519983769527,0.6722129783693842,0.5817409766454352,942,465,477
408,313,161,60,0.8717948717948718,0.339662447257384,0.565880721220527,0.7285067873303167,0.6057286595261279,0.6862910008410429,0.6040339702760085,942,468,474
418,316,152,56,0.8818565400843882,0.3247863247863248,0.5694822888283378,0.7307692307692307,0.6033214324353565,0.6920529801324503,0.6050955414012739,942,474,468
383,333,157,69,0.8473451327433629,0.32040816326530613,0.5349162011173184,0.6946902654867256,0.5838766480043345,0.6558219178082192,0.5732484076433121,942,452,490
405,337,141,59,0.8728448275862069,0.29497907949790797,0.545822102425876,0.705,0.5839119535420574,0.6716417910447761,0.5796178343949044,942,464,478
400,334,151,57,0.87527352297593,0.311340206185567,0.5449591280653951,0.7259615384615384,0.5933068645807484,0.6717044500419815,0.5849256900212314,942,457,485
423,336,125,58,0.8794178794178794,0.27114967462039047,0.5573122529644269,0.6830601092896175,0.5752837770191349,0.682258064516129,0.5817409766454352,942,481,461
392,346,147,57,0.8730512249443207,0.29817444219066935,0.5311653116531165,0.7205882352941176,0.585612833567495,0.6604886267902275,0.5721868365180467,942,449,493
420,317,148,57,0.8805031446540881,0.31827956989247314,0.5698778833107191,0.7219512195121951,0.5993913572732806,0.6919275123558485,0.6029723991507431,942,477,465
416,320,151,55,0.8832271762208068,0.3205944798301486,0.5652173913043478,0.7330097087378641,0.6019108280254777,0.6893123446561722,0.6019108280254777,942,471,471
418,325,139,60,0.8744769874476988,0.2995689655172414,0.5625841184387618,0.6984924623115578,0.58702297648247,0.6846846846846847,0.5912951167728238,942,478,464
405,347,129,61,0.869098712446352,0.2710084033613445,0.538563829787234,0.6789473684210526,0.5700535579038483,0.6650246305418719,0.5668789808917197,942,466,476
404,326,148,64,0.8632478632478633,0.31223628691983124,0.5534246575342465,0.6981132075471698,0.5877420750838472,0.674457429048414,0.5859872611464968,942,468,474
405,311,157,69,0.8544303797468354,0.33547008547008544,0.5656424581005587,0.6946902654867256,0.5949502326084605,0.680672268907563,0.5966029723991507,942,474,468
380,349,150,63,0.8577878103837472,0.30060120240480964,0.5212620027434842,0.704225352112676,0.5791945063942784,0.6484641638225256,0.5626326963906582,942,443,499
398,332,154,58,0.8728070175438597,0.3168724279835391,0.5452054794520548,0.7264150943396226,0.5948397227636995,0.6711635750421585,0.5859872611464968,942,456,486
408,337,139,58,0.8755364806866953,0.2920168067226891,0.5476510067114094,0.7055837563451777,0.5837766437046922,0.6738232865400495,0.5806794055201698,942,466,476
430,324,134,54,0.8884297520661157,0.2925764192139738,0.5702917771883289,0.7127659574468085,0.5905030856400448,0.6946688206785137,0.5987261146496815,942,484,458
381,336,159,66,0.8523489932885906,0.3212121212121212,0.5313807531380753,0.7066666666666667,0.5867805572503559,0.6546391752577319,0.5732484076433121,942,447,495
404,338,154,46,0.8977777777777778,0.3130081300813008,0.5444743935309974,0.77,0.6053929539295393,0.6778523489932887,0.5923566878980892,942,450,492
388,340,154,60,0.8660714285714286,0.3117408906882591,0.532967032967033,0.719626168224299,0.5889061596298438,0.6598639455782312,0.5753715498938429,942,448,494
406,336,146,54,0.8826086956521739,0.3029045643153527,0.5471698113207547,0.73,0.5927566299837633,0.6755407653910149,0.5859872611464968,942,460,482
405,333,129,75,0.84375,0.2792207792207792,0.5487804878048781,0.6323529411764706,0.5614853896103896,0.665024630541872,0.5668789808917197,942,480,462
407,325,150,60,0.8715203426124197,0.3157894736842105,0.5560109289617486,0.7142857142857143,0.5936549081483151,0.6788990825688074,0.5912951167728238,942,467,475
406,333,147,56,0.8787878787878788,0.30625,0.5493910690121786,0.7241379310344828,0.5925189393939394,0.6761032472939217,0.5870488322717622,942,462,480
412,309,151,70,0.8547717842323651,0.3282608695652174,0.5714285714285714,0.6832579185520362,0.5915163268987913,0.684954280964256,0.5976645435244161,942,482,460
397,338,138,69,0.851931330472103,0.28991596638655465,0.5401360544217687,0.6666666666666666,0.5709236484293289,0.6611157368859284,0.5679405520169851,942,466,476
423,333,130,56,0.8830897703549061,0.28077753779697623,0.5595238095238095,0.6989247311827957,0.5819336540759412,0.6850202429149798,0.5870488322717622,942,479,463
419,319,146,58,0.8784067085953878,0.3139784946236559,0.5677506775067751,0.7156862745098039,0.5961926016095218,0.6897119341563785,0.5997876857749469,942,477,465
406,303,163,70,0.8529411764705882,0.3497854077253219,0.5726375176304654,0.6995708154506438,0.601363292097955,0.6852320675105484,0.6040339702760085,942,476,466
417,347,130,48,0.896774193548387,0.27253668763102723,0.5458115183246073,0.7303370786516854,0.5846554405897071,0.6786004882017901,0.5806794055201698,942,465,477
417,327,134,64,0.8669438669438669,0.29067245119305857,0.5604838709677419,0.6767676767676768,0.5788081590684627,0.6808163265306122,0.5849256900212314,942,481,461
373,323,167,79,0.8252212389380531,0.3408163265306122,0.5359195402298851,0.6788617886178862,0.5830187827343327,0.6498257839721254,0.5732484076433121,942,452,490
413,325,157,47,0.8978260869565218,0.3257261410788382,0.559620596205962,0.7696078431372549,0.61177611401768,0.689482470784641,0.6050955414012739,942,460,482
431,325,123,63,0.8724696356275303,0.27455357142857145,0.5701058201058201,0.6612903225806451,0.5735116035280509,0.6896,0.5881104033970276,942,494,448
418,312,150,62,0.8708333333333333,0.3246753246753247,0.5726027397260274,0.7075471698113207,0.597754329004329,0.6909090909090909,0.6029723991507431,942,480,462
379,347,156,60,0.8633257403189066,0.3101391650099404,0.522038567493113,0.7222222222222222,0.5867324526644235,0.6506437768240344,0.5679405520169851,942,439,503
409,334,139,60,0.8720682302771855,0.2938689217758985,0.550471063257066,0.6984924623115578,0.582968576026542,0.6749174917491749,0.5817409766454352,942,469,473
387,325,160,70,0.8468271334792122,0.32989690721649484,0.5435393258426966,0.6956521739130435,0.5883620203478536,0.6621043627031651,0.5806794055201698,942,457,485
419,321,144,58,0.8784067085953878,0.3096774193548387,0.5662162162162162,0.7128712871287128,0.5940420639751133,0.6885784716516024,0.5976645435244161,942,477,465
405,336,145,56,0.8785249457700651,0.30145530145530147,0.5465587044534413,0.7213930348258707,0.5899901236126833,0.6738768718801997,0.583864118895966,942,461,481
397,351,145,49,0.8901345291479821,0.2923387096774194,0.5307486631016043,0.7474226804123711,0.5912366194127008,0.6649916247906198,0.5753715498938429,942,446,496
393,343,151,55,0.8772321428571429,0.305668016194332,0.5339673913043478,0.7330097087378641,0.5914500795257375,0.6638513513513513,0.5774946921443737,942,448,494
427,312,147,56,0.8840579710144928,0.3202614379084967,0.577807848443843,0.7241379310344828,0.6021597044614948,0.6988543371522095,0.6093418259023354,942,483,459
410,323,147,62,0.8686440677966102,0.3127659574468085,0.5593451568894953,0.7033492822966507,0.5907050126217094,0.6804979253112033,0.5912951167728238,942,472,470
389,339,146,68,0.8512035010940919,0.30103092783505153,0.5343406593406593,0.6822429906542056,0.5761172144645718,0.6565400843881858,0.5679405520169851,942,457,485
431,314,125,72,0.856858846918489,0.2847380410022779,0.5785234899328859,0.6345177664974619,0.5707984439603835,0.6907051282051282,0.5902335456475584,942,503,439
397,337,142,66,0.857451403887689,0.2964509394572025,0.5408719346049047,0.6826923076923077,0.5769511716724458,0.6633249791144529,0.5721868365180467,942,463,479
401,312,165,64,0.8623655913978494,0.34591194968553457,0.5624123422159888,0.7205240174672489,0.604138770541692,0.6808149405772496,0.6008492569002123,942,465,477
400,329,145,68,0.8547008547008547,0.3059071729957806,0.5486968449931413,0.6807511737089202,0.5803040138483176,0.6683375104427736,0.578556263269639,942,468,474
400,345,132,65,0.8602150537634409,0.27672955974842767,0.5369127516778524,0.6700507614213198,0.5684723067559343,0.6611570247933884,0.564755838641189,942,465,477
408,326,153,55,0.8812095032397408,0.31941544885177453,0.555858310626703,0.7355769230769231,0.6003124760457577,0.681704260651629,0.5955414012738853,942,463,479
415,329,143,55,0.8829787234042553,0.3029661016949153,0.5577956989247311,0.7222222222222222,0.5929724125495853,0.6836902800658978,0.5923566878980892,942,470,472
423,300,143,76,0.8476953907815631,0.3227990970654628,0.5850622406639004,0.6529680365296804,0.5852472439235129,0.6923076923076923,0.6008492569002123,942,499,443
402,336,143,61,0.8682505399568035,0.2985386221294363,0.5447154471544715,0.7009803921568627,0.5833945810431199,0.6694421315570358,0.578556263269639,942,463,479
385,336,169,52,0.8810068649885584,0.3346534653465347,0.5339805825242718,0.7647058823529411,0.6078301651675465,0.6649395509499135,0.5881104033970276,942,437,505
438,295,146,63,0.874251497005988,0.3310657596371882,0.597544338335607,0.6985645933014354,0.6026586283215881,0.7098865478119935,0.6199575371549894,942,501,441
396,326,152,68,0.853448275862069,0.3179916317991632,0.5484764542936288,0.6909090909090909,0.585719953830616,0.6677908937605396,0.5817409766454352,942,464,478
392,336,165,49,0.8888888888888888,0.32934131736526945,0.5384615384615384,0.7710280373831776,0.6091151031270792,0.6706586826347306,0.5912951167728238,942,441,501
427,301,155,59,0.8786008230452675,0.3399122807017544,0.5865384615384616,0.7242990654205608,0.6092565518735109,0.7034596375617792,0.6178343949044586,942,486,456
407,336,151,48,0.8945054945054945,0.31006160164271046,0.5477792732166891,0.7587939698492462,0.6022835480741024,0.6794657762938231,0.5923566878980892,942,455,487
383,329,156,74,0.838074398249453,0.3216494845360825,0.5379213483146067,0.6782608695652174,0.5798619413927677,0.6552609067579128,0.5721868365180467,942,457,485
412,313,144,73,0.8494845360824742,0.3150984682713348,0.5682758620689655,0.663594470046083,0.5822915021769045,0.6809917355371901,0.5902335456475584,942,485,457
403,342,142,55,0.8799126637554585,0.29338842975206614,0.5409395973154363,0.7208121827411168,0.5866505467537624,0.6699916874480466,0.578556263269639,942,458,484
409,336,132,65,0.8628691983122363,0.28205128205128205,0.548993288590604,0.6700507614213198,0.5724602401817591,0.6710418375717802,0.5743099787685775,942,474,468
421,320,144,57,0.8807531380753139,0.3103448275862069,0.5681511470985156,0.7164179104477612,0.5955489828307604,0.6907301066447908,0.5997876857749469,942,478,464
406,328,155,53,0.8845315904139434,0.32091097308488614,0.553133514986376,0.7451923076923077,0.6027212817494148,0.680637049455155,0.5955414012738853,942,459,483
397,322,158,65,0.8593073593073594,0.32916666666666666,0.5521557719054242,0.7085201793721974,0.594237012987013,0.672311600338696,0.589171974522293,942,462,480
390,347,147,58,0.8705357142857143,0.2975708502024291,0.5291723202170964,0.7170731707317073,0.5840532822440717,0.6582278481012658,0.5700636942675159,942,448,494
378,327,175,62,0.8590909090909091,0.34860557768924305,0.5361702127659574,0.7383966244725738,0.603848243390076,0.6602620087336245,0.5870488322717622,942,440,502
402,345,138,57,0.8758169934640523,0.2857142857142857,0.5381526104417671,0.7076923076923077,0.5807656395891689,0.6666666666666667,0.5732484076433121,942,459,483
402,335,139,66,0.8589743589743589,0.29324894514767935,0.5454545454545454,0.6780487804878049,0.5761116520610191,0.6672199170124481,0.5743099787685775,942,468,474
417,329,129,67,0.8615702479338843,0.2816593886462882,0.5589812332439679,0.6581632653061225,0.5716148182900862,0.6780487804878049,0.5796178343949044,942,484,458
417,315,141,69,0.8580246913580247,0.3092105263157895,0.569672131147541,0.6714285714285714,0.5836176088369072,0.6847290640394089,0.5923566878980892,942,486,456
422,319,142,59,0.8773388773388774,0.3080260303687636,0.5695006747638327,0.7064676616915423,0.5926824538538205,0.6906710310965631,0.5987261146496815,942,481,461
394,333,159,56,0.8755555555555555,0.3231707317073171,0.5419532324621733,0.7395348837209302,0.5993631436314363,0.669498725573492,0.5870488322717622,942,450,492
404,323,151,64,0.8632478632478633,0.31856540084388185,0.5557083906464925,0.7023255813953488,0.5909066320458726,0.6761506276150627,0.589171974522293,942,468,474
397,326,162,57,0.8744493392070485,0.3319672131147541,0.5491009681881052,0.7397260273972602,0.6032082761609012,0.6745964316057774,0.5934182590233545,942,454,488
437,307,145,53,0.8918367346938776,0.32079646017699115,0.5873655913978495,0.7323232323232324,0.6063165974354343,0.7082658022690437,0.6178343949044586,942,490,452
427,319,138,58,0.8804123711340206,0.30196936542669583,0.5723860589812333,0.7040816326530612,0.5911908682803582,0.69374492282697,0.5997876857749469,942,485,457
436,316,131,59,0.8808080808080808,0.2930648769574944,0.5797872340425532,0.6894736842105263,0.5869364788827875,0.6992782678428228,0.6019108280254777,942,495,447
412,312,162,56,0.8803418803418803,0.34177215189873417,0.569060773480663,0.7431192660550459,0.6110570161203073,0.6912751677852348,0.6093418259023354,942,468,474
389,359,128,66,0.8549450549450549,0.26283367556468173,0.5200534759358288,0.6597938144329897,0.5588893652548683,0.6467165419783872,0.5488322717622081,942,455,487
388,341,165,48,0.8899082568807339,0.32608695652173914,0.532235939643347,0.7746478873239436,0.6079976067012365,0.6660944206008583,0.5870488322717622,942,436,506
392,330,160,60,0.8672566371681416,0.32653061224489793,0.5429362880886427,0.7272727272727273,0.5968936247065197,0.6678023850085179,0.5859872611464968,942,452,490
429,316,137,60,0.8773006134969326,0.30242825607064017,0.5758389261744966,0.6954314720812182,0.5898644347837864,0.6952998379254458,0.6008492569002123,942,489,453
407,350,131,54,0.8828633405639913,0.27234927234927236,0.5376486129458389,0.7081081081081081,0.5776063064566318,0.6683087027914615,0.5711252653927813,942,461,481
408,320,157,57,0.8774193548387097,0.32914046121593293,0.5604395604395604,0.7336448598130841,0.6032799080273213,0.6839899413243923,0.5997876857749469,942,465,477
408,309,171,54,0.8831168831168831,0.35625,0.5690376569037657,0.76,0.6196834415584416,0.6921119592875318,0.6146496815286624,942,462,480
427,319,135,61,0.875,0.2973568281938326,0.5723860589812333,0.6887755102040817,0.5861784140969163,0.6920583468395463,0.5966029723991507,942,488,454
408,332,145,57,0.8774193548387097,0.3039832285115304,0.5513513513513514,0.7178217821782178,0.5907012916751201,0.6771784232365144,0.5870488322717622,942,465,477
401,297,170,74,0.8442105263157895,0.3640256959314775,0.5744985673352435,0.6967213114754098,0.6041181111236336,0.6837169650468884,0.6061571125265393,942,475,467
404,322,162,54,0.8820960698689956,0.3347107438016529,0.5564738292011019,0.75,0.6084034068353242,0.6824324324324323,0.6008492569002123,942,458,484
419,324,143,56,0.8821052631578947,0.30620985010706636,0.5639300134589502,0.7185929648241206,0.5941575566324806,0.6880131362889984,0.5966029723991507,942,475,467
410,327,143,62,0.8686440677966102,0.30425531914893617,0.5563093622795116,0.697560975609756,0.5864496934727732,0.6782464846980977,0.5870488322717622,942,472,470
387,361,156,38,0.9105882352941177,0.30174081237911027,0.517379679144385,0.8041237113402062,0.606164523836614,0.6598465473145779,0.5764331210191083,942,425,517
401,337,156,48,0.8930957683741648,0.31643002028397565,0.5433604336043361,0.7647058823529411,0.6047628943290703,0.6756529064869419,0.5912951167728238,942,449,493
380,346,141,75,0.8351648351648352,0.28952772073921973,0.5234159779614325,0.6527777777777778,0.5623462779520274,0.6435224386113464,0.5530785562632696,942,455,487
411,332,149,50,0.8915401301518439,0.3097713097713098,0.5531628532974427,0.7487437185929648,0.6006557199615769,0.6827242524916943,0.5944798301486199,942,461,481
428,296,160,58,0.8806584362139918,0.3508771929824561,0.5911602209944752,0.7339449541284404,0.6157678145982239,0.7074380165289257,0.6242038216560509,942,486,456
374,353,142,73,0.8366890380313199,0.2868686868686869,0.5144429160935351,0.6604651162790698,0.5617788624500034,0.637137989778535,0.5477707006369427,942,447,495
389,346,141,66,0.8549450549450549,0.28952772073921973,0.5292517006802722,0.6811594202898551,0.5722363878421373,0.6537815126050421,0.5626326963906582,942,455,487
388,333,144,77,0.8344086021505376,0.3018867924528302,0.5381414701803051,0.6515837104072398,0.5681476973016839,0.654300168634064,0.564755838641189,942,465,477
423,320,148,51,0.8924050632911392,0.3162393162393162,0.5693135935397039,0.7437185929648241,0.6043221897652278,0.695152013147083,0.6061571125265393,942,474,468
412,330,148,52,0.8879310344827587,0.30962343096234307,0.555256064690027,0.74,0.5987772327225509,0.6832504145936983,0.5944798301486199,942,464,478
384,329,154,75,0.8366013071895425,0.3188405797101449,0.5385694249649369,0.6724890829694323,0.5777209434498437,0.6552901023890785,0.5711252653927813,942,459,483
414,322,145,61,0.871578947368421,0.31049250535331907,0.5625,0.7038834951456311,0.5910357263608701,0.6837324525185797,0.5934182590233545,942,475,467
416,325,155,46,0.9004329004329005,0.3229166666666667,0.5614035087719298,0.7711442786069652,0.6116747835497836,0.6916043225270158,0.6061571125265393,942,462,480
394,337,162,49,0.8893905191873589,0.3246492985971944,0.5389876880984952,0.7677725118483413,0.6070199088922766,0.6712095400340715,0.5902335456475584,942,443,499
406,316,155,65,0.861995753715499,0.32908704883227174,0.5623268698060941,0.7045454545454546,0.5955414012738853,0.680637049455155,0.5955414012738853,942,471,471
401,331,156,54,0.8813186813186813,0.3203285420944558,0.5478142076502732,0.7428571428571429,0.6008236117065686,0.6756529064869419,0.5912951167728238,942,455,487
417,319,154,52,0.8891257995735607,0.32558139534883723,0.5665760869565217,0.7475728155339806,0.607353597461199,0.6921161825726141,0.6061571125265393,942,469,473
396,327,158,61,0.8665207877461707,0.32577319587628867,0.5477178423236515,0.7214611872146118,0.5961469918112297,0.6711864406779662,0.5881104033970276,942,457,485
403,358,131,50,0.8896247240618101,0.26789366053169733,0.5295663600525624,0.7237569060773481,0.5787591922967538,0.6639209225700164,0.5668789808917197,942,453,489
383,349,154,56,0.8724373576309795,0.3061630218687873,0.523224043715847,0.7333333333333333,0.5893001897498834,0.6541417591801879,0.5700636942675159,942,439,503
398,320,158,66,0.8577586206896551,0.3305439330543933,0.5543175487465181,0.7053571428571429,0.5941512768720242,0.6734348561759729,0.5902335456475584,942,464,478
387,352,139,64,0.8580931263858093,0.2830957230142566,0.523680649526387,0.6847290640394089,0.570594424700033,0.650420168067227,0.5583864118895966,942,451,491
385,331,151,75,0.8369565217391305,0.3132780082987552,0.5377094972067039,0.668141592920354,0.5751172650189429,0.6547619047619048,0.5690021231422505,942,460,482
396,335,153,58,0.8722466960352423,0.3135245901639344,0.5417236662106704,0.7251184834123223,0.5928856430995884,0.6683544303797468,0.5828025477707006,942,454,488
382,331,156,73,0.8395604395604396,0.3203285420944558,0.5357643758765779,0.6812227074235808,0.5799444908274477,0.654109589041096,0.5711252653927813,942,455,487
403,327,164,48,0.893569844789357,0.3340122199592668,0.552054794520548,0.7735849056603774,0.6137910323743119,0.6824724809483488,0.6019108280254777,942,451,491
427,297,156,62,0.8732106339468303,0.3443708609271523,0.5897790055248618,0.7155963302752294,0.6087907474369914,0.7040395713107996,0.618895966029724,942,489,453
404,323,154,61,0.8688172043010752,0.3228511530398323,0.5557083906464925,0.7162790697674418,0.5958341786704537,0.6778523489932886,0.5923566878980892,942,465,477
414,334,135,59,0.8752642706131079,0.2878464818763326,0.553475935828877,0.6958762886597938,0.5815553762447202,0.6781326781326782,0.5828025477707006,942,473,469
386,329,162,65,0.8558758314855875,0.329938900203666,0.5398601398601398,0.7136563876651982,0.5929073658446268,0.6620926243567752,0.5817409766454352,942,451,491
401,333,138,70,0.851380042462845,0.2929936305732484,0.5463215258855586,0.6634615384615384,0.5721868365180467,0.6655601659751038,0.5721868365180467,942,471,471
399,349,142,52,0.88470066518847,0.2892057026476578,0.5334224598930482,0.7319587628865979,0.586953183918064,0.6655546288573811,0.5743099787685775,942,451,491
431,328,130,53,0.890495867768595,0.2838427947598253,0.5678524374176548,0.7103825136612022,0.5871693312642101,0.6934835076427996,0.5955414012738853,942,484,458
403,330,145,64,0.8629550321199143,0.30526315789473685,0.5497953615279673,0.69377990430622,0.5841090950073256,0.6716666666666666,0.5817409766454352,942,467,475
414,326,145,57,0.8789808917197452,0.3078556263269639,0.5594594594594594,0.7178217821782178,0.5934182590233545,0.6837324525185796,0.5934182590233545,942,471,471
393,339,141,69,0.8506493506493507,0.29375,0.5368852459016393,0.6714285714285714,0.5721996753246753,0.6582914572864321,0.5668789808917197,942,462,480
401,334,148,59,0.8717391304347826,0.3070539419087137,0.545578231292517,0.714975845410628,0.5893965361717481,0.6711297071129707,0.5828025477707006,942,460,482
402,312,158,70,0.8516949152542372,0.33617021276595743,0.5630252100840336,0.6929824561403509,0.5939325640100973,0.6779089376053963,0.5944798301486199,942,472,470
409,311,162,60,0.8720682302771855,0.34249471458773784,0.5680555555555555,0.7297297297297297,0.6072814724324617,0.6879730866274181,0.6061571125265393,942,469,473
400,314,164,64,0.8620689655172413,0.34309623430962344,0.5602240896358543,0.7192982456140351,0.6025825999134324,0.6791171477079796,0.5987261146496815,942,464,478
428,327,130,57,0.8824742268041237,0.2844638949671772,0.5668874172185431,0.6951871657754011,0.5834690608856504,0.6903225806451613,0.5923566878980892,942,485,457
376,339,157,70,0.8430493273542601,0.3165322580645161,0.5258741258741259,0.6916299559471366,0.5797907927093882,0.6477174849267873,0.5658174097664543,942,446,496
406,323,148,65,0.861995753715499,0.31422505307855625,0.5569272976680384,0.6948356807511737,0.5881104033970276,0.6766666666666666,0.5881104033970276,942,471,471
418,330,141,53,0.8874734607218684,0.29936305732484075,0.5588235294117647,0.7268041237113402,0.5934182590233545,0.6858080393765381,0.5934182590233545,942,471,471
393,322,161,66,0.8562091503267973,0.3333333333333333,0.5496503496503496,0.7092511013215859,0.5947712418300654,0.6695059625212948,0.5881104033970276,942,459,483
399,353,143,47,0.8946188340807175,0.28830645161290325,0.5305851063829787,0.7526315789473684,0.5914626428468104,0.666110183639399,0.5753715498938429,942,446,496
413,308,158,63,0.8676470588235294,0.33905579399141633,0.5728155339805825,0.7149321266968326,0.6033514264074729,0.6900584795321637,0.6061571125265393,942,476,466
419,317,134,72,0.8533604887983707,0.29711751662971175,0.5692934782608695,0.6504854368932039,0.5752390027140413,0.6829665851670741,0.5870488322717622,942,491,451
420,323,138,61,0.8731808731808732,0.2993492407809111,0.5652759084791387,0.6934673366834171,0.5862650569808922,0.6862745098039217,0.5923566878980892,942,481,461
398,314,160,70,0.8504273504273504,0.33755274261603374,0.5589887640449438,0.6956521739130435,0.5939900465216921,0.6745762711864407,0.5923566878980892,942,468,474
412,316,147,67,0.860125260960334,0.3174946004319654,0.5659340659340659,0.6869158878504673,0.5888099306961497,0.6826843413421706,0.5934182590233545,942,479,463
401,325,158,58,0.8736383442265795,0.32712215320910976,0.5523415977961432,0.7314814814814815,0.6003802487178447,0.6767932489451476,0.5934182590233545,942,459,483
419,345,127,51,0.8914893617021277,0.2690677966101695,0.5484293193717278,0.7134831460674157,0.5802785791561486,0.679092382495948,0.5796178343949044,942,470,472
387,325,171,59,0.8677130044843049,0.34475806451612906,0.5435393258426966,0.7434782608695653,0.6062355345002169,0.6683937823834196,0.5923566878980892,942,446,496
418,334,126,64,0.8672199170124482,0.27391304347826084,0.5558510638297872,0.6631578947368421,0.5705664802453545,0.6774716369529983,0.5774946921443737,942,482,460
401,328,139,74,0.8442105263157895,0.29764453961456105,0.5500685871056241,0.6525821596244131,0.5709275329651753,0.6661129568106312,0.5732484076433121,942,475,467
381,350,143,68,0.8485523385300668,0.29006085192697767,0.521203830369357,0.6777251184834123,0.5693065952285222,0.6457627118644067,0.5562632696390658,942,449,493
416,314,149,63,0.8684759916492694,0.32181425485961124,0.5698630136986301,0.7028301886792453,0.5951451232544402,0.6881720430107526,0.5997876857749469,942,479,463
419,317,148,58,0.8784067085953878,0.31827956989247314,0.5692934782608695,0.7184466019417476,0.5983431392439305,0.6908491343775761,0.6019108280254777,942,477,465
446,289,134,73,0.859344894026975,0.31678486997635935,0.6068027210884354,0.6473429951690821,0.5880648820016672,0.7113237639553429,0.6157112526539278,942,519,423
391,335,151,65,0.8574561403508771,0.31069958847736623,0.5385674931129476,0.6990740740740741,0.5840778644141217,0.6615905245346869,0.5753715498938429,942,456,486
396,327,173,46,0.8959276018099548,0.346,0.5477178423236515,0.7899543378995434,0.6209638009049774,0.6798283261802576,0.6040339702760085,942,442,500
384,330,155,73,0.8402625820568927,0.31958762886597936,0.5378151260504201,0.6798245614035088,0.579925105461436,0.6558497011101622,0.5721868365180467,942,457,485
378,327,162,75,0.8344370860927153,0.3312883435582822,0.5361702127659574,0.6835443037974683,0.5828627148254988,0.6528497409326426,0.5732484076433121,942,453,489
403,338,142,59,0.8722943722943723,0.29583333333333334,0.543859649122807,0.7064676616915423,0.5840638528138529,0.6699916874480466,0.578556263269639,942,462,480
422,335,126,59,0.8773388773388774,0.27331887201735355,0.5574636723910171,0.6810810810810811,0.5753288746781154,0.6817447495961227,0.5817409766454352,942,481,461
425,308,151,58,0.8799171842650103,0.3289760348583878,0.5798090040927695,0.722488038277512,0.604446609561699,0.6990131578947367,0.6114649681528662,942,483,459
368,373,133,68,0.8440366972477065,0.2628458498023715,0.4966261808367072,0.6616915422885572,0.553441273525039,0.6253186066270179,0.5318471337579618,942,436,506
397,316,155,74,0.8428874734607219,0.32908704883227174,0.5568022440392707,0.6768558951965066,0.5859872611464968,0.6706081081081081,0.5859872611464968,942,471,471
400,338,145,59,0.8714596949891068,0.3002070393374741,0.5420054200542005,0.7107843137254902,0.5858333671632905,0.6683375104427736,0.578556263269639,942,459,483
399,319,156,68,0.854389721627409,0.32842105263157895,0.5557103064066853,0.6964285714285714,0.591405387129494,0.6734177215189874,0.589171974522293,942,467,475
397,340,141,64,0.8611713665943601,0.29313929313929316,0.5386702849389416,0.6878048780487804,0.5771553298668266,0.6627712854757929,0.5711252653927813,942,461,481
396,331,166,49,0.8898876404494382,0.33400402414486924,0.5447042640990372,0.772093023255814,0.6119458322971537,0.6757679180887372,0.5966029723991507,942,445,497
412,312,157,61,0.8710359408033826,0.3347547974413646,0.569060773480663,0.7201834862385321,0.6028953691223736,0.6883876357560568,0.6040339702760085,942,473,469
407,333,145,57,0.8771551724137931,0.303347280334728,0.55,0.7178217821782178,0.5902512263742605,0.6760797342192691,0.5859872611464968,942,464,478
384,350,148,60,0.8648648648648649,0.2971887550200803,0.5231607629427792,0.7115384615384616,0.5810268099424726,0.6519524617996604,0.564755838641189,942,444,498
406,332,141,63,0.8656716417910447,0.29809725158562367,0.5501355013550135,0.6911764705882353,0.5818844466883342,0.6727423363711682,0.5806794055201698,942,469,473
378,324,170,70,0.84375,0.3441295546558704,0.5384615384615384,0.7083333333333334,0.5939397773279352,0.6573913043478261,0.5817409766454352,942,448,494
414,314,161,53,0.8865096359743041,0.3389473684210526,0.5686813186813187,0.7523364485981309,0.6127285021976784,0.6928870292887029,0.6104033970276008,942,467,475
382,345,151,64,0.8565022421524664,0.30443548387096775,0.5254470426409904,0.7023255813953488,0.5804688630117171,0.6513213981244672,0.5658174097664543,942,446,496
425,301,157,59,0.878099173553719,0.34279475982532753,0.5853994490358126,0.7268518518518519,0.6104469666895233,0.7024793388429752,0.6178343949044586,942,484,458
429,329,143,41,0.9127659574468086,0.3029661016949153,0.5659630606860159,0.7771739130434783,0.6078660295708619,0.6986970684039088,0.6072186836518046,942,470,472
425,321,137,59,0.878099173553719,0.29912663755458513,0.5697050938337802,0.6989795918367347,0.588612905554152,0.6910569105691057,0.5966029723991507,942,484,458
429,331,128,54,0.8881987577639752,0.2788671023965142,0.5644736842105263,0.7032967032967034,0.5835329300802446,0.6902654867256637,0.5912951167728238,942,483,459
417,311,160,54,0.8853503184713376,0.33970276008492567,0.5728021978021978,0.7476635514018691,0.6125265392781316,0.69557964970809,0.6125265392781316,942,471,471
393,314,166,69,0.8506493506493507,0.3458333333333333,0.5558698727015559,0.7063829787234043,0.5982413419913419,0.6723695466210436,0.5934182590233545,942,462,480
406,339,143,54,0.8826086956521739,0.2966804979253112,0.5449664429530201,0.7258883248730964,0.5896445967887426,0.6738589211618257,0.5828025477707006,942,460,482
422,307,150,63,0.8701030927835052,0.3282275711159737,0.578875171467764,0.704225352112676,0.5991653319497394,0.6952224052718287,0.6072186836518046,942,485,457
406,348,143,45,0.9002217294900222,0.29124236252545826,0.5384615384615384,0.7606382978723404,0.5957320460077402,0.6738589211618258,0.5828025477707006,942,451,491
424,322,139,57,0.8814968814968815,0.30151843817787416,0.5683646112600537,0.7091836734693877,0.5915076598373779,0.691116544417278,0.5976645435244161,942,481,461
396,359,139,48,0.8918918918918919,0.2791164658634538,0.5245033112582781,0.7433155080213903,0.5855041788776728,0.6605504587155963,0.5679405520169851,942,444,498
410,331,141,60,0.8723404255319149,0.298728813559322,0.553306342780027,0.7014925373134329,0.5855346195456185,0.6771263418662262,0.5849256900212314,942,470,472
412,327,148,55,0.8822269807280514,0.31157894736842107,0.557510148849797,0.729064039408867,0.5969029640482362,0.6832504145936981,0.5944798301486199,942,467,475
401,329,159,53,0.8832599118942731,0.32581967213114754,0.5493150684931507,0.75,0.6045397920127104,0.6773648648648648,0.5944798301486199,942,454,488
407,325,136,74,0.8461538461538461,0.2950108459869848,0.5560109289617486,0.6476190476190476,0.5705823460704155,0.6710634789777412,0.5764331210191083,942,481,461
406,357,127,52,0.8864628820960698,0.26239669421487605,0.5321100917431193,0.7094972067039106,0.574429788155473,0.6650286650286651,0.5658174097664543,942,458,484
425,327,131,59,0.878099173553719,0.28602620087336245,0.5651595744680851,0.6894736842105263,0.5820626872135407,0.6877022653721682,0.5902335456475584,942,484,458
412,314,162,54,0.8841201716738197,0.3403361344537815,0.5674931129476584,0.75,0.6122281530638006,0.6912751677852349,0.6093418259023354,942,466,476
418,328,135,61,0.872651356993737,0.2915766738660907,0.5603217158176944,0.6887755102040817,0.5821140154299138,0.6824489795918368,0.5870488322717622,942,479,463
386,330,159,67,0.8520971302428256,0.32515337423312884,0.5391061452513967,0.7035398230088495,0.5886252522379772,0.660393498716852,0.578556263269639,942,453,489
387,328,165,62,0.8619153674832962,0.33468559837728196,0.5412587412587413,0.7268722466960352,0.5983004829302891,0.6649484536082474,0.5859872611464968,942,449,493
382,353,147,60,0.8642533936651584,0.294,0.5197278911564626,0.7101449275362319,0.5791266968325792,0.64910790144435,0.5615711252653928,942,442,500
393,335,150,64,0.8599562363238512,0.30927835051546393,0.5398351648351648,0.7009345794392523,0.5846172934196576,0.6632911392405063,0.5764331210191083,942,457,485
374,352,144,72,0.8385650224215246,0.2903225806451613,0.5151515151515151,0.6666666666666666,0.564443801533343,0.6382252559726962,0.5498938428874734,942,446,496
394,330,166,52,0.8834080717488789,0.3346774193548387,0.5441988950276243,0.7614678899082569,0.6090427455518588,0.6735042735042736,0.5944798301486199,942,446,496
408,318,146,70,0.8535564853556485,0.3146551724137931,0.5619834710743802,0.6759259259259259,0.5841058288847208,0.6777408637873754,0.5881104033970276,942,478,464
400,348,143,51,0.8869179600886918,0.29124236252545826,0.5347593582887701,0.7371134020618557,0.5890801613070751,0.6672226855713095,0.5764331210191083,942,451,491
384,342,154,62,0.8609865470852018,0.31048387096774194,0.5289256198347108,0.7129629629629629,0.5857352090264719,0.6552901023890785,0.5711252653927813,942,446,496
385,327,163,67,0.8517699115044248,0.3326530612244898,0.5407303370786517,0.7086956521739131,0.5922114863644573,0.661512027491409,0.5817409766454352,942,452,490
378,349,148,67,0.849438202247191,0.2977867203219316,0.5199449793672627,0.6883720930232559,0.5736124612845613,0.6450511945392491,0.5583864118895966,942,445,497
396,343,150,53,0.8819599109131403,0.30425963488843816,0.5358592692828146,0.7389162561576355,0.5931097729007893,0.6666666666666667,0.5796178343949044,942,449,493
427,316,133,66,0.8661257606490872,0.2962138084632517,0.5746971736204576,0.6683417085427136,0.5811697845561694,0.6909385113268608,0.5944798301486199,942,493,449
409,313,159,61,0.8702127659574468,0.336864406779661,0.5664819944598338,0.7227272727272728,0.6035385863685538,0.6862416107382551,0.6029723991507431,942,470,472
415,309,158,60,0.8736842105263158,0.33832976445396146,0.5732044198895028,0.7247706422018348,0.6060069874901386,0.6922435362802335,0.60828025477707,942,475,467
382,326,164,70,0.8451327433628318,0.3346938775510204,0.53954802259887,0.7008547008547008,0.5899133104569261,0.6586206896551724,0.5796178343949044,942,452,490
415,312,146,69,0.8574380165289256,0.31877729257641924,0.5708390646492435,0.6790697674418604,0.5881076545526724,0.685383980181668,0.5955414012738853,942,484,458
402,313,153,74,0.8445378151260504,0.3283261802575107,0.5622377622377622,0.6740088105726872,0.5864319976917806,0.6750629722921915,0.589171974522293,942,476,466
398,328,147,69,0.8522483940042827,0.3094736842105263,0.5482093663911846,0.6805555555555556,0.5808610391074045,0.6672254819782061,0.578556263269639,942,467,475
409,323,157,53,0.8852813852813853,0.32708333333333334,0.5587431693989071,0.7476190476190476,0.6061823593073593,0.6850921273031826,0.6008492569002123,942,462,480
380,354,142,66,0.852017937219731,0.2862903225806452,0.5177111716621253,0.6826923076923077,0.5691541299001881,0.6440677966101694,0.554140127388535,942,446,496
390,329,147,76,0.8369098712446352,0.3088235294117647,0.5424200278164116,0.6591928251121076,0.5728667003282,0.6582278481012659,0.5700636942675159,942,466,476
423,315,140,64,0.8685831622176592,0.3076923076923077,0.573170731707317,0.6862745098039216,0.5881377349549834,0.6906122448979591,0.5976645435244161,942,487,455
405,350,130,57,0.8766233766233766,0.2708333333333333,0.5364238410596026,0.6951871657754011,0.573728354978355,0.6655710764174199,0.5679405520169851,942,462,480
416,316,150,60,0.8739495798319328,0.3218884120171674,0.5683060109289617,0.7142857142857143,0.5979189959245501,0.6887417218543046,0.6008492569002123,942,476,466
413,302,170,57,0.8787234042553191,0.3601694915254237,0.5776223776223777,0.748898678414097,0.6194464478903714,0.6970464135021097,0.618895966029724,942,470,472
389,319,159,75,0.8383620689655172,0.33263598326359833,0.5494350282485876,0.6794871794871795,0.5854990261145578,0.6638225255972697,0.5817409766454352,942,464,478
393,345,167,37,0.913953488372093,0.326171875,0.532520325203252,0.8186274509803921,0.6200626816860465,0.672945205479452,0.5944798301486199,942,430,512
389,340,152,61,0.8644444444444445,0.3089430894308943,0.53360768175583,0.7136150234741784,0.5866937669376694,0.6598812553011026,0.5743099787685775,942,450,492
405,330,138,69,0.8544303797468354,0.2948717948717949,0.5510204081632653,0.6666666666666666,0.5746510873093151,0.6699751861042182,0.5764331210191083,942,474,468
429,312,152,49,0.897489539748954,0.3275862068965517,0.5789473684210527,0.7562189054726368,0.6125378733227529,0.7038556193601313,0.6167728237791932,942,478,464
392,321,164,65,0.8577680525164114,0.33814432989690724,0.5497896213183731,0.7161572052401747,0.5979561912066593,0.67008547008547,0.5902335456475584,942,457,485
388,326,163,65,0.8565121412803532,0.3333333333333333,0.5434173669467787,0.7149122807017544,0.5949227373068433,0.6649528706083976,0.5849256900212314,942,453,489
408,333,153,48,0.8947368421052632,0.3148148148148148,0.5506072874493927,0.7611940298507462,0.604775828460039,0.681704260651629,0.5955414012738853,942,456,486
391,349,144,58,0.8708240534521158,0.2920892494929006,0.5283783783783784,0.7128712871287128,0.5814566514725081,0.657695542472666,0.5679405520169851,942,449,493
388,355,138,61,0.8641425389755011,0.2799188640973631,0.522207267833109,0.6934673366834171,0.5720307015364321,0.6510067114093959,0.5583864118895966,942,449,493
422,327,131,62,0.871900826446281,0.28602620087336245,0.5634178905206942,0.6787564766839378,0.5789635136598217,0.6845093268450932,0.5870488322717622,942,484,458
418,333,139,52,0.8893617021276595,0.2944915254237288,0.5565912117177098,0.7277486910994765,0.5919266137756942,0.6846846846846847,0.5912951167728238,942,470,472
396,342,146,58,0.8722466960352423,0.29918032786885246,0.5365853658536586,0.7156862745098039,0.5857135119520473,0.6644295302013422,0.5753715498938429,942,454,488
407,324,164,47,0.8964757709251101,0.3360655737704918,0.5567715458276333,0.7772511848341233,0.616270672347801,0.6869198312236288,0.6061571125265393,942,454,488
424,321,139,58,0.8796680497925311,0.30217391304347824,0.5691275167785235,0.7055837563451777,0.5909209814180046,0.691116544417278,0.5976645435244161,942,482,460
368,344,169,61,0.8578088578088578,0.32943469785575047,0.5168539325842697,0.7347826086956522,0.5936217778323042,0.6450482033304119,0.5700636942675159,942,429,513
387,323,165,67,0.8524229074889867,0.33811475409836067,0.5450704225352113,0.7112068965517241,0.5952688307936738,0.6649484536082474,0.5859872611464968,942,454,488
415,320,150,57,0.8792372881355932,0.3191489361702128,0.564625850340136,0.7246376811594203,0.599193112152903,0.6876553438276719,0.5997876857749469,942,472,470
412,321,152,57,0.8784648187633263,0.321353065539112,0.5620736698499318,0.7272727272727273,0.5999089421512191,0.6855241264559069,0.5987261146496815,942,469,473
387,333,145,77,0.834051724137931,0.303347280334728,0.5375,0.6531531531531531,0.5686995022363295,0.6537162162162162,0.564755838641189,942,464,478
379,325,166,72,0.8403547671840355,0.3380855397148676,0.5383522727272727,0.6974789915966386,0.5892201534494516,0.6562770562770562,0.578556263269639,942,451,491
376,362,146,58,0.8663594470046083,0.2874015748031496,0.5094850948509485,0.7156862745098039,0.5768805109038789,0.6416382252559728,0.554140127388535,942,434,508
403,328,152,59,0.8722943722943723,0.31666666666666665,0.5512995896032832,0.7203791469194313,0.5944805194805195,0.6756077116512992,0.589171974522293,942,462,480
424,317,154,47,0.9002123142250531,0.32696390658174096,0.5721997300944669,0.7661691542288557,0.613588110403397,0.6996699669966997,0.613588110403397,942,471,471
406,311,172,53,0.8845315904139434,0.35610766045548653,0.5662482566248257,0.7644444444444445,0.620319625434715,0.6904761904761905,0.613588110403397,942,459,483
430,310,144,58,0.8811475409836066,0.31718061674008813,0.581081081081081,0.7128712871287128,0.5991640788618473,0.7003257328990227,0.6093418259023354,942,488,454
398,335,142,67,0.8559139784946237,0.2976939203354298,0.5429740791268759,0.6794258373205742,0.5768039494150268,0.6644407345575961,0.5732484076433121,942,465,477
406,313,157,66,0.8601694915254238,0.33404255319148934,0.564673157162726,0.7040358744394619,0.5971060223584566,0.6817800167926112,0.5976645435244161,942,472,470
411,318,150,63,0.8670886075949367,0.32051282051282054,0.5637860082304527,0.704225352112676,0.5938007140538786,0.683291770573566,0.5955414012738853,942,474,468
427,314,153,48,0.8989473684210526,0.32762312633832974,0.5762483130904184,0.7611940298507462,0.6132852473796911,0.7023026315789473,0.6157112526539278,942,475,467
412,332,141,57,0.8784648187633263,0.29809725158562367,0.553763440860215,0.7121212121212122,0.5882810351744749,0.6793075020610059,0.5870488322717622,942,469,473
386,315,175,66,0.8539823008849557,0.35714285714285715,0.550641940085592,0.7261410788381742,0.6055625790139064,0.6695576756287944,0.5955414012738853,942,452,490
391,336,148,67,0.8537117903930131,0.30578512396694213,0.5378266850068776,0.6883720930232559,0.5797484571799776,0.659915611814346,0.5721868365180467,942,458,484
410,337,142,53,0.8855291576673866,0.2964509394572025,0.5488621151271754,0.7282051282051282,0.5909900485622945,0.6776859504132232,0.5859872611464968,942,463,479
407,339,133,63,0.8659574468085106,0.2817796610169492,0.5455764075067024,0.6785714285714286,0.57386855391273,0.669407894736842,0.5732484076433121,942,470,472
382,341,150,69,0.8470066518847007,0.3054989816700611,0.5283540802213001,0.684931506849315,0.5762528167773809,0.6507666098807496,0.564755838641189,942,451,491
408,326,156,52,0.8869565217391304,0.3236514522821577,0.555858310626703,0.75,0.605303987010644,0.6834170854271356,0.5987261146496815,942,460,482
409,335,134,64,0.864693446088795,0.2857142857142857,0.5497311827956989,0.6767676767676768,0.5752038659015404,0.6721446179129006,0.5764331210191083,942,473,469
397,340,146,59,0.8706140350877193,0.3004115226337449,0.5386702849389416,0.7121951219512195,0.585512778860732,0.6655490360435876,0.5764331210191083,942,456,486
389,310,172,71,0.8456521739130435,0.35684647302904565,0.5565092989985694,0.7078189300411523,0.6012493234710445,0.6712683347713546,0.5955414012738853,942,460,482
406,328,151,57,0.8768898488120951,0.31524008350730687,0.553133514986376,0.7259615384615384,0.596064966159701,0.6783625730994151,0.5912951167728238,942,463,479
376,347,154,65,0.8526077097505669,0.3073852295409182,0.5200553250345782,0.7031963470319634,0.5799964696457425,0.6460481099656358,0.5626326963906582,942,441,501
399,340,147,56,0.8769230769230769,0.30184804928131415,0.5399188092016238,0.7241379310344828,0.5893855631021956,0.6683417085427136,0.5796178343949044,942,455,487
404,311,175,52,0.8859649122807017,0.360082304526749,0.5650349650349651,0.7709251101321586,0.6230236084037254,0.69000853970965,0.6146496815286624,942,456,486
381,329,166,66,0.8523489932885906,0.33535353535353535,0.5366197183098591,0.7155172413793104,0.5938512643210629,0.6585998271391529,0.5806794055201698,942,447,495
400,329,158,55,0.8791208791208791,0.324435318275154,0.5486968449931413,0.7417840375586855,0.6017780986980166,0.6756756756756757,0.5923566878980892,942,455,487
418,313,145,66,0.8636363636363636,0.3165938864628821,0.5718194254445964,0.6872037914691943,0.5901151250496228,0.6880658436213991,0.5976645435244161,942,484,458
397,327,156,62,0.8649237472766884,0.32298136645962733,0.5483425414364641,0.7155963302752294,0.5939525568681578,0.6711749788672865,0.5870488322717622,942,459,483
429,315,136,62,0.8737270875763747,0.30155210643015523,0.5766129032258065,0.6868686868686869,0.587639597003265,0.6947368421052632,0.5997876857749469,942,491,451
395,326,165,56,0.8758314855875832,0.3360488798370672,0.5478502080443828,0.746606334841629,0.6059401827123252,0.674061433447099,0.5944798301486199,942,451,491
423,325,147,47,0.9,0.3114406779661017,0.5655080213903744,0.7577319587628866,0.6057203389830509,0.6945812807881774,0.6050955414012739,942,470,472
381,320,177,64,0.8561797752808988,0.3561368209255533,0.543509272467903,0.7344398340248963,0.6061582981032261,0.6649214659685865,0.5923566878980892,942,445,497
424,330,136,52,0.8907563025210085,0.2918454935622318,0.5623342175066313,0.723404255319149,0.5913008980416201,0.6894308943089432,0.5944798301486199,942,476,466
403,326,160,53,0.8837719298245614,0.3292181069958848,0.5528120713305898,0.7511737089201878,0.6064950184102231,0.680168776371308,0.5976645435244161,942,456,486
403,320,160,59,0.8722943722943723,0.3333333333333333,0.5573997233748271,0.730593607305936,0.6028138528138528,0.680168776371308,0.5976645435244161,942,462,480
402,339,151,50,0.8893805309734514,0.3081632653061224,0.5425101214574899,0.7512437810945274,0.5987718981397869,0.6739312657166806,0.5870488322717622,942,452,490
399,332,147,64,0.8617710583153347,0.3068893528183716,0.5458276333789329,0.6966824644549763,0.5843302055668531,0.6683417085427135,0.5796178343949044,942,463,479
390,329,165,58,0.8705357142857143,0.3340080971659919,0.5424200278164116,0.7399103139013453,0.6022719057258531,0.6683804627249357,0.589171974522293,942,448,494
418,320,151,53,0.8874734607218684,0.3205944798301486,0.5663956639566395,0.7401960784313726,0.6040339702760085,0.6914805624483042,0.6040339702760085,942,471,471
394,328,155,65,0.8583877995642701,0.32091097308488614,0.5457063711911357,0.7045454545454546,0.5896493863245782,0.6672311600338695,0.5828025477707006,942,459,483
386,362,141,53,0.8792710706150342,0.2803180914512923,0.516042780748663,0.7268041237113402,0.5797945810331633,0.6503791069924179,0.559447983014862,942,439,503
387,333,162,60,0.8657718120805369,0.32727272727272727,0.5375,0.7297297297297297,0.5965222696766321,0.6632390745501285,0.5828025477707006,942,447,495
398,335,157,52,0.8844444444444445,0.31910569105691056,0.5429740791268759,0.7511961722488039,0.6017750677506775,0.672865595942519,0.589171974522293,942,450,492
427,332,128,55,0.8858921161825726,0.2782608695652174,0.5625823451910409,0.6994535519125683,0.582076492873895,0.6881547139403706,0.589171974522293,942,482,460
412,332,139,59,0.8747346072186837,0.2951167728237792,0.553763440860215,0.702020202020202,0.5849256900212314,0.6781893004115226,0.5849256900212314,942,471,471
389,328,167,58,0.8702460850111857,0.3373737373737374,0.5425383542538355,0.7422222222222222,0.6038099111924615,0.668384879725086,0.5902335456475584,942,447,495
407,330,146,59,0.8733905579399142,0.3067226890756303,0.5522388059701493,0.7121951219512195,0.5900566235077722,0.6766417290108063,0.5870488322717622,942,466,476
401,337,158,46,0.8970917225950783,0.3191919191919192,0.5433604336043361,0.7745098039215687,0.6081418208934988,0.6767932489451477,0.5934182590233545,942,447,495
403,318,148,73,0.8466386554621849,0.31759656652360513,0.5589459084604715,0.669683257918552,0.5821176109928949,0.6733500417710945,0.5849256900212314,942,476,466
406,335,142,59,0.8731182795698925,0.2976939203354298,0.5479082321187584,0.7064676616915423,0.5854060999526611,0.6733001658374792,0.5817409766454352,942,465,477
396,335,145,66,0.8571428571428571,0.3020833333333333,0.5417236662106704,0.6872037914691943,0.5796130952380952,0.6638725901089689,0.5743099787685775,942,462,480
389,356,135,62,0.8625277161862528,0.27494908350305497,0.5221476510067115,0.6852791878172588,0.5687383998446539,0.6505016722408028,0.5562632696390658,942,451,491
407,306,164,65,0.8622881355932204,0.34893617021276596,0.5708274894810659,0.7161572052401747,0.6056121529029932,0.6869198312236287,0.6061571125265393,942,472,470
402,341,142,57,0.8758169934640523,0.2939958592132505,0.5410497981157469,0.7135678391959799,0.5849064263386514,0.6688851913477537,0.5774946921443737,942,459,483
385,347,135,75,0.8369565217391305,0.2800829875518672,0.5259562841530054,0.6428571428571429,0.5585197546454989,0.6459731543624162,0.5520169851380042,942,460,482
392,339,151,60,0.8672566371681416,0.3081632653061224,0.5362517099863201,0.7156398104265402,0.587709951237132,0.6627218934911243,0.5764331210191083,942,452,490
394,333,163,52,0.8834080717488789,0.3286290322580645,0.5419532324621733,0.7581395348837209,0.6060185520034718,0.6717817561807331,0.5912951167728238,942,446,496
411,322,144,65,0.8634453781512605,0.3090128755364807,0.5607094133697135,0.6889952153110048,0.5862291268438706,0.6799007444168734,0.589171974522293,942,476,466
405,331,149,57,0.8766233766233766,0.3104166666666667,0.5502717391304348,0.7233009708737864,0.5935200216450216,0.6761268781302171,0.5881104033970276,942,462,480
398,310,156,78,0.8361344537815126,0.33476394849785407,0.5621468926553672,0.6666666666666666,0.5854492011396834,0.6722972972972973,0.5881104033970276,942,476,466
396,310,159,77,0.8372093023255814,0.3390191897654584,0.5609065155807366,0.673728813559322,0.58811424604552,0.6717557251908397,0.589171974522293,942,473,469
421,317,151,53,0.8881856540084389,0.32264957264957267,0.5704607046070461,0.7401960784313726,0.6054176133290058,0.6947194719471947,0.6072186836518046,942,474,468
417,304,160,61,0.8723849372384938,0.3448275862068966,0.5783633841886269,0.7239819004524887,0.6086062617226952,0.6955796497080899,0.6125265392781316,942,478,464
401,325,155,61,0.8679653679653679,0.3229166666666667,0.5523415977961432,0.7175925925925926,0.5954410173160173,0.675084175084175,0.5902335456475584,942,462,480
396,344,151,51,0.8859060402684564,0.30505050505050507,0.5351351351351351,0.7475247524752475,0.5954782726594807,0.6672283066554339,0.5806794055201698,942,447,495
388,321,156,77,0.8344086021505376,0.3270440251572327,0.5472496473906912,0.6695278969957081,0.5807263136538852,0.6609880749574105,0.5774946921443737,942,465,477
396,334,150,62,0.8646288209606987,0.30991735537190085,0.5424657534246575,0.7075471698113207,0.5872730881662998,0.6666666666666666,0.5796178343949044,942,458,484
446,296,153,47,0.9046653144016227,0.34075723830734966,0.601078167115903,0.765,0.6227112763544862,0.7222672064777328,0.6358811040339702,942,493,449
384,321,164,73,0.8402625820568927,0.33814432989690724,0.5446808510638298,0.6919831223628692,0.5892034559768999,0.6609294320137693,0.5817409766454352,942,457,485
400,342,138,62,0.8658008658008658,0.2875,0.5390835579514824,0.69,0.5766504329004329,0.6644518272425248,0.5711252653927813,942,462,480
389,352,150,51,0.884090909090909,0.29880478087649404,0.524966261808367,0.746268656716418,0.5914478449837015,0.6587637595258254,0.5721868365180467,942,440,502
416,300,158,68,0.859504132231405,0.34497816593886466,0.5810055865921788,0.6991150442477876,0.6022411490851348,0.6933333333333334,0.6093418259023354,942,484,458
399,311,165,67,0.8562231759656652,0.34663865546218486,0.5619718309859155,0.7112068965517241,0.601430915713925,0.6785714285714286,0.5987261146496815,942,466,476
400,330,155,57,0.87527352297593,0.31958762886597936,0.547945205479452,0.7311320754716981,0.5974305759209546,0.6739679865206402,0.589171974522293,942,457,485
402,308,168,64,0.8626609442060086,0.35294117647058826,0.5661971830985916,0.7241379310344828,0.6078010603382984,0.6836734693877551,0.6050955414012739,942,466,476
421,322,150,49,0.8957446808510638,0.3177966101694915,0.566621803499327,0.7537688442211056,0.6067706455102777,0.6941467436108821,0.6061571125265393,942,470,472
420,301,153,68,0.860655737704918,0.3370044052863436,0.5825242718446602,0.6923076923076923,0.5988300714956308,0.694789081885856,0.60828025477707,942,488,454
398,353,122,69,0.8522483940042827,0.25684210526315787,0.5299600532623169,0.6387434554973822,0.5545452496337202,0.6535303776683086,0.5520169851380042,942,467,475
412,316,155,59,0.8747346072186837,0.32908704883227174,0.5659340659340659,0.7242990654205608,0.6019108280254777,0.6872393661384487,0.6019108280254777,942,471,471
394,328,157,63,0.862144420131291,0.3237113402061856,0.5457063711911357,0.7136363636363636,0.5929278801687383,0.6683630195080577,0.5849256900212314,942,457,485
416,322,139,65,0.8648648648648649,0.30151843817787416,0.5636856368563685,0.6813725490196079,0.5831916515213695,0.682526661197703,0.589171974522293,942,481,461
393,332,151,66,0.8562091503267973,0.31262939958592134,0.5420689655172414,0.695852534562212,0.5844192749563594,0.6638513513513513,0.5774946921443737,942,459,483
421,311,159,51,0.8919491525423728,0.3382978723404255,0.575136612021858,0.7571428571428571,0.6151235124413992,0.6993355481727574,0.6157112526539278,942,472,470
432,330,137,43,0.9094736842105263,0.29336188436830835,0.5669291338582677,0.7611111111111111,0.6014177842894173,0.6984640258690379,0.6040339702760085,942,475,467
443,310,130,59,0.8824701195219123,0.29545454545454547,0.5883134130146083,0.6878306878306878,0.5889623324882289,0.7059760956175298,0.60828025477707,942,502,440
412,309,160,61,0.8710359408033826,0.3411513859275053,0.5714285714285714,0.7239819004524887,0.606093663365444,0.6901172529313233,0.6072186836518046,942,473,469
408,337,140,57,0.8774193548387097,0.29350104821802936,0.5476510067114094,0.7106598984771574,0.5854602015283695,0.6743801652892563,0.5817409766454352,942,465,477
417,328,137,60,0.8742138364779874,0.2946236559139785,0.5597315436241611,0.6954314720812182,0.584418746195983,0.6824877250409166,0.5881104033970276,942,477,465
383,340,170,49,0.8865740740740741,0.3333333333333333,0.5297372060857538,0.776255707762557,0.6099537037037037,0.6632034632034632,0.5870488322717622,942,432,510
400,326,146,70,0.851063829787234,0.3093220338983051,0.5509641873278237,0.6759259259259259,0.5801929318427695,0.668896321070234,0.5796178343949044,942,470,472
406,325,150,61,0.8693790149892934,0.3157894736842105,0.5554035567715458,0.7109004739336493,0.5925842443367519,0.6777963272120201,0.5902335456475584,942,467,475
407,306,163,66,0.8604651162790697,0.34754797441364604,0.5708274894810659,0.7117903930131004,0.6040065453463579,0.6863406408094435,0.6050955414012739,942,473,469
393,339,151,59,0.8694690265486725,0.3081632653061224,0.5368852459016393,0.719047619047619,0.5888161459273975,0.6638513513513513,0.5774946921443737,942,452,490
413,323,152,54,0.8843683083511777,0.32,0.561141304347826,0.7378640776699029,0.6021841541755889,0.6866167913549459,0.5997876857749469,942,467,475
411,340,150,41,0.9092920353982301,0.30612244897959184,0.5472703062583223,0.7853403141361257,0.6077072421889109,0.6832917705735662,0.5955414012738853,942,452,490
412,331,148,51,0.8898488120950324,0.3089770354906054,0.5545087483176312,0.7437185929648241,0.599412923792819,0.6832504145936983,0.5944798301486199,942,463,479
411,343,143,45,0.9013157894736842,0.294238683127572,0.5450928381962865,0.7606382978723404,0.5977772363006281,0.6793388429752066,0.5881104033970276,942,456,486
417,323,137,65,0.8651452282157677,0.29782608695652174,0.5635135135135135,0.6782178217821783,0.5814856575861447,0.6824877250409166,0.5881104033970276,942,482,460
393,342,136,71,0.8469827586206896,0.28451882845188287,0.5346938775510204,0.6570048309178744,0.5657507935362862,0.6555462885738115,0.5615711252653928,942,464,478
413,315,141,73,0.8497942386831275,0.3092105263157895,0.5673076923076923,0.6588785046728972,0.5795023824994585,0.6803953871499177,0.5881104033970276,942,486,456
410,311,151,70,0.8541666666666666,0.3268398268398268,0.5686546463245492,0.6832579185520362,0.5905032467532467,0.6827643630308076,0.5955414012738853,942,480,462
403,336,144,59,0.8722943722943723,0.3,0.5453315290933695,0.7093596059113301,0.5861471861471862,0.6711074104912573,0.5806794055201698,942,462,480
423,315,158,46,0.9019189765458422,0.33403805496828753,0.573170731707317,0.7745098039215687,0.6179785157570649,0.7009113504556752,0.6167728237791932,942,469,473
412,339,144,47,0.8976034858387799,0.2981366459627329,0.5486018641810919,0.7539267015706806,0.5978700659007564,0.6809917355371902,0.5902335456475584,942,459,483
396,331,166,49,0.8898876404494382,0.33400402414486924,0.5447042640990372,0.772093023255814,0.6119458322971537,0.6757679180887372,0.5966029723991507,942,445,497
393,338,154,57,0.8733333333333333,0.3130081300813008,0.5376196990424077,0.7298578199052133,0.593170731707317,0.6655376799322609,0.5806794055201698,942,450,492
397,328,160,57,0.8744493392070485,0.32786885245901637,0.5475862068965517,0.7373271889400922,0.6011590958330324,0.6734520780322306,0.5912951167728238,942,454,488
412,327,153,50,0.8917748917748918,0.31875,0.557510148849797,0.7536945812807881,0.6052624458874458,0.6860949208992507,0.5997876857749469,942,462,480
411,320,148,63,0.8670886075949367,0.3162393162393162,0.5622435020519836,0.7014218009478673,0.5916639619171264,0.6821576763485477,0.5934182590233545,942,474,468
407,321,157,57,0.8771551724137931,0.3284518828451883,0.5590659340659341,0.7336448598130841,0.6028035276294907,0.6828859060402684,0.5987261146496815,942,464,478
442,297,147,56,0.8875502008032129,0.3310810810810811,0.5981055480378891,0.7241379310344828,0.609315640942147,0.7146321746160066,0.6252653927813163,942,498,444
405,335,151,51,0.8881578947368421,0.31069958847736623,0.5472972972972973,0.7475247524752475,0.5994287416071042,0.677257525083612,0.5902335456475584,942,456,486
404,343,140,55,0.8801742919389978,0.2898550724637681,0.5408299866131191,0.717948717948718,0.585014682201383,0.6699834162520729,0.5774946921443737,942,459,483
405,329,157,51,0.8881578947368421,0.3230452674897119,0.5517711171662125,0.7548076923076923,0.605601581113277,0.6806722689075629,0.5966029723991507,942,456,486
374,358,148,62,0.8577981651376146,0.2924901185770751,0.5109289617486339,0.7047619047619048,0.5751441418573449,0.6404109589041097,0.554140127388535,942,436,506
420,321,141,60,0.875,0.3051948051948052,0.5668016194331984,0.7014925373134329,0.5900974025974026,0.687960687960688,0.5955414012738853,942,480,462
384,335,162,61,0.8629213483146068,0.32595573440643866,0.5340751043115438,0.726457399103139,0.5944385413605227,0.6597938144329898,0.5796178343949044,942,445,497
404,345,146,47,0.8957871396895787,0.2973523421588595,0.5393858477970628,0.7564766839378239,0.5965697409242191,0.6733333333333333,0.583864118895966,942,451,491
407,318,150,67,0.8586497890295358,0.32051282051282054,0.5613793103448276,0.6912442396313364,0.5895813047711782,0.6788990825688074,0.5912951167728238,942,474,468
409,326,144,63,0.8665254237288136,0.30638297872340425,0.5564625850340136,0.6956521739130435,0.5864542012261089,0.6777133388566695,0.5870488322717622,942,472,470
397,341,146,58,0.8725274725274725,0.2997946611909651,0.537940379403794,0.7156862745098039,0.5861610668592188,0.6655490360435876,0.5764331210191083,942,455,487
409,321,163,49,0.8930131004366813,0.3367768595041322,0.5602739726027397,0.7688679245283019,0.6148949799704068,0.6885521885521885,0.6072186836518046,942,458,484
397,328,163,54,0.8802660753880266,0.3319755600814664,0.5475862068965517,0.7511520737327189,0.6061208177347465,0.6751700680272108,0.5944798301486199,942,451,491
391,350,138,63,0.8612334801762115,0.2827868852459016,0.5276653171390013,0.6865671641791045,0.5720101827110565,0.6543933054393306,0.5615711252653928,942,454,488
424,318,139,61,0.8742268041237113,0.3041575492341357,0.5714285714285714,0.695,0.5891921766789235,0.6911165444172779,0.5976645435244161,942,485,457
405,322,169,46,0.8980044345898004,0.34419551934826886,0.5570839064649243,0.786046511627907,0.6210999769690346,0.6876061120543293,0.6093418259023354,942,451,491
417,326,144,55,0.8834745762711864,0.30638297872340425,0.5612382234185733,0.7236180904522613,0.5949287774972953,0.6864197530864198,0.5955414012738853,942,472,470
415,312,156,59,0.8755274261603375,0.3333333333333333,0.5708390646492435,0.7255813953488373,0.6044303797468354,0.6910907577019151,0.6061571125265393,942,474,468
421,322,139,60,0.8752598752598753,0.30151843817787416,0.566621803499327,0.6984924623115578,0.5883891567188747,0.6879084967320261,0.5944798301486199,942,481,461
403,332,139,68,0.8556263269639066,0.2951167728237792,0.5482993197278911,0.6714975845410628,0.5753715498938429,0.6683250414593698,0.5753715498938429,942,471,471
388,325,154,75,0.838012958963283,0.32150313152400833,0.544179523141655,0.6724890829694323,0.5797580452436457,0.6598639455782312,0.5753715498938429,942,463,479
436,295,148,63,0.87374749498998,0.3340857787810384,0.5964432284541724,0.7014218009478673,0.6039166368855091,0.7089430894308943,0.6199575371549894,942,499,443
423,304,158,57,0.88125,0.341991341991342,0.5818431911966988,0.7348837209302326,0.611620670995671,0.7009113504556753,0.6167728237791932,942,480,462
390,323,154,75,0.8387096774193549,0.3228511530398323,0.5469845722300141,0.6724890829694323,0.5807804152295936,0.6621392190152802,0.5774946921443737,942,465,477
388,347,144,63,0.8603104212860311,0.29327902240325865,0.527891156462585,0.6956521739130435,0.5767947218446449,0.654300168634064,0.564755838641189,942,451,491
402,346,136,58,0.8739130434782608,0.2821576763485477,0.5374331550802139,0.7010309278350515,0.5780353599134043,0.6655629139072848,0.5711252653927813,942,460,482
393,325,146,78,0.8343949044585988,0.3099787685774947,0.5473537604456824,0.6517857142857143,0.5721868365180467,0.6610597140454163,0.5721868365180467,942,471,471
391,341,147,63,0.8612334801762115,0.3012295081967213,0.5341530054644809,0.7,0.5812314941864664,0.6593591905564924,0.5711252653927813,942,454,488
399,340,146,57,0.875,0.3004115226337449,0.5399188092016238,0.7192118226600985,0.5877057613168725,0.6677824267782426,0.578556263269639,942,456,486
421,302,151,68,0.8609406952965235,0.3333333333333333,0.5822959889349931,0.6894977168949772,0.5971370143149284,0.6947194719471947,0.6072186836518046,942,489,453
415,312,150,65,0.8645833333333334,0.3246753246753247,0.5708390646492435,0.6976744186046512,0.594629329004329,0.6876553438276719,0.5997876857749469,942,480,462
406,341,140,55,0.8806941431670282,0.2910602910602911,0.5435073627844712,0.717948717948718,0.5858772171136597,0.6721854304635762,0.5796178343949044,942,461,481
392,342,156,52,0.8828828828828829,0.3132530120481928,0.5340599455040872,0.75,0.5980679474655378,0.6655348047538201,0.5817409766454352,942,444,498
442,294,152,54,0.8911290322580645,0.34080717488789236,0.6005434782608695,0.7378640776699029,0.6159681035729785,0.7175324675324675,0.6305732484076433,942,496,446
396,326,148,72,0.8461538461538461,0.31223628691983124,0.5484764542936288,0.6727272727272727,0.5791950665368387,0.6655462184873949,0.5774946921443737,942,468,474
417,324,150,51,0.8910256410256411,0.31645569620253167,0.562753036437247,0.746268656716418,0.6037406686140864,0.6898263027295285,0.6019108280254777,942,468,474
422,323,130,67,0.8629856850715747,0.2869757174392936,0.5664429530201343,0.6598984771573604,0.5749807012554342,0.6839546191247974,0.5859872611464968,942,489,453
396,331,154,61,0.8665207877461707,0.31752577319587627,0.5447042640990372,0.7162790697674418,0.5920232804710235,0.668918918918919,0.583864118895966,942,457,485
395,331,159,57,0.8738938053097345,0.32448979591836735,0.5440771349862259,0.7361111111111112,0.5991918006140509,0.6706281833616299,0.5881104033970276,942,452,490
429,323,133,57,0.8827160493827161,0.2916666666666667,0.5704787234042553,0.7,0.5871913580246914,0.6930533117932148,0.5966029723991507,942,486,456
404,319,164,55,0.8801742919389978,0.33954451345755693,0.5587828492392808,0.7488584474885844,0.6098594026982773,0.6835871404399323,0.6029723991507431,942,459,483
382,348,144,68,0.8488888888888889,0.2926829268292683,0.5232876712328767,0.6792452830188679,0.5707859078590786,0.6474576271186441,0.5583864118895966,942,450,492
428,310,137,67,0.8646464646464647,0.30648769574944074,0.5799457994579946,0.6715686274509803,0.5855670801979527,0.6942416869424168,0.5997876857749469,942,495,447
377,343,164,58,0.8666666666666667,0.3234714003944773,0.5236111111111111,0.7387387387387387,0.595069033530572,0.6528138528138527,0.5743099787685775,942,435,507
413,323,146,60,0.8731501057082452,0.31130063965884863,0.561141304347826,0.7087378640776699,0.5922253726835469,0.6832092638544252,0.5934182590233545,942,473,469
406,329,144,63,0.8656716417910447,0.3044397463002114,0.5523809523809524,0.6956521739130435,0.5850556940456281,0.6744186046511628,0.583864118895966,942,469,473
377,361,130,74,0.835920177383592,0.26476578411405294,0.510840108401084,0.6372549019607843,0.5503429807488225,0.6341463414634145,0.5382165605095541,942,451,491
393,324,158,67,0.8543478260869565,0.3278008298755187,0.5481171548117155,0.7022222222222222,0.5910743279812376,0.6677994902293968,0.5849256900212314,942,460,482
438,313,134,57,0.8848484848484849,0.29977628635346754,0.5832223701731025,0.7015706806282722,0.5923123856009762,0.7030497592295346,0.6072186836518046,942,495,447
392,333,163,54,0.8789237668161435,0.3286290322580645,0.5406896551724137,0.7511520737327189,0.6037763995371039,0.6695132365499572,0.589171974522293,942,446,496
407,348,132,55,0.8809523809523809,0.275,0.5390728476821192,0.7058823529411765,0.5779761904761904,0.6688578471651602,0.5721868365180467,942,462,480
387,343,136,76,0.8358531317494601,0.2839248434237996,0.5301369863013699,0.6415094339622641,0.5598889875866299,0.6487845766974014,0.5552016985138004,942,463,479
391,345,136,70,0.8481561822125814,0.28274428274428276,0.53125,0.6601941747572816,0.5654502324784321,0.6532999164578112,0.559447983014862,942,461,481
416,333,126,67,0.8612836438923396,0.27450980392156865,0.5554072096128171,0.6528497409326425,0.5678967239069541,0.6753246753246753,0.5753715498938429,942,483,459
386,354,144,58,0.8693693693693694,0.2891566265060241,0.5216216216216216,0.7128712871287128,0.5792629979376968,0.652027027027027,0.5626326963906582,942,444,498
406,340,132,64,0.8638297872340426,0.2796610169491525,0.5442359249329759,0.673469387755102,0.5717454020915975,0.667763157894737,0.5711252653927813,942,470,472
399,336,142,65,0.8599137931034483,0.29707112970711297,0.5428571428571428,0.6859903381642513,0.5784924614052807,0.665554628857381,0.5743099787685775,942,464,478
402,333,148,59,0.8720173535791758,0.3076923076923077,0.5469387755102041,0.714975845410628,0.5898548306357417,0.6722408026755854,0.583864118895966,942,461,481
403,341,128,70,0.8520084566596194,0.27292110874200426,0.5416666666666666,0.6464646464646465,0.5624647827008118,0.6622843056696796,0.5636942675159236,942,473,469
419,332,131,60,0.8747390396659708,0.28293736501079914,0.5579227696404794,0.6858638743455497,0.5788382023383849,0.6813008130081301,0.583864118895966,942,479,463
397,332,150,63,0.8630434782608696,0.3112033195020747,0.5445816186556928,0.704225352112676,0.5871233988814721,0.6677880571909168,0.5806794055201698,942,460,482
417,330,137,58,0.8778947368421053,0.29336188436830835,0.5582329317269076,0.7025641025641025,0.5856283106052068,0.6824877250409165,0.5881104033970276,942,475,467
403,323,160,56,0.8779956427015251,0.33126293995859213,0.5550964187327824,0.7407407407407407,0.6046292913300586,0.680168776371308,0.5976645435244161,942,459,483
393,321,171,57,0.8733333333333333,0.3475609756097561,0.5504201680672269,0.75,0.6104471544715446,0.6752577319587629,0.5987261146496815,942,450,492
401,343,137,61,0.8679653679653679,0.28541666666666665,0.5389784946236559,0.6919191919191919,0.5766910173160174,0.6650082918739635,0.5711252653927813,942,462,480
415,326,146,55,0.8829787234042553,0.3093220338983051,0.5600539811066126,0.7263681592039801,0.5961503786512802,0.685383980181668,0.5955414012738853,942,470,472
422,317,147,56,0.8828451882845189,0.3168103448275862,0.571041948579161,0.7241379310344828,0.5998277665560525,0.6935086277732129,0.6040339702760085,942,478,464
410,307,163,62,0.8686440677966102,0.3468085106382979,0.5718270571827058,0.7244444444444444,0.607726289217454,0.6896551724137933,0.60828025477707,942,472,470
422,328,137,55,0.8846960167714885,0.2946236559139785,0.5626666666666666,0.7135416666666666,0.5896598363427334,0.6878565607171965,0.5934182590233545,942,477,465
418,321,147,56,0.8818565400843882,0.3141025641025641,0.5656292286874154,0.7241379310344828,0.5979795520934761,0.6892003297609234,0.5997876857749469,942,474,468
390,337,162,53,0.8803611738148984,0.3246492985971944,0.5364511691884457,0.7534883720930232,0.6025052362060463,0.6666666666666667,0.5859872611464968,942,443,499
430,309,143,60,0.8775510204081632,0.3163716814159292,0.5818673883626523,0.7044334975369458,0.5969613509120462,0.6997558991049634,0.60828025477707,942,490,452
402,315,154,71,0.8498942917547568,0.3283582089552239,0.5606694560669456,0.6844444444444444,0.5891262503549903,0.6756302521008403,0.5902335456475584,942,473,469
393,369,123,57,0.8733333333333333,0.25,0.515748031496063,0.6833333333333333,0.5616666666666666,0.6485148514851484,0.5477707006369427,942,450,492
425,302,150,65,0.8673469387755102,0.33185840707964603,0.5845942228335625,0.6976744186046512,0.5996026729275781,0.6984387838948233,0.6104033970276008,942,490,452
413,322,143,64,0.8658280922431866,0.30752688172043013,0.5619047619047619,0.6908212560386473,0.5866774869818083,0.6815181518151814,0.5902335456475584,942,477,465
387,327,177,51,0.8835616438356164,0.35119047619047616,0.542016806722689,0.7763157894736842,0.6173760600130462,0.671875,0.5987261146496815,942,438,504
410,333,149,50,0.8913043478260869,0.3091286307053942,0.5518169582772544,0.7487437185929648,0.6002164892657406,0.6816292601828761,0.5934182590233545,942,460,482
402,347,138,55,0.8796498905908097,0.2845360824742268,0.5367156208277704,0.7150259067357513,0.5820929865325182,0.6666666666666666,0.5732484076433121,942,457,485
403,321,149,69,0.8538135593220338,0.3170212765957447,0.5566298342541437,0.6834862385321101,0.5854174179588892,0.6739130434782609,0.5859872611464968,942,472,470
416,315,145,66,0.8630705394190872,0.31521739130434784,0.5690834473324213,0.6872037914691943,0.5891439653617175,0.6859027205276175,0.5955414012738853,942,482,460
409,313,155,65,0.8628691983122363,0.3311965811965812,0.5664819944598338,0.7045454545454546,0.5970328897544087,0.6839464882943144,0.5987261146496815,942,474,468
438,319,132,53,0.8920570264765784,0.2926829268292683,0.5785997357992074,0.7135135135135136,0.5923699766529233,0.701923076923077,0.6050955414012739,942,491,451
383,342,143,74,0.838074398249453,0.2948453608247423,0.5282758620689655,0.6589861751152074,0.5664598795370976,0.6480541455160744,0.5583864118895966,942,457,485
426,305,152,59,0.8783505154639175,0.33260393873085337,0.5827633378932968,0.7203791469194313,0.6054772270973854,0.700657894736842,0.613588110403397,942,485,457
386,344,151,61,0.8635346756152126,0.30505050505050507,0.5287671232876713,0.7122641509433962,0.5842925903328589,0.6559048428207307,0.5700636942675159,942,447,495
419,328,129,66,0.8639175257731959,0.28227571115973743,0.5609103078982597,0.6615384615384615,0.5730966184664666,0.6801948051948052,0.5817409766454352,942,485,457
408,341,146,47,0.8967032967032967,0.2997946611909651,0.5447263017356475,0.7564766839378239,0.5982489789471309,0.6777408637873754,0.5881104033970276,942,455,487
384,344,159,55,0.8747152619589977,0.31610337972166996,0.5274725274725275,0.7429906542056075,0.5954093208403338,0.6580976863753214,0.5764331210191083,942,439,503
402,319,164,57,0.8758169934640523,0.33954451345755693,0.5575589459084604,0.7420814479638009,0.6076807534608046,0.6813559322033899,0.6008492569002123,942,459,483
408,320,149,65,0.8625792811839323,0.31769722814498935,0.5604395604395604,0.6962616822429907,0.5901382546644609,0.6794338051623647,0.5912951167728238,942,473,469
392,336,151,63,0.8615384615384616,0.31006160164271046,0.5384615384615384,0.705607476635514,0.585800031590586,0.6627218934911243,0.5764331210191083,942,455,487
397,340,143,62,0.8649237472766884,0.29606625258799174,0.5386702849389416,0.697560975609756,0.5804949999323401,0.6638795986622072,0.5732484076433121,942,459,483
421,329,143,49,0.8957446808510638,0.3029661016949153,0.5613333333333334,0.7447916666666666,0.5993553912729895,0.6901639344262295,0.5987261146496815,942,470,472
404,322,160,56,0.8782608695652174,0.33195020746887965,0.5564738292011019,0.7407407407407407,0.6051055385170485,0.6812816188870152,0.5987261146496815,942,460,482
397,327,145,73,0.8446808510638298,0.3072033898305085,0.5483425414364641,0.6651376146788991,0.5759421204471692,0.6649916247906198,0.5753715498938429,942,470,472
408,327,154,53,0.8850325379609545,0.3201663201663202,0.5551020408163265,0.7439613526570048,0.6025994290636374,0.6822742474916388,0.5966029723991507,942,461,481
402,320,165,55,0.8796498905908097,0.3402061855670103,0.556786703601108,0.75,0.60992803807891,0.6819338422391857,0.6019108280254777,942,457,485
394,337,150,61,0.865934065934066,0.3080082135523614,0.5389876880984952,0.7109004739336493,0.5869711397432137,0.6644182124789207,0.5774946921443737,942,455,487
400,307,164,71,0.8492569002123143,0.3481953290870488,0.5657708628005658,0.6978723404255319,0.5987261146496815,0.6791171477079796,0.5987261146496815,942,471,471
422,303,151,66,0.8647540983606558,0.33259911894273125,0.5820689655172414,0.695852534562212,0.5986766086516935,0.6957955482275351,0.60828025477707,942,488,454
415,318,145,64,0.8663883089770354,0.31317494600431967,0.5661664392905866,0.69377990430622,0.5897816274906775,0.6848184818481847,0.5944798301486199,942,479,463
384,333,167,58,0.8687782805429864,0.334,0.5355648535564853,0.7422222222222222,0.6013891402714933,0.6626402070750645,0.5849256900212314,942,442,500
388,360,140,54,0.8778280542986425,0.28,0.5187165775401069,0.7216494845360825,0.5789140271493213,0.6521008403361345,0.5605095541401274,942,442,500
404,352,123,63,0.8650963597430407,0.25894736842105265,0.5343915343915344,0.6612903225806451,0.5620218640820467,0.660670482420278,0.559447983014862,942,467,475
386,338,162,56,0.8733031674208145,0.324,0.5331491712707183,0.7431192660550459,0.5986515837104073,0.6620926243567752,0.5817409766454352,942,442,500
401,334,143,64,0.8623655913978494,0.29979035639413,0.545578231292517,0.6908212560386473,0.5810779738959897,0.6683333333333333,0.5774946921443737,942,465,477
394,322,165,61,0.865934065934066,0.33880903490759756,0.5502793296089385,0.7300884955752213,0.6023715504208318,0.672929120409906,0.5934182590233545,942,455,487
410,339,145,48,0.8951965065502183,0.29958677685950413,0.5473965287049399,0.7512953367875648,0.5973916417048613,0.6793703396851698,0.589171974522293,942,458,484
409,331,137,65,0.8628691983122363,0.29273504273504275,0.5527027027027027,0.6782178217821783,0.5778021205236396,0.6738056013179572,0.5796178343949044,942,474,468
418,315,156,53,0.8874734607218684,0.33121019108280253,0.5702592087312415,0.7464114832535885,0.6093418259023354,0.6943521594684386,0.6093418259023354,942,471,471
430,322,140,50,0.8958333333333334,0.30303030303030304,0.5718085106382979,0.7368421052631579,0.5994318181818182,0.6980519480519481,0.6050955414012739,942,480,462
426,323,135,58,0.8801652892561983,0.29475982532751094,0.5687583444592791,0.6994818652849741,0.5874625572918546,0.6909975669099757,0.5955414012738853,942,484,458
383,351,142,66,0.8530066815144766,0.2880324543610548,0.5217983651226158,0.6826923076923077,0.5705195679377657,0.6475063398140322,0.5573248407643312,942,449,493
409,306,161,66,0.8610526315789474,0.34475374732334046,0.5720279720279721,0.7092511013215859,0.602903189451144,0.6873949579831934,0.6050955414012739,942,475,467
413,334,140,55,0.8824786324786325,0.29535864978902954,0.5528781793842035,0.717948717948718,0.588918641133831,0.679835390946502,0.5870488322717622,942,468,474
372,377,145,48,0.8857142857142857,0.2777777777777778,0.49666221628838453,0.7512953367875648,0.5817460317460317,0.6364414029084688,0.5488322717622081,942,420,522
391,329,153,69,0.85,0.31742738589211617,0.5430555555555555,0.6891891891891891,0.583713692946058,0.6627118644067796,0.5774946921443737,942,460,482
427,313,129,73,0.854,0.2918552036199095,0.577027027027027,0.6386138613861386,0.5729276018099547,0.6887096774193547,0.5902335456475584,942,500,442
401,322,151,68,0.8550106609808102,0.3192389006342495,0.5546334716459198,0.6894977168949772,0.5871247808075298,0.6728187919463087,0.5859872611464968,942,469,473
366,365,151,60,0.8591549295774648,0.2926356589147287,0.5006839945280438,0.7156398104265402,0.5758952942460968,0.6326707000864306,0.5488322717622081,942,426,516
390,351,148,53,0.8803611738148984,0.2965931863727455,0.5263157894736842,0.736318407960199,0.588477180093822,0.6587837837837838,0.5711252653927813,942,443,499
428,313,147,54,0.8879668049792531,0.31956521739130433,0.5775978407557355,0.7313432835820896,0.6037660111852787,0.6999182338511856,0.6104033970276008,942,482,460
421,333,142,46,0.9014989293361885,0.29894736842105263,0.5583554376657824,0.7553191489361702,0.6002231488786205,0.6895986895986895,0.5976645435244161,942,467,475
411,320,149,62,0.86892177589852,0.31769722814498935,0.5622435020519836,0.7061611374407583,0.5933095020217547,0.6827242524916943,0.5944798301486199,942,473,469
396,312,170,64,0.8608695652173913,0.35269709543568467,0.559322033898305,0.7264957264957265,0.606783330326538,0.6780821917808219,0.6008492569002123,942,460,482
416,320,142,64,0.8666666666666667,0.30735930735930733,0.5652173913043478,0.6893203883495146,0.587012987012987,0.6842105263157895,0.5923566878980892,942,480,462
413,323,152,54,0.8843683083511777,0.32,0.561141304347826,0.7378640776699029,0.6021841541755889,0.6866167913549459,0.5997876857749469,942,467,475
387,341,157,57,0.8716216216216216,0.3152610441767068,0.5315934065934066,0.7336448598130841,0.5934413328991642,0.6604095563139932,0.5774946921443737,942,444,498
414,328,137,63,0.8679245283018868,0.2946236559139785,0.5579514824797843,0.685,0.5812740921079327,0.6792452830188679,0.5849256900212314,942,477,465
408,304,160,70,0.8535564853556485,0.3448275862068966,0.5730337078651685,0.6956521739130435,0.5991920357812726,0.6857142857142856,0.6029723991507431,942,478,464
410,319,156,57,0.8779443254817987,0.32842105263157895,0.5624142661179699,0.7323943661971831,0.6031826890566888,0.68561872909699,0.6008492569002123,942,467,475
418,333,146,45,0.9028077753779697,0.3048016701461378,0.5565912117177098,0.7643979057591623,0.6038047227620538,0.6886326194398682,0.5987261146496815,942,463,479
412,320,141,69,0.8565488565488566,0.30585683297180044,0.5628415300546448,0.6714285714285714,0.5812028447603286,0.6793075020610058,0.5870488322717622,942,481,461
393,315,156,78,0.8343949044585988,0.33121019108280253,0.5550847457627118,0.6666666666666666,0.5828025477707006,0.6666666666666666,0.5828025477707006,942,471,471
392,339,152,59,0.8691796008869179,0.3095723014256619,0.5362517099863201,0.7203791469194313,0.5893759511562899,0.6632825719120136,0.5774946921443737,942,451,491
412,317,156,57,0.8784648187633263,0.3298097251585624,0.5651577503429356,0.7323943661971831,0.6041372719609444,0.6878130217028382,0.6029723991507431,942,469,473
418,317,153,54,0.885593220338983,0.32553191489361705,0.5687074829931973,0.7391304347826086,0.6055625676163,0.6926263463131731,0.6061571125265393,942,472,470
429,331,134,48,0.89937106918239,0.28817204301075267,0.5644736842105263,0.7362637362637363,0.5937715560965713,0.6936135812449473,0.5976645435244161,942,477,465
402,334,154,52,0.8854625550660793,0.3155737704918033,0.5461956521739131,0.7475728155339806,0.6005181627789413,0.6756302521008404,0.5902335456475584,942,454,488
425,303,160,54,0.8872651356993737,0.34557235421166305,0.5837912087912088,0.7476635514018691,0.6164187449555184,0.704225352112676,0.6210191082802548,942,479,463
411,306,163,62,0.86892177589852,0.34754797441364604,0.5732217573221757,0.7244444444444444,0.6082348751560831,0.6907563025210084,0.6093418259023354,942,473,469
396,309,170,67,0.8552915766738661,0.35490605427974947,0.5617021276595745,0.7172995780590717,0.6050988154768078,0.678082191780822,0.6008492569002123,942,463,479
420,325,136,61,0.8731808731808732,0.2950108459869848,0.5637583892617449,0.6903553299492385,0.584095859583929,0.6851549755301796,0.5902335456475584,942,481,461
386,343,141,72,0.8427947598253275,0.29132231404958675,0.5294924554183813,0.6619718309859155,0.5670585369374571,0.6503791069924179,0.559447983014862,942,458,484
424,315,146,57,0.8814968814968815,0.31670281995661603,0.5737483085250338,0.7192118226600985,0.5990998507267488,0.6950819672131149,0.6050955414012739,942,481,461
419,330,130,63,0.8692946058091287,0.2826086956521739,0.5594125500667557,0.6735751295336787,0.5759516507306512,0.6807473598700243,0.5828025477707006,942,482,460
374,343,162,63,0.8558352402745996,0.3207920792079208,0.5216178521617852,0.72,0.5883136597412602,0.6481802426343154,0.5690021231422505,942,437,505
425,324,136,57,0.8817427385892116,0.2956521739130435,0.5674232309746329,0.7046632124352331,0.5886974562511276,0.6904955320877335,0.5955414012738853,942,482,460
395,346,149,52,0.883668903803132,0.301010101010101,0.5330634278002699,0.7412935323383084,0.5923395024066165,0.664983164983165,0.5774946921443737,942,447,495
403,319,162,58,0.8741865509761388,0.3367983367983368,0.5581717451523546,0.7363636363636363,0.6054924438872378,0.6813186813186812,0.5997876857749469,942,461,481
389,349,130,74,0.8401727861771058,0.27139874739039666,0.5271002710027101,0.6372549019607843,0.5557857667837512,0.6477935054121565,0.5509554140127388,942,463,479
413,309,153,67,0.8604166666666667,0.33116883116883117,0.5720221606648199,0.6954545454545454,0.5957927489177489,0.6871880199667221,0.6008492569002123,942,480,462
409,339,142,52,0.8872017353579176,0.29521829521829523,0.5467914438502673,0.7319587628865979,0.5912100152881063,0.6765922249793218,0.5849256900212314,942,461,481
424,317,142,59,0.8778467908902692,0.3093681917211329,0.5721997300944669,0.7064676616915423,0.593607491305701,0.6928104575163399,0.6008492569002123,942,483,459
396,344,138,64,0.8608695652173913,0.2863070539419087,0.5351351351351351,0.6831683168316832,0.57358830957965,0.66,0.5668789808917197,942,460,482
408,319,144,71,0.8517745302713987,0.31101511879049676,0.5612104539202201,0.6697674418604651,0.5813948245309477,0.6766169154228856,0.5859872611464968,942,479,463
413,347,122,60,0.8731501057082452,0.2601279317697228,0.5434210526315789,0.6703296703296703,0.566639018738984,0.6699107866991079,0.5679405520169851,942,473,469
407,326,153,56,0.8790496760259179,0.31941544885177453,0.5552523874488404,0.7320574162679426,0.5992325624388462,0.6806020066889632,0.5944798301486199,942,463,479
414,323,152,53,0.8865096359743041,0.32,0.5617367706919946,0.7414634146341463,0.6032548179871521,0.6877076411960134,0.6008492569002123,942,467,475
412,320,155,55,0.8822269807280514,0.3263157894736842,0.5628415300546448,0.7380952380952381,0.6042713851008679,0.6872393661384487,0.6019108280254777,942,467,475
402,333,140,67,0.8571428571428571,0.2959830866807611,0.5469387755102041,0.6763285024154589,0.576562971911809,0.6677740863787376,0.5753715498938429,942,469,473
412,323,141,66,0.8619246861924686,0.30387931034482757,0.5605442176870749,0.6811594202898551,0.5829019982686481,0.6793075020610059,0.5870488322717622,942,478,464
413,327,141,61,0.8713080168776371,0.30128205128205127,0.5581081081081081,0.698019801980198,0.5862950340798442,0.6803953871499177,0.5881104033970276,942,474,468
410,338,147,47,0.8971553610503282,0.3030927835051546,0.5481283422459893,0.7577319587628866,0.6001240722777414,0.6804979253112032,0.5912951167728238,942,457,485
411,333,144,54,0.8838709677419355,0.3018867924528302,0.5524193548387096,0.7272727272727273,0.5928788800973829,0.6799007444168734,0.589171974522293,942,465,477
426,329,128,59,0.8783505154639175,0.2800875273522976,0.5642384105960265,0.6844919786096256,0.5792190214081075,0.6870967741935484,0.5881104033970276,942,485,457
405,321,161,55,0.8804347826086957,0.33402489626556015,0.5578512396694215,0.7453703703703703,0.6072298394371279,0.6829679595278246,0.6008492569002123,942,460,482
409,309,178,46,0.8989010989010989,0.3655030800821355,0.5696378830083565,0.7946428571428571,0.6322020894916172,0.6973572037510656,0.6231422505307855,942,455,487
414,331,144,53,0.8865096359743041,0.3031578947368421,0.5557046979865772,0.7309644670050761,0.5948337653555731,0.6831683168316831,0.5923566878980892,942,467,475
412,307,163,60,0.8728813559322034,0.3468085106382979,0.5730180806675939,0.7309417040358744,0.6098449332852507,0.691855583543241,0.6104033970276008,942,472,470
409,311,154,68,0.8574423480083857,0.3311827956989247,0.5680555555555555,0.6936936936936937,0.5943125718536553,0.683375104427736,0.5976645435244161,942,477,465
382,352,155,53,0.8781609195402299,0.3057199211045365,0.5204359673024523,0.7451923076923077,0.5919404203223833,0.6535500427715997,0.5700636942675159,942,435,507
416,299,156,71,0.8542094455852156,0.34285714285714286,0.5818181818181818,0.6872246696035242,0.5985332942211792,0.692179700499168,0.6072186836518046,942,487,455
391,341,146,64,0.8593406593406593,0.2997946611909651,0.5341530054644809,0.6952380952380952,0.5795676602658122,0.6588037068239259,0.5700636942675159,942,455,487
375,341,155,71,0.8408071748878924,0.3125,0.5237430167597765,0.6858407079646017,0.5766535874439462,0.6454388984509467,0.5626326963906582,942,446,496
386,336,166,54,0.8772727272727273,0.33067729083665337,0.5346260387811634,0.7545454545454545,0.6039750090546904,0.6643717728055077,0.5859872611464968,942,440,502
416,314,166,46,0.9004329004329005,0.3458333333333333,0.5698630136986301,0.7830188679245284,0.6231331168831169,0.6979865771812082,0.6178343949044586,942,462,480
411,322,144,65,0.8634453781512605,0.3090128755364807,0.5607094133697135,0.6889952153110048,0.5862291268438706,0.6799007444168734,0.589171974522293,942,476,466
407,325,142,68,0.8568421052631578,0.30406852248394006,0.5560109289617486,0.6761904761904762,0.580455313873549,0.6743993371996685,0.5828025477707006,942,475,467
374,324,177,67,0.8480725623582767,0.3532934131736527,0.5358166189111748,0.7254098360655737,0.6006829877659647,0.6567164179104479,0.5849256900212314,942,441,501
410,328,153,51,0.8893709327548807,0.3180873180873181,0.5555555555555556,0.75,0.6037291254210994,0.6839032527105922,0.5976645435244161,942,461,481
412,349,132,49,0.8937093275488069,0.27442827442827444,0.5413929040735874,0.7292817679558011,0.5840688009885406,0.6743044189852702,0.5774946921443737,942,461,481
432,313,144,53,0.8907216494845361,0.3150984682713348,0.5798657718120805,0.7309644670050761,0.6029100588779355,0.7024390243902439,0.6114649681528662,942,485,457
395,321,149,77,0.836864406779661,0.3170212765957447,0.5516759776536313,0.6592920353982301,0.5769428416877028,0.664983164983165,0.5774946921443737,942,472,470
400,312,173,57,0.87527352297593,0.35670103092783506,0.5617977528089888,0.7521739130434782,0.6159872769518825,0.6843455945252352,0.60828025477707,942,457,485
400,334,155,53,0.8830022075055187,0.3169734151329243,0.5449591280653951,0.7451923076923077,0.5999878113192215,0.6739679865206403,0.589171974522293,942,453,489
410,331,143,58,0.8760683760683761,0.30168776371308015,0.553306342780027,0.7114427860696517,0.5888780698907281,0.6782464846980976,0.5870488322717622,942,468,474
432,315,147,48,0.9,0.3181818181818182,0.5783132530120482,0.7538461538461538,0.6090909090909091,0.7041564792176038,0.6146496815286624,942,480,462
417,305,158,62,0.8705636743215032,0.3412526997840173,0.5775623268698061,0.7181818181818181,0.6059081870527603,0.6944213155703581,0.6104033970276008,942,479,463
426,304,165,47,0.9006342494714588,0.35181236673773986,0.5835616438356165,0.7783018867924528,0.6262233081045994,0.7082294264339153,0.6273885350318471,942,473,469
414,333,139,56,0.8808510638297873,0.2944915254237288,0.5542168674698795,0.7128205128205128,0.587671294626758,0.6803615447822515,0.5870488322717622,942,470,472
419,320,148,55,0.8839662447257384,0.3162393162393162,0.5669824086603519,0.729064039408867,0.6001027804825273,0.6908491343775763,0.6019108280254777,942,474,468
421,318,152,51,0.8919491525423728,0.32340425531914896,0.5696887686062246,0.7487684729064039,0.6076767039307609,0.6952931461601982,0.60828025477707,942,472,470
399,316,165,62,0.8655097613882863,0.34303534303534305,0.558041958041958,0.7268722466960352,0.6042725522118146,0.6785714285714286,0.5987261146496815,942,461,481
419,333,139,51,0.8914893617021277,0.2944915254237288,0.5571808510638298,0.7315789473684211,0.5929904435629283,0.6857610474631751,0.5923566878980892,942,470,472
393,307,168,74,0.841541755888651,0.35368421052631577,0.5614285714285714,0.6942148760330579,0.5976129832074834,0.6735218508997428,0.5955414012738853,942,467,475
391,363,127,61,0.8650442477876106,0.25918367346938775,0.5185676392572944,0.675531914893617,0.5621139606284992,0.6484245439469319,0.5498938428874734,942,452,490
405,332,146,59,0.8728448275862069,0.3054393305439331,0.5495251017639078,0.7121951219512195,0.58914207906507,0.6744379683597003,0.5849256900212314,942,464,478
366,343,159,74,0.8318181818181818,0.31673306772908366,0.5162200282087447,0.6824034334763949,0.5742756247736327,0.6370757180156659,0.5573248407643312,942,440,502
423,304,157,58,0.8794178794178794,0.3405639913232104,0.5818431911966988,0.7302325581395349,0.6099909353705449,0.7003311258278146,0.6157112526539278,942,481,461
389,357,143,53,0.8800904977375565,0.286,0.5214477211796247,0.7295918367346939,0.5830452488687783,0.654882154882155,0.564755838641189,942,442,500
390,360,137,55,0.8764044943820225,0.27565392354124746,0.52,0.7135416666666666,0.576029208961635,0.6527196652719667,0.559447983014862,942,445,497
417,336,137,52,0.8891257995735607,0.28964059196617337,0.5537848605577689,0.7248677248677249,0.5893831957698671,0.6824877250409166,0.5881104033970276,942,469,473
413,329,154,46,0.8997821350762527,0.3188405797101449,0.5566037735849056,0.77,0.6093113573931987,0.687760199833472,0.6019108280254777,942,459,483
399,331,142,70,0.8507462686567164,0.30021141649048627,0.5465753424657535,0.6698113207547169,0.5754788425736014,0.6655546288573813,0.5743099787685775,942,469,473
405,336,145,56,0.8785249457700651,0.30145530145530147,0.5465587044534413,0.7213930348258707,0.5899901236126833,0.6738768718801997,0.583864118895966,942,461,481
404,327,151,60,0.8706896551724138,0.3158995815899582,0.5526675786593708,0.7156398104265402,0.593294618381186,0.6761506276150627,0.589171974522293,942,464,478
386,349,143,64,0.8577777777777778,0.29065040650406504,0.5251700680272109,0.6908212560386473,0.5742140921409213,0.6514767932489451,0.5615711252653928,942,450,492
396,338,143,65,0.8590021691973969,0.2972972972972973,0.5395095367847411,0.6875,0.5781497332473471,0.6627615062761506,0.5721868365180467,942,461,481
400,327,159,56,0.8771929824561403,0.3271604938271605,0.5502063273727648,0.7395348837209302,0.6021767381416504,0.6762468300929839,0.5934182590233545,942,456,486
411,324,162,45,0.9013157894736842,0.3333333333333333,0.5591836734693878,0.782608695652174,0.6173245614035088,0.6901763224181361,0.60828025477707,942,456,486
391,352,141,58,0.8708240534521158,0.28600405679513186,0.5262449528936743,0.7085427135678392,0.5784140551236239,0.6560402684563759,0.564755838641189,942,449,493
410,321,153,58,0.8760683760683761,0.3227848101265823,0.560875512995896,0.7251184834123223,0.5994265930974791,0.6839032527105922,0.5976645435244161,942,468,474
406,342,140,54,0.8826086956521739,0.29045643153526973,0.5427807486631016,0.7216494845360825,0.5865325635937219,0.6721854304635762,0.5796178343949044,942,460,482
407,303,150,82,0.8323108384458078,0.33112582781456956,0.5732394366197183,0.646551724137931,0.5817183331301887,0.6788990825688073,0.5912951167728238,942,489,453
397,325,154,66,0.857451403887689,0.32150313152400833,0.5498614958448753,0.7,0.5894772677058486,0.670042194092827,0.5849256900212314,942,463,479
382,354,150,56,0.8721461187214612,0.2976190476190476,0.5190217391304348,0.7281553398058253,0.5848825831702544,0.6507666098807496,0.564755838641189,942,438,504
395,331,149,67,0.854978354978355,0.3104166666666667,0.5440771349862259,0.6898148148148148,0.5826975108225108,0.664983164983165,0.5774946921443737,942,462,480
373,354,149,66,0.8496583143507973,0.2962226640159046,0.5130674002751031,0.6930232558139535,0.5729404891833509,0.6397941680960548,0.554140127388535,942,439,503
403,334,127,78,0.8378378378378378,0.2754880694143167,0.5468113975576662,0.6195121951219512,0.5566629536260772,0.6617405582922824,0.5626326963906582,942,481,461
408,335,135,64,0.864406779661017,0.2872340425531915,0.5491251682368775,0.678391959798995,0.5758204111071042,0.671604938271605,0.5764331210191083,942,472,470
412,325,149,56,0.8803418803418803,0.3143459915611814,0.5590230664857531,0.7268292682926829,0.5973439359515309,0.683817427385892,0.5955414012738853,942,468,474
395,313,170,64,0.8605664488017429,0.35196687370600416,0.557909604519774,0.7264957264957265,0.6062666612538735,0.676949443016281,0.5997876857749469,942,459,483
408,321,154,59,0.8736616702355461,0.32421052631578945,0.5596707818930041,0.7230046948356808,0.5989360982756677,0.6822742474916388,0.5966029723991507,942,467,475
411,311,153,67,0.8598326359832636,0.3297413793103448,0.5692520775623269,0.6954545454545454,0.5947870076468043,0.6849999999999999,0.5987261146496815,942,478,464
399,338,137,68,0.854389721627409,0.28842105263157897,0.5413839891451832,0.6682926829268293,0.571405387129494,0.6627906976744187,0.5690021231422505,942,467,475
408,330,155,49,0.8927789934354485,0.31958762886597936,0.5528455284552846,0.7598039215686274,0.606183311150714,0.6828451882845188,0.5976645435244161,942,457,485
388,326,158,70,0.8471615720524017,0.32644628099173556,0.5434173669467787,0.6929824561403509,0.5868039265220686,0.6621160409556315,0.5796178343949044,942,458,484
419,336,136,51,0.8914893617021277,0.288135593220339,0.5549668874172186,0.7272727272727273,0.5898124774612333,0.6840816326530612,0.589171974522293,942,470,472
405,327,156,54,0.8823529411764706,0.32298136645962733,0.5532786885245902,0.7428571428571429,0.6026671538180489,0.6801007556675063,0.5955414012738853,942,459,483
399,341,140,62,0.8655097613882863,0.2910602910602911,0.5391891891891892,0.693069306930693,0.5782850262242887,0.6644462947543713,0.5721868365180467,942,461,481
421,309,161,51,0.8919491525423728,0.3425531914893617,0.5767123287671233,0.7594339622641509,0.6172511720158673,0.7004991680532445,0.6178343949044586,942,472,470
416,323,143,60,0.8739495798319328,0.30686695278969955,0.5629228687415426,0.7044334975369458,0.5904082663108161,0.6847736625514403,0.5934182590233545,942,476,466
404,333,146,59,0.8725701943844493,0.3048016701461378,0.5481682496607869,0.7121951219512195,0.5886859322652935,0.6733333333333333,0.583864118895966,942,463,479
407,325,146,64,0.8641188959660298,0.3099787685774947,0.5560109289617486,0.6952380952380952,0.5870488322717622,0.6766417290108063,0.5870488322717622,942,471,471
410,333,140,59,0.8742004264392325,0.2959830866807611,0.5518169582772544,0.7035175879396985,0.5850917565599968,0.6765676567656765,0.583864118895966,942,469,473
409,331,145,57,0.8776824034334764,0.30462184873949577,0.5527027027027027,0.7178217821782178,0.591152126086486,0.6782752902155886,0.5881104033970276,942,466,476
414,321,138,69,0.8571428571428571,0.3006535947712418,0.563265306122449,0.6666666666666666,0.5788982259570494,0.6798029556650246,0.5859872611464968,942,483,459
408,335,150,49,0.8927789934354485,0.30927835051546393,0.5491251682368775,0.7537688442211056,0.6010286719754563,0.68,0.5923566878980892,942,457,485
426,291,167,58,0.8801652892561983,0.3646288209606987,0.5941422594142259,0.7422222222222222,0.6223970551084486,0.7094088259783514,0.6295116772823779,942,484,458
423,313,131,75,0.8493975903614458,0.29504504504504503,0.5747282608695652,0.6359223300970874,0.5722213177032454,0.6855753646677472,0.5881104033970276,942,498,444
420,318,135,69,0.8588957055214724,0.2980132450331126,0.5691056910569106,0.6617647058823529,0.5784544752772925,0.6845965770171148,0.589171974522293,942,489,453
403,311,161,67,0.8574468085106383,0.3411016949152542,0.5644257703081232,0.706140350877193,0.5992742517129462,0.6807432432432433,0.5987261146496815,942,470,472
389,336,154,63,0.8606194690265486,0.3142857142857143,0.5365517241379311,0.7096774193548387,0.5874525916561315,0.6610025488530161,0.5764331210191083,942,452,490
406,328,148,60,0.871244635193133,0.31092436974789917,0.553133514986376,0.7115384615384616,0.591084502470516,0.6766666666666666,0.5881104033970276,942,466,476
445,303,137,57,0.8864541832669323,0.31136363636363634,0.5949197860962567,0.7061855670103093,0.5989089098152843,0.712,0.6178343949044586,942,502,440
415,319,141,67,0.8609958506224067,0.3065217391304348,0.5653950953678474,0.6778846153846154,0.5837587948764207,0.6825657894736841,0.5902335456475584,942,482,460
396,324,150,72,0.8461538461538461,0.31645569620253167,0.55,0.6756756756756757,0.5813047711781889,0.6666666666666667,0.5796178343949044,942,468,474
403,339,146,54,0.8818380743982495,0.30103092783505153,0.5431266846361186,0.73,0.5914345011166505,0.6722268557130943,0.5828025477707006,942,457,485
399,327,150,66,0.8580645161290322,0.31446540880503143,0.5495867768595041,0.6944444444444444,0.5862649624670319,0.6700251889168766,0.5828025477707006,942,465,477
421,327,130,64,0.8680412371134021,0.2844638949671772,0.5628342245989305,0.6701030927835051,0.5762525660402896,0.6828872668288726,0.5849256900212314,942,485,457
416,314,152,60,0.8739495798319328,0.3261802575107296,0.5698630136986301,0.7169811320754716,0.6000649186713312,0.6898839137645109,0.6029723991507431,942,476,466
419,314,165,44,0.9049676025917927,0.3444676409185804,0.5716234652114598,0.7894736842105263,0.6247176217551865,0.7006688963210703,0.6199575371549894,942,463,479
393,324,173,52,0.8831460674157303,0.34808853118712274,0.5481171548117155,0.7688888888888888,0.6156172993014265,0.6764199655765922,0.6008492569002123,942,445,497
391,351,149,51,0.8846153846153846,0.298,0.5269541778975741,0.745,0.5913076923076923,0.660472972972973,0.5732484076433121,942,442,500
398,326,157,61,0.8671023965141612,0.3250517598343685,0.5497237569060773,0.7201834862385321,0.5960770781742648,0.6728655959425189,0.589171974522293,942,459,483
393,320,165,64,0.8599562363238512,0.3402061855670103,0.5511921458625526,0.7205240174672489,0.6000812109454308,0.6717948717948719,0.5923566878980892,942,457,485
409,307,158,68,0.8574423480083857,0.33978494623655914,0.5712290502793296,0.6991150442477876,0.5986136471224724,0.6856663872590109,0.6019108280254777,942,477,465
435,309,139,59,0.8805668016194332,0.31026785714285715,0.5846774193548387,0.702020202020202,0.5954173293811452,0.7027463651050081,0.6093418259023354,942,494,448
424,307,167,44,0.905982905982906,0.35232067510548526,0.5800273597811217,0.7914691943127962,0.6291517905441957,0.7072560467055881,0.6273885350318471,942,468,474
392,330,157,63,0.8615384615384616,0.32238193018480493,0.5429362880886427,0.7136363636363636,0.5919601958616333,0.6661002548853016,0.5828025477707006,942,455,487
397,328,157,60,0.8687089715536105,0.3237113402061856,0.5475862068965517,0.7235023041474654,0.596210155879898,0.6717428087986463,0.5881104033970276,942,457,485
405,339,135,63,0.8653846153846154,0.2848101265822785,0.5443548387096774,0.6818181818181818,0.5750973709834469,0.6683168316831682,0.5732484076433121,942,468,474
390,349,152,51,0.8843537414965986,0.3033932135728543,0.5277401894451962,0.7487684729064039,0.5938734775347265,0.6610169491525423,0.5753715498938429,942,441,501
397,336,161,48,0.8921348314606742,0.323943661971831,0.5416098226466576,0.7703349282296651,0.6080392467162525,0.6740237691001698,0.5923566878980892,942,445,497
406,335,132,69,0.8547368421052631,0.2826552462526767,0.5479082321187584,0.6567164179104478,0.5686960441789699,0.6677631578947368,0.5711252653927813,942,475,467
378,326,163,75,0.8344370860927153,0.3333333333333333,0.5369318181818182,0.6848739495798319,0.5838852097130243,0.6534140017286085,0.5743099787685775,942,453,489
432,324,129,57,0.8834355828220859,0.2847682119205298,0.5714285714285714,0.6935483870967742,0.5841018973713079,0.6939759036144578,0.5955414012738853,942,489,453
441,292,154,55,0.8891129032258065,0.3452914798206278,0.6016371077762619,0.7368421052631579,0.6172021915232171,0.7176566314076485,0.6316348195329087,942,496,446
392,340,142,68,0.8521739130434782,0.2946058091286307,0.5355191256830601,0.6761904761904762,0.5733898610860545,0.6577181208053691,0.5668789808917197,942,460,482
405,321,156,60,0.8709677419354839,0.3270440251572327,0.5578512396694215,0.7222222222222222,0.5990058835463583,0.6801007556675063,0.5955414012738853,942,465,477
395,363,142,42,0.9038901601830663,0.2811881188118812,0.521108179419525,0.7717391304347826,0.5925391394974737,0.6610878661087866,0.5700636942675159,942,437,505
391,334,151,66,0.8555798687089715,0.311340206185567,0.5393103448275862,0.695852534562212,0.5834600374472693,0.661590524534687,0.5753715498938429,942,457,485
442,299,139,62,0.876984126984127,0.317351598173516,0.5964912280701754,0.6915422885572139,0.5971678625788215,0.7100401606425701,0.6167728237791932,942,504,438
415,328,137,62,0.870020964360587,0.2946236559139785,0.5585464333781965,0.6884422110552764,0.5823223101372828,0.6803278688524591,0.5859872611464968,942,477,465
410,318,146,68,0.8577405857740585,0.3146551724137931,0.5631868131868132,0.6822429906542056,0.5861978790939258,0.6799336650082919,0.5902335456475584,942,478,464
409,349,133,51,0.8891304347826087,0.27593360995850624,0.5395778364116095,0.7228260869565217,0.5825320223705575,0.671592775041051,0.5753715498938429,942,460,482
390,311,178,63,0.8609271523178808,0.36400817995910023,0.5563480741797432,0.7385892116182573,0.6124676661384905,0.6759098786828424,0.6029723991507431,942,453,489
388,352,144,58,0.8699551569506726,0.2903225806451613,0.5243243243243243,0.7128712871287128,0.580138868797917,0.6543001686340641,0.564755838641189,942,446,496
408,316,147,71,0.8517745302713987,0.3174946004319654,0.56353591160221,0.6743119266055045,0.584634565351682,0.6783042394014962,0.589171974522293,942,479,463
422,308,154,58,0.8791666666666667,0.3333333333333333,0.5780821917808219,0.7264150943396226,0.60625,0.6975206611570248,0.6114649681528662,942,480,462
409,344,130,59,0.8739316239316239,0.2742616033755274,0.5431606905710491,0.6878306878306878,0.5740966136535757,0.6699426699426699,0.5721868365180467,942,468,474
414,320,157,51,0.8903225806451613,0.32914046121593293,0.5640326975476839,0.7548076923076923,0.6097315209305472,0.6905754795663052,0.6061571125265393,942,465,477
400,312,172,58,0.8733624454148472,0.35537190082644626,0.5617977528089888,0.7478260869565218,0.6143671731206467,0.6837606837606838,0.6072186836518046,942,458,484
419,326,149,48,0.8972162740899358,0.3136842105263158,0.5624161073825503,0.7563451776649747,0.6054502423081258,0.6914191419141914,0.6029723991507431,942,467,475
409,333,136,64,0.864693446088795,0.2899786780383795,0.5512129380053908,0.68,0.5773360620635872,0.6732510288065844,0.578556263269639,942,473,469
415,329,146,52,0.8886509635974305,0.30736842105263157,0.5577956989247311,0.7373737373737373,0.598009692325031,0.6853839801816681,0.5955414012738853,942,467,475
399,331,147,65,0.8599137931034483,0.3075313807531381,0.5465753424657535,0.6933962264150944,0.5837225869282932,0.6683417085427136,0.5796178343949044,942,464,478
410,347,134,51,0.8893709327548807,0.2785862785862786,0.5416116248348745,0.7243243243243244,0.5839786056705796,0.6732348111658457,0.5774946921443737,942,461,481
413,331,136,62,0.8694736842105263,0.291220556745182,0.5551075268817204,0.6868686868686869,0.5803471204778541,0.6776045939294503,0.5828025477707006,942,475,467
404,331,145,62,0.8669527896995708,0.30462184873949577,0.5496598639455782,0.7004830917874396,0.5857873192195333,0.6727726894254789,0.5828025477707006,942,466,476
407,340,138,57,0.8771551724137931,0.28870292887029286,0.5448460508701473,0.7076923076923077,0.582929050642043,0.6721717588769611,0.578556263269639,942,464,478
400,343,142,57,0.87527352297593,0.2927835051546392,0.5383580080753702,0.7135678391959799,0.5840285140652846,0.6666666666666666,0.5753715498938429,942,457,485
440,331,125,46,0.9053497942386831,0.2741228070175439,0.5706874189364461,0.7309941520467836,0.5897363006281136,0.7000795544948288,0.5997876857749469,942,486,456
404,322,151,65,0.8614072494669509,0.3192389006342495,0.5564738292011019,0.6990740740740741,0.5903230750506002,0.6761506276150626,0.589171974522293,942,469,473
404,329,145,64,0.8632478632478633,0.3059071729957806,0.5511596180081856,0.69377990430622,0.5845775181218219,0.6727726894254787,0.5828025477707006,942,468,474
421,311,165,45,0.9034334763948498,0.34663865546218486,0.575136612021858,0.7857142857142857,0.6250360659285173,0.7028380634390652,0.6220806794055201,942,466,476
414,313,148,67,0.8607068607068608,0.3210412147505423,0.5694635488308115,0.6883720930232559,0.5908740377287015,0.685430463576159,0.5966029723991507,942,481,461
412,322,139,69,0.8565488565488566,0.30151843817787416,0.5613079019073569,0.6682692307692307,0.5790336473633654,0.6781893004115227,0.5849256900212314,942,481,461
387,323,164,68,0.8505494505494505,0.33675564681724846,0.5450704225352113,0.7068965517241379,0.5936525486833495,0.6643776824034335,0.5849256900212314,942,455,487
391,345,132,74,0.8408602150537634,0.27672955974842767,0.53125,0.6407766990291263,0.5587948874010955,0.6511240632805995,0.5552016985138004,942,465,477
415,312,137,78,0.8417849898580122,0.3051224944320713,0.5708390646492435,0.6372093023255814,0.5734537421450417,0.680327868852459,0.5859872611464968,942,493,449
409,321,144,68,0.8574423480083857,0.3096774193548387,0.5602739726027397,0.6792452830188679,0.5835598836816123,0.6777133388566694,0.5870488322717622,942,477,465
421,318,151,52,0.8900634249471459,0.32196162046908317,0.5696887686062246,0.7438423645320197,0.6060125227081146,0.6947194719471946,0.6072186836518046,942,473,469
407,318,159,58,0.875268817204301,0.3333333333333333,0.5613793103448276,0.7327188940092166,0.6043010752688172,0.6840336134453782,0.6008492569002123,942,465,477
415,322,139,66,0.8627858627858628,0.30151843817787416,0.5630936227951153,0.6780487804878049,0.5821521504818685,0.6814449917898193,0.5881104033970276,942,481,461
393,341,151,57,0.8733333333333333,0.30691056910569103,0.5354223433242506,0.7259615384615384,0.5901219512195122,0.6638513513513513,0.5774946921443737,942,450,492
414,324,146,58,0.8771186440677966,0.31063829787234043,0.5609756097560976,0.7156862745098039,0.5938784709700685,0.684297520661157,0.5944798301486199,942,472,470
390,318,181,53,0.8803611738148984,0.3627254509018036,0.5508474576271186,0.7735042735042735,0.621543312358351,0.6776715899218071,0.6061571125265393,942,443,499
395,338,150,59,0.8700440528634361,0.3073770491803279,0.538881309686221,0.7177033492822966,0.588710551021882,0.6655433866891324,0.578556263269639,942,454,488
407,315,152,68,0.8568421052631578,0.32548179871520344,0.5637119113573407,0.6909090909090909,0.5911619519891806,0.6800334168755221,0.5934182590233545,942,475,467
415,307,150,70,0.8556701030927835,0.3282275711159737,0.574792243767313,0.6818181818181818,0.5919488371043786,0.6876553438276718,0.5997876857749469,942,485,457
416,319,148,59,0.8757894736842106,0.3169164882226981,0.5659863945578232,0.714975845410628,0.5963529809534543,0.6876033057851241,0.5987261146496815,942,475,467
392,323,158,69,0.8503253796095445,0.3284823284823285,0.5482517482517483,0.6960352422907489,0.5894038540459365,0.6666666666666667,0.583864118895966,942,461,481
422,300,149,71,0.8559837728194726,0.33184855233853006,0.5844875346260388,0.6772727272727272,0.5939161625790013,0.6946502057613169,0.6061571125265393,942,493,449
427,309,146,60,0.8767967145790554,0.3208791208791209,0.5801630434782609,0.7087378640776699,0.5988379177290881,0.6982829108748977,0.60828025477707,942,487,455
405,324,154,59,0.8728448275862069,0.32217573221757323,0.5555555555555556,0.7230046948356808,0.5975102799018901,0.6789606035205364,0.5934182590233545,942,464,478
407,329,145,61,0.8696581196581197,0.3059071729957806,0.5529891304347826,0.7038834951456311,0.5877826463269501,0.676079734219269,0.5859872611464968,942,468,474
391,358,131,62,0.8631346578366446,0.26789366053169733,0.5220293724966623,0.6787564766839378,0.5655141591841709,0.6505823627287854,0.554140127388535,942,453,489
417,323,141,61,0.8723849372384938,0.30387931034482757,0.5635135135135135,0.698019801980198,0.5881321237916607,0.6847290640394089,0.5923566878980892,942,478,464
412,301,176,53,0.886021505376344,0.3689727463312369,0.5778401122019635,0.7685589519650655,0.6274971258537905,0.699490662139219,0.6242038216560509,942,465,477
396,317,166,63,0.8627450980392157,0.34368530020703936,0.5553997194950911,0.7248908296943232,0.6032151991231276,0.6757679180887373,0.5966029723991507,942,459,483
395,337,144,66,0.8568329718004338,0.2993762993762994,0.5396174863387978,0.6857142857142857,0.5781046355883666,0.6621961441743504,0.5721868365180467,942,461,481
419,319,144,60,0.8747390396659708,0.31101511879049676,0.5677506775067751,0.7058823529411765,0.5928770792282337,0.6885784716516024,0.5976645435244161,942,479,463
412,334,140,56,0.8803418803418803,0.29535864978902954,0.5522788203753352,0.7142857142857143,0.5878502650654549,0.6787479406919276,0.5859872611464968,942,468,474
393,326,159,64,0.8599562363238512,0.32783505154639175,0.5465924895688457,0.7130044843049327,0.5938956439351215,0.6683673469387754,0.5859872611464968,942,457,485
407,347,140,48,0.8945054945054945,0.2874743326488706,0.5397877984084881,0.7446808510638298,0.5909899135771826,0.6732837055417702,0.5806794055201698,942,455,487
379,332,160,71,0.8422222222222222,0.3252032520325203,0.5330520393811533,0.6926406926406926,0.5837127371273713,0.652885443583118,0.5721868365180467,942,450,492
428,322,126,66,0.8663967611336032,0.28125,0.5706666666666667,0.65625,0.5738233805668016,0.6881028938906752,0.5881104033970276,942,494,448
430,313,150,49,0.8977035490605428,0.32397408207343414,0.5787348586810229,0.7537688442211056,0.6108388155669885,0.7037643207855975,0.6157112526539278,942,479,463
409,306,163,64,0.864693446088795,0.34754797441364604,0.5720279720279721,0.7180616740088106,0.6061207102512205,0.6885521885521886,0.6072186836518046,942,473,469
409,341,139,53,0.8852813852813853,0.28958333333333336,0.5453333333333333,0.7239583333333334,0.5874323593073594,0.6749174917491749,0.5817409766454352,942,462,480
401,338,156,47,0.8950892857142857,0.3157894736842105,0.5426251691474966,0.7684729064039408,0.6054393796992481,0.6756529064869419,0.5912951167728238,942,448,494
426,333,124,59,0.8783505154639175,0.2713347921225383,0.5612648221343873,0.6775956284153005,0.5748426537932279,0.684887459807074,0.583864118895966,942,485,457
416,306,155,65,0.8648648648648649,0.3362255965292842,0.5761772853185596,0.7045454545454546,0.6005452306970746,0.6916043225270159,0.6061571125265393,942,481,461
421,325,149,47,0.8995726495726496,0.3143459915611814,0.564343163538874,0.7602040816326531,0.6069593205669155,0.6935749588138387,0.6050955414012739,942,468,474
393,333,149,67,0.8543478260869565,0.3091286307053942,0.5413223140495868,0.6898148148148148,0.5817382283961754,0.6627318718381112,0.5753715498938429,942,460,482
400,333,156,53,0.8830022075055187,0.31901840490797545,0.5457025920873124,0.7464114832535885,0.6010103062067471,0.6745362563237773,0.5902335456475584,942,453,489
419,331,139,53,0.8877118644067796,0.2957446808510638,0.5586666666666666,0.7239583333333334,0.5917282726289217,0.6857610474631751,0.5923566878980892,942,472,470
413,309,157,63,0.8676470588235294,0.3369098712446352,0.5720221606648199,0.7136363636363636,0.6022784650340823,0.6894824707846411,0.6050955414012739,942,476,466
422,307,148,65,0.86652977412731,0.3252747252747253,0.578875171467764,0.6948356807511737,0.5959022497010177,0.6940789473684209,0.6050955414012739,942,487,455
407,333,149,53,0.8847826086956522,0.3091286307053942,0.55,0.7376237623762376,0.5969556197005232,0.6783333333333333,0.5902335456475584,942,460,482
402,321,163,56,0.8777292576419214,0.3367768595041322,0.5560165975103735,0.7442922374429224,0.6072530585730268,0.6807790008467401,0.5997876857749469,942,458,484
430,298,154,60,0.8775510204081632,0.3407079646017699,0.5906593406593407,0.719626168224299,0.6091294925049666,0.7060755336617406,0.6199575371549894,942,490,452
384,352,149,57,0.8707482993197279,0.29740518962075846,0.5217391304347826,0.7233009708737864,0.5840767444702432,0.6525063721325404,0.5658174097664543,942,441,501
408,336,132,66,0.8607594936708861,0.28205128205128205,0.5483870967741935,0.6666666666666666,0.5714053878610841,0.6699507389162561,0.5732484076433121,942,474,468
365,340,176,61,0.8568075117370892,0.34108527131782945,0.5177304964539007,0.7426160337552743,0.5989463915274593,0.645446507515473,0.5743099787685775,942,426,516
420,324,138,60,0.875,0.2987012987012987,0.5645161290322581,0.696969696969697,0.5868506493506493,0.6862745098039217,0.5923566878980892,942,480,462
397,353,147,45,0.8981900452488688,0.294,0.5293333333333333,0.765625,0.5960950226244344,0.6661073825503356,0.5774946921443737,942,442,500
415,322,159,46,0.9002169197396963,0.3305613305613306,0.5630936227951153,0.775609756097561,0.6153891251505135,0.6928213689482471,0.6093418259023354,942,461,481
415,312,146,69,0.8574380165289256,0.31877729257641924,0.5708390646492435,0.6790697674418604,0.5881076545526724,0.685383980181668,0.5955414012738853,942,484,458
411,314,147,70,0.8544698544698545,0.3188720173535792,0.5668965517241379,0.6774193548387096,0.5866709359117168,0.681592039800995,0.5923566878980892,942,481,461
395,347,136,64,0.8605664488017429,0.2815734989648033,0.532345013477089,0.68,0.5710699738832732,0.6577851790174855,0.5636942675159236,942,459,483
418,316,155,53,0.8874734607218684,0.32908704883227174,0.5694822888283378,0.7451923076923077,0.60828025477707,0.6937759336099586,0.60828025477707,942,471,471
409,329,149,55,0.8814655172413793,0.3117154811715481,0.55420054200542,0.7303921568627451,0.5965904992064637,0.680532445923461,0.5923566878980892,942,464,478
383,319,159,81,0.8254310344827587,0.33263598326359833,0.5455840455840456,0.6625,0.5790335088731785,0.6569468267581476,0.5753715498938429,942,464,478
414,324,146,58,0.8771186440677966,0.31063829787234043,0.5609756097560976,0.7156862745098039,0.5938784709700685,0.684297520661157,0.5944798301486199,942,472,470
396,328,152,66,0.8571428571428571,0.31666666666666665,0.5469613259668509,0.6972477064220184,0.5869047619047618,0.6677908937605396,0.5817409766454352,942,462,480
422,316,135,69,0.8594704684317719,0.29933481152993346,0.5718157181571816,0.6617647058823529,0.5794026399808527,0.6867371847030106,0.5912951167728238,942,491,451
433,329,135,45,0.9058577405857741,0.29094827586206895,0.568241469816273,0.75,0.5984030082239216,0.6983870967741935,0.6029723991507431,942,478,464
402,317,157,66,0.8589743589743589,0.33122362869198313,0.5591098748261474,0.7040358744394619,0.595098993833171,0.6773378264532434,0.5934182590233545,942,468,474
411,327,134,70,0.8544698544698545,0.29067245119305857,0.556910569105691,0.6568627450980392,0.5725711528314565,0.6743232157506152,0.578556263269639,942,481,461
422,324,141,55,0.8846960167714885,0.3032258064516129,0.5656836461126006,0.7193877551020408,0.5939609116115507,0.6901062959934586,0.5976645435244161,942,477,465
399,315,164,64,0.8617710583153347,0.34237995824634654,0.5588235294117647,0.7192982456140351,0.6020755082808407,0.6779949022939677,0.5976645435244161,942,463,479
394,344,150,54,0.8794642857142857,0.30364372469635625,0.5338753387533876,0.7352941176470589,0.591554005205321,0.6644182124789207,0.5774946921443737,942,448,494
387,334,155,66,0.8543046357615894,0.3169734151329243,0.536754507628294,0.7013574660633484,0.5856390254472569,0.6592844974446338,0.5753715498938429,942,453,489
408,312,151,71,0.8517745302713987,0.326133909287257,0.5666666666666667,0.6801801801801802,0.5889542197793278,0.6805671392827355,0.5934182590233545,942,479,463
394,323,164,61,0.865934065934066,0.33675564681724846,0.5495118549511855,0.7288888888888889,0.6013448563756572,0.6723549488054608,0.5923566878980892,942,455,487
418,328,138,58,0.8781512605042017,0.296137339055794,0.5603217158176944,0.7040816326530612,0.5871442997799978,0.6841243862520459,0.5902335456475584,942,476,466
425,329,143,45,0.9042553191489362,0.3029661016949153,0.5636604774535809,0.7606382978723404,0.6036107104219257,0.6944444444444444,0.6029723991507431,942,470,472
393,328,160,61,0.8656387665198237,0.32786885245901637,0.5450762829403606,0.7239819004524887,0.59675380948942,0.6689361702127659,0.5870488322717622,942,454,488
410,334,140,58,0.8760683760683761,0.29535864978902954,0.5510752688172043,0.7070707070707071,0.5857135129287028,0.6765676567656765,0.583864118895966,942,468,474
387,331,169,55,0.8755656108597285,0.338,0.5389972144846796,0.7544642857142857,0.6067828054298643,0.6672413793103449,0.5902335456475584,942,442,500
393,324,160,65,0.8580786026200873,0.3305785123966942,0.5481171548117155,0.7111111111111111,0.5943285575083908,0.668936170212766,0.5870488322717622,942,458,484
400,336,148,58,0.8733624454148472,0.30578512396694213,0.5434782608695652,0.7184466019417476,0.5895737846908946,0.6700167504187604,0.5817409766454352,942,458,484
371,357,149,65,0.8509174311926605,0.29446640316205536,0.5096153846153846,0.6962616822429907,0.5726919171773579,0.6374570446735394,0.5520169851380042,942,436,506
384,367,144,47,0.8909512761020881,0.28180039138943247,0.511318242343542,0.7539267015706806,0.5863758337457603,0.6497461928934011,0.5605095541401274,942,431,511
383,356,145,58,0.8684807256235828,0.2894211576846307,0.5182679296346414,0.7142857142857143,0.5789509416541068,0.6491525423728814,0.5605095541401274,942,441,501
417,305,152,68,0.8597938144329897,0.33260393873085337,0.5775623268698061,0.6909090909090909,0.5961988765819215,0.6909693454846727,0.6040339702760085,942,485,457
389,333,158,62,0.8625277161862528,0.32179226069246436,0.538781163434903,0.7181818181818181,0.5921599884393586,0.6632566069906224,0.5806794055201698,942,451,491
413,328,141,60,0.8731501057082452,0.3006396588486141,0.5573549257759784,0.7014925373134329,0.5868948822784297,0.6803953871499175,0.5881104033970276,942,473,469
384,366,142,50,0.8847926267281107,0.2795275590551181,0.512,0.7395833333333334,0.5821600928916144,0.6486486486486486,0.5583864118895966,942,434,508
419,318,148,57,0.8802521008403361,0.31759656652360513,0.5685210312075983,0.7219512195121951,0.5989243336819706,0.6908491343775763,0.6019108280254777,942,476,466
410,323,154,55,0.8817204301075269,0.3228511530398323,0.5593451568894953,0.7368421052631579,0.6022857915736796,0.6844741235392321,0.5987261146496815,942,465,477
402,332,149,59,0.8720173535791758,0.3097713097713098,0.547683923705722,0.7163461538461539,0.5908943316752427,0.6728033472803348,0.5849256900212314,942,461,481
418,338,125,61,0.872651356993737,0.26997840172786175,0.5529100529100529,0.6720430107526881,0.5713148793607994,0.676923076923077,0.5764331210191083,942,479,463
392,322,165,63,0.8615384615384616,0.33880903490759756,0.5490196078431373,0.7236842105263158,0.6001737482230296,0.6706586826347305,0.5912951167728238,942,455,487
384,338,165,55,0.8747152619589977,0.32803180914512925,0.5318559556786704,0.75,0.6013735355520635,0.661498708010336,0.5828025477707006,942,439,503
412,327,140,63,0.8673684210526316,0.29978586723768735,0.557510148849797,0.6896551724137931,0.5835771441451595,0.6787479406919275,0.5859872611464968,942,475,467
423,308,154,57,0.88125,0.3333333333333333,0.5786593707250342,0.7298578199052133,0.6072916666666667,0.6985962014863749,0.6125265392781316,942,480,462
406,316,179,41,0.9082774049217002,0.3616161616161616,0.5623268698060941,0.8136363636363636,0.6349467832689308,0.6946107784431137,0.6210191082802548,942,447,495
420,321,133,68,0.860655737704918,0.29295154185022027,0.5668016194331984,0.6616915422885572,0.5768036397775691,0.6834825061025224,0.5870488322717622,942,488,454
416,329,144,53,0.8869936034115139,0.3044397463002114,0.5583892617449664,0.7309644670050761,0.5957166748558627,0.685337726523888,0.5944798301486199,942,469,473
423,328,141,50,0.8942917547568711,0.3006396588486141,0.563249001331558,0.7382198952879581,0.5974657068027426,0.6911764705882354,0.5987261146496815,942,473,469
413,330,136,63,0.8676470588235294,0.2918454935622318,0.5558546433378196,0.6834170854271356,0.5797462761928807,0.6776045939294504,0.5828025477707006,942,476,466
389,355,131,67,0.8530701754385965,0.26954732510288065,0.5228494623655914,0.6616161616161617,0.5613087502707386,0.6483333333333334,0.5520169851380042,942,456,486
405,338,146,53,0.8842794759825328,0.30165289256198347,0.5450874831763123,0.7336683417085427,0.5929661842722581,0.6744379683597002,0.5849256900212314,942,458,484
412,334,129,67,0.860125260960334,0.2786177105831533,0.5522788203753352,0.6581632653061225,0.5693714857717437,0.6726530612244898,0.5743099787685775,942,479,463
391,354,143,54,0.8786516853932584,0.28772635814889336,0.5248322147651007,0.7258883248730964,0.5831890217710759,0.6571428571428573,0.5668789808917197,942,445,497
399,348,136,59,0.87117903930131,0.2809917355371901,0.5341365461847389,0.6974358974358974,0.5760853874192501,0.6622406639004149,0.5679405520169851,942,458,484
421,325,142,54,0.8863157894736842,0.30406852248394006,0.564343163538874,0.7244897959183674,0.5951921559788121,0.6895986895986895,0.5976645435244161,942,475,467
414,304,157,67,0.8607068607068608,0.3405639913232104,0.5766016713091922,0.7008928571428571,0.6006354260150356,0.6905754795663053,0.6061571125265393,942,481,461
401,340,137,64,0.8623655913978494,0.28721174004192873,0.5411605937921727,0.681592039800995,0.5747886657198891,0.6650082918739635,0.5711252653927813,942,465,477
401,311,144,86,0.8234086242299795,0.31648351648351647,0.5632022471910112,0.6260869565217392,0.569946070356748,0.6688907422852377,0.578556263269639,942,487,455
371,371,136,64,0.8528735632183908,0.2682445759368836,0.5,0.68,0.5605590695776372,0.6304163126593033,0.5382165605095541,942,435,507
392,339,161,50,0.8868778280542986,0.322,0.5362517099863201,0.7630331753554502,0.6044389140271493,0.6683716965046889,0.5870488322717622,942,442,500
403,336,146,57,0.8760869565217392,0.3029045643153527,0.5453315290933695,0.7192118226600985,0.5894957604185459,0.6722268557130944,0.5828025477707006,942,460,482
408,316,146,72,0.85,0.31601731601731603,0.56353591160221,0.6697247706422018,0.583008658008658,0.6777408637873754,0.5881104033970276,942,480,462
419,324,141,58,0.8784067085953878,0.3032258064516129,0.5639300134589502,0.7085427135678392,0.5908162575235003,0.6868852459016392,0.5944798301486199,942,477,465
383,345,164,50,0.8845265588914549,0.32220039292730845,0.5260989010989011,0.7663551401869159,0.6033634759093817,0.6597760551248923,0.5806794055201698,942,433,509
414,314,149,65,0.8643006263048016,0.32181425485961124,0.5686813186813187,0.6962616822429907,0.5930574405822064,0.6859983429991714,0.5976645435244161,942,479,463
409,312,156,65,0.8628691983122363,0.3333333333333333,0.5672676837725381,0.7058823529411765,0.5981012658227848,0.6845188284518828,0.5997876857749469,942,474,468
407,328,140,67,0.8586497890295358,0.29914529914529914,0.5537414965986395,0.6763285024154589,0.5788975440874174,0.6732837055417701,0.5806794055201698,942,474,468
433,325,138,46,0.9039665970772442,0.2980561555075594,0.5712401055408971,0.75,0.6010113762924019,0.7000808407437347,0.6061571125265393,942,479,463
406,336,152,48,0.8942731277533039,0.3114754098360656,0.5471698113207547,0.76,0.6028742687946848,0.6789297658862876,0.5923566878980892,942,454,488
390,339,152,61,0.8647450110864745,0.3095723014256619,0.5349794238683128,0.7136150234741784,0.5871586562560682,0.6610169491525424,0.5753715498938429,942,451,491
418,323,145,56,0.8818565400843882,0.30982905982905984,0.5641025641025641,0.7213930348258707,0.595842799956724,0.6880658436213992,0.5976645435244161,942,474,468
391,336,150,65,0.8574561403508771,0.30864197530864196,0.5378266850068776,0.6976744186046512,0.5830490578297596,0.6610312764158918,0.5743099787685775,942,456,486
405,343,139,55,0.8804347826086957,0.2883817427385892,0.5414438502673797,0.7164948453608248,0.5844082626736424,0.6705298013245033,0.5774946921443737,942,460,482
381,351,155,55,0.8738532110091743,0.30632411067193677,0.5204918032786885,0.7380952380952381,0.5900886608405556,0.6523972602739726,0.5690021231422505,942,436,506
406,327,149,60,0.871244635193133,0.3130252100840336,0.5538881309686221,0.7129186602870813,0.5921349226385832,0.6772310258548792,0.589171974522293,942,466,476
406,354,126,56,0.8787878787878788,0.2625,0.5342105263157895,0.6923076923076923,0.5706439393939394,0.6644844517184942,0.564755838641189,942,462,480
406,337,139,60,0.871244635193133,0.2920168067226891,0.5464333781965006,0.6984924623115578,0.581630720957911,0.6716294458229941,0.578556263269639,942,466,476
402,347,146,47,0.8953229398663697,0.2961460446247465,0.5367156208277704,0.7564766839378239,0.5957344922455581,0.671118530884808,0.5817409766454352,942,449,493
387,371,122,62,0.8619153674832962,0.24746450304259635,0.5105540897097626,0.6630434782608695,0.5546899352629463,0.6412593206296604,0.5403397027600849,942,449,493
413,313,149,67,0.8604166666666667,0.3225108225108225,0.568870523415978,0.6898148148148148,0.5914637445887446,0.6849087893864013,0.5966029723991507,942,480,462
387,338,151,66,0.8543046357615894,0.30879345603271985,0.5337931034482759,0.695852534562212,0.5815490458971546,0.6570458404074703,0.5711252653927813,942,453,489
414,320,152,56,0.8808510638297873,0.3220338983050847,0.5640326975476839,0.7307692307692307,0.601442481067436,0.6877076411960134,0.6008492569002123,942,470,472
388,326,150,78,0.8326180257510729,0.31512605042016806,0.5434173669467787,0.6578947368421053,0.5738720380856205,0.6576271186440678,0.5711252653927813,942,466,476
407,346,133,56,0.8790496760259179,0.2776617954070981,0.5405046480743692,0.7037037037037037,0.578355735716508,0.669407894736842,0.5732484076433121,942,463,479
434,321,136,51,0.8948453608247423,0.2975929978118162,0.5748344370860927,0.7272727272727273,0.5962191793182793,0.7000000000000001,0.6050955414012739,942,485,457
416,334,141,51,0.8907922912205567,0.2968421052631579,0.5546666666666666,0.734375,0.5938171982418573,0.6836483155299918,0.5912951167728238,942,467,475
431,321,136,54,0.8886597938144329,0.2975929978118162,0.5731382978723404,0.7157894736842105,0.5931263958131245,0.6968472109943411,0.6019108280254777,942,485,457
394,321,166,61,0.865934065934066,0.3408624229979466,0.551048951048951,0.7312775330396476,0.6033982444660063,0.6735042735042736,0.5944798301486199,942,455,487
405,325,164,48,0.8940397350993378,0.33537832310838445,0.5547945205479452,0.7735849056603774,0.614709029103861,0.6846999154691462,0.6040339702760085,942,453,489
442,316,127,57,0.8857715430861723,0.2866817155756208,0.58311345646438,0.6902173913043478,0.5862266293308965,0.7032617342879873,0.6040339702760085,942,499,443
426,328,123,65,0.8676171079429735,0.2727272727272727,0.5649867374005305,0.6542553191489362,0.5701721903351231,0.6843373493975904,0.5828025477707006,942,491,451
406,323,148,65,0.861995753715499,0.31422505307855625,0.5569272976680384,0.6948356807511737,0.5881104033970276,0.6766666666666666,0.5881104033970276,942,471,471
395,312,172,63,0.8624454148471615,0.35537190082644626,0.5586987270155587,0.7319148936170212,0.6089086578368039,0.6781115879828326,0.6019108280254777,942,458,484
437,324,126,55,0.8882113821138211,0.28,0.5742444152431012,0.6961325966850829,0.5841056910569106,0.6975259377494014,0.5976645435244161,942,492,450
414,306,151,71,0.8536082474226804,0.3304157549234136,0.575,0.6801801801801802,0.592012001173047,0.6871369294605809,0.5997876857749469,942,485,457
398,339,145,60,0.868995633187773,0.29958677685950413,0.5400271370420624,0.7073170731707317,0.5842912050236385,0.6661087866108787,0.5764331210191083,942,458,484
393,344,152,53,0.8811659192825112,0.3064516129032258,0.5332428765264586,0.7414634146341463,0.5938087660928685,0.6644125105663568,0.578556263269639,942,446,496
401,341,149,51,0.8871681415929203,0.3040816326530612,0.5404312668463612,0.745,0.5956248871229908,0.6716917922948075,0.583864118895966,942,452,490
402,321,158,61,0.8682505399568035,0.3298538622129436,0.5560165975103735,0.7214611872146118,0.5990522010848736,0.6779089376053963,0.5944798301486199,942,463,479
399,332,143,68,0.854389721627409,0.30105263157894735,0.5458276333789329,0.6777251184834123,0.5777211766031782,0.6661101836393989,0.5753715498938429,942,467,475
396,293,173,80,0.8319327731092437,0.37124463519313305,0.5747460087082729,0.6837944664031621,0.6015887041511884,0.6798283261802576,0.6040339702760085,942,476,466
402,302,174,64,0.8626609442060086,0.36554621848739494,0.5710227272727273,0.7310924369747899,0.6141035813467017,0.6871794871794872,0.6114649681528662,942,466,476
409,327,144,62,0.8683651804670913,0.3057324840764331,0.5557065217391305,0.6990291262135923,0.5870488322717622,0.6777133388566695,0.5870488322717622,942,471,471
399,338,155,50,0.888641425389755,0.3144016227180527,0.5413839891451832,0.7560975609756098,0.6015215240539038,0.672849915682968,0.5881104033970276,942,449,493
406,328,150,58,0.875,0.3138075313807531,0.553133514986376,0.7211538461538461,0.5944037656903766,0.6777963272120199,0.5902335456475584,942,464,478
389,349,148,56,0.8741573033707866,0.2977867203219316,0.5271002710027101,0.7254901960784313,0.585972011846359,0.6576500422654269,0.5700636942675159,942,445,497
415,313,151,63,0.8682008368200836,0.3254310344827586,0.570054945054945,0.705607476635514,0.5968159356514211,0.6882255389718076,0.6008492569002123,942,478,464
404,337,144,57,0.8763557483731019,0.2993762993762994,0.5452091767881242,0.7164179104477612,0.5878660238747007,0.6722129783693844,0.5817409766454352,942,461,481
425,315,146,56,0.8835758835758836,0.31670281995661603,0.5743243243243243,0.7227722772277227,0.6001393517662498,0.6961506961506961,0.6061571125265393,942,481,461
416,329,151,46,0.9004329004329005,0.3145833333333333,0.5583892617449664,0.766497461928934,0.6075081168831169,0.6893123446561723,0.6019108280254777,942,462,480
404,316,166,56,0.8782608695652174,0.34439834024896265,0.5611111111111111,0.7477477477477478,0.61132960490709,0.6847457627118645,0.6050955414012739,942,460,482
407,331,141,63,0.8659574468085106,0.298728813559322,0.551490514905149,0.6911764705882353,0.5823431301839164,0.6738410596026491,0.5817409766454352,942,470,472
396,351,143,52,0.8839285714285714,0.2894736842105263,0.5301204819277109,0.7333333333333333,0.5867011278195489,0.6627615062761506,0.5721868365180467,942,448,494
400,336,138,68,0.8547008547008547,0.2911392405063291,0.5434782608695652,0.6699029126213593,0.5729200476035918,0.6644518272425249,0.5711252653927813,942,468,474
411,330,140,61,0.8707627118644068,0.2978723404255319,0.5546558704453441,0.6965174129353234,0.5843175261449693,0.6776586974443529,0.5849256900212314,942,472,470
396,334,159,53,0.8819599109131403,0.3225152129817444,0.5424657534246575,0.75,0.6022375619474424,0.6717557251908396,0.589171974522293,942,449,493
410,338,143,51,0.8893709327548807,0.2972972972972973,0.5481283422459893,0.7371134020618557,0.593334115026089,0.6782464846980976,0.5870488322717622,942,461,481
395,334,146,67,0.854978354978355,0.30416666666666664,0.541838134430727,0.6854460093896714,0.5795725108225108,0.6633081444164568,0.5743099787685775,942,462,480
416,313,150,63,0.8684759916492694,0.32397408207343414,0.5706447187928669,0.704225352112676,0.5962250368613518,0.6887417218543047,0.6008492569002123,942,479,463
397,328,155,62,0.8649237472766884,0.32091097308488614,0.5475862068965517,0.7142857142857143,0.5929173601807873,0.6706081081081081,0.5859872611464968,942,459,483
396,334,147,65,0.8590021691973969,0.30561330561330563,0.5424657534246575,0.6933962264150944,0.5823077374053512,0.6649874055415617,0.5764331210191083,942,461,481
398,337,141,66,0.8577586206896551,0.29497907949790797,0.5414965986394558,0.6811594202898551,0.5763688500937816,0.6638865721434528,0.5721868365180467,942,464,478
405,312,156,69,0.8544303797468354,0.3333333333333333,0.5648535564853556,0.6933333333333334,0.5938818565400844,0.6801007556675063,0.5955414012738853,942,474,468
393,333,160,56,0.8752783964365256,0.32454361054766734,0.5413223140495868,0.7407407407407407,0.5999110034920965,0.6689361702127659,0.5870488322717622,942,449,493
404,349,134,55,0.8801742919389978,0.2774327122153209,0.5365205843293492,0.708994708994709,0.5788035020771594,0.6666666666666666,0.5711252653927813,942,459,483
418,320,143,61,0.872651356993737,0.30885529157667385,0.5663956639566395,0.7009803921568627,0.5907533242852054,0.6869350862777321,0.5955414012738853,942,479,463
420,315,144,63,0.8695652173913043,0.3137254901960784,0.5714285714285714,0.6956521739130435,0.5916453537936914,0.689655172413793,0.5987261146496815,942,483,459
401,331,147,63,0.8642241379310345,0.3075313807531381,0.5478142076502732,0.7,0.5858777593420863,0.6705685618729097,0.5817409766454352,942,464,478
415,294,171,62,0.870020964360587,0.36774193548387096,0.5853314527503526,0.7339055793991416,0.6188814499222289,0.699831365935919,0.6220806794055201,942,477,465
405,331,148,58,0.8747300215982722,0.3089770354906054,0.5502717391304348,0.7184466019417476,0.5918535285444388,0.6755629691409508,0.5870488322717622,942,463,479
416,310,157,59,0.8757894736842106,0.3361884368308351,0.5730027548209367,0.7268518518518519,0.6059889552575228,0.6927560366361365,0.60828025477707,942,475,467
410,326,133,73,0.8488612836438924,0.289760348583878,0.5570652173913043,0.6456310679611651,0.5693108161138851,0.6726825266611977,0.5764331210191083,942,483,459
381,355,138,68,0.8485523385300668,0.2799188640973631,0.5176630434782609,0.6699029126213593,0.564235601313715,0.6430379746835444,0.5509554140127388,942,449,493
398,350,139,55,0.8785871964679912,0.2842535787321063,0.5320855614973262,0.7164948453608248,0.5814203876000488,0.6627810158201498,0.5700636942675159,942,453,489
391,349,138,64,0.8593406593406593,0.28336755646817247,0.5283783783783784,0.6831683168316832,0.5713541079044159,0.6543933054393305,0.5615711252653928,942,455,487
408,333,144,57,0.8774193548387097,0.3018867924528302,0.5506072874493927,0.7164179104477612,0.5896530736457699,0.6766169154228856,0.5859872611464968,942,465,477
391,332,145,74,0.8408602150537634,0.3039832285115304,0.5408022130013831,0.6621004566210046,0.5724217217826469,0.6582491582491582,0.5690021231422505,942,465,477
415,322,146,59,0.8755274261603375,0.31196581196581197,0.5630936227951153,0.7121951219512195,0.5937466190630747,0.685383980181668,0.5955414012738853,942,474,468
400,346,136,60,0.8695652173913043,0.2821576763485477,0.5361930294906166,0.6938775510204082,0.575861446869926,0.6633499170812603,0.5690021231422505,942,460,482
389,318,168,67,0.8530701754385965,0.345679012345679,0.5502121640735502,0.7148936170212766,0.5993745938921378,0.6689595872742907,0.5912951167728238,942,456,486
417,326,154,45,0.9025974025974026,0.32083333333333336,0.5612382234185733,0.7738693467336684,0.611715367965368,0.6921161825726141,0.6061571125265393,942,462,480
404,338,144,56,0.8782608695652174,0.2987551867219917,0.5444743935309974,0.72,0.5885080281436046,0.6722129783693843,0.5817409766454352,942,460,482
434,317,137,54,0.889344262295082,0.30176211453744495,0.5778961384820239,0.7172774869109948,0.5955531884162635,0.7005649717514124,0.6061571125265393,942,488,454
399,327,155,61,0.8673913043478261,0.3215767634854772,0.5495867768595041,0.7175925925925926,0.5944840339166516,0.6728499156829679,0.5881104033970276,942,460,482
399,331,153,59,0.87117903930131,0.31611570247933884,0.5465753424657535,0.7216981132075472,0.5936473708903245,0.6717171717171717,0.5859872611464968,942,458,484
401,348,135,58,0.8736383442265795,0.2795031055900621,0.5353805073431241,0.6994818652849741,0.5765707249083207,0.6639072847682118,0.5690021231422505,942,459,483
424,318,148,52,0.8907563025210085,0.31759656652360513,0.5714285714285714,0.74,0.6041764345223068,0.696223316912972,0.6072186836518046,942,476,466
412,334,150,46,0.8995633187772926,0.30991735537190085,0.5522788203753352,0.7653061224489796,0.6047403370745967,0.6843853820598007,0.5966029723991507,942,458,484
416,335,144,47,0.8984881209503239,0.30062630480167013,0.5539280958721704,0.7539267015706806,0.5995572128759971,0.6853377265238879,0.5944798301486199,942,463,479
393,336,154,59,0.8694690265486725,0.3142857142857143,0.5390946502057613,0.7230046948356808,0.5918773704171933,0.6655376799322608,0.5806794055201698,942,452,490
402,327,157,56,0.8777292576419214,0.3243801652892562,0.551440329218107,0.7370892018779343,0.6010547114655889,0.6773378264532435,0.5934182590233545,942,458,484
405,346,136,55,0.8804347826086957,0.2821576763485477,0.5392809587217043,0.7120418848167539,0.5812962294786217,0.6688687035507844,0.5743099787685775,942,460,482
406,325,151,60,0.871244635193133,0.3172268907563025,0.5554035567715458,0.7156398104265402,0.5942357629747177,0.6783625730994152,0.5912951167728238,942,466,476
420,309,156,57,0.8805031446540881,0.33548387096774196,0.5761316872427984,0.7323943661971831,0.607993507810915,0.6965174129353233,0.6114649681528662,942,477,465
399,340,148,55,0.8788546255506607,0.30327868852459017,0.5399188092016238,0.729064039408867,0.5910666570376255,0.6689019279128248,0.5806794055201698,942,454,488
389,338,165,50,0.8861047835990888,0.32803180914512925,0.5350756533700137,0.7674418604651163,0.607068296372109,0.6672384219554031,0.5881104033970276,942,439,503
418,331,137,56,0.8818565400843882,0.29273504273504275,0.5580774365821095,0.7098445595854922,0.5872957914097154,0.6835650040883074,0.589171974522293,942,474,468
392,347,151,52,0.8828828828828829,0.3032128514056225,0.530446549391069,0.7438423645320197,0.5930478671442527,0.6627218934911243,0.5764331210191083,942,444,498
414,340,143,45,0.9019607843137255,0.29606625258799174,0.5490716180371353,0.7606382978723404,0.5990135184508586,0.6826051112943117,0.5912951167728238,942,459,483
386,347,160,49,0.8873563218390804,0.3155818540433925,0.5266030013642565,0.7655502392344498,0.6014690879412364,0.660958904109589,0.5796178343949044,942,435,507
391,361,133,57,0.8727678571428571,0.2692307692307692,0.5199468085106383,0.7,0.5709993131868132,0.6516666666666667,0.5562632696390658,942,448,494
421,339,125,57,0.8807531380753139,0.26939655172413796,0.5539473684210526,0.6868131868131868,0.5750748448997259,0.6801292407108239,0.5796178343949044,942,478,464
417,314,152,59,0.8760504201680672,0.3261802575107296,0.5704514363885089,0.7203791469194313,0.6011153388393984,0.6909693454846728,0.6040339702760085,942,476,466
394,326,160,62,0.8640350877192983,0.3292181069958848,0.5472222222222223,0.7207207207207207,0.5966265973575915,0.6700680272108844,0.5881104033970276,942,456,486
394,329,152,67,0.8546637744034707,0.316008316008316,0.5449515905947441,0.6940639269406392,0.5853360452058933,0.6655405405405405,0.5796178343949044,942,461,481
405,339,129,69,0.8544303797468354,0.27564102564102566,0.5443548387096774,0.6515151515151515,0.5650357026939306,0.6650246305418719,0.5668789808917197,942,474,468
395,333,165,49,0.8896396396396397,0.3313253012048193,0.5425824175824175,0.7710280373831776,0.6104824704222295,0.6740614334470989,0.5944798301486199,942,444,498
401,336,147,58,0.8736383442265795,0.30434782608695654,0.5440976933514247,0.7170731707317073,0.588993085156768,0.6705685618729096,0.5817409766454352,942,459,483
410,333,142,57,0.8779443254817987,0.29894736842105263,0.5518169582772544,0.7135678391959799,0.5884458469514257,0.6776859504132231,0.5859872611464968,942,467,475
421,329,138,54,0.8863157894736842,0.2955032119914347,0.5613333333333334,0.71875,0.5909095007325594,0.6873469387755101,0.5934182590233545,942,475,467
407,307,174,54,0.8828633405639913,0.36174636174636177,0.5700280112044818,0.7631578947368421,0.6223048511551765,0.6927659574468085,0.6167728237791932,942,461,481
383,336,157,66,0.8530066815144766,0.3184584178498986,0.5326842837273992,0.7040358744394619,0.5857325496821876,0.6558219178082192,0.5732484076433121,942,449,493
405,331,146,60,0.8709677419354839,0.3060796645702306,0.5502717391304348,0.7087378640776699,0.5885237032528572,0.6744379683597004,0.5849256900212314,942,465,477
408,330,152,52,0.8869565217391304,0.3153526970954357,0.5528455284552846,0.7450980392156863,0.601154609417283,0.681135225375626,0.5944798301486199,942,460,482
398,326,164,54,0.8805309734513275,0.3346938775510204,0.5497237569060773,0.7522935779816514,0.6076124255011739,0.6768707482993197,0.5966029723991507,942,452,490
410,324,145,63,0.8668076109936576,0.3091684434968017,0.55858310626703,0.6971153846153846,0.5879880272452296,0.6793703396851699,0.589171974522293,942,473,469
416,337,132,57,0.879492600422833,0.2814498933901919,0.5524568393094289,0.6984126984126984,0.5804712469065124,0.6786296900489396,0.5817409766454352,942,473,469
417,305,158,62,0.8705636743215032,0.3412526997840173,0.5775623268698061,0.7181818181818181,0.6059081870527603,0.6944213155703581,0.6104033970276008,942,479,463
405,301,162,74,0.8455114822546973,0.34989200863930886,0.5736543909348442,0.6864406779661016,0.597701745447003,0.6835443037974682,0.6019108280254777,942,479,463
390,336,155,61,0.8647450110864745,0.31568228105906315,0.5371900826446281,0.7175925925925926,0.5902136460727688,0.6627017841971112,0.578556263269639,942,451,491
420,315,149,58,0.8786610878661087,0.32112068965517243,0.5714285714285714,0.7198067632850241,0.5998908887606406,0.6924979389942292,0.6040339702760085,942,478,464
391,336,137,78,0.8336886993603412,0.28964059196617337,0.5378266850068776,0.6372093023255814,0.5616646456632572,0.6538461538461539,0.5605095541401274,942,469,473
397,315,159,71,0.8482905982905983,0.33544303797468356,0.5575842696629213,0.691304347826087,0.591866818132641,0.6728813559322033,0.5902335456475584,942,468,474
388,371,122,61,0.8641425389755011,0.24746450304259635,0.5111989459815547,0.6666666666666666,0.5558035210090487,0.642384105960265,0.5414012738853503,942,449,493
396,320,155,71,0.8479657387580299,0.3263157894736842,0.553072625698324,0.6858407079646017,0.587140764115857,0.6694843617920541,0.5849256900212314,942,467,475
399,338,143,62,0.8655097613882863,0.2972972972972973,0.5413839891451832,0.697560975609756,0.5814035293427918,0.666110183639399,0.5753715498938429,942,461,481
380,363,135,64,0.8558558558558559,0.2710843373493976,0.5114401076716016,0.678391959798995,0.5634700966026267,0.6402695871946082,0.5467091295116773,942,444,498
407,345,152,38,0.9146067415730337,0.3058350100603622,0.5412234042553191,0.8,0.6102208758166979,0.6800334168755221,0.5934182590233545,942,445,497
403,320,143,76,0.8413361169102297,0.30885529157667385,0.5573997233748271,0.6529680365296804,0.5750957042434518,0.670549084858569,0.5796178343949044,942,479,463
405,331,149,57,0.8766233766233766,0.3104166666666667,0.5502717391304348,0.7233009708737864,0.5935200216450216,0.6761268781302171,0.5881104033970276,942,462,480
418,312,156,56,0.8818565400843882,0.3333333333333333,0.5726027397260274,0.7358490566037735,0.6075949367088608,0.6943521594684385,0.6093418259023354,942,474,468
397,333,141,71,0.8482905982905983,0.2974683544303797,0.5438356164383562,0.6650943396226415,0.572879476360489,0.6627712854757931,0.5711252653927813,942,468,474
404,322,146,70,0.8523206751054853,0.31196581196581197,0.5564738292011019,0.6759259259259259,0.5821432435356486,0.6733333333333333,0.583864118895966,942,474,468
389,350,147,56,0.8741573033707866,0.29577464788732394,0.5263870094722598,0.7241379310344828,0.5849659756290553,0.6570945945945946,0.5690021231422505,942,445,497
417,303,155,67,0.8615702479338843,0.3384279475982533,0.5791666666666667,0.6981981981981982,0.5999990977660687,0.6926910299003322,0.6072186836518046,942,484,458
386,340,144,72,0.8427947598253275,0.2975206611570248,0.5316804407713499,0.6666666666666666,0.5701577104911761,0.652027027027027,0.5626326963906582,942,458,484
402,336,141,63,0.864516129032258,0.29559748427672955,0.5447154471544715,0.6911764705882353,0.5800568066544938,0.6683291770573566,0.5764331210191083,942,465,477
401,350,137,54,0.8813186813186813,0.2813141683778234,0.5339547270306259,0.7172774869109948,0.5813164248482523,0.6650082918739635,0.5711252653927813,942,455,487
404,346,133,59,0.8725701943844493,0.2776617954070981,0.5386666666666666,0.6927083333333334,0.5751159948957737,0.6661170651277823,0.5700636942675159,942,463,479
415,322,145,60,0.8736842105263158,0.31049250535331907,0.5630936227951153,0.7073170731707317,0.5920883579398175,0.6848184818481848,0.5944798301486199,942,475,467
409,334,144,55,0.8814655172413793,0.301255230125523,0.550471063257066,0.7236180904522613,0.5913603736834512,0.6777133388566695,0.5870488322717622,942,464,478
395,343,139,65,0.8586956521739131,0.2883817427385892,0.535230352303523,0.6813725490196079,0.5735386974562511,0.659432387312187,0.5668789808917197,942,460,482
391,360,147,44,0.8988505747126436,0.28994082840236685,0.5206391478029294,0.7696335078534031,0.5943957015575052,0.6593591905564924,0.5711252653927813,942,435,507
395,326,158,63,0.8624454148471615,0.32644628099173556,0.5478502080443828,0.7149321266968326,0.5944458479194485,0.6700593723494487,0.5870488322717622,942,458,484
392,313,159,78,0.8340425531914893,0.336864406779661,0.5560283687943263,0.6708860759493671,0.5854534799855752,0.6672340425531915,0.5849256900212314,942,470,472
395,343,145,59,0.8700440528634361,0.29713114754098363,0.535230352303523,0.7107843137254902,0.5835876002022099,0.662751677852349,0.5732484076433121,942,454,488
410,342,139,51,0.8893709327548807,0.288981288981289,0.5452127659574468,0.7315789473684211,0.5891761108680849,0.6760098928276999,0.5828025477707006,942,461,481
390,333,156,63,0.8609271523178808,0.31901840490797545,0.5394190871369294,0.7123287671232876,0.5899727786129281,0.6632653061224489,0.5796178343949044,942,453,489
405,328,153,56,0.8785249457700651,0.3180873180873181,0.5525238744884038,0.7320574162679426,0.5983061319286916,0.678391959798995,0.5923566878980892,942,461,481
392,328,157,65,0.8577680525164114,0.3237113402061856,0.5444444444444444,0.7072072072072072,0.5907396963612985,0.6661002548853016,0.5828025477707006,942,457,485
423,331,125,63,0.8703703703703703,0.2741228070175439,0.5610079575596817,0.6648936170212766,0.5722465886939572,0.682258064516129,0.5817409766454352,942,486,456
417,301,159,65,0.8651452282157677,0.3456521739130435,0.5807799442896936,0.7098214285714286,0.6053987010644055,0.695,0.6114649681528662,942,482,460
417,301,145,79,0.8407258064516129,0.3251121076233184,0.5807799442896936,0.6473214285714286,0.5829189570374657,0.6869851729818781,0.5966029723991507,942,496,446
411,314,158,59,0.874468085106383,0.3347457627118644,0.5668965517241379,0.728110599078341,0.6046069239091236,0.6878661087866108,0.6040339702760085,942,470,472
370,342,163,67,0.8466819221967964,0.3227722772277228,0.5196629213483146,0.7086956521739131,0.5847270997122596,0.6440382941688425,0.5658174097664543,942,437,505
420,313,146,63,0.8695652173913043,0.31808278867102396,0.572987721691678,0.6985645933014354,0.5938240030311641,0.6907894736842105,0.6008492569002123,942,483,459
410,340,143,49,0.8932461873638344,0.29606625258799174,0.5466666666666666,0.7447916666666666,0.5946562199759131,0.6782464846980976,0.5870488322717622,942,459,483
388,316,179,59,0.8680089485458613,0.3616161616161616,0.5511363636363636,0.7521008403361344,0.6148125550810115,0.6741963509991313,0.6019108280254777,942,447,495
405,322,148,67,0.8580508474576272,0.3148936170212766,0.5570839064649243,0.6883720930232559,0.5864722322394519,0.6755629691409507,0.5870488322717622,942,472,470
396,341,139,66,0.8571428571428571,0.28958333333333336,0.5373134328358209,0.6780487804878049,0.5733630952380953,0.6605504587155964,0.5679405520169851,942,462,480
377,352,151,62,0.8587699316628702,0.30019880715705766,0.5171467764060357,0.7089201877934272,0.579484369409964,0.6455479452054795,0.5605095541401274,942,439,503
385,331,155,71,0.8442982456140351,0.31893004115226337,0.5377094972067039,0.6858407079646017,0.5816141433831492,0.6569965870307167,0.5732484076433121,942,456,486
412,298,162,70,0.8547717842323651,0.3521739130434783,0.5802816901408451,0.6982758620689655,0.6034728486379217,0.6912751677852349,0.6093418259023354,942,482,460
435,315,132,60,0.8787878787878788,0.2953020134228188,0.58,0.6875,0.5870449461053489,0.6987951807228915,0.6019108280254777,942,495,447
422,341,129,50,0.8940677966101694,0.274468085106383,0.5530799475753604,0.7206703910614525,0.5842679408582763,0.6834008097165991,0.5849256900212314,942,472,470
423,342,122,55,0.8849372384937239,0.2629310344827586,0.5529411764705883,0.6892655367231638,0.5739341364882412,0.6806114239742558,0.578556263269639,942,478,464
397,318,154,73,0.8446808510638298,0.326271186440678,0.5552447552447553,0.6784140969162996,0.5854760187522539,0.670042194092827,0.5849256900212314,942,470,472
421,350,120,51,0.8919491525423728,0.2553191489361702,0.5460440985732814,0.7017543859649122,0.5736341507392715,0.6773934030571198,0.5743099787685775,942,472,470
402,334,148,58,0.8739130434782608,0.3070539419087137,0.5461956521739131,0.7184466019417476,0.5904834926934872,0.6722408026755852,0.583864118895966,942,460,482
413,342,126,61,0.8713080168776371,0.2692307692307692,0.5470198675496689,0.6737967914438503,0.5702693930542032,0.6720911310008136,0.5721868365180467,942,474,468
397,339,147,59,0.8706140350877193,0.30246913580246915,0.5394021739130435,0.7135922330097088,0.5865415854450942,0.6661073825503355,0.5774946921443737,942,456,486
412,325,150,55,0.8822269807280514,0.3157894736842105,0.5590230664857531,0.7317073170731707,0.599008227206131,0.6843853820598006,0.5966029723991507,942,467,475
419,306,154,63,0.8692946058091287,0.3347826086956522,0.5779310344827586,0.7096774193548387,0.6020386072523904,0.6942833471416735,0.60828025477707,942,482,460
400,343,140,59,0.8714596949891068,0.2898550724637681,0.5383580080753702,0.7035175879396985,0.5806573837264375,0.6655574043261232,0.5732484076433121,942,459,483
435,301,152,54,0.8895705521472392,0.3355408388520971,0.5910326086956522,0.7378640776699029,0.6125556954996682,0.7102040816326531,0.6231422505307855,942,489,453
408,310,161,63,0.8662420382165605,0.34182590233545646,0.5682451253481894,0.71875,0.6040339702760085,0.6862910008410428,0.6040339702760085,942,471,471
384,333,158,67,0.8514412416851441,0.32179226069246436,0.5355648535564853,0.7022222222222222,0.5866167511888043,0.6575342465753424,0.5753715498938429,942,451,491
406,331,142,63,0.8656716417910447,0.30021141649048627,0.5508819538670285,0.6926829268292682,0.5829415291407655,0.6733001658374793,0.5817409766454352,942,469,473
397,331,155,59,0.8706140350877193,0.31893004115226337,0.5453296703296703,0.7242990654205608,0.5947720381199914,0.6706081081081081,0.5859872611464968,942,456,486
378,332,169,63,0.8571428571428571,0.3373253493013972,0.532394366197183,0.728448275862069,0.5972341032221271,0.6568201563857515,0.5806794055201698,942,441,501
411,332,131,68,0.8580375782881002,0.28293736501079914,0.5531628532974427,0.6582914572864321,0.5704874716494497,0.6726677577741408,0.5753715498938429,942,479,463
433,313,139,57,0.8836734693877552,0.3075221238938053,0.5804289544235925,0.7091836734693877,0.5955977966407802,0.7006472491909386,0.6072186836518046,942,490,452
420,332,140,50,0.8936170212765957,0.2966101694915254,0.5585106382978723,0.7368421052631579,0.5951135953840605,0.6873977086743044,0.5944798301486199,942,470,472
418,330,141,53,0.8874734607218684,0.29936305732484075,0.5588235294117647,0.7268041237113402,0.5934182590233545,0.6858080393765381,0.5934182590233545,942,471,471
398,322,173,49,0.8903803131991052,0.34949494949494947,0.5527777777777778,0.7792792792792793,0.6199376313470273,0.6820908311910883,0.6061571125265393,942,447,495
423,318,143,58,0.8794178794178794,0.31019522776572667,0.5708502024291497,0.7114427860696517,0.594806553591803,0.6923076923076924,0.6008492569002123,942,481,461
410,309,153,70,0.8541666666666666,0.33116883116883117,0.5702364394993046,0.6860986547085202,0.5926677489177489,0.6839032527105922,0.5976645435244161,942,480,462
407,336,144,55,0.8809523809523809,0.3,0.5477792732166891,0.7236180904522613,0.5904761904761905,0.6755186721991701,0.5849256900212314,942,462,480
407,343,133,59,0.8733905579399142,0.27941176470588236,0.5426666666666666,0.6927083333333334,0.5764011613228983,0.669407894736842,0.5732484076433121,942,466,476
411,329,137,65,0.8634453781512605,0.2939914163090129,0.5554054054054054,0.6782178217821783,0.5787183972301367,0.6759868421052632,0.5817409766454352,942,476,466
404,327,167,44,0.9017857142857143,0.33805668016194335,0.5526675786593708,0.7914691943127962,0.6199211972238288,0.6853265479219678,0.6061571125265393,942,448,494
409,307,164,62,0.8683651804670913,0.3481953290870488,0.5712290502793296,0.7256637168141593,0.60828025477707,0.6891322662173547,0.60828025477707,942,471,471
399,347,141,55,0.8788546255506607,0.2889344262295082,0.5348525469168901,0.7193877551020408,0.5838945258900845,0.6649999999999999,0.5732484076433121,942,454,488
396,320,168,58,0.8722466960352423,0.3442622950819672,0.553072625698324,0.7433628318584071,0.6082544955586048,0.676923076923077,0.5987261146496815,942,454,488
394,341,146,61,0.865934065934066,0.2997946611909651,0.5360544217687074,0.7053140096618358,0.5828643635625155,0.6621848739495797,0.5732484076433121,942,455,487
384,344,159,55,0.8747152619589977,0.31610337972166996,0.5274725274725275,0.7429906542056075,0.5954093208403338,0.6580976863753214,0.5764331210191083,942,439,503
402,339,143,58,0.8739130434782608,0.2966804979253112,0.5425101214574899,0.7114427860696517,0.585296770701786,0.6694421315570357,0.578556263269639,942,460,482
435,307,136,64,0.8717434869739479,0.30699774266365687,0.5862533692722371,0.68,0.5893706148188024,0.701047542304593,0.6061571125265393,942,499,443
400,334,149,59,0.8714596949891068,0.3084886128364389,0.5449591280653951,0.7163461538461539,0.5899741539127729,0.6705783738474435,0.5828025477707006,942,459,483
399,323,161,59,0.87117903930131,0.33264462809917356,0.5526315789473685,0.7318181818181818,0.6019118337002418,0.676271186440678,0.5944798301486199,942,458,484
389,319,157,77,0.8347639484978541,0.32983193277310924,0.5494350282485876,0.6709401709401709,0.5822979406354817,0.6626916524701875,0.5796178343949044,942,466,476
407,329,145,61,0.8696581196581197,0.3059071729957806,0.5529891304347826,0.7038834951456311,0.5877826463269501,0.676079734219269,0.5859872611464968,942,468,474
384,338,165,55,0.8747152619589977,0.32803180914512925,0.5318559556786704,0.75,0.6013735355520635,0.661498708010336,0.5828025477707006,942,439,503
392,332,153,65,0.8577680525164114,0.3154639175257732,0.5414364640883977,0.7018348623853211,0.5866159850210924,0.6638441998306519,0.578556263269639,942,457,485
413,331,142,56,0.8805970149253731,0.30021141649048627,0.5551075268817204,0.7171717171717171,0.5904042157079297,0.6809563066776586,0.589171974522293,942,469,473
402,337,143,60,0.8701298701298701,0.29791666666666666,0.543978349120433,0.7044334975369458,0.5840232683982683,0.6694421315570358,0.578556263269639,942,462,480
414,313,158,57,0.8789808917197452,0.3354564755838641,0.5694635488308115,0.7348837209302326,0.6072186836518046,0.691151919866444,0.6072186836518046,942,471,471
399,327,161,55,0.8788546255506607,0.32991803278688525,0.5495867768595041,0.7453703703703703,0.604386329168773,0.6762711864406779,0.5944798301486199,942,454,488
406,331,141,64,0.8638297872340426,0.298728813559322,0.5508819538670285,0.6878048780487804,0.5812793003966823,0.6727423363711682,0.5806794055201698,942,470,472
407,351,135,49,0.8925438596491229,0.2777777777777778,0.5369393139841688,0.7336956521739131,0.5851608187134503,0.670510708401977,0.5753715498938429,942,456,486
412,321,146,63,0.8673684210526316,0.31263383297644537,0.5620736698499318,0.6985645933014354,0.5900011270145384,0.6821192052980133,0.5923566878980892,942,475,467
405,351,133,53,0.8842794759825328,0.27479338842975204,0.5357142857142857,0.7150537634408602,0.5795364322061424,0.6672158154859967,0.5711252653927813,942,458,484
392,343,147,60,0.8672566371681416,0.3,0.5333333333333333,0.7101449275362319,0.5836283185840708,0.6604886267902275,0.5721868365180467,942,452,490
397,347,147,51,0.8861607142857143,0.2975708502024291,0.5336021505376344,0.7424242424242424,0.5918657822440717,0.6661073825503355,0.5774946921443737,942,448,494
395,330,153,64,0.8605664488017429,0.3167701863354037,0.5448275862068965,0.7050691244239631,0.5886683175685733,0.6672297297297298,0.5817409766454352,942,459,483
435,324,135,48,0.9006211180124224,0.29411764705882354,0.5731225296442688,0.7377049180327869,0.597369382535623,0.7004830917874396,0.6050955414012739,942,483,459
404,347,124,67,0.8577494692144374,0.2632696390658174,0.5379494007989347,0.6492146596858639,0.5605095541401274,0.6612111292962357,0.5605095541401274,942,471,471
405,344,125,68,0.8562367864693446,0.26652452025586354,0.540720961281709,0.6476683937823834,0.5613806533626041,0.6628477905073651,0.5626326963906582,942,473,469
393,342,150,57,0.8733333333333333,0.3048780487804878,0.5346938775510204,0.7246376811594203,0.5891056910569106,0.6632911392405063,0.5764331210191083,942,450,492
431,319,128,64,0.8707070707070707,0.28635346756152125,0.5746666666666667,0.6666666666666666,0.578530269134296,0.6923694779116466,0.5934182590233545,942,495,447
421,312,154,55,0.884453781512605,0.33047210300429186,0.5743519781718963,0.7368421052631579,0.6074629422584484,0.6964433416046318,0.6104033970276008,942,476,466
393,340,148,61,0.8656387665198237,0.30327868852459017,0.5361527967257844,0.7081339712918661,0.584458727522207,0.6621735467565291,0.5743099787685775,942,454,488
427,325,138,52,0.8914405010438413,0.2980561555075594,0.5678191489361702,0.7263157894736842,0.5947483282757003,0.69374492282697,0.5997876857749469,942,479,463
427,314,145,56,0.8840579710144928,0.3159041394335512,0.5762483130904184,0.7213930348258707,0.599981055224022,0.6977124183006536,0.6072186836518046,942,483,459
392,337,152,61,0.8653421633554084,0.310838445807771,0.5377229080932785,0.7136150234741784,0.5880903045815897,0.6632825719120137,0.5774946921443737,942,453,489
391,337,163,51,0.8846153846153846,0.326,0.5370879120879121,0.7616822429906542,0.6053076923076923,0.6683760683760684,0.5881104033970276,942,442,500
408,310,160,64,0.864406779661017,0.3404255319148936,0.5682451253481894,0.7142857142857143,0.6024161557879553,0.6857142857142857,0.6029723991507431,942,472,470
386,336,162,58,0.8693693693693694,0.3253012048192771,0.5346260387811634,0.7363636363636363,0.5973352870943233,0.6620926243567753,0.5817409766454352,942,444,498
398,350,135,59,0.8708971553610503,0.27835051546391754,0.5320855614973262,0.6958762886597938,0.574623835412484,0.6605809128630706,0.5658174097664543,942,457,485
421,322,142,57,0.8807531380753139,0.30603448275862066,0.566621803499327,0.7135678391959799,0.5933938104169673,0.6895986895986896,0.5976645435244161,942,478,464
402,337,142,61,0.8682505399568035,0.2964509394572025,0.543978349120433,0.6995073891625616,0.582350739707003,0.6688851913477537,0.5774946921443737,942,463,479
400,338,150,54,0.8810572687224669,0.3073770491803279,0.5420054200542005,0.7352941176470589,0.5942171589513974,0.6711409395973154,0.583864118895966,942,454,488
400,336,153,53,0.8830022075055187,0.3128834355828221,0.5434782608695652,0.7427184466019418,0.5979428215441704,0.6728343145500421,0.5870488322717622,942,453,489
390,307,178,67,0.8533916849015317,0.3670103092783505,0.5595408895265424,0.726530612244898,0.6102009970899411,0.6759098786828422,0.6029723991507431,942,457,485
401,335,143,63,0.8642241379310345,0.29916317991631797,0.5448369565217391,0.6941747572815534,0.5816936589236762,0.6683333333333333,0.5774946921443737,942,464,478
419,319,141,63,0.8692946058091287,0.3065217391304348,0.5677506775067751,0.6911764705882353,0.5879081724697817,0.6868852459016394,0.5944798301486199,942,482,460
374,356,151,61,0.8597701149425288,0.2978303747534517,0.5123287671232877,0.7122641509433962,0.5788002448479902,0.6420600858369099,0.5573248407643312,942,435,507
418,330,148,46,0.9008620689655172,0.30962343096234307,0.5588235294117647,0.7628865979381443,0.6052427499639301,0.6897689768976899,0.6008492569002123,942,464,478
419,302,151,70,0.8568507157464212,0.3333333333333333,0.5811373092926491,0.6832579185520362,0.5950920245398773,0.6925619834710744,0.6050955414012739,942,489,453
411,320,144,67,0.8598326359832636,0.3103448275862069,0.5622435020519836,0.6824644549763034,0.5850887317847353,0.6799007444168734,0.589171974522293,942,478,464
399,320,164,59,0.87117903930131,0.33884297520661155,0.5549374130737135,0.7354260089686099,0.6050110072539607,0.6779949022939676,0.5976645435244161,942,458,484
399,364,131,48,0.8926174496644296,0.26464646464646463,0.5229357798165137,0.7318435754189944,0.5786319571554471,0.659504132231405,0.5626326963906582,942,447,495
385,336,158,63,0.859375,0.31983805668016196,0.5339805825242718,0.7149321266968326,0.589606528340081,0.6586826347305389,0.5764331210191083,942,448,494
389,335,155,63,0.8606194690265486,0.3163265306122449,0.537292817679558,0.7110091743119266,0.5884729998193967,0.6615646258503401,0.5774946921443737,942,452,490
387,348,151,56,0.873589164785553,0.3026052104208417,0.5265306122448979,0.7294685990338164,0.5880971876031974,0.6570458404074703,0.5711252653927813,942,443,499
403,332,147,60,0.8704103671706264,0.3068893528183716,0.5482993197278911,0.7101449275362319,0.5886498599944989,0.6727879799666111,0.583864118895966,942,463,479
410,318,142,72,0.8506224066390041,0.30869565217391304,0.5631868131868132,0.6635514018691588,0.5796590294064585,0.6776859504132231,0.5859872611464968,942,482,460
390,343,149,60,0.8666666666666667,0.30284552845528456,0.5320600272851296,0.7129186602870813,0.5847560975609756,0.6593406593406593,0.5721868365180467,942,450,492
414,327,138,63,0.8679245283018868,0.2967741935483871,0.5587044534412956,0.6865671641791045,0.5823493609251369,0.6798029556650247,0.5859872611464968,942,477,465
416,311,150,65,0.8648648648648649,0.32537960954446854,0.5722145804676754,0.6976744186046512,0.5951222372046667,0.6887417218543046,0.6008492569002123,942,481,461
369,362,145,66,0.8482758620689655,0.2859960552268245,0.5047879616963065,0.6872037914691943,0.567135958647895,0.6329331046312179,0.5456475583864119,942,435,507
383,330,153,76,0.8344226579520697,0.3167701863354037,0.5371669004207573,0.6681222707423581,0.5755964221437367,0.6535836177474402,0.5690021231422505,942,459,483
413,323,143,63,0.8676470588235294,0.30686695278969955,0.561141304347826,0.6941747572815534,0.5872570058066144,0.6815181518151814,0.5902335456475584,942,476,466
377,337,162,66,0.8510158013544018,0.3246492985971944,0.5280112044817927,0.7105263157894737,0.5878325499757981,0.651685393258427,0.5721868365180467,942,443,499
421,317,142,62,0.8716356107660456,0.3093681917211329,0.5704607046070461,0.696078431372549,0.5905019012435893,0.6895986895986896,0.5976645435244161,942,483,459
421,314,152,55,0.884453781512605,0.3261802575107296,0.5727891156462585,0.7342995169082126,0.6053170195116673,0.6952931461601981,0.60828025477707,942,476,466
389,333,154,66,0.8549450549450549,0.3162217659137577,0.538781163434903,0.7,0.5855834104294063,0.6610025488530161,0.5764331210191083,942,455,487
388,328,164,62,0.8622222222222222,0.3333333333333333,0.5418994413407822,0.7256637168141593,0.5977777777777777,0.6655231560891938,0.5859872611464968,942,450,492
407,344,130,61,0.8696581196581197,0.2742616033755274,0.5419440745672437,0.680628272251309,0.5719598615168235,0.667760459392945,0.5700636942675159,942,468,474
395,342,151,54,0.8797327394209354,0.30628803245436104,0.5359565807327001,0.7365853658536585,0.5930103859376482,0.6661045531197303,0.5796178343949044,942,449,493
405,342,145,50,0.8901098901098901,0.29774127310061604,0.5421686746987951,0.7435897435897436,0.5939255816052531,0.6738768718801996,0.583864118895966,942,455,487
383,339,157,63,0.8587443946188341,0.3165322580645161,0.5304709141274239,0.7136363636363636,0.5876383263416751,0.6558219178082192,0.5732484076433121,942,446,496
400,317,163,62,0.8658008658008658,0.33958333333333335,0.5578800557880056,0.7244444444444444,0.6026920995670996,0.6785411365564037,0.5976645435244161,942,462,480
408,326,151,57,0.8774193548387097,0.3165618448637317,0.555858310626703,0.7259615384615384,0.5969905998512207,0.6805671392827356,0.5934182590233545,942,465,477
394,338,157,53,0.8814317673378076,0.31717171717171716,0.5382513661202186,0.7476190476190476,0.5993017422547624,0.6683630195080577,0.5849256900212314,942,447,495
430,305,147,60,0.8775510204081632,0.3252212389380531,0.5850340136054422,0.7101449275362319,0.6013861296731082,0.7020408163265306,0.6125265392781316,942,490,452
424,287,164,67,0.8635437881873728,0.36363636363636365,0.5963431786216596,0.70995670995671,0.6135900759118682,0.7054908485856906,0.6242038216560509,942,491,451
395,361,139,47,0.8936651583710408,0.278,0.5224867724867724,0.7473118279569892,0.5858325791855203,0.6594323873121869,0.5668789808917197,942,442,500
349,345,177,71,0.830952380952381,0.3390804597701149,0.5028818443804035,0.7137096774193549,0.585016420361248,0.6265709156193897,0.5583864118895966,942,420,522
397,327,165,53,0.8822222222222222,0.3353658536585366,0.5483425414364641,0.7568807339449541,0.6087940379403795,0.676320272572402,0.5966029723991507,942,450,492
411,299,160,72,0.8509316770186336,0.3485838779956427,0.5788732394366197,0.6896551724137931,0.5997577775071381,0.6890192791282481,0.6061571125265393,942,483,459
416,323,141,62,0.8702928870292888,0.30387931034482757,0.5629228687415426,0.6945812807881774,0.5870860986870582,0.6836483155299918,0.5912951167728238,942,478,464
379,344,166,53,0.8773148148148148,0.3254901960784314,0.5242047026279392,0.7579908675799086,0.6014025054466231,0.6562770562770562,0.578556263269639,942,432,510
403,340,146,53,0.8837719298245614,0.3004115226337449,0.5423956931359354,0.7336683417085427,0.5920917262291532,0.6722268557130942,0.5828025477707006,942,456,486
397,319,168,58,0.8725274725274725,0.34496919917864477,0.5544692737430168,0.7433628318584071,0.6087483358530587,0.6780529461998293,0.5997876857749469,942,455,487
403,307,164,68,0.8556263269639066,0.3481953290870488,0.5676056338028169,0.7068965517241379,0.6019108280254777,0.682472480948349,0.6019108280254777,942,471,471
396,349,143,54,0.88,0.29065040650406504,0.5315436241610738,0.7258883248730964,0.5853252032520325,0.6627615062761506,0.5721868365180467,942,450,492
416,309,152,65,0.8648648648648649,0.3297180043383948,0.5737931034482758,0.7004608294930875,0.5972914346016298,0.6898839137645107,0.6029723991507431,942,481,461
385,340,149,68,0.8498896247240618,0.3047034764826176,0.5310344827586206,0.6866359447004609,0.5772965506033397,0.6536502546689303,0.5668789808917197,942,453,489
429,308,144,61,0.8755102040816326,0.3185840707964602,0.582089552238806,0.7024390243902439,0.5970471374390464,0.6992665036674817,0.60828025477707,942,490,452
391,327,158,66,0.8555798687089715,0.32577319587628867,0.5445682451253482,0.7053571428571429,0.5906765322926301,0.665531914893617,0.5828025477707006,942,457,485
413,332,142,55,0.8824786324786325,0.29957805907172996,0.5543624161073826,0.7208121827411168,0.5910283457751813,0.6809563066776587,0.589171974522293,942,468,474
413,327,136,66,0.8622129436325678,0.2937365010799136,0.5581081081081081,0.6732673267326733,0.5779747223562407,0.6776045939294504,0.5828025477707006,942,479,463
408,345,140,49,0.8927789934354485,0.28865979381443296,0.5418326693227091,0.7407407407407407,0.5907193936249407,0.6743801652892562,0.5817409766454352,942,457,485
411,344,140,47,0.8973799126637555,0.2892561983471074,0.5443708609271524,0.7486631016042781,0.5933180555054315,0.6776586974443529,0.5849256900212314,942,458,484
392,334,161,55,0.8769574944071589,0.32525252525252524,0.5399449035812672,0.7453703703703703,0.601105009829842,0.6683716965046889,0.5870488322717622,942,447,495
387,322,175,58,0.8696629213483146,0.352112676056338,0.5458392101551481,0.7510729613733905,0.6108877987023262,0.6707105719237435,0.5966029723991507,942,445,497
409,343,135,55,0.8814655172413793,0.2824267782426778,0.5438829787234043,0.7105263157894737,0.5819461477420286,0.6726973684210528,0.5774946921443737,942,464,478
396,327,149,70,0.8497854077253219,0.3130252100840336,0.5477178423236515,0.680365296803653,0.5814053089046778,0.6661059714045416,0.578556263269639,942,466,476
422,298,153,69,0.8594704684317719,0.3392461197339246,0.5861111111111111,0.6891891891891891,0.5993582940828482,0.6969446738232865,0.6104033970276008,942,491,451
428,315,138,61,0.8752556237218814,0.304635761589404,0.576043068640646,0.6934673366834171,0.5899456926556427,0.6948051948051949,0.6008492569002123,942,489,453
391,356,130,65,0.8574561403508771,0.2674897119341564,0.5234270414993306,0.6666666666666666,0.5624729261425168,0.6500415627597672,0.5530785562632696,942,456,486
396,336,157,53,0.8819599109131403,0.3184584178498986,0.5409836065573771,0.7476190476190476,0.6002091643815195,0.6706181202370872,0.5870488322717622,942,449,493
428,323,126,65,0.8681541582150102,0.2806236080178174,0.5699067909454061,0.6596858638743456,0.5743888831164138,0.6881028938906752,0.5881104033970276,942,493,449
428,315,143,56,0.8842975206611571,0.31222707423580787,0.576043068640646,0.7185929648241206,0.5982622974484825,0.697636511817441,0.6061571125265393,942,484,458
384,348,144,66,0.8533333333333334,0.2926829268292683,0.5245901639344263,0.6857142857142857,0.5730081300813008,0.6497461928934011,0.5605095541401274,942,450,492
398,330,155,59,0.8708971553610503,0.31958762886597936,0.5467032967032966,0.7242990654205608,0.5952423921135148,0.671729957805907,0.5870488322717622,942,457,485
415,315,149,63,0.8682008368200836,0.32112068965517243,0.5684931506849316,0.7028301886792453,0.5946607632376281,0.6870860927152319,0.5987261146496815,942,478,464
393,343,155,51,0.8851351351351351,0.3112449799196787,0.5339673913043478,0.7524271844660194,0.5981900575274068,0.6661016949152543,0.5817409766454352,942,444,498
401,341,141,59,0.8717391304347826,0.2925311203319502,0.5404312668463612,0.705,0.5821351253833664,0.6672212978369385,0.5753715498938429,942,460,482
445,324,120,53,0.893574297188755,0.2702702702702703,0.5786736020806242,0.6936416184971098,0.5819222837295126,0.7024467245461722,0.5997876857749469,942,498,444
429,298,158,57,0.8827160493827161,0.34649122807017546,0.5900962861072903,0.7348837209302326,0.6146036387264457,0.7073371805441055,0.6231422505307855,942,486,456
428,300,149,65,0.8681541582150102,0.33184855233853006,0.5879120879120879,0.6962616822429907,0.6000013552767701,0.7010647010647011,0.6125265392781316,942,493,449
397,351,131,63,0.8630434782608696,0.2717842323651452,0.5307486631016043,0.6752577319587629,0.5674138553130074,0.6572847682119205,0.5605095541401274,942,460,482
440,310,138,54,0.8906882591093117,0.3080357142857143,0.5866666666666667,0.71875,0.5993619866975131,0.707395498392283,0.613588110403397,942,494,448
396,346,158,42,0.9041095890410958,0.3134920634920635,0.5336927223719676,0.79,0.6088008262665796,0.6711864406779662,0.5881104033970276,942,438,504
427,313,151,51,0.893305439330544,0.3254310344827586,0.577027027027027,0.7475247524752475,0.6093682369066513,0.7011494252873564,0.613588110403397,942,478,464
402,324,145,71,0.8498942917547568,0.3091684434968017,0.5537190082644629,0.6712962962962963,0.5795313676257793,0.6705587989991659,0.5806794055201698,942,473,469
415,335,140,52,0.8886509635974305,0.29473684210526313,0.5533333333333333,0.7291666666666666,0.5916939028513468,0.6820049301561216,0.589171974522293,942,467,475
414,323,150,55,0.8827292110874201,0.3171247357293869,0.5617367706919946,0.7317073170731707,0.5999269734084035,0.6865671641791044,0.5987261146496815,942,469,473
407,326,153,56,0.8790496760259179,0.31941544885177453,0.5552523874488404,0.7320574162679426,0.5992325624388462,0.6806020066889632,0.5944798301486199,942,463,479
411,329,142,60,0.8726114649681529,0.30148619957537154,0.5554054054054054,0.7029702970297029,0.5870488322717622,0.6787778695293146,0.5870488322717622,942,471,471
422,334,137,49,0.8959660297239915,0.2908704883227176,0.5582010582010583,0.7365591397849462,0.5934182590233545,0.6878565607171965,0.5934182590233545,942,471,471
378,354,149,61,0.8610478359908884,0.2962226640159046,0.5163934426229508,0.7095238095238096,0.5786352500033964,0.645602049530316,0.559447983014862,942,439,503
445,295,142,60,0.8811881188118812,0.32494279176201374,0.6013513513513513,0.7029702970297029,0.6030654552869474,0.714859437751004,0.6231422505307855,942,505,437
409,320,136,77,0.8415637860082305,0.2982456140350877,0.5610425240054869,0.6384976525821596,0.569904700021659,0.6732510288065844,0.578556263269639,942,486,456
392,329,164,57,0.8730512249443207,0.332657200811359,0.5436893203883495,0.7420814479638009,0.6028542128778399,0.67008547008547,0.5902335456475584,942,449,493
400,314,168,60,0.8695652173913043,0.34854771784232363,0.5602240896358543,0.7368421052631579,0.609056467616814,0.6814310051107325,0.6029723991507431,942,460,482
407,334,141,60,0.8715203426124197,0.2968421052631579,0.5492577597840755,0.7014925373134329,0.5841812239377888,0.6738410596026491,0.5817409766454352,942,467,475
429,314,151,48,0.89937106918239,0.3247311827956989,0.5773889636608345,0.7587939698492462,0.6120511259890444,0.7032786885245902,0.6157112526539278,942,477,465
423,308,146,65,0.8668032786885246,0.32158590308370044,0.5786593707250342,0.6919431279620853,0.5941945908861125,0.6940114848236258,0.6040339702760085,942,488,454
376,334,153,79,0.8263736263736263,0.3141683778234086,0.5295774647887324,0.6594827586206896,0.5702710020985174,0.6454935622317596,0.5615711252653928,942,455,487
373,350,168,51,0.8797169811320755,0.32432432432432434,0.5159059474412172,0.7671232876712328,0.6020206527281999,0.6503923278116827,0.5743099787685775,942,424,518
393,335,136,78,0.8343949044585988,0.28874734607218683,0.5398351648351648,0.6355140186915887,0.5615711252653928,0.6555462885738115,0.5615711252653928,942,471,471
408,331,134,69,0.8553459119496856,0.28817204301075267,0.5520974289580515,0.6600985221674877,0.5717589774802191,0.6710526315789475,0.5753715498938429,942,477,465
399,322,148,73,0.8453389830508474,0.3148936170212766,0.5533980582524272,0.669683257918552,0.5801163000360621,0.6689019279128248,0.5806794055201698,942,472,470
392,357,122,71,0.8466522678185745,0.2546972860125261,0.5233644859813084,0.6321243523316062,0.5506747769155503,0.6468646864686468,0.5456475583864119,942,463,479
392,347,156,47,0.8929384965831435,0.3101391650099404,0.530446549391069,0.7684729064039408,0.6015388307965419,0.66553480475382,0.5817409766454352,942,439,503
386,333,156,67,0.8520971302428256,0.31901840490797545,0.5368567454798331,0.6995515695067265,0.5855577675754006,0.658703071672355,0.5753715498938429,942,453,489
393,345,148,56,0.8752783964365256,0.3002028397565923,0.532520325203252,0.7254901960784313,0.587740618096559,0.6621735467565291,0.5743099787685775,942,449,493
410,335,148,49,0.8932461873638344,0.3064182194616977,0.5503355704697986,0.751269035532995,0.5998322034127661,0.681063122923588,0.5923566878980892,942,459,483
419,322,125,76,0.8464646464646465,0.2796420581655481,0.5654520917678812,0.6218905472636815,0.5630533523150973,0.6779935275080906,0.5774946921443737,942,495,447
385,340,154,63,0.859375,0.3117408906882591,0.5310344827586206,0.7096774193548387,0.5855579453441295,0.6564364876385337,0.5721868365180467,942,448,494
398,336,145,63,0.8633405639913232,0.30145530145530147,0.5422343324250681,0.6971153846153846,0.5823979327233123,0.6661087866108786,0.5764331210191083,942,461,481
410,318,151,63,0.8668076109936576,0.32196162046908317,0.5631868131868132,0.705607476635514,0.5943846157313704,0.6827643630308077,0.5955414012738853,942,473,469
393,343,146,60,0.8675496688741722,0.2985685071574642,0.5339673913043478,0.7087378640776699,0.5830590880158182,0.6610597140454163,0.5721868365180467,942,453,489
405,319,154,64,0.8635394456289979,0.32558139534883723,0.5593922651933702,0.7064220183486238,0.5945604204889176,0.6789606035205364,0.5934182590233545,942,469,473
390,332,145,75,0.8387096774193549,0.3039832285115304,0.5401662049861495,0.6590909090909091,0.5713464529654426,0.6571187868576241,0.5679405520169851,942,465,477
397,337,157,51,0.8861607142857143,0.31781376518218624,0.5408719346049047,0.7548076923076923,0.6019872397339503,0.6717428087986463,0.5881104033970276,942,448,494
400,329,163,50,0.8888888888888888,0.3313008130081301,0.5486968449931413,0.7652582159624414,0.6100948509485095,0.6785411365564037,0.5976645435244161,942,450,492
350,353,166,73,0.8274231678486997,0.3198458574181118,0.49786628733997157,0.694560669456067,0.5736345126334057,0.6216696269982237,0.5477707006369427,942,423,519
403,347,143,49,0.8915929203539823,0.29183673469387755,0.5373333333333333,0.7447916666666666,0.5917148275239299,0.670549084858569,0.5796178343949044,942,452,490
410,347,123,62,0.8686440677966102,0.26170212765957446,0.5416116248348745,0.6648648648648648,0.5651730977280923,0.6672091131000814,0.5658174097664543,942,472,470
409,325,149,59,0.8739316239316239,0.3143459915611814,0.5572207084468664,0.7163461538461539,0.5941388077464027,0.6805324459234608,0.5923566878980892,942,468,474
398,335,135,74,0.8432203389830508,0.2872340425531915,0.5429740791268759,0.645933014354067,0.5652271907681212,0.6605809128630705,0.5658174097664543,942,472,470
376,359,141,66,0.8506787330316742,0.282,0.5115646258503401,0.6811594202898551,0.566339366515837,0.6389124893797792,0.5488322717622081,942,442,500
405,328,150,59,0.8728448275862069,0.3138075313807531,0.5525238744884038,0.7177033492822966,0.59332617948348,0.6766917293233082,0.589171974522293,942,464,478
381,339,151,71,0.8429203539823009,0.3081632653061224,0.5291666666666667,0.6801801801801802,0.5755418096442116,0.6501706484641638,0.564755838641189,942,452,490
443,318,129,52,0.8949494949494949,0.28859060402684567,0.5821287779237845,0.712707182320442,0.5917700494881704,0.7054140127388535,0.6072186836518046,942,495,447
407,319,164,52,0.8867102396514162,0.33954451345755693,0.5606060606060606,0.7592592592592593,0.6131273765544866,0.6869198312236287,0.6061571125265393,942,459,483
382,343,151,66,0.8526785714285714,0.305668016194332,0.526896551724138,0.695852534562212,0.5791732938114517,0.6513213981244672,0.5658174097664543,942,448,494
423,333,129,57,0.88125,0.2792207792207792,0.5595238095238095,0.6935483870967742,0.5802353896103896,0.6844660194174758,0.5859872611464968,942,480,462
401,316,168,57,0.8755458515283843,0.34710743801652894,0.5592747559274756,0.7466666666666667,0.6113266447724566,0.6825531914893617,0.6040339702760085,942,458,484
401,338,141,62,0.8660907127429806,0.29436325678496866,0.5426251691474966,0.6945812807881774,0.5802269847639746,0.6672212978369384,0.5753715498938429,942,463,479
420,325,139,58,0.8786610878661087,0.2995689655172414,0.5637583892617449,0.7055837563451777,0.589115026691675,0.686835650040883,0.5934182590233545,942,478,464
416,339,142,45,0.9023861171366594,0.29521829521829523,0.5509933774834437,0.7593582887700535,0.5988022061774774,0.6842105263157894,0.5923566878980892,942,461,481
388,338,160,56,0.8738738738738738,0.321285140562249,0.5344352617079889,0.7407407407407407,0.5975795072180614,0.6632478632478632,0.5817409766454352,942,444,498
395,352,140,55,0.8777777777777778,0.2845528455284553,0.5287817938420348,0.717948717948718,0.5811653116531166,0.659983291562239,0.5679405520169851,942,450,492
387,344,149,62,0.8619153674832962,0.3022312373225152,0.5294117647058824,0.7061611374407583,0.5820733024029057,0.6559322033898305,0.5690021231422505,942,449,493
393,341,152,56,0.8752783964365256,0.30831643002028397,0.5354223433242506,0.7307692307692307,0.5917974132284047,0.6644125105663566,0.578556263269639,942,449,493
430,313,138,61,0.8757637474541752,0.30598669623059865,0.5787348586810229,0.6934673366834171,0.5908752218423869,0.6969205834683956,0.6029723991507431,942,491,451
398,338,148,58,0.8728070175438597,0.3045267489711934,0.5407608695652174,0.7184466019417476,0.5886668832575266,0.6677852348993288,0.5796178343949044,942,456,486
395,353,140,54,0.8797327394209354,0.2839756592292089,0.5280748663101604,0.7216494845360825,0.5818541993250722,0.6599832915622389,0.5679405520169851,942,449,493
391,346,148,57,0.8727678571428571,0.29959514170040485,0.5305291723202171,0.7219512195121951,0.586181499421631,0.659915611814346,0.5721868365180467,942,448,494
388,332,163,59,0.8680089485458613,0.3292929292929293,0.5388888888888889,0.7342342342342343,0.5986509389193952,0.6649528706083976,0.5849256900212314,942,447,495
416,319,146,61,0.8721174004192872,0.3139784946236559,0.5659863945578232,0.7053140096618358,0.5930479475214716,0.6864686468646866,0.5966029723991507,942,477,465
414,331,132,65,0.8643006263048016,0.28509719222462204,0.5557046979865772,0.6700507614213198,0.5746989092647119,0.676470588235294,0.5796178343949044,942,479,463
393,348,136,65,0.8580786026200873,0.2809917355371901,0.5303643724696356,0.6766169154228856,0.5695351690786387,0.6555462885738115,0.5615711252653928,942,458,484
428,316,153,45,0.904862579281184,0.326226012793177,0.5752688172043011,0.7727272727272727,0.6155442960371804,0.7033689400164339,0.6167728237791932,942,473,469
414,302,162,64,0.8661087866108786,0.34913793103448276,0.5782122905027933,0.7168141592920354,0.6076233588226807,0.6934673366834172,0.6114649681528662,942,478,464
420,326,135,61,0.8731808731808732,0.2928416485900217,0.5630026809651475,0.6887755102040817,0.5830112608854474,0.684596577017115,0.589171974522293,942,481,461
424,314,139,65,0.8670756646216768,0.3068432671081678,0.5745257452574526,0.6813725490196079,0.5869594658649223,0.6911165444172779,0.5976645435244161,942,489,453
396,319,160,67,0.8552915766738661,0.33402922755741127,0.5538461538461539,0.7048458149779736,0.5946604021156388,0.6723259762308998,0.5902335456475584,942,463,479
400,335,129,78,0.8368200836820083,0.27801724137931033,0.54421768707483,0.6231884057971014,0.5574186625306593,0.6595218466611706,0.5615711252653928,942,478,464
425,308,151,58,0.8799171842650103,0.3289760348583878,0.5798090040927695,0.722488038277512,0.604446609561699,0.6990131578947367,0.6114649681528662,942,483,459
386,357,145,54,0.8772727272727273,0.28884462151394424,0.5195154777927322,0.7286432160804021,0.5830586743933358,0.6525781910397295,0.5636942675159236,942,440,502
393,326,173,50,0.8871331828442438,0.3466933867735471,0.5465924895688457,0.7757847533632287,0.6169132848088954,0.676419965576592,0.6008492569002123,942,443,499
406,320,158,58,0.875,0.3305439330543933,0.559228650137741,0.7314814814814815,0.6027719665271967,0.6823529411764706,0.5987261146496815,942,464,478
393,326,155,68,0.8524945770065075,0.32224532224532226,0.5465924895688457,0.695067264573991,0.5873699496259149,0.6661016949152542,0.5817409766454352,942,461,481
405,325,152,60,0.8709677419354839,0.31865828092243187,0.5547945205479452,0.7169811320754716,0.5948130114289578,0.6778242677824268,0.5912951167728238,942,465,477
418,329,140,55,0.8837209302325582,0.29850746268656714,0.5595716198125836,0.717948717948718,0.5911141964595626,0.6852459016393442,0.5923566878980892,942,473,469
406,327,139,70,0.8529411764705882,0.2982832618025751,0.5538881309686221,0.6650717703349283,0.5756122191365817,0.6716294458229943,0.578556263269639,942,476,466
398,326,167,51,0.8864142538975501,0.33874239350912777,0.5497237569060773,0.7660550458715596,0.612578323703339,0.6786018755328218,0.5997876857749469,942,449,493
397,325,152,68,0.853763440860215,0.31865828092243187,0.5498614958448753,0.6909090909090909,0.5862108608913235,0.6689132266217355,0.5828025477707006,942,465,477
385,336,149,72,0.8424507658643327,0.30721649484536084,0.5339805825242718,0.6742081447963801,0.5748336303548467,0.6536502546689305,0.5668789808917197,942,457,485
425,298,154,65,0.8673469387755102,0.3407079646017699,0.5878284923928078,0.7031963470319634,0.60402745168864,0.7007419620774938,0.6146496815286624,942,490,452
401,319,152,70,0.851380042462845,0.3227176220806794,0.5569444444444445,0.6846846846846847,0.5870488322717622,0.6733837111670865,0.5870488322717622,942,471,471
397,351,133,61,0.8668122270742358,0.27479338842975204,0.5307486631016043,0.6855670103092784,0.5708028077519939,0.6583747927031509,0.5626326963906582,942,458,484
396,333,162,51,0.8859060402684564,0.32727272727272727,0.5432098765432098,0.7605633802816901,0.6065893837705918,0.673469387755102,0.5923566878980892,942,447,495
427,312,144,59,0.8786008230452675,0.3157894736842105,0.577807848443843,0.7093596059113301,0.5971951483647391,0.6971428571428572,0.6061571125265393,942,486,456
401,340,146,55,0.8793859649122807,0.3004115226337449,0.5411605937921727,0.7263681592039801,0.5898987437730128,0.6700083542188806,0.5806794055201698,942,456,486
403,321,143,75,0.8430962343096234,0.3081896551724138,0.5566298342541437,0.6559633027522935,0.5756429447410186,0.6705490848585691,0.5796178343949044,942,478,464
414,334,131,63,0.8679245283018868,0.2817204301075269,0.553475935828877,0.6752577319587629,0.5748224792047069,0.6759183673469388,0.578556263269639,942,477,465
406,341,137,58,0.875,0.28661087866108786,0.5435073627844712,0.7025641025641025,0.580805439330544,0.6705202312138727,0.5764331210191083,942,464,478
398,330,156,58,0.8728070175438597,0.32098765432098764,0.5467032967032966,0.7289719626168224,0.5968973359324237,0.6722972972972973,0.5881104033970276,942,456,486
398,355,130,59,0.8708971553610503,0.26804123711340205,0.5285524568393094,0.6878306878306878,0.5694691962372261,0.6578512396694214,0.5605095541401274,942,457,485
426,294,162,60,0.8765432098765432,0.35526315789473684,0.5916666666666667,0.7297297297297297,0.61590318388564,0.7064676616915423,0.6242038216560509,942,486,456
405,340,134,63,0.8653846153846154,0.28270042194092826,0.5436241610738255,0.6802030456852792,0.5740425186627718,0.6677658697444353,0.5721868365180467,942,468,474
410,322,141,69,0.8559498956158664,0.3045356371490281,0.5601092896174863,0.6714285714285714,0.5802427663824472,0.6771263418662262,0.5849256900212314,942,479,463
391,335,157,59,0.8688888888888889,0.31910569105691056,0.5385674931129476,0.7268518518518519,0.5939972899728998,0.6649659863945577,0.5817409766454352,942,450,492
395,327,162,58,0.8719646799116998,0.3312883435582822,0.5470914127423823,0.7363636363636363,0.601626511734991,0.6723404255319149,0.5912951167728238,942,453,489
399,333,138,72,0.8471337579617835,0.2929936305732484,0.5450819672131147,0.6571428571428571,0.5700636942675159,0.6633416458852869,0.5700636942675159,942,471,471
431,319,141,51,0.8941908713692946,0.3065217391304348,0.5746666666666667,0.734375,0.6003563052498647,0.6996753246753247,0.6072186836518046,942,482,460
404,318,155,65,0.8614072494669509,0.3276955602536998,0.5595567867036011,0.7045454545454546,0.5945514048603253,0.6784214945424013,0.5934182590233545,942,469,473
413,339,131,59,0.875,0.27872340425531916,0.5492021276595744,0.6894736842105263,0.5768617021276596,0.6748366013071895,0.5774946921443737,942,472,470
416,320,144,62,0.8702928870292888,0.3103448275862069,0.5652173913043478,0.6990291262135923,0.5903188573077478,0.685337726523888,0.5944798301486199,942,478,464
403,325,143,71,0.8502109704641351,0.3055555555555556,0.5535714285714286,0.6682242990654206,0.5778832630098454,0.670549084858569,0.5796178343949044,942,474,468
386,365,138,53,0.8792710706150342,0.27435387673956263,0.5139813581890812,0.7225130890052356,0.5768124736772984,0.6487394957983194,0.5562632696390658,942,439,503
422,307,143,70,0.8577235772357723,0.31777777777777777,0.578875171467764,0.6713615023474179,0.587750677506775,0.6912366912366912,0.5997876857749469,942,492,450
402,331,162,47,0.8953229398663697,0.3286004056795132,0.548431105047749,0.7751196172248804,0.6119616727729414,0.6802030456852791,0.5987261146496815,942,449,493
424,311,152,55,0.8851774530271399,0.3282937365010799,0.5768707482993197,0.7342995169082126,0.6067355947641099,0.6985172981878089,0.6114649681528662,942,479,463
406,332,133,71,0.8511530398322851,0.2860215053763441,0.5501355013550135,0.6519607843137255,0.5685872726043146,0.6683127572016461,0.5721868365180467,942,477,465
421,326,141,54,0.8863157894736842,0.3019271948608137,0.5635876840696118,0.7230769230769231,0.594121492167249,0.6890343698854337,0.5966029723991507,942,475,467
426,333,128,55,0.8856548856548857,0.27765726681127983,0.5612648221343873,0.6994535519125683,0.5816560762330828,0.6870967741935484,0.5881104033970276,942,481,461
404,323,148,67,0.8577494692144374,0.31422505307855625,0.5557083906464925,0.6883720930232559,0.5859872611464968,0.6744574290484141,0.5859872611464968,942,471,471
384,347,158,53,0.8787185354691075,0.31287128712871287,0.5253077975376197,0.7488151658767772,0.5957949112989102,0.6575342465753425,0.5753715498938429,942,437,505
418,329,137,58,0.8781512605042017,0.2939914163090129,0.5595716198125836,0.7025641025641025,0.5860713384066073,0.6835650040883074,0.589171974522293,942,476,466
383,348,156,55,0.8744292237442922,0.30952380952380953,0.5239398084815321,0.7393364928909952,0.5919765166340509,0.6552609067579126,0.5721868365180467,942,438,504
397,329,146,70,0.8501070663811563,0.30736842105263157,0.546831955922865,0.6759259259259259,0.5787377437168939,0.6655490360435876,0.5764331210191083,942,467,475
378,347,163,54,0.875,0.3196078431372549,0.5213793103448275,0.7511520737327189,0.5973039215686274,0.6534140017286083,0.5743099787685775,942,432,510
390,331,146,75,0.8387096774193549,0.3060796645702306,0.5409153952843273,0.6606334841628959,0.5723946709947927,0.6576728499156831,0.5690021231422505,942,465,477
391,355,134,62,0.8631346578366446,0.2740286298568507,0.5241286863270778,0.6836734693877551,0.5685816438467477,0.652210175145955,0.5573248407643312,942,453,489
397,348,140,57,0.8744493392070485,0.28688524590163933,0.5328859060402684,0.7106598984771574,0.5806672925543439,0.6622185154295246,0.5700636942675159,942,454,488
390,342,142,68,0.851528384279476,0.29338842975206614,0.5327868852459017,0.6761904761904762,0.572458407015771,0.6554621848739497,0.564755838641189,942,458,484
424,314,155,49,0.8964059196617337,0.3304904051172708,0.5745257452574526,0.7598039215686274,0.6134481623895023,0.7002477291494634,0.6146496815286624,942,473,469
398,331,144,69,0.8522483940042827,0.3031578947368421,0.5459533607681756,0.676056338028169,0.5777031443705624,0.665551839464883,0.5753715498938429,942,467,475
403,321,167,51,0.8876651982378855,0.3422131147540984,0.5566298342541437,0.7660550458715596,0.614939156495992,0.6842105263157895,0.6050955414012739,942,454,488
395,330,157,60,0.8681318681318682,0.32238193018480493,0.5448275862068965,0.7235023041474654,0.5952568991583366,0.6694915254237288,0.5859872611464968,942,455,487
405,352,145,40,0.9101123595505618,0.2917505030181087,0.535006605019815,0.7837837837837838,0.6009314312843352,0.6738768718801996,0.583864118895966,942,445,497
423,322,135,62,0.8721649484536083,0.29540481400437635,0.5677852348993289,0.6852791878172588,0.5837848812289923,0.6878048780487804,0.5923566878980892,942,485,457
401,356,136,49,0.8911111111111111,0.2764227642276423,0.5297225891677675,0.7351351351351352,0.5837669376693767,0.6644573322286661,0.5700636942675159,942,450,492
403,318,149,72,0.848421052631579,0.31905781584582443,0.5589459084604715,0.6742081447963801,0.5837394342387017,0.6739130434782609,0.5859872611464968,942,475,467
379,321,176,66,0.851685393258427,0.35412474849094566,0.5414285714285715,0.7272727272727273,0.6029050708746864,0.6620087336244542,0.589171974522293,942,445,497
421,304,164,53,0.8881856540084389,0.3504273504273504,0.5806896551724138,0.7557603686635944,0.6193065022178946,0.7022518765638031,0.6210191082802548,942,474,468
392,342,147,61,0.8653421633554084,0.3006134969325153,0.5340599455040872,0.7067307692307693,0.5829778301439619,0.6604886267902276,0.5721868365180467,942,453,489
386,337,154,65,0.8558758314855875,0.3136456211812627,0.5338865836791148,0.7031963470319634,0.5847607263334251,0.6575809199318569,0.5732484076433121,942,451,491
385,353,133,71,0.8442982456140351,0.2736625514403292,0.521680216802168,0.6519607843137255,0.5589803985271822,0.6448911222780569,0.5498938428874734,942,456,486
399,336,149,58,0.8730853391684902,0.30721649484536084,0.5428571428571428,0.7198067632850241,0.5901509170069255,0.6694630872483222,0.5817409766454352,942,457,485
404,341,142,55,0.8801742919389978,0.2939958592132505,0.5422818791946309,0.7208121827411168,0.5870850755761241,0.6710963455149502,0.5796178343949044,942,459,483
398,340,144,60,0.868995633187773,0.2975206611570248,0.5392953929539296,0.7058823529411765,0.5832581471723989,0.665551839464883,0.5753715498938429,942,458,484
416,307,154,65,0.8648648648648649,0.33405639913232105,0.5753803596127247,0.7031963470319634,0.599460631998593,0.6910299003322259,0.6050955414012739,942,481,461
389,332,155,66,0.8549450549450549,0.3182751540041068,0.5395284327323162,0.7013574660633484,0.5866101044745808,0.6615646258503401,0.5774946921443737,942,455,487
407,330,153,52,0.8867102396514162,0.3167701863354037,0.5522388059701493,0.7463414634146341,0.60174021299341,0.6806020066889632,0.5944798301486199,942,459,483
389,355,139,59,0.8683035714285714,0.2813765182186235,0.5228494623655914,0.702020202020202,0.5748400448235974,0.6526845637583892,0.5605095541401274,942,448,494
407,325,152,58,0.875268817204301,0.31865828092243187,0.5560109289617486,0.7238095238095238,0.5969635490633665,0.6800334168755221,0.5934182590233545,942,465,477
413,330,138,61,0.8713080168776371,0.2948717948717949,0.5558546433378196,0.6934673366834171,0.583089905874716,0.6787181594083813,0.5849256900212314,942,474,468
380,364,149,49,0.8857808857808858,0.290448343079922,0.510752688172043,0.7525252525252525,0.5881146144304039,0.6479113384484229,0.5615711252653928,942,429,513
404,319,139,80,0.8347107438016529,0.3034934497816594,0.5587828492392808,0.634703196347032,0.5691020967916561,0.6694283347141674,0.5764331210191083,942,484,458
415,316,146,65,0.8645833333333334,0.31601731601731603,0.5677154582763337,0.6919431279620853,0.5903003246753247,0.685383980181668,0.5955414012738853,942,480,462
394,320,157,71,0.8473118279569892,0.32914046121593293,0.5518207282913166,0.6885964912280702,0.588226144586461,0.6683630195080577,0.5849256900212314,942,465,477
411,337,131,63,0.8670886075949367,0.2799145299145299,0.5494652406417112,0.6752577319587629,0.5735015687547333,0.6726677577741407,0.5753715498938429,942,474,468
405,352,130,55,0.8804347826086957,0.2697095435684647,0.535006605019815,0.7027027027027027,0.5750721630885802,0.6655710764174199,0.5679405520169851,942,460,482
421,312,152,57,0.8807531380753139,0.3275862068965517,0.5743519781718963,0.7272727272727273,0.6041696724859328,0.6952931461601982,0.60828025477707,942,478,464
409,311,167,55,0.8814655172413793,0.3493723849372385,0.5680555555555555,0.7522522522522522,0.6154189510893089,0.6908783783783783,0.6114649681528662,942,464,478
409,325,155,53,0.8852813852813853,0.3229166666666667,0.5572207084468664,0.7451923076923077,0.604099025974026,0.6839464882943144,0.5987261146496815,942,462,480
414,330,143,55,0.8827292110874201,0.3023255813953488,0.5564516129032258,0.7222222222222222,0.5925273962413844,0.6826051112943116,0.5912951167728238,942,469,473
421,314,147,60,0.8752598752598753,0.3188720173535792,0.5727891156462585,0.7101449275362319,0.5970659463067272,0.6924342105263158,0.6029723991507431,942,481,461
413,317,148,64,0.8658280922431866,0.31827956989247314,0.5657534246575342,0.6981132075471698,0.5920538310678298,0.684341342170671,0.5955414012738853,942,477,465
372,349,158,63,0.8551724137931035,0.3116370808678501,0.5159500693481276,0.7149321266968326,0.5834047473304768,0.643598615916955,0.5626326963906582,942,435,507
402,323,166,51,0.8874172185430463,0.3394683026584867,0.5544827586206896,0.7649769585253456,0.6134427606007665,0.6825127334465195,0.6029723991507431,942,453,489
429,308,137,68,0.8631790744466801,0.30786516853932583,0.582089552238806,0.6682926829268293,0.585522121493003,0.6952998379254456,0.6008492569002123,942,497,445
402,337,151,52,0.8854625550660793,0.3094262295081967,0.543978349120433,0.7438423645320197,0.597444392287138,0.6739312657166806,0.5870488322717622,942,454,488
408,308,168,58,0.8755364806866953,0.35294117647058826,0.5698324022346368,0.7433628318584071,0.6142388285786418,0.6903553299492385,0.6114649681528662,942,466,476
394,335,149,64,0.8602620087336245,0.30785123966942146,0.5404663923182441,0.6995305164319249,0.5840566242015229,0.6638584667228307,0.5764331210191083,942,458,484
401,313,165,63,0.8642241379310345,0.34518828451882844,0.561624649859944,0.7236842105263158,0.6047062112249315,0.6808149405772496,0.6008492569002123,942,464,478
419,325,138,60,0.8747390396659708,0.2980561555075594,0.5631720430107527,0.696969696969697,0.586397597586765,0.6852003270645953,0.5912951167728238,942,479,463
413,313,149,67,0.8604166666666667,0.3225108225108225,0.568870523415978,0.6898148148148148,0.5914637445887446,0.6849087893864013,0.5966029723991507,942,480,462
398,330,157,57,0.8747252747252747,0.32238193018480493,0.5467032967032966,0.7336448598130841,0.5985536024550399,0.672865595942519,0.589171974522293,942,455,487
423,329,136,54,0.8867924528301887,0.2924731182795699,0.5625,0.7157894736842105,0.5896327855548793,0.6883645240032548,0.5934182590233545,942,477,465
403,331,149,59,0.8722943722943723,0.3104166666666667,0.5490463215258855,0.7163461538461539,0.5913555194805196,0.6739130434782609,0.5859872611464968,942,462,480
405,323,150,64,0.8635394456289979,0.3171247357293869,0.5563186813186813,0.7009345794392523,0.5903320906791923,0.6766917293233083,0.589171974522293,942,469,473
401,337,144,60,0.8698481561822126,0.2993762993762994,0.5433604336043361,0.7058823529411765,0.584612227779256,0.6688907422852377,0.578556263269639,942,461,481
399,317,161,65,0.8599137931034483,0.3368200836820084,0.5572625698324022,0.7123893805309734,0.5983669383927284,0.676271186440678,0.5944798301486199,942,464,478
407,341,142,52,0.8867102396514162,0.2939958592132505,0.5441176470588235,0.7319587628865979,0.5903530494323334,0.6743993371996685,0.5828025477707006,942,459,483
379,348,163,52,0.8793503480278422,0.31898238747553814,0.5213204951856947,0.7581395348837209,0.5991663677516902,0.6545768566493956,0.5753715498938429,942,431,511
404,315,161,62,0.8669527896995708,0.3382352941176471,0.5618915159944368,0.7219730941704036,0.6025940419086089,0.6818565400843881,0.5997876857749469,942,466,476
400,329,148,65,0.8602150537634409,0.31027253668763105,0.5486968449931413,0.6948356807511737,0.5852437952255359,0.6700167504187604,0.5817409766454352,942,465,477
390,327,159,66,0.8552631578947368,0.3271604938271605,0.5439330543933054,0.7066666666666667,0.5912118258609487,0.6649616368286445,0.5828025477707006,942,456,486
404,351,127,60,0.8706896551724138,0.26569037656903766,0.5350993377483444,0.679144385026738,0.5681900158707257,0.6628383921246923,0.5636942675159236,942,464,478
422,322,131,67,0.8629856850715747,0.2891832229580574,0.5672043010752689,0.6616161616161617,0.576084454014816,0.6845093268450932,0.5870488322717622,942,489,453
413,338,130,61,0.8713080168776371,0.2777777777777778,0.5499334221038615,0.680628272251309,0.5745428973277075,0.6742857142857143,0.5764331210191083,942,474,468
411,326,152,53,0.8857758620689655,0.3179916317991632,0.5576662143826323,0.7414634146341463,0.6018837469340643,0.6844296419650292,0.5976645435244161,942,464,478
402,352,137,51,0.8874172185430463,0.28016359918200406,0.53315649867374,0.7287234042553191,0.5837904088625252,0.6661143330571665,0.5721868365180467,942,453,489
396,338,151,57,0.8741721854304636,0.30879345603271985,0.5395095367847411,0.7259615384615384,0.5914828207315918,0.6672283066554339,0.5806794055201698,942,453,489
395,328,155,64,0.8605664488017429,0.32091097308488614,0.5463347164591977,0.7077625570776256,0.5907387109433145,0.6683587140439933,0.583864118895966,942,459,483
412,327,130,73,0.8494845360824742,0.2844638949671772,0.557510148849797,0.6403940886699507,0.5669742155248257,0.673202614379085,0.5753715498938429,942,485,457
408,329,142,63,0.8662420382165605,0.30148619957537154,0.55359565807327,0.6926829268292682,0.583864118895966,0.6754966887417219,0.583864118895966,942,471,471
389,337,154,62,0.8625277161862528,0.3136456211812627,0.5358126721763086,0.7129629629629629,0.5880866686837578,0.6610025488530161,0.5764331210191083,942,451,491
387,368,130,57,0.8716216216216216,0.26104417670682734,0.5125827814569537,0.6951871657754011,0.5663328991642245,0.6455379482902419,0.5488322717622081,942,444,498
425,343,125,49,0.8966244725738397,0.2670940170940171,0.5533854166666666,0.7183908045977011,0.5818592448339284,0.6843800322061192,0.583864118895966,942,474,468
405,331,134,72,0.8490566037735849,0.28817204301075267,0.5502717391304348,0.6504854368932039,0.5686143233921688,0.6677658697444353,0.5721868365180467,942,477,465
419,326,143,54,0.8858350951374208,0.3049040511727079,0.5624161073825503,0.7258883248730964,0.5953695731550643,0.6880131362889984,0.5966029723991507,942,473,469
421,314,142,65,0.8662551440329218,0.31140350877192985,0.5727891156462585,0.6859903381642513,0.5888293264024258,0.6895986895986895,0.5976645435244161,942,486,456
411,310,155,66,0.8616352201257862,0.3333333333333333,0.5700416088765603,0.7013574660633484,0.5974842767295597,0.6861435726210351,0.6008492569002123,942,477,465
406,318,163,55,0.8806941431670282,0.3388773388773389,0.5607734806629834,0.7477064220183486,0.6097857410221835,0.6852320675105485,0.6040339702760085,942,461,481
391,340,145,66,0.8555798687089715,0.29896907216494845,0.5348837209302325,0.6872037914691943,0.57727447043696,0.6582491582491582,0.5690021231422505,942,457,485
400,337,141,64,0.8620689655172413,0.29497907949790797,0.5427408412483039,0.6878048780487804,0.5785240225075746,0.6661115736885928,0.5743099787685775,942,464,478
390,348,141,63,0.8609271523178808,0.2883435582822086,0.5284552845528455,0.6911764705882353,0.5746353553000447,0.654911838790932,0.5636942675159236,942,453,489
408,326,151,57,0.8774193548387097,0.3165618448637317,0.555858310626703,0.7259615384615384,0.5969905998512207,0.6805671392827356,0.5934182590233545,942,465,477
405,330,143,64,0.8635394456289979,0.3023255813953488,0.5510204081632653,0.6908212560386473,0.5829325135121733,0.6727574750830564,0.5817409766454352,942,469,473
403,329,157,53,0.8837719298245614,0.3230452674897119,0.5505464480874317,0.7476190476190476,0.6034085986571367,0.6784511784511785,0.5944798301486199,942,456,486
415,325,146,56,0.881104033970276,0.3099787685774947,0.5608108108108109,0.7227722772277227,0.5955414012738853,0.685383980181668,0.5955414012738853,942,471,471
378,352,152,60,0.863013698630137,0.30158730158730157,0.5178082191780822,0.7169811320754716,0.5823005001087193,0.6472602739726027,0.5626326963906582,942,438,504
408,347,124,63,0.8662420382165605,0.2632696390658174,0.5403973509933775,0.6631016042780749,0.564755838641189,0.6655791190864601,0.564755838641189,942,471,471
431,309,147,55,0.8868312757201646,0.3223684210526316,0.5824324324324325,0.7277227722772277,0.6045998483863981,0.7030995106035889,0.613588110403397,942,486,456
405,333,136,68,0.8562367864693446,0.2899786780383795,0.5487804878048781,0.6666666666666666,0.573107732253862,0.6688687035507844,0.5743099787685775,942,473,469
397,335,152,58,0.8725274725274725,0.31211498973305957,0.5423497267759563,0.7238095238095238,0.592321231130266,0.6689132266217355,0.5828025477707006,942,455,487
419,312,150,61,0.8729166666666667,0.3246753246753247,0.573187414500684,0.7109004739336493,0.5987959956709956,0.6919900908340215,0.6040339702760085,942,480,462
403,340,146,53,0.8837719298245614,0.3004115226337449,0.5423956931359354,0.7336683417085427,0.5920917262291532,0.6722268557130942,0.5828025477707006,942,456,486
401,334,142,65,0.8605150214592274,0.29831932773109243,0.545578231292517,0.6859903381642513,0.57941717459516,0.6677768526228143,0.5764331210191083,942,466,476
417,328,147,50,0.892933618843683,0.3094736842105263,0.5597315436241611,0.7461928934010152,0.6012036515271046,0.6881188118811882,0.5987261146496815,942,467,475
420,313,144,65,0.865979381443299,0.3150984682713348,0.572987721691678,0.6889952153110048,0.590538924857317,0.6896551724137931,0.5987261146496815,942,485,457
397,330,161,54,0.8802660753880266,0.32790224032586557,0.546079779917469,0.7488372093023256,0.604084157856946,0.6740237691001697,0.5923566878980892,942,451,491
425,337,127,53,0.8891213389121339,0.27370689655172414,0.5577427821522309,0.7055555555555556,0.581414117731929,0.6854838709677419,0.5859872611464968,942,478,464
375,343,155,69,0.8445945945945946,0.3112449799196787,0.5222841225626741,0.6919642857142857,0.5779197872571367,0.6454388984509466,0.5626326963906582,942,444,498
396,328,160,58,0.8722466960352423,0.32786885245901637,0.5469613259668509,0.7339449541284404,0.6000577742471294,0.6723259762308998,0.5902335456475584,942,454,488
415,315,135,77,0.8434959349593496,0.3,0.5684931506849316,0.6367924528301887,0.5717479674796748,0.6792144026186581,0.583864118895966,942,492,450
408,318,159,57,0.8774193548387097,0.3333333333333333,0.5619834710743802,0.7361111111111112,0.6053763440860215,0.6851385390428212,0.6019108280254777,942,465,477
397,316,166,63,0.8630434782608696,0.34439834024896265,0.5568022440392707,0.7248908296943232,0.6037209092549161,0.6768968456947998,0.5976645435244161,942,460,482
409,318,156,59,0.8739316239316239,0.3291139240506329,0.562585969738652,0.7255813953488373,0.6015227739911284,0.6845188284518829,0.5997876857749469,942,468,474
426,316,144,56,0.8838174273858921,0.3130434782608696,0.5741239892183289,0.72,0.5984304528233808,0.6960784313725491,0.6050955414012739,942,482,460
404,326,157,55,0.8801742919389978,0.3250517598343685,0.5534246575342465,0.7405660377358491,0.6026130258866831,0.6795626576955424,0.5955414012738853,942,459,483
408,322,159,53,0.8850325379609545,0.3305613305613306,0.5589041095890411,0.75,0.6077969342611426,0.6851385390428212,0.6019108280254777,942,461,481
417,313,150,62,0.8705636743215032,0.32397408207343414,0.5712328767123288,0.7075471698113207,0.5972688781974687,0.6898263027295286,0.6019108280254777,942,479,463
409,320,157,56,0.8795698924731182,0.32914046121593293,0.5610425240054869,0.7370892018779343,0.6043551768445256,0.6850921273031826,0.6008492569002123,942,465,477
416,335,128,63,0.8684759916492694,0.27645788336933047,0.5539280958721704,0.6701570680628273,0.5724669375092999,0.6764227642276422,0.5774946921443737,942,479,463
402,341,138,61,0.8682505399568035,0.2881002087682672,0.5410497981157469,0.6934673366834171,0.5781753743625353,0.6666666666666666,0.5732484076433121,942,463,479
398,323,154,67,0.8559139784946237,0.3228511530398323,0.5520110957004161,0.6968325791855203,0.589382565767228,0.6711635750421585,0.5859872611464968,942,465,477
413,322,141,66,0.8622129436325678,0.3045356371490281,0.5619047619047619,0.6811594202898551,0.5833742903907979,0.6803953871499177,0.5881104033970276,942,479,463
416,323,145,58,0.8776371308016878,0.30982905982905984,0.5629228687415426,0.7142857142857143,0.5937330953153739,0.6859027205276176,0.5955414012738853,942,474,468
415,325,146,56,0.881104033970276,0.3099787685774947,0.5608108108108109,0.7227722772277227,0.5955414012738853,0.685383980181668,0.5955414012738853,942,471,471
399,328,158,57,0.875,0.32510288065843623,0.5488308115543329,0.7348837209302326,0.6000514403292181,0.6745562130177516,0.5912951167728238,942,456,486
407,327,136,72,0.8496868475991649,0.2937365010799136,0.5544959128065395,0.6538461538461539,0.5717116743395393,0.6710634789777411,0.5764331210191083,942,479,463
375,339,157,71,0.8408071748878924,0.3165322580645161,0.5252100840336135,0.6885964912280702,0.5786697164762042,0.646551724137931,0.564755838641189,942,446,496
380,351,153,58,0.867579908675799,0.30357142857142855,0.5198358413132695,0.7251184834123223,0.5855756686236138,0.6501283147989736,0.5658174097664543,942,438,504
408,333,139,62,0.8680851063829788,0.2944915254237288,0.5506072874493927,0.6915422885572139,0.5812883159033537,0.6738232865400495,0.5806794055201698,942,470,472
392,340,137,73,0.843010752688172,0.28721174004192873,0.5355191256830601,0.6523809523809524,0.5651112463650504,0.6549707602339182,0.5615711252653928,942,465,477
400,328,150,64,0.8620689655172413,0.3138075313807531,0.5494505494505495,0.7009345794392523,0.5879382484489972,0.6711409395973155,0.583864118895966,942,464,478
374,355,149,64,0.8538812785388128,0.29563492063492064,0.5130315500685871,0.6995305164319249,0.5747580995868667,0.6409597257926307,0.5552016985138004,942,438,504
413,340,132,57,0.8787234042553191,0.2796610169491525,0.548472775564409,0.6984126984126984,0.5791922106022358,0.6753883892068683,0.578556263269639,942,470,472
398,337,144,63,0.8633405639913232,0.2993762993762994,0.5414965986394558,0.6956521739130435,0.5813584316838113,0.6655518394648829,0.5753715498938429,942,461,481
389,355,143,55,0.8761261261261262,0.28714859437751006,0.5228494623655914,0.7222222222222222,0.5816373602518181,0.6548821548821548,0.564755838641189,942,444,498
443,325,125,49,0.9004065040650406,0.2777777777777778,0.5768229166666666,0.7183908045977011,0.5890921409214092,0.7031746031746032,0.6029723991507431,942,492,450
409,327,134,72,0.8503118503118503,0.29067245119305857,0.5557065217391305,0.6504854368932039,0.5704921507524544,0.6721446179129007,0.5764331210191083,942,481,461
401,339,149,53,0.8832599118942731,0.305327868852459,0.5418918918918919,0.7376237623762376,0.5942938903733661,0.6716917922948074,0.583864118895966,942,454,488
398,333,141,70,0.8504273504273504,0.2974683544303797,0.5444596443228454,0.6682464454976303,0.573947852428865,0.6638865721434529,0.5721868365180467,942,468,474
390,346,151,55,0.8764044943820225,0.3038229376257545,0.529891304347826,0.7330097087378641,0.5901137160038885,0.6604572396274343,0.5743099787685775,942,445,497
393,351,133,65,0.8580786026200873,0.27479338842975204,0.5282258064516129,0.6717171717171717,0.5664359955249196,0.6539101497504161,0.5583864118895966,942,458,484
407,322,157,56,0.8790496760259179,0.3277661795407098,0.5582990397805213,0.7370892018779343,0.6034079277833139,0.6828859060402686,0.5987261146496815,942,463,479
437,314,140,51,0.8954918032786885,0.30837004405286345,0.5818908122503329,0.7329842931937173,0.6019309236657759,0.705407586763519,0.6125265392781316,942,488,454
367,351,159,65,0.8495370370370371,0.31176470588235294,0.5111420612813371,0.7098214285714286,0.580650871459695,0.6382608695652175,0.5583864118895966,942,432,510
409,308,164,61,0.8702127659574468,0.3474576271186441,0.5704323570432357,0.7288888888888889,0.6088351965380454,0.6891322662173547,0.60828025477707,942,470,472
426,325,141,50,0.8949579831932774,0.30257510729613735,0.5672436750998668,0.7382198952879581,0.5987665452447073,0.6943765281173593,0.6019108280254777,942,476,466
403,335,147,57,0.8760869565217392,0.3049792531120332,0.5460704607046071,0.7205882352941176,0.5905331048168863,0.6727879799666111,0.583864118895966,942,460,482
402,311,160,69,0.8535031847133758,0.33970276008492567,0.5638148667601683,0.6986899563318777,0.5966029723991507,0.6790540540540541,0.5966029723991507,942,471,471
403,315,162,62,0.8666666666666667,0.33962264150943394,0.5612813370473537,0.7232142857142857,0.6031446540880503,0.6813186813186813,0.5997876857749469,942,465,477
414,323,145,60,0.8734177215189873,0.30982905982905984,0.5617367706919946,0.7073170731707317,0.5916233906740236,0.6837324525185796,0.5934182590233545,942,474,468
407,309,160,66,0.8604651162790697,0.3411513859275053,0.5684357541899442,0.7079646017699115,0.6008082511032875,0.6846089150546678,0.6019108280254777,942,473,469
382,337,162,61,0.8623024830699775,0.3246492985971944,0.5312934631432545,0.726457399103139,0.593475890833586,0.657487091222031,0.5774946921443737,942,443,499
386,333,167,56,0.8733031674208145,0.334,0.5368567454798331,0.7488789237668162,0.6036515837104073,0.664944013781223,0.5870488322717622,942,442,500
400,333,155,54,0.8810572687224669,0.3176229508196721,0.5457025920873124,0.7416267942583732,0.5993401097710696,0.6739679865206403,0.589171974522293,942,454,488
390,370,135,47,0.8924485125858124,0.26732673267326734,0.5131578947368421,0.7417582417582418,0.5798876226295399,0.6516290726817043,0.5573248407643312,942,437,505
391,335,148,68,0.8518518518518519,0.3064182194616977,0.5385674931129476,0.6851851851851852,0.5791350356567748,0.6599156118143459,0.5721868365180467,942,459,483
390,343,155,54,0.8783783783783784,0.3112449799196787,0.5320600272851296,0.7416267942583732,0.5948116791490285,0.6627017841971112,0.578556263269639,942,444,498
385,353,147,57,0.8710407239819005,0.294,0.521680216802168,0.7205882352941176,0.5825203619909503,0.652542372881356,0.564755838641189,942,442,500
419,332,133,58,0.8784067085953878,0.2860215053763441,0.5579227696404794,0.6963350785340314,0.582214106985866,0.6824104234527688,0.5859872611464968,942,477,465
404,315,158,65,0.8614072494669509,0.33403805496828753,0.5618915159944368,0.7085201793721974,0.5977226522176192,0.6801346801346803,0.5966029723991507,942,469,473
404,319,159,60,0.8706896551724138,0.33263598326359833,0.5587828492392808,0.726027397260274,0.601662819218006,0.6807076663858466,0.5976645435244161,942,464,478
392,325,165,60,0.8672566371681416,0.336734693877551,0.5467224546722455,0.7333333333333333,0.6019956655228463,0.6706586826347305,0.5912951167728238,942,452,490
407,343,141,51,0.888646288209607,0.29132231404958675,0.5426666666666666,0.734375,0.5899843011295969,0.673841059602649,0.5817409766454352,942,458,484
413,319,144,66,0.8622129436325678,0.31101511879049676,0.5642076502732241,0.6857142857142857,0.5866140312115323,0.6820809248554913,0.5912951167728238,942,479,463
404,334,156,48,0.8938053097345132,0.3183673469387755,0.5474254742547425,0.7647058823529411,0.6060863283366443,0.6789915966386554,0.5944798301486199,942,452,490
427,322,129,64,0.869653767820774,0.2860310421286031,0.5700934579439252,0.6683937823834197,0.5778424049746885,0.6887096774193548,0.5902335456475584,942,491,451
392,355,143,52,0.8828828828828829,0.28714859437751006,0.5247657295850067,0.7333333333333333,0.5850157386301964,0.6582703610411419,0.5679405520169851,942,444,498
410,317,169,46,0.8991228070175439,0.3477366255144033,0.5639614855570839,0.786046511627907,0.6234297162659737,0.6931530008453085,0.6146496815286624,942,456,486
393,340,150,59,0.8694690265486725,0.30612244897959184,0.5361527967257844,0.7177033492822966,0.5877957377641322,0.6632911392405062,0.5764331210191083,942,452,490
433,315,143,51,0.8946280991735537,0.31222707423580787,0.5788770053475936,0.7371134020618557,0.6034275867046808,0.702922077922078,0.6114649681528662,942,484,458
427,312,151,52,0.8914405010438413,0.326133909287257,0.577807848443843,0.7438423645320197,0.6087872051655492,0.7011494252873562,0.613588110403397,942,479,463
381,354,152,55,0.8738532110091743,0.30039525691699603,0.5183673469387755,0.7342995169082126,0.5871242339630852,0.6507258753202391,0.5658174097664543,942,436,506
416,327,137,62,0.8702928870292888,0.2952586206896552,0.5598923283983849,0.6884422110552764,0.582775753859472,0.6814086814086813,0.5870488322717622,942,478,464
397,337,150,58,0.8725274725274725,0.3080082135523614,0.5408719346049047,0.7211538461538461,0.590267843039917,0.6677880571909168,0.5806794055201698,942,455,487
383,346,145,68,0.8492239467849224,0.2953156822810591,0.5253772290809328,0.6807511737089202,0.5722698145329908,0.6491525423728813,0.5605095541401274,942,451,491
439,303,149,51,0.8959183673469387,0.32964601769911506,0.5916442048517521,0.745,0.6127821925230269,0.7126623376623378,0.6242038216560509,942,490,452
414,330,140,58,0.8771186440677966,0.2978723404255319,0.5564516129032258,0.7070707070707071,0.5874954922466642,0.680921052631579,0.5881104033970276,942,472,470
422,326,133,61,0.8737060041407867,0.289760348583878,0.5641711229946524,0.6855670103092784,0.5817331763623323,0.685621445978879,0.589171974522293,942,483,459
391,325,153,73,0.8426724137931034,0.3200836820083682,0.5460893854748603,0.6769911504424779,0.5813780479007358,0.6627118644067796,0.5774946921443737,942,464,478
390,339,139,74,0.8405172413793104,0.2907949790794979,0.5349794238683128,0.6525821596244131,0.5656561102294042,0.6538139145012574,0.5615711252653928,942,464,478
419,321,148,54,0.8858350951374208,0.31556503198294245,0.5662162162162162,0.7326732673267327,0.6007000635601816,0.6908491343775762,0.6019108280254777,942,473,469
418,309,154,61,0.872651356993737,0.3326133909287257,0.5749656121045392,0.7162790697674418,0.6026323739612314,0.693200663349917,0.6072186836518046,942,479,463
408,311,149,74,0.8464730290456431,0.3239130434782609,0.5674547983310153,0.6681614349775785,0.585193036261952,0.6794338051623646,0.5912951167728238,942,482,460
429,309,147,57,0.8827160493827161,0.3223684210526316,0.5813008130081301,0.7205882352941176,0.6025422352176738,0.7009803921568628,0.6114649681528662,942,486,456
413,338,137,54,0.8843683083511777,0.28842105263157897,0.5499334221038615,0.7172774869109948,0.5863946804913783,0.67816091954023,0.583864118895966,942,467,475
432,305,140,65,0.869215291750503,0.3146067415730337,0.5861601085481682,0.6829268292682927,0.5919110166617684,0.7001620745542951,0.6072186836518046,942,497,445
416,325,142,59,0.8757894736842106,0.30406852248394006,0.5614035087719298,0.7064676616915423,0.5899289980840753,0.6842105263157894,0.5923566878980892,942,475,467
391,334,166,51,0.8846153846153846,0.332,0.5393103448275862,0.7649769585253456,0.6083076923076923,0.6700942587832048,0.5912951167728238,942,442,500
420,322,138,62,0.8713692946058091,0.3,0.5660377358490566,0.69,0.5856846473029046,0.6862745098039217,0.5923566878980892,942,482,460
397,332,152,61,0.8668122270742358,0.3140495867768595,0.5445816186556928,0.7136150234741784,0.5904309069255477,0.6689132266217354,0.5828025477707006,942,458,484
411,334,139,58,0.8763326226012793,0.2938689217758985,0.5516778523489932,0.7055837563451777,0.5851007721885889,0.6771004942339375,0.583864118895966,942,469,473
393,326,161,62,0.8637362637362638,0.33059548254620125,0.5465924895688457,0.7219730941704036,0.5971658731412325,0.6695059625212948,0.5881104033970276,942,455,487
426,337,129,50,0.8949579831932774,0.27682403433476394,0.5583224115334207,0.7206703910614525,0.5858910087640207,0.6876513317191284,0.589171974522293,942,476,466
438,315,120,69,0.863905325443787,0.27586206896551724,0.5816733067729084,0.6349206349206349,0.5698836972046522,0.6952380952380953,0.5923566878980892,942,507,435
399,316,159,68,0.854389721627409,0.33473684210526317,0.558041958041958,0.7004405286343612,0.5945632818663361,0.6751269035532995,0.5923566878980892,942,467,475
397,325,150,70,0.8501070663811563,0.3157894736842105,0.5498614958448753,0.6818181818181818,0.5829482700326833,0.6677880571909167,0.5806794055201698,942,467,475
422,321,141,58,0.8791666666666667,0.3051948051948052,0.5679676985195155,0.7085427135678392,0.592180735930736,0.6901062959934587,0.5976645435244161,942,480,462
424,299,158,61,0.8742268041237113,0.34573304157549234,0.5864453665283541,0.7214611872146118,0.6099799228496019,0.7019867549668874,0.6178343949044586,942,485,457
423,345,123,51,0.8924050632911392,0.26282051282051283,0.55078125,0.7068965517241379,0.577612788055826,0.6811594202898551,0.5796178343949044,942,474,468
405,323,147,67,0.8580508474576272,0.3127659574468085,0.5563186813186813,0.6869158878504673,0.5854084024522178,0.675,0.5859872611464968,942,472,470
388,358,138,58,0.8699551569506726,0.2782258064516129,0.5201072386058981,0.7040816326530612,0.5740904817011427,0.6510067114093959,0.5583864118895966,942,446,496
406,327,146,63,0.8656716417910447,0.3086680761099366,0.5538881309686221,0.6985645933014354,0.5871698589504907,0.6755407653910148,0.5859872611464968,942,469,473
391,338,148,65,0.8574561403508771,0.3045267489711934,0.5363511659807956,0.6948356807511737,0.5809914446610353,0.6599156118143459,0.5721868365180467,942,456,486
410,321,144,67,0.859538784067086,0.3096774193548387,0.560875512995896,0.6824644549763034,0.5846081017109623,0.6788079470198676,0.5881104033970276,942,477,465
360,352,158,72,0.8333333333333334,0.30980392156862746,0.5056179775280899,0.6869565217391305,0.5715686274509804,0.6293706293706294,0.5498938428874734,942,432,510
400,345,141,56,0.8771929824561403,0.29012345679012347,0.5369127516778524,0.7157360406091371,0.5836582196231319,0.6661115736885929,0.5743099787685775,942,456,486
418,319,139,66,0.8636363636363636,0.3034934497816594,0.5671641791044776,0.6780487804878049,0.5835649067090115,0.6846846846846847,0.5912951167728238,942,484,458
422,329,143,48,0.8978723404255319,0.3029661016949153,0.5619174434087882,0.7486910994764397,0.6004192210602236,0.6912366912366912,0.5997876857749469,942,470,472
423,313,149,57,0.88125,0.3225108225108225,0.5747282608695652,0.7233009708737864,0.6018804112554113,0.6957236842105262,0.6072186836518046,942,480,462
396,338,157,51,0.8859060402684564,0.31717171717171716,0.5395095367847411,0.7548076923076923,0.6015388787200868,0.6706181202370872,0.5870488322717622,942,447,495
408,335,134,65,0.8625792811839323,0.2857142857142857,0.5491251682368775,0.6733668341708543,0.574146783449109,0.6710526315789475,0.5753715498938429,942,473,469
418,308,156,60,0.8744769874476988,0.33620689655172414,0.5757575757575758,0.7222222222222222,0.6053419419997115,0.6943521594684386,0.6093418259023354,942,478,464
418,311,148,65,0.865424430641822,0.3224400871459695,0.5733882030178327,0.6948356807511737,0.5939322588938958,0.6897689768976898,0.6008492569002123,942,483,459
420,318,145,59,0.8768267223382046,0.31317494600431967,0.5691056910569106,0.7107843137254902,0.5950008341712621,0.6902218570254726,0.5997876857749469,942,479,463
395,339,151,57,0.8738938053097345,0.3081632653061224,0.5381471389645777,0.7259615384615384,0.5910285353079284,0.6661045531197302,0.5796178343949044,942,452,490
397,329,156,60,0.8687089715536105,0.3216494845360825,0.546831955922865,0.7222222222222222,0.5951792280448465,0.6711749788672865,0.5870488322717622,942,457,485
372,370,150,50,0.8815165876777251,0.28846153846153844,0.5013477088948787,0.75,0.5849890630696317,0.6391752577319587,0.554140127388535,942,422,520
419,330,136,57,0.8802521008403361,0.2918454935622318,0.5594125500667557,0.7046632124352331,0.586048797201284,0.6840816326530612,0.589171974522293,942,476,466
403,335,151,53,0.8837719298245614,0.31069958847736623,0.5460704607046071,0.7401960784313726,0.5972357591509638,0.6750418760469012,0.5881104033970276,942,456,486
435,312,141,54,0.8895705521472392,0.31125827814569534,0.5823293172690763,0.7230769230769231,0.6004144151464673,0.7038834951456311,0.6114649681528662,942,489,453
407,331,143,61,0.8696581196581197,0.30168776371308015,0.551490514905149,0.7009803921568627,0.5856729416855999,0.6749585406301823,0.583864118895966,942,468,474
399,345,133,65,0.8599137931034483,0.27824267782426776,0.5362903225806451,0.6717171717171717,0.569078235463858,0.6605960264900662,0.564755838641189,942,464,478
391,333,158,60,0.8669623059866962,0.32179226069246436,0.5400552486187845,0.7247706422018348,0.5943772833395803,0.665531914893617,0.5828025477707006,942,451,491
396,320,169,57,0.8741721854304636,0.3456032719836401,0.553072625698324,0.7477876106194691,0.6098877287070519,0.6775021385799829,0.5997876857749469,942,453,489
400,321,158,63,0.8639308855291576,0.3298538622129436,0.5547850208044383,0.7149321266968326,0.5968923738710507,0.6756756756756757,0.5923566878980892,942,463,479
430,316,132,64,0.8704453441295547,0.29464285714285715,0.5764075067024129,0.673469387755102,0.5825441006362059,0.6935483870967742,0.5966029723991507,942,494,448
371,361,142,68,0.8451025056947609,0.2823061630218688,0.5068306010928961,0.6761904761904762,0.5637043343583148,0.6336464560204953,0.5445859872611465,942,439,503
402,329,145,66,0.8589743589743589,0.3059071729957806,0.5499316005471956,0.6872037914691943,0.5824407659850698,0.6705587989991659,0.5806794055201698,942,468,474
403,337,154,48,0.893569844789357,0.3136456211812627,0.5445945945945946,0.7623762376237624,0.6036077329853098,0.6767422334172964,0.5912951167728238,942,451,491
421,322,141,58,0.8789144050104384,0.3045356371490281,0.566621803499327,0.7085427135678392,0.5917250210797332,0.6890343698854337,0.5966029723991507,942,479,463
389,347,153,53,0.8800904977375565,0.306,0.5285326086956522,0.7427184466019418,0.5930452488687783,0.6604414261460101,0.5753715498938429,942,442,500
400,335,148,59,0.8714596949891068,0.3064182194616977,0.54421768707483,0.714975845410628,0.5889389572254022,0.6700167504187605,0.5817409766454352,942,459,483
433,302,158,49,0.8983402489626556,0.34347826086956523,0.5891156462585034,0.7632850241545893,0.6209092549161104,0.7115858668857846,0.6273885350318471,942,482,460
406,312,155,69,0.8547368421052631,0.33190578158458245,0.5654596100278552,0.6919642857142857,0.5933213118449228,0.6806370494551551,0.5955414012738853,942,475,467
401,338,147,56,0.8774617067833698,0.3030927835051546,0.5426251691474966,0.7241379310344828,0.5902772451442622,0.6705685618729096,0.5817409766454352,942,457,485
421,336,134,51,0.8919491525423728,0.2851063829787234,0.5561426684280053,0.7243243243243244,0.5885277677605482,0.6851098454027664,0.589171974522293,942,472,470
391,338,149,64,0.8593406593406593,0.3059548254620123,0.5363511659807956,0.6995305164319249,0.5826477424013358,0.6604729729729729,0.5732484076433121,942,455,487
364,376,141,61,0.8564705882352941,0.2727272727272727,0.4918918918918919,0.698019801980198,0.5645989304812834,0.6248927038626609,0.5360934182590233,942,425,517
414,344,122,62,0.8697478991596639,0.26180257510729615,0.5461741424802111,0.6630434782608695,0.56577523713348,0.6709886547811994,0.5690021231422505,942,476,466
420,322,151,49,0.8955223880597015,0.3192389006342495,0.5660377358490566,0.755,0.6073806443469755,0.6936416184971098,0.6061571125265393,942,469,473
403,327,151,61,0.8685344827586207,0.3158995815899582,0.552054794520548,0.7122641509433962,0.5922170321742894,0.6750418760469011,0.5881104033970276,942,464,478
411,326,148,57,0.8782051282051282,0.31223628691983124,0.5576662143826323,0.7219512195121951,0.5952207075624797,0.6821576763485477,0.5934182590233545,942,468,474
432,313,143,54,0.8888888888888888,0.31359649122807015,0.5798657718120805,0.7258883248730964,0.6012426900584795,0.7018683996750609,0.6104033970276008,942,486,456
408,344,136,54,0.8831168831168831,0.2833333333333333,0.5425531914893617,0.7157894736842105,0.5832251082251082,0.672158154859967,0.5774946921443737,942,462,480
382,340,151,69,0.8470066518847007,0.3075356415478615,0.5290858725761773,0.6863636363636364,0.5772711467162811,0.6513213981244672,0.5658174097664543,942,451,491
383,336,173,50,0.8845265588914549,0.33988212180746563,0.5326842837273992,0.7757847533632287,0.6122043403494603,0.6649305555555556,0.5902335456475584,942,433,509
396,320,174,52,0.8839285714285714,0.3522267206477733,0.553072625698324,0.7699115044247787,0.6180776460381723,0.6804123711340206,0.6050955414012739,942,448,494
395,347,138,62,0.8643326039387309,0.2845360824742268,0.532345013477089,0.69,0.5744343432064789,0.6588824020016681,0.5658174097664543,942,457,485
380,343,158,61,0.8616780045351474,0.3153692614770459,0.5255878284923928,0.7214611872146118,0.5885236330060967,0.6529209621993127,0.5711252653927813,942,441,501
397,339,146,60,0.8687089715536105,0.30103092783505153,0.5394021739130435,0.7087378640776699,0.584869949694331,0.6655490360435875,0.5764331210191083,942,457,485
397,322,164,59,0.8706140350877193,0.3374485596707819,0.5521557719054242,0.7354260089686099,0.6040312973792505,0.6757446808510638,0.5955414012738853,942,456,486
420,319,139,64,0.8677685950413223,0.3034934497816594,0.5683355886332883,0.6847290640394089,0.5856310224114909,0.6868356500408831,0.5934182590233545,942,484,458
398,345,147,52,0.8844444444444445,0.29878048780487804,0.5356662180349933,0.7386934673366834,0.5916124661246612,0.6672254819782062,0.578556263269639,942,450,492
417,317,156,52,0.8891257995735607,0.3298097251585624,0.5681198910081744,0.75,0.6094677623660616,0.6932668329177057,0.60828025477707,942,469,473
421,324,132,65,0.8662551440329218,0.2894736842105263,0.5651006711409396,0.6700507614213198,0.5778644141217241,0.6839967506092608,0.5870488322717622,942,486,456
416,318,146,62,0.8702928870292888,0.3146551724137931,0.5667574931880109,0.7019230769230769,0.592474029721541,0.6864686468646866,0.5966029723991507,942,478,464
401,316,152,73,0.8459915611814346,0.3247863247863248,0.5592747559274756,0.6755555555555556,0.5853889429838797,0.6733837111670864,0.5870488322717622,942,474,468
424,333,135,50,0.8945147679324894,0.28846153846153844,0.560105680317041,0.7297297297297297,0.591488153197014,0.6888708367181153,0.5934182590233545,942,474,468
424,319,139,60,0.8760330578512396,0.3034934497816594,0.5706594885598923,0.6984924623115578,0.5897632538164495,0.6911165444172779,0.5976645435244161,942,484,458
388,357,141,56,0.8738738738738738,0.28313253012048195,0.5208053691275167,0.7157360406091371,0.5785032019971779,0.6526492851135407,0.5615711252653928,942,444,498
421,298,159,64,0.8680412371134021,0.3479212253829322,0.5855354659248957,0.7130044843049327,0.6079812312481672,0.6993355481727576,0.6157112526539278,942,485,457
400,343,150,49,0.89086859688196,0.30425963488843816,0.5383580080753702,0.7537688442211056,0.5975641158851991,0.6711409395973155,0.583864118895966,942,449,493
415,331,141,55,0.8829787234042553,0.298728813559322,0.5563002680965148,0.7193877551020408,0.5908537684817887,0.6825657894736842,0.5902335456475584,942,470,472
412,348,140,42,0.9074889867841409,0.28688524590163933,0.5421052631578948,0.7692307692307693,0.5971871163428901,0.6787479406919275,0.5859872611464968,942,454,488
427,333,131,51,0.893305439330544,0.2823275862068966,0.5618421052631579,0.7197802197802198,0.5878165127687203,0.6898222940226171,0.5923566878980892,942,478,464
412,312,169,49,0.8937093275488069,0.35135135135135137,0.569060773480663,0.7752293577981652,0.6225303394500792,0.6953586497890295,0.6167728237791932,942,461,481
400,334,165,43,0.9029345372460497,0.3306613226452906,0.5449591280653951,0.7932692307692307,0.6167979299456701,0.679694137638063,0.5997876857749469,942,443,499
420,332,132,58,0.8786610878661087,0.28448275862068967,0.5585106382978723,0.6947368421052632,0.5815719232433992,0.6829268292682926,0.5859872611464968,942,478,464
402,316,146,78,0.8375,0.31601731601731603,0.5598885793871866,0.6517857142857143,0.576758658008658,0.6711185308848081,0.5817409766454352,942,480,462
409,308,165,60,0.8720682302771855,0.3488372093023256,0.5704323570432357,0.7333333333333333,0.6104527197897556,0.6897133220910624,0.6093418259023354,942,469,473
389,346,150,57,0.8721973094170403,0.3024193548387097,0.5292517006802722,0.7246376811594203,0.587308332127875,0.6587637595258257,0.5721868365180467,942,446,496
432,319,133,58,0.8816326530612245,0.2942477876106195,0.5752330226364847,0.6963350785340314,0.587940220335922,0.6962127316680098,0.5997876857749469,942,490,452
376,358,145,63,0.856492027334852,0.2882703777335984,0.5122615803814714,0.6971153846153846,0.5723812025342252,0.6410912190963342,0.5530785562632696,942,439,503
416,314,145,67,0.8612836438923396,0.3159041394335512,0.5698630136986301,0.6839622641509434,0.5885938916629454,0.6859027205276175,0.5955414012738853,942,483,459
391,350,145,56,0.8747203579418344,0.29292929292929293,0.5276653171390013,0.7213930348258707,0.5838248254355637,0.6582491582491582,0.5690021231422505,942,447,495
405,338,144,55,0.8804347826086957,0.2987551867219917,0.5450874831763123,0.7236180904522613,0.5895949846653437,0.6733167082294265,0.5828025477707006,942,460,482
395,327,168,52,0.883668903803132,0.3393939393939394,0.5470914127423823,0.7636363636363637,0.6115314215985357,0.6757912745936698,0.5976645435244161,942,447,495
392,336,156,58,0.8711111111111111,0.3170731707317073,0.5384615384615384,0.7289719626168224,0.5940921409214092,0.66553480475382,0.5817409766454352,942,450,492
407,315,159,61,0.8696581196581197,0.33544303797468356,0.5637119113573407,0.7227272727272728,0.6025505788164016,0.684033613445378,0.6008492569002123,942,468,474
406,325,150,61,0.8693790149892934,0.3157894736842105,0.5554035567715458,0.7109004739336493,0.5925842443367519,0.6777963272120201,0.5902335456475584,942,467,475
395,321,155,71,0.8476394849785408,0.32563025210084034,0.5516759776536313,0.6858407079646017,0.5866348685396906,0.6683587140439932,0.583864118895966,942,466,476
391,324,162,65,0.8574561403508771,0.3333333333333333,0.5468531468531469,0.7136563876651982,0.5953947368421052,0.6678052946199828,0.5870488322717622,942,456,486
415,317,152,58,0.8773784355179705,0.32409381663113007,0.5669398907103825,0.7238095238095238,0.6007361260745503,0.6887966804979253,0.6019108280254777,942,473,469
420,335,119,68,0.860655737704918,0.2621145374449339,0.5562913907284768,0.6363636363636364,0.5613851375749259,0.6757843925985518,0.5721868365180467,942,488,454
420,331,144,47,0.8993576017130621,0.3031578947368421,0.559254327563249,0.7539267015706806,0.6012577482249521,0.689655172413793,0.5987261146496815,942,467,475
368,358,151,65,0.8498845265588915,0.2966601178781925,0.5068870523415978,0.6990740740740741,0.573272322218542,0.6350301984469371,0.5509554140127388,942,433,509
405,332,149,56,0.8785249457700651,0.3097713097713098,0.5495251017639078,0.7268292682926829,0.5941481277706875,0.676126878130217,0.5881104033970276,942,461,481
420,315,134,73,0.8519269776876268,0.2984409799554566,0.5714285714285714,0.6473429951690821,0.5751839788215417,0.6840390879478827,0.5881104033970276,942,493,449
404,327,142,69,0.854122621564482,0.302771855010661,0.5526675786593708,0.6729857819905213,0.5784472382875715,0.6710963455149502,0.5796178343949044,942,473,469
399,330,142,71,0.8489361702127659,0.3008474576271186,0.5473251028806584,0.6666666666666666,0.5748918139199423,0.665554628857381,0.5743099787685775,942,470,472
399,346,140,57,0.875,0.2880658436213992,0.5355704697986577,0.7106598984771574,0.5815329218106996,0.6644462947543714,0.5721868365180467,942,456,486
400,321,151,70,0.851063829787234,0.3199152542372881,0.5547850208044383,0.6832579185520362,0.5854895420122611,0.6717044500419814,0.5849256900212314,942,470,472
415,327,143,57,0.8792372881355932,0.30425531914893617,0.5592991913746631,0.715,0.5917463036422647,0.6836902800658978,0.5923566878980892,942,472,470
412,318,148,64,0.865546218487395,0.31759656652360513,0.5643835616438356,0.6981132075471698,0.5915713925055001,0.6832504145936981,0.5944798301486199,942,476,466
410,327,150,55,0.8817204301075269,0.31446540880503143,0.5563093622795116,0.7317073170731707,0.5980929194562792,0.6821963394342763,0.5944798301486199,942,465,477
443,322,128,49,0.9004065040650406,0.28444444444444444,0.5790849673202615,0.7231638418079096,0.5924254742547426,0.7048528241845664,0.6061571125265393,942,492,450
425,331,123,63,0.8709016393442623,0.2709251101321586,0.5621693121693122,0.6612903225806451,0.5709133747382105,0.6832797427652735,0.5817409766454352,942,488,454
414,328,142,58,0.8771186440677966,0.3021276595744681,0.5579514824797843,0.71,0.5896231518211323,0.6820428336079077,0.5902335456475584,942,472,470
426,305,157,54,0.8875,0.3398268398268398,0.5827633378932968,0.7440758293838863,0.6136634199134199,0.7035507844756399,0.618895966029724,942,480,462
403,332,146,61,0.8685344827586207,0.3054393305439331,0.5482993197278911,0.7053140096618358,0.5869869066512768,0.6722268557130942,0.5828025477707006,942,464,478
421,336,132,53,0.8881856540084389,0.28205128205128205,0.5561426684280053,0.7135135135135136,0.5851184680298605,0.6839967506092607,0.5870488322717622,942,474,468
404,340,145,53,0.8840262582056893,0.29896907216494845,0.543010752688172,0.7323232323232324,0.5914976651853189,0.6727726894254787,0.5828025477707006,942,457,485
406,331,145,60,0.871244635193133,0.30462184873949577,0.5508819538670285,0.7073170731707317,0.5879332419663144,0.6749792186201163,0.5849256900212314,942,466,476
399,334,146,63,0.8636363636363636,0.30416666666666664,0.5443383356070941,0.6985645933014354,0.5839015151515151,0.6677824267782427,0.578556263269639,942,462,480
414,319,159,50,0.8922413793103449,0.33263598326359833,0.5648021828103683,0.7607655502392344,0.6124386812869715,0.6917293233082706,0.60828025477707,942,464,478
429,304,146,63,0.8719512195121951,0.3244444444444444,0.5852660300136425,0.6985645933014354,0.5981978319783198,0.700408163265306,0.6104033970276008,942,492,450
434,318,137,53,0.891170431211499,0.3010989010989011,0.5771276595744681,0.7210526315789474,0.5961346661552,0.7005649717514124,0.6061571125265393,942,487,455
421,315,151,55,0.884453781512605,0.3240343347639485,0.5720108695652174,0.7330097087378641,0.6042440581382768,0.6947194719471947,0.6072186836518046,942,476,466
427,326,131,58,0.8804123711340206,0.28665207877461707,0.5670650730411687,0.6931216931216931,0.5835322249543189,0.6898222940226172,0.5923566878980892,942,485,457
401,331,148,62,0.8660907127429806,0.3089770354906054,0.5478142076502732,0.7047619047619048,0.587533874116793,0.6711297071129707,0.5828025477707006,942,463,479
399,332,154,57,0.875,0.3168724279835391,0.5458276333789329,0.7298578199052133,0.5959362139917695,0.6722830665543387,0.5870488322717622,942,456,486
395,335,143,69,0.8512931034482759,0.29916317991631797,0.541095890410959,0.6745283018867925,0.575228141682297,0.661641541038526,0.5711252653927813,942,464,478
379,341,160,62,0.8594104308390023,0.3193612774451098,0.5263888888888889,0.7207207207207207,0.589385854142056,0.652885443583118,0.5721868365180467,942,441,501
400,332,154,56,0.8771929824561403,0.3168724279835391,0.546448087431694,0.7333333333333333,0.5970327052198396,0.6734006734006734,0.5881104033970276,942,456,486
415,332,136,59,0.8755274261603375,0.2905982905982906,0.5555555555555556,0.6974358974358974,0.583062858379314,0.6797706797706798,0.5849256900212314,942,474,468
422,310,159,51,0.8921775898520085,0.3390191897654584,0.5765027322404371,0.7571428571428571,0.6155983898087334,0.7004149377593362,0.6167728237791932,942,473,469
412,330,139,61,0.8710359408033826,0.29637526652452023,0.555256064690027,0.695,0.5837056036639514,0.6781893004115227,0.5849256900212314,942,473,469
395,338,155,54,0.8797327394209354,0.3144016227180527,0.538881309686221,0.7416267942583732,0.5970671810694941,0.6683587140439934,0.583864118895966,942,449,493
424,317,138,63,0.8706365503080082,0.3032967032967033,0.5721997300944669,0.6865671641791045,0.5869666268023558,0.6905537459283387,0.5966029723991507,942,487,455
409,344,134,55,0.8814655172413793,0.2803347280334728,0.5431606905710491,0.708994708994709,0.5809001226374261,0.6721446179129005,0.5764331210191083,942,464,478
415,313,151,63,0.8682008368200836,0.3254310344827586,0.570054945054945,0.705607476635514,0.5968159356514211,0.6882255389718076,0.6008492569002123,942,478,464
384,336,163,59,0.8668171557562077,0.32665330661322645,0.5333333333333333,0.7342342342342343,0.596735231184717,0.6603611349957008,0.5806794055201698,942,443,499
413,313,159,57,0.8787234042553191,0.336864406779661,0.568870523415978,0.7361111111111112,0.6077939055174901,0.6906354515050168,0.6072186836518046,942,470,472
403,334,139,66,0.8592750533049041,0.2938689217758985,0.5468113975576662,0.6780487804878049,0.5765719875404013,0.6683250414593698,0.5753715498938429,942,469,473
406,331,135,70,0.8529411764705882,0.28969957081545067,0.5508819538670285,0.6585365853658537,0.5713203736430195,0.6694146743610883,0.5743099787685775,942,476,466
409,315,138,80,0.83640081799591,0.304635761589404,0.5649171270718232,0.6330275229357798,0.5705182897926571,0.674361088211047,0.5806794055201698,942,489,453
410,361,117,54,0.8836206896551724,0.24476987447698745,0.5317769130998703,0.6842105263157895,0.5641952820660799,0.6639676113360323,0.559447983014862,942,464,478
409,319,145,69,0.8556485355648535,0.3125,0.5618131868131868,0.677570093457944,0.5840742677824268,0.6782752902155887,0.5881104033970276,942,478,464
388,348,152,54,0.8778280542986425,0.304,0.5271739130434783,0.7378640776699029,0.5909140271493213,0.6587436332767402,0.5732484076433121,942,442,500
382,334,148,78,0.8304347826086956,0.3070539419087137,0.5335195530726257,0.6548672566371682,0.5687443622587047,0.6496598639455782,0.5626326963906582,942,460,482
412,336,138,56,0.8803418803418803,0.2911392405063291,0.5508021390374331,0.711340206185567,0.5857405604241047,0.6776315789473684,0.583864118895966,942,468,474
417,330,135,60,0.8742138364779874,0.2903225806451613,0.5582329317269076,0.6923076923076923,0.5822682085615744,0.6813725490196079,0.5859872611464968,942,477,465
395,328,144,75,0.8404255319148937,0.3050847457627119,0.5463347164591977,0.6575342465753424,0.5727551388388028,0.6621961441743505,0.5721868365180467,942,470,472
412,347,127,56,0.8803418803418803,0.2679324894514768,0.5428194993412385,0.6939890710382514,0.5741371848966785,0.6715566422167889,0.5721868365180467,942,468,474
379,341,154,68,0.8478747203579419,0.3111111111111111,0.5263888888888889,0.6936936936936937,0.5794929157345265,0.649528706083976,0.5658174097664543,942,447,495
394,329,157,62,0.8640350877192983,0.3230452674897119,0.5449515905947441,0.7168949771689498,0.5935401776045051,0.6683630195080577,0.5849256900212314,942,456,486
393,360,131,58,0.8713968957871396,0.2668024439918534,0.5219123505976095,0.6931216931216931,0.5690996698894966,0.6528239202657807,0.5562632696390658,942,451,491
414,333,126,69,0.8571428571428571,0.27450980392156865,0.5542168674698795,0.6461538461538462,0.5658263305322129,0.6731707317073171,0.5732484076433121,942,483,459
400,328,149,65,0.8602150537634409,0.31236897274633124,0.5494505494505495,0.6962616822429907,0.5862920132548861,0.6705783738474435,0.5828025477707006,942,465,477
424,337,127,54,0.8870292887029289,0.27370689655172414,0.557161629434954,0.7016574585635359,0.5803680926273265,0.6844229217110572,0.5849256900212314,942,478,464
414,337,145,46,0.9,0.3008298755186722,0.5512649800266312,0.7591623036649214,0.6004149377593361,0.6837324525185797,0.5934182590233545,942,460,482
413,303,175,51,0.8900862068965517,0.36610878661087864,0.5768156424581006,0.7743362831858407,0.6280974967537152,0.7000000000000001,0.6242038216560509,942,464,478
408,317,162,55,0.8812095032397408,0.33820459290187893,0.5627586206896552,0.7465437788018433,0.6097070480708099,0.6868686868686869,0.6050955414012739,942,463,479
394,339,147,62,0.8640350877192983,0.30246913580246915,0.5375170532060027,0.7033492822966507,0.5832521117608838,0.6627417998317915,0.5743099787685775,942,456,486
374,344,160,64,0.8538812785388128,0.31746031746031744,0.520891364902507,0.7142857142857143,0.5856707979995651,0.6470588235294117,0.5668789808917197,942,438,504
398,336,154,54,0.8805309734513275,0.3142857142857143,0.5422343324250681,0.7403846153846154,0.5974083438685209,0.6711635750421585,0.5859872611464968,942,452,490
364,352,149,77,0.8253968253968254,0.29740518962075846,0.5083798882681564,0.6592920353982301,0.5614010075087918,0.6292134831460674,0.5445859872611465,942,441,501
372,359,142,69,0.8435374149659864,0.2834331337325349,0.5088919288645691,0.6729857819905213,0.5634852743492607,0.6348122866894199,0.5456475583864119,942,441,501
413,330,142,57,0.8787234042553191,0.3008474576271186,0.5558546433378196,0.7135678391959799,0.5897854309412189,0.6809563066776586,0.589171974522293,942,470,472
395,323,166,58,0.8719646799116998,0.3394683026584867,0.5501392757660167,0.7410714285714286,0.6057164912850932,0.6746370623398805,0.5955414012738853,942,453,489
375,346,158,63,0.8561643835616438,0.3134920634920635,0.5201109570041609,0.7149321266968326,0.5848282235268536,0.6471095772217429,0.5658174097664543,942,438,504
397,350,129,66,0.857451403887689,0.26931106471816285,0.5314591700133868,0.6615384615384615,0.563381234302926,0.656198347107438,0.5583864118895966,942,463,479
412,314,137,79,0.8391038696537678,0.30376940133037694,0.5674931129476584,0.6342592592592593,0.5714366354920724,0.6770747740345111,0.5828025477707006,942,491,451
399,341,145,57,0.875,0.29835390946502055,0.5391891891891892,0.7178217821782178,0.5866769547325102,0.6672240802675586,0.5774946921443737,942,456,486
410,316,147,69,0.8559498956158664,0.3174946004319654,0.5647382920110193,0.6805555555555556,0.5867222480239159,0.6804979253112033,0.5912951167728238,942,479,463
408,317,155,62,0.8680851063829788,0.3283898305084746,0.5627586206896552,0.7142857142857143,0.5982374684457267,0.6828451882845189,0.5976645435244161,942,470,472
422,336,136,48,0.8978723404255319,0.288135593220339,0.5567282321899736,0.7391304347826086,0.5930039668229354,0.6872964169381107,0.5923566878980892,942,470,472
405,312,151,74,0.8455114822546973,0.326133909287257,0.5648535564853556,0.6711111111111111,0.5858226957709771,0.6772575250836119,0.5902335456475584,942,479,463
425,315,138,64,0.869120654396728,0.304635761589404,0.5743243243243243,0.6831683168316832,0.586878207993066,0.6916192026037429,0.5976645435244161,942,489,453
381,354,131,76,0.8336980306345733,0.27010309278350514,0.5183673469387755,0.6328502415458938,0.5519005617090392,0.639261744966443,0.5435244161358811,942,457,485
425,323,137,57,0.8817427385892116,0.29782608695652174,0.5681818181818182,0.7061855670103093,0.5897844127728666,0.6910569105691057,0.5966029723991507,942,482,460
408,296,160,78,0.8395061728395061,0.3508771929824561,0.5795454545454546,0.6722689075630253,0.5951916829109811,0.6857142857142857,0.6029723991507431,942,486,456
419,323,141,59,0.8765690376569037,0.30387931034482757,0.5646900269541779,0.705,0.5902241740008657,0.6868852459016394,0.5944798301486199,942,478,464
394,307,173,68,0.8528138528138528,0.36041666666666666,0.5620542082738944,0.7178423236514523,0.6066152597402598,0.6775580395528805,0.6019108280254777,942,462,480
386,348,151,57,0.871331828442438,0.3026052104208417,0.5258855585831063,0.7259615384615384,0.5869685194316399,0.6559048428207307,0.5700636942675159,942,443,499
391,344,146,61,0.8650442477876106,0.2979591836734694,0.5319727891156463,0.7053140096618358,0.58150171573054,0.6588037068239259,0.5700636942675159,942,452,490
403,312,146,81,0.8326446280991735,0.31877729257641924,0.5636363636363636,0.6431718061674009,0.5757109603377963,0.6722268557130942,0.5828025477707006,942,484,458
404,326,165,47,0.8957871396895787,0.3360488798370672,0.5534246575342465,0.7783018867924528,0.615918009763323,0.6841659610499576,0.6040339702760085,942,451,491
364,363,157,58,0.8625592417061612,0.3019230769230769,0.5006877579092159,0.7302325581395349,0.5822411593146191,0.6335944299390774,0.5530785562632696,942,422,520
429,306,139,68,0.8631790744466801,0.31235955056179776,0.5836734693877551,0.6714975845410628,0.5877693125042389,0.6964285714285714,0.6029723991507431,942,497,445
408,348,131,55,0.8812095032397408,0.27348643006263046,0.5396825396825397,0.7043010752688172,0.5773479666511856,0.6694011484823625,0.5721868365180467,942,463,479
403,310,155,74,0.8448637316561844,0.3333333333333333,0.5652173913043478,0.6768558951965066,0.5890985324947589,0.6773109243697477,0.5923566878980892,942,477,465
411,341,145,45,0.9013157894736842,0.29835390946502055,0.5465425531914894,0.7631578947368421,0.5998348494693524,0.6804635761589404,0.5902335456475584,942,456,486
411,336,144,51,0.8896103896103896,0.3,0.5502008032128514,0.7384615384615385,0.5948051948051948,0.6799007444168734,0.589171974522293,942,462,480
414,308,165,55,0.8827292110874201,0.3488372093023256,0.5734072022160664,0.75,0.6157832101948728,0.695214105793451,0.6146496815286624,942,469,473
406,341,142,53,0.8845315904139434,0.2939958592132505,0.5435073627844712,0.7282051282051282,0.5892637248135969,0.6733001658374793,0.5817409766454352,942,459,483
407,334,148,53,0.8847826086956522,0.3070539419087137,0.5492577597840755,0.736318407960199,0.595918275302183,0.6777685262281432,0.589171974522293,942,460,482
401,336,143,62,0.8660907127429806,0.2985386221294363,0.5440976933514247,0.697560975609756,0.5823146674362084,0.6683333333333332,0.5774946921443737,942,463,479
384,335,149,74,0.8384279475982532,0.30785123966942146,0.5340751043115438,0.6681614349775785,0.5731395936338374,0.6525063721325404,0.5658174097664543,942,458,484
383,354,165,40,0.9054373522458629,0.3179190751445087,0.519674355495251,0.8048780487804879,0.6116782136951857,0.6603448275862068,0.5817409766454352,942,423,519
401,316,166,59,0.8717391304347826,0.34439834024896265,0.5592747559274756,0.7377777777777778,0.6080687353418726,0.681393372982158,0.6019108280254777,942,460,482
416,301,159,66,0.8630705394190872,0.3456521739130435,0.5801952580195258,0.7066666666666667,0.6043613566660653,0.6939115929941618,0.6104033970276008,942,482,460
404,330,142,66,0.8595744680851064,0.3008474576271186,0.5504087193460491,0.6826923076923077,0.5802109628561125,0.6710963455149502,0.5796178343949044,942,470,472
416,341,133,52,0.8888888888888888,0.2805907172995781,0.5495376486129459,0.7189189189189189,0.5847398030942335,0.6791836734693877,0.5828025477707006,942,468,474
378,358,138,68,0.8475336322869955,0.2782258064516129,0.5135869565217391,0.6699029126213593,0.5628797193693043,0.6395939086294415,0.5477707006369427,942,446,496
422,310,149,61,0.8737060041407867,0.32461873638344224,0.5765027322404371,0.7095238095238096,0.5991623702621145,0.6946502057613168,0.6061571125265393,942,483,459
402,325,154,61,0.8682505399568035,0.32150313152400833,0.5529573590096286,0.7162790697674418,0.594876835740406,0.6756302521008404,0.5902335456475584,942,463,479
414,334,152,42,0.9078947368421053,0.31275720164609055,0.553475935828877,0.7835051546391752,0.6103259692440979,0.6877076411960132,0.6008492569002123,942,456,486
407,325,148,62,0.8678038379530917,0.3128964059196617,0.5560109289617486,0.7047619047619048,0.5903501219363767,0.6777685262281433,0.589171974522293,942,469,473
380,339,159,64,0.8558558558558559,0.3192771084337349,0.5285118219749653,0.7130044843049327,0.5875664821447955,0.6534823731728289,0.5721868365180467,942,444,498
411,313,159,59,0.874468085106383,0.336864406779661,0.5676795580110497,0.7293577981651376,0.605666245943022,0.6884422110552764,0.6050955414012739,942,470,472
435,319,130,58,0.8823529411764706,0.289532293986637,0.5769230769230769,0.6914893617021277,0.5859426175815537,0.6976744186046512,0.5997876857749469,942,493,449
404,333,150,55,0.8801742919389978,0.3105590062111801,0.5481682496607869,0.7317073170731707,0.595366649075089,0.6755852842809363,0.5881104033970276,942,459,483
403,359,129,51,0.8876651982378855,0.26434426229508196,0.5288713910761155,0.7166666666666667,0.5760047302664837,0.662828947368421,0.564755838641189,942,454,488
390,322,155,75,0.8387096774193549,0.3249475890985325,0.547752808988764,0.6739130434782609,0.5818286332589437,0.6627017841971112,0.578556263269639,942,465,477
416,338,132,56,0.8813559322033898,0.28085106382978725,0.5517241379310345,0.7021276595744681,0.5811034980165886,0.6786296900489396,0.5817409766454352,942,472,470
379,348,140,75,0.8348017621145375,0.28688524590163933,0.5213204951856947,0.6511627906976745,0.5608435040080884,0.6418289585097375,0.5509554140127388,942,454,488
406,335,135,66,0.8601694915254238,0.2872340425531915,0.5479082321187584,0.6716417910447762,0.5737017670393076,0.6694146743610883,0.5743099787685775,942,472,470
399,332,160,51,0.8866666666666667,0.3252032520325203,0.5458276333789329,0.7582938388625592,0.6059349593495935,0.6756985605419137,0.5934182590233545,942,450,492
412,329,143,58,0.8765957446808511,0.3029661016949153,0.5560053981106613,0.7114427860696517,0.5897809231878832,0.680429397192403,0.589171974522293,942,470,472
395,355,142,50,0.8876404494382022,0.2857142857142857,0.5266666666666666,0.7395833333333334,0.586677367576244,0.6610878661087866,0.5700636942675159,942,445,497
436,296,147,63,0.87374749498998,0.33182844243792325,0.5956284153005464,0.7,0.6027879687139516,0.7083671811535337,0.618895966029724,942,499,443
424,333,128,57,0.8814968814968815,0.27765726681127983,0.560105680317041,0.6918918918918919,0.5795770741540807,0.6849757673667205,0.5859872611464968,942,481,461
412,342,145,43,0.9054945054945055,0.29774127310061604,0.5464190981432361,0.7712765957446809,0.6016178892975608,0.6815550041356493,0.5912951167728238,942,455,487
411,305,148,78,0.8404907975460123,0.32671081677704195,0.5740223463687151,0.6548672566371682,0.5836008071615271,0.6821576763485477,0.5934182590233545,942,489,453
420,332,124,66,0.8641975308641975,0.2719298245614035,0.5585106382978723,0.6526315789473685,0.5680636777128005,0.678513731825525,0.5774946921443737,942,486,456
404,329,147,62,0.8669527896995708,0.3088235294117647,0.5511596180081856,0.7033492822966507,0.5878881595556678,0.6738949124270226,0.5849256900212314,942,466,476
409,311,162,60,0.8720682302771855,0.34249471458773784,0.5680555555555555,0.7297297297297297,0.6072814724324617,0.6879730866274181,0.6061571125265393,942,469,473
409,323,135,75,0.8450413223140496,0.29475982532751094,0.5587431693989071,0.6428571428571429,0.5699005738207803,0.6726973684210527,0.5774946921443737,942,484,458
402,323,162,55,0.8796498905908097,0.334020618556701,0.5544827586206896,0.7465437788018433,0.6068352545737553,0.6802030456852792,0.5987261146496815,942,457,485
408,325,135,74,0.8464730290456431,0.29347826086956524,0.5566166439290586,0.645933014354067,0.5699756449576042,0.671604938271605,0.5764331210191083,942,482,460
410,341,126,65,0.8631578947368421,0.2698072805139186,0.5459387483355526,0.6596858638743456,0.5664825876253804,0.6688417618270799,0.5690021231422505,942,475,467
367,332,166,77,0.8265765765765766,0.3333333333333333,0.525035765379113,0.6831275720164609,0.579954954954955,0.642169728783902,0.5658174097664543,942,444,498
427,304,150,61,0.875,0.3303964757709251,0.5841313269493844,0.7109004739336493,0.6026982378854626,0.7005742411812962,0.6125265392781316,942,488,454
404,326,150,62,0.8669527896995708,0.31512605042016806,0.5534246575342465,0.7075471698113207,0.5910394200598694,0.6755852842809364,0.5881104033970276,942,466,476
376,334,162,70,0.8430493273542601,0.32661290322580644,0.5295774647887324,0.6982758620689655,0.5848311152900333,0.6505190311418685,0.5711252653927813,942,446,496
421,322,144,55,0.884453781512605,0.3090128755364807,0.566621803499327,0.7236180904522613,0.5967333285245429,0.6907301066447907,0.5997876857749469,942,476,466
389,335,151,67,0.8530701754385965,0.31069958847736623,0.537292817679558,0.6926605504587156,0.5818848819579814,0.6593220338983052,0.5732484076433121,942,456,486
418,316,143,65,0.865424430641822,0.3115468409586057,0.5694822888283378,0.6875,0.5884856358002138,0.6869350862777321,0.5955414012738853,942,483,459
393,330,158,61,0.8656387665198237,0.3237704918032787,0.5435684647302904,0.7214611872146118,0.5947046291615512,0.6677994902293968,0.5849256900212314,942,454,488
398,341,132,71,0.8486140724946695,0.27906976744186046,0.5385656292286874,0.6502463054187192,0.5638419199682649,0.6589403973509934,0.5626326963906582,942,469,473
407,334,140,61,0.8696581196581197,0.29535864978902954,0.5492577597840755,0.6965174129353234,0.5825083847235746,0.6732837055417701,0.5806794055201698,942,468,474
414,308,164,56,0.8808510638297873,0.3474576271186441,0.5734072022160664,0.7454545454545455,0.6141543454742157,0.6946308724832215,0.613588110403397,942,470,472
430,302,149,61,0.8757637474541752,0.3303769401330377,0.587431693989071,0.7095238095238096,0.6030703437936065,0.7031888798037612,0.6146496815286624,942,491,451
392,318,158,74,0.8412017167381974,0.3319327731092437,0.5521126760563381,0.6810344827586207,0.5865672449237206,0.6666666666666667,0.583864118895966,942,466,476
417,322,138,65,0.8651452282157677,0.3,0.564276048714479,0.6798029556650246,0.5825726141078839,0.6830466830466829,0.589171974522293,942,482,460
419,336,116,71,0.8551020408163266,0.25663716814159293,0.5549668874172186,0.6203208556149733,0.5558696044789597,0.6730923694779117,0.5679405520169851,942,490,452
389,348,152,53,0.8800904977375565,0.304,0.5278154681139756,0.7414634146341463,0.5920452488687783,0.6598812553011026,0.5743099787685775,942,442,500
399,341,142,60,0.869281045751634,0.2939958592132505,0.5391891891891892,0.7029702970297029,0.5816384524824423,0.6655546288573813,0.5743099787685775,942,459,483
411,336,137,58,0.8763326226012793,0.28964059196617337,0.5502008032128514,0.7025641025641025,0.5829866072837263,0.6759868421052632,0.5817409766454352,942,469,473
396,332,158,56,0.8761061946902655,0.3224489795918367,0.5439560439560439,0.7383177570093458,0.5992775871410512,0.671186440677966,0.5881104033970276,942,452,490
407,335,138,62,0.8678038379530917,0.2917547568710359,0.5485175202156334,0.69,0.5797792974120638,0.6721717588769611,0.578556263269639,942,469,473
411,354,126,51,0.8896103896103896,0.2625,0.5372549019607843,0.711864406779661,0.5760551948051948,0.6699266503667481,0.5700636942675159,942,462,480
394,343,150,55,0.8775055679287305,0.30425963488843816,0.5345997286295794,0.7317073170731707,0.5908826014085843,0.6644182124789207,0.5774946921443737,942,449,493
382,350,147,63,0.8584269662921349,0.29577464788732394,0.5218579234972678,0.7,0.5771008070897294,0.6491079014443502,0.5615711252653928,942,445,497
397,351,135,59,0.8706140350877193,0.2777777777777778,0.5307486631016043,0.6958762886597938,0.5741959064327485,0.659468438538206,0.564755838641189,942,456,486
389,338,139,76,0.8365591397849462,0.2914046121593291,0.5350756533700137,0.6465116279069767,0.5639818759721377,0.6526845637583892,0.5605095541401274,942,465,477
395,333,158,56,0.8758314855875832,0.32179226069246436,0.5425824175824175,0.7383177570093458,0.5988118731400238,0.6700593723494487,0.5870488322717622,942,451,491
391,362,140,49,0.8886363636363637,0.2788844621513944,0.5192563081009296,0.7407407407407407,0.583760412893879,0.6554903604358759,0.5636942675159236,942,440,502
446,298,149,49,0.901010101010101,0.3333333333333333,0.5994623655913979,0.7525252525252525,0.6171717171717171,0.7199354317998387,0.6316348195329087,942,495,447
403,333,138,68,0.8556263269639066,0.2929936305732484,0.5475543478260869,0.6699029126213593,0.5743099787685775,0.6677713338856669,0.5743099787685775,942,471,471
392,325,149,76,0.8376068376068376,0.3143459915611814,0.5467224546722455,0.6622222222222223,0.5759764145840095,0.6616033755274261,0.5743099787685775,942,468,474
404,321,150,67,0.8577494692144374,0.3184713375796178,0.5572413793103448,0.6912442396313364,0.5881104033970276,0.6755852842809364,0.5881104033970276,942,471,471
389,322,139,92,0.8087318087318087,0.30151843817787416,0.5471167369901547,0.6017316017316018,0.5551251234548414,0.6526845637583892,0.5605095541401274,942,481,461
386,332,142,82,0.8247863247863247,0.29957805907172996,0.5376044568245125,0.6339285714285714,0.5621821919290273,0.6509274873524451,0.5605095541401274,942,468,474
415,307,170,50,0.8924731182795699,0.35639412997903563,0.574792243767313,0.7727272727272727,0.6244336241293027,0.6992417860151642,0.6210191082802548,942,465,477
381,340,162,59,0.865909090909091,0.32270916334661354,0.5284327323162274,0.7330316742081447,0.5943091271278522,0.6563307493540053,0.5764331210191083,942,440,502
405,326,157,54,0.8823529411764706,0.3250517598343685,0.5540355677154583,0.7440758293838863,0.6037023505054195,0.680672268907563,0.5966029723991507,942,459,483
371,352,153,66,0.8489702517162472,0.30297029702970296,0.5131396957123098,0.6986301369863014,0.5759702743729751,0.6396551724137931,0.5562632696390658,942,437,505
382,342,150,68,0.8488888888888889,0.3048780487804878,0.5276243093922652,0.6880733944954128,0.5768834688346883,0.6507666098807495,0.564755838641189,942,450,492
410,326,147,59,0.8742004264392325,0.3107822410147992,0.5570652173913043,0.7135922330097088,0.5924913337270158,0.6804979253112033,0.5912951167728238,942,469,473
402,348,141,51,0.8874172185430463,0.2883435582822086,0.536,0.734375,0.5878803884126275,0.6683291770573566,0.5764331210191083,942,453,489
394,348,143,57,0.8736141906873615,0.29124236252545826,0.5309973045822103,0.715,0.5824282766064098,0.6605196982397319,0.5700636942675159,942,451,491
433,304,144,61,0.8765182186234818,0.32142857142857145,0.587516960651289,0.7024390243902439,0.5989733950260266,0.7034930950446792,0.6125265392781316,942,494,448
383,321,173,65,0.8549107142857143,0.35020242914979755,0.5440340909090909,0.726890756302521,0.6025565717177559,0.6649305555555556,0.5902335456475584,942,448,494
432,311,149,50,0.8962655601659751,0.3239130434782609,0.5814266487213997,0.7487437185929648,0.6100893018221181,0.7053061224489796,0.6167728237791932,942,482,460
427,301,154,60,0.8767967145790554,0.3384615384615385,0.5865384615384616,0.719626168224299,0.6076291265202969,0.7028806584362141,0.6167728237791932,942,487,455
400,348,132,62,0.8658008658008658,0.275,0.5347593582887701,0.6804123711340206,0.5704004329004329,0.6611570247933886,0.564755838641189,942,462,480
402,325,159,56,0.8777292576419214,0.3285123966942149,0.5529573590096286,0.7395348837209302,0.6031208271680681,0.6784810126582279,0.5955414012738853,942,458,484
406,343,141,52,0.8864628820960698,0.29132231404958675,0.5420560747663551,0.7305699481865285,0.5888925980728283,0.6727423363711682,0.5806794055201698,942,458,484
396,324,157,65,0.8590021691973969,0.3264033264033264,0.55,0.7072072072072072,0.5927027478003617,0.6706181202370872,0.5870488322717622,942,461,481
393,361,136,52,0.8831460674157303,0.27364185110663986,0.5212201591511937,0.723404255319149,0.5783939592611851,0.6555462885738116,0.5615711252653928,942,445,497
403,334,142,63,0.8648068669527897,0.29831932773109243,0.5468113975576662,0.6926829268292682,0.5815630973419411,0.6699916874480465,0.578556263269639,942,466,476
382,355,146,59,0.8662131519274376,0.29141716566866266,0.5183175033921302,0.7121951219512195,0.5788151587980501,0.6485568760611206,0.5605095541401274,942,441,501
396,329,158,59,0.8703296703296703,0.324435318275154,0.5462068965517242,0.728110599078341,0.5973824943024122,0.6711864406779661,0.5881104033970276,942,455,487
404,321,143,74,0.8451882845188284,0.3081896551724138,0.5572413793103448,0.6589861751152074,0.5766889698456211,0.6716541978387365,0.5806794055201698,942,478,464
408,316,158,60,0.8717948717948718,0.3333333333333333,0.56353591160221,0.7247706422018348,0.6025641025641025,0.6845637583892616,0.6008492569002123,942,468,474
404,343,141,54,0.8820960698689956,0.29132231404958675,0.5408299866131191,0.7230769230769231,0.5867091919592912,0.6705394190871369,0.578556263269639,942,458,484
392,332,162,56,0.875,0.32793522267206476,0.5414364640883977,0.7431192660550459,0.6014676113360324,0.6689419795221843,0.5881104033970276,942,448,494
386,367,127,62,0.8616071428571429,0.25708502024291496,0.5126162018592297,0.671957671957672,0.559346081550029,0.6427976686094922,0.5445859872611465,942,448,494
415,310,160,57,0.8792372881355932,0.3404255319148936,0.5724137931034483,0.7373271889400922,0.6098314100252434,0.6934001670843776,0.6104033970276008,942,472,470
414,333,130,65,0.8643006263048016,0.28077753779697623,0.5542168674698795,0.6666666666666666,0.5725390820508889,0.6753670473083198,0.5774946921443737,942,479,463
390,337,145,70,0.8478260869565217,0.3008298755186722,0.5364511691884457,0.6744186046511628,0.574327981237597,0.6571187868576243,0.5679405520169851,942,460,482
400,322,153,67,0.8565310492505354,0.32210526315789473,0.554016620498615,0.6954545454545454,0.589318156204215,0.6728343145500422,0.5870488322717622,942,467,475
413,304,156,69,0.8568464730290456,0.3391304347826087,0.5760111576011158,0.6933333333333334,0.5979884539058271,0.6889074228523769,0.6040339702760085,942,482,460
414,312,154,62,0.8697478991596639,0.33047210300429186,0.5702479338842975,0.7129629629629629,0.6001100010819779,0.6888519134775374,0.6029723991507431,942,476,466
388,361,150,43,0.9002320185614849,0.29354207436399216,0.5180240320427236,0.7772020725388601,0.5968870464627385,0.6576271186440679,0.5711252653927813,942,431,511
407,319,158,58,0.875268817204301,0.3312368972746331,0.5606060606060606,0.7314814814814815,0.6032528572394671,0.6834592779177162,0.5997876857749469,942,465,477
382,349,142,69,0.8470066518847007,0.2892057026476578,0.5225718194254446,0.6729857819905213,0.5681061772661793,0.6463620981387479,0.5562632696390658,942,451,491
399,341,160,42,0.9047619047619048,0.3193612774451098,0.5391891891891892,0.7920792079207921,0.6120615911035072,0.6756985605419137,0.5934182590233545,942,441,501
360,361,142,79,0.8200455580865603,0.2823061630218688,0.49930651872399445,0.6425339366515838,0.5511758605542145,0.6206896551724138,0.5329087048832272,942,439,503
394,343,150,55,0.8775055679287305,0.30425963488843816,0.5345997286295794,0.7317073170731707,0.5908826014085843,0.6644182124789207,0.5774946921443737,942,449,493
375,346,152,69,0.8445945945945946,0.30522088353413657,0.5201109570041609,0.6877828054298643,0.5749077390643655,0.6437768240343348,0.559447983014862,942,444,498
422,326,139,55,0.8846960167714885,0.2989247311827957,0.5641711229946524,0.7164948453608248,0.5918103739771421,0.6889795918367347,0.5955414012738853,942,477,465
381,355,144,62,0.8600451467268623,0.28857715430861725,0.5176630434782609,0.6990291262135923,0.5743111505177397,0.6463104325699746,0.5573248407643312,942,443,499
425,305,154,58,0.8799171842650103,0.3355119825708061,0.5821917808219178,0.7264150943396226,0.6077145834179082,0.7007419620774937,0.6146496815286624,942,483,459
399,322,162,59,0.87117903930131,0.3347107438016529,0.5533980582524272,0.7330316742081447,0.6029448915514815,0.6768447837150126,0.5955414012738853,942,458,484
415,336,137,54,0.8848614072494669,0.28964059196617337,0.5525965379494008,0.7172774869109948,0.5872509996078201,0.6803278688524589,0.5859872611464968,942,469,473
405,323,157,57,0.8766233766233766,0.32708333333333334,0.5563186813186813,0.7336448598130841,0.601853354978355,0.680672268907563,0.5966029723991507,942,462,480
403,325,160,54,0.8818380743982495,0.32989690721649484,0.5535714285714286,0.7476635514018691,0.6058674908073721,0.680168776371308,0.5976645435244161,942,457,485
389,343,145,65,0.8568281938325991,0.29713114754098363,0.5314207650273224,0.6904761904761905,0.5769796706867913,0.6559865092748735,0.5668789808917197,942,454,488
412,300,161,69,0.8565488565488566,0.3492407809110629,0.5786516853932584,0.7,0.6028948187299598,0.6906957250628667,0.60828025477707,942,481,461
441,342,112,47,0.9036885245901639,0.24669603524229075,0.5632183908045977,0.7044025157232704,0.5751922799162273,0.6939417781274587,0.5870488322717622,942,488,454
432,320,135,55,0.8870636550308009,0.2967032967032967,0.574468085106383,0.7105263157894737,0.5918834758670488,0.6973365617433415,0.6019108280254777,942,487,455
392,329,157,64,0.8596491228070176,0.3230452674897119,0.5436893203883495,0.7104072398190046,0.5913471951483648,0.6661002548853016,0.5828025477707006,942,456,486
415,300,161,66,0.8627858627858628,0.3492407809110629,0.5804195804195804,0.7092511013215859,0.6060133218484629,0.6939799331103678,0.6114649681528662,942,481,461
402,336,148,56,0.8777292576419214,0.30578512396694213,0.5447154471544715,0.7254901960784313,0.5917571908044318,0.6722408026755853,0.583864118895966,942,458,484
384,343,157,58,0.8687782805429864,0.314,0.5281980742778541,0.7302325581395349,0.5913891402714933,0.6569717707442257,0.5743099787685775,942,442,500
420,322,140,60,0.875,0.30303030303030304,0.5660377358490566,0.7,0.5890151515151515,0.6873977086743045,0.5944798301486199,942,480,462
404,341,135,62,0.8669527896995708,0.28361344537815125,0.5422818791946309,0.6852791878172588,0.5752831175388611,0.6672171758876961,0.5721868365180467,942,466,476
403,326,149,64,0.8629550321199143,0.3136842105263158,0.5528120713305898,0.6995305164319249,0.588319621323115,0.6739130434782609,0.5859872611464968,942,467,475
418,323,148,53,0.8874734607218684,0.31422505307855625,0.5641025641025641,0.736318407960199,0.6008492569002123,0.6897689768976898,0.6008492569002123,942,471,471
394,324,162,62,0.8640350877192983,0.3333333333333333,0.5487465181058496,0.7232142857142857,0.5986842105263158,0.6712095400340716,0.5902335456475584,942,456,486
384,350,134,74,0.8384279475982532,0.2768595041322314,0.5231607629427792,0.6442307692307693,0.5576437258652424,0.6442953020134228,0.5498938428874734,942,458,484
404,332,148,58,0.8744588744588745,0.30833333333333335,0.5489130434782609,0.7184466019417476,0.591396103896104,0.6744574290484141,0.5859872611464968,942,462,480
406,332,142,62,0.8675213675213675,0.29957805907172996,0.5501355013550135,0.696078431372549,0.5835497132965488,0.6733001658374793,0.5817409766454352,942,468,474
403,334,139,66,0.8592750533049041,0.2938689217758985,0.5468113975576662,0.6780487804878049,0.5765719875404013,0.6683250414593698,0.5753715498938429,942,469,473
379,354,153,56,0.871264367816092,0.30177514792899407,0.5170532060027285,0.7320574162679426,0.586519757872543,0.648972602739726,0.564755838641189,942,435,507
409,317,151,65,0.8628691983122363,0.32264957264957267,0.5633608815426997,0.6990740740740741,0.5927593854809045,0.6816666666666666,0.5944798301486199,942,474,468
390,327,174,51,0.8843537414965986,0.3473053892215569,0.5439330543933054,0.7733333333333333,0.6158295653590777,0.6735751295336786,0.5987261146496815,942,441,501
428,333,142,39,0.9164882226980728,0.29894736842105263,0.5624178712220762,0.7845303867403315,0.6077177955595627,0.6970684039087949,0.6050955414012739,942,467,475
437,331,119,55,0.8882113821138211,0.2644444444444444,0.5690104166666666,0.6839080459770115,0.5763279132791328,0.6936507936507936,0.5902335456475584,942,492,450
417,331,132,62,0.8705636743215032,0.28509719222462204,0.5574866310160428,0.6804123711340206,0.5778304332730626,0.6797066014669927,0.5828025477707006,942,479,463
400,336,144,62,0.8658008658008658,0.3,0.5434782608695652,0.6990291262135923,0.5829004329004329,0.667779632721202,0.5774946921443737,942,462,480
414,338,128,62,0.8697478991596639,0.27467811158798283,0.550531914893617,0.6736842105263158,0.5722130053738234,0.6742671009771987,0.5753715498938429,942,476,466
411,316,149,66,0.8616352201257862,0.3204301075268817,0.5653370013755158,0.6930232558139535,0.5910326638263339,0.6827242524916944,0.5944798301486199,942,477,465
418,324,137,63,0.8690228690228691,0.29718004338394793,0.5633423180592992,0.685,0.5831014562034085,0.6835650040883074,0.589171974522293,942,481,461
425,305,150,62,0.8726899383983573,0.32967032967032966,0.5821917808219178,0.7075471698113207,0.6011801340343434,0.6984387838948233,0.6104033970276008,942,487,455
387,347,158,50,0.88558352402746,0.31287128712871287,0.5272479564032697,0.7596153846153846,0.5992274055780864,0.6609735269000855,0.578556263269639,942,437,505
403,333,150,56,0.8779956427015251,0.3105590062111801,0.5475543478260869,0.7281553398058253,0.5942773244563526,0.6744769874476987,0.5870488322717622,942,459,483
383,344,146,69,0.8473451327433629,0.2979591836734694,0.5268225584594223,0.6790697674418604,0.5726521582084161,0.6497031382527565,0.5615711252653928,942,452,490
397,326,166,53,0.8822222222222222,0.33739837398373984,0.5491009681881052,0.7579908675799086,0.609810298102981,0.6768968456947997,0.5976645435244161,942,450,492
390,335,152,65,0.8571428571428571,0.31211498973305957,0.5379310344827586,0.7004608294930875,0.5846289234379584,0.6610169491525424,0.5753715498938429,942,455,487
407,331,139,65,0.8622881355932204,0.2957446808510638,0.551490514905149,0.6813725490196079,0.5790164082221421,0.6727272727272727,0.5796178343949044,942,472,470
438,302,148,54,0.8902439024390244,0.3288888888888889,0.5918918918918918,0.7326732673267327,0.6095663956639567,0.7110389610389611,0.6220806794055201,942,492,450
425,320,133,64,0.869120654396728,0.293598233995585,0.5704697986577181,0.6751269035532995,0.5813594441961565,0.6888168557536467,0.5923566878980892,942,489,453
395,344,150,53,0.8816964285714286,0.30364372469635625,0.5345060893098782,0.7389162561576355,0.5926700766338924,0.6655433866891323,0.578556263269639,942,448,494
406,312,151,73,0.8475991649269311,0.326133909287257,0.5654596100278552,0.6741071428571429,0.586866537107094,0.6783625730994153,0.5912951167728238,942,479,463
407,319,154,62,0.8678038379530917,0.32558139534883723,0.5606060606060606,0.7129629629629629,0.5966926166509645,0.6811715481171549,0.5955414012738853,942,469,473
439,311,132,60,0.8797595190380761,0.2979683972911964,0.5853333333333334,0.6875,0.5888639581646362,0.7029623698959168,0.6061571125265393,942,499,443
439,305,137,61,0.878,0.30995475113122173,0.5900537634408602,0.6919191919191919,0.5939773755656108,0.7057877813504825,0.6114649681528662,942,500,442
398,331,153,60,0.868995633187773,0.31611570247933884,0.5459533607681756,0.7183098591549296,0.592555667833556,0.6705981465880371,0.5849256900212314,942,458,484
412,321,148,61,0.8710359408033826,0.31556503198294245,0.5620736698499318,0.7081339712918661,0.5933004863931626,0.6832504145936982,0.5944798301486199,942,473,469
412,314,161,55,0.8822269807280514,0.3389473684210526,0.5674931129476584,0.7453703703703703,0.610587174574552,0.6906957250628667,0.60828025477707,942,467,475
399,347,135,61,0.8673913043478261,0.2800829875518672,0.5348525469168901,0.6887755102040817,0.5737371459498466,0.6616915422885572,0.5668789808917197,942,460,482
411,328,138,65,0.8634453781512605,0.296137339055794,0.5561569688768606,0.6798029556650246,0.5797913586035273,0.6765432098765433,0.5828025477707006,942,476,466
391,327,168,56,0.8747203579418344,0.3393939393939394,0.5445682451253482,0.75,0.607057148667887,0.6712446351931329,0.5934182590233545,942,447,495
424,347,116,55,0.8851774530271399,0.2505399568034557,0.5499351491569391,0.6783625730994152,0.5678587049152978,0.6784,0.5732484076433121,942,479,463
399,359,137,47,0.8946188340807175,0.2762096774193548,0.5263852242744064,0.7445652173913043,0.5854142557500361,0.6627906976744187,0.5690021231422505,942,446,496
400,335,139,68,0.8547008547008547,0.29324894514767935,0.54421768707483,0.6714975845410628,0.573974899924267,0.6650041562759768,0.5721868365180467,942,468,474
414,322,155,51,0.8903225806451613,0.3249475890985325,0.5625,0.7524271844660194,0.6076350848718469,0.6894254787676937,0.6040339702760085,942,465,477
393,345,144,60,0.8675496688741722,0.294478527607362,0.532520325203252,0.7058823529411765,0.5810140982407671,0.6599496221662468,0.5700636942675159,942,453,489
380,336,168,58,0.867579908675799,0.3333333333333333,0.5307262569832403,0.7433628318584071,0.6004566210045662,0.6585788561525131,0.5817409766454352,942,438,504
410,323,147,62,0.8686440677966102,0.3127659574468085,0.5593451568894953,0.7033492822966507,0.5907050126217094,0.6804979253112033,0.5912951167728238,942,472,470
423,312,144,63,0.8703703703703703,0.3157894736842105,0.5755102040816327,0.6956521739130435,0.5930799220272904,0.6928746928746927,0.6019108280254777,942,486,456
383,330,161,68,0.8492239467849224,0.32790224032586557,0.5371669004207573,0.7030567685589519,0.588563093555394,0.6580756013745703,0.5774946921443737,942,451,491
437,324,137,44,0.9085239085239085,0.29718004338394793,0.5742444152431012,0.7569060773480663,0.6028519759539283,0.7037037037037038,0.6093418259023354,942,481,461
406,332,149,55,0.8806941431670282,0.3097713097713098,0.5501355013550135,0.7303921568627451,0.595232726469169,0.6772310258548792,0.589171974522293,942,461,481
413,327,145,57,0.8787234042553191,0.3072033898305085,0.5581081081081081,0.7178217821782178,0.5929633970429138,0.6826446280991735,0.5923566878980892,942,470,472
425,312,151,54,0.8872651356993737,0.326133909287257,0.576662143826323,0.7365853658536585,0.6066995224933154,0.6990131578947368,0.6114649681528662,942,479,463
397,322,160,63,0.8630434782608696,0.33195020746887965,0.5521557719054242,0.7174887892376681,0.5974968428648746,0.6734520780322307,0.5912951167728238,942,460,482
422,323,138,59,0.8773388773388774,0.2993492407809111,0.5664429530201343,0.700507614213198,0.5883440590598943,0.6884176182707994,0.5944798301486199,942,481,461
430,309,140,63,0.8722109533468559,0.311804008908686,0.5818673883626523,0.6896551724137931,0.5920074811277709,0.6980519480519481,0.6050955414012739,942,493,449
423,327,134,58,0.8794178794178794,0.29067245119305857,0.564,0.6979166666666666,0.585045165305469,0.687246141348497,0.5912951167728238,942,481,461
375,355,144,68,0.8465011286681715,0.28857715430861725,0.5136986301369864,0.6792452830188679,0.5675391414883943,0.639386189258312,0.5509554140127388,942,443,499
402,312,163,65,0.860813704496788,0.3431578947368421,0.5630252100840336,0.7149122807017544,0.601985799616815,0.68077900084674,0.5997876857749469,942,467,475
414,301,172,55,0.8827292110874201,0.36363636363636365,0.579020979020979,0.7577092511013216,0.6231827873618918,0.6993243243243242,0.6220806794055201,942,469,473
409,322,148,63,0.8665254237288136,0.3148936170212766,0.5595075239398085,0.7014218009478673,0.5907095203750451,0.6799667497921863,0.5912951167728238,942,472,470
436,293,151,62,0.8755020080321285,0.3400900900900901,0.598079561042524,0.7089201877934272,0.6077960490611093,0.710676446617767,0.6231422505307855,942,498,444
420,326,135,61,0.8731808731808732,0.2928416485900217,0.5630026809651475,0.6887755102040817,0.5830112608854474,0.684596577017115,0.589171974522293,942,481,461
419,340,133,50,0.8933901918976546,0.28118393234672306,0.5520421607378129,0.726775956284153,0.5872870621221888,0.6824104234527687,0.5859872611464968,942,469,473
427,319,137,59,0.8786008230452675,0.30043859649122806,0.5723860589812333,0.6989795918367347,0.5895197097682479,0.6931818181818182,0.5987261146496815,942,486,456
396,322,164,60,0.868421052631579,0.3374485596707819,0.5515320334261838,0.7321428571428571,0.6029348061511804,0.6746166950596253,0.5944798301486199,942,456,486
436,309,148,49,0.8989690721649485,0.3238512035010941,0.5852348993288591,0.751269035532995,0.6114101378330212,0.7089430894308943,0.6199575371549894,942,485,457
421,319,152,50,0.8938428874734607,0.3227176220806794,0.5689189189189189,0.7524752475247525,0.60828025477707,0.6952931461601983,0.60828025477707,942,471,471
431,319,129,63,0.8724696356275303,0.28794642857142855,0.5746666666666667,0.671875,0.5802080320994795,0.6929260450160771,0.5944798301486199,942,494,448
400,345,140,57,0.87527352297593,0.28865979381443296,0.5369127516778524,0.7106598984771574,0.5819666583951815,0.6655574043261232,0.5732484076433121,942,457,485
372,338,155,77,0.8285077951002228,0.3144016227180527,0.523943661971831,0.6681034482758621,0.5714547089091377,0.6419327006039689,0.559447983014862,942,449,493
415,325,142,60,0.8736842105263158,0.30406852248394006,0.5608108108108109,0.7029702970297029,0.588876366505128,0.6831275720164609,0.5912951167728238,942,475,467
411,319,156,56,0.880085653104925,0.32842105263157895,0.563013698630137,0.7358490566037735,0.604253352868252,0.6867167919799497,0.6019108280254777,942,467,475
422,320,154,46,0.9017094017094017,0.32489451476793246,0.568733153638814,0.77,0.6133019582386671,0.6975206611570249,0.6114649681528662,942,468,474
408,356,132,46,0.8986784140969163,0.27049180327868855,0.5340314136125655,0.7415730337078652,0.5845851086878024,0.6699507389162561,0.5732484076433121,942,454,488
410,326,152,54,0.8836206896551724,0.3179916317991632,0.5570652173913043,0.7378640776699029,0.6008061607271677,0.6833333333333332,0.5966029723991507,942,464,478
409,333,146,54,0.8833693304535637,0.3048016701461378,0.5512129380053908,0.73,0.5940855002998507,0.678838174273859,0.589171974522293,942,463,479
403,328,151,60,0.8704103671706264,0.31524008350730687,0.5512995896032832,0.7156398104265402,0.5928252253389666,0.6750418760469012,0.5881104033970276,942,463,479
424,311,138,69,0.8600405679513184,0.30734966592427615,0.5768707482993197,0.6666666666666666,0.5836951169377973,0.6905537459283387,0.5966029723991507,942,493,449
424,321,137,60,0.8760330578512396,0.29912663755458513,0.5691275167785235,0.6954314720812182,0.5875798477029124,0.6899918633034987,0.5955414012738853,942,484,458
419,325,150,48,0.8972162740899358,0.3157894736842105,0.5631720430107527,0.7575757575757576,0.6065028738870731,0.6919900908340216,0.6040339702760085,942,467,475
394,332,147,69,0.8509719222462203,0.3068893528183716,0.5426997245179064,0.6805555555555556,0.578930637532296,0.6627417998317915,0.5743099787685775,942,463,479
412,340,130,60,0.8728813559322034,0.2765957446808511,0.5478723404255319,0.6842105263157895,0.5747385503065272,0.6732026143790849,0.5753715498938429,942,472,470
427,305,152,58,0.8804123711340206,0.33260393873085337,0.5833333333333334,0.7238095238095238,0.6065081549324369,0.7017255546425637,0.6146496815286624,942,485,457
425,297,151,69,0.8603238866396761,0.33705357142857145,0.5886426592797784,0.6863636363636364,0.5986887290341237,0.6990131578947368,0.6114649681528662,942,494,448
387,347,150,58,0.8696629213483146,0.30181086519114686,0.5272479564032697,0.7211538461538461,0.5857368932697307,0.6564885496183205,0.5700636942675159,942,445,497
394,346,151,51,0.8853932584269663,0.3038229376257545,0.5324324324324324,0.7475247524752475,0.5946080980263604,0.6649789029535865,0.578556263269639,942,445,497
420,322,141,59,0.8768267223382046,0.3045356371490281,0.5660377358490566,0.705,0.5906811797436163,0.687960687960688,0.5955414012738853,942,479,463
385,333,160,64,0.8574610244988864,0.32454361054766734,0.5362116991643454,0.7142857142857143,0.5910023175232768,0.6598114824335903,0.578556263269639,942,449,493
426,314,152,50,0.8949579831932774,0.3261802575107296,0.5756756756756757,0.7524752475247525,0.6105691203520035,0.7006578947368421,0.613588110403397,942,476,466
404,330,156,52,0.8859649122807017,0.32098765432098764,0.5504087193460491,0.75,0.6034762833008447,0.6789915966386555,0.5944798301486199,942,456,486
425,314,144,59,0.878099173553719,0.314410480349345,0.5751014884979703,0.7093596059113301,0.596254826951532,0.6950122649223222,0.6040339702760085,942,484,458
392,328,167,55,0.8769574944071589,0.3373737373737374,0.5444444444444444,0.7522522522522522,0.6071656158904482,0.6718080548414739,0.5934182590233545,942,447,495
406,322,153,61,0.8693790149892934,0.32210526315789473,0.5576923076923077,0.7149532710280374,0.5957421390735941,0.6794979079497908,0.5934182590233545,942,467,475
464,291,133,54,0.8957528957528957,0.3136792452830189,0.614569536423841,0.7112299465240641,0.6047160705179573,0.7289866457187745,0.6337579617834395,942,518,424
405,346,122,69,0.8544303797468354,0.2606837606837607,0.5392809587217043,0.6387434554973822,0.5575570702152981,0.6612244897959183,0.559447983014862,942,474,468
413,325,155,49,0.8939393939393939,0.3229166666666667,0.559620596205962,0.7598039215686274,0.6084280303030303,0.6883333333333334,0.6029723991507431,942,462,480
397,347,133,65,0.8593073593073594,0.27708333333333335,0.5336021505376344,0.6717171717171717,0.5681953463203464,0.6583747927031509,0.5626326963906582,942,462,480
366,342,155,79,0.8224719101123595,0.3118712273641851,0.5169491525423728,0.6623931623931624,0.5671715687382723,0.634865568083261,0.5530785562632696,942,445,497
417,325,148,52,0.8891257995735607,0.3128964059196617,0.5619946091644205,0.74,0.6010111027466112,0.6886870355078447,0.5997876857749469,942,469,473
426,327,135,54,0.8875,0.2922077922077922,0.5657370517928287,0.7142857142857143,0.589853896103896,0.6909975669099757,0.5955414012738853,942,480,462
431,308,150,53,0.890495867768595,0.32751091703056767,0.5832205683355887,0.7389162561576355,0.6090033923995813,0.7048242027800491,0.6167728237791932,942,484,458
418,320,148,56,0.8818565400843882,0.3162393162393162,0.5663956639566395,0.7254901960784313,0.5990479281618522,0.6897689768976898,0.6008492569002123,942,474,468
386,349,148,59,0.8674157303370786,0.2977867203219316,0.5251700680272109,0.714975845410628,0.5826012253295051,0.6542372881355932,0.5668789808917197,942,445,497
430,312,139,61,0.8757637474541752,0.3082039911308204,0.5795148247978437,0.695,0.5919838692924978,0.6974858069748581,0.6040339702760085,942,491,451
403,344,128,67,0.8574468085106383,0.2711864406779661,0.5394912985274432,0.6564102564102564,0.5643166245943022,0.6622843056696796,0.5636942675159236,942,470,472
413,331,145,53,0.8862660944206009,0.30462184873949577,0.5551075268817204,0.7323232323232324,0.5954439715800484,0.6826446280991736,0.5923566878980892,942,466,476
403,352,130,57,0.8760869565217392,0.2697095435684647,0.5337748344370861,0.6951871657754011,0.572898250045102,0.6633744855967078,0.5658174097664543,942,460,482
428,310,133,71,0.8577154308617234,0.3002257336343115,0.5799457994579946,0.6519607843137255,0.5789705822480175,0.6919967663702506,0.5955414012738853,942,499,443
409,332,141,60,0.8720682302771855,0.29809725158562367,0.5519568151147098,0.7014925373134329,0.5850827409314046,0.6760330578512396,0.583864118895966,942,469,473
395,345,138,64,0.8605664488017429,0.2857142857142857,0.5337837837837838,0.6831683168316832,0.5731403672580143,0.6588824020016681,0.5658174097664543,942,459,483
401,345,135,61,0.8679653679653679,0.28125,0.5375335120643432,0.6887755102040817,0.5746076839826839,0.6639072847682119,0.5690021231422505,942,462,480
423,305,148,66,0.8650306748466258,0.32671081677704195,0.5810439560439561,0.6915887850467289,0.5958707458118339,0.695152013147083,0.6061571125265393,942,489,453
402,322,151,67,0.8571428571428571,0.3192389006342495,0.5552486187845304,0.6926605504587156,0.5881908788885533,0.6739312657166806,0.5870488322717622,942,469,473
409,332,136,65,0.8628691983122363,0.2905982905982906,0.5519568151147098,0.6766169154228856,0.5767337444552635,0.6732510288065844,0.578556263269639,942,474,468
409,326,151,56,0.8795698924731182,0.3165618448637317,0.5564625850340136,0.7294685990338164,0.5980658686684249,0.6816666666666666,0.5944798301486199,942,465,477
402,344,150,46,0.8973214285714286,0.30364372469635625,0.5388739946380697,0.7653061224489796,0.6004825766338924,0.6733668341708543,0.5859872611464968,942,448,494
439,309,135,59,0.8815261044176707,0.30405405405405406,0.5868983957219251,0.6958762886597938,0.5927900792358624,0.7046548956661317,0.6093418259023354,942,498,444
389,342,150,61,0.8644444444444445,0.3048780487804878,0.5321477428180574,0.7109004739336493,0.5846612466124661,0.6587637595258256,0.5721868365180467,942,450,492
421,324,144,53,0.8881856540084389,0.3076923076923077,0.5651006711409396,0.7309644670050761,0.5979389808503732,0.690730106644791,0.5997876857749469,942,474,468
391,333,159,59,0.8688888888888889,0.3231707317073171,0.5400552486187845,0.7293577981651376,0.596029810298103,0.666098807495741,0.583864118895966,942,450,492
404,332,147,59,0.8725701943844493,0.3068893528183716,0.5489130434782609,0.7135922330097088,0.5897297736014104,0.6738949124270225,0.5849256900212314,942,463,479
426,313,144,59,0.8783505154639175,0.3150984682713348,0.5764546684709067,0.7093596059113301,0.5967244918676262,0.696078431372549,0.6050955414012739,942,485,457
394,338,142,68,0.8528138528138528,0.29583333333333334,0.5382513661202186,0.6761904761904762,0.574323593073593,0.6599664991624791,0.5690021231422505,942,462,480
407,332,141,62,0.8678038379530917,0.29809725158562367,0.550744248985115,0.6945812807881774,0.5829505447693577,0.673841059602649,0.5817409766454352,942,469,473
401,317,162,62,0.8660907127429806,0.33820459290187893,0.5584958217270195,0.7232142857142857,0.6021476528224298,0.6790855207451313,0.5976645435244161,942,463,479
435,298,158,51,0.8950617283950617,0.34649122807017546,0.5934515688949522,0.7559808612440191,0.6207764782326186,0.7136997538966366,0.6295116772823779,942,486,456
411,345,138,48,0.8954248366013072,0.2857142857142857,0.5436507936507936,0.7419354838709677,0.5905695611577965,0.6765432098765432,0.5828025477707006,942,459,483
393,330,164,55,0.8772321428571429,0.3319838056680162,0.5435684647302904,0.7488584474885844,0.6046079742625796,0.6712211784799317,0.5912951167728238,942,448,494
410,318,143,71,0.8523908523908524,0.31019522776572667,0.5631868131868132,0.6682242990654206,0.5812930400782895,0.6782464846980976,0.5870488322717622,942,481,461
399,335,149,59,0.87117903930131,0.30785123966942146,0.5435967302452316,0.7163461538461539,0.5895151394853657,0.669463087248322,0.5817409766454352,942,458,484
437,293,152,60,0.8792756539235412,0.3415730337078652,0.5986301369863014,0.7169811320754716,0.6104243438157032,0.7123064384678076,0.6252653927813163,942,497,445
414,335,124,69,0.8571428571428571,0.2701525054466231,0.5527369826435247,0.6424870466321243,0.5636476812947401,0.672077922077922,0.5711252653927813,942,483,459
399,334,144,65,0.8599137931034483,0.301255230125523,0.5443383356070941,0.6889952153110048,0.5805845116144857,0.6666666666666667,0.5764331210191083,942,464,478
402,324,166,50,0.8893805309734514,0.33877551020408164,0.5537190082644629,0.7685185185185185,0.6140780205887665,0.6825127334465196,0.6029723991507431,942,452,490
405,345,132,60,0.8709677419354839,0.27672955974842767,0.54,0.6875,0.5738486508419558,0.6666666666666666,0.5700636942675159,942,465,477
415,329,132,66,0.8627858627858628,0.28633405639913234,0.5577956989247311,0.6666666666666666,0.5745599595924975,0.6775510204081632,0.5806794055201698,942,481,461
410,349,131,52,0.8874458874458875,0.27291666666666664,0.5401844532279315,0.7158469945355191,0.5801812770562771,0.6715806715806716,0.5743099787685775,942,462,480
417,324,149,52,0.8891257995735607,0.3150105708245243,0.562753036437247,0.7412935323383084,0.6020681851990426,0.6892561983471074,0.6008492569002123,942,469,473
404,336,152,50,0.8898678414096917,0.3114754098360656,0.5459459459459459,0.7524752475247525,0.6006716256228786,0.6767169179229481,0.5902335456475584,942,454,488
397,337,139,69,0.851931330472103,0.2920168067226891,0.5408719346049047,0.6682692307692307,0.5719740685973961,0.6616666666666667,0.5690021231422505,942,466,476
358,343,170,71,0.8344988344988346,0.3313840155945419,0.5106990014265336,0.7053941908713693,0.5829414250466882,0.6336283185840708,0.5605095541401274,942,429,513
383,343,152,64,0.8568232662192393,0.30707070707070705,0.5275482093663911,0.7037037037037037,0.5819469866449731,0.6530264279624893,0.5679405520169851,942,447,495
398,337,159,48,0.8923766816143498,0.32056451612903225,0.5414965986394558,0.7681159420289855,0.606470598871691,0.6740050804403048,0.5912951167728238,942,446,496
402,322,164,54,0.881578947368421,0.3374485596707819,0.5552486187845304,0.7522935779816514,0.6095137535196015,0.6813559322033899,0.6008492569002123,942,456,486
410,322,135,75,0.845360824742268,0.29540481400437635,0.5601092896174863,0.6428571428571429,0.5703828193733222,0.6737880032867707,0.578556263269639,942,485,457
405,325,148,64,0.8635394456289979,0.3128964059196617,0.5547945205479452,0.6981132075471698,0.5882179257743299,0.6755629691409508,0.5870488322717622,942,469,473
417,315,154,56,0.8816067653276956,0.3283582089552239,0.569672131147541,0.7333333333333333,0.6049824871414597,0.6921161825726141,0.6061571125265393,942,473,469
393,333,149,67,0.8543478260869565,0.3091286307053942,0.5413223140495868,0.6898148148148148,0.5817382283961754,0.6627318718381112,0.5753715498938429,942,460,482
402,336,147,57,0.8758169934640523,0.30434782608695654,0.5447154471544715,0.7205882352941176,0.5900824097755044,0.6716791979949874,0.5828025477707006,942,459,483
397,330,157,58,0.8725274725274725,0.32238193018480493,0.546079779917469,0.7302325581395349,0.5974547013561388,0.6717428087986463,0.5881104033970276,942,455,487
434,322,135,51,0.8948453608247423,0.29540481400437635,0.5740740740740741,0.7258064516129032,0.5951250874145593,0.6994359387590653,0.6040339702760085,942,485,457
416,317,146,63,0.8684759916492694,0.31533477321814257,0.567530695770805,0.6985645933014354,0.5919053824337059,0.6864686468646866,0.5966029723991507,942,479,463
424,314,143,61,0.8742268041237113,0.31291028446389496,0.5745257452574526,0.7009803921568627,0.5935685442938031,0.6933769419460343,0.6019108280254777,942,485,457
423,318,143,58,0.8794178794178794,0.31019522776572667,0.5708502024291497,0.7114427860696517,0.594806553591803,0.6923076923076924,0.6008492569002123,942,481,461
417,308,156,61,0.8723849372384938,0.33620689655172414,0.5751724137931035,0.7188940092165899,0.604295916895109,0.6932668329177056,0.60828025477707,942,478,464
410,321,149,62,0.8686440677966102,0.3170212765957447,0.560875512995896,0.7061611374407583,0.5928326721961774,0.6816292601828762,0.5934182590233545,942,472,470
406,327,154,55,0.8806941431670282,0.3201663201663202,0.5538881309686221,0.7368421052631579,0.6004302316666742,0.6800670016750419,0.5944798301486199,942,461,481
438,319,131,54,0.8902439024390244,0.2911111111111111,0.5785997357992074,0.7081081081081081,0.5906775067750678,0.7013610888710969,0.6040339702760085,942,492,450
390,350,145,57,0.87248322147651,0.29292929292929293,0.527027027027027,0.7178217821782178,0.5827062572029015,0.6571187868576241,0.5679405520169851,942,447,495
412,333,141,56,0.8803418803418803,0.2974683544303797,0.553020134228188,0.7157360406091371,0.58890511738613,0.6793075020610058,0.5870488322717622,942,468,474
417,312,153,60,0.8742138364779874,0.32903225806451614,0.5720164609053497,0.7183098591549296,0.6016230472712518,0.691542288557214,0.6050955414012739,942,477,465
405,329,153,55,0.8804347826086957,0.31742738589211617,0.5517711171662125,0.7355769230769231,0.5989310842504059,0.678391959798995,0.5923566878980892,942,460,482
399,342,150,51,0.8866666666666667,0.3048780487804878,0.5384615384615384,0.746268656716418,0.5957723577235773,0.6700251889168766,0.5828025477707006,942,450,492
409,296,173,64,0.864693446088795,0.36886993603411516,0.5801418439716312,0.729957805907173,0.6167816910614551,0.6943972835314091,0.6178343949044586,942,473,469
409,326,141,66,0.8610526315789474,0.3019271948608137,0.5564625850340136,0.6811594202898551,0.5814899132198805,0.6760330578512397,0.583864118895966,942,475,467
411,335,138,58,0.8763326226012793,0.2917547568710359,0.5509383378016086,0.7040816326530612,0.5840436897361576,0.6765432098765432,0.5828025477707006,942,469,473
399,331,158,54,0.8807947019867549,0.3231083844580777,0.5465753424657535,0.7452830188679245,0.6019515432224163,0.6745562130177515,0.5912951167728238,942,453,489
421,330,128,63,0.8698347107438017,0.2794759825327511,0.5605858854860186,0.6701570680628273,0.5746553466382764,0.6817813765182186,0.5828025477707006,942,484,458
417,329,139,57,0.879746835443038,0.297008547008547,0.5589812332439679,0.7091836734693877,0.5883776912257925,0.6836065573770492,0.5902335456475584,942,474,468
373,326,177,66,0.8496583143507973,0.3518886679920477,0.5336194563662375,0.7283950617283951,0.6007734911714225,0.655536028119508,0.583864118895966,942,439,503
405,332,142,63,0.8653846153846154,0.29957805907172996,0.5495251017639078,0.6926829268292682,0.5824813372281727,0.6721991701244814,0.5806794055201698,942,468,474
394,325,163,60,0.8678414096916299,0.33401639344262296,0.5479833101529903,0.7309417040358744,0.6009289015671264,0.6717817561807332,0.5912951167728238,942,454,488
409,323,144,66,0.8610526315789474,0.3083511777301927,0.5587431693989071,0.6857142857142857,0.5847019046545701,0.6777133388566695,0.5870488322717622,942,475,467
418,319,155,50,0.8931623931623932,0.3270042194092827,0.5671641791044776,0.7560975609756098,0.610083306285838,0.6937759336099586,0.60828025477707,942,468,474
413,322,151,56,0.8805970149253731,0.3192389006342495,0.5619047619047619,0.7294685990338164,0.5999179577798113,0.686046511627907,0.5987261146496815,942,469,473
402,326,162,52,0.8854625550660793,0.3319672131147541,0.5521978021978022,0.7570093457943925,0.6087148840904166,0.6802030456852792,0.5987261146496815,942,454,488
408,343,151,40,0.9107142857142857,0.305668016194332,0.5432756324900133,0.7905759162303665,0.6081911509543089,0.6805671392827356,0.5934182590233545,942,448,494
401,342,133,66,0.8586723768736617,0.28,0.5397039030955586,0.6683417085427136,0.5693361884368309,0.662809917355372,0.5668789808917197,942,467,475
403,337,152,50,0.8896247240618101,0.310838445807771,0.5445945945945946,0.7524752475247525,0.6002315849347906,0.6756077116512992,0.589171974522293,942,453,489
376,348,150,68,0.8468468468468469,0.30120481927710846,0.5193370165745856,0.6880733944954128,0.5740258330619776,0.6438356164383562,0.5583864118895966,942,444,498
412,313,147,70,0.8547717842323651,0.31956521739130433,0.5682758620689655,0.6774193548387096,0.5871685008118347,0.6826843413421707,0.5934182590233545,942,482,460
414,301,155,72,0.8518518518518519,0.3399122807017544,0.579020979020979,0.6828193832599119,0.5958820662768032,0.6894254787676937,0.6040339702760085,942,486,456
375,352,150,65,0.8522727272727273,0.29880478087649404,0.515818431911967,0.6976744186046512,0.5755387540746106,0.6426735218508998,0.5573248407643312,942,440,502
418,311,154,59,0.8763102725366876,0.3311827956989247,0.5733882030178327,0.7230046948356808,0.6037465341178061,0.6932006633499171,0.6072186836518046,942,477,465
412,313,163,54,0.8841201716738197,0.34243697478991597,0.5682758620689655,0.7511520737327189,0.6132785732318679,0.691855583543241,0.6104033970276008,942,466,476
397,333,158,54,0.8802660753880266,0.32179226069246436,0.5438356164383562,0.7452830188679245,0.6010291680402455,0.6723116003386961,0.589171974522293,942,451,491
432,326,129,55,0.8870636550308009,0.2835164835164835,0.5699208443271768,0.7010869565217391,0.5852900692736422,0.6939759036144579,0.5955414012738853,942,487,455
407,328,144,63,0.8659574468085106,0.3050847457627119,0.5537414965986395,0.6956521739130435,0.5855210962856112,0.6755186721991702,0.5849256900212314,942,470,472
418,313,161,50,0.8931623931623932,0.339662447257384,0.5718194254445964,0.7630331753554502,0.6164124202098886,0.6972477064220184,0.6146496815286624,942,468,474
391,337,154,60,0.8669623059866962,0.3136456211812627,0.5370879120879121,0.719626168224299,0.5903039635839795,0.6632739609838846,0.578556263269639,942,451,491
422,319,134,67,0.8629856850715747,0.2958057395143488,0.5695006747638327,0.6666666666666666,0.5793957122929617,0.6861788617886179,0.5902335456475584,942,489,453
403,327,147,65,0.8611111111111112,0.310126582278481,0.552054794520548,0.6933962264150944,0.585618846694796,0.672787979966611,0.583864118895966,942,468,474
389,350,143,60,0.8663697104677061,0.29006085192697767,0.5263870094722598,0.7044334975369458,0.5782152811973419,0.654882154882155,0.564755838641189,942,449,493
401,362,127,52,0.8852097130242825,0.25971370143149286,0.5255570117955439,0.7094972067039106,0.5724617072278877,0.6595394736842105,0.5605095541401274,942,453,489
398,339,147,58,0.8728070175438597,0.30246913580246915,0.5400271370420624,0.7170731707317073,0.5876380766731644,0.6672254819782062,0.578556263269639,942,456,486
429,321,135,57,0.8827160493827161,0.29605263157894735,0.572,0.703125,0.5893843404808317,0.6941747572815534,0.5987261146496815,942,486,456
406,341,139,56,0.8787878787878788,0.28958333333333336,0.5435073627844712,0.7128205128205128,0.5841856060606061,0.6716294458229942,0.578556263269639,942,462,480
390,363,145,44,0.8986175115207373,0.2854330708661417,0.5179282868525896,0.7671957671957672,0.5920252911934395,0.6571187868576243,0.5679405520169851,942,434,508
410,307,159,66,0.8613445378151261,0.34120171673819744,0.5718270571827058,0.7066666666666667,0.6012731272766618,0.6873428331936295,0.6040339702760085,942,476,466
397,330,149,66,0.857451403887689,0.31106471816283926,0.546079779917469,0.6930232558139535,0.5842580610252641,0.6672268907563025,0.5796178343949044,942,463,479
401,328,153,60,0.8698481561822126,0.3180873180873181,0.5500685871056241,0.7183098591549296,0.5939677371347654,0.6739495798319327,0.5881104033970276,942,461,481
383,349,144,66,0.8530066815144766,0.2920892494929006,0.523224043715847,0.6857142857142857,0.5725479655036886,0.6486028789161727,0.559447983014862,942,449,493
373,335,165,69,0.8438914027149321,0.33,0.5268361581920904,0.7051282051282052,0.586945701357466,0.648695652173913,0.5711252653927813,942,442,500
415,312,156,59,0.8755274261603375,0.3333333333333333,0.5708390646492435,0.7255813953488373,0.6044303797468354,0.6910907577019151,0.6061571125265393,942,474,468
415,331,136,60,0.8736842105263158,0.291220556745182,0.5563002680965148,0.6938775510204082,0.5824523836357489,0.6797706797706797,0.5849256900212314,942,475,467
413,329,150,50,0.8920086393088553,0.31315240083507306,0.5566037735849056,0.75,0.6025805200719642,0.6854771784232365,0.5976645435244161,942,463,479
397,328,156,61,0.8668122270742358,0.32231404958677684,0.5475862068965517,0.7188940092165899,0.5945631383305063,0.6711749788672865,0.5870488322717622,942,458,484
393,319,155,75,0.8397435897435898,0.3270042194092827,0.5519662921348315,0.6739130434782609,0.5833739045764362,0.6661016949152543,0.5817409766454352,942,468,474
409,324,146,63,0.8665254237288136,0.31063829787234043,0.557980900409277,0.6985645933014354,0.5885818608005771,0.678838174273859,0.589171974522293,942,472,470
401,325,172,44,0.9011235955056179,0.3460764587525151,0.5523415977961432,0.7962962962962963,0.6236000271290665,0.6848847139197266,0.60828025477707,942,445,497
422,322,139,59,0.8773388773388774,0.30151843817787416,0.5672043010752689,0.702020202020202,0.5894286577583758,0.6889795918367347,0.5955414012738853,942,481,461
434,323,138,47,0.9022869022869023,0.2993492407809111,0.5733157199471598,0.745945945945946,0.6008180715339067,0.7011308562197093,0.6072186836518046,942,481,461
398,332,147,65,0.8596112311015118,0.3068893528183716,0.5452054794520548,0.6933962264150944,0.5832502919599417,0.6672254819782062,0.578556263269639,942,463,479
378,341,156,67,0.849438202247191,0.31388329979879276,0.5257301808066759,0.6995515695067265,0.5816607510229919,0.6494845360824743,0.5668789808917197,942,445,497
383,338,152,69,0.8473451327433629,0.31020408163265306,0.5312066574202496,0.6877828054298643,0.578774607188008,0.6530264279624893,0.5679405520169851,942,452,490
414,321,135,72,0.8518518518518519,0.29605263157894735,0.563265306122449,0.6521739130434783,0.5739522417153996,0.6781326781326782,0.5828025477707006,942,486,456
394,334,146,68,0.8528138528138528,0.30416666666666664,0.5412087912087912,0.6822429906542056,0.5784902597402597,0.6621848739495798,0.5732484076433121,942,462,480
430,325,133,54,0.8884297520661157,0.2903930131004367,0.5695364238410596,0.7112299465240641,0.5894113825832762,0.6941081517352704,0.5976645435244161,942,484,458
400,334,148,60,0.8695652173913043,0.3070539419087137,0.5449591280653951,0.7115384615384616,0.5883095796500091,0.6700167504187606,0.5817409766454352,942,460,482
406,324,154,58,0.875,0.32217573221757323,0.5561643835616439,0.7264150943396226,0.5985878661087867,0.680067001675042,0.5944798301486199,942,464,478
380,348,151,63,0.8577878103837472,0.3026052104208417,0.521978021978022,0.705607476635514,0.5801965104022945,0.6490179333902648,0.5636942675159236,942,443,499
401,352,138,51,0.8871681415929203,0.2816326530612245,0.5325365205843293,0.7301587301587301,0.5844003973270724,0.6655601659751037,0.5721868365180467,942,452,490
413,329,137,63,0.8676470588235294,0.2939914163090129,0.5566037735849056,0.685,0.5808192375662712,0.67816091954023,0.583864118895966,942,476,466
413,313,153,63,0.8676470588235294,0.3283261802575107,0.568870523415978,0.7083333333333334,0.5979866195405201,0.6871880199667221,0.6008492569002123,942,476,466
395,325,157,65,0.8586956521739131,0.3257261410788382,0.5486111111111112,0.7072072072072072,0.5922108966263756,0.6694915254237288,0.5859872611464968,942,460,482
402,313,177,50,0.8893805309734514,0.36122448979591837,0.5622377622377622,0.7797356828193832,0.6253025103846849,0.6889460154241644,0.6146496815286624,942,452,490
404,314,150,74,0.8451882845188284,0.3232758620689655,0.5626740947075209,0.6696428571428571,0.584232073293897,0.6755852842809366,0.5881104033970276,942,478,464
392,371,129,50,0.8868778280542986,0.258,0.5137614678899083,0.7206703910614525,0.5724389140271493,0.6506224066390042,0.5530785562632696,942,442,500
398,324,161,59,0.8708971553610503,0.3319587628865979,0.5512465373961218,0.7318181818181818,0.6014279591238241,0.6751484308736216,0.5934182590233545,942,457,485
403,331,141,67,0.8574468085106383,0.298728813559322,0.5490463215258855,0.6778846153846154,0.5780878110349801,0.6694352159468437,0.5774946921443737,942,470,472
433,313,158,38,0.9193205944798302,0.3354564755838641,0.5804289544235925,0.8061224489795918,0.6273885350318471,0.7115858668857847,0.6273885350318471,942,471,471
441,319,143,39,0.91875,0.30952380952380953,0.5802631578947368,0.7857142857142857,0.6141369047619047,0.7112903225806452,0.6199575371549894,942,480,462
405,324,142,71,0.8508403361344538,0.30472103004291845,0.5555555555555556,0.6666666666666666,0.5777806830886861,0.6721991701244814,0.5806794055201698,942,476,466
373,346,153,70,0.8419864559819413,0.3066132264529058,0.5187760778859527,0.6860986547085202,0.5742998412174236,0.6419965576592082,0.5583864118895966,942,443,499
393,336,164,49,0.8891402714932126,0.328,0.5390946502057613,0.7699530516431925,0.6085701357466063,0.6712211784799318,0.5912951167728238,942,442,500
404,346,126,66,0.8595744680851064,0.2669491525423729,0.5386666666666666,0.65625,0.5632618103137397,0.6622950819672132,0.5626326963906582,942,470,472
416,312,154,60,0.8739495798319328,0.33047210300429186,0.5714285714285714,0.719626168224299,0.6022108414181123,0.6910299003322259,0.6050955414012739,942,476,466
399,359,119,65,0.8599137931034483,0.2489539748953975,0.5263852242744064,0.6467391304347826,0.554433883999423,0.6530278232405893,0.5498938428874734,942,464,478
401,327,154,60,0.8698481561822126,0.3201663201663202,0.5508241758241759,0.719626168224299,0.5950072381742664,0.6745164003364172,0.589171974522293,942,461,481
368,371,152,51,0.8782816229116945,0.29063097514340347,0.4979702300405954,0.7487684729064039,0.584456299027549,0.6355785837651122,0.5520169851380042,942,419,523
426,320,144,52,0.891213389121339,0.3103448275862069,0.5710455764075067,0.7346938775510204,0.6007791083537729,0.6960784313725492,0.6050955414012739,942,478,464
405,322,154,61,0.869098712446352,0.3235294117647059,0.5570839064649243,0.7162790697674418,0.596314062105529,0.6789606035205364,0.5934182590233545,942,466,476
384,338,167,53,0.8787185354691075,0.3306930693069307,0.5318559556786704,0.759090909090909,0.6047058023880191,0.6626402070750647,0.5849256900212314,942,437,505
402,325,161,54,0.881578947368421,0.33127572016460904,0.5529573590096286,0.7488372093023256,0.606427333766515,0.6796280642434489,0.5976645435244161,942,456,486
414,317,162,49,0.8941684665226782,0.33820459290187893,0.5663474692202463,0.7677725118483413,0.6161865297122786,0.6934673366834172,0.6114649681528662,942,463,479
392,350,147,53,0.8808988764044944,0.29577464788732394,0.5283018867924528,0.735,0.5883367621459091,0.6604886267902275,0.5721868365180467,942,445,497
417,335,137,53,0.8872340425531915,0.2902542372881356,0.5545212765957447,0.7210526315789474,0.5887441399206635,0.6824877250409165,0.5881104033970276,942,470,472
401,350,141,50,0.8891352549889135,0.28716904276985744,0.5339547270306259,0.7382198952879581,0.5881521488793855,0.6672212978369384,0.5753715498938429,942,451,491
396,334,149,63,0.8627450980392157,0.3084886128364389,0.5424657534246575,0.7028301886792453,0.5856168554378274,0.6661059714045416,0.578556263269639,942,459,483
401,323,155,63,0.8642241379310345,0.32426778242677823,0.5538674033149171,0.7110091743119266,0.5942459601789063,0.6750841750841751,0.5902335456475584,942,464,478
411,334,144,53,0.8857758620689655,0.301255230125523,0.5516778523489932,0.7309644670050761,0.5935155460972443,0.6799007444168734,0.589171974522293,942,464,478
409,343,141,49,0.8930131004366813,0.29132231404958675,0.5438829787234043,0.7421052631578947,0.592167707243134,0.6760330578512397,0.583864118895966,942,458,484
400,350,126,66,0.8583690987124464,0.2647058823529412,0.5333333333333333,0.65625,0.5615374905326938,0.6578947368421053,0.5583864118895966,942,466,476
412,342,136,52,0.8879310344827587,0.28451882845188287,0.5464190981432361,0.723404255319149,0.5862249314673208,0.6765188834154351,0.5817409766454352,942,464,478
369,349,170,54,0.8723404255319149,0.32755298651252407,0.5139275766016713,0.7589285714285714,0.5999467060222194,0.6468010517090272,0.5721868365180467,942,423,519
404,308,169,61,0.8688172043010752,0.35429769392033544,0.5674157303370787,0.7347826086956522,0.6115574491107053,0.6864910790144435,0.60828025477707,942,465,477
402,320,156,64,0.8626609442060086,0.3277310924369748,0.556786703601108,0.7090909090909091,0.5951960183214917,0.6767676767676767,0.5923566878980892,942,466,476
401,319,164,58,0.8736383442265795,0.33954451345755693,0.5569444444444445,0.7387387387387387,0.6065914288420682,0.6802374893977948,0.5997876857749469,942,459,483
423,314,141,64,0.8685831622176592,0.3098901098901099,0.5739484396200815,0.6878048780487804,0.5892366360538845,0.6911764705882353,0.5987261146496815,942,487,455
419,303,159,61,0.8729166666666667,0.34415584415584416,0.5803324099722992,0.7227272727272728,0.6085362554112554,0.6971713810316139,0.613588110403397,942,480,462
432,309,149,52,0.8925619834710744,0.32532751091703055,0.582995951417004,0.7412935323383084,0.6089447471940524,0.7053061224489796,0.6167728237791932,942,484,458
409,329,149,55,0.8814655172413793,0.3117154811715481,0.55420054200542,0.7303921568627451,0.5965904992064637,0.680532445923461,0.5923566878980892,942,464,478
426,309,149,58,0.8801652892561983,0.32532751091703055,0.5795918367346938,0.7198067632850241,0.6027464000866144,0.6989335520918786,0.6104033970276008,942,484,458
408,329,142,63,0.8662420382165605,0.30148619957537154,0.55359565807327,0.6926829268292682,0.583864118895966,0.6754966887417219,0.583864118895966,942,471,471
407,319,154,62,0.8678038379530917,0.32558139534883723,0.5606060606060606,0.7129629629629629,0.5966926166509645,0.6811715481171549,0.5955414012738853,942,469,473
416,335,128,63,0.8684759916492694,0.27645788336933047,0.5539280958721704,0.6701570680628273,0.5724669375092999,0.6764227642276422,0.5774946921443737,942,479,463
416,323,153,50,0.8927038626609443,0.32142857142857145,0.5629228687415426,0.7536945812807881,0.6070662170447578,0.6904564315352697,0.6040339702760085,942,466,476
417,321,143,61,0.8723849372384938,0.3081896551724138,0.5650406504065041,0.7009803921568627,0.5902872962054537,0.6858552631578948,0.5944798301486199,942,478,464
402,329,162,49,0.8913525498891353,0.329938900203666,0.5499316005471956,0.7677725118483413,0.6106457250464006,0.6802030456852791,0.5987261146496815,942,451,491
407,348,136,51,0.888646288209607,0.2809917355371901,0.5390728476821192,0.7272727272727273,0.5848190118733986,0.6710634789777412,0.5764331210191083,942,458,484
402,332,147,61,0.8682505399568035,0.3068893528183716,0.547683923705722,0.7067307692307693,0.5875699463875875,0.6716791979949874,0.5828025477707006,942,463,479
414,321,150,57,0.8789808917197452,0.3184713375796178,0.563265306122449,0.7246376811594203,0.5987261146496815,0.6865671641791045,0.5987261146496815,942,471,471
423,316,144,59,0.8775933609958506,0.3130434782608696,0.5723951285520974,0.7093596059113301,0.5953184196283601,0.6928746928746929,0.6019108280254777,942,482,460
409,337,142,54,0.8833693304535637,0.2964509394572025,0.5482573726541555,0.7244897959183674,0.5899101349553831,0.6765922249793218,0.5849256900212314,942,463,479
419,318,150,55,0.8839662447257384,0.32051282051282054,0.5685210312075983,0.7317073170731707,0.6022395326192794,0.6919900908340214,0.6040339702760085,942,474,468
398,330,148,66,0.8577586206896551,0.30962343096234307,0.5467032967032966,0.6915887850467289,0.5836910258259991,0.6677852348993288,0.5796178343949044,942,464,478
408,327,150,57,0.8774193548387097,0.31446540880503143,0.5551020408163265,0.7246376811594203,0.5959423818218705,0.6799999999999999,0.5923566878980892,942,465,477
394,344,147,57,0.8736141906873615,0.29938900203665986,0.5338753387533876,0.7205882352941176,0.5865015963620106,0.6627417998317914,0.5743099787685775,942,451,491
415,325,127,75,0.8469387755102041,0.2809734513274336,0.5608108108108109,0.6287128712871287,0.5639561134188189,0.6747967479674797,0.5753715498938429,942,490,452
396,329,161,56,0.8761061946902655,0.32857142857142857,0.5462068965517242,0.7419354838709677,0.602338811630847,0.6728971962616823,0.5912951167728238,942,452,490
403,315,143,81,0.8326446280991735,0.31222707423580787,0.5612813370473537,0.6383928571428571,0.5724358511674907,0.670549084858569,0.5796178343949044,942,484,458
405,333,146,58,0.8747300215982722,0.3048016701461378,0.5487804878048781,0.7156862745098039,0.589765845872205,0.6744379683597003,0.5849256900212314,942,463,479
404,311,170,57,0.8763557483731019,0.35343035343035345,0.5650349650349651,0.748898678414097,0.6148930509017276,0.6870748299319728,0.6093418259023354,942,461,481
403,360,129,50,0.8896247240618101,0.26380368098159507,0.528178243774574,0.7206703910614525,0.5767142025217026,0.662828947368421,0.564755838641189,942,453,489
394,337,151,60,0.8678414096916299,0.3094262295081967,0.5389876880984952,0.7156398104265402,0.5886338195999133,0.6649789029535865,0.578556263269639,942,454,488
402,324,153,63,0.864516129032258,0.32075471698113206,0.5537190082644629,0.7083333333333334,0.592635423006695,0.6750629722921916,0.589171974522293,942,465,477
388,345,143,66,0.8546255506607929,0.2930327868852459,0.529331514324693,0.6842105263157895,0.5738291687730195,0.6537489469250211,0.5636942675159236,942,454,488
399,333,148,62,0.8655097613882863,0.3076923076923077,0.5450819672131147,0.7047619047619048,0.586601034540297,0.6689019279128248,0.5806794055201698,942,461,481
393,340,147,62,0.8637362637362638,0.30184804928131415,0.5361527967257844,0.7033492822966507,0.582792156508789,0.6616161616161615,0.5732484076433121,942,455,487
404,325,158,55,0.8801742919389978,0.32712215320910976,0.5541838134430727,0.7417840375586855,0.6036482225740538,0.6801346801346801,0.5966029723991507,942,459,483
424,315,146,57,0.8814968814968815,0.31670281995661603,0.5737483085250338,0.7192118226600985,0.5990998507267488,0.6950819672131149,0.6050955414012739,942,481,461
397,322,163,60,0.8687089715536105,0.33608247422680415,0.5521557719054242,0.7309417040358744,0.6023957228902073,0.6751700680272109,0.5944798301486199,942,457,485
375,325,169,73,0.8370535714285714,0.34210526315789475,0.5357142857142857,0.6983471074380165,0.589579417293233,0.6533101045296167,0.5774946921443737,942,448,494
406,349,132,55,0.8806941431670282,0.27442827442827444,0.5377483443708609,0.7058823529411765,0.5775612087976514,0.6677631578947368,0.5711252653927813,942,461,481
418,312,147,65,0.865424430641822,0.3202614379084967,0.5726027397260274,0.6933962264150944,0.5928429342751593,0.6892003297609233,0.5997876857749469,942,483,459
380,340,159,63,0.8577878103837472,0.3186372745490982,0.5277777777777778,0.7162162162162162,0.5882125424664226,0.6534823731728289,0.5721868365180467,942,443,499
396,322,150,74,0.8425531914893617,0.3177966101694915,0.5515320334261838,0.6696428571428571,0.5801749008294266,0.6666666666666667,0.5796178343949044,942,470,472
413,324,148,57,0.8787234042553191,0.3135593220338983,0.5603799185888738,0.7219512195121951,0.5961413631446087,0.6843413421706711,0.5955414012738853,942,470,472
360,353,170,59,0.8591885441527446,0.32504780114722753,0.5049088359046283,0.74235807860262,0.592118172649986,0.6360424028268552,0.5626326963906582,942,419,523
400,360,123,59,0.8714596949891068,0.2546583850931677,0.5263157894736842,0.6758241758241759,0.5630590400411373,0.6562756357670222,0.5552016985138004,942,459,483
420,336,142,44,0.9051724137931034,0.29707112970711297,0.5555555555555556,0.7634408602150538,0.6011217717501082,0.6885245901639344,0.5966029723991507,942,464,478
398,350,137,57,0.8747252747252747,0.2813141683778234,0.5320855614973262,0.7061855670103093,0.578019721551549,0.6616791354945968,0.5679405520169851,942,455,487
409,322,159,52,0.8872017353579176,0.3305613305613306,0.5595075239398085,0.7535545023696683,0.6088815329596241,0.686241610738255,0.6029723991507431,942,461,481
399,335,154,54,0.8807947019867549,0.3149284253578732,0.5435967302452316,0.7403846153846154,0.597861563672314,0.6722830665543386,0.5870488322717622,942,453,489
378,359,152,53,0.877030162412993,0.2974559686888454,0.5128900949796472,0.7414634146341463,0.5872430655509192,0.6472602739726028,0.5626326963906582,942,431,511
389,344,153,56,0.8741573033707866,0.30784708249496984,0.5306957708049114,0.7320574162679426,0.5910021929328781,0.6604414261460102,0.5753715498938429,942,445,497
414,312,153,63,0.8679245283018868,0.32903225806451614,0.5702479338842975,0.7083333333333334,0.5984783931832015,0.6882793017456359,0.6019108280254777,942,477,465
399,335,149,59,0.87117903930131,0.30785123966942146,0.5435967302452316,0.7163461538461539,0.5895151394853657,0.669463087248322,0.5817409766454352,942,458,484
420,304,159,59,0.8768267223382046,0.3434125269978402,0.580110497237569,0.7293577981651376,0.6101196246680224,0.6982543640897756,0.6146496815286624,942,479,463
394,333,148,67,0.8546637744034707,0.3076923076923077,0.5419532324621733,0.6883720930232559,0.5811780410478893,0.6632996632996633,0.5753715498938429,942,461,481
435,306,144,57,0.8841463414634146,0.32,0.5870445344129555,0.7164179104477612,0.6020731707317073,0.7055961070559611,0.6146496815286624,942,492,450
398,325,149,70,0.8504273504273504,0.3143459915611814,0.5504840940525588,0.680365296803653,0.5823866709942659,0.6683459277917717,0.5806794055201698,942,468,474
388,354,146,54,0.8778280542986425,0.292,0.522911051212938,0.73,0.5849140271493213,0.6554054054054055,0.5668789808917197,942,442,500
384,341,152,65,0.8552338530066815,0.30831643002028397,0.5296551724137931,0.7004608294930875,0.5817751415134828,0.6541737649063033,0.5690021231422505,942,449,493
382,321,167,72,0.8414096916299559,0.3422131147540984,0.5433854907539118,0.698744769874477,0.5918114031920272,0.6603284356093345,0.5828025477707006,942,454,488
412,331,136,63,0.8673684210526316,0.291220556745182,0.5545087483176312,0.6834170854271356,0.5792944888989068,0.6765188834154351,0.5817409766454352,942,475,467
410,326,147,59,0.8742004264392325,0.3107822410147992,0.5570652173913043,0.7135922330097088,0.5924913337270158,0.6804979253112033,0.5912951167728238,942,469,473
396,340,138,68,0.853448275862069,0.28870292887029286,0.5380434782608695,0.6699029126213593,0.5710756023661809,0.6599999999999999,0.5668789808917197,942,464,478
397,339,136,70,0.8501070663811563,0.2863157894736842,0.5394021739130435,0.6601941747572816,0.5682114279274202,0.6600166251039069,0.5658174097664543,942,467,475
412,326,145,59,0.8747346072186837,0.3078556263269639,0.5582655826558266,0.7107843137254902,0.5912951167728238,0.6815550041356494,0.5912951167728238,942,471,471
404,328,154,56,0.8782608695652174,0.31950207468879666,0.5519125683060109,0.7333333333333333,0.598881472127007,0.6778523489932885,0.5923566878980892,942,460,482
369,360,155,58,0.8641686182669789,0.30097087378640774,0.5061728395061729,0.7276995305164319,0.5825697460266933,0.63840830449827,0.5562632696390658,942,427,515
399,344,143,56,0.8769230769230769,0.2936344969199179,0.5370121130551817,0.7185929648241206,0.5852787869214974,0.666110183639399,0.5753715498938429,942,455,487
395,319,161,67,0.854978354978355,0.33541666666666664,0.5532212885154062,0.706140350877193,0.5951975108225108,0.6717687074829932,0.5902335456475584,942,462,480
425,325,132,60,0.8762886597938144,0.2888402625820569,0.5666666666666667,0.6875,0.5825644611879357,0.6882591093117408,0.5912951167728238,942,485,457
443,294,141,64,0.873767258382643,0.32413793103448274,0.6010854816824966,0.6878048780487804,0.5989525947085629,0.7122186495176849,0.6199575371549894,942,507,435
409,329,139,65,0.8628691983122363,0.297008547008547,0.55420054200542,0.6813725490196079,0.5799388726603917,0.6749174917491749,0.5817409766454352,942,474,468
408,328,141,65,0.8625792811839323,0.3006396588486141,0.5543478260869565,0.6844660194174758,0.5816094700162733,0.674937965260546,0.5828025477707006,942,473,469
427,316,152,47,0.9008438818565401,0.3247863247863248,0.5746971736204576,0.7638190954773869,0.6128151033214324,0.7017255546425637,0.6146496815286624,942,474,468
417,319,139,67,0.8615702479338843,0.3034934497816594,0.5665760869565217,0.6747572815533981,0.5825318488577718,0.6836065573770491,0.5902335456475584,942,484,458
429,314,136,63,0.8719512195121951,0.3022222222222222,0.5773889636608345,0.6834170854271356,0.5870867208672087,0.6947368421052632,0.5997876857749469,942,492,450
386,341,157,58,0.8693693693693694,0.3152610441767068,0.530949105914718,0.7302325581395349,0.5923152067730381,0.659265584970111,0.5764331210191083,942,444,498
410,332,143,57,0.8779443254817987,0.30105263157894735,0.5525606469002695,0.715,0.589498478530373,0.6782464846980976,0.5870488322717622,942,467,475
425,314,137,66,0.8655804480651731,0.30376940133037694,0.5751014884979703,0.6748768472906403,0.584674924697775,0.6910569105691057,0.5966029723991507,942,491,451
409,318,149,66,0.8610526315789474,0.31905781584582443,0.562585969738652,0.6930232558139535,0.590055223712386,0.680532445923461,0.5923566878980892,942,475,467
399,332,147,64,0.8617710583153347,0.3068893528183716,0.5458276333789329,0.6966824644549763,0.5843302055668531,0.6683417085427135,0.5796178343949044,942,463,479
403,330,155,54,0.8818380743982495,0.31958762886597936,0.5497953615279673,0.7416267942583732,0.6007128516321144,0.6773109243697479,0.5923566878980892,942,457,485
425,330,132,55,0.8854166666666666,0.2857142857142857,0.5629139072847682,0.7058823529411765,0.5855654761904762,0.688259109311741,0.5912951167728238,942,480,462
390,324,169,59,0.8685968819599109,0.34279918864097364,0.5462184873949579,0.7412280701754386,0.6056980353004423,0.6706792777300086,0.5934182590233545,942,449,493
421,308,144,69,0.8591836734693877,0.3185840707964602,0.5775034293552812,0.676056338028169,0.5888838721329239,0.6907301066447908,0.5997876857749469,942,490,452
406,341,140,55,0.8806941431670282,0.2910602910602911,0.5435073627844712,0.717948717948718,0.5858772171136597,0.6721854304635762,0.5796178343949044,942,461,481
365,350,166,61,0.8568075117370892,0.32170542635658916,0.5104895104895105,0.7312775330396476,0.5892564690468391,0.6397896581945661,0.5636942675159236,942,426,516
410,324,156,52,0.8874458874458875,0.325,0.55858310626703,0.75,0.6062229437229437,0.6856187290969901,0.6008492569002123,942,462,480
411,338,139,54,0.8838709677419355,0.2914046121593291,0.5487316421895861,0.7202072538860104,0.5876377899506323,0.6771004942339375,0.583864118895966,942,465,477
410,328,158,46,0.8991228070175439,0.32510288065843623,0.5555555555555556,0.7745098039215687,0.61211284383799,0.6867671691792295,0.6029723991507431,942,456,486
400,348,144,50,0.8888888888888888,0.2926829268292683,0.5347593582887701,0.7422680412371134,0.5907859078590786,0.667779632721202,0.5774946921443737,942,450,492
407,325,146,64,0.8641188959660298,0.3099787685774947,0.5560109289617486,0.6952380952380952,0.5870488322717622,0.6766417290108063,0.5870488322717622,942,471,471
413,314,147,68,0.8586278586278586,0.3188720173535792,0.5680880330123796,0.6837209302325581,0.5887499379907188,0.6837748344370861,0.5944798301486199,942,481,461
400,336,142,64,0.8620689655172413,0.29707112970711297,0.5434782608695652,0.6893203883495146,0.5795700476121771,0.6666666666666666,0.5753715498938429,942,464,478
428,296,148,70,0.8594377510040161,0.3333333333333333,0.5911602209944752,0.6788990825688074,0.5963855421686747,0.700490998363339,0.6114649681528662,942,498,444
400,334,144,64,0.8620689655172413,0.301255230125523,0.5449591280653951,0.6923076923076923,0.5816620978213822,0.667779632721202,0.5774946921443737,942,464,478
400,360,126,56,0.8771929824561403,0.25925925925925924,0.5263157894736842,0.6923076923076923,0.5682261208576997,0.6578947368421052,0.5583864118895966,942,456,486
403,342,142,55,0.8799126637554585,0.29338842975206614,0.5409395973154363,0.7208121827411168,0.5866505467537624,0.6699916874480466,0.578556263269639,942,458,484
398,327,160,57,0.8747252747252747,0.32854209445585214,0.5489655172413793,0.7373271889400922,0.6016336845905634,0.6745762711864407,0.5923566878980892,942,455,487
426,312,144,60,0.8765432098765432,0.3157894736842105,0.5772357723577236,0.7058823529411765,0.5961663417803769,0.6960784313725491,0.6050955414012739,942,486,456
434,288,156,64,0.8714859437751004,0.35135135135135137,0.6011080332409973,0.7090909090909091,0.6114186475632258,0.7114754098360655,0.6263269639065817,942,498,444
412,316,155,59,0.8747346072186837,0.32908704883227174,0.5659340659340659,0.7242990654205608,0.6019108280254777,0.6872393661384487,0.6019108280254777,942,471,471
422,304,148,68,0.8612244897959184,0.3274336283185841,0.581267217630854,0.6851851851851852,0.5943290590572512,0.6940789473684211,0.6050955414012739,942,490,452
407,320,155,60,0.8715203426124197,0.3263157894736842,0.5598349381017882,0.7209302325581395,0.598918066043052,0.6817420435510889,0.5966029723991507,942,467,475
396,325,160,61,0.8665207877461707,0.32989690721649484,0.5492371705963939,0.7239819004524887,0.5982088474813327,0.6723259762308998,0.5902335456475584,942,457,485
415,337,135,55,0.8829787234042553,0.2860169491525424,0.5518617021276596,0.7105263157894737,0.5844978362783988,0.679214402618658,0.583864118895966,942,470,472
400,317,154,71,0.8492569002123143,0.32696390658174096,0.5578800557880056,0.6844444444444444,0.5881104033970276,0.6734006734006734,0.5881104033970276,942,471,471
404,316,169,53,0.8840262582056893,0.34845360824742266,0.5611111111111111,0.7612612612612613,0.616239933226556,0.6864910790144435,0.60828025477707,942,457,485
410,300,164,68,0.8577405857740585,0.35344827586206895,0.5774647887323944,0.7068965517241379,0.6055944308180637,0.6902356902356902,0.6093418259023354,942,478,464
430,312,133,67,0.8651911468812877,0.298876404494382,0.5795148247978437,0.665,0.5820337756878349,0.6941081517352704,0.5976645435244161,942,497,445
412,301,160,69,0.8565488565488566,0.3470715835140998,0.5778401122019635,0.6986899563318777,0.6018102200314782,0.6901172529313232,0.6072186836518046,942,481,461
402,336,146,58,0.8739130434782608,0.3029045643153527,0.5447154471544715,0.7156862745098039,0.5884088038968067,0.671118530884808,0.5817409766454352,942,460,482
403,312,150,77,0.8395833333333333,0.3246753246753247,0.5636363636363636,0.6607929515418502,0.582129329004329,0.6744769874476987,0.5870488322717622,942,480,462
419,329,138,56,0.8821052631578947,0.2955032119914347,0.5601604278074866,0.711340206185567,0.5888042375746647,0.6852003270645953,0.5912951167728238,942,475,467
368,347,152,75,0.8306997742663657,0.3046092184368738,0.5146853146853146,0.6696035242290749,0.5676544963516197,0.6355785837651122,0.5520169851380042,942,443,499
378,355,143,66,0.8513513513513513,0.28714859437751006,0.5156889495225102,0.6842105263157895,0.5692499728644307,0.6423109600679694,0.5530785562632696,942,444,498
416,330,146,50,0.8927038626609443,0.3067226890756303,0.5576407506702413,0.7448979591836735,0.5997132758682873,0.6864686468646864,0.5966029723991507,942,466,476
449,305,133,55,0.8908730158730159,0.3036529680365297,0.5954907161803713,0.7074468085106383,0.5972629919547728,0.7138314785373608,0.6178343949044586,942,504,438
408,320,158,56,0.8793103448275862,0.3305439330543933,0.5604395604395604,0.7383177570093458,0.6049271389409897,0.6845637583892618,0.6008492569002123,942,464,478
402,320,159,61,0.8682505399568035,0.33194154488517746,0.556786703601108,0.7227272727272728,0.6000960424209905,0.6784810126582278,0.5955414012738853,942,463,479
413,319,156,54,0.8843683083511777,0.32842105263157895,0.5642076502732241,0.7428571428571429,0.6063946804913783,0.6889074228523769,0.6040339702760085,942,467,475
401,329,158,54,0.8813186813186813,0.324435318275154,0.5493150684931507,0.7452830188679245,0.6028769997969177,0.6767932489451477,0.5934182590233545,942,455,487
376,345,161,60,0.8623853211009175,0.3181818181818182,0.521497919556172,0.7285067873303167,0.5902835696413679,0.6499567847882455,0.5700636942675159,942,436,506
390,350,144,58,0.8705357142857143,0.291497975708502,0.527027027027027,0.7128712871287128,0.5810168449971082,0.6565656565656566,0.5668789808917197,942,448,494
431,316,135,60,0.8778004073319755,0.29933481152993346,0.5769745649263721,0.6923076923076923,0.5885676094309544,0.6962843295638126,0.6008492569002123,942,491,451
406,312,160,64,0.8638297872340426,0.3389830508474576,0.5654596100278552,0.7142857142857143,0.6014064190407501,0.6835016835016835,0.6008492569002123,942,470,472
421,330,129,62,0.8716356107660456,0.28104575163398693,0.5605858854860186,0.675392670157068,0.5763406812000162,0.6823338735818476,0.583864118895966,942,483,459
408,324,147,63,0.8662420382165605,0.31210191082802546,0.5573770491803278,0.7,0.589171974522293,0.6783042394014963,0.589171974522293,942,471,471
411,320,156,55,0.8819742489270386,0.3277310924369748,0.5622435020519836,0.7393364928909952,0.6048526706820067,0.6867167919799498,0.6019108280254777,942,466,476
400,323,169,50,0.8888888888888888,0.3434959349593496,0.5532503457814661,0.771689497716895,0.6161924119241192,0.6820119352088662,0.6040339702760085,942,450,492
392,338,148,64,0.8596491228070176,0.3045267489711934,0.536986301369863,0.6981132075471698,0.5820879358891055,0.6610455311973018,0.5732484076433121,942,456,486
422,316,140,64,0.8683127572016461,0.30701754385964913,0.5718157181571816,0.6862745098039216,0.5876651505306476,0.6895424836601307,0.5966029723991507,942,486,456
404,330,147,61,0.8688172043010752,0.3081761006289308,0.5504087193460491,0.7067307692307693,0.588496652465003,0.6738949124270225,0.5849256900212314,942,465,477
398,310,162,72,0.8468085106382979,0.3432203389830508,0.5621468926553672,0.6923076923076923,0.5950144248106743,0.6757215619694398,0.5944798301486199,942,470,472
394,332,147,69,0.8509719222462203,0.3068893528183716,0.5426997245179064,0.6805555555555556,0.578930637532296,0.6627417998317915,0.5743099787685775,942,463,479
408,324,148,62,0.8680851063829788,0.3135593220338983,0.5573770491803278,0.7047619047619048,0.5908222142084385,0.6788685524126455,0.5902335456475584,942,470,472
425,321,131,65,0.8673469387755102,0.28982300884955753,0.5697050938337802,0.6683673469387755,0.5785849738125338,0.6877022653721684,0.5902335456475584,942,490,452
429,300,149,64,0.8701825557809331,0.33184855233853006,0.588477366255144,0.6995305164319249,0.6010155540597315,0.7021276595744681,0.613588110403397,942,493,449
390,345,134,73,0.8423326133909287,0.2797494780793319,0.5306122448979592,0.6473429951690821,0.5610410457351303,0.651085141903172,0.5562632696390658,942,463,479
415,338,136,53,0.8867521367521367,0.2869198312236287,0.5511288180610889,0.7195767195767195,0.5868359839878827,0.6797706797706797,0.5849256900212314,942,468,474
412,334,135,61,0.8710359408033826,0.2878464818763326,0.5522788203753352,0.6887755102040817,0.5794412113398576,0.6759639048400328,0.5806794055201698,942,473,469
393,349,139,61,0.8656387665198237,0.2848360655737705,0.5296495956873315,0.695,0.5752374160467971,0.657190635451505,0.564755838641189,942,454,488
413,327,149,53,0.8862660944206009,0.3130252100840336,0.5581081081081081,0.7376237623762376,0.5996456522523173,0.6849087893864013,0.5966029723991507,942,466,476
396,332,153,61,0.8665207877461707,0.3154639175257732,0.5439560439560439,0.7149532710280374,0.5909923526359719,0.6683544303797467,0.5828025477707006,942,457,485
428,329,143,42,0.9106382978723404,0.3029661016949153,0.5653896961690885,0.772972972972973,0.6068021997836278,0.6976365118174409,0.6061571125265393,942,470,472
397,335,149,61,0.8668122270742358,0.30785123966942146,0.5423497267759563,0.7095238095238096,0.5873317333718286,0.6672268907563025,0.5796178343949044,942,458,484
414,328,139,61,0.871578947368421,0.29764453961456105,0.5579514824797843,0.695,0.584611743491491,0.6803615447822514,0.5870488322717622,942,475,467
402,316,167,57,0.8758169934640523,0.34575569358178054,0.5598885793871866,0.7455357142857143,0.6107863435229164,0.6830926083262532,0.6040339702760085,942,459,483
412,322,155,53,0.886021505376344,0.3249475890985325,0.5613079019073569,0.7451923076923077,0.6054845472374383,0.6872393661384487,0.6019108280254777,942,465,477
391,322,169,60,0.8669623059866962,0.34419551934826886,0.5483870967741935,0.7379912663755459,0.6055789126674825,0.6718213058419243,0.5944798301486199,942,451,491
381,362,141,58,0.8678815489749431,0.2803180914512923,0.5127860026917901,0.7085427135678392,0.5740998202131177,0.6446700507614214,0.554140127388535,942,439,503
390,344,144,64,0.8590308370044053,0.29508196721311475,0.5313351498637602,0.6923076923076923,0.5770564021087601,0.6565656565656565,0.5668789808917197,942,454,488
409,322,142,69,0.8556485355648535,0.30603448275862066,0.5595075239398085,0.6729857819905213,0.5808415091617372,0.6765922249793217,0.5849256900212314,942,478,464
428,310,139,65,0.8681541582150102,0.30957683741648107,0.5799457994579946,0.6813725490196079,0.5888654978157456,0.6953696181965882,0.6019108280254777,942,493,449
424,308,143,67,0.8635437881873728,0.3170731707317073,0.5792349726775956,0.680952380952381,0.59030847945954,0.6933769419460344,0.6019108280254777,942,491,451
425,297,139,81,0.8399209486166008,0.31880733944954126,0.5886426592797784,0.6318181818181818,0.579364144033071,0.6921824104234529,0.5987261146496815,942,506,436
376,361,146,59,0.864367816091954,0.2879684418145957,0.5101763907734057,0.7121951219512195,0.5761681289532748,0.6416382252559727,0.554140127388535,942,435,507
412,326,140,64,0.865546218487395,0.30042918454935624,0.5582655826558266,0.6862745098039216,0.5829877015183756,0.6787479406919276,0.5859872611464968,942,476,466
415,324,145,58,0.8773784355179705,0.3091684434968017,0.5615696887686062,0.7142857142857143,0.5932734395073861,0.6848184818481848,0.5944798301486199,942,473,469
409,326,148,59,0.8739316239316239,0.31223628691983124,0.5564625850340136,0.714975845410628,0.5930839554257276,0.6799667497921863,0.5912951167728238,942,468,474
389,356,155,42,0.9025522041763341,0.30332681017612523,0.5221476510067115,0.7868020304568528,0.6029395071762297,0.6615646258503401,0.5774946921443737,942,431,511
404,351,126,61,0.8688172043010752,0.2641509433962264,0.5350993377483444,0.6737967914438503,0.5664840738486508,0.6622950819672131,0.5626326963906582,942,465,477
369,366,148,59,0.8621495327102804,0.28793774319066145,0.5020408163265306,0.714975845410628,0.5750436379504709,0.6345657781599312,0.5488322717622081,942,428,514
440,318,128,56,0.8870967741935484,0.28699551569506726,0.5804749340369393,0.6956521739130435,0.5870461449443078,0.7017543859649122,0.6029723991507431,942,496,446
385,342,160,55,0.875,0.3187250996015936,0.5295735900962861,0.7441860465116279,0.5968625498007968,0.6598114824335904,0.578556263269639,942,440,502
391,343,137,71,0.8463203463203464,0.28541666666666665,0.5326975476839237,0.6586538461538461,0.5658685064935065,0.653846153846154,0.5605095541401274,942,462,480
388,325,178,51,0.8838268792710706,0.3538767395626243,0.544179523141655,0.777292576419214,0.6188518094168475,0.673611111111111,0.6008492569002123,942,439,503
398,332,155,57,0.8747252747252747,0.3182751540041068,0.5452054794520548,0.7311320754716981,0.5965002143646907,0.6717299578059073,0.5870488322717622,942,455,487
412,336,136,58,0.8765957446808511,0.288135593220339,0.5508021390374331,0.7010309278350515,0.582365668950595,0.6765188834154351,0.5817409766454352,942,470,472
416,334,137,55,0.8832271762208068,0.2908704883227176,0.5546666666666666,0.7135416666666666,0.5870488322717622,0.6814086814086814,0.5870488322717622,942,471,471
388,344,154,56,0.8738738738738738,0.3092369477911647,0.5300546448087432,0.7333333333333333,0.5915554108325193,0.6598639455782314,0.5753715498938429,942,444,498
407,330,143,62,0.8678038379530917,0.3023255813953488,0.5522388059701493,0.697560975609756,0.5850647096742203,0.6749585406301825,0.583864118895966,942,469,473
420,309,153,60,0.875,0.33116883116883117,0.5761316872427984,0.7183098591549296,0.6030844155844156,0.6947890818858562,0.60828025477707,942,480,462
415,318,134,75,0.8469387755102041,0.29646017699115046,0.5661664392905866,0.6411483253588517,0.5716994762506773,0.678659035159444,0.5828025477707006,942,490,452
420,323,146,53,0.8879492600422833,0.31130063965884863,0.5652759084791387,0.7336683417085427,0.5996249498505659,0.6907894736842105,0.6008492569002123,942,473,469
386,334,166,56,0.8733031674208145,0.332,0.5361111111111111,0.7477477477477478,0.6026515837104073,0.6643717728055079,0.5859872611464968,942,442,500
395,344,147,56,0.8758314855875832,0.29938900203665986,0.5345060893098782,0.7241379310344828,0.5876102438121216,0.6638655462184874,0.5753715498938429,942,451,491
413,325,146,58,0.8768577494692145,0.3099787685774947,0.559620596205962,0.7156862745098039,0.5934182590233545,0.6832092638544252,0.5934182590233545,942,471,471
409,342,122,69,0.8556485355648535,0.2629310344827586,0.5446071904127829,0.6387434554973822,0.5592897850238061,0.6655817737998373,0.5636942675159236,942,478,464
405,315,153,69,0.8544303797468354,0.3269230769230769,0.5625,0.6891891891891891,0.5906767283349562,0.6783919597989949,0.5923566878980892,942,474,468
409,297,171,65,0.8628691983122363,0.36538461538461536,0.5793201133144475,0.7245762711864406,0.6141269068484259,0.6932203389830508,0.6157112526539278,942,474,468
388,335,162,57,0.8719101123595505,0.32595573440643866,0.5366528354080221,0.7397260273972602,0.5989329233829945,0.6643835616438356,0.583864118895966,942,445,497
397,329,149,67,0.8556034482758621,0.3117154811715481,0.546831955922865,0.6898148148148148,0.5836594647237051,0.6672268907563026,0.5796178343949044,942,464,478
404,317,149,72,0.8487394957983193,0.3197424892703863,0.5603328710124826,0.6742081447963801,0.5842409925343528,0.6750208855472014,0.5870488322717622,942,476,466
403,323,164,52,0.8857142857142857,0.33675564681724846,0.5550964187327824,0.7592592592592593,0.611234966265767,0.6824724809483488,0.6019108280254777,942,455,487
420,300,161,61,0.8731808731808732,0.3492407809110629,0.5833333333333334,0.7252252252252253,0.6112108270459681,0.6994171523730226,0.6167728237791932,942,481,461
411,333,140,58,0.8763326226012793,0.2959830866807611,0.5524193548387096,0.7070707070707071,0.5861578546410202,0.6776586974443528,0.5849256900212314,942,469,473
432,318,138,54,0.8888888888888888,0.3026315789473684,0.576,0.71875,0.5957602339181286,0.699029126213592,0.6050955414012739,942,486,456
389,322,166,65,0.8568281938325991,0.3401639344262295,0.5471167369901547,0.7186147186147186,0.5984960641294144,0.6678111587982832,0.589171974522293,942,454,488
419,321,150,52,0.8895966029723992,0.3184713375796178,0.5662162162162162,0.7425742574257426,0.6040339702760085,0.6919900908340214,0.6040339702760085,942,471,471
408,303,164,67,0.8589473684210527,0.3511777301927195,0.5738396624472574,0.70995670995671,0.6050625493068861,0.688026981450253,0.6072186836518046,942,475,467
408,345,133,56,0.8793103448275862,0.27824267782426776,0.5418326693227091,0.7037037037037037,0.578776511325927,0.6705012325390303,0.5743099787685775,942,464,478
424,291,147,80,0.8412698412698413,0.3356164383561644,0.593006993006993,0.6475770925110133,0.5884431398130028,0.6956521739130433,0.6061571125265393,942,504,438
394,343,136,69,0.8509719222462203,0.2839248434237996,0.5345997286295794,0.6634146341463415,0.56744838283501,0.6566666666666667,0.5626326963906582,942,463,479
394,329,163,56,0.8755555555555555,0.3313008130081301,0.5449515905947441,0.7442922374429224,0.6034281842818427,0.6717817561807331,0.5912951167728238,942,450,492
429,327,126,60,0.8773006134969326,0.2781456953642384,0.5674603174603174,0.6774193548387096,0.5777231544305854,0.6891566265060242,0.589171974522293,942,489,453
393,359,127,63,0.8618421052631579,0.2613168724279835,0.5226063829787234,0.6684210526315789,0.5615794888455707,0.6506622516556292,0.5520169851380042,942,456,486
400,345,144,53,0.8830022075055187,0.294478527607362,0.5369127516778524,0.7309644670050761,0.5887403675564403,0.667779632721202,0.5774946921443737,942,453,489
411,327,140,64,0.8652631578947368,0.29978586723768735,0.556910569105691,0.6862745098039216,0.5825245125662121,0.6776586974443529,0.5849256900212314,942,475,467
386,322,162,72,0.8427947598253275,0.3347107438016529,0.5451977401129944,0.6923076923076923,0.5887527518134902,0.6620926243567753,0.5817409766454352,942,458,484
418,325,145,54,0.885593220338983,0.30851063829787234,0.5625841184387618,0.7286432160804021,0.5970519293184277,0.6880658436213992,0.5976645435244161,942,472,470
392,352,137,61,0.8653421633554084,0.28016359918200406,0.5268817204301075,0.6919191919191919,0.5727528812687062,0.6549707602339181,0.5615711252653928,942,453,489
400,325,145,72,0.847457627118644,0.30851063829787234,0.5517241379310345,0.6682027649769585,0.5779841327082582,0.6683375104427736,0.578556263269639,942,472,470
389,322,168,63,0.8606194690265486,0.34285714285714286,0.5471167369901547,0.7272727272727273,0.6017383059418457,0.6689595872742906,0.5912951167728238,942,452,490
420,321,149,52,0.8898305084745762,0.3170212765957447,0.5668016194331984,0.7412935323383084,0.6034258925351604,0.6924979389942292,0.6040339702760085,942,472,470
404,321,157,60,0.8706896551724138,0.3284518828451883,0.5572413793103448,0.7235023041474654,0.599570769008801,0.6795626576955425,0.5955414012738853,942,464,478
412,341,124,65,0.8637316561844863,0.26666666666666666,0.547144754316069,0.656084656084656,0.5651991614255765,0.6699186991869918,0.5690021231422505,942,477,465
424,333,128,57,0.8814968814968815,0.27765726681127983,0.560105680317041,0.6918918918918919,0.5795770741540807,0.6849757673667205,0.5859872611464968,942,481,461
400,349,139,54,0.8810572687224669,0.2848360655737705,0.5340453938584779,0.7202072538860104,0.5829466671481187,0.6650041562759766,0.5721868365180467,942,454,488
408,343,133,58,0.8755364806866953,0.27941176470588236,0.5432756324900133,0.6963350785340314,0.5774741226962888,0.6705012325390304,0.5743099787685775,942,466,476
410,311,163,58,0.8760683760683761,0.3438818565400844,0.5686546463245492,0.7375565610859729,0.6099751163042302,0.689655172413793,0.60828025477707,942,468,474
403,347,136,56,0.8779956427015251,0.2815734989648033,0.5373333333333333,0.7083333333333334,0.5797845708331641,0.6666666666666666,0.5721868365180467,942,459,483
395,327,165,55,0.8777777777777778,0.3353658536585366,0.5470914127423823,0.75,0.6065718157181572,0.6740614334470989,0.5944798301486199,942,450,492
408,327,156,51,0.8888888888888888,0.32298136645962733,0.5551020408163265,0.7536231884057971,0.6059351276742581,0.6834170854271356,0.5987261146496815,942,459,483
424,314,150,54,0.8870292887029289,0.3232758620689655,0.5745257452574526,0.7352941176470589,0.6051525753859472,0.6973684210526316,0.6093418259023354,942,478,464
392,346,156,48,0.8909090909090909,0.3107569721115538,0.5311653116531165,0.7647058823529411,0.6008330315103223,0.66553480475382,0.5817409766454352,942,440,502
401,344,136,61,0.8679653679653679,0.2833333333333333,0.538255033557047,0.6903553299492385,0.5756493506493506,0.6644573322286661,0.5700636942675159,942,462,480
405,319,151,67,0.8580508474576272,0.32127659574468087,0.5593922651933702,0.6926605504587156,0.589663721601154,0.677257525083612,0.5902335456475584,942,472,470
429,314,137,62,0.8737270875763747,0.30376940133037694,0.5773889636608345,0.6884422110552764,0.5887482444533758,0.6952998379254457,0.6008492569002123,942,491,451
408,324,152,58,0.8755364806866953,0.31932773109243695,0.5573770491803278,0.7238095238095238,0.5974321058895662,0.681135225375626,0.5944798301486199,942,466,476
402,335,158,47,0.8953229398663697,0.3204868154158215,0.5454545454545454,0.7707317073170732,0.6079048776410956,0.6779089376053962,0.5944798301486199,942,449,493
424,315,145,58,0.8796680497925311,0.31521739130434784,0.5737483085250338,0.7142857142857143,0.5974427205484395,0.6945126945126946,0.6040339702760085,942,482,460
411,326,138,67,0.8598326359832636,0.2974137931034483,0.5576662143826323,0.6731707317073171,0.578623214543356,0.6765432098765432,0.5828025477707006,942,478,464
417,308,155,62,0.8705636743215032,0.3347732181425486,0.5751724137931035,0.7142857142857143,0.6026684462320259,0.6926910299003322,0.6072186836518046,942,479,463
404,348,135,55,0.8801742919389978,0.2795031055900621,0.5372340425531915,0.7105263157894737,0.5798386987645299,0.6672171758876961,0.5721868365180467,942,459,483
413,340,144,45,0.9017467248908297,0.2975206611570248,0.548472775564409,0.7619047619047619,0.5996336930239272,0.6820809248554913,0.5912951167728238,942,458,484
399,336,149,58,0.8730853391684902,0.30721649484536084,0.5428571428571428,0.7198067632850241,0.5901509170069255,0.6694630872483222,0.5817409766454352,942,457,485
406,301,152,83,0.8302658486707567,0.3355408388520971,0.5742574257425742,0.6468085106382979,0.5829033437614269,0.6789297658862876,0.5923566878980892,942,489,453
406,348,127,61,0.8693790149892934,0.2673684210526316,0.5384615384615384,0.675531914893617,0.5683737180209625,0.665028665028665,0.5658174097664543,942,467,475
381,351,149,61,0.8619909502262444,0.298,0.5204918032786885,0.7095238095238096,0.5799954751131222,0.6490630323679727,0.5626326963906582,942,442,500
394,350,147,51,0.8853932584269663,0.29577464788732394,0.5295698924731183,0.7424242424242424,0.5905839531571451,0.6627417998317914,0.5743099787685775,942,445,497
422,336,126,58,0.8791666666666667,0.2727272727272727,0.5567282321899736,0.6847826086956522,0.5759469696969697,0.6817447495961227,0.5817409766454352,942,480,462
398,343,134,67,0.8559139784946237,0.2809224318658281,0.5371120107962213,0.6666666666666666,0.5684182051802259,0.6600331674958541,0.564755838641189,942,465,477
391,327,163,61,0.8650442477876106,0.3326530612244898,0.5445682451253482,0.7276785714285714,0.5988486545060502,0.6683760683760683,0.5881104033970276,942,452,490
419,308,150,65,0.8657024793388429,0.32751091703056767,0.5763411279229711,0.6976744186046512,0.5966066981847054,0.6919900908340214,0.6040339702760085,942,484,458
407,342,124,69,0.8550420168067226,0.26609442060085836,0.5433911882510013,0.6424870466321243,0.5605682187037905,0.6644897959183673,0.5636942675159236,942,476,466
399,321,165,57,0.875,0.3395061728395062,0.5541666666666667,0.7432432432432432,0.6072530864197531,0.6785714285714286,0.5987261146496815,942,456,486
395,348,145,54,0.8797327394209354,0.29411764705882354,0.531628532974428,0.7286432160804021,0.5869251932398795,0.662751677852349,0.5732484076433121,942,449,493
387,334,153,68,0.8505494505494505,0.3141683778234086,0.536754507628294,0.6923076923076923,0.5823589141864296,0.6581632653061225,0.5732484076433121,942,455,487
414,326,146,56,0.8808510638297873,0.3093220338983051,0.5594594594594594,0.7227722772277227,0.5950865488640462,0.6842975206611569,0.5944798301486199,942,470,472
396,356,140,50,0.8878923766816144,0.28225806451612906,0.526595744680851,0.7368421052631579,0.5850752205988717,0.6611018363939899,0.5690021231422505,942,446,496
407,331,145,59,0.8733905579399142,0.30462184873949577,0.551490514905149,0.7107843137254902,0.589006203339705,0.676079734219269,0.5859872611464968,942,466,476
393,320,154,75,0.8397435897435898,0.32489451476793246,0.5511921458625526,0.6724890829694323,0.5823190522557611,0.6655376799322608,0.5806794055201698,942,468,474
418,304,158,62,0.8708333333333333,0.341991341991342,0.5789473684210527,0.7181818181818181,0.6064123376623377,0.6955074875207986,0.6114649681528662,942,480,462
394,335,154,59,0.869757174392936,0.3149284253578732,0.5404663923182441,0.7230046948356808,0.5923427998754046,0.6666666666666666,0.5817409766454352,942,453,489
397,319,167,59,0.8706140350877193,0.3436213991769547,0.5544692737430168,0.7389380530973452,0.607117717132337,0.6774744027303755,0.5987261146496815,942,456,486
398,326,140,78,0.8361344537815126,0.30042918454935624,0.5497237569060773,0.6422018348623854,0.5682818191654344,0.6633333333333333,0.5711252653927813,942,476,466
409,326,146,61,0.8702127659574468,0.3093220338983051,0.5564625850340136,0.7053140096618358,0.589767399927876,0.678838174273859,0.589171974522293,942,470,472
382,345,153,62,0.8603603603603603,0.3072289156626506,0.5254470426409904,0.7116279069767442,0.5837946380115054,0.6524338172502135,0.5679405520169851,942,444,498
403,340,149,50,0.8896247240618101,0.3047034764826176,0.5423956931359354,0.7487437185929648,0.5971641002722139,0.6739130434782609,0.5859872611464968,942,453,489
403,313,171,55,0.8799126637554585,0.35330578512396693,0.5628491620111732,0.7566371681415929,0.6166092244397128,0.686541737649063,0.6093418259023354,942,458,484
423,335,133,51,0.8924050632911392,0.2841880341880342,0.558047493403694,0.7228260869565217,0.5882965487395867,0.6866883116883117,0.5902335456475584,942,474,468
427,309,134,72,0.8557114228456913,0.30248306997742663,0.5801630434782609,0.6504854368932039,0.579097246411559,0.691497975708502,0.5955414012738853,942,499,443
402,346,140,54,0.881578947368421,0.2880658436213992,0.5374331550802139,0.7216494845360825,0.5848223954949101,0.6677740863787377,0.5753715498938429,942,456,486
422,320,146,54,0.8865546218487395,0.3133047210300429,0.568733153638814,0.73,0.5999296714393911,0.6929392446633826,0.6029723991507431,942,476,466
394,328,161,59,0.869757174392936,0.3292433537832311,0.5457063711911357,0.7318181818181818,0.5995002640880835,0.6706382978723405,0.589171974522293,942,453,489
411,320,151,60,0.8726114649681529,0.3205944798301486,0.5622435020519836,0.7156398104265402,0.5966029723991507,0.6838602329450916,0.5966029723991507,942,471,471
407,344,137,54,0.8828633405639913,0.28482328482328484,0.5419440745672437,0.7172774869109948,0.5838433126936381,0.6716171617161716,0.5774946921443737,942,461,481
423,329,138,52,0.8905263157894737,0.2955032119914347,0.5625,0.7263157894736842,0.5930147638904542,0.6894865525672372,0.5955414012738853,942,475,467
402,326,159,55,0.8796498905908097,0.32783505154639175,0.5521978021978022,0.7429906542056075,0.6037424710686007,0.6784810126582279,0.5955414012738853,942,457,485
385,337,169,51,0.8830275229357798,0.3339920948616601,0.5332409972299169,0.7681818181818182,0.60850980889872,0.6649395509499136,0.5881104033970276,942,436,506
394,350,149,49,0.8893905191873589,0.2985971943887776,0.5295698924731183,0.7525252525252525,0.5939938567880683,0.6638584667228307,0.5764331210191083,942,443,499
405,345,141,51,0.8881578947368421,0.29012345679012347,0.54,0.734375,0.5891406757634828,0.6716417910447763,0.5796178343949044,942,456,486
409,334,146,53,0.8852813852813853,0.30416666666666664,0.550471063257066,0.7336683417085427,0.594724025974026,0.6788381742738591,0.589171974522293,942,462,480
427,316,143,56,0.8840579710144928,0.3115468409586057,0.5746971736204576,0.7185929648241206,0.5978024059865492,0.6965742251223491,0.6050955414012739,942,483,459
404,324,156,58,0.8744588744588745,0.325,0.554945054945055,0.7289719626168224,0.5997294372294373,0.6789915966386555,0.5944798301486199,942,462,480
376,356,144,66,0.8506787330316742,0.288,0.5136612021857924,0.6857142857142857,0.569339366515837,0.6405451448040886,0.5520169851380042,942,442,500
407,329,146,60,0.8715203426124197,0.30736842105263157,0.5529891304347826,0.7087378640776699,0.5894443818325257,0.6766417290108063,0.5870488322717622,942,467,475
413,311,161,57,0.8787234042553191,0.3411016949152542,0.5704419889502762,0.7385321100917431,0.6099125495852866,0.6917922948073701,0.6093418259023354,942,470,472
404,340,136,62,0.8669527896995708,0.2857142857142857,0.543010752688172,0.6868686868686869,0.5763335377069283,0.6677685950413222,0.5732484076433121,942,466,476
421,306,162,53,0.8881856540084389,0.34615384615384615,0.579092159559835,0.7534883720930232,0.6171697500811425,0.701082431307244,0.618895966029724,942,474,468
393,342,149,58,0.8713968957871396,0.3034623217922607,0.5346938775510204,0.7198067632850241,0.5874296087897002,0.6627318718381112,0.5753715498938429,942,451,491
396,320,163,63,0.8627450980392157,0.33747412008281574,0.553072625698324,0.7212389380530974,0.6001096090610157,0.6740425531914894,0.5934182590233545,942,459,483
393,328,161,60,0.8675496688741722,0.3292433537832311,0.5450762829403606,0.7285067873303167,0.5983965113287016,0.6695059625212947,0.5881104033970276,942,453,489
404,335,155,48,0.8938053097345132,0.3163265306122449,0.5466847090663058,0.7635467980295566,0.605065920173379,0.6784214945424013,0.5934182590233545,942,452,490
424,322,140,56,0.8833333333333333,0.30303030303030304,0.5683646112600537,0.7142857142857143,0.5931818181818181,0.6916802610114193,0.5987261146496815,942,480,462
401,325,145,71,0.8495762711864406,0.30851063829787234,0.5523415977961432,0.6712962962962963,0.5790434547421565,0.669449081803005,0.5796178343949044,942,472,470
421,314,148,59,0.8770833333333333,0.3203463203463203,0.5727891156462585,0.714975845410628,0.5987148268398268,0.6930041152263374,0.6040339702760085,942,480,462
370,368,155,49,0.883054892601432,0.29636711281070743,0.5013550135501355,0.7598039215686274,0.5897110027060697,0.6395851339671564,0.5573248407643312,942,419,523
397,315,159,71,0.8482905982905983,0.33544303797468356,0.5575842696629213,0.691304347826087,0.591866818132641,0.6728813559322033,0.5902335456475584,942,468,474
416,318,145,63,0.8684759916492694,0.31317494600431967,0.5667574931880109,0.6971153846153846,0.5908254688267945,0.6859027205276175,0.5955414012738853,942,479,463
403,359,120,60,0.8704103671706264,0.25052192066805845,0.5288713910761155,0.6666666666666666,0.5604661439193424,0.6579591836734694,0.5552016985138004,942,463,479
419,338,136,49,0.8952991452991453,0.2869198312236287,0.5535006605019815,0.7351351351351352,0.591109488261387,0.6840816326530612,0.589171974522293,942,468,474
401,327,159,55,0.8793859649122807,0.3271604938271605,0.5508241758241759,0.7429906542056075,0.6032732293697206,0.6773648648648649,0.5944798301486199,942,456,486
424,315,147,56,0.8833333333333333,0.3181818181818182,0.5737483085250338,0.7241379310344828,0.6007575757575757,0.6956521739130435,0.6061571125265393,942,480,462
376,337,167,62,0.8584474885844748,0.33134920634920634,0.5273492286115007,0.7292576419213974,0.5948983474668406,0.6533449174630755,0.5764331210191083,942,438,504
414,345,141,42,0.9078947368421053,0.29012345679012347,0.5454545454545454,0.7704918032786885,0.5990090968161144,0.6814814814814815,0.589171974522293,942,456,486
404,321,149,68,0.8559322033898306,0.3170212765957447,0.5572413793103448,0.6866359447004609,0.5864767399927876,0.6750208855472014,0.5870488322717622,942,472,470
383,332,147,80,0.8272138228941684,0.3068893528183716,0.5356643356643357,0.6475770925110133,0.5670515878562701,0.6502546689303904,0.5626326963906582,942,463,479
400,323,157,62,0.8658008658008658,0.32708333333333334,0.5532503457814661,0.7168949771689498,0.5964420995670996,0.6751054852320675,0.5912951167728238,942,462,480
405,316,159,62,0.867237687366167,0.33473684210526317,0.5617198335644937,0.7194570135746606,0.6009872647357151,0.6818181818181818,0.5987261146496815,942,467,475
433,300,149,60,0.8782961460446247,0.33184855233853006,0.5907230559345157,0.7129186602870813,0.6050723491915774,0.7063621533442088,0.6178343949044586,942,493,449
419,320,144,59,0.8765690376569037,0.3103448275862069,0.5669824086603519,0.7093596059113301,0.5934569326215553,0.6885784716516024,0.5976645435244161,942,478,464
404,336,152,50,0.8898678414096917,0.3114754098360656,0.5459459459459459,0.7524752475247525,0.6006716256228786,0.6767169179229481,0.5902335456475584,942,454,488
412,328,151,51,0.8898488120950324,0.31524008350730687,0.5567567567567567,0.7475247524752475,0.6025444478011697,0.684954280964256,0.5976645435244161,942,463,479
404,342,143,53,0.8840262582056893,0.2948453608247423,0.5415549597855228,0.7295918367346939,0.5894358095152158,0.6716541978387366,0.5806794055201698,942,457,485
401,325,154,62,0.8660907127429806,0.32150313152400833,0.5523415977961432,0.7129629629629629,0.5937969221334944,0.6745164003364171,0.589171974522293,942,463,479
403,326,154,59,0.8722943722943723,0.32083333333333336,0.5528120713305898,0.7230046948356808,0.5965638528138528,0.6767422334172964,0.5912951167728238,942,462,480
423,319,152,48,0.8980891719745223,0.3227176220806794,0.5700808625336927,0.76,0.6104033970276008,0.6974443528441878,0.6104033970276008,942,471,471
417,328,140,57,0.879746835443038,0.29914529914529914,0.5597315436241611,0.7106598984771574,0.5894460672941686,0.6841673502871205,0.5912951167728238,942,474,468
363,349,167,63,0.852112676056338,0.3236434108527132,0.5098314606741573,0.7260869565217392,0.5878780434545257,0.6379613356766257,0.5626326963906582,942,426,516
426,317,148,51,0.8930817610062893,0.31827956989247314,0.5733512786002691,0.7437185929648241,0.6056806654493813,0.698360655737705,0.6093418259023354,942,477,465
426,295,146,75,0.8502994011976048,0.3310657596371882,0.5908460471567267,0.6606334841628959,0.5906825804173965,0.6972176759410802,0.6072186836518046,942,501,441
412,314,153,63,0.8673684210526316,0.32762312633832974,0.5674931129476584,0.7083333333333334,0.5974957736954807,0.6860949208992506,0.5997876857749469,942,475,467
404,336,128,74,0.8451882845188284,0.27586206896551724,0.5459459459459459,0.6336633663366337,0.5605251767421728,0.6633825944170771,0.564755838641189,942,478,464
393,345,151,53,0.8811659192825112,0.30443548387096775,0.532520325203252,0.7401960784313726,0.5928007015767395,0.6638513513513513,0.5774946921443737,942,446,496
441,303,143,55,0.8891129032258065,0.32062780269058294,0.592741935483871,0.7222222222222222,0.6048703529581947,0.7112903225806452,0.6199575371549894,942,496,446
410,325,140,67,0.859538784067086,0.3010752688172043,0.5578231292517006,0.6763285024154589,0.5803070264421452,0.6765676567656765,0.583864118895966,942,477,465
357,357,168,60,0.8561151079136691,0.32,0.5,0.7368421052631579,0.5880575539568346,0.6312997347480106,0.5573248407643312,942,417,525
420,315,146,61,0.8731808731808732,0.31670281995661603,0.5714285714285714,0.7053140096618358,0.5949418465687446,0.6907894736842105,0.6008492569002123,942,481,461
370,354,150,68,0.8447488584474886,0.2976190476190476,0.511049723756906,0.6880733944954128,0.5711839530332681,0.6368330464716008,0.5520169851380042,942,438,504
388,340,139,75,0.838012958963283,0.29018789144050106,0.532967032967033,0.6495327102803738,0.564100425201892,0.6515533165407221,0.559447983014862,942,463,479
415,326,138,63,0.8682008368200836,0.2974137931034483,0.5600539811066126,0.6865671641791045,0.582807314961766,0.6808859721082854,0.5870488322717622,942,478,464
420,324,144,54,0.8860759493670886,0.3076923076923077,0.5645161290322581,0.7272727272727273,0.5968841285296982,0.6896551724137931,0.5987261146496815,942,474,468
423,317,144,58,0.8794178794178794,0.3123644251626898,0.5716216216216217,0.7128712871287128,0.5958911522902846,0.6928746928746928,0.6019108280254777,942,481,461
395,348,145,54,0.8797327394209354,0.29411764705882354,0.531628532974428,0.7286432160804021,0.5869251932398795,0.662751677852349,0.5732484076433121,942,449,493
391,330,146,75,0.8390557939914163,0.3067226890756303,0.5423023578363384,0.6606334841628959,0.5728892415335233,0.6588037068239259,0.5700636942675159,942,466,476
404,320,145,73,0.8469601677148847,0.3118279569892473,0.5580110497237569,0.6651376146788991,0.579394062352066,0.6727726894254789,0.5828025477707006,942,477,465
405,317,147,73,0.8472803347280334,0.3168103448275862,0.5609418282548476,0.6681818181818182,0.5820453397778098,0.675,0.5859872611464968,942,478,464
409,325,149,59,0.8739316239316239,0.3143459915611814,0.5572207084468664,0.7163461538461539,0.5941388077464027,0.6805324459234608,0.5923566878980892,942,468,474
399,315,164,64,0.8617710583153347,0.34237995824634654,0.5588235294117647,0.7192982456140351,0.6020755082808407,0.6779949022939677,0.5976645435244161,942,463,479
394,330,153,65,0.8583877995642701,0.3167701863354037,0.5441988950276243,0.7018348623853211,0.587578992949837,0.6661031276415891,0.5806794055201698,942,459,483
387,326,154,75,0.8376623376623377,0.32083333333333336,0.5427769985974754,0.6724890829694323,0.5792478354978355,0.6587234042553191,0.5743099787685775,942,462,480
397,319,178,48,0.8921348314606742,0.358148893360161,0.5544692737430168,0.7876106194690266,0.6251418624104176,0.6838931955211026,0.6104033970276008,942,445,497
427,299,148,68,0.8626262626262626,0.33109619686800895,0.5881542699724518,0.6851851851851852,0.5968612297471358,0.6994266994266994,0.6104033970276008,942,495,447
419,328,140,55,0.8839662447257384,0.29914529914529914,0.5609103078982597,0.717948717948718,0.5915557719355188,0.6863226863226863,0.5934182590233545,942,474,468
398,331,153,60,0.868995633187773,0.31611570247933884,0.5459533607681756,0.7183098591549296,0.592555667833556,0.6705981465880371,0.5849256900212314,942,458,484
407,327,160,48,0.8945054945054945,0.32854209445585214,0.5544959128065395,0.7692307692307693,0.6115237944806733,0.6846089150546678,0.6019108280254777,942,455,487
407,339,129,67,0.8586497890295358,0.27564102564102566,0.5455764075067024,0.6581632653061225,0.5671454073352807,0.6672131147540983,0.5690021231422505,942,474,468
411,321,163,47,0.8973799126637555,0.3367768595041322,0.5614754098360656,0.7761904761904762,0.6170783860839438,0.6907563025210084,0.6093418259023354,942,458,484
380,341,149,72,0.8407079646017699,0.3040816326530612,0.5270457697642164,0.6742081447963801,0.5723947986274156,0.6479113384484229,0.5615711252653928,942,452,490
383,341,152,66,0.8530066815144766,0.30831643002028397,0.5290055248618785,0.6972477064220184,0.5806615557673802,0.6530264279624893,0.5679405520169851,942,449,493
414,308,167,53,0.8865096359743041,0.35157894736842105,0.5734072022160664,0.759090909090909,0.6190442916713625,0.6963835155592933,0.6167728237791932,942,467,475
413,318,149,62,0.8694736842105263,0.31905781584582443,0.5649794801641587,0.7061611374407583,0.5942657500281754,0.6849087893864013,0.5966029723991507,942,475,467
401,309,170,62,0.8660907127429806,0.35490605427974947,0.5647887323943662,0.7327586206896551,0.610498383511365,0.6837169650468883,0.6061571125265393,942,463,479
426,332,135,49,0.8968421052631579,0.2890792291220557,0.5620052770448549,0.7336956521739131,0.5929606671926068,0.6909975669099756,0.5955414012738853,942,475,467
394,332,155,61,0.865934065934066,0.3182751540041068,0.5426997245179064,0.7175925925925926,0.5921046099690863,0.6672311600338696,0.5828025477707006,942,455,487
407,338,131,66,0.8604651162790697,0.279317697228145,0.5463087248322148,0.6649746192893401,0.5698914067536074,0.6683087027914615,0.5711252653927813,942,473,469
410,331,145,56,0.8798283261802575,0.30462184873949577,0.553306342780027,0.7213930348258707,0.5922250874598767,0.6793703396851699,0.589171974522293,942,466,476
402,341,147,52,0.8854625550660793,0.3012295081967213,0.5410497981157469,0.7386934673366834,0.5933460316314003,0.6716791979949874,0.5828025477707006,942,454,488
393,335,153,61,0.8656387665198237,0.3135245901639344,0.5398351648351648,0.7149532710280374,0.589581678341879,0.6649746192893401,0.5796178343949044,942,454,488
416,326,141,59,0.8757894736842106,0.3019271948608137,0.5606469002695418,0.705,0.5888583342725121,0.6836483155299918,0.5912951167728238,942,475,467
389,337,147,69,0.8493449781659389,0.3037190082644628,0.5358126721763086,0.6805555555555556,0.5765319932152009,0.6570945945945946,0.5690021231422505,942,458,484
415,329,133,65,0.8645833333333334,0.2878787878787879,0.5577956989247311,0.6717171717171717,0.5762310606060607,0.6781045751633986,0.5817409766454352,942,480,462
384,317,165,76,0.8347826086956521,0.34232365145228216,0.5477888730385164,0.6846473029045643,0.5885531300739671,0.6614987080103358,0.5828025477707006,942,460,482
392,339,154,57,0.8730512249443207,0.31237322515212984,0.5362517099863201,0.7298578199052133,0.5927122250482253,0.664406779661017,0.5796178343949044,942,449,493
408,333,153,48,0.8947368421052632,0.3148148148148148,0.5506072874493927,0.7611940298507462,0.604775828460039,0.681704260651629,0.5955414012738853,942,456,486
403,349,135,55,0.8799126637554585,0.27892561983471076,0.535904255319149,0.7105263157894737,0.5794191417950847,0.6661157024793388,0.5711252653927813,942,458,484
390,352,144,56,0.874439461883408,0.2903225806451613,0.5256064690026954,0.72,0.5823810212642847,0.6565656565656566,0.5668789808917197,942,446,496
367,348,161,66,0.8475750577367206,0.3163064833005894,0.5132867132867133,0.7092511013215859,0.581940770518655,0.6393728222996516,0.5605095541401274,942,433,509
411,329,150,52,0.8876889848812095,0.31315240083507306,0.5554054054054054,0.7425742574257426,0.6004206928581413,0.6832917705735662,0.5955414012738853,942,463,479
428,308,141,65,0.8681541582150102,0.31403118040089084,0.5815217391304348,0.6844660194174758,0.5910926693079506,0.6965012205044752,0.6040339702760085,942,493,449
402,333,137,70,0.8516949152542372,0.29148936170212764,0.5469387755102041,0.6618357487922706,0.5715921384781825,0.6661143330571665,0.5721868365180467,942,472,470
417,316,150,59,0.8760504201680672,0.3218884120171674,0.5688949522510232,0.7177033492822966,0.5989694160926173,0.6898263027295285,0.6019108280254777,942,476,466
414,338,134,56,0.8808510638297873,0.2838983050847458,0.550531914893617,0.7052631578947368,0.5823746844572666,0.6775777414075286,0.5817409766454352,942,470,472
402,340,134,66,0.8589743589743589,0.28270042194092826,0.5417789757412399,0.67,0.5708373904576436,0.6644628099173554,0.5690021231422505,942,468,474
403,339,138,62,0.8666666666666667,0.2893081761006289,0.5431266846361186,0.69,0.5779874213836478,0.6677713338856669,0.5743099787685775,942,465,477
395,323,164,60,0.8681318681318682,0.33675564681724846,0.5501392757660167,0.7321428571428571,0.6024437574745583,0.6734867860187553,0.5934182590233545,942,455,487
429,312,146,55,0.8863636363636364,0.31877729257641924,0.5789473684210527,0.7263681592039801,0.6025704644700278,0.7004081632653062,0.6104033970276008,942,484,458
429,315,144,54,0.8881987577639752,0.3137254901960784,0.5766129032258065,0.7272727272727273,0.6009621239800268,0.6992665036674817,0.60828025477707,942,483,459
394,336,146,66,0.8565217391304348,0.3029045643153527,0.5397260273972603,0.6886792452830188,0.5797131517228937,0.6621848739495799,0.5732484076433121,942,460,482
411,321,145,65,0.8634453781512605,0.3111587982832618,0.5614754098360656,0.6904761904761905,0.5873020882172612,0.6804635761589404,0.5902335456475584,942,476,466
392,341,150,59,0.8691796008869179,0.3054989816700611,0.5347885402455662,0.7177033492822966,0.5873392912784895,0.6621621621621622,0.5753715498938429,942,451,491
400,335,144,63,0.8639308855291576,0.30062630480167013,0.54421768707483,0.6956521739130435,0.5822785951654139,0.6677796327212021,0.5774946921443737,942,463,479
426,332,130,54,0.8875,0.2813852813852814,0.5620052770448549,0.7065217391304348,0.5844426406926406,0.6882067851373183,0.5902335456475584,942,480,462
397,333,160,52,0.8841870824053452,0.32454361054766734,0.5438356164383562,0.7547169811320755,0.6043653464765062,0.6734520780322306,0.5912951167728238,942,449,493
383,329,156,74,0.838074398249453,0.3216494845360825,0.5379213483146067,0.6782608695652174,0.5798619413927677,0.6552609067579128,0.5721868365180467,942,457,485
399,342,143,58,0.8730853391684902,0.2948453608247423,0.5384615384615384,0.7114427860696517,0.5839653499966162,0.666110183639399,0.5753715498938429,942,457,485
383,338,151,70,0.8454746136865342,0.30879345603271985,0.5312066574202496,0.6832579185520362,0.577134034859627,0.6524701873935265,0.5668789808917197,942,453,489
399,345,138,60,0.869281045751634,0.2857142857142857,0.5362903225806451,0.696969696969697,0.5774976657329598,0.6633416458852868,0.5700636942675159,942,459,483
402,308,163,69,0.8535031847133758,0.346072186836518,0.5661971830985916,0.7025862068965517,0.5997876857749469,0.6807790008467401,0.5997876857749469,942,471,471
429,316,143,54,0.8881987577639752,0.3115468409586057,0.5758389261744966,0.7258883248730964,0.5998727993612905,0.6986970684039088,0.6072186836518046,942,483,459
407,335,151,49,0.8925438596491229,0.31069958847736623,0.5485175202156334,0.755,0.6016217240632445,0.679465776293823,0.5923566878980892,942,456,486
430,312,135,65,0.8686868686868687,0.30201342281879195,0.5795148247978437,0.675,0.5853501457528303,0.6952303961196443,0.5997876857749469,942,495,447
429,298,151,64,0.8701825557809331,0.3363028953229399,0.5900962861072903,0.7023255813953488,0.6032427255519365,0.7032786885245902,0.6157112526539278,942,493,449
437,291,134,80,0.8452611218568665,0.31529411764705884,0.6002747252747253,0.6261682242990654,0.5802776197519627,0.702008032128514,0.6061571125265393,942,517,425
366,357,150,69,0.8413793103448276,0.2958579881656805,0.5062240663900415,0.684931506849315,0.5686186492552541,0.6321243523316062,0.5477707006369427,942,435,507
393,341,153,55,0.8772321428571429,0.3097165991902834,0.5354223433242506,0.7355769230769231,0.5934743710237131,0.6649746192893401,0.5796178343949044,942,448,494
411,333,131,67,0.8598326359832636,0.2823275862068966,0.5524193548387096,0.6616161616161617,0.5710801110950801,0.6726677577741407,0.5753715498938429,942,478,464
387,352,132,71,0.8449781659388647,0.2727272727272727,0.523680649526387,0.6502463054187192,0.5588527193330687,0.6466165413533834,0.5509554140127388,942,458,484
386,329,159,68,0.8502202643171806,0.32581967213114754,0.5398601398601398,0.7004405286343612,0.588019968224164,0.6603934987168519,0.578556263269639,942,454,488
390,333,156,63,0.8609271523178808,0.31901840490797545,0.5394190871369294,0.7123287671232876,0.5899727786129281,0.6632653061224489,0.5796178343949044,942,453,489
423,322,142,55,0.8849372384937239,0.30603448275862066,0.5677852348993289,0.7208121827411168,0.5954858606261723,0.6917416189697464,0.5997876857749469,942,478,464
422,317,143,60,0.8755186721991701,0.3108695652173913,0.571041948579161,0.7044334975369458,0.5931941187082808,0.6912366912366912,0.5997876857749469,942,482,460
386,339,144,73,0.840958605664488,0.2981366459627329,0.5324137931034483,0.663594470046083,0.5695476258136105,0.652027027027027,0.5626326963906582,942,459,483
402,333,143,64,0.8626609442060086,0.3004201680672269,0.5469387755102041,0.6908212560386473,0.5815405561366177,0.6694421315570358,0.578556263269639,942,466,476
427,305,154,56,0.8840579710144928,0.3355119825708061,0.5833333333333334,0.7333333333333333,0.6097849767926494,0.7028806584362141,0.6167728237791932,942,483,459
360,340,175,67,0.8430913348946136,0.33980582524271846,0.5142857142857142,0.7231404958677686,0.5914485800686661,0.6388642413487133,0.5679405520169851,942,427,515
383,344,146,69,0.8473451327433629,0.2979591836734694,0.5268225584594223,0.6790697674418604,0.5726521582084161,0.6497031382527565,0.5615711252653928,942,452,490
400,328,146,68,0.8547008547008547,0.3080168776371308,0.5494505494505495,0.6822429906542056,0.5813588661689928,0.6688963210702342,0.5796178343949044,942,468,474
386,339,154,63,0.8596881959910914,0.31237322515212984,0.5324137931034483,0.7096774193548387,0.5860307105716106,0.6575809199318569,0.5732484076433121,942,449,493
387,323,165,67,0.8524229074889867,0.33811475409836067,0.5450704225352113,0.7112068965517241,0.5952688307936738,0.6649484536082474,0.5859872611464968,942,454,488
403,315,168,56,0.8779956427015251,0.34782608695652173,0.5612813370473537,0.75,0.6129108648290233,0.6847918436703483,0.6061571125265393,942,459,483
411,332,154,45,0.9013157894736842,0.3168724279835391,0.5531628532974427,0.7738693467336684,0.6090941087286117,0.6855713094245204,0.5997876857749469,942,456,486
398,334,141,69,0.8522483940042827,0.2968421052631579,0.5437158469945356,0.6714285714285714,0.5745452496337202,0.6638865721434529,0.5721868365180467,942,467,475
398,329,150,65,0.8596112311015118,0.31315240083507306,0.547455295735901,0.6976744186046512,0.5863818159682924,0.6689075630252102,0.5817409766454352,942,463,479
397,326,159,60,0.8687089715536105,0.32783505154639175,0.5491009681881052,0.726027397260274,0.5982720115500011,0.6728813559322034,0.5902335456475584,942,457,485
366,321,174,81,0.8187919463087249,0.3515151515151515,0.5327510917030568,0.6823529411764706,0.5851535489119382,0.6455026455026456,0.5732484076433121,942,447,495
407,356,132,47,0.8964757709251101,0.27049180327868855,0.5334207077326344,0.7374301675977654,0.5834837871018993,0.6688578471651603,0.5721868365180467,942,454,488
412,314,164,52,0.8879310344827587,0.34309623430962344,0.5674931129476584,0.7592592592592593,0.6155136343961911,0.692436974789916,0.6114649681528662,942,464,478
397,333,139,73,0.8446808510638298,0.2944915254237288,0.5438356164383562,0.6556603773584906,0.5695861882437794,0.6616666666666668,0.5690021231422505,942,470,472
424,311,148,59,0.8778467908902692,0.3224400871459695,0.5768707482993197,0.714975845410628,0.6001434390181193,0.6962233169129721,0.6072186836518046,942,483,459
401,334,141,66,0.8586723768736617,0.2968421052631579,0.545578231292517,0.6811594202898551,0.5777572410684098,0.6672212978369385,0.5753715498938429,942,467,475
430,327,137,48,0.899581589958159,0.2952586206896552,0.5680317040951123,0.7405405405405405,0.5974201053239071,0.6963562753036437,0.6019108280254777,942,478,464
424,326,135,57,0.8814968814968815,0.2928416485900217,0.5653333333333334,0.703125,0.5871692650434517,0.6888708367181154,0.5934182590233545,942,481,461
409,331,136,66,0.8610526315789474,0.291220556745182,0.5527027027027027,0.6732673267326733,0.5761365941620646,0.6732510288065845,0.578556263269639,942,475,467
405,319,148,70,0.8526315789473684,0.3169164882226981,0.5593922651933702,0.6788990825688074,0.5847740335850332,0.6755629691409507,0.5870488322717622,942,475,467
419,317,143,63,0.8692946058091287,0.3108695652173913,0.5692934782608695,0.6941747572815534,0.59008208551326,0.6880131362889982,0.5966029723991507,942,482,460
408,326,147,61,0.8699360341151386,0.3107822410147992,0.555858310626703,0.7067307692307693,0.5903591375649689,0.6783042394014963,0.589171974522293,942,469,473
387,338,162,55,0.8755656108597285,0.324,0.5337931034482759,0.7465437788018433,0.5997828054298643,0.6632390745501285,0.5828025477707006,942,442,500
386,317,165,74,0.8391304347826087,0.34232365145228216,0.5490753911806543,0.6903765690376569,0.5907270431174454,0.6638005159071367,0.5849256900212314,942,460,482
395,335,138,74,0.8422174840085288,0.2917547568710359,0.541095890410959,0.6509433962264151,0.5669861204397824,0.6588824020016681,0.5658174097664543,942,469,473
422,327,133,60,0.8755186721991701,0.2891304347826087,0.5634178905206942,0.689119170984456,0.5823245534908894,0.6856214459788789,0.589171974522293,942,482,460
412,314,154,62,0.869198312236287,0.32905982905982906,0.5674931129476584,0.7129629629629629,0.599129070648058,0.6866666666666666,0.6008492569002123,942,474,468
410,337,141,54,0.8836206896551724,0.29497907949790797,0.5488621151271754,0.7230769230769231,0.5892998845765401,0.6771263418662263,0.5849256900212314,942,464,478
393,333,143,73,0.8433476394849786,0.3004201680672269,0.5413223140495868,0.6620370370370371,0.5718839037761028,0.6593959731543625,0.5690021231422505,942,466,476
435,319,144,44,0.9081419624217119,0.31101511879049676,0.5769230769230769,0.7659574468085106,0.6095785406061043,0.7055961070559609,0.6146496815286624,942,479,463
390,323,158,71,0.8459869848156182,0.3284823284823285,0.5469845722300141,0.6899563318777293,0.5872346566489733,0.6643952299829643,0.5817409766454352,942,461,481
412,331,146,53,0.886021505376344,0.3060796645702306,0.5545087483176312,0.7336683417085427,0.5960505849732873,0.6821192052980132,0.5923566878980892,942,465,477
417,336,145,44,0.9045553145336226,0.30145530145530147,0.5537848605577689,0.7671957671957672,0.6030053079944621,0.6869851729818781,0.5966029723991507,942,461,481
413,331,140,58,0.8768577494692145,0.29723991507430997,0.5551075268817204,0.7070707070707071,0.5870488322717622,0.6798353909465019,0.5870488322717622,942,471,471
410,325,149,58,0.8760683760683761,0.3143459915611814,0.5578231292517006,0.7198067632850241,0.5952071838147788,0.6816292601828761,0.5934182590233545,942,468,474
424,315,141,62,0.8724279835390947,0.3092105263157895,0.5737483085250338,0.6945812807881774,0.590819254927442,0.6922448979591838,0.5997876857749469,942,486,456
409,353,117,63,0.8665254237288136,0.24893617021276596,0.536745406824147,0.65,0.5577307969707898,0.6628849270664504,0.5583864118895966,942,472,470
404,326,164,48,0.8938053097345132,0.3346938775510204,0.5534246575342465,0.7735849056603774,0.6142495936427668,0.6835871404399322,0.6029723991507431,942,452,490
399,338,155,50,0.888641425389755,0.3144016227180527,0.5413839891451832,0.7560975609756098,0.6015215240539038,0.672849915682968,0.5881104033970276,942,449,493
430,304,145,63,0.8722109533468559,0.32293986636971045,0.5858310626702997,0.6971153846153846,0.5975754098582832,0.7008964955175224,0.6104033970276008,942,493,449
412,315,163,52,0.8879310344827587,0.3410041841004184,0.5667125171939478,0.7581395348837209,0.6144676092915885,0.6918555835432411,0.6104033970276008,942,464,478
410,328,147,57,0.8779443254817987,0.3094736842105263,0.5555555555555556,0.7205882352941176,0.5937090048461625,0.6804979253112033,0.5912951167728238,942,467,475
393,342,151,56,0.8752783964365256,0.30628803245436104,0.5346938775510204,0.7294685990338164,0.5907832144454433,0.6638513513513513,0.5774946921443737,942,449,493
416,339,134,53,0.8869936034115139,0.2832980972515856,0.5509933774834437,0.7165775401069518,0.5851458503315498,0.6797385620915032,0.583864118895966,942,469,473
398,316,166,62,0.8652173913043478,0.34439834024896265,0.5574229691876751,0.7280701754385965,0.6048078657766552,0.678023850085179,0.5987261146496815,942,460,482
406,349,138,49,0.8923076923076924,0.28336755646817247,0.5377483443708609,0.7379679144385026,0.5878376243879324,0.6710743801652892,0.5774946921443737,942,455,487
435,314,142,51,0.8950617283950617,0.31140350877192985,0.5807743658210948,0.7357512953367875,0.6032326185834957,0.7044534412955467,0.6125265392781316,942,486,456
395,344,163,40,0.9080459770114943,0.3214990138067061,0.5345060893098782,0.8029556650246306,0.6147724954091002,0.6729131175468483,0.5923566878980892,942,435,507
402,345,145,50,0.8893805309734514,0.29591836734693877,0.5381526104417671,0.7435897435897436,0.592649449160195,0.6705587989991659,0.5806794055201698,942,452,490
393,314,182,53,0.8811659192825112,0.36693548387096775,0.5558698727015559,0.774468085106383,0.6240507015767395,0.6816999132697311,0.6104033970276008,942,446,496
423,343,129,47,0.9,0.2733050847457627,0.5522193211488251,0.7329545454545454,0.5866525423728813,0.6844660194174756,0.5859872611464968,942,470,472
389,344,147,62,0.8625277161862528,0.29938900203665986,0.5306957708049114,0.7033492822966507,0.5809583591114563,0.6570945945945946,0.5690021231422505,942,451,491
410,332,140,60,0.8723404255319149,0.2966101694915254,0.5525606469002695,0.7,0.5844752975117202,0.6765676567656765,0.583864118895966,942,470,472
410,339,152,41,0.9090909090909091,0.3095723014256619,0.5473965287049399,0.7875647668393783,0.6093316052582854,0.6833333333333333,0.5966029723991507,942,451,491
412,329,141,60,0.8728813559322034,0.3,0.5560053981106613,0.7014925373134329,0.5864406779661017,0.6793075020610058,0.5870488322717622,942,472,470
406,312,165,59,0.8731182795698925,0.34591194968553457,0.5654596100278552,0.7366071428571429,0.6095151146277136,0.6863905325443788,0.6061571125265393,942,465,477
396,328,151,67,0.8552915766738661,0.31524008350730687,0.5469613259668509,0.6926605504587156,0.5852658300905865,0.6672283066554339,0.5806794055201698,942,463,479
406,333,138,65,0.861995753715499,0.2929936305732484,0.5493910690121786,0.6798029556650246,0.5774946921443737,0.6710743801652892,0.5774946921443737,942,471,471
403,333,148,58,0.8741865509761388,0.3076923076923077,0.5475543478260869,0.7184466019417476,0.5909394293342233,0.6733500417710944,0.5849256900212314,942,461,481
409,328,143,62,0.8683651804670913,0.3036093418259023,0.5549525101763908,0.697560975609756,0.5859872611464968,0.6771523178807947,0.5859872611464968,942,471,471
396,322,163,61,0.8665207877461707,0.33608247422680415,0.5515320334261838,0.7276785714285714,0.6013016309864874,0.6740425531914894,0.5934182590233545,942,457,485
406,331,144,61,0.8693790149892934,0.3031578947368421,0.5508819538670285,0.7024390243902439,0.5862684548630678,0.6744186046511628,0.583864118895966,942,467,475
380,359,145,58,0.867579908675799,0.2876984126984127,0.5142083897158322,0.7142857142857143,0.5776391606871059,0.6457094307561596,0.5573248407643312,942,438,504
411,320,150,61,0.8707627118644068,0.3191489361702128,0.5622435020519836,0.7109004739336493,0.5949558240173098,0.683291770573566,0.5955414012738853,942,472,470
433,324,126,59,0.8800813008130082,0.28,0.571994715984148,0.6810810810810811,0.5800406504065041,0.6933546837469977,0.5934182590233545,942,492,450
407,330,147,58,0.875268817204301,0.3081761006289308,0.5522388059701493,0.7170731707317073,0.5917224589166159,0.6772046589018302,0.5881104033970276,942,465,477
357,375,148,62,0.8520286396181385,0.2829827915869981,0.48770491803278687,0.7047619047619048,0.5675057156025682,0.6203301476976543,0.5360934182590233,942,419,523
397,346,129,70,0.8501070663811563,0.27157894736842103,0.5343203230148048,0.6482412060301508,0.5608430068747887,0.656198347107438,0.5583864118895966,942,467,475
404,347,137,54,0.8820960698689956,0.2830578512396694,0.5379494007989347,0.7172774869109948,0.5825769605543325,0.6683209263854424,0.5743099787685775,942,458,484
420,314,148,60,0.875,0.3203463203463203,0.5722070844686649,0.7115384615384616,0.5976731601731602,0.6919275123558485,0.6029723991507431,942,480,462
421,323,147,51,0.8919491525423728,0.3127659574468085,0.5658602150537635,0.7424242424242424,0.6023575549945906,0.6924342105263158,0.6029723991507431,942,472,470
396,340,148,58,0.8722466960352423,0.30327868852459017,0.5380434782608695,0.7184466019417476,0.5877626922799162,0.6655462184873949,0.5774946921443737,942,454,488
415,350,119,58,0.8773784355179705,0.2537313432835821,0.5424836601307189,0.672316384180791,0.5655548894007763,0.6704361873990307,0.5668789808917197,942,473,469
403,321,150,68,0.8556263269639066,0.3184713375796178,0.5566298342541437,0.6880733944954128,0.5870488322717622,0.6744769874476989,0.5870488322717622,942,471,471
410,339,142,51,0.8893709327548807,0.29521829521829523,0.5473965287049399,0.7357512953367875,0.5922946139865879,0.6776859504132231,0.5859872611464968,942,461,481
390,351,147,54,0.8783783783783784,0.29518072289156627,0.5263157894736842,0.7313432835820896,0.5867795506349723,0.6582278481012658,0.5700636942675159,942,444,498
399,347,147,49,0.890625,0.2975708502024291,0.5348525469168901,0.75,0.5940979251012146,0.6683417085427136,0.5796178343949044,942,448,494
433,321,130,58,0.8818737270875764,0.28824833702882485,0.5742705570291777,0.6914893617021277,0.5850610320582006,0.6955823293172689,0.5976645435244161,942,491,451
412,312,164,54,0.8841201716738197,0.3445378151260504,0.569060773480663,0.7522935779816514,0.6143289933999351,0.6924369747899158,0.6114649681528662,942,466,476
412,331,139,60,0.8728813559322034,0.2957446808510638,0.5545087483176312,0.6984924623115578,0.5843130183916336,0.6781893004115227,0.5849256900212314,942,472,470
437,311,138,56,0.8864097363083164,0.30734966592427615,0.5842245989304813,0.711340206185567,0.5968797011162963,0.7042707493956488,0.6104033970276008,942,493,449
443,304,150,45,0.9077868852459017,0.3303964757709251,0.5930388219544847,0.7692307692307693,0.6190916805084135,0.7174089068825911,0.6295116772823779,942,488,454
396,330,156,60,0.868421052631579,0.32098765432098764,0.5454545454545454,0.7222222222222222,0.5947043534762833,0.6700507614213198,0.5859872611464968,942,456,486
398,344,144,56,0.8766519823788547,0.29508196721311475,0.5363881401617251,0.72,0.5858669747959847,0.665551839464883,0.5753715498938429,942,454,488
415,326,150,51,0.8905579399141631,0.31512605042016806,0.5600539811066126,0.746268656716418,0.6028419951671655,0.6876553438276719,0.5997876857749469,942,466,476
407,302,161,72,0.8496868475991649,0.34773218142548595,0.5740479548660085,0.6909871244635193,0.5987095145123255,0.6851851851851851,0.6029723991507431,942,479,463
385,347,152,58,0.8690744920993227,0.3046092184368738,0.5259562841530054,0.7238095238095238,0.5868418552680983,0.6553191489361702,0.5700636942675159,942,443,499
425,309,140,68,0.8620689655172413,0.311804008908686,0.5790190735694822,0.6730769230769231,0.5869364872129637,0.6927465362673186,0.5997876857749469,942,493,449
375,344,150,73,0.8370535714285714,0.30364372469635625,0.521557719054242,0.672645739910314,0.5703486480624638,0.6426735218508997,0.5573248407643312,942,448,494
393,330,163,56,0.8752783964365256,0.3306288032454361,0.5435684647302904,0.7442922374429224,0.6029535998409808,0.6706484641638225,0.5902335456475584,942,449,493
411,348,129,54,0.8838709677419355,0.27044025157232704,0.541501976284585,0.7049180327868853,0.5771556096571313,0.6715686274509804,0.5732484076433121,942,465,477
425,327,127,63,0.8709016393442623,0.27973568281938327,0.5651595744680851,0.6684210526315789,0.5753186610818228,0.685483870967742,0.5859872611464968,942,488,454
403,342,147,50,0.8896247240618101,0.3006134969325153,0.5409395973154363,0.7461928934010152,0.5951191104971627,0.672787979966611,0.583864118895966,942,453,489
380,340,167,55,0.8735632183908046,0.32938856015779094,0.5277777777777778,0.7522522522522522,0.6014758892742977,0.658008658008658,0.5806794055201698,942,435,507
413,328,140,61,0.8713080168776371,0.29914529914529914,0.5573549257759784,0.6965174129353234,0.5852266580114681,0.679835390946502,0.5870488322717622,942,474,468
386,348,141,67,0.8520971302428256,0.2883435582822086,0.5258855585831063,0.6778846153846154,0.5702203442625171,0.6503791069924179,0.559447983014862,942,453,489
396,324,159,63,0.8627450980392157,0.32919254658385094,0.55,0.7162162162162162,0.5959688223115334,0.6717557251908397,0.589171974522293,942,459,483
379,329,161,73,0.838495575221239,0.32857142857142857,0.5353107344632768,0.688034188034188,0.5835335018963338,0.653448275862069,0.5732484076433121,942,452,490
400,334,146,62,0.8658008658008658,0.30416666666666664,0.5449591280653951,0.7019230769230769,0.5849837662337662,0.6688963210702341,0.5796178343949044,942,462,480
423,316,135,68,0.8615071283095723,0.29933481152993346,0.5723951285520974,0.6650246305418719,0.5804209699197529,0.6878048780487804,0.5923566878980892,942,491,451
394,332,153,63,0.862144420131291,0.3154639175257732,0.5426997245179064,0.7083333333333334,0.5888041688285321,0.6661031276415893,0.5806794055201698,942,457,485
391,362,126,63,0.8612334801762115,0.2581967213114754,0.5192563081009296,0.6666666666666666,0.5597151007438435,0.6478873239436619,0.5488322717622081,942,454,488
416,323,142,61,0.8721174004192872,0.3053763440860215,0.5629228687415426,0.6995073891625616,0.5887468722526543,0.6842105263157894,0.5923566878980892,942,477,465
397,327,160,58,0.8725274725274725,0.32854209445585214,0.5483425414364641,0.7339449541284404,0.6005347834916623,0.6734520780322308,0.5912951167728238,942,455,487
391,326,169,56,0.8747203579418344,0.3414141414141414,0.5453277545327755,0.7511111111111111,0.608067249677988,0.6718213058419243,0.5944798301486199,942,447,495
396,338,144,64,0.8608695652173913,0.2987551867219917,0.5395095367847411,0.6923076923076923,0.5798123759696915,0.6633165829145728,0.5732484076433121,942,460,482
375,329,168,70,0.8426966292134831,0.3380281690140845,0.5326704545454546,0.7058823529411765,0.5903623991137839,0.6527415143603132,0.5764331210191083,942,445,497
393,336,153,60,0.8675496688741722,0.3128834355828221,0.5390946502057613,0.7183098591549296,0.5902165522284971,0.66497461928934,0.5796178343949044,942,453,489
428,304,145,65,0.8681541582150102,0.32293986636971045,0.5846994535519126,0.6904761904761905,0.5955470122923603,0.6987755102040817,0.60828025477707,942,493,449
376,359,154,53,0.8764568764568764,0.3001949317738791,0.5115646258503401,0.7439613526570048,0.5883259041153778,0.6460481099656358,0.5626326963906582,942,429,513
425,293,160,64,0.869120654396728,0.35320088300220753,0.5919220055710307,0.7142857142857143,0.6111607686994678,0.7042253521126761,0.6210191082802548,942,489,453
412,322,146,62,0.869198312236287,0.31196581196581197,0.5613079019073569,0.7019230769230769,0.5905820621010495,0.6821192052980132,0.5923566878980892,942,474,468
405,315,169,53,0.8842794759825328,0.34917355371900827,0.5625,0.7612612612612613,0.6167265148507706,0.6876061120543294,0.6093418259023354,942,458,484
371,355,149,67,0.8470319634703196,0.29563492063492064,0.5110192837465565,0.6898148148148148,0.5713334420526202,0.6374570446735396,0.5520169851380042,942,438,504
394,325,166,57,0.8736141906873615,0.3380855397148676,0.5479833101529903,0.7443946188340808,0.6058498652011145,0.6735042735042736,0.5944798301486199,942,451,491
400,337,147,58,0.8733624454148472,0.3037190082644628,0.5427408412483039,0.7170731707317073,0.588540726839655,0.6694560669456067,0.5806794055201698,942,458,484
385,337,158,62,0.8612975391498882,0.3191919191919192,0.5332409972299169,0.7181818181818181,0.5902447291709036,0.6586826347305389,0.5764331210191083,942,447,495
411,321,151,59,0.874468085106383,0.3199152542372881,0.5614754098360656,0.719047619047619,0.5971916696718356,0.6838602329450916,0.5966029723991507,942,470,472
373,367,142,60,0.8614318706697459,0.27897838899803534,0.504054054054054,0.7029702970297029,0.5702051298338906,0.6359761295822677,0.5467091295116773,942,433,509
357,350,173,62,0.8520286396181385,0.33078393881453155,0.504950495049505,0.7361702127659574,0.591406289216335,0.6341030195381883,0.5626326963906582,942,419,523
405,328,158,51,0.8881578947368421,0.32510288065843623,0.5525238744884038,0.7559808612440191,0.6066303876976392,0.6812447434819175,0.5976645435244161,942,456,486
394,333,152,63,0.862144420131291,0.3134020618556701,0.5419532324621733,0.7069767441860465,0.5877732409934806,0.6655405405405406,0.5796178343949044,942,457,485
412,335,142,53,0.886021505376344,0.2976939203354298,0.5515394912985274,0.7282051282051282,0.591857712855887,0.6798679867986798,0.5881104033970276,942,465,477
447,322,117,56,0.8886679920477137,0.26651480637813213,0.5812743823146944,0.6763005780346821,0.5775913992129229,0.7028301886792453,0.5987261146496815,942,503,439
409,326,142,65,0.8628691983122363,0.3034188034188034,0.5564625850340136,0.6859903381642513,0.5831440008655199,0.6765922249793217,0.5849256900212314,942,474,468
390,325,172,55,0.8764044943820225,0.3460764587525151,0.5454545454545454,0.7577092511013216,0.6112404765672688,0.6724137931034483,0.5966029723991507,942,445,497
396,334,161,51,0.8859060402684564,0.32525252525252524,0.5424657534246575,0.7594339622641509,0.6055792827604909,0.6728971962616822,0.5912951167728238,942,447,495
382,341,158,61,0.8623024830699775,0.3166332665330661,0.5283540802213001,0.7214611872146118,0.5894678748015219,0.6552315608919383,0.5732484076433121,942,443,499
415,323,145,59,0.8755274261603375,0.30982905982905984,0.5623306233062331,0.7107843137254902,0.5926782429946986,0.6848184818481847,0.5944798301486199,942,474,468
407,304,172,59,0.8733905579399142,0.36134453781512604,0.5724331926863573,0.7445887445887446,0.6173675478775201,0.6915887850467289,0.6146496815286624,942,466,476
422,291,162,67,0.8629856850715747,0.3576158940397351,0.5918653576437588,0.7074235807860262,0.6103007895556549,0.7021630615640599,0.6199575371549894,942,489,453
412,322,147,61,0.8710359408033826,0.31343283582089554,0.5613079019073569,0.7067307692307693,0.592234388312139,0.6826843413421707,0.5934182590233545,942,473,469
381,347,142,72,0.8410596026490066,0.2903885480572597,0.5233516483516484,0.6635514018691588,0.5657240753531332,0.6452159187129551,0.5552016985138004,942,453,489
390,362,131,59,0.8685968819599109,0.2657200811359026,0.5186170212765957,0.6894736842105263,0.5671584815479067,0.649458784346378,0.5530785562632696,942,449,493
410,332,142,58,0.8760683760683761,0.29957805907172996,0.5525606469002695,0.71,0.5878232175700531,0.6776859504132231,0.5859872611464968,942,468,474
391,345,150,56,0.8747203579418344,0.30303030303030304,0.53125,0.7281553398058253,0.5888753304860688,0.6610312764158919,0.5743099787685775,942,447,495
430,320,134,58,0.8811475409836066,0.29515418502202645,0.5733333333333334,0.6979166666666666,0.5881508630028165,0.6946688206785138,0.5987261146496815,942,488,454
413,323,148,58,0.8768577494692145,0.31422505307855625,0.561141304347826,0.7184466019417476,0.5955414012738853,0.684341342170671,0.5955414012738853,942,471,471
435,325,136,46,0.9043659043659044,0.2950108459869848,0.5723684210526315,0.7472527472527473,0.5996883751764446,0.701047542304593,0.6061571125265393,942,481,461
404,306,155,77,0.83991683991684,0.3362255965292842,0.5690140845070423,0.6681034482758621,0.5880712182230621,0.6784214945424014,0.5934182590233545,942,481,461
383,335,160,64,0.8568232662192393,0.32323232323232326,0.5334261838440112,0.7142857142857143,0.5900277947257813,0.6575107296137339,0.5764331210191083,942,447,495
438,317,140,47,0.9030927835051547,0.3063457330415755,0.5801324503311258,0.7486631016042781,0.604719258273365,0.7064516129032258,0.613588110403397,942,485,457
423,315,147,57,0.88125,0.3181818181818182,0.573170731707317,0.7205882352941176,0.5997159090909091,0.6945812807881773,0.6050955414012739,942,480,462
410,324,149,59,0.8742004264392325,0.3150105708245243,0.55858310626703,0.7163461538461539,0.5946054986318784,0.6816292601828763,0.5934182590233545,942,469,473
407,335,139,61,0.8696581196581197,0.29324894514767935,0.5485175202156334,0.695,0.5814535324028995,0.6727272727272726,0.5796178343949044,942,468,474
411,332,127,72,0.8509316770186336,0.2766884531590414,0.5531628532974427,0.6381909547738693,0.5638100650888375,0.6704730831973899,0.5711252653927813,942,483,459
396,345,133,68,0.853448275862069,0.27824267782426776,0.5344129554655871,0.6616915422885572,0.5658454768431683,0.6572614107883817,0.5615711252653928,942,464,478
389,356,144,53,0.8800904977375565,0.288,0.5221476510067115,0.7309644670050761,0.5840452488687783,0.6554338668913227,0.5658174097664543,942,442,500
401,319,164,58,0.8736383442265795,0.33954451345755693,0.5569444444444445,0.7387387387387387,0.6065914288420682,0.6802374893977948,0.5997876857749469,942,459,483
421,323,130,68,0.8609406952965235,0.2869757174392936,0.5658602150537635,0.6565656565656566,0.5739582063679085,0.6828872668288727,0.5849256900212314,942,489,453
416,330,138,58,0.8776371308016878,0.2948717948717949,0.5576407506702413,0.7040816326530612,0.5862544628367413,0.6819672131147542,0.5881104033970276,942,474,468
400,332,137,73,0.8456659619450317,0.2921108742004264,0.546448087431694,0.6523809523809524,0.568888418072729,0.6639004149377594,0.5700636942675159,942,473,469
406,334,153,49,0.8923076923076924,0.3141683778234086,0.5486486486486486,0.7574257425742574,0.6032380350655505,0.6794979079497908,0.5934182590233545,942,455,487
411,322,147,62,0.86892177589852,0.31343283582089554,0.5607094133697135,0.7033492822966507,0.5911773058597078,0.6815920398009949,0.5923566878980892,942,473,469
421,324,140,57,0.8807531380753139,0.3017241379310345,0.5651006711409396,0.7106598984771574,0.5912386380031742,0.6884709730171709,0.5955414012738853,942,478,464
409,317,153,63,0.8665254237288136,0.32553191489361705,0.5633608815426997,0.7083333333333334,0.5960286693112153,0.6828046744574291,0.5966029723991507,942,472,470
420,316,145,61,0.8731808731808732,0.31453362255965295,0.5706521739130435,0.7038834951456311,0.5938572478702631,0.6902218570254725,0.5997876857749469,942,481,461
422,299,166,55,0.8846960167714885,0.35698924731182796,0.5852981969486823,0.751131221719457,0.6208426320416582,0.7045075125208681,0.6242038216560509,942,477,465
395,337,156,54,0.8797327394209354,0.31643002028397565,0.5396174863387978,0.7428571428571429,0.5980813798524556,0.6689246401354784,0.5849256900212314,942,449,493
422,311,148,61,0.8737060041407867,0.3224400871459695,0.5757162346521146,0.7081339712918661,0.598073045643378,0.6940789473684211,0.6050955414012739,942,483,459
366,368,146,62,0.8551401869158879,0.2840466926070039,0.4986376021798365,0.7019230769230769,0.5695934397614459,0.6299483648881239,0.5435244161358811,942,428,514
396,321,157,68,0.853448275862069,0.3284518828451883,0.5523012552301255,0.6977777777777778,0.5909500793536286,0.6706181202370872,0.5870488322717622,942,464,478
396,335,162,49,0.8898876404494382,0.32595573440643866,0.5417236662106704,0.7677725118483413,0.6079216874279385,0.6734693877551021,0.5923566878980892,942,445,497
397,326,156,63,0.8630434782608696,0.3236514522821577,0.5491009681881052,0.7123287671232876,0.5933474652715136,0.6711749788672866,0.5870488322717622,942,460,482
398,326,160,58,0.8728070175438597,0.3292181069958848,0.5497237569060773,0.7339449541284404,0.6010125622698722,0.6745762711864406,0.5923566878980892,942,456,486
392,343,159,48,0.8909090909090909,0.31673306772908366,0.5333333333333333,0.7681159420289855,0.6038210793190872,0.6672340425531914,0.5849256900212314,942,440,502
381,352,138,71,0.8429203539823009,0.2816326530612245,0.519781718963165,0.6602870813397129,0.5622765035217627,0.6430379746835443,0.5509554140127388,942,452,490
408,339,137,58,0.8755364806866953,0.28781512605042014,0.5461847389558233,0.7025641025641025,0.5816758033685577,0.6727122835943942,0.578556263269639,942,466,476
418,293,171,60,0.8744769874476988,0.36853448275862066,0.5879043600562588,0.7402597402597403,0.6215057351031597,0.7031118587047939,0.6252653927813163,942,478,464
408,333,142,59,0.8736616702355461,0.29894736842105263,0.5506072874493927,0.7064676616915423,0.5863045193282994,0.6754966887417219,0.583864118895966,942,467,475
393,347,143,59,0.8694690265486725,0.29183673469387755,0.5310810810810811,0.7079207920792079,0.5806528806212751,0.6593959731543625,0.5690021231422505,942,452,490
423,323,149,47,0.9,0.3156779661016949,0.5670241286863271,0.7602040816326531,0.6078389830508475,0.6957236842105263,0.6072186836518046,942,470,472
409,310,158,65,0.8628691983122363,0.33760683760683763,0.56884561891516,0.7085201793721974,0.600238017959537,0.6856663872590109,0.6019108280254777,942,474,468
422,324,145,51,0.8921775898520085,0.3091684434968017,0.5656836461126006,0.7397959183673469,0.6006730166744051,0.6923707957342083,0.6019108280254777,942,473,469
413,304,164,61,0.8713080168776371,0.3504273504273504,0.5760111576011158,0.7288888888888889,0.6108676836524938,0.6935348446683458,0.6125265392781316,942,474,468
412,321,159,50,0.8917748917748918,0.33125,0.5620736698499318,0.7607655502392344,0.6115124458874459,0.6895397489539749,0.6061571125265393,942,462,480
378,341,177,46,0.8915094339622641,0.3416988416988417,0.5257301808066759,0.7937219730941704,0.6166041378305529,0.6614173228346455,0.589171974522293,942,424,518
426,328,127,61,0.8747433264887063,0.27912087912087913,0.5649867374005305,0.675531914893617,0.5769321028047927,0.6865431103948428,0.5870488322717622,942,487,455
416,327,145,54,0.8851063829787233,0.3072033898305085,0.5598923283983849,0.7286432160804021,0.5961548864046159,0.6859027205276174,0.5955414012738853,942,470,472
417,327,136,62,0.8705636743215032,0.2937365010799136,0.5604838709677419,0.6868686868686869,0.5821500877007084,0.6819296811120196,0.5870488322717622,942,479,463
414,320,152,56,0.8808510638297873,0.3220338983050847,0.5640326975476839,0.7307692307692307,0.601442481067436,0.6877076411960134,0.6008492569002123,942,470,472
405,333,153,51,0.8881578947368421,0.3148148148148148,0.5487804878048781,0.75,0.6014863547758285,0.678391959798995,0.5923566878980892,942,456,486
429,311,161,41,0.9127659574468086,0.3411016949152542,0.5797297297297297,0.7970297029702971,0.6269338261810313,0.709090909090909,0.6263269639065817,942,470,472
377,341,150,74,0.835920177383592,0.3054989816700611,0.5250696378830083,0.6696428571428571,0.5707095795268265,0.6449957228400341,0.559447983014862,942,451,491
401,336,136,69,0.8531914893617021,0.288135593220339,0.5440976933514247,0.6634146341463415,0.5706635412910206,0.6644573322286661,0.5700636942675159,942,470,472
398,332,152,60,0.868995633187773,0.3140495867768595,0.5452054794520548,0.7169811320754716,0.5915226099823162,0.67003367003367,0.583864118895966,942,458,484
396,328,149,69,0.8516129032258064,0.31236897274633124,0.5469613259668509,0.6834862385321101,0.5819909379860688,0.6661059714045416,0.578556263269639,942,465,477
409,318,153,62,0.8683651804670913,0.3248407643312102,0.562585969738652,0.7116279069767442,0.5966029723991507,0.6828046744574292,0.5966029723991507,942,471,471
398,342,142,60,0.868995633187773,0.29338842975206614,0.5378378378378378,0.7029702970297029,0.5811920314699195,0.664440734557596,0.5732484076433121,942,458,484
389,348,150,55,0.8761261261261262,0.30120481927710846,0.5278154681139756,0.7317073170731707,0.5886654727016173,0.6587637595258257,0.5721868365180467,942,444,498
436,296,145,65,0.8702594810379242,0.3287981859410431,0.5956284153005464,0.6904761904761905,0.5995288334894836,0.7072181670721817,0.6167728237791932,942,501,441
411,313,168,50,0.8915401301518439,0.3492723492723493,0.5676795580110497,0.7706422018348624,0.6204062397120966,0.6936708860759494,0.6146496815286624,942,461,481
417,330,134,61,0.8723849372384938,0.28879310344827586,0.5582329317269076,0.6871794871794872,0.5805890203433848,0.6808163265306123,0.5849256900212314,942,478,464
396,346,140,60,0.868421052631579,0.2880658436213992,0.5336927223719676,0.7,0.5782434481264891,0.66110183639399,0.5690021231422505,942,456,486
414,324,124,80,0.8380566801619433,0.2767857142857143,0.5609756097560976,0.6078431372549019,0.5574211972238288,0.6720779220779222,0.5711252653927813,942,494,448
408,324,143,67,0.8589473684210527,0.30620985010706636,0.5573770491803278,0.680952380952381,0.5825786092640595,0.676056338028169,0.5849256900212314,942,475,467
416,337,147,42,0.9082969432314411,0.3037190082644628,0.5524568393094289,0.7777777777777778,0.606007975747952,0.6870355078447564,0.5976645435244161,942,458,484
395,340,156,51,0.8856502242152466,0.31451612903225806,0.5374149659863946,0.7536231884057971,0.6000831766237523,0.6689246401354785,0.5849256900212314,942,446,496
423,321,149,49,0.8961864406779662,0.3170212765957447,0.5685483870967742,0.7525252525252525,0.6066038586368554,0.6957236842105264,0.6072186836518046,942,472,470
387,332,164,59,0.8677130044843049,0.33064516129032256,0.5382475660639777,0.7354260089686099,0.5991790828873137,0.6643776824034334,0.5849256900212314,942,446,496
407,333,140,62,0.8678038379530917,0.2959830866807611,0.55,0.693069306930693,0.5818934623169264,0.6732837055417701,0.5806794055201698,942,469,473
399,334,144,65,0.8599137931034483,0.301255230125523,0.5443383356070941,0.6889952153110048,0.5805845116144857,0.6666666666666667,0.5764331210191083,942,464,478
407,331,140,64,0.8641188959660298,0.29723991507430997,0.551490514905149,0.6862745098039216,0.5806794055201698,0.6732837055417701,0.5806794055201698,942,471,471
400,323,165,54,0.8810572687224669,0.33811475409836067,0.5532503457814661,0.7534246575342466,0.6095860114104138,0.6796941376380629,0.5997876857749469,942,454,488
417,336,136,53,0.8872340425531915,0.288135593220339,0.5537848605577689,0.7195767195767195,0.5876848178867653,0.6819296811120196,0.5870488322717622,942,470,472
385,340,162,55,0.875,0.32270916334661354,0.5310344827586206,0.7465437788018433,0.5988545816733067,0.6609442060085836,0.5806794055201698,942,440,502
397,338,150,57,0.8744493392070485,0.3073770491803279,0.5401360544217687,0.7246376811594203,0.5909131941936882,0.6677880571909167,0.5806794055201698,942,454,488
402,337,147,56,0.8777292576419214,0.3037190082644628,0.543978349120433,0.7241379310344828,0.5907241329531921,0.6716791979949874,0.5828025477707006,942,458,484
383,354,142,63,0.8587443946188341,0.2862903225806452,0.519674355495251,0.6926829268292682,0.5725173585997396,0.6475063398140322,0.5573248407643312,942,446,496
405,345,142,50,0.8901098901098901,0.2915811088295688,0.54,0.7395833333333334,0.5908454994697294,0.6721991701244814,0.5806794055201698,942,455,487
401,309,161,71,0.8495762711864406,0.3425531914893617,0.5647887323943662,0.6939655172413793,0.5960647313379012,0.6785109983079527,0.5966029723991507,942,472,470
428,319,136,59,0.8788501026694046,0.2989010989010989,0.5729585006693441,0.6974358974358974,0.5888756007852517,0.693679092382496,0.5987261146496815,942,487,455
400,307,178,57,0.87527352297593,0.3670103092783505,0.5657708628005658,0.7574468085106383,0.6211419161271402,0.6872852233676976,0.613588110403397,942,457,485
387,351,142,62,0.8619153674832962,0.2880324543610548,0.524390243902439,0.696078431372549,0.5749739109221755,0.6520640269587195,0.5615711252653928,942,449,493
416,322,148,56,0.8813559322033898,0.3148936170212766,0.5636856368563685,0.7254901960784313,0.5981247746123333,0.687603305785124,0.5987261146496815,942,472,470
415,329,145,53,0.8867521367521367,0.3059071729957806,0.5577956989247311,0.7323232323232324,0.5963296548739586,0.6848184818481848,0.5944798301486199,942,468,474
394,329,152,67,0.8546637744034707,0.316008316008316,0.5449515905947441,0.6940639269406392,0.5853360452058933,0.6655405405405405,0.5796178343949044,942,461,481
372,346,154,70,0.8416289592760181,0.308,0.5181058495821727,0.6875,0.574814479638009,0.6413793103448275,0.5583864118895966,942,442,500
405,334,138,65,0.8617021276595744,0.2923728813559322,0.5480378890392422,0.6798029556650246,0.5770375045077534,0.6699751861042184,0.5764331210191083,942,470,472
425,296,154,67,0.8638211382113821,0.3422222222222222,0.5894590846047156,0.6968325791855203,0.6030216802168021,0.7007419620774937,0.6146496815286624,942,492,450
419,302,156,65,0.8657024793388429,0.3406113537117904,0.5811373092926491,0.7058823529411765,0.6031569165253167,0.695435684647303,0.6104033970276008,942,484,458
392,336,146,68,0.8521739130434782,0.3029045643153527,0.5384615384615384,0.6822429906542056,0.5775392386794155,0.6599326599326599,0.5711252653927813,942,460,482
410,330,141,61,0.8704883227176221,0.29936305732484075,0.5540540540540541,0.698019801980198,0.5849256900212314,0.6771263418662262,0.5849256900212314,942,471,471
421,297,157,67,0.8627049180327869,0.3458149779735683,0.5863509749303621,0.7008928571428571,0.6042599480031776,0.6981757877280266,0.613588110403397,942,488,454
389,332,158,63,0.8606194690265486,0.3224489795918367,0.5395284327323162,0.7149321266968326,0.5915342243091927,0.6632566069906223,0.5806794055201698,942,452,490
405,318,157,62,0.867237687366167,0.33052631578947367,0.5601659751037344,0.7168949771689498,0.5988820015778203,0.6806722689075629,0.5966029723991507,942,467,475
408,318,154,62,0.8680851063829788,0.326271186440678,0.5619834710743802,0.7129629629629629,0.5971781464118284,0.6822742474916388,0.5966029723991507,942,470,472
412,321,150,59,0.8747346072186837,0.3184713375796178,0.5620736698499318,0.7177033492822966,0.5966029723991507,0.6843853820598007,0.5966029723991507,942,471,471
431,320,153,38,0.9189765458422174,0.32346723044397463,0.5739014647137151,0.8010471204188482,0.621221888143096,0.7065573770491803,0.6199575371549894,942,469,473
372,362,146,62,0.8571428571428571,0.2874015748031496,0.5068119891008175,0.7019230769230769,0.5722722159730034,0.636986301369863,0.5498938428874734,942,434,508
415,355,121,51,0.8905579399141631,0.2542016806722689,0.538961038961039,0.7034883720930233,0.572379810293216,0.6715210355987055,0.5690021231422505,942,466,476
436,317,138,51,0.8952772073921971,0.3032967032967033,0.5790172642762285,0.7301587301587301,0.5992869553444502,0.7032258064516129,0.6093418259023354,942,487,455
398,321,165,58,0.8728070175438597,0.3395061728395062,0.5535465924895688,0.7399103139013453,0.606156595191683,0.6774468085106383,0.5976645435244161,942,456,486
396,326,151,69,0.8516129032258064,0.3165618448637317,0.5484764542936288,0.6863636363636364,0.5840873740447691,0.6672283066554338,0.5806794055201698,942,465,477
416,297,151,78,0.8421052631578947,0.33705357142857145,0.5834502103786816,0.6593886462882096,0.589579417293233,0.6893123446561723,0.6019108280254777,942,494,448
400,338,158,46,0.8968609865470852,0.3185483870967742,0.5420054200542005,0.7745098039215687,0.6077046868219297,0.6756756756756757,0.5923566878980892,942,446,496
382,329,164,67,0.8507795100222717,0.332657200811359,0.5372714486638537,0.70995670995671,0.5917183554168154,0.6586206896551724,0.5796178343949044,942,449,493
405,332,150,55,0.8804347826086957,0.3112033195020747,0.5495251017639078,0.7317073170731707,0.5958190510553851,0.6766917293233083,0.589171974522293,942,460,482
421,314,141,66,0.864476386036961,0.3098901098901099,0.5727891156462585,0.6811594202898551,0.5871832479635355,0.6890343698854337,0.5966029723991507,942,487,455
407,334,134,67,0.8586497890295358,0.2863247863247863,0.5492577597840755,0.6666666666666666,0.5724872876771611,0.6699588477366255,0.5743099787685775,942,474,468
425,303,156,58,0.8799171842650103,0.33986928104575165,0.5837912087912088,0.7289719626168224,0.609893232655381,0.7018992568125516,0.6167728237791932,942,483,459
392,334,156,60,0.8672566371681416,0.3183673469387755,0.5399449035812672,0.7222222222222222,0.5928119920534586,0.66553480475382,0.5817409766454352,942,452,490
424,316,144,58,0.8796680497925311,0.3130434782608696,0.572972972972973,0.7128712871287128,0.5963557640267003,0.6939443535188217,0.6029723991507431,942,482,460
410,328,147,57,0.8779443254817987,0.3094736842105263,0.5555555555555556,0.7205882352941176,0.5937090048461625,0.6804979253112033,0.5912951167728238,942,467,475
383,348,147,64,0.8568232662192393,0.296969696969697,0.5239398084815321,0.6966824644549763,0.5768964815944682,0.6502546689303904,0.5626326963906582,942,447,495
390,333,161,58,0.8705357142857143,0.3259109311740891,0.5394190871369294,0.7351598173515982,0.5982233227299016,0.6660973526900086,0.5849256900212314,942,448,494
395,333,153,61,0.8662280701754386,0.3148148148148148,0.5425824175824175,0.7149532710280374,0.5905214424951267,0.6672297297297296,0.5817409766454352,942,456,486
410,312,165,55,0.8817204301075269,0.34591194968553457,0.5678670360110804,0.75,0.6138161898965308,0.6908171861836563,0.6104033970276008,942,465,477
402,337,151,52,0.8854625550660793,0.3094262295081967,0.543978349120433,0.7438423645320197,0.597444392287138,0.6739312657166806,0.5870488322717622,942,454,488
389,345,143,65,0.8568281938325991,0.2930327868852459,0.5299727520435967,0.6875,0.5749304903589225,0.6548821548821548,0.564755838641189,942,454,488
423,316,152,51,0.8924050632911392,0.3247863247863248,0.5723951285520974,0.7487684729064039,0.608595694038732,0.6974443528441878,0.6104033970276008,942,474,468
404,350,139,49,0.891832229580574,0.2842535787321063,0.5358090185676393,0.7393617021276596,0.5880429041563402,0.6694283347141674,0.5764331210191083,942,453,489
406,353,125,58,0.875,0.2615062761506276,0.5349143610013175,0.6830601092896175,0.5682531380753137,0.6639411283728537,0.5636942675159236,942,464,478
406,334,157,45,0.9002217294900222,0.319755600814664,0.5486486486486486,0.7772277227722773,0.6099886651523431,0.6817800167926111,0.5976645435244161,942,451,491
402,330,154,56,0.8777292576419214,0.3181818181818182,0.5491803278688525,0.7333333333333333,0.5979555379118698,0.6756302521008405,0.5902335456475584,942,458,484
406,324,145,67,0.8583509513742071,0.3091684434968017,0.5561643835616439,0.6839622641509434,0.5837596974355044,0.6749792186201165,0.5849256900212314,942,473,469
400,335,153,54,0.8810572687224669,0.3135245901639344,0.54421768707483,0.7391304347826086,0.5972909294432007,0.6728343145500422,0.5870488322717622,942,454,488
436,299,153,54,0.889795918367347,0.33849557522123896,0.5931972789115646,0.7391304347826086,0.614145746794293,0.7118367346938776,0.6252653927813163,942,490,452
401,341,141,59,0.8717391304347826,0.2925311203319502,0.5404312668463612,0.705,0.5821351253833664,0.6672212978369385,0.5753715498938429,942,460,482
388,340,156,58,0.8699551569506726,0.31451612903225806,0.532967032967033,0.7289719626168224,0.5922356429914654,0.6609880749574105,0.5774946921443737,942,446,496
409,312,169,52,0.8872017353579176,0.35135135135135137,0.5672676837725381,0.7647058823529411,0.6192765433546344,0.6920473773265652,0.613588110403397,942,461,481
424,327,144,47,0.9002123142250531,0.3057324840764331,0.5645805592543276,0.7539267015706806,0.6029723991507431,0.6939443535188217,0.6029723991507431,942,471,471
407,342,131,62,0.8678038379530917,0.2769556025369979,0.5433911882510013,0.6787564766839378,0.5723797202450448,0.6683087027914614,0.5711252653927813,942,469,473
393,364,129,56,0.8752783964365256,0.2616632860040568,0.5191545574636723,0.6972972972972973,0.5684708412202912,0.6517412935323382,0.554140127388535,942,449,493
397,327,148,70,0.8501070663811563,0.31157894736842107,0.5483425414364641,0.6788990825688074,0.5808430068747887,0.6666666666666666,0.578556263269639,942,467,475
414,335,135,58,0.8771186440677966,0.2872340425531915,0.5527369826435247,0.6994818652849741,0.5821763433104941,0.6781326781326781,0.5828025477707006,942,472,470
385,329,175,53,0.8789954337899544,0.3472222222222222,0.5392156862745098,0.7675438596491229,0.6131088280060883,0.6684027777777778,0.5944798301486199,942,438,504
380,342,161,59,0.8656036446469249,0.32007952286282304,0.5263157894736842,0.7318181818181818,0.592841583754874,0.6546080964685617,0.5743099787685775,942,439,503
398,340,149,55,0.8785871964679912,0.3047034764826176,0.5392953929539296,0.7303921568627451,0.5916453364753044,0.6683459277917717,0.5806794055201698,942,453,489
428,300,145,69,0.8611670020120724,0.3258426966292135,0.5879120879120879,0.677570093457944,0.593504849320643,0.6987755102040816,0.60828025477707,942,497,445
397,327,144,74,0.8428874734607219,0.3057324840764331,0.5483425414364641,0.6605504587155964,0.5743099787685775,0.6644351464435148,0.5743099787685775,942,471,471
407,322,157,56,0.8790496760259179,0.3277661795407098,0.5582990397805213,0.7370892018779343,0.6034079277833139,0.6828859060402686,0.5987261146496815,942,463,479
384,346,136,76,0.8347826086956521,0.2821576763485477,0.5260273972602739,0.6415094339622641,0.5584701425220999,0.6453781512605041,0.5520169851380042,942,460,482
394,335,157,56,0.8755555555555555,0.31910569105691056,0.5404663923182441,0.7370892018779343,0.597330623306233,0.6683630195080577,0.5849256900212314,942,450,492
372,361,147,62,0.8571428571428571,0.28937007874015747,0.5075034106412005,0.7033492822966507,0.5732564679415073,0.6375321336760925,0.5509554140127388,942,434,508
389,337,163,53,0.8800904977375565,0.326,0.5358126721763086,0.7546296296296297,0.6030452488687783,0.6660958904109588,0.5859872611464968,942,442,500
399,346,146,51,0.8866666666666667,0.2967479674796748,0.5355704697986577,0.7411167512690355,0.5917073170731708,0.6677824267782427,0.578556263269639,942,450,492
376,333,171,62,0.8584474885844748,0.3392857142857143,0.5303244005641748,0.7339055793991416,0.5988666014350945,0.6556233653007847,0.5806794055201698,942,438,504
412,327,149,54,0.8841201716738197,0.3130252100840336,0.557510148849797,0.7339901477832512,0.5985726908789266,0.683817427385892,0.5955414012738853,942,466,476
381,351,152,58,0.8678815489749431,0.30218687872763417,0.5204918032786885,0.7238095238095238,0.5850342138512886,0.6507258753202391,0.5658174097664543,942,439,503
384,331,169,58,0.8687782805429864,0.338,0.5370629370629371,0.7444933920704846,0.6033891402714933,0.6637856525496975,0.5870488322717622,942,442,500
414,299,172,57,0.8789808917197452,0.3651804670912951,0.5806451612903226,0.7510917030567685,0.6220806794055201,0.6993243243243243,0.6220806794055201,942,471,471
370,342,177,53,0.8747044917257684,0.34104046242774566,0.5196629213483146,0.7695652173913043,0.607872477076757,0.6519823788546256,0.5806794055201698,942,423,519
398,335,141,68,0.8540772532188842,0.296218487394958,0.5429740791268759,0.6746411483253588,0.575147870306921,0.6638865721434529,0.5721868365180467,942,466,476
400,331,140,71,0.8492569002123143,0.29723991507430997,0.5471956224350205,0.6635071090047393,0.5732484076433121,0.6655574043261231,0.5732484076433121,942,471,471
385,332,156,69,0.8480176211453745,0.319672131147541,0.5369595536959554,0.6933333333333334,0.5838448761464577,0.6575576430401365,0.5743099787685775,942,454,488
397,344,142,59,0.8706140350877193,0.29218106995884774,0.5357624831309041,0.7064676616915423,0.5813975525232835,0.6633249791144528,0.5721868365180467,942,456,486
383,332,156,71,0.8436123348017621,0.319672131147541,0.5356643356643357,0.6872246696035242,0.5816422329746516,0.6552609067579128,0.5721868365180467,942,454,488
411,327,144,60,0.8726114649681529,0.3057324840764331,0.556910569105691,0.7058823529411765,0.589171974522293,0.6799007444168734,0.589171974522293,942,471,471
425,309,143,65,0.8673469387755102,0.3163716814159292,0.5790190735694822,0.6875,0.5918593100957197,0.6944444444444443,0.6029723991507431,942,490,452
401,333,157,51,0.8871681415929203,0.32040816326530613,0.5463215258855586,0.7548076923076923,0.6037881524291132,0.6762225969645869,0.5923566878980892,942,452,490
412,332,141,57,0.8784648187633263,0.29809725158562367,0.553763440860215,0.7121212121212122,0.5882810351744749,0.6793075020610059,0.5870488322717622,942,469,473
387,345,164,46,0.8937644341801386,0.32220039292730845,0.5286885245901639,0.780952380952381,0.6079824135537235,0.6643776824034334,0.5849256900212314,942,433,509
430,318,135,59,0.8793456032719836,0.2980132450331126,0.5748663101604278,0.6958762886597938,0.5886794241525481,0.6952303961196443,0.5997876857749469,942,489,453
417,332,139,54,0.8853503184713376,0.2951167728237792,0.5567423230974633,0.7202072538860104,0.5902335456475584,0.6836065573770492,0.5902335456475584,942,471,471
397,333,151,61,0.8668122270742358,0.3119834710743802,0.5438356164383562,0.7122641509433962,0.5893978490743079,0.6683501683501684,0.5817409766454352,942,458,484
392,341,146,63,0.8615384615384616,0.2997946611909651,0.5347885402455662,0.6985645933014354,0.5806665613647133,0.6599326599326599,0.5711252653927813,942,455,487
417,320,139,66,0.8633540372670807,0.3028322440087146,0.5658073270013568,0.6780487804878049,0.5830931406378976,0.6836065573770492,0.5902335456475584,942,483,459
394,346,141,61,0.865934065934066,0.28952772073921973,0.5324324324324324,0.698019801980198,0.5777308933366428,0.6594142259414225,0.5679405520169851,942,455,487
421,313,156,52,0.8900634249471459,0.3326226012793177,0.5735694822888283,0.75,0.6113430131132318,0.6975973487986744,0.6125265392781316,942,473,469
390,348,146,58,0.8705357142857143,0.29554655870445345,0.5284552845528455,0.7156862745098039,0.5830411364950838,0.657672849915683,0.5690021231422505,942,448,494
397,332,145,68,0.853763440860215,0.3039832285115304,0.5445816186556928,0.6807511737089202,0.5788733346858728,0.6649916247906199,0.5753715498938429,942,465,477
408,325,153,56,0.8793103448275862,0.3200836820083682,0.5566166439290586,0.7320574162679426,0.5996970134179772,0.681704260651629,0.5955414012738853,942,464,478
393,350,136,63,0.8618421052631579,0.27983539094650206,0.5289367429340511,0.6834170854271356,0.5708387481048299,0.6555462885738115,0.5615711252653928,942,456,486
406,338,146,52,0.8864628820960698,0.30165289256198347,0.5456989247311828,0.7373737373737373,0.5940578873290266,0.6755407653910149,0.5859872611464968,942,458,484
432,309,134,67,0.8657314629258517,0.30248306997742663,0.582995951417004,0.6666666666666666,0.5841072664516391,0.6967741935483871,0.6008492569002123,942,499,443
412,329,142,59,0.8747346072186837,0.30148619957537154,0.5560053981106613,0.7064676616915423,0.5881104033970276,0.6798679867986799,0.5881104033970276,942,471,471
369,335,169,69,0.8424657534246576,0.3353174603174603,0.5241477272727273,0.7100840336134454,0.5888916068710589,0.6462346760070052,0.5711252653927813,942,438,504
430,325,133,54,0.8884297520661157,0.2903930131004367,0.5695364238410596,0.7112299465240641,0.5894113825832762,0.6941081517352704,0.5976645435244161,942,484,458
407,327,155,53,0.8847826086956522,0.3215767634854772,0.5544959128065395,0.7451923076923077,0.6031796860905647,0.6817420435510888,0.5966029723991507,942,460,482
390,313,164,75,0.8387096774193549,0.3438155136268344,0.5547652916073968,0.6861924686192469,0.5912625955230946,0.6678082191780823,0.5881104033970276,942,465,477
398,345,137,62,0.8652173913043478,0.2842323651452282,0.5356662180349933,0.6884422110552764,0.574724878224788,0.6616791354945968,0.5679405520169851,942,460,482
420,314,156,52,0.8898305084745762,0.33191489361702126,0.5722070844686649,0.75,0.6108727010457987,0.6965174129353233,0.6114649681528662,942,472,470
395,329,166,52,0.883668903803132,0.33535353535353535,0.5455801104972375,0.7614678899082569,0.6095112195783337,0.6746370623398804,0.5955414012738853,942,447,495
391,328,159,64,0.8593406593406593,0.3264887063655031,0.5438108484005564,0.7130044843049327,0.5929146828530811,0.6660988074957411,0.583864118895966,942,455,487
423,314,150,55,0.8849372384937239,0.3232758620689655,0.5739484396200815,0.7317073170731707,0.6041065502813447,0.6962962962962964,0.60828025477707,942,478,464
421,323,141,57,0.8807531380753139,0.30387931034482757,0.5658602150537635,0.7121212121212122,0.5923162242100707,0.6890343698854339,0.5966029723991507,942,478,464
383,349,150,60,0.8645598194130926,0.30060120240480964,0.523224043715847,0.7142857142857143,0.5825805109089511,0.6519148936170212,0.5658174097664543,942,443,499
385,349,148,60,0.8651685393258427,0.2977867203219316,0.5245231607629428,0.7115384615384616,0.5814776298238872,0.6530958439355385,0.5658174097664543,942,445,497
400,355,136,51,0.8869179600886918,0.2769857433808554,0.5298013245033113,0.7272727272727273,0.5819518517347736,0.6633499170812605,0.5690021231422505,942,451,491
426,309,142,65,0.8676171079429735,0.3148558758314856,0.5795918367346938,0.6859903381642513,0.5912364918872296,0.694942903752039,0.6029723991507431,942,491,451
401,343,151,47,0.8950892857142857,0.305668016194332,0.5389784946236559,0.7626262626262627,0.6003786509543089,0.6728187919463087,0.5859872611464968,942,448,494
415,329,140,58,0.8773784355179705,0.29850746268656714,0.5577956989247311,0.7070707070707071,0.5879429491022687,0.6820049301561216,0.589171974522293,942,473,469
403,313,163,63,0.8648068669527897,0.34243697478991597,0.5628491620111732,0.7212389380530974,0.6036219208713529,0.6818950930626057,0.6008492569002123,942,466,476
379,358,147,58,0.8672768878718535,0.29108910891089107,0.514246947082768,0.7170731707317073,0.5791829983913723,0.645655877342419,0.5583864118895966,942,437,505
407,339,136,60,0.8715203426124197,0.2863157894736842,0.5455764075067024,0.6938775510204082,0.578918066043052,0.6710634789777411,0.5764331210191083,942,467,475
406,316,154,66,0.8601694915254238,0.3276595744680851,0.5623268698060941,0.7,0.5939145329967545,0.680067001675042,0.5944798301486199,942,472,470
423,312,165,42,0.9096774193548387,0.34591194968553457,0.5755102040816327,0.7971014492753623,0.6277946845201866,0.705,0.6242038216560509,942,465,477
388,331,156,67,0.8527472527472527,0.3203285420944558,0.5396383866481224,0.6995515695067265,0.5865378974208543,0.6609880749574105,0.5774946921443737,942,455,487
410,314,158,60,0.8723404255319149,0.3347457627118644,0.5662983425414365,0.7247706422018348,0.6035430941218897,0.6867671691792295,0.6029723991507431,942,470,472
403,316,162,61,0.8685344827586207,0.3389121338912134,0.5605006954102921,0.726457399103139,0.603723308324917,0.6813186813186813,0.5997876857749469,942,464,478
390,334,169,49,0.8883826879271071,0.3359840954274354,0.5386740331491713,0.7752293577981652,0.6121833916772712,0.6706792777300086,0.5934182590233545,942,439,503
417,338,136,51,0.8910256410256411,0.2869198312236287,0.552317880794702,0.7272727272727273,0.5889727361246349,0.6819296811120197,0.5870488322717622,942,468,474
368,358,139,77,0.8269662921348314,0.2796780684104628,0.5068870523415978,0.6435185185185185,0.5533221802726471,0.6285226302305722,0.5382165605095541,942,445,497
382,344,156,60,0.8642533936651584,0.312,0.5261707988980716,0.7222222222222222,0.5881266968325792,0.6541095890410958,0.5711252653927813,942,442,500
380,333,151,78,0.8296943231441049,0.3119834710743802,0.5329593267882188,0.6593886462882096,0.5708388971092425,0.6490179333902647,0.5636942675159236,942,458,484
413,297,158,74,0.8480492813141683,0.34725274725274724,0.5816901408450704,0.6810344827586207,0.5976510142834578,0.6900584795321637,0.6061571125265393,942,487,455
409,325,161,47,0.8969298245614035,0.33127572016460904,0.5572207084468664,0.7740384615384616,0.6141027723630063,0.6873949579831933,0.6050955414012739,942,456,486
409,334,136,63,0.8665254237288136,0.28936170212765955,0.550471063257066,0.6834170854271356,0.5779435629282366,0.6732510288065844,0.578556263269639,942,472,470
416,330,142,54,0.8851063829787233,0.3008474576271186,0.5576407506702413,0.7244897959183674,0.5929769203029209,0.6842105263157895,0.5923566878980892,942,470,472
398,325,152,67,0.8559139784946237,0.31865828092243187,0.5504840940525588,0.6940639269406392,0.5872861297085278,0.6700336700336701,0.583864118895966,942,465,477
411,340,127,64,0.8652631578947368,0.27194860813704497,0.5472703062583223,0.6649214659685864,0.5686058830158909,0.67047308319739,0.5711252653927813,942,475,467
416,338,136,52,0.8888888888888888,0.2869198312236287,0.5517241379310345,0.723404255319149,0.5879043600562588,0.6808510638297872,0.5859872611464968,942,468,474
390,327,155,70,0.8478260869565217,0.3215767634854772,0.5439330543933054,0.6888888888888889,0.5847014252209994,0.6627017841971113,0.578556263269639,942,460,482
394,364,133,51,0.8853932584269663,0.2676056338028169,0.5197889182058048,0.7228260869565217,0.5764994461148916,0.6550290939318371,0.559447983014862,942,445,497
413,321,150,58,0.8768577494692145,0.3184713375796178,0.5626702997275205,0.7211538461538461,0.5976645435244161,0.6854771784232366,0.5976645435244161,942,471,471
410,313,151,68,0.8577405857740585,0.3254310344827586,0.5670816044260027,0.6894977168949772,0.5915858101284086,0.6827643630308077,0.5955414012738853,942,478,464
405,334,145,58,0.8747300215982722,0.302713987473904,0.5480378890392422,0.7142857142857143,0.5887220045360881,0.6738768718801996,0.583864118895966,942,463,479
427,322,134,59,0.8786008230452675,0.29385964912280704,0.5700934579439252,0.694300518134715,0.5862302360840372,0.691497975708502,0.5955414012738853,942,486,456
380,337,159,66,0.852017937219731,0.32056451612903225,0.5299860529986054,0.7066666666666667,0.5862912266743816,0.653482373172829,0.5721868365180467,942,446,496
410,346,126,60,0.8723404255319149,0.2669491525423729,0.5423280423280423,0.6774193548387096,0.5696447890371439,0.66884176182708,0.5690021231422505,942,470,472
396,346,141,59,0.8703296703296703,0.28952772073921973,0.5336927223719676,0.705,0.579928695534445,0.6616541353383458,0.5700636942675159,942,455,487
405,322,153,62,0.867237687366167,0.32210526315789473,0.5570839064649243,0.7116279069767442,0.5946714752620309,0.6783919597989949,0.5923566878980892,942,467,475
432,305,144,61,0.8762677484787018,0.3207126948775056,0.5861601085481682,0.7024390243902439,0.5984902216781037,0.7024390243902439,0.6114649681528662,942,493,449
393,337,150,62,0.8637362637362638,0.3080082135523614,0.5383561643835616,0.7075471698113207,0.5858722386443126,0.6632911392405062,0.5764331210191083,942,455,487
395,334,148,65,0.8586956521739131,0.3070539419087137,0.541838134430727,0.6948356807511737,0.5828747970413134,0.6644238856181666,0.5764331210191083,942,460,482
391,324,156,71,0.8463203463203464,0.325,0.5468531468531469,0.6872246696035242,0.5856601731601732,0.6644010195412066,0.5806794055201698,942,462,480
417,311,163,51,0.8910256410256411,0.3438818565400844,0.5728021978021978,0.7616822429906542,0.6174537487828627,0.697324414715719,0.6157112526539278,942,468,474
387,350,155,50,0.88558352402746,0.3069306930693069,0.5251017639077341,0.7560975609756098,0.5962571085483834,0.6592844974446338,0.5753715498938429,942,437,505
406,314,154,68,0.8565400843881856,0.32905982905982906,0.5638888888888889,0.6936936936936937,0.5927999567240073,0.6800670016750419,0.5944798301486199,942,474,468
397,354,132,59,0.8706140350877193,0.2716049382716049,0.5286284953395473,0.6910994764397905,0.5711094866796621,0.6578293289146644,0.5615711252653928,942,456,486
407,357,128,50,0.8905908096280087,0.2639175257731959,0.5327225130890052,0.7191011235955056,0.5772541677006023,0.6666666666666667,0.5679405520169851,942,457,485
410,336,132,64,0.8649789029535865,0.28205128205128205,0.5495978552278821,0.673469387755102,0.5735150925024343,0.6721311475409837,0.5753715498938429,942,474,468
425,299,158,60,0.8762886597938144,0.34573304157549234,0.5870165745856354,0.7247706422018348,0.6110108506846534,0.7030603804797354,0.618895966029724,942,485,457
380,346,148,68,0.8482142857142857,0.29959514170040485,0.5234159779614325,0.6851851851851852,0.5739047137073453,0.6473594548551959,0.5605095541401274,942,448,494
423,318,145,56,0.8830897703549061,0.31317494600431967,0.5708502024291497,0.7213930348258707,0.5981323581796129,0.6934426229508196,0.6029723991507431,942,479,463
411,336,141,54,0.8838709677419355,0.29559748427672955,0.5502008032128514,0.7230769230769231,0.5897342260093326,0.6782178217821782,0.5859872611464968,942,465,477
350,361,158,73,0.8274231678486997,0.3044315992292871,0.49226441631504925,0.683982683982684,0.5659273835389934,0.617283950617284,0.5392781316348195,942,423,519
396,327,166,53,0.8819599109131403,0.3367139959432049,0.5477178423236515,0.7579908675799086,0.6093369534281726,0.6757679180887372,0.5966029723991507,942,449,493
438,313,149,42,0.9125,0.3225108225108225,0.5832223701731025,0.7801047120418848,0.6175054112554113,0.7116165718927701,0.6231422505307855,942,480,462
413,354,118,57,0.8787234042553191,0.25,0.5384615384615384,0.6742857142857143,0.5643617021276596,0.6677445432497978,0.5636942675159236,942,470,472
396,328,156,62,0.8646288209606987,0.32231404958677684,0.5469613259668509,0.7155963302752294,0.5934714352737378,0.6700507614213199,0.5859872611464968,942,458,484
432,335,122,53,0.8907216494845361,0.26695842450765866,0.5632333767926988,0.6971428571428572,0.5788400369960974,0.6900958466453674,0.5881104033970276,942,485,457
380,351,150,61,0.8616780045351474,0.2994011976047904,0.5198358413132695,0.7109004739336493,0.5805396010699689,0.6484641638225256,0.5626326963906582,942,441,501
416,327,146,53,0.8869936034115139,0.3086680761099366,0.5598923283983849,0.7336683417085427,0.5978308397607253,0.6864686468646864,0.5966029723991507,942,469,473
401,329,159,53,0.8832599118942731,0.32581967213114754,0.5493150684931507,0.75,0.6045397920127104,0.6773648648648648,0.5944798301486199,942,454,488
412,322,141,67,0.860125260960334,0.3045356371490281,0.5613079019073569,0.6778846153846154,0.582330449054681,0.6793075020610058,0.5870488322717622,942,479,463
404,327,160,51,0.8879120879120879,0.32854209445585214,0.5526675786593708,0.7582938388625592,0.60822709118397,0.6812816188870152,0.5987261146496815,942,455,487
405,316,154,67,0.8580508474576272,0.3276595744680851,0.5617198335644937,0.6968325791855203,0.5928552109628561,0.6789606035205364,0.5934182590233545,942,472,470
423,328,144,47,0.9,0.3050847457627119,0.563249001331558,0.7539267015706806,0.6025423728813559,0.6928746928746928,0.6019108280254777,942,470,472
392,330,150,70,0.8484848484848485,0.3125,0.5429362880886427,0.6818181818181818,0.5804924242424243,0.6621621621621622,0.5753715498938429,942,462,480
441,306,135,60,0.8802395209580839,0.30612244897959184,0.5903614457831325,0.6923076923076923,0.5931809849688379,0.7067307692307692,0.6114649681528662,942,501,441
378,342,155,67,0.849438202247191,0.3118712273641851,0.525,0.6981981981981982,0.5806547148056881,0.6489270386266095,0.5658174097664543,942,445,497
412,321,144,65,0.8637316561844863,0.3096774193548387,0.5620736698499318,0.6889952153110048,0.5867045377696625,0.6809917355371901,0.5902335456475584,942,477,465
396,341,144,61,0.8665207877461707,0.29690721649484536,0.5373134328358209,0.7024390243902439,0.5817140021205081,0.6633165829145728,0.5732484076433121,942,457,485
396,354,147,45,0.8979591836734694,0.2934131736526946,0.528,0.765625,0.595686178663082,0.6649874055415617,0.5764331210191083,942,441,501
381,346,137,78,0.8300653594771242,0.2836438923395445,0.5240715268225584,0.6372093023255814,0.5568546259083343,0.642495784148398,0.5498938428874734,942,459,483
417,318,140,67,0.8615702479338843,0.3056768558951965,0.5673469387755102,0.6763285024154589,0.5836235519145404,0.6841673502871206,0.5912951167728238,942,484,458
431,326,136,49,0.8979166666666667,0.2943722943722944,0.5693527080581242,0.7351351351351352,0.5961444805194805,0.6968472109943411,0.6019108280254777,942,480,462
403,327,149,63,0.8648068669527897,0.3130252100840336,0.552054794520548,0.7028301886792453,0.5889160385184117,0.6739130434782609,0.5859872611464968,942,466,476
415,325,144,58,0.8773784355179705,0.3070362473347548,0.5608108108108109,0.7128712871287128,0.5922073414263627,0.6842539159109646,0.5934182590233545,942,473,469
376,354,159,53,0.8764568764568764,0.30994152046783624,0.5150684931506849,0.75,0.5931991984623564,0.6488352027610008,0.5679405520169851,942,429,513
403,330,146,63,0.8648068669527897,0.3067226890756303,0.5497953615279673,0.6985645933014354,0.58576477801421,0.6722268557130943,0.5828025477707006,942,466,476
390,333,154,65,0.8571428571428571,0.3162217659137577,0.5394190871369294,0.7031963470319634,0.5866823115283074,0.6621392190152802,0.5774946921443737,942,455,487
395,347,151,49,0.8896396396396397,0.3032128514056225,0.532345013477089,0.755,0.596426245522631,0.6661045531197303,0.5796178343949044,942,444,498
411,314,162,55,0.8819742489270386,0.3403361344537815,0.5668965517241379,0.7465437788018433,0.6111551916904101,0.690176322418136,0.60828025477707,942,466,476
393,329,160,60,0.8675496688741722,0.32719836400818,0.5443213296398892,0.7272727272727273,0.597374016441176,0.668936170212766,0.5870488322717622,942,453,489
417,322,144,59,0.8760504201680672,0.3090128755364807,0.564276048714479,0.7093596059113301,0.592531647852274,0.6864197530864197,0.5955414012738853,942,476,466
402,331,146,63,0.864516129032258,0.3060796645702306,0.548431105047749,0.6985645933014354,0.5852978968012443,0.671118530884808,0.5817409766454352,942,465,477
409,318,149,66,0.8610526315789474,0.31905781584582443,0.562585969738652,0.6930232558139535,0.590055223712386,0.680532445923461,0.5923566878980892,942,475,467
396,328,150,68,0.853448275862069,0.3138075313807531,0.5469613259668509,0.6880733944954128,0.583627903621411,0.6666666666666667,0.5796178343949044,942,464,478
389,352,147,54,0.8781038374717833,0.29458917835671344,0.524966261808367,0.7313432835820896,0.5863465079142484,0.6570945945945945,0.5690021231422505,942,443,499
419,333,138,52,0.8895966029723992,0.2929936305732484,0.5571808510638298,0.7263157894736842,0.5912951167728238,0.6852003270645952,0.5912951167728238,942,471,471
410,311,161,60,0.8723404255319149,0.3411016949152542,0.5686546463245492,0.7285067873303167,0.6067210602235846,0.6884970612930311,0.6061571125265393,942,470,472
415,327,149,51,0.8905579399141631,0.3130252100840336,0.5592991913746631,0.745,0.6017915749990983,0.6870860927152318,0.5987261146496815,942,466,476
372,349,153,68,0.8454545454545455,0.3047808764940239,0.5159500693481276,0.6923076923076923,0.5751177109742847,0.640826873385013,0.5573248407643312,942,440,502
402,318,169,53,0.8835164835164835,0.3470225872689938,0.5583333333333333,0.7612612612612613,0.6152695353927387,0.6842553191489361,0.6061571125265393,942,455,487
414,318,157,53,0.8865096359743041,0.33052631578947367,0.5655737704918032,0.7476190476190476,0.6085179758818888,0.6905754795663052,0.6061571125265393,942,467,475
399,354,130,59,0.87117903930131,0.26859504132231404,0.5298804780876494,0.6878306878306878,0.569887040311812,0.6589595375722543,0.5615711252653928,942,458,484
419,309,141,73,0.8516260162601627,0.31333333333333335,0.5755494505494505,0.6588785046728972,0.582479674796748,0.6868852459016394,0.5944798301486199,942,492,450
413,320,156,53,0.8862660944206009,0.3277310924369748,0.5634379263301501,0.7464114832535885,0.6069985934287878,0.688907422852377,0.6040339702760085,942,466,476
403,317,151,71,0.8502109704641351,0.32264957264957267,0.5597222222222222,0.6801801801801802,0.5864302715568539,0.6750418760469012,0.5881104033970276,942,474,468
406,318,161,57,0.8768898488120951,0.33611691022964507,0.5607734806629834,0.7385321100917431,0.6065033795208701,0.6840775063184499,0.6019108280254777,942,463,479
408,342,135,57,0.8774193548387097,0.2830188679245283,0.544,0.703125,0.580219111381619,0.671604938271605,0.5764331210191083,942,465,477
412,333,150,47,0.8976034858387799,0.3105590062111801,0.553020134228188,0.7614213197969543,0.60408124602498,0.6843853820598007,0.5966029723991507,942,459,483
453,311,134,44,0.9114688128772636,0.30112359550561796,0.5929319371727748,0.7528089887640449,0.6062962041914408,0.7184773988897699,0.6231422505307855,942,497,445
406,322,163,51,0.888402625820569,0.33608247422680415,0.5576923076923077,0.7616822429906542,0.6122425500236865,0.6852320675105484,0.6040339702760085,942,457,485
398,334,155,55,0.8785871964679912,0.3169734151329243,0.5437158469945356,0.7380952380952381,0.5977803058004578,0.6717299578059073,0.5870488322717622,942,453,489
419,337,123,63,0.8692946058091287,0.2673913043478261,0.5542328042328042,0.6612903225806451,0.5683429550784773,0.6768982229402262,0.5753715498938429,942,482,460
392,346,148,56,0.875,0.29959514170040485,0.5311653116531165,0.7254901960784313,0.5872975708502024,0.6610455311973019,0.5732484076433121,942,448,494
420,324,145,53,0.8879492600422833,0.3091684434968017,0.5645161290322581,0.7323232323232324,0.5985588517695425,0.6902218570254726,0.5997876857749469,942,473,469
385,340,142,75,0.8369565217391305,0.2946058091286307,0.5310344827586206,0.6543778801843319,0.5657811654338806,0.649789029535865,0.559447983014862,942,460,482
399,336,141,66,0.8580645161290322,0.29559748427672955,0.5428571428571428,0.6811594202898551,0.5768310002028809,0.6649999999999999,0.5732484076433121,942,465,477
409,317,159,57,0.8776824034334764,0.33403361344537813,0.5633608815426997,0.7361111111111112,0.6058580084394273,0.686241610738255,0.6029723991507431,942,466,476
398,316,169,59,0.8708971553610503,0.34845360824742266,0.5574229691876751,0.7412280701754386,0.6096753818042364,0.6797608881298036,0.6019108280254777,942,457,485
392,362,137,51,0.8848758465011287,0.2745490981963928,0.519893899204244,0.7287234042553191,0.5797124723487608,0.6549707602339181,0.5615711252653928,942,443,499
390,329,153,70,0.8478260869565217,0.31742738589211617,0.5424200278164116,0.6860986547085202,0.582626736424319,0.6615776081424937,0.5764331210191083,942,460,482
409,317,164,52,0.8872017353579176,0.340956340956341,0.5633608815426997,0.7592592592592593,0.6140790381571293,0.6891322662173547,0.60828025477707,942,461,481
419,304,155,64,0.8674948240165632,0.33769063180827885,0.5795297372060858,0.7077625570776256,0.602592727912421,0.6948590381426203,0.6093418259023354,942,483,459
419,343,133,47,0.8991416309012875,0.27941176470588236,0.5498687664041995,0.7388888888888889,0.5892766978035849,0.6824104234527687,0.5859872611464968,942,466,476
421,323,132,66,0.864476386036961,0.29010989010989013,0.5658602150537635,0.6666666666666666,0.5772931380734255,0.6839967506092609,0.5870488322717622,942,487,455
383,334,163,62,0.8606741573033708,0.32796780684104626,0.5341701534170153,0.7244444444444444,0.5943209820722085,0.6592082616179001,0.5796178343949044,942,445,497
411,357,119,55,0.8819742489270386,0.25,0.53515625,0.6839080459770115,0.5659871244635193,0.6661264181523501,0.5626326963906582,942,466,476
416,324,150,52,0.8888888888888888,0.31645569620253167,0.5621621621621622,0.7425742574257426,0.6026722925457102,0.6887417218543046,0.6008492569002123,942,468,474
431,321,127,63,0.8724696356275303,0.28348214285714285,0.5731382978723404,0.6684210526315789,0.5779758892423366,0.6918138041733547,0.5923566878980892,942,494,448
383,345,151,63,0.8587443946188341,0.30443548387096775,0.5260989010989011,0.705607476635514,0.5815899392449009,0.6524701873935265,0.5668789808917197,942,446,496
397,353,141,51,0.8861607142857143,0.2854251012145749,0.5293333333333333,0.734375,0.5857929077501446,0.662771285475793,0.5711252653927813,942,448,494
420,329,131,62,0.8713692946058091,0.2847826086956522,0.5607476635514018,0.6787564766839378,0.5780759516507307,0.6823720552396425,0.5849256900212314,942,482,460
393,336,149,64,0.8599562363238512,0.30721649484536084,0.5390946502057613,0.6995305164319249,0.5835863655846061,0.6627318718381113,0.5753715498938429,942,457,485
395,335,151,61,0.8662280701754386,0.31069958847736623,0.541095890410959,0.7122641509433962,0.5884638293264024,0.6661045531197303,0.5796178343949044,942,456,486
440,295,145,62,0.8764940239043825,0.32954545454545453,0.5986394557823129,0.7004830917874396,0.6030197392249185,0.7113985448666128,0.6210191082802548,942,502,440
410,308,160,64,0.8649789029535865,0.3418803418803419,0.5710306406685237,0.7142857142857143,0.6034296224169642,0.6879194630872483,0.6050955414012739,942,474,468
399,342,148,53,0.8827433628318584,0.3020408163265306,0.5384615384615384,0.736318407960199,0.5923920895791945,0.6689019279128249,0.5806794055201698,942,452,490
390,347,140,65,0.8571428571428571,0.2874743326488706,0.5291723202170964,0.6829268292682927,0.5723085948958638,0.6543624161073825,0.5626326963906582,942,455,487
372,348,156,66,0.8493150684931506,0.30952380952380953,0.5166666666666667,0.7027027027027027,0.5794194390084801,0.6424870466321243,0.5605095541401274,942,438,504
416,331,129,66,0.8630705394190872,0.28043478260869564,0.5568942436412316,0.6615384615384615,0.5717526610138914,0.676973148901546,0.578556263269639,942,482,460
417,320,154,51,0.8910256410256411,0.32489451476793246,0.5658073270013568,0.751219512195122,0.6079600778967867,0.692116182572614,0.6061571125265393,942,468,474
404,349,130,59,0.8725701943844493,0.27139874739039666,0.5365205843293492,0.6878306878306878,0.571984470887423,0.6644736842105263,0.5668789808917197,942,463,479
422,317,144,59,0.8773388773388774,0.3123644251626898,0.571041948579161,0.7093596059113301,0.5948516512507835,0.6918032786885245,0.6008492569002123,942,481,461
408,324,156,54,0.8831168831168831,0.325,0.5573770491803278,0.7428571428571429,0.6040584415584416,0.6834170854271356,0.5987261146496815,942,462,480
397,341,146,58,0.8725274725274725,0.2997946611909651,0.537940379403794,0.7156862745098039,0.5861610668592188,0.6655490360435876,0.5764331210191083,942,455,487
385,344,152,61,0.8632286995515696,0.3064516129032258,0.5281207133058985,0.7136150234741784,0.5848401562273977,0.6553191489361702,0.5700636942675159,942,446,496
422,325,125,70,0.8577235772357723,0.2777777777777778,0.5649263721552878,0.6410256410256411,0.5677506775067751,0.6811945117029863,0.5806794055201698,942,492,450
414,325,146,57,0.8789808917197452,0.3099787685774947,0.5602165087956699,0.7192118226600985,0.5944798301486199,0.684297520661157,0.5944798301486199,942,471,471
391,336,155,60,0.8669623059866962,0.31568228105906315,0.5378266850068776,0.7209302325581395,0.5913222935228797,0.6638370118845501,0.5796178343949044,942,451,491
419,318,151,54,0.8858350951374208,0.32196162046908317,0.5685210312075983,0.7365853658536585,0.603898357803252,0.6925619834710744,0.6050955414012739,942,473,469
403,322,156,61,0.8685344827586207,0.3263598326359833,0.5558620689655173,0.7188940092165899,0.597447157697302,0.6778805719091674,0.5934182590233545,942,464,478
394,348,140,60,0.8678414096916299,0.28688524590163933,0.5309973045822103,0.7,0.5773633277966346,0.6588628762541807,0.5668789808917197,942,454,488
409,322,149,62,0.8683651804670913,0.31634819532908703,0.5595075239398085,0.7061611374407583,0.5923566878980892,0.680532445923461,0.5923566878980892,942,471,471
397,338,150,57,0.8744493392070485,0.3073770491803279,0.5401360544217687,0.7246376811594203,0.5909131941936882,0.6677880571909167,0.5806794055201698,942,454,488
432,315,137,58,0.8816326530612245,0.3030973451327434,0.5783132530120482,0.7025641025641025,0.5923649990969839,0.698464025869038,0.6040339702760085,942,490,452
418,313,143,68,0.8600823045267489,0.31359649122807015,0.5718194254445964,0.6777251184834123,0.5868393978774096,0.686935086277732,0.5955414012738853,942,486,456
413,311,162,56,0.8805970149253731,0.34249471458773784,0.5704419889502762,0.7431192660550459,0.6115458647565555,0.6923721709974853,0.6104033970276008,942,469,473
389,324,169,60,0.8663697104677061,0.34279918864097364,0.5455820476858345,0.7379912663755459,0.6045844495543399,0.6695352839931153,0.5923566878980892,942,449,493
397,345,137,63,0.8630434782608696,0.2842323651452282,0.5350404312668463,0.685,0.573637921703049,0.6605657237936772,0.5668789808917197,942,460,482
409,345,133,55,0.8814655172413793,0.27824267782426776,0.5424403183023873,0.7074468085106383,0.5798540975328236,0.6715927750410509,0.5753715498938429,942,464,478
399,318,160,65,0.8599137931034483,0.33472803347280333,0.5564853556485355,0.7111111111111111,0.5973209132881259,0.6756985605419136,0.5934182590233545,942,464,478
404,317,159,62,0.8669527896995708,0.33403361344537813,0.5603328710124826,0.7194570135746606,0.6004932015724744,0.6807076663858466,0.5976645435244161,942,466,476
392,354,140,56,0.875,0.2834008097165992,0.5254691689008043,0.7142857142857143,0.5792004048582996,0.6566164154103853,0.564755838641189,942,448,494
374,347,159,62,0.8577981651376146,0.3142292490118577,0.5187239944521498,0.7194570135746606,0.5860137070747362,0.6464995678478824,0.5658174097664543,942,436,506
399,311,171,61,0.8673913043478261,0.35477178423236516,0.5619718309859155,0.7370689655172413,0.6110815442900956,0.6820512820512822,0.6050955414012739,942,460,482
429,310,149,54,0.8881987577639752,0.32461873638344224,0.5805142083897158,0.7339901477832512,0.6064087470737087,0.7021276595744681,0.613588110403397,942,483,459
396,328,150,68,0.853448275862069,0.3138075313807531,0.5469613259668509,0.6880733944954128,0.583627903621411,0.6666666666666667,0.5796178343949044,942,464,478
399,333,158,52,0.88470066518847,0.32179226069246436,0.5450819672131147,0.7523809523809524,0.6032464629404672,0.6745562130177515,0.5912951167728238,942,451,491
414,330,146,52,0.8884120171673819,0.3067226890756303,0.5564516129032258,0.7373737373737373,0.5975673531215061,0.684297520661157,0.5944798301486199,942,466,476
377,357,145,63,0.8568181818181818,0.28884462151394424,0.5136239782016349,0.6971153846153846,0.5728314016660631,0.6422487223168654,0.554140127388535,942,440,502
401,306,163,72,0.8477801268498943,0.34754797441364604,0.5671852899575672,0.6936170212765957,0.5976640506317702,0.6796610169491526,0.5987261146496815,942,473,469
387,330,153,72,0.8431372549019608,0.3167701863354037,0.5397489539748954,0.68,0.5799537206186822,0.6581632653061225,0.5732484076433121,942,459,483
393,343,157,49,0.8891402714932126,0.314,0.5339673913043478,0.7621359223300971,0.6015701357466063,0.66723259762309,0.583864118895966,942,442,500
387,359,156,40,0.9063231850117096,0.3029126213592233,0.5187667560321716,0.7959183673469388,0.6046179031854665,0.659846547314578,0.5764331210191083,942,427,515
433,306,150,53,0.8909465020576132,0.32894736842105265,0.5859269282814614,0.7389162561576355,0.609946935239333,0.7069387755102042,0.618895966029724,942,486,456
387,333,149,73,0.841304347826087,0.3091286307053942,0.5375,0.6711711711711712,0.5752164892657405,0.6559322033898305,0.5690021231422505,942,460,482
371,343,162,66,0.8489702517162472,0.3207920792079208,0.5196078431372549,0.7105263157894737,0.584881165462084,0.6446568201563857,0.5658174097664543,942,437,505
430,294,155,63,0.8722109533468559,0.34521158129175944,0.5939226519337016,0.7110091743119266,0.6087112673193077,0.7066557107641742,0.6210191082802548,942,493,449
409,345,135,53,0.8852813852813853,0.28125,0.5424403183023873,0.7180851063829787,0.5832656926406927,0.6726973684210527,0.5774946921443737,942,462,480
374,357,162,49,0.8841607565011821,0.31213872832369943,0.5116279069767442,0.7677725118483413,0.5981497424124408,0.6481802426343154,0.5690021231422505,942,423,519
439,308,139,56,0.8868686868686869,0.31096196868008946,0.5876840696117804,0.7128205128205128,0.5989153277743882,0.7069243156199678,0.613588110403397,942,495,447
418,323,153,48,0.8969957081545065,0.32142857142857145,0.5641025641025641,0.7611940298507462,0.609212139791539,0.6926263463131732,0.6061571125265393,942,466,476
399,327,153,63,0.8636363636363636,0.31875,0.5495867768595041,0.7083333333333334,0.5911931818181818,0.6717171717171717,0.5859872611464968,942,462,480
406,341,152,43,0.9042316258351893,0.30831643002028397,0.5435073627844712,0.7794871794871795,0.6062740279277367,0.6789297658862876,0.5923566878980892,942,449,493
404,310,158,70,0.8523206751054853,0.33760683760683763,0.5658263305322129,0.6929824561403509,0.5949637563561614,0.6801346801346801,0.5966029723991507,942,474,468
420,333,137,52,0.8898305084745762,0.29148936170212764,0.5577689243027888,0.7248677248677249,0.5906599350883519,0.6857142857142857,0.5912951167728238,942,472,470
394,334,157,57,0.8736141906873615,0.319755600814664,0.5412087912087912,0.7336448598130841,0.5966848957510127,0.6683630195080577,0.5849256900212314,942,451,491
388,347,148,59,0.8680089485458613,0.298989898989899,0.527891156462585,0.714975845410628,0.5834994237678801,0.6565143824027072,0.5690021231422505,942,447,495
412,314,149,67,0.860125260960334,0.32181425485961124,0.5674931129476584,0.6898148148148148,0.5909697579099726,0.6838174273858921,0.5955414012738853,942,479,463
432,317,130,63,0.8727272727272727,0.29082774049217003,0.5767690253671562,0.6735751295336787,0.5817775066097214,0.6945337620578779,0.5966029723991507,942,495,447
417,313,152,60,0.8742138364779874,0.32688172043010755,0.5712328767123288,0.7169811320754716,0.6005477784540475,0.6909693454846728,0.6040339702760085,942,477,465
429,300,157,56,0.8845360824742268,0.3435448577680525,0.588477366255144,0.7370892018779343,0.6140404701211396,0.7067545304777594,0.6220806794055201,942,485,457
391,328,164,59,0.8688888888888889,0.3333333333333333,0.5438108484005564,0.7354260089686099,0.6011111111111112,0.6689478186484175,0.589171974522293,942,450,492
433,298,145,66,0.8677354709418837,0.327313769751693,0.5923392612859097,0.6872037914691943,0.5975246203467883,0.7040650406504064,0.613588110403397,942,499,443
419,329,137,57,0.8802521008403361,0.2939914163090129,0.5601604278074866,0.7061855670103093,0.5871217585746745,0.6846405228758171,0.5902335456475584,942,476,466
399,346,137,60,0.869281045751634,0.2836438923395445,0.5355704697986577,0.6954314720812182,0.5764624690455893,0.6627906976744187,0.5690021231422505,942,459,483
408,327,152,55,0.8812095032397408,0.3173277661795407,0.5551020408163265,0.7342995169082126,0.5992686347096408,0.6811352253756261,0.5944798301486199,942,463,479
387,345,156,54,0.8775510204081632,0.31137724550898205,0.5286885245901639,0.7428571428571429,0.5944641329585727,0.6598465473145779,0.5764331210191083,942,441,501
419,322,142,59,0.8765690376569037,0.30603448275862066,0.5654520917678812,0.7064676616915423,0.5913017602077622,0.6874487284659556,0.5955414012738853,942,478,464
409,324,153,56,0.8795698924731182,0.32075471698113206,0.557980900409277,0.7320574162679426,0.6001623047271252,0.6828046744574291,0.5966029723991507,942,465,477
405,339,145,53,0.8842794759825328,0.29958677685950413,0.5443548387096774,0.7323232323232324,0.5919331264210185,0.6738768718801996,0.583864118895966,942,458,484
387,338,152,65,0.8561946902654868,0.31020408163265306,0.5337931034482759,0.7004608294930875,0.58319938594907,0.6576040781648258,0.5721868365180467,942,452,490
418,308,150,66,0.8636363636363636,0.32751091703056767,0.5757575757575758,0.6944444444444444,0.5955736403334657,0.6909090909090909,0.6029723991507431,942,484,458
387,344,147,64,0.8580931263858093,0.29938900203665986,0.5294117647058824,0.6966824644549763,0.5787410642112345,0.6548223350253808,0.5668789808917197,942,451,491
408,311,155,68,0.8571428571428571,0.33261802575107297,0.5674547983310153,0.695067264573991,0.5948804414469651,0.6828451882845189,0.5976645435244161,942,476,466
414,324,141,63,0.8679245283018868,0.3032258064516129,0.5609756097560976,0.6911764705882353,0.5855751673767499,0.6814814814814816,0.589171974522293,942,477,465
411,310,162,59,0.874468085106383,0.3432203389830508,0.5700416088765603,0.7330316742081447,0.6088442120447168,0.690176322418136,0.60828025477707,942,470,472
394,327,143,78,0.8347457627118644,0.30425531914893617,0.5464632454923717,0.6470588235294118,0.5695005409304003,0.6605196982397318,0.5700636942675159,942,472,470
390,336,149,67,0.8533916849015317,0.30721649484536084,0.5371900826446281,0.6898148148148148,0.5803040898734463,0.6593406593406593,0.5721868365180467,942,457,485
401,341,150,50,0.8891352549889135,0.3054989816700611,0.5404312668463612,0.75,0.5973171183294873,0.672254819782062,0.5849256900212314,942,451,491
416,314,149,63,0.8684759916492694,0.32181425485961124,0.5698630136986301,0.7028301886792453,0.5951451232544402,0.6881720430107526,0.5997876857749469,942,479,463
395,314,167,66,0.8568329718004338,0.3471933471933472,0.5571227080394923,0.7167381974248928,0.6020131594968905,0.6752136752136751,0.5966029723991507,942,461,481
421,311,146,64,0.8680412371134021,0.31947483588621445,0.575136612021858,0.6952380952380952,0.5937580364998083,0.6918652423993427,0.6019108280254777,942,485,457
383,336,166,57,0.8704545454545455,0.33067729083665337,0.5326842837273992,0.7443946188340808,0.6005659181455995,0.6609145815358067,0.5828025477707006,942,440,502
386,320,174,62,0.8616071428571429,0.3522267206477733,0.546742209631728,0.7372881355932204,0.6069169317524581,0.6689774696707107,0.5944798301486199,942,448,494
412,348,138,44,0.9035087719298246,0.2839506172839506,0.5421052631578948,0.7582417582417582,0.5937296946068876,0.6776315789473685,0.583864118895966,942,456,486
442,306,138,56,0.8875502008032129,0.3108108108108108,0.5909090909090909,0.711340206185567,0.5991805058070119,0.709470304975923,0.6157112526539278,942,498,444
417,310,156,59,0.8760504201680672,0.33476394849785407,0.5735900962861072,0.7255813953488373,0.6054071843329607,0.6932668329177056,0.60828025477707,942,476,466
431,314,137,60,0.8778004073319755,0.30376940133037694,0.5785234899328859,0.6954314720812182,0.5907849043311763,0.697411003236246,0.6029723991507431,942,491,451
428,338,128,48,0.8991596638655462,0.27467811158798283,0.5587467362924282,0.7272727272727273,0.5869188877267646,0.6892109500805152,0.5902335456475584,942,476,466
428,314,142,58,0.8806584362139918,0.31140350877192985,0.5768194070080862,0.71,0.5960309724929608,0.6970684039087949,0.6050955414012739,942,486,456
418,316,153,55,0.8837209302325582,0.326226012793177,0.5694822888283378,0.7355769230769231,0.6049734715128676,0.6926263463131731,0.6061571125265393,942,473,469
377,350,164,51,0.8808411214953271,0.31906614785992216,0.5185694635488308,0.7627906976744186,0.5999536346776246,0.6528138528138527,0.5743099787685775,942,428,514
411,325,142,64,0.8652631578947368,0.30406852248394006,0.5584239130434783,0.6893203883495146,0.5846658401893384,0.6787778695293146,0.5870488322717622,942,475,467
400,333,147,62,0.8658008658008658,0.30625,0.5457025920873124,0.7033492822966507,0.5860254329004329,0.6694560669456067,0.5806794055201698,942,462,480
417,306,146,73,0.8510204081632653,0.3230088495575221,0.5767634854771784,0.6666666666666666,0.5870146288603937,0.6875515251442703,0.5976645435244161,942,490,452
391,322,160,69,0.85,0.33195020746887965,0.5483870967741935,0.6986899563318777,0.5909751037344398,0.6666666666666665,0.5849256900212314,942,460,482
398,322,156,66,0.8577586206896551,0.3263598326359833,0.5527777777777778,0.7027027027027027,0.5920592266628192,0.6722972972972974,0.5881104033970276,942,464,478
427,324,139,52,0.8914405010438413,0.3002159827213823,0.5685752330226365,0.7277486910994765,0.5958282418826117,0.694308943089431,0.6008492569002123,942,479,463
420,306,146,70,0.8571428571428571,0.3230088495575221,0.5785123966942148,0.6759259259259259,0.5900758533501896,0.6907894736842105,0.6008492569002123,942,490,452
406,351,128,57,0.8768898488120951,0.267223382045929,0.5363276089828269,0.6918918918918919,0.5720566154290121,0.6655737704918033,0.5668789808917197,942,463,479
387,341,159,55,0.8755656108597285,0.318,0.5315934065934066,0.7429906542056075,0.5967828054298643,0.6615384615384615,0.5796178343949044,942,442,500
400,327,164,51,0.8869179600886918,0.3340122199592668,0.5502063273727648,0.7627906976744186,0.6104650900239793,0.6791171477079796,0.5987261146496815,942,451,491
397,333,151,61,0.8668122270742358,0.3119834710743802,0.5438356164383562,0.7122641509433962,0.5893978490743079,0.6683501683501684,0.5817409766454352,942,458,484
384,342,155,61,0.8629213483146068,0.3118712273641851,0.5289256198347108,0.7175925925925926,0.5873962878393959,0.6558497011101623,0.5721868365180467,942,445,497
420,325,147,50,0.8936170212765957,0.3114406779661017,0.5637583892617449,0.7461928934010152,0.6025288496213487,0.691358024691358,0.6019108280254777,942,470,472
406,330,138,68,0.8565400843881856,0.2948717948717949,0.5516304347826086,0.6699029126213593,0.5757059396299903,0.6710743801652892,0.5774946921443737,942,474,468
409,313,167,53,0.8852813852813853,0.34791666666666665,0.5664819944598338,0.759090909090909,0.6165990259740259,0.6908783783783784,0.6114649681528662,942,462,480
389,341,157,55,0.8761261261261262,0.3152610441767068,0.5328767123287671,0.7405660377358491,0.5956935851514165,0.6626916524701874,0.5796178343949044,942,444,498
403,355,131,53,0.8837719298245614,0.26954732510288065,0.5316622691292876,0.7119565217391305,0.576659627463721,0.6639209225700164,0.5668789808917197,942,456,486
392,342,148,60,0.8672566371681416,0.3020408163265306,0.5340599455040872,0.7115384615384616,0.5846487267473361,0.6610455311973019,0.5732484076433121,942,452,490
396,339,143,64,0.8608695652173913,0.2966804979253112,0.5387755102040817,0.6908212560386473,0.5787750315713512,0.6627615062761506,0.5721868365180467,942,460,482
397,321,152,72,0.8464818763326226,0.321353065539112,0.552924791086351,0.6785714285714286,0.5839174709358673,0.6689132266217355,0.5828025477707006,942,469,473
404,329,141,68,0.8559322033898306,0.3,0.5511596180081856,0.6746411483253588,0.5779661016949152,0.670539419087137,0.578556263269639,942,472,470
386,342,151,63,0.8596881959910914,0.30628803245436104,0.5302197802197802,0.705607476635514,0.5829881142227262,0.6559048428207306,0.5700636942675159,942,449,493
405,341,140,56,0.8785249457700651,0.2910602910602911,0.5428954423592494,0.7142857142857143,0.5847926184151782,0.6710853355426679,0.578556263269639,942,461,481
389,328,155,70,0.8474945533769063,0.32091097308488614,0.5425383542538355,0.6888888888888889,0.5842027632308961,0.66156462585034,0.5774946921443737,942,459,483
423,306,153,60,0.8757763975155279,0.3333333333333333,0.5802469135802469,0.7183098591549296,0.6045548654244306,0.698019801980198,0.6114649681528662,942,483,459
411,322,154,55,0.8819742489270386,0.3235294117647059,0.5607094133697135,0.7368421052631579,0.6027518303458722,0.6855713094245204,0.5997876857749469,942,466,476
403,350,131,58,0.8741865509761388,0.27234927234927236,0.5351925630810093,0.6931216931216931,0.5732679116627056,0.6639209225700164,0.5668789808917197,942,461,481
383,342,158,59,0.8665158371040724,0.316,0.5282758620689655,0.728110599078341,0.5912579185520362,0.6563838903170522,0.5743099787685775,942,442,500
391,344,136,71,0.8463203463203464,0.2833333333333333,0.5319727891156463,0.6570048309178744,0.5648268398268399,0.6532999164578112,0.559447983014862,942,462,480
425,328,147,42,0.9100642398286938,0.3094736842105263,0.5644090305444888,0.7777777777777778,0.6097689620196101,0.6967213114754098,0.6072186836518046,942,467,475
396,330,155,61,0.8665207877461707,0.31958762886597936,0.5454545454545454,0.7175925925925926,0.593054208306075,0.6694843617920541,0.5849256900212314,942,457,485
396,328,155,63,0.8627450980392157,0.32091097308488614,0.5469613259668509,0.7110091743119266,0.5918280355620509,0.6694843617920542,0.5849256900212314,942,459,483
390,342,156,54,0.8783783783783784,0.3132530120481928,0.5327868852459017,0.7428571428571429,0.5958156952132856,0.6632653061224489,0.5796178343949044,942,444,498
409,344,126,63,0.8665254237288136,0.2680851063829787,0.5431606905710491,0.6666666666666666,0.5673052650558962,0.6677551020408163,0.5679405520169851,942,472,470
415,320,146,61,0.8718487394957983,0.3133047210300429,0.564625850340136,0.7053140096618358,0.5925767302629206,0.685383980181668,0.5955414012738853,942,476,466
412,301,173,56,0.8803418803418803,0.3649789029535865,0.5778401122019635,0.7554585152838428,0.6226603916477333,0.6977138018628282,0.6210191082802548,942,468,474
418,340,137,47,0.8989247311827957,0.28721174004192873,0.5514511873350924,0.7445652173913043,0.5930682356123622,0.6835650040883074,0.589171974522293,942,465,477
397,325,161,59,0.8706140350877193,0.33127572016460904,0.5498614958448753,0.7318181818181818,0.6009448776261641,0.6740237691001698,0.5923566878980892,942,456,486
408,342,136,56,0.8793103448275862,0.28451882845188287,0.544,0.7083333333333334,0.5819145866397345,0.6721581548599671,0.5774946921443737,942,464,478
389,364,140,49,0.8881278538812786,0.2777777777777778,0.5166002656042497,0.7407407407407407,0.5829528158295282,0.6532325776658271,0.5615711252653928,942,438,504
433,312,139,58,0.8818737270875764,0.3082039911308204,0.5812080536912752,0.7055837563451777,0.5950388591091984,0.7006472491909385,0.6072186836518046,942,491,451
396,336,143,67,0.8552915766738661,0.2985386221294363,0.5409836065573771,0.680952380952381,0.5769150994016512,0.6627615062761507,0.5721868365180467,942,463,479
418,301,164,59,0.8763102725366876,0.35268817204301073,0.5813630041724618,0.7354260089686099,0.6144992222898491,0.6989966555183946,0.6178343949044586,942,477,465
412,328,144,58,0.8765957446808511,0.3050847457627119,0.5567567567567567,0.7128712871287128,0.5908402452217815,0.6809917355371901,0.5902335456475584,942,470,472
387,328,157,70,0.8468271334792122,0.3237113402061856,0.5412587412587413,0.6916299559471366,0.5852692368426989,0.6604095563139932,0.5774946921443737,942,457,485
421,314,153,54,0.8863157894736842,0.32762312633832974,0.5727891156462585,0.7391304347826086,0.606969457906007,0.6958677685950413,0.6093418259023354,942,475,467
406,337,140,59,0.8731182795698925,0.29350104821802936,0.5464333781965006,0.7035175879396985,0.583309663893961,0.6721854304635762,0.5796178343949044,942,465,477
395,336,145,66,0.8568329718004338,0.30145530145530147,0.5403556771545828,0.6872037914691943,0.5791441366278677,0.662751677852349,0.5732484076433121,942,461,481
383,375,130,54,0.8764302059496567,0.25742574257425743,0.5052770448548812,0.7065217391304348,0.5669279742619571,0.6410041841004183,0.5445859872611465,942,437,505
393,326,164,59,0.8694690265486725,0.3346938775510204,0.5465924895688457,0.7354260089686099,0.6020814520498465,0.6712211784799317,0.5912951167728238,942,452,490
414,327,131,70,0.8553719008264463,0.28602620087336245,0.5587044534412956,0.6517412935323383,0.5706990508499044,0.6759183673469389,0.578556263269639,942,484,458
436,327,132,47,0.9026915113871635,0.2875816993464052,0.5714285714285714,0.7374301675977654,0.5951366053667844,0.6998394863563403,0.6029723991507431,942,483,459
386,319,168,69,0.8483516483516483,0.34496919917864477,0.5475177304964539,0.7088607594936709,0.5966604237651465,0.6655172413793103,0.5881104033970276,942,455,487
382,325,171,64,0.8565022421524664,0.34475806451612906,0.5403111739745403,0.7276595744680852,0.6006301533342977,0.6626192541196878,0.5870488322717622,942,446,496
437,296,139,70,0.8619329388560157,0.3195402298850575,0.5961800818553888,0.6650717703349283,0.5907365843705366,0.7048387096774194,0.6114649681528662,942,507,435
412,331,141,58,0.8765957446808511,0.298728813559322,0.5545087483176312,0.7085427135678392,0.5876622791200865,0.6793075020610057,0.5870488322717622,942,470,472
396,332,157,57,0.8741721854304636,0.3210633946830266,0.5439560439560439,0.7336448598130841,0.5976177900567451,0.6706181202370872,0.5870488322717622,942,453,489
414,328,150,50,0.8922413793103449,0.3138075313807531,0.5579514824797843,0.75,0.603024455345549,0.6865671641791045,0.5987261146496815,942,464,478
410,309,164,59,0.8742004264392325,0.346723044397463,0.5702364394993046,0.7354260089686099,0.6104617354183477,0.6902356902356903,0.6093418259023354,942,469,473
417,324,149,52,0.8891257995735607,0.3150105708245243,0.562753036437247,0.7412935323383084,0.6020681851990426,0.6892561983471074,0.6008492569002123,942,469,473
424,330,133,55,0.8851774530271399,0.28725701943844495,0.5623342175066313,0.7074468085106383,0.5862172362327924,0.6877534468775345,0.5912951167728238,942,479,463
408,335,145,54,0.8831168831168831,0.3020833333333333,0.5491251682368775,0.7286432160804021,0.5926001082251082,0.6771784232365146,0.5870488322717622,942,462,480
417,315,148,62,0.8705636743215032,0.31965442764578833,0.569672131147541,0.7047619047619048,0.5951090509836457,0.6886870355078447,0.5997876857749469,942,479,463
371,357,157,57,0.866822429906542,0.30544747081712065,0.5096153846153846,0.7336448598130841,0.5861349503618314,0.6418685121107267,0.5605095541401274,942,428,514
395,363,130,54,0.8797327394209354,0.26369168356997974,0.521108179419525,0.7065217391304348,0.5717122114954576,0.6545153272576636,0.5573248407643312,942,449,493
381,346,152,63,0.8581081081081081,0.30522088353413657,0.5240715268225584,0.7069767441860465,0.5816644958211223,0.6507258753202391,0.5658174097664543,942,444,498
392,337,153,60,0.8672566371681416,0.3122448979591837,0.5377229080932785,0.7183098591549296,0.5897507675636626,0.6638441998306521,0.578556263269639,942,452,490
408,327,154,53,0.8850325379609545,0.3201663201663202,0.5551020408163265,0.7439613526570048,0.6025994290636374,0.6822742474916388,0.5966029723991507,942,461,481
406,320,153,63,0.8656716417910447,0.32346723044397463,0.559228650137741,0.7083333333333334,0.5945694361175097,0.6794979079497908,0.5934182590233545,942,469,473
393,344,154,51,0.8851351351351351,0.3092369477911647,0.5332428765264586,0.751219512195122,0.5971860414631499,0.6655376799322609,0.5806794055201698,942,444,498
