u1,a1,d1,u2,a2,d2,threshold,accuracy,balanced_accuracy,recall_sensitivity,specificity,precision_ppv,npv,f1_positive,screening_score,TP,FP,TN,FN,n_seeds_ensemble
64,tanh,0.3,8,relu,0.1,0.35,0.5042462845010616,0.655590034707924,0.898876404494382,0.412303664921466,0.2627257799671593,0.9459459459459459,0.40660736975857686,0.7866040680843681,160,449,315,18,3
64,relu,0.3,8,relu,0.1,0.35,0.505307855626327,0.6540899464674392,0.8932584269662921,0.41492146596858637,0.2623762376237624,0.9434523809523809,0.40561224489795916,0.7823365119322686,159,447,317,19,3
32,tanh,0.3,16,tanh,0.0,0.4,0.5010615711252654,0.6514721454203188,0.8932584269662921,0.4096858638743455,0.260655737704918,0.9427710843373494,0.4035532994923858,0.78164090173096,159,451,313,19,3
64,tanh,0.3,8,relu,0.0,0.35,0.5265392781316348,0.6650244132007765,0.8876404494382022,0.4424083769633508,0.2705479452054795,0.9441340782122905,0.4146981627296588,0.7814079917674447,158,426,338,20,3
64,relu,0.3,16,tanh,0.0,0.35,0.5138004246284501,0.6571710100594153,0.8876404494382022,0.42670157068062825,0.2651006711409396,0.9421965317919075,0.4082687338501292,0.7792925837327185,158,438,326,20,3
32,tanh,0.2,16,relu,0.0,0.35,0.5095541401273885,0.6545532090122947,0.8876404494382022,0.4214659685863874,0.2633333333333333,0.9415204678362573,0.40616966580976865,0.7785922897425337,158,442,322,20,3
32,relu,0.2,16,tanh,0.0,0.35,0.524416135881104,0.6615609741749515,0.8820224719101124,0.4410994764397906,0.2688356164383562,0.9413407821229051,0.4120734908136483,0.7766114868159046,157,427,337,21,3
32,relu,0.3,16,tanh,0.0,0.35,0.5063694267515924,0.6504353197246897,0.8820224719101124,0.418848167539267,0.2612312811980033,0.9384164222873901,0.4030808729139923,0.7736259224018169,157,444,320,21,3
32,relu,0.2,16,relu,0.0,0.35,0.5222929936305732,0.6580975351491265,0.8764044943820225,0.4397905759162304,0.2671232876712329,0.9385474860335196,0.4094488188976378,0.7718149818643643,156,428,336,22,3
64,relu,0.2,8,tanh,0.0,0.35,0.49363057324840764,0.6425819165833284,0.8820224719101124,0.4031413612565445,0.2561174551386623,0.9361702127659575,0.3969658659924147,0.7715438591676106,157,456,308,21,3
64,relu,0.3,16,relu,0.0,0.35,0.5169851380042463,0.654825283840226,0.8764044943820225,0.43324607329842935,0.26485568760611206,0.9376770538243626,0.4067796610169492,0.7709337715960721,156,433,331,22,3
64,relu,0.2,8,tanh,0.1,0.35,0.5084925690021231,0.6495896817459851,0.8764044943820225,0.42277486910994766,0.2613065326633166,0.936231884057971,0.40258064516129033,0.7695317356829444,156,441,323,22,3
32,relu,0.2,16,tanh,0.1,0.35,0.5042462845010616,0.6469718806988647,0.8764044943820225,0.4175392670157068,0.259567387687188,0.9354838709677419,0.40051347881899874,0.7688342609759075,156,445,319,22,3
32,relu,0.2,8,tanh,0.0,0.35,0.5031847133757962,0.6463174304370846,0.8764044943820225,0.4162303664921466,0.2591362126245847,0.9352941176470588,0.4,0.768660253417291,156,446,318,22,3
64,relu,0.2,16,tanh,0.0,0.35,0.5222929936305732,0.6559429966468616,0.8707865168539326,0.4410994764397906,0.2663230240549828,0.9361111111111111,0.40789473684210525,0.7673714635326234,155,427,337,23,3
64,relu,0.2,16,relu,0.1,0.35,0.5318471337579618,0.6596785105006177,0.8651685393258427,0.45418848167539266,0.26970227670753066,0.9353099730458221,0.411214953271028,0.7645239072989665,154,417,347,24,3
32,tanh,0.3,8,relu,0.1,0.4,0.5042462845010616,0.6448173421965998,0.8707865168539326,0.418848167539267,0.2587646076794658,0.9329446064139941,0.398970398970399,0.7643904910050193,155,444,320,23,3
64,relu,0.2,16,tanh,0.1,0.35,0.5,0.6421995411494794,0.8707865168539326,0.41361256544502617,0.2570480928689884,0.9321533923303835,0.3969270166453265,0.7636952793145476,155,448,316,23,3
64,relu,0.3,8,tanh,0.1,0.35,0.5201698513800425,0.6524795576210365,0.8651685393258427,0.4397905759162304,0.2646048109965636,0.9333333333333333,0.4052631578947368,0.7625743701519535,154,428,336,24,3
32,tanh,0.2,8,tanh,0.0,0.4,0.5169851380042463,0.6505162068356962,0.8651685393258427,0.43586387434554974,0.26324786324786326,0.9327731092436975,0.4036697247706422,0.7620460052200154,154,431,333,24,3
64,tanh,0.3,16,tanh,0.0,0.4,0.5382165605095541,0.6614506735690335,0.8595505617977528,0.46335078534031415,0.27175843694493784,0.9340369393139841,0.41295546558704455,0.7611513716667274,153,410,354,25,3
64,relu,0.2,8,relu,0.0,0.35,0.5329087048832272,0.658178422260133,0.8595505617977528,0.4568062827225131,0.26936619718309857,0.9331550802139037,0.4101876675603217,0.7602576974287634,153,415,349,25,3
64,tanh,0.3,16,tanh,0.1,0.4,0.5636942675159236,0.6728484028472264,0.848314606741573,0.4973821989528796,0.2822429906542056,0.9336609336609336,0.423562412342216,0.7566142043539669,151,384,380,27,3
32,relu,0.3,16,relu,0.0,0.4,0.5084925690021231,0.6431260662391906,0.8595505617977528,0.42670157068062825,0.25888324873096447,0.9287749287749287,0.39791937581274384,0.7561989313793616,153,438,326,25,3
64,relu,0.3,8,relu,0.0,0.35,0.5318471337579618,0.655369433496088,0.8539325842696629,0.4568062827225131,0.26807760141093473,0.9306666666666666,0.4080536912751678,0.7556344558290751,152,415,349,26,3
32,tanh,0.2,8,relu,0.0,0.45,0.5743099787685775,0.6772383669627625,0.8426966292134831,0.5117801047120419,0.28680688336520077,0.9331742243436754,0.42796005706134094,0.7540160021785106,150,373,391,28,3
64,relu,0.2,16,relu,0.0,0.35,0.5456475583864119,0.6617227483969645,0.848314606741573,0.47513089005235604,0.27355072463768115,0.9307692307692308,0.4136986301369863,0.753519846862262,151,401,363,27,3
32,tanh,0.3,8,tanh,0.0,0.4,0.4872611464968153,0.6300370610035885,0.8595505617977528,0.4005235602094241,0.25040916530278234,0.9244712990936556,0.38783269961977185,0.752733721989423,153,458,306,25,3
32,tanh,0.2,8,relu,0.1,0.4,0.5562632696390658,0.6661127125125007,0.8426966292134831,0.4895287958115183,0.2777777777777778,0.9303482587064676,0.4178272980501393,0.750887960729716,150,390,374,28,3
64,relu,0.2,8,relu,0.1,0.35,0.5191082802547771,0.6432069533501971,0.8426966292134831,0.443717277486911,0.2608695652173913,0.9237057220708447,0.398406374501992,0.7446159876412166,150,425,339,28,3
32,relu,0.3,8,tanh,0.0,0.4,0.5753715498938429,0.6714292017177481,0.8258426966292135,0.5170157068062827,0.28488372093023256,0.9272300469483568,0.42363112391930835,0.7408641000770223,147,369,395,31,3
32,tanh,0.2,16,relu,0.1,0.4,0.5859872611464968,0.6758191658332844,0.8202247191011236,0.5314136125654451,0.2896825396825397,0.9269406392694064,0.4281524926686217,0.7382893905056974,146,358,406,32,3
64,tanh,0.3,16,relu,0.0,0.4,0.5690021231422505,0.6631934231425378,0.8146067415730337,0.5117801047120419,0.2799227799227799,0.9221698113207547,0.4166666666666667,0.7308556817219092,145,373,391,33,3
32,relu,0.2,8,tanh,0.1,0.4,0.6178343949044586,0.688989058179893,0.8033707865168539,0.574607329842932,0.3055555555555556,0.9261603375527426,0.44272445820433437,0.7307129177533318,143,325,439,35,3
64,tanh,0.2,16,relu,0.0,0.4,0.5753715498938429,0.6628110477086887,0.8033707865168539,0.5222513089005235,0.281496062992126,0.9193548387096774,0.41690962099125367,0.7230713664027479,143,365,399,35,3
32,relu,0.2,8,relu,0.0,0.4,0.5668789808917197,0.6575754456144479,0.8033707865168539,0.5117801047120419,0.2771317829457364,0.9178403755868545,0.41210374639769454,0.7215878179792609,143,373,391,35,3
64,tanh,0.2,8,tanh,0.0,0.4,0.5902335456475584,0.6698188128713454,0.797752808988764,0.5418848167539267,0.2886178861788618,0.92,0.42388059701492536,0.72125251748429,142,350,414,36,3
64,tanh,0.2,8,relu,0.1,0.45,0.5456475583864119,0.6444864403788458,0.8033707865168539,0.4856020942408377,0.2667910447761194,0.9137931034482759,0.4005602240896359,0.7179359431151787,143,393,371,35,3
32,relu,0.2,16,relu,0.1,0.4,0.5615711252653928,0.6521486558032825,0.797752808988764,0.506544502617801,0.27360308285163776,0.9148936170212766,0.40746054519368724,0.716217005737955,142,377,387,36,3
32,tanh,0.2,16,tanh,0.1,0.45,0.60828025477707,0.6744808518148127,0.7808988764044944,0.5680628272251309,0.29637526652452023,0.9175475687103594,0.42967542503863987,0.7111629104985606,139,330,434,39,3
64,tanh,0.2,8,tanh,0.1,0.4,0.6050955414012739,0.6703629625272075,0.7752808988764045,0.5654450261780105,0.2936170212765957,0.9152542372881356,0.42592592592592593,0.7061309238465843,138,332,432,40,3
32,tanh,0.2,16,tanh,0.0,0.4,0.6114649681528662,0.6721351255956233,0.7696629213483146,0.574607329842932,0.29653679653679654,0.9145833333333333,0.428125,0.7028447497166244,137,325,439,41,3
64,tanh,0.2,16,tanh,0.1,0.4,0.6295116772823779,0.6789517030413554,0.7584269662921348,0.599476439790576,0.30612244897959184,0.9141716566866267,0.43618739903069464,0.6973014619107246,135,306,458,43,3
64,tanh,0.3,8,tanh,0.0,0.4,0.618895966029724,0.6702526619212894,0.7528089887640449,0.587696335078534,0.2984409799554566,0.9107505070993914,0.4274322169059011,0.6908609225146349,134,315,449,44,3
32,tanh,0.3,16,relu,0.0,0.4,0.6422505307855626,0.682496029178187,0.7471910112359551,0.6178010471204188,0.3129411764705882,0.9129593810444874,0.44112769485903813,0.6908270313478647,133,292,472,45,3
32,relu,0.2,8,relu,0.1,0.45,0.6093418259023354,0.6643626095652686,0.7528089887640449,0.5759162303664922,0.2925764192139738,0.9090909090909091,0.42138364779874216,0.6890964559692825,134,324,440,44,3
64,tanh,0.3,16,relu,0.1,0.4,0.6602972399150743,0.689312606623919,0.7359550561797753,0.6426701570680629,0.32425742574257427,0.912639405204461,0.45017182130584193,0.685456803224884,131,273,491,47,3
32,tanh,0.3,16,relu,0.1,0.4,0.6252653927813163,0.6698702864874404,0.7415730337078652,0.5981675392670157,0.30068337129840544,0.9085487077534792,0.42787682333873583,0.6831435180228344,132,307,457,46,3
64,tanh,0.3,8,tanh,0.1,0.4,0.6411889596602972,0.6775325019118772,0.7359550561797753,0.6191099476439791,0.3104265402843602,0.9096153846153846,0.43666666666666665,0.6817176937366541,131,291,473,47,3
64,relu,0.3,16,relu,0.0,0.4,0.6815286624203821,0.6980925348549915,0.7247191011235955,0.6714659685863874,0.3394736842105263,0.9128113879003559,0.46236559139784944,0.6808692461785677,129,251,513,49,3
32,relu,0.2,8,tanh,0.0,0.4,0.673036093418259,0.6928569327607506,0.7247191011235955,0.6609947643979057,0.3324742268041237,0.9115523465703971,0.4558303886925795,0.6791221800190793,129,259,505,49,3
64,relu,0.3,8,tanh,0.0,0.4,0.6709129511677282,0.6915480322371904,0.7247191011235955,0.6583769633507853,0.33076923076923076,0.9112318840579711,0.45422535211267606,0.678689900310878,129,261,503,49,3
32,relu,0.2,16,tanh,0.1,0.4,0.6815286624203821,0.6959379963527266,0.7191011235955056,0.6727748691099477,0.3386243386243386,0.9113475177304965,0.460431654676259,0.676420819649833,128,250,514,50,3
64,tanh,0.3,8,relu,0.0,0.4,0.6592356687898089,0.6843490793576092,0.7247191011235955,0.643979057591623,0.32169576059850374,0.9094269870609981,0.44559585492227977,0.6763427627178891,129,272,492,49,3
64,tanh,0.2,16,relu,0.1,0.4,0.6560509554140127,0.682385728572269,0.7247191011235955,0.6400523560209425,0.3193069306930693,0.9089219330855018,0.44329896907216493,0.6757112095702775,129,275,489,49,3
64,relu,0.3,8,relu,0.1,0.4,0.643312101910828,0.6745323254309077,0.7247191011235955,0.6243455497382199,0.31009615384615385,0.9068441064638784,0.43434343434343436,0.6732194512573138,129,287,477,49,3
64,relu,0.2,16,tanh,0.0,0.4,0.6857749469214437,0.6964012588975822,0.7134831460674157,0.6793193717277487,0.34139784946236557,0.9105263157894737,0.4618181818181818,0.672858238972944,127,245,519,51,3
32,tanh,0.2,8,tanh,0.1,0.4,0.6804670912951167,0.6931290075886817,0.7134831460674157,0.6727748691099477,0.33687002652519893,0.9097345132743363,0.45765765765765765,0.6717510064174471,127,250,514,51,3
32,relu,0.2,16,relu,0.0,0.4,0.6698513800424628,0.6865845049708806,0.7134831460674157,0.6596858638743456,0.3281653746770026,0.9081081081081082,0.4495575221238938,0.6695716407090674,127,260,504,51,3
64,relu,0.3,16,tanh,0.0,0.4,0.6857749469214437,0.6942467203953173,0.7078651685393258,0.680628272251309,0.34054054054054056,0.9090909090909091,0.45985401459854014,0.6684090161106455,126,244,520,52,3
64,relu,0.3,16,tanh,0.1,0.4,0.6602972399150743,0.6806944526148597,0.7134831460674157,0.6479057591623036,0.3207070707070707,0.9065934065934066,0.4425087108013937,0.66764779984087,127,269,495,51,3
32,tanh,0.2,16,relu,0.0,0.4,0.6815286624203821,0.6916289193481969,0.7078651685393258,0.675392670157068,0.33689839572192515,0.9084507042253521,0.45652173913043476,0.6675212414193599,126,248,516,52,3
32,relu,0.3,16,tanh,0.1,0.4,0.6549893842887473,0.6774222013059592,0.7134831460674157,0.6413612565445026,0.3167082294264339,0.9057301293900185,0.4386873920552677,0.6665934654510262,127,274,490,51,3
64,relu,0.2,8,tanh,0.1,0.4,0.6762208067940552,0.6883566680392964,0.7078651685393258,0.668848167539267,0.3324538258575198,0.9076376554174067,0.4524236983842011,0.6664223341711393,126,253,511,52,3
32,relu,0.3,16,tanh,0.0,0.4,0.6740976645435244,0.6870477675157363,0.7078651685393258,0.6662303664921466,0.33070866141732286,0.9073083778966132,0.45080500894454384,0.6659860376224076,126,255,509,52,3
64,relu,0.2,16,relu,0.1,0.4,0.6889596602972399,0.6940555326783928,0.702247191011236,0.6858638743455497,0.3424657534246575,0.9081455805892548,0.4604051565377532,0.6646307155860095,125,240,524,53,3
64,tanh,0.2,8,relu,0.0,0.45,0.6857749469214437,0.6920921818930525,0.702247191011236,0.6819371727748691,0.33967391304347827,0.9076655052264808,0.45787545787545786,0.6639588613908235,125,243,521,53,3
64,relu,0.3,8,relu,0.0,0.4,0.6825902335456475,0.6901288311077123,0.702247191011236,0.6780104712041884,0.33692722371967654,0.9071803852889667,0.4553734061930783,0.6632915223013752,125,246,518,53,3
64,relu,0.2,8,relu,0.0,0.4,0.6772823779193206,0.6868565797988118,0.702247191011236,0.6714659685863874,0.3324468085106383,0.9063604240282686,0.45126353790613716,0.6621890305186913,125,251,513,53,3
64,tanh,0.3,8,relu,0.1,0.4,0.6539278131634819,0.6746132125419142,0.7078651685393258,0.6413612565445026,0.315,0.9040590405904059,0.4359861591695502,0.6619282604859108,126,274,490,52,3
64,relu,0.2,8,tanh,0.0,0.4,0.6719745222929936,0.6835843284899112,0.702247191011236,0.6649214659685864,0.32808398950131235,0.9055258467023173,0.4472271914132379,0.6610982983559787,125,256,508,53,3
64,relu,0.3,8,tanh,0.1,0.4,0.6889596602972399,0.691900994176128,0.6966292134831461,0.68717277486911,0.3415977961432507,0.9067357512953368,0.4584103512014787,0.6601804278877529,124,239,525,54,3
32,relu,0.2,16,tanh,0.0,0.4,0.6857749469214437,0.6899376433907878,0.6966292134831461,0.6832460732984293,0.33879781420765026,0.90625,0.45588235294117646,0.6595077595371248,124,242,522,54,3
64,relu,0.3,16,relu,0.1,0.4,0.6581740976645435,0.6750764750867698,0.702247191011236,0.6479057591623036,0.31725888324873097,0.9032846715328468,0.4370629370629371,0.6583142170500922,125,269,495,53,3
32,relu,0.3,8,tanh,0.1,0.45,0.6857749469214437,0.6877831048885228,0.6910112359550562,0.6845549738219895,0.33791208791208793,0.9048442906574394,0.45387453874538747,0.6550556949374526,123,241,523,55,3
64,relu,0.2,16,tanh,0.1,0.4,0.678343949044586,0.6832019530560621,0.6910112359550562,0.675392670157068,0.33153638814016173,0.9036777583187391,0.44808743169398907,0.6535018945937678,123,248,516,55,3
64,relu,0.2,8,relu,0.1,0.4,0.6762208067940552,0.681893052532502,0.6910112359550562,0.6727748691099477,0.3297587131367292,0.9033391915641477,0.44646098003629764,0.6530623469887127,123,250,514,55,3
64,relu,0.2,16,relu,0.0,0.4,0.678343949044586,0.6810474145537972,0.6853932584269663,0.6767015706806283,0.33062330623306235,0.9022687609075044,0.4460694698354662,0.6490470944329421,122,247,517,56,3
32,tanh,0.3,8,relu,0.1,0.45,0.6794055201698513,0.6795473263133125,0.6797752808988764,0.6793193717277487,0.33060109289617484,0.9010416666666666,0.44485294117647056,0.6448122711814934,121,245,519,57,3
32,tanh,0.3,16,tanh,0.0,0.45,0.697452229299363,0.6799002882522501,0.651685393258427,0.7081151832460733,0.3421828908554572,0.8971807628524047,0.44874274661508706,0.6263781220168946,116,223,541,62,3
64,tanh,0.2,16,tanh,0.0,0.45,0.7091295116772823,0.6827901641273015,0.6404494382022472,0.725130890052356,0.35185185185185186,0.8964401294498382,0.4541832669322709,0.6200578247522186,114,210,554,64,3
64,tanh,0.3,16,tanh,0.0,0.45,0.7473460721868365,0.6998867580445909,0.6235955056179775,0.7761780104712042,0.39361702127659576,0.8984848484848484,0.4826086956521739,0.615855907669162,111,171,593,67,3
32,tanh,0.3,16,tanh,0.1,0.45,0.7059447983014862,0.6786722748396965,0.6348314606741573,0.7225130890052356,0.3476923076923077,0.8946515397082658,0.44930417495029823,0.6148857082090802,113,212,552,65,3
64,tanh,0.3,16,tanh,0.1,0.45,0.7579617834394905,0.704276722160127,0.6179775280898876,0.7905759162303665,0.4074074074074074,0.8988095238095238,0.49107142857142855,0.6141803548356874,110,160,604,68,3
32,tanh,0.3,8,tanh,0.1,0.45,0.70276008492569,0.6767089240543561,0.6348314606741573,0.7185863874345549,0.3445121951219512,0.8941368078175895,0.44664031620553357,0.6141750267949764,113,215,549,65,3
32,relu,0.3,16,relu,0.0,0.45,0.7197452229299363,0.685025589740573,0.6292134831460674,0.7408376963350786,0.36129032258064514,0.8955696202531646,0.45901639344262296,0.6135835884084263,112,198,566,66,3
32,tanh,0.3,8,tanh,0.0,0.45,0.7154989384288747,0.6824077886934525,0.6292134831460674,0.7356020942408377,0.35668789808917195,0.8949044585987261,0.45528455284552843,0.6125997857498549,112,202,562,66,3
64,tanh,0.2,16,relu,0.0,0.45,0.7494692144373672,0.6968865815636214,0.6123595505617978,0.7814136125654451,0.39492753623188404,0.8963963963963963,0.4801762114537445,0.6075217553291711,109,167,597,69,3
32,tanh,0.2,8,relu,0.1,0.45,0.7547770700636943,0.6980042943702571,0.6067415730337079,0.7892670157068062,0.40148698884758366,0.8959881129271917,0.48322147651006714,0.6044686588824053,108,161,603,70,3
32,tanh,0.2,16,tanh,0.0,0.45,0.7823779193205945,0.7085563856697452,0.5898876404494382,0.8272251308900523,0.4430379746835443,0.8964539007092198,0.5060240963855421,0.5989364229169102,105,132,632,73,3
64,tanh,0.2,8,tanh,0.1,0.45,0.7664543524416136,0.6987396317430437,0.5898876404494382,0.8075916230366492,0.4166666666666667,0.8942028985507247,0.4883720930232558,0.5943359413298821,105,147,617,73,3
64,tanh,0.3,16,relu,0.0,0.45,0.7452229299363057,0.6878051650097065,0.5955056179775281,0.7801047120418848,0.38686131386861317,0.8922155688622755,0.4690265486725664,0.5931010969730722,106,168,596,72,3
32,relu,0.3,16,relu,0.1,0.45,0.6539278131634819,0.6401405965056768,0.6179775280898876,0.662303664921466,0.29891304347826086,0.8815331010452961,0.40293040293040294,0.5905036933118827,110,258,506,68,3
32,relu,0.2,8,relu,0.0,0.45,0.7356687898089171,0.6797605741514207,0.5898876404494382,0.7696335078534031,0.3736654804270463,0.8895612708018155,0.45751633986928103,0.5862400111875955,105,176,588,73,3
32,tanh,0.2,16,relu,0.1,0.45,0.7494692144373672,0.6839593505500323,0.5786516853932584,0.7892670157068062,0.39015151515151514,0.8893805309734514,0.4660633484162896,0.5808632014004389,103,161,603,75,3
64,tanh,0.3,8,relu,0.1,0.45,0.7696390658174098,0.6920848285193246,0.5674157303370787,0.8167539267015707,0.4190871369294606,0.8901569186875892,0.4821002386634845,0.577516690632766,101,140,624,77,3
32,tanh,0.3,16,relu,0.0,0.45,0.7653927813163482,0.6894670274722043,0.5674157303370787,0.8115183246073299,0.4122448979591837,0.8895265423242468,0.47754137115839246,0.5763089065263144,101,144,620,77,3
32,tanh,0.2,8,tanh,0.0,0.45,0.6995753715498938,0.6553547267486323,0.5842696629213483,0.7264397905759162,0.33226837060702874,0.8823529411764706,0.42362525458248473,0.573286546455373,104,209,555,74,3
64,relu,0.2,8,relu,0.1,0.45,0.7802547770700637,0.6943202541325961,0.5561797752808989,0.8324607329842932,0.43612334801762115,0.8895104895104895,0.4888888888888889,0.5718022283249106,99,128,636,79,3
32,relu,0.3,8,tanh,0.0,0.45,0.7515923566878981,0.678804635566798,0.5617977528089888,0.7958115183246073,0.390625,0.8862973760932945,0.4608294930875576,0.5680818540796517,100,156,608,78,3
32,relu,0.2,8,tanh,0.1,0.45,0.7653927813163482,0.6851579504676746,0.5561797752808989,0.8141361256544503,0.4107883817427386,0.8873038516405135,0.47255369928400953,0.5674362709644379,99,142,622,79,3
64,relu,0.3,16,relu,0.1,0.45,0.7791932059447984,0.6915112653685511,0.550561797752809,0.8324607329842932,0.4336283185840708,0.888268156424581,0.48514851485148514,0.5670583433590836,98,128,636,80,3
64,tanh,0.3,8,tanh,0.1,0.45,0.7696390658174098,0.6856212130125301,0.550561797752809,0.8206806282722513,0.41702127659574467,0.8868458274398868,0.4745762711864407,0.5642196286890467,98,137,627,80,3
32,relu,0.2,16,relu,0.1,0.45,0.7526539278131635,0.6773045473263133,0.5561797752808989,0.7984293193717278,0.391304347826087,0.8853410740203193,0.4593967517401392,0.5639171869445005,99,154,610,79,3
64,relu,0.2,8,relu,0.0,0.45,0.7664543524416136,0.6836578622271898,0.550561797752809,0.8167539267015707,0.4117647058823529,0.8863636363636364,0.47115384615384615,0.5633013014606395,98,140,624,80,3
64,tanh,0.3,8,tanh,0.0,0.45,0.7537154989384289,0.6758044590858285,0.550561797752809,0.8010471204188482,0.392,0.884393063583815,0.45794392523364486,0.559754150244132,98,152,612,80,3
64,tanh,0.2,8,tanh,0.0,0.45,0.7494692144373672,0.6731866580387081,0.550561797752809,0.7958115183246073,0.3858267716535433,0.8837209302325582,0.4537037037037037,0.5586132672000622,98,156,608,80,3
64,tanh,0.3,8,relu,0.0,0.45,0.7802547770700637,0.6878566386258015,0.5393258426966292,0.8363874345549738,0.4343891402714932,0.8862690707350902,0.48120300751879697,0.55853833163995,96,125,639,82,3
64,tanh,0.2,16,relu,0.1,0.45,0.7738853503184714,0.6839299370551208,0.5393258426966292,0.8285340314136126,0.42290748898678415,0.8853146853146853,0.4740740740740741,0.5566048261973431,96,131,633,82,3
32,tanh,0.3,16,relu,0.1,0.45,0.772823779193206,0.6832754867933408,0.5393258426966292,0.8272251308900523,0.42105263157894735,0.8851540616246498,0.4729064039408867,0.5562884504042034,96,132,632,82,3
64,relu,0.2,16,tanh,0.0,0.45,0.7823779193205945,0.6870110006470969,0.5337078651685393,0.8403141361256544,0.4377880184331797,0.8855172413793103,0.4810126582278481,0.5547765075907148,95,122,642,83,3
64,relu,0.3,8,relu,0.1,0.45,0.767515923566879,0.6800032354844403,0.5393258426966292,0.8206806282722513,0.41201716738197425,0.8843441466854725,0.46715328467153283,0.5547304537227259,96,137,627,82,3
64,relu,0.3,8,tanh,0.0,0.45,0.772823779193206,0.681120948291076,0.5337078651685393,0.8285340314136126,0.42035398230088494,0.8840782122905028,0.47029702970297027,0.5518550935062811,95,131,633,83,3
32,relu,0.2,16,relu,0.0,0.45,0.772823779193206,0.681120948291076,0.5337078651685393,0.8285340314136126,0.42035398230088494,0.8840782122905028,0.47029702970297027,0.5518550935062811,95,131,633,83,3
64,relu,0.2,8,tanh,0.0,0.45,0.7664543524416136,0.6771942467203953,0.5337078651685393,0.8206806282722513,0.40948275862068967,0.8830985915492958,0.4634146341463415,0.5499826308241256,95,137,627,83,3
64,tanh,0.2,16,tanh,0.1,0.45,0.7653927813163482,0.6765397964586152,0.5337078651685393,0.819371727748691,0.40772532188841204,0.8829337094499294,0.46228710462287104,0.5496759970985418,95,138,626,83,3
32,tanh,0.2,16,relu,0.0,0.45,0.772823779193206,0.6789664097888111,0.5280898876404494,0.8298429319371727,0.41964285714285715,0.883008356545961,0.46766169154228854,0.5474204890203624,94,130,634,84,3
32,relu,0.3,16,tanh,0.1,0.45,0.7866242038216561,0.6853197246896876,0.5224719101123596,0.8481675392670157,0.4449760765550239,0.8840381991814461,0.4806201550387597,0.5472918896720916,93,116,648,85,3
64,relu,0.2,16,relu,0.1,0.45,0.7749469214437368,0.6781207718101065,0.5224719101123596,0.8337696335078534,0.42272727272727273,0.8822714681440443,0.46733668341708545,0.5436272187134003,93,127,637,85,3
32,relu,0.3,16,tanh,0.0,0.45,0.7749469214437368,0.6781207718101065,0.5224719101123596,0.8337696335078534,0.42272727272727273,0.8822714681440443,0.46733668341708545,0.5436272187134003,93,127,637,85,3
32,relu,0.2,8,tanh,0.0,0.45,0.7738853503184714,0.6774663215483264,0.5224719101123596,0.8324607329842932,0.42081447963800905,0.8821081830790569,0.46616541353383456,0.5433050493521179,93,128,636,85,3
64,relu,0.3,8,tanh,0.1,0.45,0.7866242038216561,0.6831651861874228,0.5168539325842697,0.849476439790576,0.4444444444444444,0.8829931972789116,0.4779220779220779,0.5428752344909178,92,115,649,86,3
64,relu,0.2,8,tanh,0.1,0.45,0.7696390658174098,0.674848520501206,0.5224719101123596,0.8272251308900523,0.41333333333333333,0.8814504881450488,0.46153846153846156,0.5420333745122262,93,132,632,85,3
64,relu,0.3,16,tanh,0.1,0.45,0.7643312101910829,0.6715762691923055,0.5224719101123596,0.8206806282722513,0.4043478260869565,0.8806179775280899,0.45588235294117646,0.5404803735258086,93,137,627,85,3
64,relu,0.2,16,relu,0.0,0.45,0.7813163481953291,0.6777383963762574,0.5112359550561798,0.8442408376963351,0.43333333333333335,0.8811475409836066,0.4690721649484536,0.5367461811479106,91,119,645,87,3
64,relu,0.3,8,relu,0.0,0.45,0.7622080679405521,0.6681128301664804,0.5168539325842697,0.819371727748691,0.4,0.8792134831460674,0.45098039215686275,0.5354203188422849,92,138,626,86,3
32,relu,0.2,16,tanh,0.0,0.45,0.7738853503184714,0.6731572445437968,0.5112359550561798,0.8350785340314136,0.41935483870967744,0.88,0.4607594936708861,0.5344321013190529,91,126,638,87,3
32,tanh,0.2,8,tanh,0.1,0.45,0.7791932059447984,0.6742749573504323,0.5056179775280899,0.8429319371727748,0.42857142857142855,0.8797814207650273,0.4639175257731959,0.5316447185968922,90,120,644,88,3
64,relu,0.3,16,relu,0.0,0.45,0.7653927813163482,0.665767103947291,0.5056179775280899,0.8259162303664922,0.40358744394618834,0.8776077885952712,0.4488778054862843,0.52744474945374,90,133,631,88,3
32,relu,0.3,8,relu,0.0,0.45,0.6932059447983014,0.6298826401553033,0.5280898876404494,0.731675392670157,0.31438127090301005,0.8693623639191291,0.3941299790356394,0.5270775764696762,94,205,559,84,3
64,relu,0.3,16,tanh,0.0,0.45,0.7749469214437368,0.6695026178010471,0.5,0.8390052356020943,0.419811320754717,0.8780821917808219,0.4564102564102564,0.5258816556356811,89,123,641,89,3
64,tanh,0.3,16,relu,0.1,0.45,0.7738853503184714,0.668848167539267,0.5,0.837696335078534,0.41784037558685444,0.877914951989026,0.45524296675191817,0.5255536710665388,89,124,640,89,3
32,tanh,0.3,8,relu,0.0,0.5,0.7123142250530785,0.6373536678628156,0.5168539325842697,0.7578534031413613,0.33212996389891697,0.8706766917293233,0.4043956043956044,0.5224814827714436,92,185,579,86,3
64,relu,0.2,16,tanh,0.1,0.45,0.772823779193206,0.666039178775222,0.4943820224719101,0.837696335078534,0.41509433962264153,0.8767123287671232,0.4512820512820513,0.5207846854476457,88,124,640,90,3
32,relu,0.2,16,tanh,0.1,0.45,0.7717622080679406,0.665384728513442,0.4943820224719101,0.8363874345549738,0.4131455399061033,0.8765432098765432,0.45012787723785164,0.5204589154236358,88,125,639,90,3
32,tanh,0.2,8,relu,0.0,0.5,0.7813163481953291,0.6605020883581387,0.46629213483146065,0.8547120418848168,0.42783505154639173,0.8729946524064172,0.44623655913978494,0.5012884172082893,83,111,653,95,3
32,relu,0.3,8,tanh,0.1,0.5,0.7951167728237792,0.6647008647567504,0.4550561797752809,0.8743455497382199,0.4576271186440678,0.873202614379085,0.4563380281690141,0.4972422106584535,81,96,668,97,3
64,relu,0.2,16,relu,0.0,0.5,0.8174097664543525,0.6525898582269545,0.38764044943820225,0.9175392670157068,0.5227272727272727,0.8654320987654321,0.44516129032258067,0.45413901352485975,69,63,701,109,3
64,tanh,0.2,16,tanh,0.0,0.5,0.8099787685774947,0.6458541678922289,0.38202247191011235,0.9096858638743456,0.49635036496350365,0.8633540372670807,0.43174603174603177,0.44622160041187475,68,69,695,110,3
64,tanh,0.3,8,tanh,0.1,0.5,0.8163481953290871,0.6476263309606447,0.37640449438202245,0.918848167539267,0.5193798449612403,0.8634686346863468,0.4364820846905538,0.44494639675566866,67,62,702,111,3
64,relu,0.2,8,relu,0.0,0.5,0.8131634819532909,0.6456629801753044,0.37640449438202245,0.9149214659685864,0.5075757575757576,0.8629629629629629,0.432258064516129,0.44337331786005235,67,65,699,111,3
64,tanh,0.2,8,relu,0.0,0.5,0.8004246284501062,0.639964115536208,0.38202247191011235,0.8979057591623036,0.4657534246575342,0.8618090452261307,0.41975308641975306,0.4419838959100737,68,78,686,110,3
64,relu,0.2,16,tanh,0.0,0.5,0.8174097664543525,0.64612624272016,0.3707865168539326,0.9214659685863874,0.5238095238095238,0.8627450980392157,0.4342105263157895,0.4411567627227372,66,60,704,112,3
64,relu,0.2,8,tanh,0.0,0.5,0.8174097664543525,0.64612624272016,0.3707865168539326,0.9214659685863874,0.5238095238095238,0.8627450980392157,0.4342105263157895,0.4411567627227372,66,60,704,112,3
32,relu,0.2,8,relu,0.0,0.5,0.8110403397027601,0.6421995411494794,0.3707865168539326,0.9136125654450262,0.5,0.8617283950617284,0.4258064516129032,0.43799047002764874,66,66,698,112,3
32,tanh,0.3,8,tanh,0.0,0.5,0.7993630573248408,0.637155126772163,0.37640449438202245,0.8979057591623036,0.46206896551724136,0.8607277289836889,0.4148606811145511,0.4371210679735724,67,78,686,111,3
64,relu,0.3,8,relu,0.0,0.5,0.8142250530785563,0.6420083534325549,0.3651685393258427,0.918848167539267,0.5118110236220472,0.8613496932515338,0.4262295081967213,0.43520075057680563,65,62,702,113,3
64,tanh,0.2,16,tanh,0.1,0.5,0.8174097664543525,0.6418171657156303,0.3595505617977528,0.9240837696335078,0.5245901639344263,0.8609756097560975,0.4266666666666667,0.43250784279499566,64,58,706,114,3
32,tanh,0.2,16,relu,0.0,0.5,0.8174097664543525,0.6418171657156303,0.3595505617977528,0.9240837696335078,0.5245901639344263,0.8609756097560975,0.4266666666666667,0.43250784279499566,64,58,706,114,3
64,relu,0.2,8,tanh,0.1,0.5,0.8163481953290871,0.6411627154538502,0.3595505617977528,0.9227748691099477,0.5203252032520326,0.8608058608058609,0.42524916943521596,0.43195045667440024,64,59,705,114,3
32,tanh,0.3,8,relu,0.1,0.5,0.8036093418259024,0.6354638508147539,0.3651685393258427,0.9057591623036649,0.4744525547445255,0.8596273291925466,0.4126984126984127,0.43015600316549324,65,72,692,113,3
64,tanh,0.3,8,relu,0.0,0.5,0.8205944798301487,0.6416259779987058,0.3539325842696629,0.9293193717277487,0.5384615384615384,0.8606060606060606,0.4271186440677966,0.42992415843465903,63,54,710,115,3
64,tanh,0.3,16,relu,0.0,0.5,0.8121019108280255,0.6385449144067298,0.3595505617977528,0.9175392670157068,0.5039370078740157,0.8601226993865031,0.419672131147541,0.42978807692717447,64,63,701,114,3
64,relu,0.2,16,tanh,0.1,0.5,0.8163481953290871,0.6390081769515854,0.3539325842696629,0.9240837696335078,0.5206611570247934,0.8599269183922046,0.4214046822742475,0.42762056008156046,63,58,706,115,3
32,relu,0.2,8,tanh,0.0,0.5,0.8163481953290871,0.6390081769515854,0.3539325842696629,0.9240837696335078,0.5206611570247934,0.8599269183922046,0.4214046822742475,0.42762056008156046,63,58,706,115,3
64,tanh,0.2,8,tanh,0.1,0.5,0.8131634819532909,0.6370448261662451,0.3539325842696629,0.9201570680628273,0.5080645161290323,0.8594132029339854,0.41721854304635764,0.4259682258349162,63,61,703,115,3
32,relu,0.3,16,tanh,0.0,0.5,0.8195329087048833,0.6388169892346609,0.34831460674157305,0.9293193717277487,0.5344827586206896,0.8595641646489104,0.4217687074829932,0.42503189842810224,62,54,710,116,3
32,tanh,0.3,16,relu,0.0,0.5,0.8110403397027601,0.6357359256426849,0.3539325842696629,0.9175392670157068,0.5,0.8590686274509803,0.4144736842105263,0.424899994117301,63,63,701,115,3
64,relu,0.2,16,relu,0.1,0.5,0.8184713375796179,0.6381625389728808,0.34831460674157305,0.9280104712041884,0.5299145299145299,0.8593939393939394,0.42033898305084744,0.4244441855051303,62,55,709,116,3
64,tanh,0.3,16,tanh,0.1,0.5,0.8099787685774947,0.6350814753809048,0.3539325842696629,0.9162303664921466,0.49606299212598426,0.8588957055214724,0.4131147540983607,0.4243754032775434,63,64,700,115,3
64,tanh,0.3,8,relu,0.1,0.5,0.8099787685774947,0.6350814753809048,0.3539325842696629,0.9162303664921466,0.49606299212598426,0.8588957055214724,0.4131147540983607,0.4243754032775434,63,64,700,115,3
64,relu,0.3,16,relu,0.0,0.5,0.8110403397027601,0.63358138714042,0.34831460674157305,0.918848167539267,0.5,0.8581907090464548,0.4105960264900662,0.42053650214718513,62,62,702,116,3
64,relu,0.3,8,tanh,0.1,0.5,0.8184713375796179,0.6360080004706159,0.34269662921348315,0.9293193717277487,0.5304347826086957,0.8585247883917775,0.41638225255972694,0.420132718804431,61,54,710,117,3
64,relu,0.2,8,relu,0.1,0.5,0.8163481953290871,0.6346990999470558,0.34269662921348315,0.9267015706806283,0.5213675213675214,0.8581818181818182,0.4135593220338983,0.41896421257560146,61,56,708,117,3
32,relu,0.2,16,tanh,0.1,0.5,0.8163481953290871,0.6346990999470558,0.34269662921348315,0.9267015706806283,0.5213675213675214,0.8581818181818182,0.4135593220338983,0.41896421257560146,61,56,708,117,3
32,relu,0.2,16,tanh,0.0,0.5,0.8152866242038217,0.6340446496852756,0.34269662921348315,0.925392670157068,0.5169491525423728,0.8580097087378641,0.41216216216216217,0.41839148564073064,61,57,707,117,3
32,relu,0.2,16,relu,0.0,0.5,0.8131634819532909,0.6327357491617154,0.34269662921348315,0.9227748691099477,0.5083333333333333,0.8576642335766423,0.40939597315436244,0.4172681236151146,61,59,705,117,3
64,relu,0.3,16,tanh,0.1,0.5,0.8152866242038217,0.6318901111830107,0.33707865168539325,0.9267015706806283,0.5172413793103449,0.8571428571428571,0.40816326530612246,0.4140572163474119,60,56,708,118,3
64,tanh,0.3,8,tanh,0.0,0.5,0.8121019108280255,0.6299267603976705,0.33707865168539325,0.9227748691099477,0.5042016806722689,0.8566221142162819,0.40404040404040403,0.4123605763265362,60,59,705,118,3
64,tanh,0.2,16,relu,0.1,0.5,0.8121019108280255,0.6299267603976705,0.33707865168539325,0.9227748691099477,0.5042016806722689,0.8566221142162819,0.40404040404040403,0.4123605763265362,60,59,705,118,3
32,relu,0.3,16,relu,0.0,0.5,0.802547770700637,0.6261912465439143,0.34269662921348315,0.9096858638743456,0.46923076923076923,0.8559113300492611,0.3961038961038961,0.412048966681298,61,69,695,117,3
64,relu,0.3,8,relu,0.1,0.5,0.8110403397027601,0.6292723101358904,0.33707865168539325,0.9214659685863874,0.5,0.8564476885644768,0.40268456375838924,0.4118095182069533,60,60,704,118,3
64,tanh,0.3,16,tanh,0.0,0.5,0.8110403397027601,0.6292723101358904,0.33707865168539325,0.9214659685863874,0.5,0.8564476885644768,0.40268456375838924,0.4118095182069533,60,60,704,118,3
64,relu,0.3,8,tanh,0.0,0.5,0.807855626326964,0.62730895935055,0.33707865168539325,0.9175392670157068,0.4878048780487805,0.8559218559218559,0.39867109634551495,0.4101973358547633,60,63,701,118,3
64,tanh,0.3,16,relu,0.1,0.5,0.8227176220806794,0.6321621860109419,0.3258426966292135,0.9384816753926701,0.5523809523809524,0.8566308243727598,0.4098939929328622,0.40976042008073305,58,47,717,120,3
32,tanh,0.2,16,tanh,0.1,0.5,0.7951167728237792,0.6216100947114536,0.34269662921348315,0.900523560209424,0.44525547445255476,0.8546583850931677,0.3873015873015873,0.4087352068369844,61,76,688,117,3
32,tanh,0.2,8,tanh,0.1,0.5,0.8195329087048833,0.6301988352256015,0.3258426966292135,0.9345549738219895,0.5370370370370371,0.8561151079136691,0.40559440559440557,0.4078333583892734,58,50,714,120,3
32,tanh,0.3,16,tanh,0.0,0.5,0.8014861995753716,0.6233822577798694,0.33707865168539325,0.9096858638743456,0.46511627906976744,0.8548585485854858,0.39087947882736157,0.40714313564272586,60,69,695,118,3
64,relu,0.3,16,tanh,0.0,0.5,0.8163481953290871,0.6282354844402612,0.3258426966292135,0.930628272251309,0.5225225225225225,0.855595667870036,0.4013840830449827,0.40598923678075394,58,53,711,120,3
64,tanh,0.2,8,tanh,0.0,0.5,0.7983014861995754,0.6214189069945291,0.33707865168539325,0.9057591623036649,0.45454545454545453,0.854320987654321,0.3870967741935484,0.40569338303322655,60,72,692,118,3
64,relu,0.3,16,relu,0.1,0.5,0.8152866242038217,0.6275810341784811,0.3258426966292135,0.9293193717277487,0.5178571428571429,0.8554216867469879,0.4,0.40539180876186,58,54,710,120,3
64,tanh,0.2,16,relu,0.0,0.5,0.8046709129511678,0.6210365315606801,0.3258426966292135,0.9162303664921466,0.47540983606557374,0.8536585365853658,0.38666666666666666,0.39983817755914286,58,64,700,120,3
32,tanh,0.2,16,relu,0.1,0.5,0.8046709129511678,0.6210365315606801,0.3258426966292135,0.9162303664921466,0.47540983606557374,0.8536585365853658,0.38666666666666666,0.39983817755914286,58,64,700,120,3
32,tanh,0.2,16,tanh,0.0,0.5,0.8142250530785563,0.6204629684099064,0.3089887640449438,0.9319371727748691,0.514018691588785,0.8526946107784431,0.38596491228070173,0.39178659767232044,55,52,712,123,3
32,relu,0.3,16,tanh,0.1,0.5,0.8195329087048833,0.6215806812165422,0.30337078651685395,0.9397905759162304,0.54,0.8527315914489311,0.38848920863309355,0.39067568680510617,54,46,718,124,3
32,tanh,0.3,16,tanh,0.1,0.5,0.8110403397027601,0.6184996176245661,0.3089887640449438,0.9280104712041884,0.5,0.8521634615384616,0.3819444444444444,0.38999205835637385,55,55,709,123,3
32,relu,0.2,16,relu,0.1,0.5,0.8248407643312102,0.620543855520913,0.29213483146067415,0.9489528795811518,0.5714285714285714,0.8519388954171563,0.38661710037174724,0.38574601026951166,52,39,725,126,3
32,tanh,0.3,16,relu,0.1,0.5,0.8174097664543525,0.6181172421907171,0.29775280898876405,0.9384816753926701,0.53,0.8515439429928741,0.381294964028777,0.38505041473027823,53,47,717,125,3
32,relu,0.2,8,tanh,0.1,0.5,0.8174097664543525,0.6138081651861874,0.28651685393258425,0.9410994764397905,0.53125,0.8498817966903073,0.3722627737226277,0.3764484307900464,51,45,719,127,3
32,tanh,0.2,8,tanh,0.0,0.5,0.7887473460721869,0.6004470851226543,0.29775280898876405,0.9031413612565445,0.41732283464566927,0.8466257668711656,0.3475409836065574,0.37024866678123264,53,74,690,125,3
32,relu,0.2,8,relu,0.1,0.5,0.79723991507431,0.5949099947055709,0.2696629213483146,0.9201570680628273,0.44036697247706424,0.843937575030012,0.3344947735191638,0.35178274113264085,48,61,703,130,3
64,tanh,0.2,8,tanh,0.0,0.55,0.821656050955414,0.601344196717454,0.24719101123595505,0.9554973821989529,0.5641025641025641,0.8449074074074074,0.34375,0.34971280361891577,44,34,730,134,3
64,tanh,0.2,8,relu,0.1,0.5,0.7993630573248408,0.5940643567268662,0.2640449438202247,0.9240837696335078,0.44761904761904764,0.8434886499402628,0.3321554770318021,0.34840623678143534,47,58,706,131,3
32,tanh,0.2,8,relu,0.1,0.5,0.8110403397027601,0.5969542326019177,0.25280898876404495,0.9410994764397905,0.5,0.8438967136150235,0.3358208955223881,0.346357138655215,45,45,719,133,3
32,relu,0.3,8,tanh,0.0,0.5,0.807855626326964,0.5949908818165774,0.25280898876404495,0.93717277486911,0.4838709677419355,0.8433451118963486,0.33210332103321033,0.3443515652723405,45,48,716,133,3
32,tanh,0.3,8,tanh,0.1,0.5,0.8110403397027601,0.5926451555973881,0.24157303370786518,0.943717277486911,0.5,0.8422897196261683,0.32575757575757575,0.3376301547149832,43,43,721,135,3
64,tanh,0.3,8,tanh,0.1,0.55,0.8259023354564756,0.5888802282487205,0.20786516853932585,0.9698952879581152,0.6166666666666667,0.8401360544217688,0.31092436974789917,0.3249483302939389,37,23,741,141,3
32,relu,0.3,8,tanh,0.1,0.55,0.8237791932059448,0.5854167892228954,0.20224719101123595,0.9685863874345549,0.6,0.8390022675736961,0.3025210084033613,0.31865639155244424,36,24,740,142,3
64,relu,0.2,16,tanh,0.0,0.55,0.8237791932059448,0.5832622507206306,0.19662921348314608,0.9698952879581152,0.603448275862069,0.8382352941176471,0.2966101694915254,0.3146377271685353,35,23,741,143,3
64,tanh,0.2,16,tanh,0.0,0.55,0.821656050955414,0.5797988116948055,0.19101123595505617,0.9685863874345549,0.5862068965517241,0.8371040723981901,0.288135593220339,0.3082883171626728,34,24,740,144,3
64,relu,0.3,8,tanh,0.0,0.55,0.8259023354564756,0.5781075357373964,0.1797752808988764,0.9764397905759162,0.64,0.8363228699551569,0.2807017543859649,0.30546420377669276,32,18,746,146,3
64,tanh,0.3,8,tanh,0.0,0.55,0.8248407643312102,0.5774530854756161,0.1797752808988764,0.975130890052356,0.6274509803921569,0.8361391694725028,0.2794759825327511,0.3040784117635524,32,19,745,146,3
64,tanh,0.3,16,tanh,0.1,0.55,0.8227176220806794,0.576144184952056,0.1797752808988764,0.9725130890052356,0.6037735849056604,0.8357705286839145,0.27705627705627706,0.3014488921101907,32,21,743,146,3
32,tanh,0.3,8,tanh,0.0,0.55,0.8227176220806794,0.576144184952056,0.1797752808988764,0.9725130890052356,0.6037735849056604,0.8357705286839145,0.27705627705627706,0.3014488921101907,32,21,743,146,3
64,relu,0.2,16,tanh,0.1,0.55,0.8248407643312102,0.5752985469733514,0.17415730337078653,0.9764397905759162,0.6326530612244898,0.8353863381858903,0.27312775330396477,0.30023512787666984,31,18,746,147,3
64,relu,0.2,8,tanh,0.1,0.55,0.8248407643312102,0.5752985469733514,0.17415730337078653,0.9764397905759162,0.6326530612244898,0.8353863381858903,0.27312775330396477,0.30023512787666984,31,18,746,147,3
64,tanh,0.2,16,tanh,0.1,0.55,0.8248407643312102,0.5752985469733514,0.17415730337078653,0.9764397905759162,0.6326530612244898,0.8353863381858903,0.27312775330396477,0.30023512787666984,31,18,746,147,3
64,relu,0.3,16,tanh,0.0,0.55,0.8259023354564756,0.5737984587328666,0.16853932584269662,0.9790575916230366,0.6521739130434783,0.8348214285714286,0.26785714285714285,0.2979546111408088,30,16,748,148,3
64,relu,0.2,8,relu,0.0,0.55,0.821656050955414,0.5733351961880111,0.17415730337078653,0.9725130890052356,0.5961538461538461,0.8348314606741573,0.26956521739130435,0.2961925362125374,31,21,743,147,3
32,tanh,0.2,8,tanh,0.1,0.55,0.821656050955414,0.5711806576857462,0.16853932584269662,0.9738219895287958,0.6,0.8340807174887892,0.2631578947368421,0.2922136596270369,30,20,744,148,3
64,relu,0.3,16,tanh,0.1,0.55,0.8248407643312102,0.5688349314665568,0.15730337078651685,0.9803664921465969,0.6511627906976745,0.8331479421579533,0.25339366515837103,0.2889956249136406,28,15,749,150,3
64,relu,0.2,8,tanh,0.0,0.55,0.8195329087048833,0.5677172186599212,0.16292134831460675,0.9725130890052356,0.58,0.8329596412556054,0.2543859649122807,0.28558838755220894,29,21,743,149,3
64,tanh,0.2,8,tanh,0.1,0.55,0.8184713375796179,0.5670627683981411,0.16292134831460675,0.9712041884816754,0.5686274509803921,0.8327721661054994,0.25327510917030566,0.2843202425978922,29,22,742,149,3
64,tanh,0.2,16,relu,0.0,0.55,0.8248407643312102,0.5645258544620272,0.14606741573033707,0.9829842931937173,0.6666666666666666,0.831672203765227,0.23963133640552994,0.28181902857030805,26,13,751,152,3
32,relu,0.2,16,tanh,0.1,0.55,0.8195329087048833,0.5634081416553914,0.15168539325842698,0.975130890052356,0.5869565217391305,0.8314732142857143,0.24107142857142858,0.27755705578589024,27,19,745,151,3
32,relu,0.2,16,tanh,0.0,0.55,0.821656050955414,0.5625625036766868,0.14606741573033707,0.9790575916230366,0.6190476190476191,0.8311111111111111,0.23636363636363636,0.2766644536513352,26,16,748,152,3
32,relu,0.3,16,tanh,0.0,0.55,0.8237791932059448,0.5617168656979823,0.1404494382022472,0.9829842931937173,0.6578947368421053,0.8307522123893806,0.23148148148148148,0.27644745356538003,25,13,751,153,3
32,relu,0.2,16,relu,0.0,0.55,0.8227176220806794,0.5589078769339373,0.1348314606741573,0.9829842931937173,0.6486486486486487,0.8298342541436464,0.22325581395348837,0.2710284627235624,24,13,751,154,3
32,relu,0.3,16,tanh,0.1,0.55,0.8248407643312102,0.5559077004529678,0.12359550561797752,0.9882198952879581,0.7096774193548387,0.8287596048298573,0.21052631578947367,0.2686661359586617,22,9,755,156,3
64,tanh,0.3,8,relu,0.0,0.55,0.8184713375796179,0.5584446143890818,0.1404494382022472,0.9764397905759162,0.5813953488372093,0.8298109010011123,0.22624434389140272,0.2681430645031103,25,18,746,153,3
32,tanh,0.2,16,relu,0.0,0.55,0.8195329087048833,0.556944526148597,0.1348314606741573,0.9790575916230366,0.6,0.8292682926829268,0.22018348623853212,0.2657709277016295,24,16,748,154,3
64,relu,0.3,8,tanh,0.1,0.55,0.8163481953290871,0.5571357138655215,0.1404494382022472,0.9738219895287958,0.5555555555555556,0.8294314381270903,0.2242152466367713,0.2652973050702329,25,20,744,153,3
32,tanh,0.2,16,tanh,0.0,0.55,0.8174097664543525,0.5556356256250368,0.1348314606741573,0.9764397905759162,0.5714285714285714,0.8288888888888889,0.21818181818181817,0.2626520047397746,24,18,746,154,3
64,relu,0.3,16,relu,0.0,0.55,0.8195329087048833,0.5547899876463321,0.12921348314606743,0.9803664921465969,0.6052631578947368,0.8285398230088495,0.21296296296296297,0.26193375152098736,23,15,749,155,3
64,relu,0.2,16,relu,0.1,0.55,0.8195329087048833,0.5547899876463321,0.12921348314606743,0.9803664921465969,0.6052631578947368,0.8285398230088495,0.21296296296296297,0.26193375152098736,23,15,749,155,3
64,relu,0.3,8,relu,0.0,0.55,0.8152866242038217,0.5543267251014765,0.1348314606741573,0.9738219895287958,0.5454545454545454,0.8285077951002228,0.21621621621621623,0.25979282203765997,24,20,744,154,3
64,relu,0.2,16,relu,0.0,0.55,0.8152866242038217,0.5543267251014765,0.1348314606741573,0.9738219895287958,0.5454545454545454,0.8285077951002228,0.21621621621621623,0.25979282203765997,24,20,744,154,3
64,tanh,0.3,16,relu,0.0,0.55,0.8142250530785563,0.5536722748396965,0.1348314606741573,0.9725130890052356,0.5333333333333333,0.8283166109253066,0.21524663677130046,0.25844981077318274,24,21,743,154,3
64,tanh,0.3,16,tanh,0.0,0.55,0.8184713375796179,0.5519809988822872,0.12359550561797752,0.9803664921465969,0.5945945945945946,0.8276243093922652,0.20465116279069767,0.2563725131685012,22,15,749,156,3
32,tanh,0.3,16,relu,0.0,0.55,0.8174097664543525,0.5513265486205071,0.12359550561797752,0.9790575916230366,0.5789473684210527,0.827433628318584,0.2037037037037037,0.25467690049879094,22,16,748,156,3
64,tanh,0.2,16,relu,0.1,0.55,0.8195329087048833,0.5504809106418025,0.11797752808988764,0.9829842931937173,0.6176470588235294,0.8270925110132159,0.19811320754716982,0.2544451576736348,21,13,751,157,3
32,relu,0.2,8,tanh,0.0,0.55,0.8142250530785563,0.5515177363374316,0.12921348314606743,0.9738219895287958,0.5348837209302325,0.8275862068965517,0.2081447963800905,0.2542413575627568,23,20,744,155,3
64,relu,0.3,16,relu,0.1,0.55,0.8205944798301487,0.5489808224013177,0.11235955056179775,0.9856020942408377,0.6451612903225806,0.8265642151481888,0.19138755980861244,0.25296397890578004,20,11,753,158,3
64,tanh,0.3,16,relu,0.1,0.55,0.8205944798301487,0.5489808224013177,0.11235955056179775,0.9856020942408377,0.6451612903225806,0.8265642151481888,0.19138755980861244,0.25296397890578004,20,11,753,158,3
32,relu,0.2,8,relu,0.0,0.55,0.8174097664543525,0.5470174716159774,0.11235955056179775,0.981675392670157,0.5882352941176471,0.8259911894273128,0.18867924528301888,0.24687870912821863,20,14,750,158,3
32,relu,0.3,8,tanh,0.0,0.55,0.8205944798301487,0.544671745396788,0.10112359550561797,0.9882198952879581,0.6666666666666666,0.825136612021858,0.17560975609756097,0.24638753259995683,18,9,755,160,3
64,tanh,0.3,8,relu,0.1,0.55,0.8163481953290871,0.5377448673451379,0.0898876404494382,0.9856020942408377,0.5925925925925926,0.8229508196721311,0.15609756097560976,0.22972958104289357,16,11,753,162,3
64,relu,0.3,8,relu,0.1,0.55,0.8174097664543525,0.5362447791046532,0.08426966292134831,0.9882198952879581,0.625,0.8224400871459695,0.1485148514851485,0.22873771986587443,15,9,755,163,3
64,relu,0.2,8,relu,0.1,0.55,0.8142250530785563,0.5364359668215777,0.0898876404494382,0.9829842931937173,0.5517241379310345,0.8225629791894852,0.15458937198067632,0.22538095547202572,16,13,751,162,3
32,tanh,0.2,8,tanh,0.0,0.55,0.8099787685774947,0.5359727042767222,0.09550561797752809,0.9764397905759162,0.4857142857142857,0.8224917309812569,0.1596244131455399,0.22261990201104268,17,18,746,161,3
32,relu,0.2,8,tanh,0.1,0.55,0.8163481953290871,0.5334357903406083,0.07865168539325842,0.9882198952879581,0.6086956521739131,0.8215451577801959,0.13930348258706468,0.22261290306079387,14,9,755,164,3
32,relu,0.2,8,relu,0.1,0.55,0.8163481953290871,0.5140449438202247,0.028089887640449437,1.0,1.0,0.8153681963713981,0.0546448087431694,0.22247191011235956,5,0,764,173,3
32,tanh,0.3,16,relu,0.1,0.55,0.8142250530785563,0.5342814283193129,0.08426966292134831,0.9842931937172775,0.5555555555555556,0.8218579234972677,0.14634146341463414,0.22140060526436195,15,12,752,163,3
32,relu,0.3,8,relu,0.1,0.5,0.8142250530785563,0.532126889817048,0.07865168539325842,0.9856020942408377,0.56,0.8211559432933478,0.13793103448275862,0.2174815577386905,14,11,753,164,3
32,relu,0.3,16,relu,0.1,0.5,0.7940552016985138,0.5304650273545503,0.10674157303370786,0.9541884816753927,0.35185185185185186,0.8209459459459459,0.16379310344827586,0.21599729177969074,19,35,729,159,3
32,tanh,0.3,16,tanh,0.1,0.55,0.8110403397027601,0.5323180775339726,0.08426966292134831,0.9803664921465969,0.5,0.8212719298245614,0.14423076923076922,0.21545237955173835,15,15,749,163,3
32,tanh,0.3,8,relu,0.0,0.55,0.8099787685774947,0.5316636272721925,0.08426966292134831,0.9790575916230366,0.4838709677419355,0.8210757409440176,0.14354066985645933,0.21370858627357586,15,16,748,163,3
32,tanh,0.2,16,relu,0.1,0.55,0.8142250530785563,0.5299723513147833,0.07303370786516854,0.9869109947643979,0.5652173913043478,0.8204570184983678,0.12935323383084577,0.2136398048990094,13,10,754,165,3
32,tanh,0.3,8,tanh,0.1,0.55,0.8163481953290871,0.5205085593270192,0.0449438202247191,0.9960732984293194,0.7272727272727273,0.8174006444683136,0.08465608465608465,0.20828965874997996,8,3,761,170,3
32,tanh,0.3,16,tanh,0.0,0.55,0.8036093418259024,0.525582387199247,0.07865168539325842,0.9725130890052356,0.4,0.8191841234840133,0.13145539906103287,0.2001726572151303,14,21,743,164,3
32,tanh,0.2,8,relu,0.0,0.55,0.8067940552016986,0.5210821224777928,0.06179775280898876,0.9803664921465969,0.4230769230769231,0.8176855895196506,0.10784313725490197,0.189782543769543,11,15,749,167,3
32,relu,0.3,8,relu,0.0,0.5,0.8046709129511678,0.5176186834519677,0.056179775280898875,0.9790575916230366,0.38461538461538464,0.8165938864628821,0.09803921568627451,0.18131111784856122,10,16,748,168,3
64,tanh,0.2,8,relu,0.1,0.55,0.8121019108280255,0.5135816812753692,0.033707865168539325,0.993455497382199,0.5454545454545454,0.8152524167561761,0.06349206349206349,0.1808572964185059,6,5,759,172,3
32,tanh,0.2,8,relu,0.1,0.55,0.8110403397027601,0.5150817695158539,0.03932584269662921,0.9908376963350786,0.5,0.8157327586206896,0.07291666666666667,0.18054444379081125,7,7,757,171,3
32,relu,0.2,16,relu,0.1,0.55,0.8121019108280255,0.5114271427731043,0.028089887640449437,0.9947643979057592,0.5555555555555556,0.8145766345123259,0.053475935828877004,0.177503905458491,5,4,760,173,3
32,relu,0.3,16,relu,0.0,0.55,0.8067940552016986,0.5124639684687334,0.03932584269662921,0.9856020942408377,0.3888888888888889,0.814935064935065,0.07142857142857142,0.16890977247027603,7,11,753,171,3
32,tanh,0.2,16,tanh,0.1,0.55,0.807855626326964,0.5109638802282487,0.033707865168539325,0.9882198952879581,0.4,0.81445523193096,0.06217616580310881,0.16578828166362727,6,9,755,172,3
32,tanh,0.3,8,relu,0.1,0.55,0.8099787685774947,0.5058091652450144,0.016853932584269662,0.9947643979057592,0.42857142857142855,0.8128342245989305,0.032432432432432434,0.15581672871513452,3,4,760,175,3
32,relu,0.3,16,relu,0.1,0.55,0.8110403397027601,0.5021545385022648,0.0056179775280898875,0.9986910994764397,0.5,0.8117021276595745,0.011111111111111112,0.1543634919701159,1,1,763,177,3
64,tanh,0.2,8,relu,0.0,0.55,0.8046709129511678,0.5068459909406435,0.028089887640449437,0.9856020942408377,0.3125,0.8131749460043196,0.05154639175257732,0.15228211953644333,5,11,753,173,3
64,relu,0.2,8,relu,0.0,0.25,0.25583864118895966,0.5412303664921466,1.0,0.0824607329842932,0.2025028441410694,1.0,0.336802270577105,-inf,178,701,63,0,3
64,relu,0.2,8,relu,0.1,0.25,0.2537154989384289,0.5399214659685864,1.0,0.07984293193717278,0.20204313280363223,1.0,0.336166194523135,-inf,178,703,61,0,3
64,relu,0.3,8,relu,0.0,0.25,0.2526539278131635,0.5392670157068062,1.0,0.07853403141361257,0.2018140589569161,1.0,0.33584905660377357,-inf,178,704,60,0,3
32,relu,0.2,16,relu,0.0,0.25,0.2526539278131635,0.5392670157068062,1.0,0.07853403141361257,0.2018140589569161,1.0,0.33584905660377357,-inf,178,704,60,0,3
64,relu,0.2,16,tanh,0.0,0.25,0.2515923566878981,0.5386125654450262,1.0,0.07722513089005235,0.2015855039637599,1.0,0.3355325164938737,-inf,178,705,59,0,3
64,tanh,0.3,8,relu,0.1,0.25,0.2515923566878981,0.5386125654450262,1.0,0.07722513089005235,0.2015855039637599,1.0,0.3355325164938737,-inf,178,705,59,0,3
64,tanh,0.3,8,tanh,0.0,0.3,0.2505307855626327,0.5379581151832461,1.0,0.07591623036649214,0.20135746606334842,1.0,0.3352165725047081,-inf,178,706,58,0,3
64,tanh,0.3,8,relu,0.0,0.25,0.2494692144373673,0.537303664921466,1.0,0.07460732984293193,0.20112994350282487,1.0,0.33490122295390407,-inf,178,707,57,0,3
32,relu,0.2,8,tanh,0.0,0.25,0.2484076433121019,0.5366492146596858,1.0,0.07329842931937172,0.20090293453724606,1.0,0.33458646616541354,-inf,178,708,56,0,3
64,relu,0.2,16,relu,0.1,0.25,0.24734607218683652,0.5359947643979057,1.0,0.07198952879581152,0.20067643742953778,1.0,0.3342723004694836,-inf,178,709,55,0,3
64,relu,0.3,8,relu,0.1,0.25,0.24628450106157113,0.5353403141361257,1.0,0.07068062827225131,0.20045045045045046,1.0,0.3339587242026266,-inf,178,710,54,0,3
64,tanh,0.3,8,tanh,0.1,0.3,0.24522292993630573,0.5346858638743456,1.0,0.0693717277486911,0.20022497187851518,1.0,0.3336457357075914,-inf,178,711,53,0,3
64,tanh,0.2,16,tanh,0.0,0.35,0.24203821656050956,0.5327225130890052,1.0,0.06544502617801047,0.19955156950672645,1.0,0.33271028037383177,-inf,178,714,50,0,3
32,relu,0.2,16,tanh,0.0,0.25,0.23885350318471338,0.5307591623036649,1.0,0.061518324607329845,0.19888268156424582,1.0,0.3317800559179869,-inf,178,717,47,0,3
32,tanh,0.3,8,tanh,0.0,0.35,0.23885350318471338,0.5307591623036649,1.0,0.061518324607329845,0.19888268156424582,1.0,0.3317800559179869,-inf,178,717,47,0,3
32,tanh,0.2,16,relu,0.0,0.25,0.23885350318471338,0.5307591623036649,1.0,0.061518324607329845,0.19888268156424582,1.0,0.3317800559179869,-inf,178,717,47,0,3
64,relu,0.3,16,relu,0.1,0.25,0.2367303609341826,0.5294502617801047,1.0,0.058900523560209424,0.19843924191750278,1.0,0.3311627906976744,-inf,178,719,45,0,3
64,relu,0.3,16,relu,0.0,0.25,0.2346072186836518,0.5281413612565445,1.0,0.056282722513089,0.19799777530589543,1.0,0.3305478180129991,-inf,178,721,43,0,3
64,tanh,0.2,8,tanh,0.1,0.3,0.23248407643312102,0.5268324607329843,1.0,0.05366492146596859,0.19755826859045506,1.0,0.329935125115848,-inf,178,723,41,0,3
64,relu,0.3,8,tanh,0.1,0.25,0.23036093418259024,0.525523560209424,1.0,0.051047120418848166,0.19712070874861573,1.0,0.32932469935245146,-inf,178,725,39,0,3
64,relu,0.2,8,tanh,0.1,0.25,0.22823779193205945,0.5242146596858639,1.0,0.04842931937172775,0.19668508287292819,1.0,0.32871652816251157,-inf,178,727,37,0,3
64,relu,0.3,16,tanh,0.0,0.25,0.22611464968152867,0.5229057591623036,1.0,0.04581151832460733,0.19625137816979052,1.0,0.328110599078341,-inf,178,729,35,0,3
64,relu,0.2,16,tanh,0.1,0.25,0.2218683651804671,0.5202879581151832,1.0,0.04057591623036649,0.19538968166849616,1.0,0.3269054178145087,-inf,178,733,31,0,3
64,tanh,0.3,16,relu,0.1,0.25,0.2218683651804671,0.5202879581151832,1.0,0.04057591623036649,0.19538968166849616,1.0,0.3269054178145087,-inf,178,733,31,0,3
64,tanh,0.2,16,relu,0.1,0.25,0.2208067940552017,0.5196335078534031,1.0,0.03926701570680628,0.19517543859649122,1.0,0.326605504587156,-inf,178,734,30,0,3
32,tanh,0.2,16,relu,0.1,0.3,0.2208067940552017,0.5196335078534031,1.0,0.03926701570680628,0.19517543859649122,1.0,0.326605504587156,-inf,178,734,30,0,3
32,relu,0.3,16,tanh,0.0,0.25,0.2197452229299363,0.518979057591623,1.0,0.03795811518324607,0.1949616648411829,1.0,0.32630614115490375,-inf,178,735,29,0,3
32,relu,0.2,16,tanh,0.1,0.25,0.2197452229299363,0.518979057591623,1.0,0.03795811518324607,0.1949616648411829,1.0,0.32630614115490375,-inf,178,735,29,0,3
32,tanh,0.3,16,relu,0.0,0.25,0.21868365180467092,0.518324607329843,1.0,0.03664921465968586,0.19474835886214442,1.0,0.326007326007326,-inf,178,736,28,0,3
32,relu,0.2,8,relu,0.0,0.3,0.21337579617834396,0.5150523560209425,1.0,0.030104712041884817,0.19368879216539717,1.0,0.3245214220601641,-inf,178,741,23,0,3
64,relu,0.3,16,tanh,0.1,0.25,0.21231422505307856,0.5143979057591623,1.0,0.028795811518324606,0.1934782608695652,1.0,0.3242258652094718,-inf,178,742,22,0,3
32,tanh,0.3,8,relu,0.0,0.4,0.2091295116772824,0.512434554973822,1.0,0.024869109947643978,0.19284940411700974,1.0,0.32334241598546776,-inf,178,745,19,0,3
32,tanh,0.2,16,tanh,0.0,0.3,0.2091295116772824,0.512434554973822,1.0,0.024869109947643978,0.19284940411700974,1.0,0.32334241598546776,-inf,178,745,19,0,3
64,relu,0.2,8,tanh,0.0,0.25,0.208067940552017,0.5117801047120419,1.0,0.02356020942408377,0.19264069264069264,1.0,0.32304900181488205,-inf,178,746,18,0,3
32,tanh,0.3,16,relu,0.1,0.25,0.208067940552017,0.5117801047120419,1.0,0.02356020942408377,0.19264069264069264,1.0,0.32304900181488205,-inf,178,746,18,0,3
32,tanh,0.3,8,relu,0.1,0.3,0.2070063694267516,0.5111256544502618,1.0,0.02225130890052356,0.19243243243243244,1.0,0.3227561196736174,-inf,178,747,17,0,3
64,tanh,0.3,16,relu,0.0,0.3,0.2059447983014862,0.5104712041884817,1.0,0.020942408376963352,0.19222462203023757,1.0,0.322463768115942,-inf,178,748,16,0,3
64,tanh,0.2,8,relu,0.0,0.35,0.2059447983014862,0.5104712041884817,1.0,0.020942408376963352,0.19222462203023757,1.0,0.322463768115942,-inf,178,748,16,0,3
32,relu,0.2,16,relu,0.1,0.3,0.2059447983014862,0.5104712041884817,1.0,0.020942408376963352,0.19222462203023757,1.0,0.322463768115942,-inf,178,748,16,0,3
32,tanh,0.2,8,tanh,0.1,0.25,0.20488322717622082,0.5098167539267016,1.0,0.01963350785340314,0.19201725997842503,1.0,0.3221719457013575,-inf,178,749,15,0,3
64,relu,0.3,8,tanh,0.0,0.25,0.20382165605095542,0.5091623036649214,1.0,0.01832460732984293,0.19181034482758622,1.0,0.321880650994575,-inf,178,750,14,0,3
64,tanh,0.3,16,tanh,0.1,0.3,0.19851380042462846,0.5058900523560209,1.0,0.011780104712041885,0.1907824222936763,1.0,0.32043204320432045,-inf,178,755,9,0,3
32,tanh,0.2,8,relu,0.1,0.3,0.19851380042462846,0.5058900523560209,1.0,0.011780104712041885,0.1907824222936763,1.0,0.32043204320432045,-inf,178,755,9,0,3
64,relu,0.2,16,relu,0.0,0.2,0.19745222929936307,0.5052356020942408,1.0,0.010471204188481676,0.1905781584582441,1.0,0.32014388489208634,-inf,178,756,8,0,3
64,tanh,0.3,8,relu,0.1,0.2,0.1942675159235669,0.5032722513089005,1.0,0.006544502617801047,0.18996798292422626,1.0,0.31928251121076234,-inf,178,759,5,0,3
32,relu,0.3,16,tanh,0.1,0.25,0.1942675159235669,0.5032722513089005,1.0,0.006544502617801047,0.18996798292422626,1.0,0.31928251121076234,-inf,178,759,5,0,3
32,relu,0.2,8,tanh,0.1,0.25,0.1932059447983015,0.5026178010471204,1.0,0.005235602094240838,0.18976545842217485,1.0,0.31899641577060933,-inf,178,760,4,0,3
64,tanh,0.2,16,tanh,0.1,0.25,0.1921443736730361,0.5019633507853403,1.0,0.003926701570680628,0.18956336528221512,1.0,0.3187108325872874,-inf,178,761,3,0,3
64,tanh,0.2,8,relu,0.1,0.35,0.1921443736730361,0.5019633507853403,1.0,0.003926701570680628,0.18956336528221512,1.0,0.3187108325872874,-inf,178,761,3,0,3
64,tanh,0.2,8,tanh,0.0,0.3,0.1921443736730361,0.5019633507853403,1.0,0.003926701570680628,0.18956336528221512,1.0,0.3187108325872874,-inf,178,761,3,0,3
32,tanh,0.3,8,tanh,0.1,0.35,0.1921443736730361,0.5019633507853403,1.0,0.003926701570680628,0.18956336528221512,1.0,0.3187108325872874,-inf,178,761,3,0,3
64,relu,0.3,8,relu,0.1,0.2,0.1910828025477707,0.5013089005235603,1.0,0.002617801047120419,0.18936170212765957,1.0,0.3184257602862254,-inf,178,762,2,0,3
64,relu,0.2,8,relu,0.0,0.2,0.1910828025477707,0.5013089005235603,1.0,0.002617801047120419,0.18936170212765957,1.0,0.3184257602862254,-inf,178,762,2,0,3
64,tanh,0.3,16,tanh,0.0,0.3,0.1910828025477707,0.5013089005235603,1.0,0.002617801047120419,0.18936170212765957,1.0,0.3184257602862254,-inf,178,762,2,0,3
64,tanh,0.3,8,relu,0.0,0.2,0.1910828025477707,0.5013089005235603,1.0,0.002617801047120419,0.18936170212765957,1.0,0.3184257602862254,-inf,178,762,2,0,3
64,tanh,0.2,16,relu,0.0,0.25,0.1910828025477707,0.5013089005235603,1.0,0.002617801047120419,0.18936170212765957,1.0,0.3184257602862254,-inf,178,762,2,0,3
32,relu,0.2,16,relu,0.0,0.2,0.1910828025477707,0.5013089005235603,1.0,0.002617801047120419,0.18936170212765957,1.0,0.3184257602862254,-inf,178,762,2,0,3
64,relu,0.3,8,relu,0.0,0.2,0.19002123142250532,0.5006544502617801,1.0,0.0013089005235602095,0.1891604675876727,1.0,0.31814119749776587,-inf,178,763,1,0,3
64,relu,0.2,16,tanh,0.0,0.2,0.19002123142250532,0.5006544502617801,1.0,0.0013089005235602095,0.1891604675876727,1.0,0.31814119749776587,-inf,178,763,1,0,3
64,relu,0.2,8,relu,0.1,0.2,0.19002123142250532,0.5006544502617801,1.0,0.0013089005235602095,0.1891604675876727,1.0,0.31814119749776587,-inf,178,763,1,0,3
32,relu,0.3,8,tanh,0.0,0.3,0.19002123142250532,0.5006544502617801,1.0,0.0013089005235602095,0.1891604675876727,1.0,0.31814119749776587,-inf,178,763,1,0,3
32,tanh,0.2,16,relu,0.0,0.2,0.19002123142250532,0.5006544502617801,1.0,0.0013089005235602095,0.1891604675876727,1.0,0.31814119749776587,-inf,178,763,1,0,3
64,relu,0.3,16,relu,0.1,0.1,0.18895966029723993,0.5,1.0,0.0,0.18895966029723993,0.0,0.31785714285714284,-inf,178,764,0,0,3
64,relu,0.3,16,relu,0.1,0.15,0.18895966029723993,0.5,1.0,0.0,0.18895966029723993,0.0,0.31785714285714284,-inf,178,764,0,0,3
64,relu,0.3,16,relu,0.1,0.2,0.18895966029723993,0.5,1.0,0.0,0.18895966029723993,0.0,0.31785714285714284,-inf,178,764,0,0,3
64,relu,0.3,16,relu,0.0,0.1,0.18895966029723993,0.5,1.0,0.0,0.18895966029723993,0.0,0.31785714285714284,-inf,178,764,0,0,3
64,relu,0.3,16,relu,0.0,0.15,0.18895966029723993,0.5,1.0,0.0,0.18895966029723993,0.0,0.31785714285714284,-inf,178,764,0,0,3
64,relu,0.3,16,relu,0.0,0.2,0.18895966029723993,0.5,1.0,0.0,0.18895966029723993,0.0,0.31785714285714284,-inf,178,764,0,0,3
64,relu,0.3,16,tanh,0.1,0.1,0.18895966029723993,0.5,1.0,0.0,0.18895966029723993,0.0,0.31785714285714284,-inf,178,764,0,0,3
64,relu,0.3,16,tanh,0.1,0.15,0.18895966029723993,0.5,1.0,0.0,0.18895966029723993,0.0,0.31785714285714284,-inf,178,764,0,0,3
64,relu,0.3,16,tanh,0.1,0.2,0.18895966029723993,0.5,1.0,0.0,0.18895966029723993,0.0,0.31785714285714284,-inf,178,764,0,0,3
64,relu,0.3,16,tanh,0.0,0.1,0.18895966029723993,0.5,1.0,0.0,0.18895966029723993,0.0,0.31785714285714284,-inf,178,764,0,0,3
64,relu,0.3,16,tanh,0.0,0.15,0.18895966029723993,0.5,1.0,0.0,0.18895966029723993,0.0,0.31785714285714284,-inf,178,764,0,0,3
64,relu,0.3,16,tanh,0.0,0.2,0.18895966029723993,0.5,1.0,0.0,0.18895966029723993,0.0,0.31785714285714284,-inf,178,764,0,0,3
64,relu,0.3,8,relu,0.1,0.1,0.18895966029723993,0.5,1.0,0.0,0.18895966029723993,0.0,0.31785714285714284,-inf,178,764,0,0,3
64,relu,0.3,8,relu,0.1,0.15,0.18895966029723993,0.5,1.0,0.0,0.18895966029723993,0.0,0.31785714285714284,-inf,178,764,0,0,3
64,relu,0.3,8,relu,0.0,0.1,0.18895966029723993,0.5,1.0,0.0,0.18895966029723993,0.0,0.31785714285714284,-inf,178,764,0,0,3
64,relu,0.3,8,relu,0.0,0.15,0.18895966029723993,0.5,1.0,0.0,0.18895966029723993,0.0,0.31785714285714284,-inf,178,764,0,0,3
64,relu,0.3,8,tanh,0.1,0.1,0.18895966029723993,0.5,1.0,0.0,0.18895966029723993,0.0,0.31785714285714284,-inf,178,764,0,0,3
64,relu,0.3,8,tanh,0.1,0.15,0.18895966029723993,0.5,1.0,0.0,0.18895966029723993,0.0,0.31785714285714284,-inf,178,764,0,0,3
64,relu,0.3,8,tanh,0.1,0.2,0.18895966029723993,0.5,1.0,0.0,0.18895966029723993,0.0,0.31785714285714284,-inf,178,764,0,0,3
64,relu,0.3,8,tanh,0.0,0.1,0.18895966029723993,0.5,1.0,0.0,0.18895966029723993,0.0,0.31785714285714284,-inf,178,764,0,0,3
64,relu,0.3,8,tanh,0.0,0.15,0.18895966029723993,0.5,1.0,0.0,0.18895966029723993,0.0,0.31785714285714284,-inf,178,764,0,0,3
64,relu,0.3,8,tanh,0.0,0.2,0.18895966029723993,0.5,1.0,0.0,0.18895966029723993,0.0,0.31785714285714284,-inf,178,764,0,0,3
64,relu,0.2,16,relu,0.1,0.1,0.18895966029723993,0.5,1.0,0.0,0.18895966029723993,0.0,0.31785714285714284,-inf,178,764,0,0,3
64,relu,0.2,16,relu,0.1,0.15,0.18895966029723993,0.5,1.0,0.0,0.18895966029723993,0.0,0.31785714285714284,-inf,178,764,0,0,3
64,relu,0.2,16,relu,0.1,0.2,0.18895966029723993,0.5,1.0,0.0,0.18895966029723993,0.0,0.31785714285714284,-inf,178,764,0,0,3
64,relu,0.2,16,relu,0.0,0.1,0.18895966029723993,0.5,1.0,0.0,0.18895966029723993,0.0,0.31785714285714284,-inf,178,764,0,0,3
64,relu,0.2,16,relu,0.0,0.15,0.18895966029723993,0.5,1.0,0.0,0.18895966029723993,0.0,0.31785714285714284,-inf,178,764,0,0,3
64,relu,0.2,16,tanh,0.1,0.1,0.18895966029723993,0.5,1.0,0.0,0.18895966029723993,0.0,0.31785714285714284,-inf,178,764,0,0,3
64,relu,0.2,16,tanh,0.1,0.15,0.18895966029723993,0.5,1.0,0.0,0.18895966029723993,0.0,0.31785714285714284,-inf,178,764,0,0,3
64,relu,0.2,16,tanh,0.1,0.2,0.18895966029723993,0.5,1.0,0.0,0.18895966029723993,0.0,0.31785714285714284,-inf,178,764,0,0,3
64,relu,0.2,16,tanh,0.0,0.1,0.18895966029723993,0.5,1.0,0.0,0.18895966029723993,0.0,0.31785714285714284,-inf,178,764,0,0,3
64,relu,0.2,16,tanh,0.0,0.15,0.18895966029723993,0.5,1.0,0.0,0.18895966029723993,0.0,0.31785714285714284,-inf,178,764,0,0,3
64,relu,0.2,8,relu,0.1,0.1,0.18895966029723993,0.5,1.0,0.0,0.18895966029723993,0.0,0.31785714285714284,-inf,178,764,0,0,3
64,relu,0.2,8,relu,0.1,0.15,0.18895966029723993,0.5,1.0,0.0,0.18895966029723993,0.0,0.31785714285714284,-inf,178,764,0,0,3
64,relu,0.2,8,relu,0.0,0.1,0.18895966029723993,0.5,1.0,0.0,0.18895966029723993,0.0,0.31785714285714284,-inf,178,764,0,0,3
64,relu,0.2,8,relu,0.0,0.15,0.18895966029723993,0.5,1.0,0.0,0.18895966029723993,0.0,0.31785714285714284,-inf,178,764,0,0,3
64,relu,0.2,8,tanh,0.1,0.1,0.18895966029723993,0.5,1.0,0.0,0.18895966029723993,0.0,0.31785714285714284,-inf,178,764,0,0,3
64,relu,0.2,8,tanh,0.1,0.15,0.18895966029723993,0.5,1.0,0.0,0.18895966029723993,0.0,0.31785714285714284,-inf,178,764,0,0,3
64,relu,0.2,8,tanh,0.1,0.2,0.18895966029723993,0.5,1.0,0.0,0.18895966029723993,0.0,0.31785714285714284,-inf,178,764,0,0,3
64,relu,0.2,8,tanh,0.0,0.1,0.18895966029723993,0.5,1.0,0.0,0.18895966029723993,0.0,0.31785714285714284,-inf,178,764,0,0,3
64,relu,0.2,8,tanh,0.0,0.15,0.18895966029723993,0.5,1.0,0.0,0.18895966029723993,0.0,0.31785714285714284,-inf,178,764,0,0,3
64,relu,0.2,8,tanh,0.0,0.2,0.18895966029723993,0.5,1.0,0.0,0.18895966029723993,0.0,0.31785714285714284,-inf,178,764,0,0,3
64,tanh,0.3,16,relu,0.1,0.1,0.18895966029723993,0.5,1.0,0.0,0.18895966029723993,0.0,0.31785714285714284,-inf,178,764,0,0,3
64,tanh,0.3,16,relu,0.1,0.15,0.18895966029723993,0.5,1.0,0.0,0.18895966029723993,0.0,0.31785714285714284,-inf,178,764,0,0,3
64,tanh,0.3,16,relu,0.1,0.2,0.18895966029723993,0.5,1.0,0.0,0.18895966029723993,0.0,0.31785714285714284,-inf,178,764,0,0,3
64,tanh,0.3,16,relu,0.0,0.1,0.18895966029723993,0.5,1.0,0.0,0.18895966029723993,0.0,0.31785714285714284,-inf,178,764,0,0,3
64,tanh,0.3,16,relu,0.0,0.15,0.18895966029723993,0.5,1.0,0.0,0.18895966029723993,0.0,0.31785714285714284,-inf,178,764,0,0,3
64,tanh,0.3,16,relu,0.0,0.2,0.18895966029723993,0.5,1.0,0.0,0.18895966029723993,0.0,0.31785714285714284,-inf,178,764,0,0,3
64,tanh,0.3,16,relu,0.0,0.25,0.18895966029723993,0.5,1.0,0.0,0.18895966029723993,0.0,0.31785714285714284,-inf,178,764,0,0,3
64,tanh,0.3,16,tanh,0.1,0.1,0.18895966029723993,0.5,1.0,0.0,0.18895966029723993,0.0,0.31785714285714284,-inf,178,764,0,0,3
64,tanh,0.3,16,tanh,0.1,0.15,0.18895966029723993,0.5,1.0,0.0,0.18895966029723993,0.0,0.31785714285714284,-inf,178,764,0,0,3
64,tanh,0.3,16,tanh,0.1,0.2,0.18895966029723993,0.5,1.0,0.0,0.18895966029723993,0.0,0.31785714285714284,-inf,178,764,0,0,3
64,tanh,0.3,16,tanh,0.1,0.25,0.18895966029723993,0.5,1.0,0.0,0.18895966029723993,0.0,0.31785714285714284,-inf,178,764,0,0,3
64,tanh,0.3,16,tanh,0.0,0.1,0.18895966029723993,0.5,1.0,0.0,0.18895966029723993,0.0,0.31785714285714284,-inf,178,764,0,0,3
64,tanh,0.3,16,tanh,0.0,0.15,0.18895966029723993,0.5,1.0,0.0,0.18895966029723993,0.0,0.31785714285714284,-inf,178,764,0,0,3
64,tanh,0.3,16,tanh,0.0,0.2,0.18895966029723993,0.5,1.0,0.0,0.18895966029723993,0.0,0.31785714285714284,-inf,178,764,0,0,3
64,tanh,0.3,16,tanh,0.0,0.25,0.18895966029723993,0.5,1.0,0.0,0.18895966029723993,0.0,0.31785714285714284,-inf,178,764,0,0,3
64,tanh,0.3,8,relu,0.1,0.1,0.18895966029723993,0.5,1.0,0.0,0.18895966029723993,0.0,0.31785714285714284,-inf,178,764,0,0,3
64,tanh,0.3,8,relu,0.1,0.15,0.18895966029723993,0.5,1.0,0.0,0.18895966029723993,0.0,0.31785714285714284,-inf,178,764,0,0,3
64,tanh,0.3,8,relu,0.0,0.1,0.18895966029723993,0.5,1.0,0.0,0.18895966029723993,0.0,0.31785714285714284,-inf,178,764,0,0,3
64,tanh,0.3,8,relu,0.0,0.15,0.18895966029723993,0.5,1.0,0.0,0.18895966029723993,0.0,0.31785714285714284,-inf,178,764,0,0,3
64,tanh,0.3,8,tanh,0.1,0.1,0.18895966029723993,0.5,1.0,0.0,0.18895966029723993,0.0,0.31785714285714284,-inf,178,764,0,0,3
64,tanh,0.3,8,tanh,0.1,0.15,0.18895966029723993,0.5,1.0,0.0,0.18895966029723993,0.0,0.31785714285714284,-inf,178,764,0,0,3
64,tanh,0.3,8,tanh,0.1,0.2,0.18895966029723993,0.5,1.0,0.0,0.18895966029723993,0.0,0.31785714285714284,-inf,178,764,0,0,3
64,tanh,0.3,8,tanh,0.1,0.25,0.18895966029723993,0.5,1.0,0.0,0.18895966029723993,0.0,0.31785714285714284,-inf,178,764,0,0,3
64,tanh,0.3,8,tanh,0.0,0.1,0.18895966029723993,0.5,1.0,0.0,0.18895966029723993,0.0,0.31785714285714284,-inf,178,764,0,0,3
64,tanh,0.3,8,tanh,0.0,0.15,0.18895966029723993,0.5,1.0,0.0,0.18895966029723993,0.0,0.31785714285714284,-inf,178,764,0,0,3
64,tanh,0.3,8,tanh,0.0,0.2,0.18895966029723993,0.5,1.0,0.0,0.18895966029723993,0.0,0.31785714285714284,-inf,178,764,0,0,3
64,tanh,0.3,8,tanh,0.0,0.25,0.18895966029723993,0.5,1.0,0.0,0.18895966029723993,0.0,0.31785714285714284,-inf,178,764,0,0,3
64,tanh,0.2,16,relu,0.1,0.1,0.18895966029723993,0.5,1.0,0.0,0.18895966029723993,0.0,0.31785714285714284,-inf,178,764,0,0,3
64,tanh,0.2,16,relu,0.1,0.15,0.18895966029723993,0.5,1.0,0.0,0.18895966029723993,0.0,0.31785714285714284,-inf,178,764,0,0,3
64,tanh,0.2,16,relu,0.1,0.2,0.18895966029723993,0.5,1.0,0.0,0.18895966029723993,0.0,0.31785714285714284,-inf,178,764,0,0,3
64,tanh,0.2,16,relu,0.0,0.1,0.18895966029723993,0.5,1.0,0.0,0.18895966029723993,0.0,0.31785714285714284,-inf,178,764,0,0,3
64,tanh,0.2,16,relu,0.0,0.15,0.18895966029723993,0.5,1.0,0.0,0.18895966029723993,0.0,0.31785714285714284,-inf,178,764,0,0,3
64,tanh,0.2,16,relu,0.0,0.2,0.18895966029723993,0.5,1.0,0.0,0.18895966029723993,0.0,0.31785714285714284,-inf,178,764,0,0,3
64,tanh,0.2,16,tanh,0.1,0.1,0.18895966029723993,0.5,1.0,0.0,0.18895966029723993,0.0,0.31785714285714284,-inf,178,764,0,0,3
64,tanh,0.2,16,tanh,0.1,0.15,0.18895966029723993,0.5,1.0,0.0,0.18895966029723993,0.0,0.31785714285714284,-inf,178,764,0,0,3
64,tanh,0.2,16,tanh,0.1,0.2,0.18895966029723993,0.5,1.0,0.0,0.18895966029723993,0.0,0.31785714285714284,-inf,178,764,0,0,3
64,tanh,0.2,16,tanh,0.0,0.1,0.18895966029723993,0.5,1.0,0.0,0.18895966029723993,0.0,0.31785714285714284,-inf,178,764,0,0,3
64,tanh,0.2,16,tanh,0.0,0.15,0.18895966029723993,0.5,1.0,0.0,0.18895966029723993,0.0,0.31785714285714284,-inf,178,764,0,0,3
64,tanh,0.2,16,tanh,0.0,0.2,0.18895966029723993,0.5,1.0,0.0,0.18895966029723993,0.0,0.31785714285714284,-inf,178,764,0,0,3
64,tanh,0.2,16,tanh,0.0,0.25,0.18895966029723993,0.5,1.0,0.0,0.18895966029723993,0.0,0.31785714285714284,-inf,178,764,0,0,3
64,tanh,0.2,16,tanh,0.0,0.3,0.18895966029723993,0.5,1.0,0.0,0.18895966029723993,0.0,0.31785714285714284,-inf,178,764,0,0,3
64,tanh,0.2,8,relu,0.1,0.1,0.18895966029723993,0.5,1.0,0.0,0.18895966029723993,0.0,0.31785714285714284,-inf,178,764,0,0,3
64,tanh,0.2,8,relu,0.1,0.15,0.18895966029723993,0.5,1.0,0.0,0.18895966029723993,0.0,0.31785714285714284,-inf,178,764,0,0,3
64,tanh,0.2,8,relu,0.1,0.2,0.18895966029723993,0.5,1.0,0.0,0.18895966029723993,0.0,0.31785714285714284,-inf,178,764,0,0,3
64,tanh,0.2,8,relu,0.1,0.25,0.18895966029723993,0.5,1.0,0.0,0.18895966029723993,0.0,0.31785714285714284,-inf,178,764,0,0,3
64,tanh,0.2,8,relu,0.1,0.3,0.18895966029723993,0.5,1.0,0.0,0.18895966029723993,0.0,0.31785714285714284,-inf,178,764,0,0,3
64,tanh,0.2,8,relu,0.0,0.1,0.18895966029723993,0.5,1.0,0.0,0.18895966029723993,0.0,0.31785714285714284,-inf,178,764,0,0,3
64,tanh,0.2,8,relu,0.0,0.15,0.18895966029723993,0.5,1.0,0.0,0.18895966029723993,0.0,0.31785714285714284,-inf,178,764,0,0,3
64,tanh,0.2,8,relu,0.0,0.2,0.18895966029723993,0.5,1.0,0.0,0.18895966029723993,0.0,0.31785714285714284,-inf,178,764,0,0,3
64,tanh,0.2,8,relu,0.0,0.25,0.18895966029723993,0.5,1.0,0.0,0.18895966029723993,0.0,0.31785714285714284,-inf,178,764,0,0,3
64,tanh,0.2,8,relu,0.0,0.3,0.18895966029723993,0.5,1.0,0.0,0.18895966029723993,0.0,0.31785714285714284,-inf,178,764,0,0,3
64,tanh,0.2,8,tanh,0.1,0.1,0.18895966029723993,0.5,1.0,0.0,0.18895966029723993,0.0,0.31785714285714284,-inf,178,764,0,0,3
64,tanh,0.2,8,tanh,0.1,0.15,0.18895966029723993,0.5,1.0,0.0,0.18895966029723993,0.0,0.31785714285714284,-inf,178,764,0,0,3
64,tanh,0.2,8,tanh,0.1,0.2,0.18895966029723993,0.5,1.0,0.0,0.18895966029723993,0.0,0.31785714285714284,-inf,178,764,0,0,3
64,tanh,0.2,8,tanh,0.1,0.25,0.18895966029723993,0.5,1.0,0.0,0.18895966029723993,0.0,0.31785714285714284,-inf,178,764,0,0,3
64,tanh,0.2,8,tanh,0.0,0.1,0.18895966029723993,0.5,1.0,0.0,0.18895966029723993,0.0,0.31785714285714284,-inf,178,764,0,0,3
64,tanh,0.2,8,tanh,0.0,0.15,0.18895966029723993,0.5,1.0,0.0,0.18895966029723993,0.0,0.31785714285714284,-inf,178,764,0,0,3
64,tanh,0.2,8,tanh,0.0,0.2,0.18895966029723993,0.5,1.0,0.0,0.18895966029723993,0.0,0.31785714285714284,-inf,178,764,0,0,3
64,tanh,0.2,8,tanh,0.0,0.25,0.18895966029723993,0.5,1.0,0.0,0.18895966029723993,0.0,0.31785714285714284,-inf,178,764,0,0,3
32,relu,0.3,16,relu,0.1,0.1,0.18895966029723993,0.5,1.0,0.0,0.18895966029723993,0.0,0.31785714285714284,-inf,178,764,0,0,3
32,relu,0.3,16,relu,0.1,0.15,0.18895966029723993,0.5,1.0,0.0,0.18895966029723993,0.0,0.31785714285714284,-inf,178,764,0,0,3
32,relu,0.3,16,relu,0.1,0.2,0.18895966029723993,0.5,1.0,0.0,0.18895966029723993,0.0,0.31785714285714284,-inf,178,764,0,0,3
32,relu,0.3,16,relu,0.1,0.25,0.18895966029723993,0.5,1.0,0.0,0.18895966029723993,0.0,0.31785714285714284,-inf,178,764,0,0,3
32,relu,0.3,16,relu,0.1,0.3,0.18895966029723993,0.5,1.0,0.0,0.18895966029723993,0.0,0.31785714285714284,-inf,178,764,0,0,3
32,relu,0.3,16,relu,0.1,0.35,0.18895966029723993,0.5,1.0,0.0,0.18895966029723993,0.0,0.31785714285714284,-inf,178,764,0,0,3
32,relu,0.3,16,relu,0.0,0.1,0.18895966029723993,0.5,1.0,0.0,0.18895966029723993,0.0,0.31785714285714284,-inf,178,764,0,0,3
32,relu,0.3,16,relu,0.0,0.15,0.18895966029723993,0.5,1.0,0.0,0.18895966029723993,0.0,0.31785714285714284,-inf,178,764,0,0,3
32,relu,0.3,16,relu,0.0,0.2,0.18895966029723993,0.5,1.0,0.0,0.18895966029723993,0.0,0.31785714285714284,-inf,178,764,0,0,3
32,relu,0.3,16,relu,0.0,0.25,0.18895966029723993,0.5,1.0,0.0,0.18895966029723993,0.0,0.31785714285714284,-inf,178,764,0,0,3
32,relu,0.3,16,relu,0.0,0.3,0.18895966029723993,0.5,1.0,0.0,0.18895966029723993,0.0,0.31785714285714284,-inf,178,764,0,0,3
32,relu,0.3,16,tanh,0.1,0.1,0.18895966029723993,0.5,1.0,0.0,0.18895966029723993,0.0,0.31785714285714284,-inf,178,764,0,0,3
32,relu,0.3,16,tanh,0.1,0.15,0.18895966029723993,0.5,1.0,0.0,0.18895966029723993,0.0,0.31785714285714284,-inf,178,764,0,0,3
32,relu,0.3,16,tanh,0.1,0.2,0.18895966029723993,0.5,1.0,0.0,0.18895966029723993,0.0,0.31785714285714284,-inf,178,764,0,0,3
32,relu,0.3,16,tanh,0.0,0.1,0.18895966029723993,0.5,1.0,0.0,0.18895966029723993,0.0,0.31785714285714284,-inf,178,764,0,0,3
32,relu,0.3,16,tanh,0.0,0.15,0.18895966029723993,0.5,1.0,0.0,0.18895966029723993,0.0,0.31785714285714284,-inf,178,764,0,0,3
32,relu,0.3,16,tanh,0.0,0.2,0.18895966029723993,0.5,1.0,0.0,0.18895966029723993,0.0,0.31785714285714284,-inf,178,764,0,0,3
32,relu,0.3,8,relu,0.1,0.1,0.18895966029723993,0.5,1.0,0.0,0.18895966029723993,0.0,0.31785714285714284,-inf,178,764,0,0,3
32,relu,0.3,8,relu,0.1,0.15,0.18895966029723993,0.5,1.0,0.0,0.18895966029723993,0.0,0.31785714285714284,-inf,178,764,0,0,3
32,relu,0.3,8,relu,0.1,0.2,0.18895966029723993,0.5,1.0,0.0,0.18895966029723993,0.0,0.31785714285714284,-inf,178,764,0,0,3
32,relu,0.3,8,relu,0.1,0.25,0.18895966029723993,0.5,1.0,0.0,0.18895966029723993,0.0,0.31785714285714284,-inf,178,764,0,0,3
32,relu,0.3,8,relu,0.1,0.3,0.18895966029723993,0.5,1.0,0.0,0.18895966029723993,0.0,0.31785714285714284,-inf,178,764,0,0,3
32,relu,0.3,8,relu,0.1,0.35,0.18895966029723993,0.5,1.0,0.0,0.18895966029723993,0.0,0.31785714285714284,-inf,178,764,0,0,3
32,relu,0.3,8,relu,0.1,0.4,0.18895966029723993,0.5,1.0,0.0,0.18895966029723993,0.0,0.31785714285714284,-inf,178,764,0,0,3
32,relu,0.3,8,relu,0.0,0.1,0.18895966029723993,0.5,1.0,0.0,0.18895966029723993,0.0,0.31785714285714284,-inf,178,764,0,0,3
32,relu,0.3,8,relu,0.0,0.15,0.18895966029723993,0.5,1.0,0.0,0.18895966029723993,0.0,0.31785714285714284,-inf,178,764,0,0,3
32,relu,0.3,8,relu,0.0,0.2,0.18895966029723993,0.5,1.0,0.0,0.18895966029723993,0.0,0.31785714285714284,-inf,178,764,0,0,3
32,relu,0.3,8,relu,0.0,0.25,0.18895966029723993,0.5,1.0,0.0,0.18895966029723993,0.0,0.31785714285714284,-inf,178,764,0,0,3
32,relu,0.3,8,relu,0.0,0.3,0.18895966029723993,0.5,1.0,0.0,0.18895966029723993,0.0,0.31785714285714284,-inf,178,764,0,0,3
32,relu,0.3,8,tanh,0.1,0.1,0.18895966029723993,0.5,1.0,0.0,0.18895966029723993,0.0,0.31785714285714284,-inf,178,764,0,0,3
32,relu,0.3,8,tanh,0.1,0.15,0.18895966029723993,0.5,1.0,0.0,0.18895966029723993,0.0,0.31785714285714284,-inf,178,764,0,0,3
32,relu,0.3,8,tanh,0.1,0.2,0.18895966029723993,0.5,1.0,0.0,0.18895966029723993,0.0,0.31785714285714284,-inf,178,764,0,0,3
32,relu,0.3,8,tanh,0.1,0.25,0.18895966029723993,0.5,1.0,0.0,0.18895966029723993,0.0,0.31785714285714284,-inf,178,764,0,0,3
32,relu,0.3,8,tanh,0.1,0.3,0.18895966029723993,0.5,1.0,0.0,0.18895966029723993,0.0,0.31785714285714284,-inf,178,764,0,0,3
32,relu,0.3,8,tanh,0.0,0.1,0.18895966029723993,0.5,1.0,0.0,0.18895966029723993,0.0,0.31785714285714284,-inf,178,764,0,0,3
32,relu,0.3,8,tanh,0.0,0.15,0.18895966029723993,0.5,1.0,0.0,0.18895966029723993,0.0,0.31785714285714284,-inf,178,764,0,0,3
32,relu,0.3,8,tanh,0.0,0.2,0.18895966029723993,0.5,1.0,0.0,0.18895966029723993,0.0,0.31785714285714284,-inf,178,764,0,0,3
32,relu,0.3,8,tanh,0.0,0.25,0.18895966029723993,0.5,1.0,0.0,0.18895966029723993,0.0,0.31785714285714284,-inf,178,764,0,0,3
32,relu,0.2,16,relu,0.1,0.1,0.18895966029723993,0.5,1.0,0.0,0.18895966029723993,0.0,0.31785714285714284,-inf,178,764,0,0,3
32,relu,0.2,16,relu,0.1,0.15,0.18895966029723993,0.5,1.0,0.0,0.18895966029723993,0.0,0.31785714285714284,-inf,178,764,0,0,3
32,relu,0.2,16,relu,0.1,0.2,0.18895966029723993,0.5,1.0,0.0,0.18895966029723993,0.0,0.31785714285714284,-inf,178,764,0,0,3
32,relu,0.2,16,relu,0.1,0.25,0.18895966029723993,0.5,1.0,0.0,0.18895966029723993,0.0,0.31785714285714284,-inf,178,764,0,0,3
32,relu,0.2,16,relu,0.0,0.1,0.18895966029723993,0.5,1.0,0.0,0.18895966029723993,0.0,0.31785714285714284,-inf,178,764,0,0,3
32,relu,0.2,16,relu,0.0,0.15,0.18895966029723993,0.5,1.0,0.0,0.18895966029723993,0.0,0.31785714285714284,-inf,178,764,0,0,3
32,relu,0.2,16,tanh,0.1,0.1,0.18895966029723993,0.5,1.0,0.0,0.18895966029723993,0.0,0.31785714285714284,-inf,178,764,0,0,3
32,relu,0.2,16,tanh,0.1,0.15,0.18895966029723993,0.5,1.0,0.0,0.18895966029723993,0.0,0.31785714285714284,-inf,178,764,0,0,3
32,relu,0.2,16,tanh,0.1,0.2,0.18895966029723993,0.5,1.0,0.0,0.18895966029723993,0.0,0.31785714285714284,-inf,178,764,0,0,3
32,relu,0.2,16,tanh,0.0,0.1,0.18895966029723993,0.5,1.0,0.0,0.18895966029723993,0.0,0.31785714285714284,-inf,178,764,0,0,3
32,relu,0.2,16,tanh,0.0,0.15,0.18895966029723993,0.5,1.0,0.0,0.18895966029723993,0.0,0.31785714285714284,-inf,178,764,0,0,3
32,relu,0.2,16,tanh,0.0,0.2,0.18895966029723993,0.5,1.0,0.0,0.18895966029723993,0.0,0.31785714285714284,-inf,178,764,0,0,3
32,relu,0.2,8,relu,0.1,0.1,0.18895966029723993,0.5,1.0,0.0,0.18895966029723993,0.0,0.31785714285714284,-inf,178,764,0,0,3
32,relu,0.2,8,relu,0.1,0.15,0.18895966029723993,0.5,1.0,0.0,0.18895966029723993,0.0,0.31785714285714284,-inf,178,764,0,0,3
32,relu,0.2,8,relu,0.1,0.2,0.18895966029723993,0.5,1.0,0.0,0.18895966029723993,0.0,0.31785714285714284,-inf,178,764,0,0,3
32,relu,0.2,8,relu,0.1,0.25,0.18895966029723993,0.5,1.0,0.0,0.18895966029723993,0.0,0.31785714285714284,-inf,178,764,0,0,3
32,relu,0.2,8,relu,0.1,0.3,0.18895966029723993,0.5,1.0,0.0,0.18895966029723993,0.0,0.31785714285714284,-inf,178,764,0,0,3
32,relu,0.2,8,relu,0.1,0.35,0.18895966029723993,0.5,1.0,0.0,0.18895966029723993,0.0,0.31785714285714284,-inf,178,764,0,0,3
32,relu,0.2,8,relu,0.0,0.1,0.18895966029723993,0.5,1.0,0.0,0.18895966029723993,0.0,0.31785714285714284,-inf,178,764,0,0,3
32,relu,0.2,8,relu,0.0,0.15,0.18895966029723993,0.5,1.0,0.0,0.18895966029723993,0.0,0.31785714285714284,-inf,178,764,0,0,3
32,relu,0.2,8,relu,0.0,0.2,0.18895966029723993,0.5,1.0,0.0,0.18895966029723993,0.0,0.31785714285714284,-inf,178,764,0,0,3
32,relu,0.2,8,relu,0.0,0.25,0.18895966029723993,0.5,1.0,0.0,0.18895966029723993,0.0,0.31785714285714284,-inf,178,764,0,0,3
32,relu,0.2,8,tanh,0.1,0.1,0.18895966029723993,0.5,1.0,0.0,0.18895966029723993,0.0,0.31785714285714284,-inf,178,764,0,0,3
32,relu,0.2,8,tanh,0.1,0.15,0.18895966029723993,0.5,1.0,0.0,0.18895966029723993,0.0,0.31785714285714284,-inf,178,764,0,0,3
32,relu,0.2,8,tanh,0.1,0.2,0.18895966029723993,0.5,1.0,0.0,0.18895966029723993,0.0,0.31785714285714284,-inf,178,764,0,0,3
32,relu,0.2,8,tanh,0.0,0.1,0.18895966029723993,0.5,1.0,0.0,0.18895966029723993,0.0,0.31785714285714284,-inf,178,764,0,0,3
32,relu,0.2,8,tanh,0.0,0.15,0.18895966029723993,0.5,1.0,0.0,0.18895966029723993,0.0,0.31785714285714284,-inf,178,764,0,0,3
32,relu,0.2,8,tanh,0.0,0.2,0.18895966029723993,0.5,1.0,0.0,0.18895966029723993,0.0,0.31785714285714284,-inf,178,764,0,0,3
32,tanh,0.3,16,relu,0.1,0.1,0.18895966029723993,0.5,1.0,0.0,0.18895966029723993,0.0,0.31785714285714284,-inf,178,764,0,0,3
32,tanh,0.3,16,relu,0.1,0.15,0.18895966029723993,0.5,1.0,0.0,0.18895966029723993,0.0,0.31785714285714284,-inf,178,764,0,0,3
32,tanh,0.3,16,relu,0.1,0.2,0.18895966029723993,0.5,1.0,0.0,0.18895966029723993,0.0,0.31785714285714284,-inf,178,764,0,0,3
32,tanh,0.3,16,relu,0.0,0.1,0.18895966029723993,0.5,1.0,0.0,0.18895966029723993,0.0,0.31785714285714284,-inf,178,764,0,0,3
32,tanh,0.3,16,relu,0.0,0.15,0.18895966029723993,0.5,1.0,0.0,0.18895966029723993,0.0,0.31785714285714284,-inf,178,764,0,0,3
32,tanh,0.3,16,relu,0.0,0.2,0.18895966029723993,0.5,1.0,0.0,0.18895966029723993,0.0,0.31785714285714284,-inf,178,764,0,0,3
32,tanh,0.3,16,tanh,0.1,0.1,0.18895966029723993,0.5,1.0,0.0,0.18895966029723993,0.0,0.31785714285714284,-inf,178,764,0,0,3
32,tanh,0.3,16,tanh,0.1,0.15,0.18895966029723993,0.5,1.0,0.0,0.18895966029723993,0.0,0.31785714285714284,-inf,178,764,0,0,3
32,tanh,0.3,16,tanh,0.1,0.2,0.18895966029723993,0.5,1.0,0.0,0.18895966029723993,0.0,0.31785714285714284,-inf,178,764,0,0,3
32,tanh,0.3,16,tanh,0.1,0.25,0.18895966029723993,0.5,1.0,0.0,0.18895966029723993,0.0,0.31785714285714284,-inf,178,764,0,0,3
32,tanh,0.3,16,tanh,0.1,0.3,0.18895966029723993,0.5,1.0,0.0,0.18895966029723993,0.0,0.31785714285714284,-inf,178,764,0,0,3
32,tanh,0.3,16,tanh,0.0,0.1,0.18895966029723993,0.5,1.0,0.0,0.18895966029723993,0.0,0.31785714285714284,-inf,178,764,0,0,3
32,tanh,0.3,16,tanh,0.0,0.15,0.18895966029723993,0.5,1.0,0.0,0.18895966029723993,0.0,0.31785714285714284,-inf,178,764,0,0,3
32,tanh,0.3,16,tanh,0.0,0.2,0.18895966029723993,0.5,1.0,0.0,0.18895966029723993,0.0,0.31785714285714284,-inf,178,764,0,0,3
32,tanh,0.3,16,tanh,0.0,0.25,0.18895966029723993,0.5,1.0,0.0,0.18895966029723993,0.0,0.31785714285714284,-inf,178,764,0,0,3
32,tanh,0.3,16,tanh,0.0,0.3,0.18895966029723993,0.5,1.0,0.0,0.18895966029723993,0.0,0.31785714285714284,-inf,178,764,0,0,3
32,tanh,0.3,8,relu,0.1,0.1,0.18895966029723993,0.5,1.0,0.0,0.18895966029723993,0.0,0.31785714285714284,-inf,178,764,0,0,3
32,tanh,0.3,8,relu,0.1,0.15,0.18895966029723993,0.5,1.0,0.0,0.18895966029723993,0.0,0.31785714285714284,-inf,178,764,0,0,3
32,tanh,0.3,8,relu,0.1,0.2,0.18895966029723993,0.5,1.0,0.0,0.18895966029723993,0.0,0.31785714285714284,-inf,178,764,0,0,3
32,tanh,0.3,8,relu,0.1,0.25,0.18895966029723993,0.5,1.0,0.0,0.18895966029723993,0.0,0.31785714285714284,-inf,178,764,0,0,3
32,tanh,0.3,8,relu,0.0,0.1,0.18895966029723993,0.5,1.0,0.0,0.18895966029723993,0.0,0.31785714285714284,-inf,178,764,0,0,3
32,tanh,0.3,8,relu,0.0,0.15,0.18895966029723993,0.5,1.0,0.0,0.18895966029723993,0.0,0.31785714285714284,-inf,178,764,0,0,3
32,tanh,0.3,8,relu,0.0,0.2,0.18895966029723993,0.5,1.0,0.0,0.18895966029723993,0.0,0.31785714285714284,-inf,178,764,0,0,3
32,tanh,0.3,8,relu,0.0,0.25,0.18895966029723993,0.5,1.0,0.0,0.18895966029723993,0.0,0.31785714285714284,-inf,178,764,0,0,3
32,tanh,0.3,8,relu,0.0,0.3,0.18895966029723993,0.5,1.0,0.0,0.18895966029723993,0.0,0.31785714285714284,-inf,178,764,0,0,3
32,tanh,0.3,8,relu,0.0,0.35,0.18895966029723993,0.5,1.0,0.0,0.18895966029723993,0.0,0.31785714285714284,-inf,178,764,0,0,3
32,tanh,0.3,8,tanh,0.1,0.1,0.18895966029723993,0.5,1.0,0.0,0.18895966029723993,0.0,0.31785714285714284,-inf,178,764,0,0,3
32,tanh,0.3,8,tanh,0.1,0.15,0.18895966029723993,0.5,1.0,0.0,0.18895966029723993,0.0,0.31785714285714284,-inf,178,764,0,0,3
32,tanh,0.3,8,tanh,0.1,0.2,0.18895966029723993,0.5,1.0,0.0,0.18895966029723993,0.0,0.31785714285714284,-inf,178,764,0,0,3
32,tanh,0.3,8,tanh,0.1,0.25,0.18895966029723993,0.5,1.0,0.0,0.18895966029723993,0.0,0.31785714285714284,-inf,178,764,0,0,3
32,tanh,0.3,8,tanh,0.1,0.3,0.18895966029723993,0.5,1.0,0.0,0.18895966029723993,0.0,0.31785714285714284,-inf,178,764,0,0,3
32,tanh,0.3,8,tanh,0.0,0.1,0.18895966029723993,0.5,1.0,0.0,0.18895966029723993,0.0,0.31785714285714284,-inf,178,764,0,0,3
32,tanh,0.3,8,tanh,0.0,0.15,0.18895966029723993,0.5,1.0,0.0,0.18895966029723993,0.0,0.31785714285714284,-inf,178,764,0,0,3
32,tanh,0.3,8,tanh,0.0,0.2,0.18895966029723993,0.5,1.0,0.0,0.18895966029723993,0.0,0.31785714285714284,-inf,178,764,0,0,3
32,tanh,0.3,8,tanh,0.0,0.25,0.18895966029723993,0.5,1.0,0.0,0.18895966029723993,0.0,0.31785714285714284,-inf,178,764,0,0,3
32,tanh,0.3,8,tanh,0.0,0.3,0.18895966029723993,0.5,1.0,0.0,0.18895966029723993,0.0,0.31785714285714284,-inf,178,764,0,0,3
32,tanh,0.2,16,relu,0.1,0.1,0.18895966029723993,0.5,1.0,0.0,0.18895966029723993,0.0,0.31785714285714284,-inf,178,764,0,0,3
32,tanh,0.2,16,relu,0.1,0.15,0.18895966029723993,0.5,1.0,0.0,0.18895966029723993,0.0,0.31785714285714284,-inf,178,764,0,0,3
32,tanh,0.2,16,relu,0.1,0.2,0.18895966029723993,0.5,1.0,0.0,0.18895966029723993,0.0,0.31785714285714284,-inf,178,764,0,0,3
32,tanh,0.2,16,relu,0.1,0.25,0.18895966029723993,0.5,1.0,0.0,0.18895966029723993,0.0,0.31785714285714284,-inf,178,764,0,0,3
32,tanh,0.2,16,relu,0.0,0.1,0.18895966029723993,0.5,1.0,0.0,0.18895966029723993,0.0,0.31785714285714284,-inf,178,764,0,0,3
32,tanh,0.2,16,relu,0.0,0.15,0.18895966029723993,0.5,1.0,0.0,0.18895966029723993,0.0,0.31785714285714284,-inf,178,764,0,0,3
32,tanh,0.2,16,tanh,0.1,0.1,0.18895966029723993,0.5,1.0,0.0,0.18895966029723993,0.0,0.31785714285714284,-inf,178,764,0,0,3
32,tanh,0.2,16,tanh,0.1,0.15,0.18895966029723993,0.5,1.0,0.0,0.18895966029723993,0.0,0.31785714285714284,-inf,178,764,0,0,3
32,tanh,0.2,16,tanh,0.1,0.2,0.18895966029723993,0.5,1.0,0.0,0.18895966029723993,0.0,0.31785714285714284,-inf,178,764,0,0,3
32,tanh,0.2,16,tanh,0.1,0.25,0.18895966029723993,0.5,1.0,0.0,0.18895966029723993,0.0,0.31785714285714284,-inf,178,764,0,0,3
32,tanh,0.2,16,tanh,0.1,0.3,0.18895966029723993,0.5,1.0,0.0,0.18895966029723993,0.0,0.31785714285714284,-inf,178,764,0,0,3
32,tanh,0.2,16,tanh,0.1,0.35,0.18895966029723993,0.5,1.0,0.0,0.18895966029723993,0.0,0.31785714285714284,-inf,178,764,0,0,3
32,tanh,0.2,16,tanh,0.0,0.1,0.18895966029723993,0.5,1.0,0.0,0.18895966029723993,0.0,0.31785714285714284,-inf,178,764,0,0,3
32,tanh,0.2,16,tanh,0.0,0.15,0.18895966029723993,0.5,1.0,0.0,0.18895966029723993,0.0,0.31785714285714284,-inf,178,764,0,0,3
32,tanh,0.2,16,tanh,0.0,0.2,0.18895966029723993,0.5,1.0,0.0,0.18895966029723993,0.0,0.31785714285714284,-inf,178,764,0,0,3
32,tanh,0.2,16,tanh,0.0,0.25,0.18895966029723993,0.5,1.0,0.0,0.18895966029723993,0.0,0.31785714285714284,-inf,178,764,0,0,3
32,tanh,0.2,8,relu,0.1,0.1,0.18895966029723993,0.5,1.0,0.0,0.18895966029723993,0.0,0.31785714285714284,-inf,178,764,0,0,3
32,tanh,0.2,8,relu,0.1,0.15,0.18895966029723993,0.5,1.0,0.0,0.18895966029723993,0.0,0.31785714285714284,-inf,178,764,0,0,3
32,tanh,0.2,8,relu,0.1,0.2,0.18895966029723993,0.5,1.0,0.0,0.18895966029723993,0.0,0.31785714285714284,-inf,178,764,0,0,3
32,tanh,0.2,8,relu,0.1,0.25,0.18895966029723993,0.5,1.0,0.0,0.18895966029723993,0.0,0.31785714285714284,-inf,178,764,0,0,3
32,tanh,0.2,8,relu,0.0,0.1,0.18895966029723993,0.5,1.0,0.0,0.18895966029723993,0.0,0.31785714285714284,-inf,178,764,0,0,3
32,tanh,0.2,8,relu,0.0,0.15,0.18895966029723993,0.5,1.0,0.0,0.18895966029723993,0.0,0.31785714285714284,-inf,178,764,0,0,3
32,tanh,0.2,8,relu,0.0,0.2,0.18895966029723993,0.5,1.0,0.0,0.18895966029723993,0.0,0.31785714285714284,-inf,178,764,0,0,3
32,tanh,0.2,8,relu,0.0,0.25,0.18895966029723993,0.5,1.0,0.0,0.18895966029723993,0.0,0.31785714285714284,-inf,178,764,0,0,3
32,tanh,0.2,8,relu,0.0,0.3,0.18895966029723993,0.5,1.0,0.0,0.18895966029723993,0.0,0.31785714285714284,-inf,178,764,0,0,3
32,tanh,0.2,8,relu,0.0,0.35,0.18895966029723993,0.5,1.0,0.0,0.18895966029723993,0.0,0.31785714285714284,-inf,178,764,0,0,3
32,tanh,0.2,8,tanh,0.1,0.1,0.18895966029723993,0.5,1.0,0.0,0.18895966029723993,0.0,0.31785714285714284,-inf,178,764,0,0,3
32,tanh,0.2,8,tanh,0.1,0.15,0.18895966029723993,0.5,1.0,0.0,0.18895966029723993,0.0,0.31785714285714284,-inf,178,764,0,0,3
32,tanh,0.2,8,tanh,0.1,0.2,0.18895966029723993,0.5,1.0,0.0,0.18895966029723993,0.0,0.31785714285714284,-inf,178,764,0,0,3
32,tanh,0.2,8,tanh,0.0,0.1,0.18895966029723993,0.5,1.0,0.0,0.18895966029723993,0.0,0.31785714285714284,-inf,178,764,0,0,3
32,tanh,0.2,8,tanh,0.0,0.15,0.18895966029723993,0.5,1.0,0.0,0.18895966029723993,0.0,0.31785714285714284,-inf,178,764,0,0,3
32,tanh,0.2,8,tanh,0.0,0.2,0.18895966029723993,0.5,1.0,0.0,0.18895966029723993,0.0,0.31785714285714284,-inf,178,764,0,0,3
32,tanh,0.2,8,tanh,0.0,0.25,0.18895966029723993,0.5,1.0,0.0,0.18895966029723993,0.0,0.31785714285714284,-inf,178,764,0,0,3
32,tanh,0.2,8,tanh,0.0,0.3,0.18895966029723993,0.5,1.0,0.0,0.18895966029723993,0.0,0.31785714285714284,-inf,178,764,0,0,3
32,relu,0.3,16,tanh,0.1,0.3,0.28343949044585987,0.5560915347961645,0.9943820224719101,0.11780104712041885,0.20799059929494712,0.989010989010989,0.34402332361516036,-inf,177,674,90,1,3
64,relu,0.2,16,relu,0.0,0.25,0.27282377919320594,0.5495470321783634,0.9943820224719101,0.10471204188481675,0.20557491289198607,0.9876543209876543,0.34071222329162654,-inf,177,684,80,1,3
64,tanh,0.2,16,relu,0.0,0.3,0.24309978768577495,0.5312224248485204,0.9943820224719101,0.06806282722513089,0.19910011248593926,0.9811320754716981,0.33177132146204313,-inf,177,712,52,1,3
32,relu,0.3,8,relu,0.0,0.35,0.2091295116772824,0.5102800164715572,0.9943820224719101,0.02617801047120419,0.19218241042345277,0.9523809523809523,0.3221110100090992,-inf,177,744,20,1,3
32,tanh,0.3,16,relu,0.1,0.3,0.31316348195329086,0.5722616036237426,0.9887640449438202,0.15575916230366493,0.2143727161997564,0.9834710743801653,0.35235235235235235,-inf,176,645,119,2,3
32,relu,0.3,8,tanh,0.1,0.35,0.28768577494692144,0.5565547973410201,0.9887640449438202,0.1243455497382199,0.20828402366863905,0.979381443298969,0.34408602150537637,-inf,176,669,95,2,3
32,tanh,0.3,16,tanh,0.0,0.35,0.2643312101910828,0.5421568915818578,0.9887640449438202,0.09554973821989529,0.2029988465974625,0.9733333333333334,0.3368421052631579,-inf,176,691,73,2,3
64,tanh,0.2,8,relu,0.1,0.4,0.25902335456475584,0.5388846402729572,0.9887640449438202,0.08900523560209424,0.2018348623853211,0.9714285714285714,0.3352380952380952,-inf,176,696,68,2,3
64,tanh,0.2,16,tanh,0.1,0.3,0.25796178343949044,0.5382301900111771,0.9887640449438202,0.08769633507853403,0.2016036655211913,0.9710144927536232,0.33491912464319695,-inf,176,697,67,2,3
32,relu,0.2,8,relu,0.1,0.4,0.2515923566878981,0.5343034884404965,0.9887640449438202,0.07984293193717278,0.20022753128555176,0.9682539682539683,0.3330179754020814,-inf,176,703,61,2,3
32,tanh,0.3,16,tanh,0.1,0.35,0.2494692144373673,0.5329945879169363,0.9887640449438202,0.07722513089005235,0.19977298524404086,0.9672131147540983,0.3323890462700661,-inf,176,705,59,2,3
32,relu,0.3,16,relu,0.0,0.35,0.2929936305732484,0.5576725101476557,0.9831460674157303,0.13219895287958114,0.20883054892601433,0.9711538461538461,0.34448818897637795,-inf,175,663,101,3,3
64,relu,0.3,16,tanh,0.1,0.3,0.3237791932059448,0.574497029237014,0.9775280898876404,0.17146596858638743,0.21561338289962825,0.9703703703703703,0.3532994923857868,-inf,174,633,131,4,3
32,tanh,0.2,8,tanh,0.1,0.3,0.29936305732484075,0.5594446732160715,0.9775280898876404,0.14136125654450263,0.20963855421686747,0.9642857142857143,0.34523809523809523,-inf,174,656,108,4,3
64,tanh,0.3,16,tanh,0.0,0.35,0.2951167728237792,0.5568268721689511,0.9775280898876404,0.13612565445026178,0.20863309352517986,0.9629629629629629,0.3438735177865613,-inf,174,660,104,4,3
32,tanh,0.2,8,relu,0.0,0.4,0.2823779193205945,0.5489734690275898,0.9775280898876404,0.12041884816753927,0.20567375886524822,0.9583333333333334,0.33984375,-inf,174,672,92,4,3
32,relu,0.2,8,tanh,0.1,0.3,0.27388535031847133,0.543737866933349,0.9775280898876404,0.1099476439790576,0.20374707259953162,0.9545454545454546,0.3372093023255814,-inf,174,680,84,4,3
32,tanh,0.2,16,tanh,0.1,0.4,0.23354564755838642,0.518868756985705,0.9775280898876404,0.060209424083769635,0.19506726457399104,0.92,0.3252336448598131,-inf,174,718,46,4,3
64,relu,0.2,16,tanh,0.1,0.3,0.3333333333333333,0.5782325430907701,0.9719101123595506,0.18455497382198952,0.21733668341708542,0.9657534246575342,0.35523613963039014,-inf,173,623,141,5,3
32,tanh,0.3,16,relu,0.0,0.3,0.3237791932059448,0.5723424907347491,0.9719101123595506,0.17277486910994763,0.21490683229813665,0.9635036496350365,0.35198372329603256,-inf,173,632,132,5,3
64,tanh,0.2,8,tanh,0.0,0.35,0.31422505307855625,0.5664524383787282,0.9719101123595506,0.16099476439790575,0.21253071253071254,0.9609375,0.3487903225806452,-inf,173,641,123,5,3
32,relu,0.2,8,relu,0.0,0.35,0.3662420382165605,0.5963659627036885,0.9662921348314607,0.22643979057591623,0.2254259501965924,0.9664804469273743,0.3655685441020191,-inf,172,591,173,6,3
64,relu,0.3,16,relu,0.0,0.3,0.3524416135881104,0.587858109300547,0.9662921348314607,0.2094240837696335,0.22164948453608246,0.963855421686747,0.36058700209643607,-inf,172,604,160,6,3
32,relu,0.3,8,tanh,0.0,0.35,0.33970276008492567,0.5800047061591859,0.9662921348314607,0.193717277486911,0.2182741116751269,0.961038961038961,0.35610766045548653,-inf,172,616,148,6,3
32,relu,0.3,16,relu,0.1,0.4,0.3322717622080679,0.5754235543267251,0.9662921348314607,0.18455497382198952,0.21635220125786164,0.9591836734693877,0.35354573484069884,-inf,172,623,141,6,3
64,relu,0.2,8,tanh,0.0,0.3,0.32908704883227174,0.5734602035413848,0.9662921348314607,0.1806282722513089,0.21553884711779447,0.9583333333333334,0.3524590163934426,-inf,172,626,138,6,3
64,tanh,0.3,16,relu,0.1,0.3,0.32802547770700635,0.5728057532796047,0.9662921348314607,0.1793193717277487,0.21526908635794745,0.958041958041958,0.35209825997952915,-inf,172,627,137,6,3
64,tanh,0.3,16,tanh,0.1,0.35,0.3237791932059448,0.5701879522324843,0.9662921348314607,0.17408376963350786,0.21419676214196762,0.9568345323741008,0.3506625891946993,-inf,172,631,133,6,3
32,tanh,0.3,8,relu,0.1,0.35,0.31528662420382164,0.5649523501382434,0.9662921348314607,0.16361256544502617,0.2120838471023428,0.9541984732824428,0.34782608695652173,-inf,172,639,125,6,3
64,relu,0.3,8,tanh,0.0,0.3,0.31210191082802546,0.5629889993529031,0.9662921348314607,0.15968586387434555,0.2113022113022113,0.953125,0.3467741935483871,-inf,172,642,122,6,3
32,relu,0.2,16,relu,0.0,0.3,0.3747346072186836,0.5994470262956645,0.9606741573033708,0.23821989528795812,0.22709163346613545,0.9629629629629629,0.3673469387755102,-inf,171,582,182,7,3
64,relu,0.2,16,tanh,0.0,0.3,0.37154989384288745,0.5974836755103241,0.9606741573033708,0.2342931937172775,0.2261904761904762,0.9623655913978495,0.36616702355460384,-inf,171,585,179,7,3
64,tanh,0.3,8,relu,0.0,0.3,0.3609341825902335,0.5909391728925231,0.9606741573033708,0.2212041884816754,0.22323759791122716,0.9602272727272727,0.3622881355932203,-inf,171,595,169,7,3
64,relu,0.3,8,tanh,0.1,0.3,0.351380042462845,0.5850491205365022,0.9606741573033708,0.2094240837696335,0.22064516129032258,0.9580838323353293,0.3588667366211962,-inf,171,604,160,7,3
32,relu,0.2,16,tanh,0.0,0.3,0.3503184713375796,0.584394670274722,0.9606741573033708,0.2081151832460733,0.22036082474226804,0.9578313253012049,0.3584905660377358,-inf,171,605,159,7,3
64,relu,0.3,16,relu,0.1,0.3,0.3471337579617834,0.5824313194893818,0.9606741573033708,0.20418848167539266,0.21951219512195122,0.9570552147239264,0.3573667711598746,-inf,171,608,156,7,3
64,relu,0.3,16,tanh,0.0,0.3,0.33970276008492567,0.577850167656921,0.9606741573033708,0.1950261780104712,0.21755725190839695,0.9551282051282052,0.35477178423236516,-inf,171,615,149,7,3
64,tanh,0.3,16,relu,0.0,0.35,0.3354564755838641,0.5752323666098006,0.9606741573033708,0.18979057591623036,0.21645569620253163,0.9539473684210527,0.35330578512396693,-inf,171,619,145,7,3
32,relu,0.2,16,tanh,0.1,0.3,0.3354564755838641,0.5752323666098006,0.9606741573033708,0.18979057591623036,0.21645569620253163,0.9539473684210527,0.35330578512396693,-inf,171,619,145,7,3
32,tanh,0.2,8,relu,0.1,0.35,0.33121019108280253,0.5726145655626802,0.9606741573033708,0.18455497382198952,0.21536523929471033,0.9527027027027027,0.35185185185185186,-inf,171,623,141,7,3
32,relu,0.3,16,tanh,0.0,0.3,0.33014861995753714,0.5719601153009001,0.9606741573033708,0.18324607329842932,0.21509433962264152,0.9523809523809523,0.35149023638232274,-inf,171,624,140,7,3
64,tanh,0.2,16,relu,0.1,0.3,0.3195329087048832,0.565415612683099,0.9606741573033708,0.17015706806282724,0.2124223602484472,0.948905109489051,0.34791454730417093,-inf,171,634,130,7,3
32,tanh,0.2,8,tanh,0.0,0.35,0.2813163481953291,0.5418554032590153,0.9606741573033708,0.12303664921465969,0.20332936979785968,0.9306930693069307,0.3356231599607458,-inf,171,670,94,7,3
64,relu,0.3,8,relu,0.0,0.3,0.37898089171974525,0.59991028884052,0.9550561797752809,0.24476439790575916,0.22757697456492637,0.958974358974359,0.3675675675675676,-inf,170,577,187,8,3
32,relu,0.2,8,tanh,0.0,0.3,0.3619957537154989,0.5894390846520383,0.9550561797752809,0.2238219895287958,0.22280471821756226,0.9553072625698324,0.361317747077577,-inf,170,593,171,8,3
64,relu,0.3,8,relu,0.1,0.3,0.35562632696390656,0.5855123830813578,0.9550561797752809,0.21596858638743455,0.22106631989596878,0.953757225433526,0.3590285110876452,-inf,170,599,165,8,3
32,tanh,0.2,16,relu,0.0,0.3,0.35456475583864117,0.5848579328195777,0.9550561797752809,0.21465968586387435,0.22077922077922077,0.9534883720930233,0.35864978902953587,-inf,170,600,164,8,3
32,relu,0.2,16,relu,0.1,0.35,0.3524416135881104,0.5835490322960174,0.9550561797752809,0.21204188481675393,0.22020725388601037,0.9529411764705882,0.35789473684210527,-inf,170,602,162,8,3
64,tanh,0.3,8,relu,0.1,0.3,0.351380042462845,0.5828945820342373,0.9550561797752809,0.2107329842931937,0.21992238033635186,0.9526627218934911,0.35751840168243953,-inf,170,603,161,8,3
64,relu,0.2,8,relu,0.1,0.3,0.3832271762208068,0.6003735513853756,0.949438202247191,0.2513089005235602,0.22807017543859648,0.9552238805970149,0.367791077257889,-inf,169,572,192,9,3
64,relu,0.2,8,relu,0.0,0.3,0.37579617834394907,0.5957923995529149,0.949438202247191,0.24214659685863874,0.22593582887700533,0.9536082474226805,0.3650107991360691,-inf,169,579,185,9,3
64,relu,0.2,8,tanh,0.1,0.3,0.3386411889596603,0.5728866403906112,0.949438202247191,0.19633507853403143,0.21583652618135377,0.9433962264150944,0.3517169614984391,-inf,169,614,150,9,3
32,tanh,0.2,16,tanh,0.0,0.35,0.36942675159235666,0.5897111594799694,0.9438202247191011,0.2356020942408377,0.22340425531914893,0.9473684210526315,0.36129032258064514,-inf,168,584,180,10,3
32,tanh,0.2,16,relu,0.1,0.35,0.3662420382165605,0.5877478086946291,0.9438202247191011,0.23167539267015708,0.22251655629139072,0.946524064171123,0.36012861736334406,-inf,168,587,177,10,3
64,relu,0.2,16,relu,0.0,0.3,0.3895966029723992,0.5999911759515265,0.9382022471910112,0.2617801047120419,0.22845417236662108,0.9478672985781991,0.36743674367436746,-inf,167,564,200,11,3
64,relu,0.2,16,relu,0.1,0.3,0.3673036093418259,0.5862477204541443,0.9382022471910112,0.2342931937172775,0.2220744680851064,0.9421052631578948,0.35913978494623655,-inf,167,585,179,11,3
32,relu,0.3,8,relu,0.0,0.4,0.3673036093418259,0.5862477204541443,0.9382022471910112,0.2342931937172775,0.2220744680851064,0.9421052631578948,0.35913978494623655,-inf,167,585,179,11,3
64,tanh,0.2,8,tanh,0.1,0.35,0.40764331210191085,0.6089622918995234,0.9325842696629213,0.28534031413612565,0.23314606741573032,0.9478260869565217,0.37303370786516854,-inf,166,546,218,12,3
64,tanh,0.2,16,relu,0.0,0.35,0.40552016985138006,0.6076533913759633,0.9325842696629213,0.28272251308900526,0.23249299719887956,0.9473684210526315,0.3721973094170404,-inf,166,548,216,12,3
64,tanh,0.2,8,relu,0.0,0.4,0.3885350318471338,0.5971821871874816,0.9325842696629213,0.2617801047120419,0.2273972602739726,0.9433962264150944,0.3656387665198238,-inf,166,564,200,12,3
64,tanh,0.3,8,tanh,0.1,0.35,0.43418259023354566,0.6231690099417613,0.9269662921348315,0.3193717277486911,0.24087591240875914,0.9494163424124513,0.3823870220162225,-inf,165,520,244,13,3
32,relu,0.2,8,tanh,0.1,0.35,0.42144373673036095,0.6153156068004,0.9269662921348315,0.3036649214659686,0.23672883787661406,0.9469387755102041,0.37714285714285717,-inf,165,532,232,13,3
32,tanh,0.3,8,tanh,0.1,0.4,0.4002123142250531,0.6022266015647979,0.9269662921348315,0.2774869109947644,0.2301255230125523,0.9422222222222222,0.3687150837988827,-inf,165,552,212,13,3
32,relu,0.3,16,tanh,0.1,0.35,0.45010615711252655,0.6308312253661981,0.9213483146067416,0.3403141361256545,0.24550898203592814,0.948905109489051,0.3877068557919622,-inf,164,504,260,14,3
64,tanh,0.2,16,tanh,0.1,0.35,0.43418259023354566,0.6210144714394965,0.9213483146067416,0.3206806282722513,0.24011713030746706,0.9459459459459459,0.38095238095238093,-inf,164,519,245,14,3
32,tanh,0.3,16,tanh,0.1,0.4,0.47876857749469215,0.646346843931996,0.9157303370786517,0.3769633507853403,0.25508607198748046,0.9504950495049505,0.3990208078335373,-inf,163,476,288,15,3
32,tanh,0.3,16,relu,0.1,0.35,0.4723991507430998,0.6424201423613154,0.9157303370786517,0.36910994764397903,0.2527131782945736,0.9494949494949495,0.39611178614823817,-inf,163,482,282,15,3
64,tanh,0.3,8,tanh,0.0,0.35,0.42038216560509556,0.6103520795340902,0.9157303370786517,0.30497382198952877,0.23487031700288186,0.9395161290322581,0.3738532110091743,-inf,163,531,233,15,3
32,tanh,0.3,8,relu,0.0,0.45,0.35562632696390656,0.568276075063239,0.9101123595505618,0.22643979057591623,0.2151394422310757,0.9153439153439153,0.34801288936627284,-inf,162,591,173,16,3
32,tanh,0.3,16,relu,0.0,0.35,0.47770700636942676,0.6413833166656862,0.9044943820224719,0.3782722513089005,0.2531446540880503,0.9444444444444444,0.3955773955773956,-inf,161,475,289,17,3
64,relu,0.3,16,relu,0.1,0.35,0.49363057324840764,0.649045532090123,0.898876404494382,0.3992146596858639,0.25848142164781907,0.9442724458204335,0.4015056461731493,-inf,160,459,305,18,3
64,tanh,0.3,16,relu,0.1,0.35,0.49256900212314225,0.6483910818283428,0.898876404494382,0.39790575916230364,0.25806451612903225,0.9440993788819876,0.40100250626566414,-inf,160,460,304,18,3
32,tanh,0.2,8,tanh,0.1,0.35,0.49044585987261147,0.6449276428025178,0.8932584269662921,0.39659685863874344,0.2564516129032258,0.9409937888198758,0.39849624060150374,-inf,159,461,303,19,3
64,relu,0.3,8,tanh,0.0,0.35,0.4830148619957537,0.6381919524677921,0.8876404494382022,0.3887434554973822,0.2528,0.9369085173501577,0.39352428393524286,-inf,158,467,297,20,3
32,relu,0.3,8,tanh,0.1,0.4,0.48089171974522293,0.636883051944232,0.8876404494382022,0.38612565445026176,0.25199362041467305,0.9365079365079365,0.39254658385093166,-inf,158,469,295,20,3
64,tanh,0.2,16,tanh,0.0,0.4,0.47558386411889597,0.6336108006353315,0.8876404494382022,0.3795811518324607,0.25,0.9354838709677419,0.39012345679012345,-inf,158,474,290,20,3
64,relu,0.3,16,tanh,0.1,0.35,0.4745222929936306,0.6329563503735514,0.8876404494382022,0.3782722513089005,0.24960505529225907,0.9352750809061489,0.38964241676942046,-inf,158,475,289,20,3
64,tanh,0.2,16,relu,0.1,0.35,0.4893842887473461,0.6378095770339431,0.8764044943820225,0.3992146596858639,0.25365853658536586,0.9327217125382263,0.39344262295081966,-inf,156,459,305,22,3
32,relu,0.3,8,relu,0.1,0.45,0.21868365180467092,0.46877022177775163,0.8707865168539326,0.06675392670157068,0.17857142857142858,0.6891891891891891,0.29636711281070743,-inf,155,713,51,23,3
32,relu,0.3,8,relu,0.1,0.55,0.8110403397027601,0.5,0.0,1.0,0.0,0.8110403397027601,0.0,-inf,0,0,764,178,3
32,relu,0.3,8,relu,0.0,0.55,0.8110403397027601,0.5,0.0,1.0,0.0,0.8110403397027601,0.0,-inf,0,0,764,178,3
