threshold,accuracy,balanced_accuracy,precision_ppv,recall_sensitivity,specificity,npv,f1_positive,TP,FP,TN,FN,support
0.001,0.18895966029723993,0.5,0.18895966029723993,1.0,0.0,,0.3178571428571429,178,764,0,0,942
0.002,0.18895966029723993,0.5,0.18895966029723993,1.0,0.0,,0.3178571428571429,178,764,0,0,942
0.003,0.18895966029723993,0.5,0.18895966029723993,1.0,0.0,,0.3178571428571429,178,764,0,0,942
0.004,0.18895966029723993,0.5,0.18895966029723993,1.0,0.0,,0.3178571428571429,178,764,0,0,942
0.005,0.18895966029723993,0.5,0.18895966029723993,1.0,0.0,,0.3178571428571429,178,764,0,0,942
0.006,0.18895966029723993,0.5,0.18895966029723993,1.0,0.0,,0.3178571428571429,178,764,0,0,942
0.007,0.18895966029723993,0.5,0.18895966029723993,1.0,0.0,,0.3178571428571429,178,764,0,0,942
0.008,0.18895966029723993,0.5,0.18895966029723993,1.0,0.0,,0.3178571428571429,178,764,0,0,942
0.009,0.18895966029723993,0.5,0.18895966029723993,1.0,0.0,,0.3178571428571429,178,764,0,0,942
0.01,0.18895966029723993,0.5,0.18895966029723993,1.0,0.0,,0.3178571428571429,178,764,0,0,942
0.011,0.18895966029723993,0.5,0.18895966029723993,1.0,0.0,,0.3178571428571429,178,764,0,0,942
0.012,0.18895966029723993,0.5,0.18895966029723993,1.0,0.0,,0.3178571428571429,178,764,0,0,942
0.013,0.18895966029723993,0.5,0.18895966029723993,1.0,0.0,,0.3178571428571429,178,764,0,0,942
0.014,0.18895966029723993,0.5,0.18895966029723993,1.0,0.0,,0.3178571428571429,178,764,0,0,942
0.015,0.18895966029723993,0.5,0.18895966029723993,1.0,0.0,,0.3178571428571429,178,764,0,0,942
0.016,0.18895966029723993,0.5,0.18895966029723993,1.0,0.0,,0.3178571428571429,178,764,0,0,942
0.017,0.18895966029723993,0.5,0.18895966029723993,1.0,0.0,,0.3178571428571429,178,764,0,0,942
0.018,0.18895966029723993,0.5,0.18895966029723993,1.0,0.0,,0.3178571428571429,178,764,0,0,942
0.019,0.18895966029723993,0.5,0.18895966029723993,1.0,0.0,,0.3178571428571429,178,764,0,0,942
0.02,0.18895966029723993,0.5,0.18895966029723993,1.0,0.0,,0.3178571428571429,178,764,0,0,942
0.021,0.18895966029723993,0.5,0.18895966029723993,1.0,0.0,,0.3178571428571429,178,764,0,0,942
0.022,0.18895966029723993,0.5,0.18895966029723993,1.0,0.0,,0.3178571428571429,178,764,0,0,942
0.023,0.18895966029723993,0.5,0.18895966029723993,1.0,0.0,,0.3178571428571429,178,764,0,0,942
0.024,0.18895966029723993,0.5,0.18895966029723993,1.0,0.0,,0.3178571428571429,178,764,0,0,942
0.025,0.18895966029723993,0.5,0.18895966029723993,1.0,0.0,,0.3178571428571429,178,764,0,0,942
0.026,0.18895966029723993,0.5,0.18895966029723993,1.0,0.0,,0.3178571428571429,178,764,0,0,942
0.027,0.18895966029723993,0.5,0.18895966029723993,1.0,0.0,,0.3178571428571429,178,764,0,0,942
0.028,0.18895966029723993,0.5,0.18895966029723993,1.0,0.0,,0.3178571428571429,178,764,0,0,942
0.029,0.18895966029723993,0.5,0.18895966029723993,1.0,0.0,,0.3178571428571429,178,764,0,0,942
0.03,0.18895966029723993,0.5,0.18895966029723993,1.0,0.0,,0.3178571428571429,178,764,0,0,942
0.031,0.18895966029723993,0.5,0.18895966029723993,1.0,0.0,,0.3178571428571429,178,764,0,0,942
0.032,0.18895966029723993,0.5,0.18895966029723993,1.0,0.0,,0.3178571428571429,178,764,0,0,942
0.033,0.18895966029723993,0.5,0.18895966029723993,1.0,0.0,,0.3178571428571429,178,764,0,0,942
0.034,0.18895966029723993,0.5,0.18895966029723993,1.0,0.0,,0.3178571428571429,178,764,0,0,942
0.035,0.18895966029723993,0.5,0.18895966029723993,1.0,0.0,,0.3178571428571429,178,764,0,0,942
0.036,0.18895966029723993,0.5,0.18895966029723993,1.0,0.0,,0.3178571428571429,178,764,0,0,942
0.037,0.18895966029723993,0.5,0.18895966029723993,1.0,0.0,,0.3178571428571429,178,764,0,0,942
0.038,0.18895966029723993,0.5,0.18895966029723993,1.0,0.0,,0.3178571428571429,178,764,0,0,942
0.039,0.18895966029723993,0.5,0.18895966029723993,1.0,0.0,,0.3178571428571429,178,764,0,0,942
0.04,0.18895966029723993,0.5,0.18895966029723993,1.0,0.0,,0.3178571428571429,178,764,0,0,942
0.041,0.18895966029723993,0.5,0.18895966029723993,1.0,0.0,,0.3178571428571429,178,764,0,0,942
0.042,0.18895966029723993,0.5,0.18895966029723993,1.0,0.0,,0.3178571428571429,178,764,0,0,942
0.043,0.18895966029723993,0.5,0.18895966029723993,1.0,0.0,,0.3178571428571429,178,764,0,0,942
0.044,0.18895966029723993,0.5,0.18895966029723993,1.0,0.0,,0.3178571428571429,178,764,0,0,942
0.045,0.18895966029723993,0.5,0.18895966029723993,1.0,0.0,,0.3178571428571429,178,764,0,0,942
0.046,0.18895966029723993,0.5,0.18895966029723993,1.0,0.0,,0.3178571428571429,178,764,0,0,942
0.047,0.18895966029723993,0.5,0.18895966029723993,1.0,0.0,,0.3178571428571429,178,764,0,0,942
0.048,0.18895966029723993,0.5,0.18895966029723993,1.0,0.0,,0.3178571428571429,178,764,0,0,942
0.049,0.18895966029723993,0.5,0.18895966029723993,1.0,0.0,,0.3178571428571429,178,764,0,0,942
0.05,0.18895966029723993,0.5,0.18895966029723993,1.0,0.0,,0.3178571428571429,178,764,0,0,942
0.051,0.18895966029723993,0.5,0.18895966029723993,1.0,0.0,,0.3178571428571429,178,764,0,0,942
0.052,0.18895966029723993,0.5,0.18895966029723993,1.0,0.0,,0.3178571428571429,178,764,0,0,942
0.053,0.18895966029723993,0.5,0.18895966029723993,1.0,0.0,,0.3178571428571429,178,764,0,0,942
0.054,0.18895966029723993,0.5,0.18895966029723993,1.0,0.0,,0.3178571428571429,178,764,0,0,942
0.055,0.18895966029723993,0.5,0.18895966029723993,1.0,0.0,,0.3178571428571429,178,764,0,0,942
0.056,0.18895966029723993,0.5,0.18895966029723993,1.0,0.0,,0.3178571428571429,178,764,0,0,942
0.057,0.18895966029723993,0.5,0.18895966029723993,1.0,0.0,,0.3178571428571429,178,764,0,0,942
0.058,0.18895966029723993,0.5,0.18895966029723993,1.0,0.0,,0.3178571428571429,178,764,0,0,942
0.059,0.18895966029723993,0.5,0.18895966029723993,1.0,0.0,,0.3178571428571429,178,764,0,0,942
0.06,0.18895966029723993,0.5,0.18895966029723993,1.0,0.0,,0.3178571428571429,178,764,0,0,942
0.061,0.18895966029723993,0.5,0.18895966029723993,1.0,0.0,,0.3178571428571429,178,764,0,0,942
0.062,0.18895966029723993,0.5,0.18895966029723993,1.0,0.0,,0.3178571428571429,178,764,0,0,942
0.063,0.18895966029723993,0.5,0.18895966029723993,1.0,0.0,,0.3178571428571429,178,764,0,0,942
0.064,0.18895966029723993,0.5,0.18895966029723993,1.0,0.0,,0.3178571428571429,178,764,0,0,942
0.065,0.18895966029723993,0.5,0.18895966029723993,1.0,0.0,,0.3178571428571429,178,764,0,0,942
0.066,0.18895966029723993,0.5,0.18895966029723993,1.0,0.0,,0.3178571428571429,178,764,0,0,942
0.067,0.18895966029723993,0.5,0.18895966029723993,1.0,0.0,,0.3178571428571429,178,764,0,0,942
0.068,0.18895966029723993,0.5,0.18895966029723993,1.0,0.0,,0.3178571428571429,178,764,0,0,942
0.069,0.18895966029723993,0.5,0.18895966029723993,1.0,0.0,,0.3178571428571429,178,764,0,0,942
0.07,0.18895966029723993,0.5,0.18895966029723993,1.0,0.0,,0.3178571428571429,178,764,0,0,942
0.071,0.18895966029723993,0.5,0.18895966029723993,1.0,0.0,,0.3178571428571429,178,764,0,0,942
0.072,0.18895966029723993,0.5,0.18895966029723993,1.0,0.0,,0.3178571428571429,178,764,0,0,942
0.073,0.18895966029723993,0.5,0.18895966029723993,1.0,0.0,,0.3178571428571429,178,764,0,0,942
0.074,0.18895966029723993,0.5,0.18895966029723993,1.0,0.0,,0.3178571428571429,178,764,0,0,942
0.075,0.18895966029723993,0.5,0.18895966029723993,1.0,0.0,,0.3178571428571429,178,764,0,0,942
0.076,0.18895966029723993,0.5,0.18895966029723993,1.0,0.0,,0.3178571428571429,178,764,0,0,942
0.077,0.18895966029723993,0.5,0.18895966029723993,1.0,0.0,,0.3178571428571429,178,764,0,0,942
0.078,0.18895966029723993,0.5,0.18895966029723993,1.0,0.0,,0.3178571428571429,178,764,0,0,942
0.079,0.18895966029723993,0.5,0.18895966029723993,1.0,0.0,,0.3178571428571429,178,764,0,0,942
0.08,0.18895966029723993,0.5,0.18895966029723993,1.0,0.0,,0.3178571428571429,178,764,0,0,942
0.081,0.18895966029723993,0.5,0.18895966029723993,1.0,0.0,,0.3178571428571429,178,764,0,0,942
0.082,0.18895966029723993,0.5,0.18895966029723993,1.0,0.0,,0.3178571428571429,178,764,0,0,942
0.083,0.18895966029723993,0.5,0.18895966029723993,1.0,0.0,,0.3178571428571429,178,764,0,0,942
0.084,0.18895966029723993,0.5,0.18895966029723993,1.0,0.0,,0.3178571428571429,178,764,0,0,942
0.085,0.18895966029723993,0.5,0.18895966029723993,1.0,0.0,,0.3178571428571429,178,764,0,0,942
0.086,0.18895966029723993,0.5,0.18895966029723993,1.0,0.0,,0.3178571428571429,178,764,0,0,942
0.087,0.18895966029723993,0.5,0.18895966029723993,1.0,0.0,,0.3178571428571429,178,764,0,0,942
0.088,0.18895966029723993,0.5,0.18895966029723993,1.0,0.0,,0.3178571428571429,178,764,0,0,942
0.089,0.18895966029723993,0.5,0.18895966029723993,1.0,0.0,,0.3178571428571429,178,764,0,0,942
0.09,0.18895966029723993,0.5,0.18895966029723993,1.0,0.0,,0.3178571428571429,178,764,0,0,942
0.091,0.18895966029723993,0.5,0.18895966029723993,1.0,0.0,,0.3178571428571429,178,764,0,0,942
0.092,0.18895966029723993,0.5,0.18895966029723993,1.0,0.0,,0.3178571428571429,178,764,0,0,942
0.093,0.18895966029723993,0.5,0.18895966029723993,1.0,0.0,,0.3178571428571429,178,764,0,0,942
0.094,0.18895966029723993,0.5,0.18895966029723993,1.0,0.0,,0.3178571428571429,178,764,0,0,942
0.095,0.18895966029723993,0.5,0.18895966029723993,1.0,0.0,,0.3178571428571429,178,764,0,0,942
0.096,0.18895966029723993,0.5,0.18895966029723993,1.0,0.0,,0.3178571428571429,178,764,0,0,942
0.097,0.18895966029723993,0.5,0.18895966029723993,1.0,0.0,,0.3178571428571429,178,764,0,0,942
0.098,0.18895966029723993,0.5,0.18895966029723993,1.0,0.0,,0.3178571428571429,178,764,0,0,942
0.099,0.18895966029723993,0.5,0.18895966029723993,1.0,0.0,,0.3178571428571429,178,764,0,0,942
0.1,0.18895966029723993,0.5,0.18895966029723993,1.0,0.0,,0.3178571428571429,178,764,0,0,942
0.101,0.18895966029723993,0.5,0.18895966029723993,1.0,0.0,,0.3178571428571429,178,764,0,0,942
0.102,0.18895966029723993,0.5,0.18895966029723993,1.0,0.0,,0.3178571428571429,178,764,0,0,942
0.103,0.18895966029723993,0.5,0.18895966029723993,1.0,0.0,,0.3178571428571429,178,764,0,0,942
0.104,0.18895966029723993,0.5,0.18895966029723993,1.0,0.0,,0.3178571428571429,178,764,0,0,942
0.105,0.18895966029723993,0.5,0.18895966029723993,1.0,0.0,,0.3178571428571429,178,764,0,0,942
0.106,0.18895966029723993,0.5,0.18895966029723993,1.0,0.0,,0.3178571428571429,178,764,0,0,942
0.107,0.18895966029723993,0.5,0.18895966029723993,1.0,0.0,,0.3178571428571429,178,764,0,0,942
0.108,0.18895966029723993,0.5,0.18895966029723993,1.0,0.0,,0.3178571428571429,178,764,0,0,942
0.109,0.18895966029723993,0.5,0.18895966029723993,1.0,0.0,,0.3178571428571429,178,764,0,0,942
0.11,0.18895966029723993,0.5,0.18895966029723993,1.0,0.0,,0.3178571428571429,178,764,0,0,942
0.111,0.18895966029723993,0.5,0.18895966029723993,1.0,0.0,,0.3178571428571429,178,764,0,0,942
0.112,0.18895966029723993,0.5,0.18895966029723993,1.0,0.0,,0.3178571428571429,178,764,0,0,942
0.113,0.18895966029723993,0.5,0.18895966029723993,1.0,0.0,,0.3178571428571429,178,764,0,0,942
0.114,0.19002123142250532,0.5006544502617801,0.1891604675876727,1.0,0.0013089005235602095,1.0,0.3181411974977658,178,763,1,0,942
0.115,0.19002123142250532,0.5006544502617801,0.1891604675876727,1.0,0.0013089005235602095,1.0,0.3181411974977658,178,763,1,0,942
0.116,0.19002123142250532,0.5006544502617801,0.1891604675876727,1.0,0.0013089005235602095,1.0,0.3181411974977658,178,763,1,0,942
0.117,0.19002123142250532,0.5006544502617801,0.1891604675876727,1.0,0.0013089005235602095,1.0,0.3181411974977658,178,763,1,0,942
0.118,0.1910828025477707,0.5013089005235603,0.18936170212765957,1.0,0.002617801047120419,1.0,0.31842576028622543,178,762,2,0,942
0.119,0.1910828025477707,0.5013089005235603,0.18936170212765957,1.0,0.002617801047120419,1.0,0.31842576028622543,178,762,2,0,942
0.12,0.1921443736730361,0.5019633507853403,0.18956336528221512,1.0,0.003926701570680628,1.0,0.3187108325872874,178,761,3,0,942
0.121,0.1921443736730361,0.5019633507853403,0.18956336528221512,1.0,0.003926701570680628,1.0,0.3187108325872874,178,761,3,0,942
0.122,0.1921443736730361,0.5019633507853403,0.18956336528221512,1.0,0.003926701570680628,1.0,0.3187108325872874,178,761,3,0,942
0.123,0.1921443736730361,0.5019633507853403,0.18956336528221512,1.0,0.003926701570680628,1.0,0.3187108325872874,178,761,3,0,942
0.124,0.1921443736730361,0.5019633507853403,0.18956336528221512,1.0,0.003926701570680628,1.0,0.3187108325872874,178,761,3,0,942
0.125,0.1921443736730361,0.5019633507853403,0.18956336528221512,1.0,0.003926701570680628,1.0,0.3187108325872874,178,761,3,0,942
0.126,0.1921443736730361,0.5019633507853403,0.18956336528221512,1.0,0.003926701570680628,1.0,0.3187108325872874,178,761,3,0,942
0.127,0.1921443736730361,0.5019633507853403,0.18956336528221512,1.0,0.003926701570680628,1.0,0.3187108325872874,178,761,3,0,942
0.128,0.1921443736730361,0.5019633507853403,0.18956336528221512,1.0,0.003926701570680628,1.0,0.3187108325872874,178,761,3,0,942
0.129,0.1932059447983015,0.5026178010471204,0.18976545842217485,1.0,0.005235602094240838,1.0,0.31899641577060933,178,760,4,0,942
0.13,0.1932059447983015,0.5026178010471204,0.18976545842217485,1.0,0.005235602094240838,1.0,0.31899641577060933,178,760,4,0,942
0.131,0.1932059447983015,0.5026178010471204,0.18976545842217485,1.0,0.005235602094240838,1.0,0.31899641577060933,178,760,4,0,942
0.132,0.1932059447983015,0.5026178010471204,0.18976545842217485,1.0,0.005235602094240838,1.0,0.31899641577060933,178,760,4,0,942
0.133,0.1942675159235669,0.5032722513089005,0.18996798292422626,1.0,0.006544502617801047,1.0,0.31928251121076234,178,759,5,0,942
0.134,0.1942675159235669,0.5032722513089005,0.18996798292422626,1.0,0.006544502617801047,1.0,0.31928251121076234,178,759,5,0,942
0.135,0.1942675159235669,0.5032722513089005,0.18996798292422626,1.0,0.006544502617801047,1.0,0.31928251121076234,178,759,5,0,942
0.136,0.1942675159235669,0.5032722513089005,0.18996798292422626,1.0,0.006544502617801047,1.0,0.31928251121076234,178,759,5,0,942
0.137,0.1942675159235669,0.5032722513089005,0.18996798292422626,1.0,0.006544502617801047,1.0,0.31928251121076234,178,759,5,0,942
0.138,0.1942675159235669,0.5032722513089005,0.18996798292422626,1.0,0.006544502617801047,1.0,0.31928251121076234,178,759,5,0,942
0.139,0.1942675159235669,0.5032722513089005,0.18996798292422626,1.0,0.006544502617801047,1.0,0.31928251121076234,178,759,5,0,942
0.14,0.1942675159235669,0.5032722513089005,0.18996798292422626,1.0,0.006544502617801047,1.0,0.31928251121076234,178,759,5,0,942
0.141,0.1942675159235669,0.5032722513089005,0.18996798292422626,1.0,0.006544502617801047,1.0,0.31928251121076234,178,759,5,0,942
0.142,0.1942675159235669,0.5032722513089005,0.18996798292422626,1.0,0.006544502617801047,1.0,0.31928251121076234,178,759,5,0,942
0.143,0.1942675159235669,0.5032722513089005,0.18996798292422626,1.0,0.006544502617801047,1.0,0.31928251121076234,178,759,5,0,942
0.144,0.1942675159235669,0.5032722513089005,0.18996798292422626,1.0,0.006544502617801047,1.0,0.31928251121076234,178,759,5,0,942
0.145,0.1942675159235669,0.5032722513089005,0.18996798292422626,1.0,0.006544502617801047,1.0,0.31928251121076234,178,759,5,0,942
0.146,0.1942675159235669,0.5032722513089005,0.18996798292422626,1.0,0.006544502617801047,1.0,0.31928251121076234,178,759,5,0,942
0.147,0.1942675159235669,0.5032722513089005,0.18996798292422626,1.0,0.006544502617801047,1.0,0.31928251121076234,178,759,5,0,942
0.148,0.1942675159235669,0.5032722513089005,0.18996798292422626,1.0,0.006544502617801047,1.0,0.31928251121076234,178,759,5,0,942
0.149,0.1942675159235669,0.5032722513089005,0.18996798292422626,1.0,0.006544502617801047,1.0,0.31928251121076234,178,759,5,0,942
0.15,0.19532908704883228,0.5039267015706806,0.19017094017094016,1.0,0.007853403141361256,1.0,0.31956912028725315,178,758,6,0,942
0.151,0.19532908704883228,0.5039267015706806,0.19017094017094016,1.0,0.007853403141361256,1.0,0.31956912028725315,178,758,6,0,942
0.152,0.19532908704883228,0.5039267015706806,0.19017094017094016,1.0,0.007853403141361256,1.0,0.31956912028725315,178,758,6,0,942
0.153,0.19532908704883228,0.5039267015706806,0.19017094017094016,1.0,0.007853403141361256,1.0,0.31956912028725315,178,758,6,0,942
0.154,0.19745222929936307,0.5052356020942408,0.1905781584582441,1.0,0.010471204188481676,1.0,0.3201438848920863,178,756,8,0,942
0.155,0.19745222929936307,0.5052356020942408,0.1905781584582441,1.0,0.010471204188481676,1.0,0.3201438848920863,178,756,8,0,942
0.156,0.19851380042462846,0.5058900523560209,0.1907824222936763,1.0,0.011780104712041885,1.0,0.32043204320432045,178,755,9,0,942
0.157,0.19957537154989385,0.506544502617801,0.19098712446351931,1.0,0.013089005235602094,1.0,0.3207207207207207,178,754,10,0,942
0.158,0.19957537154989385,0.506544502617801,0.19098712446351931,1.0,0.013089005235602094,1.0,0.3207207207207207,178,754,10,0,942
0.159,0.19957537154989385,0.506544502617801,0.19098712446351931,1.0,0.013089005235602094,1.0,0.3207207207207207,178,754,10,0,942
0.16,0.19957537154989385,0.506544502617801,0.19098712446351931,1.0,0.013089005235602094,1.0,0.3207207207207207,178,754,10,0,942
0.161,0.20063694267515925,0.5071989528795812,0.19119226638023631,1.0,0.014397905759162303,1.0,0.32100991884580704,178,753,11,0,942
0.162,0.20169851380042464,0.5078534031413613,0.1913978494623656,1.0,0.015706806282722512,1.0,0.3212996389891697,178,752,12,0,942
0.163,0.20488322717622082,0.5098167539267016,0.19201725997842503,1.0,0.01963350785340314,1.0,0.32217194570135743,178,749,15,0,942
0.164,0.2070063694267516,0.5111256544502618,0.19243243243243244,1.0,0.02225130890052356,1.0,0.3227561196736174,178,747,17,0,942
0.165,0.2070063694267516,0.5111256544502618,0.19243243243243244,1.0,0.02225130890052356,1.0,0.3227561196736174,178,747,17,0,942
0.166,0.2070063694267516,0.5111256544502618,0.19243243243243244,1.0,0.02225130890052356,1.0,0.3227561196736174,178,747,17,0,942
0.167,0.2070063694267516,0.5111256544502618,0.19243243243243244,1.0,0.02225130890052356,1.0,0.3227561196736174,178,747,17,0,942
0.168,0.2070063694267516,0.5111256544502618,0.19243243243243244,1.0,0.02225130890052356,1.0,0.3227561196736174,178,747,17,0,942
0.169,0.2070063694267516,0.5111256544502618,0.19243243243243244,1.0,0.02225130890052356,1.0,0.3227561196736174,178,747,17,0,942
0.17,0.208067940552017,0.5117801047120419,0.19264069264069264,1.0,0.02356020942408377,1.0,0.323049001814882,178,746,18,0,942
0.171,0.208067940552017,0.5117801047120419,0.19264069264069264,1.0,0.02356020942408377,1.0,0.323049001814882,178,746,18,0,942
0.172,0.208067940552017,0.5117801047120419,0.19264069264069264,1.0,0.02356020942408377,1.0,0.323049001814882,178,746,18,0,942
0.173,0.208067940552017,0.5117801047120419,0.19264069264069264,1.0,0.02356020942408377,1.0,0.323049001814882,178,746,18,0,942
0.174,0.2091295116772824,0.512434554973822,0.19284940411700974,1.0,0.024869109947643978,1.0,0.32334241598546776,178,745,19,0,942
0.175,0.21125265392781317,0.5137434554973822,0.19326818675352878,1.0,0.0274869109947644,1.0,0.32393084622383983,178,743,21,0,942
0.176,0.21337579617834396,0.5150523560209425,0.19368879216539717,1.0,0.030104712041884817,1.0,0.3245214220601641,178,741,23,0,942
0.177,0.21337579617834396,0.5150523560209425,0.19368879216539717,1.0,0.030104712041884817,1.0,0.3245214220601641,178,741,23,0,942
0.178,0.21762208067940553,0.5176701570680629,0.19453551912568307,1.0,0.03534031413612566,1.0,0.3257090576395243,178,737,27,0,942
0.179,0.21762208067940553,0.5176701570680629,0.19453551912568307,1.0,0.03534031413612566,1.0,0.3257090576395243,178,737,27,0,942
0.18,0.21762208067940553,0.5176701570680629,0.19453551912568307,1.0,0.03534031413612566,1.0,0.3257090576395243,178,737,27,0,942
0.181,0.21762208067940553,0.5176701570680629,0.19453551912568307,1.0,0.03534031413612566,1.0,0.3257090576395243,178,737,27,0,942
0.182,0.21762208067940553,0.5176701570680629,0.19453551912568307,1.0,0.03534031413612566,1.0,0.3257090576395243,178,737,27,0,942
0.183,0.21762208067940553,0.5176701570680629,0.19453551912568307,1.0,0.03534031413612566,1.0,0.3257090576395243,178,737,27,0,942
0.184,0.21762208067940553,0.5176701570680629,0.19453551912568307,1.0,0.03534031413612566,1.0,0.3257090576395243,178,737,27,0,942
0.185,0.21762208067940553,0.5176701570680629,0.19453551912568307,1.0,0.03534031413612566,1.0,0.3257090576395243,178,737,27,0,942
0.186,0.21762208067940553,0.5176701570680629,0.19453551912568307,1.0,0.03534031413612566,1.0,0.3257090576395243,178,737,27,0,942
0.187,0.21868365180467092,0.518324607329843,0.19474835886214442,1.0,0.03664921465968586,1.0,0.326007326007326,178,736,28,0,942
0.188,0.21868365180467092,0.518324607329843,0.19474835886214442,1.0,0.03664921465968586,1.0,0.326007326007326,178,736,28,0,942
0.189,0.2197452229299363,0.518979057591623,0.1949616648411829,1.0,0.03795811518324607,1.0,0.32630614115490375,178,735,29,0,942
0.19,0.2197452229299363,0.518979057591623,0.1949616648411829,1.0,0.03795811518324607,1.0,0.32630614115490375,178,735,29,0,942
0.191,0.2208067940552017,0.5196335078534031,0.19517543859649122,1.0,0.03926701570680628,1.0,0.326605504587156,178,734,30,0,942
0.192,0.2208067940552017,0.5196335078534031,0.19517543859649122,1.0,0.03926701570680628,1.0,0.326605504587156,178,734,30,0,942
0.193,0.2218683651804671,0.5202879581151832,0.19538968166849616,1.0,0.04057591623036649,1.0,0.3269054178145087,178,733,31,0,942
0.194,0.2218683651804671,0.5202879581151832,0.19538968166849616,1.0,0.04057591623036649,1.0,0.3269054178145087,178,733,31,0,942
0.195,0.2229299363057325,0.5209424083769634,0.1956043956043956,1.0,0.041884816753926704,1.0,0.3272058823529412,178,732,32,0,942
0.196,0.22399150743099788,0.5215968586387435,0.19581958195819582,1.0,0.04319371727748691,1.0,0.32750689972401104,178,731,33,0,942
0.197,0.22399150743099788,0.5215968586387435,0.19581958195819582,1.0,0.04319371727748691,1.0,0.32750689972401104,178,731,33,0,942
0.198,0.22611464968152867,0.5229057591623036,0.19625137816979052,1.0,0.04581151832460733,1.0,0.328110599078341,178,729,35,0,942
0.199,0.22611464968152867,0.5229057591623036,0.19625137816979052,1.0,0.04581151832460733,1.0,0.328110599078341,178,729,35,0,942
0.2,0.22717622080679406,0.5235602094240838,0.19646799116997793,1.0,0.04712041884816754,1.0,0.3284132841328414,178,728,36,0,942
0.201,0.22717622080679406,0.5235602094240838,0.19646799116997793,1.0,0.04712041884816754,1.0,0.3284132841328414,178,728,36,0,942
0.202,0.22717622080679406,0.5235602094240838,0.19646799116997793,1.0,0.04712041884816754,1.0,0.3284132841328414,178,728,36,0,942
0.203,0.22717622080679406,0.5235602094240838,0.19646799116997793,1.0,0.04712041884816754,1.0,0.3284132841328414,178,728,36,0,942
0.204,0.22717622080679406,0.5235602094240838,0.19646799116997793,1.0,0.04712041884816754,1.0,0.3284132841328414,178,728,36,0,942
0.205,0.22717622080679406,0.5235602094240838,0.19646799116997793,1.0,0.04712041884816754,1.0,0.3284132841328414,178,728,36,0,942
0.206,0.22717622080679406,0.5235602094240838,0.19646799116997793,1.0,0.04712041884816754,1.0,0.3284132841328414,178,728,36,0,942
0.207,0.22823779193205945,0.5242146596858639,0.19668508287292819,1.0,0.04842931937172775,1.0,0.32871652816251157,178,727,37,0,942
0.208,0.22929936305732485,0.524869109947644,0.19690265486725664,1.0,0.049738219895287955,1.0,0.3290203327171904,178,726,38,0,942
0.209,0.23142250530785563,0.5261780104712042,0.1973392461197339,1.0,0.05235602094240838,1.0,0.3296296296296296,178,724,40,0,942
0.21,0.23142250530785563,0.5261780104712042,0.1973392461197339,1.0,0.05235602094240838,1.0,0.3296296296296296,178,724,40,0,942
0.211,0.23248407643312102,0.5268324607329843,0.19755826859045506,1.0,0.05366492146596859,1.0,0.329935125115848,178,723,41,0,942
0.212,0.2346072186836518,0.5281413612565445,0.19799777530589543,1.0,0.056282722513089,1.0,0.33054781801299904,178,721,43,0,942
0.213,0.2367303609341826,0.5294502617801047,0.19843924191750278,1.0,0.058900523560209424,1.0,0.3311627906976744,178,719,45,0,942
0.214,0.2367303609341826,0.5294502617801047,0.19843924191750278,1.0,0.058900523560209424,1.0,0.3311627906976744,178,719,45,0,942
0.215,0.23779193205944799,0.5301047120418848,0.19866071428571427,1.0,0.060209424083769635,1.0,0.33147113594040967,178,718,46,0,942
0.216,0.23885350318471338,0.5307591623036649,0.19888268156424582,1.0,0.061518324607329845,1.0,0.331780055917987,178,717,47,0,942
0.217,0.23991507430997877,0.5314136125654451,0.19910514541387025,1.0,0.06282722513089005,1.0,0.33208955223880604,178,716,48,0,942
0.218,0.23991507430997877,0.5314136125654451,0.19910514541387025,1.0,0.06282722513089005,1.0,0.33208955223880604,178,716,48,0,942
0.219,0.23991507430997877,0.5314136125654451,0.19910514541387025,1.0,0.06282722513089005,1.0,0.33208955223880604,178,716,48,0,942
0.22,0.23991507430997877,0.5314136125654451,0.19910514541387025,1.0,0.06282722513089005,1.0,0.33208955223880604,178,716,48,0,942
0.221,0.24097664543524416,0.5320680628272252,0.19932810750279956,1.0,0.06413612565445026,1.0,0.3323996265172736,178,715,49,0,942
0.222,0.24097664543524416,0.5320680628272252,0.19932810750279956,1.0,0.06413612565445026,1.0,0.3323996265172736,178,715,49,0,942
0.223,0.24203821656050956,0.5327225130890052,0.19955156950672645,1.0,0.06544502617801047,1.0,0.33271028037383177,178,714,50,0,942
0.224,0.24203821656050956,0.5327225130890052,0.19955156950672645,1.0,0.06544502617801047,1.0,0.33271028037383177,178,714,50,0,942
0.225,0.24203821656050956,0.5327225130890052,0.19955156950672645,1.0,0.06544502617801047,1.0,0.33271028037383177,178,714,50,0,942
0.226,0.24309978768577495,0.5333769633507853,0.19977553310886645,1.0,0.06675392670157068,1.0,0.333021515434986,178,713,51,0,942
0.227,0.24416135881104034,0.5340314136125655,0.2,1.0,0.06806282722513089,1.0,0.33333333333333337,178,712,52,0,942
0.228,0.24416135881104034,0.5340314136125655,0.2,1.0,0.06806282722513089,1.0,0.33333333333333337,178,712,52,0,942
0.229,0.24416135881104034,0.5340314136125655,0.2,1.0,0.06806282722513089,1.0,0.33333333333333337,178,712,52,0,942
0.23,0.24416135881104034,0.5340314136125655,0.2,1.0,0.06806282722513089,1.0,0.33333333333333337,178,712,52,0,942
0.231,0.24628450106157113,0.5353403141361257,0.20045045045045046,1.0,0.07068062827225131,1.0,0.3339587242026266,178,710,54,0,942
0.232,0.24734607218683652,0.5359947643979057,0.20067643742953778,1.0,0.07198952879581152,1.0,0.3342723004694836,178,709,55,0,942
0.233,0.2484076433121019,0.5366492146596858,0.20090293453724606,1.0,0.07329842931937172,1.0,0.3345864661654136,178,708,56,0,942
0.234,0.2484076433121019,0.5366492146596858,0.20090293453724606,1.0,0.07329842931937172,1.0,0.3345864661654136,178,708,56,0,942
0.235,0.2505307855626327,0.5379581151832461,0.20135746606334842,1.0,0.07591623036649214,1.0,0.3352165725047081,178,706,58,0,942
0.236,0.2505307855626327,0.5379581151832461,0.20135746606334842,1.0,0.07591623036649214,1.0,0.3352165725047081,178,706,58,0,942
0.237,0.2505307855626327,0.5379581151832461,0.20135746606334842,1.0,0.07591623036649214,1.0,0.3352165725047081,178,706,58,0,942
0.238,0.2505307855626327,0.5358035766809812,0.20068027210884354,0.9943820224719101,0.07722513089005235,0.9833333333333333,0.3339622641509434,177,705,59,1,942
0.239,0.2526539278131635,0.5371124772045415,0.20113636363636364,0.9943820224719101,0.07984293193717278,0.9838709677419355,0.334593572778828,177,703,61,1,942
0.24,0.2526539278131635,0.5371124772045415,0.20113636363636364,0.9943820224719101,0.07984293193717278,0.9838709677419355,0.334593572778828,177,703,61,1,942
0.241,0.25477707006369427,0.5384213777281016,0.20159453302961275,0.9943820224719101,0.0824607329842932,0.984375,0.3352272727272727,177,701,63,1,942
0.242,0.25690021231422505,0.5397302782516619,0.20205479452054795,0.9943820224719101,0.08507853403141362,0.9848484848484849,0.33586337760910817,177,699,65,1,942
0.243,0.25690021231422505,0.5397302782516619,0.20205479452054795,0.9943820224719101,0.08507853403141362,0.9848484848484849,0.33586337760910817,177,699,65,1,942
0.244,0.25583864118895966,0.5369212894876169,0.20114285714285715,0.9887640449438202,0.08507853403141362,0.9701492537313433,0.3342830009496677,176,699,65,2,942
0.245,0.25583864118895966,0.5369212894876169,0.20114285714285715,0.9887640449438202,0.08507853403141362,0.9701492537313433,0.3342830009496677,176,699,65,2,942
0.246,0.25690021231422505,0.537575739749397,0.20137299771167047,0.9887640449438202,0.08638743455497382,0.9705882352941176,0.33460076045627374,176,698,66,2,942
0.247,0.25690021231422505,0.537575739749397,0.20137299771167047,0.9887640449438202,0.08638743455497382,0.9705882352941176,0.33460076045627374,176,698,66,2,942
0.248,0.25690021231422505,0.537575739749397,0.20137299771167047,0.9887640449438202,0.08638743455497382,0.9705882352941176,0.33460076045627374,176,698,66,2,942
0.249,0.25902335456475584,0.5388846402729572,0.2018348623853211,0.9887640449438202,0.08900523560209424,0.9714285714285714,0.3352380952380953,176,696,68,2,942
0.25,0.25902335456475584,0.5388846402729572,0.2018348623853211,0.9887640449438202,0.08900523560209424,0.9714285714285714,0.3352380952380953,176,696,68,2,942
0.251,0.26008492569002123,0.5395390905347374,0.2020665901262916,0.9887640449438202,0.09031413612565445,0.971830985915493,0.3355576739752144,176,695,69,2,942
0.252,0.262208067940552,0.5408479910582975,0.20253164556962025,0.9887640449438202,0.09293193717277487,0.9726027397260274,0.33619866284622735,176,693,71,2,942
0.253,0.2632696390658174,0.5415024413200776,0.20276497695852536,0.9887640449438202,0.09424083769633508,0.972972972972973,0.3365200764818356,176,692,72,2,942
0.254,0.2632696390658174,0.5415024413200776,0.20276497695852536,0.9887640449438202,0.09424083769633508,0.972972972972973,0.3365200764818356,176,692,72,2,942
0.255,0.2643312101910828,0.5421568915818578,0.2029988465974625,0.9887640449438202,0.09554973821989529,0.9733333333333334,0.33684210526315783,176,691,73,2,942
0.256,0.2653927813163482,0.5428113418436379,0.20323325635103925,0.9887640449438202,0.0968586387434555,0.9736842105263158,0.3371647509578544,176,690,74,2,942
0.257,0.267515923566879,0.544120242367198,0.2037037037037037,0.9887640449438202,0.09947643979057591,0.9743589743589743,0.3378119001919385,176,688,76,2,942
0.258,0.26857749469214437,0.5447746926289782,0.20393974507531865,0.9887640449438202,0.10078534031413612,0.9746835443037974,0.3381364073006724,176,687,77,2,942
0.259,0.26857749469214437,0.5426201541267133,0.2032520325203252,0.9831460674157303,0.10209424083769633,0.9629629629629629,0.3368623676612127,175,686,78,3,942
0.26,0.27176220806794055,0.5445835049120537,0.20396270396270397,0.9831460674157303,0.10602094240837696,0.9642857142857143,0.33783783783783783,175,683,81,3,942
0.261,0.27282377919320594,0.5452379551738338,0.20420070011668612,0.9831460674157303,0.10732984293193717,0.9647058823529412,0.33816425120772947,175,682,82,3,942
0.262,0.27388535031847133,0.5458924054356138,0.2044392523364486,0.9831460674157303,0.10863874345549739,0.9651162790697675,0.3384912959381045,175,681,83,3,942
0.263,0.27388535031847133,0.5458924054356138,0.2044392523364486,0.9831460674157303,0.10863874345549739,0.9651162790697675,0.3384912959381045,175,681,83,3,942
0.264,0.2760084925690021,0.547201305959174,0.20491803278688525,0.9831460674157303,0.11125654450261781,0.9659090909090909,0.3391472868217054,175,679,85,3,942
0.265,0.2760084925690021,0.547201305959174,0.20491803278688525,0.9831460674157303,0.11125654450261781,0.9659090909090909,0.3391472868217054,175,679,85,3,942
0.266,0.2770700636942675,0.5478557562209542,0.205158264947245,0.9831460674157303,0.112565445026178,0.9662921348314607,0.3394762366634335,175,678,86,3,942
0.267,0.2781316348195329,0.5485102064827343,0.20539906103286384,0.9831460674157303,0.11387434554973822,0.9666666666666667,0.3398058252427184,175,677,87,3,942
0.268,0.2791932059447983,0.5491646567445143,0.2056404230317274,0.9831460674157303,0.11518324607329843,0.967032967032967,0.34013605442176875,175,676,88,3,942
0.269,0.2813163481953291,0.5504735572680746,0.2061248527679623,0.9831460674157303,0.11780104712041885,0.967741935483871,0.34079844206426485,175,674,90,3,942
0.27,0.2813163481953291,0.5504735572680746,0.2061248527679623,0.9831460674157303,0.11780104712041885,0.967741935483871,0.34079844206426485,175,674,90,3,942
0.271,0.2813163481953291,0.5504735572680746,0.2061248527679623,0.9831460674157303,0.11780104712041885,0.967741935483871,0.34079844206426485,175,674,90,3,942
0.272,0.2813163481953291,0.5504735572680746,0.2061248527679623,0.9831460674157303,0.11780104712041885,0.967741935483871,0.34079844206426485,175,674,90,3,942
0.273,0.28450106157112526,0.5524369080534148,0.20685579196217493,0.9831460674157303,0.12172774869109948,0.96875,0.341796875,175,671,93,3,942
0.274,0.28556263269639065,0.553091358315195,0.20710059171597633,0.9831460674157303,0.12303664921465969,0.9690721649484536,0.34213098729227764,175,670,94,3,942
0.275,0.28768577494692144,0.5544002588387552,0.20759193357058126,0.9831460674157303,0.1256544502617801,0.9696969696969697,0.3428011753183154,175,668,96,3,942
0.276,0.28874734607218683,0.5550547091005353,0.20783847980997625,0.9831460674157303,0.12696335078534032,0.97,0.3431372549019608,175,667,97,3,942
0.277,0.291932059447983,0.5570180598858756,0.20858164481525626,0.9831460674157303,0.13089005235602094,0.970873786407767,0.344149459193707,175,664,100,3,942
0.278,0.2929936305732484,0.5576725101476557,0.20883054892601433,0.9831460674157303,0.13219895287958114,0.9711538461538461,0.34448818897637795,175,663,101,3,942
0.279,0.2951167728237792,0.5589814106712159,0.20933014354066987,0.9831460674157303,0.13481675392670156,0.9716981132075472,0.34516765285996054,175,661,103,3,942
0.28,0.2961783439490446,0.559635860932996,0.20958083832335328,0.9831460674157303,0.13612565445026178,0.9719626168224299,0.3455083909180651,175,660,104,3,942
0.281,0.29723991507430997,0.5602903111947761,0.20983213429256595,0.9831460674157303,0.13743455497382198,0.9722222222222222,0.3458498023715415,175,659,105,3,942
0.282,0.29936305732484075,0.5615992117183364,0.21033653846153846,0.9831460674157303,0.1400523560209424,0.9727272727272728,0.34653465346534656,175,657,107,3,942
0.283,0.30254777070063693,0.5635625625036766,0.21109770808202655,0.9831460674157303,0.14397905759162305,0.9734513274336283,0.34756703078450846,175,654,110,3,942
0.284,0.3046709129511677,0.5648714630272369,0.21160822249093109,0.9831460674157303,0.14659685863874344,0.9739130434782609,0.34825870646766166,175,652,112,3,942
0.285,0.3057324840764331,0.565525913289017,0.211864406779661,0.9831460674157303,0.14790575916230367,0.9741379310344828,0.348605577689243,175,651,113,3,942
0.286,0.3057324840764331,0.565525913289017,0.211864406779661,0.9831460674157303,0.14790575916230367,0.9741379310344828,0.348605577689243,175,651,113,3,942
0.287,0.3067940552016985,0.566180363550797,0.21212121212121213,0.9831460674157303,0.14921465968586387,0.9743589743589743,0.34895314057826526,175,650,114,3,942
0.288,0.3078556263269639,0.5668348138125772,0.21237864077669902,0.9831460674157303,0.1505235602094241,0.9745762711864406,0.3493013972055888,175,649,115,3,942
0.289,0.3099787685774947,0.5659891758338725,0.2121951219512195,0.9775280898876404,0.1544502617801047,0.9672131147540983,0.3486973947895791,174,646,118,4,942
0.29,0.31422505307855625,0.5664524383787282,0.21253071253071254,0.9719101123595506,0.16099476439790575,0.9609375,0.3487903225806452,173,641,123,5,942
0.291,0.31422505307855625,0.5664524383787282,0.21253071253071254,0.9719101123595506,0.16099476439790575,0.9609375,0.3487903225806452,173,641,123,5,942
0.292,0.31528662420382164,0.5671068886405083,0.21279212792127922,0.9719101123595506,0.16230366492146597,0.9612403100775194,0.3491422805247225,173,640,124,5,942
0.293,0.31528662420382164,0.5671068886405083,0.21279212792127922,0.9719101123595506,0.16230366492146597,0.9612403100775194,0.3491422805247225,173,640,124,5,942
0.294,0.31634819532908703,0.5677613389022884,0.21305418719211822,0.9719101123595506,0.16361256544502617,0.9615384615384616,0.3494949494949495,173,639,125,5,942
0.295,0.31528662420382164,0.5649523501382434,0.2120838471023428,0.9662921348314607,0.16361256544502617,0.9541984732824428,0.34782608695652173,172,639,125,6,942
0.296,0.31634819532908703,0.5656068004000235,0.2123456790123457,0.9662921348314607,0.1649214659685864,0.9545454545454546,0.34817813765182193,172,638,126,6,942
0.297,0.31634819532908703,0.5634522618977587,0.21163366336633663,0.9606741573033708,0.1662303664921466,0.9477611940298507,0.34685598377281945,171,637,127,7,942
0.298,0.3184713375796178,0.5647611624213189,0.21215880893300249,0.9606741573033708,0.168848167539267,0.9485294117647058,0.34756097560975613,171,635,129,7,942
0.299,0.3205944798301486,0.5660700629448792,0.2126865671641791,0.9606741573033708,0.17146596858638743,0.9492753623188406,0.34826883910386963,171,633,131,7,942
0.3,0.3205944798301486,0.5660700629448792,0.2126865671641791,0.9606741573033708,0.17146596858638743,0.9492753623188406,0.34826883910386963,171,633,131,7,942
0.301,0.321656050955414,0.5667245132066592,0.2129514321295143,0.9606741573033708,0.17277486910994763,0.9496402877697842,0.3486238532110092,171,632,132,7,942
0.302,0.3237791932059448,0.5680334137302194,0.21348314606741572,0.9606741573033708,0.17539267015706805,0.950354609929078,0.3493360572012257,171,630,134,7,942
0.303,0.32802547770700635,0.5706512147773398,0.21455457967377667,0.9606741573033708,0.1806282722513089,0.9517241379310345,0.3507692307692308,171,626,138,7,942
0.304,0.32908704883227174,0.57130566503912,0.21482412060301506,0.9606741573033708,0.18193717277486912,0.952054794520548,0.351129363449692,171,625,139,7,942
0.305,0.33014861995753714,0.5698055767986352,0.21437578814627994,0.9550561797752809,0.18455497382198952,0.9463087248322147,0.35015447991761073,170,623,141,8,942
0.306,0.3322717622080679,0.5711144773221954,0.21491782553729458,0.9550561797752809,0.18717277486910994,0.9470198675496688,0.3508771929824561,170,621,143,8,942
0.307,0.3333333333333333,0.5696143890817107,0.21446700507614214,0.949438202247191,0.18979057591623036,0.9415584415584416,0.34989648033126297,169,619,145,9,942
0.308,0.3333333333333333,0.5696143890817107,0.21446700507614214,0.949438202247191,0.18979057591623036,0.9415584415584416,0.34989648033126297,169,619,145,9,942
0.309,0.3333333333333333,0.5696143890817107,0.21446700507614214,0.949438202247191,0.18979057591623036,0.9415584415584416,0.34989648033126297,169,619,145,9,942
0.31,0.3354564755838641,0.570923289605271,0.21501272264631044,0.949438202247191,0.19240837696335078,0.9423076923076923,0.3506224066390042,169,617,147,9,942
0.311,0.3354564755838641,0.570923289605271,0.21501272264631044,0.949438202247191,0.19240837696335078,0.9423076923076923,0.3506224066390042,169,617,147,9,942
0.312,0.3365180467091295,0.571577739867051,0.21528662420382166,0.949438202247191,0.193717277486911,0.9426751592356688,0.3509865005192109,169,616,148,9,942
0.313,0.3375796178343949,0.5722321901288311,0.21556122448979592,0.949438202247191,0.1950261780104712,0.9430379746835443,0.35135135135135137,169,615,149,9,942
0.314,0.3375796178343949,0.5722321901288311,0.21556122448979592,0.949438202247191,0.1950261780104712,0.9430379746835443,0.35135135135135137,169,615,149,9,942
0.315,0.34076433121019106,0.5741955409141715,0.21638924455825864,0.949438202247191,0.19895287958115182,0.9440993788819876,0.3524504692387904,169,612,152,9,942
0.316,0.34076433121019106,0.5741955409141715,0.21638924455825864,0.949438202247191,0.19895287958115182,0.9440993788819876,0.3524504692387904,169,612,152,9,942
0.317,0.34182590233545646,0.5748499911759515,0.21666666666666667,0.949438202247191,0.20026178010471204,0.9444444444444444,0.35281837160751567,169,611,153,9,942
0.318,0.34288747346072185,0.5755044414377316,0.21694480102695765,0.949438202247191,0.20157068062827224,0.9447852760736196,0.35318704284221525,169,610,154,9,942
0.319,0.34288747346072185,0.5755044414377316,0.21694480102695765,0.949438202247191,0.20157068062827224,0.9447852760736196,0.35318704284221525,169,610,154,9,942
0.32,0.346072186836518,0.577467792223072,0.21778350515463918,0.949438202247191,0.2054973821989529,0.9457831325301205,0.35429769392033544,169,607,157,9,942
0.321,0.346072186836518,0.577467792223072,0.21778350515463918,0.949438202247191,0.2054973821989529,0.9457831325301205,0.35429769392033544,169,607,157,9,942
0.322,0.3492569002123142,0.5794311430084123,0.2186287192755498,0.949438202247191,0.2094240837696335,0.9467455621301775,0.35541535226077814,169,604,160,9,942
0.323,0.351380042462845,0.5807400435319725,0.2191958495460441,0.949438202247191,0.21204188481675393,0.9473684210526315,0.35616438356164387,169,602,162,9,942
0.324,0.3535031847133758,0.5820489440555326,0.21976592977893367,0.949438202247191,0.21465968586387435,0.9479768786127167,0.35691657866948256,169,600,164,9,942
0.325,0.35562632696390656,0.5833578445790929,0.22033898305084745,0.949438202247191,0.21727748691099477,0.9485714285714286,0.35767195767195764,169,598,166,9,942
0.326,0.35881104033970274,0.5853211953644332,0.2212041884816754,0.949438202247191,0.2212041884816754,0.949438202247191,0.3588110403397028,169,595,169,9,942
0.327,0.35987261146496813,0.5859756456262133,0.2214941022280472,0.949438202247191,0.22251308900523561,0.9497206703910615,0.35919234856535603,169,594,170,9,942
0.328,0.3609341825902335,0.5866300958879934,0.22178477690288714,0.949438202247191,0.2238219895287958,0.95,0.3595744680851064,169,593,171,9,942
0.329,0.3619957537154989,0.5872845461497735,0.22207621550591328,0.949438202247191,0.225130890052356,0.9502762430939227,0.3599574014909478,169,592,172,9,942
0.33,0.3630573248407643,0.5879389964115536,0.22236842105263158,0.949438202247191,0.22643979057591623,0.9505494505494505,0.3603411513859275,169,591,173,9,942
0.331,0.3630573248407643,0.5879389964115536,0.22236842105263158,0.949438202247191,0.22643979057591623,0.9505494505494505,0.3603411513859275,169,591,173,9,942
0.332,0.3641188959660297,0.5885934466733337,0.22266139657444006,0.949438202247191,0.22774869109947643,0.9508196721311475,0.36072572038420486,169,590,174,9,942
0.333,0.3651804670912951,0.5892478969351138,0.22295514511873352,0.949438202247191,0.22905759162303665,0.9510869565217391,0.3611111111111111,169,589,175,9,942
0.334,0.3662420382165605,0.5899023471968939,0.22324966974900926,0.949438202247191,0.23036649214659685,0.9513513513513514,0.3614973262032086,169,588,176,9,942
0.335,0.36836518046709127,0.5912112477204541,0.223841059602649,0.949438202247191,0.23298429319371727,0.9518716577540107,0.3622722400857449,169,586,178,9,942
0.336,0.36942675159235666,0.5918656979822342,0.22413793103448276,0.949438202247191,0.2342931937172775,0.9521276595744681,0.3626609442060086,169,585,179,9,942
0.337,0.37154989384288745,0.5931745985057945,0.2247340425531915,0.949438202247191,0.2369109947643979,0.9526315789473684,0.3634408602150538,169,583,181,9,942
0.338,0.3747346072186836,0.5951379492911347,0.22563417890520696,0.949438202247191,0.24083769633507854,0.9533678756476683,0.36461704422869473,169,580,184,9,942
0.339,0.37579617834394907,0.5957923995529149,0.22593582887700533,0.949438202247191,0.24214659685863874,0.9536082474226805,0.3650107991360691,169,579,185,9,942
0.34,0.37579617834394907,0.5957923995529149,0.22593582887700533,0.949438202247191,0.24214659685863874,0.9536082474226805,0.3650107991360691,169,579,185,9,942
0.341,0.37685774946921446,0.596446849814695,0.22623828647925034,0.949438202247191,0.24345549738219896,0.9538461538461539,0.36540540540540545,169,578,186,9,942
0.342,0.37791932059447986,0.5971013000764751,0.22654155495978553,0.949438202247191,0.24476439790575916,0.9540816326530612,0.3658008658008658,169,577,187,9,942
0.343,0.37898089171974525,0.5977557503382552,0.22684563758389262,0.949438202247191,0.24607329842931938,0.9543147208121827,0.3661971830985916,169,576,188,9,942
0.344,0.38110403397027603,0.5990646508618154,0.2274562584118439,0.949438202247191,0.2486910994764398,0.9547738693467337,0.36699239956568946,169,574,190,9,942
0.345,0.3842887473460722,0.6010280016471556,0.22837837837837838,0.949438202247191,0.2526178010471204,0.9554455445544554,0.3681917211328976,169,571,193,9,942
0.346,0.3842887473460722,0.6010280016471556,0.22837837837837838,0.949438202247191,0.2526178010471204,0.9554455445544554,0.3681917211328976,169,571,193,9,942
0.347,0.3853503184713376,0.6016824519089359,0.22868741542625168,0.949438202247191,0.25392670157068065,0.9556650246305419,0.3685932388222464,169,570,194,9,942
0.348,0.3853503184713376,0.599527913406671,0.22795115332428764,0.9438202247191011,0.25523560209424084,0.9512195121951219,0.36721311475409835,168,569,195,10,942
0.349,0.3885350318471338,0.6014912641920113,0.22888283378746593,0.9438202247191011,0.2591623036649215,0.9519230769230769,0.368421052631579,168,566,198,10,942
0.35,0.3885350318471338,0.6014912641920113,0.22888283378746593,0.9438202247191011,0.2591623036649215,0.9519230769230769,0.368421052631579,168,566,198,10,942
0.351,0.3885350318471338,0.6014912641920113,0.22888283378746593,0.9438202247191011,0.2591623036649215,0.9519230769230769,0.368421052631579,168,566,198,10,942
0.352,0.39171974522292996,0.6034546149773516,0.22982216142270862,0.9438202247191011,0.2630890052356021,0.95260663507109,0.3696369636963696,168,563,201,10,942
0.353,0.39171974522292996,0.6034546149773516,0.22982216142270862,0.9438202247191011,0.2630890052356021,0.95260663507109,0.3696369636963696,168,563,201,10,942
0.354,0.39278131634819535,0.6041090652391317,0.23013698630136986,0.9438202247191011,0.2643979057591623,0.9528301886792453,0.3700440528634361,168,562,202,10,942
0.355,0.39490445859872614,0.6054179657626919,0.23076923076923078,0.9438202247191011,0.2670157068062827,0.9532710280373832,0.37086092715231794,168,560,204,10,942
0.356,0.3970276008492569,0.6067268662862522,0.23140495867768596,0.9438202247191011,0.2696335078534031,0.9537037037037037,0.3716814159292035,168,558,206,10,942
0.357,0.3970276008492569,0.6067268662862522,0.23140495867768596,0.9438202247191011,0.2696335078534031,0.9537037037037037,0.3716814159292035,168,558,206,10,942
0.358,0.4002123142250531,0.6086902170715924,0.23236514522821577,0.9438202247191011,0.27356020942408377,0.954337899543379,0.3729189789123197,168,555,209,10,942
0.359,0.4023354564755839,0.6099991175951527,0.23300970873786409,0.9438202247191011,0.2761780104712042,0.9547511312217195,0.37374860956618466,168,553,211,10,942
0.36,0.4023354564755839,0.6099991175951527,0.23300970873786409,0.9438202247191011,0.2761780104712042,0.9547511312217195,0.37374860956618466,168,553,211,10,942
0.361,0.40658174097664546,0.6126169186422731,0.23430962343096234,0.9438202247191011,0.281413612565445,0.9555555555555556,0.3754189944134078,168,549,215,10,942
0.362,0.40764331210191085,0.6132713689040532,0.2346368715083799,0.9438202247191011,0.28272251308900526,0.9557522123893806,0.37583892617449666,168,548,216,10,942
0.363,0.40764331210191085,0.6068077533972587,0.2323943661971831,0.9269662921348315,0.28664921465968585,0.9439655172413793,0.3716216216216216,165,545,219,13,942
0.364,0.40870488322717624,0.6074622036590388,0.23272214386459802,0.9269662921348315,0.2879581151832461,0.944206008583691,0.3720405862457723,165,544,220,13,942
0.365,0.410828025477707,0.6087711041825989,0.2333804809052334,0.9269662921348315,0.2905759162303665,0.9446808510638298,0.3728813559322034,165,542,222,13,942
0.366,0.4129511677282378,0.6100800047061592,0.23404255319148937,0.9269662921348315,0.2931937172774869,0.9451476793248945,0.3737259343148358,165,540,224,13,942
0.367,0.4140127388535032,0.6107344549679393,0.234375,0.9269662921348315,0.29450261780104714,0.9453781512605042,0.37414965986394555,165,539,225,13,942
0.368,0.4150743099787686,0.6113889052297194,0.23470839260312945,0.9269662921348315,0.29581151832460734,0.9456066945606695,0.37457434733257666,165,538,226,13,942
0.369,0.4171974522292994,0.6126978057532796,0.23537803138373753,0.9269662921348315,0.29842931937172773,0.946058091286307,0.3754266211604096,165,536,228,13,942
0.37,0.4171974522292994,0.6126978057532796,0.23537803138373753,0.9269662921348315,0.29842931937172773,0.946058091286307,0.3754266211604096,165,536,228,13,942
0.371,0.41932059447983017,0.6140067062768398,0.23605150214592274,0.9269662921348315,0.3010471204188482,0.9465020576131687,0.37628278221208666,165,534,230,13,942
0.372,0.41932059447983017,0.6140067062768398,0.23605150214592274,0.9269662921348315,0.3010471204188482,0.9465020576131687,0.37628278221208666,165,534,230,13,942
0.373,0.42144373673036095,0.6153156068004,0.23672883787661406,0.9269662921348315,0.3036649214659686,0.9469387755102041,0.3771428571428571,165,532,232,13,942
0.374,0.42250530785562634,0.6159700570621801,0.23706896551724138,0.9269662921348315,0.30497382198952877,0.9471544715447154,0.37757437070938216,165,531,233,13,942
0.375,0.42356687898089174,0.6166245073239602,0.23741007194244604,0.9269662921348315,0.306282722513089,0.9473684210526315,0.37800687285223367,165,530,234,13,942
0.376,0.4267515923566879,0.6185878581093005,0.2384393063583815,0.9269662921348315,0.3102094240837696,0.948,0.37931034482758624,165,527,237,13,942
0.377,0.4288747346072187,0.6198967586328608,0.2391304347826087,0.9269662921348315,0.31282722513089006,0.9484126984126984,0.38018433179723504,165,525,239,13,942
0.378,0.4288747346072187,0.6198967586328608,0.2391304347826087,0.9269662921348315,0.31282722513089006,0.9484126984126984,0.38018433179723504,165,525,239,13,942
0.379,0.4320594479830149,0.6197055709159363,0.23941605839416058,0.9213483146067416,0.3180628272251309,0.9455252918287937,0.38006952491309387,164,521,243,14,942
0.38,0.43418259023354566,0.6210144714394965,0.24011713030746706,0.9213483146067416,0.3206806282722513,0.9459459459459459,0.38095238095238093,164,519,245,14,942
0.381,0.43630573248407645,0.6223233719630566,0.24082232011747431,0.9213483146067416,0.32329842931937175,0.946360153256705,0.3818393480791618,164,517,247,14,942
0.382,0.43736730360934184,0.6229778222248368,0.2411764705882353,0.9213483146067416,0.32460732984293195,0.9465648854961832,0.3822843822843823,164,516,248,14,942
0.383,0.4394904458598726,0.6221321842461321,0.2411242603550296,0.9157303370786517,0.3285340314136126,0.943609022556391,0.3817330210772834,163,513,251,15,942
0.384,0.440552016985138,0.6227866345079123,0.2414814814814815,0.9157303370786517,0.3298429319371728,0.9438202247191011,0.3821805392731536,163,512,252,15,942
0.385,0.4426751592356688,0.6240955350314724,0.24219910846953938,0.9157303370786517,0.3324607329842932,0.9442379182156134,0.38307873090481787,163,510,254,15,942
0.386,0.4437367303609342,0.6247499852932525,0.2425595238095238,0.9157303370786517,0.3337696335078534,0.9444444444444444,0.3835294117647059,163,509,255,15,942
0.387,0.4447983014861996,0.6254044355550327,0.2429210134128167,0.9157303370786517,0.33507853403141363,0.9446494464944649,0.3839811542991755,163,508,256,15,942
0.388,0.445859872611465,0.6260588858168128,0.24328358208955222,0.9157303370786517,0.33638743455497383,0.9448529411764706,0.38443396226415094,163,507,257,15,942
0.389,0.4469214437367304,0.6267133360785928,0.2436472346786248,0.9157303370786517,0.337696335078534,0.945054945054945,0.38488783943329397,163,506,258,15,942
0.39,0.45010615711252655,0.6286766868639332,0.24474474474474475,0.9157303370786517,0.3416230366492147,0.9456521739130435,0.38625592417061616,163,503,261,15,942
0.391,0.45010615711252655,0.6286766868639332,0.24474474474474475,0.9157303370786517,0.3416230366492147,0.9456521739130435,0.38625592417061616,163,503,261,15,942
0.392,0.45222929936305734,0.6299855873874933,0.24548192771084337,0.9157303370786517,0.34424083769633507,0.9460431654676259,0.38717339667458434,163,501,263,15,942
0.393,0.45222929936305734,0.6299855873874933,0.24548192771084337,0.9157303370786517,0.34424083769633507,0.9460431654676259,0.38717339667458434,163,501,263,15,942
0.394,0.45222929936305734,0.6299855873874933,0.24548192771084337,0.9157303370786517,0.34424083769633507,0.9460431654676259,0.38717339667458434,163,501,263,15,942
0.395,0.4543524416135881,0.6312944879110536,0.24622356495468278,0.9157303370786517,0.3468586387434555,0.9464285714285714,0.3880952380952381,163,499,265,15,942
0.396,0.4543524416135881,0.6312944879110536,0.24622356495468278,0.9157303370786517,0.3468586387434555,0.9464285714285714,0.3880952380952381,163,499,265,15,942
0.397,0.4564755838641189,0.6326033884346138,0.24696969696969698,0.9157303370786517,0.3494764397905759,0.9468085106382979,0.38902147971360385,163,497,267,15,942
0.398,0.4564755838641189,0.6326033884346138,0.24696969696969698,0.9157303370786517,0.3494764397905759,0.9468085106382979,0.38902147971360385,163,497,267,15,942
0.399,0.4575371549893843,0.6332578386963938,0.2473444613050076,0.9157303370786517,0.3507853403141361,0.9469964664310954,0.38948626045400236,163,496,268,15,942
0.4,0.4607218683651805,0.6352211894817342,0.24847560975609756,0.9157303370786517,0.35471204188481675,0.9475524475524476,0.3908872901678657,163,493,271,15,942
0.401,0.46284501061571126,0.6365300900052944,0.2492354740061162,0.9157303370786517,0.35732984293193715,0.9479166666666666,0.3918269230769231,163,491,273,15,942
0.402,0.46496815286624205,0.6378389905288546,0.25,0.9157303370786517,0.3599476439790576,0.9482758620689655,0.3927710843373494,163,489,275,15,942
0.403,0.46709129511677283,0.6391478910524149,0.25076923076923074,0.9157303370786517,0.362565445026178,0.9486301369863014,0.393719806763285,163,487,277,15,942
0.404,0.46709129511677283,0.6391478910524149,0.25076923076923074,0.9157303370786517,0.362565445026178,0.9486301369863014,0.393719806763285,163,487,277,15,942
0.405,0.46709129511677283,0.63699335255015,0.25,0.9101123595505618,0.36387434554973824,0.9455782312925171,0.3922518159806295,162,486,278,16,942
0.406,0.46709129511677283,0.63699335255015,0.25,0.9101123595505618,0.36387434554973824,0.9455782312925171,0.3922518159806295,162,486,278,16,942
0.407,0.46709129511677283,0.63699335255015,0.25,0.9101123595505618,0.36387434554973824,0.9455782312925171,0.3922518159806295,162,486,278,16,942
0.408,0.46709129511677283,0.6348388140478851,0.24922600619195046,0.9044943820224719,0.36518324607329844,0.9425675675675675,0.39077669902912626,161,485,279,17,942
0.409,0.4692144373673036,0.6361477145714454,0.25,0.9044943820224719,0.36780104712041883,0.9429530201342282,0.3917274939172749,161,483,281,17,942
0.41,0.470276008492569,0.6346476263309606,0.24960998439937598,0.898876404494382,0.3704188481675393,0.9401993355481728,0.3907203907203907,160,481,283,18,942
0.411,0.4723991507430998,0.6359565268545209,0.25039123630672927,0.898876404494382,0.3730366492146597,0.9405940594059405,0.3916768665850673,160,479,285,18,942
0.412,0.4745222929936306,0.6372654273780811,0.25117739403453687,0.898876404494382,0.3756544502617801,0.940983606557377,0.39263803680981596,160,477,287,18,942
0.413,0.47558386411889597,0.6379198776398611,0.25157232704402516,0.898876404494382,0.3769633507853403,0.9411764705882353,0.39312039312039315,160,476,288,18,942
0.414,0.47664543524416136,0.6385743279016413,0.25196850393700787,0.898876404494382,0.3782722513089005,0.9413680781758957,0.3936039360393604,160,475,289,18,942
0.415,0.47770700636942676,0.6392287781634214,0.25236593059936907,0.898876404494382,0.3795811518324607,0.9415584415584416,0.3940886699507389,160,474,290,18,942
0.416,0.47876857749469215,0.6398832284252015,0.2527646129541864,0.898876404494382,0.38089005235602097,0.941747572815534,0.3945745992601726,160,473,291,18,942
0.417,0.4830148619957537,0.6425010294723219,0.2543720190779014,0.898876404494382,0.38612565445026176,0.9424920127795527,0.3965303593556381,160,469,295,18,942
0.418,0.4830148619957537,0.6425010294723219,0.2543720190779014,0.898876404494382,0.38612565445026176,0.9424920127795527,0.3965303593556381,160,469,295,18,942
0.419,0.4851380042462845,0.6438099299958822,0.2551834130781499,0.898876404494382,0.3887434554973822,0.9428571428571428,0.39751552795031053,160,467,297,18,942
0.42,0.4872611464968153,0.6451188305194423,0.256,0.898876404494382,0.3913612565445026,0.943217665615142,0.3985056039850561,160,465,299,18,942
0.421,0.4883227176220807,0.6457732807812224,0.2564102564102564,0.898876404494382,0.39267015706806285,0.9433962264150944,0.399002493765586,160,464,300,18,942
0.422,0.4893842887473461,0.6464277310430026,0.2568218298555377,0.898876404494382,0.39397905759162305,0.9435736677115988,0.3995006242197254,160,463,301,18,942
0.423,0.49044585987261147,0.6470821813047827,0.2572347266881029,0.898876404494382,0.39528795811518325,0.94375,0.39999999999999997,160,462,302,18,942
0.424,0.49150743099787686,0.6477366315665627,0.2576489533011272,0.898876404494382,0.39659685863874344,0.9439252336448598,0.4005006257822277,160,461,303,18,942
0.425,0.49150743099787686,0.6455820930642979,0.2568659127625202,0.8932584269662921,0.39790575916230364,0.9411764705882353,0.39899623588456706,159,460,304,19,942
0.426,0.49256900212314225,0.6462365433260779,0.25728155339805825,0.8932584269662921,0.3992146596858639,0.941358024691358,0.39949748743718594,159,459,305,19,942
0.427,0.49363057324840764,0.6468909935878581,0.2576985413290113,0.8932584269662921,0.4005235602094241,0.9415384615384615,0.39999999999999997,159,458,306,19,942
0.428,0.49469214437367304,0.6475454438496382,0.25811688311688313,0.8932584269662921,0.4018324607329843,0.941717791411043,0.40050377833753154,159,457,307,19,942
0.429,0.49575371549893843,0.6481998941114183,0.25853658536585367,0.8932584269662921,0.4031413612565445,0.9418960244648318,0.4010088272383354,159,456,308,19,942
0.43,0.4989384288747346,0.6501632448967586,0.25980392156862747,0.8932584269662921,0.40706806282722513,0.9424242424242424,0.40253164556962023,159,453,311,19,942
0.431,0.4989384288747346,0.6501632448967586,0.25980392156862747,0.8932584269662921,0.40706806282722513,0.9424242424242424,0.40253164556962023,159,453,311,19,942
0.432,0.5,0.6508176951585387,0.2602291325695581,0.8932584269662921,0.4083769633507853,0.9425981873111783,0.403041825095057,159,452,312,19,942
0.433,0.5,0.6508176951585387,0.2602291325695581,0.8932584269662921,0.4083769633507853,0.9425981873111783,0.403041825095057,159,452,312,19,942
0.434,0.5010615711252654,0.649317606918054,0.2598684210526316,0.8876404494382022,0.4109947643979058,0.9401197604790419,0.4020356234096692,158,450,314,20,942
0.435,0.5031847133757962,0.6506265074416142,0.2607260726072607,0.8876404494382022,0.41361256544502617,0.9404761904761905,0.4030612244897959,158,448,316,20,942
0.436,0.5031847133757962,0.6506265074416142,0.2607260726072607,0.8876404494382022,0.41361256544502617,0.9404761904761905,0.4030612244897959,158,448,316,20,942
0.437,0.5042462845010616,0.6512809577033942,0.2611570247933884,0.8876404494382022,0.41492146596858637,0.9406528189910979,0.40357598978288634,158,447,317,20,942
0.438,0.5074309978768577,0.6510897699864698,0.26166666666666666,0.8820224719101124,0.4201570680628272,0.9385964912280702,0.403598971722365,157,443,321,21,942
0.439,0.5084925690021231,0.65174422024825,0.2621035058430718,0.8820224719101124,0.4214659685863874,0.9387755102040817,0.4041184041184041,157,442,322,21,942
0.44,0.5095541401273885,0.6502441320077652,0.26174496644295303,0.8764044943820225,0.42408376963350786,0.9364161849710982,0.40310077519379844,156,440,324,22,942
0.441,0.5127388535031847,0.6522074827931055,0.2630691399662732,0.8764044943820225,0.4280104712041885,0.9369627507163324,0.4046692607003891,156,437,327,22,942
0.442,0.5148619957537155,0.6535163833166657,0.2639593908629442,0.8764044943820225,0.4306282722513089,0.9373219373219374,0.4057217165149545,156,435,329,22,942
0.443,0.5148619957537155,0.6535163833166657,0.2639593908629442,0.8764044943820225,0.4306282722513089,0.9373219373219374,0.4057217165149545,156,435,329,22,942
0.444,0.5169851380042463,0.654825283840226,0.26485568760611206,0.8764044943820225,0.43324607329842935,0.9376770538243626,0.4067796610169492,156,433,331,22,942
0.445,0.5169851380042463,0.654825283840226,0.26485568760611206,0.8764044943820225,0.43324607329842935,0.9376770538243626,0.4067796610169492,156,433,331,22,942
0.446,0.5180467091295117,0.655479734102006,0.2653061224489796,0.8764044943820225,0.43455497382198954,0.9378531073446328,0.40731070496083555,156,432,332,22,942
0.447,0.5191082802547771,0.6561341843637861,0.2657580919931857,0.8764044943820225,0.43586387434554974,0.9380281690140845,0.4078431372549019,156,431,333,22,942
0.448,0.5201698513800425,0.6546340961233014,0.2654109589041096,0.8707865168539326,0.43848167539267013,0.9357541899441341,0.4068241469816273,155,429,335,23,942
0.449,0.5212314225053079,0.6552885463850815,0.2658662092624357,0.8707865168539326,0.4397905759162304,0.935933147632312,0.4073587385019711,155,428,336,23,942
0.45,0.524416135881104,0.6572518971704218,0.2672413793103448,0.8707865168539326,0.443717277486911,0.93646408839779,0.40897097625329815,155,425,339,23,942
0.451,0.5276008492569002,0.6592152479557621,0.268630849220104,0.8707865168539326,0.4476439790575916,0.936986301369863,0.41059602649006627,155,422,342,23,942
0.452,0.529723991507431,0.6605241484793223,0.26956521739130435,0.8707865168539326,0.450261780104712,0.9373297002724795,0.4116865869853918,155,420,344,23,942
0.453,0.5329087048832272,0.6624874992646627,0.270979020979021,0.8707865168539326,0.45418848167539266,0.9378378378378378,0.41333333333333333,155,417,347,23,942
0.454,0.5329087048832272,0.6624874992646627,0.270979020979021,0.8707865168539326,0.45418848167539266,0.9378378378378378,0.41333333333333333,155,417,347,23,942
0.455,0.5329087048832272,0.6624874992646627,0.270979020979021,0.8707865168539326,0.45418848167539266,0.9378378378378378,0.41333333333333333,155,417,347,23,942
0.456,0.5339702760084926,0.6609874110241779,0.27065026362038663,0.8651685393258427,0.4568062827225131,0.935656836461126,0.4123159303882195,154,415,349,24,942
0.457,0.5339702760084926,0.6609874110241779,0.27065026362038663,0.8651685393258427,0.4568062827225131,0.935656836461126,0.4123159303882195,154,415,349,24,942
0.458,0.5360934182590233,0.662296311547738,0.2716049382716049,0.8651685393258427,0.4594240837696335,0.936,0.4134228187919463,154,413,351,24,942
0.459,0.5360934182590233,0.662296311547738,0.2716049382716049,0.8651685393258427,0.4594240837696335,0.936,0.4134228187919463,154,413,351,24,942
0.46,0.5371549893842887,0.6629507618095182,0.27208480565371024,0.8651685393258427,0.4607329842931937,0.9361702127659575,0.4139784946236559,154,412,352,24,942
0.461,0.5382165605095541,0.6636052120712983,0.27256637168141595,0.8651685393258427,0.4620418848167539,0.9363395225464191,0.41453566621803506,154,411,353,24,942
0.462,0.5392781316348195,0.6621051238308135,0.2722419928825623,0.8595505617977528,0.46465968586387435,0.9342105263157895,0.4135135135135135,153,409,355,25,942
0.463,0.5414012738853503,0.6634140243543738,0.2732142857142857,0.8595505617977528,0.46727748691099474,0.9345549738219895,0.4146341463414634,153,407,357,25,942
0.464,0.5424628450106157,0.6640684746161539,0.2737030411449016,0.8595505617977528,0.468586387434555,0.9347258485639687,0.41519674355495256,153,406,358,25,942
0.465,0.5424628450106157,0.661913936113889,0.27289048473967686,0.8539325842696629,0.4698952879581152,0.9324675324675324,0.4136054421768708,152,405,359,26,942
0.466,0.5435244161358811,0.6625683863756692,0.2733812949640288,0.8539325842696629,0.4712041884816754,0.9326424870466321,0.4141689373297003,152,404,360,26,942
0.467,0.5456475583864119,0.6638772868992293,0.2743682310469314,0.8539325842696629,0.4738219895287958,0.9329896907216495,0.41530054644808745,152,402,362,26,942
0.468,0.5477707006369427,0.6651861874227896,0.2753623188405797,0.8539325842696629,0.47643979057591623,0.9333333333333333,0.4164383561643835,152,400,364,26,942
0.469,0.5488322717622081,0.6658406376845697,0.27586206896551724,0.8539325842696629,0.47774869109947643,0.9335038363171355,0.4170096021947874,152,399,365,26,942
0.47,0.5488322717622081,0.6658406376845697,0.27586206896551724,0.8539325842696629,0.47774869109947643,0.9335038363171355,0.4170096021947874,152,399,365,26,942
0.471,0.5498938428874734,0.6643405494440849,0.2755474452554745,0.848314606741573,0.4803664921465969,0.9314720812182741,0.4159779614325069,151,397,367,27,942
0.472,0.5520169851380042,0.6656494499676451,0.2765567765567766,0.848314606741573,0.4829842931937173,0.9318181818181818,0.41712707182320435,151,395,369,27,942
0.473,0.554140127388535,0.6669583504912053,0.2775735294117647,0.848314606741573,0.4856020942408377,0.9321608040201005,0.41828254847645435,151,393,371,27,942
0.474,0.5562632696390658,0.6682672510147656,0.2785977859778598,0.848314606741573,0.4882198952879581,0.9325,0.4194444444444444,151,391,373,27,942
0.475,0.5583864118895966,0.6695761515383257,0.2796296296296296,0.848314606741573,0.4908376963350785,0.9328358208955224,0.4206128133704735,151,389,375,27,942
0.476,0.5583864118895966,0.6695761515383257,0.2796296296296296,0.848314606741573,0.4908376963350785,0.9328358208955224,0.4206128133704735,151,389,375,27,942
0.477,0.5573248407643312,0.6667671627742808,0.2782931354359926,0.8426966292134831,0.4908376963350785,0.9305210918114144,0.4184100418410042,150,389,375,28,942
0.478,0.5583864118895966,0.667421613036061,0.2788104089219331,0.8426966292134831,0.49214659685863876,0.9306930693069307,0.41899441340782123,150,388,376,28,942
0.479,0.559447983014862,0.6680760632978411,0.27932960893854747,0.8426966292134831,0.49345549738219896,0.9308641975308642,0.4195804195804196,150,387,377,28,942
0.48,0.5605095541401274,0.6687305135596211,0.2798507462686567,0.8426966292134831,0.49476439790575916,0.9310344827586207,0.4201680672268907,150,386,378,28,942
0.481,0.5605095541401274,0.6687305135596211,0.2798507462686567,0.8426966292134831,0.49476439790575916,0.9310344827586207,0.4201680672268907,150,386,378,28,942
0.482,0.5615711252653928,0.6693849638214012,0.2803738317757009,0.8426966292134831,0.49607329842931935,0.9312039312039312,0.42075736325385693,150,385,379,28,942
0.483,0.5615711252653928,0.6693849638214012,0.2803738317757009,0.8426966292134831,0.49607329842931935,0.9312039312039312,0.42075736325385693,150,385,379,28,942
0.484,0.5615711252653928,0.6693849638214012,0.2803738317757009,0.8426966292134831,0.49607329842931935,0.9312039312039312,0.42075736325385693,150,385,379,28,942
0.485,0.5626326963906582,0.6678848755809166,0.2800751879699248,0.8370786516853933,0.4986910994764398,0.9292682926829269,0.4197183098591549,149,383,381,29,942
0.486,0.5626326963906582,0.6678848755809166,0.2800751879699248,0.8370786516853933,0.4986910994764398,0.9292682926829269,0.4197183098591549,149,383,381,29,942
0.487,0.564755838641189,0.6691937761044768,0.2811320754716981,0.8370786516853933,0.5013089005235603,0.9296116504854369,0.42090395480225995,149,381,383,29,942
0.488,0.5658174097664543,0.6676936878639921,0.2808349146110057,0.8314606741573034,0.5039267015706806,0.927710843373494,0.4198581560283688,148,379,385,30,942
0.489,0.5668789808917197,0.6683481381257721,0.2813688212927757,0.8314606741573034,0.5052356020942408,0.9278846153846154,0.4204545454545455,148,378,386,30,942
0.49,0.5679405520169851,0.6690025883875522,0.2819047619047619,0.8314606741573034,0.506544502617801,0.9280575539568345,0.42105263157894735,148,377,387,30,942
0.491,0.5711252653927813,0.6709659391728926,0.2835249042145594,0.8314606741573034,0.5104712041884817,0.9285714285714286,0.4228571428571429,148,374,390,30,942
0.492,0.5743099787685775,0.670774751455968,0.28433268858800775,0.8258426966292135,0.5157068062827225,0.9270588235294117,0.423021582733813,147,370,394,31,942
0.493,0.5743099787685775,0.6686202129537031,0.283495145631068,0.8202247191011236,0.5170157068062827,0.9250585480093677,0.42135642135642143,146,369,395,32,942
0.494,0.5753715498938429,0.6692746632154833,0.2840466926070039,0.8202247191011236,0.518324607329843,0.9252336448598131,0.42196531791907516,146,368,396,32,942
0.495,0.5764331210191083,0.6677745749749986,0.2837573385518591,0.8146067415730337,0.5209424083769634,0.9234338747099768,0.42089985486211895,145,366,398,33,942
0.496,0.5764331210191083,0.6677745749749986,0.2837573385518591,0.8146067415730337,0.5209424083769634,0.9234338747099768,0.42089985486211895,145,366,398,33,942
0.497,0.5764331210191083,0.6656200364727336,0.2829076620825147,0.8089887640449438,0.5222513089005235,0.9214780600461894,0.41921397379912667,144,365,399,34,942
0.498,0.578556263269639,0.6669289369962939,0.28402366863905326,0.8089887640449438,0.524869109947644,0.9218390804597701,0.4204379562043796,144,363,401,34,942
0.499,0.5817409766454352,0.6688922877816341,0.2857142857142857,0.8089887640449438,0.5287958115183246,0.9223744292237442,0.4222873900293254,144,360,404,34,942
0.5,0.5870488322717622,0.6721645390905348,0.28857715430861725,0.8089887640449438,0.5353403141361257,0.9232505643340858,0.4254062038404726,144,355,409,34,942
0.501,0.5902335456475584,0.6719733513736101,0.2894736842105263,0.8033707865168539,0.5405759162303665,0.921875,0.42559523809523814,143,351,413,35,942
0.502,0.5912951167728238,0.6704732631331254,0.2892057026476578,0.797752808988764,0.5431937172774869,0.9201773835920177,0.42451420029895365,142,349,415,36,942
0.503,0.5934182590233545,0.6717821636566856,0.2903885480572597,0.797752808988764,0.5458115183246073,0.9205298013245033,0.42578710644677664,142,347,417,36,942
0.504,0.5955414012738853,0.6730910641802459,0.2915811088295688,0.797752808988764,0.5484293193717278,0.9208791208791208,0.4270676691729323,142,345,419,36,942
0.505,0.5976645435244161,0.6743999647038061,0.2927835051546392,0.797752808988764,0.5510471204188482,0.9212253829321663,0.42835595776772245,142,343,421,36,942
0.506,0.5976645435244161,0.6743999647038061,0.2927835051546392,0.797752808988764,0.5510471204188482,0.9212253829321663,0.42835595776772245,142,343,421,36,942
0.507,0.5997876857749469,0.6757088652273663,0.2939958592132505,0.797752808988764,0.5536649214659686,0.9215686274509803,0.4296520423600605,142,341,423,36,942
0.508,0.6008492569002123,0.6763633154891464,0.2946058091286307,0.797752808988764,0.5549738219895288,0.9217391304347826,0.4303030303030303,142,340,424,36,942
0.509,0.6061571125265393,0.6796355667980469,0.2976939203354298,0.797752808988764,0.5615183246073299,0.9225806451612903,0.433587786259542,142,335,429,36,942
0.51,0.6061571125265393,0.6774810282957822,0.2968421052631579,0.7921348314606742,0.56282722513089,0.9207708779443254,0.43185298621745793,141,334,430,37,942
0.511,0.6093418259023354,0.6794443790811224,0.298728813559322,0.7921348314606742,0.5667539267015707,0.9212765957446809,0.4338461538461538,141,331,433,37,942
0.512,0.6125265392781316,0.6814077298664627,0.3006396588486141,0.7921348314606742,0.5706806282722513,0.9217758985200846,0.43585780525502327,141,328,436,37,942
0.513,0.6114649681528662,0.6785987411024178,0.29914529914529914,0.7865168539325843,0.5706806282722513,0.919831223628692,0.43343653250773995,140,328,436,38,942
0.514,0.6114649681528662,0.6785987411024178,0.29914529914529914,0.7865168539325843,0.5706806282722513,0.919831223628692,0.43343653250773995,140,328,436,38,942
0.515,0.6125265392781316,0.6792531913641979,0.29978586723768735,0.7865168539325843,0.5719895287958116,0.92,0.43410852713178294,140,327,437,38,942
0.516,0.6146496815286624,0.6805620918877582,0.3010752688172043,0.7865168539325843,0.574607329842932,0.9203354297693921,0.4354587869362364,140,325,439,38,942
0.517,0.618895966029724,0.6831798929348785,0.3036876355748373,0.7865168539325843,0.5798429319371727,0.920997920997921,0.4381846635367762,140,321,443,38,942
0.518,0.6210191082802548,0.6844887934584387,0.30501089324618735,0.7865168539325843,0.5824607329842932,0.9213250517598344,0.43956043956043955,140,319,445,38,942
0.519,0.6220806794055201,0.6851432437202188,0.3056768558951965,0.7865168539325843,0.5837696335078534,0.9214876033057852,0.44025157232704404,140,318,446,38,942
0.52,0.6242038216560509,0.686452144243779,0.30701754385964913,0.7865168539325843,0.5863874345549738,0.9218106995884774,0.44164037854889593,140,316,448,38,942
0.521,0.6252653927813163,0.6871065945055592,0.3076923076923077,0.7865168539325843,0.587696335078534,0.9219712525667351,0.4423380726698263,140,315,449,38,942
0.522,0.6263269639065817,0.6877610447673392,0.30837004405286345,0.7865168539325843,0.5890052356020943,0.9221311475409836,0.4430379746835443,140,314,450,38,942
0.523,0.6316348195329087,0.6910332960762398,0.311804008908686,0.7865168539325843,0.5955497382198953,0.922920892494929,0.4465709728867624,140,309,455,38,942
0.524,0.6337579617834395,0.6923421965998,0.3131991051454139,0.7865168539325843,0.5981675392670157,0.9232323232323232,0.448,140,307,457,38,942
0.525,0.6326963906581741,0.689533207835755,0.3116591928251121,0.7808988764044944,0.5981675392670157,0.9213709677419355,0.4455128205128206,139,307,457,39,942
0.526,0.6326963906581741,0.6873786693334902,0.3108108108108108,0.7752808988764045,0.599476439790576,0.9196787148594378,0.44372990353697744,138,306,458,40,942
0.527,0.6326963906581741,0.6873786693334902,0.3108108108108108,0.7752808988764045,0.599476439790576,0.9196787148594378,0.44372990353697744,138,306,458,40,942
0.528,0.6348195329087049,0.6886875698570505,0.31221719457013575,0.7752808988764045,0.6020942408376964,0.92,0.44516129032258056,138,304,460,40,942
0.529,0.6358811040339702,0.6893420201188305,0.3129251700680272,0.7752808988764045,0.6034031413612565,0.9201596806387226,0.4458804523424879,138,303,461,40,942
0.53,0.638004246284501,0.6906509206423908,0.3143507972665148,0.7752808988764045,0.606020942408377,0.9204771371769384,0.4473257698541329,138,301,463,40,942
0.531,0.638004246284501,0.6906509206423908,0.3143507972665148,0.7752808988764045,0.606020942408377,0.9204771371769384,0.4473257698541329,138,301,463,40,942
0.532,0.6390658174097664,0.6913053709041708,0.3150684931506849,0.7752808988764045,0.6073298429319371,0.9206349206349206,0.448051948051948,138,300,464,40,942
0.533,0.6390658174097664,0.6913053709041708,0.3150684931506849,0.7752808988764045,0.6073298429319371,0.9206349206349206,0.448051948051948,138,300,464,40,942
0.534,0.6390658174097664,0.6913053709041708,0.3150684931506849,0.7752808988764045,0.6073298429319371,0.9206349206349206,0.448051948051948,138,300,464,40,942
0.535,0.6401273885350318,0.689805282663686,0.31494252873563217,0.7696629213483146,0.6099476439790575,0.9191321499013807,0.4469820554649266,137,298,466,41,942
0.536,0.6401273885350318,0.689805282663686,0.31494252873563217,0.7696629213483146,0.6099476439790575,0.9191321499013807,0.4469820554649266,137,298,466,41,942
0.537,0.6411889596602972,0.6883051944232014,0.3148148148148148,0.7640449438202247,0.612565445026178,0.9176470588235294,0.4459016393442623,136,296,468,42,942
0.538,0.643312101910828,0.6896140949467615,0.31627906976744186,0.7640449438202247,0.6151832460732984,0.91796875,0.4473684210526315,136,294,470,42,942
0.539,0.6454352441613588,0.6909229954703218,0.3177570093457944,0.7640449438202247,0.6178010471204188,0.9182879377431906,0.44884488448844884,136,292,472,42,942
0.54,0.6454352441613588,0.6909229954703218,0.3177570093457944,0.7640449438202247,0.6178010471204188,0.9182879377431906,0.44884488448844884,136,292,472,42,942
0.541,0.6464968152866242,0.6915774457321019,0.3185011709601874,0.7640449438202247,0.6191099476439791,0.9184466019417475,0.44958677685950416,136,291,473,42,942
0.542,0.6464968152866242,0.6915774457321019,0.3185011709601874,0.7640449438202247,0.6191099476439791,0.9184466019417475,0.44958677685950416,136,291,473,42,942
0.543,0.6475583864118896,0.692231895993882,0.3192488262910798,0.7640449438202247,0.6204188481675392,0.9186046511627907,0.45033112582781454,136,290,474,42,942
0.544,0.648619957537155,0.692886346255662,0.32,0.7640449438202247,0.6217277486910995,0.9187620889748549,0.45107794361525705,136,289,475,42,942
0.545,0.6496815286624203,0.6935407965174423,0.32075471698113206,0.7640449438202247,0.6230366492146597,0.918918918918919,0.4518272425249169,136,288,476,42,942
0.546,0.6496815286624203,0.6913862580151773,0.31990521327014215,0.7584269662921348,0.6243455497382199,0.9173076923076923,0.45,135,287,477,43,942
0.547,0.6518046709129511,0.6926951585387375,0.32142857142857145,0.7584269662921348,0.6269633507853403,0.9176245210727969,0.45150501672240806,135,285,479,43,942
0.548,0.6539278131634819,0.6940040590622978,0.3229665071770335,0.7584269662921348,0.6295811518324608,0.9179389312977099,0.45302013422818793,135,283,481,43,942
0.549,0.6539278131634819,0.6918495205600329,0.32211538461538464,0.7528089887640449,0.6308900523560209,0.9163498098859315,0.4511784511784512,134,282,482,44,942
0.55,0.6518046709129511,0.686231543031943,0.3188405797101449,0.7415730337078652,0.6308900523560209,0.9128787878787878,0.4459459459459459,132,282,482,46,942
0.551,0.6528662420382165,0.6868859932937232,0.3196125907990315,0.7415730337078652,0.6321989528795812,0.9130434782608695,0.4467005076142132,132,281,483,46,942
0.552,0.6539278131634819,0.6875404435555033,0.32038834951456313,0.7415730337078652,0.6335078534031413,0.9132075471698113,0.44745762711864406,132,280,484,46,942
0.553,0.6560509554140127,0.6888493440790635,0.32195121951219513,0.7415730337078652,0.6361256544502618,0.9135338345864662,0.4489795918367347,132,278,486,46,942
0.554,0.6581740976645435,0.6901582446026238,0.3235294117647059,0.7415730337078652,0.6387434554973822,0.9138576779026217,0.4505119453924915,132,276,488,46,942
0.555,0.6571125265392781,0.6873492558385788,0.32186732186732187,0.7359550561797753,0.6387434554973822,0.9121495327102803,0.4478632478632478,131,276,488,47,942
0.556,0.6581740976645435,0.6880037061003589,0.3226600985221675,0.7359550561797753,0.6400523560209425,0.9123134328358209,0.44863013698630133,131,275,489,47,942
0.557,0.6592356687898089,0.6843490793576092,0.32169576059850374,0.7247191011235955,0.643979057591623,0.9094269870609981,0.4455958549222798,129,272,492,49,942
0.558,0.6602972399150743,0.6850035296193894,0.3225,0.7247191011235955,0.6452879581151832,0.9095940959409594,0.4463667820069204,129,271,493,49,942
0.559,0.6624203821656051,0.6863124301429495,0.3241206030150754,0.7247191011235955,0.6479057591623036,0.9099264705882353,0.44791666666666663,129,269,495,49,942
0.56,0.6613588110403397,0.679194364374375,0.32061068702290074,0.7078651685393258,0.650523560209424,0.9052823315118397,0.44133099824868643,126,267,497,52,942
0.561,0.6613588110403397,0.679194364374375,0.32061068702290074,0.7078651685393258,0.650523560209424,0.9052823315118397,0.44133099824868643,126,267,497,52,942
0.562,0.6645435244161358,0.6811577151597152,0.3230769230769231,0.7078651685393258,0.6544502617801047,0.9057971014492754,0.44366197183098594,126,264,500,52,942
0.563,0.6656050955414012,0.6818121654214954,0.32390745501285345,0.7078651685393258,0.6557591623036649,0.9059674502712477,0.44444444444444436,126,263,501,52,942
0.564,0.6666666666666666,0.6824666156832755,0.3247422680412371,0.7078651685393258,0.6570680628272252,0.9061371841155235,0.44522968197879864,126,262,502,52,942
0.565,0.6666666666666666,0.6803120771810107,0.3238341968911917,0.702247191011236,0.6583769633507853,0.9046762589928058,0.4432624113475177,125,261,503,53,942
0.566,0.6687898089171974,0.679466439202306,0.32460732984293195,0.6966292134831461,0.662303664921466,0.9035714285714286,0.44285714285714295,124,258,506,54,942
0.567,0.6698513800424628,0.6801208894640862,0.32545931758530183,0.6966292134831461,0.6636125654450262,0.9037433155080213,0.443649373881932,124,257,507,54,942
0.568,0.6709129511677282,0.6807753397258662,0.3263157894736842,0.6966292134831461,0.6649214659685864,0.9039145907473309,0.4444444444444445,124,256,508,54,942
0.569,0.6709129511677282,0.6807753397258662,0.3263157894736842,0.6966292134831461,0.6649214659685864,0.9039145907473309,0.4444444444444445,124,256,508,54,942
0.57,0.6719745222929936,0.6814297899876464,0.32717678100263853,0.6966292134831461,0.6662303664921466,0.9040852575488455,0.44524236983842014,124,255,509,54,942
0.571,0.6751592356687898,0.6833931407729867,0.32978723404255317,0.6966292134831461,0.6701570680628273,0.9045936395759717,0.447653429602888,124,252,512,54,942
0.572,0.6762208067940552,0.6840475910347668,0.33066666666666666,0.6966292134831461,0.6714659685863874,0.9047619047619048,0.44846292947558775,124,251,513,54,942
0.573,0.678343949044586,0.685356491558327,0.3324396782841823,0.6966292134831461,0.6740837696335078,0.9050966608084359,0.45009074410163336,124,249,515,54,942
0.574,0.6815286624203821,0.6873198423436673,0.33513513513513515,0.6966292134831461,0.6780104712041884,0.9055944055944056,0.4525547445255475,124,246,518,54,942
0.575,0.6836518046709129,0.6886287428672275,0.33695652173913043,0.6966292134831461,0.680628272251309,0.9059233449477352,0.4542124542124542,124,244,520,54,942
0.576,0.6878980891719745,0.6912465439143479,0.34065934065934067,0.6966292134831461,0.6858638743455497,0.9065743944636678,0.4575645756457565,124,240,524,54,942
0.577,0.6932059447983014,0.6945187952232484,0.34540389972144847,0.6966292134831461,0.6924083769633508,0.9073756432246999,0.4618249534450652,124,235,529,54,942
0.578,0.6942675159235668,0.6951732454850286,0.3463687150837989,0.6966292134831461,0.693717277486911,0.9075342465753424,0.4626865671641791,124,234,530,54,942
0.579,0.6953290870488322,0.6958276957468086,0.3473389355742297,0.6966292134831461,0.6950261780104712,0.9076923076923077,0.4635514018691589,124,233,531,54,942
0.58,0.6942675159235668,0.6930187069827637,0.3455056179775281,0.6910112359550562,0.6950261780104712,0.9061433447098977,0.46067415730337075,123,233,531,55,942
0.581,0.6942675159235668,0.6930187069827637,0.3455056179775281,0.6910112359550562,0.6950261780104712,0.9061433447098977,0.46067415730337075,123,233,531,55,942
0.582,0.6942675159235668,0.6930187069827637,0.3455056179775281,0.6910112359550562,0.6950261780104712,0.9061433447098977,0.46067415730337075,123,233,531,55,942
0.583,0.6953290870488322,0.6936731572445438,0.3464788732394366,0.6910112359550562,0.6963350785340314,0.9063032367972743,0.46153846153846156,123,232,532,55,942
0.584,0.6985138004246284,0.6956365080298841,0.3494318181818182,0.6910112359550562,0.7002617801047121,0.9067796610169492,0.4641509433962264,123,229,535,55,942
0.585,0.7006369426751592,0.6969454085534443,0.3514285714285714,0.6910112359550562,0.7028795811518325,0.9070945945945946,0.4659090909090909,123,227,537,55,942
0.586,0.7006369426751592,0.6969454085534443,0.3514285714285714,0.6910112359550562,0.7028795811518325,0.9070945945945946,0.4659090909090909,123,227,537,55,942
0.587,0.7006369426751592,0.6947908700511796,0.3505747126436782,0.6853932584269663,0.7041884816753927,0.9057239057239057,0.4638783269961978,122,226,538,56,942
0.588,0.6995753715498938,0.6919818812871346,0.34870317002881845,0.6797752808988764,0.7041884816753927,0.9042016806722689,0.4609523809523809,121,226,538,57,942
0.589,0.7006369426751592,0.6904817930466498,0.3488372093023256,0.6741573033707865,0.7068062827225131,0.903010033444816,0.45977011494252873,120,224,540,58,942
0.59,0.70276008492569,0.6917906935702101,0.3508771929824561,0.6741573033707865,0.7094240837696335,0.9033333333333333,0.4615384615384615,120,222,542,58,942
0.591,0.70276008492569,0.6917906935702101,0.3508771929824561,0.6741573033707865,0.7094240837696335,0.9033333333333333,0.4615384615384615,120,222,542,58,942
0.592,0.7059447983014862,0.6937540443555503,0.35398230088495575,0.6741573033707865,0.7133507853403142,0.9038142620232172,0.46421663442940037,120,219,545,58,942
0.593,0.7059447983014862,0.6937540443555503,0.35398230088495575,0.6741573033707865,0.7133507853403142,0.9038142620232172,0.46421663442940037,120,219,545,58,942
0.594,0.7070063694267515,0.6944084946173303,0.35502958579881655,0.6741573033707865,0.7146596858638743,0.9039735099337748,0.46511627906976744,120,218,546,58,942
0.595,0.7080679405520169,0.6950629448791106,0.3560830860534125,0.6741573033707865,0.7159685863874345,0.9041322314049587,0.46601941747572817,120,217,547,58,942
0.596,0.7091295116772823,0.6957173951408906,0.35714285714285715,0.6741573033707865,0.7172774869109948,0.9042904290429042,0.4669260700389105,120,216,548,58,942
0.597,0.7101910828025477,0.6963718454026707,0.3582089552238806,0.6741573033707865,0.7185863874345549,0.9044481054365733,0.4678362573099415,120,215,549,58,942
0.598,0.7123142250530785,0.697680745926231,0.36036036036036034,0.6741573033707865,0.7212041884816754,0.9047619047619048,0.46966731898238745,120,213,551,58,942
0.599,0.7123142250530785,0.697680745926231,0.36036036036036034,0.6741573033707865,0.7212041884816754,0.9047619047619048,0.46966731898238745,120,213,551,58,942
0.6,0.7133757961783439,0.6983351961880111,0.3614457831325301,0.6741573033707865,0.7225130890052356,0.9049180327868852,0.47058823529411764,120,212,552,58,942
0.601,0.7133757961783439,0.6961806576857462,0.3606060606060606,0.6685393258426966,0.7238219895287958,0.9035947712418301,0.46850393700787396,119,211,553,59,942
0.602,0.7144373673036093,0.6968351079475263,0.3617021276595745,0.6685393258426966,0.725130890052356,0.9037520391517129,0.46942800788954636,119,210,554,59,942
0.603,0.7154989384288747,0.6974895582093064,0.3628048780487805,0.6685393258426966,0.7264397905759162,0.9039087947882736,0.47035573122529645,119,209,555,59,942
0.604,0.7176220806794055,0.6987984587328666,0.36503067484662577,0.6685393258426966,0.7290575916230366,0.9042207792207793,0.47222222222222215,119,207,557,59,942
0.605,0.7176220806794055,0.6987984587328666,0.36503067484662577,0.6685393258426966,0.7290575916230366,0.9042207792207793,0.47222222222222215,119,207,557,59,942
0.606,0.7176220806794055,0.6987984587328666,0.36503067484662577,0.6685393258426966,0.7290575916230366,0.9042207792207793,0.47222222222222215,119,207,557,59,942
0.607,0.7208067940552016,0.6986072710159421,0.367601246105919,0.6629213483146067,0.7342931937172775,0.9033816425120773,0.47294589178356716,118,203,561,60,942
0.608,0.721868365180467,0.6992617212777221,0.36875,0.6629213483146067,0.7356020942408377,0.9035369774919614,0.4738955823293173,118,202,562,60,942
0.609,0.7229299363057324,0.6977616330372375,0.36908517350157727,0.6573033707865169,0.7382198952879581,0.9024,0.4727272727272727,117,200,564,61,942
0.61,0.7239915074309978,0.6984160832990176,0.370253164556962,0.6573033707865169,0.7395287958115183,0.902555910543131,0.47368421052631576,117,199,565,61,942
0.611,0.7239915074309978,0.6984160832990176,0.370253164556962,0.6573033707865169,0.7395287958115183,0.902555910543131,0.47368421052631576,117,199,565,61,942
0.612,0.7239915074309978,0.6984160832990176,0.370253164556962,0.6573033707865169,0.7395287958115183,0.902555910543131,0.47368421052631576,117,199,565,61,942
0.613,0.727176220806794,0.7003794340843579,0.3738019169329074,0.6573033707865169,0.743455497382199,0.9030206677265501,0.4765784114052954,117,196,568,61,942
0.614,0.727176220806794,0.7003794340843579,0.3738019169329074,0.6573033707865169,0.743455497382199,0.9030206677265501,0.4765784114052954,117,196,568,61,942
0.615,0.7282377919320594,0.7010338843461381,0.375,0.6573033707865169,0.7447643979057592,0.9031746031746032,0.4775510204081634,117,195,569,61,942
0.616,0.7292993630573248,0.7016883346079181,0.3762057877813505,0.6573033707865169,0.7460732984293194,0.9033280507131537,0.4785276073619633,117,194,570,61,942
0.617,0.7292993630573248,0.7016883346079181,0.3762057877813505,0.6573033707865169,0.7460732984293194,0.9033280507131537,0.4785276073619633,117,194,570,61,942
0.618,0.7303609341825902,0.7023427848696983,0.3774193548387097,0.6573033707865169,0.7473821989528796,0.9034810126582279,0.47950819672131156,117,193,571,61,942
0.619,0.732484076433121,0.7036516853932584,0.37987012987012986,0.6573033707865169,0.75,0.9037854889589906,0.4814814814814815,117,191,573,61,942
0.62,0.7335456475583864,0.7043061356550386,0.3811074918566775,0.6573033707865169,0.7513089005235603,0.9039370078740158,0.4824742268041237,117,190,574,61,942
0.621,0.7346072186836518,0.7049605859168186,0.38235294117647056,0.6573033707865169,0.7526178010471204,0.9040880503144654,0.48347107438016534,117,189,575,61,942
0.622,0.7346072186836518,0.7049605859168186,0.38235294117647056,0.6573033707865169,0.7526178010471204,0.9040880503144654,0.48347107438016534,117,189,575,61,942
0.623,0.7356687898089171,0.7056150361785988,0.3836065573770492,0.6573033707865169,0.7539267015706806,0.9042386185243328,0.484472049689441,117,188,576,61,942
0.624,0.7377919320594479,0.7069239367021589,0.38613861386138615,0.6573033707865169,0.756544502617801,0.9045383411580594,0.4864864864864865,117,186,578,61,942
0.625,0.7377919320594479,0.7069239367021589,0.38613861386138615,0.6573033707865169,0.756544502617801,0.9045383411580594,0.4864864864864865,117,186,578,61,942
0.626,0.7388535031847133,0.7075783869639392,0.38741721854304634,0.6573033707865169,0.7578534031413613,0.9046875,0.4875,117,185,579,61,942
0.627,0.7399150743099787,0.7082328372257192,0.38870431893687707,0.6573033707865169,0.7591623036649214,0.9048361934477379,0.488517745302714,117,184,580,61,942
0.628,0.7430997876857749,0.7101961880110594,0.3926174496644295,0.6573033707865169,0.7630890052356021,0.90527950310559,0.49159663865546216,117,181,583,61,942
0.629,0.7430997876857749,0.7101961880110594,0.3926174496644295,0.6573033707865169,0.7630890052356021,0.90527950310559,0.49159663865546216,117,181,583,61,942
0.63,0.7430997876857749,0.7080416495087947,0.3918918918918919,0.651685393258427,0.7643979057591623,0.9040247678018576,0.48945147679324896,116,180,584,62,942
0.631,0.7430997876857749,0.7080416495087947,0.3918918918918919,0.651685393258427,0.7643979057591623,0.9040247678018576,0.48945147679324896,116,180,584,62,942
0.632,0.7441613588110403,0.7065415612683099,0.3924914675767918,0.6460674157303371,0.7670157068062827,0.9029275808936826,0.48832271762208074,115,178,586,63,942
0.633,0.7452229299363057,0.70719601153009,0.3938356164383562,0.6460674157303371,0.768324607329843,0.9030769230769231,0.48936170212765956,115,177,587,63,942
0.634,0.7473460721868365,0.7085049120536502,0.39655172413793105,0.6460674157303371,0.7709424083769634,0.9033742331288344,0.4914529914529914,115,175,589,63,942
0.635,0.7473460721868365,0.7085049120536502,0.39655172413793105,0.6460674157303371,0.7709424083769634,0.9033742331288344,0.4914529914529914,115,175,589,63,942
0.636,0.7462845010615711,0.7056959232896053,0.3944636678200692,0.6404494382022472,0.7709424083769634,0.9019908116385911,0.4882226980728051,114,175,589,64,942
0.637,0.7452229299363057,0.7028869345255604,0.3923611111111111,0.6348314606741573,0.7709424083769634,0.900611620795107,0.4849785407725322,113,175,589,65,942
0.638,0.7473460721868365,0.7041958350491205,0.3951048951048951,0.6348314606741573,0.7735602094240838,0.9009146341463414,0.4870689655172414,113,173,591,65,942
0.639,0.7484076433121019,0.7048502853109007,0.39649122807017545,0.6348314606741573,0.774869109947644,0.9010654490106544,0.48812095032397407,113,172,592,65,942
0.64,0.7484076433121019,0.7048502853109007,0.39649122807017545,0.6348314606741573,0.774869109947644,0.9010654490106544,0.48812095032397407,113,172,592,65,942
0.641,0.7484076433121019,0.7048502853109007,0.39649122807017545,0.6348314606741573,0.774869109947644,0.9010654490106544,0.48812095032397407,113,172,592,65,942
0.642,0.7505307855626328,0.7061591858344609,0.3992932862190813,0.6348314606741573,0.7774869109947644,0.9013657056145675,0.49023861171366595,113,170,594,65,942
0.643,0.7515923566878981,0.7068136360962409,0.40070921985815605,0.6348314606741573,0.7787958115183246,0.9015151515151515,0.49130434782608706,113,169,595,65,942
0.644,0.7515923566878981,0.7068136360962409,0.40070921985815605,0.6348314606741573,0.7787958115183246,0.9015151515151515,0.49130434782608706,113,169,595,65,942
0.645,0.7526539278131635,0.7053135478557562,0.4014336917562724,0.6292134831460674,0.7814136125654451,0.9004524886877828,0.49015317286652077,112,167,597,66,942
0.646,0.7526539278131635,0.7031590093534914,0.4007220216606498,0.6235955056179775,0.7827225130890052,0.8992481203007519,0.48791208791208784,111,166,598,67,942
0.647,0.7515923566878981,0.6981954820871816,0.3978102189781022,0.6123595505617978,0.7840314136125655,0.8967065868263473,0.4823008849557522,109,165,599,69,942
0.648,0.7526539278131635,0.6988499323489618,0.3992673992673993,0.6123595505617978,0.7853403141361257,0.8968609865470852,0.48337028824833705,109,164,600,69,942
0.649,0.7526539278131635,0.6988499323489618,0.3992673992673993,0.6123595505617978,0.7853403141361257,0.8968609865470852,0.48337028824833705,109,164,600,69,942
0.65,0.7547770700636943,0.7001588328725219,0.4022140221402214,0.6123595505617978,0.7879581151832461,0.8971684053651267,0.4855233853006682,109,162,602,69,942
0.651,0.7569002123142251,0.7014677333960821,0.4052044609665427,0.6123595505617978,0.7905759162303665,0.8974739970282318,0.4876957494407158,109,160,604,69,942
0.652,0.7569002123142251,0.7014677333960821,0.4052044609665427,0.6123595505617978,0.7905759162303665,0.8974739970282318,0.4876957494407158,109,160,604,69,942
0.653,0.7569002123142251,0.7014677333960821,0.4052044609665427,0.6123595505617978,0.7905759162303665,0.8974739970282318,0.4876957494407158,109,160,604,69,942
0.654,0.7600849256900213,0.7034310841814224,0.40977443609022557,0.6123595505617978,0.7945026178010471,0.8979289940828402,0.4909909909909911,109,157,607,69,942
0.655,0.7622080679405521,0.7047399847049827,0.4128787878787879,0.6123595505617978,0.7971204188481675,0.8982300884955752,0.493212669683258,109,155,609,69,942
0.656,0.7632696390658175,0.7053944349667628,0.4144486692015209,0.6123595505617978,0.7984293193717278,0.898379970544919,0.4943310657596372,109,154,610,69,942
0.657,0.7653927813163482,0.7067033354903229,0.41762452107279696,0.6123595505617978,0.8010471204188482,0.8986784140969163,0.49658314350797267,109,152,612,69,942
0.658,0.767515923566879,0.7080122360138832,0.42084942084942084,0.6123595505617978,0.8036649214659686,0.8989751098096632,0.4988558352402746,109,150,614,69,942
0.659,0.7685774946921444,0.7086666862756633,0.42248062015503873,0.6123595505617978,0.8049738219895288,0.8991228070175439,0.4999999999999999,109,149,615,69,942
0.66,0.767515923566879,0.7015486205070887,0.4189723320158103,0.5955056179775281,0.8075916230366492,0.895500725689405,0.49187935034802777,106,147,617,72,942
0.661,0.7685774946921444,0.7022030707688688,0.42063492063492064,0.5955056179775281,0.8089005235602095,0.8956521739130435,0.4930232558139535,106,146,618,72,942
0.662,0.7696390658174098,0.7028575210306489,0.42231075697211157,0.5955056179775281,0.8102094240837696,0.8958031837916064,0.49417249417249415,106,145,619,72,942
0.663,0.7685774946921444,0.7000485322666039,0.42,0.5898876404494382,0.8102094240837696,0.8945086705202312,0.49065420560747663,105,145,619,73,942
0.664,0.7685774946921444,0.7000485322666039,0.42,0.5898876404494382,0.8102094240837696,0.8945086705202312,0.49065420560747663,105,145,619,73,942
0.665,0.767515923566879,0.6972395435025589,0.41767068273092367,0.5842696629213483,0.8102094240837696,0.8932178932178932,0.48711943793911006,104,145,619,74,942
0.666,0.7696390658174098,0.6985484440261192,0.42105263157894735,0.5842696629213483,0.81282722513089,0.8935251798561151,0.48941176470588227,104,143,621,74,942
0.667,0.7696390658174098,0.6985484440261192,0.42105263157894735,0.5842696629213483,0.81282722513089,0.8935251798561151,0.48941176470588227,104,143,621,74,942
0.668,0.7707006369426752,0.6992028942878993,0.42276422764227645,0.5842696629213483,0.8141361256544503,0.8936781609195402,0.4905660377358491,104,142,622,74,942
0.669,0.7696390658174098,0.6963939055238544,0.4204081632653061,0.5786516853932584,0.8141361256544503,0.8923959827833573,0.48699763593380613,103,142,622,75,942
0.67,0.767515923566879,0.6907759279957645,0.4156378600823045,0.5674157303370787,0.8141361256544503,0.8898426323319027,0.4798099762470309,101,142,622,77,942
0.671,0.7707006369426752,0.6927392787811049,0.42083333333333334,0.5674157303370787,0.8180628272251309,0.8903133903133903,0.4832535885167465,101,139,625,77,942
0.672,0.7707006369426752,0.6927392787811049,0.42083333333333334,0.5674157303370787,0.8180628272251309,0.8903133903133903,0.4832535885167465,101,139,625,77,942
0.673,0.7717622080679406,0.6933937290428849,0.4225941422594142,0.5674157303370787,0.819371727748691,0.8904694167852063,0.4844124700239808,101,138,626,77,942
0.674,0.7707006369426752,0.6905847402788399,0.42016806722689076,0.5617977528089888,0.819371727748691,0.8892045454545454,0.4807692307692308,100,138,626,78,942
0.675,0.7707006369426752,0.6905847402788399,0.42016806722689076,0.5617977528089888,0.819371727748691,0.8892045454545454,0.4807692307692308,100,138,626,78,942
0.676,0.7707006369426752,0.6884302017765751,0.4194915254237288,0.5561797752808989,0.8206806282722513,0.8881019830028328,0.4782608695652174,99,137,627,79,942
0.677,0.7696390658174098,0.6856212130125301,0.41702127659574467,0.550561797752809,0.8206806282722513,0.8868458274398868,0.47457627118644075,98,137,627,80,942
0.678,0.7707006369426752,0.6862756632743103,0.4188034188034188,0.550561797752809,0.8219895287958116,0.8870056497175142,0.47572815533980584,98,136,628,80,942
0.679,0.7696390658174098,0.6834666745102653,0.41630901287553645,0.5449438202247191,0.8219895287958116,0.8857545839210155,0.4720194647201946,97,136,628,81,942
0.68,0.7707006369426752,0.6841211247720453,0.41810344827586204,0.5449438202247191,0.8232984293193717,0.8859154929577465,0.4731707317073171,97,135,629,81,942
0.681,0.7707006369426752,0.6841211247720453,0.41810344827586204,0.5449438202247191,0.8232984293193717,0.8859154929577465,0.4731707317073171,97,135,629,81,942
0.682,0.7685774946921444,0.6785031472439556,0.41304347826086957,0.5337078651685393,0.8232984293193717,0.8834269662921348,0.46568627450980393,95,135,629,83,942
0.683,0.7685774946921444,0.6763486087416907,0.41228070175438597,0.5280898876404494,0.824607329842932,0.8823529411764706,0.4630541871921182,94,134,630,84,942
0.684,0.7696390658174098,0.6770030590034708,0.41409691629955947,0.5280898876404494,0.8259162303664922,0.8825174825174825,0.46419753086419746,94,133,631,84,942
0.685,0.7696390658174098,0.6770030590034708,0.41409691629955947,0.5280898876404494,0.8259162303664922,0.8825174825174825,0.46419753086419746,94,133,631,84,942
0.686,0.7696390658174098,0.6770030590034708,0.41409691629955947,0.5280898876404494,0.8259162303664922,0.8825174825174825,0.46419753086419746,94,133,631,84,942
0.687,0.7717622080679406,0.678311959527031,0.4177777777777778,0.5280898876404494,0.8285340314136126,0.8828451882845189,0.4665012406947891,94,131,633,84,942
0.688,0.7717622080679406,0.678311959527031,0.4177777777777778,0.5280898876404494,0.8285340314136126,0.8828451882845189,0.4665012406947891,94,131,633,84,942
0.689,0.7738853503184714,0.6796208600505912,0.42152466367713004,0.5280898876404494,0.831151832460733,0.8831710709318498,0.4688279301745636,94,129,635,84,942
0.69,0.7738853503184714,0.6796208600505912,0.42152466367713004,0.5280898876404494,0.831151832460733,0.8831710709318498,0.4688279301745636,94,129,635,84,942
0.691,0.7738853503184714,0.6796208600505912,0.42152466367713004,0.5280898876404494,0.831151832460733,0.8831710709318498,0.4688279301745636,94,129,635,84,942
0.692,0.7738853503184714,0.6796208600505912,0.42152466367713004,0.5280898876404494,0.831151832460733,0.8831710709318498,0.4688279301745636,94,129,635,84,942
0.693,0.7749469214437368,0.6781207718101065,0.42272727272727273,0.5224719101123596,0.8337696335078534,0.8822714681440443,0.46733668341708545,93,127,637,85,942
0.694,0.7760084925690022,0.6787752220718866,0.4246575342465753,0.5224719101123596,0.8350785340314136,0.8824343015214384,0.46851385390428213,93,126,638,85,942
0.695,0.7738853503184714,0.6731572445437968,0.41935483870967744,0.5112359550561798,0.8350785340314136,0.88,0.46075949367088603,91,126,638,87,942
0.696,0.7738853503184714,0.6731572445437968,0.41935483870967744,0.5112359550561798,0.8350785340314136,0.88,0.46075949367088603,91,126,638,87,942
0.697,0.7749469214437368,0.6738116948055768,0.4212962962962963,0.5112359550561798,0.8363874345549738,0.8801652892561983,0.4619289340101523,91,125,639,87,942
0.698,0.7760084925690022,0.6744661450673569,0.4232558139534884,0.5112359550561798,0.837696335078534,0.8803301237964236,0.4631043256997456,91,124,640,87,942
0.699,0.7760084925690022,0.6744661450673569,0.4232558139534884,0.5112359550561798,0.837696335078534,0.8803301237964236,0.4631043256997456,91,124,640,87,942
0.7,0.7770700636942676,0.675120595329137,0.4252336448598131,0.5112359550561798,0.8390052356020943,0.8804945054945055,0.4642857142857143,91,123,641,87,942
0.701,0.7770700636942676,0.675120595329137,0.4252336448598131,0.5112359550561798,0.8390052356020943,0.8804945054945055,0.4642857142857143,91,123,641,87,942
0.702,0.7770700636942676,0.675120595329137,0.4252336448598131,0.5112359550561798,0.8390052356020943,0.8804945054945055,0.4642857142857143,91,123,641,87,942
0.703,0.7770700636942676,0.675120595329137,0.4252336448598131,0.5112359550561798,0.8390052356020943,0.8804945054945055,0.4642857142857143,91,123,641,87,942
0.704,0.7760084925690022,0.672311606565092,0.4225352112676056,0.5056179775280899,0.8390052356020943,0.879286694101509,0.46035805626598464,90,123,641,88,942
0.705,0.7760084925690022,0.672311606565092,0.4225352112676056,0.5056179775280899,0.8390052356020943,0.879286694101509,0.46035805626598464,90,123,641,88,942
0.706,0.7760084925690022,0.672311606565092,0.4225352112676056,0.5056179775280899,0.8390052356020943,0.879286694101509,0.46035805626598464,90,123,641,88,942
0.707,0.7760084925690022,0.672311606565092,0.4225352112676056,0.5056179775280899,0.8390052356020943,0.879286694101509,0.46035805626598464,90,123,641,88,942
0.708,0.7760084925690022,0.672311606565092,0.4225352112676056,0.5056179775280899,0.8390052356020943,0.879286694101509,0.46035805626598464,90,123,641,88,942
0.709,0.7770700636942676,0.6729660568268722,0.42452830188679247,0.5056179775280899,0.8403141361256544,0.8794520547945206,0.46153846153846156,90,122,642,88,942
0.71,0.778131634819533,0.6736205070886523,0.4265402843601896,0.5056179775280899,0.8416230366492147,0.8796169630642955,0.4627249357326478,90,121,643,88,942
0.711,0.7791932059447984,0.6742749573504323,0.42857142857142855,0.5056179775280899,0.8429319371727748,0.8797814207650273,0.4639175257731959,90,120,644,88,942
0.712,0.7791932059447984,0.6742749573504323,0.42857142857142855,0.5056179775280899,0.8429319371727748,0.8797814207650273,0.4639175257731959,90,120,644,88,942
0.713,0.778131634819533,0.6714659685863874,0.4258373205741627,0.5,0.8429319371727748,0.878581173260573,0.4599483204134367,89,120,644,89,942
0.714,0.7802547770700637,0.6727748691099477,0.42995169082125606,0.5,0.8455497382198953,0.8789115646258503,0.4623376623376623,89,118,646,89,942
0.715,0.7813163481953291,0.6734293193717278,0.4320388349514563,0.5,0.8468586387434555,0.8790760869565217,0.46354166666666663,89,117,647,89,942
0.716,0.7813163481953291,0.6734293193717278,0.4320388349514563,0.5,0.8468586387434555,0.8790760869565217,0.46354166666666663,89,117,647,89,942
0.717,0.7845010615711253,0.675392670157068,0.43842364532019706,0.5,0.8507853403141361,0.8795669824086604,0.4671916010498688,89,114,650,89,942
0.718,0.7845010615711253,0.675392670157068,0.43842364532019706,0.5,0.8507853403141361,0.8795669824086604,0.4671916010498688,89,114,650,89,942
0.719,0.7866242038216561,0.6767015706806283,0.4427860696517413,0.5,0.8534031413612565,0.8798920377867746,0.46965699208443273,89,112,652,89,942
0.72,0.7866242038216561,0.6767015706806283,0.4427860696517413,0.5,0.8534031413612565,0.8798920377867746,0.46965699208443273,89,112,652,89,942
0.721,0.7919320594479831,0.6799738219895288,0.45408163265306123,0.5,0.8599476439790575,0.8806970509383378,0.47593582887700536,89,107,657,89,942
0.722,0.7929936305732485,0.6806282722513088,0.4564102564102564,0.5,0.8612565445026178,0.8808567603748326,0.47721179624664883,89,106,658,89,942
0.723,0.7940552016985138,0.6812827225130891,0.4587628865979381,0.5,0.862565445026178,0.8810160427807486,0.478494623655914,89,105,659,89,942
0.724,0.7940552016985138,0.6812827225130891,0.4587628865979381,0.5,0.862565445026178,0.8810160427807486,0.478494623655914,89,105,659,89,942
0.725,0.7940552016985138,0.6812827225130891,0.4587628865979381,0.5,0.862565445026178,0.8810160427807486,0.478494623655914,89,105,659,89,942
0.726,0.7940552016985138,0.6791281840108241,0.4583333333333333,0.4943820224719101,0.8638743455497382,0.88,0.47567567567567565,88,104,660,90,942
0.727,0.7940552016985138,0.6791281840108241,0.4583333333333333,0.4943820224719101,0.8638743455497382,0.88,0.47567567567567565,88,104,660,90,942
0.728,0.79723991507431,0.6810915347961645,0.4656084656084656,0.4943820224719101,0.8678010471204188,0.8804780876494024,0.47956403269754766,88,101,663,90,942
0.729,0.7951167728237792,0.6754735572680746,0.45989304812834225,0.48314606741573035,0.8678010471204188,0.8781456953642384,0.4712328767123288,86,101,663,92,942
0.73,0.79723991507431,0.6746279192893699,0.4644808743169399,0.47752808988764045,0.8717277486910995,0.8774703557312253,0.4709141274238227,85,98,666,93,942
0.731,0.79723991507431,0.6746279192893699,0.4644808743169399,0.47752808988764045,0.8717277486910995,0.8774703557312253,0.4709141274238227,85,98,666,93,942
0.732,0.79723991507431,0.6746279192893699,0.4644808743169399,0.47752808988764045,0.8717277486910995,0.8774703557312253,0.4709141274238227,85,98,666,93,942
0.733,0.7993630573248408,0.6737822813106653,0.4692737430167598,0.47191011235955055,0.8756544502617801,0.8768020969855832,0.47058823529411764,84,95,669,94,942
0.734,0.8014861995753716,0.6750911818342256,0.4745762711864407,0.47191011235955055,0.8782722513089005,0.8771241830065359,0.4732394366197183,84,93,671,94,942
0.735,0.8014861995753716,0.6750911818342256,0.4745762711864407,0.47191011235955055,0.8782722513089005,0.8771241830065359,0.4732394366197183,84,93,671,94,942
0.736,0.8004246284501062,0.6722821930701806,0.4715909090909091,0.46629213483146065,0.8782722513089005,0.8759791122715405,0.4689265536723164,83,93,671,95,942
0.737,0.8014861995753716,0.6729366433319607,0.4742857142857143,0.46629213483146065,0.8795811518324608,0.8761408083441982,0.4702549575070821,83,92,672,95,942
0.738,0.802547770700637,0.6735910935937408,0.47701149425287354,0.46629213483146065,0.8808900523560209,0.8763020833333334,0.4715909090909091,83,91,673,95,942
0.739,0.802547770700637,0.6735910935937408,0.47701149425287354,0.46629213483146065,0.8808900523560209,0.8763020833333334,0.4715909090909091,83,91,673,95,942
0.74,0.8014861995753716,0.6707821048296958,0.47398843930635837,0.4606741573033708,0.8808900523560209,0.8751625487646294,0.4672364672364672,82,91,673,96,942
0.741,0.8004246284501062,0.6679731160656509,0.47093023255813954,0.4550561797752809,0.8808900523560209,0.874025974025974,0.46285714285714286,81,91,673,97,942
0.742,0.8004246284501062,0.665818577563386,0.47058823529411764,0.449438202247191,0.8821989528795812,0.8730569948186528,0.45977011494252873,80,90,674,98,942
0.743,0.8004246284501062,0.665818577563386,0.47058823529411764,0.449438202247191,0.8821989528795812,0.8730569948186528,0.45977011494252873,80,90,674,98,942
0.744,0.8014861995753716,0.6664730278251662,0.47337278106508873,0.449438202247191,0.8835078534031413,0.8732212160413971,0.4610951008645533,80,89,675,98,942
0.745,0.8014861995753716,0.6664730278251662,0.47337278106508873,0.449438202247191,0.8835078534031413,0.8732212160413971,0.4610951008645533,80,89,675,98,942
0.746,0.8036093418259024,0.6677819283487264,0.47904191616766467,0.449438202247191,0.8861256544502618,0.8735483870967742,0.463768115942029,80,87,677,98,942
0.747,0.8046709129511678,0.6684363786105065,0.4819277108433735,0.449438202247191,0.887434554973822,0.8737113402061856,0.46511627906976744,80,86,678,98,942
0.748,0.8057324840764332,0.6669362903700218,0.48466257668711654,0.4438202247191011,0.8900523560209425,0.8729139922978177,0.4633431085043988,79,84,680,99,942
0.749,0.8067940552016986,0.6675907406318018,0.4876543209876543,0.4438202247191011,0.8913612565445026,0.8730769230769231,0.46470588235294114,79,83,681,99,942
0.75,0.8067940552016986,0.6675907406318018,0.4876543209876543,0.4438202247191011,0.8913612565445026,0.8730769230769231,0.46470588235294114,79,83,681,99,942
0.751,0.8067940552016986,0.6675907406318018,0.4876543209876543,0.4438202247191011,0.8913612565445026,0.8730769230769231,0.46470588235294114,79,83,681,99,942
0.752,0.8067940552016986,0.665436202129537,0.4875,0.43820224719101125,0.8926701570680629,0.8721227621483376,0.46153846153846156,78,82,682,100,942
0.753,0.8057324840764332,0.6626272133654921,0.48427672955974843,0.43258426966292135,0.8926701570680629,0.8710089399744572,0.456973293768546,77,82,682,101,942
0.754,0.8067940552016986,0.6632816636272721,0.4873417721518987,0.43258426966292135,0.893979057591623,0.8711734693877551,0.45833333333333337,77,81,683,101,942
0.755,0.807855626326964,0.6639361138890523,0.49044585987261147,0.43258426966292135,0.8952879581151832,0.8713375796178344,0.45970149253731346,77,80,684,101,942
0.756,0.8067940552016986,0.6611271251250074,0.48717948717948717,0.42696629213483145,0.8952879581151832,0.8702290076335878,0.4550898203592814,76,80,684,102,942
0.757,0.8067940552016986,0.6611271251250074,0.48717948717948717,0.42696629213483145,0.8952879581151832,0.8702290076335878,0.4550898203592814,76,80,684,102,942
0.758,0.8099787685774947,0.6609359374080828,0.4966887417218543,0.42134831460674155,0.900523560209424,0.8697850821744627,0.45592705167173253,75,76,688,103,942
0.759,0.8121019108280255,0.662244837931643,0.5033557046979866,0.42134831460674155,0.9031413612565445,0.8701134930643127,0.4587155963302752,75,74,690,103,942
0.76,0.8121019108280255,0.662244837931643,0.5033557046979866,0.42134831460674155,0.9031413612565445,0.8701134930643127,0.4587155963302752,75,74,690,103,942
0.761,0.8121019108280255,0.662244837931643,0.5033557046979866,0.42134831460674155,0.9031413612565445,0.8701134930643127,0.4587155963302752,75,74,690,103,942
0.762,0.8131634819532909,0.6628992881934231,0.5067567567567568,0.42134831460674155,0.9044502617801047,0.8702770780856424,0.460122699386503,75,73,691,103,942
0.763,0.8142250530785563,0.6613991999529385,0.5103448275862069,0.4157303370786517,0.9070680628272252,0.8695106649937264,0.4582043343653251,74,71,693,104,942
0.764,0.8152866242038217,0.6620536502147185,0.5138888888888888,0.4157303370786517,0.9083769633507853,0.8696741854636592,0.45962732919254656,74,70,694,104,942
0.765,0.8142250530785563,0.6592446614506735,0.5104895104895105,0.4101123595505618,0.9083769633507853,0.8685857321652065,0.4548286604361371,73,70,694,105,942
0.766,0.8142250530785563,0.6592446614506735,0.5104895104895105,0.4101123595505618,0.9083769633507853,0.8685857321652065,0.4548286604361371,73,70,694,105,942
0.767,0.8142250530785563,0.6592446614506735,0.5104895104895105,0.4101123595505618,0.9083769633507853,0.8685857321652065,0.4548286604361371,73,70,694,105,942
0.768,0.8142250530785563,0.6570901229484087,0.5106382978723404,0.4044943820224719,0.9096858638743456,0.867665418227216,0.45141065830721,72,69,695,106,942
0.769,0.8142250530785563,0.6570901229484087,0.5106382978723404,0.4044943820224719,0.9096858638743456,0.867665418227216,0.45141065830721,72,69,695,106,942
0.77,0.8174097664543525,0.659053473733749,0.5217391304347826,0.4044943820224719,0.9136125654450262,0.8681592039800995,0.45569620253164556,72,66,698,106,942
0.771,0.8152866242038217,0.6534354962056592,0.5147058823529411,0.39325842696629215,0.9136125654450262,0.8660049627791563,0.4458598726114649,70,66,698,108,942
0.772,0.8142250530785563,0.6506265074416142,0.5111111111111111,0.38764044943820225,0.9136125654450262,0.8649318463444857,0.44089456869009586,69,66,698,109,942
0.773,0.8142250530785563,0.6484719689393493,0.5112781954887218,0.38202247191011235,0.9149214659685864,0.8640296662546354,0.4372990353697749,68,65,699,110,942
0.774,0.8131634819532909,0.6456629801753044,0.5075757575757576,0.37640449438202245,0.9149214659685864,0.8629629629629629,0.432258064516129,67,65,699,111,942
0.775,0.8121019108280255,0.6428539914112594,0.5038167938931297,0.3707865168539326,0.9149214659685864,0.8618988902589396,0.42718446601941745,66,65,699,112,942
0.776,0.8121019108280255,0.6428539914112594,0.5038167938931297,0.3707865168539326,0.9149214659685864,0.8618988902589396,0.42718446601941745,66,65,699,112,942
0.777,0.8121019108280255,0.6428539914112594,0.5038167938931297,0.3707865168539326,0.9149214659685864,0.8618988902589396,0.42718446601941745,66,65,699,112,942
0.778,0.8121019108280255,0.6428539914112594,0.5038167938931297,0.3707865168539326,0.9149214659685864,0.8618988902589396,0.42718446601941745,66,65,699,112,942
0.779,0.8142250530785563,0.6441628919348197,0.5116279069767442,0.3707865168539326,0.9175392670157068,0.8622386223862238,0.42996742671009774,66,63,701,112,942
0.78,0.8131634819532909,0.6413539031707747,0.5078125,0.3651685393258427,0.9175392670157068,0.8611793611793612,0.42483660130718953,65,63,701,113,942
0.781,0.8131634819532909,0.6413539031707747,0.5078125,0.3651685393258427,0.9175392670157068,0.8611793611793612,0.42483660130718953,65,63,701,113,942
0.782,0.8131634819532909,0.6413539031707747,0.5078125,0.3651685393258427,0.9175392670157068,0.8611793611793612,0.42483660130718953,65,63,701,113,942
0.783,0.8142250530785563,0.6420083534325549,0.5118110236220472,0.3651685393258427,0.918848167539267,0.8613496932515338,0.42622950819672134,65,62,702,113,942
0.784,0.8152866242038217,0.6426628036943349,0.5158730158730159,0.3651685393258427,0.9201570680628273,0.8615196078431373,0.4276315789473684,65,61,703,113,942
0.785,0.8142250530785563,0.63985381493029,0.512,0.3595505617977528,0.9201570680628273,0.8604651162790697,0.4224422442244224,64,61,703,114,942
0.786,0.8142250530785563,0.63985381493029,0.512,0.3595505617977528,0.9201570680628273,0.8604651162790697,0.4224422442244224,64,61,703,114,942
0.787,0.8142250530785563,0.63985381493029,0.512,0.3595505617977528,0.9201570680628273,0.8604651162790697,0.4224422442244224,64,61,703,114,942
0.788,0.8131634819532909,0.6370448261662451,0.5080645161290323,0.3539325842696629,0.9201570680628273,0.8594132029339854,0.41721854304635764,63,61,703,115,942
0.789,0.8131634819532909,0.6370448261662451,0.5080645161290323,0.3539325842696629,0.9201570680628273,0.8594132029339854,0.41721854304635764,63,61,703,115,942
0.79,0.8131634819532909,0.6370448261662451,0.5080645161290323,0.3539325842696629,0.9201570680628273,0.8594132029339854,0.41721854304635764,63,61,703,115,942
0.791,0.8142250530785563,0.6376992764280252,0.5121951219512195,0.3539325842696629,0.9214659685863874,0.8595848595848596,0.4186046511627907,63,60,704,115,942
0.792,0.8142250530785563,0.6376992764280252,0.5121951219512195,0.3539325842696629,0.9214659685863874,0.8595848595848596,0.4186046511627907,63,60,704,115,942
0.793,0.8142250530785563,0.6376992764280252,0.5121951219512195,0.3539325842696629,0.9214659685863874,0.8595848595848596,0.4186046511627907,63,60,704,115,942
0.794,0.8152866242038217,0.6383537266898053,0.5163934426229508,0.3539325842696629,0.9227748691099477,0.8597560975609756,0.42000000000000004,63,59,705,115,942
0.795,0.8142250530785563,0.6355447379257604,0.512396694214876,0.34831460674157305,0.9227748691099477,0.8587088915956151,0.41471571906354515,62,59,705,116,942
0.796,0.8152866242038217,0.6318901111830107,0.5172413793103449,0.33707865168539325,0.9267015706806283,0.8571428571428571,0.4081632653061224,60,56,708,118,942
0.797,0.8163481953290871,0.6325445614447909,0.5217391304347826,0.33707865168539325,0.9280104712041884,0.8573155985489722,0.40955631399317405,60,55,709,118,942
0.798,0.8174097664543525,0.633199011706571,0.5263157894736842,0.33707865168539325,0.9293193717277487,0.857487922705314,0.410958904109589,60,54,710,118,942
0.799,0.8174097664543525,0.633199011706571,0.5263157894736842,0.33707865168539325,0.9293193717277487,0.857487922705314,0.410958904109589,60,54,710,118,942
0.8,0.8174097664543525,0.633199011706571,0.5263157894736842,0.33707865168539325,0.9293193717277487,0.857487922705314,0.410958904109589,60,54,710,118,942
0.801,0.8174097664543525,0.633199011706571,0.5263157894736842,0.33707865168539325,0.9293193717277487,0.857487922705314,0.410958904109589,60,54,710,118,942
0.802,0.8163481953290871,0.630390022942526,0.5221238938053098,0.33146067415730335,0.9293193717277487,0.856453558504222,0.40549828178694164,59,54,710,119,942
0.803,0.8152866242038217,0.6275810341784811,0.5178571428571429,0.3258426966292135,0.9293193717277487,0.8554216867469879,0.4000000000000001,58,54,710,120,942
0.804,0.8142250530785563,0.6247720454144361,0.5135135135135135,0.3202247191011236,0.9293193717277487,0.8543922984356197,0.3944636678200692,57,54,710,121,942
0.805,0.8152866242038217,0.6254264956762163,0.5181818181818182,0.3202247191011236,0.930628272251309,0.8545673076923077,0.39583333333333337,57,53,711,121,942
0.806,0.8152866242038217,0.6254264956762163,0.5181818181818182,0.3202247191011236,0.930628272251309,0.8545673076923077,0.39583333333333337,57,53,711,121,942
0.807,0.8163481953290871,0.6260809459379963,0.5229357798165137,0.3202247191011236,0.9319371727748691,0.8547418967587035,0.397212543554007,57,52,712,121,942
0.808,0.8174097664543525,0.6267353961997765,0.5277777777777778,0.3202247191011236,0.9332460732984293,0.854916067146283,0.3986013986013986,57,51,713,121,942
0.809,0.8152866242038217,0.6211174186716866,0.5188679245283019,0.3089887640449438,0.9332460732984293,0.8528708133971292,0.3873239436619718,55,51,713,123,942
0.81,0.8163481953290871,0.6217718689334666,0.5238095238095238,0.3089887640449438,0.9345549738219895,0.8530465949820788,0.38869257950530034,55,50,714,123,942
0.811,0.8174097664543525,0.6202717806929819,0.5294117647058824,0.30337078651685395,0.93717277486911,0.8523809523809524,0.38571428571428573,54,48,716,124,942
0.812,0.8174097664543525,0.6202717806929819,0.5294117647058824,0.30337078651685395,0.93717277486911,0.8523809523809524,0.38571428571428573,54,48,716,124,942
0.813,0.8184713375796179,0.6209262309547621,0.5346534653465347,0.30337078651685395,0.9384816753926701,0.8525564803804994,0.3870967741935484,54,47,717,124,942
0.814,0.8205944798301487,0.6222351314783222,0.5454545454545454,0.30337078651685395,0.9410994764397905,0.8529062870699882,0.3898916967509025,54,45,719,124,942
0.815,0.821656050955414,0.6228895817401023,0.5510204081632653,0.30337078651685395,0.9424083769633508,0.8530805687203792,0.391304347826087,54,44,720,124,942
0.816,0.821656050955414,0.6228895817401023,0.5510204081632653,0.30337078651685395,0.9424083769633508,0.8530805687203792,0.391304347826087,54,44,720,124,942
0.817,0.821656050955414,0.6228895817401023,0.5510204081632653,0.30337078651685395,0.9424083769633508,0.8530805687203792,0.391304347826087,54,44,720,124,942
0.818,0.821656050955414,0.6228895817401023,0.5510204081632653,0.30337078651685395,0.9424083769633508,0.8530805687203792,0.391304347826087,54,44,720,124,942
0.819,0.8195329087048833,0.6172716042120124,0.5416666666666666,0.29213483146067415,0.9424083769633508,0.851063829787234,0.3795620437956205,52,44,720,126,942
0.82,0.8195329087048833,0.6172716042120124,0.5416666666666666,0.29213483146067415,0.9424083769633508,0.851063829787234,0.3795620437956205,52,44,720,126,942
0.821,0.8195329087048833,0.6172716042120124,0.5416666666666666,0.29213483146067415,0.9424083769633508,0.851063829787234,0.3795620437956205,52,44,720,126,942
0.822,0.8195329087048833,0.6172716042120124,0.5416666666666666,0.29213483146067415,0.9424083769633508,0.851063829787234,0.3795620437956205,52,44,720,126,942
0.823,0.8195329087048833,0.6172716042120124,0.5416666666666666,0.29213483146067415,0.9424083769633508,0.851063829787234,0.3795620437956205,52,44,720,126,942
0.824,0.8195329087048833,0.6172716042120124,0.5416666666666666,0.29213483146067415,0.9424083769633508,0.851063829787234,0.3795620437956205,52,44,720,126,942
0.825,0.8195329087048833,0.6172716042120124,0.5416666666666666,0.29213483146067415,0.9424083769633508,0.851063829787234,0.3795620437956205,52,44,720,126,942
0.826,0.8195329087048833,0.6151170657097477,0.5425531914893617,0.28651685393258425,0.943717277486911,0.8502358490566038,0.37499999999999994,51,43,721,127,942
0.827,0.8205944798301487,0.6157715159715277,0.5483870967741935,0.28651685393258425,0.9450261780104712,0.850412249705536,0.3763837638376384,51,42,722,127,942
0.828,0.8205944798301487,0.6157715159715277,0.5483870967741935,0.28651685393258425,0.9450261780104712,0.850412249705536,0.3763837638376384,51,42,722,127,942
0.829,0.821656050955414,0.6164259662333078,0.5543478260869565,0.28651685393258425,0.9463350785340314,0.8505882352941176,0.37777777777777777,51,41,723,127,942
0.83,0.8237791932059448,0.6177348667568681,0.5666666666666667,0.28651685393258425,0.9489528795811518,0.8509389671361502,0.3805970149253731,51,39,725,127,942
0.831,0.8237791932059448,0.6177348667568681,0.5666666666666667,0.28651685393258425,0.9489528795811518,0.8509389671361502,0.3805970149253731,51,39,725,127,942
0.832,0.8237791932059448,0.6177348667568681,0.5666666666666667,0.28651685393258425,0.9489528795811518,0.8509389671361502,0.3805970149253731,51,39,725,127,942
0.833,0.821656050955414,0.6121168892287782,0.5568181818181818,0.2752808988764045,0.9489528795811518,0.8489461358313818,0.3684210526315789,49,39,725,129,942
0.834,0.8237791932059448,0.6134257897523383,0.5697674418604651,0.2752808988764045,0.9515706806282722,0.8492990654205608,0.3712121212121212,49,37,727,129,942
0.835,0.821656050955414,0.6078078122242485,0.5595238095238095,0.2640449438202247,0.9515706806282722,0.8473193473193473,0.35877862595419846,47,37,727,131,942
0.836,0.8205944798301487,0.6049988234602035,0.5542168674698795,0.25842696629213485,0.9515706806282722,0.8463329452852154,0.35249042145593873,46,37,727,132,942
0.837,0.8205944798301487,0.6049988234602035,0.5542168674698795,0.25842696629213485,0.9515706806282722,0.8463329452852154,0.35249042145593873,46,37,727,132,942
0.838,0.8205944798301487,0.6049988234602035,0.5542168674698795,0.25842696629213485,0.9515706806282722,0.8463329452852154,0.35249042145593873,46,37,727,132,942
0.839,0.8205944798301487,0.6049988234602035,0.5542168674698795,0.25842696629213485,0.9515706806282722,0.8463329452852154,0.35249042145593873,46,37,727,132,942
0.84,0.8205944798301487,0.6049988234602035,0.5542168674698795,0.25842696629213485,0.9515706806282722,0.8463329452852154,0.35249042145593873,46,37,727,132,942
0.841,0.8195329087048833,0.6000352961938937,0.55,0.24719101123595505,0.9528795811518325,0.8445475638051044,0.3410852713178295,44,36,728,134,942
0.842,0.8195329087048833,0.597880757691629,0.5512820512820513,0.24157303370786518,0.9541884816753927,0.84375,0.3359375,43,35,729,135,942
0.843,0.8195329087048833,0.597880757691629,0.5512820512820513,0.24157303370786518,0.9541884816753927,0.84375,0.3359375,43,35,729,135,942
0.844,0.8195329087048833,0.597880757691629,0.5512820512820513,0.24157303370786518,0.9541884816753927,0.84375,0.3359375,43,35,729,135,942
0.845,0.8195329087048833,0.597880757691629,0.5512820512820513,0.24157303370786518,0.9541884816753927,0.84375,0.3359375,43,35,729,135,942
0.846,0.8195329087048833,0.597880757691629,0.5512820512820513,0.24157303370786518,0.9541884816753927,0.84375,0.3359375,43,35,729,135,942
0.847,0.8195329087048833,0.597880757691629,0.5512820512820513,0.24157303370786518,0.9541884816753927,0.84375,0.3359375,43,35,729,135,942
0.848,0.8205944798301487,0.598535207953409,0.5584415584415584,0.24157303370786518,0.9554973821989529,0.8439306358381503,0.3372549019607843,43,34,730,135,942
0.849,0.8195329087048833,0.5957262191893641,0.5526315789473685,0.23595505617977527,0.9554973821989529,0.8429561200923787,0.3307086614173228,42,34,730,136,942
0.85,0.8195329087048833,0.5957262191893641,0.5526315789473685,0.23595505617977527,0.9554973821989529,0.8429561200923787,0.3307086614173228,42,34,730,136,942
0.851,0.821656050955414,0.5948805812106595,0.5694444444444444,0.2303370786516854,0.9594240837696335,0.8425287356321839,0.328,41,31,733,137,942
0.852,0.8237791932059448,0.5961894817342197,0.5857142857142857,0.2303370786516854,0.9620418848167539,0.8428899082568807,0.3306451612903226,41,29,735,137,942
0.853,0.8237791932059448,0.5961894817342197,0.5857142857142857,0.2303370786516854,0.9620418848167539,0.8428899082568807,0.3306451612903226,41,29,735,137,942
0.854,0.8248407643312102,0.5968439319959997,0.5942028985507246,0.2303370786516854,0.9633507853403142,0.843069873997709,0.33198380566801616,41,28,736,137,942
0.855,0.826963906581741,0.59815283251956,0.6119402985074627,0.2303370786516854,0.9659685863874345,0.8434285714285714,0.3346938775510204,41,26,738,137,942
0.856,0.8280254777070064,0.5988072827813401,0.6212121212121212,0.2303370786516854,0.9672774869109948,0.843607305936073,0.33606557377049184,41,25,739,137,942
0.857,0.8280254777070064,0.5988072827813401,0.6212121212121212,0.2303370786516854,0.9672774869109948,0.843607305936073,0.33606557377049184,41,25,739,137,942
0.858,0.8290870488322718,0.5994617330431202,0.6307692307692307,0.2303370786516854,0.9685863874345549,0.8437856328392246,0.3374485596707819,41,24,740,137,942
0.859,0.8290870488322718,0.5973071945408553,0.6349206349206349,0.2247191011235955,0.9698952879581152,0.8430034129692833,0.3319502074688797,40,23,741,138,942
0.86,0.8280254777070064,0.5944982057768105,0.6290322580645161,0.21910112359550563,0.9698952879581152,0.8420454545454545,0.32500000000000007,39,23,741,139,942
0.861,0.8280254777070064,0.5944982057768105,0.6290322580645161,0.21910112359550563,0.9698952879581152,0.8420454545454545,0.32500000000000007,39,23,741,139,942
0.862,0.8280254777070064,0.5944982057768105,0.6290322580645161,0.21910112359550563,0.9698952879581152,0.8420454545454545,0.32500000000000007,39,23,741,139,942
0.863,0.8280254777070064,0.5944982057768105,0.6290322580645161,0.21910112359550563,0.9698952879581152,0.8420454545454545,0.32500000000000007,39,23,741,139,942
0.864,0.8280254777070064,0.5944982057768105,0.6290322580645161,0.21910112359550563,0.9698952879581152,0.8420454545454545,0.32500000000000007,39,23,741,139,942
0.865,0.8280254777070064,0.5923436672745456,0.6333333333333333,0.21348314606741572,0.9712041884816754,0.8412698412698413,0.319327731092437,38,22,742,140,942
0.866,0.8290870488322718,0.5908435790340608,0.6491228070175439,0.20786516853932585,0.9738219895287958,0.8406779661016949,0.31489361702127666,37,20,744,141,942
0.867,0.8290870488322718,0.5908435790340608,0.6491228070175439,0.20786516853932585,0.9738219895287958,0.8406779661016949,0.31489361702127666,37,20,744,141,942
0.868,0.8290870488322718,0.5908435790340608,0.6491228070175439,0.20786516853932585,0.9738219895287958,0.8406779661016949,0.31489361702127666,37,20,744,141,942
0.869,0.8280254777070064,0.5880345902700159,0.6428571428571429,0.20224719101123595,0.9738219895287958,0.8397291196388262,0.3076923076923077,36,20,744,142,942
0.87,0.8280254777070064,0.5880345902700159,0.6428571428571429,0.20224719101123595,0.9738219895287958,0.8397291196388262,0.3076923076923077,36,20,744,142,942
0.871,0.8280254777070064,0.5880345902700159,0.6428571428571429,0.20224719101123595,0.9738219895287958,0.8397291196388262,0.3076923076923077,36,20,744,142,942
0.872,0.826963906581741,0.5852256015059709,0.6363636363636364,0.19662921348314608,0.9738219895287958,0.8387824126268321,0.3004291845493562,35,20,744,143,942
0.873,0.8259023354564756,0.582416612741926,0.6296296296296297,0.19101123595505617,0.9738219895287958,0.8378378378378378,0.29310344827586204,34,20,744,144,942
0.874,0.8259023354564756,0.582416612741926,0.6296296296296297,0.19101123595505617,0.9738219895287958,0.8378378378378378,0.29310344827586204,34,20,744,144,942
0.875,0.8248407643312102,0.5796076239778811,0.6226415094339622,0.1853932584269663,0.9738219895287958,0.8368953880764904,0.28571428571428575,33,20,744,145,942
0.876,0.8237791932059448,0.5767986352138361,0.6153846153846154,0.1797752808988764,0.9738219895287958,0.8359550561797753,0.2782608695652174,32,20,744,146,942
0.877,0.8237791932059448,0.5767986352138361,0.6153846153846154,0.1797752808988764,0.9738219895287958,0.8359550561797753,0.2782608695652174,32,20,744,146,942
0.878,0.8248407643312102,0.5774530854756161,0.6274509803921569,0.1797752808988764,0.975130890052356,0.8361391694725028,0.2794759825327511,32,19,745,146,942
0.879,0.8248407643312102,0.5774530854756161,0.6274509803921569,0.1797752808988764,0.975130890052356,0.8361391694725028,0.2794759825327511,32,19,745,146,942
0.88,0.8248407643312102,0.5774530854756161,0.6274509803921569,0.1797752808988764,0.975130890052356,0.8361391694725028,0.2794759825327511,32,19,745,146,942
0.881,0.8248407643312102,0.5774530854756161,0.6274509803921569,0.1797752808988764,0.975130890052356,0.8361391694725028,0.2794759825327511,32,19,745,146,942
0.882,0.8237791932059448,0.5746440967115712,0.62,0.17415730337078653,0.975130890052356,0.8352017937219731,0.2719298245614035,31,19,745,147,942
0.883,0.8248407643312102,0.5752985469733514,0.6326530612244898,0.17415730337078653,0.9764397905759162,0.8353863381858903,0.27312775330396477,31,18,746,147,942
0.884,0.8237791932059448,0.5724895582093065,0.625,0.16853932584269662,0.9764397905759162,0.8344519015659956,0.2654867256637168,30,18,746,148,942
0.885,0.8237791932059448,0.5724895582093065,0.625,0.16853932584269662,0.9764397905759162,0.8344519015659956,0.2654867256637168,30,18,746,148,942
0.886,0.8227176220806794,0.5696805694452615,0.6170212765957447,0.16292134831460675,0.9764397905759162,0.8335195530726257,0.25777777777777783,29,18,746,149,942
0.887,0.821656050955414,0.5668715806812166,0.6086956521739131,0.15730337078651685,0.9764397905759162,0.8325892857142857,0.25,28,18,746,150,942
0.888,0.8205944798301487,0.5640625919171716,0.6,0.15168539325842698,0.9764397905759162,0.8316610925306578,0.242152466367713,27,18,746,151,942
0.889,0.8195329087048833,0.5612536031531267,0.5909090909090909,0.14606741573033707,0.9764397905759162,0.8307349665924276,0.23423423423423423,26,18,746,152,942
0.89,0.8184713375796179,0.5562900758868169,0.5853658536585366,0.1348314606741573,0.9777486910994765,0.8290788013318535,0.2191780821917808,24,17,747,154,942
0.891,0.8195329087048833,0.556944526148597,0.6,0.1348314606741573,0.9790575916230366,0.8292682926829268,0.2201834862385321,24,16,748,154,942
0.892,0.8205944798301487,0.557598976410377,0.6153846153846154,0.1348314606741573,0.9803664921465969,0.8294573643410853,0.22119815668202764,24,15,749,154,942
0.893,0.8205944798301487,0.557598976410377,0.6153846153846154,0.1348314606741573,0.9803664921465969,0.8294573643410853,0.22119815668202764,24,15,749,154,942
0.894,0.8205944798301487,0.557598976410377,0.6153846153846154,0.1348314606741573,0.9803664921465969,0.8294573643410853,0.22119815668202764,24,15,749,154,942
0.895,0.8205944798301487,0.557598976410377,0.6153846153846154,0.1348314606741573,0.9803664921465969,0.8294573643410853,0.22119815668202764,24,15,749,154,942
0.896,0.8205944798301487,0.557598976410377,0.6153846153846154,0.1348314606741573,0.9803664921465969,0.8294573643410853,0.22119815668202764,24,15,749,154,942
0.897,0.8205944798301487,0.557598976410377,0.6153846153846154,0.1348314606741573,0.9803664921465969,0.8294573643410853,0.22119815668202764,24,15,749,154,942
0.898,0.8205944798301487,0.557598976410377,0.6153846153846154,0.1348314606741573,0.9803664921465969,0.8294573643410853,0.22119815668202764,24,15,749,154,942
0.899,0.821656050955414,0.5582534266721572,0.631578947368421,0.1348314606741573,0.981675392670157,0.8296460176991151,0.2222222222222222,24,14,750,154,942
0.9,0.8205944798301487,0.5554444379081123,0.6216216216216216,0.12921348314606743,0.981675392670157,0.8287292817679558,0.21395348837209305,23,14,750,155,942
0.901,0.8205944798301487,0.5554444379081123,0.6216216216216216,0.12921348314606743,0.981675392670157,0.8287292817679558,0.21395348837209305,23,14,750,155,942
0.902,0.821656050955414,0.5560988881698924,0.6388888888888888,0.12921348314606743,0.9829842931937173,0.8289183222958058,0.21495327102803738,23,13,751,155,942
0.903,0.8195329087048833,0.5504809106418025,0.6176470588235294,0.11797752808988764,0.9829842931937173,0.8270925110132159,0.19811320754716982,21,13,751,157,942
0.904,0.8184713375796179,0.5455173833754927,0.6129032258064516,0.10674157303370786,0.9842931937172775,0.8254665203073546,0.1818181818181818,19,12,752,159,942
0.905,0.8184713375796179,0.5455173833754927,0.6129032258064516,0.10674157303370786,0.9842931937172775,0.8254665203073546,0.1818181818181818,19,12,752,159,942
0.906,0.8174097664543525,0.5427083946114477,0.6,0.10112359550561797,0.9842931937172775,0.8245614035087719,0.17307692307692304,18,12,752,160,942
0.907,0.8184713375796179,0.5433628448732278,0.6206896551724138,0.10112359550561797,0.9856020942408377,0.8247535596933188,0.17391304347826084,18,11,753,160,942
0.908,0.8184713375796179,0.5433628448732278,0.6206896551724138,0.10112359550561797,0.9856020942408377,0.8247535596933188,0.17391304347826084,18,11,753,160,942
0.909,0.8184713375796179,0.5433628448732278,0.6206896551724138,0.10112359550561797,0.9856020942408377,0.8247535596933188,0.17391304347826084,18,11,753,160,942
0.91,0.8195329087048833,0.544017295135008,0.6428571428571429,0.10112359550561797,0.9869109947643979,0.824945295404814,0.17475728155339804,18,10,754,160,942
0.911,0.8195329087048833,0.544017295135008,0.6428571428571429,0.10112359550561797,0.9869109947643979,0.824945295404814,0.17475728155339804,18,10,754,160,942
0.912,0.8195329087048833,0.544017295135008,0.6428571428571429,0.10112359550561797,0.9869109947643979,0.824945295404814,0.17475728155339804,18,10,754,160,942
0.913,0.8184713375796179,0.541208306370963,0.6296296296296297,0.09550561797752809,0.9869109947643979,0.8240437158469945,0.16585365853658535,17,10,754,161,942
0.914,0.8184713375796179,0.541208306370963,0.6296296296296297,0.09550561797752809,0.9869109947643979,0.8240437158469945,0.16585365853658535,17,10,754,161,942
0.915,0.8184713375796179,0.541208306370963,0.6296296296296297,0.09550561797752809,0.9869109947643979,0.8240437158469945,0.16585365853658535,17,10,754,161,942
0.916,0.8195329087048833,0.5418627566327431,0.6538461538461539,0.09550561797752809,0.9882198952879581,0.824235807860262,0.16666666666666666,17,9,755,161,942
0.917,0.8195329087048833,0.5418627566327431,0.6538461538461539,0.09550561797752809,0.9882198952879581,0.824235807860262,0.16666666666666666,17,9,755,161,942
0.918,0.8184713375796179,0.5390537678686982,0.64,0.0898876404494382,0.9882198952879581,0.8233369683751364,0.15763546798029557,16,9,755,162,942
0.919,0.8184713375796179,0.5390537678686982,0.64,0.0898876404494382,0.9882198952879581,0.8233369683751364,0.15763546798029557,16,9,755,162,942
0.92,0.8195329087048833,0.5397082181304782,0.6666666666666666,0.0898876404494382,0.9895287958115183,0.8235294117647058,0.15841584158415842,16,8,756,162,942
0.921,0.8195329087048833,0.5397082181304782,0.6666666666666666,0.0898876404494382,0.9895287958115183,0.8235294117647058,0.15841584158415842,16,8,756,162,942
0.922,0.8184713375796179,0.5368992293664333,0.6521739130434783,0.08426966292134831,0.9895287958115183,0.8226332970620239,0.14925373134328357,15,8,756,163,942
0.923,0.8152866242038217,0.5284722630742985,0.6,0.06741573033707865,0.9895287958115183,0.8199566160520607,0.1212121212121212,12,8,756,166,942
0.924,0.8152866242038217,0.5284722630742985,0.6,0.06741573033707865,0.9895287958115183,0.8199566160520607,0.1212121212121212,12,8,756,166,942
0.925,0.8152866242038217,0.5284722630742985,0.6,0.06741573033707865,0.9895287958115183,0.8199566160520607,0.1212121212121212,12,8,756,166,942
0.926,0.8152866242038217,0.5284722630742985,0.6,0.06741573033707865,0.9895287958115183,0.8199566160520607,0.1212121212121212,12,8,756,166,942
0.927,0.8142250530785563,0.5256632743102535,0.5789473684210527,0.06179775280898876,0.9895287958115183,0.819068255687974,0.11167512690355329,11,8,756,167,942
0.928,0.8142250530785563,0.5256632743102535,0.5789473684210527,0.06179775280898876,0.9895287958115183,0.819068255687974,0.11167512690355329,11,8,756,167,942
0.929,0.8142250530785563,0.5256632743102535,0.5789473684210527,0.06179775280898876,0.9895287958115183,0.819068255687974,0.11167512690355329,11,8,756,167,942
0.93,0.8142250530785563,0.5256632743102535,0.5789473684210527,0.06179775280898876,0.9895287958115183,0.819068255687974,0.11167512690355329,11,8,756,167,942
0.931,0.8142250530785563,0.5256632743102535,0.5789473684210527,0.06179775280898876,0.9895287958115183,0.819068255687974,0.11167512690355329,11,8,756,167,942
0.932,0.8131634819532909,0.5228542855462086,0.5555555555555556,0.056179775280898875,0.9895287958115183,0.8181818181818182,0.1020408163265306,10,8,756,168,942
0.933,0.8131634819532909,0.5228542855462086,0.5555555555555556,0.056179775280898875,0.9895287958115183,0.8181818181818182,0.1020408163265306,10,8,756,168,942
0.934,0.8110403397027601,0.5172363080181187,0.5,0.0449438202247191,0.9895287958115183,0.816414686825054,0.08247422680412371,8,8,756,170,942
0.935,0.8089171974522293,0.5116183304900288,0.42857142857142855,0.033707865168539325,0.9895287958115183,0.8146551724137931,0.06249999999999999,6,8,756,172,942
0.936,0.8089171974522293,0.5116183304900288,0.42857142857142855,0.033707865168539325,0.9895287958115183,0.8146551724137931,0.06249999999999999,6,8,756,172,942
0.937,0.8089171974522293,0.5116183304900288,0.42857142857142855,0.033707865168539325,0.9895287958115183,0.8146551724137931,0.06249999999999999,6,8,756,172,942
0.938,0.8089171974522293,0.5116183304900288,0.42857142857142855,0.033707865168539325,0.9895287958115183,0.8146551724137931,0.06249999999999999,6,8,756,172,942
0.939,0.8089171974522293,0.5116183304900288,0.42857142857142855,0.033707865168539325,0.9895287958115183,0.8146551724137931,0.06249999999999999,6,8,756,172,942
0.94,0.8089171974522293,0.5116183304900288,0.42857142857142855,0.033707865168539325,0.9895287958115183,0.8146551724137931,0.06249999999999999,6,8,756,172,942
0.941,0.807855626326964,0.5088093417259839,0.38461538461538464,0.028089887640449437,0.9895287958115183,0.813778256189451,0.05235602094240837,5,8,756,173,942
0.942,0.807855626326964,0.5088093417259839,0.38461538461538464,0.028089887640449437,0.9895287958115183,0.813778256189451,0.05235602094240837,5,8,756,173,942
0.943,0.8089171974522293,0.509463791987764,0.4166666666666667,0.028089887640449437,0.9908376963350786,0.8139784946236559,0.05263157894736842,5,7,757,173,942
0.944,0.8089171974522293,0.509463791987764,0.4166666666666667,0.028089887640449437,0.9908376963350786,0.8139784946236559,0.05263157894736842,5,7,757,173,942
0.945,0.8089171974522293,0.509463791987764,0.4166666666666667,0.028089887640449437,0.9908376963350786,0.8139784946236559,0.05263157894736842,5,7,757,173,942
0.946,0.807855626326964,0.506654803223719,0.36363636363636365,0.02247191011235955,0.9908376963350786,0.8131041890440387,0.042328042328042326,4,7,757,174,942
0.947,0.807855626326964,0.506654803223719,0.36363636363636365,0.02247191011235955,0.9908376963350786,0.8131041890440387,0.042328042328042326,4,7,757,174,942
0.948,0.807855626326964,0.506654803223719,0.36363636363636365,0.02247191011235955,0.9908376963350786,0.8131041890440387,0.042328042328042326,4,7,757,174,942
0.949,0.807855626326964,0.506654803223719,0.36363636363636365,0.02247191011235955,0.9908376963350786,0.8131041890440387,0.042328042328042326,4,7,757,174,942
0.95,0.8089171974522293,0.5073092534854992,0.4,0.02247191011235955,0.9921465968586387,0.8133047210300429,0.0425531914893617,4,6,758,174,942
0.951,0.8089171974522293,0.5073092534854992,0.4,0.02247191011235955,0.9921465968586387,0.8133047210300429,0.0425531914893617,4,6,758,174,942
0.952,0.807855626326964,0.5045002647214542,0.3333333333333333,0.016853932584269662,0.9921465968586387,0.812433011789925,0.03208556149732621,3,6,758,175,942
0.953,0.807855626326964,0.5045002647214542,0.3333333333333333,0.016853932584269662,0.9921465968586387,0.812433011789925,0.03208556149732621,3,6,758,175,942
0.954,0.807855626326964,0.5045002647214542,0.3333333333333333,0.016853932584269662,0.9921465968586387,0.812433011789925,0.03208556149732621,3,6,758,175,942
0.955,0.807855626326964,0.5045002647214542,0.3333333333333333,0.016853932584269662,0.9921465968586387,0.812433011789925,0.03208556149732621,3,6,758,175,942
0.956,0.807855626326964,0.5045002647214542,0.3333333333333333,0.016853932584269662,0.9921465968586387,0.812433011789925,0.03208556149732621,3,6,758,175,942
0.957,0.8089171974522293,0.5051547149832343,0.375,0.016853932584269662,0.993455497382199,0.8126338329764454,0.03225806451612903,3,5,759,175,942
0.958,0.8089171974522293,0.5051547149832343,0.375,0.016853932584269662,0.993455497382199,0.8126338329764454,0.03225806451612903,3,5,759,175,942
0.959,0.8089171974522293,0.5051547149832343,0.375,0.016853932584269662,0.993455497382199,0.8126338329764454,0.03225806451612903,3,5,759,175,942
0.96,0.8099787685774947,0.5058091652450144,0.42857142857142855,0.016853932584269662,0.9947643979057592,0.8128342245989305,0.032432432432432434,3,4,760,175,942
0.961,0.8099787685774947,0.5058091652450144,0.42857142857142855,0.016853932584269662,0.9947643979057592,0.8128342245989305,0.032432432432432434,3,4,760,175,942
0.962,0.8110403397027601,0.5064636155067945,0.5,0.016853932584269662,0.9960732984293194,0.813034188034188,0.03260869565217391,3,3,761,175,942
0.963,0.8110403397027601,0.5064636155067945,0.5,0.016853932584269662,0.9960732984293194,0.813034188034188,0.03260869565217391,3,3,761,175,942
0.964,0.8089171974522293,0.5008456379787046,0.25,0.0056179775280898875,0.9960732984293194,0.8113006396588486,0.010989010989010988,1,3,761,177,942
0.965,0.8089171974522293,0.5008456379787046,0.25,0.0056179775280898875,0.9960732984293194,0.8113006396588486,0.010989010989010988,1,3,761,177,942
0.966,0.8089171974522293,0.5008456379787046,0.25,0.0056179775280898875,0.9960732984293194,0.8113006396588486,0.010989010989010988,1,3,761,177,942
0.967,0.8089171974522293,0.4986910994764398,0.0,0.0,0.9973821989528796,0.8106382978723404,,0,2,762,178,942
0.968,0.8089171974522293,0.4986910994764398,0.0,0.0,0.9973821989528796,0.8106382978723404,,0,2,762,178,942
0.969,0.8099787685774947,0.4993455497382199,0.0,0.0,0.9986910994764397,0.8108395324123273,,0,1,763,178,942
0.97,0.8099787685774947,0.4993455497382199,0.0,0.0,0.9986910994764397,0.8108395324123273,,0,1,763,178,942
0.971,0.8099787685774947,0.4993455497382199,0.0,0.0,0.9986910994764397,0.8108395324123273,,0,1,763,178,942
0.972,0.8099787685774947,0.4993455497382199,0.0,0.0,0.9986910994764397,0.8108395324123273,,0,1,763,178,942
0.973,0.8099787685774947,0.4993455497382199,0.0,0.0,0.9986910994764397,0.8108395324123273,,0,1,763,178,942
0.974,0.8099787685774947,0.4993455497382199,0.0,0.0,0.9986910994764397,0.8108395324123273,,0,1,763,178,942
0.975,0.8099787685774947,0.4993455497382199,0.0,0.0,0.9986910994764397,0.8108395324123273,,0,1,763,178,942
0.976,0.8099787685774947,0.4993455497382199,0.0,0.0,0.9986910994764397,0.8108395324123273,,0,1,763,178,942
0.977,0.8099787685774947,0.4993455497382199,0.0,0.0,0.9986910994764397,0.8108395324123273,,0,1,763,178,942
0.978,0.8099787685774947,0.4993455497382199,0.0,0.0,0.9986910994764397,0.8108395324123273,,0,1,763,178,942
0.979,0.8099787685774947,0.4993455497382199,0.0,0.0,0.9986910994764397,0.8108395324123273,,0,1,763,178,942
0.98,0.8099787685774947,0.4993455497382199,0.0,0.0,0.9986910994764397,0.8108395324123273,,0,1,763,178,942
0.981,0.8099787685774947,0.4993455497382199,0.0,0.0,0.9986910994764397,0.8108395324123273,,0,1,763,178,942
0.982,0.8099787685774947,0.4993455497382199,0.0,0.0,0.9986910994764397,0.8108395324123273,,0,1,763,178,942
0.983,0.8099787685774947,0.4993455497382199,0.0,0.0,0.9986910994764397,0.8108395324123273,,0,1,763,178,942
0.984,0.8099787685774947,0.4993455497382199,0.0,0.0,0.9986910994764397,0.8108395324123273,,0,1,763,178,942
0.985,0.8110403397027601,0.5,,0.0,1.0,0.8110403397027601,,0,0,764,178,942
0.986,0.8110403397027601,0.5,,0.0,1.0,0.8110403397027601,,0,0,764,178,942
0.987,0.8110403397027601,0.5,,0.0,1.0,0.8110403397027601,,0,0,764,178,942
0.988,0.8110403397027601,0.5,,0.0,1.0,0.8110403397027601,,0,0,764,178,942
0.989,0.8110403397027601,0.5,,0.0,1.0,0.8110403397027601,,0,0,764,178,942
0.99,0.8110403397027601,0.5,,0.0,1.0,0.8110403397027601,,0,0,764,178,942
0.991,0.8110403397027601,0.5,,0.0,1.0,0.8110403397027601,,0,0,764,178,942
0.992,0.8110403397027601,0.5,,0.0,1.0,0.8110403397027601,,0,0,764,178,942
0.993,0.8110403397027601,0.5,,0.0,1.0,0.8110403397027601,,0,0,764,178,942
0.994,0.8110403397027601,0.5,,0.0,1.0,0.8110403397027601,,0,0,764,178,942
0.995,0.8110403397027601,0.5,,0.0,1.0,0.8110403397027601,,0,0,764,178,942
0.996,0.8110403397027601,0.5,,0.0,1.0,0.8110403397027601,,0,0,764,178,942
0.997,0.8110403397027601,0.5,,0.0,1.0,0.8110403397027601,,0,0,764,178,942
0.998,0.8110403397027601,0.5,,0.0,1.0,0.8110403397027601,,0,0,764,178,942
0.999,0.8110403397027601,0.5,,0.0,1.0,0.8110403397027601,,0,0,764,178,942
