0,1,2,3,4,5,6,7,8,9,10,11,12,13,14,15,16,17,18,19,20,21
0.82982683,0.58444166,0.16180198,-0.10516612,0.20074536,-0.059587564,-0.26571396,0.03457984,-0.0009845414,0.09496989,0.03795914,-0.23452745,-0.057065222,0.0062870285,-0.15626805,-0.1311158,-0.040090572,0.06488185,0.10133593,-0.27905363,-0.03582387,-0.014553808
0.94982946,0.012446191,-0.13683675,-0.63622504,-0.47870097,-0.07385791,0.0833479,0.27695683,-0.054655265,0.51297075,0.18718743,-0.26925552,-0.13128556,0.06420209,-0.18195324,0.028721992,-0.107978106,0.050184816,0.2162355,0.08282217,0.004809585,-0.032120317
0.74352926,-0.1049569,-0.109746665,-0.6740478,-0.10532102,0.16923743,-0.07631239,-0.24606672,-0.06611139,-0.18525581,-0.029697362,0.21315013,0.022444364,0.059099425,-0.51164114,-0.046109006,0.04000304,0.07275286,-0.014951421,0.015328923,-0.008243533,0.014113336
0.6259298,0.7520563,-0.09576032,-0.04988012,-0.38799337,-0.4060091,-0.0059081786,0.36744875,-0.156169,-0.2789531,-0.03526512,0.1617671,0.04326042,-0.07957833,-0.023188129,0.30185398,0.10927013,-0.023476908,0.17833623,0.046281546,-0.025414184,0.03786307
0.9403794,-0.08675542,-0.07925119,0.34571424,0.63831437,-0.8624944,0.009485126,0.534905,-0.22372673,0.7443852,-0.115678884,0.3794078,-0.026303513,0.19444259,0.019805795,-0.15493485,0.51012117,0.050623648,0.082112744,0.08634826,-0.23153014,0.019210236
-0.8930487,-1.0325944,0.65109736,-0.50340974,0.10478709,-0.44288513,-0.75194174,0.13808034,-0.3110544,-0.27429202,0.16365649,-0.012143444,0.14581148,-0.1034065,0.07014271,0.027088607,0.12077943,-0.08894356,0.009265408,0.09321956,0.081102386,0.03516156
-0.7044534,0.70822966,-0.25768253,-0.1079069,-0.12286203,-0.21460861,-0.17434242,0.22890472,-0.0752842,-0.095534265,0.008581741,-0.18555316,-0.052109417,-0.02445983,-0.12513877,0.13827209,0.015938332,0.05667066,0.47402045,0.10819665,-0.015493716,0.088924624
0.696696,0.5149625,0.103051335,0.024835851,0.005900373,-0.08257799,0.16422208,-0.11701104,-0.003426629,-0.11397433,-0.013576678,0.28785512,0.11426782,-0.1457602,0.14747164,-0.19373837,0.16068819,-0.21195427,0.14620097,0.022726936,-0.04005995,0.111756444
0.8051128,0.43010563,-0.11178859,0.5613191,-0.42678082,0.23000811,-0.31936848,0.24670114,-0.1853015,0.071447186,0.018403994,-0.11672027,0.39940995,0.12054322,-0.119701825,-0.1681204,0.05822834,0.07205926,-0.01443514,0.02606274,-0.034847524,0.0036422745
-0.7227106,0.30677587,-0.31062046,0.664468,-0.507117,0.28420547,0.19366741,-0.035983656,-0.044957444,0.17981356,0.076940574,0.09577954,0.39397025,-0.003266037,0.13280916,-0.7651072,-0.33778396,-0.47409913,0.43126392,-0.33538687,-0.072237544,0.025711065
-0.6445841,0.35764998,0.058644686,-0.011564385,0.51650465,0.29482862,0.022675706,-0.6491815,0.12378394,0.025279434,-0.021116909,0.0061735283,0.02945376,-0.04056312,-0.26304823,-0.27221447,0.15897326,-0.0787239,-0.014469287,-0.027759818,-0.058740325,0.21968439
-0.7199021,0.24805132,-0.3234029,0.67155415,-0.32291543,0.32650286,-0.17762184,0.12321205,0.7328131,-0.046281252,0.2533885,0.0803266,0.25045624,0.4885266,0.23282596,0.21223877,-0.41128188,0.14699753,0.13537738,-0.28098086,-0.042156395,0.17576323
-0.72225654,0.47406268,-0.06388336,-0.08236263,0.39902914,0.15909691,-0.028775169,-0.2567939,0.023796232,-0.0071899532,-0.030391587,0.27706105,0.06093163,-0.07832291,-0.17220844,0.025637522,-0.062208146,-0.015336371,-0.05148181,0.12133488,-0.030173821,0.11184491
0.91381794,-0.96698534,-0.2944928,-0.08235424,-0.12581448,-0.5371565,0.3198365,-0.19750285,1.1586188,0.059139308,-0.060605593,-0.40262356,0.18789183,-0.29717052,-0.20626937,-0.15045291,-0.15037586,0.55850434,0.23631589,0.063076496,-0.06295636,-0.07014535
0.8553129,-1.2993814,-0.59500796,0.8758217,-0.6390281,-0.23573841,0.15349783,-0.110816985,0.030025577,0.38113365,-0.8686445,0.10648257,-0.4912074,-0.18626565,-0.3500746,0.12668537,0.08684115,0.07727851,0.14782958,0.07295113,-0.3760469,0.0018722424
0.8187588,-0.10955063,-0.09941311,-0.61959475,-0.21370547,0.13655956,0.12328982,-0.11698449,-0.04214403,0.13367616,0.049064204,0.21884859,0.013865751,0.01017113,-0.22435217,3.0569012e-05,0.1244635,0.09634568,-0.06046389,0.013242777,-0.014428531,0.05724246
-0.91329455,-1.4429799,0.5402151,0.50395197,-0.82889414,-0.22475107,0.082615264,0.00026750183,0.54727846,0.009316049,0.52999884,0.2827565,0.47465956,0.26453483,-0.17173953,-0.017210998,0.003829294,-0.02728467,-0.055949736,-0.3448983,0.046261713,0.04748775
0.6698377,0.31228238,-0.09290007,0.5755557,-0.19343975,0.42241985,-0.31324014,-0.10589735,-0.16114798,-0.33036888,-0.11502519,0.32126048,0.50349545,0.06709101,0.31997383,-0.26421902,0.10100231,0.15649243,0.23550978,-0.02646669,0.0063995593,-0.15205075
0.7468877,0.27459988,0.027304199,0.7697383,-0.63819385,0.24424498,0.3756988,-0.32606834,-0.086138815,0.2415924,0.03075794,0.019430242,0.35762918,0.12343961,-0.3438287,0.060092557,-0.09715895,-0.15965448,-0.14497834,0.0055513037,-0.030047633,-0.12214844
-0.89321613,0.21548721,1.0797709,-0.099465206,-0.26334482,-0.23206864,-0.2937929,0.37471902,-0.094410524,0.10567849,0.030119283,-0.033337466,0.020899577,-0.09769977,-0.052371673,-0.079868875,0.13149884,0.035584312,-0.06987066,-0.23858923,-0.0017273687,-0.10654451
0.7366485,-1.2243334,-0.41663715,0.7460929,-0.24667886,0.41534916,0.6158835,0.18879808,-0.4518923,-0.23151654,0.3376058,0.27836514,-0.41331562,-0.28270987,-0.2801479,0.10945263,-0.43681368,0.036164913,-0.1232203,-0.09945003,0.11892175,-0.47373956
0.9569323,-0.42143568,0.062913485,-0.70502496,0.43262908,0.5058252,-0.16994491,-0.30300218,0.4290275,0.38542444,-0.61161107,-0.11776022,0.13521937,-0.40595633,-0.44567418,0.039014984,-0.08717965,0.057040412,-0.012910648,-0.016023295,-0.20871134,-0.01226632
-0.5877419,-0.08662905,-0.3457978,-0.8301186,0.25227773,0.35705116,-0.5348187,0.000600387,-0.058446065,0.018117998,0.002470833,-0.050395172,-0.090527825,0.10693997,0.027015751,0.1018355,0.051893357,-0.12100896,0.4714671,-0.02782278,-0.009187315,0.033636868
0.8093786,0.45949093,0.25051594,-0.021402515,0.2875931,0.05999581,-0.0033686291,-0.28587216,0.059787787,0.19067612,0.0354358,-0.058523435,-0.039298225,0.011716084,0.10198992,-0.06993533,-0.3701998,0.18502995,-0.01383271,0.06638811,0.0086568585,-0.1073293
-0.6240571,-0.7528758,-0.85207087,0.2957391,-0.6066223,-0.18543015,-0.12173402,0.20710672,-0.36639073,0.15617186,0.27804106,-0.052595135,0.42456153,0.016077911,0.36557811,0.20618092,0.15074651,-0.070578866,0.34333473,0.013363534,0.08384461,-0.14415622
0.49601847,0.13651614,1.371481,-0.018633125,-0.3088083,-0.2812947,-0.29185992,0.031782478,-0.07865072,-0.17344262,-0.021641372,-0.19641037,0.02739041,0.0021316854,0.02963835,-0.37563676,-0.36661297,-0.045406457,-0.21645032,0.17371394,0.013931257,-0.011969444
-0.6602202,-0.8409468,-0.74963725,-0.17752618,-0.0017568433,-0.8635204,0.20457646,0.3733938,0.115857065,0.39734948,-1.182806,0.06617662,-0.0779067,0.04439115,0.051774975,0.06529192,-0.0058690743,-0.03577573,0.015975304,-0.3192945,0.5613262,-0.11207065
-0.7264777,0.57579017,-0.14806841,-0.049275298,0.06426861,-0.057942033,0.07137811,-0.05249179,-0.006450721,0.05934554,0.010953271,0.09794201,-0.012483604,-0.04298875,-0.023929892,0.0145930555,-0.21116982,0.19447516,-0.22870257,-0.08992984,-0.022253083,0.05726302
-0.6734749,0.44785786,-0.09114913,0.1978933,-0.29928133,-0.1276573,0.63756615,-0.3528266,0.09819475,0.30793664,0.09261086,-0.13245751,-0.063872695,-0.058346033,0.75398856,-0.16334307,-0.21015145,-0.3061334,-0.03184982,0.16323887,-0.032904144,0.21530233
0.73359936,-0.01783201,-0.21900938,-0.54986656,-0.6651562,-0.13149281,0.30981284,-0.021645231,-0.0702683,-0.021821257,0.05951,0.08536135,-0.039838437,0.029667225,0.058965754,-0.14851229,-0.23070946,0.1864255,0.15790115,0.067812145,0.05149464,-0.2197462
-0.39646566,-0.13686556,0.0689853,0.55518377,0.26358533,0.49033332,0.28244156,-0.48541734,1.4720546,0.5029598,-0.235976,-0.25574827,-0.71975803,-0.59852445,-0.10034681,0.11467782,0.53545654,-0.068727426,-0.13011646,0.13948202,-0.15107197,0.021122517
0.8836163,0.44753373,0.28845173,-0.058662143,0.4344488,0.13498317,-0.08427264,-0.16505072,0.07140467,0.40453935,0.076314695,-0.05157794,-0.04456087,-0.008568863,0.17111382,0.017284703,-0.20735987,0.10156043,-0.00080011843,-0.050213117,-0.023389352,-0.03251267
0.6328862,-0.8893577,-0.5181032,0.38449907,-0.59871817,-0.19298351,-0.021285027,-0.35004526,-0.3740755,-0.21969898,0.137702,0.039853714,0.37076363,0.18229352,0.4362181,0.5179716,-0.46543008,-0.6463526,0.026219167,0.040502306,0.012589991,0.15710871
-0.9722036,0.16540894,1.0652449,0.086581655,-0.6448934,-0.35132834,0.22776741,0.004123627,-0.04740146,0.009864266,0.0128876595,0.029666845,0.019557256,-0.09321622,0.065638475,-0.00065266015,-0.10307498,0.23784055,0.24673967,0.13480388,-0.02374748,0.26099533
-0.68244696,-0.18334457,-0.30604112,-0.52161855,-0.32578,0.19746542,0.2580064,-0.6507748,0.004838632,-0.11122596,-0.018879598,-0.16226567,-0.10042887,0.14037527,-0.2576949,0.08978351,0.21946356,-0.16453852,-0.13150814,0.110627435,0.04006975,-0.22683391
0.6527118,-0.62224025,-0.37258828,-0.29269752,-0.14845683,-0.5916035,0.107555166,-0.24773067,-0.22673869,-0.30712235,0.18172073,0.19633847,0.092918,-0.12020457,0.045549206,0.16277666,0.03562936,-0.12763664,0.0830275,-0.3599427,0.055681374,-0.1398672
-0.6554735,-0.07529274,-0.39387283,-0.79492354,0.12316934,0.2802933,-0.46498474,-0.07581003,-0.067457706,-0.18569303,-0.023346195,-0.042852074,-0.05033949,0.10888475,-0.06124499,-0.17471583,-0.11663017,-0.06734148,0.2175885,0.09153528,-0.0074804076,0.10298273
0.8925606,0.38438192,0.28450617,0.011136533,0.49605152,0.28607783,0.49384868,0.5669976,-0.15512218,0.09885644,0.13738015,-0.38122788,-0.16179885,0.031385235,-0.07594598,0.057472154,-0.12261616,0.118409835,-0.07221907,-0.40573964,-0.052401707,0.019389288
-0.7210816,0.29898867,0.0034018578,0.02574887,0.64238155,0.46938333,0.54162645,0.19386718,-0.15629245,-0.39811546,0.0022928133,-0.046911955,-0.035745364,-0.016542021,-0.07057802,0.0023851371,0.11163955,-0.10061897,-0.17438707,-0.08396019,-0.011292333,-0.16734439
0.6360203,0.16380042,-0.23705578,0.22150482,0.071756706,-0.9153255,-0.19622472,0.15239054,-0.25655365,-0.4370008,0.17378047,-0.022676082,0.16333409,-0.22308335,-0.16671142,0.046037935,-0.077897415,0.08688115,0.31349856,0.037983958,0.04337318,0.07946611
-0.6544127,-1.1758107,-0.6383737,0.75122565,-0.46028134,0.28839186,0.025112526,-0.90162843,-0.20343164,-0.044942256,0.2192374,-0.025752896,-0.4362892,-0.18728656,-0.2536357,0.15531725,0.0043169353,-0.19401218,-0.36361712,0.09403033,0.10414535,-0.11891105
0.66085327,0.3544417,0.24808258,0.03234255,0.37760085,0.1777778,0.19544262,-0.52682453,0.05632604,-0.07370698,-0.071745224,0.5103417,0.0902366,-0.080189325,0.4218564,0.064517416,-0.16095276,-0.101010635,-0.09922039,-0.0068326984,-0.027191887,0.022035887
-0.70668405,0.5372834,-0.13322535,-0.047465343,0.15094534,0.014629135,-0.24787416,-0.34689224,0.013179851,-0.29547518,-0.06629781,-0.36712417,-0.08173511,0.08480259,0.28008282,-0.12515612,-0.12761231,0.15324965,0.2812129,0.17073105,0.007921485,0.08012555
0.8289464,-0.9605669,-0.36827865,0.39238954,-0.33234358,0.01599027,-0.06730254,-0.6098352,-0.26588365,0.0064074136,0.19744234,-0.22090288,0.39664367,0.16762097,-0.22946896,0.18379726,0.042957418,0.03379692,-0.028303118,0.00893903,0.03230013,0.090258576
-0.70616245,0.62648857,-0.19295262,-0.08424223,0.040378585,-0.08785883,-0.21978271,-0.008457255,-0.059230223,-0.16666844,-0.030533377,-0.23002085,-0.036457885,0.0261849,-0.06315492,0.07181942,0.10212492,0.02575526,-0.17370597,0.13525738,0.020509958,-0.12916921
0.9116161,-0.37560853,-0.007047884,0.58126336,0.38322154,-0.9359602,0.39597195,-0.16826643,0.29075176,0.58961064,-1.1483543,-0.41216502,-0.04483878,-0.00564548,-0.58109343,-0.20365334,0.13308518,-0.14255887,0.04795083,0.069598645,0.54963726,-0.0100050615
-0.6944903,0.5951396,-0.17594422,-0.14519598,0.2844377,0.031178584,-0.29444957,0.103276305,-0.054254733,-0.08005524,-0.027078124,0.07587694,0.04796841,-0.058565132,-0.019132335,-0.009051557,0.108974434,-0.020419434,-0.16962557,0.09030178,-0.030872617,0.16670345
0.7544964,-0.30648977,-0.041281935,-0.6131116,0.319918,0.57540417,0.41320556,0.29377434,-0.24682541,-0.52291656,-0.0052933684,0.124497466,-0.028602373,0.06570777,-0.11830865,0.05706196,0.11842755,-0.07605496,0.3509415,0.043844663,-0.027991036,0.10874534
0.73425317,-0.67089605,-0.3181379,-0.35949755,0.17025565,-0.42403844,-0.1574437,-0.2194302,-0.20815909,-0.19936436,0.19731326,0.12249339,0.09227345,-0.09176015,0.39926454,0.14182515,-0.111824,-0.051891416,0.24105802,0.002736876,0.0947763,-0.19299847
-0.65113175,-0.5349269,-0.4493382,1.1192461,0.62465066,0.5060207,-0.31297085,0.3890821,-0.4669145,-0.5341301,0.22104737,-0.16077515,-0.37263706,-0.29114628,-0.13139813,0.018835822,0.024393108,0.07665823,-0.2553312,0.016928397,0.077142335,-0.11133397
0.70279986,0.61917627,0.039150037,0.014659421,-0.20165458,-0.23751709,0.06490781,-0.038078807,-0.03970773,-0.19151413,-0.012343368,-0.03502752,0.023126073,-0.040156305,0.043298155,-0.12440897,-0.04141469,0.25289512,0.10581343,0.08387553,0.0012411419,0.0024379767
0.59526473,-0.36859316,-0.14093363,0.60350555,0.24603102,-1.0150126,0.68123204,-0.24512044,0.232642,0.10227703,-1.2855897,0.4412313,0.087727934,-0.10252861,-0.25604114,-0.03360586,-0.28989688,0.03749631,0.05908106,-0.0547582,0.5341066,-0.016702522
-0.9214006,-0.04580005,0.89989007,0.49010146,-0.41064402,0.3283848,-0.50570416,0.44611838,-0.22887874,0.09581669,-0.01759779,0.4131348,0.5474683,-0.018985208,0.044283967,-0.17196223,0.22890621,0.134047,-0.16977614,-0.12264428,-0.057507366,0.053892117
-0.717432,0.5159702,-0.11172584,-0.13786693,0.43500498,0.14032723,-0.1900562,-0.02594197,0.00967037,-0.01525931,-0.015029254,0.28855363,0.05836607,-0.10816676,0.19527209,-0.121395685,-0.0061152745,-0.053901494,0.13285951,-0.16172966,-0.028765729,-0.029414814
0.91796607,0.58135635,0.16154465,0.0024734645,-0.038492564,-0.13660231,0.014183485,0.08421693,0.018664194,0.35991597,0.12005512,-0.36198455,-0.049025603,-0.031010674,0.015762163,-0.12231914,0.12240649,0.10678165,0.038815066,0.10704629,0.012744695,-0.10550428
-0.6784488,0.59539753,-0.1938025,-0.073155455,0.113905504,-0.014718746,-0.033642076,0.17050827,-0.050342314,0.036914714,0.007804263,0.21788801,0.10687903,-0.15701386,0.075168565,-0.044040006,0.4385097,0.011760159,-0.2517687,0.069273844,0.027705485,-0.14737912
0.86733586,-0.06547752,-0.097917594,-0.72219634,-0.09719535,0.111173496,-0.2940232,0.0510335,-0.060459238,0.15288495,0.060926184,-0.22515026,-0.13268863,0.14211652,0.012034153,-0.12055011,-0.25428388,-0.24368203,-0.04301925,-0.23106463,-0.049547438,0.20466948
0.9422765,-0.29813915,-0.2794197,-0.033068985,-0.53459775,0.55879754,-0.40406796,0.022818334,-0.16287239,0.18208985,0.060276534,-0.29345724,0.32901624,0.26754028,0.055670094,-0.44752273,0.079396985,0.12046448,-0.05881685,0.06772644,-0.021030426,0.10724545
0.9806931,-0.43347955,-0.017601077,-0.6670918,0.46189702,0.61250794,0.24324419,0.66992825,0.15641853,0.059721567,-0.5468574,-0.50243866,0.016303094,-0.35820475,-0.13308571,0.16780105,-0.03569871,0.08125662,0.08209007,-0.08398485,-0.2131091,0.039616514
-0.7084054,-0.40490085,-0.46044365,0.971746,0.4259884,-0.26466092,0.081339605,0.14861041,-0.34169394,0.5406303,-0.24900627,0.91996557,0.40163743,0.35118416,-0.34248102,0.08390101,0.06555924,-0.13585399,-0.056688428,0.24878623,-0.20570692,-0.24244538
-0.67974067,-0.016196307,-0.4345406,-0.7465662,-0.15655525,0.11459232,-0.10174834,0.15925817,-0.09660907,0.098764196,0.05031869,0.18369173,-0.03805628,0.041216202,-0.234544,0.027117817,-0.2720722,-0.05363545,-0.19548807,0.06090141,0.0043402435,-0.04657682
-0.6209041,-0.9562537,-0.36066648,-0.2687251,0.72008985,0.12967093,0.7326812,0.16239262,-0.2782208,0.00077144406,0.34577867,0.13619958,0.024985474,-0.14829095,0.1463717,0.17901623,-0.29121915,-0.15703042,0.3326464,0.094450034,0.0717966,-0.13110882
-0.68996644,-0.93826836,-0.53328687,-0.18375513,0.6237242,-0.31371662,0.56060195,0.4953447,-0.4573319,-0.09337492,-0.21821113,0.1424762,-0.30377403,0.5359964,0.17054898,0.12811004,-0.20973961,-0.06393235,0.115950435,-0.039077245,-0.18008904,-0.18511452
0.64810073,0.23976149,1.3556678,-0.026062898,-0.5058878,-0.40600094,-0.11874529,0.49323288,-0.084033966,0.3978778,0.13224836,-0.22703318,-0.011769777,-0.08653591,-0.14673439,-0.018028084,-0.059461407,0.09011369,0.21375021,0.10721471,-0.0015096432,-0.02909072
0.61017674,0.53416383,0.03767819,0.1868806,-0.477564,-0.2863436,0.5657115,-0.3179183,0.011362344,-0.25345057,-0.024247022,0.19804433,0.052124415,-0.10489525,0.5042125,-0.059619833,0.09728178,0.011818099,0.38669857,0.03162829,-0.014405229,-0.032436516
-0.59783465,-0.21418905,-0.23873559,-0.69102323,0.23906156,0.4576377,-0.16334867,-0.45962158,0.006975177,0.09498504,-0.016999079,0.03495031,-0.0807703,0.13487361,-0.027194139,0.21336327,0.1384843,0.12040645,-0.18620363,-0.0291339,0.0039370693,-0.036267318
0.9766351,-0.99233824,-0.23008966,-0.46959823,0.9563629,-0.067561835,-0.65966016,0.39515704,1.0299635,0.2394431,-0.12198621,0.14639968,0.28114328,-0.33229777,0.0869022,0.7193447,0.16646102,-0.20358647,0.21281183,0.17459837,-0.111360654,-0.07900769
-0.6446152,-0.25184166,-0.4449935,-0.5988197,-0.29788202,0.14978634,0.020978816,-0.21977533,0.32205293,-0.09429359,-0.6949876,-0.39294678,0.072847724,-0.35238704,-0.09175913,0.17255917,0.09080026,-0.012379693,-0.0998129,0.1384305,-0.16497836,-0.013650457
0.5856676,-0.7024042,1.3518451,0.5564494,0.09882556,-0.48326495,0.718476,0.13516147,-0.30739328,-0.30487406,0.27813646,-0.49100903,0.051900975,-0.18525541,0.31290665,0.12363673,0.3951092,-0.17883907,0.46572918,0.048706576,0.047202043,0.025498912
-0.64677876,-0.2657774,-0.6022148,1.0961623,-0.085096404,-0.05521773,-0.69678295,0.02542063,-0.29338014,-0.1658193,0.22623502,-0.14428863,-0.35722378,-0.33725557,-0.14561869,-0.024870152,-0.06712958,0.24901329,0.21911316,0.097312614,0.07865931,0.07465544
0.6358344,0.6398782,-0.019340465,0.07435671,-0.41004413,-0.3268239,0.30736187,0.0058190012,-0.0794553,-0.24956723,-0.034129944,0.22169554,0.0967877,-0.11316329,-0.078631565,0.053676814,0.2608179,0.072024524,-0.14934263,0.05177856,-0.0359161,0.14468434
-0.708585,0.58996385,-0.15375018,-0.14769271,0.28686905,0.021734921,-0.24609143,0.033911217,-0.019110676,-0.08996391,-0.0030866442,0.057223924,0.041087963,-0.06634969,-0.25580716,-0.24039112,-0.12033936,0.08110076,-0.0059343944,0.062036023,-0.0033920994,-0.055625875
-0.72238284,0.64194363,-0.20049956,-0.112746604,0.05443509,-0.11237501,-0.2793045,0.050497398,-0.07672416,-0.15566929,-0.030918296,-0.25010183,-0.06347429,0.056018576,-0.089010276,0.13229406,-0.11490362,-0.11561934,-0.2518041,0.15213403,-0.0067603476,0.006847495
-0.6017757,0.6000473,-0.10400847,-0.040890303,-0.03288647,-0.13860488,0.18947724,0.1604266,0.04400907,0.5165646,0.15367804,-0.14003904,-0.0944866,-0.06698255,-0.11242253,-0.18925342,-0.42775172,0.029980281,-0.07969684,-0.24111389,-0.04108722,0.083459094
-0.73439497,0.40127748,-0.16630144,0.15220475,0.12987362,-0.2864642,0.42136997,-0.004343672,-0.028238041,0.38020757,-0.46169034,0.550876,-0.2556213,0.4624603,0.3346456,-0.16050455,-0.1991377,0.3118919,0.3873329,0.0013688559,-0.26304585,-0.008942091
0.81094867,-0.5155449,-0.42095816,-0.3377896,-0.26146102,-0.7310051,0.006901469,0.26775926,-0.27517068,0.15600038,0.31612924,-0.09370745,0.054137696,-0.10437615,0.0583959,0.1917782,-0.20565951,-0.1758118,-0.2618335,0.093022026,0.020666068,0.30967832
0.6767097,-0.14571914,-0.29874203,-0.29029658,-0.7404065,0.048568103,-0.05188305,-0.16957198,-0.092433065,-0.398933,-0.0023179704,0.16106735,-0.88032526,-0.24090229,-0.2062342,-0.020296322,-0.1541413,-0.015561509,0.103512466,-0.029756324,0.0068193413,0.17778303
0.7653905,0.5262661,0.1716051,-0.12503374,0.4082936,0.08329593,-0.39227238,-0.12820405,-0.034229152,-0.15191564,-0.05554333,-0.030047566,0.019438036,0.01906417,-0.043753587,0.08409751,0.115526095,0.008445907,-0.10137887,0.046879593,0.008437072,-0.18672007
-0.6825922,0.08229134,-0.36588162,0.15088736,0.50389004,-0.612982,-0.51981103,-0.12344897,-0.18800114,-0.3403534,0.164185,-0.42532042,0.070689715,-0.10191983,-0.22265746,0.03512809,0.030846732,0.26359913,0.15527898,0.11850797,0.048801642,0.16892383
-0.733194,0.57237065,-0.2554716,0.071907096,-0.275485,-0.3067371,0.1312737,0.36108947,0.8085641,-0.09717517,0.3321807,0.014574385,-0.07592125,0.2468505,-0.07589701,0.1775364,-0.21476893,0.019927684,0.11884555,0.11436287,0.036553815,-0.12856561
-0.7043474,-0.25191295,-0.18218139,0.3139308,1.0091666,-0.07794844,0.4700091,0.15966575,-0.29669145,-0.3741831,0.22535624,-0.030051775,0.0851625,-0.16953932,0.19967937,0.2489809,-0.05115875,0.3775723,-0.11767018,0.05676681,0.07361364,-0.110031754
-0.6610597,0.6829413,-0.2805857,-0.005979884,-0.27485362,-0.23546828,0.13033962,0.3095542,-0.064190775,0.046944886,0.05423131,0.0034796419,0.086102605,-0.17152068,0.02344588,-0.22575088,0.473987,0.09326903,-0.14556691,0.12634335,0.025121734,-0.01969772
-0.6736961,-0.9610554,-0.36847416,-0.3307039,0.912266,0.2389408,0.3221601,-0.059469726,-0.3337174,-0.45657745,0.19066611,-0.017475192,-0.0057110507,-0.016994463,0.13570285,0.49700436,0.1103661,-0.1479699,0.26914525,-0.048619725,0.059179064,-0.06650129
-0.70544225,0.6740866,-0.24721795,-0.00738815,-0.26898706,-0.24326283,0.16956367,0.18655074,-0.058262687,0.08451333,0.04529146,-0.016820878,-0.0068864897,-0.07190555,-0.0068120295,0.15177597,0.09809914,0.17881055,-0.12966727,0.098806016,-0.0035670702,0.005485221
-0.7447631,0.4184214,-0.13362266,0.12885565,-0.02423285,-0.089425184,0.20554627,-0.075073205,0.88966984,-0.10846344,0.27990952,0.10406753,-0.09663701,0.29778084,0.34904113,0.15523997,-0.22202775,0.21730949,-0.22239043,-0.24183771,0.02351328,-0.13619854
0.9756334,-0.3409558,0.048317567,-0.4089129,-0.07212095,0.44059348,0.8436425,0.1457703,-0.12095587,0.04527957,0.17668256,-0.5817826,-0.18081953,0.1374433,0.09114123,-0.29246423,0.06323753,0.21418244,0.11342646,0.09058799,-0.021576017,0.2211655
0.8081262,0.5311103,0.109992206,-0.110846154,0.40003,0.097055025,-0.28715897,0.19603541,-0.050291598,0.005513455,-0.0044302084,0.31365585,0.1825039,-0.16782895,0.31795818,-0.10869559,0.64106476,-0.16538714,-0.24182813,0.07732133,-0.02442614,-0.027095394
-0.71528816,0.6088157,-0.18103983,0.05564405,-0.29301476,-0.212487,0.3765484,-0.09646617,0.004384566,0.07859056,0.047242526,-0.019479696,-0.008454629,-0.08412542,-0.29245815,-0.028943269,-0.016599499,0.2020414,0.0155719295,0.09852973,0.0024018602,0.0077531184
-0.6414341,0.26453367,-0.042564794,0.26458916,0.34051296,0.42033973,-0.06773956,-0.36906284,0.104904234,0.1664012,0.054274086,0.3810071,-0.788168,-0.4363536,0.08883154,-0.020411044,0.119029276,-0.013289054,-0.124371074,-0.1175832,0.012214492,-0.09995223
0.6586385,-0.026622163,-0.23320994,-0.5257466,-0.7160055,-0.14166777,0.38851994,-0.14271587,-0.10369854,-0.19807948,-0.0028136254,0.23079465,0.003870009,0.029254196,-0.25137922,0.048951987,-0.01816003,-0.000949776,-0.123895,0.053341642,0.013530987,-0.074093886
-0.55084014,0.094955385,-0.10863632,0.7365095,0.042404816,0.80547506,0.7550973,0.37488046,-0.22690798,0.27952805,0.14204274,-0.14943229,0.2936565,0.104716964,-0.28573224,0.02157339,0.017679103,0.15162937,-0.07530966,-0.031047598,-0.030846605,-0.04399994
-0.68414545,0.5370147,-0.15189496,0.099083036,-0.12759277,-0.12108226,0.29967308,-0.24542096,0.0687526,0.018401712,-0.2939928,-0.079997025,0.0034611213,0.028364036,-0.1964386,-0.16903846,0.22129516,0.25111535,-0.008909425,0.06426949,0.9220642,0.28020468
-0.7190611,-0.13372901,-0.20085607,0.26950046,0.70268035,-0.38017383,0.062236752,-0.5159081,-0.055596404,-0.011124609,0.18624324,0.23821013,0.14150351,-0.24289098,0.122387,0.087638624,-0.14097624,0.27088973,0.24457423,-0.17243646,0.023418358,0.20391674
0.6815585,0.52509105,0.04812366,-0.06070702,0.2804659,0.058473706,-0.14694892,-0.0046064216,-0.04980788,-0.36466113,-0.08385578,0.54915243,0.264379,-0.20598936,0.31664214,-0.32978234,0.61158526,0.1695908,-0.16616204,0.056720015,-0.015056203,0.012741738
0.59536695,0.6120768,0.030504188,0.041498557,-0.2920997,-0.27402756,0.31121397,-0.05153305,-0.062904224,-0.18417947,-0.04566339,0.34573123,0.03292639,-0.08428851,-0.033264372,0.27303284,0.043356057,0.003086328,-0.06520843,-0.34563702,-0.05953745,0.04631263
0.66174984,-0.2558329,-0.026867798,-0.41406387,-0.4600129,0.11702522,0.5492582,-1.0066473,0.05867532,-0.46546838,-0.052824978,0.06423293,0.06492479,0.03405356,-0.9799077,-0.7582422,0.09598045,-0.17749095,-0.120169565,0.075163856,0.042563926,-0.20784488
0.9348875,0.3896516,-0.008056562,0.569805,-0.3319317,0.30317798,-0.30196494,0.21040261,-0.13318187,0.45168585,0.091336526,-0.35343862,0.29557237,0.17648666,-0.05555434,0.04582798,-0.014935879,0.1275677,0.12381986,0.046546634,-0.033658653,0.016178599
-0.703543,0.01460577,-0.24962953,0.84093446,-0.08556959,0.6802598,0.67643714,0.5992504,0.57581097,-0.2433048,0.32602215,0.10394226,0.26616737,0.43118438,0.5749695,0.16580296,-0.34520128,0.07496726,0.13361439,0.023078816,-0.022501262,0.17979503
0.66397184,-0.1129652,-0.27125087,-0.50197977,-0.5497907,-0.11926412,0.031612314,0.10423516,0.7222064,-0.4722602,0.23091346,0.18866605,-0.06970197,0.41656584,0.1627253,0.26505587,-0.13085629,0.17498259,-0.15208301,0.09766224,0.044506975,-0.04929095
-0.6654313,-0.14587347,-0.32964644,-0.65512794,-0.054496124,0.27427828,0.023085503,-0.3559953,-0.011461582,-0.027783578,-0.0017633345,0.11230365,-0.034329858,0.06775985,-0.24492563,-0.068675116,-0.03203699,0.13429096,-0.01269122,0.065872684,0.017587123,-0.029860912
0.765682,-0.0022762574,-0.21115895,-0.738503,-0.18568654,0.07340554,-0.50996315,-0.04606788,-0.14242634,-0.4295916,-0.07679541,-0.2341338,-0.07034278,0.17712021,-0.055173848,0.07118779,0.17268907,0.018035514,0.2359991,0.10984972,0.014817953,0.0024349254
-0.6583743,-0.047815394,-0.38752887,-0.8159902,0.1244594,0.2613985,-0.5013812,-0.081557125,-0.07624364,-0.1650277,-0.041093815,-0.07717159,-0.10126889,0.15672757,-0.24701829,-0.06922283,-0.13272496,0.15907893,-0.0915124,-0.32990548,-0.05597774,0.2958429
-0.75285596,0.46734366,-0.039375,-0.09714285,0.4159462,0.1621041,-0.029054092,-0.2971219,0.032675415,-0.0037489356,-0.037966114,0.28313068,-0.0017277738,-0.05196389,-0.15407185,0.18962815,-0.13007115,-0.17617272,0.20673424,-0.17311768,-0.034460954,-0.06335154
-0.6026293,-0.8559373,-0.550276,0.42560315,-0.3516732,1.1830397,0.47094396,0.27632478,0.10443546,-0.16340128,-0.5886234,-0.08142475,-0.39955264,-0.5728279,0.3191378,-0.10129664,-0.45414338,0.47637576,0.058107603,0.061329644,-0.13270405,-0.011670901
0.5611261,-0.32592994,1.1779063,0.1816038,0.052398454,-0.89394283,-0.4318731,0.4087882,-0.26940203,0.15448718,0.26289538,-0.12094136,0.1050409,-0.19919087,-0.11435623,0.2678291,-0.1321461,-0.041882478,-0.24419877,-0.289215,0.011538508,0.06251984
0.6762555,-0.1964319,-0.16854738,-0.49902183,-0.25295842,0.25623378,0.65613675,0.31811327,-0.29211706,-0.686515,-0.007165911,-0.15087675,-0.11027251,0.14994779,0.071469665,0.02034776,-0.12450134,0.2609798,-0.029030355,0.053510237,0.042258102,-0.17513466
-0.66331685,0.012687177,-0.46139392,-0.71938044,-0.27714482,0.0632466,-0.11357772,0.15894766,-0.10594297,0.052610565,0.03203499,0.04122833,-0.07897027,0.069986984,-0.09776699,0.095244855,0.033550113,0.043843735,-0.23631859,-0.25976527,-0.021995632,0.06132035
-0.55638725,-1.0592798,-0.83036935,0.5592794,-0.24146588,0.15896702,-0.4230316,0.6004887,0.5353854,0.30318022,0.6730651,0.56435865,-0.31194606,-0.14513664,-0.044354387,-0.004328454,-0.20642604,-0.32073,-0.12067513,0.08977254,0.10267861,-0.055109706
-0.5826319,-0.91088563,-0.6577541,-0.34027493,0.41701615,-0.2919309,-0.4401403,0.13721229,1.0534171,-0.37294513,-0.18478538,-0.17982885,0.32209668,-0.35327366,-0.06179602,-0.29180136,0.30314723,0.23752491,0.12120574,0.06880721,-0.075433694,0.03492242
0.9559811,-0.49014938,-0.03448939,0.49181697,1.0450703,-0.48992172,0.68768454,1.0584205,0.05140291,0.5054665,-1.0504336,0.04342685,0.06902727,-0.18512757,0.13791768,-0.26663527,0.3475413,-0.044260886,0.10711621,-0.10960968,0.50196064,0.08612665
-0.68988115,0.6703955,-0.24359933,-0.061568562,-0.124900065,-0.17954537,-0.08138895,0.15477285,-0.059132285,-0.075862646,0.009850218,-0.14514646,-0.008885834,-0.050525486,-0.018577537,0.012144052,0.17721842,0.100756854,0.17122257,0.12060611,-0.005443055,0.07672012
0.8025236,0.33460897,-0.026644198,0.55543286,-0.1337744,0.44946554,-0.58530563,-0.14142907,-0.19707422,-0.11185339,-0.109062344,-0.2742712,0.31710735,0.3056239,0.28530565,0.4437945,0.28011933,0.22826314,-0.39314377,0.06368116,-0.02697677,-0.0026249618
0.7987114,0.28291005,-0.012571827,0.73062694,-0.4835745,0.33546343,0.078574784,-0.25624728,-0.099713184,0.116464764,-0.0074480358,-0.059141997,0.387522,0.14034632,0.23781075,-0.009050713,0.2346855,0.23143113,-0.12715408,0.019901473,-0.03138759,0.01352386
-0.72487074,0.5298471,-0.09343431,-0.14288548,0.40628546,0.10304508,-0.34255457,-0.21797106,0.011477634,-0.19507605,-0.05493353,-0.09171552,-0.03549023,0.026214806,-0.10345468,-0.26329148,-0.17403063,0.026024373,-0.16375497,-0.33335423,-0.03251902,0.0092522735
-0.9997825,-0.29562196,1.1522038,0.727067,-0.4698639,0.48717192,0.02721474,-0.72184646,-0.08046072,0.0056418306,-0.13111407,0.17669718,0.32585028,0.20017983,-0.019598035,0.4095889,0.0049252873,0.14717984,-0.13203421,-0.42960525,-0.05448996,-0.03741473
0.9196709,-0.7746381,-0.2771665,-0.29053846,0.31159,-0.39492488,-0.07850035,0.26402473,0.70178646,0.1643555,0.6334818,0.30790484,0.19026063,0.03758928,-0.18549114,-0.29341152,0.09040304,0.1572337,-0.08185793,0.07646796,0.09984411,-0.011263427
0.9759674,0.028496867,0.080428846,1.193341,-0.71505123,0.591172,0.43293747,-0.54359156,0.028712567,0.5594057,0.120943055,0.022829218,-0.44421455,-0.28820685,0.023104645,0.071796924,0.6821363,0.29871804,0.0061297347,0.08348831,0.01966609,0.08235578
-0.6888279,0.49751416,-0.096137926,-0.12452891,0.48267677,0.19555849,-0.13686962,-0.10244691,0.03208523,-0.004035792,-0.017731994,0.37932488,0.10880547,-0.14727554,0.081219606,-0.17755176,0.078363694,0.30618978,0.30313382,0.0015998487,-0.0146024665,0.083447285
0.7134407,-0.40858787,-0.4548449,1.3267792,-0.30761832,-0.17624204,-0.26500252,0.44620445,0.52638835,-0.3176678,0.508881,0.74876624,-0.123053364,-0.3026152,0.57204205,0.017491145,0.5883726,0.076476544,-0.068939164,-0.049226407,0.100709416,-0.11746641
0.8887113,-0.06543228,-0.10381965,-0.74646044,0.019927079,0.19411916,-0.1546741,0.2690387,-0.07836091,0.36873496,0.10382848,0.2791015,0.021593947,-0.015943918,-0.12337057,0.10375118,0.062013537,-0.018505922,-0.07550011,0.06758572,-0.012987912,-0.023313632
-0.6347217,0.23851468,-0.34274215,0.86943257,-0.512976,0.49458763,-0.32797113,0.009894147,-0.12047257,0.17347196,0.070966385,-0.09524451,-0.541043,-0.16998011,-0.3329521,0.14152205,-0.1362184,-0.3199889,0.19802852,0.10231486,0.011666302,-0.14066659
0.93647283,-0.31951094,0.12948148,-0.62461275,0.32345623,0.4873399,-0.037626706,-0.5509439,0.085199356,0.3556046,0.072113864,-0.012624729,-0.04943236,0.10412714,0.070235424,-0.21538818,-0.14433657,-0.058564644,-0.19657125,0.12895131,0.008350821,-0.07614283
0.94412273,0.38306922,0.22164842,0.056464937,0.44255045,0.29185653,0.30517268,0.5900489,-0.204736,-0.10580258,0.10713583,-0.6694254,-0.0852283,0.05979504,0.29456317,-0.0618504,0.52849585,-0.14345871,-0.61009866,0.10680023,-0.03468744,0.050204232
0.76559794,-0.7735017,-0.52300143,-0.20706609,-0.32887027,-0.77897334,0.089796625,0.46569937,0.9703647,-0.20312557,-0.105587594,-0.09422409,0.27086094,-0.36693347,-0.16395287,0.060427975,-0.10551841,0.029863993,-0.09517402,0.047283415,-0.060999207,-0.2189923
-0.6983063,0.49519205,-0.43716046,0.5448168,-0.58500004,0.18177447,-0.21837321,0.41077682,-0.24327716,0.15005815,0.001972165,-0.027018832,0.31360787,0.13591671,0.15470847,0.5460974,0.12229047,-0.19612461,0.20031531,0.03899584,-0.029949622,-0.045192327
-0.71136564,0.62562686,-0.18449049,-0.15270102,0.22271445,-0.011442255,-0.15265648,0.22858058,-0.06537557,0.08116153,-0.0008518348,0.28403506,0.0374155,-0.0951399,-0.090490885,0.29135397,0.060127437,0.08072967,-0.04542015,-0.059931193,-0.0444031,0.12986393
-0.75442284,-0.6605502,0.60631394,-0.012699045,-1.0242575,0.40731564,-0.46809652,0.44403386,-0.27808553,0.1634768,0.038230468,-0.06485248,0.44046324,0.12515374,0.49024928,-0.2154951,0.8195863,0.020407671,-0.06228022,0.078894906,0.02122192,-0.084163934
0.7831128,0.15715943,0.050758705,0.6865478,0.01147998,0.68807024,0.23189604,0.3220464,-0.3342514,-0.36786166,-0.011427212,-0.46512547,0.23935401,0.30088523,0.11041619,0.11687215,-0.10206033,0.17393059,-0.21814801,0.023892954,-0.0008349703,-0.21696308
-0.6619134,-1.2004228,-0.6759812,0.6615782,-0.21723504,-0.022747999,0.89896274,0.15360516,-0.5360042,-0.011206257,-0.22695063,-0.10643769,0.02916075,0.73360735,-0.033799883,0.19707882,0.1080661,-0.15660664,0.18736905,0.054540325,-0.2172863,0.0012540969
-0.64458525,-1.4481786,-0.49875203,0.6763799,0.5342282,0.9833789,0.23030595,-0.3123469,-0.38462758,-0.32168546,0.21700259,0.31406474,-0.38994312,-0.2181412,0.22515932,0.36581838,0.060289152,-0.14407684,-0.3190006,0.0947664,0.09304134,-0.22028165
0.76675236,0.25853658,0.017461767,0.74468535,-0.50721806,0.32422975,0.13615456,-0.38959917,-0.07790208,0.119814105,-0.01709391,-0.11001602,0.30676544,0.19768463,0.34401146,0.13307913,-0.15818596,0.16236363,0.22984892,0.039529387,-0.03455792,0.072752565
-0.6081481,0.032600142,-0.18644063,0.96140045,-0.17215516,0.8280187,-0.14540544,-0.57016206,-0.020855572,0.19189179,-0.004592494,0.19076237,-0.4762522,-0.1809321,-0.026232528,0.29824966,0.19915956,0.16524075,0.022679249,0.06135009,-0.008822842,0.11805364
0.89789456,0.46161515,0.29244274,-0.04781247,0.37345356,0.11482552,-0.2418468,-0.3433965,0.06257646,0.17447323,0.017701723,-0.41823012,-0.10914748,0.07993999,-0.094413936,0.03868349,0.17527789,-0.022549542,0.0352158,-0.2537089,-0.050324425,0.07884777
-0.974449,0.1762339,1.0716951,-0.051520437,-0.3025282,-0.22059897,-0.3392365,0.050292872,-0.11559245,-0.2152537,-0.0692249,-0.17026103,-0.01992304,0.037441734,0.17901212,0.18489037,-0.04741049,0.07911843,-0.1495927,0.17308079,0.014566831,-0.012571225
0.6904897,-0.03132453,-0.24303679,-0.5695563,-0.56199574,-0.056321308,0.131602,-0.11434967,-0.12162773,-0.34426194,-0.039592754,0.15054876,0.046411656,0.023390485,-0.14238371,-0.075206295,0.36543936,-0.07361202,-0.17819318,0.06353174,0.026846956,-0.13336286
-0.5701486,-0.2800214,-0.40057746,-0.60778224,-0.11623143,0.19625005,0.17133978,0.035012357,0.39608327,0.37161267,-0.9001246,-0.07555946,0.119308546,-0.37970784,-0.300866,0.10089669,0.0007225177,0.051167622,-0.106840216,-0.00015240657,0.73030716,0.2290181
0.38298106,-0.75274235,1.3162134,0.63463223,0.058373675,-0.95853454,0.5224816,-0.68131375,-0.16721933,0.024952494,-0.35226184,0.50695217,-0.079483375,0.34900603,-0.13936865,-0.014695512,-0.12458981,0.15862988,0.05765093,0.04786927,-0.17927568,-0.21788095
0.86352664,-0.3091985,0.117841266,-0.64812195,0.35084578,0.51344573,-0.03910002,-0.61237675,0.03925533,0.18630014,-0.0065802033,0.22924551,-0.016683206,0.08975016,-0.29569724,0.22920232,0.20394972,-0.16066453,-0.10719801,-0.020875664,-0.027145475,0.004940112
0.81248087,0.4919552,0.24455915,-0.15276909,0.5531734,0.1486446,-0.40289745,-0.1485409,0.00914643,0.08205461,-0.012379973,-0.06115659,-0.045711864,0.04948721,-0.03462849,0.14386229,-0.22036244,0.03404624,0.0321116,-0.04785587,-0.03086751,-0.008456845
0.8294734,0.0708971,-0.080567114,0.261804,0.22188312,-0.78905714,-0.124002896,0.12819363,-0.1768125,0.14914897,0.30176938,-0.33762145,0.06494761,-0.181687,0.06739014,0.13872293,-0.0252264,-0.16148694,0.07265949,0.067932494,0.058355127,-0.09478837
-0.6482997,0.4282155,-0.0042087203,-0.10566763,0.58884054,0.27609792,-0.22098872,-0.32421514,0.06427865,0.049488384,-0.013909044,0.05052498,0.008614118,-0.027018236,0.20647146,-0.08199288,-0.057181172,0.059076,0.15672971,0.1365661,0.030797096,-0.22482389
0.8852845,0.3152091,0.034160383,0.42108303,0.25974804,0.6119909,-0.7604004,0.11805581,-0.15497823,0.1385145,-0.031801406,0.00081642164,0.41744122,0.14772737,-0.08931837,0.020273931,0.2857289,0.07882097,-0.016202912,-0.11872803,-0.05609231,0.036555924
0.33911312,0.056890026,1.4060016,-0.095383964,0.057236113,-0.07529682,-0.40734687,-0.22594704,-0.09310997,-0.5427582,-0.16241798,0.35593754,0.13525355,-0.036003087,-0.28120512,-0.18311083,-0.30560145,-0.15824813,-0.1744994,-0.030382782,-0.041079395,0.11654563
0.7672759,0.5465252,0.15705182,0.0093198605,0.004364082,-0.09696585,-0.012761693,-0.29427218,0.003451982,-0.12443609,-0.016481232,-0.22822686,-0.015249424,0.023133501,-0.3777387,-0.07450119,0.07558406,0.16779548,-0.04792961,0.09281909,-0.0050472277,-0.0149514945
-0.6633387,0.44891176,-0.027028292,-0.015268062,0.263827,0.12141152,0.053252734,-0.35512367,0.06751639,0.102328666,0.008523025,-0.054646604,-0.042242337,-0.029263796,0.14195187,0.011994662,-0.043490082,-0.20575929,0.315742,0.08521455,0.0008622276,-0.060845196
0.82211477,0.46678925,0.2342313,-0.07991972,0.4361365,0.13114232,-0.12959468,-0.09673573,0.022545299,0.22675179,0.028270993,0.14823559,0.027149234,-0.0510456,0.1814459,0.117925555,-0.051749025,-0.014278282,0.021772223,0.099220514,-0.005317491,-0.10240009
-0.6815717,0.6250592,-0.19491816,-0.16243947,0.28093532,0.031599972,-0.17406785,0.29227203,-0.06976098,0.08557207,0.00410809,0.385386,0.11583433,-0.16057135,-0.14768998,0.18477176,0.29034877,0.18405032,-0.042933855,0.09781766,-0.025433123,0.12304241
0.7431511,0.23517531,-0.15591991,0.83451355,-0.36922684,0.51289415,-0.78799814,-0.07478189,-0.18048319,-0.4030571,-0.07621391,-0.14035186,-0.4733739,-0.09003834,0.20199539,-0.12150866,0.040991537,-0.07300262,-0.09428271,-0.04428771,-0.012237996,0.0607127
0.5556626,0.048153292,1.5043496,-0.08790755,0.10925344,-0.028571317,-0.45341593,-0.15581389,-0.0132208215,-0.035833642,-0.024451023,-0.122832455,-0.010336674,0.029822176,0.014120402,-0.1156132,-0.3552551,0.19552219,0.32076475,0.07684035,0.016031893,-0.14964165
-0.64498687,0.56263363,-0.11386992,0.024130208,-0.077293016,-0.088950425,0.17276374,-0.14178464,0.00880639,0.1554734,0.048514735,-0.20803012,-0.034410726,-0.0253305,-0.2559845,0.038092963,0.17736162,-0.040045433,-0.30876568,0.12274685,0.003084181,-0.07204909
0.85870886,0.4146886,0.32173216,0.049448963,0.20961015,0.06091068,0.113328695,-0.4641351,0.08831938,0.36060098,0.04402516,-0.3109018,-0.15663598,0.10173156,0.17729168,0.23608077,-0.20991467,-0.059635237,-0.23327678,-0.23611318,-0.05817251,0.132484
0.71815324,0.0774151,0.09605203,0.51123554,0.6547289,0.9970594,-0.075181976,0.37401515,-0.33319053,-0.49554315,-0.07404227,0.22013104,0.42447722,0.1659017,-0.049396046,-0.029315712,-0.22345844,0.095849186,-0.0013328706,0.056265134,-0.047608692,-0.019475585
0.5694873,0.44988984,0.17408092,0.07970748,-0.03796648,-0.067134164,0.23296562,-0.6559945,0.021972848,-0.439042,-0.123517945,0.1285411,-0.019173872,0.015512652,-0.079970695,0.10656646,-0.027112406,-0.32446086,0.18324463,-0.3177114,-0.033476748,-0.13534066
-0.9258508,-0.8343742,1.2538574,0.45450312,0.66743946,-0.1199636,0.5356989,-0.40865678,-0.2374674,-0.46038255,0.17864347,-0.38201806,0.009361987,-0.0843592,-0.2648635,0.23166901,-0.034005094,0.01704945,0.2854813,0.036355127,0.04009395,0.06244902
-0.93805546,-0.5247769,0.86038333,-0.54539233,-0.80032825,-0.08174553,0.095039316,-0.18658039,-0.0783181,-0.06713674,0.00636593,-0.05408435,-0.06750547,0.07620091,0.084894866,-0.069441915,-0.2198806,0.052985895,0.21317968,0.1524405,0.0385867,-0.033848274
0.7435102,0.1862604,-0.12404775,0.82761633,-0.2378362,0.59361094,-0.5588598,0.015769714,-0.1271521,-0.18748833,-0.008239507,0.33999416,-0.34308314,-0.26880696,0.10173956,-0.41728234,-0.11286432,-0.0070996783,0.18709162,0.022511812,-0.0085337125,0.020674065
0.7713061,0.5845677,0.10940645,-0.091999285,0.17012088,-0.060426045,-0.42836273,-0.080928005,-0.05558953,-0.258638,-0.051540237,-0.3519777,-0.03696266,0.0749984,0.056096897,0.0044799903,0.14670852,-0.09566829,-0.026947247,0.11474075,0.0033029383,-0.11235739
0.8332652,0.43358397,0.27059558,-0.14917609,0.70688456,0.24694104,-0.3392772,-0.1508826,0.05284015,0.13439879,0.021434357,0.16066492,0.08357665,-0.065861434,-0.09275036,-0.35456753,-0.14840455,0.026259268,-0.15034531,0.0014651278,-0.039940964,0.042621955
0.82810473,-0.09483583,-0.096373096,-0.7564642,0.115298875,0.2531357,-0.25483868,0.010791751,-0.06550533,0.060102493,0.023769133,0.2801044,0.038786635,0.024976095,-0.27536917,-0.07868864,-0.074170515,0.23131992,0.012886774,0.08942073,-0.007823072,0.084343866
-0.72739506,0.59611493,-0.15819442,-0.1277199,0.1961426,-0.016467292,-0.065304734,0.09617414,-0.014809004,0.061665095,0.014004517,0.2419336,0.0056747734,-0.095374204,-0.03902238,0.09358236,-0.22433822,0.09922012,0.41225263,-0.065788575,-0.027560078,0.047584675
0.84488946,0.6094532,0.10156703,-0.09250397,0.123843014,-0.09355314,0.0057260096,0.44648582,-0.014908064,0.40970486,0.120773405,0.30231124,0.0806517,-0.21186025,0.14100441,-0.07021582,0.31643784,-0.08287962,0.20460197,-0.40036044,-0.08026087,0.07738972
-0.9181307,-1.0010518,0.61215216,-0.26586267,-0.61417955,-0.7646405,0.09080698,0.09870271,-0.2777614,0.029587327,0.27293882,0.018102484,0.122073546,-0.17689706,-0.123649225,0.07632948,0.049590018,-0.0909318,-0.16308357,0.10831356,0.08540512,0.008240691
0.79134697,-0.16484742,-0.05068817,-0.6926688,0.10523742,0.29627183,-0.2898992,-0.26373896,-0.07581469,-0.05692925,-0.03856736,0.02245428,-0.06747564,0.17778052,0.24503705,0.27153775,-0.005131654,-0.11961518,-0.51033795,0.06000577,0.039862946,-0.32512257
-0.77045006,-0.6769062,0.94581527,-0.5109987,-0.44343558,0.09280826,-0.024342705,0.15804881,0.8144983,0.2205184,0.36552876,0.14662008,-0.040899966,0.30225343,-0.06899822,0.13881892,0.20902163,0.17266673,0.071677886,0.09554852,0.025664955,0.085209966
0.6725819,0.46933413,-0.21910885,0.62517864,-0.69166064,0.104301475,-0.06488077,0.24917378,-0.22731376,-0.16385537,-0.037548125,0.23416653,0.48421443,0.053703196,-0.0251271,-0.093648985,0.13379328,0.27988118,-0.09618081,-0.009143049,-0.04548247,0.09863827
0.65716434,-0.10425098,-0.18576905,-0.49779323,-0.58102125,-0.02549365,0.31146473,-0.40316287,-0.079796396,-0.27957913,-0.06077788,0.14017564,-0.045230955,0.12370026,0.23974304,0.20887329,-0.0857598,0.12035682,-0.23831326,0.09346304,-0.006694638,0.13158685
-0.7116265,0.556392,-0.13120735,-0.1464557,0.36260486,0.07952405,-0.22215901,-0.0056335023,-0.0066165454,-0.051839706,-0.013122233,0.16890003,0.045124386,-0.07918687,-0.09333151,-0.15058614,-0.08973322,0.058520976,0.07500771,-0.042215645,-0.025456244,0.04461579
-0.6617569,-0.33659863,-0.31074464,-0.32784694,-0.3741956,0.3739643,1.2008147,0.022061903,-0.1573589,-0.2694591,0.088083915,-0.2416766,-0.14138508,0.05560091,0.3058564,-0.015954895,0.31133217,-0.26773557,0.36015725,0.083652705,0.006458002,0.038267516
-0.47978783,-0.022877729,-0.35174242,-0.6874659,-0.27798444,0.07198662,0.04928878,0.33516333,-0.046106856,0.7454173,0.19693239,-0.21248828,-0.19239672,0.076003574,0.09192343,0.24007049,-0.12496388,-0.29900113,-0.2359065,-0.2251985,-0.03665178,0.089252174
-0.72435504,0.53287685,-0.113192536,0.007170403,-0.00033820365,-0.05048023,0.05090959,-0.3696325,0.028016783,-0.17822744,-0.021487711,-0.24081561,-0.043544553,0.013655451,-0.24014273,-0.16839464,-0.04403095,-0.055445552,0.12418591,0.12585029,0.014013744,-0.105675384
-0.6406673,0.13340351,-0.27855852,0.93754965,-0.42114797,0.6157457,-0.1466428,-0.17915247,-0.06014299,0.25911334,0.062433954,0.0919743,-0.52971566,-0.20892334,0.23705198,0.06915191,-0.0184303,-0.2774321,-2.8691713e-05,-0.2742779,0.022920888,-0.31322417
0.7405021,-0.08572195,-0.13343535,-0.7547696,0.06522448,0.21875599,-0.2410835,-0.00979753,-0.09813508,-0.11128607,-0.020601066,0.3983952,0.052196912,0.034468025,-0.21440032,0.024752218,-0.12013191,0.10804994,-0.12626381,0.069925435,0.0045493,-0.07867811
-0.71448034,-0.11630623,-0.289296,0.23222266,0.83114976,-0.28241962,0.36409736,0.6391106,-0.3599046,-0.32398036,0.2837402,-0.066767365,0.08104593,-0.23024988,-0.068307884,0.07023769,-0.17849223,-0.08714932,0.05842286,-0.1101458,0.020448012,0.049712755
-0.92411554,-0.47894555,0.8252725,-0.52625513,-0.9332128,-0.15800464,0.25746447,-0.031583555,-0.08869627,0.057876315,0.051891547,0.07809896,-0.013528924,0.0038268876,-0.15251595,-0.106906235,-0.074664146,0.24657081,0.023105178,0.1161075,0.034023516,-0.04127765
0.40350625,-0.45931852,0.9721896,0.52652663,-0.21077614,-0.76747966,-0.6828446,0.2661075,-0.33345556,-0.6185699,0.14820904,0.1718291,-0.55098826,-0.5773032,0.1968333,-0.03473705,0.23721081,-0.24270481,-0.5750904,0.14364527,0.1092254,-0.13049693
0.8918821,0.36229962,0.26091343,0.00057262316,0.4895204,0.12165895,-0.36745572,-0.025469573,0.8956709,0.052530322,0.30107957,-0.20401742,-0.114243686,0.37321895,0.14298065,0.28755578,-0.022706928,0.0064709177,0.18761526,0.08488284,0.013287518,-0.05740895
-0.6984438,0.65850365,-0.23460844,-0.05644957,-0.13876878,-0.19304958,-0.048431095,0.10874975,-0.025809672,-0.09917798,0.028359177,-0.18021634,-0.016318932,-0.06668543,-0.038828846,-0.23817594,-0.02498599,0.04752514,0.5001023,0.11852777,0.00036972013,0.043733887
-0.9726128,-0.0724817,1.1038494,0.33857888,-0.39874858,0.04643638,-0.054295447,-0.1678103,-0.005769395,-0.023247125,0.00046904286,0.38156837,-0.79510576,-0.42654672,0.23639649,0.08358164,-0.007204223,0.18273184,-0.21560864,-0.2961679,0.0036987492,0.07193188
0.8833541,0.195488,-0.011971332,0.7878059,-0.4354377,0.3038669,-0.04776708,0.08200621,0.766873,0.07438749,0.32514477,-0.123742655,0.37461883,0.38794634,-0.06652327,-0.19081444,0.38151467,-0.065307334,0.1500008,0.060139693,0.006493493,-0.022670036
0.94543695,0.0040854495,-0.15109096,-0.630044,-0.48684892,-0.07520125,0.05841162,0.33724445,-0.0726211,0.51544166,0.18145475,-0.26668915,-0.13144706,0.062093936,0.10469423,0.10052041,-0.022899615,-0.2543012,0.14538431,0.098053016,-0.00400658,-0.012923204
0.85667616,0.43630186,0.3040271,0.13149647,-0.085160285,-0.0790108,0.4183676,-0.49552277,0.1074305,0.38558197,0.10214867,-0.36511993,-0.11718938,0.032120973,-0.36076212,0.047751877,-0.15450968,-0.26339555,0.09537434,0.099972546,-0.030988181,0.011900187
0.7017395,0.34550697,0.0745581,-0.009094815,0.16978225,-0.0019714385,-0.020896351,-0.14149113,0.3685523,-0.17006613,-0.7389485,-0.030406429,0.208602,-0.516669,0.31681243,0.09098652,-0.1983014,0.17588273,0.068555176,0.0446716,-0.19853067,0.017313983
0.8634921,-0.37457147,-0.18954511,0.9782827,0.35753348,-0.3937068,-0.5545007,-0.07738653,-0.32619065,0.17404164,-0.28308672,-0.3246646,0.18694426,0.6692913,-0.08044561,-0.5808995,-0.12871322,-0.051528636,-0.17376201,0.13409774,-0.21858539,-0.023511708
0.85885304,-0.14650895,-0.20749365,0.80060524,0.09436727,-0.25481042,-0.58791816,0.07702114,-0.31336072,0.12841387,0.23460169,-0.41703412,0.40780583,0.07884845,-0.25302655,0.23615839,-0.16013366,0.14152104,0.02799758,0.019089093,0.019767713,0.04707712
0.7316065,0.5016011,0.018926669,0.021392971,0.08995861,-0.14135237,-0.28481874,0.27209896,0.81518304,-0.46703136,0.24569514,0.10860789,0.07974353,0.19914305,0.08027177,-0.40604722,0.39987308,0.038886916,-0.043457665,-0.2890059,-0.03347724,0.11633913
-0.71396136,0.6516166,-0.2164406,-0.10112529,0.00523114,-0.12522794,-0.12018549,0.19602457,-0.05768826,-0.01076223,0.0046662265,0.0021040984,-0.02585082,-0.056403026,0.06753068,0.10816195,0.13928851,-0.058586016,0.024560438,-0.27074876,-0.039136864,0.030039987
0.90689826,-1.0254211,-0.33179244,-0.11170119,0.18184699,-0.285538,0.65112543,0.8860017,0.8505791,-0.12682593,-0.022928841,-0.41866425,0.08882995,-0.26976076,0.3157066,0.478074,0.08978846,0.16378869,-0.050683558,-0.34780946,-0.1219036,-0.035815984
-0.6755622,0.58745724,-0.19275662,-0.124708325,0.2796477,0.048238344,-0.10103852,0.27030307,-0.03966548,0.08994849,0.030340455,0.40846953,0.17050289,-0.20885259,0.02824335,-0.1736784,0.36069804,0.0537462,-0.23631932,0.09210865,-0.030491859,0.08395706
0.77033645,-0.6180079,-0.3566379,-0.31344056,-0.046003316,-0.537806,-0.12273807,-0.2573712,-0.21990378,-0.31154472,0.20105314,-0.1471872,0.11710934,-0.08371122,-0.18968439,-0.09729456,0.24572957,0.014101595,-0.02825225,0.058908295,0.057111196,0.09348988
0.693384,0.65471387,0.017753765,0.03654684,-0.33977774,-0.31640318,0.2398543,0.08450838,-0.060451206,-0.04933483,0.020917865,0.08740543,0.031329434,-0.07181064,-0.08485188,0.05307457,-0.031807877,0.3029407,-0.12022074,0.05659631,0.009202113,-0.107053325
0.892004,-0.14853205,-0.031908154,-0.79191244,0.3363142,0.37969062,-0.47441584,-0.031887688,-0.031032192,0.120124236,0.029563406,0.08918312,-0.019957166,0.06823419,0.06425314,-0.10227469,0.10648492,-0.060569387,0.17443712,-0.17613281,-0.037804883,0.05610632
0.7240855,0.51932263,0.08254385,-0.004756298,0.06770952,-0.1894233,0.03691489,0.5077199,0.7962822,0.09619602,0.35020208,0.45104498,0.021397028,0.17345814,-0.278827,0.28580883,-0.2182055,-0.09753962,-0.22667937,-0.11298035,0.010616875,-0.28481013
-0.52097636,-0.94301534,-0.82420295,0.4635322,-0.23224631,0.2119592,-0.5824734,0.3068263,-0.32724085,0.28637642,0.34988457,0.21488914,-0.305376,-0.37932563,-0.029493988,-0.17108555,0.082541876,-0.10664492,-0.19047642,0.043651212,0.07215109,0.08543762
0.7693178,-0.46323255,-0.23284248,-0.026912238,-0.08179055,0.943964,0.09875106,0.45104724,-0.42333928,-0.4292844,-0.027381422,-0.020096302,0.285158,0.334688,-0.15353903,0.17042409,-0.11080334,0.18969734,-0.26211068,-0.05159107,-0.007980161,-0.13049279
0.87163275,0.32203874,0.018578073,0.4623487,0.10717393,0.51905406,-0.5272467,0.18699197,-0.12127521,0.25652376,0.035575382,0.08354635,0.44083506,0.07783263,-0.13555568,-0.3061083,0.012553673,0.03136621,0.0715387,-0.13551687,-0.06542611,0.044339396
-0.77730465,0.40107024,0.00026259953,0.21455628,-0.24574958,-0.05533882,0.86293036,-0.7909915,0.13666251,0.17896062,0.009004484,0.1375135,-0.1024977,-0.032902177,-0.060717497,0.25464305,-0.25202343,0.09903706,0.15507755,-0.2900841,-0.054750647,0.14762507
-0.6470274,0.46885535,-0.057129603,0.08454391,0.0039092656,0.01712064,0.34462288,-0.3561514,0.0989139,0.2106004,0.053898722,-0.055921707,-0.03439715,-0.06697139,0.27167684,-0.1528922,0.19401377,0.19908252,-0.026867507,-0.28242564,-0.025485896,-0.036885925
-0.6635233,-0.8122539,-0.4226042,-0.3266172,0.46480763,-0.12740771,-0.04006053,-0.71810603,-0.11470696,-0.12948573,0.16869228,0.10251078,0.10012207,-0.080130294,-0.12338473,0.18171915,0.31185555,-0.057785746,-0.11334303,-0.081982344,0.046747435,0.032435574
-0.656668,-0.22496468,-0.622287,-0.088438995,-0.6494454,0.5016022,-0.1348972,0.30291212,-0.222384,0.29008827,0.0569311,0.29884467,0.32935593,0.16340631,0.08160233,0.18218046,-0.19505982,-0.104592346,0.24282533,-0.023308326,-0.0103778355,-0.0932044
-0.71148044,0.6797896,-0.22963034,-0.10474127,-0.054297898,-0.170551,0.03326144,0.32271945,-0.045264453,0.1347185,0.047190774,0.20417668,0.0040915757,-0.13696273,-0.11006534,0.048821922,0.03884223,0.122352935,0.2158473,-0.40064883,-0.060162283,0.15119308
0.6847784,0.6718785,-0.0012326587,-0.08433338,-0.09793236,-0.24064454,0.0079446575,0.38596538,-0.10352695,0.0077030826,0.019496977,0.35871604,0.07781117,-0.14107718,0.028677234,0.21884012,0.011417481,-0.13475382,0.14048688,-0.00945232,-0.042466752,0.03435523
0.9752539,-0.42790273,-0.27484882,0.21325937,-0.635975,0.17477562,0.12885839,0.2563248,-0.20536628,0.86702526,-0.65925056,0.021192303,0.005919655,0.9163853,-0.41240647,-0.19166693,0.17448048,-0.21216166,-0.36628652,0.058683667,0.6606693,0.051705867
0.66893893,0.4076969,-0.14382938,0.56501895,-0.38971478,0.27083978,-0.40231928,-0.044481836,-0.21883824,-0.40348965,-0.12656282,0.017027631,0.4286386,0.1781121,-0.10605458,-0.062429592,0.04318491,0.2693623,-0.09650868,0.042540327,-0.014994845,0.015572472
0.7033593,0.5071786,0.11105955,0.017582253,0.06892346,-0.042796843,-0.18048458,-0.39062184,0.0050148447,-0.4390788,-0.086002514,-0.23396944,-0.0052352115,0.050551426,0.50022674,-0.22229083,0.101208456,0.09127224,0.24556394,0.10007934,0.011258935,-0.10221604
0.9636902,-0.72768456,-0.074173585,1.3791078,0.44411477,0.4135876,-0.11778237,0.30803254,0.4683544,-0.37040466,0.58210856,-0.6056219,-0.50134337,0.09839273,-0.14320147,0.08534226,0.17380473,-0.055879403,-0.3105608,0.10449508,0.087512955,0.011803415
-0.65677834,-0.23602986,-0.3039053,-0.54595083,-0.09165869,0.3393942,0.22538915,-0.53600097,0.03745294,-0.006076642,0.002269918,0.16338901,0.0022468031,0.03483879,0.38162675,-0.17692867,0.25491887,0.097816326,-0.15462083,0.052449018,0.036361597,-0.18447615
-0.7060394,0.5477854,-0.12844482,-0.14959,0.41732362,0.1287114,-0.23522173,0.010303627,-0.032704942,-0.013810842,-0.034455642,0.27234143,0.058458928,-0.072550304,0.04341626,0.19794264,0.062178288,0.11780254,-0.026808035,0.11601663,-0.014722231,0.03589335
0.75371754,0.5886613,0.09293792,-0.040258523,-0.006229923,-0.16224301,-0.030840803,0.13358381,-0.033520952,0.05803895,0.033708658,0.002658344,0.013453815,-0.069316305,0.120769165,-0.22539587,-0.056961607,-0.2472411,-0.28619805,-0.258322,-0.038485833,0.024183484
-0.673765,-0.1308921,-0.36772686,-0.6642484,-0.055184703,0.26896176,0.10393211,-0.08755272,-0.05317572,0.18925942,0.022962509,0.4203687,-0.008420772,0.019918954,0.31282863,0.31114528,-0.06309716,0.1193708,-0.19799034,0.1152833,0.019213574,-0.055016074
-0.6602929,0.29956436,-0.4361904,0.90626687,-0.70946264,0.39812273,-0.15586488,0.12139549,-0.14481956,0.10974878,0.05961679,0.14915346,-0.4465043,-0.25926358,-0.3816802,0.0810453,0.063582905,0.20646314,0.15077065,0.085869536,-0.025023045,0.2435825
0.68208027,0.65275216,0.010494791,-0.03231998,-0.19365506,-0.26711226,-0.07453721,0.14201498,-0.10666026,-0.18823673,-0.03170004,-0.044829957,-0.009997388,-0.0078773135,0.16273269,0.23058154,0.012325356,-0.23851159,-0.03844036,0.099933796,-0.005029599,-0.056015827
0.67587113,-1.0185218,-0.26074135,-0.07393877,0.40933794,-0.097720556,0.7841086,0.25426298,0.52019334,-0.6995921,0.51624745,0.40035963,0.108919196,0.15805188,0.50554687,0.0507464,-0.15320566,0.4383318,-0.05123088,-0.0031992125,0.106176935,-0.15732832
0.6306515,-0.669448,1.1891325,-0.5571246,-0.2746228,0.24934979,0.32660633,0.779128,-0.29262117,-0.15528467,0.12595016,-0.26430333,-0.07272383,0.06387999,0.24586287,-0.38909757,0.019680977,-0.2205446,-0.35592538,-0.27826515,-0.036081046,0.018037504
-0.7111452,0.5863309,-0.15381195,0.03063172,-0.1732633,-0.14702486,0.37125143,-0.08650974,0.028598307,0.1095179,0.051795483,0.13351518,0.028659044,-0.14563309,-0.41279528,-0.19541584,0.15285449,0.14586827,0.06556946,-0.2955305,-0.029206825,0.029977385
0.98394835,-0.4976155,-0.09444193,-0.17787713,-0.38230786,0.32407793,0.031398002,-0.35465395,0.45517087,0.33781856,-0.8733785,-0.52063,-0.8451022,-0.55341846,-0.1741562,0.25398368,0.18627061,-0.15031344,-0.12200223,-0.03747743,0.74241114,0.34126192
-0.6855047,0.5267376,-0.13054197,-0.025046255,0.16889998,0.054400735,-0.20765291,-0.33378783,-0.0021701932,-0.26799157,-0.06921277,-0.29230213,-0.01697463,0.05086093,0.24303903,-0.12149349,0.26356372,0.26255032,-0.30761275,0.1573096,0.048799038,-0.18657637
0.71015686,-0.9138171,-0.667959,0.14172211,-0.41916102,-0.8815669,-0.013182087,0.44249448,-0.0030737147,-0.08337937,-0.90303636,0.22683924,-0.75779104,-0.4136147,0.04673668,-0.28338462,0.046425957,-0.2563848,-0.7042296,0.028391128,-0.32595345,-0.14413512
-0.67534024,0.3670029,-0.32895377,0.61890334,-0.43555567,0.32614398,-0.08306171,-0.08168215,-0.12804376,0.043125033,-0.0076308795,-0.092514895,0.38186914,0.12292341,-0.26168773,-0.18257369,0.019911533,0.1395747,-0.06070323,0.0696723,-0.047586698,0.20241974
0.69921166,-0.074245326,0.013393138,1.0891408,-0.29114115,0.6636987,-0.12032472,-0.4690767,0.8104004,-0.2993495,0.21984378,0.4643745,-0.44538286,0.11740131,-0.10842805,0.19558693,-0.10472559,0.06859712,0.029117905,0.016454246,0.015234642,-0.03540258
-0.681606,0.3124669,-0.38908622,0.72664636,-0.578421,0.19481088,0.019920135,0.2764049,0.72063905,0.0130313495,0.3159925,0.07550659,0.3458914,0.3973775,-0.11740628,-0.06568717,-0.19435276,0.41816527,-0.046046384,0.06860809,0.00726859,0.05303065
-0.7186766,0.018614165,-0.33259535,0.22757593,0.42305747,-0.6284978,0.00021537572,-0.039539803,-0.13190672,0.027136149,0.2630893,0.094301604,0.15656525,-0.27283627,-0.07376611,-0.14610392,-0.29659128,0.09253343,0.02483325,0.03179061,0.05736442,-0.0133820055
0.6840186,0.118765265,-0.2817233,0.9412027,-0.74763465,0.33519652,-0.28503808,0.105932325,0.19519795,-0.3462109,-0.71467847,-0.018174527,-0.2169178,-0.7347664,-0.14245068,-0.12947808,0.09314134,-0.11364978,0.090659976,-0.11541207,-0.20488179,0.005515488
0.5995329,0.5969867,0.055984497,0.026708638,-0.23744376,-0.280043,0.19657674,-0.23884106,-0.02155826,-0.3639466,-0.036444794,0.060146406,0.04559565,-0.040046163,-0.5602362,-0.4276365,-0.5091463,0.07844319,-0.08531117,0.08814742,-0.02268962,0.09947137
0.68697953,-0.15265027,-0.33190256,-0.5974758,-0.56886613,-0.09051345,0.035719015,0.091145426,0.234562,-0.31312215,-0.72321606,-0.10771923,0.13392633,-0.40496513,0.2572895,0.24681386,-0.03799699,0.040329132,0.17793906,0.06974718,-0.1616283,-0.10616842
-0.9793561,-0.6104658,0.9340947,0.5576171,-0.07629987,-1.0593729,0.24231988,-0.25817525,-0.23060519,0.023838859,-0.30197546,0.09207656,-0.09159294,0.342543,-0.23845136,-0.27529556,0.28524515,-0.15273003,-0.065292045,0.1662665,-0.17903848,-0.12029241
0.6348375,0.6394071,-0.0048006084,-0.041497216,-0.12296589,-0.2369432,-0.008522137,0.039786045,-0.028133364,-0.3586644,-0.028168745,0.20133859,0.085708074,-0.11478859,-0.02224599,-0.48530388,-0.090133995,0.29969686,0.34813744,-0.34091347,-0.07524727,0.21937138
0.8844517,-0.2239858,-0.06729662,-0.63031703,0.09592178,0.22210295,-0.24256575,0.14992663,0.83575785,0.052385688,0.34818804,0.1533313,-0.061494276,0.35839826,-0.11755378,-0.03457892,-0.08522573,0.15463164,0.1315879,-0.06094385,0.010859716,0.001736797
0.7246726,0.5195859,0.07178288,0.12791348,-0.23088247,-0.16453463,0.286542,-0.2154723,-0.00016095382,-0.18693553,-0.009963406,0.039932247,0.122645475,-0.12130903,0.26789227,-0.3775813,0.5057868,-0.10318418,-0.2816411,0.08681803,-0.017918186,0.056645945
-0.5854092,-0.02871379,-0.40423208,-0.7269864,-0.13872562,0.15292276,-0.11500536,0.18998724,-0.06899969,0.27069616,0.07671721,0.049774423,-0.0718938,0.035174593,-0.015798636,0.010957586,0.12988067,0.00933239,-0.24529871,-0.3547355,-0.037779525,0.12956187
-0.58610886,-0.17837943,-0.2687631,-0.8103343,0.46308038,0.5169961,-0.3791181,-0.16047008,-0.015872872,0.13919258,0.011242784,0.27228087,0.0037824684,0.047875382,-0.06533704,0.05982045,-0.01444981,0.15732132,0.11857319,0.17205152,0.025235828,-0.1148383
-0.774494,-0.14698005,1.0594261,0.4217761,0.043262057,0.59900236,-0.8743161,0.21704817,-0.1774039,0.23867126,-0.025135456,0.04808312,0.45623478,0.10343795,0.07699761,-0.022179667,0.23896387,0.119679734,0.0142346285,0.107146144,-0.029609906,0.05135329
0.63851595,0.31678206,-0.24127688,0.9199178,-0.82074237,0.266819,-0.18831454,0.14342542,-0.21890727,-0.16688234,-0.018241124,0.3548871,-0.44301665,-0.19894652,0.041146327,0.31351516,-0.31044033,0.16727874,-0.078228086,0.05285673,0.008578265,-0.04713409
0.944905,0.39437106,-0.0067334576,0.57535607,-0.32385656,0.3235802,-0.29991552,0.1954755,-0.15266843,0.47264433,0.07205631,-0.32088318,0.29776767,0.19769433,-0.08103031,0.30256045,0.17710295,0.30760786,-0.10432769,0.04138485,-0.041417677,0.074428685
-0.95521116,-0.49334258,0.8406716,-0.66084605,-0.57980305,-0.020654725,0.030608661,0.27253705,-0.16347194,0.2077195,0.027857654,0.5001143,0.03136401,-0.038332567,-0.019473117,0.38074303,-0.039846256,-0.404762,-0.36339632,-0.03404747,-0.027835516,0.06757825
-0.34445667,-0.74048823,-0.40590125,-0.42381492,0.6232859,-0.109826915,-0.090480655,0.18456374,-0.099728264,0.92384297,0.4547424,0.12269286,0.14281642,-0.25958702,0.29144016,0.021912323,0.34477067,-0.019650934,-0.17382574,0.1577104,0.045770556,0.12144011
-0.9760212,0.17930858,1.058509,0.06663584,-0.64331836,-0.3638636,0.18585625,0.06356386,-0.06435252,-0.004324407,0.01323275,0.022881156,0.02432924,-0.10224671,-0.04801812,0.008919782,-0.04899374,0.05583085,0.26611438,0.13564166,-0.011854463,0.15790054
-0.69628114,0.5919108,-0.17829624,0.021583049,-0.14344919,-0.12443391,0.13973716,-0.12166698,-0.020432092,-0.051992804,-0.0041413805,-0.104532644,0.0015824152,-0.04950704,-0.13883652,0.058471303,0.294921,0.04275743,-0.06930464,0.12254565,-0.008157,0.088924736
0.7676109,0.62521,0.07638769,-0.07319447,0.009875931,-0.15617946,-0.27311963,0.033688284,-0.05702413,-0.1503821,-0.016030468,-0.27474537,-0.04656762,0.037793282,0.027680837,0.08851233,0.04706996,-0.015607518,0.2648328,0.097395144,-0.019978123,0.03996503
-0.7838104,-0.982493,1.0736728,-0.6012768,0.255168,0.65735555,0.39898235,0.37144184,0.18797909,0.032541785,-0.59086424,-0.2239862,0.055379342,-0.4003432,-0.15884094,0.17080764,-0.32000133,0.22893748,0.18445224,-0.0003512486,-0.17965294,-0.074661374
0.80433726,-0.47280717,0.004947561,-0.24781016,-0.018154519,0.5915112,0.3250558,-0.49593416,0.1006001,0.24306512,0.108058244,0.8964645,-0.6828878,-0.49503627,-0.021885516,-0.28161523,0.10637828,-0.28976873,0.12255217,0.024947502,0.054615878,-0.31727207
-0.7146402,0.57890475,-0.14697303,-0.10335436,0.20395936,-0.0017583794,-0.3547937,-0.18015265,-0.043454558,-0.26507762,-0.06329413,-0.32894698,-0.0539135,0.09156729,-0.0977673,-0.03900483,-0.06564241,-0.013857215,-0.41241932,0.16615066,0.016499717,-0.09549205
-0.65755403,-0.4558398,-0.6295691,1.125415,-0.16763423,-0.56967306,0.17324595,0.12413681,0.048119087,0.36092278,-0.92669886,-0.069748715,0.39516664,0.031222066,0.122277044,-0.17771171,-0.12428898,0.6007916,-0.04358445,0.09378869,-0.38115922,-0.0038908944
0.62614816,-1.1993961,0.9724801,-0.22358364,-0.022708952,-0.80840355,-0.326768,0.04605233,-0.33132386,0.21969897,-0.27873576,0.012386951,-0.21976107,0.54468715,-0.13136338,0.09340792,0.3028246,0.028242627,-0.012526492,-0.22017457,-0.21902205,0.054983128
-0.5814459,-0.41542166,-0.46131063,1.1417137,0.17141819,0.16404606,-0.4939483,-0.16659334,-0.20932278,0.10667973,0.2710078,0.09463166,-0.2792864,-0.43972808,-0.19980559,-0.1090658,0.26015624,-0.09321422,0.1534585,0.022959348,0.06390175,-0.007309792
-0.7151415,0.50604665,-0.116981044,0.056962267,-0.040385075,-0.033217054,0.28070372,-0.26601788,0.046046913,0.009390935,0.011289671,0.056808986,0.019308727,-0.09834177,0.11184429,-0.19454907,0.29063734,-0.06091114,-0.12210182,-0.27944934,-0.016935349,-0.09890554
-0.6156821,-0.98658967,-0.82009435,0.2179356,-0.12367647,0.0047342954,-0.4622965,0.13003165,0.08185733,0.06490968,-0.76484936,-0.30886447,0.55438423,-0.30321312,0.01415589,0.014028655,-0.15476213,-0.0015035068,0.14536585,-0.39855057,0.7975179,0.0075755627
-0.71649677,-0.19312337,-0.28597245,0.50081867,0.40603054,-0.8447865,0.20691685,-0.536553,-0.16011365,-0.048394993,-0.31950897,-0.098545864,-0.1754531,0.431488,-0.48489404,-0.20769574,0.27927476,-0.06498665,0.17200466,0.1559453,-0.19575258,-0.015655043
0.88298976,-0.0464979,-0.10194909,-0.73032916,-0.08199086,0.1245871,-0.303415,0.06997963,-0.06532975,0.15463017,0.06369659,-0.19126663,-0.103086405,0.1272183,-0.17898054,-0.09041556,-0.032932084,0.031638127,-0.18455167,-0.27104342,-0.034417402,0.06207543
0.7195425,-0.08768405,-0.16534944,-0.52942055,-0.556569,-0.01689013,0.21014701,-0.28700283,-0.07957301,-0.14422858,-0.027858052,-0.010639844,-0.11312293,0.13274053,0.34777912,0.4494037,0.074703425,-0.14241548,0.34681424,0.07515059,0.013226426,-0.06364561
-0.63515526,-0.60332537,-0.5968106,-0.50423384,0.43070918,-0.29700404,-0.20936997,0.20257716,-0.2235709,0.15522833,0.2750822,0.5225185,0.21279706,-0.25939974,-0.1923219,0.15902309,0.04142734,0.21459742,0.14973278,0.109755285,0.04519673,0.16558243
0.6961945,0.034063336,-0.2891376,-0.63963866,-0.53776795,-0.105774924,-0.03764435,0.0637668,-0.13921347,-0.3505228,-0.02612965,0.10511928,0.023123724,0.046171185,-0.12976284,-0.1588603,0.04732224,0.19649962,0.029291123,0.07667149,0.0027629426,0.089478225
-0.8952513,0.1847826,1.0941637,-0.052645635,-0.3017918,-0.23287696,-0.0022515059,0.37189353,-0.05435279,0.2850219,0.091238685,0.23464042,0.10075031,-0.1900215,-0.14524694,-0.23772332,-0.12192237,0.25621364,-0.04855385,0.059497867,0.0079432465,-0.07221817
-0.3845863,-1.1478535,-0.3851842,-0.20400777,0.7225294,0.054357633,0.52304655,0.7405386,0.9619041,0.3542278,0.07802262,-0.5910981,0.02341013,-0.2422255,0.001968565,0.36080608,-0.25456405,0.012444121,-0.09588868,-0.07099255,-0.080776565,-0.25002304
0.66994506,0.2233535,0.0031175418,0.7656701,-0.47286063,0.38545778,0.13185705,-0.7329885,-0.08660226,-0.44113246,-0.14025387,0.066648625,0.488059,0.11253163,-0.6558789,-0.24860041,0.5465701,-0.054658473,0.20164388,0.0066797175,-0.076014124,0.29222885
-0.67591476,-0.3163569,-0.41898555,0.7501035,0.620812,0.12303983,-0.60989356,-0.13146706,-0.25037265,-0.05306762,0.17133002,0.20504092,0.6133817,-0.09135578,0.20074031,-0.27355716,-0.1668356,-0.13483185,-0.026559254,0.22569792,0.040144566,0.015254429
-0.62327075,-0.8109105,-0.5249798,-0.3262245,0.5679329,-0.018670008,0.31693435,0.36469355,-0.3523912,-0.45841143,0.2876507,-0.22951992,0.05526331,-0.10173043,0.11436556,-0.27118054,0.09847259,0.19005324,0.21545203,-0.0028219053,0.05098146,0.09150445
0.7630342,0.2748737,0.30708566,-0.022238385,0.8500095,0.51392853,0.2842903,0.15751551,-0.15367192,-0.45054942,-0.011686753,-0.106854774,-0.028175268,0.04194257,-0.063496605,-0.10642066,-0.18724468,0.21220079,-0.021520834,0.08108134,0.00683679,-0.14654753
0.69168293,-0.470229,1.1702344,-0.5622688,-0.823733,-0.16731514,0.10012577,0.16334711,-0.08237795,0.46418667,0.14488305,-0.1680563,-0.078623295,0.04839456,-0.33176666,0.095819354,-0.03418595,0.24319519,0.09636949,0.092187725,0.0047013466,0.02658917
-0.6538828,-0.041080173,-0.42568436,-0.7209633,-0.13749881,0.16197863,-0.23173709,0.0047185426,-0.07915175,-0.081814736,0.005544351,-0.050011344,-0.0594522,0.078427225,-0.0055965646,-0.15203054,0.16800213,-0.041051973,-0.2265171,-0.2501883,0.01430934,-0.1491913
0.6891694,-0.6393406,-0.4050151,-0.37904853,0.14909773,-0.4673124,-0.24592827,-0.05181879,-0.26560098,-0.37693444,0.16471244,0.26493505,0.20482317,-0.14671579,0.4028455,-0.11104114,0.06441615,-0.31301618,-0.28467143,0.034347475,0.027890578,0.21553159
-0.7007813,0.35233787,-0.04491866,-0.04789749,0.7024049,0.45541522,0.18746838,0.26429838,-0.17565793,-0.5960473,-0.027593002,-0.32429904,-0.0873581,0.05811244,0.13062766,-0.09983316,-0.022314554,0.058202323,0.36950603,0.056332298,-0.010581636,0.0021913
-0.6068177,-0.0037250419,-0.31287208,0.22585791,0.5320845,-0.5434968,-0.3950391,-0.18498336,-0.124495655,-0.1465639,0.22490133,-0.51080334,0.08804602,-0.14071904,0.27654523,-0.25677553,0.19086781,0.012586664,0.027032126,0.13452145,0.04748233,0.13053724
-0.67591465,-0.65223056,-0.5601907,-0.34708485,0.11885462,-0.40543643,0.080260426,-0.17755122,-0.18591912,0.11704895,0.2626566,0.15812404,0.0670078,-0.106030166,0.124728344,0.24082868,-0.23857471,0.23432574,-0.30167592,0.034164585,0.0917153,-0.107079595
0.602717,0.67007273,-0.027971217,-0.09664102,-0.094474405,-0.2434185,-0.3492708,0.10467159,-0.15910913,-0.5046578,-0.12641232,-0.058707193,-0.0325321,0.06533821,0.27256328,0.44993204,-0.009166563,-0.41577077,0.090700574,0.10532579,-0.02483322,0.020064246
0.71848506,0.2607416,-0.024937963,0.5473458,-0.0006921797,0.52934414,-0.51213497,-0.19742635,-0.13413647,-0.2691909,-0.10899863,0.08828418,0.41921267,0.15912296,0.5928381,-0.103791386,0.090465255,-0.11422039,0.40800965,-0.031066637,-0.022500204,-0.15700714
-0.6971896,-0.002473443,-0.43765113,0.31532496,0.4480754,-0.9688426,-0.13809162,0.23698911,-0.2596419,0.117109016,-0.26810268,0.11131276,-0.16206075,0.3647071,-0.22270598,-0.15127707,0.1346907,0.28533795,0.14790912,-0.23956653,-0.24758677,0.17435336
0.7409447,0.23204018,-0.13831283,0.72699887,-0.07722839,0.64798766,-0.7572736,0.22613442,-0.19821768,-0.13922694,-0.03975001,0.53134054,-0.34038576,-0.26635775,-0.009153026,0.18629572,0.078003556,-0.048003975,0.26250908,0.04997503,-0.018275155,0.006453701
0.8973694,-0.18734351,-0.13167995,-0.5333152,-0.24635875,0.064619124,-0.19611678,0.117873035,0.7972072,-0.06761009,0.33080068,-0.25066045,-0.12508033,0.44293624,0.19958788,0.047799055,0.1443658,-0.07634844,-0.0642682,0.1523715,0.032544203,0.04278194
-0.7191717,0.65591365,-0.22830117,0.024705786,-0.34308004,-0.27213582,0.23645504,0.070324495,-0.04668686,0.053574193,0.03015789,-0.11113346,-0.05068788,-0.0470382,-0.11028405,0.18173777,0.094782144,-0.11122102,-0.049008444,-0.04302145,-0.052221622,0.24412136
-0.46944034,0.4340783,0.059917193,-0.0053594294,0.2962988,0.11677969,0.1560779,-0.10008513,0.12683354,0.8342384,0.18755661,-0.30973363,-0.1513848,-0.0027380476,0.47188047,-0.023474798,-0.519138,-0.1821345,0.027441198,0.15456787,-0.03146557,0.20102155
-0.70324457,0.5848886,-0.17226388,0.028784672,-0.15818238,-0.13583428,0.1782287,-0.17904161,0.029563814,-0.058848664,0.022224525,-0.14765379,-0.029878847,-0.0491127,0.09842986,-0.23882224,-0.10162249,0.39801005,0.35530597,0.11682356,0.053690154,-0.18828882
0.961208,-0.7470242,-0.14311424,-0.45433253,0.66092527,-0.17137675,-0.41879183,-0.18526533,-0.12906972,0.29057792,0.30653492,-0.11621709,0.074052125,-0.08193805,0.005358015,-0.092060834,-0.13114378,0.0015196503,0.05983935,0.10052388,0.07942684,-0.07314952
0.6077105,0.6498665,-0.028592242,0.05608406,-0.40885183,-0.34544942,0.25243232,0.0659299,-0.100061566,-0.21892107,-0.038915277,0.19814667,0.027950209,-0.05222267,0.3298487,0.28044105,-0.0395138,0.056939997,-0.16811918,0.06443112,0.0055099707,-0.11064277
0.33935836,-0.39785483,1.138525,0.31316343,-0.1613692,-0.9316388,-0.06773134,-0.11423498,-0.23843001,-0.39804426,0.12837636,0.21988754,0.17840229,-0.22671737,-0.0676617,0.10769718,-0.2761017,0.14479253,0.04249039,-0.32085064,0.01418698,0.12266438
0.8759423,-0.0494712,-0.11205504,-0.72975034,-0.103763,0.11273358,-0.3261156,0.091984965,-0.06812473,0.13489768,0.058651987,-0.22012101,-0.12645315,0.13079974,0.04463429,-0.032502797,-0.051262263,-0.18447486,0.112076916,-0.26114985,-0.0440024,0.117286816
0.89864475,-0.053153384,-0.15619783,-0.6404263,-0.31050044,0.03985909,0.11842558,0.32011676,-0.043133393,0.40471745,0.16501217,0.1754105,0.036200907,-0.0918593,0.16141106,-0.35119307,0.1082663,-0.19769865,0.16498664,0.019632613,-0.0086756665,-0.0073528015
-0.68523633,0.35377505,-0.3102091,0.63278717,-0.44623113,0.3354065,-0.033479735,-0.14875627,-0.11801047,0.04316642,-0.009666936,-0.09188445,0.36498517,0.12965761,-0.2622538,-0.11986184,0.015470961,0.16296059,0.015172378,0.053988025,-0.009360453,-0.051470876
-0.7426172,0.59409463,-0.19222865,0.05477894,-0.29737023,-0.22916028,0.33993116,-0.027149651,-0.019848773,0.09425221,0.043090466,-0.034657426,-0.03787674,-0.056126237,0.07157566,0.097654924,-0.13362761,-0.3262623,-0.1204257,0.12571616,-0.029303351,0.095915526
0.89147127,-0.09284836,-0.07727688,-0.7179773,0.0096880635,0.2112361,-0.24043465,0.023884252,-0.05085682,0.18337691,0.06746453,-0.021116382,-0.035933655,0.067744665,-0.09927252,-0.056611147,0.08194456,0.036958963,0.013231886,0.03407618,0.017485647,-0.15395132
-0.44523162,-0.31759006,-0.27212992,-0.6981871,0.13756797,0.3694507,-0.27187476,-0.19306083,0.40806043,0.36300045,-0.5990265,-0.7159887,-0.04408092,-0.30167237,-0.18608262,0.14470065,0.1309136,-0.14958075,0.17739414,-0.22871949,-0.20706427,-0.008057186
-0.90557593,-1.1870166,0.42914796,0.21914953,-0.73590606,-0.2947762,-0.5330173,0.29846928,-0.42420465,-0.010505811,0.24344353,-0.12559587,0.45530182,0.06495625,-0.004566386,-0.20800649,-0.48107484,-0.17665997,0.009085759,0.088285945,0.04596831,0.11623321
0.75044286,0.5826177,0.11210108,0.04046551,-0.1785888,-0.21120344,0.30286774,-0.015093757,0.0149902515,0.19959384,0.060217455,0.10294668,-0.021681648,-0.073511295,0.10113117,-0.05143045,-0.24733165,0.3802682,-0.0032674184,-0.29312664,-0.034712527,0.09616835
-0.9612298,-0.13891491,0.9783639,0.7730757,-0.9697886,0.17297828,0.21915188,-0.17679237,-0.15377979,0.11752461,-0.019592091,0.11885897,0.4259366,0.05984554,-0.104876876,0.07566836,0.20973343,-0.042250294,-0.10874611,0.052874554,0.008268952,-0.18650667
-0.72053707,0.3091946,-0.0022247836,-0.111801684,0.9645324,0.57627726,0.13362426,0.34710553,-0.19569695,-0.4640091,-0.036242552,-0.0030553457,-0.038739704,0.025890082,0.09945957,0.06573764,-0.17737718,-0.18192257,-0.08424136,0.025991982,-0.040241074,0.10306562
0.9777474,-0.020448614,-0.11631401,-0.65058446,-0.30823213,0.04075084,-0.08492357,0.19922401,-0.067399815,0.41291228,0.14467116,-0.308689,-0.08192593,0.08227264,-0.16525795,-0.021931354,0.25927576,0.11875019,-0.31575835,0.098799594,0.022756428,-0.11645105
-0.6805781,0.02892517,-0.38315016,1.0660347,-0.40896648,0.66745293,0.32189384,0.799273,0.5244177,-0.44060412,0.37209243,-0.07175575,-0.5932233,0.119448595,-0.39652085,0.206659,-0.1331489,-0.016466677,0.3101035,0.073415086,0.007267616,0.0846059
-0.57152206,0.63927925,-0.14793521,0.017356427,-0.22729933,-0.19563162,0.20912789,0.14368434,0.0009919882,0.44219825,0.1252998,-0.31830135,-0.109135784,-0.024445891,0.015110904,0.19721653,0.13512677,0.22364594,-0.13371718,-0.046731763,0.0091176415,-0.11263005
-0.6259236,-0.5894763,-0.1250419,0.5006481,1.0138692,-0.017695047,1.0453147,0.067162775,0.2742225,0.059857007,-0.638432,-0.05534465,0.30647704,-0.73633105,0.4000239,-0.3906187,-0.3962325,0.0037148353,0.29455796,0.08400933,0.81573033,0.116098
0.6884546,-0.18951795,-0.12342294,-0.5830338,-0.13115689,0.24328429,0.09505072,-0.42549765,-0.038542528,-0.33578175,-0.08806869,0.46330917,0.08027756,-0.0058015524,0.33416796,-0.053747837,0.3361581,0.05386311,0.21842383,-0.09457371,0.005402845,-0.019124007
-0.71215934,0.6716258,-0.24617752,0.011594893,-0.32638714,-0.27309182,0.20043363,0.16418284,-0.050194073,0.0678863,0.049993873,-0.093424864,-0.0258907,-0.06617219,0.036413975,0.011043618,0.08766536,0.085450664,-0.25418532,-0.054632172,0.011621787,-0.13725132
0.6818854,-0.052541625,-0.21777935,-0.72635204,-0.10340424,0.12320772,-0.43121114,-0.08260577,-0.124815114,-0.53553927,-0.09385051,0.06831371,0.016006056,0.106329694,0.1558413,-0.2600898,0.23553851,-0.15128323,-0.25533882,-0.30675402,-0.020599516,-0.11666396
0.87290657,-1.386222,-0.5324518,0.7164903,0.013279184,0.091136925,-0.35889056,-0.07868535,0.031738516,0.26822224,-0.9282795,0.33613276,-0.39559677,-0.21267845,-0.022665875,-0.115452506,0.19361484,-0.021511616,-0.09011076,-0.058291994,-0.3712441,-0.10599146
-0.94138604,-0.42179394,0.7702783,-0.59991795,-0.931022,-0.21357846,0.041766256,0.24441949,-0.15892564,0.029747482,0.041530862,0.03737104,-0.04597243,0.016395247,0.019743305,0.13565926,-0.050502487,-0.35076368,0.18101092,0.13073398,0.012392622,-0.01573998
0.7524829,-0.0049338066,-0.20880347,-0.7166873,-0.24100041,0.03700546,-0.11487253,0.15482385,-0.11156463,-0.0750097,0.017756946,0.28170687,0.026423527,0.00834596,-0.22208785,-0.050531067,-0.10008819,0.15767087,0.16040699,0.015204897,-0.015773116,0.109198876
0.8392406,0.4829626,0.213693,-0.027381158,0.2907652,0.07350992,0.10675788,-0.019110978,0.033404753,0.36125493,0.072866954,0.2864429,0.08350403,-0.13360049,0.12204761,-0.015241697,0.052050922,0.24869068,-0.18803664,0.08034712,0.018426722,-0.18899818
-0.5893571,-0.1949869,-0.2833102,-0.61099565,-0.015837885,0.32868913,0.08815822,-0.41468152,0.047480587,0.18607277,0.04874892,-0.00020034266,-0.07848528,0.09226467,0.2895556,-0.16390248,-0.18998925,0.43279257,0.04036953,0.09167711,0.03276526,-0.01044175
-0.64615256,0.6125925,-0.1253037,-0.14027458,0.22539668,-0.007920713,-0.28305736,0.042532757,-0.018506924,0.06342868,0.013590264,-0.21190946,-0.07921942,0.01936598,-0.19886257,0.063823394,0.027088203,0.12757623,-0.0563281,-0.256093,-0.024862325,-0.042133443
0.6669761,0.3382518,0.18981369,0.09860549,0.25485858,0.036146864,0.067154184,-0.2718739,0.8802095,-0.31697327,0.2022906,0.38364315,0.016357265,0.27721488,-0.053563353,0.24721892,-0.095727086,0.109869234,-0.056276068,-0.06787301,-0.018453343,0.07872062
-0.6719334,-0.077633224,-0.37292308,-0.74977696,0.013787875,0.24045295,-0.37434053,-0.20676963,-0.062363494,-0.19369458,-0.036952015,-0.17304672,-0.119570225,0.17343482,-0.10006727,-0.06603818,-0.05338565,0.01419087,-0.14275455,-0.23764698,0.012934277,-0.14779438
0.705158,0.016979463,-0.0836677,0.14571425,0.6628796,-0.5593023,-0.5246181,-0.08357505,-0.2131952,-0.37839288,0.13045964,-0.00020334586,0.16917111,-0.16755262,0.05286961,0.1664405,0.093174234,-0.045690008,0.060091875,0.012130853,0.03933884,0.012248131
0.6808742,-0.6666867,-0.3371137,-0.18406998,-0.28489888,-0.5916478,0.34731758,-0.5469739,-0.1967762,-0.35372505,0.17376985,0.09867845,0.14334147,-0.12182792,-0.4201011,0.08890687,0.28320605,0.06063267,-0.0873291,0.02978206,0.07429212,-0.0020750668
-0.76445127,0.43799564,-0.006691696,-0.051911887,0.35623056,0.14540118,-0.08618201,-0.6025253,0.067273155,-0.18395872,-0.078362145,-0.10238107,-0.11090623,0.08313504,-0.07953012,0.034553926,-0.30202666,-0.107308626,0.12688342,-0.34837985,-0.035656195,-0.038781606
0.82137173,-0.10298478,-0.09171408,-0.80917895,0.26392362,0.3220682,-0.52135074,0.0015170841,-0.09790776,-0.067680165,-0.028204622,0.17077883,0.0005145672,0.09480532,-0.06470631,0.15811649,0.052386507,-0.04148988,0.04372595,0.09943307,-0.013890512,0.04472854
-0.6435557,0.4679088,-0.038650136,-0.027965622,0.28172353,0.13254258,0.017429799,-0.2808726,0.040387187,0.10072565,0.00594756,-0.01330976,0.011277528,-0.058354303,-0.09771072,0.035216525,0.30028546,-0.20194697,0.0094350185,0.073414475,0.007991317,-0.1348287
-0.6564197,-0.060033195,-0.51870877,-0.60043097,-0.4147437,-0.042165454,-0.1604036,0.36516535,0.7250049,-0.18820022,0.30569082,-0.04592159,-0.121591955,0.4009695,-0.05627553,0.30714074,0.08933046,-0.021835981,0.012972508,0.13712892,0.032578353,0.031722456
0.7515386,0.53096074,0.16166086,0.034427386,-0.046655953,-0.11388907,0.19073863,-0.22224532,0.030875277,0.044513874,0.016104843,0.006488819,-0.017186137,-0.048698645,-0.12621765,-0.046340216,0.040959228,0.08987018,0.15660174,-0.3040019,-0.05409944,0.11028343
-0.6575088,0.006179186,-0.4583072,-0.7072009,-0.29310146,0.06988186,-0.089903235,0.13048999,-0.095873445,0.03555307,0.030888598,0.037609275,-0.07522649,0.053345997,-0.061218522,0.06730612,0.11972142,0.05743151,-0.0421136,-0.26520982,-0.00087950804,-0.034201324
0.8870635,-0.08477421,-0.07570798,-0.7298776,0.011464228,0.1997887,-0.2557348,0.01475256,-0.049182914,0.18160951,0.06574672,-0.040482577,-0.055622187,0.08467071,-0.17553437,-0.039419644,-0.061834738,0.08794857,0.1184991,0.043069188,0.0027625705,-0.032338213
-0.7278919,0.591452,-0.15305248,-0.091296494,0.12768145,-0.045618698,0.014147804,0.035026904,-0.01067327,0.056946874,0.028234495,0.16479395,0.021844314,-0.08275185,-0.19999073,-0.07064019,-0.25274134,0.1720123,-0.058192644,0.042584993,0.010870344,-0.16525419
-0.64361274,0.52873635,-0.09206355,-0.00037584407,0.060930148,-0.010918079,-0.014394525,-0.26054153,0.017457904,0.025390109,0.0049987016,-0.33110973,-0.0670057,0.031306952,-0.037193246,0.025300778,0.12979944,-0.11814974,-0.12694845,0.15420313,-0.0056557003,0.036312204
-0.9407076,-0.63788855,1.1595192,0.37617987,0.2557162,-0.5358978,-0.036189333,-0.80896956,-0.06272466,-0.14423242,0.15954736,-0.2876351,0.0688234,-0.13514365,-0.32309097,-0.048416264,0.020574799,-0.4160884,0.11701816,-0.24075386,0.0058881138,0.14004679
-0.6574557,-0.067316264,-0.22899951,0.2702978,0.58121425,-0.5269213,-0.07027318,-0.27543765,-0.047638297,0.119764835,-0.07380296,-0.15906402,0.012464204,-0.08547975,-0.0157656,0.20280547,0.066617936,-0.20072806,0.44138256,-0.45647016,0.94270134,0.1782119
-0.70197874,0.47351718,-0.18649387,0.0726472,-0.018062174,-0.12369959,0.068907775,0.1735456,0.883197,-0.19335696,0.31723386,0.09065329,0.015555426,0.15722348,-0.010629008,-0.50844693,0.07790522,0.03928135,0.054270267,-0.24359956,0.06859486,-0.33934587
-0.65035474,0.046367757,-0.5050849,-0.70214814,-0.4181334,-0.019486057,-0.12897755,0.18512166,-0.10329053,-0.044545945,0.051241536,-0.14390714,-0.07723856,0.06513565,-0.11277641,-0.09346111,-0.018355537,0.011980332,0.27549237,0.11383269,0.006157462,0.054295063
-0.9422154,-0.0954936,1.2735509,-0.0914794,0.5372304,0.37968102,0.12169859,0.66886353,-0.2647922,-0.21556622,0.020175148,0.065636806,-0.033392146,-0.022297679,0.105755016,0.30355608,-0.16116011,-0.36603576,-0.18290898,-0.00802211,0.035150904,-0.5263501
-0.70813054,0.6348164,-0.19963457,-0.032580897,-0.11800596,-0.16349222,0.037689105,-0.0035093206,-0.026230276,-0.04431528,0.018391967,-0.1369715,-0.023803733,-0.027504047,-0.16028702,-0.07273507,-0.074794,0.24655959,-0.029874817,0.11871189,0.017125325,-0.06621641
0.7524081,0.57743096,0.100647576,0.10453324,-0.3114591,-0.24249125,0.38686112,-0.0914561,-0.005301038,0.16966745,0.051238514,-0.00932901,-0.029875433,-0.032174803,0.261316,0.19290683,-0.07610572,0.37638354,-0.17501378,0.0743602,0.02834412,-0.1850534
-0.66550326,-0.16410959,-0.3110261,-0.7865027,0.3425691,0.45347428,-0.34405166,-0.24351956,-0.033654884,-0.060665455,-0.04326461,0.2947533,-0.020813543,0.08055614,0.07796582,0.1315425,-0.077314645,0.17131616,0.16804056,0.012144949,0.009906996,-0.0439839
-0.6582934,0.33153495,-0.4594342,0.8095759,-0.5212643,0.4497366,-0.5240619,0.2671767,-0.20307201,0.009606062,0.021501131,0.05273748,-0.46425167,-0.18823524,-0.19814762,0.19100675,0.059000965,0.15497045,-0.20658174,0.11236417,-0.00078312,0.08304305
-0.59619737,-0.6565822,-0.527116,-0.4286029,0.3122007,-0.3423724,-0.22440992,-0.121373504,-0.14413127,0.102523975,0.29955676,-0.12617604,0.04256571,-0.10946488,0.022093752,-0.22506614,-0.31699613,-0.034086663,0.3668178,0.054126196,0.08092068,-0.044449516
0.7279406,-1.1570985,0.9415453,-0.19626775,-0.35934365,-0.71795493,-0.23958686,0.39906582,0.6326659,0.14413114,0.6406929,-0.25358957,0.08559559,0.15256588,0.20388561,-0.29284886,0.04024992,-0.031679682,-0.14982897,0.15514624,0.086569175,0.18813361
-0.60436374,-0.037909422,-0.4431792,-0.7162794,-0.118798904,0.18674454,-0.40041542,-0.12141005,-0.063990414,-0.2951402,-0.020231204,-0.30815598,-0.028073093,0.10259467,-0.10203183,-0.45656326,0.30473414,0.23341963,0.12695417,0.15578273,0.026830709,0.096073315
-0.8850736,-1.1219271,0.75290835,-0.23095453,-0.452569,-0.6296823,0.10276465,-0.29096267,-0.1945042,0.08117085,0.27273887,-0.22792605,0.023456478,-0.08878543,-0.16477358,0.118667,-0.1011851,-0.4551629,0.20287402,0.12112155,0.07055774,-0.006145796
-0.7327956,0.4855043,-0.19916332,0.08982839,-0.114514515,-0.20673285,0.07660592,0.1261113,0.85507864,-0.1872051,0.31407076,-0.077428296,-0.053748976,0.280367,-0.018929932,-0.27550587,-0.45428228,-0.078106135,-0.27446693,0.17995246,0.016207734,0.08097308
0.824592,-0.17381197,-0.2616081,-0.56496924,-0.5756751,-0.098976545,0.2452291,0.28329492,0.28789937,0.21032782,-0.56142765,-0.18590164,0.16565979,-0.4871201,-0.014886147,-0.17618188,-0.07303928,-0.11361484,-0.5009133,0.07689906,-0.14938165,-0.28238735
0.65463734,0.38060242,-0.15174012,0.6519101,-0.56422025,0.20929167,-0.095184855,-0.034542676,-0.1754111,-0.27645975,-0.06467872,0.12779075,0.45354053,0.10172673,0.22772372,-0.2748139,-0.009498642,0.18424599,-0.034612294,0.0015069353,0.005037842,-0.221047
0.816048,0.39160663,0.26723304,0.059584208,0.25097182,0.103433065,0.3019842,-0.3056424,0.078845255,0.38182348,0.051157657,0.26842415,0.035411265,-0.08738255,0.39104894,0.10907097,-0.15213107,-0.035302263,-0.068906836,0.12533946,-0.06892796,0.3705251
-0.63402253,0.5480249,-0.1265517,0.04309083,-0.092782035,-0.08450482,0.1822508,-0.12755138,0.019254794,0.14261365,0.052553974,-0.21186982,-0.014727081,-0.053178374,-0.0032534823,-0.097602196,0.25667155,-0.1395359,-0.19205685,0.13598429,-0.009935634,0.041759998
-0.74486864,0.48881748,-0.119369134,-0.124076225,0.40710175,0.10261466,-0.34963197,-0.1095052,0.0041332226,-0.20276226,-0.0267935,-0.06716823,0.008841518,-0.015790865,0.46542755,-0.4094117,-0.269212,-0.7347016,-0.038287863,0.10512264,-0.021057803,-0.102503635
-0.584717,-0.047108166,-0.39592174,-0.7508271,-0.052209996,0.2002351,-0.12389939,0.19978456,-0.044338413,0.26388124,0.09460855,0.16459577,-0.030876659,-0.02408546,-0.013694391,-0.08352974,0.008576757,-0.026957354,0.43286207,-0.05736961,-0.012759518,0.057045504
0.8486829,-0.49240994,-0.30674502,-0.12711622,-0.21133775,0.72051895,-0.45297092,0.16561423,0.17176418,0.17068103,-0.68376064,0.09833089,0.559668,-0.28228924,-0.067368,0.18849441,-0.077693366,-0.08893411,0.14166456,0.013016693,-0.21122806,-0.08387405
0.6512261,-0.4269981,1.079264,-0.6503597,-0.70414966,-0.15289545,-0.27566877,0.3598708,-0.1524941,0.13662626,0.07842092,-0.1599998,-0.0015554777,0.029834345,-0.06378155,-0.20715897,0.12277916,0.029642763,-0.0802915,0.1368682,0.035287593,-0.06169553
0.87469584,0.50279987,0.18018977,-0.1405503,0.53672034,0.14978409,-0.26939258,0.14810833,0.052962534,0.18242794,0.08199735,0.25504383,0.16815999,-0.21172008,0.03932116,-0.62836003,0.26564044,0.0808335,0.40817606,-0.058046736,-0.06354947,0.13865568
0.9635358,-1.1421033,-0.3675101,0.07450213,0.43753576,-0.302638,-0.41175956,-0.11169121,0.16430034,0.19760178,-0.90806544,-0.015426827,-0.8180018,-0.31757572,0.22018164,-0.11458136,0.39408726,0.46331298,0.019556053,0.14662305,-0.30395257,-0.11203839
-0.74355304,0.59044564,-0.13306554,-0.119002655,0.17843117,-0.043150574,-0.17710751,-0.077227816,-0.0068491404,-0.10410943,-0.0044974033,-0.10643289,-0.051574014,0.007406512,-0.29671296,-0.23938417,-0.31989798,0.005588668,-0.23316954,-0.2610795,0.008403334,-0.2927295
0.65790486,0.45902553,-0.18352303,0.55837953,-0.52355635,0.1582245,-0.28460726,0.16428345,-0.22869328,-0.2883936,-0.06871753,0.10170942,0.45042348,0.11432661,-0.29798236,-0.23281041,-0.15428522,0.16526507,-0.123971276,0.028024705,-0.01991768,-0.010008791
-0.71995205,0.5845067,-0.16021366,-0.09277429,0.1453151,-0.02261417,-0.2015886,-0.043859903,-0.029053677,-0.117659256,-0.035983756,-0.09668955,-0.051921047,0.003674373,0.19351682,0.05287469,0.063796185,-0.065706916,-0.028384708,-0.24342802,-0.014981883,-0.066270895
-0.99192333,-0.03515196,1.2462758,-0.08594018,0.28362578,0.15700904,-0.3240816,-0.3291304,-0.015748419,-0.14872372,-0.114247784,0.33276415,0.068748675,-0.035884965,0.24038316,0.121866904,-0.22068025,-0.102752894,0.10243209,0.08248481,-0.060777005,0.3722938
0.62046605,-0.019245315,1.5457089,-0.02103094,0.116951674,0.047933504,-0.04737054,0.08173311,-0.014380799,0.52384645,0.056729224,0.40826496,0.0780622,-0.14166164,0.44917572,0.47618678,0.09162929,-0.2709251,0.19063817,0.15833609,-0.036052514,0.046622645
-0.70000464,-0.10157019,-0.30612916,0.42428207,0.3220425,-0.4754488,0.8259159,0.36351895,-0.32309625,-0.3207279,0.3059807,-0.35042384,0.028010022,-0.19261442,-0.2706465,0.10983943,-0.008050479,0.27731296,0.087411895,0.037144884,0.033992153,0.14944306
-0.69168013,-0.6677474,-0.5402711,-0.44452313,0.35086095,-0.328677,-0.20539205,-0.14783916,-0.16549143,-0.03282496,0.2566298,0.105065845,0.06770571,-0.12372317,0.0646496,-0.13096362,-0.3891191,-0.17979681,0.2389565,-0.08345532,0.096916765,-0.30153492
-0.6854183,0.33260757,-0.30921337,0.6637298,-0.4703958,0.3537105,-0.0045501315,-0.19453731,-0.12650396,0.04356887,-0.0305057,-0.083657056,0.3489418,0.15043744,0.011100278,0.16479091,0.22974078,0.017595788,0.11431786,0.053290397,-0.036425967,0.07961906
0.7347767,0.23573825,-0.1259146,0.87095714,-0.45912337,0.48973212,-0.50706977,-0.109518245,-0.18563001,-0.2536686,-0.053024076,0.075909324,-0.42757675,-0.14795493,-0.44428268,0.14507923,0.16714567,-0.029365879,-0.26144356,0.07495202,0.0026492635,-0.050832864
-0.6709086,-0.58235323,-0.6270801,-0.2669467,-0.29767445,-0.6269882,0.29359785,-0.10625981,-0.18793024,0.07922179,0.30904916,-0.07054939,0.049843427,-0.14868717,-0.1713266,0.071318254,-0.004803873,-0.099756375,0.16159452,0.057598975,0.079130575,-0.07033337
-0.7354865,-0.1448429,-0.30302072,0.35626957,0.65350306,-0.79468733,-0.05869511,-0.23111136,-0.18664066,0.047455173,-0.31609702,0.12518914,-0.20370705,0.4198034,-0.2599479,-0.10929312,0.00079316064,0.07038051,0.19866964,-0.34644637,-0.23378164,-0.026297312
0.94445586,-0.72436345,-0.15509614,-0.32065558,0.2611774,-0.34296763,-0.23016317,-0.47672138,-0.11948843,0.18097794,0.2874571,-0.6046,-0.085130066,0.08913988,0.13087033,0.13331856,-0.20162936,0.2692483,-0.059875667,0.10515964,0.117270954,-0.23906216
0.6653029,0.4439647,0.059455745,0.07714722,0.29458326,-0.3495326,0.04525174,0.19337241,-0.10516982,0.1939532,-0.84264195,0.58779025,-0.2448243,0.6337992,-0.07866547,0.16698869,-0.066130586,0.031123212,-0.09922631,-0.09783032,0.65464497,-0.030989556
-0.7353647,0.25610355,-0.11342629,0.20841429,0.41443768,-0.0033286968,0.70693046,0.45299083,-0.2639527,-0.18999736,-0.47741148,-0.06526849,-0.38412604,0.6204588,0.025288727,-0.16481966,0.08799337,-0.30572394,-0.19952828,-0.20619163,-0.33573645,0.17228283
-0.9334521,-0.41186443,0.7663222,-0.7318881,-0.5972359,-0.08539501,-0.5346218,0.28758308,-0.2184671,-0.20147254,-0.043746628,-0.17690714,-0.090147115,0.14729603,0.27997294,0.28484753,-0.045281105,-0.44348934,-0.041465655,0.18702489,0.017292062,-0.004025301
0.731348,-0.6422265,-0.5192576,-0.1386098,-0.404015,-0.75035197,0.17624384,0.25745752,0.5939358,-0.40667775,0.5159723,0.28817138,0.19887896,0.07293103,0.3282164,-0.02557875,0.5077257,0.38000694,-0.20110649,0.031692028,0.09898328,0.04487878
-0.69562906,0.658992,-0.24370268,0.019120393,-0.2816704,-0.22235964,0.20983072,0.12511165,-0.05143458,0.09389948,0.031295467,-0.006644181,-0.01481936,-0.06119319,0.19740294,0.2728616,0.18058902,0.35729936,-0.09265265,0.10449558,-0.00886696,0.10608057
0.91764516,-0.86067957,-0.413185,0.11597051,0.16950542,0.14555998,-0.6374561,0.16309828,-0.34517112,0.30700374,0.2655748,0.123480275,0.482328,0.052794825,-0.11327004,0.24384621,-0.023617761,0.008129342,0.10168039,-0.0018738854,0.027812816,0.021636479
-0.8734448,-0.588165,1.0860561,0.3052801,0.40737623,-0.48125917,-0.22819941,-0.45898345,-0.08851455,-0.09624586,0.1938819,-0.09705729,0.21443683,-0.250592,0.03639298,-0.4701988,0.08574076,0.23555365,-0.09090001,0.10176085,0.10676079,-0.103868484
0.81160784,-0.49686646,-0.39939058,0.32161856,-0.5865512,0.89377505,0.048649125,0.68893427,-0.44363064,-0.46364143,0.059667673,-0.066523544,-0.5292104,-0.048069213,-0.19765452,0.0029156303,0.0968601,0.15812394,-0.28180856,0.04973881,0.021601303,-0.026961097
0.8939596,0.46169323,0.2921955,0.00022074161,0.23499289,0.05620696,-0.1500832,-0.46217892,0.07473451,0.110958174,0.02835182,-0.5812685,-0.12532927,0.107124895,-0.24121605,-0.023143245,0.046483245,-0.020843903,0.27154818,0.12286438,0.0081721,-0.11474566
0.9037546,0.33785924,0.3559411,0.1091367,0.29269367,0.18878031,0.2807202,-0.58350474,0.1368287,0.36288053,0.06028922,-0.08892749,0.007917439,-0.051306233,0.070706055,-0.06342696,0.3724985,-0.0048720855,-0.11902434,0.038023587,-0.011932302,-0.0720728
0.32422903,-0.47367534,1.0288067,0.5086641,-0.3315481,-1.3274032,0.12216416,0.18416303,-0.38902292,-0.16690883,-0.3633071,0.3654577,-0.10221976,0.3696992,0.21207845,0.36098352,0.056670867,-0.38422266,0.005084845,0.119171314,-0.19644508,-0.14628965
-0.9467288,-0.05684644,0.9287537,0.46900967,-0.37627766,0.34161487,-0.67962366,0.2447989,-0.23027986,-0.07712746,-0.07533543,0.13365328,0.4224496,0.11512965,0.12061925,0.074043974,-0.07234168,0.038424626,0.33707622,0.02148776,-0.025316315,-0.017020663
-0.63508004,-0.9069152,-0.55268955,-0.089591786,0.14884205,-0.2287705,0.66293865,0.4288087,0.5040068,-0.60274947,0.58511806,-0.3400169,-0.0077642305,0.19536036,-0.12675713,-0.15917084,0.26575723,-0.1351007,0.09299437,0.083410874,0.13068314,-0.15577607
0.809175,0.2000812,0.19810171,0.06704169,0.32235697,0.04763368,-0.20081715,-0.1437991,1.2687926,-0.12569016,-0.4307832,-0.43722427,0.016867738,-0.070627265,-0.113799416,0.3890052,-0.111881554,-0.082958505,-0.12761833,-0.2580344,-0.19718508,-0.117942266
-0.5925223,-1.4307107,-0.31487864,0.043728117,0.72166556,0.24949548,0.8683311,-0.40257847,1.0694895,-0.43969026,-0.15062718,-0.4547781,0.117713496,-0.18948059,0.5522501,0.028283095,-0.1831019,-0.32834145,0.044681165,0.25821328,-0.17812407,0.56604147
0.59606916,0.59301686,0.057024162,-0.14421512,0.1843019,-0.118895896,-0.4486232,-0.15220837,-0.054096486,-0.5922491,-0.12509719,-0.07175417,-0.031530563,0.06193018,-0.004554713,-0.3178248,-0.574483,-0.21128625,0.37848964,-0.23506792,-0.08971336,0.39294842
0.7368989,0.17131387,-0.21372917,0.98674107,-0.6188225,0.3485369,-0.43251127,0.33459342,0.66875225,-0.3075557,0.28325623,0.227714,-0.43633467,0.08053001,0.05769188,0.008797053,0.001975461,-0.044339247,-0.08936951,0.095156364,0.044944476,-0.10963703
-0.71689427,0.5275122,-0.105327144,-0.1381123,0.41368032,0.12729484,-0.35404235,-0.20244683,-0.011255415,-0.1957741,-0.067135274,-0.04612776,-0.018373402,0.028384933,0.057584397,0.040851366,-0.088242136,0.043149076,0.06363082,0.09018303,-0.002479786,-0.020488326
-0.54064107,-0.27519265,-0.35564467,1.0359926,-0.20500322,-0.2250718,0.33466905,-0.37222695,-0.12990285,0.50821435,0.35656407,-0.2682661,0.46550086,-0.10342407,-0.72204095,-0.32963917,-0.08980148,0.33089688,0.15427293,0.021955162,0.035413854,0.11017784
-0.7159905,0.7000505,-0.27738252,-0.024638645,-0.31693223,-0.2997509,0.085809134,0.3046459,-0.088492684,0.066161826,0.041940454,-0.10907471,-0.037764367,-0.050073978,0.12811995,0.14078741,0.06910728,-0.16868435,-0.2970406,-0.03231747,-0.032555744,0.10520884
-0.9908826,0.19044165,1.0545753,-0.0512547,-0.3649807,-0.27654567,-0.0029855298,0.34882802,-0.09306718,0.10831757,0.036487304,0.32878318,0.08534908,-0.16029823,0.048128795,-0.026610786,-0.24746819,-0.013117203,-0.02035552,0.06162323,0.0014485074,-0.090401776
0.767582,0.5521149,0.12566414,-0.04529475,0.124592595,-0.060415637,-0.1575513,-0.064436726,0.0019900983,-0.087667055,-0.0003615219,-0.09612901,0.0027562105,-0.032642353,0.2075958,-0.24443656,0.1480057,0.007182754,0.067458816,-0.29643723,-0.029093316,-0.08186384
-0.93437266,-0.48465094,0.8514923,-0.6293781,-0.6558344,-0.03229221,-0.073465705,-0.007574162,-0.1247927,-0.016529243,-0.020054769,0.1120325,-0.06906668,0.07044461,-0.01010761,0.31243452,0.08941753,0.09713534,0.0680275,-0.25514242,-0.014314054,0.06045737
0.4975988,-0.09959198,1.5240207,-0.052270494,0.47139066,0.30497518,0.0040260153,0.4262505,-0.24040575,-0.55700237,-0.03517617,-0.14476053,-0.016744802,0.035934106,-0.06952025,-0.15348853,-0.25567183,0.12002531,0.08664635,-0.06525547,0.00057888706,-0.1627152
0.891317,-0.35584754,-0.20822972,-0.059777517,-0.38468814,0.6280001,-0.52846926,-0.19688454,-0.16006918,0.09196781,0.012602649,-0.42858076,0.23290116,0.38939142,0.06504836,-0.28759283,-0.3698005,-0.22411835,-0.1758077,0.11420944,0.012725987,-0.11889423
-0.65277433,-0.5638029,-0.6427536,-0.41161576,0.052594695,-0.50829095,-0.3152708,-0.020334793,-0.24932787,-0.14249416,0.22799797,-0.28916985,0.022033691,-0.023122326,0.046079986,0.063385606,-0.13144907,-0.12764415,-0.21115743,0.14844783,0.05135209,0.23305051
-0.7368121,0.58975446,-0.15958448,-0.117059775,0.15748043,-0.056829296,-0.22652696,-0.02526049,-0.013104784,-0.12331679,-0.013707048,-0.13829908,-0.06357629,0.009009293,0.035224475,-0.2117984,-0.3235019,-0.19957305,0.061917618,-0.22571394,-0.050507456,0.12864392
0.84119153,-0.1426016,-0.023802834,0.24971347,0.9757047,-0.7014739,-0.52980644,0.08983044,-0.23989217,0.17364518,-0.29520652,0.056663003,-0.15309209,0.42516744,0.035065982,0.012455471,0.24356103,-0.10315196,0.26274514,-0.021162508,-0.2210767,-0.048938684
-0.5145499,0.44790524,0.05148008,-0.14948334,0.6632532,0.2708626,-0.17194849,-0.042482387,0.097054616,0.5838717,0.118984155,0.016583523,-0.026765097,-0.06847966,-0.03407264,-0.13889875,-0.3235618,0.032808006,0.091904745,0.053865418,-0.04090792,0.16724277
0.847093,0.559093,0.14037555,-0.028267037,0.081338346,-0.09522878,-0.16692962,-0.016744735,-0.0013463113,0.07204489,0.050803524,-0.34699026,-0.00922782,0.0071890084,0.037413396,-0.34921753,-0.009819731,-0.060700465,-0.30944675,0.14123522,-0.026509885,0.12400677
-0.74390584,0.5694562,-0.17698999,0.09064375,-0.3058471,-0.20644706,0.40687433,-0.14819922,-0.0030810556,0.14349261,0.026411304,-0.03567474,-0.09206511,0.008655818,0.5017571,0.29064482,-0.39252788,0.13730617,-0.15616845,0.1584924,-0.010728286,0.17042862
-0.7010052,-0.26788688,-0.30559674,0.3838141,0.999152,-0.47768497,0.2987778,0.5408648,-0.42176747,-0.3377316,-0.26431006,-0.09405781,-0.20217702,0.41925848,-0.06319133,-0.22715573,0.09004377,-0.010044177,0.20341022,0.07383782,-0.1815082,-0.19332322
-0.73165405,0.3879849,-0.009461411,0.11162954,0.07183983,0.11419536,0.1541923,-0.87843794,0.06359617,-0.3139271,-0.117578976,-0.31081092,-0.08367691,0.08143529,-0.03273297,0.3521632,0.5340605,-0.5428019,0.3778995,0.13216802,-0.034472827,0.118079714
-0.6616169,-0.40052545,-0.69033927,1.0731469,-0.12646402,-0.6423902,-0.01521973,0.47984773,0.019359186,0.3860478,-1.2200266,-0.065527536,0.39271706,0.09498672,0.03194675,-0.08499543,0.098542795,0.025279725,0.012067466,0.006311418,0.5601092,-0.1533688
-0.71930265,0.60865116,-0.16065736,-0.15603663,0.24904828,-0.0008479636,-0.2982502,0.047675434,-0.034343187,-0.09928539,-0.032778393,-0.002484318,-0.04051097,-0.017069276,-0.041419234,0.05292286,0.008289194,0.013520029,0.12247738,-0.3670813,-0.047969468,0.06322974
-0.7210212,0.6206502,-0.21281876,0.05915322,-0.34353042,-0.26081347,0.32335427,-0.008801384,-0.00489096,0.08396208,0.052119702,-0.11413165,-0.048536096,-0.049546354,0.17783111,-0.15145761,-0.23286869,0.1291435,-0.16126932,-0.013777086,-0.002963687,0.07993822
0.8893729,0.60313725,0.17328186,-0.046624664,0.013153958,-0.15239885,0.12884456,0.2453153,0.021860138,0.56399053,0.1649126,-0.05203598,-0.034745462,-0.09351572,-0.2942728,-0.052036088,-0.18155621,0.15030946,0.017913435,-0.14534484,-0.030084858,-0.04155018
-0.59436923,-0.5942262,-0.57479453,-0.42788616,0.17455605,-0.4269187,-0.1331753,0.09782007,-0.19961865,0.23650382,0.31572172,-0.00017202183,0.050973,-0.13540347,-0.04452659,0.16682635,-0.10849214,-0.03440924,0.16063628,0.03196386,0.06646962,-0.008343334
-0.700552,0.5298962,-0.12806602,-0.19205314,0.5622527,0.1936618,-0.2916931,0.13662265,-0.023466667,0.010741342,-0.009621786,0.459959,0.14328364,-0.16988418,0.05883373,-0.053663574,0.14250544,-0.11994103,0.12691076,0.14702226,-0.013069584,-0.06233539
-0.7643086,0.40322363,-0.059482697,0.06415217,0.23973413,0.19626836,0.86368144,0.4198397,-0.14914547,-0.17338529,0.095588274,-0.055788744,-0.13977347,-0.022962254,-0.06372105,-0.06406283,-0.5320106,0.17532259,-0.042311177,-0.43450993,0.009448379,-0.38797867
0.9243943,0.63152957,0.12702222,-0.051599797,-0.008076023,-0.15919615,-0.12524821,0.26032144,-0.03033941,0.36481836,0.11438673,-0.35268456,-0.03794379,-0.023466753,-0.12748887,0.0110130375,0.20947915,0.051052365,-0.20768112,0.10936133,-0.017311482,0.03403499
-0.73236024,0.50672776,-0.09570529,0.0125822695,0.096918575,0.025124187,0.24068433,-0.2678334,0.025736064,0.112920105,-0.002433756,0.20747188,-0.013780281,-0.03067271,0.21403807,0.2480585,-0.1982878,0.44545007,-0.24863884,0.053965837,0.026018167,-0.1651113
-0.7297165,0.6483286,-0.21495458,-0.104870915,-0.00054927147,-0.13284162,-0.12758435,0.2216228,-0.064605184,-0.014725121,0.0073450776,-0.0048348648,-0.039022546,-0.056245588,0.1454467,0.13756467,0.117593795,-0.29125872,0.04757331,-0.27760887,-0.012168903,-0.20399626
0.89197457,-0.5843229,-0.3360937,-0.33887345,-0.06600924,-0.58915585,-0.11258373,0.13147159,-0.23544818,0.21551272,0.32502344,-0.2817109,0.04519254,-0.08438532,0.10943073,0.043037184,0.024076976,-0.25815842,-0.3780322,0.11269045,0.08039834,-0.029255668
-0.5671734,0.054547988,-0.26366004,0.97008824,-0.36178097,0.026519824,0.31530026,0.14236152,0.7723041,0.5892216,-0.4209812,0.054581307,-0.00043400074,1.1003995,-0.55462813,-0.19371517,0.08176432,-0.23696129,0.089994274,0.08337105,0.6345219,0.2661102
0.7361644,-0.3462272,-0.4007416,1.1808913,-0.14515589,-0.21056192,-0.47702456,0.6040956,0.55320275,-0.12920626,0.57119286,0.6049031,-0.24965005,-0.25062284,-0.1677812,-0.14398147,-0.09102081,0.020852385,0.2686042,-0.58940023,0.014207874,0.12146373
0.621134,0.59466445,0.023606632,0.12365027,-0.42074785,-0.30010444,0.45129353,-0.19079654,-0.032997176,-0.20401601,-0.030782374,0.21959426,0.049566366,-0.069473274,0.19830428,0.01811028,-0.11618514,0.52204967,-0.1767049,0.06552054,0.041069467,-0.17710212
0.8891976,0.57350886,0.18224172,-0.0981639,0.19578768,-0.058075536,-0.11771633,0.21694465,0.01822567,0.4236223,0.12720089,-0.113317356,-0.041811477,-0.07036176,-0.013951481,-0.0118306605,-0.14626105,-0.1426906,0.49782124,0.026924215,-0.029839186,-0.02568741
0.6723483,0.045482945,-0.3002138,-0.6411418,-0.59519553,-0.15633118,-0.06381893,0.10116707,-0.14553517,-0.37002993,-0.021414021,0.009160304,-0.027673077,0.076495945,0.016645566,-0.16524628,-0.048998866,-0.08232542,0.013101744,-0.08925917,-0.00414238,-0.025987517
-0.7062216,0.008484906,-0.31093717,0.06992915,0.8853501,-0.40745342,-0.407615,0.12575908,-0.19454053,0.0046545085,0.19955787,0.38759243,0.22114542,-0.28889662,-0.088728555,0.3416274,0.0064110546,-0.010275698,0.045442607,0.1270477,0.035421528,0.052169934
0.78487134,0.5170421,0.21894763,-0.09731548,0.31679603,0.017869696,-0.17289592,-0.05068722,-0.004455451,0.18387444,0.040166803,-0.060200058,-0.048334915,0.021790357,-0.087002225,0.12808917,-0.29990014,-0.24638969,-0.22413771,0.033801317,0.02249309,-0.4342609
-0.6829341,-0.26710203,-0.25248933,-0.47257298,-0.26371032,0.2673378,0.59602743,-0.72254753,0.081340685,0.08792915,0.035132386,0.2455929,0.0114835845,-0.016721832,-0.4315915,-0.22858141,0.13778147,-0.2713691,0.065009885,0.039868556,-0.044070225,0.2210486
0.64149624,0.23677091,-0.038776193,0.7429314,-0.45706418,0.35844088,0.022561686,-0.5634628,-0.1094725,-0.36690962,-0.13232413,0.04079233,0.40519896,0.1909967,0.39432845,-0.14249693,-0.041710384,0.12613276,-0.06143745,0.048711177,-0.020745782,0.026601622
-0.9124609,-0.31860584,1.2456428,0.26778683,-0.20093761,0.14717676,1.0925816,0.20186763,0.25849137,-0.067929804,-0.6009414,-0.37056112,0.06860483,-0.54359716,0.073251195,0.024397409,-0.17346491,0.19917342,0.07579803,-0.27345583,-0.19635333,-0.04667491
-0.78203094,-1.1709359,0.8323896,-0.368244,0.109514534,-0.33514857,-0.24240823,-0.15145914,-0.17606084,0.28753787,0.28134698,0.015074114,0.09314859,-0.13916767,0.022529181,0.12014831,0.10856092,-0.0061458647,-0.010224411,-0.047257144,0.087390535,-0.13958968
-0.7268087,0.5658025,-0.1495256,0.037151616,-0.13927993,-0.12220293,0.19632107,-0.23141807,-0.015715051,-0.007449102,-0.015674504,-0.11469157,-0.060264487,0.023234686,-0.033938847,0.27693075,-0.04388471,0.0411266,-0.2439721,0.14243133,-0.032135654,0.21760508
0.83988357,-0.09500173,-0.14411016,-0.52280873,-0.4869548,0.027601888,0.21447858,-0.22843842,-0.010571216,0.034651358,0.055009246,-0.10636713,-0.05359577,0.062191773,0.34827894,-0.21342456,0.0777633,0.44664866,0.31249052,0.094202645,0.04199261,-0.032311216
0.93627876,0.30413243,0.31326827,0.16429676,0.31069487,0.28897658,0.9862885,0.3536679,-0.059622712,0.17545061,0.20072494,-0.21034025,-0.0080132475,-0.15633138,-0.2979598,-0.54088455,0.109546,0.2533102,0.38246006,0.015646748,-0.0022695023,0.042267904
0.8900861,-0.09081448,-0.06502911,-0.7580747,0.11505028,0.24994025,-0.28978693,0.0638304,-0.055911094,0.22915651,0.062059604,0.09111797,-0.027849866,0.061623808,-0.21876407,0.0051519587,0.0017327371,0.12426053,-0.07696883,-0.06942224,-0.012864401,0.0042213094
-0.6770359,-0.017801976,-0.47848883,-0.547411,-0.6635309,-0.06308203,0.29258293,0.01125527,-0.08404746,0.12583329,0.05537111,-0.07117356,-0.1333478,0.08750276,0.5044521,0.28466746,0.05896658,-0.054607183,-0.11893161,-0.040362168,0.033783082,-0.14881752
-0.9386964,-0.7231582,1.0463554,-0.6112398,-0.12805471,0.34497592,-0.08114271,-0.62181586,-0.0058945757,-0.16884468,-0.06725071,0.2875434,0.055805046,0.03187728,-0.30373967,-0.17735459,0.05657436,-0.13062687,0.101211116,0.13462442,0.04165669,-0.203429
0.9115753,-0.30138266,-0.25824332,0.09256253,-0.86420935,0.44429883,0.15387942,-0.046529576,-0.16146065,0.4567228,0.09630962,-0.05574052,0.30400002,0.22669598,-0.18774895,0.13948095,0.1709191,0.13993117,-0.15071233,0.019919196,-0.011212069,-0.017630696
-0.6488216,-0.13462609,-0.36789325,-0.78862786,0.26638755,0.38274094,-0.42170647,-0.08440981,-0.05366818,-0.112719126,-0.020888846,0.17692064,0.022481801,0.051064726,0.14691098,-0.22242491,-0.031491995,-0.15784065,0.020605909,0.15334435,-0.024082389,0.20097622
-0.96312535,-0.10056989,1.2213416,0.015726658,0.29951513,0.31532207,0.46889868,0.57161415,-0.23552424,-0.3122513,0.0108242575,0.30984554,0.09034924,-0.16119216,-0.013597098,0.018142842,0.19694987,-0.051535312,0.057780273,-0.024121856,-0.009296454,-0.079082705
0.6155278,0.3070699,0.21833448,-0.0829829,0.892936,0.5012972,0.18941581,0.24684294,-0.22405875,-0.77560276,-0.10414152,0.29222035,0.05445015,-0.0038621835,-0.003835093,0.053403504,-0.26179817,0.06011143,0.11404741,0.11395875,-0.01676315,-0.036729798
0.95747435,-0.16721076,0.023236377,-0.7004759,0.15885194,0.34796855,-0.35072428,-0.21780112,-0.02592345,0.23990026,0.023233613,-0.258614,-0.14155667,0.16671497,0.038039155,0.3514819,0.54902273,-0.23573823,-0.00056070596,-0.37498677,-0.046253435,0.050376337
0.6997862,-0.973657,-0.5123737,0.4638579,-0.4152931,0.070802525,0.6293334,0.36856443,-0.5594463,-0.50089353,0.23038818,-0.06191358,0.41685626,0.085235804,-0.016031437,0.19564351,0.024583658,0.06996506,-0.07046837,-0.06434112,0.06412171,-0.15115944
-0.6451423,-0.086606495,-0.3794842,-0.8084668,0.21622638,0.34546188,-0.47371373,-0.06730469,-0.07170794,-0.1412983,-0.03616523,0.09851376,-0.023416838,0.08752383,-0.056426913,-0.019710489,0.089954175,0.08301861,0.10113689,-0.032426175,-0.017160818,0.11492079
-0.69921243,0.64109373,-0.2285425,-0.03542041,-0.12274876,-0.16451842,-0.026362156,0.09794566,-0.05752402,-0.042521756,0.003593938,-0.13,-0.017672941,-0.02922284,0.14843701,0.06715265,0.09551961,0.035294827,-0.114444025,0.14364265,-0.009487807,0.115552254
-0.69484735,0.65426123,-0.23107268,-0.055035364,-0.10005212,-0.17413098,-0.03695034,0.1548703,-0.045073703,-0.05376849,0.036051996,-0.11782244,0.03419241,-0.07946316,-0.16334736,-0.30358258,0.09413614,0.046696287,-0.2666136,0.11621611,0.017618379,-0.12938635
-0.68967146,0.51530766,-0.13782224,0.07710261,-0.0826293,-0.03348186,0.4595562,-0.13647245,0.03315561,0.17422508,0.03900431,0.33645153,0.10666914,-0.1968189,0.08832103,-0.053664163,0.38088396,0.17620651,-0.0737111,0.043551777,-0.0012736042,0.038418174
-0.8732702,-1.1824913,0.82915294,1.2205687,0.14859912,0.3064146,-0.09062705,0.47087008,-0.054435667,-0.2910253,-0.38712093,-0.38873598,-0.2336611,-0.8298943,-0.25510743,-0.17067988,-0.6789656,-0.21061552,0.37071157,0.053297747,-0.13752969,0.07764553
-0.6710409,0.3886914,-0.34507954,0.4736266,-0.099037744,0.44749862,-0.691923,0.02954426,-0.19388849,-0.20134097,-0.080595516,-0.3010976,0.35243878,0.23441575,-0.0011526197,-0.06897521,0.14888915,-0.062023968,-0.26822296,0.089967184,-0.0297859,-0.0038537665
-0.97941047,0.1087384,1.1290658,-0.015560506,-0.23709516,-0.1417182,-0.01902419,0.020142749,-0.06532645,-0.015478789,-0.023896359,0.2652035,0.09138975,-0.12563492,-0.08983886,0.062871054,0.09147243,-0.037911884,-0.08876176,0.06911787,0.011729325,-0.12006896
0.99898255,-1.0487945,-0.40071425,0.55764145,-0.18276745,0.2813056,-0.55358124,-0.13944454,-0.28391218,0.39616537,0.31538403,-0.12461372,-0.45736316,-0.1955018,-0.035194855,0.4061284,0.34924102,-0.019152245,-0.39817065,-0.31184974,0.05309952,-0.027656518
0.8070804,0.4053423,0.2819989,0.017388709,0.3116944,0.10573768,-0.08904398,-0.50522107,0.073705874,0.03009407,-0.016038416,-0.29173893,-0.08148076,0.08062015,0.25081024,-0.12440532,-0.04385528,-0.2124027,-0.28117645,-0.23641299,-0.05158495,0.06691485
-0.74017376,0.40863532,-0.0219439,0.07445487,0.14693493,0.106255166,0.63632125,-0.39353395,0.113147825,0.28613135,0.05528567,0.628602,0.115423135,-0.22315715,-0.18039234,-0.093192875,-0.06188795,0.1368707,0.031075075,-0.06229565,-0.033500955,-0.014560071
-0.8562809,-0.7531513,0.9360888,0.41946873,0.1485926,-0.68357635,-0.165317,0.069869176,1.1076069,-0.18766673,-0.17152947,-0.28477094,0.33723772,-0.4707583,-0.1698396,-0.24660838,0.3000863,0.16036989,-0.060845256,-0.24733286,-0.101604864,-0.05271169
-0.75384974,0.31423274,-0.030329596,0.1781242,0.08636153,0.0433561,0.25295424,-0.51661706,0.93415546,-0.25236055,0.21492267,0.019678414,-0.115021445,0.34227762,-0.0028732035,0.3164552,0.079333335,-0.064154886,-0.054311767,-0.2504636,-0.0011860495,-0.06458255
0.85604393,-0.20304097,0.02330579,-0.646595,0.056492545,0.29652232,0.012030839,-0.34510946,0.028654546,0.22682278,0.058267042,0.07826845,-0.07274552,0.08010081,-0.12599379,0.008945854,-0.1253403,-0.05823081,0.2970805,-0.088249125,-0.013857559,-0.068118885
0.8076519,-0.15475497,-0.05032594,-0.76489675,0.25728047,0.33693883,-0.37125847,-0.15982856,-0.038637523,-0.061259966,0.00127046,0.1695528,0.01601975,0.071592644,-0.13329141,-0.2321384,-0.17167147,-0.02092172,0.022497412,0.090589434,0.01839155,-0.18062358
-0.49450997,-0.5034036,-0.4802218,-0.21323863,0.049858853,0.88639003,-0.7035249,0.11304956,0.22407004,0.37337607,-0.6555162,-0.2803964,0.4069048,-0.18144503,-0.07703411,0.21987444,-0.09298131,-0.018687572,0.11166719,-0.36143187,-0.22512533,-0.092864
-0.703544,0.45952335,-0.23892365,-0.10424236,0.13317056,-0.052418325,-0.047261547,0.26011908,0.33434874,0.07391286,-0.6539508,-0.033608735,0.20939885,-0.58856654,-0.18925801,0.069057174,-0.1533007,0.06306403,-0.12522751,0.043314606,-0.18849957,-0.119533464
0.6420785,-0.0056542074,1.538091,-0.018384028,0.09210862,0.0062383064,-0.1897595,-0.04763488,0.04303845,0.32068828,0.07347406,0.024210151,0.06081139,-0.09549889,0.32517633,-0.41766125,-0.15225095,0.13132301,0.054697167,-0.031390283,-0.00025374148,-0.10284184
-0.6406746,-0.8543877,-0.7408989,0.27552116,-0.29486716,0.00420768,-0.34029314,-0.25994062,-0.3234894,-0.03557146,0.19213137,-0.25420582,0.34788683,0.18737596,0.30776614,0.26038378,-0.18083398,0.1835424,0.09036428,0.06128464,0.07648763,-0.028449494
0.7435342,-0.035099357,-0.19267507,-0.58627623,-0.50351423,-0.034496956,0.0992802,-0.12668508,-0.107516065,-0.13825849,-0.012336974,0.016283272,-0.047351837,0.10057937,-0.14741918,0.22616115,0.13582812,0.030489812,-0.10750494,0.07831643,-0.010421644,0.091350004
0.61944014,-0.15863024,-0.13070986,0.5120154,0.09935634,-0.7877872,0.4230493,-0.033822425,0.7159106,-0.3348946,0.49076316,0.54293156,0.2646605,-0.076732606,0.28217196,-0.11311866,0.04945199,-0.20770125,-0.16408536,0.0032512888,0.06386938,0.038199797
-0.95262027,0.07664814,0.98382586,0.34762058,-0.797825,-0.22841822,-0.009444475,0.1291244,-0.054608177,-0.06162058,0.06572236,0.115786366,-0.7865883,-0.4592046,-0.2828209,-0.17530961,0.011000666,0.15272734,-0.0024324812,0.009382383,0.032162737,0.026560087
0.80602473,0.45946416,0.1336013,0.17801993,-0.24830627,-0.26691478,0.3330364,0.1570636,0.867379,0.15983388,0.3858288,-0.055302415,-0.05845916,0.24520959,-0.18919235,0.10275648,-0.048818223,-0.16763848,-0.26422384,0.09399764,0.022770701,-0.16457818
-0.70644706,0.5332634,-0.14095095,-0.07361853,0.25290695,0.068447,0.040801197,0.03904719,-0.010635917,0.120928966,0.010311572,0.38927093,0.09156748,-0.13927211,0.2276913,0.07605571,0.053095687,0.09628956,-0.11542409,0.11315359,-0.017031465,0.06368543
-0.9578157,0.08261067,1.1359639,0.08225367,-0.40358666,-0.18182276,0.33581802,-0.057526156,-0.007818386,0.110869214,0.028310858,0.3926085,0.15719962,-0.22341162,-0.14613453,-0.2935572,0.10944073,0.30763173,-0.10443836,0.06536166,0.031397413,-0.09444319
-0.7571463,0.51353693,-0.105563596,0.142226,-0.31394985,-0.1664611,0.6010922,-0.3969127,0.02884992,0.13355953,0.021038968,0.0045042536,-0.061427694,-0.017726207,-0.15678385,0.2991335,-0.13626334,-0.11395653,-0.32977152,0.11448847,-0.024975976,0.07742687
-0.6090469,0.24544595,0.1000192,0.02077999,0.788251,0.55699974,0.7100104,0.35789678,-0.093224645,0.19272612,0.14010262,0.07427345,-0.07166839,-0.06741118,0.2796943,0.14055455,-0.2910149,-0.05321951,0.08332431,0.12704632,0.038408287,-0.4407042
-0.7294096,0.35145903,-0.093421586,0.107429735,0.20420976,0.054132827,0.045005225,-0.21241145,0.9105279,-0.19595256,0.23291656,0.1151978,-0.07954391,0.31402996,0.5891847,0.066771716,-0.1411645,0.16515309,-0.19567685,-0.30314565,-0.018006269,0.17767793
0.712644,-0.41723236,-0.44380933,0.3386113,-1.0048348,0.5603956,-0.21947332,-0.085889965,-0.2043454,-0.31041402,0.0011269226,0.28928983,-0.40393296,-0.17469148,-0.11188214,-0.43033683,0.010747101,-0.3705034,0.06053033,0.08007978,0.06878483,-0.27566513
-0.72243357,0.637923,-0.22355093,-0.026409132,-0.16653302,-0.1869646,0.15002492,0.20604193,-0.047100052,0.12798437,0.033761084,0.109891966,-0.024990529,-0.095257565,0.2933859,0.18635193,0.09196498,-0.12521914,0.0047642267,-0.26271346,-0.037963342,0.06877279
-0.67007273,-0.36188415,-0.23398724,-0.37197396,-0.16937257,0.46585256,1.0947081,-0.21588518,-0.13384786,-0.3378007,0.06217696,-0.3160998,-0.15473719,0.1369804,-0.3408793,-0.1834649,-0.0420408,0.22834346,-0.23307958,0.094691895,0.05104087,-0.1739566
0.6160007,-0.25106734,-0.0630084,-0.35466984,-0.64572597,0.041312806,0.7128411,-0.94605565,0.021718038,-0.27276424,-0.074535355,0.13941431,-0.09268267,0.14325656,0.18552677,0.23453347,-0.22156428,-0.13898262,0.022307154,0.081308745,-0.019264774,0.13224494
-0.70536464,0.684198,-0.24523342,-0.084009446,-0.10501411,-0.18934979,-0.1185417,0.21294574,-0.07869164,-0.05908273,0.014162462,-0.13465881,-0.016398648,-0.034951407,-0.100619145,0.09176512,0.13093579,0.0036994983,-0.0780508,0.10378392,0.004657696,-0.099947125
-0.53438956,0.37270382,0.114950776,0.051241174,0.32227457,0.20581104,0.39613798,-0.42436486,0.13736872,0.67708004,0.12212137,0.0017421737,-0.04608466,-0.068446234,-0.32228473,0.16842148,0.109290905,-0.19320989,-0.2595621,-0.036808368,-0.04726162,0.06970771
-0.58128756,-0.70305306,-0.47949055,-0.38099378,0.34518513,-0.26319438,-0.27992252,-0.4085854,-0.14872505,-0.03414094,0.21917075,-0.31488755,0.0016236388,-0.01714746,-0.031972468,0.046177376,0.25244907,-0.03683161,-0.14936157,-0.25534394,0.0484132,0.055067997
-0.7559553,0.53791034,-0.110798866,0.06740562,-0.17734413,-0.13195166,0.48147044,-0.23440701,0.040284015,0.15960224,0.04594625,0.13860878,-0.034463473,-0.07657372,-0.19745377,0.05295326,-0.107993744,0.0067370334,-0.17983691,-0.30385336,-0.01732012,-0.18057588
-0.82170606,0.17413259,1.1050332,0.04093853,-0.51937664,-0.3112309,0.086222835,0.2698455,-0.017221406,0.37220874,0.12953642,-0.19902587,-0.004335623,-0.11598141,0.25159281,-0.27826387,-0.087759435,0.18763964,0.17937614,0.14822358,0.01539664,-0.00741805
-0.71801096,0.6684793,-0.25368264,-0.01879995,-0.2647452,-0.27051383,0.14352308,0.22274132,-0.052188322,0.085465044,0.057353266,-0.053120937,-0.016767027,-0.06859706,0.06401724,-0.06400885,-0.22896811,-0.07155301,-0.1118017,0.14291704,-0.040857837,0.269485
-0.6900393,0.43899822,-0.045838937,-0.09078811,0.5345924,0.25862578,-0.0020228012,-0.24439485,0.053373545,0.019332435,-0.016745994,0.48905474,0.1706964,-0.19351722,-0.23623447,-0.25926146,0.17961966,0.12506191,0.101091735,0.1621657,-0.003488213,0.032426883
-0.49299294,-1.1252913,-0.4803958,-0.26924935,0.8355041,0.08805231,0.2639433,0.75170416,0.90899634,-0.1545977,-0.025601074,-0.3831393,0.16567963,-0.29512778,-0.055522952,0.054538753,-0.04773614,-0.026431574,-0.04038065,0.073404625,-0.08691333,-0.17879103
-0.61868143,-0.8493115,-0.7082692,-0.18622632,-0.13463244,-0.55319613,0.053151507,0.12828982,1.0279058,-0.15085736,-0.14834334,-0.2666248,0.18746735,-0.26711035,0.19529547,0.40722826,0.10919477,0.49672103,-0.08398402,0.09975985,-0.07901774,0.069673106
0.8139562,0.4801674,0.23699982,-0.012688741,0.20329572,0.009256133,-0.18158104,-0.41851842,0.038195852,-0.04769942,-0.00933455,-0.4678764,-0.09741668,0.11490765,-0.13948166,-0.069053195,-0.1420412,-0.11474114,-0.040942255,0.13383672,-0.025827212,0.055872068
0.9721484,-0.7418789,-0.11270845,0.081290625,-0.040958334,1.0504131,0.49566457,0.4615051,0.09479007,0.2909718,-0.5347461,-0.35467115,0.38055247,-0.22277658,-0.04942565,0.2144056,-0.11683484,-0.05971742,0.17065853,-0.17834887,-0.21425909,-0.18419555
0.8640928,-0.39798018,-0.3025708,1.2003952,-0.06075152,-0.14847018,-0.6315853,0.47896743,0.5646411,0.09241501,0.5984889,0.05627457,-0.3886596,-0.08457291,-0.015474433,0.065029405,-0.1996247,-0.28317082,-0.15852179,-0.27170545,0.03378626,0.17422882
0.6737584,0.617329,0.044711813,0.010064829,-0.22866075,-0.25619027,0.053050242,-0.07007366,-0.04043703,-0.20426445,-0.024515176,-0.08274118,-0.05479333,0.007136366,0.26442087,0.1364529,-0.23641422,0.082569405,0.5533623,0.07829087,0.0034651156,-0.057778977
-0.5895959,-0.1662377,-0.3115492,-0.58268285,-0.17531568,0.24723932,0.257995,-0.2819431,0.023153316,0.28395718,0.074522756,0.112183675,-0.04377918,0.021005524,0.057500504,-0.016158756,0.08021714,0.0962716,0.063126266,0.06879595,-0.009954331,0.14888649
0.9052211,0.046362206,-0.015724937,0.2254189,0.39997718,-0.69075423,-0.16679245,0.17094715,-0.13959138,0.38070136,0.3369984,-0.29924342,0.04520624,-0.20531832,0.03294314,0.1456315,0.08724424,-0.0452193,0.108175896,-0.31021607,0.017590899,0.031440355
-0.7146288,-0.35372576,-0.3696609,0.57788575,0.24313852,-0.9030071,0.45323056,-0.34973603,0.20445569,0.13878523,-0.97298354,-0.17958905,-0.016206939,-0.08053621,-0.01703597,0.123337105,0.20830251,-0.10137258,-0.052238304,0.14774403,-0.392382,-0.008183673
0.7819635,0.40168458,-0.0596379,0.49765736,-0.21027339,0.33095202,-0.36219478,0.25724688,-0.17232054,0.16650388,0.0043232264,0.13209465,0.38308004,0.101626575,-0.16017966,-0.022491228,-0.038142256,0.06767387,-0.0085001355,-0.47005862,-0.07472122,0.025104834
-0.92240244,-0.6635846,0.95130616,-0.4467371,-0.69140965,0.093301155,0.19558443,-0.5991152,-0.039524104,-0.20349634,-0.05171254,-0.065588094,0.0060024043,0.062460378,-0.035592638,0.0011677755,0.6573976,-0.46540266,-0.06400784,0.1238825,-0.005386287,0.018703608
-0.7204391,0.5543399,-0.13379876,-0.01976413,0.020430837,-0.06588406,-0.020198388,-0.27116364,0.00932606,-0.1686938,-0.018242713,-0.2402821,-0.03294755,0.013802225,-0.25819522,-0.21787316,-0.10911414,-0.08051061,-0.06867396,0.14242272,-0.01279678,0.06540648
0.8018866,-0.78765714,-0.2699862,-0.30541375,0.38677403,-0.2108762,0.4157084,0.5919432,-0.3733222,-0.28780466,0.34530255,-0.21793787,0.0058901682,-0.10933133,0.21757372,-0.334994,-0.21375208,-0.39392465,0.05896467,-0.4531479,0.0064528845,0.024040539
-0.67390776,-0.8307429,-0.532751,-0.068104774,-0.19285144,-0.4973795,0.40650803,-0.46086517,0.74499345,-0.18123001,0.52277774,-0.061139386,-0.008345165,0.2201352,0.04681906,0.24171717,0.09490552,0.06932294,0.11602382,0.09263652,0.117637075,-0.068303324
-0.7265939,0.5281391,-0.11330126,-0.048205927,0.17049795,0.041875742,0.10850319,-0.1163503,-0.00090411847,0.080761254,-0.01429397,0.29107115,0.0155767705,-0.090779856,0.030864509,0.3440479,0.11356515,-0.03377478,0.19268486,-0.06778134,-0.044448595,0.117523536
-0.66484547,-0.07450585,-0.39522824,-0.62322325,-0.31709573,0.121634096,0.13363692,-0.14280082,-0.05061511,0.04714344,0.023635887,0.07094416,-0.05862218,0.043429874,-0.17569278,0.04702251,0.26047036,-0.05664063,-0.17950271,-0.27192923,-0.006950387,-0.041277837
-0.6363493,-0.9751922,-0.5842186,-0.28371218,0.40609193,-0.26636726,-0.07588453,-0.024499586,1.0933378,-0.12520884,-0.15657029,0.11792152,0.28640032,-0.34650788,-0.027140658,0.054287292,-0.22046636,0.43366045,-0.03627321,0.097185574,-0.054646477,-0.14613645
0.92651665,0.07633203,0.14410865,0.63200414,0.34730354,0.856284,0.14732692,0.50648445,-0.2545207,0.06283372,0.10836394,-0.41485825,0.27965385,0.19957861,0.34633744,-0.28866652,-0.1711206,-0.2461225,0.047403518,-0.007086131,-0.085096486,0.16244261
-0.5065976,-0.53380555,-0.22802395,-0.59911174,0.51297814,0.7520047,0.51060104,0.3909967,0.21225722,0.06168233,-0.55267465,-0.3676077,0.06580415,-0.4100449,-0.120072335,0.016513992,0.034358237,-0.19278267,-0.25850308,0.105313584,-0.18889634,-0.08236457
-0.7178337,0.6022433,-0.1667232,-0.11596762,0.16525063,-0.035733506,-0.23214972,0.0069496217,-0.025657954,-0.12320738,-0.016598918,-0.09517588,-0.026104342,-0.015896996,-0.043879837,-0.14297752,0.018978823,-0.022400144,-0.114606865,-0.26012322,-0.020977734,-0.09053092
-0.57658696,0.40805373,0.022182718,-0.04978833,0.4892177,0.23808937,-0.16109632,-0.35992295,0.09824464,0.16202402,0.039920483,-0.24303564,-0.018779332,-0.014800807,0.12786677,-0.28849798,0.16758603,-0.3452991,0.052328017,0.0874214,-0.039259963,0.04527773
-0.70367974,0.686702,-0.26123956,-0.08396796,-0.119732186,-0.19334212,-0.1553403,0.25714657,-0.09455885,-0.06914624,0.0016619649,-0.14493263,-0.028699752,-0.030041745,0.12626597,0.2284995,0.22228473,-0.16053303,0.06282945,0.116815925,-0.011470406,0.011702475
0.8276745,0.040030155,-0.23955247,-0.6210982,-0.5749494,-0.12091555,0.08893779,0.28649634,-0.12268559,0.16007176,0.092619605,0.0002569965,-0.029618427,0.029707722,-0.042618215,0.06953779,0.14410289,0.06776341,-0.16420016,0.070716344,-0.006514838,0.043367926
-0.7150128,0.5265626,-0.11935725,-0.116072506,0.3471595,0.08892814,-0.15552467,-0.07319546,0.019996103,-0.05324349,-0.0052070823,0.1641327,0.046333894,-0.09159344,0.07781509,-0.2899702,-0.15105504,0.006829016,0.1681998,-0.03850555,-0.015359061,-0.003907825
-0.74485457,0.16245125,-0.05760847,0.2381285,0.47214216,-0.0882546,0.21446434,-0.28708526,0.86543393,-0.02602741,-0.27169576,0.52372605,-0.2649344,0.83194315,-0.11670866,-0.061374992,0.020872222,-0.13654391,0.29776862,0.18943149,-0.27052328,0.093079776
-0.7235006,0.5865566,-0.32359695,0.09489279,-0.1289557,-0.5700319,0.08523714,0.49618766,-0.13480105,0.26899385,-0.7705559,0.11979548,-0.34379563,0.6367159,-0.0028575533,0.111336984,0.068104565,-0.22617412,0.35524794,0.109068796,0.67218614,0.041503683
0.9447795,-0.9678837,-0.50356096,0.42571762,-0.06060245,0.25615638,-1.0042704,0.094851784,-0.34334177,0.03996975,0.26354438,-0.16733362,-0.42187884,-0.19178803,0.06067432,0.09270264,0.254186,-0.13180286,-0.091439314,-0.30554274,0.047639895,0.0023758558
-0.7017431,0.7092377,-0.26249203,-0.10514013,-0.11766121,-0.20427795,-0.1873894,0.25796318,-0.096495576,-0.079986535,-0.0028702233,-0.16155498,-0.04737985,-0.016743809,-0.04592217,0.29627195,0.15754962,0.0089882845,0.2524556,0.11054327,-0.013826255,0.064766936
-1.0028137,0.06325625,1.1815596,0.05790483,-0.3450957,-0.16311708,0.0038972266,-0.3983876,-0.026940105,-0.22527918,-0.06862583,-0.15371664,-0.022102384,0.019191654,-0.24365552,0.06719618,-0.023382483,-0.13511933,-0.0024390877,0.1336215,0.020706128,-0.17981414
-0.6260169,-0.3895665,-0.49809632,1.154296,0.000473445,0.014622462,-0.3742446,-0.011024653,-0.19725838,0.26909962,0.31285813,0.073074915,-0.3943192,-0.40417653,0.41999653,-0.27554148,-0.59986633,-0.20607015,0.13596487,-0.3260611,0.0065844688,0.3623052
-0.7958918,-0.014124969,1.3085212,0.047492184,-0.08767385,-0.016923144,0.12542345,-0.13133518,0.048839968,0.59105897,0.108189106,-0.07552263,-0.033347853,-0.051406432,0.16148125,0.031359483,-0.23748441,-0.18368326,-0.2952623,0.13533443,-0.024715226,0.1035601
-0.6234608,0.6436244,-0.19075173,-0.08656342,0.027558561,-0.097608775,0.057401158,0.36026257,-0.037261922,0.3405288,0.09430612,0.17287615,0.049749,-0.16078007,-0.07190461,0.07805739,0.18284018,0.09228336,-0.025737055,0.048191145,-0.02556055,0.09879132
-0.92830414,0.00044090473,1.2514395,0.052203007,-0.17487094,-0.056310162,0.011010204,-0.36432424,0.013973669,0.0050209058,-0.02497871,-0.10479162,0.0004226654,-0.03608123,-0.18937962,-0.12396902,0.19067933,-0.46640894,-0.16899608,-0.21245784,-0.038376857,0.030133277
-0.6564796,0.48040327,-0.049134046,-0.084021516,0.41177323,0.15638669,-0.07991074,-0.13799064,0.039565135,0.18264677,0.02949488,0.1010401,0.0126665635,-0.05079382,0.15379503,-0.07353167,-0.058433592,0.043840747,-0.32989118,-0.04403225,-0.0016969228,-0.18193221
-1.0083805,-0.78607196,1.1871622,0.5683189,0.22798215,-0.35006443,0.8871908,-0.51016235,-0.22511785,-0.6001284,0.1986739,-0.47025242,0.0013961411,-0.09073929,-0.46623483,-0.112449475,-0.3119385,0.24335085,0.15855263,0.066423126,0.102315634,-0.2481898
0.8024172,0.46094218,0.21748474,-0.0745329,0.37931877,0.06848916,-0.15397759,-0.049369548,0.026262479,0.21023366,0.0392853,0.02912055,-0.009267141,-0.03332193,0.4241066,-0.16347288,-0.37475598,-0.47891855,-0.050121684,0.000419819,-0.055291817,0.18249457
-0.9424824,-0.73565966,0.9624274,-0.35706684,-0.6728148,0.21567693,1.0204294,0.12075645,-0.22046733,-0.30691266,0.06478394,-0.18452357,-0.13987133,0.08894333,-0.049882676,0.070901476,-0.09403587,0.14224926,0.2278769,0.08083049,0.030298676,-0.09625643
0.6702517,-0.69402546,1.3680754,-0.57270324,-0.2679488,0.19962493,-0.16286306,-0.53769344,0.01549731,0.1836133,0.021981906,-0.30681655,-0.11699209,0.17717285,-0.2507183,-0.18114257,-0.113467164,-0.02124491,-0.23687252,-0.21392962,-0.022878103,0.08704328
0.6155147,0.6360179,0.001988015,0.066613786,-0.4041936,-0.3335454,0.32704392,-0.027885051,-0.08298723,-0.2435866,-0.03270318,0.21599604,0.079799086,-0.09605661,-0.30051872,0.09200912,0.1408806,-0.06564369,-0.23557575,0.05093107,-0.011906279,-0.048749905
-0.72407943,0.54746574,-0.1174957,0.010559468,-0.017860293,-0.051122956,0.2002752,-0.22830303,0.0102121625,0.026783269,-0.0102249235,0.047319517,-0.027330773,-0.040602367,-0.16619714,0.13612989,0.14541747,0.11226854,-0.21394373,-0.2709576,-0.024617985,-0.009998584
-0.7486321,-1.0104452,1.1787004,0.4776345,1.2683234,-0.26773572,0.065273196,0.6417499,0.50604385,0.023062624,0.08346425,0.02042966,-0.17703296,0.6961442,0.14730671,-0.35377157,-0.13335383,0.0044397083,-0.13421528,0.30391112,-0.17188673,0.057796247
-0.7305822,0.60661894,-0.17400101,-0.13026626,0.17442429,-0.024131855,-0.4590137,-0.07102266,-0.08276983,-0.29859868,-0.08508593,-0.36153945,-0.11088461,0.11573815,0.20676842,0.37765086,0.09276812,-0.34568352,0.05239751,0.14452714,0.028946012,-0.2715697
-0.575927,-0.24390763,-0.30019566,-0.6383873,0.26080492,0.5607308,0.49563545,0.56341,-0.22042327,-0.07207581,0.11517735,-0.06389549,-0.10979959,0.05065057,-0.05987711,0.0025927478,0.026262295,0.18742755,0.09735546,-0.07317384,0.004475355,-0.02070355
-0.72787863,0.26933,0.030336281,0.06085871,0.6289415,0.4905626,0.6288306,0.052272372,-0.1377184,-0.37643555,-0.012144517,-0.04571132,-0.07108774,0.02026282,0.058323823,0.16090171,0.010655861,0.07529797,-0.14045098,-0.07563978,-0.009811101,-0.11347769
-0.73099846,0.3045922,0.0068956427,-0.11166782,0.96805817,0.57221365,0.33978465,0.46681637,-0.17293859,-0.28725964,0.027887883,0.29940322,0.03956334,-0.093996465,-0.10644629,-0.123564765,-0.30045837,-0.14156847,-0.105084635,0.031338137,-0.007157855,-0.1850173
0.8702524,0.45889834,0.28768635,0.008628364,0.20349185,0.037529964,0.003702416,-0.31776947,0.068502724,0.31142557,0.049884234,-0.3267295,-0.1398888,0.062722676,0.09631954,0.20862105,0.008201867,-0.15831637,0.111746706,-0.26649895,-0.04020021,-0.029629704
-0.6613458,-0.23459424,-0.6409641,1.1946545,-0.41067263,-0.19099867,-0.27115604,0.15478845,-0.3088956,0.10778864,0.27375382,0.08059375,-0.37751216,-0.3871259,0.16102976,0.481012,0.00560026,0.38217804,0.22740923,0.05601041,0.080684446,0.031134283
-0.65931,-0.4323848,-0.61553884,1.2813218,0.030119535,-0.26917982,-0.5586495,-0.0021883484,-0.37687525,0.04358683,-0.31117252,0.06706682,-0.65644234,0.31651127,0.13821289,0.11648382,0.07271725,0.25759953,-0.096494965,0.1845473,-0.18548858,0.11501424
0.84365016,-0.15940109,-0.041024122,0.5283391,0.40903446,-0.4338081,-0.51470155,-0.26834837,-0.10214933,-0.117695846,0.28334454,-0.38762546,-0.77578485,-0.43367296,-0.120711766,-0.21159315,-0.26684865,0.026957892,-0.060684957,0.15054055,0.1287644,-0.2384281
0.8179142,-0.118968055,-0.09311359,-0.71594226,0.054792,0.2267529,-0.19184016,-0.06130647,-0.0423686,0.060165536,0.028984295,0.19707689,0.00765198,0.052004583,-0.026562853,-0.23155655,-0.22061707,0.13440455,-0.12880315,-0.047981847,-0.04728235,0.2755977
0.9785965,-0.86174756,-0.4023138,0.15655623,0.046550747,0.093159504,-0.6363383,0.18735749,-0.32498464,0.41103142,0.3096557,-0.2033541,0.3945144,0.09151786,0.21982343,0.23870601,0.091776416,-0.3288301,0.3803629,-0.04894891,0.040303137,-0.12589368
-0.7420083,-0.08336261,-0.24390227,0.3789359,0.2548838,-0.61395836,0.3595181,-0.4761825,-0.054839365,-0.0059825033,0.25099853,-0.02346376,0.105527766,-0.26142114,-0.0353902,-0.2430192,-0.05122802,-0.06331519,-0.050908457,-0.31119666,0.13388592,-0.6060198
0.8121731,0.34205216,0.33812213,0.100525215,0.2704441,0.1632539,0.11622299,-0.80776227,0.11922377,0.028490249,-0.04320059,-0.26915017,-0.09859578,0.09174867,0.23797259,0.10446529,0.17847864,-0.0017855939,-0.044194996,-0.25908846,-0.05946629,0.14995366
-0.72357166,0.54166526,-0.12476414,-0.10016111,0.27021116,0.045872997,-0.13953166,-0.0936961,-0.0031722877,-0.06337809,-0.012450087,0.06561988,0.017664539,-0.04241871,0.0008179342,-0.14916526,-0.19310746,-0.0051277624,-0.11952393,0.079344064,0.011319252,-0.12874621
-0.66150177,-0.08775877,-0.41473812,-0.6779902,-0.14736411,0.16771205,-0.14345287,-0.09145673,-0.033599067,-0.06925008,0.02519834,-0.062872574,-0.057467505,0.07838816,0.27899477,-0.41544172,-0.06360008,-0.1066079,-0.1896349,-0.23762935,-0.040809225,0.15566415
-0.9737131,0.09359291,1.1211913,-0.100736976,0.023182355,-0.047704298,-0.3265103,0.11535567,-0.04801944,-0.11119648,-0.02083566,0.25388816,0.1226864,-0.13076563,0.25487983,-0.3745828,-0.06438347,-0.07557658,-0.041479927,-0.03674006,-0.014823994,-0.080971114
0.7935274,-0.30302227,-0.11368675,-0.6062931,-0.18312974,0.14665239,0.02662328,-0.23993367,0.35402706,0.011873741,-0.6674899,-0.276395,0.06341091,-0.35145766,-0.13838354,0.038235493,-0.19961016,-0.1854561,-0.12101849,-0.28463933,-0.21929467,-0.022515574
-0.6498218,-0.37180004,-0.45108563,1.0869957,0.019368054,-0.47558087,0.04376012,-0.2109403,-0.27316636,0.36944208,-0.23545386,-0.12562053,0.13038385,0.601265,-0.19645402,-0.2750871,-0.26778457,0.03860201,0.29166993,0.09152173,-0.1919937,-0.21273412
-0.9488171,0.1565689,1.0520548,0.10614914,-0.66615546,-0.33651742,0.24367975,0.037076868,-0.039732903,-0.02668363,0.0204625,0.04419613,0.07549861,-0.16279712,0.16762811,-0.19759488,0.25612307,0.1302345,0.40420222,0.12389415,0.011127689,0.06343965
-0.71334726,0.61990505,-0.19636889,0.04272388,-0.289557,-0.22009619,0.32610244,-0.025478477,-0.017360391,0.07689874,0.041648474,-0.01854534,-0.003666682,-0.08415959,-0.24975161,0.036672,0.054778773,0.046023957,-0.050997727,0.110471115,-0.014135,0.09930936
-0.58082443,0.32682183,-0.4333391,0.79779583,-0.47955868,0.47203255,-0.57358867,0.35774988,-0.18265939,0.16630003,0.0696042,-0.07533264,-0.48194125,-0.21054143,-0.13146617,0.0905676,0.14910169,-0.00088624493,0.018251222,0.12492097,0.01050545,0.03181366
-0.67249894,-0.69245696,-0.5397084,-0.290774,0.057622984,-0.3761444,0.17882514,-0.33632493,-0.16876076,0.07270346,0.23151511,0.14832641,0.043717623,-0.112449184,0.30123615,0.538719,0.12712751,0.014255196,0.2930838,0.016044319,0.06888093,0.014413129
-0.5862369,-0.2337174,-0.41814685,-0.63094485,-0.26321274,0.14309886,0.110297956,0.027169155,0.34527647,0.24939902,-0.60386497,-0.26048216,0.07249963,-0.4396493,-0.2117308,0.11461243,0.14519759,-0.12486167,-0.074000925,-0.2760661,-0.19948903,-0.07497759
-0.73433167,0.57008857,-0.1481734,-0.028612528,0.011352326,-0.067137025,-0.07353992,-0.21931906,-0.017642722,-0.14498675,-0.03603351,-0.24529289,-0.09794806,0.071163006,0.2197654,0.18272927,-0.15559785,0.064044125,0.004754311,0.13288105,0.04106213,-0.25749677
0.9002089,0.3830167,0.3243985,-0.009593601,0.47517335,0.21552134,-0.13648267,-0.39770022,0.07053629,0.23642547,0.022985263,-0.21940964,-0.018503258,0.02122112,0.12234958,0.025820445,0.30537274,-0.2855794,-0.23685795,0.07943542,-0.018399144,-0.052161757
0.6725599,0.6375141,0.049165234,-0.06691396,-0.07801994,-0.21744937,-0.06611072,0.07264059,-0.050600324,-0.15854044,-0.021126965,0.06572665,-0.030651595,-0.03155758,0.032157898,0.05890525,-0.19829978,0.04964411,0.3899811,-0.31039453,-0.045648955,0.044377256
-0.43480206,0.49580434,0.035092264,-0.1602423,0.66530013,0.21490486,-0.30044565,0.22067091,0.08918156,0.7805303,-0.15002593,-0.17984524,-0.088048175,0.053599134,-0.1352598,0.18095225,0.008830383,-0.16017947,0.06766146,0.08185908,0.9251439,0.0028719106
0.7286362,-0.053889956,-0.16120993,-0.7428728,-0.06276833,0.14077018,-0.097683005,0.14274037,-0.098248005,0.012690324,0.015974797,0.5219035,0.041500524,-0.020593075,-0.11326781,0.084183075,-0.08279374,0.03544315,0.044963885,-0.23379195,-0.021910612,-0.092626356
0.85720897,0.40067106,0.06270292,0.1293768,-0.27626234,-0.19948044,0.39091614,0.0756575,0.40275723,0.358957,-0.5773307,-0.32502833,0.13978742,-0.5542579,0.5120905,0.15610051,0.06722272,0.35505968,0.018845517,0.07551625,-0.17732686,-0.0806238
-0.71252686,0.5277242,-0.10094729,-0.12974288,0.38516834,0.10904981,-0.33985087,-0.24165477,0.017708873,-0.21182477,-0.06601944,-0.10274834,-0.04444869,0.02500102,0.0633397,-0.1867921,-0.081315145,0.109574385,0.13392334,-0.3291865,-0.047287438,0.1709516
0.6451252,0.018583745,-0.29750195,0.58974034,-0.19710457,-0.7828844,-0.07755235,0.18081236,-0.25088015,-0.30284765,0.2397059,0.29062414,-0.63421416,-0.603568,-0.06923013,0.26924768,0.040211365,0.1687522,-0.22156762,0.06864411,0.10656132,-0.13212901
0.6652024,-0.100243494,-0.26511362,-0.5658182,-0.41370872,-0.07093118,-0.0707073,0.21879807,0.7103777,-0.43411216,0.22455865,0.33878955,-0.050691843,0.3813207,0.01326498,0.30927843,0.040864486,0.12226892,-0.20088278,-0.296038,-0.0054043005,0.05206693
-0.64887625,0.51337093,-0.062698394,-0.20803992,0.6300287,0.21345215,-0.47056165,-0.029325387,-0.004764376,0.03898484,-0.015714934,0.020776857,0.002615875,-0.01095034,-0.028156225,0.010316901,-0.16827472,-0.15926932,0.045952257,0.16007286,-0.03146518,0.118814535
-0.6974558,-0.7230395,0.88136876,-0.32632402,-0.4367638,0.4229912,0.17660876,1.0354112,-0.29361886,0.23270623,0.23395598,-0.26715666,-1.0393419,-0.25731167,0.10638511,0.30019578,0.031336796,-0.16716217,0.09099568,-0.19463451,0.009625088,0.06930831
0.8182304,-0.1752628,-0.051492557,-0.6339487,0.016504139,0.2930065,-0.022865947,-0.2954692,-0.024731789,0.09246207,-0.008553086,0.2392051,-0.033619642,0.09468185,0.38308242,0.24264033,0.039381977,0.45477304,-0.11444354,-0.069182225,0.0033034512,0.017329965
-0.6450875,-0.57505924,-0.6256713,-0.38958278,0.053554542,-0.4803677,-0.2509991,-0.09675029,-0.23894048,-0.12954056,0.22460024,-0.2566312,0.034013793,-0.025926635,-0.011595217,0.12287701,0.016231816,0.13746446,-0.3419682,0.12266559,0.084683366,0.026819522
-0.5790428,-0.13421084,-0.29918712,-0.7758807,0.26432604,0.39896798,-0.36664352,-0.20345913,-0.009819972,0.058186904,0.012572079,-0.010329479,-0.060335323,0.10276418,-0.15458986,-0.124337584,-0.050722726,0.28670543,0.10342353,-0.02368027,0.0053568124,0.03283476
0.7164514,-0.32027644,-0.2490668,1.0720993,-0.20663851,-0.3576408,-0.05354457,-0.10069287,0.58833575,-0.27018562,0.46537912,0.031593427,0.48929894,0.27702627,-0.2571503,0.06911541,-0.11884706,0.32177615,-0.07184723,-0.0017283915,0.06842703,-0.04199385
-0.7450531,0.3679075,-0.060846113,0.051494516,0.28359726,0.071219586,-0.15425414,-0.31099293,0.8839541,-0.39123747,0.20150678,-0.09472855,-0.09125527,0.3660949,-0.23119071,0.09324444,0.07505623,-0.22240962,-0.25872284,-0.23289208,0.022322364,-0.24883893
0.59528244,0.6879356,-0.04807935,0.0030037202,-0.41120207,-0.39559,0.15087861,0.17141303,-0.10220121,-0.26536372,-0.021732282,0.13788806,0.00838649,-0.06432333,0.13911025,0.116912246,-0.254483,-0.14774278,0.29814753,0.058636945,0.00035982253,-0.11997677
-0.66413146,-0.3121109,-0.17087431,0.3998838,1.0036267,-0.5149085,-0.049430363,-0.52624375,-0.1240968,0.24727722,-0.3197595,0.18795224,-0.19671865,0.47253504,0.49791312,0.09234111,-0.16407081,0.3194827,-0.04028648,0.19347571,-0.15419008,-0.21336336
0.5906332,-0.67092586,1.2838718,-0.45462844,-0.65939754,0.019472677,0.312821,-0.4541503,0.021075876,0.24239913,0.057503216,0.0031461862,-0.07201573,0.06736941,0.09993633,-0.1735482,-0.19209673,-0.012754855,0.027984848,-0.25406066,-0.044311747,0.2030725
0.80771786,0.025059968,-0.20378488,-0.6756523,-0.42782557,-0.06261886,-0.11884325,0.16016288,-0.118516386,0.025549497,0.052383672,-0.14339648,-0.09551669,0.11180549,-0.12596343,0.13347383,-0.08104437,-0.011963784,0.10727082,0.082683176,0.007343859,-0.051734425
0.83540344,0.54913604,0.15610133,0.11212791,-0.25998965,-0.20774709,0.4297657,-0.114523456,0.048242792,0.3150838,0.115074165,-0.120978035,0.0024557875,-0.09053061,-0.17747533,-0.18093872,0.07274931,0.18933776,-0.06622474,0.06974246,-0.008485561,-0.021688234
-0.6243299,-0.39807603,-0.55122066,1.1898954,-0.03595385,-0.08539479,-0.533356,0.3431878,0.5947822,0.064993076,0.59724194,0.080044925,-0.40793332,-0.07993076,-0.2693784,0.021475475,-0.30945233,-0.04174948,-0.2885457,-0.27961645,0.081939794,-0.13175455
-0.6069934,-0.92063266,-0.85721207,0.4592759,-0.28285718,0.18352626,-0.57931113,0.2540593,-0.37217596,0.12140784,0.28587693,0.3358527,-0.32052064,-0.33423913,-0.036207464,0.21918403,0.08761739,-0.021452226,-0.26819295,0.01496195,0.07686228,-0.008659516
-0.8246557,-0.90967506,0.7487932,1.2153157,-0.14320786,-0.027892752,-0.59069544,0.37213942,0.57374865,0.050754935,0.56256205,0.5354243,-0.17969769,-0.26466942,-0.39792004,-0.0829789,0.13471402,0.23949264,0.10909853,0.10371179,0.08188707,0.17033973
0.88449514,-0.16491441,-0.018585544,-0.7670411,0.31840435,0.3811384,-0.41525885,-0.089891285,-0.049688734,0.14807636,0.02266051,0.08185703,-0.014456702,0.102612525,-0.002161714,0.0336974,-0.001586856,-0.082361095,-0.2660379,0.120794885,-0.0047305725,-0.020292267
-0.66453606,-0.9572013,-0.5970969,-0.2936841,0.32279426,-0.32744485,-0.13111652,0.009776147,1.0692592,-0.188565,-0.1746638,-0.0037955828,0.21569756,-0.31532454,-0.02076002,0.2934082,-0.11462035,-0.20399491,0.341833,-0.07281495,-0.10856093,-0.034926064
-0.9013689,-0.7199471,0.83235425,-0.63777083,-0.3816881,0.13891415,-0.0010758599,0.1359543,0.27647966,0.11529442,-0.6624583,0.307078,0.28595844,-0.56424004,-0.12447162,0.07760855,0.123194076,0.05371013,-0.2366862,0.095984966,-0.18998066,-0.009864238
-0.9881358,-0.011208549,1.1626617,0.098590195,-0.1542403,0.048839793,0.5107673,0.45133865,-0.27906984,-0.45062137,-0.0063527916,-0.31687406,-0.09723566,0.057767853,-0.10976888,0.26709044,-0.10954639,0.0036237175,-0.27813578,0.12650841,-0.005323351,0.0036423777
0.837255,0.61543435,0.10644986,-0.023217285,-0.071128525,-0.18468215,-0.04729807,0.13693431,-0.039899494,0.19676654,0.06598812,-0.24693368,-0.03646845,-0.0025773621,-0.013138845,0.07515271,0.046517715,-0.0050345357,-0.22953513,0.1128483,-0.024513278,0.07691351
0.6302947,-0.16641071,-0.1110634,-0.3905125,-0.77557987,-0.074563354,0.78312856,-0.65054405,-0.008729769,-0.21760347,-0.006850145,0.24481103,0.012441378,0.0024249107,-0.666175,-0.09210114,0.09060479,-0.43136334,0.0756604,0.03502149,0.009978525,-0.15814908
0.6229204,-0.05062028,-0.22905366,-0.71691865,-0.21521881,0.038965434,-0.11022646,0.1833687,-0.16054143,-0.1848949,-0.035677787,0.4975667,0.014243606,0.028230894,0.37378356,0.20526521,-0.31369784,-0.6991782,-0.18003711,-0.071307756,-0.029279005,-0.050008625
0.6353195,-0.10810246,-0.14965563,-0.61639285,-0.31074643,0.07071469,-0.0054003904,-0.3983063,-0.07653336,-0.39724624,-0.098069385,0.12673178,-0.09436408,0.15318887,0.09621554,0.20362279,-0.17456114,-0.1367085,0.22818106,-0.2938647,-0.036481865,0.08139724
-0.93159467,-0.4147162,0.790428,-0.7257758,-0.60315657,-0.10553742,-0.2893394,0.3193522,-0.1498917,-0.026165923,0.029127413,0.07292477,-0.024984078,0.02735566,-0.15991408,-0.2845269,-0.31665504,-0.051392004,-0.13415708,-0.21692704,-0.01356653,0.08614962
-0.698802,0.2691549,-0.28106084,0.7070933,-0.46147332,0.3465235,0.14146672,-0.3099704,-0.031789932,0.076797925,0.034488373,-0.11702931,0.37158796,0.112150066,0.28857768,-0.8023998,-0.578963,0.19293213,-0.026175806,0.1096291,0.014954422,-0.060211763
0.66686845,-1.327145,1.2363672,-0.27396095,0.25756413,-0.20800883,0.024905536,-0.52368414,-0.11118271,0.44700646,0.27160564,0.29660675,0.115780264,-0.13340111,0.119414575,0.46520117,-0.053795096,0.10825752,0.121665336,0.120613255,0.07188191,-0.07426205
-0.5613066,-0.6383495,-0.5450985,-0.48148823,0.46639788,-0.26288787,-0.524583,-0.046960726,-0.18127747,-0.024589906,0.2494251,-0.20881534,0.066364884,-0.088252045,0.10270823,-0.19585767,0.36087513,-0.028975563,-0.13166384,-0.3905829,0.03474837,0.005222953
0.9353748,0.21023533,-0.012971917,0.7762675,-0.14971088,0.6116888,-0.5256405,0.30095553,-0.07426135,0.5087259,0.15028836,0.15318336,-0.47107056,-0.28460076,-0.16254766,-0.25796235,-0.0896399,-0.023416556,0.27824497,-0.52780557,-0.039097555,-0.059317213
0.69230026,0.0035785951,-0.27092814,-0.65729034,-0.4077889,-0.03179312,-0.0534716,0.11852172,-0.13202628,-0.28476667,-0.025656262,0.28336954,0.05387611,0.002987188,0.06680207,-0.19326659,0.23622274,0.066145174,-0.26795483,-0.31891298,-0.033675477,0.06441241
0.8558099,0.35332966,-0.0062103793,0.5701283,-0.24907556,0.37256438,-0.418519,-0.02575266,-0.15232529,0.16483182,-0.013096632,-0.33824545,0.26682374,0.26349247,0.21008745,0.32694665,-0.005819242,0.18972586,0.12616703,0.0520733,-0.023786686,-0.026331568
0.74561906,0.5361849,0.17280997,-0.10259528,0.29531154,0.004784017,-0.35991967,-0.21159858,-0.010393057,-0.18149318,-0.05369084,-0.22005582,-0.07021776,0.083556205,0.0044300426,-0.06196128,-0.19238265,0.020383075,-0.0830286,-0.25164154,-0.02945192,-0.015522022
0.90058845,-1.1336213,-0.29704395,0.35390562,0.27965543,0.4405105,0.58139354,0.5221886,-0.41899082,0.24054344,0.41023418,0.27209768,0.51137626,-0.085395895,-0.096597224,-0.23734044,-0.2271943,-0.17110081,0.18137726,-0.021322101,0.004680885,0.007914662
0.9381954,-0.16415912,0.025620794,-0.7011665,0.13496685,0.31483984,-0.15267955,-0.1204913,-0.013410431,0.41810644,0.08324991,-0.015117224,-0.09317004,0.09737975,-0.16868113,0.2868674,0.11438386,-0.14909571,0.024439171,-0.07203643,-0.030867489,0.015309821
-0.67891127,-0.09245332,-0.40337017,-0.49322122,-0.60715973,0.0135483965,0.50349015,-0.2708019,-0.031121876,0.17364404,0.055195782,0.036939994,-0.094915785,0.075592585,0.1229146,0.20867799,-0.061657738,0.17245975,-0.31987894,0.11985891,0.022402614,0.0008662704
0.9238344,-0.41756517,0.1568666,-0.53786415,0.4072223,0.67877346,0.60606414,0.061200738,-0.12458143,0.06422431,0.121460386,-0.28793702,-0.20711207,0.16892919,0.020381616,0.1328118,-0.16734569,-0.038368393,0.18417181,-0.09043149,0.007542897,-0.1932115
-0.6191552,-0.16670828,-0.30674607,-0.7295813,0.16723958,0.34279084,-0.14065081,-0.082360394,-0.018555963,0.23915677,0.06089961,0.16665694,-0.03997411,0.055308234,0.19781114,-0.12522069,-0.37587547,-0.30434027,-0.22556756,0.16344556,0.004301484,-0.01624727
0.6826894,0.5375166,-0.057218973,0.1682023,-0.20343131,-0.633941,0.21460722,0.36369854,-0.105951615,0.13159847,-0.77251625,0.23111972,-0.262669,0.59760803,0.024165245,-0.32244074,-0.05188152,-0.17528515,0.31301954,0.06880744,0.6658163,0.017556574
-0.6298038,-1.0733674,-0.5725181,0.24171461,0.35324535,0.4327002,-0.12655984,-0.4547804,-0.19842887,0.21068951,0.22237161,0.6717433,0.6151533,-0.08775054,0.15928127,-0.13219279,-0.09356907,0.24254145,0.29208526,0.10722082,0.052252978,0.0076645957
-0.7430494,0.5084338,-0.07957793,-0.01753905,0.12729533,0.022998225,0.034500536,-0.37388384,0.020722726,-0.094717555,-0.04621356,-0.074867345,-0.07345996,0.03185146,-0.07387182,0.15526922,0.012742768,-0.060236044,-0.12342603,-0.2611263,-0.020014776,-0.1007852
0.6207038,0.6319868,0.0064505897,0.015365962,-0.2504528,-0.26097918,0.07015685,-0.070995934,-0.10058618,-0.36117694,-0.08416047,0.10165614,0.03771789,-0.017164983,-0.07615075,0.26016557,0.13691035,0.02346241,-0.17210233,0.07416707,-0.021847893,0.05625209
0.5905715,-0.058398448,-0.20663087,0.4540357,0.15188943,-1.1102787,0.07189315,-0.014745455,-0.3232027,-0.24751425,-0.36601043,0.19449931,-0.14758332,0.4174949,0.09365291,0.2884116,0.24195263,-0.49063647,0.121751875,0.08764803,-0.19303001,-0.271428
0.5519166,-0.11930942,1.5588536,0.116155416,0.08257512,0.16677144,0.5751588,0.4015438,-0.19999401,-0.13532229,0.056384876,-0.1644198,-0.068847254,-0.008605833,-0.04205395,0.034997765,-0.025242262,-0.042103555,-0.27010775,-0.39233577,-0.037561204,-0.058611564
0.93001515,-0.4698551,-0.047099408,-0.53117144,0.21031679,0.5436527,0.31750682,0.25087872,0.17468145,-0.3467591,-0.62799644,-0.880756,-0.017236134,-0.24620083,0.18617001,-0.122905135,-0.0011575803,0.28286093,-0.15943934,0.12906507,-0.15403907,-0.037062135
0.9897159,-0.20631595,-0.17649591,-0.60124993,-0.29995963,0.008476037,-0.01439498,0.32619166,0.36953187,0.48491547,-0.821698,-0.528686,0.06499393,-0.33424902,-0.095363386,-0.14809279,0.015808137,-0.06189857,-0.035500836,0.053106446,0.76664823,0.024198394
-0.70407283,0.099057496,-0.38711005,0.18468688,0.3630364,-0.6894054,-0.33602697,0.012546451,-0.22002271,-0.18062694,0.19261295,-0.29879504,0.070797116,-0.12260111,-0.116591774,0.27218786,0.013452333,0.06293009,-0.26074064,0.11281591,0.054864235,0.044071175
-0.65801716,-0.062943704,-0.40263298,0.4577312,0.19934273,-1.047676,0.22927918,0.17079498,-0.23316965,0.42862543,-0.19340667,-0.038649455,-0.22172484,0.3962639,0.2790878,-0.0016269375,-0.12982607,-0.10781099,-0.1306095,0.19358674,-0.21905625,0.154898
-0.6317849,0.49462712,-0.051701523,-0.051171813,0.30515122,0.12530413,-0.025488744,-0.23803253,0.043142583,0.10775476,0.015615268,-0.007057674,0.02354243,-0.059283167,-0.2397802,-0.050494324,0.23490395,0.10919861,-0.06923583,0.057378322,-0.015413803,0.008586388
-0.724177,0.49976468,-0.0724712,-0.0843359,0.3309641,0.11743817,-0.0422696,-0.26569694,0.03184415,-0.056496803,-0.02890077,0.17893812,0.023917915,-0.068446696,-0.2522993,0.0007782664,0.00570145,0.03502773,0.25028926,-0.06610378,-0.022154901,-0.017596103
0.89909554,-0.04444872,-0.11763181,-0.6731145,-0.22652002,0.07606392,-0.22293046,-0.031133508,-0.05447925,0.086815946,0.06732922,-0.34551063,-0.10277022,0.14175905,-0.17322885,-0.1407858,-0.013605054,0.15472329,0.097738676,0.11292204,0.004537341,0.053162795
0.60587054,-0.36925107,-0.1419088,0.5531302,0.7278342,-0.7414471,0.5091479,0.75097376,0.4227331,-0.6968803,0.006021393,0.2476555,-0.15403235,0.670261,0.02544363,-0.58144635,-0.57233924,-0.25014222,0.20905074,0.09017101,-0.24642695,0.3246239
0.78793323,-0.22850698,-0.42517814,-0.015531806,-0.79482585,0.39165294,-0.2777648,0.23838939,-0.2341585,-0.08225292,0.02759179,0.03780479,0.41853872,0.1762574,0.28201097,-0.4384725,0.20771715,-0.23195624,-0.052472718,-0.0051036626,-0.032149144,-0.064198434
0.79989403,-0.9329593,-0.12368876,-0.2589303,0.68386465,0.060117662,0.339301,-0.08651914,-0.33714038,-0.45077792,0.21349253,-0.33559054,-0.078870006,0.09760851,0.3796641,0.36429295,-0.28974208,0.27673942,-0.03693182,0.016311137,0.08428639,-0.089979395
0.8383299,0.33379322,0.020951107,0.5724694,-0.23600633,0.36027724,-0.3580906,-0.099815756,-0.119653925,0.17170508,0.012816098,-0.35631302,0.27187276,0.25994316,-0.06887069,-0.0068805655,-0.35452813,0.12509845,0.040715083,0.06354694,-0.026848547,-0.024234496
0.9049418,0.6134103,0.12546599,-0.024971433,-0.058067024,-0.17378196,0.07418584,0.3795685,-0.0070632566,0.5300385,0.15784086,-0.102017924,-0.019300347,-0.11814817,0.19643572,-0.015100108,0.3107473,-0.18649556,-0.1005733,-0.3131452,-0.044538803,-0.091379665
0.9195569,-0.9884023,-0.42487743,0.41813758,-0.24134476,0.13170335,0.4864213,0.6159391,-0.4941023,0.02720428,0.3911339,-0.42871845,0.36549667,0.07211246,-0.032538943,-0.15236855,-0.017549578,-0.21117534,0.046808224,-0.024638135,0.011246593,0.114259206
-0.7134386,0.7139576,-0.2758696,-0.06103667,-0.25541615,-0.28351003,0.041032784,0.34142068,-0.09033451,0.07108666,0.047224667,-0.047731012,-0.020346964,-0.066663,-0.076822974,0.15357676,-0.03727008,-0.05700538,-0.07711382,0.117448434,-0.023153616,0.11101831
0.5697223,0.47241423,0.12414641,0.1787054,-0.33555892,-0.21077295,0.6523203,-0.49330148,0.020422036,-0.13789557,-0.059235472,0.3541973,5.9400754e-05,-0.0517253,0.24478094,0.2093905,-0.23805615,-0.13459995,-0.17673731,-0.29551387,-0.091677316,0.33317265
-0.8577962,-1.3719964,0.9467268,-0.21571462,0.19950998,-0.14300427,0.054830078,-0.88155586,-0.087951645,0.028410757,0.17698169,0.1546611,0.14089541,-0.117932744,0.14591746,0.11646772,0.24458683,-0.07818751,-0.049022008,0.12540779,0.065704264,0.07683121
-0.78521734,-1.1594012,0.72610795,0.32941574,-0.78114927,0.8525496,-0.37498116,-0.20994195,0.2348862,0.17275853,-0.6584944,0.08129248,-0.25608343,-0.63215125,-0.29265887,0.033870056,0.13272226,0.14478852,-0.09850638,0.07991414,-0.18024145,0.14384834
-0.5970041,-0.24031514,-0.2980257,1.1285702,0.29982388,0.76530546,0.0059424792,0.76203007,0.5014547,-0.23348938,-0.1572356,0.12221249,-0.8192136,0.7268511,0.15629268,-0.2538574,0.103196226,-0.15230544,0.14419676,0.13834341,-0.20910251,-0.16602013
0.9409813,-0.09514804,-0.057922527,-0.57620585,-0.35358307,0.06494683,0.10121277,-0.09481998,-0.015182276,0.43972114,0.12730426,-0.3425371,-0.18057717,0.15779717,0.25112414,0.20815264,-0.12897225,0.16150622,0.03167002,0.114102334,0.029116888,-0.10169931
-0.9193299,-0.9811907,0.6211419,-0.3470916,-0.44061422,-0.70148987,-0.20073394,0.089479215,-0.3135105,-0.0935077,0.22394848,-0.08539568,0.0897976,-0.09636909,-0.32095703,0.31667018,0.1294802,-0.06133198,-0.23222443,0.10217106,0.0723178,0.012165172
0.6696194,-0.27507448,-0.08274732,-0.6396449,0.31628752,0.53661263,0.20754053,0.20614241,-0.29668397,-0.82406765,-0.08079732,-0.037231892,-0.07433477,0.19972365,-0.04188941,0.061762016,-0.12659824,0.10581866,-0.3133632,0.011017633,0.0147326235,-0.15929192
-0.6821489,0.6237449,-0.18488595,-0.16519958,0.28173703,0.025423476,-0.33239472,0.122079834,-0.05399362,-0.10518992,-0.028632578,0.06736032,0.046787523,-0.0665187,-0.18652043,0.031795625,0.20178932,0.21026538,0.11151698,0.0636028,-0.023157973,0.13737072
0.99424684,-0.93412775,-0.18102638,-0.29192102,0.8113713,0.018008614,0.28315568,0.9306427,0.506329,0.0041903905,0.69308096,0.09707968,0.08215422,0.08562297,-0.12396147,0.08951022,0.19824927,0.06847351,0.33863217,0.08379591,0.06907857,0.05665535
-0.59613967,-0.06426602,-0.37927735,-0.6516988,-0.26148278,0.1276827,0.045521114,-0.030578565,-0.024202097,0.23351867,0.079920106,-0.07906105,-0.11861098,0.070025966,0.11169439,-0.041704692,-0.018398486,0.11161944,0.055865347,-0.25035015,0.0011326064,-0.021364376
-0.6547719,0.07632899,0.18095647,0.24223554,0.60814744,0.6035677,1.0829357,-0.4735267,0.039975163,-0.22345051,0.056247953,-0.15054633,-0.03268507,-0.06111083,-0.0048159817,-0.54403156,0.08043543,-0.24993774,0.22547966,-0.059185114,-0.073681146,0.27498794
0.63455087,0.6096819,0.003190207,0.041967064,-0.26260254,-0.25002873,0.11574333,-0.079968005,-0.075927004,-0.38515618,-0.06615644,0.11265739,0.09074812,-0.07696489,-0.025228068,-0.039401103,0.32072,-0.12635997,-0.10233095,0.06256612,-0.029552761,0.06095253
-0.7072696,0.69115645,-0.26047093,-0.08037141,-0.14796218,-0.21496615,0.024817234,0.37409022,-0.06649887,0.09724486,0.04848271,0.10282179,0.007059713,-0.13124858,0.073196396,0.046195038,0.19582474,-0.08747693,0.10027241,-0.28631568,-0.04437759,0.05996351
0.6930974,-0.23250322,-0.28604648,-0.65753514,-0.22200727,0.06338516,-0.33581945,-0.06659572,0.24126339,-0.5151086,-0.77701586,-0.30039605,0.16549583,-0.32144442,0.2886334,-0.26943654,-0.28255925,-0.3339591,-0.58714265,0.18207301,-0.23545049,0.4032936
0.58354694,-0.040786467,1.5574758,-0.01003523,0.17614552,0.10142277,-0.27330747,-0.3411946,0.0057248767,0.018132584,-0.055387694,0.07837102,0.07285909,-0.031335745,0.087636486,0.03683922,0.2864965,0.15442629,-0.08714169,-0.032394454,-0.0080880085,-0.023311822
-0.5933774,-1.0332217,-0.7783601,0.58755803,-0.32499477,0.25537023,-0.2460263,-0.15472166,-0.26414463,0.11990467,0.29609197,0.3631311,-0.2787349,-0.38372257,-0.081262946,-0.18164088,0.13873203,0.21506017,-0.1262823,0.009582633,0.07736512,0.08483018
-0.7184707,0.63374686,-0.17880183,-0.14933005,0.16128568,-0.061264224,-0.30163825,0.05014585,-0.032263104,-0.14845917,-0.020510815,-0.13185667,-0.05426807,-0.004808657,-0.1628114,-0.087654345,-0.08906642,0.029306378,0.24141248,-0.259741,-0.030871488,0.01274698
-0.68850577,0.6636735,-0.24740414,-0.042163525,-0.0808621,-0.20202193,-0.07159394,0.2283684,-0.03691854,0.010101987,-0.29401207,-0.11109294,-0.022064293,0.05261782,-0.11298894,0.073206484,0.15485904,0.05825104,-0.1030259,0.06842257,0.92768383,0.17532313
-0.6798631,-0.08182554,-0.42128956,-0.6733417,-0.19931434,0.14983247,0.023894703,0.075850055,-0.06877141,0.08701311,0.055813316,0.20331384,-0.008573081,-0.006704489,0.254517,-0.10728907,-0.0019804053,-0.41028887,-0.11674034,0.05723883,0.046706356,-0.3505827
-0.67333597,-0.4960704,0.8847738,-0.56084543,-0.7543545,-0.07353307,0.07435675,0.3482791,-0.065930344,0.61276287,0.19439322,-0.24269386,-0.012927435,-0.048214,0.2291779,-0.48467612,0.15262511,-0.09731972,-0.38859752,0.22987345,0.05291883,0.03953069
-0.7095886,0.6503905,-0.2358559,0.009117712,-0.26876408,-0.23936926,0.21392867,0.15789115,-0.047086008,0.09490646,0.052211873,-0.015701784,0.0054737767,-0.085392416,0.03852857,-0.029900555,-0.014953992,0.05040433,-0.28652954,0.12805302,0.011644016,-0.033075668
0.7924982,0.49731916,0.23593445,-0.083214834,0.33476466,0.047481254,-0.32155362,-0.26796532,0.010589261,0.024111822,-0.025562648,-0.33665797,-0.15030389,0.14022313,0.20573479,0.22508012,-0.25340903,-0.1043857,-0.07656987,-0.24322702,-0.026406607,-0.0922931
-0.6979967,-1.3712168,0.725967,-0.19567546,-0.18206859,-0.5306316,-0.09549035,0.27748677,1.0642886,0.41798434,-0.04373166,-0.39768106,0.121226035,-0.26848957,0.36242312,0.33462912,-0.14096807,0.3802887,-0.24744098,-0.22036555,-0.07966802,-0.059373833
-0.8820844,-0.0063462425,1.137859,0.07061535,-0.14879854,-0.12776823,-0.26522034,0.15742095,0.83909315,-0.19386113,0.27303493,-0.032975733,0.01841138,0.21934564,0.03426061,-0.21165216,0.37377867,0.021460107,0.025620336,-0.23011066,-0.020717084,0.10614813
0.7122468,-0.6930927,-0.66976696,0.26741597,-0.68182683,-0.32684565,-0.210399,0.2960603,-0.44232678,-0.15757608,0.21590212,0.17269973,0.52100533,0.0076506506,-0.05884032,0.102574155,0.020478344,0.03698558,-0.011038392,-0.03567722,0.050640546,-0.036827862
0.8927013,-0.18024303,-0.0048476215,-0.8053855,0.46910238,0.46218672,-0.45425975,-0.028041122,-0.052987598,0.19963808,0.022384075,0.28391948,0.042965017,0.04909501,-0.044875376,0.074398994,0.07847581,-0.04115982,-0.2563294,0.16323277,-0.0040894193,-0.024941992
0.8271871,-0.91853195,-0.42452508,-0.09215819,0.01033739,-0.848853,0.18359074,0.0662417,0.13219666,0.31484875,-1.214393,-0.1619562,-0.0827905,0.15398505,0.14800043,0.05658591,-0.107455835,0.1986263,-0.28889033,0.08256306,0.58602446,-0.028968709
0.7278759,-0.054177966,0.0026036366,0.40959355,0.11352864,-0.7368869,0.29065025,-0.4552706,-0.11571834,-0.010872296,0.22777116,-0.1937445,0.052081004,-0.15461458,-0.07142388,0.37637556,-0.0016741969,-0.2068616,0.10867351,0.039401278,0.049421377,-0.09254787
-0.68773663,0.37105402,0.048413444,0.11187678,0.12110139,0.12673566,0.35284507,-0.7486212,0.12778121,0.09835227,-0.01003744,-0.1683035,-0.11501225,0.02630273,0.17602728,0.08574195,0.07251029,-0.14931585,0.045386553,-0.2588369,0.022012597,-0.34135285
-0.6576967,0.5596094,-0.12315787,0.035994332,-0.123065814,-0.12317187,0.34769952,-0.03215066,0.057989232,0.33106038,0.101544715,-0.0017957796,-0.04991747,-0.09617685,0.2089944,-0.1946597,-0.20178883,0.19881931,0.0441247,-0.25751573,-0.010643706,-0.03044223
-0.5891643,-0.7739191,-0.4291281,-0.47289973,0.7720013,-0.04862577,-0.3395592,-0.285558,-0.14064057,0.15059467,0.24266769,0.23064616,0.13473101,-0.118231125,0.10498516,0.06820602,-0.109544605,0.06827862,-0.22531755,0.16676995,0.08070344,-0.057864804
0.74589026,-0.4754084,-0.42733535,0.07014518,-0.7441506,0.521977,-0.17866617,-0.17163971,0.16523121,-0.32975373,-0.7813415,-0.13116665,0.5562575,-0.22922629,0.5000539,-0.043448444,0.20299037,0.34768564,0.03499645,0.034564946,-0.14407618,-0.18932086
-0.6709282,-0.9174681,-0.4192917,-0.32534006,0.8040209,0.13976921,0.4429104,0.17312363,-0.3426912,-0.28239784,0.2526015,0.09220931,0.028631374,-0.061875608,0.27864346,0.20627993,-0.29181966,0.114930496,-0.25472745,-0.015080876,0.059558887,0.04491607
-0.6464754,0.042135872,-0.49420372,-0.6951639,-0.41048238,-0.008180212,-0.10209769,0.14128539,-0.102273434,-0.028400304,0.045358945,-0.12968759,-0.07543875,0.075999945,-0.20468843,-0.05016369,-0.025554365,0.16170196,0.12225092,0.12028617,0.0069951857,0.09498974
-0.9383748,-1.1767613,0.6360127,-0.10813562,-0.41683936,-0.9375822,0.07806355,-0.12447614,-0.3237007,0.064236365,-0.29177573,0.017632734,-0.24267721,0.54095584,-0.004401684,0.07657022,0.12762536,0.090069935,-0.052129164,0.0049436693,-0.1448208,-0.2407978
-0.74392897,0.49116385,-0.07299318,-0.15350889,0.5062133,0.16471694,-0.32767722,-0.2062556,0.010322231,-0.15647852,-0.047135152,0.05835894,-0.0035458845,-0.0028685979,0.04018843,-0.14639132,-0.2689025,-0.24504445,-0.016952634,-0.028097877,0.00629481,-0.23953429
0.9344221,0.41031903,0.09697332,0.40743643,-0.35365593,-0.011623664,0.19593328,-0.0011194472,0.09845395,0.44643357,0.20703676,-0.110291824,-0.8687427,-0.4305941,0.47596133,-0.20060484,0.03683916,0.36909482,0.40633062,0.11961755,0.022952206,0.041792285
-0.6363985,-0.8624163,-0.45666593,-0.46598142,1.0449958,0.19496372,0.016198618,0.3815516,-0.37628773,-0.4460689,0.24016267,0.038951207,0.101266,-0.09356253,-0.1286157,-0.10862567,-0.19436863,0.042086065,-0.007366789,0.15192585,0.025224892,0.2958248
0.79038906,0.49593976,0.16641866,-0.025171226,0.24200548,0.04289688,-0.05110967,-0.14647268,0.01675091,-0.043750387,0.005424148,0.113304965,0.12657149,-0.11883598,-0.12925151,-0.36895472,0.37126893,0.014745725,-0.19775863,0.023727868,-0.005210979,-0.10478608
0.81728405,0.34668124,0.3568014,-0.047968317,0.6599347,0.31175247,-0.06432088,-0.5595497,0.111410476,0.15202734,-0.010323793,0.1775756,0.028894413,-0.021955997,-0.093718246,-0.032908246,-0.11336713,0.24713477,0.06052894,-0.01884967,-0.022688769,-0.028968483
-0.61322004,0.32923198,-0.2650993,0.64013654,-0.3939258,0.374764,-0.028042266,-0.120449595,-0.09636472,0.22732438,0.036728207,-0.19301613,0.35488662,0.12283488,-0.271448,-0.16555391,0.12402011,0.00512559,-0.07650049,0.06569081,-0.006113354,-0.09735964
0.6246848,0.12762594,-0.20608063,0.20673573,0.1969817,-0.83862984,-0.19427931,0.17043868,-0.25490633,-0.36569342,0.16326085,0.15126745,0.17432864,-0.2495727,-0.0012842362,0.12004335,0.06614604,-0.07065294,0.007416755,-0.3433807,0.027518095,-0.024937388
0.927337,0.4853552,0.1406536,0.028454615,0.12936656,-0.11207603,-0.30378816,0.29585132,0.8508824,0.053772576,0.3613703,-0.39439648,-0.07074075,0.30796778,-0.085649215,-0.090045325,0.21636027,-0.020174826,-0.026755642,0.14108215,0.017172134,-0.0067168768
0.84550184,-0.17911476,0.07917248,0.40774506,0.484055,-0.46316895,0.13613585,-0.49445394,-0.030028904,0.109307356,0.24259776,-0.112252615,0.118321195,-0.24962413,0.85749704,-0.030224493,0.62049556,-0.19876595,0.3297973,-0.4332668,0.044114813,-0.15784639
0.6854323,0.4262466,0.079384826,0.109673426,0.028290763,-0.116684675,0.09970837,0.090064175,0.8335425,-0.22880626,0.2552978,0.37693986,0.043354727,0.22680134,0.35979956,0.17633985,-0.02375178,0.13792719,-0.16390188,0.03592493,-0.0065872637,0.05519695
0.82375264,0.47181123,0.26124135,-0.21168941,0.77539486,0.25680202,-0.46219602,-0.043315798,0.00024916735,0.15943053,-0.0031494573,0.22698264,0.05658753,-0.028890153,-0.2137108,0.12520759,-0.19489506,0.04510981,-0.08463669,0.15819857,-0.03502961,0.04656448
-0.7327218,0.5145263,-0.11078661,0.08750594,-0.16098163,-0.10391692,0.35102466,-0.40261978,0.04891515,-0.020830328,0.010924381,-0.121639006,-0.042246513,-0.014415499,-0.067838065,-0.11115154,-0.16378677,0.083214365,-0.042229846,0.12704249,0.011860825,-0.04906497
-0.6458881,-0.16744597,-0.38737038,-0.62429094,0.011386245,0.3935973,0.46096736,0.5667425,-0.25517648,-0.34786358,0.07316452,-0.24343364,-0.15116435,0.1013637,-0.15686584,-0.11608359,1.3180704e-05,0.19080009,0.12592624,-0.28701857,-0.023540618,0.1076426
0.6134216,0.08688716,-0.13772455,1.015793,-0.55471855,0.4144254,-0.37588608,-0.16925393,0.7163627,-0.6122136,0.1972074,0.20178634,-0.51194376,0.18248463,-0.1504754,0.12003089,-0.38645634,-0.11061438,0.2816909,0.06484893,0.066611655,-0.3557182
-0.6563326,0.049755387,-0.49365467,-0.6956916,-0.44102052,-0.032695215,0.06431309,0.2676465,-0.084134944,0.14022492,0.085302085,0.11503634,-0.056369822,-0.011367206,-0.21853068,-0.1166592,-0.058110017,0.16851069,0.17560574,-0.2822459,-0.022301814,0.11010294
-0.6735342,0.13992861,-0.32329926,0.4394379,0.30929762,0.6357963,-0.46136037,0.29942015,0.25240675,0.23126912,-1.0143747,0.31035012,0.6479609,-0.35161322,-0.23136002,0.14634204,-0.1808088,0.0072786724,-0.18675208,0.032437973,0.7197005,-0.021345032
-0.67891127,-0.09245332,-0.40337017,-0.49322122,-0.60715973,0.0135483965,0.50349015,-0.2708019,-0.031121876,0.17364404,0.055195782,0.036939994,-0.094915785,0.075592585,0.1229146,0.20867799,-0.061657738,0.17245975,-0.31987894,0.11985891,0.022402614,0.0008662704
0.809906,0.41447642,0.2742215,0.014773145,0.30391905,0.09797363,-0.110937536,-0.5269996,0.0816052,0.044607237,-0.0249275,-0.32441276,-0.13287684,0.12773332,0.53970915,-0.03134846,-0.33506733,0.1603534,-0.029208481,-0.20440726,-0.047391016,0.23091881
0.697403,0.5695528,0.10538831,-0.15331961,0.3665306,0.026680708,-0.2832758,0.05958823,-0.06375351,-0.16029178,-0.053206816,0.3669917,0.11095433,-0.08095358,-0.18118735,0.06648061,-0.054799642,0.124757044,-0.057582516,0.07589876,-0.03368742,0.0748845
-0.6474189,-0.636905,-0.57324857,-0.51674634,0.52832216,-0.24729703,-0.37845445,0.08945829,-0.22438869,0.026818002,0.23616168,0.34360275,0.16908626,-0.18452191,-0.015555063,0.09449975,0.038948376,-0.05374404,-0.09134837,-0.020561805,0.03886455,0.11290011
0.8928082,-0.32048115,-0.06789468,-0.28298065,-0.27239475,0.37463805,-0.08882596,-0.41352212,0.059289806,0.11789092,0.09809412,-0.027713884,-0.9304528,-0.23072796,0.0055730497,-0.22714493,-0.039361868,0.0876747,0.14295691,-0.22392973,-0.008440637,0.17680593
-0.65462273,-0.5315699,-0.66239744,-0.378935,-0.11124185,-0.58675814,-0.109803244,0.05534692,-0.2392574,-0.040190954,0.27129522,-0.18893343,0.033129286,-0.08491704,-0.072570086,0.09896014,-0.06319212,0.032021523,0.053158868,0.093836986,0.080521025,0.0023683512
-0.7263957,-0.17639038,-0.29107606,0.35655454,0.7216921,-0.7595395,-0.21353093,-0.35158157,-0.18931626,-0.104542695,-0.34901354,-0.08927781,-0.20164223,0.47627527,-0.27075574,-0.34407493,-0.025981976,-0.18351853,-0.048885193,-0.17012899,-0.24507692,0.1717991
0.8693273,0.33166435,0.25751302,0.13472489,0.34377325,0.3010011,0.5523484,0.18873715,-0.16048804,-0.31068733,0.04430977,-0.568185,-0.08626096,0.06293765,-0.04306561,5.9346596e-05,0.49485654,0.080805935,-0.14092754,0.08909173,-0.030171584,0.1315868
-0.5787667,-0.8091826,-0.6994065,0.084482536,0.06991511,0.10238925,-0.8145312,-0.021496192,-0.32875746,0.01840398,0.21772873,-0.372644,0.31375155,0.1910785,-0.20524397,0.086852394,-0.18852735,-0.036766395,0.3601248,-0.3380308,0.043139625,-0.13225363
-0.726645,0.48637757,-0.26526845,-0.039856438,-0.1517127,-0.21158084,0.18571074,0.2965576,0.35930318,0.14275885,-0.608161,-0.12505622,0.14734438,-0.60615194,-0.08258566,-0.12975758,-0.34634882,-0.10684918,0.07590237,-0.27914983,-0.19692142,-0.16624148
0.8485441,0.18228526,0.37396103,0.009056274,1.0237375,0.66494673,0.53146726,0.28637528,-0.106555946,-0.044892397,0.075398184,0.31909737,0.11883457,-0.15255117,0.037662674,-0.14885695,0.24972795,-0.14788389,-0.07878732,0.15333633,-0.04635436,0.03387241
0.7082677,0.48286182,0.16064842,-0.17018743,0.64226556,0.21774046,-0.4114604,-0.09652315,-0.04070243,-0.22774985,-0.09803239,0.47526923,0.15062347,-0.08544642,0.13228762,0.1160707,0.14624347,0.092864,0.030017408,0.13408288,-0.026207294,0.04076319
-0.7888447,0.058339216,1.2840532,-0.010845501,-0.10488811,-0.055846687,-0.008782268,-0.0072805807,0.02532783,0.54514027,0.09734799,-0.12710011,-0.07102006,-0.050750885,-0.11687412,0.15563308,0.07667983,-0.054298084,-0.065909036,-0.34544006,-0.03173183,-0.06413964
-0.8534695,-1.2173407,0.48565727,-0.21186955,-0.42179126,-1.0410738,-0.12008998,0.6591392,-0.035056822,0.40169924,-0.87763894,-0.16119489,-0.06565161,-0.012036606,0.2622242,0.2781122,-0.057080258,-0.3590249,-0.0742573,0.19405624,-0.3594224,-0.09261292
0.75787467,-0.25203285,-0.34173384,0.009200598,-0.80554575,0.41287956,-0.12248539,-0.10446392,-0.2020072,-0.040366475,-0.01061121,0.010862644,0.2942958,0.29485887,-0.0724318,0.026508221,-0.3014667,0.4161069,0.15878539,0.008480109,0.016498493,-0.14657404
0.74273235,-0.03066467,-0.19186737,-0.7200452,-0.17694405,0.07513101,-0.27653864,0.01990556,-0.12711538,-0.21220821,-0.028226363,0.06984357,-0.02213057,0.109614134,-0.07974231,0.05850769,-0.12877418,-0.028939435,-0.04919673,0.15672106,-0.0070708804,0.07984905
0.852577,0.47052178,-0.10422421,0.5569572,-0.53399795,0.15529506,-0.22292295,0.42835468,-0.19227284,0.37073344,0.08323175,-0.16274947,0.31743187,0.12903382,-0.101265945,0.20797308,-0.060896225,-0.020429555,0.28906083,0.014318784,-0.048761252,0.031920504
0.84753066,0.54165417,0.17505275,-0.06487,0.21924627,-0.01658926,-0.35057148,-0.18552044,0.008582629,-0.06491484,-0.0010574865,-0.47575012,-0.065295525,0.08373139,0.011647966,-0.21132815,-0.06365299,0.1113776,0.04056893,0.15038243,-0.0149364155,0.12591346
-0.7016596,-0.10856934,-0.350909,0.25884318,0.859936,-0.72151643,-0.44527343,-0.023478163,-0.25035346,-0.07569042,-0.34144658,0.08184181,-0.13591385,0.42997634,-0.12299751,-0.10976184,0.17469405,0.09500529,0.03813879,0.10291064,-0.18769383,-0.14090687
-0.69289887,-0.23561165,-0.27779755,-0.6680798,0.15602696,0.40188804,0.061455045,-0.3821246,0.017236972,0.07017231,-0.0006154052,0.39662927,-0.005012222,0.015988138,0.16646005,-0.050144576,-0.22279935,-0.27871168,0.13477594,0.026241804,-0.010401182,0.04078129
0.82642484,0.5939853,0.14405487,-0.11069736,0.1968287,-0.054579314,-0.32577574,0.11170603,-0.048314184,0.10912787,0.009400113,-0.21761581,-0.07880478,0.037208635,0.108966775,0.2854187,0.18182772,-0.1360104,-0.052436672,-0.27197203,-0.045196116,0.00094648235
-0.8734106,-0.05923703,0.9796275,0.41673923,-0.20517589,0.41819552,-0.75745183,0.3677599,-0.22677149,0.1544233,-0.03160201,0.15960933,0.4314359,0.09337612,-0.121359766,0.10784537,0.035202913,0.056130067,0.03008842,-0.090563804,-0.023854401,-0.11613926
0.67925584,-0.67551976,-0.34784526,-0.16455585,-0.31515875,-0.58459926,0.34432435,-0.5655803,-0.2005252,-0.36069447,0.15387316,0.08549609,0.102990404,-0.095510766,0.015982319,0.37724316,0.38437727,0.03078668,0.23345421,0.0238512,0.053190697,0.11639336
0.6499808,0.0525094,1.5256896,-0.10026947,0.1866115,0.018839031,-0.5202425,-0.03695142,-0.02816234,0.17234764,0.0046505597,-0.1893407,-0.00016976403,0.032643393,-0.011354737,0.01884574,-0.066006556,0.25232944,-0.13461864,0.10122684,-0.0071670734,0.0255895
-0.74042076,0.6221887,-0.1770051,-0.036105733,-0.11016848,-0.17578937,0.06951581,-0.045551844,-0.015719766,-0.026804714,0.030625986,-0.15114127,-0.05686453,-0.000995171,-0.22162765,-0.107392676,-0.37727726,0.107709855,-0.11996592,0.110968135,0.036392745,-0.27929398
0.8882557,-0.7552874,-0.17081518,-0.3582748,0.41979635,-0.24836151,-0.068175055,-0.3342656,-0.11897833,0.21775049,0.28257608,0.108607136,0.10455009,-0.1328013,-0.06146043,0.106039524,0.016007403,0.10628379,0.32768792,0.05224301,0.043383658,0.11202509
-0.7173826,0.24170585,-0.11392804,0.4375467,0.0060013183,0.36819026,0.83293587,0.26157162,-0.121097244,-0.25993693,0.1184557,0.021287326,-0.9264051,-0.3816411,-0.20365344,-0.03883691,-0.13588227,0.2090507,-0.07410727,-0.27048182,0.008156661,-0.06306673
-0.6928321,0.25614196,-0.43060488,0.87837607,-0.56698173,0.4646353,-0.4042441,0.10658763,-0.18225048,0.03814418,0.00019826538,0.022157947,-0.54280716,-0.13076039,0.52512425,0.40134954,-0.22823115,-0.2257765,-0.0553053,0.1668463,-0.013619922,0.21585947
-0.6900726,-0.66676646,-0.553199,-0.23529154,-0.14271961,-0.5001394,0.26359826,-0.43511626,-0.16021739,0.05314416,0.2520145,-0.14683896,-0.036513988,-0.0016424387,0.35149232,0.3227095,-0.37420702,0.38454115,-0.29999384,0.10342055,0.1329678,-0.25092438
-0.76853925,0.27090883,0.027334558,0.13241142,0.36449572,0.35190004,0.9090084,0.032016523,-0.13407825,-0.3038767,0.026311602,-0.08618664,-0.107297294,0.0066384543,-0.13582838,0.21678288,-0.16672498,-0.4961054,0.014748232,0.025089145,-0.020453501,-0.14262703
0.8638621,-0.20649296,0.012993043,-0.60762376,-0.018788263,0.270811,0.05148655,-0.3588861,0.0020319873,0.22642149,0.048856974,0.0062452727,-0.05915132,0.10521431,-0.108369194,0.056463916,-0.00403223,-0.1668583,-0.24765296,0.05718202,-0.006280176,-0.023222113
0.9032471,-0.41882938,-0.31355852,0.1689736,-0.51869345,0.74405324,-0.6980998,0.1272108,-0.1761297,0.20708564,0.0844864,-0.04144624,-0.5783546,-0.027911779,-0.043193173,-0.09967931,-0.29647171,-0.2144598,-0.05587425,-0.2609014,-0.031045094,0.10218943
-0.9053583,-0.5158326,1.0437117,0.33994293,0.09295948,-0.6671635,0.10288416,-0.24870062,-0.12147889,0.12065605,0.25246102,0.08402211,0.19734916,-0.31548363,-0.37583318,-0.030239178,0.1287916,-0.09042213,0.20831807,0.037196267,0.048604243,0.03375747
1.0416579,-0.45945814,-0.29914245,0.18341543,-0.3633633,0.8898816,-0.7125164,0.28541896,-0.16046885,0.4015731,0.13956916,0.08337946,-0.41917703,-0.17791905,0.16959654,-0.28432512,0.5128466,-0.16330168,-0.14514954,0.038923964,0.0113062905,-0.0472716
0.6089323,-0.30848965,-0.18313055,1.1282473,-0.4487193,-0.37737656,0.54050773,-0.6244413,-0.21480858,-0.17705119,0.19818242,0.21045762,0.6094384,-0.13563606,-0.866132,-0.27263358,0.04347237,-0.33896327,-0.21576026,-0.07741298,0.042855524,-0.29588857
-0.7023512,0.32223633,-0.07694249,-0.011722951,0.67558396,0.42200667,0.5468424,0.6394559,-0.17232928,-0.2051041,0.084696695,0.23690058,0.101252645,-0.16524655,0.31971556,-0.5939584,-0.18132854,-0.40140906,-0.55846345,0.030924106,-0.093981266,0.40536478
-0.66365814,0.39045691,-0.12362979,0.21747226,0.04675239,-0.3655729,0.34095022,-0.15495346,0.01179178,0.37150666,-0.75704366,-0.053286765,-0.3619773,0.6858126,-0.2641577,-0.26915994,-0.051202096,-0.11750697,0.08346193,0.14577314,0.6867909,0.022350796
0.8179475,0.4179445,0.23914056,0.11844333,0.009269373,-0.029741522,0.19898427,-0.5122317,0.09983718,0.08452378,0.03746441,-0.3571813,-0.063390866,0.036358185,0.3647681,-0.3252975,-0.17968938,-0.14367317,0.069706574,0.14686608,-0.038467634,0.2167091
-0.6104249,-0.3839872,-0.063821346,0.4056901,1.1136436,0.064918555,0.73689306,-0.106539115,-0.1666027,-0.17833142,0.29222274,0.0009837042,0.16076417,-0.28814146,0.11056414,-0.38925484,0.15591736,0.38578933,0.00406805,-0.045331128,0.07624218,-0.090849064
-0.6317556,-0.42047095,-0.65628856,0.30205238,-0.8706827,0.66832834,-0.26204208,-0.020570194,-0.14835817,0.05095729,0.086049914,0.06504384,-0.517476,-0.117101684,0.25935343,-0.35438174,-0.23548375,-0.061652925,0.023742938,0.11163721,0.080844946,-0.32864636
-0.6767438,-0.09201973,-0.60412455,0.815621,-0.12124628,-0.32782483,-0.44934848,0.29884627,-0.3578181,-0.010116828,0.21724549,-0.19578563,0.47297662,-0.04098528,0.20443301,0.17358728,0.09842749,-0.28365394,0.16090034,0.04111655,0.025061695,0.05355042
0.8570807,-1.0615144,-0.28253436,-0.22761086,0.62007916,-0.04510986,0.616506,0.6313102,0.078035824,-0.10690181,-0.6208999,-0.039493702,0.33381662,-0.63794124,0.27216968,-0.3947481,-0.1453123,-0.21620587,0.047529794,0.13655046,0.8134675,0.07536607
-0.8418323,-1.3512431,0.8793493,-0.33787555,0.5751372,0.07135861,0.24555646,0.34960693,-0.39808396,-0.17981854,0.2566879,0.13955498,0.0971846,-0.119815946,-0.028001629,0.37761676,0.039746165,0.113053195,-0.030613633,0.1383388,0.05427304,0.102180175
-0.71211046,0.6244354,-0.20605071,-0.08921591,0.0264253,-0.10968334,-0.23670007,0.038353663,-0.03803233,-0.20111978,-0.0054862746,-0.2626722,-0.02733338,-0.0103582535,0.050153583,-0.21793373,0.0156036625,-0.20534594,0.15967424,0.12318137,0.019070528,-0.19110674
0.69339716,0.42743888,0.0020080975,-0.06348096,0.13515845,-0.1398628,-0.39778334,0.07593919,0.33115044,-0.35804147,-1.0684744,-0.462576,0.10942441,-0.31642973,0.14341505,0.084054396,-0.17831948,-0.41333446,0.121228464,0.054757077,0.74632037,-0.053052876
-0.62586874,-0.28895277,-0.7385776,-0.083138645,-0.8463638,0.35254788,-0.18523139,0.47718674,0.12417702,0.22527614,-0.60906947,-0.21282949,0.4666456,-0.26974156,-0.39231265,0.08009531,-0.34017348,0.15871453,-0.0008525562,0.040613446,-0.20917407,0.054786984
0.8782114,-0.12207255,-0.050202172,-0.791688,0.25636446,0.31497854,-0.32368553,0.11986531,-0.049445413,0.27942324,0.06975694,0.26405862,0.0042036735,0.021968544,-0.07786656,-0.011578907,-0.12944327,-0.10239956,0.059065215,-0.015260102,-0.037762534,0.09815453
-0.87798476,-0.7147469,0.9540825,-0.4300619,-0.6398488,0.0109728305,0.17466462,-0.120459124,0.83473325,-0.010628604,0.31763706,0.086861804,-0.08366125,0.32968527,-0.19277754,-0.014895596,0.11284248,-0.2912888,0.065831825,-0.22041593,0.013979117,-0.0021857808
-0.83175737,0.05641392,1.208885,-0.09507638,0.12166163,0.024072256,-0.3324968,0.14585645,0.0005272214,0.25667083,0.06268483,0.027248131,0.060775876,-0.112496324,0.31930435,-0.33083257,0.00775315,-0.14035106,0.024126893,-0.015456498,-0.021512793,-0.04373264
-0.71867627,0.57098997,-0.13929786,-0.014469345,-0.012869278,-0.06391106,0.13010404,-0.12418275,-0.010328864,0.010120359,-0.0075398535,0.0468683,-0.00988794,-0.059371363,-0.20793703,0.12796198,0.27726865,-0.008838241,-0.20116149,-0.2784645,-0.026137307,-0.046981692
-0.6791314,-0.12835678,-0.33676592,-0.66735893,-0.0799647,0.24676232,-0.02932955,-0.32654974,-0.02133485,-0.029405477,-0.018973751,0.05634612,-0.103065565,0.11046987,-0.0837035,0.09144062,0.014666864,0.036309086,-0.021858973,-0.36464262,-0.036449056,0.10865135
-0.634124,-0.04344194,-0.59545445,-0.36875117,-0.731675,0.054807067,-0.11598702,0.29929915,-0.12218297,0.056122072,0.105778456,0.06925971,-0.9138449,-0.28388393,-0.1786674,0.19610846,0.08566077,0.15703404,-0.16908476,-0.0013338269,0.027683314,0.11273679
-0.68573904,-0.09718726,-0.31582728,1.1504766,-0.30514988,0.7962631,0.5454352,0.61609817,0.6006834,-0.34965667,0.38978016,0.14039527,-0.52835035,0.04206494,0.124031715,-0.16235779,0.05380917,-0.13117974,-0.16882102,-0.31735688,0.010681678,-0.15855408
-0.66162235,-0.7128938,-0.490741,-0.43683746,0.4865099,-0.20555708,-0.12295621,-0.27454615,-0.14987275,0.006403316,0.23403378,0.3399611,0.15518303,-0.19047914,-0.3607137,0.032221593,0.038524315,-0.0067100287,0.2826313,-0.050844386,0.056479547,-0.013696371
0.9068987,-0.028777625,-0.15105161,-0.6583459,-0.29436082,0.046680223,0.094480865,0.30652168,-0.06385869,0.42112646,0.14478269,0.19119023,0.022643533,-0.06009118,-0.08934519,-0.100026235,0.15375343,0.11261302,0.024486316,0.019908125,-0.0072199535,0.055731084
0.90897584,-0.2724722,-0.14368944,-0.5220458,-0.41659236,0.068756714,0.23214935,-0.07302396,0.35539478,0.25455278,-0.5849052,-0.3879162,0.11274063,-0.43267733,-0.020724127,-0.014643022,0.2363761,-0.02027998,-0.16270216,0.08944835,-0.14973898,-0.19999067
-0.6233323,-0.15362623,-0.4111847,-0.5821696,-0.10749385,0.34626958,0.50904334,0.54158354,-0.2640888,-0.39736944,0.08108527,-0.3689198,-0.117518134,0.10020899,-0.26496992,-0.24009703,0.078913555,0.29413646,-0.004023888,0.1054824,0.027863596,0.021932786
-0.6470247,0.5479948,-0.08053484,-0.21266644,0.5757781,0.18830858,-0.5187455,0.018672733,-0.03847328,0.021544956,-0.03691266,-0.035182085,-0.033317134,0.021987136,0.0027042795,0.31423715,0.12610307,-0.11999946,-0.06756654,-0.0257048,-0.020223223,-0.055157177
0.64049804,0.18975678,1.4139724,-0.07765215,-0.23127772,-0.24525112,-0.31964967,0.35849306,-0.08733895,0.35361215,0.060598385,-0.16539265,-0.058432505,-0.012553634,0.051446404,0.3475394,0.0776963,0.15268533,0.053275008,-0.2613232,-0.04845617,0.10403996
-0.72585005,0.32577628,-0.12770058,0.20976843,0.21509954,-0.25177774,0.38988724,-0.15586573,0.019761931,0.27126253,-0.7881707,0.38649383,-0.2230337,0.5565036,-0.019357873,-0.5063593,0.08074325,-0.31385294,0.04050264,0.08184747,0.6914043,-0.05144983
-0.67729753,-0.7461396,-0.63040644,-0.1364299,-0.03145368,-0.7737666,0.18784101,-0.20904182,-0.26444584,0.16944644,-0.26794097,0.0070225694,-0.3098329,0.5868106,0.3600294,0.23984988,-0.09373071,0.3253266,0.13092045,0.16456336,-0.14240184,-0.13827427
-0.6682403,-0.047021214,-0.43204904,-0.748684,-0.05241142,0.19331293,0.07278329,0.32307598,-0.1049749,0.32629633,0.08627625,0.6613962,0.092283845,-0.09606019,-0.1441765,0.20775646,-0.20137663,-0.042854726,-0.19912991,0.4191755,0.005066257,0.05195987
-0.6603024,-0.057877455,-0.4049574,-0.7992,0.084850915,0.26476705,-0.51386374,-0.028556505,-0.08449159,-0.2023173,-0.04593275,-0.08441415,-0.103285156,0.12615258,0.16505244,0.030375,0.17301717,-0.20631972,0.2708159,-0.35208008,-0.01996518,-0.008431434
0.90519,-0.24525233,-0.069873124,-0.51134783,-0.07835817,0.33390507,0.58678514,0.50824356,-0.20395707,-0.14949985,0.1627134,-0.50057834,-0.12164014,0.10515289,0.07793068,-0.5876963,-0.16295505,-0.09557401,-0.11856016,0.117011376,-0.029782366,0.25193977
0.52053773,0.1790458,1.4131191,-0.081272535,-0.26515657,-0.29882437,-0.23662168,0.27056354,-0.082345314,0.18833444,0.054030467,-0.068692885,-0.046242364,-0.014251085,-0.22180791,0.032874607,-0.4126173,-0.10959654,-0.193441,-0.2860601,0.00839077,-0.40582314
0.75692147,-0.5228519,0.15644315,0.524304,1.2657067,-0.22868992,0.7195221,0.009948384,-0.31681305,-0.13359231,-0.2777132,0.40729693,-0.08558785,0.34079581,-0.01398068,0.0092303045,0.18623063,-0.20882106,0.31959248,0.30351675,-0.24761079,0.15649319
0.80898434,0.43549296,0.27375078,-0.0544374,0.44050363,0.14405437,-0.20422737,-0.38695076,0.050394528,0.07483723,-0.012832962,-0.15713342,-0.06691258,0.08175669,0.1930241,0.06962974,-0.30081803,0.13637957,-0.062229898,0.07844774,-0.0013806734,-0.07016742
-0.5185418,-0.14824925,-0.2523048,-0.8216516,0.4198299,0.4682279,-0.44686598,-0.071748614,-0.0070204786,0.28226444,0.055723514,-0.0028523505,-0.07052304,0.08807104,-0.17183693,-0.04735263,0.023658551,0.06412325,-0.059038226,-0.13177404,-0.0023971915,-0.06468072
-0.70395607,-0.579467,1.0053481,-0.596935,-0.46842968,0.10361219,-0.15245418,-0.16643319,-0.017906966,0.36035863,0.1033656,-0.47145396,-0.119643,0.124959014,-0.17473753,-0.18119246,0.046023812,0.0049943337,0.003112806,0.19512239,0.01709767,0.086963914
0.8676698,-0.37537092,0.21314105,0.41943777,1.0874069,-0.08012931,0.9231961,0.3749477,-0.19055353,0.5056536,0.08921186,0.3166999,0.054368272,-0.16723071,0.63068306,0.5751391,-0.5370276,0.034527693,0.03626924,0.100162335,0.95832396,0.21913137
0.82042736,0.38356495,0.16878408,0.03844898,0.46112293,0.2970392,0.5425066,0.6089238,-0.1842767,-0.29019594,0.08659631,0.01181622,0.106737666,-0.15509346,-0.06562248,-0.4982316,0.2805885,0.21535023,-0.0013295296,0.16768196,-0.008574601,0.056789625
-0.6637374,-0.10358681,-0.41955104,-0.6101689,-0.29868382,0.12113058,-0.03891715,-0.21073946,-0.02919542,-0.12513803,0.023910511,-0.21818006,-0.078008875,0.10862705,0.42482945,-0.3716574,-0.09648683,-0.20502007,0.002851681,0.15488309,0.019220773,-0.020698326
0.7344503,-0.38257557,-0.42414996,1.3283976,-0.45203722,-0.33629003,-0.26787364,0.4018766,0.55917895,-0.19336216,0.5820084,0.24686615,-0.27294487,-0.16264914,0.15909795,-0.37528077,-0.40855804,-0.18972678,-0.25072327,0.098609425,0.040027875,0.33148646
0.9131992,-0.099069506,-0.10335806,-0.5356565,-0.4235337,0.07096815,0.17173412,-0.15734835,-0.030997168,0.21745524,0.076101795,-0.18197946,-0.05977997,0.0677481,0.07738009,0.0896077,0.49015027,0.13158165,0.019328251,0.08872886,0.002163268,0.07129959
-0.668445,-0.16961227,-0.54626334,0.9196808,-0.15277113,-0.27386934,-0.018868642,0.1329843,-0.26816204,0.21231572,0.26840737,0.12250407,0.54508954,-0.14714858,0.27520925,-0.14107436,0.1561904,0.25791195,-0.2639799,-0.3751333,0.018266443,-0.01087553
0.7703392,0.55468893,0.12821837,-0.0659108,0.18473032,-0.024235897,-0.019648807,0.10669398,-0.029981004,0.1296499,0.018167263,0.29619214,0.07930159,-0.12330624,0.08739484,0.07914793,0.14645422,0.07146653,-0.07457223,-0.07936091,-0.011716082,-0.060259275
0.42981032,-0.12767668,1.4498535,0.24861144,-0.26452357,0.028162258,0.78403026,0.199374,-0.2234457,-0.6137151,-0.008173129,-0.16794398,0.049335226,-0.047777127,0.020221762,-0.30053857,0.25386477,-0.40480128,-0.32317194,0.07333415,-0.039053984,0.037710853
0.8669857,0.35618904,0.36756325,0.040393397,0.37601092,0.17938301,0.18320714,-0.5736124,0.15240397,0.39815584,0.058000963,-0.07574127,-0.10187353,0.021731555,0.21853635,0.099600926,-0.3678693,0.21933268,0.52962315,-0.04989473,-0.0408127,0.15014435
-0.61039585,-0.10289767,-0.41619408,-0.697454,-0.013284513,0.27566123,-0.34840286,-0.121842206,-0.038544755,-0.23916964,-0.016276766,-0.12897621,0.012244591,0.037883338,0.3277204,-0.57332134,0.58875376,-0.07145152,-0.062443916,-0.23933738,0.008361605,-0.056716044
-0.7422934,0.52729315,-0.09188864,0.027656803,-0.021737596,-0.047084574,0.26584297,-0.34676173,0.034173954,0.047604084,-0.011506367,0.033152256,-0.07252463,0.0016933606,-0.114587076,0.20680897,-0.124733694,0.2724589,-0.15009141,-0.27383223,-0.029439332,0.018688925
0.7745278,0.38017052,0.08579949,-0.077260524,0.26198858,-0.0067636915,-0.17242083,0.09162996,0.35275882,0.007574363,-0.679337,-0.145655,0.21693313,-0.53506994,-0.020233074,-0.09412396,-0.22075592,-0.07775757,-0.2193449,0.068799354,-0.21093303,0.046296556
0.75876004,-0.41641653,0.03448983,0.5971709,0.7199878,-0.73942345,0.20468643,-0.32979032,0.74800456,-0.013503839,-0.012393801,0.40127298,-0.08642976,0.6338935,-0.06293139,-0.4138562,0.08308267,-0.07196245,-0.033955026,-0.0034508049,-0.2551358,0.35680535
0.6959453,-0.12526074,-0.20806505,-0.5162429,-0.46587065,0.06033486,0.0789251,-0.36530775,-0.06656753,-0.46105868,-0.078413785,0.03429758,0.0036644791,0.07365228,0.80194306,-0.17484938,0.32609874,0.02429262,0.20968859,0.09778052,0.08078956,-0.31123298
-0.6735947,-0.008880449,-0.34681034,0.1544702,0.7215724,-0.4618314,-0.3160301,0.10116691,-0.1606636,-0.071232006,0.22648971,0.21990454,0.27305472,-0.34338912,0.2218801,-0.24043182,0.28879946,-0.1491467,-0.042737395,0.09250065,0.03359259,0.10849114
-0.65286785,-0.044049848,-0.46993098,-0.53358734,-0.6205237,-0.019860305,0.34193757,-0.038596094,-0.050253905,0.124747045,0.067775205,0.0023399887,-0.0727155,0.028756062,0.4796058,0.028159859,0.061734676,0.12475329,0.13992037,0.12932052,0.036122497,0.002368395
0.7357842,-0.040638067,-0.1720463,-0.7106321,-0.17288336,0.08984505,-0.4167549,-0.17149654,-0.13784485,-0.37323353,-0.08302527,-0.21551134,-0.10477342,0.23558138,-0.03921097,0.23655935,-0.05808482,-0.03210797,-0.2068882,0.12119159,0.0094008725,-0.028334737
-0.7444185,0.45011926,-0.030188205,-0.0490675,0.35183552,0.16037872,-0.13336116,-0.5429322,0.036325723,-0.1776838,-0.10358781,-0.07837246,-0.1058487,0.08965497,0.1566176,0.30897868,-0.011276106,-0.04029872,0.047729857,-0.34001243,-0.05327978,0.12143336
-0.48528755,0.34966326,-0.0469736,0.3220851,0.01388954,0.23092872,0.05130494,-0.20242998,0.1230507,0.54731035,0.16782597,-0.14178777,-0.9271827,-0.3721009,-0.043267064,-0.009473074,0.09315128,0.22522867,-0.13228789,-0.18236502,-0.020761406,0.23644136
-0.6611396,0.019484146,-0.471285,-0.74719304,-0.23568887,0.07129373,0.01842723,0.34047765,-0.08887086,0.21426228,0.089463785,0.38284302,0.007892096,-0.06734896,-0.21682449,-0.012631655,-0.1181574,0.07823747,0.2640965,-0.081030235,-0.022297269,0.10220648
-0.6132932,0.30853137,-0.25656265,0.6733994,-0.41419023,0.3980689,0.01991339,-0.21114612,-0.094598964,0.24340431,0.012301088,-0.18615454,0.3184055,0.16239767,0.033942863,0.15188865,0.20002945,0.13762622,0.016210897,0.0658833,-0.023104355,0.035728276
0.93360686,0.59616804,0.13043731,0.05181243,-0.19849792,-0.2107071,0.23024948,0.18623444,0.036960457,0.4666656,0.17199071,-0.25417238,0.007920682,-0.12785003,0.018224332,-0.3726189,0.19085366,0.16100867,0.11778316,0.0971996,0.009504187,-0.039744243
0.748782,-0.952323,-0.32746524,-0.0038208049,0.20641573,-0.5256661,0.7717715,0.29730496,-0.44048312,-0.36363593,-0.2252011,-0.14372179,-0.2529336,0.5415632,0.39452827,-0.48517057,-0.07404121,0.005071999,-0.037626125,0.12907134,-0.13972603,-0.2266749
-0.57916516,-0.12546277,-0.5198497,-0.63952255,-0.5099764,-0.051943474,0.1442607,0.33304146,0.30574408,0.32228932,-0.54173595,-0.34470883,0.071312286,-0.45106077,-0.19509071,-0.016640607,-0.25523156,0.07943883,0.009861853,0.11788222,-0.17795742,0.025317062
0.9824306,-0.023191988,-0.11032644,-0.70575625,-0.1560591,0.10838813,-0.34662685,0.1544845,-0.087146714,0.28219894,0.092514,-0.42809364,-0.11747287,0.15530375,-0.08625846,0.14267838,0.30309114,0.07387217,-0.1932918,0.1211346,-0.011273744,0.1028036
0.8970402,0.0710943,0.2359435,0.4204319,0.3508938,-0.05455108,0.81395787,0.54467136,0.6790685,-0.01287663,-0.0771008,-0.3682738,-0.42417616,0.9220739,0.15311334,-0.4239575,0.14052531,-0.33280024,0.039839987,0.18421458,-0.2654609,0.038679726
-0.5878627,-0.087978646,-0.37414998,-0.69573396,-0.08698658,0.22215866,-0.3707885,-0.17570217,-0.06422827,-0.07028493,-0.006569076,-0.4363593,-0.16211368,0.20821707,0.34396023,0.12374975,0.12910679,-0.202217,0.07858543,0.17293692,0.028794821,-0.058166925
-0.7315201,0.59527063,-0.15507492,-0.10962323,0.14925124,-0.037842434,-0.21713556,-0.0587417,-0.025647942,-0.11858922,-0.03466655,-0.1194362,-0.08138232,0.028639978,0.07740541,0.09254289,-0.12501736,-0.0056127342,0.0982608,-0.24730115,-0.026360165,-0.010741369
0.8890857,-0.8041324,-0.13393539,-0.42897913,0.74020207,-0.07905635,-0.315308,-0.32260013,-0.15653619,0.1823852,0.23128484,0.2380493,0.15154694,-0.115298994,0.03199614,0.30217838,0.18974884,-0.15683274,-0.19198702,0.13347021,0.041318234,0.07897908
-0.7000087,0.55794626,-0.12566802,-0.22284538,0.57308275,0.18107459,-0.5160879,0.0029860649,-0.04223917,-0.16885813,-0.06777922,0.13991034,0.04326128,-0.03326297,-0.07971803,0.121896066,0.06480248,0.03252599,0.22615735,0.12637709,-0.026559703,0.1039662
0.6812505,0.031551722,-0.2686422,-0.70349187,-0.37070554,-0.03473631,-0.29353905,0.03898981,-0.1786923,-0.45856544,-0.07827033,0.010040196,-0.018902948,0.12845735,-0.14597291,0.11043699,0.096380636,0.015423227,-0.19628508,0.0833736,0.030625956,-0.15915354
-0.7246248,0.5261278,-0.12399646,-0.05236695,0.1737345,0.037341736,0.08750907,-0.036232,-0.0115446765,0.07174349,-0.0034449776,0.30070743,0.052981734,-0.1304682,0.04479458,0.16770001,0.22087331,-0.32949707,0.036723986,-0.058116928,-0.023790555,-0.03844368
0.79502666,-0.52736527,-0.49396428,0.18136083,-0.65679896,0.6505966,-0.5244791,0.386056,0.14702067,0.016737483,-0.62819666,0.23446938,-0.24901135,-0.6521288,-0.13278466,-0.16151574,-0.5046525,-0.11177355,0.014284875,0.0452234,-0.23664074,0.37869486
-0.6001846,-0.41053694,-0.18925989,-0.36018196,-0.052014112,0.56674963,1.2629176,-0.05364426,-0.10683417,0.071840785,0.12960017,0.0004921333,-0.12087552,0.04019877,0.10769214,0.12303961,0.15412669,0.20342399,-0.13795292,0.010037986,0.011933891,-0.05978932
0.8282952,0.46426466,0.25004676,-0.14174986,0.5976272,0.18805902,-0.3687754,-0.17046012,0.031034166,0.08729715,-0.0022293208,0.0135284625,0.008089208,-0.00037576671,0.01489144,-0.04469974,-0.21823889,0.05261072,0.20519663,0.12525676,-0.03313229,0.1247671
0.6323155,0.26957908,-0.04816988,0.7352645,-0.50894773,0.324126,0.16175182,-0.41820082,-0.13056634,-0.19435193,-0.10930301,0.26990646,0.4128711,0.14545475,0.27984366,0.1520981,-0.016535228,0.26362908,-0.15743187,-0.09297939,-0.018741183,-0.06556463
-0.68582624,0.3162032,-0.2726997,0.61106384,-0.29545873,0.42118773,-0.191266,-0.31521115,-0.10846874,-0.07232008,-0.053777963,-0.19969812,0.33799326,0.19908077,-0.26334757,-0.09938312,-0.03830135,0.1637022,0.00997966,0.08104321,-0.025189437,0.080577895
-0.6941349,0.27862468,-0.4085132,0.81410134,-0.43382588,0.49961847,-0.2608349,0.31440857,-0.16329329,0.24359179,0.08318724,0.46667272,-0.39750186,-0.30486786,-0.29237685,0.061373014,-0.22223622,0.022365484,-0.32543352,0.01462318,0.027399527,-0.26939496
-0.5439375,-0.69896007,-0.5235783,-0.4561985,0.561173,-0.17145698,-0.26879394,0.0504876,-0.16167104,0.19537537,0.29794776,0.27188838,0.2295828,-0.26932165,0.14428146,-0.33571494,0.4029819,-0.058914643,-0.16014622,-0.010472014,0.08309917,-0.08583431
-0.6651024,0.06443458,-0.5361301,-0.65989226,-0.5903545,-0.09544469,0.043421082,0.32411993,-0.13487716,0.08225618,0.06877142,-0.035474505,-0.091305085,0.032997835,0.18783017,0.24598859,0.11821104,-0.2653496,0.2926293,0.10237028,0.025075996,-0.110394284
0.6705375,0.4963076,0.1681174,-0.038464215,0.22119947,0.004432866,-0.19423746,-0.44471914,0.014480359,-0.3486075,-0.097466506,-0.10101181,-0.055154044,0.09024693,0.16795439,-0.10150103,-0.30277982,0.24504797,-0.019787978,-0.2637884,-0.025646728,0.0019766463
-0.584925,0.55345964,-0.07578049,-0.18051961,0.45015305,0.11455929,-0.17435376,0.29052526,0.013198362,0.4753643,0.103482604,0.20363322,0.0037927495,-0.13746418,0.06747137,0.11661917,-0.12833121,-0.23890069,0.44956046,0.013433842,-0.051460724,0.14335953
0.8431073,0.4417544,0.19962646,-0.00302543,0.38448825,0.20238565,0.26857278,0.51670414,-0.2034308,-0.3351438,0.07476984,-0.64908606,-0.14104979,0.0876644,-0.24343376,-0.12101658,-0.061240885,0.0651236,0.15784983,0.07858384,0.0010214173,-0.11684121
0.6307926,0.5593342,0.0066860057,0.1530792,-0.46007207,-0.31349188,0.46915463,-0.17387241,-0.0047192853,-0.24530075,-0.018688545,0.17090687,0.07253554,-0.12667523,0.6095973,-0.40991193,-0.21419808,0.082954794,0.24130598,0.13368101,0.017838612,0.12189693
0.7590821,0.48447427,-0.22895305,0.59834254,-0.63686603,0.1305624,-0.20189282,0.5032704,-0.25325036,0.00060540525,0.0048859627,0.1465074,0.5005935,0.016451117,0.24085292,-0.02306983,0.5981982,-0.09659208,-0.21372409,-0.014978532,-0.04657967,-0.016897814
0.92186224,0.52579343,0.20624845,-0.06488755,0.27333677,0.019308686,-0.3748139,-0.10410049,0.025015494,0.11406495,0.05043694,-0.5731326,-0.06644775,0.06661947,0.083382465,-0.26948538,0.1210058,-0.07086452,-0.045880385,0.14631796,-0.015160903,0.040434826
0.7851612,-1.4152944,-0.28440645,0.65020996,0.5381105,0.93399686,0.094676815,-0.19195694,-0.432839,-0.475622,0.16565798,0.5123069,-0.3334741,-0.2526348,0.27750418,0.5960811,0.37021622,-0.058602273,0.20639753,-0.07007134,0.03304862,0.07547647
-0.7251295,0.54222316,-0.12958516,-0.024265299,0.06284029,-0.025123766,0.12125768,-0.11261161,0.009284825,0.039040986,-0.004932851,0.13603497,-0.007845216,-0.08389644,0.054279663,0.04503893,0.14828806,-0.14256075,-0.0036929077,-0.37252137,-0.06025018,0.13224562
-0.7047063,0.57925415,-0.14813255,-0.18848945,0.42720333,0.09987567,-0.31618512,0.111607045,-0.04087915,-0.037919577,-0.02148233,0.24985133,0.06822664,-0.09124175,-0.13215803,0.05265772,-0.0011695257,0.036525548,0.10921135,0.112667255,-0.023693267,0.06814322
0.75014824,-0.19849265,-0.052592143,-0.6668422,0.120612085,0.33653337,-0.16790074,-0.42373064,-0.040567968,-0.2580876,-0.07110466,0.26025727,0.055848923,0.06232671,-0.1831836,-0.12037425,0.281972,-0.08894022,-0.23002484,-0.07551168,-0.0020415823,-0.077755846
0.89904386,0.552079,0.20312989,-0.109965414,0.3217167,0.019209204,-0.110239916,0.25999093,-0.0014035931,0.5087378,0.12161473,0.07272696,0.027194113,-0.103199884,-0.11814575,0.023650937,0.07485898,-0.07164138,-0.30671865,-0.07767262,-0.0234891,-0.12989822
0.9038856,0.3992151,0.32654265,-0.08502553,0.63423115,0.26603487,-0.05725044,-0.1463763,0.07944659,0.44685647,0.08360613,0.25390315,0.09948416,-0.14158131,-0.22978503,-0.0973509,0.14984527,-0.11170908,0.002534224,0.136546,-0.017994454,-0.08272955
-0.68238926,-0.987738,-0.36460543,-0.03836092,0.18926752,-0.056373287,1.3385861,-0.28964147,-0.23387781,-0.16155049,0.32153115,0.023278864,0.03818279,-0.15908463,-0.40006325,-0.04181752,-0.045114633,-0.11311773,-0.00027458192,-0.0041875457,0.04740718,0.12669466
-0.67131263,-0.20842876,-0.29766375,-0.55366284,-0.1841553,0.26241413,0.049192403,-0.7464014,0.033579037,-0.2381843,-0.04619189,-0.3110277,-0.13516705,0.19620544,0.11442969,-0.17335114,-0.09858104,0.04963913,0.19207112,0.16867493,0.044162303,-0.044276018
0.76610994,-0.23826054,-0.20755939,-0.7798286,0.14809261,0.265299,-0.4939246,0.10439332,0.24393973,-0.2465086,-0.755386,0.011498146,0.1831135,-0.39829198,0.08320259,0.24885885,0.13544543,-0.12572859,-0.07988503,-0.071803056,-0.19791459,-0.052015554
0.7802242,-1.0581464,-0.6689374,0.38791794,-0.2665945,-0.3988336,-0.11664334,0.48638138,-0.09761545,0.33636513,-0.9269392,0.35616702,0.43929705,0.08341957,0.05938216,0.07103841,-0.045866344,0.05422692,-0.15840726,-0.030537928,-0.42241204,-0.017620064
-0.72389835,0.3443354,-0.03718549,0.012674338,0.5628538,0.3882228,0.63970906,0.3718467,-0.16431575,-0.23101467,0.044222947,0.09219301,-0.04202427,-0.03167424,0.048108812,0.04471118,-0.41984737,0.2465161,-0.04185253,0.10881737,-0.035205465,0.19576411
-0.6659772,0.21548393,0.11163011,0.19499496,0.41843802,0.44012982,1.0833868,-0.18391146,-0.040227786,-0.09414301,0.07920275,-0.15761945,-0.09965064,-0.00763591,-0.26376054,-0.05641515,-0.16362013,0.29120648,-0.07020962,0.020141253,0.0039950702,-0.11346871
0.8344285,-0.62003696,-0.15375355,1.5673648,-0.30234167,-0.3488287,0.39698535,-0.50624514,-0.2098795,0.5258883,-0.17089581,0.18394797,-0.6326501,0.2012968,-0.50306314,-0.17360151,-0.038921773,-0.16529585,-0.06356816,0.112249844,-0.21158855,0.05168769
0.9394609,-1.2084662,-0.37102428,0.5925091,0.17755736,0.6021477,0.13173233,0.48350352,-0.4497459,0.0072864387,0.38467294,0.12562607,-0.3751607,-0.32656676,-0.4630332,-0.021558208,-0.05788033,0.068857305,0.20262098,0.003343055,0.056106713,0.05466492
-0.6764889,-0.123637535,-0.36072758,-0.6508066,-0.16001004,0.2042478,-0.20152073,-0.43124223,-0.038397837,-0.2655263,-0.048021387,-0.33733243,-0.1466493,0.1992497,0.043562584,0.009035149,-0.0333281,-0.2668049,0.25439027,0.1572083,0.021378757,-0.032985818
0.82157815,0.5498375,0.19201222,-0.11677543,0.31795445,0.009797941,-0.23157892,-0.00026291612,0.004561434,0.1505048,0.04396215,-0.07236025,-0.015100161,-0.013182221,-0.23922984,-0.050443772,-0.20359115,0.083519824,0.08035996,0.03665225,-0.0137422,-0.079377584
-0.5746394,-0.10259385,-0.49364805,-0.51548386,-0.5132251,-0.063810095,0.1320264,0.45845938,0.7904637,0.1278427,0.42587453,-0.018063582,-0.048472278,0.27876654,0.08292839,-0.24927257,0.16874272,-0.15593348,-0.3063966,0.13549073,0.039773796,-0.05407681
-0.7149908,0.69742507,-0.27810442,-0.04449178,-0.28314182,-0.2849132,0.06211073,0.33688974,-0.077060536,0.042567197,0.052248742,-0.06653899,-0.01797986,-0.09610012,0.12436922,0.039533872,0.017601792,-0.2772955,0.22404148,0.119748525,0.0020903805,-0.03568407
-0.51779646,0.40217876,0.10241016,-0.029345209,0.48391318,0.25844243,0.08865383,-0.4120536,0.14064255,0.5426138,0.09429991,-0.1364899,-0.08617827,-0.008184745,-0.14651193,0.07340349,-0.0855593,0.29366422,0.0879671,-0.03186834,-0.019072067,0.01954064
0.6778845,0.017141193,1.2102227,0.5200552,-0.63682294,0.13573168,-0.6157838,0.5238648,-0.25097442,0.3875408,0.05398299,-0.2837758,0.34091872,0.17125434,-0.15633526,0.23908488,0.02502677,0.10440214,-0.047736067,0.06654009,-0.04497731,0.085462645
-0.8849584,0.032714806,1.1991665,0.090098314,-0.31824002,-0.112547226,0.018469473,-0.3551308,0.026756458,-0.08494802,-0.012432477,-0.26188272,0.028178353,-0.0639972,-0.03808245,-0.3521672,0.30508253,-0.1073834,0.29666734,0.16191578,0.0055381623,0.06139112
-0.71857995,0.6105728,-0.16106398,-0.18080516,0.31819683,0.03487098,-0.5240632,-0.012109234,-0.07594315,-0.24318196,-0.08965673,-0.20438102,-0.0847989,0.08302252,0.054332905,0.3160001,0.15399832,-0.12132185,-0.094078794,-0.2345283,-0.034909457,0.012011517
0.65256923,-0.45939445,-0.5086507,-0.3652685,-0.37356997,-0.8205583,-0.020467075,0.2581635,-0.3270165,-0.24066092,0.23435424,0.106649816,0.08153514,-0.11604627,-0.067662366,0.26586655,-0.28540102,-0.19796178,0.047347765,0.032735445,0.06315312,-0.04340614
0.83977413,0.5250153,0.18145382,-0.0818775,0.29942635,0.035847005,-0.2003429,0.028608704,-0.0004477018,0.14191519,0.040905755,-0.040100075,0.033872828,-0.06464338,0.061861157,-0.12550707,0.16025302,-0.12769838,-0.0325338,0.045675375,0.017056296,-0.24430566
-0.68872774,-0.057445467,-0.42205936,-0.6001585,-0.4477144,0.034287017,0.14821298,-0.15177992,-0.04105421,0.006000184,0.051163275,-0.12223015,-0.121535055,0.10369787,0.16531852,-0.05301642,-0.24392737,0.012225259,0.1027386,0.105909295,0.07515506,-0.40563145
-0.7031531,0.011109674,-0.32974127,0.18004344,0.5785336,-0.54952294,-0.2549655,-0.058627367,-0.15916502,-0.1014384,0.2109813,-0.0018112599,0.15441936,-0.2261517,0.001841675,-0.048394892,-0.09270273,-0.013344864,-0.04493166,0.062203445,0.041468475,0.12039729
-0.6337094,-0.21730474,-0.6273657,-0.12546024,-0.5591658,0.5235878,-0.5391608,0.12194902,-0.23584397,-0.049409926,-0.012661134,-0.21834679,0.27405977,0.31546032,-0.042795576,-0.10020213,-0.18613017,-0.13071045,0.027813876,0.101601295,-0.0354081,0.1954521
-0.96435976,-0.11757683,1.2107204,0.13391593,0.038999874,0.22308461,0.6412041,0.36326,-0.20465823,-0.3853986,0.013079246,0.01631304,0.026096018,-0.08982937,0.31400046,-0.06482568,0.2046935,0.034760006,0.024864035,0.0359542,0.005671432,-0.1165504
-0.7143762,0.5476876,-0.12123328,-0.112527,0.30145717,0.07074222,-0.35253504,-0.21588492,-0.021884305,-0.2266043,-0.08249828,-0.19179347,-0.06841035,0.07057978,0.14475028,0.08104355,0.06351769,0.025039295,-0.14256053,-0.21541503,-0.02658944,0.061354183
0.9186305,0.28080797,0.09949711,0.4556232,0.20715463,0.58279294,-0.66590154,-0.0027150162,-0.09290625,0.28377488,0.034468334,-0.27249277,0.32406187,0.19845188,-0.12246154,-0.17513944,-0.1537388,-0.104379624,0.26221222,-0.0017438398,-0.01903487,-0.20305292
-0.7247986,0.7102786,-0.28287676,-0.034376256,-0.33140633,-0.30811775,0.052530326,0.3302869,-0.102645114,0.051799532,0.031112563,-0.12468884,-0.06837153,-0.036178775,0.22350937,0.33502486,0.11378189,-0.2885488,-0.06932991,-0.04215509,-0.01792934,-0.013247714
-0.69682324,0.55858546,-0.33493856,-0.046972744,-0.27154025,-0.28082514,0.06996231,0.42488688,0.29571423,0.07727874,-0.6295253,-0.2652364,0.14158657,-0.56576556,-0.060261466,0.24144986,-0.061453015,0.02480546,0.19923507,0.09686998,-0.20130432,0.036636468
-0.6620529,-0.28435606,-0.29737794,-0.5647531,0.13299784,0.52338845,0.5053663,0.17013942,-0.20060682,-0.45669186,0.02879256,-0.32418114,-0.17062241,0.15779413,-0.08036086,-0.117817126,0.077345654,-0.046354167,0.0694284,-0.28448856,-0.042570654,0.13023056
-0.6525231,-0.079230644,-0.43800735,-0.5939917,-0.35777247,0.106979884,0.3087555,0.061487954,-0.030859783,0.2201428,0.0981488,0.339507,0.039521426,-0.07626087,0.31792876,-0.19861495,0.12527397,0.12233222,-0.10142121,0.021643657,0.025263464,-0.15565428
0.6942225,-0.15300728,-0.13938023,-0.4926023,-0.44635525,0.08563216,0.2376135,-0.62091565,-0.024692435,-0.44652444,-0.07761186,0.05473964,0.01945256,0.08282788,-0.043760628,-0.28683943,0.19979082,0.34460425,-0.007750415,0.08831286,0.05766415,-0.14285363
0.8720873,0.273026,-0.096261494,0.7910481,-0.3246533,0.5058761,-0.72539634,0.2002141,-0.17644636,0.118648954,0.05045383,-0.17994158,-0.5061574,-0.11780791,-0.24938157,0.10960779,-0.03761634,-0.02174232,-0.23847759,0.09698363,0.010627664,-0.12158639
0.933512,-0.291614,-0.2989532,0.09830261,-0.86912584,0.44586664,0.105953515,0.04725214,-0.15156063,0.46069798,0.10997752,-0.054790024,0.31729096,0.21060275,0.38002098,-0.00073626323,0.19037198,0.43661714,-0.030851595,0.015652843,-0.0051729134,0.0059952307
0.6725563,0.52507323,-0.07174839,0.07158112,-0.112988606,-0.2323273,-0.26440674,0.2879934,0.7751359,-0.72983843,0.20934941,0.0745608,0.12370546,0.18525977,0.41856286,-0.4081627,0.61551976,-0.20980042,0.17936513,0.07099739,0.003046403,-0.024143763
-0.9628267,-0.04732734,1.0801314,-0.011590739,-0.16203113,-0.16460255,-0.17508517,0.041393235,0.3675628,-0.09773297,-1.0331727,-0.20979972,0.16753054,-0.43751216,-0.29533878,-0.090139456,-0.1255697,0.07656209,-0.012213335,-0.2987656,0.73471504,0.05484242
-0.6481465,-0.34699714,-0.50833505,0.028815294,-0.6199436,0.62641245,-0.12803727,-0.44254196,-0.1423454,-0.018645074,-0.041663066,-0.17263725,0.23031221,0.35073397,0.02340339,0.18092807,-0.05594871,0.27561963,0.17971042,0.058208194,0.019434167,-0.11379195
-0.8079125,-0.73501915,0.8398838,-0.511269,-0.68451995,0.03286461,0.32003155,0.10748337,0.35473686,0.32151118,-0.5731586,0.07565352,0.25555515,-0.63724303,0.17161074,-0.3673295,0.17091976,0.083445616,0.32536438,0.082445055,-0.14679709,-0.019620717
-0.6693649,-0.7411358,-0.48237437,-0.3411506,0.3217207,-0.24015006,0.021789683,-0.46163797,-0.14271095,-0.0003744747,0.20894322,0.17788626,0.07762585,-0.105553545,0.089775145,0.27259442,0.07206546,0.12439259,0.006392521,-0.08418953,0.08057209,-0.09995671
-0.64542717,0.020333707,-0.49458426,-0.60855937,-0.57387686,-0.054818302,0.20522067,0.13238646,-0.08219244,0.11693626,0.08324158,0.0043013473,-0.040164147,0.012156428,-0.071136735,-0.10820246,0.022358745,0.19669014,-0.09063488,0.11849514,0.028553138,0.008034715
0.81915176,0.2911999,0.39093778,0.13671114,0.30772007,0.22900812,0.43409938,-0.86516446,0.14832595,0.21098876,-0.009513106,0.13302767,0.023672529,-0.048320863,-0.3272867,0.14836068,0.35022914,-0.011728565,0.03586663,-0.07745036,-0.06565299,0.22819848
0.60398877,0.49894083,0.12512219,0.040941782,0.002034013,-0.07022328,0.1039014,-0.45100477,-0.016455656,-0.41459197,-0.11768327,0.16724691,0.034886867,-0.0038624937,-0.0073596695,0.025118357,0.12389447,-0.00033178137,-0.27618906,-0.3026977,-0.022900118,-0.1021766
0.76763695,0.056096047,0.13329698,0.6854105,0.22716807,0.82870936,0.35372168,0.17975344,-0.27507186,-0.29633576,0.00063031464,-0.16599117,0.31902432,0.20548487,-0.1183156,-0.096988015,-0.15137534,-0.18503204,-0.04769495,-0.04178092,-0.053808104,-0.035465103
0.8885624,-0.54141873,-0.355988,-0.41057986,0.007298574,-0.5821378,-0.07405114,0.37773275,-0.22816767,0.373155,0.37157065,0.08016222,0.088088065,-0.20152247,-0.021375433,0.18980475,0.0023475906,-0.094166964,0.40651473,-0.029528733,0.03931913,0.0440179
-0.723107,0.45737866,-0.099857666,-0.0679401,0.47237736,0.26873556,0.24602064,0.49589756,-0.21856461,-0.50602484,0.0075028185,-0.39419416,-0.15208569,0.074256815,-0.20513982,-0.007694391,-0.16978922,0.027061664,0.13074535,-0.28252783,-0.0312751,-0.043575756
-0.7535354,0.42638585,-0.18924218,0.14723374,0.059438612,-0.34958166,0.37080646,0.07592057,-0.07636874,0.3702923,-0.46795234,0.44255936,-0.2873567,0.5158851,0.33912155,0.0056115347,-0.2758267,-0.035114042,0.0009368799,0.1353538,-0.25810432,-0.06291417
-0.56436396,-0.14504316,-0.056971338,0.91571283,0.45188183,1.258148,0.21535815,0.12513496,-0.18593773,0.094649814,0.09832083,0.07157962,-0.5674288,-0.15210693,-0.16992302,0.22530738,-0.25772575,0.05412613,0.16012606,-0.026920348,-0.0040008053,-0.104429334
0.8382073,0.3530611,0.29010227,-0.09712479,0.8470731,0.45873424,0.06663345,0.37708968,-0.16664886,-0.34113163,0.02476673,-0.35652804,-0.11678011,0.07670337,-0.18463928,0.028398775,-0.13816941,0.16598806,0.54767317,-0.087242246,-0.049129095,0.11290628
-0.6691683,0.5180685,-0.08011324,-0.070672825,0.22482467,0.021379286,-0.27198118,-0.2854681,0.03161236,-0.09350934,-0.0038326844,-0.49633402,-0.12417529,0.10831834,0.14725247,-0.25912687,-0.4321167,-0.22545138,0.033068497,0.19236764,0.0040756892,-0.01751698
0.6195643,0.67567897,-0.04815686,0.018721165,-0.38084716,-0.3674022,0.1814743,0.20032482,-0.112172045,-0.23334505,-0.015520502,0.20204055,0.0898082,-0.105722345,0.0030874454,-0.088453524,-0.030035216,-0.09746964,-0.4036029,0.08022248,0.00715746,-0.11547449
0.73369324,-0.10872871,-0.122011684,-0.62975925,-0.2372841,0.105445035,-0.03940123,-0.30303088,-0.050928432,-0.22463514,-0.035753682,0.03690053,-0.048799634,0.1028784,-0.16849397,-0.12712447,0.006697448,-0.08019466,0.036059957,-0.28229067,-0.045939792,0.16626997
-0.6993379,-0.16237499,-0.32917124,-0.65022475,-0.07609339,0.26040864,0.012294278,-0.33890986,-0.025606632,-0.027401814,-0.009495918,0.08598801,-0.088257566,0.10101241,0.11454404,0.15012178,-0.13180882,-0.33668792,0.13025767,0.069021456,0.020618176,-0.1673172
-0.712469,0.51523626,-0.09911168,-0.060418043,0.25617358,0.076790616,-0.037393764,-0.24246582,0.025403447,-0.058172777,-0.020101076,0.08020177,0.019164555,-0.039643593,-0.019919178,-0.12205021,-0.121571824,0.3014684,-0.040406667,0.072854236,0.022977889,-0.11934144
0.9624037,-0.45959273,0.1688644,-0.4961216,0.46511322,0.75997436,0.68702143,-0.010897603,-0.11630922,0.11366927,0.10897808,-0.15353103,-0.12791921,0.13191591,0.13990052,0.13740015,0.06807903,0.26646987,-0.14108975,0.0993781,-0.0036058468,0.090762444
0.6780935,0.6153501,0.060630437,-0.055552356,-0.029724983,-0.17551881,-0.20092674,-0.04960728,-0.08417482,-0.29704905,-0.060988516,-0.13635711,-0.022146808,0.050584413,-0.02126685,0.14047964,-0.053935513,-0.086831376,-0.17939024,0.09514699,0.010747941,-0.18786031
-0.6828791,0.46243715,-0.03214605,0.023783037,0.1262874,0.049612265,0.2853515,-0.27844235,0.0635392,0.25137022,0.055226635,0.07654812,-0.023427887,-0.07154631,-0.0015433984,0.058206357,-0.075552456,-0.24160166,-0.022217263,0.04655307,0.028803345,-0.35950118
-0.6169349,-0.22424898,-0.5576223,0.9720032,-0.1939877,-0.40010846,-0.15720114,0.43973362,0.5796512,0.16526844,0.6098014,-0.12016854,0.45695034,0.21487291,-0.20678425,-0.18360001,-0.32654098,0.021401376,-0.18123482,0.061290674,0.037990823,0.14904642
0.6813484,0.59445053,0.09539515,-0.09468763,0.12387868,-0.10273907,-0.37473887,-0.20808862,-0.058337837,-0.43213764,-0.09106991,-0.262027,-0.045331843,0.1038047,-0.19090322,-0.0072353873,-0.20053408,0.0769268,0.029871356,0.10525672,0.003581202,-0.10004174
-0.94640523,0.16843463,1.1002707,-0.22560859,0.2050015,0.0075595807,-0.74555886,0.22036122,-0.13587122,-0.24337785,-0.10603143,0.1516399,0.08433212,-0.03728211,-0.089438505,0.17731301,0.20531833,0.15971328,-0.07433293,-0.008284338,-0.03471265,0.17052501
-0.6690944,-0.10438549,-0.3881431,-0.58698285,-0.33011603,0.13659626,0.20142715,-0.20947245,-0.019348707,0.0746324,0.03334064,0.06773435,-0.08156706,0.058167428,0.32206133,-0.05433287,0.041432224,0.20033462,-0.1450865,-0.26225284,0.04468172,-0.26449195
0.60512155,-0.27401656,-0.018845811,-0.5296316,-0.13672455,0.2560793,0.31638905,-0.79183733,-0.0063087414,-0.26448545,-0.109840706,0.43998092,-0.049499676,0.12966341,0.15920146,0.35994264,-0.3377544,-0.23078361,-0.03457235,-0.07752316,-0.026295263,0.033009756
-0.5193248,-0.1956449,-0.419257,-0.6321734,-0.34671277,0.066527255,0.22837801,0.23690443,0.38077444,0.562317,-0.49418408,-0.29981035,0.047357377,-0.48085395,-0.15909483,-0.13734154,-0.22664051,0.16127776,0.047404774,-0.27679393,-0.17514451,-0.1627712
0.82031345,0.65084034,0.08775311,-0.053437915,-0.10597379,-0.22957629,0.04168431,0.34786,-0.040083807,0.34565982,0.1037706,-0.021984257,-0.040068988,-0.08216256,0.018289942,0.14311996,0.04522281,-0.089321285,0.05351582,-0.31133345,-0.05352105,0.012028844
0.8806134,0.47690827,0.28123936,-0.04891644,0.33706698,0.08404028,-0.074224286,-0.22162768,0.06768124,0.3583386,0.06936901,-0.1811223,-0.09485436,0.03818808,0.04030722,0.17302051,-0.25262877,0.2942878,0.25535768,0.040833235,0.005949479,-0.1503281
0.6206078,0.4649776,-0.046990324,-0.036193334,-0.10849164,-0.22345714,-0.16129747,0.005687537,0.3011922,-0.48787278,-0.76880175,-0.27638116,0.16127382,-0.4649855,0.1384829,-0.002140537,-0.3342662,-0.08431278,0.32258758,0.0893404,-0.1944962,-0.042399384
-0.58888716,-0.9605372,-0.59774196,-0.09034288,0.6399112,0.26376313,0.030671425,0.593009,-0.38386157,-0.44505757,0.3173576,0.21423279,-0.6597165,-0.5518096,0.30998152,-0.07615877,0.46175134,-0.16923401,0.24561584,0.2610374,0.11206058,-0.033413988
0.77343124,0.41062933,0.15055169,0.087542176,0.14972456,-0.04713292,-0.23499621,-0.21290968,0.8705117,-0.39665133,0.2213873,-0.26494053,-0.0793391,0.40161893,0.09485264,0.014010449,-0.0367953,0.3918411,-0.0010399584,0.14085911,0.02850846,0.027238628
0.7450481,-0.2391305,-0.113938294,-0.56548274,0.039565038,0.40937206,0.5387101,0.48393637,-0.295113,-0.40349308,0.020111406,0.047567166,-0.08802889,0.11270942,0.2817641,0.31063452,0.008528544,0.009445495,-0.07688167,0.011105848,-0.025524862,0.12269609
0.76747876,-1.1850816,-0.48558995,0.7814517,-0.4996483,0.121881716,-0.2517968,-0.4240251,0.56827575,-0.37660125,0.47019836,0.13598497,-0.41367406,0.11419005,-0.32371977,0.32225817,0.06688956,-0.04002563,-0.26308256,0.059858907,0.110227324,-0.069154195
-0.7780791,-0.09466971,1.3865706,0.09634906,0.023484958,0.13011137,0.1424364,-0.52389616,0.10119705,0.4559781,0.04736062,-0.14259434,-0.047127705,-0.015710898,0.15059553,0.17949364,0.1417059,0.1536634,-0.029317388,0.10139807,0.011773327,-0.082869336
0.64819646,-0.28675914,-0.080334805,-0.5319047,-0.0027716546,0.39553833,0.5444161,0.07002443,-0.242673,-0.78006196,-0.051926404,-0.1439259,-0.14795834,0.18112436,-0.01207982,-0.06987927,-0.23707442,-0.17111307,0.2420299,-0.3040336,-0.045066513,0.13901658
-0.69721705,-0.5674674,-0.6239216,-0.3475921,-0.14677225,-0.6006913,0.16859227,0.06725103,-0.1918417,0.15035455,0.3272899,0.059383396,0.032062974,-0.16141848,-0.008619434,-0.05784886,-0.29838002,-0.101869345,-0.028653124,-0.3285127,0.10023643,-0.40301412
0.54081964,-0.18491967,-0.058807246,0.62126565,-0.035968166,-1.1343821,0.7581143,-0.61747956,-0.17230274,-0.119293794,-0.30820107,0.2825528,-0.15527518,0.38213226,-0.897978,-0.09475761,-0.28609613,-0.4234317,0.34157023,0.054082878,-0.22457007,-0.14223701
-0.6851644,0.34473643,-0.32553717,0.46520597,0.015873598,0.50611037,-0.33249122,0.30876473,-0.15391703,0.21639127,0.014831002,0.44409516,0.49915996,-0.004832939,0.09267357,-0.2491323,-0.004732863,-0.1689295,-0.3274781,-0.22105587,-0.094374225,0.17228788
-0.5909814,-0.15477036,-0.28557098,-0.7869678,0.32261282,0.42602694,-0.35840234,-0.18140402,-0.012690489,0.07924477,0.023100225,0.06727855,-0.028930886,0.07603726,-0.19854735,-0.17791322,-0.13077542,0.06056919,0.037968084,0.13926989,0.036789827,-0.16336268
0.67599416,0.0716779,-0.124075696,0.19514538,0.3637409,-0.7426041,-0.15616721,0.11098529,-0.21723196,-0.1193643,0.21001789,0.17924912,0.15527645,-0.23080833,-0.06382921,0.25863665,-0.2695074,-0.05101754,0.10268772,-0.008299654,0.022668066,0.079724155
-0.95570606,0.20957594,1.0346271,-0.08397953,-0.29591006,-0.24165547,-0.4341245,0.20691246,-0.124945395,-0.25255355,-0.049965687,-0.17471434,0.029394705,-0.021005703,0.104776286,-0.07033567,0.11614877,-0.03776855,-0.02559364,0.15908067,0.009049682,-0.015552224
-0.52696174,0.61806893,-0.09390385,-0.019225694,-0.10109274,-0.154983,0.16669711,0.22032905,0.015199514,0.66167307,0.18223536,-0.3706138,-0.13593665,-0.012930424,-0.07224396,0.1815196,-0.17306976,-0.025668321,-0.23841272,0.1312985,0.01766757,-0.19766445
0.8967437,0.65166265,0.120297305,-0.023352884,-0.16343692,-0.25299746,0.08786897,0.31341392,-0.02036223,0.49150044,0.15907894,-0.27324143,-0.063230366,-0.047202874,-0.21496396,0.055881944,-0.062378954,0.037165496,-0.07834372,0.083779484,-0.0059745656,-0.09729616
0.7435979,-0.61515737,-0.33568949,-0.43318084,0.22882676,-0.43679884,-0.4818308,-0.20204753,-0.24266258,-0.38240552,0.14581399,-0.15348953,0.021351734,0.0012520343,0.17455857,0.18580008,0.026467204,-0.038284782,0.23155318,-0.30158162,0.060252264,-0.056723297
-0.62965107,0.24750693,-0.4146882,0.7857953,-0.2435801,0.6310948,-0.8383354,0.035221774,-0.16441299,-0.27272496,-0.038779758,-0.1482472,-0.43263936,-0.16508876,0.07155974,-0.23359816,0.34267944,-0.023252271,-0.008078296,0.14407817,0.024537576,-0.014397227
-0.6957998,0.4501255,-0.104070246,0.14538823,-0.11491539,-0.010963962,0.6232027,-0.34396738,0.10183946,0.1783398,0.051303346,0.31692135,0.09144209,-0.19972883,0.40189397,-0.30525777,0.13781375,0.29419452,0.19909441,0.05524237,-0.0032029753,0.12260552
-0.7329509,0.68477017,-0.25175396,-0.008805528,-0.34202674,-0.2992591,0.14905696,0.182971,-0.060555227,0.052754197,0.039659884,-0.13913684,-0.08720417,-0.026841009,0.14636381,0.22085296,-0.08760053,-0.08245715,0.120274,-0.051661115,-0.0052061095,-0.06210876
0.6879087,-0.16161644,-0.3057545,-0.66386557,-0.37636274,-0.034633227,-0.18470697,0.023797816,0.24641849,-0.42569754,-0.7356148,-0.22112869,0.14640935,-0.36189193,-0.13802099,-0.13103576,-0.33273646,0.06771028,-0.094321705,0.10363691,-0.19688715,0.12164521
-0.60249966,-0.02424971,-0.25176728,0.5335864,0.47425407,0.9280718,0.20763402,0.9026011,0.05602678,0.09202137,-0.59479487,-0.0046398644,0.5741556,-0.44423577,0.082094625,0.0073334468,-0.25649685,-0.25884634,-0.06917494,0.101854175,-0.26269487,0.16224472
0.66960114,0.6299882,0.049761973,-0.014715232,-0.18944353,-0.26345435,0.0354144,-0.016388386,-0.050271165,-0.18300614,-0.006089268,-0.057632938,-0.01806112,-0.0062745516,-0.10373304,-0.05341853,-0.310348,0.058269393,0.06443619,0.075368516,0.015191189,-0.19250293
-0.751106,0.4744977,-0.17584606,0.12125885,-0.176234,-0.20685732,0.31749165,0.11877547,0.886009,-0.02051561,0.33351332,0.166984,-0.08436158,0.2277785,0.14846142,0.0016657452,-0.3789773,0.12558484,0.094673954,-0.258023,0.019568183,-0.12704031
0.70696133,0.47062612,0.0965229,0.13480258,-0.060727417,0.017959973,0.8124824,0.47060046,-0.22899005,-0.45949432,0.03842329,-0.19454254,-0.052493628,-0.028413821,-0.23725925,0.10373045,0.111256674,0.19627586,0.2722425,0.030190874,-0.041990705,0.18170093
0.91171455,0.27548653,0.102762915,0.55006653,-0.008754559,0.5143775,-0.18026331,0.07288728,-0.096236706,0.60068935,0.083030924,0.105665356,0.38001555,0.0891134,-0.2864809,0.1600108,0.07203103,-0.09251482,-0.16022943,-0.14556433,-0.056678392,-0.0745734
-0.68322176,-0.13315095,-0.3319722,-0.7734515,0.20102237,0.35479888,-0.35121557,-0.2321316,-0.043062363,-0.11923733,-0.034221876,0.08528738,-0.075983495,0.1255871,0.023839155,0.03482367,-0.20009711,-0.035147425,0.11571421,-0.036060438,0.026522256,-0.2060842
-0.72046375,0.6943455,-0.2620226,-0.036471963,-0.28390765,-0.2747851,0.0955054,0.25893295,-0.07233005,0.054382436,0.04276366,-0.061521016,-0.043936126,-0.06280661,0.055966076,0.2319304,0.0011495902,-0.09028847,0.25227615,0.101414144,-0.003481736,-0.024647575
-0.70191294,0.31656855,-0.29958835,0.7343544,-0.6437876,0.2805603,0.3098757,-0.24007027,-0.073130846,0.16212732,0.027684234,-0.00092177885,0.35054722,0.08537168,0.040409714,-0.09847187,-0.054312535,0.11282822,0.35645467,0.03397221,0.008082513,-0.16125551
0.6757937,-0.0100167105,-0.35060906,-0.5287869,-0.73191965,-0.26691416,0.05457613,0.4418315,0.67832035,-0.4017535,0.28134552,0.2166023,-0.03316345,0.3385409,-0.14769116,0.15013646,0.09957517,0.06657272,-0.23913066,-0.09937774,0.028361192,-0.095717534
-0.7065757,0.5904925,-0.15607014,-0.11133323,0.2135044,0.012093295,-0.038771324,0.07905309,-0.024793161,0.089580454,0.004807721,0.29127675,0.04483428,-0.099861056,-0.1109818,0.1472765,-0.009709003,0.2975337,-0.0141360685,-0.0590279,-0.04015358,0.168244
-0.573906,-0.69226575,-0.5096855,-0.503726,0.63432205,-0.1774928,-0.31908774,0.059761763,-0.16481327,0.22909777,0.30335772,0.303723,0.19223148,-0.22533685,-0.03866906,-0.23327151,-0.12201452,-0.10311151,-0.03504995,0.1627284,0.047376968,0.14570107
-0.7189811,-0.012504138,-0.3042848,0.4300153,-0.019337988,-0.7534527,0.5242525,-0.4204796,-0.095297344,0.057858407,0.2570328,-0.06611798,0.10073577,-0.24071386,-0.3708062,0.22713941,0.112433076,0.15081674,0.11852338,0.056753974,0.029477442,0.18761452
0.7392818,-0.8352525,-0.7189295,0.57389015,-0.81168365,-0.14658368,-0.3298464,0.22440682,-0.403403,-0.20435156,0.2567209,0.31690866,-0.29679117,-0.3462971,-0.16305372,0.013590503,-0.045929838,0.28790104,0.15794222,0.018268276,0.08455462,0.069068775
0.88260937,0.3218532,0.3690259,0.05160637,0.45206404,0.22814529,0.21571667,-0.5215072,0.1581801,0.43573636,0.083064616,0.047776427,0.004390753,-0.05200862,0.22876717,-0.23385735,-0.26336387,0.069131576,0.05516928,0.12120745,-0.034979854,0.12939402
0.6520478,0.06782948,-0.3035822,-0.6911022,-0.5443746,-0.14894743,-0.15993533,0.18254903,-0.18676725,-0.35804406,-0.041670855,0.05971777,-0.06631199,0.10812881,0.0188927,0.27825776,-0.12536922,-0.24054627,0.2676849,0.06340728,0.014231151,-0.14114064
0.8653891,-0.15408927,-0.011330029,-0.63955253,-0.06716592,0.21100356,0.15244386,-0.1635286,0.0039281915,0.36047146,0.09948353,0.20472534,-0.02093259,0.016007584,-0.44579244,-0.033894107,-0.07792368,0.007061796,-0.045970883,-0.09205372,-0.023976663,0.009070315
-0.6664043,-0.07715744,-0.39217243,-0.6537584,-0.22815573,0.16049148,0.08281148,-0.1011207,-0.048440028,0.081404515,0.018130915,0.17274956,-0.062134735,0.036440503,-0.05571329,0.14691405,0.22349344,0.007436782,-0.043752342,-0.3887442,-0.047226947,0.14128116
-0.66535646,-0.103723966,-0.38264316,-0.604987,-0.30107117,0.14161779,0.021776406,-0.33942255,-0.03391754,-0.13414429,-0.00010039273,-0.19766462,-0.087376855,0.12324386,-0.106273785,-0.075024135,0.12326538,-0.11395783,0.021213753,0.122349404,0.020972114,-0.07617971
-0.5386909,-0.7238571,-0.17220284,1.0372393,1.0042522,0.5872613,0.3618914,0.22325255,0.527412,-0.03004317,0.5488063,0.17062095,0.46725076,0.21591394,-0.19376402,0.3869242,0.31402984,-0.05119238,0.16616504,-0.0405371,0.010056022,0.16567986
0.8264038,0.5043319,0.16601756,0.08793732,-0.1230024,-0.13749363,0.20954555,-0.15644766,0.028448083,0.1890632,0.067225315,-0.24176365,-0.02037276,-0.03445239,0.2006305,-0.14068343,0.106881894,-0.40292007,-0.091424935,0.13085018,-0.044404805,0.18378234
0.75681794,0.6669686,0.038829096,-0.05957879,-0.13226414,-0.24201338,-0.1461461,0.22456141,-0.10042634,-0.008144126,0.00691862,-0.15727682,-0.047148254,0.011783394,0.0849151,0.37606916,0.09996214,-0.14618355,0.019583499,0.08928396,-0.019275352,-0.012940954
0.6139779,0.49601448,0.08099346,0.21518907,-0.4635547,-0.26563016,0.68165195,-0.4592626,0.031496756,-0.23371647,-0.027470158,0.21926954,0.08785231,-0.1247631,0.06562283,-0.28983915,-0.0056354296,-0.038417216,-0.023974141,0.08087056,-0.027858915,0.17807469
0.4581933,-0.5061284,1.2967304,1.0385848,-0.37703106,0.80584097,-0.0386493,0.0739405,-0.35303578,-0.81630003,-0.07450621,-0.21481958,-0.4632552,-0.09555173,-0.2838917,-0.18620156,0.119113415,-0.4219706,-0.22909337,0.083114594,0.039711256,-0.34493774
-0.613501,0.42550677,0.062078796,-0.05236659,0.44048277,0.20194833,0.06667494,-0.38899285,0.10819113,0.3594275,0.061252765,-0.04045951,-0.07656918,-0.005949377,-0.22669849,0.042498797,-0.28861865,0.08160029,0.026785178,-0.047335837,0.001954539,-0.20270999
-0.69543,0.38618326,-0.016389126,0.103225015,0.19114037,0.1905519,0.4937533,-0.5732482,0.086309895,0.14262128,-0.030537488,0.45657662,0.09809235,-0.14036465,0.083920754,0.25597954,0.40096557,0.42155063,-0.10302668,0.10143413,-0.02040615,0.20166625
-0.67357695,0.061242767,-0.5329763,-0.67292523,-0.5698741,-0.11737781,0.03200586,0.31452024,-0.12649196,0.10440982,0.07623382,-0.06345185,-0.10362142,0.059586734,0.08798663,0.06679937,-0.30275768,-0.281688,0.13831826,0.15674812,-0.038649753,0.36448017
-0.4736408,-0.044956926,-0.049172476,0.87569094,0.24738471,1.0390341,-0.19564752,-0.41091982,0.04654516,0.65413594,0.12205964,0.35714775,-0.3915439,-0.31056654,-0.44865876,-0.06894453,0.16328606,-0.11783682,-0.047287676,0.15595397,0.028745122,-0.23469478
0.7357411,-0.17400132,-0.036607992,0.48795918,0.40135345,-0.9166725,0.06468071,-0.3755599,-0.21213067,0.042666726,-0.3261485,-0.12404637,-0.24986069,0.5268994,0.13607323,0.2573004,0.02537368,0.01430765,0.076956555,0.14004003,-0.19580753,-0.082662
-0.7168886,0.5712574,-0.13298689,-0.12176213,0.267795,0.039673205,-0.18921778,-0.087623045,-0.01628624,-0.07593282,-0.028751375,0.053413656,-0.008999007,-0.014978442,-0.11963714,0.10125516,-0.13000482,0.21776852,0.12861304,0.064043686,-0.010584303,0.023898834
0.6391942,0.6855496,-0.023882968,-0.09541126,-0.069096886,-0.21870594,-0.3201913,0.06272037,-0.14294802,-0.49743018,-0.119656354,-0.016283851,0.02544566,0.036874745,-0.119582646,0.29247922,0.16791219,0.18381582,-0.124992386,0.08291692,-0.02684689,0.11325623
-0.72117734,0.58863604,-0.17685452,0.073886,-0.3048863,-0.20740287,0.40834662,-0.106798664,0.011161471,0.07516095,0.052068405,-0.017826438,-0.002553551,-0.09982958,-0.13643618,-0.09910108,0.015266849,0.0035005934,0.022909008,0.10015082,0.022599798,-0.1428394
0.92871934,-0.84954864,-0.069326885,-0.28489754,0.46246687,-0.1711646,0.11487167,-0.5291401,-0.06713957,0.46378934,0.31925666,0.027854132,0.044412017,-0.084251806,0.21930237,0.21237786,-0.13493104,0.013510638,-0.08820375,0.07540148,0.08636025,-0.17352457
-0.529243,-0.21504934,-0.22696637,-0.5695222,-0.10653313,0.30882663,0.14437133,-0.509605,0.06493426,0.2865861,0.060787335,-0.27189738,-0.15666032,0.117085524,-0.018680044,0.0048082615,0.2537354,-0.1850249,0.17972153,-0.22690909,-0.046800856,0.24435012
-0.6007696,-0.099179626,-0.35235122,-0.7818265,0.1579762,0.32414308,-0.11400764,0.2210294,-0.05586678,0.3681873,0.09134549,0.46221408,0.029245537,-0.0644264,0.017654173,0.1457315,-0.015027298,-0.17963696,0.18591686,0.14391945,0.020363303,-0.18368421
0.54869384,0.1511965,1.3998162,-0.049781937,-0.268734,-0.26775995,-0.3887252,0.107120305,-0.08918808,0.0010793087,-0.0027598983,-0.33833224,-0.07273323,0.069302395,0.16069128,0.11378644,-0.33434615,-0.1648562,0.11996625,0.16332737,-0.011807003,0.050438464
0.68178296,0.6008246,0.07337319,0.017975817,-0.18988982,-0.23656054,0.11963107,-0.12703954,-0.040745206,-0.17860451,-0.018784864,-0.029852388,0.014326184,-0.020613225,-0.34666887,-0.056846168,-0.13689037,0.010071325,-0.13697119,0.08970198,-0.033628043,0.13088854
-0.6959074,-0.17363966,-0.22878782,0.25533,0.9664175,-0.15021025,0.30563542,0.31172138,-0.33175296,-0.41957602,0.2143532,-0.14298415,0.03892105,-0.13849156,0.045640286,0.3453307,-0.06371306,0.47077522,0.09489452,-0.09747593,0.029444134,0.1582034
-0.93816453,-0.6846579,0.9104727,-0.41697985,-0.6348399,0.18616584,0.8526087,0.40908638,-0.27310875,-0.29650185,0.08519578,-0.16577771,-0.09734132,0.06151036,0.04234277,-0.06350248,-0.022473495,-0.047031187,-0.21088864,0.08453021,0.071631014,-0.4150443
0.612388,0.6803911,-0.030226195,-0.047433276,-0.23532586,-0.3142419,-0.07089105,0.11408433,-0.11148062,-0.3829167,-0.05758894,0.053827427,0.027544158,-0.027664753,-0.07366001,0.014973828,-0.16266714,-0.06451609,0.045681603,0.07893414,-0.006346243,-0.04403159
0.86363024,-0.1116275,-0.04298208,-0.7703787,0.15547824,0.24802819,-0.47220263,-0.10024543,-0.05361188,0.09036504,0.010134423,-0.20704022,-0.15036502,0.20635892,-0.020268718,0.014301502,-0.30927208,-0.12730147,-0.20424102,-0.32110968,-0.082059965,0.37009066
0.6802147,-0.47110683,-0.18004856,0.17835778,-0.7597153,0.5733485,0.30330983,-0.93752223,-0.07387717,-0.37497756,-0.07200078,0.08831195,0.4336458,0.21354486,-1.0697062,-0.7473228,0.024038034,-0.1695575,-0.09845757,0.006875822,0.035652358,-0.32872075
-0.7262589,-0.16095547,-0.31656682,0.4324642,0.5123861,-0.8307476,0.22187291,-0.21686381,-0.1813946,0.1938792,-0.27936965,0.29198092,-0.14445949,0.35970134,-0.13930358,-0.017761797,-0.035237055,0.18846312,0.17448875,0.08603363,-0.21401313,0.06328725
0.8870961,-0.9247131,-0.35256207,-0.25250477,0.3475505,-0.67977417,-0.36468038,-0.014317498,0.098818325,0.14378756,-0.9363968,-0.54827327,-0.13742183,0.1624484,-0.014743722,-0.052587118,-0.13801727,-0.13909167,0.018498331,0.17461666,-0.34983188,-0.19141056
0.87040144,-0.21960807,0.052453935,0.3793596,0.8013019,-0.75496197,0.05740115,0.034382816,-0.14831524,0.7093752,-0.17169997,0.25388235,-0.18924916,0.3686214,0.29739904,-0.07271772,-0.39341405,-0.04373015,0.044397537,-0.09499547,-0.2654412,0.2529077
-0.6309422,-0.10529801,-0.35708037,-0.6367325,-0.23820542,0.1431205,-0.08325904,-0.21003184,-0.047028307,0.101368785,0.031335246,-0.3463911,-0.20854741,0.21785955,0.43959612,0.2084418,-0.35863057,-0.26626292,-0.12942931,0.18382911,0.037547834,-0.12519887
0.7310548,-0.7572991,-0.21532413,-0.32505834,0.31753102,-0.27946022,-0.1418651,-0.6439123,-0.19790928,-0.2939051,0.112788394,0.07852449,0.07373836,-2.7663766e-06,-0.12493639,0.590352,0.23392306,-0.09435514,-0.14523178,0.004115288,0.029153116,0.13436134
0.66008925,-0.047301233,-0.3155452,-0.51776147,-0.6831761,-0.23119278,0.12364957,0.3205813,0.6995936,-0.36274314,0.2774966,0.27542156,-0.051095273,0.36371446,-0.13137698,0.24305579,-0.22131963,0.14610448,-0.123946436,0.07942975,0.022718813,0.03952139
0.60493237,0.65886277,0.0012240162,-0.028511334,-0.22613871,-0.29986107,0.01724877,0.00484847,-0.08486645,-0.36486578,-0.046019603,0.06832484,0.033965398,-0.025244713,-0.2753226,-0.10776608,-0.27742502,0.09777398,-0.12468038,0.06554205,0.016825644,-0.20516849
-0.8623742,-0.3486075,1.0408404,0.7918796,-0.16582768,0.7743454,-0.79254425,-0.13184142,-0.1381387,0.022620669,-0.041977383,0.31333426,-0.37365857,-0.22627963,-0.15683056,0.0928546,0.101610005,-0.061400894,0.091014944,0.14230758,0.024276009,-0.10080464
0.92054516,0.6660758,0.10857293,-0.08146192,0.0013086514,-0.16050611,-0.22165251,0.34737757,-0.08962812,0.38403332,0.07894747,-0.33679038,-0.076605484,0.032815643,-0.05926194,0.5777068,0.40109238,0.05625189,-0.37189206,0.10317676,-0.034157917,0.08658591
-0.756756,0.42770302,-0.103431776,0.03846691,0.23702803,0.17936614,0.741924,0.60264134,-0.19666629,-0.19043005,0.08492813,-0.056998122,-0.12412938,-0.037365314,0.16635314,0.066646576,-0.28180102,-0.22435132,-0.064034715,-0.41691074,-0.022796566,-0.23653795
-0.6590328,-0.028928142,-0.46007892,-0.62878406,-0.42133582,0.020617642,0.04770687,-0.0068018753,-0.06669428,0.0072029363,0.052478116,-0.11329719,-0.06824091,0.0765385,0.08101103,-0.22883657,-0.17664798,-0.007372403,-0.16432601,0.15333179,0.008674882,0.10971411
-0.90804976,-0.4961453,0.8445731,-0.7852778,-0.2142063,0.14285088,-0.47709066,0.24388358,-0.14185847,-0.075788505,-0.013162779,0.33816987,0.07684457,-0.02715784,-0.0068942932,-0.12636171,-0.029389111,-0.03125824,0.18798597,0.14078574,0.019292595,-0.017057529
-0.70614725,0.63422287,-0.19296604,-0.07871462,0.0070532644,-0.10697968,-0.04395353,0.084486805,-0.033118747,0.0032253757,0.0036972382,0.011514521,-0.021379653,-0.054060243,-0.05454851,0.023844467,0.05253631,0.22748064,-0.039080482,-0.25973848,-0.027681712,0.07206128
-0.67845184,-0.56880945,-0.6475414,-0.289592,-0.2624091,-0.6416791,0.2181851,-0.0063106394,-0.21548755,0.14717019,0.3054474,-0.07006099,0.018924862,-0.0904273,0.1794045,0.12557659,-0.41464323,0.060539287,-0.35926268,0.12185245,0.06955114,0.12434201
0.6864379,0.57492703,0.07798178,0.05613594,-0.23007184,-0.22017469,0.18122277,-0.20469677,-0.015893051,-0.20523632,-0.023280036,-0.041161153,0.004317175,-0.036208544,-0.044404294,-0.030015562,0.010038237,-0.00071627455,0.29773134,0.07414299,-0.015867874,0.03644931
-0.6999762,-0.11824432,-0.16941479,0.6558531,0.3858049,0.98323643,0.40980995,0.22165427,0.099831946,-0.23268558,-0.70960814,-0.14559577,0.48648706,-0.29775834,-0.07494382,0.35227546,-0.17439336,0.05362857,-0.14062937,0.0128631,-0.20132951,-0.24297312
-0.66544116,-0.6699357,-0.63688344,-0.30976728,0.04967362,-0.5328591,-0.29512462,0.092130594,0.61624676,-0.3134298,0.5072069,-0.20141569,-0.017821703,0.28669825,-0.15491375,0.2583589,-0.06451,0.0055831773,-0.17200106,0.11385718,0.12793714,-0.18839179
0.82710195,0.409689,0.29694372,-0.05683704,0.52250755,0.20693253,0.009866609,-0.28835106,0.076712385,0.25952378,0.031413943,0.27753866,0.07301946,-0.09930304,-0.2146459,-0.09015102,-0.045247387,0.11868746,-0.008093845,-0.017120475,-0.04026664,0.08876365
-0.6807024,-0.024998583,-0.43681967,-0.6908179,-0.29431808,0.06383183,-0.024868872,0.0659877,-0.06847364,0.045247763,0.05020371,0.021379884,-0.08452024,0.0552335,-0.027362062,-0.14983085,-0.15810531,-0.12594865,-0.08790343,-0.25754133,0.0048831,-0.12447264
-0.64185786,-0.9569157,-0.6309771,-0.19327386,0.08225313,-0.43265405,0.16049698,0.009076807,1.0971031,-0.07607749,-0.12708138,0.00095126353,0.25563833,-0.36301303,0.09785264,-0.0178895,-0.25308725,0.009742921,0.1205544,0.07714859,-0.14805529,0.43219
0.8154408,-0.072712444,0.072091654,0.15958968,0.86063397,-0.42294616,-0.41799372,-0.2139693,-0.13163939,0.06939876,0.21575557,-0.1015451,0.08694715,-0.12714224,-0.004303543,0.26750436,-0.12420239,0.013015183,-0.13651556,-0.08792135,0.05062913,-0.15893167
-0.856005,-0.59379315,0.9338855,-0.5395875,-0.6015055,0.058334477,-0.028683867,-0.3353888,-0.019815797,0.020336825,0.023284215,-0.25516847,-0.10634915,0.13448817,0.5111277,-0.2339242,-0.25583762,0.35626882,0.15988848,0.17700997,0.0828485,-0.21866652
-0.7196599,0.62844193,-0.19842985,0.029430602,-0.2854788,-0.23302707,0.3033079,-0.02030036,-0.018243153,0.07556735,0.04265457,-0.035308804,-0.01953857,-0.06610691,-0.31448933,0.06421565,-0.058317307,0.04550401,0.02318403,0.111672156,-0.04309609,0.252718
-0.68551683,-0.41700208,-0.48510477,1.1387165,-0.16350417,-0.24688235,0.10021295,-0.16526379,0.669593,-0.12141559,0.5309836,-0.05460325,0.5223197,0.20830767,0.35754505,-0.5138214,-0.06437784,-0.24221198,-0.3064117,0.074493825,0.031372126,0.1765015
-0.6792894,-0.15377009,-0.51249665,0.8463918,-0.019501133,-0.23259671,-0.25194132,0.018332079,-0.30072457,0.055295754,0.21682993,-0.03827584,0.5065744,-0.05758,-0.39281273,0.10697566,0.07031382,0.15003276,-0.13631049,-0.09662537,0.033286717,-0.03159663
0.71717983,-0.30844805,0.081837416,0.43014288,0.8707446,-0.6446707,0.15208076,-0.4532586,-0.14030996,0.23978439,-0.305541,0.4955839,-0.11960631,0.3813377,0.0794857,0.04574841,-0.20453832,-0.0058837757,0.072180465,0.008264876,-0.20103222,-0.18861656
-0.64777356,-0.077535234,-0.42612207,-0.5696592,-0.4476254,0.057967167,0.20063753,-0.18548165,-0.02007294,-0.020078484,0.057910137,-0.090317264,-0.024761377,0.0268684,-0.09209902,-0.38850543,0.11745504,-0.03653258,0.0007726364,0.11675678,-0.0045948434,0.116604306
0.597715,0.68703765,-0.037633058,-0.06210648,-0.25180158,-0.33873415,-0.10355208,0.14472173,-0.10629512,-0.4114136,-0.050265267,0.012608104,0.00023173474,-0.02829671,0.0091929585,-0.02325071,-0.28529584,-0.26370525,0.4273216,0.07180389,-0.004108531,-0.10831563
-0.5870389,-0.056279104,-0.38005596,-0.6078642,-0.3932887,0.079736724,0.12673663,-0.13488871,-0.032367676,0.1582979,0.07671393,-0.21350673,-0.10112054,0.075665414,-0.33108535,0.0073569254,0.17235014,-0.014520029,0.13796572,0.11490267,0.023827408,-0.052590635
0.5795327,0.37721935,0.11593105,-0.09625901,0.5955409,0.096579365,-0.44508722,0.079264395,0.7974484,-0.5725075,0.1567703,0.59709656,0.09643781,0.24531816,0.10632749,0.003341174,-0.5309952,-0.49918115,0.0065668626,0.18447132,-0.014795246,0.032175902
-0.72609264,-0.08962879,-0.36760145,0.39384884,0.43782517,-0.93127215,0.09151571,-0.032147527,-0.20187365,0.1661348,-0.25803098,0.12669194,-0.17993341,0.3852776,-0.11759687,-0.32536104,-0.19452344,0.2816532,-0.15120573,-0.22073214,-0.20164551,-0.08103381
-0.63990265,0.5669461,-0.14050633,-0.007724543,0.0018773493,-0.061943643,0.255544,0.10572988,0.023473533,0.37065154,0.097578265,0.17325756,0.021567363,-0.13628985,0.22081728,-0.0021209705,-0.051835448,0.21808591,0.004580079,0.056100074,-0.019465547,0.0938716
-0.69381094,0.5314594,-0.16834943,-0.0009947743,0.06438026,0.00895298,0.28789988,0.111249715,0.0036738012,0.19579323,0.050115727,0.5089907,0.15382463,-0.25708726,0.2817613,0.023072457,0.50593233,-0.19710813,0.18430357,0.060720637,-0.040136166,0.07716531
-0.69723105,-0.066903464,-0.41653234,-0.5772829,-0.50596637,0.027190065,0.33116,-0.0744944,-0.04956535,0.16002594,0.05116837,0.13012566,-0.11746542,0.03284198,0.20709006,0.30258927,0.073117554,-0.3279065,0.2652068,-0.28570524,-0.011991655,-0.07040977
-0.63037,0.47149074,-0.1235369,-0.007915029,0.23829551,-0.0072351443,-0.3894989,-0.03027705,0.8613465,-0.28054762,0.25486946,-0.39543,-0.12612663,0.40148824,-0.18052177,0.038115673,-0.07193343,0.28660142,0.10780224,0.17793395,0.02101086,0.10677794
0.8495642,-0.12111018,-0.0916228,-0.725507,0.09842244,0.27186424,-0.36385733,-0.13881058,-0.039595366,-0.15173063,0.0012050844,-0.00738272,0.038351033,0.038976137,-0.14812171,-0.5090068,0.18222155,0.09497975,0.10560804,0.05710268,0.055101607,-0.22979242
0.7359688,-0.1304471,0.08445989,0.88953054,0.43170702,0.65548855,0.5459655,0.16552341,-0.30097517,-0.22820975,-0.8731124,0.37235802,0.14814551,0.7976831,-0.077597775,-0.23439974,0.39600268,-0.0024461444,0.26842117,-0.013657432,0.60887074,0.22064671
-0.56962097,-0.07172711,-0.35764182,-0.757485,0.07379768,0.2841973,-0.43851382,-0.10407783,-0.058454737,-0.012088678,-0.0032779656,-0.25990668,-0.11154032,0.16063425,-0.060354535,-0.015535977,0.24669383,0.1506949,-0.23166789,-0.22350056,-0.015649559,0.088519186
-0.6313688,0.54804987,-0.09949599,-0.17118776,0.463475,0.13660091,-0.28235584,0.08258497,0.009679569,0.12999366,0.031088566,0.123184666,0.042473547,-0.100422904,-0.06076996,-0.09076537,-0.008941655,0.033492144,0.36492953,0.11712798,-0.025022166,0.086759016
0.91572255,0.22781183,-0.04378729,0.8660087,-0.44751808,0.45473248,-0.42810562,0.148662,-0.10457456,0.4413346,0.13810098,-0.23824388,-0.57180345,-0.12412903,-0.05626345,-0.028112104,-0.55678594,-0.10431983,0.010633543,0.1418615,-0.031108923,0.22335806
-0.59888154,-1.0480118,-0.8715587,0.604755,-0.16251536,-0.06127777,-0.46095398,0.22828712,-0.402848,0.26615003,-0.2095931,0.5021604,-0.58336395,0.24812838,-0.35579613,-0.25078496,0.02194542,0.4013576,0.011828879,0.06979192,-0.15002944,-0.097524635
0.8652846,-1.1396118,-0.45869765,0.58615303,0.0046349503,0.4845371,-0.13512322,0.41612858,-0.5003291,-0.3975655,0.28249443,-0.2503035,-0.5160225,-0.16253562,0.07649687,0.12658016,-0.069168165,0.15721373,0.36852616,-0.34459436,0.06590918,-0.012536093
-0.71153307,-0.8505509,1.0884639,0.5204558,0.29287228,-0.8492517,0.3524624,0.033993464,0.24370965,1.0855376,-0.80742204,-0.09931485,-0.07313271,-0.14191999,-0.052694403,0.3112599,0.007402699,-0.028156575,-0.1461138,-0.38733897,-0.50021,0.467366
0.8521799,-0.18656072,-0.19171922,0.9701653,-0.24529125,-0.3486618,0.046361167,-0.010238864,-0.27042755,0.39083666,0.2990938,-0.1594028,0.45818314,-0.041273203,-0.28189215,0.3141787,0.060672447,0.13768166,-0.11070602,-0.023889221,0.035924654,-0.081242435
0.9465446,-0.23995636,0.08090632,-0.53817296,-0.08826611,0.29495752,0.013126877,-0.72303337,0.053927038,0.18434422,0.023678575,-0.52214265,-0.2041284,0.255523,-0.08525703,0.2683497,0.15073264,0.11550491,0.1507493,0.1291832,-0.014903256,0.1704832
0.67683804,0.0383414,-0.29045758,-0.6520588,-0.53003025,-0.111177325,-0.06789047,0.12061906,-0.16589987,-0.3343339,-0.03055053,0.114948675,0.0055205678,0.06467106,-0.05214644,0.012121748,0.05498812,-0.03495549,-0.19024937,0.06878866,0.026525335,-0.16001469
-0.6990319,0.7054915,-0.27241367,-0.042647265,-0.25506392,-0.26230693,0.08060856,0.31279346,-0.08092851,0.07252861,0.050460868,-0.01933199,0.011636821,-0.089934506,-0.09607657,0.09638555,0.15299754,0.09491046,-0.1764379,0.09906929,-0.008697502,0.01647496
0.89936316,0.52290374,0.2151199,0.05622178,-0.05009141,-0.10433944,0.17167571,-0.11487832,0.04041729,0.37422842,0.11094701,-0.33697498,-0.048953433,-0.022795757,-0.17929642,-0.03895611,0.19477433,-0.1441799,-0.16022104,0.099664725,-0.0019396058,-0.11549048
-0.6708747,-0.27596244,-0.23348844,-0.58113074,0.056474905,0.4134039,0.094882324,-0.77695346,0.04189281,-0.1478788,-0.053248834,0.0346392,-0.030901583,0.101878166,-0.23391196,-0.13439794,0.1612308,-0.2185766,-0.069227375,0.09922068,0.0104631875,0.023707274
0.7694131,0.58387583,-0.001993325,0.07654677,-0.27288446,-0.35604417,0.049118124,0.49306604,0.7845196,-0.058908742,0.34763217,0.029944403,-0.010255768,0.2213261,-0.1520404,0.09824294,0.029949555,0.0755149,-0.051767558,0.08621495,-0.00483348,0.073555626
-0.6744011,-0.026957681,-0.3283385,0.34046462,0.29636768,-0.5981423,-0.0011551613,-0.35618708,-0.12011747,-0.19891666,0.19537345,-0.25090915,0.1399608,-0.20452058,0.21208158,-0.05831542,0.4497905,0.12797165,-0.029618368,0.09672119,0.056664504,0.0935598
0.7526836,-0.45776284,-0.37846458,1.0041927,0.21139058,-0.5200262,-0.22785845,0.370568,0.02053999,0.21758384,-1.2843462,0.23740575,0.48848504,0.08085722,-0.21605296,-0.204106,-0.059594672,0.28542468,0.032418255,-0.0731184,0.5174318,0.07950852
-0.742568,0.37703216,0.010794636,-0.07378416,0.60775715,0.32304075,-0.09956433,-0.5023727,0.051524367,-0.07853729,-0.083234206,0.30197492,0.025907613,-0.027010221,0.2630308,0.24445993,0.053464,-0.1615529,0.00013155366,0.003489529,0.0035172766,-0.22024493
-0.6165106,-0.93679446,-0.6405724,-0.38358146,0.56454915,-0.22879617,-0.3264799,0.34816617,1.0278057,-0.11074169,-0.15597565,0.30369887,0.37720832,-0.43877876,0.07903764,0.07987331,0.09352248,-0.077736035,0.0043689287,0.16127741,-0.09762026,0.051709145
0.9207256,-0.023811929,0.03333291,0.23547207,0.56311774,-0.56512684,-0.41406298,-0.19843435,-0.11287584,0.0820082,0.26550537,-0.65085375,0.01665107,-0.08155536,0.13121097,0.02660844,0.10675827,0.035650466,0.2333878,0.10432272,0.06154665,-0.020417146
-0.6431256,-0.011018158,-0.43732876,-0.74821144,-0.12485619,0.1508974,-0.28375992,0.048142955,-0.08385732,-0.091644585,0.008017881,-0.054644182,-0.05319785,0.0756957,-0.21285725,-0.17240268,0.16652617,0.15868877,-0.15383396,-0.26106668,0.0007642148,-0.04690413
0.8381542,-0.97497624,-0.12572072,-0.25559866,0.7990904,0.16916402,0.51271456,0.13899529,-0.3402077,-0.27114603,0.25097746,0.20335713,0.13268277,-0.1542847,0.33138716,0.28475958,0.42811418,-0.120638266,0.06477399,0.081837974,0.07325978,-0.082049705
-0.91298485,-1.0859257,0.69152063,-0.43832803,0.063979276,-0.41881144,-0.22813524,0.15912858,-0.23386727,0.088724695,0.2570614,0.5733113,0.22994883,-0.2793428,0.14426288,0.03444874,-0.16500224,0.28269446,0.44726914,0.115468316,0.1010932,-0.13748045
-0.7255377,0.59709483,-0.17379276,-0.04974895,0.0074228602,-0.09460776,0.023289658,0.026406588,-0.02852284,0.0327588,0.0056578624,0.025806382,-0.027203074,-0.03686433,0.10389739,0.043924257,-0.019376729,0.004145576,-0.33147714,-0.25022423,-0.029996594,0.0075682634
0.72228056,-0.059336413,-0.1700701,-0.5746245,-0.49157485,-0.043843117,0.1773751,-0.19083524,-0.051623803,-0.11477851,0.03460686,-0.0020218561,-0.052791826,0.09417332,-0.06274538,-0.27243337,-0.38977328,0.24201097,-0.16264793,0.07169264,0.059835665,-0.33205172
-0.5734631,-0.6459859,-0.5300197,-0.4350401,0.34344265,-0.3263378,-0.22816253,-0.06801549,-0.15568577,0.11772891,0.308573,-0.07397646,0.11263864,-0.15224725,-0.26730874,-0.4090592,-0.10992091,0.09479137,-0.14159183,0.05299625,0.10736644,-0.17716247
-0.7059188,-0.030084081,-0.26396754,0.21119389,0.6069352,-0.49458537,-0.28859118,-0.39994034,-0.12811053,-0.2662173,0.15513569,-0.23427424,0.09196478,-0.1405,-0.3316504,-0.01902919,0.17741771,0.04174578,-0.16615176,-0.27316543,0.035515275,0.017414149
-0.7181209,0.34948874,-0.3033201,0.6279661,-0.4526089,0.32382277,-0.054212965,-0.16327302,-0.14168403,0.06665681,-0.03139092,-0.11249781,0.28904402,0.20387293,-0.045427844,0.2889364,-0.1717155,-0.06605083,0.028880969,0.06437439,-0.03338293,0.023818377
-0.62246543,-0.26381603,-0.24204057,-0.604463,0.09803637,0.4090947,0.33231732,-0.35071984,0.08717625,0.41913408,0.101867154,0.46971816,-0.010740539,-0.03512589,0.5498509,-0.1182569,-0.4182329,0.21093863,0.35634142,0.15093738,0.044318724,-0.220444
-0.6071834,-0.9670391,-0.33424154,-0.20487362,0.59339744,0.08396098,0.7104489,-0.15760495,-0.2603174,-0.22505856,0.3075085,-0.31340018,-0.017703312,-0.044248633,-0.3865496,-0.12082176,-0.10218833,-0.1608154,-0.15095212,0.022574024,0.059971053,-0.026865976
-0.679418,-0.5596851,-0.20731726,-0.49814525,0.15823585,0.5372602,0.34329027,-0.9968221,0.49429554,-0.036060024,-0.7455017,0.007238733,0.120661445,-0.3840346,0.15023378,0.055650648,-0.23509243,-0.18071188,0.1758059,0.16681755,-0.24386506,0.45823893
-0.65118176,-0.6747538,-0.52583927,-0.34138227,0.17315102,-0.35094818,-0.19995481,-0.5427852,-0.17312051,-0.25761113,0.17769083,-0.34790134,0.010720106,0.027771464,-0.24329603,0.115885936,0.0943984,0.20003444,-0.154544,0.11217523,0.08469025,0.011318182
0.6429735,0.652337,0.011409211,0.032728527,-0.38894117,-0.37460625,0.1894718,0.13773036,-0.10690823,-0.023720155,-0.0011131734,-0.014015704,-0.068123974,0.026693167,0.2624309,0.3760042,-0.32620096,-0.34259495,-0.5183724,-0.046605118,-0.037015777,0.036078013
-0.93709576,-0.57849044,0.90663916,-0.6171136,-0.48538947,0.078127615,-0.29691124,-0.33473086,-0.08446424,-0.31567582,-0.059795912,-0.24708532,-0.06606669,0.15119848,0.09412704,-0.23644632,-0.083803244,-0.2624404,-0.023572098,0.17925046,0.062458914,-0.25240135
0.70259786,0.4076131,0.16021477,-0.027443085,0.52270937,0.27641487,0.30302832,0.44877335,-0.23330475,-0.58344764,-0.019089641,-0.10241639,-0.018496463,0.025380807,-0.15995489,-0.073093,-0.18216594,0.15899125,-0.06438222,0.02363794,-0.05821143,0.24110068
-1.0199639,0.14907636,1.1093287,0.017235857,-0.47804853,-0.2971116,0.008140953,-0.053318724,-0.07179308,-0.10531304,-0.017858688,-0.08666404,-0.03734405,-0.011266258,-0.12296636,0.12027125,-0.26676175,-0.23088318,0.06224387,0.12314304,0.03934281,-0.3427477
-0.68731856,-0.3903853,-0.668497,1.2603353,-0.08377304,-0.40743342,-0.48827663,0.31222028,-0.40522552,0.17859659,-0.23999985,0.14130723,-0.62012035,0.25045717,0.04545529,-0.25936833,-0.35603347,-0.36854354,-0.5116834,0.22498465,-0.2334745,0.31529042
-0.6640699,-0.085669905,-0.21053265,0.26777485,0.5761695,-0.4921621,-0.024294449,-0.38085347,-0.05493515,0.11565375,0.24648462,-0.1661924,0.031428922,-0.16102389,0.27644044,-0.113124445,-0.36297458,0.16496792,-0.014167448,-0.34970286,0.042618584,0.030446116
0.94029135,-1.2846903,-0.183641,0.63534755,0.10584686,0.5260613,-0.26258373,-0.8798592,-0.11993283,0.32683927,0.30528167,0.009174249,-0.43618286,-0.21165211,-0.56303906,0.01757005,-0.111412846,-0.45041725,0.19264942,-0.12197912,0.056613717,-0.16687056
0.5008264,-0.055694897,1.474588,-0.1186714,0.53830683,0.30578247,-0.012513676,0.80536103,-0.3083071,-0.3621976,-0.011234918,0.22916421,0.06345928,-0.060780123,-0.015980812,0.22703005,-0.15986077,-0.11778353,0.063221954,0.13974436,-0.042039,0.083143055
-0.8929991,-0.6373311,1.080634,0.18656623,0.90942436,-0.18155004,0.04564366,0.61840755,-0.37369114,-0.2358878,0.2577213,0.058526255,0.14682452,-0.23534226,-0.09439661,0.093060054,-0.3519356,0.19217111,0.11915586,0.1592659,0.027471533,0.21640007
0.74974066,-0.12705849,0.07905115,0.2721119,0.68545246,-0.45186728,-0.15189417,-0.5543924,-0.09958448,-0.15825118,0.17168988,-0.0790347,0.13353261,-0.14504854,-0.22180046,0.07302352,-0.004535499,-0.033624142,-0.11929419,0.016793044,0.060756013,-0.1333078
0.72503877,-0.54296744,-0.40745646,-0.2628239,-0.40445626,-0.75301194,0.21062157,-0.04230817,-0.25616416,-0.05627782,0.25540122,-0.041901544,0.032623563,-0.08453599,-0.11371217,0.3639211,-0.02491302,-0.081474006,-0.09357694,-0.12758122,0.04080664,0.052503623
0.9046392,-0.040833108,0.29132223,0.6748145,0.52718365,1.0343574,0.6133654,0.21886805,-0.1973621,0.32691303,0.12498546,0.20222887,0.4012248,0.06256475,-0.6158734,0.071374185,-0.089092664,-0.15262476,0.040321983,0.18814053,-0.06708415,0.0074556265
0.9306886,0.5658759,0.14975575,0.019335954,-0.047586523,-0.13284156,0.023380134,0.10926985,0.026938064,0.35043472,0.12672977,-0.36149698,-0.016574327,-0.066888444,0.20194006,-0.32991526,0.18834472,-0.031926766,0.042620834,0.13183947,0.0019739463,0.016063817
-0.68308806,0.38463134,-0.3331767,0.5451094,-0.2756332,0.38987842,-0.39805824,-0.05333497,-0.17460251,-0.06269693,-0.0644518,-0.20400259,0.3118011,0.23235689,0.047711305,0.21864805,0.023409482,0.20265777,-0.061852794,0.0782437,-0.016531121,0.0017717795
-0.67063665,-0.665144,-0.5411492,-0.34940255,0.12626377,-0.39447686,-0.073762536,-0.36174068,-0.15810955,-0.11074934,0.22086923,-0.13342175,0.012647299,-0.06249666,-0.044194367,0.042717837,0.022276552,-0.062845506,0.17239323,-0.28816426,0.04093847,0.06333479
0.8138238,-0.5613234,-0.34591,-0.39306372,0.015298178,-0.57298994,-0.13906658,0.08380127,-0.22881758,0.07234798,0.28356534,-0.037729766,0.056129094,-0.10005657,-0.19192727,0.048572373,-0.09753943,0.12640582,-0.16767281,-0.3212254,0.03620099,0.051229157
0.762039,-0.17866644,-0.14504011,-0.5963909,-0.026222657,0.3371493,0.29298356,0.4409426,-0.30967095,-0.6492717,-0.0018122288,-0.3782769,-0.13428526,0.19534613,-0.08322019,0.025203265,0.034700762,0.09305187,-0.012554202,0.07896808,0.004550817,0.019798657
-0.5172725,0.44767076,0.053019475,-0.045633446,0.39418504,0.18016464,0.16757609,-0.14573766,0.10838883,0.66095394,0.14071648,0.029936556,-0.02723911,-0.096993186,-0.26798886,0.07493594,-0.06769112,0.013225174,0.1922914,0.12054537,-0.038267337,0.12741542
-1.0041897,0.02887619,1.2021677,0.0019500975,-0.119770415,-0.04241684,-0.07501453,-0.31275347,-0.037424784,-0.13804904,-0.08752135,0.14033335,0.014298509,-0.026049167,-0.018029906,0.3265639,0.017292922,-0.27450287,0.17388129,0.08764826,-0.029951671,0.092913434
-0.7435112,0.56135494,-0.13937652,0.03271726,-0.16209495,-0.14230967,0.21988797,-0.25556803,0.015633859,-0.056261986,0.010086506,-0.15535913,-0.06595418,-0.009950836,-0.15464337,0.029888596,-0.13103597,-0.15903339,0.26443875,0.10622992,0.008848604,-0.13588175
0.83365005,-0.1913403,-0.010502404,0.4667679,0.56142616,-0.8271823,0.17969377,-0.10788713,-0.1794241,0.46661904,-0.2279929,0.20617162,-0.15085585,0.38711405,0.32346687,0.06551271,0.051921457,0.38641685,-0.18503183,0.085666634,-0.19682693,-0.020149881
0.7894055,-0.715882,-0.45187068,0.0034963845,-0.30929038,-0.44235516,-0.12623486,-0.07882618,-0.22642975,-0.21849936,0.27967438,0.133833,-0.667774,-0.4958725,-0.2396594,-0.041302923,0.34494114,0.03819181,-0.26000476,0.084947996,0.111238986,-0.05396535
0.8219682,0.4798007,0.20653774,0.124253064,-0.14433107,-0.113933675,0.3335625,-0.37233853,0.077095896,0.19575593,0.060308527,-0.2537882,-0.07034622,-0.0024728721,0.20670688,-0.057740264,-0.08206763,0.12072477,0.25251597,0.10771274,-0.006202603,0.047002472
-0.5035765,-0.06675954,-0.36681494,-0.63813734,-0.2398316,0.16042764,0.19480158,0.18093142,-0.02227514,0.5880036,0.16222768,0.10671974,-0.040391274,-0.030053692,0.11371675,0.08587475,0.20270944,0.20150843,-0.06839227,0.054973494,0.005401704,0.03339768
0.61825025,0.54798967,0.07625872,-0.056455206,0.13088074,-0.0638513,-0.10394995,-0.18507808,-0.03939282,-0.40008324,-0.094982795,0.26934832,0.07828713,-0.048108663,0.09282321,-0.12526965,-0.21838933,0.13868716,0.13561642,0.03971493,-0.009558449,0.02737644
-0.65483534,0.032722343,-0.51103413,-0.6326166,-0.5764999,-0.0861753,0.14704823,0.2059273,-0.0812021,0.09479363,0.09659454,-0.03418166,-0.049078103,0.0039277943,-0.038247716,-0.26049697,-0.15019232,-0.032135703,0.13719557,0.12798716,0.005972783,0.11385929
-0.72998846,-0.5749435,-0.23314635,1.0687208,0.48167336,0.33404556,0.9975936,-0.069877155,-0.34301353,-0.012690399,0.2905508,0.37497786,0.5565948,-0.15097551,-0.89746755,0.15947734,-0.22940049,-0.18869697,-0.025623508,0.25528377,0.014080732,-0.044690754
-0.8342974,-1.1905663,0.4942,0.21563068,-0.67073494,-0.24121772,-0.50892943,0.24734744,-0.40278134,0.19334786,0.27604243,-0.20962936,0.410514,0.10087091,-0.26432148,0.03314923,-0.38419315,0.21297704,-0.10739868,0.05767801,0.082751326,-0.1307854
-0.700043,0.6762619,-0.23820211,-0.07658308,-0.1097829,-0.19239306,-0.08591166,0.16051552,-0.0508993,-0.07092268,0.025060637,-0.15254007,-0.009597142,-0.048399504,-0.18300796,-0.11978591,0.00068108726,0.11681698,0.10027714,0.111967996,-0.0060080034,0.029069284
0.8396937,0.19760421,0.13304575,0.5613668,0.14903213,0.64235896,-0.2355216,-0.2416241,-0.07255922,0.3375309,-0.013196911,0.22782198,0.38346788,0.13079385,0.0093485555,0.23677735,0.059435938,0.042608347,0.035124153,-0.24757123,-0.07069493,0.031002266
-0.74648166,0.16062646,1.1935256,-0.13168626,-0.004723885,-0.07595595,-0.49960375,0.2844831,-0.051063128,0.3621244,0.06445059,-0.35915828,-0.06911484,-0.0025092103,-0.010831341,0.09123731,0.21762913,0.09501816,-0.06672384,-0.20196812,-0.028434863,0.07250967
0.7560039,0.67260706,0.04088723,0.017479295,-0.34002748,-0.33593765,0.16609193,0.1642508,-0.053568467,0.10782617,0.05864995,-0.124790706,-0.045263488,-0.030042274,-0.09197177,0.11589069,-0.051327318,0.18348831,-0.054543573,-0.08895603,-0.017956458,-0.013869466
-0.66578406,0.12736043,0.18452367,0.097272545,0.8835844,0.703588,0.65904075,-0.33462805,-0.048561607,-0.28098243,-0.021454558,-0.13565344,-0.106212914,0.051283292,0.038291927,0.15808517,0.13337943,-0.056876402,0.009515743,-0.1657617,-0.015851475,-0.11301872
0.6628664,0.6460957,-0.040455528,0.011984915,-0.23793733,-0.25984138,0.014580075,0.09721299,-0.091889076,-0.38079464,-0.047754135,0.12896053,0.14245854,-0.11458476,0.09699893,-0.2924608,0.3847919,0.09664843,-0.3116897,0.073991835,-0.0051529976,0.00070286973
-0.7388987,0.49471617,-0.08240291,-0.08524335,0.33827594,0.114968166,0.096403226,-0.083097056,-0.00282832,0.16023037,-0.006983004,0.49012324,0.066336714,-0.12144034,-0.11270048,0.30432558,-0.0617911,-0.19362117,-0.10986198,0.0020319652,-0.067291185,0.22137399
0.9154163,-0.51457125,-0.28712812,0.40564343,-0.85858625,0.7180651,-0.12629402,-0.20417613,-0.13469575,0.31960374,0.089902356,-0.0020909917,-0.55458325,-0.05254958,0.4557421,0.21940646,0.14950179,-0.14197381,-0.23965336,0.1037116,0.017059773,-0.0030430574
-0.64817125,-0.3572698,-0.24367964,-0.51121616,0.20869403,0.6504168,0.83165145,0.09574268,-0.19407763,-0.22805418,0.028360533,0.1797017,-0.058157362,0.039391834,-0.1781303,0.40693074,0.4122773,0.08987819,0.14111866,0.06258743,-0.03559203,0.23319964
-0.6690157,-0.027268728,-0.42817384,-0.7241657,-0.16179779,0.13818932,-0.060836047,0.11501936,-0.094300866,0.10488424,0.04262187,0.21034782,-0.024324404,0.0357078,-0.19080687,0.10918763,-0.07958014,0.06631085,-0.2703335,0.049185805,0.016285405,-0.1088936
-0.62867373,0.5157342,-0.056500535,-0.17758818,0.5766695,0.20387092,-0.39830193,-0.10546947,0.028113142,0.0106802555,-0.0017533738,-0.031035848,0.02570712,-0.03904315,-0.21987736,-0.28217885,0.0036355937,0.1533432,-0.022660898,-0.026456434,-0.006758956,-0.04663806
0.719575,-0.81412303,-0.6433732,0.39881304,-0.72932833,-0.26462367,0.021589775,0.10281806,-0.38309926,-0.13268597,0.22280787,0.20723085,0.5669979,-0.03823487,0.77922755,-0.21176034,0.1599003,-0.2833351,-0.1961112,0.00987968,0.04622433,0.052424908
0.7356151,0.0059446353,-0.24851257,-0.6395827,-0.5061064,-0.08806163,-0.06552239,0.11874235,-0.12918669,-0.16960627,0.012100929,-0.035414252,-0.055331714,0.07951906,0.21807179,0.020030642,-0.031104563,-0.29031298,0.20368622,0.08956097,0.009333994,-0.061733004
0.8809675,0.26563007,0.30523363,0.08953766,0.4407447,0.11968818,-0.160551,-0.25528142,0.99687093,0.06372824,0.32798204,-0.2818694,-0.12838185,0.34823763,0.5389389,-0.5187895,-0.49369073,-0.17585394,0.12606394,-0.25590843,-0.040708393,0.33141866
-0.9162332,0.0866521,1.1985875,-0.022156665,-0.16424628,-0.09608462,-0.17860281,-0.19713612,-0.008102919,-0.0041949167,-0.03063055,-0.15013832,-0.064786196,0.00958409,0.01535932,0.093756646,-0.03803748,0.19423415,0.31746098,-0.23332854,-0.024183918,0.05934841
-0.70738286,0.5876202,-0.15840042,-0.040588953,0.028107071,-0.07185677,-0.09378181,-0.21424116,-0.0020486095,-0.14917478,-0.027864026,-0.24908617,-0.06677851,0.053140976,-0.004548744,-0.057310816,-0.2423631,0.4046917,0.019607646,0.15272264,-0.0026764297,0.15032554
0.60616016,0.69263434,-0.051041402,-0.055580147,-0.25737426,-0.32137075,-0.13409469,0.18585546,-0.14122981,-0.40025666,-0.07686308,0.041659858,-0.0045794784,-0.011572679,0.2219561,0.33546343,0.01923049,-0.3047067,0.29530498,0.069202684,-0.0076845596,-0.09748241
0.42565855,-0.35816386,1.1204957,0.3620933,-0.37022427,-1.0445138,0.11132494,0.08611678,-0.23813443,-0.15579136,0.23520277,0.083848774,0.22446328,-0.30026817,-0.3556666,-0.14177355,-0.14815001,-0.0014699678,-0.13294329,0.054661274,0.07138498,-0.10607217
-0.6308481,-0.88623786,-0.47224554,-0.36822307,0.8539144,0.15017655,0.31925902,0.3959385,-0.3459957,-0.33623427,0.28404567,0.16434783,0.1415058,-0.18624367,0.2535903,-0.1749277,0.07078402,-0.010662508,0.17089565,0.11137877,0.05822561,0.046851013
-0.8571056,-0.0720689,1.3348793,0.010130992,0.1786772,0.16127962,-0.019592153,-0.33285588,0.041735303,0.37594467,-0.004344407,0.18730046,-0.008062877,-0.027752534,0.43135455,0.3248589,-0.064271964,0.12897758,-0.32346687,-0.08722097,-0.03292952,0.13857973
-0.68987453,0.53157884,-0.28630093,0.10612691,-0.039357968,-0.42973787,0.17159064,0.37250817,-0.11564908,0.25742707,-0.4585476,0.31242573,-0.22092752,0.43566093,0.16529176,-0.30021825,0.5041818,0.039243247,0.07191279,-0.2222164,-0.28985238,0.019967273
0.80585825,0.18496001,0.39679807,0.052041594,0.87206453,0.58594626,0.618729,0.095861055,-0.10683447,-0.05598766,0.05115757,0.10061596,-0.029516257,-0.0090032015,0.099867016,0.2075995,-0.17207532,-0.062251218,-0.1316251,0.12212875,-0.031546593,-0.031228999
-0.7213503,0.6484504,-0.22834226,-0.043797713,-0.1512378,-0.19805215,0.12990245,0.25648853,-0.04320054,0.12180921,0.052903637,0.11119721,0.003123755,-0.12278962,0.11774483,-0.044558115,0.048087012,-0.1515003,-0.09489809,-0.27018836,-0.02713683,-0.034165047
-0.7139808,-1.090912,1.0850879,0.041538306,-0.15847094,1.0347208,-0.19908583,-0.7440858,-0.037954178,0.5908303,-0.009923356,0.17384379,0.30021474,0.28504035,0.20756304,0.38580316,-0.11736079,-0.048935484,0.16198738,0.20066734,-0.07962899,0.515766
0.7749981,0.44477394,-0.10162516,0.5369605,-0.41931215,0.21775237,-0.3546159,0.25346693,-0.2148799,0.09188872,0.0015329374,-0.12531175,0.33739713,0.18322955,-0.16823755,0.2144777,-0.07124644,-0.01583269,-0.09233594,0.014965075,-0.021991739,-0.16665214
0.8603236,0.39500165,-0.041240092,0.48411572,-0.14112997,0.37464955,-0.42352632,0.36745802,-0.17689687,0.3422825,0.047890782,0.060527366,0.38869965,0.09439394,-0.053227156,0.15413977,0.055472344,-0.07728573,0.18848404,-0.038172547,-0.057594266,0.020591775
-0.9573989,-0.7068605,0.8938983,0.292152,0.4030968,-0.46070427,0.280171,0.8583742,-0.03776954,-0.40417197,-0.40228274,-0.3084951,0.31449968,-0.76084113,0.023967227,-0.12466967,-0.25666767,-0.1545914,-0.022204328,0.016011376,-0.1062938,-0.25355873
-0.6954457,0.63002414,-0.17833854,-0.13529183,0.17283444,-0.03899123,-0.27776355,0.026738092,-0.033021092,-0.13142052,-0.027184162,-0.09893271,-0.01975644,-0.01463007,-0.23118897,-0.108742826,0.052983113,0.26693287,-0.022074556,-0.24610612,-0.04436655,0.18563235
0.74571574,0.4677169,0.21873,-0.030666666,0.2805417,0.04882782,-0.17684743,-0.42027074,0.029859789,-0.17620704,-0.051990267,-0.18292926,-0.030428832,0.058659025,-0.1347907,-0.16736516,0.012089438,-0.13506395,-0.2619211,-0.26579627,-0.065846115,0.11051161
0.82094145,0.17145172,0.27930954,0.13767089,0.8565657,0.21335238,0.6449446,0.55041075,-0.24510705,0.17443728,-0.42450315,0.36932185,-0.25843313,0.5096491,-0.29492527,0.117396995,0.19594677,-0.16342247,0.11112941,0.15891741,-0.29606956,-0.035416294
-0.6093829,-0.24287476,-0.44549477,-0.8120246,0.28468913,0.3929583,-0.48309112,0.11149947,0.28234306,-0.08766537,-0.71636236,0.0070028882,0.212405,-0.44549805,-0.12087436,0.09874879,0.22115634,0.16874246,-0.13590062,0.12752563,-0.189162,0.090638526
0.77708626,0.5096999,0.16494375,-0.10765376,0.4031936,0.08848741,-0.3716265,-0.11622791,-0.021605795,-0.15818721,-0.045379497,-0.025850212,0.054791756,-0.018143088,0.08016775,-0.15811576,0.1567759,-0.09190969,-0.14005713,0.06711432,0.004338278,-0.11162512
-0.7006641,0.6143536,-0.17789999,-0.13085036,0.18695049,-0.021047577,-0.44455066,-0.095441416,-0.0536649,-0.3095131,-0.06920584,-0.35968578,-0.063232645,0.07920154,-0.04861704,0.034156244,0.06372685,0.027793644,0.09093184,0.15258238,0.00027661727,0.025638992
-0.51090354,-0.087225586,-0.3395996,-0.62145865,-0.25635847,0.16343284,0.26393467,0.064027846,0.00071251305,0.5639635,0.15846302,0.091069415,-0.04796915,-0.037645508,-0.1455182,0.06307672,0.19523016,0.062261783,0.17700718,0.046885036,-0.02218164,0.16984285
0.58779716,0.6755709,-0.044888087,-0.0005661039,-0.38185894,-0.40432122,0.15504318,0.19730166,-0.102053255,-0.23373014,-0.0058147605,0.14618939,0.03346695,-0.06507713,0.04968477,-0.12696657,-0.48510623,-0.31580514,-0.17327498,0.096673466,-0.034820892,0.090443544
-0.69239837,0.4888326,-0.43017197,0.567251,-0.6178814,0.15617396,-0.15661317,0.34949544,-0.21178357,0.15107168,0.023376435,-0.09152008,0.328313,0.1327461,-0.018252313,0.14105417,-0.023846291,-0.020349419,-0.1554113,-0.106349856,-0.05530753,0.09866033
0.7089986,-0.24505375,-0.3942544,0.02451175,-0.87917423,0.3874711,-0.108278304,-0.11593206,-0.22988535,-0.27766114,-0.0597072,0.13269632,0.3836765,0.22525305,-0.26842752,-0.044225577,0.14951591,0.05464231,0.34127396,-0.0078412555,-0.0397664,0.1333587
0.86947966,0.39114165,0.30848637,-0.03083694,0.4700844,0.1748214,-0.022473082,-0.21872257,0.0789867,0.4388809,0.07189745,0.015992768,-0.037650667,-0.013746339,0.51010793,0.046807658,-0.36586028,-0.22398585,0.0059181233,0.1531499,-0.021537947,0.0458734
-0.88861006,0.15825267,1.1309057,-0.20423092,0.15832,-0.022866298,-0.5544893,0.3373053,-0.097853564,0.08182394,-0.01002052,0.19348559,0.08196654,-0.09514846,-0.119368516,0.07205987,-0.08436485,0.066754565,0.10645174,0.16199133,-0.042070754,0.27125433
-0.6344695,-1.2418964,-0.67581826,0.6824572,-0.11081074,0.3682148,-0.2832515,-0.36296797,0.6416643,-0.13883416,0.52127033,0.4317483,-0.35772386,-0.014031023,-0.4042805,0.05340516,0.008139755,-0.038418755,0.055400126,-0.08790114,0.09149423,-0.0064207744
0.6915114,-1.0009817,-0.72747886,0.36733314,-0.42125583,-0.5199213,-0.33642322,0.35774153,-0.13631348,-0.10576255,-1.0093092,-0.0072471714,0.33997083,0.20557106,-0.04095015,0.04777149,-0.25206706,-0.18080138,0.3299252,0.04183333,-0.3761368,-0.22771558
-0.95999974,0.062703356,1.1924167,-0.116720706,0.17018801,0.068943426,-0.43148914,-0.17685868,-0.05402253,-0.2327848,-0.10477147,0.17596075,0.091184415,-0.050415773,-0.27209687,0.013513481,0.18879256,0.17730166,-0.070970476,-0.019273749,-0.009280262,0.018047815
-0.6382796,-1.4513803,0.6942639,-0.24615894,0.26062247,-0.2032465,0.11360858,1.2371638,0.8275404,-0.016062513,0.02955796,-0.52173316,0.20938392,-0.37435594,0.048138678,-0.050023254,0.3035203,0.08914868,0.19563907,0.03463467,-0.12351928,0.13184649
-0.6711253,-0.5460952,-0.047776498,0.4973508,1.3783232,-0.12537877,0.5815071,-0.18864183,-0.2850885,-0.120844714,-0.30060628,0.03858609,-0.24197781,0.48056254,0.100016154,0.097386636,0.041131802,-0.26034185,0.038992967,0.055788714,-0.2501285,0.14265694
0.75955206,0.39413747,0.24861743,-0.04288915,0.5046636,0.21075092,0.03104592,-0.274879,0.059810568,0.07583422,-0.0015518581,0.47063777,0.14945062,-0.1599429,0.08013956,-0.16697894,0.07196409,-0.12654562,0.15861258,0.12336592,-0.025451686,-0.018199265
-0.8253247,0.059374135,1.2518135,-0.06644629,0.057640653,0.028456073,-0.4207722,-0.18854034,-0.014987685,0.0624731,-0.032817177,-0.3287608,-0.062284287,0.044117756,-0.06026673,0.110214785,0.29555035,0.052945472,-0.0376185,-0.1996209,-0.018763972,0.03472955
-0.7471771,0.53214866,-0.113607764,0.013334209,-0.021445375,-0.062409997,0.21084145,-0.2199528,0.01588229,0.03138957,0.0014415747,0.032454144,-0.044405945,-0.034954067,-0.0034472153,0.06906758,-0.015945341,-0.15017939,-0.22584955,-0.2726705,-0.017537843,-0.15127951
0.62909126,-0.3468466,-0.1629996,0.46748343,0.57374483,-0.8811671,0.0784356,-0.12309182,0.16491224,-0.16813748,-1.3629376,0.24563682,0.11084161,-0.041084144,-0.14047006,-0.062912546,0.11204018,-0.17428242,-0.103540316,-0.011789533,0.5636756,-0.16090165
-0.6970319,0.64672446,-0.22361356,-0.099145144,0.021499835,-0.10435535,-0.294008,0.076440364,-0.06833923,-0.20247218,-0.034048732,-0.25648925,-0.04238741,0.012856692,0.12757184,0.11437609,0.21657786,-0.08239452,0.23042472,0.13072874,-0.0044396403,0.019851588
-0.6586687,0.022542622,-0.08109735,0.78864205,0.019487511,0.83236563,0.57894397,-0.122222304,-0.24189955,-0.23313619,-0.0013761703,-0.5561774,0.17880431,0.30643252,-0.08893476,0.23418622,0.04033897,-0.45267662,-0.114370875,0.0586684,-0.01737509,-0.19454618
-0.68743265,-0.2727701,-0.4192828,0.80569637,0.1574133,-0.7555531,0.11851912,-0.24192962,-0.1866851,0.08564112,-0.24590507,0.18378735,-0.979922,0.053156327,0.0132758785,-0.07635778,0.20610306,0.22224796,-0.26472655,0.21914083,-0.1529854,0.031961553
0.90978336,-0.16953892,0.032464948,0.45152777,0.5349616,-0.8594432,-0.00802383,-0.23490065,-0.16487493,0.3833859,-0.21543173,-0.3345928,-0.22387122,0.47502115,-0.41225,-0.13037209,0.23024124,0.10019595,-0.013916508,0.15383287,-0.20794353,0.021691825
0.5349986,-0.17897496,1.6774268,0.14730881,0.04464601,0.13259637,0.32356143,-0.79496807,0.12644242,0.18403046,-0.027921056,0.2835627,0.04118612,-0.08612695,0.0499482,0.025090454,-0.0033993882,0.05741352,0.30095473,-0.17293204,-0.010594016,-0.09451351
-0.6992384,0.23360659,-0.03758598,-0.00020574423,0.9527551,0.47980225,0.10543404,0.5871885,0.70977074,-0.60203165,-0.04977101,0.01534458,-0.07898205,0.41526073,-0.2830507,-0.040729284,-0.12577009,0.14297676,-0.07663383,-0.20020169,0.90470207,0.26543772
0.6494173,-0.30958402,-0.20717083,1.0988301,-0.32555717,-0.2823339,0.2523013,-0.64072645,-0.25330856,-0.31269896,0.109563984,0.10715854,0.5724701,-0.067351826,-0.25675774,0.1760503,0.4400256,-0.18224014,0.08917013,-0.03038379,0.0013654237,0.15952502
0.6817131,0.62445843,0.066627905,-0.12555374,0.122996375,-0.12008892,-0.47227654,-0.07659525,-0.090407245,-0.44914365,-0.09669288,-0.2691848,-0.04971765,0.09845607,-0.09621917,0.12011938,-0.06824612,-0.09716868,0.11843027,0.097143784,0.007079072,-0.17354493
0.5889949,0.6527516,-0.013504605,-0.07477314,-0.11846675,-0.25384226,-0.12715091,0.17723489,-0.13247372,-0.31048518,-0.08429898,0.20329447,-0.0046158237,-0.015208288,0.3073691,0.33745798,-0.09188873,-0.41622898,-0.12714413,-0.28475386,-0.062344056,0.08011749
-0.72706205,0.55889505,-0.115265734,-0.06940972,0.14731726,-0.0039505763,-0.09028803,-0.21694715,-0.0027835183,-0.11584922,-0.039062213,-0.08380739,-0.049161404,0.008955547,-0.26531202,0.06155021,0.063090086,-0.0056462884,-0.085554175,-0.26395756,-0.03953581,0.026239661
0.68452555,0.6935494,-0.0027417731,-0.1053405,-0.09929744,-0.25350344,-0.024985565,0.38722357,-0.10483781,-0.0064357165,0.015053747,0.33746848,0.05483195,-0.12742916,-0.11738337,0.29139996,-0.061610866,0.00056796736,0.37986705,-0.016359914,-0.043195266,0.07128551
-0.60892314,-0.9170069,-0.79835624,0.33458212,-0.26109353,-0.03725024,-0.47911155,0.10360353,0.4965766,-0.2074691,0.47413042,-0.14412238,0.39549115,0.44447684,0.079440735,0.21033074,0.09814987,0.23398954,-0.3072356,0.08582258,0.076381385,0.13863473
0.69322485,-0.90775126,-0.2290026,-0.16733234,0.37646773,-0.06532837,0.6460081,-0.09286611,-0.34245008,-0.7491291,0.17150505,-0.0079311,0.06689114,-0.07695428,0.30635327,-0.08630395,0.2812197,0.2247764,-0.046078864,-0.46704012,0.06188864,-0.08451585
0.77056354,-0.71244025,-0.40124515,-0.3182149,0.40097097,-0.66318804,-0.3174467,0.12126062,-0.3527334,-0.026478687,-0.32123008,0.4110744,-0.10223625,0.48173538,-0.1581466,0.12393599,0.2627356,0.24351154,0.0028289666,0.21820472,-0.19448674,0.053635817
-0.7170517,-0.22904482,-0.2808517,-0.5522882,-0.16052172,0.27543935,0.40193605,-0.50551397,0.031054195,0.18056008,0.017466027,0.32136586,-0.095144875,0.07025652,0.38179582,0.26246518,-0.34303835,-0.038791366,0.03680754,-0.04720492,0.018397538,-0.1356176
0.49023908,0.23960343,1.3011699,-0.044234604,-0.49722183,-0.40861836,-0.103013925,0.44634682,-0.11621588,0.078436464,0.039818957,0.14682752,0.04045124,-0.12797207,-0.019014055,0.019485084,-0.031336077,-0.008919259,0.2089307,-0.3079514,-0.01673367,-0.14876601
0.8245577,0.5156735,0.18955386,0.09710843,-0.16215305,-0.14312321,0.44022804,-0.14231062,0.07462698,0.3460919,0.10731052,0.0096839275,-0.00983962,-0.12621269,-0.021068942,-0.1804608,0.13423277,0.091189176,0.2117784,-0.31871396,-0.014372378,-0.12936974
-0.6589429,-0.016379956,-0.4491015,-0.6835391,-0.29396766,0.08259476,-0.0453552,0.067623146,-0.08873226,0.059602555,0.023651622,0.043999124,-0.08461033,0.075838804,0.086728714,0.120132126,0.045569535,0.10414018,-0.17974126,-0.24414925,-0.029600067,0.17807217
-0.6867318,-0.17718807,-0.3464327,0.47115582,0.5032096,-0.801502,0.2536272,-0.1602229,-0.1504314,0.18883663,-0.24989223,0.32962942,-0.06372234,0.27927777,0.36130363,-0.44803607,0.2428545,0.48051697,0.1318819,0.06944562,-0.16016601,-0.20159763
-0.63709635,0.5544973,-0.084078066,-0.21670152,0.57702327,0.18421592,-0.52433187,0.013068574,-0.027728263,0.012278743,-0.032543603,-0.044151656,-0.024848739,0.012716594,-0.081256665,0.20545587,0.08187439,0.0057815732,0.043857094,-0.020651648,-0.036124256,0.098219
0.73493737,-0.0685396,-0.14118618,-0.6075393,-0.37937945,0.028705703,0.14789838,-0.20140712,-0.05793864,-0.100049846,0.0031442954,0.15674007,-0.025576297,0.050143942,-0.43362802,-0.059579507,0.06489964,0.10584816,-0.033581875,-0.32029203,-0.025926484,0.019344818
-0.62619984,0.55009025,-0.13416162,-0.052373618,0.15548925,0.0037439053,0.034524225,0.07381858,0.039989874,0.21275225,0.08538627,0.058294524,0.053247347,-0.14040935,0.16276123,-0.3787116,0.027599901,0.05722956,0.15587994,0.059174284,-0.03058241,0.115998514
0.4979456,0.16013144,1.3509563,-0.0019603441,-0.38124275,-0.3001212,0.048325352,0.30231738,-0.08283267,0.16021499,0.049145926,0.3482253,0.124075495,-0.1707614,0.020769862,-0.079226255,-0.10792579,0.16876623,-0.12507148,0.024843115,0.012800393,-0.17723234
0.9262484,0.25834212,0.09524692,0.50366426,0.15715303,0.571957,-0.4362797,0.06521766,-0.086941615,0.49165636,0.061597966,-0.026646534,0.3739083,0.13949825,0.058550555,-0.18189137,-0.24475701,-0.022605538,-0.20509954,-0.068412475,-0.089695804,0.30264804
-0.64771146,0.6034741,-0.13448739,-0.06815509,0.04697874,-0.07763979,-0.0014842818,0.042814586,0.023195228,0.1716926,0.06518744,-0.12126852,-0.060131017,-0.05609244,-0.07391592,-0.13735424,-0.055953123,0.17946559,0.23340964,-0.27494043,-0.012702181,-0.08724649
0.76462877,0.41245112,0.2679364,-0.06529079,0.53106284,0.21210466,-0.14459532,-0.4403355,0.04910197,-0.09351085,-0.04820734,0.18029149,0.089112915,-0.048301734,-0.3184848,-0.16089436,0.057028424,0.07518977,-0.04322847,0.09603792,-0.008951426,-0.044854347
0.6971648,-0.78591436,-0.08411526,1.429025,0.37932774,0.41008997,0.14300007,-0.116368845,0.47142592,-0.8541304,0.43955135,-0.12040711,-0.47326356,0.096743345,-0.30223355,0.23894064,-0.057721056,-0.11179438,-0.2539116,-0.34624422,0.0716817,-0.19222757
0.6826481,0.41980156,0.22248903,-0.05836647,0.47386092,0.17823736,-0.13767281,-0.45240125,0.018602703,-0.2692334,-0.094896555,0.29352558,0.10198643,-0.041970536,-0.119903944,-0.061579186,0.029509988,-0.041412648,-0.09329411,0.0833561,-0.010032727,-0.097291425
0.67908,0.07967345,-0.3081593,-0.6899964,-0.5354202,-0.13631108,-0.15804759,0.16329068,-0.18004435,-0.35852686,-0.044788573,0.07641854,-0.038452927,0.09641885,-0.14299554,0.23198059,-0.013994035,0.11989876,0.24336617,0.062884815,-0.0070386166,0.0845681
0.6535656,0.33006278,0.2430199,0.007145392,0.59685576,0.3526426,0.46653235,0.21964864,-0.19654997,-0.49863696,-0.029865863,0.017029244,-0.0798687,0.071200825,0.013284051,0.19120863,-0.47214973,0.17356211,-0.18632527,-0.10426486,-0.008355536,-0.19095695
0.6517779,0.5943527,0.09960591,-0.07084462,0.04473789,-0.15186091,0.0033735211,0.0154313855,-0.040277727,-0.06547423,-0.012940118,0.22196728,-0.002925859,-0.036034673,-0.13129734,0.007090736,-0.3492072,0.05520773,-0.29413512,-0.42029476,-0.034313973,-0.14855134
0.6719772,0.34334666,-0.12089002,0.69552696,-0.5757035,0.23927198,0.023510778,-0.18998086,-0.1466597,-0.2952778,-0.06849633,0.14981535,0.50346184,0.06533175,-0.14191613,-0.4009728,0.2408467,0.12766208,-0.034084555,0.0012241022,-0.046146024,0.09635296
0.87106806,-0.7315124,-0.16514443,-0.37194714,0.38559684,-0.29411483,-0.07859669,-0.34029827,-0.12297961,0.2116778,0.28784457,0.027801348,0.06585378,-0.09560202,-0.33214477,0.066559374,-0.13728476,0.112390466,0.11029173,-0.114589304,0.044153057,0.0068789865
0.9306651,0.11615971,-0.009218529,0.69534034,0.2570497,0.20225409,-0.7561087,0.433029,0.6626513,0.3061778,-0.5403917,-0.14411268,-0.06346744,1.2724241,-0.15715824,0.16671471,0.2553285,-0.023172775,0.109393924,-0.29593456,0.62585074,0.14262894
0.6951335,0.63130236,0.043330714,-0.06934534,-0.020903245,-0.18412828,-0.23900852,0.00397832,-0.08002161,-0.3086946,-0.051263582,-0.14012104,0.00603846,0.02500742,-0.09684535,-0.0494984,-0.052254975,0.01430867,-0.1447727,0.10221145,-0.012096878,0.00210849
0.7915211,-0.32728863,-0.17055994,-0.6969462,0.17670368,0.3401763,-0.09892021,0.03003671,0.3487081,-0.060681697,-0.66765124,0.40875834,0.3556638,-0.60171056,0.1023767,-0.42789212,0.076682806,0.16351758,0.12231684,0.10636207,-0.18551612,-0.028196322
-0.6376991,0.46839774,-0.46387824,0.58810264,-0.58348376,0.21042725,-0.15366265,0.46101478,-0.18819104,0.11442087,0.054237656,0.01958028,0.47839153,-0.02227845,0.20956261,-0.36993685,0.514653,-0.08231637,0.06577695,0.031834576,-0.027744422,-0.0015222325
-0.70518595,0.60121715,-0.1686042,0.0010669848,-0.12769796,-0.14101066,0.13768469,-0.12604858,-0.008803876,-0.057248756,0.014212909,-0.117884606,0.007771024,-0.05445597,-0.46553928,-0.13081086,0.115914814,0.06115105,-0.0830037,0.1138551,-0.0069419155,0.038991906
0.6277691,-0.18342966,-0.28353184,0.9533972,-0.2794561,-0.38257974,-0.08121158,-0.28081185,-0.3109759,-0.3118718,0.12923756,0.02251674,0.48691443,0.008285533,-0.18596028,0.27943093,-0.19190027,0.08614965,0.37732735,-0.02941894,0.009958795,0.107039
-0.5808917,-0.31112358,-0.49577826,-0.028411983,-0.5649699,0.6033203,-0.09554691,-0.12538953,-0.13196668,0.32861516,0.05251269,-0.046895903,0.24978705,0.2580197,-0.25742513,-0.009051874,-0.10178077,0.13999613,0.04085633,-0.31992733,-0.052289423,0.12633905
0.7428958,-1.0398098,-0.54669356,0.45808432,0.01719287,0.34209675,-0.7875851,-0.19677842,-0.3381179,-0.4089936,0.14760783,0.5323566,-0.22082746,-0.3118176,0.044359375,-0.10748695,0.005972269,0.23222046,0.09960096,0.04103144,0.08392826,0.014515361
-0.7105923,0.52562714,-0.101142526,-0.027097132,0.12436945,0.017967738,0.0055717872,-0.31280988,0.035734136,-0.14063245,-0.02709003,-0.077833615,-0.0071540694,-0.040953662,-0.26798075,-0.2095321,0.21794814,0.016104702,0.108910196,-0.26811114,-0.024726307,-0.016783116
0.9619368,0.18504423,-0.00091823493,0.8152663,-0.14963475,0.65023214,-0.7823003,-0.058254745,-0.09158504,0.16351718,0.06305211,-0.40140897,-0.5300969,-0.09388068,-0.13616157,-0.19237375,0.0028556236,0.15462106,0.06335445,0.13023706,0.030465052,-0.09958237
-0.9574769,0.15306443,1.0986513,-0.079039216,-0.14361997,-0.12399022,-0.5119628,-0.0656223,-0.11069622,-0.3370866,-0.10741914,-0.24966927,-0.00820362,0.0704291,0.10953758,0.12823088,0.124864474,0.23825495,-0.26522896,0.17467754,0.035052393,-0.112985544
0.6300684,0.5500617,0.08208441,-0.05291087,0.13179283,-0.04809685,-0.093313046,-0.20034276,-0.05468425,-0.41463676,-0.10985199,0.29909346,0.10929803,-0.06919883,-0.20870478,0.00970159,0.13249162,0.022146115,0.03439166,0.020844793,-0.037779756,0.13289188
-0.7058731,0.54382575,-0.3079308,0.21076302,-0.25472972,-0.029075522,-0.29993504,0.22641218,-0.07317878,-0.11474328,0.041542914,-0.014992514,-0.88200545,-0.36407554,0.13213657,0.2777896,0.06768036,-0.2748291,0.24436206,0.16367875,0.048456304,-0.15596314
-0.9730786,0.136165,0.9986127,0.10267031,-0.62929946,-0.43402216,-6.2799268e-06,0.42785004,0.75763756,-0.18806943,0.29114556,0.07736317,-0.01905822,0.21093482,-0.053860083,0.2036458,-0.069408625,0.15573257,0.41411534,0.13740005,0.012928403,0.13605921
-0.3925241,0.07127689,-0.03937233,0.7101497,0.20807211,0.90496045,0.31880113,0.25173447,-0.20641567,0.29871577,0.14099027,-0.8923978,0.13999423,0.29334012,0.01924766,0.11953386,0.29831055,0.021771422,0.03018294,0.07473356,-0.045385014,0.07183148
-0.67504746,-0.28249854,-0.39686868,0.5430086,0.8767648,-0.4542814,-0.43504906,0.14480534,-0.23316965,0.12930344,-0.26664457,0.7480745,-0.82830065,-0.06782273,-0.05566243,-0.009588111,0.25060263,0.09923146,-0.04200468,0.24625558,-0.17310664,0.0092648575
0.77150446,0.30089802,0.2791856,0.021663884,0.67482626,0.44514623,0.47187856,0.23522331,-0.1732722,-0.35997272,0.00040917948,0.0059001343,-0.0072841486,-0.01321245,-0.21338488,0.22949114,0.21723993,0.031635914,0.22136351,0.044077136,-0.061627533,0.17772435
0.7628115,0.5638274,0.1273974,-0.08640991,0.19196035,-0.051900163,-0.04131017,0.112225465,-0.011615036,0.116545275,0.03639837,0.25913364,0.071863234,-0.12290749,-0.089247696,-0.14872725,-0.14570077,0.049324874,0.11022424,-0.070582345,-0.046005182,0.15093452
-0.67089593,0.060341645,-0.35846367,0.86403537,-0.032792114,0.71414936,-0.43536738,0.350503,0.7579425,0.0166425,0.33186138,0.7913404,-0.3312594,-0.08523697,-0.020265434,-0.12745756,-0.21003813,0.00368824,0.34804478,0.1604825,0.021406101,0.04748834
0.8570897,-0.51922077,-0.42995873,-0.31176144,-0.2711797,-0.7070192,0.06919705,0.25114894,-0.21965,0.10445692,0.35569507,-0.06514103,0.1593769,-0.22165738,-0.10421885,-0.39540654,0.16821538,0.17557633,0.0055844127,0.033244014,0.059126683,0.07563459
-0.45250055,-0.09798085,-0.26368803,-0.8106528,0.26077163,0.3694396,-0.53376395,0.01414674,-0.01864432,0.37537596,0.08073536,-0.41122818,-0.20232491,0.176834,-0.0017265218,0.13387102,0.14384428,-0.10632157,0.09064577,-0.32557654,-0.026675299,0.021294659
-0.72594225,0.66300017,-0.22511357,-0.05774253,-0.14761746,-0.2064253,0.10961142,0.22300564,-0.045508247,0.13060397,0.04031162,0.092161104,-0.039423652,-0.07733403,0.054344747,0.14255124,-0.12352976,0.06745101,0.030565707,-0.26546177,-0.056642067,0.19183761
-0.94495374,-1.2017815,0.8035806,-0.27786672,-0.117884494,-0.43039456,0.013363049,-0.53419954,-0.15356736,-0.13528307,0.2060334,0.10150911,0.12333312,-0.1334594,-0.32392877,-0.11750542,-0.14776775,-0.11542418,0.28340662,0.04022614,0.07104866,-0.025438039
-0.70223516,0.053666648,-0.3497892,0.17327608,0.5039026,-0.5988074,-0.4739569,-0.15685296,-0.20003928,-0.3081592,0.15561631,-0.404727,0.056134775,-0.077297345,-0.040608257,0.19566594,0.031435996,0.02902981,-0.17462641,0.12794405,0.06442638,0.0058128345
-0.7218181,-0.09674204,-0.32318753,0.2582949,0.6317348,-0.56826967,-0.46002322,-0.011417309,0.69325244,-0.413322,0.44539082,-0.17614028,0.043567933,0.18823954,-0.04221237,0.07129737,-0.065799214,-0.06611687,-0.36575034,-0.24459489,0.06445733,-0.06660804
-0.9800402,0.16169344,1.0684092,0.08286374,-0.628666,-0.34260052,0.2190615,0.06067903,-0.081553414,0.03240355,0.0073440815,0.06618119,0.042079363,-0.09670915,0.0041791634,0.09755035,0.06236877,-0.034168303,-0.2506124,0.14238231,0.007897633,-0.0023200475
0.5687384,0.07445199,1.4563941,0.060971845,-0.312653,-0.19593692,0.03991421,-0.040648833,-0.026224528,0.19622853,0.027972344,0.011208066,0.032104705,-0.07034505,0.061751604,0.0034755014,0.22602679,0.091592155,-0.32782382,-0.2750227,-0.024487292,-0.064471595
-0.7647298,0.12083129,0.13904698,0.19449347,0.60153276,0.5691371,1.1684843,-0.29813796,-0.07405915,-0.16282748,0.00807111,0.30904981,-0.009308237,-0.047511034,-0.16369274,0.39435294,-0.22200507,-0.3311515,-0.13319619,0.41675305,-0.051105484,0.2281917
-0.57690495,-0.009654634,-0.42957142,-0.7046209,-0.23175515,0.10971336,-0.10879866,0.2014221,-0.0727163,0.22391213,0.084901065,-0.054204427,-0.0699653,0.039572224,0.022418043,-0.027937273,0.27625954,0.032433305,-0.19655454,-0.26976934,-0.022574967,0.021245912
-0.6367691,-0.067500375,-0.50914884,-0.6341578,-0.2930173,0.021534411,-0.19896589,0.42023742,0.7510752,-0.1639127,0.31236643,0.10611374,-0.073179305,0.32338667,-0.0968603,0.066090435,0.28774056,0.11194428,0.13608427,-0.25770134,-0.00066126854,0.12108886
-0.67783344,0.558594,-0.15175313,-0.15489335,0.41898102,0.13088688,-0.44757742,-0.03469528,-0.038569447,-0.2223443,-0.065792635,-0.016056174,0.05383536,-0.034855627,0.109469235,-0.052341238,0.3704473,0.026321407,-0.0018695205,0.082493395,-0.01378947,0.058406394
-0.6960304,0.106076404,-0.4077294,0.18159232,0.34503755,-0.6985405,-0.3697883,0.07307843,-0.2160394,-0.21600059,0.20044516,-0.31448567,0.084460765,-0.15733403,0.029476393,0.16665666,0.1424755,-0.07158564,0.05979942,0.099854104,0.056779422,0.0063476805
0.6414552,0.69432074,-0.08135775,0.019823043,-0.41173467,-0.372987,0.13898763,0.23699008,-0.091539234,-0.28782728,-0.008497454,0.17798617,0.094074614,-0.13561004,0.24504358,-0.112582445,0.20107746,0.06422562,0.29592648,0.02870106,-0.029392194,0.048354063
0.79218656,-0.8244218,-0.23063257,0.4119252,-0.47185895,1.0124826,0.036206853,-0.74116826,0.32152823,-0.01663872,-0.73063767,0.42514554,-0.25402278,-0.6162752,-0.20900156,0.33488446,0.03196952,0.42944765,0.28843096,0.037631482,-0.20557751,0.23449102
0.81974447,0.40272188,0.30706254,-0.11443146,0.6715485,0.27204597,-0.24691309,-0.2987311,0.052015126,0.11760805,-0.00990599,0.16485979,0.050527424,-0.051455792,-0.16865084,0.0062205303,0.08962254,-0.19156142,0.06861359,-0.015586287,-0.02277279,-0.11068744
0.5857922,0.54298353,0.07015093,0.09482048,-0.28702575,-0.23638417,0.28615198,-0.33782843,-0.038041066,-0.3502087,-0.07534841,0.085863285,0.004600762,-0.004527088,0.09984555,0.121954575,-0.13029341,-0.24556737,-0.033351056,0.08160344,-0.0014270998,-0.10838631
0.72813016,0.49020243,-0.01924768,0.23445152,-0.14827435,-0.00946324,-0.383456,-0.009334777,-0.045282207,-0.36111686,-0.0035615314,0.005932713,-0.7885262,-0.35182616,-0.1428393,-0.2674423,-0.08176298,0.11043934,-0.031808518,0.16828053,0.010583068,0.17998366
-0.8154692,0.120630376,1.1942716,-0.21466304,0.29613146,0.068979956,-0.546145,0.35993877,-0.057980277,0.29421192,0.039336078,0.20750529,0.08788068,-0.13501027,-0.11633353,0.0055062715,0.06396026,0.07054675,0.13805985,0.037799448,-0.026829554,0.08608777
0.6550398,0.34224403,-0.11653996,0.64213365,-0.4504229,0.28791684,-0.0750265,-0.056808088,-0.16373295,-0.24330829,-0.07798307,0.29752144,0.49104828,0.04372602,0.09630251,-0.25239262,0.34102932,-0.10249612,-0.10564791,-0.39428416,-0.06478907,-0.041921098
-0.6907519,0.49861616,-0.10991781,0.07406929,-0.020525305,0.0054230657,0.1483187,-0.49090093,0.05016925,-0.13469581,-0.044354506,-0.20382442,-0.048706964,0.031773824,0.39432356,-0.037094153,0.055400096,0.61461806,0.044840526,0.1561726,0.056477644,-0.076028764
0.89156634,-0.431816,-0.14814097,0.16229019,-0.74937797,0.57604414,0.2545524,-0.5217249,-0.08090771,0.34335288,0.058921423,-0.15103668,0.27766705,0.27574354,-0.2008439,-0.018941749,0.08548875,0.02036772,-0.08549571,0.029357305,0.004539873,-0.13247587
-0.7352046,0.54325986,-0.11089314,-0.17881341,0.4697249,0.124641,-0.26094365,0.04249437,-0.03448616,0.020802917,-0.028245684,0.29772922,0.03227136,-0.05755227,-0.038986742,0.13317782,-0.14471613,-0.118267,-0.30587918,-0.14544117,-0.037449047,-0.012233858
-0.9373411,0.1569466,1.0751703,-0.010559469,-0.32095277,-0.18770012,-0.2605036,-0.03452744,-0.080132514,-0.23292425,-0.067124605,-0.15016066,0.027945826,-0.014180429,0.23251484,-0.032738004,0.18207529,0.43096608,0.020112356,0.17172302,0.032054722,0.035702232
0.7579614,0.4085986,0.25896454,-0.00064651866,0.3552612,0.1445228,-0.061659638,-0.5533905,0.065411925,-0.15378384,-0.05447082,-0.026222846,0.019745668,-0.000938484,-0.022015736,-0.16164681,0.04288556,0.049840897,0.15715775,0.051944636,0.01696361,-0.16248164
0.8486684,-0.36500624,0.09632075,0.36222976,1.3504952,-0.31065133,0.14834237,0.3740727,-0.37617493,-0.14160745,-0.2510847,-0.10668966,-0.19948123,0.47746626,-0.1891254,-0.14281231,-0.0050037242,0.30493838,0.046613596,0.115622394,-0.21381658,-0.018342482
-0.6917891,0.65401953,-0.20993522,-0.1087648,0.055293355,-0.09383458,-0.2788447,0.06970219,-0.07488264,-0.17183413,-0.029839022,-0.22030014,-0.014009379,0.010997629,-0.20689042,0.04428548,0.19620343,0.12785022,-0.25513208,0.13245672,0.018438358,-0.0930397
-0.6500228,0.065046005,-0.51658493,-0.7137938,-0.42454273,-0.016776288,-0.18321677,0.22980472,-0.14001559,-0.042631645,0.02352346,-0.13713408,-0.10548428,0.0951191,-0.0066245957,0.30204898,0.16729537,-0.017461134,0.30483365,0.11077647,0.008016514,0.040741783
0.8940708,-0.39785922,0.076865144,0.3752326,0.7332877,-0.46493983,-0.018610172,-0.08266735,1.1908752,0.22361976,-0.09256513,-0.22990605,0.24133271,-0.39147493,-0.33895555,0.19822282,-0.17987537,0.014773016,-0.023656273,-0.09321037,-0.12898469,-0.098867334
0.73760605,-0.36920258,0.04325896,-0.5049095,0.11478205,0.45703742,0.21437679,-0.9012602,0.054437473,-0.18663219,-0.090602845,0.36248094,0.04921389,0.074718796,0.45422477,-0.0691484,0.1238493,-0.058889966,-0.21494603,0.12325716,-0.02861294,0.23982564
0.99205816,-0.8965063,-0.18437366,-0.17100632,0.38565084,-0.09704445,0.44251037,0.3000779,-0.28999376,-0.116878435,0.39003906,-0.76285666,-0.036826715,-0.032154802,0.85841167,-0.47951186,0.16008256,-0.25498542,0.098503955,0.101081945,0.037620485,0.20549685
0.47546557,0.03799249,1.486911,-0.022144722,-0.062833786,-0.0981856,-0.3216604,-0.3473513,-0.027287321,-0.24678755,-0.087986186,-0.14172983,-0.021207351,0.06059458,-0.14336498,-0.098702855,-0.18992454,-0.04154966,-0.04102763,-0.2347697,-0.03445036,0.034603268
-0.6769432,0.296656,-0.43748382,0.8515316,-0.56527966,0.44620657,-0.26164016,0.29241794,-0.16294655,0.19346374,0.063374236,0.3073591,-0.44695076,-0.27285874,-0.012050901,0.089942545,0.0077071846,0.09278666,-0.23309167,-0.28689784,-0.021327248,0.0221525
-0.43381694,0.3057516,0.09971629,-0.06033225,0.8783841,0.54380465,0.25495082,0.61826926,-0.12322867,0.33995113,0.18021359,-0.53927463,-0.16387361,0.028768383,0.2541305,-0.0020076025,-0.015719995,-0.4237626,-0.17431027,0.012514518,-0.05742723,0.17324041
-0.8590159,-0.8154459,1.0669264,-0.6204284,0.24816531,0.6581738,0.31482473,0.35332304,-0.25881004,-0.15850851,0.016633017,0.18614149,-0.058330163,0.074864954,0.16790634,0.44154814,0.012399689,-0.063272215,0.13962029,0.17745328,-0.010312499,0.10437455
-0.70562357,0.5138747,-0.12884577,0.16281874,-0.33234105,-0.15488079,0.62017596,-0.38784188,0.07235711,0.07853108,0.04436067,0.0057696095,0.023677722,-0.116741054,-0.17149922,-0.21440527,0.13637467,0.1451136,0.076882765,0.10655596,-0.034213506,0.2690692
0.63218534,-1.0116522,1.1248072,1.0951729,0.38817883,-0.12572712,0.0060050455,0.69018185,-0.5643881,-0.060063124,-0.24965341,-0.075108446,0.26764783,0.54598075,0.39264962,-0.4860263,0.25597426,-0.015311741,-0.0706633,0.037754584,-0.22161454,-0.0570145
0.60580623,0.55628884,0.08000731,-0.06460836,0.14226285,-0.056036502,-0.12203282,-0.1645649,-0.070124075,-0.37587932,-0.1093951,0.2961437,0.05976849,-0.0139480755,0.08021533,0.20316488,-0.09605798,0.099611804,-0.13757633,0.017284125,0.0033821876,-0.16270733
-0.62830085,-0.38135695,-0.6073878,0.011802844,-0.49829406,0.57329065,-0.2774604,0.30772743,0.6630319,-0.0015699567,0.301296,0.29394886,0.3427996,0.4788419,0.048654802,-0.009031489,-0.046529472,0.040167265,0.103729166,0.026566725,-0.0014217484,0.110878125
-0.69298214,-1.254154,0.59437233,0.25029728,-0.5907609,-0.16085143,-0.44961226,0.20206884,-0.32562605,0.55266106,0.36609584,-0.4451087,0.3484388,0.105396405,-0.077598445,-0.05612978,-0.36040732,0.12900797,0.14040637,0.08082811,0.08604834,-0.12338356
-0.75809246,0.5149986,-0.084645025,-0.039759364,0.13532408,-0.0051832576,-0.0030448467,-0.3289002,0.022713237,-0.09640928,-0.033614334,-0.10677468,-0.088557355,0.037827987,-0.09753012,0.00258063,-0.27583033,-0.23039956,-0.08534442,-0.24065137,-0.03664723,-0.0066110985
0.8837083,-0.3126584,0.09996614,0.51574355,0.69378996,-0.7147211,0.3627715,-0.31016234,-0.08752486,0.679234,-0.16413392,0.2242343,-0.13048668,0.3423223,0.28265634,-0.19615148,-0.23377985,0.00672994,0.13787277,0.4289867,-0.22337335,0.18614629
-0.84627604,-1.2807382,0.7525567,-0.29438505,0.35304394,-0.56679475,-0.45179608,-0.10474801,-0.2716958,0.1519429,-0.2959755,0.1714317,-0.16778497,0.5198239,0.106554724,-0.34421584,-0.17282702,0.21153365,-0.013187156,0.07185802,-0.18285759,0.08740862
-0.6943483,0.41625488,-0.37527192,0.64870805,-0.6734735,0.19735202,0.048893705,0.0847209,-0.15704042,0.11539493,0.014310339,-0.092107445,0.3322526,0.09795866,-0.06017095,0.088119015,0.1809242,-0.20610951,0.271316,-0.11943617,-0.03286675,-0.022365887
-0.7089013,-1.1280073,0.808005,-0.23986295,-0.32571492,-0.54830027,0.039610244,-0.15096338,-0.14800738,0.47598943,0.36964405,-0.42021468,0.0017923721,-0.09377611,0.09178465,-0.027584042,-0.0035082703,0.08040145,-0.019289318,0.14116307,0.109111585,-0.10091667
-0.73807275,0.0124264015,-0.08493559,0.82971823,-0.06531134,0.8002819,0.8951669,-0.21971013,-0.18602747,-0.22365332,0.006066955,-0.19517499,0.21182002,0.22127946,-0.10412736,-0.027515873,-0.30058658,0.16856393,-0.03402861,-0.36503968,-0.013220129,-0.272198
0.65178466,0.4712797,-0.19029097,0.4920863,-0.38868225,0.2196656,-0.59600276,0.17468576,-0.27158555,-0.4362787,-0.1331338,-0.024585012,0.38277337,0.20184329,-0.037136048,0.23072086,0.06011045,-0.05039168,0.23974076,0.01701438,-0.03565912,-0.015263196
0.68223464,-0.09788826,-0.17376767,-0.6082621,-0.26674685,0.12369192,-0.19536039,-0.47826776,-0.10378985,-0.53411424,-0.14603521,-0.073242925,-0.08778204,0.23892696,0.39039272,0.3327853,0.038467012,0.47422755,-0.07601224,0.11122535,0.030539116,0.006406001
0.97328943,-0.73536086,-0.20045991,0.29218236,-0.3941419,0.9349284,-0.3071781,-0.21069744,0.30477616,0.48499027,-0.55392426,-0.1458561,-0.38633424,-0.54608,-0.27650705,0.09013175,-0.27069554,-0.06201473,-0.07674401,0.022309816,-0.13932468,-0.34941086
0.77084255,0.43318126,0.26732972,0.16491997,-0.17917676,-0.11767761,0.63688636,-0.4653517,0.10314964,0.4086752,0.07564807,-0.0022730788,-0.11415586,-0.014167613,0.08882336,0.23383223,-0.31767762,-0.09382755,0.043495264,-0.2863024,-0.07560977,0.2038631
0.8353967,0.54205656,0.17123227,0.061903466,-0.11633705,-0.13732049,0.18236063,-0.18824136,0.025493251,0.181511,0.054691836,-0.24329443,-0.04720186,-0.009224239,-0.117396586,0.07932071,0.13183993,0.086864136,0.12484905,0.094920866,-0.025830913,0.11600418
0.7507995,-1.2013947,-0.26214114,0.02054611,0.21428376,-0.16068193,1.1230513,0.28778768,0.9510494,-0.43722442,-0.0905578,0.092933156,0.25158238,-0.4011124,0.05053466,0.048874427,-0.015847342,0.00021124446,0.28399697,-0.17606123,-0.13662559,0.0543157
-0.6499424,-0.027564822,-0.44211537,-0.68312365,-0.26765075,0.09746923,-0.18157956,-0.08923001,-0.07189399,-0.13268717,0.008989139,-0.22090228,-0.09003131,0.13044,-0.0373198,-0.13847412,-0.05708453,0.15704006,0.008576275,0.14094937,0.019791681,0.031079236
-0.6615725,0.064956985,-0.51004636,-0.6614284,-0.549725,-0.07969333,0.09307091,0.24641418,-0.12674376,0.12828581,0.07349849,0.001335716,-0.07404499,0.05523011,-0.2240896,0.19628434,-0.01948132,0.14276415,-0.2294975,0.10050633,0.01791366,-0.039830506
-0.64870846,-0.7647157,-0.4617222,-0.31886148,0.32507285,-0.22736035,0.109966934,-0.54494905,-0.104973055,-0.036550473,0.23278072,0.19605632,0.16695538,-0.18515265,-0.48076385,-0.19010033,0.28171596,-0.008282705,-0.02223384,-0.09682787,0.036210664,0.12140083
0.6909017,0.36756054,-0.07115489,0.5277304,-0.23302655,0.3186958,-0.249396,0.10696296,-0.17659107,0.027877236,-0.027156018,0.2802386,0.42082086,0.12206159,-0.1528685,-0.06063891,-0.5352358,0.06682752,-0.17781523,-0.016551072,-0.06762501,0.15079284
-0.7393732,0.5823719,-0.15787388,-0.12798399,0.22312638,-0.015158526,-0.07319125,0.153543,-0.041090116,0.10459823,0.0152005805,0.27085286,0.024957553,-0.08570465,0.0073113423,0.07786626,-0.28009033,-0.20855062,-0.2307125,-0.030735966,-0.041740566,0.085892044
-0.7163092,0.17184442,0.096244015,0.27351108,0.33026108,0.45602587,1.2407972,-0.41686326,-0.034420244,-0.27846113,0.006081716,-0.023722956,-0.0608461,-0.01946316,-0.10252623,0.070140935,0.06916155,0.37806892,0.02137488,0.033253342,-0.054112505,0.3554929
-0.7299769,0.48167187,-0.068911456,-0.03273105,0.24095295,0.08996357,0.045207426,-0.3434866,0.03361637,-0.067263216,-0.026266433,0.08829716,0.016564226,-0.044235565,-0.16006885,-0.03650779,-0.0015494069,-0.05219847,-0.039453425,0.054692898,0.010329124,-0.17773652
-0.8242481,-0.09780099,1.298389,-0.13653651,0.704875,0.46125725,0.044316534,0.75949854,-0.21901174,-0.034443405,0.08057714,0.081040904,0.03314241,-0.09677293,-0.13334484,0.009107578,-0.22032954,0.023902973,0.3410677,0.33751613,-0.010774245,0.04123644
-0.9171147,-0.5280812,0.88810635,-0.7901154,-0.10515525,0.21276122,-0.60923797,0.032660887,-0.14487882,-0.17131186,-0.07267084,0.17992182,0.006533035,0.09710558,0.032686424,0.08695965,-0.05987566,0.109364316,-0.21799469,0.006647864,0.0031924285,0.05135814
-0.64924186,0.014794576,-0.47922802,-0.72726387,-0.28045905,0.06583165,-0.31560495,0.072897285,-0.10873815,-0.17539784,0.00049643,-0.25207222,-0.10456423,0.11935497,0.03237294,0.0022204325,0.08169026,-0.12620822,0.37584454,0.13733837,0.023194226,-0.016183823
-0.8987442,0.02227559,1.21155,0.16704765,-0.4727062,-0.16066737,0.32563305,-0.4378619,0.04584985,0.089947134,0.009128964,-0.13830706,-0.0032382729,-0.05135658,0.07553133,-0.07035087,0.12604372,0.28383914,0.12032288,0.14485495,-0.0033249713,0.14344287
-0.71421355,0.47183612,-0.041855868,-0.111958936,0.4938089,0.20928653,-0.21314578,-0.39571077,0.036558967,-0.16607262,-0.06930903,0.09157855,0.020718418,-0.015936261,-0.29733458,-0.03467721,0.040322043,0.1626381,0.076827615,-0.047452405,-0.022051286,0.023174156
0.8328488,-0.33362594,-0.2895388,-0.058746815,-0.45673928,0.5737935,-0.21597795,0.114335716,-0.15824308,0.23455697,0.069460176,0.2541851,0.41042963,0.15305337,0.15214218,-0.49193898,-0.48841378,-0.17483814,0.21479397,0.17088719,-0.055713564,0.28414086
-0.7550057,0.4401876,-0.02676385,-0.0166264,0.2648033,0.10415044,-0.055861037,-0.62107915,0.0704891,-0.2108623,-0.074388064,-0.21292146,-0.11539098,0.095749065,0.086637825,-0.09366053,-0.35438564,-0.07516804,0.048595086,-0.21460034,-0.030208828,0.05113591
0.9096453,-0.41312322,-0.14526781,-0.06413566,-0.17501023,0.8091414,-0.46162966,-0.3384278,-0.1455704,0.17729366,-0.031175323,-0.078447476,0.27975246,0.3460777,-0.014336026,0.29475504,0.13396461,0.12545358,0.06508123,-0.0043031885,-0.035763655,0.08484222
0.60163,0.59195375,0.05909652,0.0036823025,-0.15793402,-0.22202244,-0.029665407,-0.2997827,-0.048869118,-0.5184661,-0.09759095,-0.10933828,-0.008413808,0.035919998,-0.28908032,-0.13826387,-0.12158091,-0.074609764,-0.037708715,-0.082079776,-0.011606734,-0.09511026
-0.9814174,0.16770688,1.0847857,-0.071190186,-0.25336593,-0.20784357,-0.17660414,0.17281798,-0.06296036,-0.037263766,-0.014746954,0.16255255,0.02175115,-0.09569404,0.15594025,-0.09782955,-0.15857203,0.14088896,0.23755686,-0.35039258,-0.04206731,0.12280561
0.9124521,0.5252754,0.20567666,-0.09839073,0.3623257,0.05974315,-0.08866432,0.24647738,0.009094046,0.5187568,0.12139877,0.14776935,0.06636234,-0.13817059,0.029421689,-0.02479755,0.10455341,-0.09900607,-0.13509975,0.10080539,-0.030105822,0.03447755
0.6191275,0.60557806,0.029978024,0.036204115,-0.2497719,-0.2510636,0.14754486,-0.13553046,-0.07781725,-0.36741737,-0.06812759,0.11434204,0.07543696,-0.055253632,-0.30467787,-0.008853784,0.15631345,-0.12907545,-0.29433835,0.07293087,-0.0016205274,-0.09033073
0.85178566,0.5340551,0.15489937,-0.024103742,0.13023208,-0.033324312,0.035041593,0.103770226,0.024040028,0.24723133,0.090903044,0.06579784,0.0776528,-0.15760234,0.15962942,-0.32619894,0.23406057,-0.032460317,0.14304802,0.024606666,0.03177567,-0.2982204
0.66655207,0.6427074,0.051442236,-0.07892041,-0.053807024,-0.21753432,-0.083227366,0.1081588,-0.07078288,-0.13221385,-0.021665612,0.08795083,-0.02099365,-0.019134099,-0.09793112,0.106584,-0.21237788,-0.015054142,-0.012766368,-0.3037888,-0.049386904,0.023354018
0.6507386,-0.01719206,-0.23042819,-0.70058775,-0.29474926,0.0028758894,-0.06496437,0.067860305,-0.14049087,-0.22673737,-0.03533628,0.38718167,0.009589404,0.052984748,-0.076352425,0.13220274,-0.34224662,-0.055917297,-0.035239,0.027300162,-0.02713178,0.13030845
0.679888,-0.5254044,-0.5082355,-0.29004106,-0.38142225,-0.77896357,0.11181858,0.20636587,-0.27904063,-0.2343948,0.26704767,0.15613504,0.18744588,-0.20532277,0.26602095,-0.30173513,-0.034530874,-0.30855608,-0.28337383,0.03968238,0.050131265,0.016699698
0.6665721,-0.17213655,-0.14385243,-0.5163616,-0.3782447,0.109506465,0.3540232,-0.4068668,-0.022528185,-0.2376045,-0.036310654,0.43423206,0.054218724,-0.019316662,0.34998667,-0.15523161,0.025012119,0.02000719,0.25422958,0.0077973404,0.026443455,-0.11842299
-0.7636099,-1.050418,1.0378537,-0.5351771,0.32817665,0.68836015,0.24653894,0.43122435,0.20952839,-0.038827717,-0.91818076,-0.3905566,0.06262389,-0.27790985,0.8068993,-0.044359148,-0.065553084,-0.29869238,-0.18716435,0.11133463,0.7778005,-0.06327648
-0.73327315,0.47654805,-0.073868975,0.08988523,-0.065717086,-0.040719032,0.22501345,-0.62025476,0.06698496,-0.13611406,-0.040734775,-0.30371284,-0.106941335,0.08656669,0.080554195,-0.10577399,-0.28388393,0.23056653,-0.18436255,0.010612578,-0.01129227,0.15206076
0.7185119,0.3420532,0.052824423,0.2601055,0.23893939,0.34668612,0.23206164,0.649727,-0.24386305,-0.5315305,0.049985643,0.1308363,-0.8501733,-0.36856163,-0.26074535,0.15864907,-0.121681795,0.23165773,0.32239598,0.031670853,-0.012511106,0.15521514
0.8174406,-0.22967878,-0.076135814,0.52378273,0.45576867,-0.9780004,0.016386917,0.24876085,0.6540434,0.2170953,0.064055644,0.08535912,-0.22749229,0.70065296,0.21670216,-0.04659068,0.06036206,-0.02267248,-0.064382315,-0.23019084,-0.19574697,-0.10909095
-0.59381545,-0.16657525,-0.28880158,-0.5461249,-0.2894141,0.1916741,0.35812056,-0.4140465,0.05499975,0.21606487,0.08481632,-0.03651363,-0.054070536,0.010527442,-0.47420996,-0.33073762,0.2470585,-0.078305826,-0.0034080977,-0.27460596,-0.030512674,0.09109022
0.65595,0.1663072,-0.098036386,0.89847887,-0.38201943,0.55760884,-0.51780325,-0.47135398,-0.13920404,-0.5577514,-0.12176457,0.068070106,-0.4283341,-0.099361025,-0.37453347,-0.10725537,-0.089264296,0.11058759,-0.04993842,0.081410155,0.005222583,-0.01713289
0.705158,0.016979463,-0.0836677,0.14571425,0.6628796,-0.5593023,-0.5246181,-0.08357505,-0.2131952,-0.37839288,0.13045964,-0.00020334586,0.16917111,-0.16755262,0.05286961,0.1664405,0.093174234,-0.045690008,0.060091875,0.012130853,0.03933884,0.012248131
-0.72834134,0.55448157,-0.12277608,-0.0016441674,-0.020887798,-0.0713894,0.18687116,-0.21962833,0.03352681,0.0054466734,0.0093912445,0.015530685,-0.032318093,-0.053051308,-0.20053613,-0.07946723,-0.036482174,0.13691673,0.07543575,-0.28344607,-0.036807634,0.03566215
0.61248064,0.6187982,0.022345748,-0.111741625,0.08248084,-0.15556753,-0.45276672,-0.10868787,-0.11452671,-0.6028373,-0.14323016,-0.15901484,-0.013526881,0.10616062,0.023769595,0.0047313985,-0.30279747,-0.19073434,-0.20209503,0.15510485,-0.054904252,0.31972674
-0.7618696,0.5224712,-0.122220136,0.124833666,-0.33345947,-0.1969811,0.55327123,-0.3304305,0.036491927,0.08411435,0.036605757,-0.041579843,-0.059129577,-0.050458703,-0.14447881,0.09148247,-0.18280508,-0.4444042,0.13074026,0.1157342,-0.032543857,0.09022648
0.80219233,-0.3726632,0.053008813,-0.54835576,0.32771188,0.61498237,0.57433975,0.100071326,-0.20033653,-0.2892069,0.029552018,-0.030281784,-0.100983754,0.13857278,-0.1150141,0.09592278,-0.047319695,-0.021516854,-0.2670097,-0.08115516,-0.02284794,0.04686761
-0.6543849,-0.17768483,-0.11541839,0.24814887,0.881675,-0.27340534,0.10075032,-0.54007,-0.02965201,0.20746164,0.23910064,0.30801564,0.1900145,-0.28502142,-0.44015577,0.14666969,-0.048614107,0.116914734,0.157681,0.11583629,0.024896787,0.121223226
0.63540727,0.1033201,-0.09089404,1.1794661,-0.96933097,0.38396826,0.42763758,-0.6387724,-0.077762574,-0.16934133,-0.053517327,0.3505541,-0.44324037,-0.21166559,0.1242782,0.27552897,0.13250765,0.065915056,-0.10820888,-0.116174586,-0.039249845,0.20254378
-0.68143445,0.5334737,-0.11109887,-0.123604886,0.39313018,0.12577443,-0.33168563,-0.20802069,0.026547702,-0.22287442,-0.053858962,-0.069497794,0.02261628,-0.03626051,-0.047299445,-0.44641128,0.1647633,0.30326483,0.007698364,-0.33981887,-0.019794786,0.06283984
0.75070703,-0.73593277,-0.40818638,-0.1565772,0.0046579232,-0.81764627,0.27216265,0.09464852,-0.30497032,0.2027045,-0.2425423,0.5565798,-0.08562198,0.37284148,-0.06122494,-0.0016138103,0.32335255,0.004303097,-0.036706213,0.024068516,-0.21269907,0.029879704
-0.7147759,0.30119044,-0.12970193,0.108901665,0.3921428,0.24087419,0.68415606,0.86123264,0.68038255,-0.34725353,0.38384107,0.24822924,-0.011570222,0.14044902,0.11429461,-0.09521894,-0.15961622,-0.05841679,0.4213312,0.07102206,0.0043835314,-0.024950638
-0.47512728,0.33168948,-0.19404104,0.45329618,0.11771686,0.58866763,-0.37412483,0.31122842,-0.10373122,0.7333714,0.116012745,0.04180132,0.3466758,0.07801506,-0.07113441,0.2648908,0.039749455,0.029274307,0.26952302,0.05697428,-0.050349057,0.06196056
0.83812755,-0.33175722,-0.08930081,0.6158499,0.122168526,-1.0153748,0.57431,-0.16127126,0.24099979,0.48319623,-0.86502546,-0.22983854,-0.044101484,-0.11116194,0.21422115,0.03160274,-0.01733696,0.34302425,0.36496145,0.10665782,-0.36966202,-0.09333043
-0.8084279,-2.0089157,0.6621405,0.9148271,0.10186168,0.38346076,-0.009883401,0.23115855,0.3545344,-0.39765167,0.03940371,0.10006435,-0.6778882,0.6670269,-0.38472384,-0.43886736,0.19898516,-0.12047978,-0.023291495,0.102559485,-0.1348213,-0.19320107
0.9023802,-0.06689632,0.07143858,0.12090297,0.95459443,-0.3817674,-0.37072244,0.12644339,-0.12419145,0.40826342,0.30991587,0.14472532,0.17331694,-0.28028202,0.09485049,0.23232573,0.028110225,-0.19232994,0.25870547,0.1066309,0.036345385,-0.064871
-0.6802155,0.3679125,-0.35592818,0.679984,-0.6063728,0.2524716,0.15295415,0.0036922363,-0.105041884,0.15359886,0.048380658,0.012450009,0.41237342,0.043396488,-0.033305094,-0.31917533,0.07647,0.04136275,0.09435436,0.027527677,-0.047223978,0.08991047
-0.99575144,0.04355058,1.1993761,-0.15151921,0.25734687,0.07942286,-0.47652885,-0.11402044,-0.031336233,-0.18742949,-0.07980761,0.23552595,0.05480769,-0.043499626,0.1283935,-0.15466145,-0.32162693,0.024381842,0.12851135,-0.11886997,-0.005190716,-0.106093585
0.747593,0.22750147,0.32857108,0.19249092,0.38466322,0.3592945,0.8049562,-0.19617371,-0.09375657,-0.4102861,-0.0070468523,-0.32797536,-0.12227284,0.07838668,0.040524743,-0.039061207,0.026290454,0.014834686,-0.093178995,-0.29185903,-0.076708585,0.24730016
0.9288254,-0.42539042,-0.26334485,1.2396156,0.1145344,-0.3158096,-0.5384736,0.34593284,-0.34470105,0.6121744,-0.15462312,0.06071017,-0.6866362,0.24992026,-0.14315188,0.024842473,-0.0081172325,-0.039748006,-0.056920253,-0.25315195,-0.2193502,-0.07182796
-0.64294267,0.5686283,-0.15041639,0.08524769,-0.25415584,-0.16269507,0.38191602,-0.058960322,0.020168068,0.27442405,0.0830271,-0.11473565,-0.031500433,-0.073872834,0.14352438,0.09414678,0.18887092,-0.0342724,-0.074481666,0.11237101,-0.033148687,0.15306747
0.88852483,0.38102725,0.28516138,0.076394886,0.21472064,0.07175987,-0.056710273,-0.5100685,0.111332215,0.16874088,0.03904352,-0.59411925,-0.13513424,0.11915288,0.8572104,-0.34769103,-0.3820487,-0.19755146,0.018932126,0.22575678,-0.016054606,0.2323311
0.9466475,0.37094194,-0.020479519,0.53280216,-0.19441882,0.37793595,-0.5602263,0.2527123,-0.15120703,0.2946672,0.05935068,-0.45211253,0.31829426,0.17715769,0.2696863,-0.034241103,0.34838364,-0.30746874,0.23049724,0.04652819,-0.032403227,-0.10001098
-0.91955554,-0.8758284,0.9609806,-0.4452745,-0.54113,0.18259293,0.14131294,-0.789871,0.38969952,-0.27605528,-0.76211524,-0.4015104,0.11544988,-0.3459413,-0.08954729,-0.10286529,0.095659025,-0.088123806,0.024283653,0.15886539,-0.16825934,0.018936347
-0.67772895,-0.13614227,-0.21073946,0.23361664,0.84446794,-0.3021113,-0.16178972,-0.47660163,-0.0806229,-0.16817176,0.16955318,0.15511383,0.24985184,-0.28111354,-0.11463767,-0.2409115,0.3098288,0.16041537,-0.13153388,0.102590814,0.08705444,-0.094782434
0.9572959,-0.7631019,-0.30586368,0.29894707,-0.19817682,1.1420474,0.2777297,0.9280391,0.011894804,0.23957787,-0.48567718,0.20316756,-0.27650732,-0.69840527,-0.22760953,0.20876929,-0.05097761,0.25745907,-0.22269318,0.17694688,-0.1542243,-0.1624594
-0.712528,0.69125146,-0.27076662,-0.045930076,-0.25582293,-0.29029137,0.08199908,0.29752585,-0.058490712,0.07096913,0.064957894,-0.06861429,-0.006050282,-0.08136954,-0.047615997,-0.17916884,-0.27949497,-0.09418424,-0.041518275,0.14965871,-0.059749745,0.39778578
0.38193375,-0.5317812,1.0616928,0.307341,-0.14766008,-0.9252173,-0.08646505,0.08566967,0.12688664,-0.3922518,-0.53674316,0.044214208,0.42013052,-0.78263575,-0.33758903,-0.03955821,-0.054354135,0.21134973,-0.11119639,-0.3355266,-0.1495585,-0.016404597
-0.6902039,0.45300108,-0.0013228658,0.02384465,0.15878987,0.07867016,0.13763116,-0.51532626,0.070301086,0.10910921,-0.012616128,-0.19080046,-0.14845802,0.07721706,0.11503351,0.31591666,-0.092637494,0.010223229,-0.01693839,-0.25668433,4.355077e-05,-0.22136238
-0.6384221,-0.29126588,-0.5036204,1.0210767,0.011996704,-0.52167815,0.023338068,0.1382838,-0.31638145,0.5233127,-0.21022455,0.13068283,0.16362938,0.51453835,-0.32703826,-0.073588826,0.0023289493,0.1106559,0.29583248,-0.32963365,-0.2552078,-0.037279006
0.8188987,0.012960366,-0.21040964,-0.6618579,-0.42130938,-0.05312519,-0.09657831,0.18641149,-0.106031865,0.024936764,0.07168698,-0.12021184,-0.043941464,0.06774994,-0.084714755,-0.13050938,0.037565645,-0.05722224,-0.07546456,0.07341961,0.008993354,-0.10926498
0.5972589,0.7309461,-0.08070448,-0.038152244,-0.40600717,-0.41281867,0.022557136,0.31985685,-0.15414134,-0.27482477,-0.041074563,0.13747989,-0.0065898895,-0.04696671,0.17384136,0.44316134,-0.05993222,-0.29365176,0.3180389,0.052529514,-0.015105164,-0.07680978
-0.7360481,0.4775422,-0.06740967,-0.02761896,0.23260993,0.083811015,0.227152,-0.25808465,0.044361252,0.118670724,0.007938248,0.36746845,0.04990318,-0.10970213,-0.17321257,0.0734686,-0.2086573,0.057919484,0.11250492,0.10289378,-0.03419191,0.1293821
-0.44455868,0.51790524,0.027844908,-0.14840667,0.4978022,0.15324676,-0.08842459,0.23419903,0.07835259,0.84796214,0.21215293,-0.09888261,-0.03727544,-0.10482874,-0.26932752,-0.13288198,-0.24157436,-0.047245875,-0.05737211,0.1382277,-0.015710799,-0.04228009
-0.69830674,0.57116735,-0.16623355,0.05168536,-0.14965095,-0.108922735,0.2070738,-0.22469242,0.013232781,-0.016659427,-0.00046961044,-0.110345066,-0.036847882,-0.010339425,0.24007352,0.04995159,0.007504905,0.52976066,-0.010541645,0.1287355,0.023029517,0.017841889
0.853944,-0.18351711,0.119041674,0.7634831,0.88990414,0.7473179,-0.07470568,0.73764604,0.5225348,-0.08894987,-0.53626305,0.2417219,0.012277497,1.2016538,-0.037792943,0.098781146,-0.07662901,-0.008207182,0.38755342,0.092901245,0.6500899,0.08121484
-0.7242678,-0.005836138,-0.30328357,0.1205065,0.72646064,-0.5054785,-0.47569564,-0.1472639,-0.14258197,-0.24769402,0.18867727,-0.16169718,0.10384881,-0.16750024,-0.04161599,-0.2291827,-0.42247626,-0.21845517,0.29380792,0.08050912,0.04220777,0.086058296
0.6726712,-0.2616905,-0.40456954,0.7667471,0.09110268,-0.26752597,-0.8247069,0.15671673,-0.06418043,-0.51771975,-0.6353131,-0.35647103,0.66371626,-0.38641042,-0.0006222616,0.6045369,0.111736804,-0.034974154,-0.26235092,0.0051607653,-0.16414283,-0.023736559
0.86802447,-0.16872299,-0.040366553,-0.7200172,0.15864733,0.28770086,-0.37367722,-0.114855826,-0.035909135,0.08737242,0.03879042,-0.13887598,-0.06062331,0.13124247,0.26182127,-0.24936296,-0.19045648,-0.46419236,-0.23363164,0.10016528,-0.01365593,0.011617934
-0.71626455,0.48896474,-0.07397652,0.057335325,-0.010358229,-0.011286392,0.18644992,-0.5432587,0.048875052,-0.1750758,-0.03445085,-0.20674832,-0.014612257,-0.0019826898,-0.48810384,-0.14651738,0.17822108,-0.07721856,-0.030106721,0.12490703,-0.008178287,0.032975424
0.38031268,0.2173561,1.2996242,-0.038113948,-0.51866865,-0.43664265,-0.18247023,0.19199857,-0.127203,-0.2608041,-0.021921605,-0.019852856,0.0011711577,-0.018894609,-0.11798429,-0.068503134,-0.5198377,-0.23002931,0.16281539,0.08123032,0.05138237,-0.50093913
0.746533,0.605877,0.081420295,-0.0053069126,-0.13051908,-0.21887155,0.00907165,0.04415531,-0.05267096,0.0287393,0.020613598,-0.14818507,-0.039678417,0.017704532,0.1125621,0.104801215,-0.1887998,-0.09505858,-0.25532544,0.12036766,-0.025580434,0.08552188
-0.7167111,-0.54008526,-0.47527418,1.2776109,-0.058681317,-0.48291817,0.21723309,-0.23825969,0.59127647,0.02393435,-0.0057077184,0.12622422,0.18558392,0.8590618,-0.07691433,-0.1859905,0.17326239,-0.17071088,0.01360128,0.064013176,-0.19022308,-0.23873834
-0.6227707,0.512359,-0.06274489,-0.12771149,0.4712958,0.17625651,-0.15585531,-0.07137772,0.03320789,0.16581014,0.027248792,0.16468316,0.06337549,-0.09740631,-0.1864406,-0.13476242,0.009964339,0.3344125,0.0053098514,0.12540297,-0.0017972696,0.033565518
-0.6202624,0.53716993,-0.098032266,-0.12502396,0.40793496,0.14303088,-0.22330602,0.017040404,0.001467422,0.14298818,0.009968279,0.0939948,0.030754715,-0.07118248,0.12261621,0.0885347,0.27379313,0.17348021,-0.030189177,-0.040749706,-0.03296094,0.10832653
0.7748799,-0.4804169,-0.45864087,-0.38504252,-0.1975795,-0.6953982,-0.04573304,0.31918737,-0.27815244,-0.03189979,0.27538496,0.18164097,0.1437082,-0.21394524,-0.18424931,0.018509204,0.22165278,0.20089991,0.06073538,-0.3515524,0.041259963,0.08225376
-0.8600006,-0.45858437,0.83535194,-0.62387764,-0.74523956,-0.10572599,0.020905333,0.28328118,-0.11831335,0.2749799,0.08135504,0.09315404,-0.041685496,-0.017421452,0.023152787,0.04825159,0.09155969,-0.23726691,-0.0038366925,-0.23776166,-0.04056388,0.18696061
-0.63328844,-1.2892219,-0.4618448,0.3888671,0.5698275,0.7623782,0.37381712,-0.3382088,-0.36983478,-0.36642876,0.17780767,0.029949047,0.41672844,0.10484776,0.18581626,0.06326091,0.10574824,-0.031318773,0.3679593,-0.08845151,0.023292812,0.14318626
0.8249006,0.42721084,0.278185,-0.087232895,0.56739205,0.22372003,-0.07238138,-0.21887757,0.06293903,0.28092304,0.023452368,0.32609144,0.039240222,-0.06869607,0.1580812,0.2066444,-0.19720367,0.36923525,0.3863669,0.13531974,-0.019579181,0.055217665
0.8856856,0.0036294714,-0.16427413,-0.6070531,-0.5274728,-0.08611163,0.1648744,0.18485221,-0.059305575,0.34582472,0.1493454,-0.13200518,-0.07773941,0.041969698,-0.18077204,-0.10977808,-0.1163587,0.19742109,-0.00813348,0.07731993,0.022006102,-0.09444031
-0.588404,-0.5985178,-0.6193278,0.51130664,-0.9110595,0.7251655,-0.04523505,-0.18396738,0.7526537,-0.11053032,0.3191339,0.20290965,-0.51013094,0.17306347,0.19077556,-0.050432,0.27690217,0.4325607,0.030694757,0.135557,0.07924759,0.044951573
-0.6443305,-0.17292808,-0.35735613,-0.6857843,0.09916955,0.33779448,-0.23633999,-0.30374715,0.0031258245,-0.1558588,-0.007879526,-0.0058957967,-0.0037080736,0.076027885,0.36598498,-0.53008324,-0.08966577,-0.003956901,0.0068292418,0.110129096,-0.022209346,0.24439327
0.6268073,-0.63498884,1.2051842,-0.63132566,-0.14621128,0.30101323,0.22660555,0.8135045,-0.34447643,-0.10284974,0.08859664,-0.11644278,-0.092487045,0.11072974,-0.14294541,0.28346148,-0.08673385,0.111880995,-0.21414512,0.037493497,-0.01638985,0.06617224
0.6121952,0.54440355,0.120814405,-0.072051026,0.18013617,-0.03620915,-0.24170904,-0.40150452,-0.03985139,-0.5719988,-0.14850882,0.02853305,0.019589387,0.04277816,-0.45285892,-0.052321605,0.047077216,0.05030689,-0.06708126,-0.29673848,-0.042017095,0.01801282
0.8233392,0.24901715,0.33450824,0.16397505,0.4132145,0.3549929,1.0659086,0.24561232,-0.10031303,0.0933081,0.13727547,0.1314367,0.033917107,-0.14727814,-0.39448896,-0.09465866,0.114286795,-0.22083247,-0.1314901,0.042414885,-0.05085544,0.080096655
-0.9520835,0.18811056,1.0729276,-0.12393385,-0.12783742,-0.15761752,-0.60625404,0.07190102,-0.118156835,-0.3661904,-0.08526385,-0.27010518,0.022361277,0.03112997,-0.115561105,-0.15646186,0.0679421,0.10112743,-0.18399498,0.17420433,0.0280739,-0.094607584
-0.7323284,0.3080674,-0.025353547,0.070954196,0.48987538,0.37779278,0.7359715,0.26405185,-0.14460322,-0.23182753,0.03879846,0.021965161,-0.073267214,-0.007228791,0.3591896,0.001585944,-0.41731077,0.117981024,-0.18083803,-0.030531019,-0.04657858,0.23267409
-0.6944008,-0.27535185,-0.44526398,0.78184414,0.41607922,0.0024417287,-0.60873586,-0.15574947,-0.26604435,-0.12398617,0.1633785,-0.0759669,0.5120181,-0.005715591,0.2717642,-0.18231757,-0.1772161,-0.2582809,-0.09219758,0.010804636,0.043736614,-0.116054185
-0.71648246,0.6251911,-0.2015663,-0.07766762,0.004361435,-0.114502154,-0.052572425,0.15038382,-0.034353178,-0.0071842885,0.02173931,0.014077616,0.0006672626,-0.085185096,0.0696574,-0.13311876,0.116194956,-0.12716593,-0.09526856,-0.27407637,-0.0117993215,-0.15846789
-0.5186661,0.036949906,-0.1103612,0.71669036,0.22729792,0.9212464,0.53759515,0.37648103,-0.23315768,0.15032504,0.10225733,-0.18068783,0.36104053,0.07131015,0.15018122,-0.24892777,0.20520617,-0.29038104,0.0075621125,0.21942636,-0.039302003,0.24314302
0.64987075,0.3411845,0.1683189,0.05317765,0.3113455,0.023857541,-0.030190444,-0.10489071,0.86726254,-0.32236755,0.22622092,0.4203558,0.04263946,0.2346221,0.06357766,0.037625577,-0.3164326,-0.42148048,0.121358514,0.10893609,-0.0194619,0.047689263
-0.78380567,-0.39786494,1.2366608,0.74123913,-0.16022606,0.7416405,0.6436538,0.46595836,-0.2491146,0.42716226,0.1636728,-0.09061392,0.30020177,0.07445292,-0.31107363,0.07276777,-0.059669025,-0.35477394,-0.018814845,-0.14942054,-0.030860852,-0.30990177
-0.68401986,0.103399344,1.2778658,-0.15846361,0.21219984,0.04209369,-0.64975655,0.18208712,-0.007663909,0.4317898,0.09197115,-0.5623996,-0.09027483,0.034020193,-0.0923842,-0.16448502,0.18375179,-0.0342024,-0.2756551,-0.19406992,0.006927377,-0.22749701
-0.95984524,-0.36494374,0.8488943,0.35086372,-0.31968746,-0.9612004,0.07622627,0.154156,-0.21855527,-0.028537767,0.2573348,-0.027545642,0.19871756,-0.3159811,0.018251091,-0.15224983,0.014436734,-0.18461949,-0.0040013758,0.12708639,0.023074144,0.3127547
-0.6516883,0.640972,-0.2764448,-0.019204993,-0.123474024,-0.15189241,-0.047465507,0.2477037,-0.03519183,-0.0889079,0.048323106,-0.08828589,0.12038998,-0.16486469,0.30320895,-0.5493641,0.6293553,-0.062262133,-0.13167945,0.09979504,-0.02190314,0.073470846
-0.6364819,-0.8449048,1.1881878,-0.5297174,0.10507017,0.61760545,0.44379866,0.2316795,-0.15512697,0.25480482,0.16132854,-0.5295626,-0.17506154,0.122260675,-0.3005469,0.008780155,0.22519957,-0.2388095,0.122705564,0.10615753,-0.018182375,0.14649275
-0.6508229,-0.6966704,-0.5241245,-0.348464,0.24090418,-0.304284,-0.038044624,-0.38100174,-0.15396677,-0.0575981,0.22026052,0.05530762,0.08872506,-0.109687805,-0.028488345,0.10806816,0.10921254,0.18246666,0.10146122,0.026718875,0.07045335,0.035787437
-0.7370595,0.57561433,-0.16249003,0.019003287,-0.1488409,-0.15247336,0.17068148,-0.16162884,0.016176311,-0.039329525,0.026823897,-0.15786415,-0.058927134,-0.016557312,0.11425925,-0.16365504,-0.30290505,0.031408478,0.15498514,0.12175601,0.04624986,-0.27980918
-0.712327,0.33270454,-0.29803085,0.71247894,-0.6232839,0.27918464,0.26179528,-0.21093242,-0.11776596,0.18553929,-0.0012134261,0.019464122,0.32875663,0.12884186,-0.16478434,0.30616713,0.036452673,-0.056056667,0.013469753,0.036353067,-0.0511337,0.10883979
0.63312376,0.030208217,0.060853273,0.79244137,0.011135608,0.76934814,0.359233,-0.1997051,-0.31583887,-0.82881683,-0.1567894,-0.31986588,0.279708,0.34882224,0.5015418,0.09308778,-0.09952629,-0.089105085,-0.36963025,0.06499161,-0.053394362,0.16131921
-0.59884596,0.33869913,-0.009705418,0.061814852,0.51750296,0.41578487,0.34802097,0.07259082,-0.13166057,-0.4688674,0.0053281197,-0.6958807,-0.14360346,0.12378745,0.13408627,-0.20250341,0.12150071,0.5388853,0.04409059,0.1516041,0.020360917,0.071324654
-0.6522426,0.47438014,-0.033498216,-0.034267705,0.2991092,0.13392939,0.009531284,-0.31434602,0.032777727,0.14184643,-0.007913664,-0.009941794,-0.032444287,0.003187762,-0.039459635,0.2771133,0.0904362,0.069659516,-0.18299639,0.0796826,-0.025741063,0.08859329
0.45621002,-0.75880724,0.89244825,0.12513901,-1.237028,0.29707155,-0.082416125,-0.15576138,-0.2524759,-0.32977638,-0.08782821,0.23854113,0.47817454,0.1570722,0.04938428,-0.27916577,0.28925288,-0.14971888,0.09432398,0.035800375,-0.037509695,0.18768503
-0.6670764,-0.15619785,-0.3335709,-0.61068773,-0.13475613,0.26561236,0.24368778,-0.28017947,-0.013804493,0.1344458,0.021273805,0.355206,-0.0003761417,-0.0032036726,-0.08172847,0.17520884,0.23209488,0.069714814,-0.023845859,-0.07585533,0.004058165,-0.05951251
0.81168675,0.47724643,0.24062268,-0.07488947,0.38759825,0.09341127,-0.104955345,-0.13910732,0.038816012,0.21021812,0.038162276,0.06284629,-0.005134689,-0.031270776,0.048671495,-0.02542245,-0.18069841,0.06778992,-0.02851463,-0.07143971,0.0028449767,-0.2229855
0.59581834,-0.1153639,1.5472581,-0.12691727,0.7393664,0.43754914,-0.15289101,0.67495316,-0.25341552,-0.31081668,0.0058146403,0.024569469,0.06609851,-0.046210356,-0.020085676,-0.08556094,-0.035919476,-0.034170818,0.07671107,0.17160842,-0.039220784,0.14956896
0.62826157,0.7072167,-0.0570145,-0.066009425,-0.22438507,-0.31301513,-0.14517629,0.21302058,-0.14178893,-0.3816381,-0.06755893,0.07496673,0.04511813,-0.029540448,-0.041181598,0.1707707,0.07353589,-0.009468638,-0.08243998,0.06984308,-0.030010523,0.073817834
-0.7478041,0.40965435,-0.002240708,-0.020407928,0.37049833,0.19696869,0.14955918,-0.48749685,0.04432256,-0.0081580775,-0.045076694,0.29991415,0.04972561,-0.06796887,-0.36244833,0.24212708,0.14721984,-0.3596291,-0.076180406,0.09146392,-0.023416437,-0.095436566
-0.6973735,-0.0017582275,-0.3139909,0.20839718,0.5703878,-0.5153404,-0.1911542,-0.13996594,-0.15643263,-0.0869393,0.19706674,0.03434811,0.15074067,-0.216816,0.080598824,0.17541985,0.13559726,0.24193764,-0.123075485,0.029170254,0.08121273,-0.13942526
0.84620094,0.23748809,0.104818575,0.47131786,0.29458907,0.6713444,-0.58114743,-0.12914671,-0.1163184,0.19777596,-0.036925126,0.075068414,0.37468696,0.19184197,0.05910596,0.22525705,-0.05382301,0.09520642,0.011611958,0.03677571,-0.01080582,-0.22823222
-0.7232763,0.5532817,-0.11447439,-0.19449423,0.478048,0.13430342,-0.47674355,-0.064842805,-0.025037345,-0.19123718,-0.07775304,0.0070866165,-0.04586394,0.008366189,0.12515938,0.08875682,0.09491044,-0.14928555,0.18457429,-0.4627978,-0.042179532,-0.02918506
-0.6178,-0.2361846,-0.61329854,-0.15206753,-0.42171285,0.61923647,-0.73945683,0.04382446,-0.24364968,-0.19375555,-0.05977797,-0.30466428,0.27441067,0.34420624,0.081756346,0.006708689,0.18087836,-0.13744561,0.16194953,0.086019695,-0.005518802,-0.019426446
0.59891415,0.6043491,0.035777673,-0.12426265,0.14501956,-0.10785753,-0.10059611,0.16262676,-0.09215134,-0.23238198,-0.05536944,0.5511223,0.11801052,-0.12612021,-0.017372645,0.13291498,-0.23838593,-0.14976008,0.15184516,0.05168329,-0.027128026,-0.046158355
-0.86834633,-1.1853899,0.52056074,0.5065008,-1.2267469,0.5425657,-0.31332067,0.34146562,1.0340153,-0.124526784,-0.34433484,0.051829804,-0.28288823,-0.35469943,0.992132,-0.27453825,-0.08013441,-0.28607538,-0.37582397,0.17245226,-0.093325645,-0.2466972
-0.6745375,0.18047993,0.059549075,0.096488275,0.75353086,0.47093517,0.32764068,0.20204726,0.7392182,-0.49437138,0.2778683,-0.37464085,-0.2373657,0.46806595,0.038598955,0.12125607,-0.3769274,0.28107977,-0.3460888,-0.33460796,0.009490235,-0.120049804
0.8769155,-0.24283947,0.030951792,-0.5119372,-0.17238039,0.24426879,0.23801701,-0.58710474,0.084638156,0.16811565,0.06161398,-0.15355575,-0.09386478,0.09094766,0.17805709,-0.37926123,0.046994135,0.16857293,0.071497016,-0.27593952,0.031871583,-0.22681992
0.83633584,0.49525395,0.22596964,-0.10576543,0.45729434,0.126054,-0.1685919,-0.049336605,0.019126693,0.22100314,0.03737987,0.15995216,0.055982206,-0.06962323,-0.12206415,0.012028998,0.0030711617,0.20570341,-0.06190381,0.08168541,-0.003470247,-0.11158997
-0.65072316,-0.14726612,-0.36561853,-0.6448309,-0.060289256,0.27686253,0.16626713,-0.1139402,-0.008511627,0.13463773,0.05948496,0.43508604,0.08861923,-0.08381333,-0.059786476,-0.22837666,0.23673059,-0.030332906,-0.037185572,0.06837477,-0.016710185,0.022977958
0.6925429,-1.5385761,0.7456682,0.5225039,-0.2816913,0.13241616,-0.9814368,0.54929006,0.49678543,0.004025324,0.5976189,0.4150669,-0.2351378,-0.105931744,-0.13229683,-0.3466941,-0.084430285,-0.06436193,0.09902962,0.09143348,0.10220931,-0.0066746534
0.7367253,-0.044858675,-0.1692583,-0.7602459,-0.052152738,0.12816414,-0.49294826,-0.07553015,-0.11387544,-0.35211527,-0.06986015,-0.0956064,-0.08456528,0.17394952,0.018571496,-0.03508516,-0.08856558,-0.1285135,0.030388596,-0.26189825,-0.044775378,0.14430374
-0.9799799,-0.20014839,1.0327718,0.649807,-0.53919303,0.35896087,-0.25953847,-0.27875823,-0.1402145,-0.08788751,-0.09110211,0.013393984,0.37437832,0.14673905,0.15231204,-0.07579746,0.013219143,-0.4366198,0.01895603,-0.28030112,-0.07556459,0.1161316
-0.6451079,0.40656918,0.02665092,-0.07871294,0.5936661,0.30885682,-0.1412484,-0.44583902,0.058051493,0.06978105,-0.038800787,0.09122679,0.016327359,-0.011016566,-0.06473843,0.16555934,0.15309544,0.08817353,-0.14952855,0.13275543,-0.0006429133,-0.055356614
0.86072123,-0.97483087,-0.5139095,0.3871601,0.04220266,0.2933774,-0.82645404,0.20168693,-0.3514897,0.10126817,0.26898804,0.4322855,-0.29971594,-0.32314143,-0.19277795,0.12272397,-0.016044741,0.0090405,-0.0958274,-0.24189082,0.04610092,-0.018095316
-0.7344027,0.553058,-0.14545053,-0.005603247,-0.022297574,-0.08797257,0.147419,-0.13369623,0.0371356,0.0149484,0.027159214,-0.0050913896,-0.039737534,-0.053982317,0.23371151,-0.26404712,-0.2537856,0.07273755,0.09463186,-0.26041532,-0.014539177,-0.06508439
-0.6562854,-0.4501175,-0.47969732,1.0978684,0.2741905,-0.26835266,0.07803531,-0.16225898,-0.25313276,0.32602093,-0.27499762,0.48419684,0.3378303,0.42570752,0.6433998,-0.47842366,0.2823037,0.5100138,0.1438118,-0.09336308,-0.2117588,-0.045668874
0.62463295,0.69097346,-0.033616163,-0.09673547,-0.120302126,-0.2552023,-0.17173776,0.22785752,-0.12188917,-0.35780826,-0.07422114,0.20458336,0.04077,-0.07265177,0.029891642,0.14996344,0.16144598,-0.053333756,0.22092672,-0.32095227,-0.04012493,0.0076241335
-0.7348991,0.38605136,-0.013335476,0.14193578,0.035592504,0.09497219,0.5635298,-0.65944904,0.10557944,0.08881024,-0.012046038,0.23331904,0.01577773,-0.08232588,0.14742163,0.10892252,0.096410364,0.12879615,-0.033153407,0.04093893,0.010904273,-0.114006855
-0.6434547,0.0686647,-0.2057112,0.90020037,-0.13704148,0.7779509,-0.079755545,-0.2579926,-0.037400417,0.38845614,0.07485383,0.47031823,-0.42287698,-0.26876974,-0.17996833,0.10521421,-0.23234306,-0.016439082,-0.22773121,0.08265444,0.038727153,-0.32997173
-0.6325325,0.53415585,-0.08713613,-0.1507053,0.4662593,0.16137035,-0.24645208,0.03228461,-0.005720339,0.16445947,0.009372446,0.15475807,0.028431151,-0.067934334,0.051200572,0.18741462,0.085901074,0.11663368,0.07174176,0.12449148,-0.01820294,0.06749981
-0.91998136,-0.97026277,0.9392925,1.1239861,0.02917849,-0.33950987,0.10461699,-0.3389523,-0.2872927,0.44500667,-0.28901792,0.49535927,0.31251612,0.44945353,-0.39405316,-0.02792246,0.14772704,-0.41694093,0.24923466,0.07595489,-0.24125291,-0.07999348
-0.6327287,0.38401145,-0.032985717,0.06223371,0.3470004,0.28476447,0.65729964,0.36855558,-0.13932177,-0.19377919,0.088194765,-0.35567567,-0.103621595,-0.021537587,-0.27444756,-0.2278718,0.09225266,0.06345923,-0.0024993694,-0.27837366,-0.052554395,0.15024371
0.8063177,-0.12055348,-0.09721614,-0.5698777,-0.31132904,0.106376566,0.01668425,-0.35860905,-0.044382926,-0.033548977,-0.006304204,-0.19968775,-0.13208762,0.20069447,0.32589594,0.21107897,-0.10623135,0.31893134,-0.1367385,0.11844507,0.03865803,-0.09451713
-0.71414423,0.5966885,-0.17741613,0.067220084,-0.2963884,-0.20897633,0.40336195,-0.11289675,0.016445538,0.07604161,0.055031195,-0.018002382,0.004684814,-0.10044197,-0.26098174,-0.1570027,-0.024985842,0.15806529,0.0125731835,0.1006858,0.008819688,-0.027740082
-0.65260106,0.5213553,-0.10662877,0.07954923,-0.116460234,-0.06399844,0.2551478,-0.24476151,0.03533887,0.17859264,0.038515866,-0.21847501,-0.0911456,0.010825391,0.53474337,0.19344436,0.05424034,0.17354755,-0.049021237,0.1318276,0.057924233,-0.30167317
-0.75853974,0.45925006,-0.048844248,0.08114042,-0.052796975,-0.035974987,0.42111143,-0.50046104,0.08006442,0.008774778,0.008640239,0.02325985,-0.031347442,-0.058577485,-0.33904037,-0.16378523,-0.04942153,-0.3564352,0.0053269397,-0.27400818,-0.039538197,-0.04237805
0.91518044,-1.266916,-0.12691471,0.08497119,0.39288825,-0.33439767,1.2185364,0.12129613,0.06539807,0.48414683,-0.792033,-0.3081536,-0.24591407,0.089645766,0.23393454,0.28539908,-0.2614339,-0.06339609,-0.110633604,-0.36207926,-0.45373315,0.21440227
0.9719475,-0.0082549425,-0.12455811,-0.6660893,-0.31631875,0.020088766,-0.12335475,0.21021467,-0.06473225,0.39744008,0.14303114,-0.34536418,-0.11315911,0.10097653,-0.13547547,0.0148533825,0.10401373,0.100130774,-0.002673703,0.10499444,-0.009865275,0.09645397
-0.64439535,-0.70152897,-0.5534509,-0.2816484,0.072584085,-0.37824154,0.20690186,-0.29350397,-0.1189737,0.07053107,0.28200078,0.14867331,0.12299453,-0.19442087,0.38169855,-0.26783466,-0.08739124,0.31569335,0.1863431,0.043929193,0.12087413,-0.12431262
0.8984861,0.39403424,0.34427628,-0.07916329,0.63477546,0.2718111,-0.2041062,-0.36124024,0.08140838,0.27758756,0.030491265,-0.0526102,0.0022531874,-0.0040460643,-0.21048634,0.059019156,0.104798205,-0.011437971,0.06106947,0.101938896,-0.036722682,0.047084875
0.82420677,-0.14900233,-0.06063464,-0.6041632,-0.15191507,0.19548407,-0.14845245,-0.46239436,-0.046606947,-0.1945873,-0.038312115,-0.27574962,-0.06637624,0.18115294,-0.2548891,-0.021165105,0.29445672,-0.040313292,-0.28969336,0.12176262,0.02678513,-0.096215315
-0.821735,-1.4534626,0.81102437,0.020497885,0.17551044,0.104811594,-0.0070140637,0.06609679,-0.36723998,-0.540063,0.24690306,-0.37336633,-0.86613464,-0.32292694,-0.3628317,0.17721006,0.29819894,-0.08976351,0.16089155,-0.22016752,0.04981045,0.24836645
-0.8915962,-1.2635785,0.5495162,-0.3322601,-0.1537102,-0.62722576,-0.513637,0.45198113,0.9542494,-0.32504874,-0.17973426,-0.20739403,0.25804213,-0.3128052,-0.03777559,-0.13361704,-0.17232117,0.022464342,-0.1240724,-0.22372113,-0.124912255,0.16953838
-0.6519641,-0.29581794,-0.38009414,-0.3010152,-0.31231812,0.4057408,-0.045115784,-0.4744638,0.016520659,-0.1272437,0.025280347,0.124175236,-0.8847153,-0.26808095,-0.34857762,-0.06736997,0.3160684,-0.17768489,-0.042641528,-0.22051439,0.0023765566,0.07560757
0.827218,-0.28889668,-0.29018164,-0.10991879,-0.39436218,0.5976164,-0.3124783,0.22567053,-0.21115574,0.26910865,0.046585243,0.34395474,0.39663598,0.17475694,-0.069640204,-0.013588763,-0.063950695,-0.051877916,-0.2052662,-0.16719915,-0.034641225,-0.13420516
-0.8388169,-0.5305599,0.9045408,-0.76580757,-0.16237079,0.19273493,-0.6103166,0.05217332,-0.1133356,-0.051972207,-0.020912403,-0.06871167,-0.03447676,0.10517734,0.15641762,-0.033489123,-0.009673799,0.022796758,0.12571643,0.12450091,0.008578305,0.07500247
0.7646983,-0.32526886,-0.050790213,-0.65124744,0.49185398,0.65343624,0.34032583,0.4546614,-0.25660342,-0.43228444,0.011851964,0.3419575,0.04888241,0.012993551,0.21899723,-0.0844856,0.052877817,-0.01674503,-0.046674408,0.11413493,-0.022434788,0.09775427
0.79808736,0.36517435,-0.052758798,0.518195,-0.15974115,0.38565078,-0.49004436,0.12869324,-0.163528,0.00061429327,-0.024610005,-0.061732065,0.39450762,0.1339451,0.054584894,-0.20628943,0.20357467,-0.070250034,-0.08372495,-0.34997916,-0.04610705,-0.118520536
-0.9497141,0.28547996,0.9891745,-0.0982926,-0.42325577,-0.33500758,-0.35381648,0.409281,-0.17115828,-0.11653656,-0.03147997,-0.063010074,0.029163234,-0.037438016,-0.12657896,0.24942555,0.14606413,0.20615068,-0.17604023,0.14628114,-0.01578301,0.16421708
0.81908476,0.66284865,0.075490415,-0.022631872,-0.2104999,-0.28703046,0.09244832,0.32456473,-0.05227289,0.31433877,0.12049615,-0.14906935,-0.024389029,-0.06211027,-0.16890565,0.02985579,-0.051895298,-0.101822846,-0.26455668,0.070802614,0.008334074,-0.24465147
-0.73533267,0.46793377,-0.059807554,-0.11000808,0.48672134,0.20187274,-0.075402945,-0.18739139,0.02028298,0.044744205,-0.029341096,0.38681373,0.044521898,-0.07711054,0.19317304,0.1499855,-0.14348736,0.07989269,-0.02618327,-0.0020910378,0.0148732215,-0.23013458
0.7687095,0.59801644,0.09957861,-0.11717494,0.2056909,-0.057972018,-0.13627033,0.25185746,-0.05139715,0.11568854,0.03027067,0.28081533,0.0844242,-0.12845236,-0.072840355,0.022858664,0.08912129,-0.018415429,-0.050793156,-0.09241616,-0.0387159,0.02184367
0.8905716,-0.123384416,-0.07523776,-0.53455704,-0.4046422,0.05646053,0.22285874,-0.2161941,-0.012097164,0.2433973,0.09316293,-0.19992657,-0.065007746,0.07907549,-0.12729444,-0.1991802,0.03703726,-0.040257394,-0.2601537,0.13637681,-0.001525758,0.14543848
-0.561284,0.5699964,-0.09554391,-0.05772003,0.13390738,-0.011814061,-0.17258872,-0.053152867,0.020961082,0.20413895,0.062085684,-0.46697998,-0.09821953,0.042189866,0.055421803,-0.0570137,0.015161833,0.08974837,-0.010177636,0.16593364,-0.0072450927,0.09123999
0.8196283,0.51489127,0.2054157,-0.15060225,0.48196924,0.079076834,-0.2694047,0.07007078,0.0010380113,0.23091279,0.047729507,0.11741768,0.039605573,-0.048492003,-0.16124196,-0.1488469,-0.4192058,-0.1011014,-0.19459596,0.13885176,-0.069442056,0.31199443
-0.606959,0.18942249,-0.17896074,0.7966023,-0.46288413,0.46719897,0.32520953,-0.56114036,-0.030290637,0.22016846,0.003227345,-0.14709058,0.38572472,0.09336944,-0.21206696,-0.07322168,0.5959303,-0.34175044,-0.014401211,0.07864989,-0.059849348,0.23848327
-0.56461066,0.22088775,0.12239546,-0.017407134,1.039673,0.6644239,0.310396,0.1771826,-0.058259286,-0.07247625,-0.26943824,-0.21234193,-0.12978269,0.11977422,0.03181647,0.24117233,0.16348115,-0.06410212,0.6090614,-0.06327484,0.89197713,0.21258013
-0.719117,0.5738602,-0.13821706,-0.1643393,0.37207732,0.078791045,-0.27194175,0.056067824,-0.041796803,-0.037396047,-0.027827868,0.1853318,0.028938778,-0.054901488,-0.07684802,0.12955566,0.01783553,-0.015553652,-0.11672951,-0.0519383,-0.01290352,-0.09438125
-0.45647007,-0.45918578,-0.2654989,-0.27129027,-0.077003315,-0.0033306512,0.3958144,-0.11534338,0.88030845,0.6228323,-0.075722925,0.0034660837,-0.44052806,0.96960336,0.2553185,-0.27544168,0.29773572,-0.013869339,-0.13883287,-0.13121675,-0.24664113,0.0848158
-0.6451154,-0.3390861,-0.54560065,1.0790609,0.14739679,0.093290016,-0.6404448,-0.012436173,-0.26001835,-0.06693304,0.23334737,0.18256128,-0.270286,-0.42531645,-0.13450204,-0.13966522,-0.031911016,0.24406745,0.13316128,0.03479023,0.078756124,0.027245335
0.7121812,0.56795293,-0.09156282,0.2917113,-0.5105141,-0.21675128,-0.060468365,0.2765215,-0.07373775,-0.13678928,0.06800678,0.1311557,-0.7988914,-0.42879978,-0.07402906,-0.11764199,-0.04205068,-0.02889874,-0.06756561,-0.029268216,0.0042267507,0.083818085
-0.67337424,0.30426094,0.046106335,0.03456373,0.57044244,0.4087001,0.12983805,-0.7547962,0.11071521,-0.10338356,-0.09790222,0.36700165,0.14153485,-0.13291654,0.13571297,-0.09702917,0.66512936,0.17636192,-0.00065755134,0.03207317,0.006204666,0.06102158
0.8450919,-1.5971444,-0.42778748,0.7425313,0.5331347,0.5079802,-0.05145156,0.26606634,-0.15969469,-0.14582531,-0.9532337,-0.007351686,-0.5894042,0.0028182005,0.4673676,0.21713747,-0.54024136,0.10214735,-0.05915503,0.15916903,-0.3847518,0.14032774
-0.6577595,0.5627857,-0.0956923,-0.15470783,0.36982593,0.07924969,-0.45489836,-0.07174651,-0.030314252,-0.041088037,-0.03790329,-0.3125423,-0.11294076,0.092765994,0.095878,0.19412853,0.038162194,-0.19362685,-0.2220134,-0.21433112,-0.029632535,-0.024068529
0.6658397,0.49285614,-0.24296035,0.59350026,-0.68899286,0.08102286,-0.15410435,0.379655,-0.2555133,-0.17824015,-0.036183517,0.22124776,0.4821437,0.045248996,0.03167309,-0.06458322,0.16698955,-0.0042159376,-0.06865122,-0.0070234165,-0.040478233,0.009111149
0.62638223,0.71976,-0.08160788,-0.020575354,-0.4161022,-0.40690058,0.07329684,0.28671825,-0.10870094,-0.31192538,-0.014583468,0.13091113,0.0574227,-0.12510341,0.041686293,-0.086510696,-0.011519891,-0.1255887,0.5592276,0.05716722,0.0011393833,-0.05575481
-0.74792886,0.49937972,-0.09796608,0.16869389,-0.3493941,-0.15844905,0.66385883,-0.49315882,0.07379557,0.0954351,0.028635794,-0.021337256,-0.06979426,-0.043681234,-0.032017943,0.16021937,-0.11953392,0.10269347,0.26808506,0.088048175,0.0005927804,-0.026487011
0.90423435,-0.3450987,0.0315814,-0.6091416,0.44278595,0.64025104,0.40217412,0.3851024,-0.1738172,-0.13272958,0.116476715,-0.09570014,-0.051088,0.057546668,0.0992344,-0.35679114,-0.044829424,0.060407225,0.16390151,0.074197024,-0.017989052,0.07672281
-0.5609272,0.016354892,-0.4508113,-0.6754296,-0.35544848,0.05403832,-0.08913311,0.15901484,-0.09718302,0.1767838,0.07162915,-0.20008773,-0.081039056,0.08130244,-0.114372924,0.109101065,0.26197883,0.17714417,-0.18528298,0.14026773,0.013133979,0.09551084
0.87851834,0.47146344,0.26866862,0.050493006,0.06489535,-0.023790102,0.065429084,-0.39288455,0.08652798,0.23825885,0.06714086,-0.49171525,-0.1451511,0.074106835,0.062022112,0.07049313,-0.07535394,-0.004371974,0.4641467,0.09572986,0.006670771,-0.15576698
0.953127,0.28170082,0.3086198,0.020149697,0.7915934,0.517524,0.56142694,0.6264265,-0.12566645,0.19232479,0.16062097,0.11678439,0.09499247,-0.18816537,0.17775019,-0.26193333,0.40871435,0.120600894,-0.070137985,0.11763375,-0.0115432795,-0.02099993
-0.6939448,0.59686524,-0.17214574,-0.10793639,0.18547907,3.07841e-05,-0.40282938,-0.119355604,-0.053659555,-0.29849985,-0.07190084,-0.33136553,-0.040340833,0.06578612,0.026611175,0.035432447,0.22271502,0.01884756,-0.10704247,0.1524465,0.0164118,-0.07207952
0.72447634,-0.026858874,-0.19829172,-0.54783976,-0.65604013,-0.12743916,0.34548548,-0.07886067,-0.070913725,-0.021996224,0.056243382,0.09820051,-0.031055527,0.031751644,-0.29546544,-0.093157046,-0.1657663,0.0137968,0.00572888,0.05176362,0.00821285,-0.07684848
0.7682805,-0.98172706,-0.47145337,0.42844215,-0.38851902,-0.031340405,-0.08951256,-0.4776808,-0.25501385,-0.14371821,0.20275882,-0.12853849,0.45967424,0.12885174,1.0031242,-0.46218395,-0.35952172,-0.026070883,-0.17450313,0.065598525,0.008657849,0.33465552
0.64321285,0.5166775,0.021847392,0.039543908,0.074974015,0.033949506,0.44193855,0.62631685,-0.31319654,-0.7498583,-0.039071776,-0.17623755,-0.021842258,0.016905462,-0.022564314,0.11987073,0.13803326,0.066130884,-0.13231158,0.055652153,-0.02300438,0.058828924
-0.917389,-1.0349642,0.66142786,-0.38619912,-0.22108746,-0.582701,-0.19501558,0.08410923,-0.26245403,-0.030385647,0.24186766,0.18961369,0.15470631,-0.19154032,-0.27820826,0.05393552,-0.03379816,-0.029160112,0.20481722,0.03856038,0.050647464,0.13450684
0.8509897,0.25815028,0.034969553,0.7224016,-0.42138246,0.35439932,0.06994199,-0.20195983,-0.07462901,0.30688483,0.053227946,-0.18022314,0.36367136,0.1409076,0.20723799,-0.1828128,0.08820205,-0.08221023,-0.27903873,0.038606618,-0.027445551,-0.09093626
-0.6951956,0.38326696,-0.32957047,0.6027833,-0.46133503,0.30752027,-0.120910846,-0.095985815,-0.13507594,0.019256769,-0.023780191,-0.13648148,0.30796316,0.16725078,-0.15652533,0.14883658,-0.06142392,0.09546698,0.480304,0.04718232,-0.04458399,0.1376172
-0.7193996,0.6581753,-0.22571725,-0.05048864,-0.14286168,-0.19559124,0.1228784,0.2438047,-0.04828669,0.13025309,0.04712848,0.11808104,-0.003975193,-0.10547939,0.008679223,0.06110463,0.053070325,-0.0021554795,-0.14764258,-0.27794325,-0.03728912,0.027427513
0.69031,0.037143804,-0.30775723,-0.57944924,-0.69418657,-0.1647934,0.19569182,0.14652957,-0.14691634,-0.20526339,0.006784205,0.2401308,0.04368418,-0.0022864437,0.056512017,-0.026938597,0.16751844,0.14373599,-0.20814106,0.054795306,0.0185915,-0.06373155
-0.71138775,0.55542034,-0.13769245,-0.07308527,0.19546495,0.035761874,0.04545276,0.008237116,-0.010910821,0.09289238,0.0051876283,0.30903184,0.05273123,-0.116541326,0.0653731,0.12593085,0.10689621,0.18963505,-0.05891455,-0.06655541,0.008523762,-0.14882329
-0.7337158,0.008120071,-0.32407197,0.20160498,0.5146813,-0.5749946,-0.05336145,0.038343616,-0.17053661,0.085288994,0.2385128,0.23069851,0.14838004,-0.26413587,0.14702223,0.25452432,-0.119326174,-0.13231938,-0.23147936,-0.082724534,0.060563806,-0.17098428
0.68305355,0.030260736,-0.2820165,-0.69422805,-0.40276697,-0.062480062,-0.12950343,0.17787549,-0.14668033,-0.2939354,-0.029571662,0.24599011,0.02130057,0.02590778,-0.023252817,-0.14442556,0.021208677,0.001716377,-0.101422936,-0.29815543,-0.05368935,0.22594899
0.81171787,-0.39236486,-0.038150948,1.1125709,-0.15898193,-0.18490472,0.3030636,-0.70681053,-0.1677547,0.30353388,0.23618448,-0.25129032,0.39580974,0.051290706,-0.065560825,0.38691473,-0.0702286,-0.28369847,-0.112904206,0.015724855,-0.023384018,0.2311532
-0.572589,0.019948673,-0.48676527,-0.6332091,-0.52037895,-0.0522995,0.12347714,0.29992947,-0.048106648,0.26348025,0.16332044,-0.13245067,-0.030072674,-0.037580732,0.026417991,-0.50505996,0.033402853,-0.11348925,0.12813865,0.107915506,0.002917979,0.026584797
-0.9253067,-0.74618953,0.9890165,-0.6191237,0.063809715,0.53057694,0.28493318,0.3828009,-0.29582718,-0.41141465,-0.016145611,0.106428735,-0.05287268,0.08869009,-0.03262816,0.29710683,0.045838036,0.0014838049,0.062216923,0.10228039,0.008870262,-0.044826463
-0.66236395,-0.014393684,-0.4489232,-0.6416559,-0.42137352,0.02053144,0.053962886,-0.028039977,-0.06263544,-0.006236082,0.055487227,-0.11327576,-0.07508156,0.072025545,-0.149998,-0.19623016,-0.13683541,0.15311028,-0.032940205,0.11738048,0.059449024,-0.23422544
0.9206075,-0.1933882,0.03569869,-0.64736176,0.044007406,0.2699159,0.13075471,-0.11378234,0.016779982,0.5926198,0.13897446,0.16085605,-0.055664137,0.039179303,-0.1662314,0.08765002,-0.29845393,-0.19184802,-0.14968441,0.108596586,-0.039354794,0.15017407
0.6136458,0.7346007,-0.096816055,-0.03630036,-0.40755212,-0.4099416,0.0068700383,0.37046537,-0.15176214,-0.29008466,-0.032380473,0.14725369,0.0310692,-0.08552734,0.22079596,0.289269,0.10221026,-0.3084802,0.33630034,0.04692055,-0.016471418,-0.06847689
0.7426456,0.027135244,-0.2547845,-0.5970017,-0.6412167,-0.15009719,0.17575368,0.14938058,-0.12131032,-0.019423086,0.049093828,0.09504683,-0.027295869,0.035699856,-0.020932421,0.015044091,-0.08857288,0.09090129,-0.06406355,0.07712689,0.018165668,-0.04347365
0.99987006,-0.3369641,-0.027876107,-0.39902833,0.14982583,0.6018692,-0.2877653,-0.10776832,0.034591053,0.4428041,0.12991118,0.36006024,-0.8215572,-0.33565143,0.18224835,0.086204015,0.23083758,0.41198438,0.07591116,0.040409107,0.044519283,0.011092598
0.88139755,-0.22432122,-0.3881528,-0.030008938,-0.73713595,0.42807466,-0.31028274,0.28591058,-0.21607828,0.0893789,0.06618907,-0.06948962,0.41504142,0.15912768,0.07339175,-0.5095961,0.33003005,-0.052192155,-0.02371644,0.018614478,-0.013423095,-0.043853767
-0.6998194,0.5313031,-0.119310014,-0.13068879,0.40779525,0.1393183,-0.36857137,-0.17223656,-0.020963717,-0.20310445,-0.074807435,-0.028194202,0.0031430724,0.012503711,0.15596195,0.108880185,0.16083989,0.07095375,0.0685792,0.08435477,-0.010480585,0.0376436
-0.74029946,0.53814137,-0.12901546,0.060236506,-0.15752487,-0.12058521,0.2711069,-0.31438679,0.018490594,-0.021047417,9.395268e-05,-0.13186373,-0.06705306,0.008253381,0.010652524,0.09445393,-0.1598033,-0.04717456,-0.024205662,0.12893191,-0.0009778367,-0.0104270885
0.70269346,-0.59533936,-0.4333935,-0.39281753,0.08502944,-0.534313,-0.46281502,-0.13675298,-0.2674048,-0.6033735,0.1446353,-0.15984257,0.14894399,-0.044124793,0.20108102,-0.3948639,-0.018774975,-0.17586634,-0.28973433,0.106793895,0.016561858,0.34473702
-0.73171234,-0.13321245,-0.21170092,0.3360415,0.5005702,-0.46521,0.14976405,-0.6227205,-0.06551426,-0.10029316,0.17987569,0.0123944385,0.10335785,-0.19881271,0.04553109,0.21347228,0.02444158,-0.1430845,0.3353842,0.031861704,0.021415507,0.1675138
-0.43607324,0.13916487,0.24048707,0.08286161,0.916742,0.70642734,0.88475084,0.1852327,-0.00022307519,0.52927023,0.2235428,-0.038974978,-0.011713238,-0.16276449,-0.27791896,-0.095093325,0.23884177,-0.36717182,0.27645335,0.30203018,-0.0055217054,-0.1197356
-0.66658515,-0.8781611,-0.7479684,0.42112944,-0.5939176,-0.16713957,0.21786368,-0.19339553,-0.24782416,0.28038773,-0.026560498,-0.038482513,0.34761143,0.17680106,0.18667012,0.18302572,-0.40502405,-0.083234325,0.14180313,-0.020643398,0.98604715,0.1525437
0.919631,0.30839112,0.06733643,0.4924917,0.042222466,0.50468004,-0.49297485,0.11087381,-0.10853348,0.40382245,0.05721695,-0.17105418,0.32449764,0.15915899,-0.012863827,0.025900235,-0.08049579,-0.12054165,0.3685379,-0.007231448,-0.029812217,-0.10547366
0.9360365,0.58125347,0.12919366,0.0023086984,-0.026431825,-0.14138637,-0.023266008,0.20087695,0.02261578,0.35049266,0.14698939,-0.3453905,0.021262206,-0.088913634,0.14428248,-0.4801022,0.26905164,-0.07089455,-0.14002942,0.104627356,-0.031560637,0.08127992
0.6748145,0.09790528,-0.35563415,-0.651154,-0.71700406,-0.23106152,0.009018744,0.3425099,-0.17317335,-0.27681205,0.009889618,0.15545781,-0.009937125,-0.0017453216,0.14842492,0.06303488,0.06854961,-0.21711339,0.6232779,0.036577914,0.0024978104,-0.054391533
0.78496575,0.56714654,0.12905416,-0.15980728,0.42193985,0.06658513,-0.33310553,0.15453416,-0.059144203,0.020171084,-0.0157517,0.27369234,0.107796155,-0.09173375,-0.12077851,0.11597194,0.19499676,0.1042234,-0.13791984,0.08484367,-0.03805225,0.109065704
-0.58570683,-0.08359969,-0.36288705,-0.6700205,-0.1340266,0.20910406,0.04611081,-0.004051631,-0.041934595,0.29384464,0.07675568,0.11480789,-0.046091553,0.034505557,-0.0065811654,0.11481049,0.06966639,0.21592012,-0.18543799,0.064492784,0.033759546,-0.12159251
0.6744632,-1.2048862,0.76014316,0.2111911,-0.5782309,-0.21434884,-0.61452514,0.40213937,-0.41847822,0.26019597,0.26891273,-0.0459332,0.47277606,0.034216747,0.044610184,0.11886908,0.1744891,0.1982896,0.013467521,-0.36111835,0.023773747,0.057097636
0.6177935,-0.052435353,-0.22268283,0.519029,0.0013685959,-1.1700624,0.34850213,-0.008554418,-0.27379107,-0.12655215,-0.30678755,0.3115271,-0.080552146,0.3231559,-0.034754746,-0.09577288,0.20320122,-0.02654141,0.15449637,0.07233894,-0.21134812,-0.04880799
0.6468543,0.64562273,-0.023226177,0.06660563,-0.40705344,-0.33652264,0.3059138,0.017564606,-0.059111997,-0.27256772,-0.014563596,0.20942643,0.12908067,-0.15162362,-0.26525185,-0.2605389,0.21653874,0.12330313,-0.018116705,0.051715128,-0.038252227,0.19151907
0.76372224,0.014162799,-0.25894144,-0.5684268,-0.66412765,-0.13063303,0.21335725,0.109442405,-0.104854815,-0.04019259,0.04562428,0.102340356,-0.005506651,0.006425311,0.12960246,-0.026472514,0.13911255,0.19574712,0.16923545,0.0697041,0.020120783,0.0010725259
0.36607084,-0.0461656,1.4961536,0.25706264,-0.6241385,-0.25420573,0.55040866,-0.7568093,0.03028286,-0.20870987,-0.07372822,0.07134888,-0.013925421,-0.0048439824,0.0881984,0.1672054,-0.17864099,-0.13534142,0.09106418,0.07132209,0.04129381,-0.38775772
-0.6552467,0.013031878,-0.48926347,-0.597015,-0.58901453,-0.046202835,0.22236693,0.104505934,-0.08675109,0.11666838,0.07308983,0.007043293,-0.0661664,0.029841067,0.08996319,0.11007533,0.118208475,0.15234546,0.017201038,0.09590874,0.047205485,-0.17389576
0.9530179,-0.060717978,-0.1222829,-0.5625173,-0.48562002,-0.04048937,0.22222792,0.18268895,-0.012737916,0.5427413,0.20868158,-0.23662986,-0.0796702,0.028844988,0.22212085,-0.33675253,-0.109522395,-0.13899896,-0.14773801,0.10552689,-0.020823738,0.098313205
0.8880396,0.34239873,0.3726489,0.041205045,0.42788365,0.23684742,0.012035492,-0.67538786,0.12516306,0.21456623,0.0026724567,-0.2537543,-0.08840001,0.056876503,0.116892464,0.2410098,0.19731964,-0.05812729,0.4413254,0.051870123,-0.040680896,0.10920037
-0.7290892,0.54765534,-0.12917873,-0.15336728,0.36239967,0.059976496,-0.23117314,0.017731417,-0.005412519,-0.05102534,-0.004769755,0.1432647,0.031783327,-0.0776902,-0.0372451,-0.28546786,-0.32924467,-0.22923729,0.06717788,-0.012238899,-0.023975454,0.044008724
-0.54939145,0.38019207,-0.053636286,0.0036546476,0.457309,0.15154555,-0.16568051,0.14960054,0.9230244,0.15709749,0.35698456,0.061192762,0.014308879,0.19531512,0.08408465,-0.24429446,0.19601077,0.09950117,-0.10629353,-0.0082511045,0.008939798,0.010915403
0.50219995,-1.935489,0.8947709,0.6269844,-0.22181833,0.29185507,0.8024666,0.45588508,0.7620135,-0.3406143,-0.13048685,0.49492416,0.79488957,-0.34814647,-0.1807139,-0.00076810416,0.120759174,-0.5698521,0.043338254,-0.017924527,-0.14400291,-0.13529262
0.8378508,0.3656767,-0.10614258,0.6023724,-0.4112485,0.16851231,-0.32741368,0.68271184,0.6592181,0.24566318,0.34898487,0.050759517,0.27331665,0.41776514,-0.08041856,0.4398998,-0.0046132933,-0.116155975,0.3467998,-0.36583087,-0.05861359,0.026493194
-0.5860543,0.4179623,-0.3697777,0.6218213,-0.53565305,0.27344385,-0.0477809,0.29511195,-0.16183902,0.3445378,0.0686044,-0.079153225,0.394784,0.051073436,0.16330001,-0.03141308,0.38320115,0.050028365,-0.1456051,0.06564782,0.00644397,-0.11329235
0.7526891,-0.077370815,-0.13827157,-0.6647508,-0.18286216,0.124406375,-0.28179103,-0.32629812,-0.09705818,-0.38590667,-0.076135986,-0.18702786,-0.054713305,0.18710251,-0.31964788,0.0045803925,0.13039719,0.08916532,-0.2199256,0.105755635,0.021059468,-0.069459744
0.32344666,0.059561282,1.3562717,0.06007998,-0.36744636,-0.25208315,0.101737,-0.13432017,-0.08486689,-0.30341542,-0.08960014,0.46841377,0.135345,-0.10472827,0.26049784,-0.070707686,-0.31393877,-0.30527171,-0.28053826,0.061802898,-0.024697809,0.025647046
0.793089,0.47001785,-0.13528681,0.57987463,-0.5847193,0.14171818,-0.16084298,0.3462551,-0.20689133,0.19727753,0.03691765,-0.027899858,0.36917466,0.11127261,-0.1582103,0.15311353,-0.005846183,0.12675762,0.11599762,0.014824504,-0.040462047,0.051348742
0.7222528,-0.57454133,-0.44017056,-0.42640233,0.14163353,-0.4835575,-0.17642589,0.20335773,-0.26902977,-0.2623828,0.21286286,0.5552218,0.3034544,-0.30651575,0.0106898425,-0.19071949,0.3278186,0.05590802,0.23609969,0.018094776,0.0745518,-0.022447204
-0.65248984,-0.12282748,-0.3592342,-0.79554707,0.27127773,0.38698822,-0.24079163,0.022014264,-0.054353558,0.07489488,0.01589378,0.4885639,0.07548132,-0.031440213,-0.10765295,-0.069188334,-0.05540957,0.07132829,-0.013525717,0.16296677,-0.0030377812,0.049812533
0.7397381,-0.65784407,-0.2395087,0.4384707,-0.6905428,0.8579643,0.12833749,-0.50229776,-0.08965258,0.056466147,0.014195031,0.6319498,-0.4075971,-0.20766568,0.4531002,-0.12652229,0.0026857248,-0.7571256,-0.029455537,-0.067340516,0.032100335,-0.21592799
0.83239996,0.5405987,0.036640897,0.09968369,-0.23011237,-0.31650978,0.07562095,0.5431412,0.8219447,0.1195671,0.413418,-0.07084653,-0.008807579,0.18994887,0.120473295,-0.10782662,0.15781412,-0.2695134,-0.10696665,0.07391549,0.008527684,-0.16463917
-0.6422676,-0.13734056,-0.36910483,-0.7459984,0.17879747,0.35651097,-0.36575902,-0.13995862,-0.021320604,-0.14275049,-0.016536595,0.08158429,-0.0034472395,0.046038248,0.30245197,-0.4405855,0.28885826,-0.10049832,-0.109035835,-0.4701818,-0.054524288,0.12037126
0.7676833,-0.6098914,-0.5441677,-0.036729407,-0.5166042,-0.6287736,-0.1538725,0.2764875,-0.259491,-0.14736345,0.33241996,0.08176458,-0.7341207,-0.5078459,0.02719552,-0.05169733,0.033994082,-0.10928064,0.20879778,-0.08993316,0.09977662,-0.08707443
-0.66021883,-0.74929935,-0.49070656,-0.36970255,0.4167531,-0.23136435,-0.18575855,-0.5021996,-0.12223503,-0.13493766,0.21222961,-0.057731166,0.07928361,-0.049583614,0.19732015,-0.33364317,-0.38007027,0.22965422,-0.26981995,0.09211634,0.08466747,0.049613584
-0.70637023,0.59021235,-0.17688891,0.011665726,-0.12847832,-0.13541017,0.1252961,-0.098418325,-0.028632466,-0.03574324,-0.00041197895,-0.10826145,0.0005210555,-0.037016217,-0.20001878,0.008801909,0.14025827,-0.1056059,-0.2895548,0.1463577,-0.029867815,0.2105312
0.6312484,0.27337548,0.14261924,0.003438117,0.7582565,0.36290872,0.2446162,0.67469865,0.61218077,-0.8436332,0.22111663,0.46887147,0.07731371,0.21676396,-0.26280633,0.032194916,-0.18772379,0.16200574,0.13582467,0.10754061,-0.014800011,0.096235424
0.71800905,-1.3109024,-0.49509323,0.90242237,-0.41181612,0.33888444,0.4764573,0.11837169,0.3697464,-0.8270667,0.4924951,0.07875337,-0.44707578,0.100640774,-0.295465,0.30517983,0.078369714,0.1918662,-0.014560687,0.016412469,0.09370771,0.090478644
-0.6746214,0.7064326,-0.30712092,-0.031941026,-0.2817635,-0.26407158,0.05064804,0.39663947,-0.0674914,0.021943642,0.06579109,-0.027197512,0.058941167,-0.15991546,0.18573472,-0.15088548,0.44748655,-0.0559137,0.22065642,0.080820516,-0.018795757,0.050529934
0.9060264,0.6156042,0.14936687,-0.037982516,-0.020127002,-0.15708387,-0.07778853,0.16285016,-0.01965882,0.37260774,0.10565259,-0.36890092,-0.083904915,0.016316786,-0.09766224,0.17673369,0.058820847,0.059364546,-0.062519565,0.10681826,-0.018244479,0.02689824
0.899265,0.27469897,0.34805632,-0.121749386,1.1370022,0.6277915,0.19059373,0.6790029,-0.20432308,0.18939707,0.08859405,0.17808522,0.011858941,-0.036086433,0.11668554,0.4277995,-0.06456362,-0.27166227,-0.5386406,0.22407927,-0.087503366,0.31868964
0.9167721,0.23744006,0.11294964,0.72256815,-0.37029734,0.39683884,0.1174231,-0.27429566,-0.050510097,0.46907863,0.08808502,-0.2823162,0.34731135,0.1359172,-0.39169073,-0.10623303,0.28379536,-0.26161757,-0.25129578,0.026340486,-0.027410809,-0.16261922
-0.6274311,-0.7351781,-0.7855035,-0.26348656,-0.24108663,-0.69878125,0.0049927146,0.5584703,0.9621663,-0.05247166,-0.09015553,-0.17954004,0.22638498,-0.3434001,-0.25858766,0.32833543,0.064421244,0.20272473,-0.24806206,0.07200988,-0.078626074,-0.07714632
-0.7177687,0.41241413,-0.30729297,0.24445938,-0.15472479,-0.54489225,0.21470842,0.4729721,0.74566716,0.06780505,-0.16400997,0.20968932,-0.28290713,0.802645,0.17102745,-0.3674332,-0.035291053,-0.2211972,-0.100488506,0.22503778,-0.2712056,0.20279434
-0.62600166,0.47934875,-0.0547928,-0.1512212,0.61209804,0.26088536,-0.370767,-0.121346734,0.017113734,0.043194294,-0.018959433,0.06833654,0.041757885,-0.039899934,0.20245588,0.023593545,0.20840843,0.046277843,-0.011126993,0.13009313,-0.017809696,0.021848954
-0.6203441,-0.08696904,-0.22035865,0.2840462,0.5851972,-0.4458342,0.0011891515,-0.39115247,-0.06454678,0.07656529,0.24019714,-0.08405544,0.13508034,-0.23528908,-0.030788388,-0.0246043,0.17985576,0.23687682,0.20907307,0.042988215,0.04415988,0.14380133
0.6818315,0.12380806,-0.3509041,-0.6745349,-0.6744687,-0.21956359,-0.026236176,0.35739398,-0.21082272,-0.22544232,-0.011859614,0.19852337,-0.0112580145,0.045638233,-0.15513802,0.35503128,0.08841825,0.10514356,0.026335143,0.04877074,-0.015237566,0.10294259
0.74601495,0.46130133,0.22119996,-0.056594044,0.3741385,0.10643018,-0.030686779,-0.26152927,0.038717825,0.04287568,-0.008830923,0.24776678,0.03792383,-0.05132214,0.08215954,0.005698146,-0.26876152,0.26268473,0.19767177,0.082422264,0.017796876,-0.18183729
-0.65493274,-0.045062516,-0.42772073,-0.737102,-0.10910325,0.1524837,-0.42942584,-0.14582235,-0.08392876,-0.25355896,-0.035468873,-0.35786372,-0.1264588,0.20541133,0.0019183425,-0.16330194,-0.27601597,-0.08233524,0.018149788,0.2074974,-0.031134715,0.4187207
-0.90458065,-0.3427752,0.693963,-0.67149043,-0.9021854,-0.2467279,-0.17789903,0.54972047,-0.20638368,0.014219204,0.05064332,0.036634803,-0.0018177552,-0.01732463,0.11840124,0.014807509,0.088829674,-0.1567508,0.13473025,0.14462464,0.010448484,0.09449544
-0.89814603,0.15819468,1.087559,0.10018125,-0.56361705,-0.34132555,0.19323328,0.14415975,-0.0046224087,0.27589598,-0.24884118,-0.060866076,-0.051421504,0.030204415,0.32768473,0.18066716,-0.09168326,0.39535928,0.25144193,0.07569951,0.9668531,0.045201037
0.73266625,-0.10609488,0.018893944,0.522947,-0.066713676,-0.7805858,0.6821751,-0.5510004,-0.052727856,0.07952269,0.29296604,-0.06439219,0.14905548,-0.28486013,-0.3214023,-0.039123476,0.27111205,-0.5209161,0.1819013,-0.0047077932,0.004763023,0.022713846
0.62981254,0.47162038,-0.19965872,0.49823847,-0.43894216,0.1946453,-0.4505167,0.3440843,-0.27382544,-0.27379382,-0.104764886,0.2166287,0.38065216,0.12286246,0.27073765,0.37536457,0.16325624,-0.3661676,0.38120875,-0.3893176,-0.054535016,-0.14313214
-0.95968705,0.26472738,1.0043478,-0.088306375,-0.42477965,-0.34370565,-0.29424888,0.3657026,-0.1291359,-0.13087296,0.0029552705,-0.08012404,0.050178573,-0.07536643,-0.22504504,-0.18403244,-0.0601094,0.12510216,-0.075179964,0.13502331,0.008014149,-0.029083991
0.6762886,-0.050771646,-0.20140792,-0.6775808,-0.24066824,0.07198687,-0.32503334,-0.27536926,-0.12217101,-0.57336,-0.1113682,-0.09993829,-0.04638152,0.18421483,-0.024095755,-0.059174314,-0.053656437,0.10260622,-0.06580692,0.10544687,0.044898275,-0.18018077
0.6551054,0.027554883,-0.26568258,-0.64622784,-0.55902404,-0.12984781,-0.019657813,-0.02527361,-0.12537707,-0.3567891,-0.03150875,0.046162233,-0.07095009,0.10899764,-0.07045626,0.048968434,-0.34400296,0.089410916,0.48721173,0.06830711,0.007936553,0.002181387
0.6232862,0.724169,-0.069454,-0.024789182,-0.3741997,-0.3862934,0.07838765,0.28122166,-0.13923451,-0.24772087,-0.028240718,0.18853882,0.061997972,-0.08009366,-0.12759696,0.17341833,0.02507252,0.065391734,-0.18983637,0.056220263,-0.01076747,-0.030783534
-0.5703116,-0.06955976,-0.33142284,0.3962371,0.40842828,-0.9387049,0.015059618,0.08841251,-0.19081745,0.45080298,-0.17430195,-0.26051757,-0.2462507,0.4193237,-0.14301147,-0.16994984,0.003287794,0.18670005,0.19199577,0.16712257,-0.16748726,-0.15562755
-0.70671695,-0.3057568,-0.250267,0.2714348,0.7691499,-0.3328794,-0.09083506,-0.48881412,0.29803312,-0.13671818,-0.52623016,-0.15265203,0.3000161,-0.6736084,0.16462031,0.20875737,0.019424042,0.06610017,-0.032290235,-0.073785104,-0.1146303,-0.18238819
0.687296,0.40952292,0.03837454,0.03363695,-0.11415995,-0.17068823,0.35306284,0.08400217,0.3508542,0.06850471,-0.65531635,0.19697063,0.2649805,-0.6376955,-0.2877632,0.117990255,-0.12562844,0.016973665,-0.15410525,-0.017701384,-0.21314569,-0.06794215
0.7661398,0.45603463,0.10950522,-0.0029181514,0.24860156,-0.0494456,-0.08876642,0.34706318,0.83081347,-0.03682259,0.31436718,0.4318042,0.0851159,0.148196,-0.10969247,0.035386767,0.012025465,0.01909547,0.076855525,0.0823482,0.01137822,-0.06469077
0.785704,-0.123093896,0.102124505,0.40016037,0.2997399,-0.6165564,0.17603698,-0.6764001,-0.06220121,0.04446453,0.23137467,-0.43201557,-0.023066998,-0.07433116,-0.09907059,0.382998,-0.098397955,-0.2722231,0.35845268,0.061775528,0.05258349,-0.11278232
0.9060386,0.5866146,0.17334147,-0.032220777,0.030062312,-0.12112529,0.14112945,0.23395988,0.039169434,0.569227,0.1565922,-0.009858357,-0.024971118,-0.122599505,-0.05555651,-0.119925305,0.028250253,0.22237425,0.10192069,-0.4095826,-0.06004295,0.11035172
-0.72537893,0.024615344,-0.3081021,0.14654788,0.6113388,-0.54683584,-0.46015278,-0.20250462,-0.1607157,-0.27571025,0.16132583,-0.28721586,0.032107234,-0.10256334,-0.03660648,0.11191864,-0.09320028,-0.027336905,0.1397588,-0.2764898,0.051265385,-0.12119311
-0.61080855,0.20213023,-0.34288937,0.9207672,-0.502675,0.5366007,-0.23795405,-0.016351834,-0.09207662,0.21889858,0.09165467,-0.037996344,-0.48124886,-0.20781107,0.08475576,-0.18658137,-0.072331116,0.04097042,-0.2938419,0.11168141,0.074063405,-0.41567934
0.58658695,0.54531384,0.08737022,-0.025631756,0.0385378,-0.10130237,-0.22092706,-0.3883755,-0.056867663,-0.59264845,-0.14189228,-0.13387753,-0.049964212,0.11572599,0.2799212,0.13874637,-0.21003923,-0.04830667,-0.00048482732,0.08313583,0.054444373,-0.47410163
0.89739335,-0.33621448,0.047471013,-0.5012265,0.17045438,0.55272746,0.5706756,0.11301489,-0.17132689,-0.17580268,0.0712517,-0.40283772,-0.19655815,0.19813332,0.24405639,0.0239007,0.11698573,0.48799184,-0.2042141,-0.29296187,0.029596137,-0.18777026
-0.588248,-0.28030774,-0.27520728,0.34232646,1.2157714,-0.3452436,0.20414196,0.6984664,-0.4250735,-0.09365574,-0.23329097,0.03513419,-0.12929186,0.3578524,-0.075201735,-0.09418626,0.5233575,0.20611978,-0.01910841,0.12895977,-0.2186661,0.0770831
0.82597363,0.4214309,0.2875945,-0.12899505,0.6884125,0.2636225,-0.29767406,-0.24227539,0.04983562,0.14516902,-0.0038104546,0.16091278,0.03684318,-0.024153529,0.04870354,-0.017201833,-0.12005808,0.13700925,-0.024916416,-0.0008674321,-0.02418045,-0.014259715
0.67659324,0.5011857,0.1379785,0.008920549,0.0906357,-0.043549854,-0.16428226,-0.43239844,-0.01704335,-0.38973787,-0.10191022,-0.22686231,-0.048764206,0.11005565,0.3761336,0.0029484641,-0.16754243,0.049119495,-0.19166885,0.1320512,0.03168915,-0.19620545
-0.7087411,0.34778035,-0.31586152,0.6880597,-0.60705,0.25736168,0.21154942,-0.10021411,-0.11590558,0.17908816,0.029785434,0.009411623,0.366415,0.09316546,-0.20850337,-0.07874689,-0.094973564,-0.113376416,-0.080698974,0.052444246,-0.011844988,-0.09772679
0.61397225,0.68333584,-0.022420036,-0.043393884,-0.2248715,-0.29599753,-0.05846945,0.08861549,-0.12673233,-0.35994038,-0.0711456,0.08578596,0.024364483,-0.0035639044,-0.1410704,0.25628006,-0.018947547,0.09518763,-0.19599658,0.06099766,-0.002677158,-0.1056121
0.8954176,-0.67570853,-0.124158956,1.1512856,0.9111246,0.5610268,-0.47964713,0.750174,0.40174168,-0.39225307,0.5539994,0.08906093,-0.36010244,-0.034995954,-0.23541674,0.19880392,0.01748798,0.065950245,-0.13046688,-0.05763237,0.046525396,0.077934235
0.83882374,0.38078856,0.31089813,-0.09475732,0.71808124,0.32844836,-0.21311896,-0.35642397,0.06543827,0.15783064,-0.019908924,0.254807,0.06379008,-0.045982216,0.13870199,0.15736921,0.07885574,0.23359735,0.1775251,0.1497009,-0.025409404,0.074476376
0.6231266,0.63409126,0.01821578,-0.047031973,-0.078565136,-0.19510058,-0.17737308,-0.10090628,-0.10302902,-0.47617403,-0.109456725,-0.0062803696,0.01956336,0.039525863,-0.07154829,0.15742086,0.013987157,0.19700843,-0.23178312,0.08018728,0.0103702545,-0.12300462
0.9019303,-1.093401,-0.5611464,0.37890467,-0.11094105,-0.3654115,-0.30244255,0.42760184,0.0051334677,0.5728461,-1.1766326,-0.164799,0.2489392,0.2881151,-0.084930845,-0.0125634,-0.14759934,-0.16349894,0.27805027,-0.39357045,0.5305432,-0.16524844
-0.8545226,-0.5478881,0.9379112,0.4028625,0.037189312,-0.7740316,-0.2665748,0.10015877,0.69434595,-0.2781365,0.5141373,-0.24312481,0.18366456,0.02121049,-0.18205366,-0.48186836,0.28142977,-0.010072543,-0.07846677,0.18023089,0.12277882,-0.0055109416
-0.75208,0.5310712,-0.08586216,-0.020724982,0.08126573,-0.014920857,0.19673398,-0.23294397,0.017273631,0.072443075,-0.0032214539,0.1537063,-0.03663256,-0.03960905,-0.2865016,0.18821095,-0.013401644,-0.0026218537,-0.27452826,-0.40429854,-0.027461331,-0.17476684
-0.6878985,0.44021848,-0.123567574,-0.014873781,0.42881903,0.29263675,0.4684388,0.6279987,-0.22961147,-0.33052614,0.0407601,-0.07534596,-0.01911214,-0.053879447,-0.04262437,0.05436788,0.16974021,0.11915131,-0.0970756,0.034556683,-0.020943029,0.060495224
0.62868404,0.6995347,-0.052388545,0.0051802904,-0.38837516,-0.3767824,0.16032512,0.1581077,-0.094218776,-0.25489625,-0.018478628,0.17348544,0.060471598,-0.08565647,-0.110754,-0.01215531,-0.109077446,0.2839627,0.06396595,0.055131517,-0.027191201,0.13107488
0.6429638,0.69625026,-0.06051806,-0.049800225,-0.24010234,-0.30960995,-0.114649236,0.19764163,-0.11412815,-0.41047785,-0.05244149,0.0670905,0.07747706,-0.07805664,-0.0030185534,-0.114220105,0.14046218,0.00038249107,0.16177,0.066766,-0.018735185,0.049693946
-0.7033614,0.30129135,0.011530973,0.010433483,0.69821316,0.49892503,0.71976274,0.2931595,-0.13698104,-0.21710901,0.04957691,0.3232722,0.071219236,-0.14285955,-0.48486614,-0.05206506,0.03594043,0.20174786,0.08425534,0.10513401,-0.031766053,0.07976707
-0.6898651,0.6011369,-0.20057903,-0.03593088,-0.011241024,-0.08822083,0.01952766,0.06197047,0.00084550434,-0.015528195,0.025442105,0.02682294,0.033174656,-0.11120748,0.20267583,-0.28054518,0.26634327,0.13476032,0.058235902,-0.279175,-0.044997074,0.11014251
-0.7236578,0.4860256,-0.065979265,-0.09797606,0.4270497,0.18475036,-0.0845815,-0.22127979,-0.0068780417,0.018626155,-0.06573303,0.32842156,0.02001588,-0.044819754,0.014643971,0.47852832,0.21466658,0.026441483,-0.11211393,-0.16154714,-0.05846566,0.15596862
-0.9670902,-0.07195324,1.2013499,0.086200014,0.052195136,0.19913657,0.72887343,0.5526262,-0.22914755,-0.21326779,0.04335216,0.3001116,0.066931486,-0.15880758,-0.12412237,0.15231739,0.10765709,0.18846959,0.11497358,0.06617489,-0.010265124,-0.006780284
-0.5784783,0.27716884,0.09683897,-0.11069869,1.0809581,0.6509828,0.33240345,0.48499703,-0.12670349,0.09351425,0.107411094,0.08840903,-0.013536527,-0.06922809,-0.1944923,-0.054343857,-0.21706316,0.024519876,-0.18547307,0.053582042,-0.021754587,-0.04919563
-0.60011923,0.5222399,-0.08069542,0.026547698,-0.029283457,-0.09488803,0.15438059,-0.11392295,0.067424245,0.36826712,0.114850655,-0.39841262,-0.12493939,0.025494175,0.34813055,-0.3061827,-0.63104683,-0.14702484,-0.122344755,0.2173851,-0.035578955,0.3254664
-0.71730196,0.6556657,-0.2327936,-0.06486617,-0.13805176,-0.20810573,-0.061881155,0.1228572,-0.029518355,-0.093982756,0.03116551,-0.19895466,-0.04114414,-0.048000578,0.022420457,-0.2209552,-0.19974484,-0.14115545,0.50331163,0.12719424,-0.006084782,0.03621055
0.722178,0.58050716,-0.05787132,0.109954976,-0.34193647,-0.36504677,0.08583228,0.4838375,0.7631723,-0.255211,0.30246976,0.17088754,0.06753252,0.16686594,0.090754084,0.013054436,0.35657224,0.029843023,-0.09260009,0.078057036,0.0036707707,0.05030336
-0.719403,-0.24729371,-0.17424129,0.41140935,0.682557,-0.23166195,0.8189518,0.038084645,-0.2664332,-0.360072,0.2641385,-0.13590328,0.08195441,-0.22365949,-0.49247402,0.053053956,0.06681482,-0.11448145,0.1298219,-0.013939881,0.02862669,0.06143507
-0.7445916,0.5990095,-0.17896393,0.05850784,-0.32167277,-0.22641863,0.36817172,-0.10406809,-0.002786531,0.063803,0.03809728,-0.053977758,-0.06677924,-0.051559504,-0.020467754,0.216244,-0.0750089,-0.15295118,0.36254454,0.087687485,0.0045666094,-0.117699444
-0.6616757,-0.5484935,-0.6651038,-0.29536957,-0.28709108,-0.64266926,0.18991223,0.022750348,-0.20690598,0.096331686,0.3083801,-0.08183394,0.02911553,-0.1264283,0.20017059,0.124650076,-0.14244226,0.17925718,0.16666824,0.07469994,0.09083376,-0.039212216
-0.7020622,0.58529395,-0.1459864,-0.1702773,0.3777225,0.07799045,-0.28693008,0.061551668,-0.03578019,-0.04379023,-0.026372276,0.18419142,0.045801345,-0.065536164,-0.18338133,0.038521677,0.025897924,0.17615359,-0.06513984,-0.044653114,-0.036331486,0.12413742
0.7803225,0.2899998,0.26879156,0.02982651,0.69632757,0.449167,0.4870403,0.30179575,-0.15333696,-0.329886,0.03536446,0.027064648,0.040141683,-0.055873018,0.04349172,-0.25523332,0.030435344,0.19499469,-0.17511058,0.06459135,0.009701586,-0.16766483
-0.71551454,0.5562326,-0.1600432,0.024711857,-0.08001223,-0.07106001,0.32903352,-0.0125386715,-0.013124495,0.16659994,0.023909282,0.30258843,0.04469315,-0.14439197,0.12649639,0.32667103,0.2984114,-0.09629676,0.09509564,0.03404566,-0.025226196,0.059687622
-0.8755082,-0.8683961,0.9363436,0.34687874,0.88250834,-0.508499,0.059951324,0.9198195,-0.11477619,-0.12339037,-0.9334236,-0.13693884,0.025737565,-0.111181304,-0.040133648,0.07215921,0.064170845,0.025001537,0.05270986,0.14028618,-0.3755023,-0.18373132
0.81938374,0.5421863,0.18172395,-0.10613439,0.2872582,0.009479094,-0.24017991,0.029314682,-0.001111461,0.12205601,0.037767377,-0.08574421,-0.022798406,-0.03197259,0.040117033,0.017718626,-0.033789255,-0.18448855,0.38044733,0.03268117,0.013800224,-0.26748395
0.6079858,0.5980243,0.042176932,0.04137584,-0.2568764,-0.25529665,0.17597406,-0.19819231,-0.060147233,-0.3669355,-0.06625168,0.09417732,0.04515658,-0.03475864,-0.28450936,0.0021147558,-0.022456126,-0.051951345,-0.116425425,0.06799025,-0.0048436197,-0.071976684
0.7488003,-0.20142919,-0.0875154,-0.61376184,-0.008936329,0.2973688,-0.14941591,-0.44682875,-0.03527026,-0.28426087,-0.080502026,0.12168723,-0.020929553,0.11930147,0.7069547,0.05796262,0.17693569,0.07273354,0.15862425,0.045656048,0.04427944,-0.2137518
-0.6567249,-0.15412517,-0.33817664,-0.6792899,0.031775195,0.3221794,-0.049450353,-0.25036788,-0.040639438,0.002652357,-0.019227747,0.23769575,-0.0006762227,0.039429408,-0.09217357,0.10117136,0.23695967,-0.14229356,-0.103300445,-0.025119502,-0.031525996,0.20851186
-0.68540996,0.39551112,-0.34986213,0.58997065,-0.43168122,0.30820113,-0.16238591,0.023931045,-0.14698866,0.048611302,-0.0024762973,-0.10448681,0.35184783,0.14382353,-0.03254065,-0.08001357,-0.071943656,0.20884532,0.011691831,0.05487051,0.005514335,-0.14582106
0.6769621,0.5277517,0.13650052,0.046109512,-0.05868365,-0.108601764,0.06627707,-0.41787133,-0.023455296,-0.27159992,-0.080244154,-0.10081238,-0.02980351,0.06774247,-0.09349869,0.2418779,0.019810557,0.13438961,-0.22988997,0.088343374,-0.004056788,-0.0526129
-0.90718853,0.05086546,1.1833172,-0.016410153,-0.09911739,-0.06411133,-0.00510117,0.060734965,-0.0058544464,0.19792445,0.043178923,0.25606662,0.113300845,-0.18301907,0.09361205,-0.33461848,0.0049982346,-0.24278966,-0.07308246,-0.011875271,-0.022021947,0.037962377
-0.6681843,-0.4106389,-0.3570136,-0.44673327,0.3991675,0.30058765,0.82051665,0.70313674,-0.27907962,0.20621294,-0.71650493,0.62512046,-0.33394998,0.6864593,0.087517574,0.18031076,-0.12860553,0.17759658,0.08553595,0.13183254,0.6678794,0.17890567
0.6574032,0.04732838,-0.29131225,-0.6666364,-0.55423063,-0.13756455,-0.09925362,0.102343895,-0.16153255,-0.3604551,-0.03794619,0.05756607,-0.059748057,0.10016922,0.039432637,0.16788073,-0.15494399,-0.13986714,0.36192137,0.06791837,0.009213613,-0.06240972
0.85096085,-0.03203724,0.21310838,0.7233698,0.36831746,0.95753205,0.4784656,0.0835672,-0.199092,-0.07753648,0.064252175,-0.111606404,0.3713584,0.13478702,0.039292645,-0.34645557,-0.17592035,-0.08528897,0.175322,0.2828388,-0.0039017887,-0.18370819
-0.7653568,0.52581376,-0.09722735,0.06316766,-0.1572846,-0.124922566,0.3330492,-0.40863848,0.04353618,-0.017315185,0.013129218,-0.14593092,-0.09599548,0.024946848,-0.1751394,0.03773566,-0.39749622,-0.009781717,0.056298267,0.10329488,0.036427815,-0.3110045
0.7777889,-1.0786504,-0.47296748,0.6844884,-0.5013234,0.15950346,-0.23013784,-0.58842874,-0.29061627,-0.21844749,0.19409294,0.0649501,-0.3661989,-0.20742382,-0.3542735,0.18036151,0.17721736,-0.08653757,-0.23555793,0.04744684,0.08546815,-0.04740438
0.875272,-0.4556324,-0.052708667,1.0394635,0.3314802,0.1617493,0.3214602,0.08968084,-0.39111036,-0.25028783,0.26011607,-0.6531702,0.35394636,0.09292853,-0.07166696,0.001551119,0.033890646,0.2116018,0.28608415,-0.0014786085,0.029197752,0.062095564
0.7702539,0.3876585,0.16524842,0.21905306,-0.02062491,-0.41531053,0.46418914,-0.07584513,-0.021775771,0.58499956,-0.41694853,0.15751588,-0.399953,0.6097389,0.34570858,0.014173395,-0.44873255,0.14764166,-0.043344714,-0.21114378,-0.2764854,-0.10926843
-0.71097076,-0.44651806,-0.42570403,1.0827333,0.22735785,-0.31337455,-0.07836399,-0.42724442,-0.31306198,0.13933766,-0.3748568,0.08982034,0.16289309,0.6371728,-0.009330767,0.1761403,0.27126306,-0.24206403,-0.15724057,-0.25445887,-0.2871393,0.23569126
-0.7091046,0.19431521,0.01829254,0.12082178,0.67828804,0.5574027,0.87938356,0.23346722,-0.11994701,-0.12972349,0.05050154,0.37937987,0.091556475,-0.1486554,0.7889977,-0.20835486,-0.008051351,-0.05910088,-0.68111783,0.18371835,0.028749665,-0.17367424
0.70577425,0.641714,-0.018101102,0.06504345,-0.386423,-0.3049744,0.20796041,0.16770703,-0.07706153,-0.08128358,0.0043998575,0.08674467,0.033700567,-0.10221368,0.6176966,0.22594042,0.37487352,-0.043931503,0.231777,0.05462033,0.014752662,-0.16094336
0.66652656,0.5254089,0.13834067,-0.013002161,0.06879997,-0.07441933,-0.034684855,-0.28035957,-0.024425006,-0.23925117,-0.074096106,0.025763515,-0.015636925,0.020344974,-0.038440157,0.100102715,0.018631106,-0.18347138,-0.19655085,-0.28541595,-0.055801727,0.05284872
-0.6981736,0.3155663,-0.34553427,0.7408256,-0.6346355,0.2847721,0.21835747,-0.09277724,-0.12207878,0.22587588,0.004183269,0.018436693,0.32502994,0.14035691,0.92006415,0.21137641,-0.09208836,0.04269165,-0.110678144,0.0979994,-0.031926006,0.1719478
-0.60375404,-0.39099205,-0.09698991,0.2611241,1.4241917,0.04268944,0.04538513,0.571748,0.5711352,-0.28589833,0.57893676,-0.14391837,0.012864265,0.13311793,0.056520335,0.21562901,-0.18409784,-0.5127361,0.0821533,0.13815068,0.13763122,-0.60220504
0.8538922,0.3286811,0.25737855,0.09806641,0.43142247,0.3129864,0.68844724,0.3569655,-0.10479009,-0.09926136,0.123408236,-0.21055686,-0.042156313,-0.04856892,0.15416323,-0.32248875,-0.07967561,0.42604217,0.29956704,-0.004795303,-0.036111742,0.12206817
-0.61037195,0.30137122,-0.37492844,0.6571812,-0.37832576,0.28445536,-0.3313291,0.4413711,0.68939394,0.04603138,0.3176106,-0.14314698,0.31882635,0.43137282,0.22824508,0.05948182,0.18035018,-0.25008392,-0.028756844,0.08636827,-0.010846175,-0.007983002
0.9634588,-0.14054108,-0.013418123,-0.5831525,-0.19734466,0.1797821,-0.012998638,-0.26640797,-0.011296676,0.30352184,0.08418006,-0.39505365,-0.123428054,0.1578706,-0.13039957,0.12780869,0.34276807,0.037491024,-0.24733213,0.10935624,0.016238805,-0.086373106
0.6957761,0.60626125,0.055724256,0.023761252,-0.21574974,-0.23244205,0.093840264,-0.08697481,-0.049592417,-0.21322837,-0.028116921,-0.033104423,0.024589976,-0.04685032,-0.18769708,0.027180413,0.15840398,-0.10700375,0.17716359,0.079556465,-0.025127614,0.08622222
-0.6603212,-0.11995476,-0.40520132,-0.7194483,0.022204196,0.251111,-0.179332,0.019347686,-0.042638186,-0.026240075,0.04610289,0.16794576,0.04990971,-0.014386539,0.2262531,-0.5382804,-0.13770054,-0.41666147,-0.09550172,0.25059754,0.008159919,-0.025763528
-0.7032287,0.64312905,-0.21299495,-0.035058387,-0.119410954,-0.15879172,0.0010016308,0.045040626,-0.050408587,-0.039655264,0.0038175827,-0.12355305,-0.0265258,-0.01846802,-0.028070582,0.12732913,0.08880416,0.1840844,-0.099853836,0.119877934,0.008103071,-0.020699877
-0.60986435,-0.20252082,-0.404741,0.5381596,0.68947273,-0.5935422,-0.7101606,0.08770325,-0.24695165,0.03339209,-0.27908662,-0.038752813,-1.0494316,0.14572696,-0.13217099,0.04144285,0.28513035,0.08848434,-0.10438628,-0.13918401,-0.19861856,0.08812279
0.8002383,-0.5960469,-0.3252024,-0.4245607,0.13731575,-0.5079781,-0.33458716,0.0090029705,-0.21878959,-0.09058318,0.25444362,-0.17645285,0.026539601,-0.075333476,0.041967064,-0.06576265,-0.075346015,-0.28636307,0.24053958,-0.31690517,0.07990139,-0.27842999
-0.7144825,0.60797346,-0.2028477,-0.014335623,-0.13065015,-0.16964807,0.07073058,0.02092991,-0.0015925337,-0.065314464,0.047760673,-0.14612411,0.01126261,-0.08151382,0.009500704,-0.4566035,-0.089226194,-0.1187468,0.043220855,0.11590756,0.033219006,-0.24694544
0.48841798,-0.122387946,1.4744363,0.09162459,0.06853036,-0.025184402,-0.15288079,-0.0022949837,0.843571,-0.14171305,0.22678638,0.45388183,0.06603111,0.22342782,0.48857144,0.036475606,-0.22161378,0.19358464,-0.20077254,-0.10656563,0.018504933,-0.005077332
-0.5941806,0.37989873,-0.00091462466,-0.01128441,0.51869446,0.33484408,0.51908225,0.5561288,-0.14568453,0.037149016,0.14402416,-0.3614189,-0.14775722,0.0015627175,-0.04137448,-0.039034445,-0.3284963,-0.15939768,0.24239278,0.05684883,-0.013157693,-0.06727388
-0.48928687,0.50138277,-0.011536039,-0.05855741,0.32461753,0.124951005,-0.30596074,-0.221399,0.054056205,0.2765448,0.054366864,-0.6728415,-0.15349846,0.11540625,0.2430307,0.052746207,0.123486124,0.04323246,-0.020388173,0.19663745,-0.003351491,0.092596576
-0.86191744,-0.024711369,1.0684379,-0.14680421,0.17194504,-0.02872621,-0.6531794,0.36020842,0.31915286,-0.023927461,-1.0235302,-0.27911422,0.198845,-0.43738076,0.036937684,0.040908325,0.10536222,-0.09764551,0.16172306,0.04830274,0.7446066,0.08535707
0.9210215,-0.031403854,0.049920198,0.2384922,0.5892814,-0.5583845,-0.37237096,-0.24592978,-0.09886307,0.11024121,0.27763796,-0.6319162,0.03646282,-0.07838917,-0.09980943,-0.13672443,-0.042087138,0.22226804,-0.113891155,0.10905081,0.052976172,0.04138203
0.9029446,0.4707186,0.28535035,-0.1572705,0.6634121,0.23195644,-0.4229456,-0.09951593,0.018006057,0.29092044,0.020934565,-0.068004526,-0.028395804,0.033631984,-0.01423134,0.30046442,0.01104811,0.1303688,-0.024990989,0.11851399,-0.030716231,0.06575189
-0.6913644,-0.5992572,-0.5905173,-0.38461864,0.026502332,-0.50600135,-0.17963421,-0.20823827,-0.193448,-0.15710415,0.24915397,-0.3191968,-0.027656171,-0.0131037375,-0.045628723,-0.03586995,-0.40085065,-0.099565774,0.20364045,0.091698036,0.13335945,-0.39594105
-0.7105499,0.71012527,-0.2685309,-0.054468565,-0.24569161,-0.2703365,0.060110983,0.31198952,-0.09656082,0.09252605,0.038869675,-0.027503414,-0.018260924,-0.05065309,-0.12068123,0.25483546,-0.00054776453,0.069202706,-0.30194888,0.121443816,-0.02888738,0.1608717
-0.73885614,0.44743866,-0.044875957,-0.09161327,0.46412838,0.20946793,-0.2176685,-0.39124516,0.011207701,-0.15688625,-0.095263325,0.076213285,-0.03584469,0.027488321,0.22706245,0.3400445,0.058684416,-0.2937933,0.1673565,-0.02358335,-0.031650152,0.03419411
-0.69679856,0.5972547,-0.17727007,-0.14644237,0.2712857,0.024502408,-0.29089597,0.09845856,-0.038841825,-0.10555005,-0.016661339,0.059001215,0.04544743,-0.075292245,-0.014270915,-0.09457324,0.119595125,-0.029875537,0.1270141,0.064885184,-0.015943915,0.027020652
0.84735787,0.4593955,0.22392777,0.06083128,0.11331791,0.02814705,0.25358114,-0.21791396,0.05219091,0.28617653,0.05641912,0.107963264,0.06193235,-0.112242006,0.014393194,-0.00859634,0.35606825,0.064675994,-0.108608216,0.034760922,-0.015944844,0.019841144
-0.72051394,0.51985437,-0.1241567,0.035792235,-0.047709264,-0.050175365,0.23395814,-0.20328595,0.029269375,-0.0122499745,0.008151715,0.0366279,0.012506887,-0.110063136,0.0632982,-0.19309126,0.29403064,-0.2828394,0.017492956,-0.26562798,0.014286533,-0.2611637
0.6880631,0.7119392,-0.025499783,-0.007711188,-0.38430142,-0.38175613,0.09401817,0.2593429,-0.109046176,-0.082076296,0.010829916,-0.00729467,-0.005923583,-0.045483727,-0.07699342,0.18620335,0.050135974,0.043489978,-0.16390043,-0.095300116,-0.017770419,-0.043241408
-0.71655947,0.66039777,-0.21204758,-0.114804134,0.0049189595,-0.1390077,-0.12657674,0.19304885,-0.04643135,-0.026734823,0.013730556,-0.018995162,-0.029866625,-0.067167036,-0.09791667,-0.033280242,0.003939903,-0.03375757,0.19747615,-0.26963475,-0.020509558,-0.04473997
-0.63144785,0.48247477,-0.04612809,-0.15692355,0.6133631,0.25948423,-0.3684096,-0.13735354,0.012203789,0.04657283,-0.02471572,0.065049775,0.027638253,-0.02847141,0.11362575,0.08900561,0.15616326,0.06511849,-0.022552002,0.13529755,0.0019443141,-0.068907894
0.72028446,0.41813868,0.10986888,-0.021741686,0.49162152,0.27756667,0.5845596,0.8777507,-0.24650255,-0.26558143,0.06877709,0.513746,0.15809524,-0.23956414,0.108250104,-0.06259677,0.2319569,-0.07801784,0.16312774,0.058680486,-0.042216375,0.03379809
-0.70807004,0.59446305,-0.18007612,0.014113978,-0.15046118,-0.13845243,0.12762547,-0.1208852,-0.013061336,-0.06155923,0.0009829736,-0.12964348,-0.023173911,-0.03831842,-0.07417094,0.057944003,0.16608697,-0.0055034473,0.14271358,0.1133828,-0.016109843,0.090410985
0.7310493,-0.6982426,1.2475834,-0.5155452,-0.2639124,0.3241839,0.39728007,0.6604587,-0.2531091,0.009513553,0.13550016,-0.3688103,-0.11680304,0.066945046,0.38549194,-0.14557748,0.3300777,0.19952676,0.08597532,-0.2678416,0.016312448,-0.06924962
0.8733958,-0.37581438,-0.17686479,0.050539527,-0.6028879,0.58664507,0.012937133,-0.27146265,-0.12184276,0.40877622,0.045484126,-0.042009637,0.21121275,0.31555876,0.105010726,0.29547256,-0.1470213,0.13606708,-0.006247194,-0.3504189,-0.043322537,-0.004456289
-0.6648292,0.5924804,-0.19381438,-0.07101734,0.11274482,-0.024114588,-0.0049225627,0.14604802,-0.0052583646,0.007528953,0.03944888,0.19717163,0.14483945,-0.20866843,-0.093074836,-0.52907264,0.3078085,0.15848354,0.0040158047,0.06335759,0.023294652,-0.07460606
0.9235033,0.610922,0.13551377,-0.027037809,-0.027019376,-0.14860141,-0.078331776,0.20037217,-0.017001297,0.3588678,0.110708654,-0.3569697,-0.04521059,-0.024628002,0.017002696,0.030225663,0.24638328,0.017574586,-0.05867849,0.11022964,-0.01227143,0.017681865
0.9951546,-0.25386053,-0.03987241,-0.44050208,-0.22054397,0.31614092,0.8554599,0.5316554,-0.149575,0.09812163,0.24296238,-0.4981881,-0.10052078,-0.0034895544,-0.05137415,-0.6049595,0.31677145,-0.057635497,0.4207759,0.050769184,-0.017997758,0.10678474
-0.72415644,0.5880869,-0.15524057,-0.1419396,0.26245683,0.026339103,-0.26351777,0.03238598,-0.04739975,-0.09055609,-0.032120425,0.05151117,-0.012093592,-0.023989473,0.032213695,0.223856,0.02567752,-0.10538225,0.16375571,0.052977566,0.0069409865,-0.17840447
0.6420155,-0.09086792,-0.17978874,-0.5742047,-0.4287049,0.02487196,0.025257943,-0.40496406,-0.09337729,-0.40996477,-0.093907,0.0010907239,-0.11374557,0.20487724,0.43674323,0.3081107,-0.2656018,0.18955706,0.03823845,0.08799474,0.059303563,-0.28708717
-0.71311665,0.6132829,-0.22440094,0.06617115,-0.35144,-0.26714548,0.32439095,0.010280562,0.014141298,0.06766196,0.06663865,-0.12874125,-0.028725265,-0.08006535,0.30917156,-0.40162897,-0.27668497,0.07574099,-0.007904036,-0.0047016707,-0.01912888,0.2035368
-0.69067925,0.46467903,-0.40185627,0.5048118,-0.41593865,0.24498427,-0.374376,0.26364765,-0.19349653,0.016388578,-0.0011384885,-0.15878642,0.32986507,0.15288715,-0.13019137,-0.042331688,-0.22351563,-0.057923432,0.25778428,0.07309495,-0.046688735,0.14395589
0.44895998,0.112470865,1.378706,-0.16451694,0.1805981,-0.01908358,-0.63419276,0.08516221,-0.13593993,-0.34318197,-0.13445422,0.34414276,0.142532,-0.045077655,0.04600076,0.18385828,0.07420185,0.18914276,-0.10167321,0.11703051,-0.019407723,0.07800667
0.42880592,0.19775704,1.3006411,-0.0586752,-0.34654352,-0.32293466,-0.3982852,0.15151402,-0.15493785,-0.35980654,-0.08080157,-0.062144075,0.055340663,0.0065128487,-0.038390297,-0.042257804,-0.10331199,-0.059513815,-0.35932645,0.13406025,0.019154802,-0.14522511
-0.67503476,-0.65510035,-0.6959673,-0.28697428,0.12022242,-0.80356765,0.041970424,0.3823272,-0.33641398,0.35855928,-0.1996753,0.41309255,-0.16678965,0.4166166,-0.1519408,0.040578365,-0.07434805,-0.08412287,-0.22252764,0.083942816,-0.19324867,-0.05517522
-0.66602254,-0.75864303,-0.45965785,-0.28646645,0.214477,-0.27171615,0.1499148,-0.6692284,-0.11172003,-0.055920452,0.20431682,0.054956105,0.06390245,-0.0844588,-0.28106788,0.225874,0.08042034,0.136198,0.23662648,0.02469118,0.03704893,0.2253358
-0.71214837,0.5900662,-0.14605998,-0.15685013,0.3192102,0.050943263,-0.45060056,-0.08174966,-0.04561814,-0.24177805,-0.073196106,-0.1884039,-0.05413213,0.055826977,-0.019778188,0.0886497,0.17280304,0.015170054,-0.15629992,-0.25054193,-0.019615132,-0.09305686
0.89780736,0.5629597,0.18896928,-0.013723725,0.11541574,-0.10117388,-0.014263885,0.12073327,0.042159397,0.50285983,-0.2156489,-0.20339136,-0.13132392,0.114331804,0.05649613,0.37712985,0.065185286,0.1480721,0.0066739446,-0.33835232,0.87952757,0.21373041
0.6731994,0.64449453,-0.004351588,-0.011583039,-0.264256,-0.31364813,-0.0704786,0.1506463,-0.09286825,-0.21909297,-0.023364035,-0.15252042,-0.038481295,-0.0029875045,0.43203136,0.0067073843,-0.10691908,-0.5483138,0.06647529,-0.030062677,-0.03945445,0.11479607
0.76229966,0.3977731,0.25208047,-0.10703453,0.67960966,0.27615866,-0.23918961,-0.28138053,0.044463314,-0.019869743,-0.036931477,0.36083287,0.11530527,-0.07987978,0.27654344,-0.17080912,-0.1269977,0.09731666,-0.00971585,0.15718319,-1.6148615e-05,-0.08503877
0.6941244,0.6086483,0.060220182,-0.046089575,-0.020112796,-0.1687691,-0.17035443,-0.057156924,-0.059877377,-0.3005171,-0.040079843,-0.12252646,0.026073175,0.008473953,-0.12631376,-0.19080152,-0.03961067,0.043762714,-0.27474242,0.09123847,0.009964161,-0.15957625
0.6763182,-0.5087306,-0.3533993,0.5117235,-1.2216543,0.5705722,0.3247074,-0.5726153,-0.14949292,-0.1391007,-0.033620454,0.4177823,-0.5167866,-0.09263578,-0.012105251,0.5326462,0.06293879,-0.062273752,0.3237121,0.028212894,-0.012794838,0.1490195
0.776292,-0.9513421,-0.47945395,0.24302268,0.103341356,0.24790429,-0.10149765,0.5893927,-0.5864267,-0.539774,0.20263194,-0.2879251,0.35358644,0.1731126,0.04620868,0.11962062,-0.042186078,-0.14217769,0.055029787,-0.38704687,-0.003493594,0.11618287
0.8641711,-0.24923857,-0.348477,-0.10129907,-0.48793963,0.54685146,-0.3780374,0.33850962,-0.22754718,0.20123675,0.05199534,0.23619416,0.4337426,0.14448309,0.026226351,-0.17106742,0.22471008,-0.03084496,-0.07153829,-0.053567465,-0.04996633,0.06115802
-0.7386615,0.539057,-0.12968703,0.058982246,-0.13609877,-0.11033015,0.27032688,-0.28341487,0.0064373417,0.0052602007,0.0031182268,-0.09747375,-0.044579566,0.005996706,-0.021766054,0.09702043,-0.090367734,-0.008211397,-0.43043748,0.12190811,0.0072120805,-0.10991196
-0.70010185,0.6770727,-0.23509185,-0.12990652,0.03329676,-0.113863304,-0.36828303,0.14578545,-0.103566304,-0.19492769,-0.05046737,-0.25347158,-0.0644728,0.042337507,0.052640848,0.38796484,0.26259837,-0.064203374,0.1464565,0.12811022,-0.00799743,0.025596436
-0.6877252,-0.30214927,-0.5522911,1.1123434,-0.16193865,-0.5726692,0.17875408,-0.02364923,-0.3228936,0.34558955,-0.24765395,0.1345767,0.20394887,0.5410093,0.031006739,-0.21239421,-0.17532016,0.62048894,-0.09461547,0.08439362,-0.16050787,-0.22843783
0.60015917,0.71563894,-0.059955068,-0.030763403,-0.37447873,-0.40650854,0.08097774,0.25065896,-0.1313459,-0.23928164,-0.02535608,0.15288274,0.020887177,-0.0451291,-0.09701741,0.16287634,-0.3164047,-0.07340543,-0.10715973,0.07930205,-0.03933055,0.13782415
-0.70355135,0.6144722,-0.18204233,-0.12724502,0.17125845,-0.021095894,-0.45550305,-0.093698606,-0.061179515,-0.31897748,-0.08023896,-0.3682784,-0.083895765,0.08984574,0.09539998,0.19489989,0.13463658,-0.05546213,0.27324703,0.14912426,0.0005280608,0.015849108
-0.7159492,0.58606863,-0.17471859,-0.08470158,0.12985365,-0.039378908,-0.012016592,0.13482305,-0.027921079,0.054256186,0.033897348,0.19154398,0.07251159,-0.12578432,-0.025873682,-0.18714981,-0.0005081866,-0.1130014,-0.30198795,0.051529005,0.0112647265,-0.20747061
-0.4420698,0.4639805,0.057832908,0.019571275,0.21242265,0.10123101,0.036074083,-0.2927812,0.1278802,0.6013933,0.15156192,-0.67705333,-0.18785082,0.07904522,0.1909797,-0.050965887,-0.08214049,0.21734227,0.024201984,0.16252764,0.05449649,-0.3050815
-0.64483553,-0.028077533,-0.2503346,0.105885655,0.8830408,-0.3925878,-0.32416838,0.07079732,-0.1413451,0.17826658,0.26179257,0.21141477,0.19049254,-0.2908062,-0.11192734,0.047834277,-0.0020147697,-0.09646078,-0.16413923,-0.03195177,0.067966074,-0.24064736
0.8808392,-1.1052359,-0.40920445,0.18488519,0.46442795,-0.27104354,0.01856006,0.82941926,0.39973935,-0.5220062,0.10248846,0.0132658575,-1.0751002,0.47747022,-0.16338326,-0.4234876,0.39689615,0.23908846,0.107282646,-0.22465396,-0.1848026,0.15450715
0.67055845,-1.169307,-0.33759016,0.25866574,0.57496613,0.58963215,0.030098539,0.11738826,-0.5252062,-0.6586902,0.12804793,0.30740792,0.4978414,0.10934689,0.0906214,0.22552384,-0.15461929,-0.42219493,-0.038839884,0.0026984166,0.028346471,-0.16906549
-0.7539406,0.2445428,0.058188803,0.13590795,0.45877868,0.42514253,0.9633165,-0.05324159,-0.10492493,-0.2512819,0.022126574,0.050362118,-0.0801724,-0.014780176,-0.18490583,0.20077595,-0.1371201,-0.06796833,-0.061150476,-0.09417186,-0.032750353,-0.03830874
-0.3826561,-0.022805775,-0.08511381,0.7956815,0.2096463,0.85680944,0.5918889,0.82643783,0.64638174,0.46955314,0.5192767,-0.20744918,0.30316627,0.3378734,-0.19904032,-0.047414735,0.36261255,-0.15684035,-0.08825505,0.16614957,-0.018101685,0.029306905
-0.68851364,-0.6449662,-0.4643984,1.3342946,0.37554824,-0.012955307,-0.42512122,-0.4878222,-0.24344811,0.048961822,-0.32576844,0.25354478,-0.6320641,0.30630523,0.6038671,-0.3581745,-0.46373552,0.1751772,0.0052208025,0.17963628,-0.18908824,0.18191887
-0.55524164,0.2080208,0.16985512,0.11865247,0.61422205,0.5032965,1.0674728,0.21839592,-0.025414163,0.48980865,0.21186602,-0.01624256,-0.13065347,-0.07504646,0.04465751,0.12090569,-0.40470853,-0.07096324,0.10579975,-0.026315186,-0.00964606,-0.17982642
-0.58451355,-0.10592827,-0.3303327,-0.72822136,0.054142352,0.28878388,-0.34982917,-0.22323105,-0.02485492,-0.013663573,0.002291388,-0.28177512,-0.13552517,0.16567053,0.022658741,-0.12604159,0.03871967,0.1114759,-0.03987341,-0.21389332,0.007556813,-0.015392812
-0.6285503,-0.12411473,-0.55715764,-0.6720092,-0.4204006,0.0019712565,-0.07099434,0.26123482,0.27186492,-0.007267228,-0.6314062,-0.32546738,0.10827072,-0.43543583,-0.07934857,0.0032766396,0.026080646,0.065310545,0.11129126,0.11586771,-0.16570328,-0.017694656
-0.63655597,-0.58328027,-0.71160525,1.3095905,0.019918928,-0.329131,-0.3906448,0.40667918,0.06994919,0.25435945,-1.2106762,0.12154423,-0.41601282,-0.258032,0.14605203,-0.3038818,0.18187311,0.026017146,0.17937776,-0.3221808,0.5345844,0.05403447
-0.6742493,-0.67139184,-0.54480475,-0.3287376,0.09085839,-0.40490413,0.13368517,-0.26223662,-0.1631254,0.06925372,0.26145643,0.1369178,0.078525364,-0.13918906,-0.0950826,0.15014456,-0.10707541,-0.030117013,0.10642023,0.025502037,0.055858772,0.07530378
1.0056717,-0.16293718,-0.02874064,-0.5941873,-0.0214777,0.23518538,-0.23588741,-0.21265228,0.025449788,0.21185197,-0.24776722,-0.47690728,-0.09210104,0.23483351,-0.06300623,-0.15242238,0.6093662,-0.05766493,-0.13793027,0.081253804,0.93452793,0.20751819
-0.91749555,0.059667997,1.2198348,-0.03390102,-0.06926455,-0.04451191,-0.16764735,-0.19510375,0.0031407287,0.03817759,-0.026350562,-0.02812003,-0.030999819,-0.024216346,-0.010721257,-0.006242802,-0.04316791,0.1290271,0.17762601,-0.33515823,-0.040413532,0.10692467
0.59852797,-0.6241552,1.4579728,0.32682532,0.38893196,-0.554927,-0.027251149,-0.44881448,-0.07311355,0.3189784,0.270472,-0.038761854,0.119733065,-0.19660614,-0.3638852,0.03848773,-0.34654966,-0.17847878,-0.07394063,-0.06001922,0.0069192746,0.12625669
0.8180744,-0.19829303,-0.10535678,-0.5187604,-0.1596799,0.2989496,0.74088275,0.58363634,-0.25160012,-0.13911301,0.11840168,-0.10753628,-0.12814634,0.08084395,0.065450974,0.06532184,0.06454343,0.23900183,-0.17878774,-0.3458169,-0.03269213,0.019878266
0.9368843,0.5073185,0.21292444,-0.03191798,0.27158317,0.051677518,-0.31456667,-0.16193326,0.033615828,0.12859474,0.04627768,-0.5334585,-0.040306207,0.05718895,0.17192738,-0.22341323,0.35041752,0.11316761,-0.21857601,0.12863834,-0.013191225,0.019297928
-0.7298979,0.51786596,-0.10106756,0.08510366,-0.17060906,-0.1020244,0.35547262,-0.44408247,0.03824904,-0.05135841,-0.006008184,-0.12206436,-0.035807405,-0.01868402,-0.43497697,0.06718448,0.08503832,-0.124288954,0.12209297,0.112704866,-0.041555975,0.20221364
-0.7811394,-0.5801749,0.9807012,-0.7056862,-0.20920986,0.21785527,-0.30672947,0.005317885,-0.05366693,0.26729488,0.048827667,0.0338599,-0.04498874,0.027328474,0.024879089,0.07185196,0.13084325,-0.1283624,0.45923036,-0.014063898,-0.0009360819,0.031326927
-0.6539013,-0.36956292,-0.5036115,1.0465009,0.31588662,0.17896284,-0.8006993,-0.16280518,-0.25363278,-0.1675803,0.19832088,0.09104652,-0.29345125,-0.35188666,-0.24539,-0.12416287,-0.10975065,0.30750662,-0.08565188,0.035954326,0.081243716,-0.046271406
0.79224956,-0.5657662,-0.10406557,1.410344,-0.18551458,0.054776922,0.046789285,-0.92861146,-0.12925741,-0.046904065,0.20380774,-0.08724815,-0.3599751,-0.30233324,-0.11832868,-0.07837614,-0.17221609,0.014065688,-0.12272066,0.12022272,0.014675753,0.49251005
-0.6904495,0.03728096,-0.3455342,0.1829367,0.5321608,-0.57004964,-0.27832696,-0.019577779,-0.17863366,-0.11626081,0.2012523,-0.049970742,0.15170012,-0.22042342,-0.041280016,0.011111694,0.16882154,0.088459365,-0.28841832,-0.10766337,0.053437717,0.0038321982
0.9039781,0.5548353,0.19012873,-0.064957626,0.21189077,-0.015001739,0.1151208,0.30883557,0.0069300267,0.65507346,0.15322334,0.25800866,0.056200564,-0.1608537,-0.026452415,0.17448367,0.061831508,0.117988214,-0.13010663,0.06362559,-0.025861368,-0.028500212
-0.8306176,0.1000957,1.2085997,-0.09964667,0.02349736,-0.024939334,-0.35081115,0.07678752,-0.03802665,0.2026124,0.019195413,-0.098722205,-0.0038834393,-0.046555273,-0.12254419,0.16166031,0.13143569,-0.07869229,0.25441843,0.09779042,-0.02765491,0.11285792
0.685375,0.20439148,-0.20284024,1.0149192,-0.7152077,0.43955493,-0.16546501,-0.15545806,-0.16488482,-0.28242886,-0.06430093,0.3284314,-0.38479415,-0.20809053,0.74640435,0.22382107,0.3507443,0.39444652,-0.1336743,0.044554494,0.019582475,-0.06509299
-0.7277834,0.56466043,-0.11597964,-0.13364874,0.31239372,0.061530255,-0.37538105,-0.20755072,-0.03001758,-0.2199248,-0.082400195,-0.19459005,-0.09325676,0.094933145,0.003339649,0.20412326,-0.021053044,0.095548436,-0.16198297,-0.23940253,-0.013008969,-0.09309111
0.68209004,0.6948362,0.0057894234,-0.08139822,-0.1778018,-0.3049979,-0.13156344,0.16049977,-0.08189901,-0.21835928,-0.007222072,-0.09141656,-0.02112591,-0.011016736,-0.2801518,-0.022954794,-0.3049576,0.06974852,0.35328493,0.075614445,-0.025354715,0.072684385
0.9035664,-0.24565169,-0.14824662,-0.5501686,-0.4016493,0.055906426,0.17686388,-0.051001437,0.33699155,0.26661456,-0.5961727,-0.3959474,0.08009688,-0.3890022,-0.15194595,0.20767276,0.1312022,0.12176615,-0.17962655,0.086244576,-0.18169355,-0.015248644
0.70666623,0.34104186,-0.010599334,0.066746235,-0.028995521,-0.20681386,-0.16555257,0.18068211,1.1809843,-0.44063458,-0.44917828,-0.27688485,0.14256611,-0.1597056,-0.11099858,-0.010552257,-0.30590183,0.13718362,-0.14469403,0.13768572,-0.17714684,0.093449004
0.6041067,0.62057036,0.013705412,0.019720051,-0.24910939,-0.26882324,0.09470136,-0.0801507,-0.08046245,-0.34824163,-0.06304354,0.08885588,0.022695895,-0.0127089145,0.08897286,0.07938101,-0.12841496,0.04231676,-0.17364725,0.07146215,0.025998857,-0.2474648
0.6764157,0.6499174,0.016448088,-0.03545523,-0.20170386,-0.28642428,-0.051931545,0.09590529,-0.06500306,-0.21546821,-0.006303737,-0.08580641,-0.01576785,-0.023235954,0.05588828,-0.076388516,-0.24173331,-0.16966157,0.35927027,0.086489975,-0.018616976,0.012439529
-0.6958796,0.5037664,-0.095792875,-0.16588227,0.5632003,0.20862511,-0.37620503,-0.15679896,0.005709202,-0.15025371,-0.057713002,0.14944015,0.061120205,-0.045460597,0.035265364,-0.1382433,-0.064658195,0.15208,0.13508411,0.14918067,-0.03097959,0.21997444
0.74724436,0.49034154,0.20171142,-0.04580274,0.25521472,0.040811643,-0.2405476,-0.36789137,0.0056566666,-0.20513378,-0.07462324,-0.20402294,-0.06622132,0.06857681,0.03082141,0.12745377,0.17082018,-0.19941606,0.14043522,-0.2723178,-0.043337353,0.005654083
0.73414755,0.42616338,0.006588979,0.3292939,-0.23509932,0.030794246,-0.043013465,-0.056120932,0.00035629835,-0.22009328,0.018942393,0.29846892,-0.7278378,-0.49268058,0.1477041,-0.21081296,0.5493129,-0.12437077,0.19923247,-0.27412495,-0.011132957,0.04754985
-0.7507155,0.606076,-0.17420934,-0.093247734,0.055522326,-0.10081744,0.14215557,0.2283473,-0.02310667,0.20362368,0.06681064,0.3593374,0.031525876,-0.15300542,-0.06215857,0.014747235,-0.3141437,-0.18441103,0.07672337,-0.08149774,-0.0037700848,-0.21845555
0.69856966,-0.4905195,-0.35125995,1.211088,0.16675252,0.04050504,-0.6256309,0.1862949,0.5645206,-0.5038799,0.4543536,0.6986467,-0.11909067,-0.23105353,0.13090335,-0.31675297,0.11182795,0.027811961,-0.079505526,0.055864826,0.0917353,-0.010638983
0.98167115,-0.20114729,0.03763603,-0.74510103,0.38405484,0.44749048,-0.35784152,-0.15202408,0.035443723,0.31480044,0.080930084,0.00067950715,-0.0125401495,0.047890022,0.015024674,-0.34805533,0.15050614,0.2163794,0.09526115,-0.15896705,-0.023502413,0.08387476
-0.59013164,-0.025006004,-0.40739533,-0.7409337,-0.1111541,0.1627729,-0.13571845,0.20879212,-0.09227735,0.28318402,0.07370925,0.08779511,-0.0601752,0.051958073,-0.07948537,0.23471199,0.0014434222,0.0033786662,-0.18770729,0.07679393,-0.017307747,0.13251688
-0.6951369,0.6659994,-0.21237692,-0.15458788,0.13559169,-0.07329821,-0.17867778,0.24583064,-0.06048926,0.018288134,0.011430157,0.15190473,0.035842933,-0.09465188,-0.29883707,0.110694915,0.02594001,0.26973304,0.20310901,0.043059625,-0.039586294,0.20175417
0.88240206,-0.65147406,-0.27209923,-0.29114574,-0.015662,-0.5125005,0.24356472,-0.01782394,-0.13897964,0.4266348,0.3753861,0.11221236,0.08380944,-0.18793088,0.14764927,-0.018950352,-0.23274209,0.2951264,0.19611439,-0.011264163,0.078664854,-0.052210987
-0.63265896,-0.06927134,-0.23003086,0.13786747,0.9234278,-0.3332011,-0.25255114,-0.0410397,-0.12848103,0.21502905,0.24389428,0.2982364,0.20496826,-0.28404373,0.060808823,0.22130777,-0.00031053537,0.08254882,-0.09637475,0.15352006,0.04118127,0.08808163
0.53177816,-0.4321011,1.1116226,0.2727346,0.10606946,-0.8798042,-0.4578594,0.6214412,0.5665985,-0.18378454,0.5026261,0.25148365,0.22660996,-0.0025806546,-0.17712091,0.2315299,0.13733195,0.147566,-0.13430016,0.034148674,0.059167746,0.11692994
-0.6614758,-1.0306263,-0.4422371,-0.13416739,0.7670072,-0.17040035,0.6168389,0.07091845,-0.3820576,-0.21802905,-0.25211695,0.08550203,-0.25322166,0.54239696,-0.30664092,-0.17945538,0.0131979305,0.27330434,0.018341713,-0.04154111,-0.19805615,-0.0030737752
0.675282,-0.020697493,-0.24693315,-0.58635956,-0.5704615,-0.07556119,0.09164025,-0.095966935,-0.1311314,-0.35121208,-0.047737896,0.11869224,0.0014947945,0.05308589,-0.06599755,0.073558874,0.21604237,-0.18174832,0.046701144,0.07029324,0.018846447,-0.08938666
0.6769886,-0.16915071,0.06901637,0.28590444,0.76084477,-0.3771842,-0.09097551,-0.65580034,-0.11006086,-0.2562439,0.10586919,0.23856242,0.1666747,-0.1540491,0.21867706,0.37977517,-0.051122535,0.16852352,-0.09537208,0.06370978,0.050815683,-0.015749486
-0.54627645,-0.7017726,-0.6537791,-0.12346342,-0.005649354,-0.29233953,-0.45856565,-0.008533227,-0.18435618,-0.01499542,0.33516705,-0.2290568,-0.7771968,-0.4141984,-0.31738442,-0.2157191,-0.005480709,0.20734012,-0.17771251,0.1614008,0.12676236,-0.029306915
-0.67041403,0.20974976,-0.3878611,0.9446393,-0.5779278,0.51719433,-0.21098536,-0.11157598,-0.11168099,0.03659341,0.021829084,0.06499143,-0.48739344,-0.18277647,0.35387415,0.06658197,-0.05836565,0.2905921,-0.04057894,0.11814996,0.042605598,-0.098660514
0.6738337,-0.18015468,-0.25502238,-0.43579838,-0.32142192,-0.30171862,0.38171005,0.115195684,-0.13088396,0.09403427,-0.8009737,0.72888887,-0.1892767,0.6162145,-0.46526587,-0.33549878,0.09252108,0.0063601434,0.044815563,-0.004762321,0.6810538,0.049135804
0.69026613,-0.9002611,1.2338223,-0.44969788,-0.43714425,0.08004334,-0.06405776,-0.033701267,1.2182723,0.13408522,-0.34887838,-0.3316772,0.039910596,-0.075995564,-0.1301307,0.22563563,0.12097618,-0.042080097,0.023524357,-0.2536723,-0.18596648,-0.023098903
-0.71053696,0.59999895,-0.17465906,-0.15570724,0.2756834,0.016013864,-0.3134221,0.10359123,-0.056133073,-0.08835105,-0.029450217,0.049545255,0.011165989,-0.036554363,0.02382473,0.09040596,-0.015370192,-0.12717283,0.044504907,0.08538046,-0.03203908,0.13531756
-0.7215634,0.5885165,-0.16788888,-0.036061905,-0.000871409,-0.059378967,0.2026236,0.11826383,-0.03107064,0.19185086,0.01062948,0.3699178,0.011995301,-0.1438764,0.15203105,0.4618896,0.4528526,-0.11097896,0.04187304,-0.52787983,-0.0793904,0.11816695
-0.5179605,-0.45728233,-0.10346987,-0.5111276,0.4732911,0.80378133,0.74922884,-0.078680076,-0.07198866,0.04759396,0.12455203,-0.16135646,-0.1273684,0.09289925,0.04370493,-0.1866901,-0.052318923,0.3104489,0.07949996,0.09987355,0.027553268,-0.098899804
-0.56585354,0.42505488,-0.049193412,0.017423859,0.37743893,0.2682938,0.6677645,0.73430115,-0.16602778,0.16160952,0.17696916,-0.22036491,-0.08632835,-0.0767491,-0.086855836,0.0027638706,-0.03792743,0.051018607,0.059465434,0.035914544,-0.026533777,0.04897795
-0.7377417,0.62442374,-0.19438526,-0.0878754,0.0074987137,-0.12864856,-0.06521727,0.13973986,-0.042702053,0.0073689967,0.015430162,-0.0064560403,-0.04127065,-0.04363642,0.091969304,-0.00041236027,-0.10934248,-0.2441711,-0.11336213,-0.2582216,-0.028480558,-0.07591769
0.36513516,-0.7024588,1.0870035,-0.30896413,-0.82527536,-0.4021819,0.34332684,-0.42225838,-0.18271466,-0.19581342,-0.61331403,0.36067525,-0.32968995,0.73781466,0.13005352,0.17287153,-0.17950888,0.07413151,0.16309215,0.16432288,-0.24430482,0.0024214224
-0.98489535,0.09197294,1.1661195,-0.012655625,-0.20449822,-0.122364976,-0.13897547,-0.25626075,-0.02703877,-0.17133017,-0.071992554,-0.023305802,-0.020706046,0.0044184607,-0.10519122,0.023671186,-0.10502215,0.2631186,0.076473676,-0.22942907,-0.035978343,0.1601714
-0.49687657,-0.3753192,-0.49264395,1.0442886,0.16811223,-0.5152562,-0.39917764,0.52811956,0.5064065,0.558588,0.11475714,-0.2918362,0.037613347,0.93859255,-0.062121525,0.17712724,-0.06718165,-0.21471614,0.15398464,0.14219378,-0.1910965,-0.11394534
-0.6968747,0.69772637,-0.25097027,-0.0963329,-0.100269474,-0.19641225,-0.1458876,0.2186444,-0.08115804,-0.060996994,0.008409363,-0.14623356,-0.021466196,-0.025439579,-0.19111255,0.101243734,0.06154526,0.13813843,-0.012849211,0.12173173,-0.021843618,0.14607978
0.88234144,0.5193898,0.21404254,0.0342528,0.011775022,-0.058519848,0.27639103,0.051620122,0.012568906,0.5966282,0.11008955,0.06180572,-0.050509237,-0.07241755,0.20288824,0.6368568,0.2535128,-0.16464153,0.12330551,0.013831803,-0.040774487,0.025018523
-0.6607889,-0.0021541573,-0.46143848,-0.72285503,-0.22716504,0.0968374,0.061193075,0.3149636,-0.1022026,0.24975002,0.078743085,0.42400604,0.02173418,-0.057443265,-0.11026378,0.11022403,0.009619557,0.037012994,-0.17976415,-0.069791794,-0.015350225,0.050762635
-0.64099807,-0.82347697,-0.58376426,-0.20926145,0.3661521,-0.5540137,-0.016783146,-0.19113617,-0.23982035,0.08911271,-0.27613312,0.25333494,-0.12394714,0.44033253,0.036593672,-0.30402142,0.42906687,-0.09847904,-0.03491193,0.09663847,-0.1910747,-0.011893213
-0.6947106,0.60054,-0.18453498,-0.12168172,0.21435818,0.0045062476,-0.09341716,0.20813832,-0.036110114,0.06812772,0.019270904,0.30053502,0.09262532,-0.15425858,-0.006632134,-0.056537293,0.18981147,0.05215984,-0.055306263,-0.0636572,-0.030443057,0.05868305
-0.718686,0.4188653,-0.050094392,-0.024072306,0.38067007,0.18865503,-0.08920524,-0.46123502,0.057578366,-0.19051054,-0.05165781,0.00046223722,0.04047385,-0.030446792,0.220212,-0.28011116,0.14151178,-0.2509442,-0.11328912,0.073886774,-0.0060886582,-0.10918258
0.8871078,0.3890845,0.34367248,-0.014618663,0.47054255,0.20083702,0.06845284,-0.3967397,0.10939901,0.42466128,0.062193353,0.034274235,-0.025505047,-0.017152928,-0.06511286,0.1067084,-0.21426426,0.21936336,0.15814437,0.1122881,-0.051583406,0.24417399
-0.96170497,0.093522914,1.1469204,-0.11625069,0.07820595,-0.0070153545,-0.49063426,-0.09290139,-0.055179004,-0.27148038,-0.08576293,0.023155859,0.05530788,-0.020364571,0.077961445,-0.16298094,-0.094240375,0.21628043,0.14226972,0.111252576,0.0082121575,0.016792998
0.6817996,0.118918575,-0.34817746,-0.67102265,-0.6645805,-0.2128777,-0.018135913,0.3562992,-0.21770376,-0.20747213,-0.014474832,0.21386315,-0.0040352885,0.052439783,-0.15980922,0.38102707,0.09673988,0.11094744,-0.20603245,0.057643678,-0.020670746,0.13510242
-0.5586561,-0.9065963,-0.5948018,-0.41664636,0.58227116,-0.24636148,-0.55348194,0.23337679,1.0419571,-0.12557954,-0.15583915,-0.20478576,0.2214863,-0.2798853,-0.18358973,0.1542229,0.008946244,0.069289014,0.03791283,-0.047605604,-0.098914124,-0.032685068
0.70983565,-0.097956106,-0.09150193,0.24757247,0.67547655,-0.59629107,-0.51104844,0.07064094,0.67210865,-0.54839027,0.4321555,0.07629386,0.18091159,0.10028634,-0.1723921,-0.13602199,-0.04377878,0.037104808,-0.063842714,0.035221178,0.0677453,0.018206997
-0.5716745,-0.56289375,-0.3105316,-0.37815166,-0.10893283,0.34995195,0.34259835,-0.3577613,1.2987276,-0.0067941383,-0.36378756,-0.107358694,0.15243529,-0.18517777,0.20990156,-0.052936308,0.39319217,-0.39753583,-0.058074597,0.37421033,-0.08871733,-0.29223198
-0.5634444,-0.18725286,-0.24942082,0.26646128,1.0251356,-0.60794324,-0.4307837,0.010167623,-0.16951388,0.3052154,-0.24469373,-0.05545817,-0.17172633,0.38960883,0.18933007,-0.33318242,0.17602676,-0.22938994,0.36171806,0.029847123,-0.2036819,-0.073202714
-0.66542596,0.5406575,-0.072905816,-0.121822886,0.3305247,0.06724609,-0.16002314,-0.07526864,0.021708148,0.11553025,0.03807578,-0.057908744,-0.027333084,-0.022749202,-0.23319615,-0.12555754,-0.2658214,0.007709748,-0.03614636,0.06361527,0.02264726,-0.2761862
-0.63179535,0.5347731,-0.08845847,-0.101912215,0.32508713,0.08445229,-0.15349282,-0.06930096,0.027318291,0.11205596,0.03164527,-0.04290778,0.012720087,-0.054400105,-0.09265158,-0.24882962,-0.10285412,0.17135918,-0.056517776,0.095554516,-0.001049261,0.033656154
0.67678785,-0.14657326,-0.32031164,-0.3197287,-0.66362184,0.06069782,-0.11839935,-0.021367928,-0.09760822,-0.36184844,0.027834801,0.23612796,-0.8311928,-0.27523714,0.035967745,-0.2931592,-0.3839625,-0.07277196,-0.09041818,0.15044498,0.03533951,0.05889389
0.8063614,-0.77973574,-0.17301348,-0.25788113,0.20443858,-0.30878147,0.14348705,-0.61628544,-0.13860759,-0.004486158,0.21411139,0.07943297,0.103378266,-0.091123834,-0.32186148,0.30636343,0.32697213,-0.119807705,-0.05658554,-0.012545244,0.053484313,-0.022673337
0.8377047,0.5836304,0.14242893,0.017709764,-0.095341265,-0.16440822,0.078787826,-0.06077083,0.013867425,0.19315226,0.06686351,-0.26292294,-0.063629955,0.0049769604,-0.00083370425,-0.00853915,-0.12831165,0.37133095,0.122682914,0.10519029,0.0053090197,0.011590749
0.7251924,-0.09640844,-0.14829352,-0.6015554,-0.3431268,0.06155491,0.30882946,-0.0133463675,-0.073899455,0.10280827,0.037302747,0.5359169,0.054490436,-0.06165101,-0.12999114,0.13211536,0.08815641,-0.22909084,-0.002945122,-0.11321093,-0.024877954,0.0058153016
0.6684459,0.6329516,0.05331008,-0.06589705,-0.05773175,-0.20666552,-0.06567647,0.097862296,-0.074744254,-0.12651385,-0.02692251,0.101319134,-0.015349478,-0.020586416,-0.014634735,0.16283453,-0.11488589,-0.06144835,-0.09463826,-0.30227643,-0.04453527,-0.009995414
0.9431067,0.16216022,-0.091873705,0.9344974,-0.42582896,0.421716,-0.5402895,0.4707471,0.7221351,0.26205325,0.41736913,-0.12463914,-0.53904706,0.13640745,-0.26165423,0.029778115,-0.19848317,0.0030165084,-0.22828066,0.13539794,-0.0010201053,0.16083202
-0.70803803,0.5871898,-0.16681944,0.02093164,-0.1331861,-0.12375002,0.158767,-0.14312257,-0.018664781,-0.03620881,0.00070717104,-0.09752252,-0.0051360545,-0.036180064,-0.21057554,0.06847788,0.21054038,0.044673447,-0.22866763,0.11274156,-0.0007194411,-0.016526176
0.6559029,0.5685717,0.042474445,-0.13571478,0.30424947,0.012377254,-0.097823605,0.22835049,-0.047101736,-0.21797885,-0.038150396,0.8040772,0.26513702,-0.30284753,0.020319834,-0.3942737,0.25648373,0.015719388,0.41086414,-0.17575367,-0.019661374,-0.038072336
-0.98527354,-0.9195894,0.9447605,1.0360204,0.0453426,0.088140085,0.4612153,0.16417837,-0.45855764,-0.30532703,0.20987698,-0.050538845,0.45485035,-0.01882461,-0.32608733,0.20878431,-0.24159251,-0.19260043,0.05052263,-0.048948362,0.020388404,-0.0444397
0.88147587,-0.38991168,-0.22700883,1.2091379,-0.05881943,-0.028919177,-0.49416962,-0.14501414,-0.2052989,0.102887146,0.31201857,-0.23579054,-0.34891108,-0.33913478,0.17759898,-0.38275883,-0.20070833,0.1269119,-0.07861795,0.07175273,0.07981444,-0.09133757
-0.7047455,0.06666708,1.2715665,-0.051397853,-0.03352637,-0.0699486,-0.13916662,0.25192726,0.060020167,0.7150337,0.19092464,-0.28010583,-0.048321422,-0.11176575,0.19693717,-0.58550686,-0.2626486,-0.21297003,-0.055014405,-0.2817681,-0.02347141,0.003316021
-0.6386509,-1.2603356,-0.64324486,0.6299203,0.15400077,0.65775704,-0.027405249,-0.004735579,-0.40164483,-0.5332645,0.26998734,-0.32715407,-0.5299444,-0.13873751,0.2716554,-0.3652804,-0.33132756,0.06066431,0.15312731,-0.3198745,0.13317172,-0.46901032
-0.7185751,0.2998052,-0.2748561,0.5431114,-0.13158955,0.45029423,-0.49230263,-0.3012602,-0.12619075,-0.1565109,-0.0904498,-0.37103766,0.2398025,0.32866278,0.31838447,-0.0911853,-0.719239,-0.106159054,-0.026728403,0.17678757,-0.06652429,0.42016175
-0.6732949,-0.4520395,-0.14594531,-0.5626668,0.5516947,0.8334597,0.54432976,-0.22377047,-0.15119995,-0.4334953,-0.03728278,0.004146186,-0.11484354,0.14668074,-0.11388332,0.16158792,0.17789283,-0.046987254,-0.094032586,-0.17282607,-0.014537547,-0.015755037
-0.64208156,-0.36189604,-0.5523161,0.041466814,-0.6186206,0.60846585,0.19221015,-0.050314527,-0.110794686,0.35282347,0.08482033,0.41705757,0.40550217,0.11091791,0.44621012,-0.33183342,-0.36791387,0.2467023,0.07591028,0.15527904,-0.008643161,0.06285791
0.96497184,0.023938153,-0.16072498,-0.63877994,-0.4726869,-0.05957257,0.025659235,0.3775169,-0.09997342,0.5281074,0.16473415,-0.23085093,-0.11093156,0.06331592,0.0064629843,0.28376025,0.22632234,-0.054399874,-0.10661788,0.09574911,-0.00011029937,0.0074633197
-0.93458575,-0.36474112,0.9444706,0.93283635,-0.54997545,0.5924799,-0.45912609,-0.09365752,-0.11126475,-0.10331911,-0.005053093,0.3332395,-0.30582187,-0.3331956,0.5314122,-0.63532245,0.025557118,-0.5612241,0.015128595,0.10794896,0.024996439,-0.12061963
0.87446314,0.47464263,0.25707945,0.10214792,-0.06200785,-0.0843358,0.28816184,-0.3213206,0.059706517,0.4234937,0.087101325,-0.34698656,-0.12260214,0.0629538,0.037418492,0.25761917,-0.13124235,-0.03181675,-0.23149295,0.13348415,-0.03711135,0.16550301
-0.72721934,-0.13270158,-0.3185771,0.36336482,0.41767257,-0.648228,0.07687129,0.016886896,0.7441843,-0.134001,0.5366716,0.1782268,0.14530346,0.022142578,-0.23167545,-0.15609516,-0.32439566,-0.18266816,-0.17066845,0.07326937,0.0317879,0.27291027
0.79633605,0.57958394,0.13708937,-0.017735621,-0.07027761,-0.21307603,0.019921398,0.0638591,0.0008121648,0.20416406,0.09804672,-0.29663008,-0.06512981,0.0037774595,-0.04651,-0.32612285,-0.55912197,-0.33404818,-0.1940058,0.1429214,-0.01407937,-0.01638931
-0.60442907,-0.89417124,-0.3496078,-0.28595886,0.5587593,-0.03730212,0.04448983,-0.7862114,-0.087951474,0.10743854,0.20074911,0.081544586,0.08555759,-0.06712464,0.17779514,0.31058452,0.26441848,-0.36112377,-0.30967864,0.13042086,0.041294973,0.14228068
-0.7346701,0.575841,-0.14911844,-0.07620936,0.12674007,-0.03378699,0.029969824,0.0302111,-0.026504397,0.07827521,0.016398475,0.18306765,0.015761647,-0.06623424,-0.036192287,0.09003663,-0.18213326,0.013925594,-0.28950953,0.054737803,0.010952649,-0.18896437
0.9597019,-0.21078576,0.054300368,-0.78482604,0.50259227,0.506082,-0.40968367,-0.10319272,-0.010411122,0.3812293,0.058009237,0.16010666,-0.016544925,0.07613248,0.041953456,0.183851,0.054528028,0.06271558,0.006327377,0.16439073,-0.00067912496,-0.019011712
0.81254554,-0.100573115,-0.31622636,0.84457195,-0.13365397,-0.35843086,-0.44347218,0.29395875,-0.36324915,0.035093643,0.22434905,-0.17789921,0.5032128,-0.04272405,0.09367857,0.24959068,0.30330178,-0.059485365,0.1115158,-0.010383074,0.03670406,-0.06658329
-0.7468467,-0.59168357,0.90939987,-0.6017699,-0.32881707,0.25185832,0.25665295,0.812833,-0.2983278,-0.09988269,0.1422261,-0.5435655,-0.13859703,0.099461384,-0.17796595,-0.22319148,0.023269122,0.16126873,0.058826186,0.14902201,0.024706246,0.047467973
-0.70001507,0.5702619,-0.16126448,-0.11703978,0.2623361,0.04212755,-0.23428999,0.016778069,-0.03747091,-0.08477746,-0.03250674,0.06708809,0.0296759,-0.0503266,0.12236159,0.045396775,0.10634966,-0.054513283,0.021625707,0.09040465,-0.026357705,0.15026577
0.6085173,0.014155346,0.013255398,1.048953,-0.45734158,0.6324402,-0.14836513,-0.96501863,-0.07690311,-0.5351312,-0.16317336,0.0800844,-0.49890682,-0.05208502,-0.08635302,0.27883387,-0.052945904,-0.41704082,0.06504271,0.08950318,-0.010991158,-0.007301577
0.4844232,-1.7600058,0.67168254,0.66620374,-0.4867061,0.119309284,-0.7490585,-0.0997006,0.8815922,-0.6665929,-0.29149324,0.26976392,-0.107754,-0.45707753,-0.13275293,0.034285933,-0.2544023,0.49187148,0.23453708,0.022252738,-0.07638193,0.083878644
0.9336592,-0.22072837,-0.32620606,-0.051680405,-0.6855192,0.45864457,-0.34561434,0.2568093,-0.22806324,0.29562417,0.067526534,-0.19666095,0.30217415,0.25222346,-0.050644595,0.061788213,0.22524944,0.04574578,0.024906645,0.047064167,-0.0010421597,-0.034673255
0.8041617,-1.1666232,-0.37928447,0.744498,-0.49207747,0.2064164,-0.09248571,-0.79364485,-0.24093696,-0.022198392,0.21359128,-0.08006723,-0.47953805,-0.13829836,-0.0633977,0.4805096,-0.033780545,-0.55562496,0.01790302,0.076120675,0.04052913,0.14941247
-0.62059635,-1.1775463,-0.5355545,-0.18139619,0.70264095,0.045654826,0.30040208,0.3433309,0.9552287,-0.7044585,-0.12657201,-0.48177868,0.18638071,-0.25038084,0.34801313,-0.59405255,-0.37056896,0.12914917,0.18683507,0.06725151,-0.12694521,0.25555956
-0.6831661,-0.5013402,-0.5418656,1.3306924,-0.15708841,-0.042902894,-0.23572002,0.0038438537,0.6465472,-0.13631125,0.5479771,0.22746867,-0.3384195,-0.14546496,0.14442658,-0.13251723,0.06675739,-0.21995278,-0.06942466,-0.2990098,0.08174095,-0.12971935
-0.6653245,-0.674895,-0.5350611,-0.44511044,0.41832426,-0.27385324,-0.18711713,-0.14823131,-0.16230695,-0.008976436,0.26091957,0.22239181,0.14041162,-0.1687726,-0.09317924,-0.16572204,-0.1854178,0.09745572,0.10116342,0.057989623,0.11021905,-0.31021723
0.75067943,-0.25021812,-0.44185123,0.04879074,-0.86744785,0.4147182,-0.1355865,0.037198555,-0.23229034,-0.2503838,-0.04073867,0.1900901,0.4674452,0.15788372,0.3865505,-0.37920693,0.41048944,0.27970964,-0.11621996,0.008086799,0.0051212544,-0.033535026
-0.9652805,-1.0025591,0.8442841,1.4281588,-0.5581043,-0.050723508,0.07107198,-0.5998449,-0.17865136,-0.0015316594,0.21803501,0.25685114,-0.27798635,-0.45864686,0.48917618,-0.16342539,0.12491229,-0.5125865,-0.1142355,-0.27839953,0.024333619,0.08830378
-0.58860826,-0.84506214,-0.7758819,0.14778216,0.051370256,0.15071438,-0.39493987,0.28180248,-0.32363915,0.19825062,0.27760136,0.4905326,0.64025766,-0.15370522,0.10152242,-0.29885572,0.3375345,0.04739119,0.181111,-0.12045962,0.026536738,0.0563682
-0.980567,0.15828659,1.1015683,-0.08412535,-0.20912908,-0.17088161,-0.35397536,0.030863233,-0.08365948,-0.22672182,-0.07354976,-0.056954466,-0.018105984,-0.02528945,-0.0024446072,0.11795409,0.11680169,-0.16095483,0.42569894,-0.23957492,-0.043048657,0.11332067
0.7614307,0.38125944,0.28141809,-0.07225272,0.61300063,0.25857243,-0.13256016,-0.41741264,0.0751932,-0.06794704,-0.031599663,0.28999996,0.12365384,-0.10576089,-0.15415616,-0.3974691,0.035132285,-0.05236445,0.025391022,-0.020837907,-0.0036052167,-0.15952958
0.6873508,0.54066575,0.089333266,-0.036125895,0.08522334,-0.10396885,-0.1264,-0.07945489,-0.017511247,-0.24997261,-0.032237045,0.00951011,0.051293593,-0.04987911,0.23052484,-0.5429225,-0.14509174,-0.29384217,-0.29543197,-0.2396151,-0.04744661,0.109902136
0.38034776,0.19719759,1.2497327,0.10174489,-0.74884135,-0.45748603,0.19939953,0.06108516,-0.124930404,-0.31635696,-0.061776742,0.28770596,0.14760146,-0.13911973,-0.10827306,-0.03288733,0.18837179,0.23124516,-0.08986561,0.08016531,-0.011471341,0.114892974
-0.659511,-0.68201566,-0.5172865,-0.49898195,0.58103,-0.20056652,-0.4269583,-0.21422763,-0.18347928,-0.12834612,0.20878315,0.11533598,0.118188806,-0.09916452,-0.18191123,-0.0551379,-0.16411123,0.073820725,0.017624477,0.09423205,0.09145095,-0.14004348
-0.62218344,-0.43561807,-0.6555605,-0.09017307,-0.46819928,0.601162,-0.4398267,0.18650763,0.1587732,0.042972304,-0.6838833,-0.27351364,0.494248,-0.2177128,0.1582052,-0.15751356,-0.19321942,-0.25789306,-0.38843024,0.0017292898,-0.23109151,0.15375663
0.82263494,0.4026918,0.2819157,0.13559176,0.024636324,0.022686787,0.63314444,-0.36846375,0.111130886,0.4406858,0.09562703,0.32481816,0.08286541,-0.19225214,-0.25330773,-0.08052107,0.25432214,-0.036917277,0.026834283,-0.10420348,-0.02060163,-0.050235018
-0.7290777,-0.25109318,-0.33840993,0.574201,0.4380721,-0.7277503,0.89492786,0.47929636,-0.40679464,-0.1514936,-0.19625327,-0.167566,-0.2489982,0.4069779,-0.048954055,-0.09901358,0.063609175,-0.17924991,-0.054680873,0.10191661,-0.19239016,-0.19379377
-0.5932143,0.097281694,-0.38777688,0.96999604,-0.38602653,0.5403363,-0.38697276,0.36465248,0.7756343,0.055237386,0.3861699,0.17077377,-0.44380024,-0.0074611413,0.31474066,-0.4687873,0.15493637,-0.2392975,-0.10635649,-0.25311583,0.02235849,-0.1416643
-0.6863734,0.15540403,0.16405104,0.18441744,0.5554324,0.54504997,1.113183,-0.26433888,-0.032395877,-0.053830784,0.0464659,0.05315338,-0.10612966,-0.034750104,-0.20516315,0.33552247,0.0844369,-0.15260966,0.33356366,-0.21586688,-0.06408118,0.082650356
0.90125483,-0.7640076,-0.31539345,-0.08211102,-0.2794811,-0.6323453,0.3424611,0.04004538,0.70627844,0.15718247,0.6319982,-0.07792432,0.04633978,0.14007656,0.24185798,0.09137009,0.25788158,-0.02260024,-0.011422461,0.08410433,0.08953465,0.084608585
-0.5672887,0.5209479,-0.08616066,0.019565431,0.059487768,-0.009194608,0.31903014,0.11823485,0.06502346,0.55912983,0.16628377,0.09725401,0.053747416,-0.18337929,0.20422415,-0.3146415,0.120814174,0.010620459,-0.2973692,0.048570324,0.017592294,-0.2313001
-0.7138191,0.23695795,0.019375488,0.16258873,0.44279543,0.43660334,0.9499556,0.0152892675,-0.084760234,-0.2630134,0.036228403,0.054065995,-0.028217096,-0.06812074,0.3428946,-0.1321056,-0.0062482324,0.13337786,0.0913554,-0.06529449,-0.031352572,0.13191931
-0.70296633,0.39915028,-0.013898028,-0.117726624,0.70506823,0.3433895,-0.16819598,-0.32855198,0.05839161,-0.06305331,-0.03689925,0.4023716,0.15707079,-0.13374598,-0.00090641214,-0.42117015,-0.00081686344,0.12520863,-0.30649066,0.18456239,0.06759635,-0.40806037
-0.6532461,0.3491151,-0.2594502,0.4998471,-0.05382269,0.4183325,-0.43631834,0.0958447,-0.08963979,0.22906353,-0.2896527,-0.18850142,0.2545654,0.29631492,-0.21293567,-0.091677435,-0.33158052,-0.19455458,-0.05815004,-0.3741425,0.9169597,-0.21920218
-0.68446225,0.046180107,-0.5147519,-0.6576106,-0.5769463,-0.103187144,0.08985881,0.28256243,-0.11596541,0.098723784,0.088284306,-0.042261027,-0.09101016,0.033346824,0.055619884,0.013850121,-0.16602173,-0.36530417,0.09714635,0.112431966,0.039786648,-0.23131034
-0.59744704,-1.0177844,-0.8990845,0.5505983,-0.29826364,0.13852844,-0.65965426,0.52717143,0.47042176,-0.074806355,0.559934,0.39944404,-0.33087984,-0.064484194,0.11808017,0.24422927,0.22542726,-0.26245356,-0.11153151,0.051272545,0.10536963,0.016371964
-0.61405885,0.3792376,-0.1524712,-0.08907246,0.37834305,0.07459041,-0.3400763,0.009875754,0.42446634,0.017948486,-1.0002578,-0.49870995,0.08536653,-0.3663594,-0.027913192,-0.0530657,0.08735671,0.0076897917,0.067787245,-0.2889093,0.7385861,0.02210991
-0.9861381,0.18660957,1.0466193,0.05232523,-0.62953246,-0.36927515,0.13851407,0.1568684,-0.094974816,0.00965082,0.013036079,0.04124257,0.032114077,-0.098681144,0.011864471,0.10633053,0.042460278,-0.21461162,-0.04005377,0.13129461,-0.011576304,0.039317574
0.6184462,0.607896,0.040947255,-0.08713328,0.07545587,-0.124890625,-0.3857027,-0.18681656,-0.10698329,-0.600113,-0.14859822,-0.1235205,-0.002867905,0.09909196,-0.03970993,0.13133773,-0.047407176,0.0071075116,-0.2433559,0.1125348,-0.007150775,-0.017338434
0.89590496,0.57688046,0.19102296,-0.0054085725,-0.020178149,-0.1442208,0.052681446,0.0041609444,0.03122247,0.3845788,0.1264159,-0.37113103,-0.078723274,0.0064357216,-0.2616672,-0.13545224,-0.2071515,0.21068853,-0.10697468,0.10769793,0.016106775,-0.14390111
-0.6433049,-0.54817224,-0.6442634,-0.42628294,0.05434759,-0.5185146,-0.32253295,-0.016399417,-0.22891562,-0.1691447,0.24509151,-0.3033868,0.040503524,-0.054532968,-0.18751866,-0.17510515,-0.17325899,0.039950766,0.017575668,0.13065216,0.06741113,0.1597546
-0.6534746,-0.14535622,-0.5216692,-0.70882607,-0.28277293,0.0637027,-0.0963526,0.27291685,0.2672582,0.075777836,-0.64533615,-0.16786307,0.08442791,-0.4214095,-0.047968127,0.20089759,-0.03156356,-0.0075284317,-0.19583805,-0.26655686,-0.20463033,-0.006577562
-0.58646965,0.47783592,-0.028302854,0.035487436,0.111606844,0.053319097,0.41392788,-0.097205445,0.1052083,0.5982051,0.13833961,0.17443638,-0.024134597,-0.13882887,0.3474202,0.02190692,-0.11922631,0.3311221,0.2382864,-0.06452223,0.02245701,-0.19635083
0.9637769,-0.5103997,0.032622132,-0.61487925,0.490723,0.66543186,0.5905925,0.62839633,0.21977462,0.26154494,-0.48042664,-0.12763241,0.11158352,-0.5001324,-0.11616613,-0.1132604,-0.29544863,0.032836728,0.2253363,0.10557773,-0.15089808,-0.2959127
-0.5773438,-0.20684068,-0.27136108,-0.5963633,-0.019196795,0.3435084,0.1332787,-0.46135306,0.054152824,0.16446473,0.046952244,0.020635407,-0.035283376,0.05227808,-0.016504696,-0.23913892,0.073951304,0.2954213,0.008257297,0.077889666,0.0062595503,0.101441756
0.65747535,-0.56660026,-0.4289265,-0.24052516,-0.40825573,-0.7368598,0.29409996,-0.12606895,-0.2550055,-0.21911477,0.22492014,0.16394217,0.10933057,-0.13318034,-0.07716275,0.23063251,-0.04021688,-0.03861011,-0.09614993,0.012323643,0.071633525,-0.09544628
0.684298,0.45358524,0.1968044,-0.026434403,0.31973732,0.10624717,-0.14234804,-0.4957938,-0.00722145,-0.31202582,-0.12476595,0.10136068,0.01887759,0.046252254,0.035734363,0.28124154,0.1135945,0.08871157,-0.08490275,0.043483138,-0.026425008,0.05622924
0.89478445,0.36358052,0.28309557,0.02464992,0.5059401,0.30224907,0.52873856,0.5463281,-0.14384025,0.089160115,0.1536808,-0.34965372,-0.12116073,0.005597267,-0.022565434,-0.010406742,-0.2131988,0.054164164,0.1915549,0.01688253,-0.029918225,-0.0035938758
0.81149864,-0.116882995,-0.091974504,-0.57121074,-0.33626267,0.083658114,0.20151111,-0.22655886,-0.02181812,0.09859726,0.045486934,0.061028514,-0.038609732,0.046491884,-0.1851722,-0.12553968,0.1399713,0.032576066,-0.15817522,-0.2920568,-0.029035086,0.07706709
-0.66568625,0.47221047,-0.07965852,0.018333992,0.12001648,0.028162226,0.20228593,-0.17001837,0.06943076,0.254074,0.06329527,0.038536984,-0.03135782,-0.06640792,0.5963516,-0.12621671,-0.31491107,-0.11752262,0.19727895,0.10020672,-0.023209592,0.12516204
0.81662065,-0.192314,0.01871247,0.43415236,0.6007463,-0.83318436,-0.002095338,-0.25333327,-0.16975175,0.26519927,-0.26201022,-0.0814232,-0.21353379,0.45415565,-0.121914856,-0.13580233,0.10175272,-0.0321272,-0.09550786,-0.23212081,-0.23977813,0.023663025
-0.68793416,0.49048153,-0.115939096,-0.051089462,0.2985196,0.10555306,-0.23231946,-0.25249937,0.020382307,-0.22310746,-0.050639894,-0.14781624,0.03738995,-0.026481053,0.3272209,-0.54489046,0.2409147,-0.09526829,-0.50526166,-0.1918798,-0.0033643476,-0.021421371
0.742985,0.42290094,0.2445441,0.016794886,0.27104965,0.09411573,0.12027577,-0.42188367,0.05036223,0.010572878,-0.012782757,0.16812468,0.051419426,-0.051548377,-0.06322428,-0.022956608,-0.060861383,-0.00558954,-0.02376692,0.18896686,0.027500615,-0.2629337
-0.54780835,0.25334856,-0.16873829,0.64671123,-0.19621909,0.52099204,-0.13072112,-0.33272946,-0.05937602,0.32501146,0.025405096,-0.38823998,0.28222033,0.2175878,-0.037054725,0.014635136,0.13090687,0.121641174,-0.24615428,0.09435498,0.015281713,-0.19026013
0.6971636,-0.061088942,-0.02134193,0.25779733,0.5844734,-0.52709866,-0.08236542,-0.28491515,-0.1449081,-0.16872251,0.16657811,0.2619278,0.202278,-0.23249547,0.1432171,0.101965636,-0.00947515,0.32650328,-0.22049767,-0.10999364,0.078308575,-0.18190055
-0.8643184,-0.55921525,0.9427201,-0.699508,-0.3088366,0.14515631,-0.46164465,-0.1755367,-0.07894955,-0.114361264,-0.032671895,-0.23817159,-0.109238245,0.14448224,-0.023417555,-0.018300379,0.0982778,-0.29233608,0.3198031,-0.21380049,-0.017929874,0.036485195
0.77250993,0.038084634,0.1674529,0.654192,0.38253257,0.9264445,0.16609307,0.024254825,-0.2930012,-0.39696008,-0.068051495,-0.253251,0.27103615,0.30564865,-0.114941195,0.27651444,-0.0494204,0.034170464,-0.14739467,-0.02659273,-0.056124743,0.0346495
0.8068497,0.3124862,-0.17603835,0.83213395,-0.55104375,0.3891339,-0.5385593,0.29708588,-0.20128213,0.03528089,0.040097944,0.021644367,-0.46304208,-0.1917834,-0.10723771,0.12611187,0.0033457056,-0.053537257,0.024204282,0.08325082,0.008652555,-0.053394027
-0.7121778,0.6658672,-0.2346937,-0.067400664,-0.12871704,-0.19277647,-0.07374748,0.15157291,-0.051621083,-0.081463166,0.021637497,-0.16257812,-0.029848553,-0.046471003,-0.016455948,-0.033611946,0.03382631,-0.07408627,0.26915047,0.10321964,0.019974831,-0.17488526
-0.85244024,-1.1525139,0.57434696,-0.21269095,-0.0074316715,-0.25956896,-0.7608299,0.3286177,-0.29902896,-0.13413863,0.24881248,0.47213674,-0.56191754,-0.58298147,-0.118818685,-0.031071978,0.28537935,0.14939125,-0.15460818,0.16456364,0.11554031,0.06412686
0.3744507,0.05740877,1.2514874,0.13612479,-0.30462986,-0.5557455,-0.21906607,0.0023209201,-0.24032873,-0.38507017,-0.67502385,0.25987515,-0.19750534,0.62403935,-0.1279288,0.15359166,0.32371923,0.26532617,-0.1860649,0.17383078,-0.28276208,0.16457242
-0.65638053,-0.24336873,-0.37998033,-0.459407,-0.3117702,0.14516924,0.087014265,-0.28073055,0.82978046,-0.2722009,0.25439075,-0.09147641,-0.117745236,0.44606838,0.06892516,0.18673736,0.22762108,0.08709097,-0.1856996,0.15986907,0.046003353,0.029737128
-0.7159832,0.66931015,-0.21277674,-0.12114138,0.016241591,-0.13530521,-0.1435246,0.18611144,-0.060906664,-0.0060453946,0.00025180654,-0.009694184,-0.045869704,-0.031905964,-0.12748994,0.17375988,-0.0009607449,0.11061975,0.05368015,-0.2668252,-0.051950295,0.14821708
-0.94746256,0.090039454,1.1064055,0.054792516,-0.3363163,-0.15448855,-0.114667565,-0.17809756,-0.050110973,-0.22350328,-0.062542476,-0.1198179,0.055772226,-0.033400677,0.331836,-0.10839851,0.3415745,0.08642961,-0.18055335,0.15705714,-0.014085481,0.15077938
0.67705256,0.5962542,0.084457725,0.026721423,-0.19767992,-0.22990236,0.15017629,-0.1815289,-0.03047898,-0.18001328,-0.020710794,-0.03051846,-0.0028428002,-0.009626434,-0.3466834,0.024747942,-0.13451646,0.11708097,-0.012303638,0.067709826,-0.019133689,0.014939891
0.876083,-0.24096316,-0.019642662,-0.6455382,0.27006748,0.49038178,0.60939306,0.7784118,-0.24111073,0.17415613,0.17726934,0.22811449,-0.047621038,-0.012019116,-0.2807509,0.08854553,-0.18270752,0.08709106,-0.15718037,-0.079094805,-0.022016793,-0.05450021
-0.7184342,0.64119625,-0.20142534,-0.14080589,0.115924925,-0.083501436,-0.14273462,0.21334589,-0.043849535,0.007989236,0.021205049,0.123494536,0.011691818,-0.094919816,-0.11819253,0.020094559,-0.14116608,-0.038734116,0.4026198,0.04658164,-0.022485664,0.0413263
-0.59568477,-0.07944086,-0.37688574,-0.7807939,0.0990185,0.28726572,-0.3458809,0.15210131,-0.0871105,0.16606446,0.030127713,0.07915319,-0.06833886,0.05886319,0.29084653,0.24743149,0.15411136,-0.41105375,0.124546036,-0.017978065,-0.0063507115,-0.011641605
0.7101051,-0.3530727,-0.5105884,0.03012618,-1.0075017,0.27840468,-0.0068689547,0.28135324,0.113528356,-0.09465768,-0.6850377,0.019677652,0.5583515,-0.30912215,0.03387806,-0.0880833,-0.27239385,-0.012374956,0.00052328827,0.02326936,-0.1860385,-0.052184172
0.7162815,0.4507409,-0.15202256,0.55168974,-0.48710874,0.18745025,-0.33534688,0.23694782,-0.22932543,-0.112094656,-0.039237186,-0.017233564,0.38830635,0.14237751,-0.05569083,0.06758937,-0.00056300825,-0.074670814,0.043723535,0.018768316,-0.014271091,-0.14656872
-0.71377665,0.57243633,-0.12945051,-0.13893592,0.3017879,0.04937846,-0.3929241,-0.18953082,-0.0098099215,-0.2525178,-0.07018176,-0.22090952,-0.07733845,0.06260562,-0.0067904675,-0.03366968,-0.052916348,0.15720126,0.18036443,-0.23575844,-0.028024869,0.060753927
0.6840241,0.65164745,0.02334291,-0.093518935,-0.050118335,-0.21728732,-0.3087479,0.06418205,-0.0790981,-0.35910487,-0.048914082,-0.19863175,-0.03388985,0.023381207,0.04873879,-0.013857132,-0.11738324,-0.19642417,0.52277124,0.087190636,-0.015985653,-0.02048899
-0.63011587,-0.6691792,-0.5740185,-0.33393636,0.12773417,-0.3753302,-0.08980897,-0.23879915,-0.16238347,-0.13034567,0.23703702,-0.08823886,0.11935231,-0.16240008,0.100619674,-0.3327351,0.47164372,-0.18703994,-0.07299651,-0.28132057,0.060533997,-0.019750455
0.87184423,-0.24857385,0.061608072,-0.6766153,0.27334177,0.42530409,-0.15086019,-0.47917303,0.032727364,0.1412762,0.0150559265,0.07089758,-0.04715831,0.11476946,-0.14213361,-0.00061326195,-0.12765205,0.079037786,0.13675143,0.107909285,-0.009976351,0.058519345
-0.71151644,0.556989,-0.27670676,0.03330778,-0.1374328,-0.23274066,-0.14919773,0.42057946,0.7808177,-0.25072882,0.28942037,-0.08747115,-0.05173803,0.25303498,0.29600477,0.13203274,0.14667884,-0.40292078,0.19633171,0.14653301,0.0110243065,0.015987007
0.7862404,0.34892988,0.36262777,-0.017592682,0.5100817,0.21439372,-0.017244121,-0.6500795,0.10021329,0.08934517,-0.018411202,-0.042500272,-0.035813086,0.042310655,-0.4065336,-0.014235085,-0.24747448,-0.35396877,-0.018855065,-0.036110353,-0.08361604,0.25013015
0.69937986,0.064549215,-0.34366128,-0.61382264,-0.67630863,-0.18893658,0.093871236,0.3105113,-0.16775627,-0.21647388,0.020710267,0.23678198,0.07962435,-0.03365455,0.054553635,-0.21434116,0.19991094,-0.050029583,-0.32634223,0.06617537,-0.011332727,0.083895385
0.66752535,-0.5533954,-0.43610656,-0.30637196,-0.25262284,-0.67200303,0.0018350602,-0.11360014,-0.27403587,-0.3428348,0.18270414,0.044257432,0.07081027,-0.06463576,0.19376652,0.3154185,-0.069631286,0.17401321,0.04817094,0.030710626,0.10747794,-0.22549297
0.80913943,0.6255666,0.098824985,0.011107311,-0.22621739,-0.28299856,0.17362434,0.18535872,-0.020925673,0.32973158,0.11476598,-0.17774698,-0.06230047,-0.0278531,-0.0034135133,-0.0034189122,-0.37359828,-0.065097824,-0.12257873,0.11374143,-0.028451111,0.0988765
0.77891415,0.48341793,0.07021208,0.14500459,-0.11197693,-0.24841665,0.07684157,0.19672349,0.87134117,-0.094816536,0.0038793073,-0.027102705,-0.03506681,0.3625486,-0.11350059,0.022056567,0.06758603,0.2561848,-0.14263783,0.044504624,0.97422767,-1.2939333e-05
0.889213,-0.26489294,0.06017019,-0.69239616,0.37511966,0.48328677,-0.17254117,-0.37651095,0.03530624,0.1699577,0.032753386,0.22359844,0.045409266,0.026270237,-0.14607185,-0.26060855,0.17027205,-0.049232785,-0.14430408,-0.018396538,-0.009214706,-0.06707041
-0.8628855,-0.6388938,0.9943807,-0.55770385,-0.4602654,0.1543018,-0.16120057,-0.57354933,-0.035219934,-0.11646646,-0.055737533,-0.3507962,-0.1377602,0.20898828,0.07573471,0.1406646,0.003219767,-0.03949555,0.14692523,0.19554195,-0.00017032764,0.21197891
0.81218326,-1.1673286,-0.30175182,0.102574885,0.070197955,-0.538572,1.1649882,0.25950733,-0.010793284,-0.053425763,-0.8379715,-0.3513272,-0.10056836,0.00025464952,-0.052425314,-0.25189847,0.051662553,-0.42577764,0.13652809,0.1019053,-0.38686463,-0.027033338
-0.741684,0.5503785,-0.12939823,-0.17505622,0.4225837,0.098417066,-0.28094757,0.08809223,-0.051340565,-0.011806071,-0.024663324,0.24808878,0.02998072,-0.05770269,0.08109368,0.20153944,-0.1479016,-0.36591765,-0.09925175,0.120393276,0.0006548947,-0.19532214
-0.96640575,-0.01431225,1.088963,0.2559119,-0.6520442,-0.34592554,0.3931565,0.040705346,0.860387,-0.17678992,0.32398844,0.15865041,0.10647376,0.10976654,-0.2776491,-0.45095566,0.24851856,-0.1868108,-0.09323463,0.1227719,-0.008576043,0.13050392
0.95030344,-0.19334167,0.015877912,-0.49345914,-0.30073217,0.17800446,0.5137832,-0.27348235,0.059028734,0.6622366,0.15569742,0.10806152,-0.07964659,0.021627193,0.16824098,0.21717359,0.043355297,0.41324612,0.10101601,0.02074583,-0.00930488,0.11121146
0.9832564,-0.06738847,-0.10180055,-0.52856,-0.5008364,0.00453183,0.30159307,0.044006955,-0.0027618594,0.5464541,0.17975573,-0.20345175,-0.07706093,0.032709047,0.14304112,-0.106707215,0.16955282,0.42124718,-0.06108402,0.09760372,0.018746624,0.044490848
0.6629815,-0.03135842,-0.23600829,-0.57187307,-0.5587496,-0.06567768,0.1302863,-0.1617978,-0.11508524,-0.29772794,-0.044195417,0.12417288,-0.043001316,0.11266636,0.2348852,0.1689208,-0.09919966,0.24558204,-0.1300445,0.067664295,0.039356608,-0.18109597
0.9063377,-0.64599574,-0.28727213,-0.3179311,0.06265259,-0.47318885,-0.17747314,-0.14739761,-0.18549469,0.08870613,0.2870882,-0.37468374,0.032187697,-0.037801623,0.2591039,-0.008877132,0.1377122,0.061269198,-0.13771588,0.0984872,0.08254518,-0.015192239
0.9119743,0.34036896,0.2416179,-0.06909613,0.9188346,0.044301525,-0.4524619,0.12026213,-0.053267695,0.4581696,-0.4744254,0.284945,-0.22764829,0.5415774,-0.000340778,-0.053607922,0.24214165,-0.017785726,0.39874032,0.21567889,-0.2809541,-0.031977013
-0.71134806,-0.11424683,-0.35825542,0.34249225,0.644524,-0.824051,0.029682199,0.077624716,-0.20664726,0.22866902,-0.25069833,0.4032018,-0.08032858,0.29803497,-0.14347766,-0.35231227,-0.124171555,0.22490367,-0.07087017,-0.010906078,-0.21067595,0.022215597
0.6072712,0.6238995,0.029099597,0.02759758,-0.28032702,-0.28349414,0.30423972,-0.043243732,-0.046642017,-0.19854876,-0.028788047,0.33818114,0.06305383,-0.11300187,-0.31101015,-0.0055977604,-0.031233892,0.13896137,-0.02117238,-0.34346756,-0.06575656,0.1332405
-0.9644006,-0.73615557,1.0416617,-0.45012268,-0.50813586,0.20579714,0.49082592,-0.6877483,0.0163855,0.124639645,-0.025569938,0.45270956,0.00070038217,0.017489884,0.055789534,0.24058215,-0.031198556,0.06485034,-0.2247853,-0.05039984,-0.005232233,0.014832921
0.67963314,-0.80033416,-0.21740581,-0.17433621,0.003968658,-0.40279487,0.21499364,-1.0714679,-0.09412138,-0.6218193,0.13111791,-0.11344168,0.15967205,-0.06486118,-0.8361596,-0.5097512,0.18694231,-0.07480356,0.06985858,0.040122647,0.022860765,0.23513454
-0.7618414,-0.5370684,0.94347835,-0.64902997,-0.4266988,0.107977115,-0.0864209,0.09544309,-0.068487614,0.37399215,0.09150183,0.06812148,0.007929869,-0.01950104,-0.29306167,-0.0029369546,0.2717536,0.06966632,0.026701784,0.0866088,0.0022508013,0.08912954
0.6642613,-0.078605264,-0.20442218,-0.58995944,-0.3986136,0.017840456,-0.033877768,-0.30444813,-0.110776536,-0.39598972,-0.08796019,0.01830041,-0.05782847,0.18343988,0.32365492,0.10064162,-0.24265316,0.13329956,-0.36559716,0.13367373,-0.009521436,0.20222004
-0.8094105,-1.3410403,0.93339694,1.5451407,0.28791726,0.13943104,0.11973489,0.35567945,0.39001647,-0.1123242,0.049524985,0.029746938,-0.7409655,0.6057869,-0.15640342,0.19262719,0.015684096,-0.01186924,0.2514623,0.12328954,-0.18413,0.08813719
0.7867461,-0.8328068,-0.52018607,0.28837085,-0.3454483,-0.06991848,-0.38588473,-0.18586221,-0.3682041,-0.17507699,0.16259569,-0.11603101,0.4369347,0.15968536,0.21767129,0.23689388,0.06891203,0.3332496,-0.13658278,0.00830649,0.060513593,-0.00476788
-0.6612348,-0.9147342,1.0813481,0.8239383,0.71398765,0.38654664,-0.30204916,0.488835,-0.43177125,0.24614324,0.30904132,-0.589878,0.32749608,0.11036572,-0.019760879,0.29611796,-0.15954474,0.36632735,-0.1619961,-0.08993702,0.042307712,-0.0851164
0.55887514,0.1464965,1.4021264,0.027269019,-0.43985033,-0.30797404,-0.0878037,0.09313947,-0.07616908,0.10683792,0.027518688,-0.19044147,-0.016907822,-0.024753947,-0.06503449,0.1794252,0.082766935,-0.17575897,0.10934171,0.10752326,0.0048056045,-0.12859307
-0.6630108,-0.5817987,-0.644083,-0.4071257,0.05304336,-0.524286,-0.30839428,-0.017039156,-0.2356599,-0.13827482,0.24090746,-0.3150122,0.020512616,-0.0240796,0.16465811,-0.16055572,-0.39384976,-0.3531271,-0.22714284,0.18597163,0.013839562,0.48099035
0.7481632,-0.0029770976,-0.22699964,-0.6160345,-0.4980012,-0.053701736,1.8453242e-06,0.0034691892,-0.12615469,-0.13512073,-0.008486474,0.00089988677,-0.061867937,0.11192978,0.13504554,0.24787404,0.050937988,0.16659324,-0.030475944,0.086449005,0.0113053555,0.013079054
0.59945965,0.6740523,-0.021899633,-0.1011466,-0.098150015,-0.24801172,-0.33846003,0.084321216,-0.14544551,-0.5189077,-0.11744869,-0.06889983,-0.035878118,0.056794178,0.16530816,0.37623093,-0.04688129,-0.34888163,0.26236802,0.08397777,-0.004639058,-0.13047916
-0.8438583,-0.72383356,1.001572,-0.6064825,-0.015494162,0.4735729,0.26789382,0.4391601,-0.27269027,-0.29710698,0.046653315,-0.19816008,-0.07970454,0.0967906,-0.2666183,-0.04168847,0.09559376,-0.067199774,-0.054840595,0.06816193,0.011731394,-0.056702018
-0.65147203,-0.08217026,-0.4064978,-0.75768965,0.06854882,0.2722084,-0.08652588,0.18944646,-0.07712935,0.18805048,0.047089625,0.5242656,0.07741143,-0.06969972,-0.0010954505,-0.05518183,0.022503473,-0.038774442,-0.2567315,0.011675831,-0.023876114,0.14513858
0.7395375,-1.0495036,-0.3744219,0.39506337,-0.071377255,0.2324924,0.47889465,0.16437115,-0.48768306,-0.37505907,0.24485087,-0.16082121,0.34549236,0.15353379,-0.412898,0.016910858,-0.36275986,0.04742595,-0.09581765,-0.4140706,0.012426257,-0.0028844802
-0.72795796,-0.478705,-0.6096525,1.0641928,-0.051906437,-0.5564798,0.060497675,0.23458113,0.014085807,0.43131503,-0.9482468,0.019577116,0.29492152,0.089556016,0.53456485,0.20274043,-0.49771452,-0.25176737,-0.058316123,-0.24767818,-0.4512006,0.10803964
0.6180333,0.59564984,0.05265496,-0.05476696,0.027633391,-0.1251368,-0.15636411,-0.15538672,-0.0736123,-0.42770585,-0.12098259,0.1307021,0.008671687,0.01950369,0.092062026,0.17077297,0.016609812,0.21198145,-0.08007286,-0.29241192,-0.0354639,0.054262567
-0.65060806,0.57333857,-0.14807788,-0.030655518,0.01592492,-0.08863273,0.21790768,0.17325827,0.024821436,0.36398214,0.118998386,0.15328261,0.03537979,-0.15136969,0.0985195,-0.25613022,-0.24102223,-0.027241051,-0.057565898,0.06850353,-0.038667083,0.15504356
0.9563294,0.038003284,-0.16010745,-0.66004455,-0.46239725,-0.07687601,0.00041861707,0.39118907,-0.096780576,0.526215,0.1732244,-0.24795334,-0.12411536,0.07388492,-0.14483789,0.23136336,0.053804785,-0.018525226,-0.05227225,0.089567095,-0.008856291,0.03296873
-0.5394588,0.33679417,-0.22701472,0.509093,-0.04434894,0.5194939,-0.44302467,0.050531995,-0.11006634,0.34639362,0.029406665,-0.27420032,0.288804,0.18267766,0.037321955,0.027719175,0.18174808,0.10632482,-0.10123003,-0.29156262,-0.028445357,-0.092156254
0.69280833,0.43740806,0.18844822,-0.013366021,0.3186465,0.09914538,0.071244285,-0.3380395,0.042015217,-0.15877266,-0.03480616,0.39960647,0.1538098,-0.13517196,-0.07573569,-0.3414085,0.03394603,0.036456253,-0.015135071,0.057633635,-0.019004552,-0.057561856
-0.6906746,0.49266264,-0.1238488,-0.076101646,0.3420653,0.112584144,-0.08580833,-0.07052137,0.048386756,-0.066612385,0.021860683,0.19826932,0.13761121,-0.17765807,0.17311977,-0.75905186,0.10994809,-0.12109356,-0.006538932,-0.039420333,-0.0022478644,-0.093626924
-0.6847466,0.123320475,-0.316055,0.6252511,-0.22279583,0.48020443,0.022544714,-0.07984918,0.2775478,0.1751646,-0.6919902,0.017501965,0.5798955,-0.40897858,-0.0759659,0.11150628,-0.05723045,0.048316497,0.01997336,-0.017391842,-0.23046061,0.014400361
0.957642,-1.2239437,-0.4738409,0.6914909,-0.023308313,0.41931307,-0.19130917,0.71338236,0.3501025,-0.41433352,0.62733513,-0.39517656,-0.5013539,0.13725747,-0.25816694,-0.05288905,-0.0035727217,0.14122315,-0.20492657,0.07501352,0.10617837,0.018480137
-0.5109752,-0.78148866,-0.40789244,-0.48750848,0.81794554,-0.040076762,-0.37846327,-0.17884728,-0.08709776,0.28412446,0.32719043,0.08984635,0.15336524,-0.18401985,0.063576855,-0.44144908,-0.09984006,-0.13535789,0.13404767,0.15251637,0.076428555,-0.117773466
0.6034984,0.58022624,0.05439709,-0.0013748475,-0.11719092,-0.1846818,-0.05760353,-0.24709366,-0.07460687,-0.50929445,-0.11065439,-0.023153836,0.016554242,0.017742543,-0.13320266,0.10766887,0.099433,-0.32397354,0.058780875,0.07522241,-0.0033728357,-0.14351268
0.8034744,-0.30105728,-0.035926543,-0.61871076,0.2233364,0.3270603,-0.10545542,-0.013040636,0.8448226,-0.065858655,0.30340436,0.5492318,0.048576105,0.2695512,-0.29954508,-0.023527749,-0.06061353,-0.10521453,0.21717729,0.13377294,0.0225346,-0.06947688
0.7513466,-0.08262779,-0.17919284,-0.52710295,-0.5155571,-0.0015080537,0.21184385,-0.23919025,-0.068217695,-0.09917737,-0.0051856604,0.031868566,-0.04707241,0.106732525,0.36704668,0.065995134,-0.0149337165,0.36488327,-0.2314295,0.10440908,0.029080732,0.0035067764
-0.65702164,-0.051091712,-0.40397078,-0.7717085,8.3277315e-05,0.21818008,-0.45089382,-0.12180334,-0.05990591,-0.23681726,-0.031150421,-0.20643623,-0.11427887,0.14620647,-0.032705374,-0.17824341,-0.011787249,0.005660418,0.31632188,-0.24104139,-0.012262468,0.0400817
-0.71783096,0.5093407,-0.115874246,-0.011910766,0.13080856,0.025023935,0.0013058975,-0.24355982,0.029707976,-0.09458435,-0.018645035,-0.060971968,-0.013745674,-0.031628303,0.3470673,-0.2725663,0.06628214,0.028238894,-0.25157636,-0.24333158,0.03181391,-0.31808388
0.75276995,0.15015009,0.2656563,0.004803771,0.5785796,0.28092793,0.044858914,-0.51800793,0.4866254,-0.04464129,-0.714765,0.07406109,0.27807066,-0.58694917,-0.08736192,-0.3033433,-0.069337346,-0.49339858,0.14018181,-0.011900933,-0.26066175,0.14975195
0.6895388,-0.18371063,-0.32563308,-0.5118339,-0.7153683,-0.14483595,0.38456938,0.095922895,0.2946416,-0.18372905,-0.63572055,0.03216213,0.23595865,-0.5411296,0.12099684,-0.427604,-0.0830562,0.030748378,-0.14374141,0.041496553,-0.10838866,-0.47677907
-0.7028779,0.3608661,-0.33150655,0.4963081,-0.124822654,0.4604266,-0.13578591,0.34461325,-0.16641629,0.33694613,0.021626879,0.5959527,0.45624092,-0.02448146,0.24684386,0.31797752,0.01785197,-0.13946226,0.31886208,-0.098836415,-0.049008206,-0.049668618
-0.6211362,-0.42856327,-0.638878,-0.15235612,-0.3092314,0.6703849,-0.5217059,0.23543417,0.13700245,0.10753765,-0.70490366,-0.08860921,0.5024344,-0.21455278,-0.017196242,0.17202021,-0.27375135,-0.06502523,-0.32808453,0.05818403,-0.25955757,0.3846511
-1.0185231,0.09069985,1.1674904,-0.029602148,-0.21548398,-0.15147701,-0.16650946,-0.21933243,-0.03077149,-0.18387733,-0.063894354,-0.063707225,-0.06358787,0.019027974,0.008171353,0.030305266,-0.33280814,-0.12696297,0.28262913,-0.23101635,-0.016245868,-0.0643872
-0.68855536,-0.11893635,-0.35306755,-0.62632304,-0.23207872,0.15937921,0.1967082,-0.24454607,-0.0006032441,0.0902475,0.040089026,0.15030195,-0.07346947,0.03873646,-0.1569805,-0.1579428,-0.15383671,-0.045995396,-0.016091866,-0.37541592,-0.035403986,0.07659114
0.9160798,-0.46972477,-0.1329025,0.0546341,-0.3593471,0.77012104,-0.07198136,-0.41056317,-0.0897328,0.27130237,0.02985907,0.057611316,0.38004154,0.20643768,-0.120043226,-0.11613891,0.45109636,-0.25985175,0.06918761,-0.03657457,-0.055862494,0.08750221
-0.73249483,0.56985646,-0.122770146,-0.08109968,0.1374482,-0.015738202,-0.12608603,-0.19535753,-0.011451683,-0.12813097,-0.046940755,-0.10496401,-0.0761364,0.024450092,-0.19982497,0.18951072,0.037716467,-0.067380495,0.13557108,-0.26400247,-0.04777728,0.07310476
0.60862905,0.5895709,0.049964253,-0.12117327,0.16987026,-0.084048145,-0.429023,-0.12355518,-0.0699144,-0.6016889,-0.13194999,-0.016403414,0.002197144,0.027291022,0.17787428,-0.11560041,-0.0046886676,-0.2262665,0.3016264,-0.2987547,-0.0266125,-0.13490564
1.0066477,-0.6697987,-0.25046885,-0.39712062,0.36099675,-0.33247826,-0.116819255,0.20540927,-0.13011654,0.49387258,0.41419634,0.120715745,0.2176268,-0.29154179,0.019288557,-0.48990145,0.29928866,0.102532566,0.11061757,0.0398499,0.0426591,0.09034925
0.8072943,-0.34015548,-0.18542774,-0.6553201,0.051985353,0.16846353,-0.31189042,0.3502771,1.1369193,-0.09508606,-0.38883877,0.05352477,0.10128539,-0.10369217,-0.0674278,0.35573068,-0.19748642,-0.12848465,-0.031421967,-0.06317211,-0.18044797,-0.06337713
0.85448116,0.47150484,0.030586759,-0.011447488,-0.05294021,-0.22806108,-0.055766206,0.3439594,0.37426797,0.2554978,-0.9052382,-0.46505645,0.10467797,-0.4161646,-0.12108362,0.1013045,-0.07942752,-0.034644354,0.13820861,0.0353432,0.73576903,0.07802205
0.9066082,-0.66054624,-0.24712794,-0.46102718,0.4708936,-0.29668137,-0.518038,-0.07533933,-0.2016391,0.034552548,0.25110513,-0.18627548,0.07628771,-0.056143716,-0.007356167,0.051719125,0.15632941,-0.014124796,-0.009783078,0.03145467,0.06689149,-0.02796046
-0.7323238,0.48285043,-0.17103876,0.06334386,-0.0005948042,-0.1179319,0.049951,0.10986194,0.84459805,-0.12749067,0.2761474,0.101346865,-0.0837448,0.2898848,0.086943716,0.24951376,-0.09037464,0.2396577,-0.2341468,-0.2517757,0.013626249,-0.09450043
0.6697026,0.47689626,0.14693393,0.22719216,-0.41219878,-0.21092616,0.71958995,-0.5382997,0.05381817,-0.021617578,-0.0013456391,0.1262479,0.007628392,-0.056999337,0.0960933,0.135116,0.051706076,0.22455247,-0.04008672,0.04135655,-0.0170951,0.0028753418
-0.6786386,0.35918188,-0.31146467,0.46943998,-0.022232477,0.49780944,-0.29169953,0.23048577,-0.15547663,0.1898346,0.008830481,0.40607312,0.495845,0.00215776,-0.2539926,-0.16553041,-0.049768373,0.09928313,-0.13606131,0.044268794,-0.0072924625,-0.14099236
0.8276768,0.6066197,0.113236986,-0.05127817,-0.010660836,-0.162041,0.10209384,0.2934254,-0.0029438054,0.36240655,0.12439357,0.1179401,0.028970234,-0.15216748,-0.02765255,-0.09182882,-0.09174882,-0.060299043,0.41136375,0.009373368,-0.022060005,-0.029463638
-0.59899867,-0.3227421,-0.24720994,-0.519129,0.14147851,0.5671672,0.75877964,0.22686547,-0.16691312,-0.05874205,0.11007003,-0.15921606,-0.1686103,0.11955186,0.2692883,0.08218645,-0.1684868,0.34123126,-0.011721672,0.038433507,0.045106266,-0.20903456
-0.67458665,-0.19950469,-0.5039287,0.8784162,0.0049860766,-0.17736503,-0.3807924,-0.15385294,-0.30362892,-0.11329929,0.15905096,-0.25445205,0.46115884,0.01872741,0.08078613,0.28377998,0.31168061,-0.12292915,0.05433407,0.036369808,0.029282868,0.03507936
0.8943912,-0.34359303,0.058261298,-0.7373371,0.7689666,0.7714274,0.054292988,0.45435312,-0.22624083,-0.19112037,0.060326498,-0.013390713,-0.05509841,0.10810727,-0.075711936,-0.013894666,-0.08285299,-0.07545966,0.021039067,0.14386335,-0.025088467,0.08214167
-0.72441214,0.52082545,-0.122940555,0.020319387,-0.0064996467,-0.044198528,0.04598163,-0.3462116,0.01658318,-0.16701345,-0.030239878,-0.2339401,-0.04565775,0.020348793,0.044373035,-0.077402726,0.021260506,-0.19625877,0.021771591,0.14287502,-0.0038811432,-2.515839e-05
-0.9519433,0.0933299,1.0335189,-0.06490343,-0.044957176,-0.1546452,-0.5713669,0.53286767,0.7063402,-0.32582742,0.21519937,0.22453794,0.06886252,0.22212718,0.055281494,0.24896313,0.27269837,-0.042270098,-0.15650234,0.10357413,0.0059825527,0.053941075
-1.0098616,-0.11019283,1.2338514,0.1484797,-0.07718202,0.13664457,0.6846964,0.2284509,-0.1920671,-0.40595323,0.0014924321,-0.19159895,-0.11375913,0.02041176,0.249378,0.02095069,-0.2629235,-0.070702925,0.07228446,-0.25524274,-0.015406997,-0.06568679
-0.6892112,0.5145328,-0.1389461,0.17140606,-0.34817094,-0.13789445,0.6042208,-0.33797002,0.040838096,0.056431584,0.02627776,0.032515876,0.059638828,-0.14843509,-0.1679524,-0.055739168,0.6109356,-0.10680998,0.04485628,0.10926984,-0.009248081,0.121003374
0.8198064,-0.2352294,-0.30365005,-0.51038784,-0.59285533,-0.17063482,0.10796277,0.5355971,1.1297989,0.0003146327,-0.29638076,-0.16740277,0.08514175,-0.15893349,-0.03248465,0.115623794,-0.15722086,-0.107318826,0.11111154,0.0850451,-0.1537593,-0.09330997
0.8400814,0.6289379,0.08729502,-0.025678927,-0.10322163,-0.18727516,-0.091246314,0.17972054,-0.05202213,0.16246404,0.05114409,-0.26409388,-0.06338435,-0.0050572143,0.26531988,0.31089723,0.265291,-0.07494205,0.23884524,0.08785816,-0.004441691,-0.06978484
0.607639,-0.50190187,1.1701427,-0.6307016,-0.60279876,-0.06970834,-0.13519779,0.09039256,-0.10482677,0.2102523,0.05094172,-0.025733475,-0.077493325,0.07899737,-0.13283719,0.13302565,-0.06467228,-0.01826269,0.043601155,-0.26228163,-0.048790243,0.1961018
-0.73241854,-0.3005058,-0.20577171,0.39889926,0.95184815,-0.5539924,0.15514728,-0.43172818,-0.13819787,0.20790084,-0.3104108,0.60661864,-0.05088136,0.3198472,-0.09105994,-0.08056516,-0.034692843,0.058455955,-0.037182357,0.20019864,-0.20329645,-0.037143685
0.62594664,0.051901225,-0.17318192,0.40358523,-0.11476244,-0.9023248,0.3488624,-0.14406632,-0.19268589,-0.2643158,0.20108281,0.15574339,0.20815715,-0.281938,-0.0114758955,0.05732293,0.12426188,0.0034532626,-0.14397295,0.024678128,0.045251735,0.026693191
-0.89099145,-1.4663291,0.98616165,-0.11862996,0.20956454,-0.018894605,0.75657254,-0.33279333,-0.27676436,-0.30249828,0.25964287,-0.25409713,-0.020489221,-0.041807737,-0.3463099,0.09596094,-0.09737318,-0.23086752,0.24926229,0.017171536,0.08617431,-0.19167516
-0.7684404,0.047546666,1.3003551,-0.09324384,0.15151064,0.059103608,-0.28176662,0.0032433006,0.02703769,0.43488914,0.068840764,-0.11739035,-0.029072456,-0.06108778,-0.2616748,-0.049372114,0.20581883,-0.028973714,-0.03821554,-0.446763,-0.056802366,0.052558236
-0.6777128,0.38446492,-0.20554921,-0.113137595,0.3551123,0.09330706,-0.18370572,0.12359887,0.38380104,-0.03589073,-0.6772102,-0.021663036,0.2637398,-0.61732095,0.08475126,-0.3080504,0.0059228977,0.032113645,0.05823618,-0.044859145,-0.23446402,0.1611853
0.87846714,-0.35722503,-0.26635346,1.2342343,-0.214798,-0.112768374,-0.3560745,0.031670954,-0.24288124,0.23477527,0.33000362,-0.12925564,-0.3471346,-0.37700248,0.33582318,-0.153866,-0.1473318,-0.046201248,-0.18844151,0.08972626,0.0810882,-0.044957414
-0.93711525,-0.38141245,0.76930004,-0.7507568,-0.618807,-0.11221687,-0.37725136,0.4050772,-0.19087668,-0.04573586,0.0048072436,0.0692847,-0.06490972,0.05291743,-0.0143353,0.1830109,-0.04612067,-0.13772449,0.13236547,-0.25552538,0.003711989,-0.12187448
-0.8798383,-0.54744345,0.8434576,-0.42817348,-1.0098071,-0.095151275,0.42387676,-0.20466791,-0.055838294,-0.008491477,0.025603862,0.10354613,0.055281,-0.09319695,0.048654146,-0.172103,0.6702898,-0.00016274759,0.51530975,0.12936237,0.05084856,0.011824682
0.6776137,0.024802726,-0.28399462,-0.6925067,-0.40184498,-0.040687945,-0.31339833,0.056835458,-0.18049273,-0.48240656,-0.08702247,-0.015397531,-0.04460952,0.13300878,0.21433201,0.24160196,0.17414314,-0.20886727,0.19335735,0.08255201,0.008731787,-0.05496653
-0.72002184,0.4306478,-0.11251334,0.042707708,0.2637006,0.21394373,0.7537919,0.60696584,-0.20267172,-0.19592811,0.08749652,0.01088781,-0.041410033,-0.083333686,-0.036852118,0.032230932,-0.12068644,0.06366217,-0.021124775,0.01573274,0.0114506595,-0.18344148
0.8854012,-0.23615801,0.025970733,-0.61382705,0.09910246,0.3672786,0.23729378,-0.24723087,0.029427558,0.4400649,0.083296895,0.49844152,0.052622873,-0.05297849,0.00080719084,0.1424632,0.11357942,0.14687358,0.17595065,0.12357725,-0.01059531,0.079654686
1.0091202,-1.0118701,-0.4552568,0.6823359,-0.62416035,0.050596602,-0.046789374,-0.058684077,-0.2293313,0.5576037,0.4396942,-0.09807577,-0.3839919,-0.33575842,-0.35628006,-0.24788536,0.0022471813,0.07086317,-0.043547187,0.061010398,0.08060251,0.05901181
-0.987675,-0.16251206,1.2869395,0.07854437,0.254263,0.3201594,0.6759115,0.27390343,-0.19336739,-0.3171347,0.012590773,0.2655857,0.07908217,-0.12867613,-0.4636615,-0.0124072535,-0.08710353,-0.18931592,0.08082394,0.25817245,-0.024784377,0.084635556
0.85246676,0.5807225,0.13982494,-0.029565934,0.039975673,-0.11111892,0.0017126771,0.08315628,0.02425407,0.2205445,0.084595434,-0.10190779,0.009254179,-0.08994779,-0.049751904,-0.35279045,0.10046693,0.23792242,0.012463287,-0.28635144,-0.03245625,0.04600477
-0.85986936,-1.146485,0.75059295,-0.12656826,-0.5988864,-0.65082717,0.45843494,-0.32324275,-0.1438877,0.23578048,0.3343027,-0.049239725,0.11652606,-0.19386381,-0.08593756,-0.19368123,0.11070302,0.016337277,-0.20631054,0.06891954,0.09816812,-0.18988357
0.6998493,-0.8505142,-0.2799375,-0.14220434,0.16653827,-0.18673031,0.6162566,-0.06689258,-0.3963995,-0.84139603,0.16078039,-0.27743092,0.034399465,-0.0051003015,0.13377947,0.12873408,0.30149546,0.114364624,-0.038182896,0.047183696,0.094413616,-0.05032967
-0.8794036,0.11467581,1.1471064,0.017702237,-0.30527234,-0.16487643,0.0027478351,0.01267235,-0.00035161254,0.09681686,0.037877794,-0.004995698,0.063870616,-0.14566146,-0.08653345,-0.3896789,0.2916445,0.20517029,0.09929595,-0.25673845,-0.01315505,-0.0048805224
-0.67628,-0.7640119,-0.7984061,0.17187664,-0.31938747,-0.110820435,-0.59129494,0.06869775,-0.39333752,-0.08446744,0.20652965,-0.3814352,0.3002167,0.20673591,0.107604586,0.24348347,-0.3319166,-0.50203115,0.03700396,-0.10278082,0.06819758,-0.24251407
-0.7771383,-0.71371573,0.71898216,1.1566405,-0.47302225,-0.19241948,-0.662948,0.27767023,-0.3280576,0.28519586,0.30507827,-0.18067758,-0.38128707,-0.35868052,0.111189015,0.30914477,0.011522152,0.22242025,0.117065445,0.11744658,0.090624444,-0.0074993935
0.9402345,-0.21256502,0.2187929,1.037298,0.31663942,1.1941814,0.7145093,0.28951865,-0.13465558,0.4375826,0.2166709,0.57423186,-0.34098697,-0.42077646,-0.25320554,-0.31429568,-0.096381985,-0.14779872,0.15443559,0.14717425,-0.05174946,0.2221137
-0.6374057,-0.5610874,-0.5297615,0.0888899,-0.6356182,0.65313244,0.030390281,-0.4616172,0.25919962,-0.012191612,-0.7082967,-0.35481054,0.46011832,-0.19878376,-0.277799,0.0015434569,0.101915985,-0.19784188,0.0328541,0.054785103,-0.18172884,-0.14795274
0.4513016,-0.16711794,1.2363795,0.72611505,-0.75043833,0.2267601,-0.056569345,-0.18554045,-0.16275838,-0.071444556,-0.08436456,0.2637275,0.44926402,0.0983817,0.40625328,-0.017776445,0.10166223,0.26844618,-0.16337016,-0.34911254,-0.045877125,-0.008517211
0.8830487,-0.11992118,-0.0535342,-0.59179246,-0.25268066,0.13045153,-0.010060555,-0.30763265,-0.020883491,0.11035065,0.047801383,-0.30969572,-0.11884793,0.16150723,-0.16897444,0.072436474,0.12343129,0.09997307,-0.03562087,0.09394088,0.010152933,-0.05279382
0.8975382,0.39145827,0.33383715,-0.13693708,0.7920096,0.32851985,-0.3118497,-0.20470242,0.072431415,0.34709162,0.0406364,0.12162014,0.030593278,-0.03315009,0.12215764,0.027556319,-0.13034211,0.05827731,0.0827332,0.17282097,-0.026959298,0.04621398
-0.6969921,0.72388166,-0.28859448,-0.0417564,-0.31899944,-0.3093149,0.060869876,0.33006653,-0.06912829,0.028028514,0.05827798,-0.122396514,-0.010540903,-0.09239549,-0.08765705,-0.095886126,0.12606809,0.050428826,0.033297155,-0.05818061,-0.021784741,0.06992873
-0.6120796,-0.5752984,-0.65127444,-0.42363212,0.15401386,-0.41472378,-0.35874644,0.10194716,-0.2486454,-0.13454889,0.22086297,-0.09205518,0.1127017,-0.14773086,0.27672777,-0.030643437,0.63912505,-0.14000295,-0.14818005,-0.26870844,0.07370136,-0.047674965
-0.63123924,0.6835555,-0.23523268,-0.038238198,-0.23044334,-0.24287678,0.07424411,0.32823905,-0.034379862,0.21934941,0.10380048,-0.17249553,-0.029990818,-0.101818085,0.059168275,-0.044937614,0.10473723,-0.06726706,0.33577654,0.105454326,-0.011901524,0.036111504
-0.6129301,0.40501893,-0.080238685,0.17904116,0.057605114,-0.3277669,0.44553998,-0.027146962,-0.0067081274,0.69256526,-0.38536045,0.080574915,-0.37826228,0.55421245,-0.14441924,-0.07440975,-0.0567702,0.018596182,-0.129638,-0.19670273,-0.2895322,-0.041782886
-0.7468173,0.63503337,-0.199319,-0.05493509,-0.11681829,-0.19450592,-0.0042240527,0.055661827,-0.0420726,-0.039934173,0.024674205,-0.16834274,-0.0678217,0.0008675418,-0.057912264,-0.013091891,-0.3361287,-0.21087886,-0.032698546,0.12437619,0.021981366,-0.22807173
0.8456058,0.601653,0.10883461,-0.03705491,0.010147803,-0.1327439,0.11419426,0.3216763,-0.02301581,0.39465392,0.11789753,0.17900585,0.07680129,-0.1651539,-0.014688178,-0.03266704,0.19234475,0.026893241,-0.14252125,0.008825672,-0.020241478,-0.05160131
0.6875077,0.6458047,0.015977534,0.042140473,-0.3634232,-0.32161435,0.23318265,0.08407757,-0.07093391,-0.08194311,0.006406981,0.07215735,0.024677103,-0.08238009,-0.084682494,0.18670188,0.14599343,-0.13815497,0.12707235,0.05687001,-0.036455244,0.091812305
0.7256474,-0.49498016,-0.5628185,0.25831792,-0.958698,0.50160825,-0.42786145,0.2740628,0.1277981,-0.26330268,-0.66601413,0.0450459,-0.2659301,-0.61600834,-0.06580908,-0.33135027,-0.47480392,-0.16689354,-0.039952766,0.10484891,-0.18538992,0.14946419
-0.9717281,0.059957363,1.1780359,-0.029221147,-0.06580515,-0.024238786,-0.33531463,-0.32699507,-0.041841265,-0.30016804,-0.12362162,-0.10517569,-0.020280141,0.04169373,0.1700236,0.15088929,0.23148067,0.11257167,0.046417575,-0.2196653,-0.02741472,0.089923106
0.89519703,0.5070575,0.2305701,0.043482013,0.046250366,-0.026617961,0.13925561,-0.14471067,0.04753278,0.4503876,0.07213795,-0.20199886,-0.12995732,0.025537169,0.5017458,0.45348242,0.1798286,0.32192215,0.13980468,-0.28222495,-0.0140689565,-0.062523715
-1.0112981,-0.046084445,1.2757092,0.012967155,0.036460936,0.063932166,-0.10481717,-0.58434886,0.015213146,-0.25112757,-0.098094635,0.060340103,0.036680803,-0.0040591112,-0.26307902,-0.042049643,-0.028168157,-0.27646306,-0.040586185,0.079916984,0.012962539,-0.23514184
0.7617351,0.28791887,0.2830246,0.026541358,0.6875592,0.44596916,0.66204447,0.39021918,-0.17596743,-0.15436965,0.049453605,0.32356343,0.07315622,-0.11757349,-0.27262762,0.13927646,0.08747171,-0.09413615,-0.15580595,0.097106226,-0.047504872,0.077665165
0.7214365,-0.20280522,0.0896365,0.8258105,0.20728426,0.8678997,0.8490396,0.1507177,0.19704565,-0.20440868,-0.96842146,0.16946256,0.6312016,-0.37521142,-0.15839332,-0.21133246,-0.083681375,-0.1332932,0.18636885,0.043694045,0.7187476,-0.09709966
0.75012636,0.56001246,0.1210054,-0.00514102,6.8614405e-05,-0.11047654,-0.11888456,-0.15646291,-0.044916313,-0.08799607,-0.038281366,-0.23958807,-0.08009608,0.08933645,0.35724038,0.33935595,-0.027247563,0.021740789,-0.14814225,0.12303812,-0.0003334613,-0.037315976
-0.57594573,-0.621052,-0.55805916,-0.31354523,0.006362262,-0.44180954,0.24144939,-0.06482379,-0.15709446,0.4065152,0.33112922,0.14817695,0.053250805,-0.15387644,0.141306,0.3643383,-0.07413541,0.69553477,0.056293003,0.017309668,0.06930312,0.14992279
-0.7288494,-0.0809032,-0.2576068,0.27727294,0.5373249,-0.49373046,-0.008675608,-0.38425663,-0.11212024,-0.079234935,0.19079573,0.020050045,0.115276486,-0.1957379,0.17032415,0.18818404,-0.040143427,-0.11656771,-0.01894143,0.042741638,0.049750414,-0.009262024
-0.7151142,0.5233336,-0.13815361,-0.039383262,0.1561524,0.01818896,-0.25875223,-0.3118278,-0.010910177,-0.2661421,-0.078330964,-0.35439956,-0.088582456,0.10595456,0.5207396,0.0068759685,-0.13889006,-0.09600249,-0.049057167,0.20534818,-0.011643723,0.19706433
0.7943928,-0.38615438,0.047560617,-0.5538712,0.37162766,0.6321098,0.7413689,0.23093866,-0.17102614,-0.075864546,0.08520152,0.3085161,-0.05793401,0.05535705,0.23979057,0.05744402,-0.5225579,0.30390963,0.07413934,0.12530713,-0.0090960255,0.10014996
-0.8786819,0.11114273,1.1405995,0.07954786,-0.43580738,-0.1959391,0.08116415,-0.091233335,-0.031056868,0.08367185,0.010951654,-0.12404139,0.028173918,-0.069816194,0.07955116,0.01774214,0.35059825,0.28766796,-0.12371393,0.14197336,0.033610098,-0.084662296
-0.70566994,0.34331167,-0.3164947,0.70318365,-0.6203572,0.26931757,0.23190433,-0.13978122,-0.10606733,0.18205716,0.021987448,0.010331459,0.34399682,0.10580104,0.026223894,0.047108274,-0.06582363,0.099290505,0.08248468,0.035063107,-0.0031487078,-0.13659215
-0.85634404,-1.0757425,0.7360484,-0.3303411,-0.25302437,-0.5688766,-0.23236835,-0.19745131,-0.21689609,-0.034606285,0.25337073,-0.31461298,0.046291552,-0.05668343,-0.33916584,-0.06894237,-0.085311055,0.02767015,-0.038922813,0.11800768,0.11210547,-0.1957584
-0.62089247,-0.70260227,-0.46891838,-0.3327837,0.17719579,-0.34956563,-0.007440217,-0.4288729,-0.11763122,0.09079822,0.27012947,-0.2387341,-0.038337313,-0.038029775,-0.053301644,0.07925118,-0.06185268,-0.054767855,0.10458783,-0.30414233,0.08316484,-0.279831
0.78936297,-1.1683756,-0.6847117,0.8341177,-0.4945393,-0.29102597,-0.38727176,0.32369357,0.42949548,-0.122139886,0.042247687,0.3804643,-0.62975335,0.6157731,0.23199844,-0.21635175,0.07578194,-0.028108386,-0.100642726,0.11585512,-0.14750768,-0.10283128
-0.9267948,-0.5274957,0.86706793,-0.722241,-0.3173134,0.101745635,-0.5381083,-0.033352353,-0.13178264,-0.24002762,-0.06555179,-0.101448804,-0.05391263,0.1429327,0.26381463,-0.20294449,-0.14822625,-0.16708691,-0.39320022,-0.1631071,-0.006252451,0.09437844
-0.96742386,0.070193835,1.1567905,0.029415239,-0.24655262,-0.11743634,0.10714019,-0.13228601,-0.013775237,-0.01732118,-0.008771205,0.2726534,0.1222214,-0.15348579,-0.17884818,-0.24051762,0.051892437,0.18475069,-0.030352427,0.06969438,0.013707127,-0.060506195
0.91239184,-0.59890896,-0.30888027,-0.41886938,0.20719615,-0.4503435,-0.37085563,0.09380144,-0.20678331,0.103675924,0.29443216,-0.23933594,0.06316534,-0.098488584,0.063119695,-0.09682281,0.30249593,-0.037415825,-0.048429318,-0.30983633,0.033544898,0.04387605
0.8799867,-0.18458632,0.015414871,-0.8021031,0.4534226,0.45225763,-0.41139123,-0.13646547,-0.01773913,0.18399407,0.027901012,0.24368255,-0.0025339744,0.071176514,-0.12712951,0.04500754,-0.18987831,0.14981909,0.19878997,0.14693409,-0.0010383792,-0.022662807
0.9375239,-1.1556065,-0.58303815,0.6658843,-0.065764405,-0.11027002,-1.0012522,0.348744,0.41425744,-0.031983025,0.024792863,-0.09220207,-0.76596415,0.7721568,-0.13994515,0.14804178,0.16327696,-0.06297513,0.20498164,0.16509874,-0.1505613,-0.030304443
0.83203524,0.66201776,0.07980228,-0.07288379,-0.071511805,-0.21649978,-0.16773105,0.2597151,-0.06862155,0.1699287,0.060201257,-0.27703923,-0.0665345,0.009002485,-0.058182117,0.24321425,0.045989983,-0.07522696,0.06931998,0.096682176,-0.025191508,0.037268765
0.6653121,0.0100081535,-0.26281217,-0.5643156,-0.69674504,-0.1583945,0.28343156,0.0044008656,-0.1367765,-0.1984188,-0.0033912472,0.2374541,0.016476369,0.021490254,-0.27641225,0.08500727,0.05222407,-0.048658933,-0.27446076,0.053606536,0.009045471,-0.06664224
0.86582047,0.49000806,0.2690194,-0.14128935,0.51499087,0.115591064,-0.05430849,0.15111333,0.040600125,0.5891364,0.13398312,0.29673073,0.035121698,-0.11939509,-0.22455856,0.032168955,-0.46587634,-0.09154585,0.055655718,0.13425814,-0.024932656,-0.0897406
-0.7395666,-0.09271742,-0.35537323,0.32865518,0.58791083,-0.8771359,-0.17285709,-0.062002715,-0.21960123,0.026737168,-0.2996024,-0.0073155826,-0.22736247,0.45423105,-0.08192274,-0.22342986,-0.25184688,0.045709357,0.037910458,-0.21004058,-0.20400769,-0.12882294
-0.9816583,-0.19007729,1.2830708,0.11531448,0.18118568,0.14629033,-0.09098373,-0.4605774,0.89028746,-0.3373571,0.16130476,0.36258838,0.064424805,0.26038575,-0.09110445,0.15473406,0.058481656,0.25525117,-0.14080395,0.15865266,0.028321901,0.0022028824
0.6245708,0.4487776,0.1129411,0.24459101,-0.38016808,-0.16859426,0.58610505,-0.671981,0.040315654,-0.35345063,-0.08379889,0.088078156,0.055536117,-0.048111018,0.38492295,-0.10105205,0.38351557,0.1121509,-0.2567691,-0.09483499,-0.020616313,0.035253175
-0.700283,0.6878646,-0.25386363,-0.029323556,-0.25513107,-0.26277867,0.14143404,0.22768871,-0.046685215,0.07172648,0.064883634,-0.03393844,0.016404947,-0.09784933,-0.22396429,-0.15353593,-0.060735736,0.20460358,-0.10321148,0.11019077,-0.013055083,0.10101239
-0.7493231,-0.5600697,1.108949,0.32695785,0.3767724,-0.5326764,0.00037894738,-0.008476134,-0.07716812,0.6529916,0.012478455,0.09343791,0.13127945,-0.19885364,0.22129706,0.4591266,0.2593238,0.101061255,0.07797166,0.05433253,0.98720753,0.1629505
0.63886225,-0.07425735,-0.029992362,0.2028834,0.7350338,-0.46150893,-0.2741047,-0.423617,-0.1581762,-0.5052935,0.08858129,0.32744718,0.26893502,-0.23964423,-0.30595908,-0.024011172,0.0626972,0.13022305,0.10757178,0.050543454,0.024431482,0.16911857
0.69939137,-0.5767885,-0.4919243,1.3285266,-0.056104634,-0.43052173,-0.52287316,0.18734278,0.014823174,-0.22600643,-1.3208592,0.0783934,-0.37704372,-0.16387013,-0.12519042,-0.37438047,-0.14190064,0.16515173,0.043150064,0.061512727,0.5616482,0.11082671
0.88279337,0.09733009,0.021036038,0.83044815,0.0078013763,0.7738755,-0.31012192,0.08807594,-0.068366535,0.42754662,0.10437111,0.646077,-0.27742493,-0.39953622,-0.25640687,-0.22305001,0.075867206,-0.09969587,0.013365386,0.115411416,-0.013410233,0.007877513
0.6104421,0.56660366,0.06363828,0.015678953,-0.11804561,-0.17432155,-0.0140406005,-0.3117109,-0.05691109,-0.49790567,-0.112010285,-0.022459336,0.016379213,0.021310572,-0.09625038,0.035841376,0.0033020047,-0.13074398,0.037439287,0.09268453,-0.00989272,-0.0072921724
-0.68958837,-0.12557003,-0.35538423,-0.6277763,-0.1964838,0.18922913,0.19816454,-0.18693775,-0.03523032,0.11523446,0.04275652,0.23360153,-0.01999572,0.02125158,-0.17217912,0.011795582,-0.039356742,-0.16470271,-0.33560514,0.04009749,0.039823145,-0.32115117
0.8279027,0.31240076,0.29754773,-0.1168821,0.9907117,0.5476473,0.025880486,0.50251925,-0.19981475,-0.26847643,0.016693538,-0.13187496,-0.06106295,0.026941955,0.18459457,0.22910814,0.08409333,-0.3192465,0.23059605,-0.03284676,-0.032284554,-0.10743916
-0.9311078,-0.4870022,0.849076,-0.6980033,-0.47232762,0.023568021,-0.3454179,0.056282025,-0.1322239,-0.12976493,-0.025083521,0.008963204,-0.04515227,0.08934758,0.06100833,-0.09006409,-0.05909162,0.00845504,-0.24246731,-0.2251394,0.031110313,-0.20925917
0.6922672,-0.5463216,-0.31377742,1.3969206,-0.10557971,0.1443333,0.3538488,0.25898594,-0.42421848,-0.7074818,0.2456345,-0.06516245,-0.31296694,-0.3824236,0.6920936,-0.5383018,-0.2242112,0.16316395,0.14333749,0.050864223,0.044460077,0.25864312
-0.68582517,0.02890263,1.3136553,0.04148712,-0.13448514,-0.034457665,-0.10398533,-0.2105228,0.074167475,0.50524986,0.11382486,-0.61704856,-0.12118157,0.032649532,0.05599864,-0.09781229,0.035714332,0.18525003,0.25243816,0.19078967,0.0100228265,0.052553944
0.89033616,0.54848784,0.22635052,-0.16669759,0.46905604,0.08296796,-0.34914038,0.15620697,-0.012310536,0.3773357,0.06733933,-0.06129484,-0.04111747,-0.007965372,-0.13555314,0.2662765,-0.01715641,-0.05947969,-0.035609733,-0.0660616,-0.038854327,-0.02887036
0.6377277,0.37386513,-0.11175307,0.65110797,-0.55896765,0.21580641,-0.045406867,-0.16049784,-0.18567699,-0.2661496,-0.090857126,0.13042846,0.41950005,0.14568083,-0.24754427,0.029452622,-0.04808785,0.12298726,-0.13924089,0.005422301,-0.022364117,-0.07258803
-0.66279334,-0.17626368,-0.37575015,-0.40152562,-0.6584951,0.052967668,0.68570495,-0.45375028,0.024214936,0.13424052,0.059772447,0.044543058,-0.034445897,-0.00063306856,0.27595764,-0.123214975,0.24256353,-0.24150561,-0.059343576,0.13742869,-0.016023498,0.25403297
-0.86166614,-0.6924102,0.9418706,-0.44478926,-0.6381605,0.006593099,0.14194532,-0.09233942,0.8381968,-0.033365726,0.3224126,0.084567316,-0.06513536,0.31057492,-0.3546117,-0.07307128,0.22440298,-0.11786828,0.25057834,-0.24109866,0.0021692119,0.074057035
-0.7528982,0.16671641,1.174336,-0.091727555,-0.15038548,-0.16936907,-0.27464378,0.3721015,-0.022052618,0.4869489,0.13027956,-0.27350837,-0.031444963,-0.07974703,-0.07476831,-0.31538263,-0.08873681,0.029621221,-0.116720855,-0.18919274,-0.04591426,0.21074685
-0.5560722,-0.045939386,-0.39315033,-0.7671688,0.027971879,0.24563815,-0.31027952,0.1012866,-0.052495398,0.11056365,0.057335515,-0.025436105,-0.01974486,0.028779136,-0.17390953,-0.2037747,0.16104603,0.16895069,0.19987196,0.07577102,-0.0037981193,0.13614824
-0.8910888,0.029220095,1.1857703,-0.03147732,0.01797906,0.0068301572,-0.016420314,0.10117703,-0.0066631255,0.2389341,0.050519656,0.42740452,0.19150509,-0.23294927,0.10591396,-0.33242285,0.04316533,-0.18133004,-0.058390632,0.30552763,-0.030286202,0.18447374
0.9808008,-0.51632106,-0.16087899,0.107838824,-0.37187552,0.67945856,-0.43098208,-0.19661719,0.7552023,0.112269774,0.30805895,-0.44438857,0.15770042,0.71872663,0.3891141,0.06888167,-0.0997284,0.22030877,0.1227641,0.11613022,0.032363936,-0.011125743
-0.9405844,-0.36542422,0.84252006,0.29986793,-0.1414912,-0.8803823,-0.17130409,0.1818387,-0.21745445,-0.13990618,0.24745646,-0.102405414,0.23029283,-0.2975441,0.2021954,-0.41237494,0.11408229,0.07506556,-0.25300637,0.10969174,0.06725861,-0.0020785113
0.8938389,0.16603312,-0.16906284,1.0242842,-0.65827686,0.3361242,-0.26240236,0.5046239,0.73467433,0.1816829,0.4280751,0.11304245,-0.4419814,0.020929245,0.07261482,-0.19384825,0.05344265,0.0780161,-0.059637118,0.08640723,-0.02039425,0.23838897
-0.74862534,-0.9942718,1.0664699,-0.53547335,0.15425995,0.65908056,0.4870871,0.2982169,0.17303286,-0.012032958,-0.6111468,-0.27366498,0.11177005,-0.4288218,-0.29358676,0.24379252,0.2886869,0.1371481,-0.083001465,0.10872319,-0.1844269,0.021499375
0.7885032,-0.18388443,-0.2648719,-0.5703334,-0.5023494,-0.014963333,0.1128621,0.012761775,0.26283053,-0.12385004,-0.6909808,-0.15935089,0.1759183,-0.4339597,-0.2350693,0.22161351,0.37471765,0.18629014,-0.1919822,0.07247303,-0.1939323,0.11530194
-0.7283276,0.3546112,-0.29616436,0.6104531,-0.44306576,0.30525774,-0.05644941,-0.15984417,-0.12891892,0.055087376,-0.011643382,-0.13137895,0.29609025,0.1924744,-0.3047887,0.07179515,-0.34115553,-0.1372273,0.07318667,0.058882516,-0.031153198,-0.03770331
-0.6502387,-0.085821144,-0.3862221,-0.7426425,0.03936433,0.2610532,-0.18929873,-0.05921056,-0.05869212,-0.009096909,0.016010536,0.17835331,0.014487341,0.040847283,-0.23027912,-0.16431165,-0.14592469,0.16333143,-0.12104336,0.2443888,0.014459621,0.06718882
0.84380674,-0.15179396,-0.26837787,-0.3832786,-0.456343,0.17118074,-0.2855229,0.24489954,-0.045603037,-0.020224664,0.12725367,0.14621495,-0.8324237,-0.3731161,0.2154992,-0.47240287,0.16281566,-0.24982964,0.48180676,-0.26976934,0.000115198636,0.0032653466
-0.68420804,-0.15356085,-0.35308346,0.41066614,0.6978018,-0.25213993,-0.6380106,-0.1199822,-0.1352321,-0.24245055,0.21553965,0.15903598,-0.66028386,-0.5594008,-0.0376001,-0.07593041,-0.020098463,-0.0066899373,0.06391835,-0.0071124295,0.082037196,0.0052309185
0.57733876,0.6043311,0.028576594,-0.013252171,-0.16073506,-0.24412097,0.22509068,0.0764744,-0.0867048,-0.1239159,-0.033635654,0.4743979,0.059964374,-0.09124253,0.047259618,0.27710778,-0.37933487,-0.22604002,-0.15169008,0.017714327,-0.0496168,0.1037274
-0.686431,-0.19226632,-0.34321806,0.25161925,0.5525934,-0.49472466,-0.075426936,-0.15254657,0.23744303,-0.0764441,-0.48507467,-0.16244371,0.33442727,-0.73094404,-0.12383398,0.22709505,0.1995619,0.046421178,-0.072351955,0.018555457,-0.11864063,-0.12260506
0.5930035,0.55765796,0.092328995,-0.17584966,0.40124786,0.025064321,-0.27714577,0.023859754,-0.08192095,-0.297337,-0.09803181,0.5686496,0.109796025,-0.07503137,-0.10333178,0.158406,-0.32999083,-0.089272834,-0.04731248,-0.038054418,-0.04489041,0.022559127
-0.7148667,0.5774232,-0.16957676,0.030971453,-0.16762047,-0.13450892,0.16582571,-0.17289299,-0.0022894742,-0.06928218,-0.0012335752,-0.14037831,-0.03687682,-0.03622443,0.014312306,0.075720005,0.15199615,-0.09360306,0.30316642,0.11467149,-0.0049911733,0.025256673
0.7131191,-1.6109917,0.98825306,0.42083064,0.030221844,-0.068545006,-0.30538344,-0.19617987,-0.33229414,0.62779534,-0.24706303,0.3917939,0.23973688,0.6107549,-0.11361206,-0.062080108,0.09305832,0.024057677,0.3860868,-0.01356176,-0.26022163,0.2367941
0.83999157,0.066413015,-0.082090706,0.2718637,0.2298561,-0.77177495,-0.11827969,0.13044842,-0.19303352,0.17006224,0.28863654,-0.30845124,0.08071695,-0.17585436,0.10464184,0.25371134,0.11888069,-0.1128221,-0.21701472,0.08328131,0.04835279,0.0050906674
-0.66891617,-0.21216328,-0.4832674,-0.66647017,-0.2498958,0.11316105,0.030197147,0.13834237,0.30769828,0.10341099,-0.63333744,-0.095469974,0.09878189,-0.44083178,0.16472836,0.088795446,-0.21068151,-0.13510367,-0.07195891,-0.10304844,-0.17674668,-0.14275484
-0.71446997,0.54203427,-0.13078709,-0.13947766,0.3629243,0.075789735,-0.20152502,0.017196115,0.0074894014,-0.059055343,0.0078028655,0.16917156,0.075105295,-0.11834381,-0.06367873,-0.4467147,-0.12890488,-0.13872541,0.006257793,-0.03867785,-0.0022155913,-0.12519975
-0.7024195,0.043777008,-0.36264446,0.3716449,0.0070242197,-0.7847932,0.35289398,-0.14498943,-0.133316,0.053234402,0.27601165,-0.065035194,0.13689692,-0.27816725,-0.19814901,0.019522825,0.13236691,0.15107287,-0.046431467,0.068531506,0.074605934,-0.041112226
-0.8562861,-0.5027962,0.8734622,-0.5706274,-0.7542197,-0.049142275,-0.0153033305,-0.06404786,-0.10068603,0.10762284,0.019927474,-0.15983379,-0.118809804,0.10856514,0.2230051,0.38382807,0.10679641,0.06458694,0.3563471,0.14598936,0.020408073,0.05304326
-0.7160085,0.60035914,-0.1754211,-0.041461177,-0.009234477,-0.086069055,0.032441713,-0.0012403908,-0.021737712,0.014841942,-0.0011391606,0.023969052,-0.032830317,-0.042357415,0.15550861,0.12919004,0.11856658,0.1453603,-0.063657254,-0.2701155,-0.018571656,-0.041933876
-0.72981435,0.5952307,-0.16738422,-0.099566504,0.11077051,-0.06928936,-0.028062617,0.05143244,-0.007734171,0.03770688,0.022112515,0.11533874,-0.009853664,-0.06701492,-0.03569188,-0.07656874,-0.4480454,0.044678077,0.31906912,0.080717474,-0.041821185,0.24599487
0.75319475,0.01800833,-0.26709682,-0.644563,-0.5115394,-0.08323705,-0.09960289,0.20280477,-0.14234859,-0.19211785,0.013664752,-0.018715274,-0.016146736,0.031468168,0.2519691,-0.05368623,0.25457147,-0.36755568,0.21982655,0.08056478,0.047660865,-0.28342047
0.91467875,0.5248071,0.21455586,-0.10127344,0.35529104,0.05364532,-0.25367904,0.079432935,0.018308988,0.32163978,0.079877645,-0.17642947,-0.007832612,-0.045211542,0.018388903,-0.13211675,0.0440909,-0.10882979,0.08888851,0.08249085,-0.01680905,0.045568153
0.7403124,0.35573912,0.28887898,0.06502074,0.37783143,0.14619525,0.22773066,-0.5079315,0.091926225,0.12319641,-0.34229347,0.32165313,0.0485288,0.041565448,-0.24411069,0.25603187,0.12168633,-0.26739687,-0.17709081,0.030522121,0.8781197,0.24662854
-0.7165488,0.23388198,0.04936512,0.022713527,0.8302105,0.60518616,0.5975126,0.10470506,-0.13620564,-0.3038491,-0.012368511,0.22917104,0.009247516,-0.045863897,0.10000296,0.2285578,0.027959306,0.09655107,-0.033191826,0.13816768,-0.026957344,0.061969444
0.3312323,-0.5315562,1.1033758,0.45544085,-0.044423714,-1.1855599,-0.011474521,-0.03419882,-0.3138779,-0.2388099,-0.3830132,0.38821805,-0.099167086,0.3798133,-0.03210389,-0.11002753,-0.24992834,0.015295615,0.09674218,-0.23606335,-0.25031793,0.16829814
-0.7078453,0.5712285,-0.27423394,0.078202285,-0.28030238,-0.30482265,0.122883245,0.4106175,0.81965375,-0.12347258,0.34607142,0.018493839,-0.017946886,0.18713854,-0.06127306,-0.13127115,-0.04595367,-0.020524377,0.1885337,0.12470524,0.025877193,-0.010217787
-0.66229016,3.791419e-06,-0.46098664,-0.71676505,-0.26449457,0.07835889,-0.27754387,0.025323512,-0.11620267,-0.13528699,-0.005808801,-0.22819129,-0.11646415,0.15371244,0.011872677,0.13988498,0.008117251,-0.109918,-0.013108588,0.14191192,0.020267997,-0.03919617
-0.7103303,0.38052505,0.00819218,-0.08440234,0.6861514,0.36616865,-0.09992859,-0.4994155,0.072249636,-0.035371706,-0.06796744,0.39614773,0.08086543,-0.050855946,0.23749362,0.041052092,-0.099793166,0.51522934,-0.089164935,0.17523609,0.025791122,-0.114272505
0.6737694,0.032476787,-0.27146614,-0.69460416,-0.40282184,-0.055413835,-0.12092035,0.15172428,-0.15784796,-0.28322074,-0.041006032,0.255944,-0.0022079556,0.0513363,-0.051347695,0.08090215,0.064973034,0.04415106,-0.15163088,-0.31500944,-0.03169731,0.05104002
-0.7142389,0.38642687,-0.068825044,-0.069595575,0.67314535,0.4094886,0.2814692,0.51057816,-0.2182549,-0.40535018,0.0044979677,-0.08336093,-0.05155057,0.0027540852,0.034563173,0.07056306,-0.036785282,-0.10342633,-0.13584311,-0.057602186,-0.03431348,0.02010245
-0.737766,0.5079716,-0.09779473,-0.010845785,0.0969045,-0.010765787,0.21184261,-0.22564384,0.033590287,0.06306065,0.016661836,0.16693057,0.021961376,-0.08010709,-0.22174233,-0.123934425,-0.28319448,-0.115174174,-0.053838708,0.0782547,-0.042671174,0.1950427
0.7566651,0.5230795,0.15188809,0.060305495,-0.0753914,-0.113693245,0.3955122,-0.088826664,0.016425148,0.23479435,0.055681236,0.30151746,0.07268234,-0.14136969,-0.11329177,0.040689517,0.035097413,0.11336495,-0.1321199,0.013504097,-0.025633842,0.051624075
0.88974607,0.32183772,0.05858046,0.6799704,-0.5018223,0.25308633,0.14851478,-0.029671,-0.07172923,0.6004044,0.13606347,-0.24819605,0.2832707,0.15167433,-0.36395547,-0.025643505,-0.32941058,-0.08487032,0.00772605,0.029530866,-0.04099552,-0.046048
-0.6395943,-0.21617481,-0.24995136,0.38784364,0.8087821,-0.6502834,0.17494579,-0.080904596,-0.16236548,0.46912766,-0.23241144,0.5338533,-0.056524985,0.2579215,-0.0984234,-0.0066416855,0.3559186,0.091655254,-0.044693552,0.0073049786,-0.21232015,-0.08558069
0.62179345,0.10100625,-0.23461233,0.3419818,-0.094542645,-0.9521112,0.16230504,0.12789658,-0.22878079,-0.26571736,0.22087269,0.12423916,0.20519088,-0.28328627,0.3366552,-0.07669364,-0.06906012,-0.18319558,-0.1694599,0.045233812,0.03774598,0.04244049
0.5705561,0.10154276,1.4474769,-0.03575742,-0.15327092,-0.16155812,-0.30484247,0.020480433,-0.060345456,0.0374419,-0.014239209,-0.13633539,0.0036476776,-0.018812027,-0.09292452,0.01648106,0.18019252,-0.1809663,-0.07012819,-0.23971769,-0.051467445,0.12621695
0.52968097,-0.14238727,1.5277128,0.37578633,-0.6504697,-0.30415714,0.6799956,-0.38089335,0.9439921,0.107393876,0.34981465,0.041977335,-0.021241125,0.21720229,-0.22480284,-0.04877065,-0.09347508,0.0209169,-0.035705954,0.08886256,0.032325912,-0.16960625
0.78570974,-0.32295933,-0.1330317,-0.6392068,0.021963006,0.29403442,-0.14384119,-0.37382504,0.34219548,-0.2771537,-0.75776035,-0.07487234,0.19030103,-0.3946558,-0.20470703,0.009120341,0.15418865,0.38562667,0.081004396,0.034980867,-0.1922767,0.12858358
-0.7230933,0.5936024,-0.17018782,0.0034144924,-0.13479719,-0.14696904,0.13260214,-0.11049512,-0.012483688,-0.050321374,0.014213118,-0.1271159,-0.020600019,-0.038055528,-0.22148578,-0.04523922,0.031619705,-0.10734203,-0.055273417,0.107910275,0.0019593444,-0.08859252
-0.6240144,-0.17212056,-0.6682253,-0.10122517,-0.718217,0.4499882,-0.38956553,0.29370192,-0.2597588,0.058141645,0.017297748,-0.095352225,0.30338374,0.24442211,-0.0376662,0.06612273,0.107502386,-0.079678774,0.08492915,0.059762932,-0.0024210913,-0.039759696
0.9187238,-0.96890885,-0.09367931,-0.28630376,0.87242466,0.18289019,0.46794587,0.24531828,-0.3035783,-0.115787335,0.33100313,0.08856481,0.16546458,-0.20817497,-0.062318034,-0.1617251,0.45907214,-0.18886511,0.058579486,0.069647625,0.07622084,-0.17553866
0.68940264,0.63040555,0.03164591,0.056389578,-0.36101592,-0.3168319,0.29297504,0.008190794,-0.039069194,-0.082449704,0.022218008,0.069447845,0.039710857,-0.094887935,-0.21903932,-0.03896262,0.03281929,0.004594807,0.15179199,0.05198993,-0.04173489,0.13394107
-0.83840495,-0.92068493,0.6516382,1.1259885,-0.22100595,-0.121240094,-0.6552777,0.56062686,0.088519655,0.2762155,-0.681495,0.08869446,-0.082817845,-0.9231249,0.017382145,-0.13742958,-0.06409832,-0.22655833,-0.04472265,-0.28677896,0.8544876,-0.25032935
0.8245081,-0.53165257,0.026362393,1.1189125,0.28621525,0.19093074,0.7100904,-0.08583868,-0.35453448,-0.021907238,0.27082974,-0.3678693,0.31763196,0.07724943,-0.03505497,0.3769042,-0.02329277,0.07569049,-0.06347521,-0.41729888,-0.000565534,-0.05951553
-0.71870595,0.69744056,-0.27279955,-0.046671785,-0.28195772,-0.2890766,0.07461391,0.3173807,-0.063996896,0.03741495,0.06181853,-0.07385309,-0.018818786,-0.09968142,0.04465274,-0.04786731,-0.054716524,-0.2251688,0.29910433,0.106797904,0.0058512865,-0.087179795
0.70298725,-0.36034495,-0.2409484,-0.29470024,-0.13973187,0.36154643,-0.30107233,0.018513748,0.7873725,-0.501006,0.24877787,0.75726044,-0.74601054,-0.03875246,0.09843823,0.03573389,-0.004588514,0.2890075,-0.052128427,0.13228302,0.05841038,0.04406368
0.87146056,0.019638482,0.05837054,1.1922048,-0.7708243,0.5230756,0.48099443,-0.6197199,0.042659424,0.3648477,0.10795522,0.078502566,-0.43883258,-0.29395014,-0.07548395,-0.30821753,0.13843442,-0.01794409,0.194163,0.09766855,0.006303868,0.12867863
-0.6769816,0.059293695,-0.5290625,-0.67222995,-0.56915873,-0.11694702,0.040196095,0.3064179,-0.12457414,0.10584345,0.078227945,-0.0623953,-0.105140395,0.060138192,0.06846997,0.060551234,-0.3172963,-0.28831533,0.12244726,0.15195294,-0.030659083,0.29844904
0.6829338,0.6327783,0.047407538,-0.070365585,-0.04001525,-0.19009261,-0.24423784,-0.026374757,-0.083620265,-0.3204531,-0.06443682,-0.16416664,-0.03848866,0.054151643,-0.009777059,0.17304952,-0.08104408,-0.0385914,0.1589032,0.095003895,-0.0115571525,-0.018081691
-0.67309475,-0.065028615,-0.43330267,-0.5199353,-0.6282803,-0.013767385,0.41825932,-0.16160232,-0.036738317,0.117570095,0.062186074,-0.00018501522,-0.09236451,0.039638296,0.17822926,0.12531291,0.045372017,-0.041576866,0.20518652,0.10595012,0.026110005,-0.045087334
0.8092624,-1.3666396,-0.47596133,0.8615143,0.054898016,0.27791288,0.249303,0.10795198,-0.4867479,-0.3762684,-0.24658737,0.087419964,-0.70803916,0.40546778,0.35576734,-0.5746466,-0.11687687,0.67970645,0.16618283,-0.28105286,-0.20758733,0.18020554
0.58405536,-0.6376259,1.2768497,-0.57121086,-0.42530394,0.09753671,0.11735501,-0.20906572,-0.035246264,0.3292297,0.055599127,0.2708788,-0.03013781,0.04548683,0.008371357,0.16782248,-0.28308713,0.07081425,-0.026456255,-0.05919888,-0.0016703897,-0.054185536
-0.9729006,-0.48405567,0.83916,0.28619522,0.33008796,-1.0032064,-0.34402776,0.46177623,-0.35211718,0.16623385,-0.30535707,0.4558016,-0.05874781,0.31468478,0.056083124,0.025238885,-0.086454585,-0.06781871,-0.20743133,0.04527854,-0.25918683,0.3434872
0.7833176,0.6498932,0.043060075,-0.03594882,-0.13306077,-0.22890416,-0.08097073,0.17783909,-0.05774382,-0.025882913,0.03222991,-0.14790864,0.017954344,-0.054567546,-0.042157553,-0.107784376,0.13959645,0.04367066,0.05969759,0.092847124,-0.010766073,0.030158471
-0.63181156,-0.47556937,-0.47434258,0.05408952,-0.29370257,0.9153109,0.28128555,0.21589316,-0.34444192,-0.43074042,0.014208361,-0.45584264,0.20096762,0.35362545,-0.32462722,-0.1561607,-0.025076868,0.000117137926,0.21472053,0.040333435,-0.0035261132,-0.049880613
-0.6648242,0.046816874,-0.49827358,-0.7075386,-0.40656513,-0.015958142,-0.14174679,0.19521269,-0.13269587,-0.012748541,0.033955738,-0.12799536,-0.10278877,0.10539716,-0.086397894,0.18096317,-0.03837142,-0.086946435,-0.039933853,0.125751,0.011260152,-0.0024037429
-0.65981674,0.040306743,-0.49054438,-0.69793797,-0.41944936,-0.01647206,-0.10314453,0.13548948,-0.10102049,-0.035712168,0.045945033,-0.14620687,-0.0984507,0.08564457,-0.15444422,-0.00265814,-0.09385948,0.048286986,0.26980326,0.112976894,0.018009486,-0.015378452
-0.9925232,-0.00218665,1.2342688,-0.06335803,0.14562473,0.07559001,-0.28718495,-0.36768314,-0.0028841197,-0.21816897,-0.09354707,0.14617991,0.049194407,-0.02162346,-0.043725792,-0.11029242,-0.18113287,-0.0036787868,0.08319086,-0.0050244187,-0.021839553,0.0588408
-0.6535029,-1.1377978,-0.6783213,0.59447896,-0.1733818,0.35008284,-0.46489352,-0.6368538,-0.21881838,-0.14490104,0.20225257,-0.065692164,-0.4776325,-0.1598199,0.3176313,-0.11036657,-0.34800765,-0.227069,0.08420543,-0.23707494,0.07139857,0.038945038
0.8453905,0.545723,0.028610269,0.09035777,0.055450898,-0.4995753,0.056029983,0.5496712,-0.10299125,0.5669438,-0.72023106,0.19236833,-0.30610046,0.60330963,-0.18438089,0.042752173,0.32523206,0.09309811,0.006015832,-0.29913375,0.62376,0.1819497
-0.64830565,-0.35161456,-0.25939438,-0.51744455,0.21206506,0.6232102,0.6276548,0.05254791,-0.17085579,-0.38978127,0.019973781,-0.15982205,-0.12419706,0.120265394,0.20114148,-0.12659179,0.28505877,0.13927458,-0.22448708,-0.39052102,-0.03413849,0.09153696
0.86516994,0.56146806,0.09258576,0.10908764,-0.269917,-0.2187448,0.33258408,0.097013995,0.043447647,0.29372114,0.1381813,-0.12387654,0.058200195,-0.159253,0.46403736,-0.5416167,0.22885524,0.08073108,0.03795938,0.09046777,0.007692979,-0.04848318
0.84621036,0.21108682,0.12524846,0.6527683,-0.13601364,0.5209479,-0.27368551,-0.5701925,-0.084363796,0.028262729,-0.06630616,-0.40711585,0.28582734,0.29080954,-0.35735556,0.269145,0.29320022,-0.23861477,0.083540335,0.05973919,-0.06577549,0.14483687
-0.73640466,0.42731032,-0.1879376,0.19450805,0.013005896,-0.40393275,0.2724131,-0.053940095,-0.05267291,0.20692195,-0.8088022,0.08252305,-0.3289777,0.6856627,-0.16270599,-0.1094068,0.03262118,-0.21071151,-0.27301496,0.13801341,0.6966486,-0.086697355
-0.7201373,-0.02249878,-0.42992267,0.3890637,0.2978709,-1.0211093,0.15689947,0.25186902,-0.2591493,0.28662193,-0.23227859,0.2527127,-0.15155403,0.32969657,-0.09228978,-0.057946622,0.08941034,0.17434695,-0.32545847,-0.24915068,-0.20184761,-0.16090858
0.6554533,0.44983637,-0.19013886,0.64013886,-0.722248,0.109684005,-0.013814374,0.15052071,-0.23449999,-0.19279705,-0.062905,0.21985933,0.45405507,0.062773794,-0.219357,0.17866243,0.2880214,-0.10797088,0.17663176,-0.012438593,-0.046121977,0.051290758
-0.7128518,0.60733336,-0.16989951,-0.12745947,0.18056735,-0.047317028,-0.25158447,0.0187916,-0.023910362,-0.11303318,-0.013688989,-0.10663037,-0.020214727,-0.010720233,-0.15530127,-0.28191456,-0.18061867,0.02607156,-0.22798568,-0.22141787,-0.05821669,0.23635653
0.58943653,-0.5987958,1.2324854,-0.47978085,-0.7664227,-0.060347993,0.19150968,-0.3080843,-0.06656831,0.19359948,0.034963857,-0.13462876,-0.099556535,0.13103248,-0.054509662,0.3188371,-0.01041655,-0.18631034,-0.12431697,0.122268565,-0.004671186,0.03685095
0.89232165,-0.08628144,0.099551044,0.3426494,0.41220737,-0.6042043,0.04439231,-0.40515247,-0.05143423,0.2326999,0.32331657,-0.5113057,0.06209061,-0.15118153,-0.40732297,-0.264807,-0.052764818,-0.08689147,-0.1819981,0.079740174,0.08698195,-0.2703854
0.67991185,-0.18247916,-0.42437205,-0.12230456,-0.67364717,0.4002789,-0.5696125,0.11461549,-0.31578878,-0.36361155,-0.101385936,0.0006492601,0.30415705,0.34790292,-0.119153604,0.23071432,-0.21749507,-0.13837399,-0.040017396,0.030775268,-0.017124224,-0.06055694
0.9318168,-0.16745327,0.03610736,-0.77393603,0.31144786,0.3545236,-0.4044034,-0.12794489,0.007912048,0.294036,0.08562666,-0.159107,-0.10367829,0.13382263,-0.19279878,-0.21824695,-0.34818092,-0.10906393,0.051688775,-0.037520975,0.0012500407,-0.1205436
-0.6160656,-1.035953,-0.87692446,0.36486223,-0.42856964,-0.12967812,-0.28630865,0.29375505,0.86773723,-0.07032612,-0.17120406,-0.27333307,0.5255637,-0.06483887,0.044846173,0.5351428,-0.09079746,0.27337128,0.03931755,0.04061197,-0.102986276,0.0070210337
0.9247762,0.5113007,0.13562545,0.0029723374,0.12197321,-0.13155456,-0.35080472,0.30432668,0.8496411,0.030818867,0.35579222,-0.4281947,-0.105305724,0.32544622,-0.199775,0.009624108,0.119001165,0.08466833,0.35514447,0.13244122,0.01178401,0.055937555
-0.93612623,-0.43418238,0.7645338,0.15782017,0.006859163,-0.86886615,-0.60704976,0.38782758,0.08965062,-0.29507905,-0.5036353,-0.49574605,0.28015825,-0.6731815,-0.086777925,0.23639777,-0.040606417,0.09710671,0.5397777,0.10683971,-0.124968626,0.045969993
0.8294185,0.5689519,0.15771787,0.021293938,-0.09333041,-0.16682118,0.111304566,-0.08722515,0.017628172,0.17593223,0.07338462,-0.2584692,-0.035996903,-0.022329934,-0.32295036,-0.12242083,-0.04099506,-0.0017012057,0.042435806,0.09717885,-0.028911432,0.09686752
-0.7196131,-0.63029665,1.0690833,-0.5899704,-0.3652163,0.19651808,-0.071383774,-0.3038285,0.0015551636,0.40972778,0.075105,-0.30055973,-0.13305931,0.11029691,-0.2835954,0.1085616,0.3172851,-0.11188429,0.016204458,-0.21975146,-0.01721648,0.047957625
-0.5841242,0.09197453,-0.27076212,0.65805835,0.25524133,0.79253477,0.12564586,1.0291163,0.51817876,-0.22013137,0.34870303,0.027926315,0.35082924,0.35998192,0.16333498,0.030153515,0.41042033,-0.13968477,0.085240975,-0.12734362,-0.03245181,0.00795131
-0.9311102,0.053994127,1.2299845,0.0047458583,-0.16088568,-0.07981897,-0.08275943,-0.2915704,0.0139195,0.016388442,-0.018621154,-0.13228814,-0.05891091,0.006834435,-0.040211167,-0.022921817,-0.124699354,0.17232841,0.08857236,-0.24386501,0.016213559,-0.24077067
0.62390405,0.4820082,0.09090458,0.075045325,-0.039031927,-0.06903804,0.46245363,-0.15077853,0.024475569,-0.073134616,-0.019117475,0.7419101,0.1748167,-0.24326785,0.5559681,-0.25632057,-0.02408354,0.23166458,0.17048655,-0.20902127,0.01144006,-0.12736501
-0.86220133,-0.7231733,0.89155716,-0.31607956,-0.6347298,-0.28967172,0.44594556,-0.06243723,-0.0901902,0.5516606,-0.7659183,0.3337155,-0.34603834,0.7202431,0.039492153,0.052315067,0.21310177,-0.099796675,-0.19301844,-0.19279508,0.59824425,0.6405192
-0.73803693,0.50017095,-0.09063987,-0.11856043,0.41895768,0.13464414,-0.117848456,-0.086455934,0.004494678,0.00448256,-0.003922536,0.27748072,0.062863655,-0.08516402,0.041637402,-0.09653624,-0.17527114,-0.12082761,-0.24125485,0.09973668,0.035098318,-0.40493122
-0.667667,-0.41361952,-0.34663844,-0.3711252,-0.5202386,0.1677724,0.7050704,-0.7012395,0.45464513,0.03685247,-0.64668,-0.24789463,0.11662382,-0.44387645,-0.013126134,-0.112849966,0.19756515,-0.25710028,-0.02944877,0.09263962,-0.19463761,0.015588207
-0.6604984,-0.9251585,-0.36908573,-0.15906875,0.29835898,-0.09569697,0.2873343,-1.1221325,-0.046167754,-0.15808298,0.14227572,0.0051400266,0.066911474,-0.0674663,0.42823187,0.21327673,0.44171712,-0.115413845,0.1445129,0.060040534,0.07939412,0.047741827
-0.68079793,-0.8213624,-0.5162112,-0.27258232,0.34083176,-0.2943177,-0.075315066,-0.19820544,0.6994253,-0.14053717,0.4919305,0.24257208,0.019119184,0.23665854,0.25155136,0.41492292,-0.19050951,0.31496418,-0.13248791,-0.06119212,0.12424873,-0.20056315
0.7867167,-0.25052154,0.01101123,-0.5432548,-0.101121254,0.25832415,0.39905545,-0.49831346,0.042456836,0.22283472,0.04289002,0.4014828,0.012805934,0.010985091,-0.17124695,-0.020348707,-0.26867765,-0.025434278,0.012043296,0.093227014,-0.07157073,0.42912266
0.8132117,0.48862818,0.16055283,0.02070761,0.06786425,-0.07894808,0.28597364,0.1785922,0.05995178,0.4343894,0.15715744,0.26302287,0.101763666,-0.22586389,0.4617424,-0.62838304,-0.20150796,-0.48244694,-0.06166927,-0.06952162,-0.025498722,-0.115885764
-0.96688694,0.17302366,1.0539588,0.07834263,-0.6331229,-0.34199303,0.19615994,0.10819191,-0.08052688,0.010998976,0.01409275,0.071727954,0.067406625,-0.12943147,0.011059748,0.01413015,0.23601755,-0.0058075185,-0.12874916,0.12157028,0.01970692,-0.09587758
0.689318,0.5686123,0.09052773,-0.0019056454,-0.054139167,-0.14593859,-0.075487845,-0.21485141,-0.051413108,-0.31010273,-0.07117876,-0.12736233,-0.0012036067,0.025150018,-0.10414946,0.059891183,0.07836943,-0.16371435,-0.070900545,0.109943844,-0.023929048,0.08982967
0.6970176,-0.08153721,-0.034478724,0.47476572,0.03188632,-0.7298351,0.41601336,-0.5874978,-0.09426381,-0.2167135,0.18951666,-0.058692146,0.14781699,-0.2322651,0.097802736,0.043352295,0.2576264,0.010660104,0.25270447,0.04492734,0.060753904,0.011434752
0.8329324,0.15086709,-0.06916559,0.9313102,-0.35344154,0.6069248,-0.21244384,-0.08244329,-0.06719208,0.15258211,0.056561094,0.37573388,-0.3543135,-0.2988062,0.20492624,-0.27250543,0.03032044,0.5710584,0.11456307,0.008765823,0.0055111432,0.06290399
0.637511,0.7366862,-0.08556323,-0.02999399,-0.3870996,-0.39326537,0.050776515,0.30569825,-0.12966006,-0.27856418,-0.024439624,0.17115657,0.07042153,-0.10187532,-0.09710828,0.093562,0.10172283,0.13997293,0.15357605,0.04646354,-0.026049193,0.08929994
0.5731605,0.46086094,0.14399341,0.24271493,-0.47768962,-0.25101107,0.8066489,-0.6986809,0.045102313,-0.21999149,-0.05146787,0.21185908,0.013089971,-0.04900869,-0.25434092,0.15183592,-0.11821739,-0.14178956,0.076342024,0.048140705,-0.058604173,0.20516963
0.93971056,-0.21530333,0.058579013,-0.64105886,0.10976457,0.34120548,0.18123327,-0.18028711,0.055616576,0.59585863,0.14234057,0.28479597,-0.017870368,-0.023054482,-0.17362677,0.021577202,-0.03058907,0.116306305,0.23425768,-0.051685404,-0.013956334,-0.047338717
-0.70421994,0.53277594,-0.1269381,-0.075605646,0.2624059,0.073685996,-0.10879981,-0.11855605,-0.005575961,-0.068048224,-0.022286994,0.10146695,0.04971458,-0.062172133,0.033770356,-0.04480253,0.17316835,0.058479067,-0.17657954,0.056785747,-0.0019904615,-0.0827599
-0.6902496,-0.4794548,-0.5940918,1.3169373,0.0036568707,-0.29017228,-0.3042553,0.06360662,-0.33568275,0.24677764,-0.25409502,0.31088614,-0.62875336,0.2277598,0.34233275,-0.24234602,-0.26556987,-0.07278989,-0.4143728,-0.169009,-0.22674742,0.20175882
-0.5046295,-0.79067105,-0.36176962,0.094339624,0.029359268,1.151556,0.63031834,0.3437368,0.1395341,0.28346965,-0.5234827,-0.2527343,0.42946434,-0.27909046,-0.026337303,-0.13702822,-0.2847066,-0.12205256,-0.030527238,0.029561361,-0.17819178,-0.26663557
0.6777818,-0.53350824,1.2141428,-0.6280383,-0.52122515,-0.02191606,-0.28975892,-0.0099164955,-0.068703726,0.23467055,0.082730085,-0.4053419,-0.1380954,0.16663016,0.13717422,-0.10590338,-0.34819844,0.09826548,0.097131275,0.15351115,0.04919938,-0.18437383
-0.71556586,0.4173309,-0.0033314065,-0.13823563,0.69449097,0.32624778,-0.19262563,-0.3938604,0.05254717,-0.0886415,-0.059634995,0.3662755,0.10159928,-0.08708603,-0.3207865,-0.08131166,-0.043765645,0.08353706,0.116955504,0.16538672,-0.0124921035,0.008183297
-0.696537,0.35323226,-0.33407944,0.70001084,-0.6329863,0.26916438,0.18886495,-0.090865135,-0.12588605,0.16619796,0.0077063255,0.008746246,0.34379625,0.10422014,0.14604753,0.20951112,0.13635154,-0.006829776,0.22290148,0.03855258,-0.019936455,-0.02631303
-0.9202308,0.0054794145,1.1152277,0.05826492,-0.0072464556,-0.38911435,-0.290687,0.10043598,-0.121935226,0.18485846,-0.53423434,0.0026021267,-0.34998465,0.64234406,0.21170495,-0.18561946,-0.31572685,0.18707399,0.08328727,-0.10357325,-0.30934936,0.32676193
-0.7368117,0.48298672,-0.09037365,0.013610798,0.11511138,0.032075644,0.060142532,-0.38687035,0.037682354,-0.0640162,-0.046027903,-0.08549677,-0.091787614,0.04684539,0.5641972,0.04932099,-0.22615075,0.13108103,-0.13982129,-0.2079757,-0.0011044987,-0.01763411
-0.70465195,0.509693,-0.089670755,-0.23328078,0.7188252,0.27247316,-0.4784286,-0.0074545024,-0.026145274,-0.10473727,-0.05922196,0.34834534,0.10186931,-0.091174275,-0.059859656,0.04867772,0.051273115,-0.060344495,0.12289502,0.17245924,-0.0026501296,-0.06605633
-0.57942796,-0.09787656,-0.34095967,-0.7825387,0.18133585,0.33079576,-0.2586259,0.036859676,-0.036728743,0.19640957,0.059805915,0.16992652,-0.0008621237,0.017928623,-0.22168079,-0.14352852,-0.08600858,0.120606735,0.02848844,0.13101912,0.0028047317,0.05964223
0.5658842,-0.55975986,1.1715572,-0.7446555,-0.13522993,0.17331965,-0.58677036,0.0295471,-0.13491693,-0.1396108,-0.055516053,0.17364123,0.038581852,0.07802704,0.16245338,-0.022040786,0.047280155,0.035894345,-0.10219321,-0.021804081,-0.0025045625,0.03955657
-0.71265507,0.21506903,-0.2157553,0.851632,-0.6751001,0.36742795,0.59817857,-0.6337579,-0.036270626,0.20612994,-0.016639762,0.06564635,0.32829702,0.12498897,0.061908253,0.36256522,0.24253412,0.14948097,0.06346383,0.010650426,-0.033604685,0.011266717
-0.7274613,0.54648066,-0.12948701,-0.03097913,0.07813677,-0.012386313,0.2962786,-0.008817451,0.0026304845,0.22050788,0.03275136,0.46767232,0.060646173,-0.16263776,-0.13077624,0.31999132,-0.00209929,0.03976136,0.27608588,0.075386584,-0.044827983,0.16734807
0.8159728,-0.9125085,-0.22780164,-0.09705123,0.09741523,-0.39352354,-0.0057238406,-0.57438964,0.76086634,-0.37807798,0.48320082,-0.2896267,0.0066880207,0.30602327,0.557702,-0.15909202,0.010459262,-0.11481792,0.0714332,0.13157272,0.08071695,0.15324786
-0.67950755,-0.023889555,-0.4509219,-0.5734811,-0.6108911,-0.04990926,0.31308046,-0.04599853,-0.06143266,0.09525862,0.06992391,-0.023665065,-0.09064712,0.039858863,-0.16054173,0.10663493,-0.0037961376,-0.22226864,0.2759316,0.100605845,0.00030012173,0.035226613
-0.87660253,-1.6217914,0.47562304,0.7490381,-0.50434756,-0.0907263,-0.6573403,-0.33346382,-0.41569597,-0.109582886,-0.36157978,0.061052687,-0.7002334,0.45877793,0.35569865,0.09856199,0.09958651,0.19062576,0.1973904,0.21017541,-0.15068375,0.060768474
-0.6355525,-0.1897497,-0.2955332,-0.64740133,-0.01740775,0.2799276,0.35659292,-0.022712106,0.018460406,0.52799284,0.1379552,0.56526923,0.03085666,-0.1002959,0.024213051,-0.08766372,-0.4071299,-0.428641,0.0036666915,0.16752666,-0.023107607,0.07120364
0.8744154,-0.81716925,-0.1105735,-0.35966522,0.5808176,-0.14941093,0.020682074,-0.43941075,-0.09377898,0.3165074,0.28675643,0.32239836,0.14382963,-0.15015177,-0.17824543,0.09004071,-0.21176618,0.19407725,-0.012309873,0.11377982,0.044713177,0.11132127
0.6463666,0.40387592,-0.13036716,0.58397454,-0.45157865,0.23971683,-0.17883782,0.019237312,-0.20972994,-0.24613282,-0.08557018,0.24210502,0.45750576,0.1038592,-0.34232262,0.00065372983,0.054655463,0.08776892,-0.15461962,-0.11254107,-0.033836257,-0.07851938
0.7299637,0.52990013,0.17659591,0.026025461,-0.025184562,-0.11035413,0.19352035,-0.21302226,0.0071416814,0.083629705,0.010252325,0.031257708,-0.03546941,-0.016625753,-0.18644615,0.13228612,-0.033261366,0.0013576809,-0.2927075,-0.30667192,-0.019807352,-0.17265542
-0.9154069,-0.7537437,0.9090096,-0.3139005,-0.49252924,0.3610381,-0.37960413,-0.505805,-0.056899946,-0.2835943,-0.0671388,0.09678164,-0.8992718,-0.1841504,-0.11078505,0.24496458,0.24450548,0.050912097,-0.15192516,-0.17728376,0.022758393,0.060548156
0.7769759,0.5559803,0.1278526,-0.09123987,0.24578387,-0.00045298054,-0.23166183,0.025187802,-0.040182475,-0.044455025,-0.018734857,0.067845196,0.05026593,-0.054013837,0.06361791,0.04502455,0.19157402,-0.023854101,0.029035015,0.047568377,-0.007868666,-0.033023123
-0.7195607,0.5812338,-0.14505018,-0.13276094,0.26653665,0.032576736,-0.22987096,-0.029420108,-0.03172852,-0.07921827,-0.032422166,0.050913393,-0.015712643,-0.013789706,-0.021921275,0.17615625,-0.08956915,0.105948396,0.1426314,0.06321296,-0.0063455873,-0.026274877
-0.96436816,-0.5739076,1.0652052,0.30303296,0.34808534,-0.513177,-0.20729713,-0.5501556,-0.13649167,-0.29282117,0.12490362,0.019187463,0.21527591,-0.21960272,-0.32805943,-0.03451589,0.2787611,-0.0636443,-0.047920883,0.06094776,0.050195523,0.04757016
0.6119699,-0.2767966,-0.32221726,0.5185689,0.22792701,-1.219208,-0.05337577,0.4869531,0.9392382,-0.30395874,-1.0391487,0.044302426,-0.021404125,0.33511966,-0.118556865,0.09757737,-0.40554178,-0.20115483,-0.06309121,0.0898019,0.54847103,0.14290355
0.87614733,-0.21981347,0.050682742,0.4462461,0.45157462,-0.59569937,0.10409342,0.014598229,0.780247,0.3028286,0.6019387,-0.054678302,0.020407196,0.1015226,0.81706977,0.387484,-0.14495693,-0.26138902,0.13877872,0.06574549,0.082413115,-0.0599497
-0.6594492,-0.10230257,-0.36484694,-0.7948863,0.21062273,0.3543886,-0.4350849,-0.105242595,-0.07188965,-0.13195366,-0.038156234,0.10771525,-0.036694534,0.097809605,0.0071764844,0.07670909,0.111736305,-0.020456579,0.02927173,-0.046289966,0.0121625075,-0.13338153
0.6635369,0.059067436,0.14106311,0.62763554,0.26710823,0.76954573,-0.15587847,-0.62528,-0.055741448,-0.07626771,-0.11976111,0.5277448,0.46116418,0.13683783,0.72351545,0.15848215,-0.13502216,-0.32501593,-0.052136756,0.05580033,-0.012071337,-0.38398314
-0.744823,-0.10765697,-0.23349911,0.39421725,0.2726001,-0.58794826,0.20251088,-0.69756913,-0.09146893,-0.16079384,0.16906925,-0.28609267,0.02692801,-0.09825682,0.022893682,0.31057063,-0.05912606,-0.29043826,-0.028600998,0.12577341,0.02972894,0.18019713
0.7451348,0.54932106,0.1493484,0.012008531,-0.038704194,-0.12018285,0.12471439,-0.12782697,-0.0115215955,0.048280306,0.0032525067,0.019598773,-0.019228546,-0.038108926,-0.15105148,0.18283428,0.20584434,-0.15727495,-0.03608083,-0.30414483,-0.046918675,-0.004747339
-0.69789326,-0.47607264,-0.35291824,0.6153329,0.5615761,-0.5921063,0.82662344,0.3335356,-0.034036018,-0.2236658,-0.9541576,-0.441217,-0.108124,-0.0021418072,0.29773095,0.36471072,0.3148189,-0.06178858,-0.15090623,0.13808337,-0.38675445,-0.03861487
-0.7022867,0.6241959,-0.19101547,-0.08158684,0.0330185,-0.098830044,-0.20818606,-0.066885635,-0.03203043,-0.17520112,-0.027494043,-0.2656025,-0.057063717,0.03873491,-0.059995826,-0.045477297,-0.1501202,0.20371568,0.13242874,0.15584165,-0.023455603,0.24485575
-0.71429724,0.019495878,-0.34138113,0.28837848,0.2785668,-0.66513354,0.064937025,-0.14804967,-0.115411706,-0.018002108,0.24313317,-0.05442287,0.08336263,-0.226628,0.30042973,0.018351749,-0.021339554,0.25079748,0.21519981,-0.3142774,0.04477284,-0.04138048
0.6147536,0.645821,0.0051232204,-0.072874606,-0.070699304,-0.22373486,-0.23305576,-0.025785998,-0.10787146,-0.48552606,-0.09754664,-0.03475808,0.01875956,0.034131523,-0.11293579,-0.0055738115,-0.1773811,-0.018125983,-0.19489203,0.102148846,-0.012961691,0.010877563
-0.7254732,0.45318928,-0.073943354,0.09678675,-0.028789591,-0.0074947467,0.25241768,-0.61397755,0.09834939,-0.1511951,-0.014352839,-0.23310831,-0.0508767,0.017902259,0.18260577,-0.35323673,-0.20889135,0.17218782,0.1797406,0.13504364,0.007625663,0.0039957855
-0.6780068,0.50212234,-0.4391956,0.53429013,-0.56915045,0.16742018,-0.20200668,0.40731496,-0.19471477,0.12486056,0.043381367,-0.04357342,0.372083,0.07200934,-0.18698175,-0.0966901,-0.07757344,0.060530793,0.32359582,0.038596474,-0.03834954,0.08174279
0.6864193,-0.8472112,-0.51998204,-0.08370754,-0.29081935,-0.9712981,0.39249724,0.027957216,0.05572136,-0.043257684,-0.9636979,0.14696248,0.028406207,-0.04358373,-0.2337823,0.039421976,0.084579036,0.20419598,0.0041513066,0.07284941,-0.35394183,-0.1563399
-0.67268986,-0.7333509,-0.6035052,-0.11653283,-0.3089349,-0.6348443,0.41473863,-0.15296416,0.722558,-0.05902743,0.582251,-0.00015231734,-0.007087375,0.18618448,-0.09522647,0.09050149,-0.31198013,0.3442076,0.20167777,0.09473914,0.09599041,0.13209526
0.814925,-0.5967222,-0.32034007,-0.41631433,0.14980337,-0.49106774,-0.31117985,-0.022831185,-0.21686262,-0.074396424,0.2508294,-0.15027294,0.047943108,-0.0761101,-0.07166947,-0.06484464,0.0036514099,-0.044896077,0.029703103,-0.31578684,0.07130707,-0.17745629
0.85771894,-0.4747817,-0.46837083,0.073905416,-0.61629355,0.15002972,-0.3000002,0.46423638,0.053615015,0.2811109,-1.148448,-0.1429114,0.21096641,0.3539524,-0.14766057,-0.18252933,0.009965998,-0.04512221,0.23929955,0.09316666,-0.43614486,-0.17388894
-0.73407406,0.55022025,-0.10891516,-0.12480524,0.30591846,0.05624333,-0.34973726,-0.24585181,-0.015129084,-0.22200704,-0.077580884,-0.21327014,-0.10153717,0.09811225,0.039159287,0.103896044,-0.16954993,0.02253798,-0.07086208,-0.22226374,-0.028026173,0.023364922
-0.8938442,0.16936919,1.1196942,-0.099213704,-0.14444439,-0.15942712,-0.212618,0.28115645,-0.058465574,0.15622847,0.051270224,0.12434132,0.083708465,-0.13662043,-0.25677764,-0.2524036,-0.12634708,0.20545076,-0.037284862,0.078725226,0.010940536,-0.07300265
-0.7209666,0.35441253,-0.20574966,0.16892649,0.2975938,-0.12081231,0.6998303,0.86537844,-0.30323032,-0.07560942,-0.4089323,0.045412093,-0.32561392,0.5304593,0.086378895,-0.34992918,0.14477715,-0.16941641,-0.33837968,-0.24946085,-0.30821225,-0.07568758
0.9384638,-0.23319626,0.06424522,-0.7146462,0.34792024,0.43891466,-0.28464094,-0.2486682,0.012270368,0.34857148,0.06530119,-0.03345098,-0.07273698,0.13030024,0.1776424,0.042507783,-0.123886354,-0.08517463,-0.17600885,0.13086052,0.01615416,-0.14159234
-0.643557,0.7001576,-0.22121441,-0.063902676,-0.19580556,-0.2465668,0.058098983,0.3315597,-0.05353275,0.25570053,0.10050418,-0.15472305,-0.042501822,-0.0655808,-0.25375378,0.07300122,-0.045779914,0.07023745,-0.085028276,0.10549647,-0.0030525685,-0.04198947
-0.7117653,0.5666473,-0.1523488,-0.116915226,0.28267762,0.048380233,-0.033005986,0.15053393,-0.032053202,0.12059519,0.025021091,0.39818078,0.11192356,-0.15073392,-0.074478224,0.001242357,0.0520112,0.027881403,-0.34325525,0.09115059,-0.0055773742,-0.11623382
0.6052183,0.648246,-0.029113058,-0.01845862,-0.24230999,-0.30489957,-0.024043206,0.1094309,-0.09852967,-0.3767458,-0.043016728,0.06662616,0.049448892,-0.049636494,0.18482628,-0.13658611,-0.115428165,-0.32336265,-0.088219754,0.073797405,-0.0072490163,-0.13958564
-0.6954833,-0.20755987,-0.39983737,0.51749367,0.438068,-0.91682905,0.25272697,0.29668286,0.6177977,0.15715055,0.033677325,0.59297496,-0.05656978,0.5430403,-0.29083565,0.13354251,0.37864274,0.09883209,-0.13082485,0.24828522,-0.19158205,0.10654344
-0.93697214,-0.5412816,0.8709669,-0.5380171,-0.7882487,-0.07583812,0.11300692,-0.20425114,-0.09696439,-0.061708573,-0.0054343245,-0.033136588,-0.03305422,0.0699831,-0.22649553,-0.035924822,-0.06970736,-0.3418783,-0.14429048,0.1826321,-0.041912805,0.4063319
0.71473706,-0.89024997,1.4123362,-0.39868385,-0.15440701,0.5102411,1.0079303,0.21318848,-0.1269656,0.1934887,0.1679187,0.20012113,0.04166923,-0.15109923,-0.40823105,-0.23396838,0.5536956,-0.30499408,0.8604847,-0.05669719,-0.027416816,0.13953243
0.7543546,-0.019521385,-0.22695829,-0.65422404,-0.3251453,-0.035394415,-0.22988245,0.04512933,-0.07067164,-0.24923518,-0.31749165,-0.13359936,-0.0718273,0.20029068,-0.0026017593,-0.17726268,-0.048023667,-0.14212878,0.4076755,0.037049398,0.95102763,0.05623495
0.8782115,0.5363181,0.24544765,-0.14737886,0.41730893,0.042432416,-0.45699835,-0.074592136,0.023359437,0.17864487,0.043692052,-0.46680343,-0.13597322,0.104322806,-0.18072677,-0.104000755,-0.28901726,-0.103708856,-0.031169577,-0.23839657,-0.047360614,0.023225505
-0.60169685,-1.0140342,0.8333723,0.42939284,-1.0484109,0.7350371,-0.1928347,-0.14301921,-0.063518144,0.7340859,0.20105118,-0.29319945,-0.5929318,-0.10553805,0.5683426,-0.2219189,0.013178866,-0.12506835,0.18398991,0.19619071,0.07300521,-0.12093703
-0.91008925,-0.7184546,0.9689826,0.5480328,0.23181093,-0.96657073,0.23229934,0.23957632,0.6435658,0.29883665,0.06378119,0.6442288,-0.03265807,0.5004106,-0.5555993,-0.07104424,0.17319669,-0.007890299,0.098381825,0.14091723,-0.21109496,0.10879497
-0.6660171,0.4767582,-0.41847834,0.5288514,-0.4603975,0.24471954,-0.3675613,0.29564807,-0.21315739,0.012164643,-0.011419536,-0.17609635,0.35915017,0.14096372,-0.092696086,-0.011717128,0.21921702,0.056263532,-0.2015711,-0.09707005,-0.035491075,0.029127834
-0.7863942,-0.5063748,0.9340656,-0.7463396,-0.26995996,0.12585217,-0.4389682,0.19032659,-0.09137503,0.26246047,0.062685974,-0.10705717,-0.083733946,0.07731372,-0.010597386,-0.046753507,0.048892096,-0.015364723,-0.13721628,-0.33410808,0.002126298,-0.13517259
0.85686564,-0.28504026,0.02863627,0.43154633,0.31825808,-0.5875225,0.23185532,-0.5436988,0.33967027,0.060856327,-0.42018712,-0.58708686,0.27461618,-0.66887766,-0.33322957,-0.12984212,0.120102234,0.03093697,0.042585164,0.074588194,-0.14358953,0.080922805
-0.8363547,-0.75547594,1.0042168,-0.623111,0.1264051,0.55921346,0.23215412,0.49508777,-0.2719528,-0.21170336,0.039704654,-0.006888311,-0.05741621,0.0826064,0.26752555,0.06756497,-0.042270735,0.12141815,-0.060157806,0.15239187,0.010472407,0.08563185
-0.90122265,-0.5095931,1.0164024,0.43424377,-0.14458054,-0.7537412,0.19391114,-0.33592215,-0.15361322,0.081676096,0.225829,-0.17197835,0.1369353,-0.22488923,-0.010178119,0.20115477,0.3135615,-0.10123667,-0.36857888,0.13235691,0.08382095,-0.06264919
-0.67064875,0.63554174,-0.17382719,-0.06061228,-0.07796567,-0.17571165,0.111959234,0.27442893,-0.02927423,0.33628955,0.09565299,-0.0063484805,-0.05388739,-0.07472878,0.008029548,0.032061078,-0.18844496,-0.20847122,-0.33749363,-0.24625966,-0.041385826,0.022085935
-0.6705648,-0.2626153,-0.21763618,0.4347412,0.7723279,-0.65457845,0.2939196,-0.23820049,-0.15283163,0.5042049,-0.23722036,0.49071628,-0.10179637,0.32447693,0.06805924,0.116878934,-0.080077074,0.0034192544,-0.25643823,0.3184715,-0.1888573,-0.09415419
0.74460155,-0.6922431,-0.26823285,-0.46253803,0.5161691,-0.2784242,-0.40164998,-0.26999104,-0.20196795,-0.2515056,0.17456368,0.21939398,0.1501138,-0.08188532,-0.142548,-0.05086827,-0.3035544,0.18456815,-0.048974127,0.072262526,0.061231453,0.041839454
0.62021995,0.3441153,-0.1100636,0.7358759,-0.7391099,0.15215917,0.2690478,-0.16285647,-0.14894217,-0.14678995,-0.03548654,0.23363739,0.44177702,0.06542266,-0.030993532,-0.17699592,-0.10672638,-0.08649392,-0.0550757,-0.014523586,0.024831185,-0.41043276
-0.7058321,0.57342535,-0.15561615,0.041804075,-0.1433811,-0.10912878,0.20263496,-0.2204973,-0.009120579,-0.0269794,-0.010933626,-0.09549496,-0.023370666,-0.017221253,-0.11148661,0.18303095,0.20130119,0.20053646,-0.16562305,0.11741434,-0.0032888418,0.057603285
-0.65941215,0.44644856,0.00475502,-0.10526303,0.54547375,0.24031718,-0.20848285,-0.39583033,0.06958814,0.05112066,-0.022067785,-0.03635127,-0.054434523,0.036412593,0.06349855,0.012724327,-0.25139022,0.3125408,0.07263912,-0.023478925,0.007857933,-0.11041149
0.6743204,-1.0204967,-0.32690707,-0.09649623,-0.0025714997,-0.44289118,0.07289957,-0.6798811,1.0727295,-0.7045362,-0.3245167,-0.25831357,0.16275685,-0.12429933,-0.013549573,0.52755475,-0.0943688,0.32468528,0.07435047,0.07470505,-0.09956253,0.10312143
0.6572522,-0.623559,-0.3592552,-0.30593073,-0.102939665,-0.57629704,-0.05319338,-0.4046282,-0.24055171,-0.4732395,0.14775836,-0.054997228,0.07488682,-0.022492146,-0.28795522,0.16372743,-0.06719865,-0.09729889,-0.03490611,0.046368793,0.07019868,-0.06577792
-0.9234459,-0.4591625,1.0908049,0.9700981,-0.63679,0.49289367,0.76354915,0.42511052,0.55901635,-0.2330979,0.33101642,-0.21575026,0.21682805,0.47125688,0.21474324,0.3200129,-0.031603977,-0.28528035,0.15158372,0.04267451,0.040912274,-0.3798924
0.6916977,0.37886173,0.012112193,0.40564582,-0.2742343,0.072592326,-0.0033736178,-0.47903547,0.025603158,-0.5298997,-0.06964236,0.17761952,-0.7344214,-0.39568436,0.3839029,-0.32193652,0.26509032,0.7101535,0.14297532,0.1630695,0.10451096,-0.105476774
0.96537185,-0.35871837,-0.018422246,-0.80259997,0.51766974,0.47598824,-0.44790378,0.09637009,0.35899594,0.40558973,-0.6023926,-0.072680146,0.16322936,-0.42858747,-0.031914018,-0.009882361,-0.2865031,-0.20415127,-0.10160492,0.20261802,-0.21479803,0.15229332
0.62738127,0.37664193,-0.0058962773,0.10161054,0.30899295,-0.36491868,-0.41972598,0.15773033,0.70588094,-0.6084853,-0.36836714,0.25207907,-0.26298344,0.913574,-0.14690521,-0.3439624,0.119731925,0.027537066,0.15028156,-0.19160198,-0.25028858,-0.05579242
-0.68404293,0.29010725,-0.013912978,-0.03739849,0.86154145,0.57397646,0.24686551,0.27107102,-0.17302863,-0.5055588,-0.025874393,-0.06786317,0.022407345,-0.020896217,0.2193539,-0.20914042,0.19107966,-0.0006698514,-0.21771151,0.12840198,0.007410863,-0.067874074
0.9396244,-0.21143417,0.03229274,0.39223766,0.9509532,-0.14527135,-0.7107677,0.01129958,-0.1081404,0.24417652,0.3086059,0.14665554,-0.65093505,-0.57091874,-0.08765153,0.10849429,0.14270668,0.03532915,-0.12172701,0.020875528,0.059628453,0.041048314
-0.66364187,0.32017714,-0.34818164,0.4659757,0.08777411,0.5823851,-0.36571002,0.42019802,-0.15997386,0.20456034,0.021057818,0.6114554,0.58654195,-0.10248184,0.5268608,-0.16422246,0.46740702,-0.4255,0.18020372,0.051166344,-0.05933523,-0.0641423
-0.6661087,-0.123633526,-0.36447412,-0.6563386,-0.13032758,0.22291434,0.13489719,-0.1297205,-0.022881754,0.09702589,0.039602574,0.31415594,0.013809137,-0.038727928,-0.17150591,-0.09984142,0.104597166,-0.19648626,0.20951271,-0.058111075,-0.007707611,0.023990754
0.9656013,-1.1218594,-0.34447443,0.6679084,-0.35944924,0.23374404,-0.27444023,-0.5135561,-0.20329313,0.3139099,0.33752707,-0.32192138,-0.5009098,-0.17066483,-0.21852021,0.15062368,-0.016179658,-0.29576993,0.22460724,0.05650319,0.08565661,-0.14710422
-0.66170424,-0.11130985,-0.36267906,-0.81923145,0.29170102,0.3753109,-0.46973938,-0.0515618,-0.08887675,-0.08232588,-0.03721692,0.18693395,-0.0068779127,0.09794594,-0.053072385,0.051051416,-0.12579116,-0.11414521,-0.29747525,0.16222468,-0.018046128,0.16091844
-0.6026547,0.38322333,-0.07175279,-0.024686081,0.6234255,0.42309156,0.45921966,0.7195905,-0.19971302,-0.0941716,0.09378702,0.034238003,0.044760313,-0.13332799,0.16142829,-0.04722257,0.4321952,-0.031428013,-0.18988542,0.08403817,-0.02085885,0.005445039
-0.72084695,0.4789112,-0.055812273,-0.10115143,0.4350012,0.17817548,-0.23307994,-0.35023314,0.011385553,-0.18462694,-0.07897412,0.02513558,0.002723758,-0.00015035781,-0.18951614,0.053029556,0.24074307,-0.16574843,-0.12471722,-0.19958006,-0.030783016,-0.038044702
0.9043152,-0.002153395,0.03393485,0.17523658,0.6610942,-0.5543851,-0.34994006,0.065550566,-0.13498081,0.31947652,0.29722914,-0.26954177,0.05787294,-0.16876085,-0.010036297,0.11271934,0.069499955,-0.037843544,-0.23696251,-0.39505515,-5.1840012e-05,0.090244375
-0.7690948,0.01627561,1.2974286,0.073113196,-0.20794176,-0.06291954,0.14840934,-0.17339528,0.05050753,0.5056502,0.09739508,-0.20500568,-0.0243983,-0.07407021,-0.26308537,-0.0509179,0.33154044,-0.20402399,-0.25484356,-0.2189557,-0.06431538,0.20344223
-0.7200867,0.6410904,-0.21491657,-0.0433708,-0.1290407,-0.17923652,-0.01726682,0.051530376,-0.047071885,-0.047695823,0.005812139,-0.16035472,-0.060233444,-0.0007233873,0.08555653,0.12399117,-0.12203553,0.010582723,0.11251959,0.13365118,-0.0077527054,0.06225015
0.75337994,-0.24502622,-0.15959889,0.86229175,0.11274901,-0.19033055,-0.36375228,-0.21778156,-0.25773972,-0.019136159,0.18911979,-0.16250744,0.42205337,0.029062152,-0.08251938,0.13986228,-0.14330517,-0.19871637,0.29121068,-0.39736813,0.0050951988,-0.13383281
0.97303486,-1.3992631,-0.009412257,-0.032332253,0.89376175,0.25940177,0.66645503,-0.09423659,1.0352437,-0.1799255,-0.08746046,-0.4337744,0.17210145,-0.23386838,0.15167886,-0.023105642,0.057612736,-0.25121978,-0.30786532,0.12461144,-0.11859614,0.13901994
0.91227305,0.40098837,0.33328322,-0.05719018,0.5781831,0.25607055,-0.19513184,-0.36270696,0.07238983,0.26662335,0.017284855,-0.10883915,-0.0051348964,0.0027776596,-0.107816875,0.06770475,0.29013643,0.047513608,-0.1459198,-0.040077247,-0.033880454,0.06528439
-0.70588833,0.405467,-0.06225096,-0.08978462,0.6901484,0.40136462,0.2787565,0.4984837,-0.20194766,-0.4134635,0.019120505,-0.087873854,-0.03466597,-0.013561277,-0.34026265,-0.14042304,-0.15351152,0.17149146,-0.10560928,-0.06797217,-0.021144114,-0.010948947
-0.72321665,0.7250786,-0.28032342,-0.0748564,-0.2829994,-0.30797583,0.017778678,0.33768713,-0.0730268,0.024847548,0.053582948,-0.10158717,-0.055631142,-0.07074938,-0.048831563,0.11571097,-0.14759289,-0.120776586,0.5691602,0.09851313,-0.013443475,0.03293274
0.727667,0.5636912,-0.08970375,0.30858752,-0.5148438,-0.19664945,-0.030484205,0.23752287,-0.066841766,-0.1340593,0.061682593,0.15065184,-0.7866337,-0.43604568,-0.032459952,-0.07645253,0.105207436,0.20321785,-0.0704469,-0.039150774,0.012256456,0.08109574
0.6519849,-0.19811203,0.09700402,0.45939675,0.37317586,-0.5884686,0.23074289,-0.9989854,-0.020989934,-0.38744456,-0.17839184,-0.25443518,0.07862512,-0.0029094461,-0.6440478,-0.01546843,0.02502696,-0.5127576,0.037284024,-0.004763102,0.9798442,-0.020811465
-0.99221,-0.47876573,0.9767726,0.4048719,-0.19856422,-0.8278812,0.17490229,-0.3677543,-0.15334499,-0.13760443,0.20612235,-0.117328726,0.14073122,-0.2245877,-0.3048355,0.013808792,-0.01620522,-0.18430339,0.07458248,0.10254247,0.04629353,0.066749275
0.69859165,-0.56163657,-0.30257788,1.1982311,-0.07841463,-0.57133615,0.16907161,-0.15223067,0.07276718,0.18555672,-1.3117179,-0.043319993,0.34841,0.22258705,0.12836406,0.13006768,-0.17915413,0.03744395,-0.17233467,-0.014414219,0.55720276,-0.21960469
-0.7130725,0.50573134,-0.080418065,-0.1472201,0.51026994,0.1912967,-0.3351559,-0.21302235,-0.0053150738,-0.1485776,-0.06962459,0.09529418,0.016645368,-0.0032156128,-0.008847357,0.05697594,0.03264457,0.11830157,-0.1296854,-0.030730102,0.004097044,-0.11753319
0.65860623,-0.32330585,-0.4813526,1.2577775,-0.22041729,-0.51946926,-0.5440074,0.30418667,-0.47734472,-0.18627565,-0.33596525,0.36244243,-0.5762335,0.25179505,-0.13853398,0.17797752,0.0014847036,0.03509799,-0.021981709,0.095475,-0.19446301,-0.04380192
-0.65392715,-0.06813997,-0.43552536,-0.63044995,-0.29700512,0.13437802,-0.12281888,-0.14904097,-0.09189396,-0.10548526,-0.026705962,-0.19183,-0.11755596,0.1621044,0.52456397,0.28689593,0.19638163,-0.036768857,-0.12683553,0.1596171,0.02872852,-0.0063085696
0.76390284,0.5363468,0.14835885,0.022551274,-0.009752077,-0.08955902,-0.024292355,-0.27283347,-0.018299753,-0.119786225,-0.034283657,-0.22181107,-0.028272754,0.03907916,-0.094418325,0.1652442,0.23464991,-0.06199774,-0.07184595,0.10306017,-0.02125202,0.052258596
-0.6790075,-0.19682732,-0.30100837,-0.65466535,0.078863904,0.3739389,0.225712,-0.24489209,-0.010679642,0.23540448,0.025395283,0.6263912,0.047323674,-0.039612494,0.0028250273,0.2710845,-0.014928579,0.09948023,-0.100826025,0.13724019,0.010304757,-0.06737684
0.6113124,0.6323087,0.007974269,0.016554693,-0.2534097,-0.2649841,0.07764818,-0.08398569,-0.08520019,-0.34962437,-0.0746072,0.0885268,0.007096332,0.0012599211,0.14040345,0.23231609,-0.073530965,0.22939616,-0.053528506,0.06342344,0.021823453,-0.18722223
0.79341495,-0.7236888,-0.26098713,-0.115586706,-0.3569945,-0.6142725,0.6131648,-0.46066144,-0.097549245,0.12042218,0.3398838,-0.05398741,0.1050757,-0.19061951,-0.17896913,-0.3111833,0.07750375,-0.37098068,0.194129,0.017648762,0.068166696,-0.13984372
0.88594484,-0.07163471,-0.09570066,-0.7408998,0.010729246,0.19246356,-0.1335359,0.22165293,-0.06694817,0.36302465,0.10163313,0.26248878,0.005535854,-0.007723532,-0.12801734,0.09910236,-0.029599782,0.023900975,0.08865506,0.0752526,-0.014623771,0.030905068
0.8985039,0.42002338,0.22905922,0.07461072,0.25643715,0.19197412,0.49569994,0.5586823,-0.21614029,0.0141683435,0.1044191,-0.6316692,-0.22185494,0.12384739,0.27773708,0.6309399,0.16000305,-0.024188375,0.051200833,0.08514737,-0.014632038,-0.038303576
-0.5662983,0.46267024,0.0036202737,-0.13327993,0.6170974,0.27009636,-0.14988843,-0.036513463,0.052188247,0.41037104,0.06667251,0.19037165,0.049736176,-0.103119284,-0.021005752,-0.018865412,0.10258792,0.12780114,-0.27517962,0.018162142,-0.0027455275,-0.108681805
0.69414914,-0.15659322,-0.28760812,-0.37522712,-0.74637824,-0.14607368,0.38738418,0.07684801,0.779163,-0.3673771,0.28342363,0.32649285,0.015499848,0.28328827,0.60617965,-0.07258792,0.21262419,0.27258927,0.017565418,0.07376769,0.06809172,-0.13253635
-0.7052321,0.56764966,-0.15330772,0.010116318,-0.05461314,-0.07187817,0.33439887,-0.0012341118,-0.0055633783,0.1659863,0.04250736,0.3209028,0.09165219,-0.17682095,-0.29250243,0.06312029,0.30274466,0.02944796,-0.1333049,0.025984284,-0.01028195,-0.027099552
-0.7253424,0.5637946,-0.18137197,0.09535258,-0.3011276,-0.20040594,0.4186802,-0.11602373,0.0003682101,0.11155582,0.03957365,-0.010712202,-0.012323461,-0.06519745,0.17641741,0.014841692,-0.065468915,-0.15350263,-0.27354497,0.14544395,-0.04736898,0.3022698
0.7306545,-0.20507923,-0.039566487,-0.6212394,0.00482325,0.29073864,0.1006661,-0.48431608,-0.0075789047,-0.10449706,-0.038784675,0.40784627,0.024413299,0.05099581,-0.14730147,0.07789269,-0.11157577,0.22808424,0.18334498,0.06603368,-0.0056984536,0.0444105
-0.6057671,-0.71919686,-0.53485215,-0.30135795,0.23039034,-0.25122583,0.6025306,0.64776576,-0.3800574,-0.034178045,0.3896956,-0.31941733,-0.07665087,-0.08046969,-0.1583807,0.05609977,-0.26487938,-0.01156226,-0.101501204,-0.32062784,0.047875207,-0.05021868
-0.75709486,0.38897488,0.014535766,-0.027612323,0.4560421,0.2499464,0.15579742,-0.5185562,0.068355426,0.06620151,-0.048953682,0.4011093,0.005389236,-0.040397055,0.14331955,0.3490516,-0.1819478,0.101277426,0.006746414,-0.0133150965,0.008395682,-0.21996565
0.60957897,0.72164977,-0.075067416,-0.026546758,-0.39775833,-0.4022042,0.060841825,0.2925084,-0.136571,-0.27145132,-0.029038737,0.15312591,0.029626938,-0.07417409,0.06579865,0.22222815,-0.041484807,-0.16196732,0.18253338,0.054393616,-0.01112362,-0.06477353
-0.7183555,0.6333547,-0.1918382,-0.14637305,0.14437927,-0.06276815,-0.32787716,0.08864176,-0.04591766,-0.1608622,-0.030867668,-0.13927996,-0.06383488,-0.0057955673,0.061518323,0.034969382,0.030499581,-0.15093628,0.38677073,-0.25406447,-0.032324705,0.016519727
0.8115215,0.6672974,0.07105014,-0.021565812,-0.23600084,-0.2894976,0.065903425,0.3089248,-0.0708981,0.30480546,0.09175925,-0.17164342,-0.07989121,-0.018631939,0.047522523,0.4260489,0.004920365,-0.17626111,0.06428067,0.07518977,-0.00868088,-0.12491054
0.76529205,0.60725635,0.08604402,-0.062229272,0.012698311,-0.15480873,-0.23788694,0.015837401,-0.046201248,-0.14371708,-0.0068606935,-0.27371716,-0.02991942,0.019801997,0.0138896145,-0.11670135,-0.058405578,-0.12616317,0.121107355,0.12254731,-0.0034949032,-0.009165459
-0.6724274,-0.24847016,-0.5975206,0.022698078,-0.8935028,0.41398528,0.08020935,0.028433422,-0.20491797,0.22235048,0.04981405,0.023799246,0.27414858,0.2385198,-0.17049338,0.18357706,-0.13944122,-0.24211498,-0.10405036,0.036312852,0.0026512619,-0.19016333
-0.63219327,0.58147,-0.12228092,-0.08834294,0.18088415,-0.003219452,-0.007654894,0.07624098,0.010458483,0.23712184,0.06531562,0.06214183,0.020570258,-0.09406464,-0.19666539,-0.12187519,-0.105935715,0.2839304,-0.06602954,0.07354844,-0.009887124,0.0760406
0.95411503,-0.31751624,-0.02565612,-0.8209703,0.4643964,0.43202752,-0.4890354,0.104077496,0.34961727,0.3757469,-0.6081829,-0.16063799,0.10360465,-0.38580224,-0.17866185,0.17208189,-0.24922688,-0.06999093,0.046345968,-0.001366066,-0.20764312,-0.03275546
-0.678538,0.43763533,0.016708676,-0.029396996,0.3333294,0.14118685,-0.07340901,-0.572745,0.09033525,-0.022874812,-0.023677705,-0.30574623,-0.121810876,0.08902033,-0.10502713,-0.14725219,-0.26004004,0.017853532,-0.10757555,-0.22431692,-0.010309206,-0.104264796
0.9062087,-0.21909486,-0.16445835,-0.32572392,-0.40685123,0.25212497,-0.1172372,0.011793607,0.0070759025,0.21558616,0.15202396,0.0648429,-0.89026165,-0.31652805,0.14478253,-0.28713173,0.06854289,0.09002951,0.21033806,-0.24922296,0.030053511,-0.07953295
0.88519645,-0.09927167,-0.09338733,-0.7136838,-0.0034933481,0.2032318,-0.089936145,0.21268494,-0.057550482,0.35890138,0.108254306,0.2707023,0.026298562,-0.036789633,0.08351544,-0.031231394,0.059074786,-0.20411198,0.053933695,0.081951134,0.0065741725,-0.11431789
-0.6898418,0.5090412,-0.10952247,-0.15462035,0.5403519,0.20749211,-0.37201995,-0.10088439,-0.022470636,-0.15763184,-0.051348638,0.15687898,0.108651526,-0.06424012,-0.0091414945,-0.08419718,0.17382722,0.02301366,-0.16931762,0.3974747,0.02628391,-0.13099681
-0.65933007,-0.007096916,-0.45746988,-0.6909388,-0.30248904,0.07576404,-0.06570908,0.09952112,-0.08583932,0.038358945,0.030418273,0.03539828,-0.08408814,0.05981934,0.116422504,0.09071509,0.111485995,0.06582827,0.029821636,-0.26908433,-0.014040263,0.02743405
0.8760562,-0.12234107,0.09596156,0.38231078,0.41295403,-0.56968933,0.41299665,-0.20037127,-0.03902903,0.67116934,0.36960927,0.11477179,0.08485317,-0.2567809,0.5219298,0.22479017,-0.34792316,0.26692858,-0.15247345,-0.08435435,0.048316102,0.0009526283
0.71509194,-0.08618221,-0.37900546,-0.6627843,-0.54061514,-0.11876674,-0.12572034,0.3128891,0.19742641,-0.34357563,-0.71408504,-0.102650374,0.1882868,-0.45356038,-0.06153282,0.09922561,0.1633084,0.06165303,0.12922771,0.06457754,-0.17076294,-0.033844076
-0.97389835,-0.7267127,1.0081892,0.5248285,0.20155273,-0.50654405,0.7366187,0.5734366,0.5075454,-0.48791817,0.5560159,0.1028055,0.13037875,-0.012715808,-0.4684399,0.100804634,0.0684243,-0.09465571,0.20056656,0.0062597315,0.056338187,0.07921918
-0.7411131,0.5316708,-0.09507501,-0.044114213,0.14292446,0.011914241,-0.02680916,-0.28552237,0.0014825418,-0.09366156,-0.043351047,-0.06955604,-0.063150875,0.026341677,-0.14680198,0.15368624,0.041718565,-0.07706251,-0.2540108,-0.26530796,-0.0184448,-0.1417548
0.775981,0.027432505,-0.26573363,-0.65032464,-0.47640714,-0.07985692,-0.07980803,0.17084356,-0.11143715,-0.17769086,0.038210202,-0.0014259471,0.033152517,0.013957474,-0.10695352,-0.39880082,0.13262026,0.10520319,-0.0050689057,0.072108924,-0.0058101914,0.0748584
0.8994019,0.48316655,0.2682925,-0.095112056,0.45033363,0.11768366,-0.1602345,-0.06645111,0.05965903,0.3828414,0.08543935,-0.054732516,-0.011974001,-0.03874281,-0.108357586,-0.13128754,-0.14068031,0.15585083,0.023075206,-0.05295651,-0.02852383,0.021054069
-0.7242615,0.69647634,-0.26655698,-0.04455026,-0.27568915,-0.2812342,0.07857235,0.29852664,-0.07771483,0.059176035,0.04893672,-0.060263976,-0.036209453,-0.068998724,0.059140515,0.16024666,-0.042132284,-0.18373941,0.1278138,0.10723211,-0.0006160481,-0.06395145
0.44247892,-0.42452472,1.4007306,0.7613009,-0.14187104,0.7240344,0.18401882,-0.088262685,-0.33695382,-0.67767483,-0.15366285,-0.22036555,0.3060732,0.29914612,0.11452457,0.0909769,-0.033480357,-0.030228663,-0.2798556,-0.29989135,-0.099619396,0.33391193
0.85766345,-0.29304752,0.018764786,-0.51487905,0.013295496,0.41873428,0.6857324,0.3023189,-0.18617181,-0.099809974,0.12387683,-0.35502326,-0.20582005,0.13924211,-0.09162965,-0.016794229,-0.06260956,-0.18973249,0.123973675,-0.3239561,-0.013118829,-0.16264607
-0.71842855,0.553346,-0.12091044,-0.17183527,0.43401718,0.10846741,-0.4276479,-0.10503295,-0.03350921,-0.19343753,-0.06324513,-0.047822043,-0.010747759,0.029011639,-0.0791464,0.022946546,-0.12898959,-0.0382926,-0.09120057,0.09604445,-0.01625619,0.033616945
0.8887775,0.42030016,0.29331446,-0.01534782,0.37673834,0.13487263,0.18019365,-0.09716548,0.085704416,0.52835953,0.13078015,0.22964707,0.08389037,-0.163109,-0.14542428,-0.100233324,0.062488947,-0.26301312,0.15774865,0.22343332,-0.019666553,-0.10820185
0.75571954,0.29708827,0.03317791,0.5750474,-0.18110608,0.4102715,-0.279363,-0.2090913,-0.11888167,0.02144532,-0.04089298,-0.07503738,0.3256303,0.1979036,-0.250169,0.0089882305,-0.08294079,-0.14931518,-0.0020188442,-0.35477406,-0.059319846,-0.09595423
0.87971133,-0.7291215,-0.19813457,-0.23321271,0.02705506,-0.43001354,0.08550725,-0.5434275,-0.11588669,0.100535095,0.27395234,-0.37893927,-0.019479249,0.0024746582,0.06389698,0.10561698,-0.0439167,0.16432449,0.09254334,0.08250573,0.078368835,0.002612053
0.8961792,-0.7234192,-0.33017352,1.3720787,0.23911496,-0.074363574,0.04801991,0.8942772,-0.19014362,0.026395842,-0.8409435,-0.438382,-0.5550415,-0.18021555,-0.12278236,0.055642013,-0.058551002,0.0005535497,-0.057558954,0.10898126,-0.38383955,-0.04457542
-0.65635365,0.30317974,-0.43682998,0.80298996,-0.44077253,0.4931121,-0.30909935,0.3641036,-0.14987685,0.20348771,0.088919364,0.45160753,-0.35841236,-0.35173532,-0.36003512,-0.17149048,-0.09807746,0.27242216,0.033914395,0.022063509,-0.0041330038,0.06374528
0.739304,-0.40224898,-0.45035103,0.1654228,-0.5449018,0.7457956,-0.8551313,0.023920514,-0.22457767,-0.5228711,-0.06408836,0.2232629,-0.40508667,-0.11192247,0.14829373,-0.51100534,0.21664882,-0.16403376,0.12115093,-0.30875853,-0.005284515,-0.049496315
0.95584995,0.51354635,0.21431454,-0.12888439,0.50963676,0.14767787,-0.27627692,0.15544248,0.043486875,0.34992313,0.103547774,0.048705913,0.120033346,-0.16404974,-0.12183132,-0.43733305,0.35327813,0.18681285,0.16489379,0.091723196,-0.024682742,0.08481077
0.6566578,-0.04771374,-0.19329268,-0.6137822,-0.42151496,-0.002938766,0.11803668,-0.16665544,-0.114495024,-0.258193,-0.055025917,0.28814897,-0.009681931,0.06942851,-0.28109342,0.17887388,0.10221718,0.011254346,-0.34315163,-0.32176813,-0.030001555,0.0043376824
0.6480161,0.73740995,-0.09860105,-0.027168322,-0.3877237,-0.38609943,0.03236021,0.36276117,-0.14394534,-0.28113574,-0.026907284,0.18942535,0.09774254,-0.12581807,0.0010562667,0.08152698,0.29529658,0.03625501,0.027825236,0.051625185,-0.015426366,0.028109487
0.9069973,0.4417508,0.2624684,0.095138274,0.06008151,0.0148133775,0.12071648,-0.3977336,0.08732425,0.24988389,0.06386115,-0.43905368,-0.079843774,0.028148057,0.2952103,-0.031216694,0.28942898,-0.02340776,0.13631457,0.11001088,0.010885328,-0.12678428
-0.6349557,0.15574113,-0.299261,0.72068256,-0.5591714,0.32004786,0.29761642,-0.09615018,0.27630493,0.40332672,-0.62816375,-0.2796217,0.48803583,-0.35914278,-0.42471716,0.37118617,0.050327666,-0.16618915,-0.2146226,0.028497897,-0.22945496,-0.056674343
0.8850467,0.054173294,-0.04735172,0.30560333,0.13204345,-0.8442806,0.102932855,0.20961268,-0.13505448,0.48099577,0.3977743,-0.36089292,0.04980823,-0.21761581,0.04652696,-0.09118993,-0.38120404,-0.27666023,-0.115804866,0.10772033,0.029328415,0.1297814
-0.4714512,-1.2608304,-0.6215565,0.29215455,0.35751015,0.3585805,-0.33067298,0.09720989,0.992095,0.39086384,-0.10713718,0.14586617,0.66534376,-0.2028136,-0.25348032,0.3086496,0.07306378,0.13711293,-0.18791288,0.08854888,-0.10899633,-0.08197947
0.96304554,-0.38961115,-0.18103293,0.14601918,-0.8247372,0.47433537,0.3061518,-0.18015404,-0.048997086,0.64172095,0.19105186,-0.20502153,0.29314375,0.19523214,-0.031347457,-0.59935486,-0.33345827,-0.058465745,-0.020094031,0.054165076,-0.023602817,0.057096053
0.78942275,-0.05905913,-0.16544935,-0.7666639,0.06502985,0.2225678,-0.4735078,-0.051736597,-0.101676,-0.3322492,-0.058609538,0.105802976,0.055950116,0.06190004,-0.22346073,-0.24740027,0.23792562,0.26516032,0.049784414,0.045937862,0.00030999567,0.10071
-0.5765731,-0.5458215,-0.6752929,-0.39367902,0.037302505,-0.46779537,-0.3190972,0.06055026,-0.24466038,-0.20034009,0.23240925,-0.23093405,0.15294375,-0.1597642,-0.04755017,-0.26838225,0.6652889,0.2064541,-0.09006839,0.12434737,0.12292867,-0.032044552
-0.68589777,0.5599047,-0.17746207,0.053021453,-0.15455772,-0.12154286,0.20999685,-0.16329132,0.031771045,-0.07184829,0.03029046,-0.114606045,0.049108744,-0.10953625,-0.022706311,-0.47107992,0.21398434,0.011885151,0.084763736,0.12363606,-0.018346915,0.15909274
-0.720653,0.5393607,-0.3013673,0.13723728,-0.12439188,-0.55252886,0.1948624,0.3965221,-0.095831364,0.29073748,-0.7512892,0.1326503,-0.3064954,0.6123766,0.029575877,-0.26498628,-0.09097956,-0.23437595,0.08479427,0.1405215,0.6607898,0.17167848
-0.655661,0.052917585,-0.5135891,-0.64597225,-0.5741376,-0.080279544,0.11461463,0.2256532,-0.106677406,0.098589495,0.07938756,-0.01873389,-0.06740267,0.028027426,-0.092081554,0.059261523,0.025576891,0.06934672,0.1137227,0.10076585,0.020809736,-0.029929975
0.62572724,0.15264218,-0.22820425,0.22735703,0.06722723,-0.91726595,-0.17402521,0.13012032,-0.2504618,-0.43602714,0.17718022,-0.02992328,0.15441181,-0.22132222,-0.13763805,0.0105921775,-0.15820439,-0.016808767,0.3279318,0.041375354,0.057310868,-0.019758401
-0.5279692,-0.10140795,-0.1762237,0.4473796,0.13833185,-0.6639893,0.5162805,-0.31262138,-0.025733592,0.6338841,0.39974943,-0.41646585,0.021304436,-0.2225193,-0.024990724,0.0038984977,-0.06503015,-0.5596597,-0.1657318,0.15122238,-0.010227392,0.40132108
-0.73903835,0.5743241,-0.15463792,0.027347194,-0.15754469,-0.16061355,0.36502922,-0.049648535,0.030438744,0.16215229,0.06625261,0.120217934,-0.012718053,-0.104607925,0.024246924,-0.28502408,-0.32738054,0.16540664,-0.24332462,-0.2626775,0.015912423,-0.21355426
0.9903087,-0.24838673,0.0014103464,-0.5452379,-0.0042727776,0.34714022,0.05599953,-0.2465581,0.04544733,0.40011102,0.099834934,-0.06901027,-0.01661602,0.030157061,0.944487,-0.19549468,0.49316877,0.03537323,-0.09389016,0.07384886,0.028405886,-0.08263903
0.7698939,-0.519945,-0.44463378,-0.3553303,-0.18418851,-0.6685372,-0.14427552,0.11121159,-0.26503038,-0.20287721,0.24739197,-0.07841494,0.10913972,-0.12275043,0.010202685,-0.011432907,0.12430716,0.07596565,0.18591438,0.040173694,0.059215512,0.065736435
-0.32481402,-1.1666304,-0.45582646,0.28306612,0.631064,0.6902621,0.12887675,0.4480315,-0.38347155,0.48345256,0.43035465,-0.42112353,0.359478,0.08713241,0.23497327,-0.1550013,0.06626843,0.054226585,-0.25789025,0.060484048,0.033694465,0.088771895
0.3800854,-0.17315209,1.3910714,0.15620324,0.104766674,0.12107592,0.2892583,0.58107364,0.55464244,-1.0171483,0.1748799,0.20478563,0.08362949,0.24301302,-0.17087497,-0.00076682266,0.26472762,-0.05697449,-0.19673415,0.032815468,0.01615053,-0.065319866
0.7896799,0.20816977,0.022135219,0.56248444,0.18550025,0.70727783,-0.1771092,0.47262836,-0.37934595,-0.53200155,-0.045163523,-0.61546695,0.2254543,0.34160337,-0.1107273,0.0520442,-0.15018968,-0.08581974,-0.009431738,0.054061007,-0.043071732,0.03284259
-0.7561317,0.34741375,-0.20408455,0.14013298,0.2607927,-0.31559277,-0.1859186,0.21264686,0.7284997,-0.10755414,-0.28681296,0.145228,-0.41020796,0.96606934,0.3126432,0.28393537,0.031789765,-0.32883635,-0.054127865,-0.1550546,-0.2452331,-0.18328737
-0.70751446,0.4722826,-0.152999,-0.04814019,0.32358736,0.016748715,-0.4408719,0.03963466,0.8302728,-0.40219626,0.20736901,-0.12042886,-0.07385488,0.3597008,-0.12917769,0.01207309,-0.0011354196,0.12188153,-0.21138448,-0.20319171,-0.023316918,0.18378414
0.6317372,-0.2629881,-0.14796272,0.528423,0.04760464,-0.7844335,0.47780937,-0.41636464,0.29232025,-0.21926601,-0.8156515,-0.11111869,0.33379668,-0.5958924,0.49627763,-0.057103153,-0.29187313,0.02840469,-0.5892775,0.039743442,0.76513493,0.4048684
-0.6937703,0.488907,-0.1753905,0.036001798,0.15167613,0.13672043,0.6439538,0.76747555,-0.22439374,-0.2705164,0.08807394,-0.14180435,-0.04554878,-0.100260824,0.090508975,-0.1328564,0.25592026,-0.033625543,0.006067775,-0.30999783,-0.026355674,-0.05639955
0.8651568,-0.28581822,0.011811828,0.22799881,0.8838726,-0.35249513,-0.11446503,-0.035210855,0.30263245,0.27277955,-0.3943948,0.09596613,0.42123064,-0.8196139,0.2641662,-0.043600377,-0.0030535776,0.21793173,0.10343609,0.086390644,-0.12827204,-0.13133955
-0.6432502,-0.38846704,-0.55922174,0.93890506,-0.007025009,-0.14488724,-0.2672087,-0.14042155,0.11879541,-0.06400988,-0.5023761,-0.44485995,0.6427822,-0.48185888,0.515304,0.14669931,0.16301426,0.38173,0.08311144,0.029462518,-0.12694749,-0.058214728
0.676869,0.5571557,0.104557686,-0.028877953,0.03302277,-0.1099813,0.07853537,-0.06851428,-0.036705352,-0.09666938,-0.025879089,0.2716357,0.062779285,-0.08527954,-0.17341568,0.089523435,-0.069314145,-0.13298334,0.046594802,0.02143581,-0.049650487,0.14254865
-0.46180728,-0.3149554,-0.22236234,0.58876157,0.7685818,-0.01792421,0.27867958,0.62261,-0.263274,0.16438776,0.45390847,-0.32731655,-0.79734904,-0.56522024,-0.022111552,-0.035850227,0.08439782,-0.027779493,-0.10799528,0.08960719,0.08602682,-0.00037277464
-0.66844845,0.40991998,-0.08952598,0.0071887793,0.3239216,0.051765006,0.024751328,0.21494374,0.8722796,0.15559061,0.34365025,0.34391347,0.011534618,0.19640316,-0.04986674,0.125077,-0.21810022,-0.05290763,-0.31698993,0.13091345,0.030109158,-0.17761081
-0.74482375,0.14172737,0.14154096,0.15309937,0.6496887,0.56667686,0.7660357,-0.5035246,-0.06405178,-0.5571745,-0.055710156,-0.27038082,-0.08756996,0.08313879,-0.5007968,-0.042211168,0.017969761,-0.46066114,0.006344081,0.07237425,-0.08563919,0.3479702
0.6568862,0.53476834,-0.24847741,0.54564816,-0.6808051,0.048391514,-0.23095769,0.4096722,-0.261367,-0.19509555,-0.037365645,0.18014993,0.43840957,0.07750537,-0.2441595,0.03264788,-0.060029063,0.16518812,0.25241318,-0.019370556,-0.056725886,0.1116148
-0.7037419,0.70353574,-0.25897262,-0.101773955,-0.1112031,-0.20070791,-0.17741078,0.25185314,-0.09907377,-0.067111485,-0.0034038336,-0.15348843,-0.044096615,-0.011262294,-0.046099957,0.29754698,0.134842,-0.0026804176,0.09575226,0.11844182,-0.017916663,0.08793536
-0.93173194,-1.2354409,0.80944645,-0.2922188,0.026429867,-0.3312773,-0.012049529,-0.45585516,-0.1673315,-0.062647365,0.19438635,0.32584345,0.18490948,-0.18812348,0.014214068,0.007904553,0.03866955,-0.14281128,0.0858911,0.1023244,0.08020298,-0.04238488
0.7423296,0.56121904,0.13784988,0.035835218,-0.1435446,-0.1957638,0.17826527,-0.16363904,0.002150939,0.0013221125,0.038166426,-0.13875212,-0.0020738717,-0.031745233,-0.42966294,-0.20499414,-0.12569469,-0.15478125,-0.14500223,0.0878929,-0.0019862852,-0.12185136
0.7088888,0.66140795,-0.009188468,0.033140156,-0.34030545,-0.3166165,0.19217816,0.18933594,-0.07655032,-0.06092521,0.023703933,0.1006297,0.07045038,-0.10939418,0.069372274,-0.036156047,0.18456225,0.1312595,-0.2009266,0.064412095,0.0032415027,-0.07608556
0.54593366,-0.5701225,1.186024,-0.7312633,-0.16900691,0.1482357,-0.3444121,0.089318015,-0.109501466,0.026029503,0.011334866,0.42146572,0.1013973,-0.015035789,-0.101723604,-0.18666032,-0.312168,0.060644567,-0.012360747,0.26952395,0.04877326,-0.2290814
-0.6376522,0.43100032,-0.20619702,-0.0466702,0.025183478,-0.08307846,0.019008826,0.19882905,0.4072615,0.16880137,-0.5957668,-0.34078458,0.13013203,-0.59095263,0.15281141,-0.2618012,-0.04211084,-0.18201123,0.42456993,-0.28259823,-0.19082376,-0.23772019
0.6338245,0.6957557,-0.054115493,-0.054286,-0.25575152,-0.32193086,-0.11187479,0.17429033,-0.10571977,-0.4300284,-0.053032167,0.03525304,0.05204905,-0.0756798,-0.015397111,-0.13504006,0.015931828,-0.07242486,0.4613513,0.07441615,0.0009813493,-0.02899905
-0.9018297,0.17973845,1.1150193,-0.1268701,-0.11541913,-0.15184541,-0.46257874,0.23497152,-0.08817679,-0.014602249,-0.010207923,-0.14584346,-0.011920894,-0.03273176,0.0027632583,-0.06286445,0.07174076,-0.062086675,-0.043069787,-0.2208186,0.004408428,-0.15515175
0.4071727,-0.48404175,1.0524665,-0.76189595,-0.3189065,0.030402208,-0.47192982,0.2041546,-0.2182484,-0.36069605,-0.10273512,0.5717537,0.11932529,0.01605189,0.014015426,0.1540505,-0.1304887,-0.06019772,-0.18895394,0.10068279,-0.0023497746,-7.5893695e-05
-0.9837121,0.17909682,1.076729,-0.00059991074,-0.48026112,-0.30535728,-0.06584305,0.023241637,-0.07774397,-0.14034656,-0.020896474,-0.09575192,0.00053958286,-0.044479165,-0.22751835,0.020776715,-0.071934685,-0.09652115,0.31629592,0.13725491,-0.014369004,0.09810607
-0.9383987,-0.15562353,0.99585366,0.46018833,-0.10769416,0.49045768,-0.77304286,0.060120586,-0.19919862,-0.1058012,-0.10798688,0.16789483,0.4719268,0.13299586,0.16001357,-0.36067292,-0.36281642,-0.069000676,-0.40036505,0.03054304,-0.0751314,0.46540144
0.9012024,-0.15167901,-0.05362518,-0.5397414,-0.2983525,0.16074918,0.055337314,-0.38733712,-0.005335488,0.09908415,0.026995966,-0.3113698,-0.1302822,0.15172014,0.3486859,0.17543356,0.3061067,0.20632896,0.30672696,0.11662825,0.04635742,-0.09278686
-0.6640962,0.2628254,0.04430603,0.13035251,0.46651718,0.41413307,0.6714372,-0.02237042,-0.09921854,-0.2284157,0.02235347,-0.45837572,-0.22140464,0.14218205,0.6597729,0.11291926,-0.31509146,0.23527747,-0.16957027,-0.2115749,-0.03373191,0.17454726
0.65147763,0.32292545,-0.11166775,0.6485501,-0.41167504,0.31132284,-0.24246782,-0.20345612,-0.1950594,-0.3521804,-0.13589063,0.0405446,0.41359523,0.20215262,0.490428,-0.021271326,-0.044856988,0.038098708,-0.43902197,0.08408085,-0.01686922,0.047019053
-0.688232,-0.31655195,-0.5706376,1.07863,0.047064412,0.009726826,-0.7137682,0.08884061,-0.317094,-0.066789016,0.21224344,0.027248781,-0.37195385,-0.32972723,0.21823868,0.18662697,-0.057538677,-0.36640492,-0.39030224,-0.26163673,0.04417553,-0.03068319
-0.63757706,-0.19698523,-0.21921588,0.44617254,0.4924105,-0.33534327,0.7227779,0.18419865,-0.28863487,-0.2552489,0.29723805,-0.5627228,-0.028933756,-0.12856533,0.15335919,0.2082191,0.14782286,-0.10860261,0.13508223,0.08188829,0.045164265,0.077765785
0.8538464,0.6166599,0.1266462,-0.08040671,0.08742797,-0.11486884,-0.26874793,0.044018656,-0.028594231,0.05050417,0.033081148,-0.3664168,-0.042481605,0.032292597,-0.26260063,-0.07500269,0.025958667,0.223936,-0.018119784,0.121514305,-0.0172424,0.115897395
-0.6574974,-0.62288564,-0.73982924,-0.20103067,-0.18279552,-0.95446444,0.11926536,0.28911644,-0.32002103,0.23757775,-0.19284876,0.023153272,-0.22279954,0.4682853,-0.07561923,-0.3000745,-0.038801923,-0.029688332,-0.23331033,0.014653033,-0.19831179,0.09771178
0.6126694,0.6014675,0.020185392,0.096756935,-0.41484785,-0.3307128,0.41221932,-0.12953551,-0.037823655,-0.2449297,-0.015194388,0.19624048,0.08411529,-0.11050979,-0.23306347,-0.22456983,-0.10044217,-0.033896357,-0.10795521,0.06985711,-0.019478885,0.060850132
0.7765921,0.60568017,0.0794447,0.01946692,-0.1667629,-0.20048773,0.05647799,-0.03597753,-0.012634133,-0.020285893,0.022031797,-0.15855971,-0.026455475,-0.025332171,0.17259352,0.0027665643,0.040009324,0.31172097,0.39116418,0.08258529,0.0035435858,0.0041049537
-0.68284017,-0.6423564,-0.22078481,-0.32983652,0.023826862,0.6270257,1.4387023,-0.11340107,0.3004999,-0.054017365,-0.5618288,0.103027776,0.15434943,-0.54386735,-0.1955983,-0.08317934,0.06573043,-0.2712796,-0.06318386,0.008165495,-0.20004435,-0.17337245
-0.63796073,-0.26843703,-0.58150214,-0.1314975,-0.40554175,0.6426231,-0.31329432,0.18757486,-0.20019297,0.19576117,0.021282181,0.32173258,0.36131147,0.1668445,0.042613193,0.044565044,-0.055237565,0.05019411,0.24491622,-0.12600316,-0.024959404,-0.012867404
0.8756142,-0.63257515,-0.087291144,0.11574865,-0.05347863,1.0407821,0.56242263,0.26357144,-0.2991855,0.17465864,0.10382477,0.00664741,0.24669893,0.31655118,0.50632524,0.08693069,-0.7083826,-0.030034443,-0.36082718,0.35123032,-0.03870763,0.24596466
-0.6030607,-0.31057632,-0.7535145,-0.042243514,-0.880791,0.38271174,-0.15731278,0.4832598,0.120123364,0.20417452,-0.6229625,-0.18832785,0.4976593,-0.30920917,0.010150125,0.16689129,0.12058061,0.03312427,0.14484607,0.036048897,-0.19303979,-0.021342076
0.39960968,-0.35367015,0.93515384,-0.6268968,-1.0163432,-0.35563663,-0.07571336,0.36172915,-0.23364672,-0.27394548,-0.023732567,0.24954045,0.019930651,0.030548649,0.014334397,0.111586355,-0.2798696,0.031731393,0.002821867,0.088860616,0.010802202,-0.00021992333
0.9354099,0.10161571,0.22128713,0.5445377,0.47489533,0.8398647,-0.35143396,-0.37180677,0.0036526665,0.46778354,0.024641464,0.1765263,0.43029615,0.124200635,0.25770524,-0.24496351,-0.24855822,0.42181855,-0.05380458,0.13576983,-0.017949166,0.025036912
0.6576345,0.0298133,-0.28953972,-0.6568067,-0.53137857,-0.13090369,-0.086278096,0.11437693,-0.17152892,-0.31937677,-0.03840979,0.08054963,-0.03872277,0.10861651,0.092989355,0.087696135,-0.25911644,-0.24483253,-0.16744177,0.11469816,-0.023337541,0.18355183
-0.68957967,0.37623358,-0.34918612,0.66860324,-0.5973692,0.25782433,0.13108166,0.028380563,-0.14290057,0.17194647,0.027969545,0.03344321,0.3989537,0.06959386,-0.13536426,-0.021809867,0.1931337,-0.08584934,-0.18690753,0.03348815,-0.020290798,-0.09487317
0.7192171,-0.00041977913,0.15043016,0.7207411,0.2869915,0.92145693,0.5063055,-0.041520413,-0.25049147,-0.44810513,-0.0584091,0.15963477,0.41506043,0.12332303,-0.27101573,-0.07397665,0.09078895,0.02935422,0.24496865,-0.01463925,-0.06333164,0.11534707
-0.86270744,-1.2171333,0.4813894,-0.18107645,-0.6118498,-0.80133396,-0.023662386,0.5385416,0.9480002,-0.12842384,-0.11946464,-0.10728305,0.2979671,-0.39987314,0.13960543,0.119504705,0.14521769,0.42325348,0.010719526,0.11237688,-0.063376166,0.039239295
0.6161648,0.5933343,0.03707598,-0.002351711,-0.1178352,-0.18235786,-0.089273416,-0.2253268,-0.07407663,-0.4882195,-0.11736362,-0.030045358,-0.010072175,0.045638118,0.22360505,0.17875004,-0.042162698,0.10017045,0.13308094,0.095655814,0.018169018,-0.10370884
0.7734398,-0.9536291,-0.20213924,-0.11171834,0.41084906,-0.09605274,0.53147334,-0.17067382,-0.28144225,-0.66635305,-0.10401176,-0.49496034,-0.016760904,0.1427001,0.49283835,-0.47393522,-0.2939061,0.14631712,-0.3284762,0.09987789,1.0385466,0.23187955
0.9550113,-0.67575145,-0.211624,-0.4700106,0.51448524,-0.2775828,-0.38329002,0.1298614,-0.19124681,0.40072113,0.33378887,-0.01279238,0.08232222,-0.12838759,0.10069123,0.20686947,0.073732734,-0.29301536,0.037954427,0.07277756,0.06825479,-0.13509236
0.6448003,0.57684636,0.073426895,-0.196903,0.46333465,0.066290155,-0.49516004,-0.039655853,-0.076118656,-0.4960607,-0.12841465,0.36426246,0.14244662,-0.06275933,-0.24427581,-0.082250535,0.008938961,0.23914476,0.17963044,0.069799125,-0.041739285,0.15992585
0.68863887,-0.020092115,-0.04583064,0.29231876,0.36818844,-0.6485482,-0.076249614,-0.3534483,-0.15692234,-0.27189526,0.14747946,-0.029825423,0.111216225,-0.15666229,-0.04097029,0.25154802,0.1459641,0.08103111,-0.034437306,-0.32933056,0.0003646518,0.1507065
-0.68347377,-0.01014485,-0.3172386,0.19621792,0.58792734,-0.52334213,-0.36899891,-0.23167859,-0.09859023,-0.32352337,0.20069721,-0.273031,0.13963823,-0.22673176,0.07218684,-0.601704,0.17864935,0.03361023,0.38108847,-0.2870458,0.07025288,-0.16932914
-0.7167785,0.4478031,-0.14603283,-0.12415517,0.55845517,0.1338224,-0.3726858,0.32527292,0.81941074,-0.16591589,0.25363052,0.49622455,0.06042991,0.17747664,-0.04609733,0.24858934,-0.0560903,-0.11578725,0.37638083,0.1721994,-0.0041822875,0.054812066
-0.7093166,0.66285187,-0.22248174,-0.12233939,0.043177314,-0.11006179,-0.336261,0.11683881,-0.10006395,-0.17408739,-0.046283495,-0.24485108,-0.06347982,0.05114037,0.025671434,0.3418909,0.15746525,-0.10680639,-0.08678511,0.13768077,-0.005943001,-0.003384412
-0.72396845,0.55204695,-0.10724849,-0.20516703,0.5083822,0.14047952,-0.4592208,-0.09556995,-0.014910061,-0.19018634,-0.06027899,0.033722945,-0.017250834,0.001992035,-0.121353135,0.018751439,-0.17535962,-0.0026191487,0.365281,-0.038762804,-0.01836873,-0.020669939
-0.61609405,-0.51759833,-0.46787328,0.24213555,-0.6473039,0.83562946,0.925681,0.07912411,-0.2896597,-0.16429287,0.06072248,-0.20435034,0.23518635,0.24820466,-0.09203048,0.018252598,0.19404818,0.37416226,0.28294435,0.01834842,-0.019095322,0.1876687
-0.64739573,0.4819554,-0.043316282,-0.04418042,0.2963384,0.12434456,-0.01766694,-0.2631634,0.02976162,0.1196997,-0.00023975616,-0.016853718,-0.010723311,-0.02545566,-0.11297768,0.15100113,0.16423365,-0.08668302,-0.09261527,0.080904484,-0.021908164,0.056700055
-0.5522108,-0.24976763,-0.43417916,-0.6981067,0.05165372,0.24302611,-0.18557964,0.19277568,0.36895305,0.22405642,-0.9163218,-0.19107942,0.13783793,-0.3727769,-0.10425527,-0.14457972,0.083517976,-0.00036150977,-0.05552023,0.010846334,0.7764223,-0.041339625
0.8424281,0.52281696,0.16935623,0.01965822,0.044967122,-0.07217065,-0.049880262,-0.19791898,0.042406727,0.06508626,0.0444597,-0.36197662,-0.048273534,0.023127688,0.25273928,-0.2775528,-0.06776043,0.17396733,0.113163084,0.12265042,-0.0030414695,0.027129564
-0.651995,-0.9835635,-0.48742542,-0.32772467,1.1586325,-0.044116933,0.061788756,0.46533307,-0.478989,-0.2778735,-0.29148293,0.23300442,-0.20319627,0.5396144,-0.05737801,0.07807377,0.064970806,-0.0119864205,-0.009375115,0.19504449,-0.19102289,-0.043401644
-0.723857,0.56055796,-0.1290546,-0.070518404,0.15092954,-0.002745298,-0.11567904,-0.15277143,-0.015547292,-0.1092471,-0.036541,-0.07157117,-0.033917505,-0.0009968424,-0.106018096,0.044086974,0.14333884,-0.09115284,-0.23326588,-0.2588877,-0.028028898,-0.05727036
-0.49794486,0.4624769,0.041985918,-0.055831343,0.40096018,0.18399067,-0.032460615,-0.22223788,0.10322556,0.4643553,0.10625054,-0.25667182,-0.054697193,-0.03960709,-0.26965138,-0.084957436,0.14897671,0.061412673,0.181536,0.07523018,-0.008918158,-0.024889087
-0.6627296,-0.08803709,-0.37471965,-0.68115324,-0.1267531,0.20889437,-0.26902416,-0.34388393,-0.074415244,-0.24543257,-0.056222886,-0.29705727,-0.12188451,0.2053381,-0.19950165,0.16992734,0.16112337,-0.072093956,-0.14917295,0.14182314,0.01717377,-0.037838954
0.84517276,0.44907114,0.16277312,0.11504638,0.06943242,0.07195403,0.73951936,0.63293594,-0.19476734,-0.058243174,0.14312163,-0.41465762,-0.09946608,-0.009561517,-0.018854735,-0.06356093,-0.049282968,0.13536386,-0.067520514,0.07729451,-0.022064159,0.08432395
0.7460104,-0.06281532,-0.18369235,-0.5584311,-0.51620865,-0.020838842,0.16195185,-0.15748292,-0.088278614,-0.14725399,6.72591e-05,0.02659426,-0.016251568,0.058947258,-0.053023487,0.0052440544,0.22429138,-0.10206645,-0.12543541,0.07781685,0.029575046,-0.15370782
0.7330488,-0.7599574,-0.1686798,0.087557554,-0.046838287,1.0546219,0.4476627,0.094948195,0.03734224,-0.33289915,-0.7245585,-0.109712504,0.38785025,-0.11609822,0.03743503,0.5137415,-0.39648333,0.14008288,-0.09306528,-0.1874352,-0.196634,-0.27808887
-0.72910994,0.3730986,0.0020478864,-0.0034310515,0.45060033,0.2640334,0.17785352,-0.5069369,0.0801363,0.052424613,-0.041008424,0.41805565,0.06828442,-0.09206818,0.20045555,0.09029048,0.031641766,0.04446332,-0.042800795,0.007105734,-0.021797176,0.029680138
-0.6344498,0.39874938,-0.049875647,-0.06200719,0.6455442,0.39357772,0.25720334,0.559605,-0.20933186,-0.25513822,0.050296485,-0.3029873,-0.08369173,0.0279288,-0.043948233,0.045167483,0.014503728,-0.07531776,-0.22019699,0.06568818,-0.02759447,0.041025143
-0.66019094,0.0741275,-0.5274032,-0.64561945,-0.62599057,-0.11390618,0.08093977,0.24949518,-0.12902951,0.09034394,0.06330013,-0.09246708,-0.110682644,0.07136693,-0.01779282,0.24344215,0.10003784,0.036237493,-0.028861372,-0.054177113,-0.0015216413,0.04152241
-0.64627373,0.54397535,-0.084389254,-0.1539959,0.43077385,0.113786615,-0.24406393,0.018017948,-0.0001571169,0.16167521,0.0187876,0.06509099,-0.00025955596,-0.03660491,-0.12372079,0.0072047897,-0.15929559,0.058875926,-0.17601249,-0.012641876,-0.048811972,0.20571917
0.6659231,-0.6161908,-0.5108509,-0.16215417,-0.3069778,-1.0578507,0.1990322,0.13792984,-0.3495817,-0.08133319,-0.26758304,0.24399917,-0.175832,0.47931468,-0.24602385,-0.22226353,-0.13973036,0.26387447,-0.15466633,-0.0669705,-0.16603746,-0.17597868
-0.73407835,0.5987114,-0.15759884,-0.050638177,-0.01234571,-0.106128305,0.056180064,-0.061969537,0.006580266,0.0026969293,0.014105355,-0.015313976,-0.06277637,-0.03202663,-0.016292848,-0.027093828,-0.21034236,0.17486829,0.21438137,-0.2755824,-0.0112773385,-0.09069974
-0.4273553,-0.9429468,-0.30382827,-0.35429144,1.0084919,0.27992305,0.539211,0.44605395,-0.28852302,0.41860095,0.41605237,0.15490061,0.08376214,-0.20845531,-0.17452002,0.3620616,0.25213894,0.059171304,0.04768894,0.16124582,0.03249301,0.1702861
-0.6989326,0.15838502,-0.23000915,0.65112907,-0.014057112,0.53951406,-0.41437876,-0.22685829,0.7499884,-0.2984501,0.17395717,-0.056410987,0.30235675,0.53352785,-0.24344772,0.08663325,0.1314767,0.0068050385,-0.27413756,-0.28308985,-0.016717479,-0.057036173
-0.74462134,0.35775375,-0.08345154,0.14343368,0.068193175,-0.008891348,0.31317446,-0.20162481,0.9151347,-0.09626626,0.2834404,0.26172814,-0.020704286,0.23055944,-0.014340566,0.099675216,-0.16204539,-0.036201198,0.0028314071,0.07474228,0.025023706,-0.079221845
-0.843135,0.018777827,1.2675711,0.01886469,-0.0748736,-0.010533291,-0.25345552,-0.3807763,0.008492229,0.050475176,-0.023449665,-0.47134307,-0.09333906,0.10217747,0.12829052,0.07712926,-0.00604397,0.050006166,-0.19007874,0.19669092,0.025045004,-0.08444247
0.90917176,-0.025502175,-0.16791226,-0.62850964,-0.39693424,-0.00609709,-0.048160933,0.14620094,-0.047890134,0.18078892,0.121374816,-0.24321993,-0.049602814,0.03655169,0.0767606,-0.33749208,0.15873371,-0.016916823,0.28602976,0.08757213,0.00063247187,0.023949275
-0.67230636,-1.0145947,-0.5046644,-0.08067292,0.56669563,-0.27631682,0.76830125,0.25142977,-0.41096094,-0.08010647,-0.2217458,0.13225172,-0.27322367,0.536789,0.4233179,0.006006174,-0.25444144,0.10302738,0.02174937,0.2728549,-0.19326444,0.14886583
-0.66808546,-0.13976365,-0.34346834,-0.7307102,0.12565638,0.32034978,-0.10909954,-0.14445864,-0.026115006,0.046846986,0.02416472,0.29580238,0.023902996,0.022916114,-0.13006283,-0.2729548,-0.30607116,0.094433345,-0.24449888,0.13717948,0.016962107,-0.026364958
0.9457813,-0.52161336,-0.046664078,1.0755165,0.4969447,-0.18735279,-0.09434417,-0.3323227,-0.17921998,0.58869654,-0.21789593,0.084160246,0.21926771,0.51790047,0.34116474,-0.55772936,-0.043194953,0.54364073,0.69712794,-0.06376057,-0.16291758,-0.2234344
-0.66194195,-0.09213676,-0.39241695,-0.67387795,-0.16367942,0.19656427,-0.29101297,-0.31724066,-0.066359386,-0.28966826,-0.056312297,-0.3345753,-0.13476539,0.18560039,0.09259863,0.14948176,0.23922789,-0.3216389,0.39977682,0.1404016,0.006537487,0.01919362
-0.6671304,-0.00512451,-0.4561752,-0.7409835,-0.17998597,0.12294809,0.042885058,0.33475828,-0.10644839,0.2558464,0.07949069,0.49204275,0.029725945,-0.07030742,-0.108745724,0.23730628,0.008644943,-0.00428972,0.05692432,0.0676696,0.0095689045,-0.11009313
-0.68677616,0.5816389,-0.18856351,0.10228126,-0.30808106,-0.17688924,0.43325102,-0.1351182,0.017070202,0.082445666,0.04106625,0.014991167,0.032671448,-0.113978595,0.017397432,-0.06770225,0.2834444,0.32557094,-0.050614655,0.103216015,-0.013705473,0.16915485
-0.6556949,0.004232658,-0.46663338,-0.5930063,-0.58545613,-0.039580893,0.26324877,0.040015593,-0.08757983,0.10407081,0.0664461,0.018934418,-0.044453524,0.016126802,-0.3594466,0.12177733,0.25291112,-0.03609627,-0.07148599,0.0921347,0.015177978,-0.030482596
0.5896696,0.6886382,-0.035907492,-0.0040258234,-0.3992888,-0.40031472,0.16971065,0.1506187,-0.090580784,-0.2647714,-0.0075579328,0.1381113,0.018973935,-0.07183457,-0.10170081,-0.030107886,-0.3509822,-0.11317599,0.22587092,0.047711324,0.0116672255,-0.22482653
-0.98698074,0.027987055,1.0478494,0.17875372,-0.36536333,-0.51806146,0.041198064,0.031449456,-0.1607073,0.07936137,-0.5601022,0.11376442,-0.3158538,0.6184234,0.32425183,0.1962157,-0.00019622549,0.24636583,0.07850809,0.22357035,-0.2425885,0.017156102
-0.7198796,-0.013300395,-0.30677494,0.19927314,0.5760033,-0.54309946,-0.19423087,-0.14775974,-0.14622402,-0.07974076,0.2085748,-0.0056951465,0.126395,-0.19647922,0.059818946,0.002518663,-0.27546108,-0.019805584,-0.11734769,0.07116308,0.042811427,0.1099952
-0.69576055,0.628575,-0.19792469,-0.1169221,0.13437232,-0.050881866,-0.09853249,0.18928598,-0.04529224,0.038189568,0.018693823,0.17870976,0.062333748,-0.11097408,-0.15962633,-0.019264197,0.07091643,0.17385405,-0.07061443,0.05061156,-0.029492807,0.12263374
-0.707442,0.6362321,-0.1993885,-0.1522613,0.17780778,-0.033524893,-0.5274578,-0.00050499727,-0.090888865,-0.31911638,-0.08747059,-0.36891147,-0.09250232,0.09906479,0.1318911,0.3389366,0.19055842,-0.18765417,0.21154377,0.14929862,-0.0014518225,-0.013181822
0.81665236,-0.28076896,-0.12976424,-0.688252,-0.0011733829,0.19999005,-0.29122752,-0.17579727,0.34018433,-0.10386402,-0.69304436,-0.3942338,0.06530338,-0.30918258,-0.060027342,-0.21058498,-0.38384655,0.08096852,-0.22585021,-0.2325974,-0.20776947,0.08582686
0.6695399,-0.0018162789,-0.2595459,-0.5945779,-0.5771846,-0.08116908,0.04902855,-0.10053688,-0.13492331,-0.328458,-0.062276796,0.095311984,-0.0731315,0.12510945,0.33186337,0.39936304,-5.6649857e-05,0.24308187,0.29941973,0.065867595,0.022456408,-0.040378276
-0.73672515,0.59535754,-0.17467843,0.057633758,-0.2902801,-0.21387105,0.37674862,-0.06995835,-0.019082509,0.0937552,0.043199576,-0.009197374,-0.015181015,-0.0696684,-0.23455644,0.09902299,0.016577251,-0.19890739,-0.24977101,0.10571387,0.010419127,-0.15136659
-0.64086866,-0.1271412,-0.3688696,-0.78622204,0.27533334,0.4065009,-0.42306498,-0.05277627,-0.07866331,-0.09974048,-0.030615348,0.22691242,0.046170346,0.042090863,0.11339315,-0.027906008,0.31149757,-0.087875955,-0.28812,0.12087677,0.02075786,-0.14400347
-0.6196144,0.3154995,-0.2362781,0.53354365,-0.07651222,0.50657886,-0.5092721,-0.26930106,-0.10609044,0.0039103604,-0.048679613,-0.44386914,0.24863882,0.302499,0.024292761,0.010715046,-0.24652885,0.2883715,0.0832796,0.11479244,-0.019957224,0.08443134
-0.66788095,-0.6533452,-0.54394126,-0.50760305,0.5107464,-0.25163963,-0.49744895,-0.15399577,-0.20466185,-0.1642079,0.19327408,0.009036442,0.055805486,-0.061099406,0.02720442,0.121875726,-0.12887731,-0.11104259,0.24059288,-0.05942075,0.06523688,-0.042388923
-0.6695981,0.39677346,-0.05155214,0.15114598,0.05438208,0.15097463,0.9283195,0.34178278,-0.1720623,-0.08585036,0.10233179,-0.40576053,-0.17459531,0.04257979,-0.12209665,0.31877005,-0.09552802,-0.15335596,-0.047093954,0.100426786,-0.026359035,0.0625113
0.86976284,-0.091497794,-0.09047475,-0.67123103,-0.13170144,0.1335406,-0.017122483,0.109149545,-0.056750473,0.34298575,0.10886497,0.09509567,-0.02892398,0.04039158,-0.0119880475,-0.016978988,-0.08197388,-0.13085473,-0.34934184,0.03545809,0.0012269036,-0.12628645
-0.6722365,-0.07848267,-0.38863277,-0.7523654,0.010773893,0.23401901,-0.4086848,-0.1384152,-0.07638052,-0.1955015,-0.038121473,-0.17561546,-0.113134265,0.16383295,0.08756138,-0.081885636,-0.01721128,-0.2143406,-0.19347851,-0.21903153,0.0051431395,-0.10260928
0.6999651,-1.4429629,0.9765978,-0.13467486,0.047929786,-0.2634087,0.33396494,0.49948895,0.013872627,-0.24842158,-0.6907639,-0.72526985,0.17751189,-0.41936103,0.49651697,0.02545841,0.22750776,0.5135171,-0.10118319,0.016359419,0.83005637,0.15743946
-0.71047276,0.5305344,-0.09860287,-0.076663196,0.24729651,0.06202839,-0.061769444,-0.26485384,0.027274424,-0.09489282,-0.029143943,0.053833682,0.007946693,-0.040472303,-0.326812,-0.046600662,-0.07894423,0.2123351,0.322461,0.060775924,-0.04246334,0.24342144
-0.72566044,0.51668054,-0.19829576,0.073451035,-0.11622343,-0.19790082,0.05053394,0.10971879,0.84088963,-0.19455603,0.29514727,-0.06675838,-0.07953189,0.30535504,-0.17913973,0.07010097,-0.26337078,0.28778306,-0.092213094,0.13346976,0.04093026,-0.08715829
0.710355,0.68863916,-0.025824042,0.006949289,-0.33734024,-0.32918417,0.119253986,0.25172874,-0.1015087,-0.06454574,0.009621051,0.089862935,0.048612382,-0.08656006,0.07055484,0.1691215,0.20594057,0.1622867,-0.11910509,0.06783414,-0.016880905,0.058776826
0.8880254,0.4467218,0.2974461,-0.08264684,0.50256485,0.16603257,-0.2749568,-0.25907254,0.062366568,0.23844478,0.04325084,-0.264592,-0.06499223,0.054299913,0.05959789,-0.0434205,-0.13946824,0.061782748,-0.042687524,0.064949505,0.0136081865,-0.22783297
-0.65860623,0.24271849,-0.22269891,0.66310465,-0.23325504,0.5193478,0.1478041,-0.32668692,-0.057196934,0.10700078,-0.005308902,0.26470143,0.5228739,-0.026841827,-0.6586204,-0.43425024,0.44396526,0.027340742,-0.024139753,-0.010555459,-0.018101403,-0.0053165504
-0.73746186,0.094470225,0.039978694,0.2232833,0.8074853,0.29224694,0.80007696,0.0044509578,-0.18097828,-0.18543206,-0.5075134,0.22508901,-0.29852092,0.5967635,-0.19449046,-0.19570358,-0.01227813,0.09697988,-0.21242371,0.14915925,-0.2354865,-0.2822245
-0.7289301,0.55058265,-0.22762379,-0.012049793,-0.00059597165,-0.17104182,-0.15682532,0.36097485,0.7946356,-0.18193175,0.274853,0.057790536,-0.08727029,0.2725026,0.02832103,0.32341406,0.025931006,-0.11289134,0.1477654,-0.25365508,-0.014870207,0.018350614
-0.9885828,-0.13798113,1.0911207,0.07203124,0.2870113,-0.27349824,-0.3759923,0.4374033,0.7103643,-0.0773094,-0.27345747,0.6715747,-0.17333761,0.7590592,0.037388116,-0.24052411,-0.09353747,-0.170176,0.19477926,0.1190463,-0.22553742,-0.14904527
-0.6465939,0.5943532,-0.14106111,-0.060217693,0.046530917,-0.073125616,-0.010946694,0.06505953,0.0065456,0.18657848,0.05322091,-0.1142037,-0.06021555,-0.045821942,0.10209679,-0.046734467,-0.021565884,0.03645995,0.0588255,-0.24341053,-0.033157542,0.07568803
-0.7803559,-1.2636818,0.75685334,-0.38422865,0.5034196,-0.020583304,0.018220901,0.76302576,-0.4302398,-0.28089437,0.30612123,0.020336974,0.2149393,-0.2424533,0.16488756,-0.38648772,0.34107822,-0.046700962,0.060202148,0.27076,0.08174903,0.08653764
-0.66750133,-0.7203271,-0.52753365,-0.37127075,0.34553015,-0.27552882,0.116449386,-0.13451733,-0.11767041,0.17144541,0.31457672,0.467629,0.20223577,-0.2674294,0.20266806,-0.36907372,-0.17584048,0.13299878,-0.07365075,-0.07404371,0.09324691,-0.3043067
0.76078594,0.52414465,0.15309918,0.0016370162,0.08055492,-0.049098466,0.3139548,0.036663495,0.012872283,0.2705323,0.07047068,0.4946098,0.13749856,-0.20863755,-0.21645132,-0.010083709,0.11330391,0.07476806,-0.026770974,0.02967223,-0.03062649,-0.023461835
0.7390643,-0.023512866,-0.19129673,-0.7608575,-0.0957514,0.10880961,-0.34882188,0.09729425,-0.13504526,-0.19886227,-0.03412188,0.16868195,-0.022609979,0.08626304,-0.033339713,0.186561,-0.04605671,-0.108077,0.210079,0.026317311,-0.012734282,0.020209733
0.47750628,-0.11750313,1.0254941,0.93565863,-1.1249883,0.16377193,-0.39222342,0.36070788,-0.25449556,-0.088341124,-0.0020839085,0.30477992,-0.39560312,-0.2616241,0.3203433,0.21326874,-0.04496999,0.22265264,0.3080227,0.07309661,0.023380093,-0.03873707
-0.7108361,0.4091251,-0.12386713,0.068679325,0.16087958,0.0033347728,-0.21248184,-0.2162015,0.8513498,-0.4579802,0.200366,-0.2420656,-0.06292507,0.36826017,-0.1435657,0.05675197,0.20996073,-0.21241486,-0.19483493,0.17810848,0.01368653,0.05744574
0.8260302,-0.19385889,-0.07340301,-0.63751674,0.05646491,0.31749174,-0.05368153,-0.17242196,-0.021958863,0.07439045,0.01761226,0.31737572,0.04452077,0.0067243855,0.6220535,-0.016391197,0.24539725,0.023942646,0.07439403,0.07323479,0.016331134,-0.13711888
0.7662838,0.6579645,0.04588732,-0.052749824,-0.13513947,-0.24593934,-0.10347899,0.1950712,-0.061768275,-0.03320005,0.034734625,-0.16942184,-0.009100526,-0.04223783,-0.08245451,-0.072050996,0.008526857,-0.084270805,0.1849572,0.08700558,0.00583011,-0.11461843
0.6232657,0.48689154,-0.067953214,0.38792914,-0.59098387,-0.1987212,0.18531635,-0.03370643,-0.054396152,-0.29255474,0.011243247,0.271972,-0.77423453,-0.42765474,0.019057212,-0.08910013,-0.048172712,-0.24488966,-0.29885492,-0.021275822,-0.0042925137,0.121257
0.7702426,-0.10941228,-0.06919569,0.46765828,0.13681135,-0.7912533,0.14324325,-0.08355808,0.7401252,-0.20155653,0.5343036,-0.116618596,0.09890509,0.08559311,-0.1101736,0.026006637,0.07688505,0.14436768,0.118216895,0.060129143,0.07137693,0.035067596
0.73476225,0.56580067,0.12756659,-0.09451792,0.18096437,-0.060170002,-0.069989026,0.1420159,-0.037266728,0.12032757,0.023579169,0.25046605,0.022009665,-0.085227504,0.10729857,0.18590179,-0.12967591,-0.2355595,0.16992006,-0.09016152,-0.027045844,-0.1039164
-0.6658279,-0.14869314,-0.5163967,-0.7187316,-0.2820315,0.03904779,-0.09538174,0.25601158,0.2896891,0.06704146,-0.6289419,-0.20816112,0.06889616,-0.41927776,-0.12465174,-0.03650312,-0.3761624,-0.08896841,-0.0137214735,-0.24605814,-0.22521612,0.1494945
-0.64619946,0.05629638,-0.5063156,-0.7083726,-0.4004813,-0.0078947535,-0.15116872,0.21085893,-0.1331169,-0.015653392,0.033821248,-0.11189055,-0.07614499,0.08796103,-0.16105022,0.13609901,0.092714936,0.08138815,-0.08734253,0.12155415,0.004668954,0.078850135
0.632195,0.6055346,0.023961026,-0.08017212,0.039648566,-0.1375667,-0.38886797,-0.16682047,-0.07513203,-0.6626303,-0.13067825,-0.16391288,0.017002733,0.037019204,0.10937299,-0.19276124,0.018537868,-0.09529404,0.4037256,0.1048623,0.006748304,-0.059167713
-0.77938116,-1.4082241,0.6933852,-0.06170825,-0.2910421,-0.82240635,0.352484,0.029193843,0.13438271,0.667277,-0.8533639,-0.054957177,-0.06458229,-0.044595387,-0.0445179,0.16931672,0.18350549,0.1373047,-0.15928638,-0.2162224,-0.410821,0.11266405
0.6693368,-0.016167434,-0.24389693,-0.65313464,-0.4101821,-0.025216043,-0.18061765,-0.12614405,-0.12871718,-0.4720011,-0.07456187,-0.023594882,-0.053367417,0.13866687,0.13075846,0.038947877,-0.07169075,-0.017612644,0.2688859,0.08427511,0.017391382,-0.060589228
-0.90107167,0.023227694,1.2379907,0.009353714,-0.037251648,0.010097778,-0.054766763,-0.3018186,0.027067132,0.0949847,-0.013526136,0.052466214,0.014304811,-0.025440719,0.18605494,-0.07708588,-0.25289655,0.7031063,-0.071332514,0.10617544,0.051872823,-0.14556657
0.7122295,-0.18299752,-0.057436116,-0.62952584,-0.051000644,0.23812647,0.23026273,-0.30769935,-0.016590599,0.059995536,0.0003147473,0.6104144,0.03377663,-0.006304447,-0.11531801,0.15296178,-0.26630142,0.12275159,0.17228483,-0.057058834,-0.030212065,0.08688506
0.6694075,0.3907732,0.24508783,-0.06549942,0.55480546,0.22919923,-0.13201207,-0.4786351,0.023157066,-0.21697405,-0.10932619,0.39985028,0.08056669,-0.031732667,0.111540996,0.11880949,-0.07018181,-0.07710277,-0.069335446,-0.014739748,-0.030251438,-0.006506615
-0.649463,0.3614331,-0.12629645,-0.019424664,0.13731784,0.018966371,0.17554621,-0.056955203,0.42248955,0.24825042,-0.623321,-0.16087201,0.14609508,-0.5639317,-0.23690508,0.12378094,-0.19004948,-0.044987626,0.26936728,0.050118703,-0.21802521,0.060107194
0.831598,0.44520956,0.14482749,0.14288884,-0.101443596,-0.18541193,0.11904632,0.0581376,0.87208253,0.017759925,0.34009817,-0.16770521,-0.059129417,0.28543922,-0.19732718,0.055831265,0.06529377,-0.04023122,-0.07057486,0.123618945,-0.012880939,0.16224913
0.9071308,0.51723367,0.21458724,0.03861877,0.030730858,-0.05213982,0.30771407,0.043808106,0.04124126,0.5930558,0.13565016,0.07865556,0.016651861,-0.12688065,-0.057239395,0.18274562,0.24304846,0.06376487,-0.044028237,0.019981178,-0.043924417,0.12177281
0.8742967,0.51166534,0.23676868,-0.1000777,0.3642402,0.04861917,-0.046661597,0.1649229,0.018265786,0.53764874,0.12414311,0.12650661,0.009204222,-0.08914761,-0.050581474,0.08215755,-0.22707918,-0.20252413,-0.13465276,0.09179306,-0.0120499525,-0.16387926
0.708979,0.36108255,0.18640894,0.19365676,0.07959761,0.15796563,0.8636664,0.06954446,-0.16784991,-0.53617877,-0.002703341,-0.26162356,-0.060703576,0.032378085,-0.12859897,-0.04096653,0.022401191,0.4499902,-0.027873972,0.067135476,-0.0094876345,0.11640789
-0.9733518,-0.0076987357,1.234226,-0.11478503,0.35509107,0.20316024,-0.38035765,-0.24912123,-0.03477277,-0.1093958,-0.11575073,0.44624835,0.093516484,-0.041927777,0.34009236,0.34747276,-0.08631376,0.46585485,0.037846167,0.19868188,0.022017451,-0.055457283
-0.7159409,0.64126825,-0.20211382,-0.040360708,-0.114503294,-0.1660793,0.013887352,0.01688859,-0.04269025,-0.03418827,0.009663458,-0.13442378,-0.042623524,-0.0039931936,-0.11730879,0.10256283,-0.07036802,0.19522864,-0.09876414,0.11569043,0.010205499,-0.06518664
-0.69046944,-0.059892055,-0.4053287,-0.6409046,-0.34408852,0.068693794,0.2841399,0.004941473,-0.043635823,0.21282907,0.08602026,0.28996354,-0.025410693,-0.020993652,-0.33173788,-0.022285363,-0.26491982,-0.10893167,0.012328539,0.036220193,-0.011169664,0.02360457
0.7717399,-0.10690478,-0.121585794,-0.7574275,0.14083998,0.28134868,-0.40395042,-0.15477481,-0.07754856,-0.28475896,-0.06519922,0.21283038,0.043721087,0.061818883,-0.13739763,-0.17821454,0.12102376,0.21556321,0.096682996,-0.05803044,-0.0017330314,0.068510786
0.83451617,0.51375157,0.19274521,-0.124872625,0.4430988,0.11050952,-0.26777607,0.084080525,-0.022172522,0.2033514,0.020396873,0.14706016,0.04114689,-0.06533821,0.16835974,0.24941698,0.18424234,-0.15833662,0.07270327,0.093701154,-0.01969975,-0.050853513
0.74968255,-0.2561432,-0.04322565,-0.47233704,-0.2491578,0.22813678,0.15265083,-0.8104777,0.007658229,-0.36552316,-0.07794362,-0.13002719,-0.0068757287,0.14378376,0.07489434,-0.23360081,0.40700176,-0.21919356,-0.35681763,0.11269687,-0.0063241874,0.05346345
0.81722856,0.6061004,0.12879366,-0.0687612,0.029142871,-0.14755747,-0.09327492,0.16152784,-0.010515001,0.20749344,0.07058411,-0.14711407,-0.06685814,-0.035819888,0.0567897,0.015222454,-0.037833188,-0.12549022,0.31070846,-0.29577348,-0.04066086,-0.034424838
0.83875257,0.6098485,0.092951275,-0.048042815,-0.011763507,-0.15267846,0.06740714,0.3725079,-0.027027898,0.36397246,0.11656295,0.14291917,0.0529048,-0.16856718,0.1685908,-0.0007030037,0.17330714,-0.19549103,0.2527004,0.009769755,-0.023193872,-0.05004382
-0.5533399,-0.24245523,-0.58629495,-0.042032033,-0.6738678,0.520502,-0.24344681,0.13497283,-0.19425437,0.2704333,0.06482301,-0.18424337,0.2839529,0.25220856,0.041325018,-0.056036055,0.06392797,0.059416074,-0.07723937,0.076511465,0.0104483655,-0.06863513
-0.7163734,0.65279746,-0.20438789,-0.103301495,0.011998607,-0.12225194,-0.10118551,0.16871224,-0.053703338,-0.0054888404,0.0069657997,0.008544188,-0.025489906,-0.055755958,-0.08755929,0.08709366,0.100495264,0.02978571,-0.045471445,-0.27755618,-0.014742361,-0.10990369
-0.7294851,0.61930037,-0.18806882,-0.12267575,0.12451946,-0.06553503,-0.10075033,0.20150924,-0.055600747,0.038794518,0.019073278,0.15869364,0.021575307,-0.0905684,-0.037123654,0.09028453,-0.06368236,-0.19731754,-0.024631148,0.04633114,0.0077213733,-0.21247204
-0.56303823,-0.16580491,-0.17853796,0.26560557,0.89285076,-0.21091355,0.09722315,0.2710116,-0.29527715,-0.33771196,0.28784534,-0.9345552,-0.10362203,-0.011995494,-0.06717222,0.0034540412,-0.13798502,-0.0008970536,0.29558814,0.11864666,0.06530902,-0.01717218
-0.9625486,0.16634335,1.1033491,-0.14606783,-0.012227146,-0.08589034,-0.62097067,0.047508497,-0.11340242,-0.30175403,-0.11019094,-0.11931539,-0.009584399,0.041693717,0.053722195,0.13002959,0.13794097,0.18765813,-0.16471279,-0.21496917,-0.015333711,0.011696074
-0.71231383,0.041013066,-0.46160245,0.35611978,0.030979848,-0.8938657,0.018324303,0.4100355,0.6448426,-0.13476495,0.55345565,-0.037162308,0.06820081,0.056313038,-0.030136969,0.34473294,0.027266061,-0.02388839,0.12787654,0.081711434,0.08726158,-0.051943336
0.992949,-0.8635604,-0.42485052,0.30538496,-0.32339862,-0.080004916,-0.23784919,0.0729627,-0.27978864,0.4937834,0.37226415,-0.374046,0.41445643,0.0752457,0.10233668,-0.3674364,-0.20191081,-0.08484235,-0.26168612,0.068976074,0.03975469,0.1359266
0.92154884,0.49931744,0.23695555,-0.12984517,0.5002935,0.1357016,-0.43195337,-0.039576154,0.038280036,0.17913523,0.05198199,-0.28498,-0.013306942,-0.010930829,0.04627772,-0.24097508,0.1319499,-0.059972662,0.29357094,0.06712568,-0.018398201,-0.0015000075
0.9266972,-0.06313619,-0.070668496,0.40246564,0.41289657,-0.98902243,-0.050847363,0.20552112,-0.20851065,0.4926875,-0.1538035,-0.24664348,-0.18277575,0.39217973,-0.2449293,-0.31030986,0.17093703,0.22904429,-0.011144527,0.1392716,-0.19341905,-0.048779573
0.6988318,-0.09931482,-0.18773626,-0.7698558,0.13523494,0.26359117,-0.2656551,0.058308724,-0.09333164,-0.28998026,-0.043806437,0.69443965,0.18117344,-0.090874836,0.0238696,-0.2870615,0.08175578,0.048139203,0.2993916,0.09761008,-0.022015287,0.088145666
0.55622166,-0.78854483,1.3077718,-0.63052034,0.22075902,0.56636554,0.10181041,0.28571144,-0.294947,-0.4795268,-0.03332404,0.011586355,-0.025047358,0.13515131,-0.2560937,0.1352741,0.055932622,-0.014031121,-0.20142514,0.09438589,-0.0011294954,-0.034880083
-0.7839076,-1.5063897,0.65767336,0.13753156,0.45119858,0.55717915,-0.447766,0.6993487,-0.5704251,-0.26058006,0.2280248,0.04186417,0.51938283,0.03525643,0.031855077,0.005806551,0.16164392,0.032861214,0.1287867,0.08822765,0.050035898,-0.0016058064
-0.7052219,0.5504691,-0.1792171,-0.076913014,0.17167416,-0.016438864,-0.3603111,-0.12528865,-0.013718977,-0.30386707,-0.040688552,-0.3674815,-0.023720736,0.038078967,0.41996366,-0.4378651,-0.080142625,-0.41418585,-0.01188544,0.19400139,-0.048864532,0.29771096
-0.6387663,-0.28701666,-0.54591495,-0.5635734,-0.12961555,-0.16480601,-0.1565726,0.18553248,0.21828403,0.043859847,-1.1636565,-0.24401268,-0.16785319,0.2144565,-0.2944585,-0.41530356,-0.03993969,0.10914424,-0.06453408,0.19322787,-0.3970665,-0.20844455
0.8444987,0.54231924,0.11447289,0.13482185,-0.29207835,-0.20281222,0.38716185,-0.023630077,0.044043083,0.31025398,0.11313243,-0.12835142,-0.011373155,-0.09268015,0.6860134,-0.087450884,0.21806219,0.15242198,0.21608427,0.068319134,0.002816109,-0.08285126
0.8394855,0.5105484,0.18905015,0.021681609,0.06605231,-0.046467476,0.32995287,0.031280294,0.05560474,0.41888857,0.11899295,0.2925062,0.097934976,-0.20922723,-0.1706339,-0.22367348,0.16028321,0.0594151,0.09735235,-0.10916909,-0.03778164,0.032843955
0.6817967,-0.43359652,-0.37874782,0.21207522,-0.9049436,0.39297965,0.050244626,-0.12341317,0.6856456,-0.38374025,0.23132719,0.22202075,0.31165105,0.56595755,0.610044,-0.016091203,-0.16401197,0.2644515,0.19708258,0.0023345419,0.0448513,-0.25148484
0.87466866,-0.12820338,-0.037326198,-0.68909377,0.015787413,0.22415873,-0.12811473,-0.1289263,-0.01575698,0.21321085,0.077121764,-0.018165678,-0.051256336,0.09123121,-0.20728047,-0.16430947,-0.19639766,0.17312507,-0.14821362,0.036522586,0.024327198,-0.19440475
0.72867626,-0.5927624,-0.37876424,-0.36508384,-0.011289221,-0.5642379,0.094581164,0.162709,-0.24366142,0.08993555,0.27917194,0.45103046,0.15765265,-0.21939543,0.13106394,0.18282616,-0.1513883,-0.08721218,-0.0364674,-0.13623303,0.054708485,-0.06998182
0.7666739,-0.17180033,0.070555046,0.3915974,0.47911587,-0.49199277,0.19245835,-0.6177623,-0.051420644,-0.062603384,0.20329371,0.02979415,0.17726143,-0.24924867,0.13338378,-0.069486,0.22668818,-0.15918918,0.22965232,0.014341642,0.026530381,0.1423192
-0.85430163,-1.7557547,0.6853008,0.056122724,0.49678424,0.23068686,-0.13446537,0.61032,0.82376057,-0.67513806,-0.18049401,0.10193776,-0.5452801,-0.63455045,0.43004912,0.19242641,-0.017665312,0.13688968,-0.33858982,0.11528222,-0.063234545,0.20655462
-0.71145844,-0.87290365,0.9859954,0.80018777,0.6535387,0.3299929,-0.2248579,0.80599463,-0.46818033,0.1873317,0.330015,-0.18018448,0.49435622,-0.08239633,-0.03354793,-0.004284587,0.10751891,0.043767083,-0.0008657265,-0.077712305,0.034009177,-0.11720204
0.993976,-0.7214868,-0.19941661,-0.3025142,0.2534905,-0.3205498,-0.266485,-0.35574773,-0.12818569,0.1570702,0.29076853,-0.5637972,0.0073327287,0.0058489023,0.41017693,-0.07452369,0.33067316,0.2635418,-0.13704687,0.10894053,0.10172231,-0.08849956
0.68132806,0.024984349,-0.3125767,-0.5772997,-0.70672464,-0.1778995,0.19867198,0.19397323,-0.13530333,-0.23098148,0.028419586,0.22353266,0.06361949,-0.04766459,0.15883628,-0.31159243,0.14552668,-0.21364295,-0.07756981,0.053923577,0.052989844,-0.3304759
-0.6942038,-0.098402075,-0.38648885,-0.67480063,-0.16777582,0.16089797,-0.12533128,-0.20689055,-0.04914964,-0.04396603,-0.01728339,-0.1059475,-0.17296623,0.17915419,0.43786702,0.102509804,-0.421776,-0.13193023,0.019017197,-0.1899634,-0.038731795,0.27906552
-0.66432315,-0.10017992,-0.390829,-0.7721566,0.12284232,0.290351,-0.25960356,0.036674716,-0.071731724,0.025888462,0.0104037365,0.2719231,0.0097616585,0.031508896,0.07749284,-0.07179504,-0.19831097,-0.17618468,-0.072923794,0.15238358,-0.032667156,0.25023475
-0.7071592,0.3872899,-0.3423849,0.6487624,-0.59686565,0.23577432,0.10687448,0.0018397539,-0.1419983,0.17597419,0.021206824,-0.0056184055,0.3424637,0.116412155,-0.18974777,0.09287775,-0.13183276,-0.03568241,0.010809298,0.04897823,-0.040620282,0.07043571
0.6789273,0.66696507,-0.0042658485,-0.051964987,-0.19549012,-0.2889959,-0.11937548,0.20246279,-0.101467274,-0.21123897,-0.017060358,-0.06970737,-0.008972973,-0.024032088,0.16070238,0.08589111,-0.06282122,-0.33645332,0.1807979,0.08959697,-0.014446536,-0.047927365
-0.57187164,-0.5651502,-0.1801425,-0.5215192,0.95597786,0.7054268,0.38717,0.19047765,-0.23312606,-0.019741407,-0.48332348,0.3493462,-0.3005457,0.66676086,0.050837286,-0.1222716,0.35972092,0.18267755,-0.03868785,0.10883749,-0.25781873,-0.027050747
-0.64158535,-0.5586674,-0.6402855,-0.41474864,0.05922581,-0.50767523,-0.29255518,-0.025018739,-0.2219464,-0.16259053,0.25432023,-0.28330463,0.06405473,-0.07118605,-0.18600024,-0.26531264,-0.095230535,0.04619638,-0.14181116,0.116036154,0.07933118,0.03212308
0.755048,-0.6418129,-0.49583814,0.22455426,-0.41476274,0.7914664,-0.38410556,0.42089033,0.22727595,-0.017695209,-0.9307385,0.79057276,-0.034987308,-0.7782176,0.14231777,-0.76255697,-0.22766808,-0.35200876,0.041566327,0.059986256,0.7319153,0.23544091
-0.6384777,-0.6030552,-0.60505223,-0.41462278,0.2020366,-0.3782934,-0.09519216,0.036883343,-0.20992182,0.09198221,0.2570307,0.26217052,0.11949665,-0.17879964,0.11517562,0.2773888,0.18012019,0.3090975,0.14958525,-0.10347742,0.051732443,0.100058116
0.8270773,-0.16641037,-0.22361828,-0.6746214,-0.29772252,0.02196236,-0.06308753,0.21627116,0.28524244,0.11959753,-0.628116,-0.17636739,0.10089989,-0.41512287,-0.18761776,0.122775055,-0.08192495,0.18774056,-0.11303704,-0.30227873,-0.21861875,0.05657031
-0.5321028,-0.28801352,-0.41790095,-0.4938149,-0.42395225,0.14820835,0.350586,-0.23861402,0.416352,0.19428198,-0.5914762,-0.37615114,0.13256934,-0.47401932,0.057681505,-0.27649763,0.30728763,0.42759678,0.13905723,0.11945205,-0.16543417,0.112742245
0.70725936,0.09217872,-0.3659049,-0.6320416,-0.68502665,-0.19609767,0.030323822,0.37190935,-0.18019323,-0.24116643,0.015063631,0.22978158,0.07128644,-0.033629026,0.107013166,-0.050999094,0.38396364,0.021904744,-0.03676621,0.03181886,-0.024176357,0.09796765
0.4191464,-0.069131956,1.4284451,-0.030827712,0.24263375,0.010933713,-0.5048673,0.06345907,0.7832885,-0.4714818,0.15298732,0.51786506,0.10121063,0.24493195,0.12642358,0.1532981,-0.15479198,0.14830673,0.08899884,0.008988519,0.027411,-0.15128277
-0.7511151,0.09460444,0.076686844,0.19676359,0.66073793,0.5031741,0.7600359,0.020391041,0.7576675,-0.53884697,0.26679808,0.09793833,-0.08014313,0.30496526,-0.2710887,0.22274406,-0.078244135,-0.24304599,0.029829437,0.095942505,-0.00083517336,-0.057661705
0.6187271,-0.27817535,-0.20946044,0.92043126,-0.20576811,-0.9828274,0.4639811,-0.35437432,-0.1834288,-0.17159739,-0.264973,0.39661187,-0.9180582,-0.021320313,-0.15722086,-0.37506226,0.08026654,-0.13459891,0.045577794,-0.017945655,-0.18482175,0.0013790907
0.74441916,-0.28685638,-0.06895774,-0.43132028,-0.22049253,0.32236883,0.84775394,0.116845585,-0.21467598,-0.5138368,0.047471162,-0.25032014,-0.09246425,0.1086747,-0.22128701,-0.3259622,-0.056056663,-0.047057282,-0.07948242,0.078112125,0.03305397,-0.120836
0.75573903,0.49826863,0.18806525,-0.100748196,0.39415354,0.08321684,-0.32788566,-0.22149065,-0.002273901,-0.15175748,-0.048402485,-0.053422835,0.0004110548,0.02711709,0.06713043,-0.041764725,-0.10430834,-0.0071856184,0.079109296,0.059895672,-0.004916651,-0.073704
-0.48791584,-0.13649431,-0.19818321,1.0633594,-0.3384103,0.69665045,0.2993818,-0.14539692,0.4533892,0.9059302,-0.781692,-0.020626154,-0.34783196,-0.6874316,-0.12139958,0.13455042,-0.11812316,-0.2045954,-0.10086178,-0.03648301,0.77482307,-0.2297806
-0.7044254,0.5709814,-0.1443517,-0.14235738,0.33157587,0.056452226,-0.41933826,-0.08175621,-0.033716556,-0.2270345,-0.059609506,-0.17448181,-0.014064326,0.029119048,-0.018560698,-0.19650683,0.10536753,-0.050810177,-0.44811124,-0.21989228,-0.032523096,0.038497426
-0.6997889,0.4934379,-0.09703166,-0.052511934,0.2759566,0.10545874,-0.21745794,-0.3372754,0.0127570955,-0.25420657,-0.07607056,-0.16458619,-0.0025135633,-0.0005093462,0.0589437,-0.17796122,0.40280855,-0.24677373,-0.12464751,-0.22270001,-0.037852433,0.09009803
-0.60054183,-1.6827618,-0.7216688,0.8516112,0.48375055,0.5269475,0.19042087,0.49982375,0.7192445,-0.24318725,-0.64185727,0.3587665,-0.49031326,0.12115958,-0.16179764,0.1083712,0.10046183,0.18640761,-0.16955121,0.0133668585,-0.32525772,-0.16416384
-0.7133972,0.24024259,-0.04135119,0.33361188,0.21160847,0.39521167,-0.081670776,-0.7868995,0.101796,-0.19847694,-0.0696042,0.12435168,-0.8855728,-0.28666532,0.1338663,0.20704402,0.180339,0.11124448,-0.16666871,-0.29488537,-0.031523127,0.23987769
-0.7034134,0.66649413,-0.2317715,-0.07006343,-0.10731321,-0.19381827,-0.0671156,0.12959665,-0.04245466,-0.06100394,0.026550865,-0.1587245,-0.015870161,-0.038466007,-0.17345686,-0.17147137,-0.13531221,0.11369288,0.058559496,0.12919204,-0.02387367,0.17232372
-0.6466891,0.044155464,-0.50208765,-0.69502836,-0.41701505,-0.007088142,-0.12209806,0.16978002,-0.11589975,-0.030402884,0.036674876,-0.12763596,-0.08169188,0.08025939,-0.08029559,0.071389064,0.069394864,0.06600373,0.1423777,0.12128304,0.006652799,0.08346743
-0.9023131,-0.6012194,1.1264246,0.24938445,0.5589703,-0.41344118,-0.26760635,-0.44845083,-0.116220534,-0.05367487,0.17770515,0.09595027,0.22908066,-0.25557825,-0.43939546,-0.031465378,0.21855254,-0.16731574,-0.05226659,0.10721187,0.05372988,-0.047050234
-0.9440693,-0.6052937,0.9571866,-0.6340423,-0.35405353,0.16305543,-0.26472145,-0.4088417,-0.07219407,-0.24017528,-0.077775724,-0.070085846,-0.07071002,0.15026955,-0.049519412,-0.04411127,0.02522562,-0.05441705,-0.25229642,-0.2201635,0.043202322,-0.29621497
0.7033585,-0.15020835,-0.09468608,-0.48092458,-0.5343989,0.017181529,0.40333632,-0.5183752,-0.04431231,-0.10581885,-0.018462025,0.032759767,-0.07564388,0.13116306,-0.23225853,0.2569735,-0.0137673635,-0.24351954,-0.26884425,0.07998153,-0.0102353385,-0.0029582048
-0.70007837,0.591301,-0.17162845,-0.10066085,0.17073582,-0.0035695331,-0.3957138,-0.15053007,-0.044568125,-0.30439177,-0.07593076,-0.3511813,-0.069463484,0.08274576,0.18431416,0.10985772,0.14351353,0.01938713,0.13433535,0.15039271,0.0028099273,0.011721733
0.8836789,-0.02547398,0.073465064,0.85406244,0.3494585,1.0810895,-0.24878031,0.42563593,-0.3018316,-0.27887917,0.045809414,-0.22306055,-0.52137583,-0.09807103,-0.15232553,-0.057103164,-0.00025180742,-0.0017815792,-0.22188634,0.036103755,0.022934666,-0.20260161
0.6934673,0.2516821,0.15498564,0.090365514,0.7871935,0.12528816,0.36093286,0.5483046,-0.31922576,-0.35970044,-0.53879035,0.29964468,-0.25004306,0.5909276,-0.14621174,-0.012038213,0.10942809,0.12556756,-0.12013594,0.107105054,-0.2694561,-0.14481524
-0.5103131,-0.22143345,-0.32305986,-0.6563494,0.16859983,0.31271285,-0.27466765,0.23223218,0.83333987,0.20018594,0.36823615,0.074301206,-0.078519784,0.34639373,-0.025256325,0.04868595,0.14772436,-0.026235646,-0.13509823,-0.003859966,0.022970572,-0.00081293174
-0.48228016,-0.31869653,-0.3482736,-0.6654508,0.09757217,0.36043498,-0.25692582,-0.13448377,0.39528474,0.20930314,-0.6214839,-0.5571665,0.057966784,-0.35488072,0.33309078,-0.19312638,0.2514512,0.09220598,-0.24857964,-0.21925098,-0.20260403,0.04753678
0.695875,-0.44184712,1.1517563,-0.7617075,-0.3654805,-0.0036962342,-0.26164067,0.6452441,-0.14761758,0.6232543,0.14281087,0.35640272,0.020423997,-0.06089402,-0.16984099,0.28924704,0.025225809,0.083366096,-0.03433273,-0.18429187,-0.04876105,0.15020625
0.8356965,-0.058414146,-0.15410495,-0.68644065,-0.16268675,0.11507641,-0.23975542,0.01960136,-0.065542705,-0.05515621,0.025898904,-0.0642124,-0.028599894,0.06580651,0.10137596,-0.26367864,0.2529326,0.026486577,-0.0020587593,-0.2895838,-0.03203889,0.06730531
-0.72389084,0.40208378,-0.0055906414,-0.08790184,0.59268016,0.29458338,-0.12108415,-0.46337482,0.049791448,-0.11280386,-0.06208117,0.26423857,0.08142631,-0.056393158,-0.15534396,-0.01652957,0.010651148,-0.086457625,0.013237232,0.2783282,0.0076503335,-0.1132432
0.8666508,0.57659733,0.11853687,0.038550667,-0.10072088,-0.14370483,0.07681945,0.0017035719,0.011692693,0.18325222,0.07142791,-0.2279962,-0.0006967335,-0.05009525,0.21867186,-0.14574835,0.23985715,0.3449597,0.007216638,0.09986646,0.0020108619,0.031700633
-0.720569,0.54759413,-0.14508507,0.06698684,-0.16757774,-0.113822624,0.2662124,-0.30294773,0.03907538,-0.026023393,0.00959276,-0.13637404,-0.06491683,-0.004873718,0.29863653,-0.02563729,-0.17279117,0.39759913,0.22456759,0.11866689,0.048535835,-0.18995523
0.7995297,-0.7791516,-0.18029238,-0.29366335,0.30439174,-0.27637553,0.07063032,-0.5318729,-0.13352829,0.06646427,0.21654022,0.17346346,0.0734499,-0.07400236,0.17545468,0.32635894,-0.03573305,0.1934272,-0.071427636,-0.10201384,0.06028133,-0.007910161
0.8474114,-0.03021764,0.017201638,0.12092431,0.8695763,-0.44402942,-0.55970746,-0.007874612,-0.16419685,0.03997787,0.2168741,-0.1048412,0.13722181,-0.17470452,0.039970383,0.13110818,0.09569339,-0.0966331,-0.10544577,-0.06282308,0.010620907,0.15451041
-0.607605,-0.22065158,-0.11867402,0.18643342,1.203144,-0.057621434,0.018477112,0.37715638,-0.3120411,-0.18050665,0.26494512,-0.54371506,-0.1097786,-0.041390005,0.21935998,0.37560883,-0.08957879,-0.4297994,-0.07565144,-0.4936654,0.028397981,-0.22114708
-0.61750454,0.4148533,-0.09177067,-0.040428665,0.4832536,0.14404716,-0.39827695,0.06971942,0.85828704,-0.1801304,0.26012966,-0.035432298,0.0023110828,0.28151223,-0.113158114,-0.05799535,0.25047868,0.093768276,-0.29691374,0.11490349,0.04369135,-0.12073473
0.94584423,0.2651956,0.31334758,-0.062624775,1.0112665,0.6168051,0.07134845,0.5637696,-0.14665261,-0.12787406,0.08067413,-0.20700075,0.018389758,-0.085626036,0.57021946,-0.20691012,0.67507184,-0.44588208,0.38657582,-0.038435042,-0.01451988,-0.19709754
0.8238619,0.46917146,0.25095275,0.017648779,0.19264369,0.047631968,-0.13347879,-0.51207745,0.022159003,-0.02241145,-0.046393864,-0.43156546,-0.12002246,0.15573412,-0.017720215,0.39126402,0.11893572,0.14564346,-0.15177591,0.12886544,-0.019883001,0.079059884
-0.6969783,0.29113662,-0.2596755,0.59461415,-0.17285575,0.4935796,-0.22073977,-0.27529907,-0.09872329,0.018220346,-0.06165863,-0.040220473,0.30872977,0.20935857,0.33390027,0.056122232,-0.08779402,0.36982766,-0.1336774,-0.30697343,-0.030819923,-0.035096224
-0.8960941,-0.52227473,0.91112113,-0.63057566,-0.59966403,-0.014915017,-0.046844788,0.024416562,-0.08591877,0.16468093,0.055336792,-0.011962974,-0.09035189,0.056295108,-0.07097349,0.03034913,-0.07613652,-0.3699642,-0.02847921,-0.26031345,0.021622993,-0.33892503
0.7819206,0.5177581,0.14538358,-0.100867346,0.39064002,0.09444234,-0.04348384,0.16544677,-0.02339364,0.2042815,0.026898833,0.5832084,0.17292264,-0.19758418,0.13775024,0.104760244,0.22422743,0.11724856,-0.03065858,0.111088574,-0.032013256,0.052570876
-0.78925294,-0.126677,1.3729308,0.05292691,0.28188714,0.30781442,0.36151114,0.3361388,-0.16310132,0.04008419,0.09563238,-0.5982842,-0.18962142,0.095605776,-0.17070279,0.10200025,-0.058318835,-0.02272224,-0.36358485,-0.23943335,-0.00053045334,-0.24673119
-0.69743097,-0.16455102,-0.42655027,0.42323375,0.55810213,-0.92537254,-0.094681375,0.39210778,0.61429226,-0.0035324267,0.026696635,0.36006173,-0.10350034,0.6008117,-0.21504425,-0.24812768,0.06388366,0.14150648,0.016128432,0.108821176,-0.18234047,0.023942497
-0.63444304,0.5329488,-0.25856397,0.13986403,-0.062832065,-0.49648336,0.19008683,0.418649,-0.085587144,0.4866328,-0.7183105,0.05900406,-0.31578907,0.6184139,-0.05337309,-0.1059551,0.18903217,-0.032962512,-0.10564307,0.12798592,0.67368406,0.0827128
-0.79901916,-0.30281547,1.4910641,0.07595685,0.63731456,0.5845577,0.5623547,0.12323607,-0.10979847,0.188228,0.08656016,-0.036515895,-0.04422724,-0.03785809,-0.059859473,0.26792097,0.031441227,-0.43748274,-0.114127435,0.18555328,-0.0073416657,-0.1543027
0.6786386,0.44544822,-0.15149541,0.59951335,-0.63681376,0.09857109,-0.0928635,0.25055915,-0.22043599,0.051805723,-0.0023725338,0.064541966,0.3447142,0.15423498,0.06713759,0.17339222,-0.45997313,-0.18591093,-0.09415561,0.033688623,-0.04756667,0.02868083
-0.7052476,0.5911743,-0.14915034,-0.177256,0.38212603,0.078271665,-0.30375984,0.100784205,-0.048424166,-0.042078357,-0.025953075,0.19594732,0.05149706,-0.0711163,-0.19042291,0.08133553,0.10924276,0.095377885,-0.17128132,-0.056358084,-0.014483537,-0.061074402
0.65471244,-0.50103277,-0.4736607,-0.3165949,-0.39080304,-0.7933053,0.120281965,0.07858103,-0.2744551,-0.24046771,0.24490534,0.11097428,0.087832004,-0.12882793,-0.07877229,0.082819276,-0.3397217,0.05366864,0.18696958,0.01778225,0.08861356,-0.16060525
0.5856845,0.4330287,0.15426247,0.15156537,-0.15468463,-0.10155438,0.31315425,-0.7401895,0.006562693,-0.43960458,-0.13632286,0.0089214565,-0.015772434,0.07213348,0.1664116,0.19368766,-0.104368955,-0.25450158,-0.23897211,0.12589286,-0.058824096,0.3045602
-0.44826955,0.5327945,-0.07143153,-0.05316139,0.27315673,0.096867934,-0.016716417,0.22448464,0.057881396,0.5819892,0.16654621,-0.10772823,0.07166722,-0.17961891,0.14206876,-0.39676118,0.56383866,0.058594164,-0.20236383,0.076176435,-0.009115221,0.014628504
-0.6782875,-0.14694193,-0.34359312,-0.59286547,-0.24789421,0.1811642,0.27953786,-0.26099724,0.03229317,0.079466596,0.06695868,0.16959956,-0.024424113,-0.03614745,0.04285605,-0.5847992,-0.06549123,0.016139997,-0.025660133,-0.382662,0.10244244,-0.6784764
-0.6641967,-0.070000894,-0.4078533,-0.7293966,-0.06654895,0.19964406,-0.22407845,-0.031413976,-0.04956425,-0.06103096,0.008876124,0.02958885,-0.0695566,0.06666137,0.15253519,-0.1852711,0.023626149,-0.10812806,0.13429457,-0.36188638,-0.03629575,0.0872979
-0.63955325,-0.26370978,-0.57257915,-0.1654879,-0.32177967,0.6725602,-0.5266851,0.11940608,-0.23043661,0.0528261,-0.020044275,0.12086154,0.33377314,0.2537124,-0.1085285,0.116375744,-0.015615835,-0.037337985,-0.07170859,0.0014050213,-0.00053102756,-0.14630732
0.892337,-0.7448676,-0.17089368,-0.43074325,0.609246,-0.17642398,-0.35966387,-0.27474865,-0.16067423,0.13005045,0.24682544,0.032639936,0.10166213,-0.06958979,0.020816125,0.1434992,0.029567892,0.16480696,-0.18308906,0.07737781,0.095384106,-0.18683378
-0.7063769,0.677549,-0.24863544,-0.019981623,-0.2696159,-0.26318133,0.16072206,0.20107764,-0.040185012,0.06217441,0.06356142,-0.046243295,0.003903541,-0.09777261,-0.1415731,-0.14195868,-0.075893916,0.10806139,0.05565068,0.11124604,-0.0026271334,0.036879763
-0.405236,-0.24179985,-0.11385139,-0.5989824,0.045089033,0.37928236,-0.026629344,-0.62712836,0.10793011,0.48189795,0.12862493,-0.76154435,-0.25501177,0.23217852,-0.4731363,-0.028210029,0.05892639,-0.25185004,0.19857356,0.16120185,0.014751767,-0.087364115
-0.71900266,0.20458168,-0.32816428,0.80433977,-0.36537203,0.08410323,0.24510133,-0.019149741,-0.18402304,0.4082098,-0.5000531,0.35076946,0.06975866,0.6985678,0.02785935,-0.01678081,0.10312697,0.09013287,-0.08201902,-0.28883457,-0.2968974,-0.13553067
0.91143507,-0.12959492,0.13653001,0.2531408,0.7679233,-0.4176615,-0.2342737,-0.4186469,-0.02780359,0.17405729,0.27399123,-0.36541533,0.07653544,-0.1726078,-0.13479437,-0.33498248,0.10964554,0.016936218,0.07348304,-0.39460966,0.015184229,0.053822033
-0.6062698,0.069773294,-0.35153908,0.20242947,0.40601677,-0.6522178,-0.30582443,0.029852547,-0.15483302,-0.029771203,0.26445323,-0.41717207,0.107111536,-0.19326715,-0.14021114,-0.25996163,0.08157793,0.098514855,-0.053957842,0.13038008,0.056638233,0.121443935
0.6864439,-0.27357528,0.00924441,-0.5172843,-0.16932742,0.23300937,0.3365259,-0.75539726,0.03754386,-0.15212423,-0.028135981,0.21081872,-0.030009992,0.08752895,-0.17778142,-0.13941014,-0.2713075,-0.3605043,0.04530799,0.024276748,0.012022539,-0.20341621
0.8759899,0.39735878,0.2522836,0.07004011,0.27861357,0.16605929,0.55017793,0.51659083,-0.1708168,0.024133163,0.14891517,-0.6621369,-0.2070111,0.10351912,0.032852005,0.032340966,-0.39499027,-0.15318045,-0.10176331,0.110711716,-0.015533737,-0.040475048
-0.6769755,-0.01880003,-0.44229835,-0.67647743,-0.34240592,0.07027413,-0.028775673,-0.007040527,-0.06410216,0.015568662,0.017213019,-0.013719117,-0.15825124,0.09607077,0.32828623,0.29375353,-0.050697964,0.10800416,0.66639274,-0.27886212,0.00018741978,-0.02855017
-0.6377534,-0.18094143,-0.1449063,0.19628581,1.0258601,-0.20258415,-0.21796235,-0.41457316,-0.078578666,0.072341144,0.1947023,0.21027154,0.2011104,-0.26316652,0.10092128,0.17982121,0.2646267,-0.25128713,0.086049385,0.16066317,0.0656632,-0.08414266
-0.46469778,-0.38439906,-0.13234505,-0.40371948,-0.011368683,0.54918647,0.96683526,-0.010783231,-0.10771889,0.2030481,0.1830516,-0.6577138,-0.24716584,0.17100573,-0.2670102,0.068865515,0.220983,-0.2345509,-0.202842,0.11677748,0.01157282,-0.08318812
-0.7396119,0.52932876,-0.13885796,0.06727613,-0.16108438,-0.12139897,0.25437713,-0.2891957,0.005189941,-0.010618192,-0.010704174,-0.13486385,-0.07224932,0.020105027,0.22329104,0.16330974,-0.17240971,-0.21600513,-0.11198382,0.16494921,-0.03508514,0.24401309
-0.775573,0.47921026,-0.06309218,0.12305721,-0.22066553,-0.115437955,0.63818765,-0.45655015,0.08952185,0.13293579,0.04285353,0.1136319,-0.06145746,-0.081201345,-0.22595982,0.022574676,-0.15670362,-0.2323178,0.25107282,-0.31548646,-0.025745714,-0.17790061
0.76757526,0.27938423,0.030002005,0.7124028,-0.48125303,0.31364316,0.12155328,-0.3643976,-0.087217316,0.09162134,-0.0034057721,-0.09233853,0.36241373,0.15498598,-0.45411724,-0.022367408,0.033636037,-0.05989778,0.050147463,0.0053546336,-0.05565989,0.041296743
0.7653145,0.6029535,0.059821036,5.8591497e-05,-0.13295701,-0.2233498,0.0031594469,0.10892867,-0.028174898,-0.0022819801,0.052336764,-0.14675723,0.024836138,-0.054204095,0.1623501,-0.33625814,-0.06602982,-0.1828949,-0.14581387,0.10474419,-0.037947133,0.111370176
-0.73064697,0.5020804,-0.0927451,0.06280658,-0.040079188,-0.023188405,0.3140957,-0.3720541,0.040211804,0.042217076,-0.014728381,0.054693043,-0.04557281,-0.025448058,0.11437604,0.1914659,0.1294063,0.18854728,-0.15823878,-0.27600923,-0.018538125,-0.048124027
-0.6978929,0.60852355,-0.17366856,-0.10888819,0.15860872,-0.02178915,-0.24215731,-0.00030135075,-0.0378567,-0.124834165,-0.037173554,-0.083046794,-0.021771213,-0.012046494,-0.012570853,0.022967182,0.20373115,0.12247002,-0.076717846,-0.24643214,-0.034442525,0.09861014
0.8478105,-0.2541793,0.05247622,-0.6520441,0.18418026,0.38904703,-0.14863421,-0.48544717,0.024034878,0.10877771,0.0014220552,-0.028921675,-0.11890343,0.15249188,0.27582094,0.21147366,-0.04339826,-0.302789,0.37412003,-0.06027254,-0.0066506006,-0.1103683
0.87716573,0.5550021,0.16896096,-0.033959188,0.06168219,-0.12910903,0.13713665,0.2979039,0.025291404,0.59462065,0.17957622,0.013952948,0.0018750363,-0.123966575,0.12462985,-0.23545761,-0.36023206,-0.36382714,-0.08979386,0.059764273,-0.06119104,0.16034661
0.75100535,0.5614617,0.14554869,-0.12879546,0.29602134,-0.013698241,-0.44173628,-0.10264278,-0.027767833,-0.20347473,-0.050696626,-0.23180097,-0.060818408,0.069149874,0.024971223,-0.06876756,-0.100036316,-0.11231984,0.047597677,-0.2576805,-0.050504323,0.06722999
-0.87605584,-0.40080142,0.8062272,-0.69389546,-0.71354526,-0.14676079,-0.123886056,0.47306314,-0.15148352,0.28426653,0.09849683,0.0763141,-0.06485776,0.0032330407,-0.017019395,0.053711005,-0.13662304,-0.17198385,-0.10484128,-0.25472602,0.012416158,-0.20140266
-0.90496826,-1.213301,0.46411753,0.1948183,-0.5790284,-0.19006567,-0.70899284,0.16266282,-0.447179,-0.10498697,0.17899975,-0.19536482,0.42058897,0.1526938,0.07236354,0.15082487,-0.2881802,-0.07901639,-0.25269014,0.093021385,0.068671554,-0.03082377
-0.6589162,-0.27277294,-0.36920846,-0.5161728,-0.12227839,0.20625575,0.19560333,-0.04003911,0.8634975,-0.031080738,0.3219545,0.4011236,0.0075074676,0.26602757,0.012160365,-0.26822543,-0.12719129,-0.079750106,-0.15192887,0.015830971,-0.030757334,0.45206326
0.76907533,-0.46534166,-0.06153709,0.9931932,0.43849716,0.17978275,0.29110315,0.14439547,-0.42795783,-0.33444324,0.21908289,-0.37108198,0.38445136,0.08210205,-0.09736059,-0.0072745387,-0.15287125,-0.09195049,-0.41839096,-0.37762454,0.004349428,-0.05845962
-0.63825595,-0.39866835,-0.6883741,1.3041091,-0.13442314,-0.3725115,-0.43331683,0.30222046,-0.36334443,0.096930474,-0.22262476,0.16372709,-0.53707516,0.13008994,0.23085535,-0.5525722,0.33572918,-0.18388672,0.15868314,0.14890008,-0.16906668,-0.09251511
-0.83962774,-0.7234591,1.0851344,0.5367406,0.27820656,-0.8264719,0.0880121,-0.41427448,-0.15027393,0.33465108,-0.27877194,-0.09621536,-0.19338807,0.40544075,0.20395495,-0.1724015,0.3266843,-0.16864802,0.060833085,-0.15063,-0.22194037,0.114690624
0.8357357,0.4058499,-0.028103147,0.48529604,-0.19318853,0.32673588,-0.2219928,0.41590223,-0.15546927,0.51397717,0.09283086,0.25428084,0.38301864,0.054581787,-0.2904168,0.15276963,-0.3100886,0.07831743,0.24085216,-0.16710007,-0.077380076,0.07356916
0.58524185,0.5161377,0.09975993,0.1812299,-0.44799274,-0.28334594,0.6625291,-0.45110896,0.018651588,-0.23428234,-0.020386005,0.21364662,0.06183181,-0.10269795,-0.3223356,-0.18167353,-0.109478116,-0.13568111,-0.07596518,0.042149637,0.016833633,-0.2468606
0.7573372,0.09977833,0.19978184,0.5417728,0.4166086,0.80722255,-0.24801528,-0.57807815,-0.048910324,0.09106155,-0.07864185,0.48067552,0.49069017,0.113563165,-0.5277831,0.11537085,-0.14800602,-0.07176209,0.051384024,0.22514266,-0.06018236,0.040658105
-0.63876724,-0.20848095,-0.4443134,-0.8280594,0.18848999,0.3077635,-0.51549935,0.069884755,0.31087175,-0.14540088,-0.71686,-0.18242043,0.085792,-0.38921192,-0.15094747,0.019271351,-0.0014890588,0.14553235,0.35996014,-0.48077825,-0.22984028,0.105284534
0.688699,-0.45812222,-0.5331272,-0.34964558,-0.38315475,-0.8052877,-0.020976273,0.29846108,-0.31164473,-0.27044016,0.24647173,0.12600388,0.14769442,-0.18143453,0.027256247,0.02553076,0.054701872,-0.061418034,0.18119904,0.0141057465,0.05098726,0.04732004
0.7137414,-0.03105142,-0.046086006,0.23447813,0.58019847,-0.53468746,0.015894204,-0.07225028,-0.17228635,-0.026047943,0.19179234,0.5679907,0.2938245,-0.35291424,-0.2005527,0.2939091,0.32558483,0.17820413,-0.081289,-0.093419716,0.0062620384,0.17538923
0.8910131,-0.2589357,-0.031630635,-0.73191017,0.46898347,0.41245076,-0.5371878,0.18197377,0.79144746,0.020560455,0.29004443,0.3417561,-0.010703469,0.37467697,-0.14201932,0.3259259,0.047565162,0.0474416,-0.06886849,0.17136179,0.0008194503,0.09606926
0.89839965,-0.15187281,-0.0498848,-0.51467615,-0.35117048,0.1328727,0.46320632,-0.2120014,0.030931933,0.44737506,0.12043486,0.21581562,-0.016818732,-0.025608243,0.041035607,0.05978428,0.15800388,0.46858555,0.24044889,0.0046342504,-0.009439844,0.13959244
0.894599,-0.11531651,0.12533426,0.24960724,0.739535,-0.43746924,-0.0834015,-0.2565489,-0.06303053,0.3586533,0.30559424,-0.09190367,0.119633995,-0.22324184,-0.20589472,0.02880659,0.04530646,-0.059928667,-0.060234353,-0.101351224,0.034133825,-0.06985547
-0.55473477,0.41494453,-0.012075589,-0.027228039,0.46844706,0.26259977,0.16131273,-0.03741997,0.08853475,0.5419507,0.10487041,0.38561305,0.10366239,-0.20190747,0.6138254,0.0031713487,0.32343435,0.09241031,0.079159826,0.15187687,0.0008965502,-0.08918809
-0.9809415,0.20113805,1.0603545,-0.07874596,-0.31367442,-0.26924658,-0.22222957,0.22453745,-0.093869165,-0.046289884,-0.017241117,0.05194925,0.00633566,-0.049584873,0.008016495,-0.086883955,-0.3213471,0.13342825,-0.122926936,-0.2028706,-0.063303635,0.35091794
-0.6836094,-0.716628,-0.51102686,-0.31065845,0.14393221,-0.36663744,-0.13316159,-0.64464563,-0.1266378,-0.23980087,0.19092797,-0.4137679,-0.06935425,0.07520038,0.37299395,-0.03204749,-0.54155236,0.20511961,0.22817951,0.15387292,0.10777472,-0.020014763
-0.8850634,-0.7607034,0.6494367,0.037258133,-0.8924625,0.5642179,0.22852968,0.9053727,-0.48919278,-0.23455545,0.059247106,-0.19048375,0.2654622,0.25566778,-0.09642256,0.06349386,-0.15908271,0.20957413,0.03302774,0.050279334,-0.0037014016,0.030819118
-0.63402003,0.015045559,-0.4950666,-0.7080631,-0.3025194,0.06674227,-0.14123893,0.24252221,-0.09676948,0.003459503,0.043489285,0.041232113,-0.024706215,-0.00428049,0.14688061,-0.13576959,0.3841949,-0.06573596,0.10520155,-0.27432474,-0.020803833,0.05712131
0.7114506,0.32309237,-0.038395762,0.6351422,-0.36691806,0.3450584,-0.22349773,-0.30147508,-0.16537018,-0.19526653,-0.10845124,-0.083886206,0.34535673,0.24031638,-0.0517455,0.2968358,0.06246077,0.1476535,-0.056232706,0.034394648,-0.044406325,0.09001741
0.80378187,0.5549655,0.19136348,-0.048952136,0.11526757,-0.0745008,0.02669199,-0.044255182,0.033724092,0.28032708,0.059834853,-0.031099502,-0.096834294,-0.0063920687,0.042429022,0.13445508,-0.30305398,0.27506658,0.2939676,-0.40611133,-0.049716394,0.04657266
0.6303882,0.60867715,-0.01119418,0.04848533,-0.26445034,-0.25180587,0.10441363,-0.0602465,-0.06433765,-0.36348867,-0.056172166,0.10439771,0.0638439,-0.050561007,0.42468855,-0.03776538,0.1440483,0.11060402,-0.040016927,0.054965578,-0.01668901,-0.014396527
0.60957897,0.72164977,-0.075067416,-0.026546758,-0.39775833,-0.4022042,0.060841825,0.2925084,-0.136571,-0.27145132,-0.029038737,0.15312591,0.029626938,-0.07417409,0.06579865,0.22222815,-0.041484807,-0.16196732,0.18253338,0.054393616,-0.01112362,-0.06477353
0.6255463,-0.8675796,1.4030596,-0.4937975,0.082038656,0.58501196,0.38178346,-0.1139833,-0.20435305,-0.33525848,-0.013772125,-0.2798482,-0.12953676,0.21198973,-0.1752398,0.24392414,0.109893605,0.269524,-0.011251339,0.049307697,-0.01839909,0.15096512
-1.0161458,0.02580246,1.2069768,0.075679936,-0.29218122,-0.1164913,0.22891615,-0.33470187,0.019806515,0.020503988,-0.028709242,0.21622334,-0.009495855,-0.06336137,0.23287745,0.019064026,-0.209579,0.20307347,-0.059536457,-0.37012732,0.02016739,-0.30325922
0.8554848,0.6769106,0.061326046,-0.013651799,-0.22410062,-0.26810345,0.07662039,0.30693007,-0.059393477,0.29900992,0.09484588,-0.1390201,-0.012586133,-0.06602803,-0.15176691,0.20739642,0.23291855,0.22658369,-0.051853932,0.08158435,-0.019214945,0.08923197
-0.93833977,-1.0424751,0.65735406,-0.4146879,-0.14514548,-0.5870087,-0.4441317,0.05931896,-0.28742564,-0.11621134,0.19811003,-0.07894147,0.051671464,-0.038901873,0.21202119,-0.025592335,-0.47354677,-0.17920288,-0.53252816,-0.17621794,0.00854465,0.41140974
0.8295423,0.45959473,0.2363356,0.0020278424,0.27862614,0.09060435,0.17762138,-0.15116896,0.049111538,0.38203377,0.058296658,0.28483012,0.039824195,-0.085335605,0.2554698,0.21383262,-0.04142193,0.43101096,-0.1077227,0.07540666,-5.556679e-05,-0.06941729
0.7491739,0.43965167,0.10352213,-0.008235657,0.46777636,-0.22931817,-0.25427523,0.17027803,-0.12435418,0.1545199,-0.5305424,0.3358592,-0.25097513,0.56445444,-0.014780771,0.00766193,0.07953326,-0.084114835,0.14398609,-0.011931701,-0.2855546,-0.068887345
0.9108646,-0.34421209,-0.22507614,0.08430414,-0.72950256,0.53919315,0.0052690473,-0.23314413,-0.14946914,0.3410509,0.042760875,-0.16507226,0.2541788,0.30937988,0.08458095,0.3193217,0.18316956,0.23255359,0.006851516,0.03222018,-0.023833698,0.08024906
-0.7070141,0.5865831,-0.16724981,-0.09980678,0.16450636,-0.024217034,-0.21841018,0.0060096052,-0.03659477,-0.10830003,-0.02986224,-0.08327591,-0.009965394,-0.021506157,0.064336725,-0.15648055,0.054205775,-0.11612674,-0.33990932,-0.20679457,-0.026229525,0.08463511
0.61318153,0.6002274,0.030670768,0.056857936,-0.27050737,-0.24432287,0.17106493,-0.2371942,-0.05348735,-0.33568227,-0.084465355,0.081987835,-0.019238252,0.027689721,0.2940545,0.2817824,-0.19869219,0.48128083,0.088975556,0.07761165,0.0036629776,0.02639691
-0.71388906,-0.70352864,0.98340625,-0.65501744,0.15704478,0.05343642,-0.57473856,0.17563102,-0.13326047,0.5135042,-0.4424188,-0.0076081334,-0.35952348,0.7069683,0.01624847,-0.22418249,0.037700813,-0.077426985,0.17966235,0.09468235,-0.24227224,-0.063757904
0.85091877,0.47581273,0.25462228,0.062256254,0.020036558,-0.050671495,0.38193282,-0.072925955,0.035832833,0.6397481,0.11890044,0.06396368,-0.07695263,-0.039586697,0.22224459,0.5610845,-0.10018216,-0.25536427,-0.19678992,0.030706074,-0.02355692,-0.111833036
0.32783467,0.11734825,1.3202552,0.1702172,-0.7839028,-0.43286437,0.38704526,-0.23457961,-0.09667872,-0.28164828,-0.091208875,0.26982647,0.048328485,-0.0519453,0.08346154,0.3784208,-0.09962721,-0.066716716,-0.01770532,0.090820834,-0.04082352,0.20837943
0.4169849,-0.48902407,1.034309,-0.7626781,-0.3215647,0.018213635,-0.67767715,0.13206586,-0.21791567,-0.55541456,-0.13587593,0.25284383,0.07625009,0.086916216,0.2571176,-0.09394511,-0.13396615,-0.3166829,-0.1193064,0.1032918,-0.036055412,0.2659864
-0.6447196,0.0007079565,-0.46820453,-0.697421,-0.3034099,0.07048545,-0.08308096,0.13669243,-0.07952241,0.015828412,0.040499046,0.03073188,-0.051291917,0.022207519,0.020758502,-0.11667634,0.1807621,0.060061857,0.12947887,-0.2646623,-0.013816353,0.06739908
-0.67140603,0.44678512,-0.37006223,0.47260094,-0.24311028,0.3450976,-0.54602,0.13493697,-0.19245486,-0.09100215,-0.041653004,-0.22636205,0.3445971,0.1983589,-0.34005898,-0.059855998,-0.07091554,0.22451788,-0.021715295,0.075084336,-0.03797353,0.122840196
-0.6486196,-0.019307107,-0.4554664,-0.69454294,-0.24216281,0.1165257,0.1140027,0.25091875,-0.08468988,0.24555555,0.075327404,0.43328613,0.031071248,-0.07015468,0.0059564537,0.08993123,0.11876807,0.17525785,-0.07402194,-0.07343492,-0.0072905915,0.055627726
-0.72147554,0.31276384,-0.24355704,0.5289009,-0.0955806,0.4860417,-0.105777904,-0.08965823,-0.110749304,0.19370073,-0.007496237,0.31336108,0.39309773,0.09364163,-0.45865828,0.066128775,-0.31266093,0.11431829,-0.06437227,-0.13697311,-0.051377404,-0.029361645
-1.0169104,-0.39055905,1.323846,0.32289803,0.40506804,0.11351665,0.96108156,0.11249203,-0.19611606,-0.044821918,-0.83043635,0.52278364,-0.2586108,0.606725,-0.39120933,0.1039643,0.09731346,-0.44360477,-0.045456562,-0.007057217,0.6095311,0.24738356
0.8088818,0.33661705,0.23974386,0.030260157,0.43806112,0.094886854,-0.11537274,-0.002241185,0.8739532,0.06693317,0.28805086,0.21657658,-0.008488536,0.27915514,-0.08761474,0.31037328,-0.13192606,-0.35269517,-0.15083109,0.15618923,-0.07640768,0.46270075
-0.72974813,0.5876424,-0.19070494,-0.09562587,0.1125815,-0.06647715,-0.06236632,0.18599102,-0.03254478,0.035399232,0.033013623,0.14626792,0.03920091,-0.113779046,0.213531,-0.17385823,-0.16215001,-0.4295278,0.0135154,0.07435304,-0.021789905,-0.014512218
0.8352984,0.5813604,0.15367612,-0.1078587,0.22668345,-0.034940477,-0.46347,-0.055780653,-0.04307885,-0.06806225,-0.017658517,-0.4756419,-0.09440655,0.11238617,0.0010451939,0.16010718,0.07517942,-0.07622298,0.013818325,0.12955144,-0.008270921,-0.031598132
0.7980822,-0.98518294,-0.5636111,0.57173043,-0.39272708,0.15423577,-0.37253246,-0.07086399,-0.33755076,0.00063422887,0.23565514,0.44520906,-0.32726997,-0.29369268,0.25428814,0.40815303,0.018737158,0.4923452,0.05645529,-0.03652204,0.080529384,0.027608372
-0.45037663,0.21417116,-0.005299991,0.23324122,0.52109873,0.392965,-0.4261983,0.2716276,0.9688818,0.51301306,0.48269132,0.04416218,-0.9395813,-0.105515674,0.12232683,0.030120032,-0.114942506,-0.4415842,0.20594643,-0.06847131,0.055789284,-0.3065742
0.62450767,0.71303487,-0.06437327,-0.070259556,-0.25259814,-0.32472837,-0.16800275,0.22836879,-0.14095229,-0.4177898,-0.072320804,0.043008514,0.021158619,-0.037765417,0.08461605,0.2277146,0.1142631,-0.15107663,0.38078478,0.06317857,-0.008047726,-0.049508132
0.67769253,0.5548999,0.092608504,0.076032534,-0.22062948,-0.20372339,0.23382042,-0.25292772,-0.010340805,-0.17670263,-0.019422183,-0.013745454,0.0080789,-0.023311287,-0.0009956694,0.0075136274,0.016719323,0.016274806,0.0051429737,0.057962313,-0.015560421,-0.055512283
-0.70123684,0.28981707,-0.46294922,0.8898235,-0.7236976,0.34958678,-0.23306218,0.26064047,-0.15208845,0.113716796,0.080182694,0.08366396,-0.50094956,-0.23825693,0.29896548,-0.07798913,-0.4244817,-0.39146435,0.3190013,0.13403304,-0.0065102247,0.094848305
-0.7039482,0.60748875,-0.19427267,-9.231806e-05,-0.15879941,-0.15180275,0.084175624,-0.060508937,-0.019273182,-0.086741045,0.0029608996,-0.1463978,-0.017814022,-0.059259333,-0.06493868,-0.0045227497,0.20941377,-0.13396129,0.3410096,0.11819009,-0.007802265,0.06155569
0.9019148,-0.42325562,0.08887118,-0.6103906,0.64462024,0.7835654,0.47951734,0.32072124,-0.17076318,-0.03961722,0.10593427,0.21632276,0.042608287,-0.008943819,-0.029399542,-0.19580457,0.10971031,-0.1880902,-0.111034974,0.28508753,-0.039992616,0.18284711
-0.5744329,0.47694868,-0.010616367,-0.061661296,0.36493298,0.1485514,-0.061484862,-0.17166156,0.046618983,0.30984965,0.053095844,-0.12592918,-0.021279875,-0.03291705,-0.15339167,0.009816399,0.12505057,-0.15111066,-0.2604797,0.10081568,-0.020816633,0.052488636
-0.7002434,0.33419985,-0.27182952,0.5233894,-0.12758885,0.46992442,-0.5129472,-0.27698264,-0.15437526,-0.1969362,-0.103173085,-0.3206509,0.28743064,0.2866762,-0.28432903,0.16311438,-0.050733298,-0.07507355,-0.018189786,0.09003932,-0.04187771,0.08108796
0.9331883,-0.21700394,0.040068135,-0.73957616,0.3336276,0.40268523,-0.36116937,-0.16878256,0.012099919,0.31439126,0.07137529,-0.08813252,-0.09403878,0.12536623,0.30367953,-0.06282189,-0.29860473,-0.32492256,0.25534996,0.15170863,-0.019334404,0.09652925
0.9679946,-0.7089721,-0.1734097,-0.4290187,0.52730227,-0.23949277,-0.43127325,-0.1793603,-0.16116282,0.25591946,0.29022822,-0.2799841,0.033536613,-0.018318849,0.019583046,0.11827318,0.06693836,0.10175089,-0.2507364,0.046454255,0.06619762,-0.019583227
0.81501895,0.58304155,0.12788725,0.07352021,-0.26585075,-0.23984155,0.31332856,0.0094842445,0.017601373,0.32058752,0.10692102,-0.16114174,-0.070309974,-0.038453415,0.23287503,0.083479546,-0.15764058,0.16805087,0.17351408,0.07713412,0.028223637,-0.22985192
0.87310916,-0.26794642,0.037129525,-0.5044769,-0.1395618,0.28602868,0.590361,-0.3267681,0.05736332,0.5362582,0.11486159,0.53918946,0.061754063,-0.114749365,-0.036144532,0.051944844,0.27426085,-0.22815682,0.10381152,-0.040232565,-0.026039222,0.08441059
-0.92041045,-0.8063033,1.131741,0.6010641,0.32860222,-0.736968,0.34729218,-0.7512737,-0.10963509,0.22581561,-0.31777504,0.21686861,-0.11693789,0.37414214,0.02375985,-0.12506506,0.20070045,0.17577992,-0.059339844,0.11693788,-0.18730551,-0.06162205
-0.6326402,-0.18458277,-0.4788146,-0.7661865,-0.009777571,0.20976283,-0.2787689,0.1437846,0.28782365,-0.015532675,-0.67372495,-0.11954377,0.13697284,-0.41500896,-0.29480097,0.089824565,-0.14380921,0.27225804,-0.0113349445,0.068597026,-0.20355134,0.17665444
-0.9212986,-0.41844407,0.76913166,-0.5834105,-0.9199952,-0.18530099,0.06909452,0.20650671,-0.15004133,0.068816334,0.03788352,0.07066542,-0.046026282,0.037346132,0.23070584,0.20722955,-0.043254495,0.30076924,-0.0123897195,0.1233599,0.0547347,-0.14497055
0.74199766,-0.2733801,0.06721815,0.59845877,0.24880704,-0.45888707,1.1764691,-0.005764283,-0.2385223,-0.2602501,0.32977566,-0.33699775,0.053535573,-0.21449587,0.09986621,-0.16321188,-0.012525027,-0.31829154,0.017792122,0.01717092,0.03835131,-0.048752896
-0.72813064,0.5142561,-0.10879615,0.04427153,-0.037385743,-0.041507117,0.26228356,-0.29442993,0.032715354,0.030198583,-0.009058312,0.037891526,-0.036843605,-0.043134276,0.12727237,0.05401775,0.057777904,0.03976676,-0.11438693,-0.25305974,-0.023143161,0.025510019
-0.43237093,0.2755332,0.037443493,-0.13835464,0.702808,0.31207857,-0.3365018,-0.03737165,0.48528492,0.6006899,-0.56187624,-0.60079116,0.039977513,-0.46031508,0.12251279,0.03818575,-0.18635516,-0.11332793,0.22793242,0.007959428,-0.19237012,-0.110910274
-0.6974284,0.6674325,-0.21082604,-0.12768823,0.059167113,-0.114538796,-0.30393946,0.057672653,-0.06425102,-0.17834128,-0.025376681,-0.25366342,-0.039929077,0.032888364,-0.32303664,0.006290648,-0.047202673,0.23547047,-0.041565966,0.1375421,-0.01906819,0.15601356
0.59171224,0.73703617,-0.07074859,-0.0513291,-0.39500156,-0.4238334,0.03448864,0.30247784,-0.13455234,-0.28121805,-0.021517027,0.12657754,-0.00018795708,-0.058606874,-0.07495789,0.22961414,-0.22478573,-0.18972479,0.35708475,0.03697024,0.00049909996,-0.19829185
-0.91121495,0.11492304,1.1675615,-0.1710065,0.15669873,-0.0037033188,-0.62502736,0.1067227,-0.08545359,-0.07560496,-0.044581335,-0.08976172,0.012391425,0.0067056958,0.0194976,0.009775795,-0.105923206,-0.16089885,-0.1466744,0.122791946,0.011397748,-0.13188411
0.7716749,0.42062443,0.14546861,0.09516817,0.16719024,0.12160334,0.56422305,0.504759,-0.22922476,-0.34773165,0.04809116,-0.40711427,-0.094171025,0.049614787,0.1987787,-0.02632682,-0.11492449,-0.08124874,-0.2681275,0.13063501,-0.03502636,0.24129105
0.90319103,0.41255713,0.26946384,-0.01649159,0.5090083,0.27342623,0.4419772,0.63972795,-0.15694554,0.07904981,0.15178913,-0.38077623,-0.13326839,0.0029302703,-0.30233526,-0.08990302,-0.052906394,0.20079239,-0.02126414,-0.42935878,-0.0520747,-0.023597827
-0.65982014,-0.07063243,-0.21927904,0.22701256,0.64975286,-0.4436649,-0.12402518,-0.26138097,-0.09895718,0.109360814,0.21722934,-0.034100987,0.05268925,-0.19883469,0.221722,0.3404416,0.23531756,-0.19464327,0.18519618,-0.5134188,0.0039442023,0.017369065
0.9926591,-1.3135576,-0.42609644,0.6168842,-0.049434453,-0.07809126,0.69396794,0.6513325,-0.11026561,0.48176697,-1.0763427,-0.54537475,0.15874931,0.3362096,-0.37827116,0.044737484,-0.10544684,0.20633763,0.20906141,-0.035498515,0.5464699,-0.031326048
0.82786745,0.6666267,0.067539476,-0.021147927,-0.23587951,-0.29800144,0.086634055,0.3003608,-0.030090665,0.27581975,0.12230526,-0.18873739,-0.03673989,-0.07439115,-0.10738046,-0.058632214,-0.09254265,-0.031109694,0.2833407,0.0717709,-0.010014609,-0.06261312
0.58445024,0.087389834,1.4336231,-0.107616,0.1611986,-0.06614953,-0.4316217,0.33088136,-0.04260212,0.20162052,-0.28423023,0.23718782,0.1109535,-0.029900083,-0.017684327,-0.07560793,0.057195287,-0.12186311,-0.099940106,0.053108644,0.93742126,-0.051245965
0.67604,-0.26285964,-0.17601605,0.44330528,0.35363525,-1.0110811,0.13856344,0.02251339,0.15032141,0.0554189,-0.9714278,0.012169542,-0.0014693515,-0.08496495,0.058296625,-0.12901442,-0.35999322,0.1892941,-0.035021834,-0.26320103,-0.39556977,-0.1494095
-0.71738386,0.50932413,-0.103037335,-0.023174975,0.14825386,0.039459642,-0.17054763,-0.4149286,0.0032342856,-0.29643485,-0.07501714,-0.32619953,-0.05486223,0.06572236,0.0076353406,-0.0011511504,0.19345485,-0.21453036,-0.0056829415,0.14439161,0.01999723,-0.15679644
0.6417368,0.48563227,-0.2075808,0.5958354,-0.6889621,0.08028887,-0.10323381,0.2375371,-0.24534048,-0.15383644,-0.051992398,0.1996289,0.41003838,0.11922064,-0.11849843,0.20220481,-0.1539715,0.21459962,0.019029124,-0.0037644415,-0.046450377,0.07832722
-0.6223006,0.1523709,-0.2050634,0.63591033,0.15077853,0.80215526,0.51848793,0.68321013,-0.29494545,0.14763008,0.10554382,0.12520404,0.33750632,0.07021129,0.22315519,0.14825736,-0.13867086,0.13737231,0.08036322,0.008554021,-0.034509964,-0.052221056
0.8547866,-0.6740598,-0.20114604,0.32642156,-0.15110783,1.2071273,-0.10073896,0.11129004,-0.33476457,-0.4292216,-0.0077657574,-0.24664703,-0.6834339,0.12320932,0.2816884,0.29218903,-0.10162903,0.4598424,-0.053770367,-0.29105762,0.0064418814,0.016060421
-0.5110345,0.35165307,0.11667666,0.0038267146,0.52362144,0.31481364,0.16392066,-0.4419321,0.15606652,0.56161433,0.103539966,-0.035318613,-0.023401856,-0.0658768,0.06877725,-0.061426427,0.053148594,0.111634925,0.03235194,0.13241433,0.017054409,-0.15757519
0.7984591,-0.2701424,-0.11660155,-0.4391408,-0.06365164,-0.12964241,0.25323159,-0.03563029,-0.08151014,0.37451872,-0.76069844,0.4262711,-0.2814892,0.718317,-0.3287946,-0.14099695,0.17747149,-0.16104254,-0.2278711,0.01742683,0.6860463,-0.09031825
-0.7002725,0.46927118,-0.13209915,-0.05201869,0.44418213,0.2714046,0.3966092,0.6975141,-0.25297615,-0.32628396,0.03797787,-0.08662777,-0.044145428,-0.027551457,-0.16576868,0.19146076,0.06744059,0.087951854,-0.13663249,0.027528206,-0.02620403,0.03642828
-0.7405492,-0.5420011,1.1027515,0.093891904,0.85440296,-0.34804174,-0.6887715,0.17071255,-0.1414881,0.36936247,0.29132253,0.024171893,0.2233183,-0.29260185,0.21727072,-0.16053368,0.042664316,-0.21339492,-0.032658257,0.20973648,0.036219448,0.10592475
0.91495955,0.46545196,0.26383466,-0.04607348,0.3943169,0.13785344,0.077588096,-0.0016975435,0.042990558,0.5424751,0.101549,0.25014743,0.080160074,-0.13939671,-0.1516122,0.21842661,0.2395541,0.074117005,0.013188041,0.23590483,-0.04495238,0.16480224
-0.6803748,0.25633755,-0.39845484,0.9390149,-0.70762354,0.40940794,-0.038750377,0.004609352,-0.10888154,0.1274345,0.08130192,0.15707888,-0.4383176,-0.2680883,-0.46059313,-0.16946551,-0.13107982,0.09753113,-0.038576428,0.08121107,0.008486765,-0.019435389
-0.6758996,-0.04207871,-0.428503,-0.61830324,-0.44434977,0.025695309,0.10400481,-0.12214513,-0.064154096,-0.021917177,0.035377987,-0.1242155,-0.095279865,0.088410385,-0.23450811,0.01770725,-0.033220977,-0.24896626,0.12797187,0.123640254,-0.003537417,0.07065166
0.76353574,-0.17440832,-0.022123184,-0.58711576,-0.1989605,0.15684828,0.0966966,-0.5103728,0.0065962933,0.0044311006,-0.0025464525,-0.08933952,-0.16517511,0.18961838,-0.0033499596,0.10886543,-0.38104227,0.025703382,0.05998283,-0.27503255,-0.021528564,-0.0006136962
0.64864784,0.016673919,1.5457889,0.0320963,-0.08622024,-0.06480869,-0.2730506,-0.34346193,0.018837757,0.066209115,0.006414365,-0.48224792,-0.037971202,0.06595245,-0.13699819,-0.18002917,0.08685065,0.12472845,-0.04899899,0.15389004,0.013408282,-0.06755096
-0.6940527,0.3880619,-0.34468168,0.5940959,-0.45389378,0.30850932,-0.162841,0.012495215,-0.1665866,0.02060639,-0.023906153,-0.111029215,0.34091222,0.14071432,-0.10317055,0.15652075,0.16355534,-0.2172123,0.18420936,0.05103617,-0.019933727,-0.07678941
-0.5814411,0.11942385,-0.3639222,0.84731174,-0.10150255,0.6600387,-0.71777457,0.36188835,0.7284305,-0.039076507,0.32259527,0.20429239,-0.44599852,0.05349857,-0.13176003,-0.05123465,0.09786313,0.009810006,0.11813686,0.08651032,0.03322586,-0.0043597943
-0.64833695,-0.044708,-0.23701759,0.114407405,0.88372046,-0.3983622,-0.47080052,-0.1315456,-0.1286417,0.008070897,0.21710204,-0.11562678,0.1039498,-0.16789551,-0.02282421,-0.04373042,-0.24106382,-0.1285155,-0.115443125,-0.020047856,0.027211983,0.12346705
-0.6378052,0.29420584,-0.082601644,-0.096509196,0.5460956,0.24536525,-0.054406565,-0.016881803,0.42795652,0.24733683,-0.6430448,0.09271116,0.2381294,-0.61182135,0.12714429,-0.022029681,-0.037114725,0.06101355,-0.15825024,-0.015890429,-0.15403824,-0.41242447
0.88570064,-1.2190964,-0.4648765,0.75937355,-0.30295056,0.24646126,-0.50042045,-0.39047158,0.5987587,-0.32181287,0.48190635,-0.07300278,-0.407643,0.12159321,0.2460625,0.02601816,0.25318766,0.18280296,-0.1943883,0.123249754,0.12783061,0.054608453
-0.72980195,0.64481366,-0.20610094,-0.101329885,0.02208078,-0.11866186,-0.118626416,0.19671693,-0.08486119,0.031072233,-0.009947883,0.024418285,-0.0453363,-0.015395539,0.09644876,0.3422418,0.087740295,-0.1699771,-0.41598994,-0.25303802,-0.039054446,-0.0005005891
-0.69807655,-1.1104094,0.8437596,0.05051603,-0.497973,0.68177235,-0.59093136,0.037849575,1.0856389,0.26539364,-0.38080105,-0.524951,0.32147735,0.1985635,-0.05965167,0.37190774,-0.08037618,0.046838246,-0.08643591,-0.24928595,-0.17271031,-0.15575856
0.62969923,0.02634302,1.5246365,-0.04865594,0.09735957,-0.0034531355,-0.10234581,0.15354802,-0.0054237633,0.5199342,0.08282375,0.32672048,0.07363137,-0.13220258,0.2832569,0.120117135,-0.15013511,0.14473943,-0.035579484,0.0039193113,-0.014034081,-0.046002906
0.68065524,-0.18633749,-0.29394665,-0.5151583,-0.70808977,-0.14294139,0.4157637,-0.03220334,0.28482106,-0.17092799,-0.6674868,0.023475673,0.19733411,-0.48291874,-0.3320838,-0.108760156,-0.18889949,0.05621809,-0.19903253,0.0672197,-0.18788055,0.05137041
0.79095167,-0.24999754,0.038955413,-0.6657098,0.23307852,0.39963636,-0.09098685,-0.54696006,0.016266117,-0.021460531,-0.020838208,0.2000545,-0.009393762,0.10731155,-0.253909,-0.09385952,-0.23943551,0.08388622,-0.1648209,0.101163514,0.018245295,-0.12967268
0.8091914,-0.16663387,-0.049742177,0.4748646,0.42336985,-0.9542226,0.33418885,0.092959575,-0.15219897,0.57080567,-0.13476658,0.269139,-0.11112901,0.29509082,0.25572455,-0.5007127,-0.34731674,0.018118622,-0.11317991,0.06405665,-0.23153044,0.016126826
-0.7103165,0.6232876,-0.20060758,-0.05696636,-0.03664212,-0.12762877,0.16949305,0.19585328,-0.0178477,0.16041665,0.06314414,0.26413435,0.058895636,-0.16213247,-0.08456338,-0.11601438,-0.13011241,0.16181505,0.09589106,0.046417493,-0.0066192285,0.021010743
-0.6682771,-0.028183484,-0.44043916,-0.5649632,-0.58235955,-0.024373658,0.3456771,-0.05830211,-0.07153302,0.13257793,0.068511605,0.03116555,-0.051258292,0.034695912,-0.33562604,0.105436936,0.12968169,-0.036268182,-0.29870608,0.09967234,0.01625099,-0.054421637
-0.70474225,0.28143394,-0.26722506,0.71230024,-0.47207275,0.3817269,0.13073114,-0.36956444,-0.09814979,0.094776854,-0.035533346,-0.06932742,0.31523526,0.19233488,0.1986143,0.21792744,-0.027674994,0.1685571,-0.16131154,0.06933624,-0.017513698,0.0030801944
-0.66942513,-0.719671,-0.66574436,-0.2170082,0.09511305,-0.7726629,0.20804274,0.2145184,-0.27207178,0.35589674,-0.17824465,0.41996664,-0.13413562,0.37257025,0.0396082,-0.3571982,-0.11645547,-0.044741232,-0.13052848,0.087452665,-0.17077906,-0.14122535
0.8929387,0.3362906,0.3283276,0.315004,-0.2812299,-0.07550515,0.9272626,-0.7318949,0.21106674,0.5211704,0.15029997,-0.21425761,-0.021780565,-0.098114245,0.007131124,-0.4764782,-0.015444161,-0.009857583,0.044478726,0.11753783,-0.067911305,0.4296421
0.7851353,-0.4539548,-0.33531702,0.21180674,-0.52926904,0.794315,-0.50311023,-0.13485128,-0.18193507,-0.14218067,-0.0031002767,0.38702807,-0.41387066,-0.12611715,-0.5415406,-0.12237907,-0.013529656,0.033734597,0.048170652,-0.00071251165,0.0029813221,-0.00301272
0.62705696,0.7021141,-0.07496024,-0.0062516597,-0.37570482,-0.38170263,0.10373451,0.30272645,-0.1282186,-0.24781086,-0.012774957,0.19756415,0.09956244,-0.1161768,0.029224535,-0.079005465,0.062102128,-0.13180019,-0.33028713,0.06886055,-0.014723137,-0.02833667
0.8850217,-0.13547476,-0.027429232,-0.8507757,0.44733143,0.42148674,-0.5610331,0.041916214,-0.05988843,0.14646707,0.017902147,0.21941516,-0.012727433,0.06477903,-0.07061661,0.2223741,-0.017779358,-0.06957047,0.50015634,0.13997477,-0.014547754,0.02140659
0.761154,-0.11212357,-0.17881057,-0.66767377,-0.10971008,0.14778028,0.014072602,0.10937272,-0.054544076,-0.009812953,0.052423805,0.5020013,0.14979108,-0.106514536,0.21670504,-0.58780605,-0.057154585,-0.17474763,-0.06698823,0.08775282,-0.0403393,0.2195688
-0.7242682,0.60125244,-0.18056525,-0.13448821,0.18612877,-0.040659014,-0.46985006,-0.06620382,-0.06881136,-0.291278,-0.075649425,-0.3865294,-0.09978831,0.114749186,0.18030089,0.1019523,-0.20194201,-0.3553291,-0.00546052,0.20174229,-0.03647255,0.25392523
0.70775133,-0.058040544,-0.15711406,-0.63274926,-0.36861223,-0.002934146,0.0826642,-0.11477901,-0.063944615,-0.07020676,0.016268129,0.12119368,-0.07995327,0.09510647,-0.037278406,-0.08871663,-0.40625942,0.08102819,-0.07149119,-0.29696673,-0.003944153,-0.10714446
-0.9700474,0.14172979,1.1110742,-0.110455155,-0.06061254,-0.0986952,-0.3622692,0.09930932,-0.08660985,-0.14255227,-0.050121456,0.135373,0.06856813,-0.06563713,-0.025030978,-0.030169936,-0.067574255,0.13985297,-0.02077452,0.0899864,0.019998936,-0.11541768
-0.6694614,0.11500903,-0.30319306,1.0020529,-0.512957,0.6116228,-0.17858662,-0.5157846,-0.06649347,-0.13401891,-0.032621384,-0.093072824,-0.4860609,-0.14853692,-0.09370529,-0.023143074,0.3331295,-0.16806564,-0.055614438,-0.031718187,-0.040750526,0.26770088
-0.6515964,-0.5502609,-0.6457255,-0.4035766,0.0037281953,-0.5170993,-0.14038555,0.09632164,-0.2317838,0.002090341,0.2614429,-0.031186711,0.04864696,-0.12802434,0.06660884,0.13323602,0.15471482,-0.006234599,0.075231284,-0.29747784,0.05459537,-0.0007424817
0.8759369,-0.17520078,-0.0077315066,-0.69473284,0.14183569,0.3233396,-0.11530771,-0.14680831,-0.03126017,0.26109374,0.046605334,0.19074623,-0.010092164,0.052077115,-0.16541088,0.17245162,0.08927449,-0.15255152,-0.115296796,0.09438221,-0.019093663,0.0357849
-0.86194044,-1.0795035,0.5885035,-0.22174697,-0.557619,-0.8161627,-0.10286477,0.5092777,0.5795366,0.03703696,0.6083443,-0.06899631,0.029025832,0.15190738,0.25792852,0.12875873,-0.20758657,-0.2501912,0.07052638,0.14431016,0.10659168,-0.0063876803
-0.674565,-0.7101482,-0.5046633,-0.45275193,0.51426524,-0.22234643,-0.35935515,-0.33802667,-0.17486538,-0.110494785,0.18656379,0.024779292,0.04434319,-0.023815058,0.13436446,0.08541675,-0.38887525,0.01473472,-0.12097321,-0.010834084,0.034581374,0.25974727
-0.66592926,0.36655053,-0.5102945,0.84726954,-0.74563146,0.3162259,-0.3667551,0.44354355,-0.2006503,0.084371686,0.07300002,0.050923917,-0.4655755,-0.25777784,-0.00843399,-0.03572454,0.040102992,-0.1563199,-0.018621618,-0.05227892,-0.0050131716,0.032655902
-0.75870305,0.43702948,-0.019271698,0.11618705,-0.07442513,-0.0035381683,0.4987204,-0.6667065,0.07455766,0.015313871,-0.035146456,0.038780153,-0.07043036,-0.011087128,-0.4105529,0.34371686,0.17164375,-0.28526807,0.10082994,-0.2813961,-0.08862781,0.25919333
-0.6939657,0.6087418,-0.18942775,-0.1527523,0.2774406,0.028035939,-0.15020001,0.27538326,-0.059364866,0.089364745,0.012929494,0.3774454,0.10981971,-0.15876935,-0.046330318,0.107941076,0.18542635,0.032832365,-0.049392555,0.09897874,-0.030582922,0.100519106
-0.70099795,-0.22964229,-0.31170732,0.39105436,0.7302117,-0.32957795,0.6035018,0.8583265,0.5044464,-0.3334849,0.5957772,0.23457798,0.12343438,-0.011545267,-0.06413839,0.23598666,-0.0062006074,0.15366209,-0.09987579,0.03818434,0.076464824,-0.067383654
0.7055581,0.5272551,0.12066527,-0.16223162,0.49543953,0.116368175,-0.27841556,0.09453597,-0.05170913,-0.120332584,-0.048983518,0.56653523,0.17762348,-0.15708372,0.019423814,0.009246372,0.09421801,-0.02722695,0.08341246,0.121862814,-0.025224071,0.01548783
0.7567127,-0.08697463,-0.16189398,-0.6648725,-0.13993087,0.1586253,0.030240962,0.019758383,-0.1019216,0.009484326,0.005748965,0.49701452,0.09052524,-0.01761097,0.030521877,0.17107904,0.04460786,0.2327881,-0.16595791,0.33779186,0.03416251,-0.08182783
-0.6880717,0.62077206,-0.19680588,-0.0782056,0.048933752,-0.08810924,-0.1933451,-0.0056686057,-0.026099892,-0.18123734,-0.00068150513,-0.22667637,0.02131838,-0.030775115,-0.19962838,-0.39558893,0.07489684,0.13424228,-0.18326768,0.13335404,0.015130875,-0.06755614
0.7700359,-0.86424255,-0.4887507,0.3155757,-0.3823657,-0.09225539,-0.110140406,-0.1746541,-0.30125692,-0.03445928,0.2309482,0.122045904,0.49948585,0.019834787,-0.1518229,-0.25608096,-0.0036250616,0.06532778,0.0039326083,-0.41081712,-0.0022811685,0.09847091
0.8235555,-0.10978629,-0.07547255,-0.7403037,0.11251613,0.26409158,-0.37862724,-0.21862082,-0.05514677,-0.10852606,-0.025233828,-0.022938723,-0.051173665,0.15149122,-0.19765274,0.0027495339,-0.11863849,0.3265175,0.056899063,0.055472624,-0.013620612,0.1442303
-0.6181335,-0.80574113,-0.482485,0.4094896,-0.08427977,1.2495553,0.12862745,0.3766771,0.5633462,-0.48120326,0.33237332,0.21715665,-0.55424786,0.22184853,-0.2399096,-0.09494895,-0.08966387,0.089796014,-0.031325668,-0.059503097,0.005684113,0.15678553
0.6569578,0.55323046,0.10374933,0.05987634,-0.22172494,-0.22797649,0.22681046,-0.25398955,-0.008574971,-0.18635318,-0.012532573,-0.04888189,-0.012759285,-0.016737845,-0.15207121,-0.09825399,-0.2390817,-0.24247414,0.10299155,0.08223186,-0.0050354735,-0.108915836
-0.72139245,0.5509671,-0.17059228,0.020796182,-0.07446124,-0.11397778,0.3369713,0.049769063,0.055141404,0.17052287,0.092979215,0.24149358,0.067531906,-0.19484934,0.28035888,-0.6353273,-0.11114691,-0.010560578,-0.14508694,-0.39431772,-0.03623281,-0.05095788
-0.69533974,-0.3574055,-0.35940138,0.98647135,0.11245685,-0.014948359,-0.17526513,-0.80737746,-0.20230009,-0.19974075,0.10431926,-0.3347144,0.40606675,0.11078669,0.04633923,0.3366449,0.1890196,0.090177774,0.09457662,0.042491086,0.03867572,0.019828238
-0.648404,-0.97822636,-0.50540423,-0.10743334,0.5588586,-0.28766498,0.54866487,0.18786168,-0.42771727,-0.30815628,-0.26733035,-0.1777195,-0.2944984,0.5715392,-0.08351418,-0.1941828,0.34416074,-0.05679976,-0.16588597,-0.21786705,-0.19579297,-0.017849503
-0.659609,-0.23137741,-0.3826692,-0.46645755,-0.34212235,0.110363394,0.25769782,-0.14258218,0.87314993,-0.1317334,0.31991506,0.14087348,-0.0666453,0.31554794,-0.11181684,-0.20970538,0.17237774,0.1172049,0.05267349,-0.26160136,0.022448665,-0.020169036
0.709581,-0.26850554,-0.21246369,1.0240135,-0.21681055,-0.30498576,0.075252235,-0.39072397,-0.23865157,-0.07439945,0.19258557,-0.04292877,0.5129245,-0.017013827,0.06933822,-0.15160632,-0.2951379,0.2189827,-0.1972798,0.01669169,0.019794801,0.14761746
0.81418556,-0.2378698,-0.029240472,0.5477719,0.4989328,-0.7739696,0.7761523,0.600479,-0.40052277,0.09649464,-0.13797265,-0.3216936,-0.30637527,0.4684232,-0.059204057,-0.067656845,-0.29615268,0.14391692,-0.0036789896,0.10920809,-0.19745213,-0.0942295
-0.668367,0.36753777,0.030556064,-0.020489886,0.4917006,0.28152743,0.11475534,-0.40135846,0.085160114,0.22222905,-0.001262681,0.2858291,0.020076428,-0.08850912,0.38663593,0.1537238,0.048656352,-0.24410576,0.11151665,0.024070717,0.0040673683,-0.14455555
-0.69032687,0.32447848,-0.34951913,0.7172877,-0.62674266,0.2638295,0.20775643,-0.01036071,-0.10374185,0.15991108,0.047246438,0.01682665,0.42047936,0.02533951,0.32972154,-0.39549717,0.109977655,-0.39591855,-0.028374365,0.0625113,-0.023910528,-0.040855844
0.83163315,0.5602194,0.008752091,0.10303332,-0.10918335,-0.54570544,0.06834346,0.48096684,-0.14658818,0.44362423,-0.40748864,0.008675981,-0.30767226,0.53943807,0.0038629498,0.0021927867,0.21073258,-0.11917905,0.14543734,0.14575395,-0.27464995,-0.041935544
-0.6482161,-1.1468108,-0.6582269,0.30059788,0.43332276,0.45718727,0.16567293,0.8010126,0.34601715,-0.26794764,0.57850623,0.35070547,0.44931075,0.30043617,-0.24585196,0.125271,-0.35287294,-0.032695472,-0.030965399,0.044133957,0.08100888,-0.18352377
0.94162965,-0.0029141475,0.0075653465,0.18284622,0.6826231,-0.52560925,-0.35525146,0.13499983,-0.1349048,0.2994941,0.31728202,-0.20092441,0.16406631,-0.24760786,-0.023035867,-0.08865165,0.3106429,0.04753928,-0.13528593,0.019118031,0.028982718,0.07391711
0.32166377,0.140649,1.339794,-0.03884718,-0.30414513,-0.2742905,-0.262201,-0.105587706,-0.1336203,-0.4854766,-0.14999779,0.18465556,0.025583053,0.022391438,-0.07100914,0.21828209,-0.21510102,-0.15996465,-0.18595648,-0.27081817,-0.04620375,0.026670791
-0.5198186,-0.41148177,-0.44325885,-0.112725854,-0.035161585,0.9250045,-0.48141593,-0.22165494,-0.13524252,0.13587463,-0.009831611,0.113585755,0.44034362,0.1904849,-0.28364652,-0.23165591,0.37733042,0.063189045,0.0017761657,0.35556996,-0.0026714918,0.109481566
0.7170775,0.21413732,-0.17696102,0.5997829,-0.42387465,0.24135509,-0.02416293,0.3609882,0.21901315,0.13146774,-0.6488725,0.16451564,0.64536095,-0.4939082,0.19604167,-0.27279055,-0.42821413,-0.1910301,0.2094664,-0.034025434,-0.24534348,0.076406024
0.74702877,0.4567562,0.08283223,0.20720975,-0.32247183,-0.2866633,0.3743992,0.118788026,0.8593753,-0.04278253,0.3462897,0.063032955,-0.0072048414,0.20655651,0.05270186,0.018426688,0.12599723,-0.18566571,-0.09751471,0.072024,0.022778928,-0.17917186
-0.693389,-0.7292701,-0.4803907,-0.3420473,0.24735323,-0.3237018,0.050749328,-0.505143,-0.1122428,-0.03991184,0.24650677,0.016894508,0.04848097,-0.08303232,-0.20337729,-0.16185261,-0.48167744,0.043760933,0.092014834,0.03795442,0.08703873,-0.112593524
0.858219,-0.07526127,-0.083092436,-0.59202373,-0.3960321,0.021985387,0.116697736,-0.14165181,-0.044790428,0.23918843,0.08425562,-0.23027179,-0.14164037,0.14264537,-0.24770795,0.21157157,-0.104448915,-0.055344515,-0.039555367,0.08759861,0.0027437878,-0.061389618
0.825971,-0.05664293,-0.13281366,-0.7721613,0.0523037,0.20671655,-0.35185593,0.129918,-0.104142606,0.025725693,0.0070406,0.19529802,-0.0021427248,0.04810423,-0.07630804,0.13121408,0.13396712,0.003306248,0.068725444,-0.07333207,-0.0179207,0.049550094
0.93345314,-0.21612765,0.28868267,0.7459441,0.41425365,0.91425544,0.1302472,-0.82222635,0.5097001,0.5335764,-0.9931161,0.015725337,0.5583656,-0.28239205,-0.04188499,0.11108528,0.042040266,0.13532107,0.3936126,0.03006815,0.70393074,0.1656829
-0.7355948,0.6132754,-0.19486417,-0.023087282,-0.13658357,-0.1757891,0.047145408,-0.0099074505,-0.02758357,-0.04449635,0.016755916,-0.16467369,-0.063365124,-0.0065343967,0.12114769,-0.001779909,-0.2324329,-0.14695565,0.096282415,0.13350877,0.017279042,-0.12946469
-0.6256819,-0.06599245,-0.21791963,0.19261105,0.7672035,-0.39525333,-0.3136239,-0.33765748,-0.10418399,-0.04890073,0.20435716,-0.18968956,0.12202743,-0.1773961,-0.2529394,0.030193323,0.19706583,0.038051214,0.019113693,0.04941038,0.0388546,0.08301789
0.6864812,0.2413863,-0.19587189,0.9018995,-0.5226314,0.474949,-0.49482813,-0.11845811,-0.19394886,-0.41496003,-0.0963486,0.19783735,-0.39980727,-0.14997295,0.2303898,0.11637541,0.14300437,0.40655735,-0.22689153,0.077583365,0.0073870607,0.053530086
0.82865435,0.52638686,0.19689673,-0.15155478,0.45854703,0.082917124,-0.28028008,0.094100155,0.0027996737,0.19023515,0.048220564,0.11520686,0.04848315,-0.08395598,-0.130916,-0.12403564,-0.14617777,-0.09213559,0.17689489,0.098325655,-0.017200254,-0.042809162
-0.74883974,0.43406782,-0.034827247,0.06156685,0.111304075,0.06521405,0.21560778,-0.6108971,0.063838564,-0.045890395,-0.05721438,-0.060227644,-0.09439635,0.06722912,0.23418489,0.15943095,-0.18941559,0.10077889,-0.3234322,-0.21939656,-0.036611017,0.12809812
0.6930132,0.5497464,-0.021381548,0.077123635,-0.2055944,-0.3127552,0.08108209,0.49004143,0.78528386,-0.1845974,0.31270254,0.31456345,0.058459304,0.15545347,0.11958497,-0.07502902,0.1754434,-0.110573,-0.28868836,-0.31500584,-0.038655825,0.03125838
0.68760884,0.52917695,0.09936655,0.103805944,-0.22720726,-0.18794976,0.29378644,-0.2824208,0.00912764,-0.18065389,-0.00761208,0.0018255505,0.048930995,-0.06667293,0.055253115,-0.2472011,0.10177356,-0.04386438,-0.08378014,0.06684424,0.010440504,-0.17546882
0.5918506,-0.021212814,-0.09578067,0.47285467,-0.14438875,-0.864993,0.5636117,-0.4574368,-0.15213938,-0.24643919,0.18252216,0.15982875,0.15508729,-0.23804271,-0.12908322,0.29113862,0.02575289,-0.09665473,-0.087937474,0.010187528,0.05428154,-0.097390115
0.850125,0.421726,0.2354745,0.13814081,0.013493758,0.012457104,0.21981567,-0.4991957,0.08353236,0.11486207,0.021510594,-0.2987305,-0.032562166,0.01947531,0.5696742,-0.23065771,0.1075375,0.3416712,-0.27898884,0.15820333,0.07653917,-0.26595944
0.6786971,-0.5156252,-0.3196094,1.4106568,-0.3123388,-0.117918245,-0.11389929,-0.20541818,0.6255961,-0.47094437,0.44888723,0.4525712,-0.26677728,-0.16253279,0.21854009,-0.06635615,0.20049804,0.21737376,0.21527146,-0.3266498,0.10361999,-0.06257219
-0.49755064,-0.2054945,-0.17981029,0.24437109,1.157019,-0.5356365,-0.42492577,0.0051828753,-0.15262713,0.5357303,-0.20177324,-0.069602065,-0.18167071,0.40285447,-0.11816473,-0.21190798,0.08681142,-0.04265329,0.13417129,0.18893069,-0.17239389,-0.22176844
-0.8942391,-0.6040206,0.6021546,-0.08934153,-1.0369264,0.31477344,-0.52760434,0.3634945,-0.3260328,0.027043903,-0.02079132,-0.021723283,0.31955692,0.27046788,-0.053136118,0.2237232,-0.102787696,0.14272162,-0.11908176,0.08798625,-0.00026119026,0.015148414
0.9608873,-0.8234156,-0.40594485,-0.21695206,-0.15844904,-0.68729615,0.01371073,0.5930688,1.0081536,0.39007065,0.009341136,-0.43376788,0.14962651,-0.2877674,0.11969513,0.32545513,-0.18377313,-0.30116507,-0.38503143,0.11378413,-0.13309033,0.16425851
-0.5888162,-0.14427783,-0.32429332,-0.7159332,0.09585456,0.31519282,-0.13610646,-0.10392862,0.005619951,0.17822705,0.064481266,0.07905041,-0.032153364,0.025791904,0.1068953,-0.3598834,-0.17894246,-0.035865426,0.12069727,-0.005059483,-0.002093847,0.087696165
-0.6114682,-0.17182639,-0.35606837,-0.6061693,-0.049316645,0.35394996,0.4686464,0.6071445,-0.269691,-0.18688445,0.123706624,-0.50110805,-0.22103088,0.17139332,-0.11850496,0.06533614,-0.16793795,-0.22820371,-0.15289712,0.097548105,0.05048052,-0.3664095
0.67363185,0.55587703,-0.010135458,0.045878123,-0.1746726,-0.32155213,-0.12793557,0.35814404,0.7534283,-0.34956533,0.26030588,0.01880656,-0.03256956,0.29740003,0.014769842,0.14755155,-0.20578271,-0.27492747,-0.17307849,0.12570594,-0.007907751,0.08229824
-0.90700114,-0.51468456,0.8314133,-0.5455544,-0.8044114,-0.07378083,0.057855736,-0.06885861,-0.088797644,-0.10564974,0.019495303,-0.024315523,0.01867487,-0.008491213,0.04646933,-0.30432442,0.2600812,-0.13733654,0.19391744,0.13508469,0.053638525,-0.16645768
-0.9575126,0.21934137,1.0259095,-0.13058032,-0.21434692,-0.2232321,-0.3358081,0.42959696,-0.10589278,-0.07367007,0.0077730524,0.20431836,0.11007478,-0.16473898,0.023316877,-0.20598471,0.015909083,-0.027551845,0.38531157,0.058167838,-0.023128666,0.06835693
0.76025206,-0.5606029,-0.39848718,-0.41414228,0.058526143,-0.550431,-0.16605808,0.13581353,-0.24419229,-0.11110516,0.2552612,0.21680698,0.16258521,-0.18660823,-0.10806217,-0.06770449,-0.048929226,0.08719788,0.2512114,-0.023198968,0.04728771,0.079700954
0.5175606,-1.4842252,0.8557707,0.20185222,0.08794528,0.21715517,-0.7046071,-0.03286659,-0.36976835,-0.10356954,0.13433863,0.6726831,0.7119041,-0.0627648,0.8980837,-0.35652336,-0.10011196,-0.4462482,-0.51965827,0.030565057,0.024446666,0.11196466
0.68017524,0.390665,0.19234571,-0.08230902,0.676594,0.33728218,0.08829322,0.35969555,-0.23896226,-0.70978445,-0.056094527,-0.23036768,-0.07059602,0.099281594,-0.20189595,-0.018852413,-0.3399968,-0.035733074,0.015021866,0.031802896,-0.03453913,0.032944396
-0.59151244,0.3648729,-0.28116184,0.4848687,-0.05176633,0.4867099,-0.6316966,-0.045942087,-0.12734258,-0.03484088,-0.020086126,-0.42367226,0.3380415,0.21448809,-0.24479991,-0.34754765,0.06708472,0.18916112,-0.022737412,0.08571789,-0.0036909133,-0.0928937
-0.5967895,-0.22642739,-0.3827006,-0.60208607,0.26559687,0.027240524,0.0029358277,0.2677289,-0.07986171,0.5919887,-0.7223579,0.58907324,-0.28568918,0.6663842,-0.24799502,-0.094632894,-0.0122084245,0.08633527,0.0507152,-0.0056931665,0.6759835,0.03794847
0.76531124,0.25722787,0.032405697,0.69948196,-0.41174245,0.35177878,0.26995844,-0.19789155,-0.076107495,0.29128054,0.03443944,0.29939404,0.43707833,0.026977906,-0.31889796,-0.02136588,-0.015730176,-0.21368657,0.28456968,-0.05280265,-0.0952514,0.25702453
-0.67381895,0.025501564,-0.4911221,-0.6286599,-0.5664546,-0.07681765,0.1758889,0.1538892,-0.091248415,0.12962255,0.0855331,-0.018645471,-0.08347437,0.050022606,-0.04546815,-0.01360431,-0.23607011,0.027467145,-0.113827415,0.11880471,0.021294817,-0.034909125
0.9752593,-0.8908108,-0.35201824,-0.19288619,-0.04953572,-0.6005426,0.16175261,0.46873742,1.1160719,0.4040001,0.06195663,-0.27407295,0.24421161,-0.4286637,-0.022416161,-0.517687,-0.111913085,-0.102400094,-0.18826672,-0.3150151,-0.10719438,-0.16217466
0.75064236,-0.19447695,0.122671686,1.1859409,-0.10689295,1.046605,0.48585156,-0.58225125,-0.17554787,-0.7318486,-0.0760124,-0.2534596,-0.5227712,-0.06442328,-0.031674463,-0.1488101,0.24238838,0.32999924,0.15347259,0.067557536,-0.015866037,0.21765059
-0.708458,0.2243943,-0.31764767,0.81039184,-0.63432586,0.232698,0.24961734,-0.023162073,0.76725614,-0.025089324,0.30301976,0.07611877,0.33887735,0.37674233,-0.32684094,0.02764638,0.06485525,-0.17035492,0.29021642,0.033881273,-0.018096229,0.00784333
-0.7163068,0.37963971,-0.17594568,-0.04687779,0.17085841,0.016315319,-0.22193082,-0.24643911,0.3715373,-0.23261237,-0.7463102,-0.55703104,0.06315175,-0.3695425,0.18540785,0.112794176,-0.33752292,0.11432926,-0.0954616,0.16214593,-0.16019428,-0.13644274
0.40136936,-0.5882213,1.1053374,-0.53380257,-0.67710096,-0.051488888,0.14303924,-0.22724728,-0.10370039,-0.27249372,-0.06350554,0.49376082,0.10010375,-0.011785914,0.20843385,-0.22868016,-0.30034253,0.02263502,-0.11782055,0.07897702,-0.01578658,0.24666612
0.8153749,0.43718347,0.14629957,0.14615995,-0.10862633,-0.18782872,0.11898531,0.0678401,0.8642531,0.022920828,0.33726645,-0.17149594,-0.08124573,0.2994469,-0.023086887,0.16712311,0.04549565,-0.22872747,-0.075191684,0.11801479,0.0004791824,0.008187971
0.83813614,-0.27648434,-0.11619453,0.89600194,0.15377174,-0.12628111,-0.33121082,-0.2563971,-0.23036604,0.20324033,0.212982,-0.25871986,0.36658138,0.07285583,0.40249616,0.33854005,-0.13895677,0.21618302,0.2406114,-0.36105493,0.040120568,-0.15398046
-0.7204035,0.5892078,-0.1781731,0.07409619,-0.3034713,-0.20548008,0.4041353,-0.10521337,0.004967808,0.07556902,0.049163576,-0.0125908805,0.0015932459,-0.09433151,-0.17205818,-0.035183735,0.08839164,-0.032292146,-0.014004243,0.09632228,0.003300344,-0.062406328
-0.72001463,-0.48150674,1.2909089,0.5539943,0.5975101,1.1380222,-0.095665134,0.4054075,-0.25442043,0.1404605,0.05189238,-0.009799895,0.41137066,0.08613196,-0.038033817,-0.13331819,0.2551614,-0.19329157,0.15039666,0.023123516,-0.047940128,0.0064828154
0.94691306,-0.65702075,-0.23659012,-0.31010824,0.04595808,-0.4945088,0.19366354,0.05209402,-0.12645486,0.6138821,0.4204421,-0.01246827,0.04794274,-0.1693808,0.11008278,-0.018604679,-0.31526577,0.15130621,0.15720153,0.012165552,0.05199407,0.09110268
0.5293289,0.05402378,1.4707701,0.04700189,-0.2669822,-0.1926087,0.21444616,0.06247904,-0.0058096754,0.42426288,0.07908796,0.33147204,0.028808173,-0.113594644,0.36207145,0.09889674,-0.49188435,0.18281446,-0.041776296,-0.057214957,0.0054122554,-0.15380147
-0.6715287,0.42828023,-0.38314092,0.4942685,-0.27787328,0.34517398,-0.53824174,0.16104096,-0.1842778,-0.1245161,-0.037404187,-0.24170119,0.35069266,0.16324976,0.025587387,-0.1324703,0.08961903,-0.10172072,0.31935492,0.069596194,-0.02276688,-0.010704205
-0.65602803,-0.6934284,-0.5383071,-0.50298613,0.61734766,-0.17867488,-0.49491134,-0.068802305,-0.22190377,-0.09382183,0.19124071,0.18151367,0.13729578,-0.120469145,0.25130537,0.022825425,0.12585928,-0.37328038,-0.44913778,-0.13599923,0.05836371,-0.04309437
0.6714283,0.6502396,0.022092927,0.023266455,-0.33211985,-0.3373897,0.22536187,0.111597754,-0.06359787,-0.040804654,0.029852603,0.06613942,0.014106529,-0.06074068,-0.09005165,-0.042860538,-0.295218,0.036050126,-0.21511808,0.079778865,0.009835559,-0.13661776
0.7539458,0.56143725,0.13460499,0.046179887,-0.15338537,-0.18611044,0.18793504,-0.18913534,0.009217331,-0.0029968736,0.030906823,-0.13738398,-0.006245173,-0.032279458,-0.3246307,-0.15255332,-0.060817942,0.030707207,-0.00015918908,0.08411717,-0.0024489064,-0.058776192
-0.5534279,-0.89469576,-0.2750398,-0.25167787,0.4630332,-0.08696711,0.33829296,-0.8739458,-0.013525174,0.40491042,0.29401785,0.04796152,0.0429703,-0.09475214,-0.5269349,0.20494868,-0.06278688,-0.057231918,-0.04081866,0.09052152,0.027456658,0.19024402
-0.6544744,0.046906777,-0.5041727,-0.64097893,-0.5624575,-0.07222458,0.1407731,0.20322305,-0.10311873,0.113664724,0.08316815,-0.0022016696,-0.053441998,0.02541781,-0.19257218,-0.0017719116,0.006806961,0.14083624,-0.10092315,0.102699846,0.029213294,-0.07369202
0.85946023,0.42242846,0.3094492,0.114398845,-0.00047511974,-0.033224434,0.5737016,-0.33053103,0.12311728,0.5995665,0.14563273,0.046724986,-0.033184614,-0.10010305,-0.30600634,0.008111009,-0.21265563,-0.1682631,0.16732791,0.02262118,-0.045691557,0.07596609
0.7462095,0.29848894,0.28221828,0.010565247,0.68660563,0.427724,0.6343533,0.38186145,-0.17366435,-0.1495752,0.04585364,0.29148358,0.021358175,-0.07650934,-0.19595271,0.2556512,-0.17451741,-0.014553477,0.038775552,0.09759108,-0.06791015,0.19787996
0.68923014,0.0154262865,-0.18914226,0.42946148,-0.10265759,-0.9861239,0.13761222,0.21881065,0.64827055,-0.29430616,0.5131551,-0.0033083225,0.08720986,0.073933296,-0.25099647,0.30318502,0.05779277,-0.0011563996,0.0904013,-0.11803937,0.031950533,0.17569233
-0.6544111,-0.6946937,-0.5274145,-0.51693004,0.6520624,-0.15601988,-0.4914298,-0.11993556,-0.19874479,-0.10804885,0.19399522,0.22312097,0.13247496,-0.13150837,0.16389786,0.07716256,0.023321163,-0.17957231,0.16980262,-0.0018894258,0.06330452,-0.0063900226
-0.5008596,-0.9447804,-0.35990974,-0.07405842,0.24361226,-0.060079113,0.9920641,-0.12318172,-0.21641503,-0.009962619,0.39689717,-0.60615754,-0.036608465,-0.072057836,-0.17711501,-0.43078274,0.06565537,0.072073095,-0.18689567,0.10220893,0.059591297,0.1795328
0.6661192,0.0031514778,-0.054418936,0.29383126,0.26508772,-0.7430415,-0.05953337,-0.3673834,-0.16066591,-0.32095817,0.17671709,-0.20909335,0.09527834,-0.12070065,-0.4201444,0.015424603,-0.2961758,-0.10475046,-0.08831301,0.06535378,0.040128175,0.009003126
-0.41227403,0.47853592,0.058519434,-0.14743242,0.6364819,0.27152708,-0.4000958,-0.074676834,0.08330119,0.53710693,0.11467493,-0.4722775,-0.09017153,0.026933627,-0.10182238,-0.06943629,0.17875762,0.114309005,-0.0128032565,0.1139113,-0.00633242,-0.00412597
-0.6937878,-0.12345021,1.1029351,0.5577773,-0.43490204,0.3398674,-0.39655715,0.27772474,-0.09940439,0.77663934,0.14451678,-0.37996474,0.24584104,0.1516762,0.2131491,-0.124450654,-0.3126307,-0.13764119,0.13749357,-0.2458318,-0.04356118,-0.0018948795
0.8402533,0.4187796,0.2666932,-0.022714246,0.40802926,0.1697187,-0.16690418,-0.39014727,0.053932577,0.018767538,-0.019912837,-0.13247304,0.0036292337,-0.005064012,0.14304806,-0.031928718,0.29451534,-0.14395063,0.16418909,0.06250716,-0.003077761,-0.07214168
0.86810505,0.48791373,0.20974293,-0.15381928,0.6166285,0.1977218,-0.43434167,-0.00079152395,0.014106663,0.06886267,0.016594972,0.06446095,0.1132043,-0.08901558,-0.036960233,-0.3378231,0.25313613,0.04147805,-0.09188939,0.10400088,-0.02483987,0.03114438
-0.6977173,-0.07873125,-0.25899637,0.09098247,1.0306119,-0.31052315,-0.45409498,-0.10224439,-0.12981105,-0.11827041,0.19396016,0.282482,0.26228577,-0.29736784,-0.029053723,-0.3179874,-0.16866726,-0.12625526,-0.059305444,0.1806264,0.045335405,0.096006475
-0.6212981,-0.23503104,-0.5875235,-0.20087893,-0.28910267,0.67601997,-0.7878875,0.061084583,-0.23405859,-0.14214289,-0.06903065,-0.15943784,0.26553002,0.33212742,-0.0596712,0.08438542,0.18392438,0.04868607,0.18877186,-0.31023714,-0.04559215,0.078477055
-0.7016519,0.43920296,-0.13338716,0.0412792,0.2712542,0.2152043,0.72413963,0.6570026,-0.20157354,-0.19796175,0.09368201,0.021633146,-0.011262862,-0.10142823,0.027706828,-0.06553245,-0.0224946,0.1563936,-0.065011725,0.013011396,-0.030688934,0.0712997
0.8715912,-0.2875847,-0.30572858,-0.085537426,-0.44403434,0.59590465,-0.63653797,-0.05618827,-0.20544131,-0.14894307,-0.03305133,-0.2967965,0.32789803,0.3123325,0.02906526,-0.30727828,0.19728027,0.004691856,0.13014038,0.064183414,0.005344188,-0.057282925
-0.73473305,0.66803557,-0.2374578,-0.06704722,-0.16343959,-0.22185843,0.06998096,0.28330168,-0.05545042,0.10596365,0.041264072,0.071379356,-0.050045397,-0.08733638,0.18253158,0.16726375,-0.07889833,-0.23615128,0.26331568,-0.26922512,-0.047798526,0.082938984
-0.46244195,0.13382924,-0.19268368,0.68042403,0.30703953,0.9142286,-0.8900962,0.09045347,-0.06502738,0.44535255,0.09761628,-0.02589945,-0.4921125,-0.18561344,-0.14400849,-0.04659333,-0.12792462,-0.1136011,0.21405366,0.14622594,0.0025188695,-0.034278575
-0.70180166,0.68183535,-0.2571409,-0.07995421,-0.12731323,-0.1975914,-0.13570356,0.23149517,-0.075239666,-0.08469398,0.011206824,-0.16015062,-0.02388178,-0.047349915,0.08371997,0.063447095,0.15052487,-0.1416725,0.2452723,0.11780547,-0.003829952,-0.0011015201
0.8920538,0.5685709,0.20608398,-0.10724489,0.24384741,-0.02909116,-0.282497,0.061152086,0.014667372,0.27614063,0.07390694,-0.35625064,-0.10824538,0.025967648,-0.071219355,-0.0082749445,-0.024238467,-0.071888335,0.20750648,-0.2683072,-0.024905877,-0.09311319
-0.74247086,0.33547783,-0.027497776,0.18267448,0.11924472,0.21118826,1.0913968,0.13031892,-0.11080504,-0.19441001,0.07402164,-0.13491145,-0.12688714,-0.01320681,-0.00797288,-0.094087176,-0.34390154,0.23295704,-0.15630484,-0.28356835,-0.02511933,0.02679495
-0.72117645,0.71444315,-0.27503088,-0.047754623,-0.33629766,-0.3399589,0.082098074,0.26928937,-0.032782085,0.0021743227,0.076356664,-0.18796915,-0.05346293,-0.082773186,-0.11784815,-0.3077585,-0.29078197,-0.06451525,0.52619064,-0.051829267,-0.029307164,0.11377193
0.92397195,-0.23007008,-0.11371428,0.7622182,0.39481407,-0.077621944,-0.4067039,0.23907685,-0.234352,0.57661384,0.33424503,0.09914544,0.50940967,-0.122742556,-0.19223535,0.006599578,-0.17592493,0.062791914,0.3116289,-0.28358003,-0.0023208903,0.004326994
-0.64931935,-0.005374652,-0.47052154,-0.64234984,-0.42491424,0.026707983,0.004123645,0.037826438,-0.09232593,-0.0026724073,0.035424087,-0.09941874,-0.07115808,0.07784334,0.04880436,0.013581006,0.074144535,0.08179763,-0.10751313,0.13431284,0.034825016,-0.046776604
-0.93328744,0.2860451,0.970038,-0.03523388,-0.59649503,-0.40906093,-0.08919361,0.45512974,-0.12316937,-0.028248366,0.033133343,0.02898398,0.09256677,-0.15990068,-0.16153906,-0.22587405,0.12842551,0.28020275,0.1276475,0.136085,0.007158266,0.11855725
0.64215213,0.41598716,-0.17241248,0.6785465,-0.7131255,0.13350266,0.070954695,0.044795014,-0.20960203,-0.12188538,-0.05953178,0.23703498,0.41333652,0.123880014,0.25809377,0.24583805,-0.042548288,0.32112178,-0.14607483,-0.0047518318,-0.025794657,-0.028700626
-0.72148967,0.4954308,-0.07576729,-0.05025139,0.25957578,0.07971727,0.012772964,-0.31428248,0.030914327,-0.05793621,-0.023993002,0.083312996,0.026108285,-0.041934054,-0.30031255,-0.14760579,-0.14552638,0.0665495,-0.16873237,0.08290037,-0.018272253,0.08668971
-0.64754355,0.44338194,0.002618019,-0.18389872,0.76919925,0.33593792,-0.3304365,-0.19507748,0.039507087,0.11568275,-0.012582906,0.24944356,0.056497958,-0.054744173,-0.091819085,0.014550507,-0.12743676,0.12757707,-0.03540659,0.18139875,0.0043083983,-0.10068873
-0.40915862,-1.2409017,-0.5619102,0.31394732,0.09347719,-0.25662372,0.8248876,0.46343344,0.02273649,0.39623776,-0.7081005,-0.5852195,-1.0537838,-0.2870139,-0.31362286,0.15943727,0.4056799,-0.0255146,0.059874073,0.015811658,-0.37355605,0.12073528
0.96689814,-0.37846744,-0.1375823,-0.12394117,-0.11843463,0.779543,-0.61524004,-0.110768266,-0.1323553,0.3544542,0.03813835,-0.26098397,0.22093853,0.35441822,0.07565151,-0.018831935,-0.022176545,-0.029232532,-0.06744827,-0.42159417,-0.04403495,-0.068201154
-0.5764963,-0.060656212,-0.38116732,-0.73143244,-0.035422582,0.22661574,-0.0734207,0.14560653,-0.047031473,0.2982283,0.0878359,0.20692049,-0.009641241,-0.015293467,-0.10325001,-0.023958145,0.09904875,0.1466014,0.012297477,-0.05300502,-0.014162021,0.08910684
-0.7971551,-0.53720945,0.9544588,-0.6216193,-0.54051316,0.029770695,-0.031365883,-0.011440289,-0.040421065,0.35616004,0.09596644,-0.123729296,-0.1018177,0.059218578,-0.15583037,-0.11411926,-0.13794602,0.042179663,-0.0016233327,-0.22055595,-0.015807964,0.08651172
-0.67146695,-0.01572537,-0.29073626,0.40226755,0.042956814,-0.7492602,0.4139634,-0.24433725,-0.10562755,0.27483088,0.30187368,-0.2020795,0.028056318,-0.19100414,0.14404507,0.31807834,-0.17094259,-0.12974185,-0.05719167,0.10881082,0.04106423,0.12160963
-0.7166054,0.5338265,-0.11595189,-0.14388733,0.4084423,0.11581305,-0.20128457,-0.05434566,-0.0046162196,-0.022864351,-0.023966014,0.23665638,0.039036687,-0.06626211,0.016753525,0.030376907,-0.2111269,0.09304975,0.21101923,0.13108829,-0.03156756,0.17372814
0.9071701,-0.31917495,0.022522554,-0.6036451,0.3825459,0.61739284,0.38230115,0.37035108,-0.193911,-0.14738706,0.09061052,-0.16448426,-0.10269224,0.10528451,0.14022495,-0.05029914,0.1337314,0.2199251,0.16044821,-0.09635991,-0.023300245,0.07798087
-0.6675167,-0.29793113,-0.27689856,-0.32584563,-0.54503894,0.19977136,0.7822171,-0.9083367,0.10716017,0.019490164,0.022723015,-0.026741393,-0.04626731,0.030943956,0.39159763,-0.24788631,0.35020244,-0.1257815,0.024740241,0.11273206,0.022010533,-0.014218309
-0.35543132,0.25215903,-0.13093428,0.6302657,-0.091199875,0.57301056,-0.21229807,-0.16661575,0.027978735,0.6477976,0.15478575,-0.63461065,0.30108786,0.14317863,0.06619305,-0.6550303,0.17896919,0.49746898,0.18505956,0.116643555,0.015399205,-0.018877672
-1.0042614,0.11645701,1.1053323,0.011182433,-0.3643145,-0.228656,-0.013175299,0.018293567,-0.031335153,-0.05272273,0.0002941067,0.0622079,-0.00017016586,-0.07721683,0.4640716,-0.2262538,-0.24213505,-0.07179927,0.120001435,-0.25028396,0.016765648,-0.2807016
-0.66924417,-0.33369097,-0.30531147,-0.4635007,-0.0931873,0.2863224,0.20758009,-0.40589064,0.9119491,-0.18762833,0.2855873,0.20435616,-0.05229681,0.3492193,0.12080328,-0.17789528,-0.012307262,0.19502373,0.081674516,0.0704641,0.07354412,-0.21773022
-0.58518267,0.14750384,-0.20214616,0.5238969,0.4776788,0.9387107,0.017664472,0.6702591,-0.2988496,-0.1466464,0.058746677,-0.0803885,0.3946827,0.090619475,-0.002601827,-0.31193176,0.14223707,0.010658875,0.122363605,0.019173991,-0.06398116,0.077746585
0.6890868,0.47511017,0.0761636,-0.044154234,0.29698506,-0.044161003,-0.32304996,0.24537514,0.7846448,-0.35684568,0.21338467,0.35473573,0.039757047,0.24915212,-0.04161458,0.25592783,0.02842145,-0.015177839,0.016136566,-0.06916693,-0.02094273,0.06664558
0.6287617,0.6513099,-0.0053484123,-0.12370142,0.053779427,-0.14891517,-0.5217446,-0.017215969,-0.14133497,-0.6508542,-0.15927087,-0.14926033,-0.011441461,0.07791073,0.16498311,0.30141473,0.22067094,-0.19356911,0.2307186,0.09555372,-0.0034420737,-0.069845244
0.6401808,0.011278304,-0.10098229,1.0327922,-0.39683598,0.5226238,-0.47148415,-0.3495835,0.740064,-0.71169966,0.16193704,0.12380917,-0.46077344,0.19832265,-0.07456137,-0.26087782,-0.36813155,-0.2143855,-0.14801681,0.15856393,0.025720166,0.09346936
0.67693174,0.42021686,0.10606495,0.14923595,-0.098772034,-0.1751877,0.201094,-0.05944455,0.85949004,-0.2997002,0.25221357,0.21055715,0.009677578,0.22884598,-0.08831893,-0.05412966,0.07649818,-0.12889746,-0.11835216,-0.27713335,-0.017668383,0.031796113
0.71896327,-0.4647001,-0.14663301,0.11798045,-0.59858036,0.66121,0.1227781,-0.815573,-0.1146995,-0.097161755,-0.10482622,0.10740391,0.25380975,0.34850147,-0.28023115,0.444865,0.11579805,-0.09682281,0.07897653,-0.38378495,-0.067139424,0.041081432
0.6199183,-0.23219591,-0.26966387,1.0069096,-0.2964888,-0.35201082,0.010326274,-0.36091554,-0.29922283,-0.27859595,0.12059211,0.045028456,0.4739238,0.019693594,0.32058722,0.36047348,-0.18115424,0.015738975,0.18148895,-0.01593892,0.030663418,-0.008396372
0.8215128,-0.6975387,-0.23746197,-0.36846888,0.27764532,-0.36253923,-0.28716546,-0.40747198,-0.16043906,-0.19557513,0.20498529,-0.23388542,0.054218713,-0.04029727,-0.20213245,-0.19497697,0.111091435,-0.06873942,0.018277816,-0.29201454,0.04391872,0.03592206
-0.7068434,0.59560186,-0.1584492,-0.11415388,0.18981539,-0.010144885,-0.38516113,-0.1593737,-0.03904877,-0.29684094,-0.0628878,-0.34824508,-0.058322236,0.078106165,-0.10859728,-0.038311496,0.010967563,0.05589156,-0.04236853,0.1479904,0.020230489,-0.111016594
-0.6751524,0.13752292,-0.3142119,1.0122367,-0.603721,0.55687106,0.012208425,-0.39287716,-0.06316167,0.004317626,0.019296927,0.08689535,-0.44101587,-0.23518692,-0.2886884,-0.106499895,0.19569238,-0.07540202,-0.0064795897,0.10237838,0.02081157,-0.05137338
-0.6960922,0.28184232,-0.26261497,0.6029793,-0.14255111,0.44319448,-0.21124853,-0.20753105,-0.050941307,0.038636696,-0.34396783,-0.049501978,0.3297644,0.25733623,-0.17074801,-0.24371473,-0.10547321,-0.09089769,0.033293433,-0.36433086,0.8334622,0.38983184
-0.6520727,0.063868076,-0.5016394,-0.71030676,-0.42719623,-0.03631069,0.031627204,0.31039178,-0.09535771,0.14643545,0.08578766,0.12354214,-0.04674014,-0.010576648,-0.30224305,-0.10852679,-0.03856187,0.21809131,0.04015811,-0.282992,-0.032407567,0.16276424
-0.994932,0.032700807,1.2175487,-0.056927443,0.0691725,0.04099197,-0.30793652,-0.3454126,-0.046858646,-0.22535369,-0.11417588,0.06653257,0.011578336,0.035892345,-0.036436003,0.269915,-0.030374024,0.13701192,-0.22003208,0.08595677,0.029416876,-0.24258941
0.90295774,-0.65771455,-0.2637832,-0.24549983,-0.11298976,-0.53405344,0.15559137,-0.25741783,-0.14242572,0.18342361,0.32531393,-0.27610207,0.05574975,-0.10871296,-0.2023086,-0.08686593,0.17376551,0.08990785,0.15602918,0.06499683,0.06654491,0.07039822
0.8511721,0.33459193,0.21889071,-0.04341116,0.6820137,0.21268708,-0.23648345,0.2436702,0.90334535,0.11643675,0.3347545,0.53635544,0.14401889,0.10586613,0.11400906,-0.2277764,0.09959469,-0.05856953,0.089461096,0.048084445,-0.039158463,0.18617682
0.6570394,0.59073544,-0.086943544,0.054593302,-0.23737665,-0.33998153,-0.13269071,0.38801953,0.7594006,-0.58966744,0.23986481,0.15293303,0.08846332,0.19273105,-0.04276248,-0.22666983,0.23942572,0.11355695,0.16532364,0.06459246,-0.013774304,0.1339873
-0.6863783,0.3388733,-0.07247498,0.105489895,0.38512397,0.36495453,0.7251594,0.34137648,-0.16753776,-0.30125865,0.035303544,-0.034035902,-0.012720844,-0.06021752,0.48067665,0.033519626,0.3203073,0.2463211,-0.15053456,0.02900744,0.014536955,-0.12148158
-0.8518355,-1.0313733,0.67589146,-0.4718251,0.004675568,-0.5029416,-0.38981205,0.37787586,-0.28617272,0.23475601,0.2884958,0.26277125,0.15452732,-0.20302993,0.07046729,0.17356604,-0.17477252,-0.17209485,-0.011017285,0.12441813,0.053095695,0.11860606
-0.70854264,0.7070323,-0.27897796,-0.05347427,-0.2690987,-0.28581342,0.051806632,0.3348845,-0.077095695,0.051813655,0.05262373,-0.062313322,-0.012168818,-0.08821326,-0.010508332,0.021516044,-0.031936843,-0.10557926,0.123817325,0.123885565,-0.01997601,0.12741917
-0.6529017,0.022862637,-0.47795787,-0.736844,-0.27125552,0.06209662,-0.3289484,0.07429434,-0.11383442,-0.16610618,-0.0015356421,-0.2516714,-0.11512345,0.13700101,-0.04073561,0.06910034,0.021798143,-0.061830804,0.31319547,0.13440043,0.011684634,0.03902237
1.012655,-0.18033244,-0.024930254,-0.7428458,0.34221303,0.4268482,-0.25880116,0.17428273,0.013218569,0.44092566,0.14271568,0.28474525,0.14286353,-0.1316603,0.14518885,-0.5647418,0.49257705,-0.04254559,0.15070775,0.13637756,-0.005101681,0.011215158
-0.7031615,-0.18484418,-0.5094279,0.96728927,-0.28701392,-0.33289564,0.11150867,-0.08134757,-0.27599367,0.16951287,0.2521013,-0.0437234,0.48077878,-0.06547717,-0.16648874,0.1331979,-0.09527061,-0.035898436,-0.22808643,0.02041745,0.048407912,-0.083944075
-0.6148658,-0.37145856,-0.6739794,0.31692317,-1.0042577,0.5970396,-0.095675945,0.06381883,-0.18201184,0.17422621,0.09476912,0.19593252,-0.48225504,-0.15771495,-0.3448316,-0.0736923,-0.0041815997,0.056680866,-0.1908884,0.10710318,0.015645213,0.1121952
0.9051338,-0.8573335,-0.22062355,-0.14698349,0.1320616,-0.39019603,0.027180715,-0.2752256,0.7651976,-0.05350097,0.5583558,-0.1385642,0.02451845,0.202281,0.3187299,-0.057992656,0.38767493,0.11621115,0.22669585,-0.3041548,0.06327831,0.066960484
0.9814938,-0.86265457,-0.17410861,-0.24051817,0.49892738,-0.07141102,0.50807875,0.57945466,-0.3347768,0.1260026,0.41596174,-0.34198764,0.033676527,-0.1324215,0.3957233,-0.29409185,0.37934965,-0.28798306,-0.6752539,-0.41819263,0.02573681,-0.019911692
-0.6722614,-0.023362566,-0.4497875,-0.57423043,-0.59621525,-0.04774223,0.32379925,-0.053464923,-0.049572382,0.10996748,0.0782814,-0.016867824,-0.0772506,0.033194058,-0.20668092,-0.05261839,-0.12499575,-0.017815692,0.122186765,0.11008054,-0.00057358993,0.10172593
-0.949023,0.28738406,0.9692792,-0.03921812,-0.5964995,-0.41251856,-0.10693563,0.46299732,-0.13846847,-0.015591355,0.024153505,0.027670324,0.06075304,-0.12331003,-0.047808547,0.013812104,0.11313168,0.17896603,0.092785686,0.12449913,-0.011341941,0.13345301
-0.5355875,0.31082374,-0.37963644,0.7930527,-0.43108475,0.47921956,-0.40984228,0.4891166,-0.15061559,0.5663735,0.15029313,0.06559726,-0.5098114,-0.24253893,-0.17202602,0.112500034,-0.09724132,-0.024010845,-0.34955212,-0.24394073,-0.065505594,0.29727903
-0.71974856,0.7073846,-0.26835626,-0.05783247,-0.2508441,-0.28094023,0.05842928,0.32663253,-0.08937103,0.08092183,0.04954555,-0.041869633,-0.021043256,-0.06220335,-0.0977382,0.1470534,-0.07345199,-0.080460854,-0.19279324,0.116193585,-0.014900864,0.035195578
-0.6774147,0.35400432,-0.3051303,0.57620585,-0.28146994,0.40836456,-0.2978639,-0.17749701,-0.14310464,-0.07586162,-0.059171457,-0.19128515,0.34495065,0.19999972,-0.24342054,0.04197838,0.11515265,0.1518711,-0.061390974,0.067971915,-0.046007928,0.1505691
-0.5268691,0.5118339,-0.0030532079,-0.026644573,0.1705635,0.028775092,-0.059529606,-0.21887577,0.07776958,0.40914798,0.10438156,-0.6032805,-0.19102344,0.100489035,0.085126474,0.030197473,-0.31403425,0.05560926,0.11204815,0.17547297,0.017067997,-0.084242485
-1.0058374,-0.1523807,1.2722161,0.0057979636,0.43576866,0.4024184,0.3291743,0.35877478,-0.23437822,-0.381562,-0.048086677,0.1863597,-0.042432107,2.6865935e-05,0.57565343,0.48037457,-0.1594095,0.021041375,0.092251115,-0.007855411,0.04140566,-0.40234149
0.84271765,0.57621944,0.14769895,-0.07377599,0.16068615,-0.05646257,-0.05875579,0.16515298,-0.011525487,0.2676978,0.07681391,0.05760809,0.041927386,-0.10082694,-0.125215,-0.055948004,0.07080483,0.08082638,-0.022864211,0.031789117,-0.009270464,-0.05759649
-0.74675715,0.61569154,-0.19056827,0.035181828,-0.28688374,-0.23288015,0.3169522,-0.01138164,-0.025058536,0.10197401,0.04570161,-0.03198642,-0.05468856,-0.039428234,-0.020398742,0.17587811,-0.19054481,-0.082623854,-0.12643805,0.101968594,0.017503839,-0.1960468
0.88920903,-0.23314922,0.18617281,0.19285914,1.1743038,-0.19406347,-0.24749413,-0.30386648,-0.005081773,0.3578256,0.30918416,0.18382294,0.20859158,-0.28835896,0.42964146,-0.36455283,-0.1888514,-0.13706999,0.046323802,0.0038335635,0.06485863,-0.30842236
0.6707327,-0.4809176,-0.48102626,-0.33628613,-0.35861072,-0.7921031,0.0881564,0.13478859,-0.28592375,-0.22614095,0.2520541,0.13972889,0.1309332,-0.14585978,-0.3641386,-0.040759057,-0.2854182,0.21194416,-0.18162777,0.02108864,0.07935598,-0.081077315
0.65030277,0.16375218,-0.1422805,1.07892,-0.86562186,0.3511124,0.23381287,-0.31424433,-0.08931851,-0.18999076,0.013548207,0.40546814,-0.33014187,-0.3157273,-0.2769203,-0.42745477,-0.04281374,-0.08351073,-0.12314352,0.033985075,-0.015601028,0.033484187
0.93285406,-0.31500155,0.065544456,0.39903203,1.1399944,-0.42671296,0.07385738,0.5058066,-0.38845012,-0.070955105,-0.21660349,-0.5595246,-0.29052803,0.5288236,0.057747968,-0.2214309,0.4051473,0.0022887832,-0.11532166,-0.23305598,-0.2399933,0.020025479
0.6377747,0.40345457,-0.12836269,0.5594362,-0.39873123,0.25203562,-0.38868815,-0.10878756,-0.20276573,-0.40209332,-0.12375177,-0.023610624,0.36192185,0.22701696,-0.05523129,0.050810676,-0.28554344,0.24750927,0.19604294,0.026124615,-0.026564118,0.0035095648
-0.7023962,-0.1325918,-0.33538994,-0.5795105,-0.3310388,0.12164948,0.30580738,-0.4003739,0.02770434,0.06834404,0.045781642,0.025512068,-0.12112221,0.08335263,-0.15699326,-0.2122295,-0.40842554,0.107952476,0.06297113,-0.2662266,0.0039668544,-0.080563866
-0.61415154,0.5853534,-0.15732275,-0.08307805,0.17361209,0.0061169025,-0.05261167,0.21394667,-0.008017909,0.21379717,0.07513926,0.095668525,0.08317487,-0.15699431,0.057511188,-0.20337388,0.36734003,0.008035949,-0.14331686,0.042491667,0.000515844,-0.12455145
0.68817085,0.64445585,0.022312503,-0.021932932,-0.19263865,-0.26497695,-0.028310835,0.06364081,-0.07374253,-0.18879607,-0.021096041,-0.055770356,-0.0076577673,-0.011103998,0.06130934,0.042585485,-0.15689176,0.019183194,0.08015218,0.10171685,-0.019077076,0.09710017
-0.6756527,0.18803555,-0.24624744,0.71286327,-0.14176467,0.66978914,0.48447466,0.33682024,-0.3149892,-0.32643855,0.010470519,-0.3469793,0.2781826,0.19628304,-0.2314766,0.031320035,0.121774495,0.18494187,-0.009322055,0.02725057,-0.012677855,-0.06507617
0.8174792,0.42790663,0.27450082,0.10843139,0.02688117,-0.012719186,0.2468257,-0.5861203,0.091392554,0.06947265,0.034070473,-0.31467453,-0.026576992,0.01705515,-0.45497894,-0.21093962,0.16182412,-0.15100062,-0.13690299,0.08585286,-0.023316277,-0.04496606
0.8703729,0.07738264,0.046892345,0.88838166,-0.12485858,0.7266763,-0.54641914,-0.35239553,-0.04467597,0.02787627,0.01020404,-0.12700367,-0.48684,-0.15474692,0.0022700164,-0.3299437,0.107205786,-0.22478095,0.076388404,-0.25107363,0.0027907512,-0.105698824
-0.44496825,-0.16476065,-0.26911345,-0.46260828,-0.48881394,0.13416316,0.5355694,-0.23187704,0.050250392,0.6590975,0.18405522,-0.2911507,-0.114764884,0.0083136475,-0.04006308,0.051736675,0.5415729,-0.3636647,0.04053572,0.13660039,0.020879785,-0.035133407
0.68338346,0.35880312,-0.07663685,0.6317702,-0.49613386,0.2239355,-0.11180442,-0.08379028,-0.1883039,-0.0545312,-0.057382673,-0.008821114,0.34442824,0.20874253,-0.074319504,0.19575559,-0.32666668,-0.22888224,-0.2949022,0.062061787,-0.08506393,0.28641656
0.6816816,-0.74447984,-0.32136157,-0.33166605,0.38190797,-0.20554815,0.100943595,0.18552884,-0.45179218,-0.9739113,0.1481061,-0.4477809,-0.034025367,0.094403595,-0.17768642,0.118461706,-0.20044723,0.25473428,0.08132812,0.03842729,0.08486919,-0.09240989
-0.6801599,-0.012579178,-0.44168675,-0.73606396,-0.21288112,0.09442898,-0.11264586,0.14882804,-0.07854302,0.057650875,0.040214073,0.11324797,-0.089104295,0.038806837,0.02780311,0.0027153483,-0.096464455,-0.14811797,0.21609917,-0.37843966,-0.020916156,-0.02789225
-0.60306686,-0.14190479,-0.3184432,-0.674903,-0.0244353,0.28826007,-0.079124175,-0.21347983,-0.017060027,0.12720236,0.03186682,-0.02421541,-0.0918163,0.08077108,0.08224177,0.17244099,0.14860591,-0.23941179,0.34374267,0.05910403,0.0042484505,-0.061767414
0.8082577,0.47268978,0.03372729,0.15289013,0.1475535,0.15218696,-0.51826054,0.1814894,-0.05566669,-0.09210283,0.02258785,0.22488667,-0.7524134,-0.41008797,-0.12164131,0.08603634,0.2719765,0.10111234,-0.03205286,0.0830244,0.004438902,0.08574165
0.698281,0.35851106,0.21783805,-0.02568299,0.6475635,0.3927369,0.19427475,0.19770329,-0.24322487,-0.7109564,-0.09930331,-0.1828786,-0.06716536,0.107610084,-0.20254105,0.4348331,0.18993859,0.050224133,0.032559123,0.010404389,-0.058000937,0.17607154
0.63305277,0.0942142,-0.031523086,0.9951717,-0.80501854,0.2110039,0.6175403,-0.46572527,0.7821793,-0.31831646,0.20480098,0.351146,0.45133737,0.33795387,-0.12652741,-0.091045424,0.2571046,-0.34580293,-0.041593034,0.046735875,-0.012500431,0.10523578
0.9527604,-0.22648932,0.07350664,-0.74704677,0.43365982,0.48509523,-0.31649524,-0.22815162,0.02706701,0.3567569,0.06690496,0.07607697,-0.045392744,0.08510628,0.019684892,0.005450652,-0.0032915545,0.15178813,0.105909035,-0.0085353665,0.017066918,-0.17307249
0.79096943,-0.10998256,-0.08976301,-0.5584072,-0.37644887,0.07460091,0.39422056,-0.15941997,-0.03969338,0.294519,0.06578515,0.32676744,-0.040280316,0.030966755,-0.11002687,0.40862793,-0.04255837,0.2579063,-0.09594977,-0.01048492,-0.003928718,-0.033872645
-0.6266467,0.096717656,-0.36711994,0.20953263,0.3389833,-0.6745303,-0.0003412275,0.29726937,-0.19938847,0.34469435,0.30005968,0.12331301,0.13448991,-0.28284827,0.009773455,0.53460175,0.19683062,0.21670194,-0.17476821,0.014984336,0.02997748,0.1326768
0.47181326,-1.569884,0.75461954,0.8014752,-0.9553285,0.036498383,-0.19251545,-0.70764375,-0.30096602,-0.50183547,0.11763098,0.24378897,-0.27656612,-0.2880209,0.28795904,0.0011647259,0.35851452,0.100676194,0.3670904,0.045073535,0.07351162,0.15598066
-0.7027431,0.6577008,-0.22335012,-0.05106884,-0.110336296,-0.16517666,-0.039680973,0.09663906,-0.064546175,-0.035518486,0.001911803,-0.12126568,-0.027392486,-0.013295554,-0.035213843,0.17739683,0.096902035,0.1920904,-0.1787717,0.119425096,0.002550588,-0.0020481825
-0.68742645,0.6388027,-0.22600824,-0.078881755,0.009914285,-0.110724024,-0.082252346,0.19325343,-0.02650452,-0.019765126,0.029435417,0.02461888,0.042447053,-0.11392462,0.07577689,-0.2738665,0.27770135,0.088011235,-0.039389938,-0.28354898,-0.062541686,0.16935228
-0.7116194,0.49226913,-0.24417625,0.04050501,0.28083792,-0.3332267,-0.053520538,0.37007502,-0.10477677,0.26881224,-0.7990406,0.3688545,-0.24867888,0.6022815,-0.06067047,-0.061412223,0.13569671,-0.11369285,-0.08548335,0.06303515,0.6540597,0.100619495
-0.5252088,0.19388998,-0.31442586,0.98330486,-0.6226139,0.50834095,0.0083159385,0.014214152,-0.044686284,0.5140715,0.16723067,-0.047551524,-0.4873874,-0.2669918,0.08323652,-0.21577156,0.0031925023,0.23461246,-0.054079905,0.1125657,0.061869748,-0.23893173
-0.35837346,-0.99450266,-0.48176336,0.1262942,0.48609626,0.40795654,-0.62046266,-0.14105922,-0.18777606,0.7139656,0.37618607,-0.30353737,0.3807056,0.1027181,-0.12049289,-0.21137008,-0.23792793,0.044478882,0.024852745,0.06465675,0.07335952,-0.20778686
-0.68864614,-0.073786706,-0.60543317,0.8530451,-0.2728223,-0.40587118,-0.20525514,0.3345909,-0.3390383,0.11301392,0.26735842,-0.092440486,0.4840247,-0.09758854,-0.019098632,0.08754773,-0.029452322,-0.14521784,0.1951321,0.0058686216,0.069878004,-0.23958409
-0.6370667,-0.5962444,-0.6164092,0.07972086,-0.51159936,0.6198356,-0.11277413,0.24095492,1.0331243,0.05559697,-0.40172508,0.13690579,0.50068825,0.014245452,0.0051847748,0.43344313,0.12420691,-0.27000943,-0.2800251,0.00771632,-0.19127232,-0.04177288
-0.51450765,-0.1608741,-0.25329715,-0.72665685,0.2177971,0.4123954,-0.1285539,-0.133805,-0.008940738,0.40111518,0.073024556,0.10054105,-0.039298385,0.05112752,-0.3007461,0.22444211,0.21827434,0.03730062,-0.15250438,0.12245153,-0.018523918,0.110611945
-0.59475875,0.44208986,-0.3518166,0.523068,-0.35280463,0.30765173,-0.32631764,0.26195234,-0.15250303,0.20163509,0.05674004,-0.22408143,0.3676777,0.1063926,-0.30679122,-0.2747187,0.052928813,0.17082547,0.031578507,0.056240413,-0.0067727845,-0.0910916
-0.8419637,-0.54479486,0.9375661,-0.6377587,-0.44207656,0.11065836,-0.19706258,-0.15665412,-0.08432517,0.05029494,-0.009249795,-0.066063404,-0.056574997,0.09441908,-0.22453363,0.115383506,0.3199071,0.1724219,-0.19498745,-0.2299232,0.001524111,0.009499839
-0.6119582,0.65790606,-0.1949706,-0.06455693,-0.059260685,-0.14372964,-0.0746242,0.15196079,-0.021965746,0.11490341,0.062042736,-0.2522332,-0.02357128,-0.047287922,-0.19011524,-0.11113075,0.1272924,0.27778092,0.10568064,0.12714387,-0.01765925,0.17318082
0.61423486,0.73445153,-0.085399106,-0.040308677,-0.3950073,-0.4148528,0.03188384,0.32544875,-0.12962203,-0.28625965,-0.018662725,0.1395336,0.03776726,-0.08739169,0.00087621075,0.09457506,-0.08800573,-0.12582393,0.31872758,0.048457857,-0.026409233,0.022735426
-0.5369065,-0.5112758,-0.047082946,-0.5743116,0.75615597,0.9606282,0.5322808,-0.21318552,-0.08498883,-0.005624941,0.052173913,-0.09862542,-0.18186042,0.17996907,0.2642236,0.31126142,-0.18917014,0.22998887,0.30282328,0.18188566,0.0010289949,0.09186932
-0.6153549,-0.3667866,-0.418589,-0.5703384,0.036084536,0.4561534,0.4188429,0.4185415,0.11288666,-0.47686496,-0.656301,-0.6555911,0.020589499,-0.30769542,-0.26862624,0.11380548,0.16679128,0.2013294,-0.1428966,0.10721787,-0.20131633,0.18303818
0.7481315,0.43913573,0.2425539,-0.07848712,0.48526603,0.15340169,-0.20722927,-0.37260512,0.04797151,-0.08675685,-0.039978314,0.0700912,0.015885191,0.008940885,0.062696844,-0.23090713,-0.3342593,0.20272863,-0.07770908,-0.040030234,-0.00018471638,-0.08484605
-0.6387389,-0.0765734,-0.42262205,0.23834553,0.25440228,-0.7554247,-0.10163043,0.23558275,0.20730004,0.1480717,-0.3762656,-0.55067617,0.22613628,-0.6777743,-0.011088765,-0.020157479,-0.4192243,-0.24892004,-0.15316498,0.14020154,-0.14947554,0.14003499
0.35998866,0.1625293,1.2921901,0.0031025507,-0.44223425,-0.32900152,-0.24790499,-0.08955246,-0.13388456,-0.57022995,-0.13838948,0.038785014,0.07092002,-0.0055314116,-0.020181796,0.006955417,-0.018985847,-0.06680621,0.07009044,0.11610693,-0.023062164,0.12859105
-0.67991954,0.24849376,-0.37336838,0.77679783,-0.261583,0.5944573,-0.61943436,0.026170691,-0.12770881,-0.071614794,0.0021120915,0.069151506,-0.4919275,-0.17280804,-0.1593574,-0.13453554,-0.17809406,0.17066501,0.049125765,-0.2734773,-0.0073375446,-0.055049405
-0.98269266,0.015786348,1.2014827,0.09918311,-0.28279397,-0.06670303,0.24997807,-0.3834775,-0.01017775,0.019240985,-0.06500746,0.2924549,0.040746767,-0.06914874,0.14992239,0.45588586,0.171834,0.28944314,0.01642207,0.06683847,-0.02314762,0.167714
0.6043887,0.7524348,-0.092232674,-0.059109606,-0.4101612,-0.43025774,-0.016004592,0.3513103,-0.14385381,-0.30595803,-0.031172503,0.11130371,-0.003911911,-0.06550873,0.050214134,0.31062144,-0.09817533,-0.19907707,0.6481356,0.04034098,-0.018951533,-0.036655568
-0.8932193,-0.2774739,0.8619545,0.19099101,-0.08969975,-0.9263579,-0.21989909,0.49692592,-0.23749743,0.19964159,0.31005657,-0.013096912,0.1513208,-0.31512943,-0.30551317,-0.063254245,-0.08748291,0.20842262,0.005159162,-0.2929281,0.03600101,0.02550132
-0.669095,-0.15855725,-0.45338607,-0.52059615,-0.32095817,0.009586351,0.23652935,0.30253536,0.8509421,0.10561499,0.0676804,0.38213515,-0.061272975,0.36403888,-0.10834033,0.015862841,-0.22697754,0.14215851,0.14476202,-0.009292879,0.97677255,0.033430565
-0.6390259,0.636889,-0.15722778,-0.050222605,-0.05571737,-0.13430835,0.0012692282,0.027117075,-0.012066029,0.14673992,0.056050155,-0.24994895,-0.06959449,0.0035139937,-0.27320135,0.06508184,-0.08657157,0.35815305,-0.030957827,0.11803395,0.005241301,-0.010781323
0.72748697,-0.18888801,-0.08132555,-0.5595899,-0.22219484,0.15985054,-0.04446367,-0.6202027,-0.029098282,-0.34878552,-0.07818405,-0.20193906,-0.09149629,0.21508482,0.1989332,-0.1414674,-0.24092434,-0.11803796,-0.21819465,0.1632851,-0.010378711,0.20949072
0.7501167,0.5038525,0.19613717,-0.065610796,0.2820149,0.030653909,-0.27053493,-0.3291856,0.00296799,-0.1892403,-0.06472537,-0.1996887,-0.05059674,0.07088373,-0.14123443,-0.0013421611,0.03470129,-0.10204375,-0.10317313,-0.26164564,-0.07185084,0.18543495
0.73539054,-0.5530139,-0.4031737,-0.31727356,-0.2352293,-0.69429845,-0.03329393,-0.06147271,-0.24541448,-0.17373975,0.23967066,-0.16699383,0.032214545,-0.045506816,0.0042953263,0.003214407,-0.29006612,0.022082003,-0.1328633,-0.07672474,0.053667583,0.10672389
0.9180394,-0.16758035,0.01656403,-0.5489702,-0.2506441,0.15915394,0.23511542,-0.31151506,0.037066247,0.5214096,0.11023605,-0.19205384,-0.22535835,0.17748918,0.43338785,0.35665947,-0.26353607,0.361814,0.058565583,-0.27184072,0.0077718236,-0.09463032
-0.74066544,0.42178485,-0.008023715,0.029491061,0.2177351,0.12270417,0.23244445,-0.6268231,0.083785154,-0.062915,-0.03715183,0.0890304,-0.0045038844,-0.025299693,-0.3700045,0.0054005478,-0.07663457,0.008020434,0.09784558,0.05036681,-0.021677302,0.025631988
0.6835609,0.053736232,-0.3185678,-0.6021475,-0.6999552,-0.18510005,0.14205323,0.20876431,-0.15882744,-0.2259377,0.0069646575,0.21612875,0.030334273,-0.005626963,0.040674616,-0.013955204,0.13414015,-0.031927425,-0.014784834,0.057321176,0.02740008,-0.1289689
0.946452,0.07983564,0.05643108,0.88697654,-0.095781855,0.74242836,-0.42379853,-0.10732302,-0.046176188,0.3862669,0.1010898,0.045333646,-0.42448118,-0.24057582,0.010084333,-0.21119125,0.183656,-0.2793696,-0.06731095,0.04765477,-0.0079692155,-0.05134022
-0.63547933,0.4824347,-0.028594663,-0.16291767,0.6283708,0.2512254,-0.33390397,-0.19981252,0.042406026,0.050349142,-0.00533761,0.05302293,0.029418387,-0.028220054,-0.17638731,-0.1490103,-0.11088899,0.27657253,-0.009952159,0.12913963,-0.0036630817,-0.019565387
0.8789703,0.44916853,0.26751375,-0.101013005,0.50725794,0.13249174,-0.17255628,0.0047098454,0.055301342,0.41190928,0.10249009,0.009668212,0.016676074,-0.062703624,0.14056906,-0.2730089,-0.34893918,-0.36251464,-0.103705816,0.13655053,-0.041639358,0.06434195
0.63513523,0.5993362,-0.044975616,-0.017399415,-0.108079694,-0.20937046,-0.23401599,0.101700164,-0.10282672,-0.5125402,-0.08049324,-0.017551756,0.09444866,-0.05041386,0.7753128,-0.29781199,0.26441675,-0.682721,-0.14761208,0.11428394,-0.0652599,0.21173917
0.6132041,0.5491093,0.08185576,-0.11293762,0.25135702,-0.02265975,-0.36440206,-0.19610126,-0.031169485,-0.57080823,-0.122395925,0.100540094,0.038585365,-0.019208072,0.16223809,-0.31601733,-0.012751314,-0.13909662,0.37021732,-0.41184464,-0.032211322,-0.11819553
-0.7089518,0.13385075,-0.23368648,0.66227645,0.026502289,0.57451165,-0.22531313,-0.09608497,0.7713528,-0.07019633,0.22383301,0.3095938,0.34638008,0.4503879,0.31038895,0.17269173,-0.19497646,0.30764496,-0.09865788,-0.09297443,0.028588293,-0.24749441
-0.94617265,-0.21056157,0.87894505,0.9287635,-0.9007467,0.35744035,-0.3892804,0.045406394,-0.18988131,-0.05345511,-0.0015145985,0.12561059,-0.4243977,-0.22619103,-0.111020416,-0.007295007,-0.05953226,-0.10935619,-0.104463436,0.13145047,0.047390137,-0.20260596
0.8363279,-0.015498335,-0.020793406,0.35753593,0.19999006,-0.73047936,0.1279865,-0.15852013,-0.104062624,0.15359893,0.3134793,-0.2961904,0.11530817,-0.22652742,-0.042870022,-0.14732738,0.1345546,-0.100237966,-0.028725456,0.04482489,0.050596543,-0.089771785
0.6738404,-0.3173006,-0.36770192,0.8282135,0.06000962,-0.24405763,-0.6623036,-0.049914308,0.0047614737,-0.5299227,-0.6198257,-0.3704593,0.66767144,-0.40868017,0.08127531,0.30553132,-0.017628504,0.11312079,0.066710785,0.00298151,-0.14899753,-0.045126934
0.85324323,0.45277616,0.16271587,0.054158226,0.22117816,0.13889542,0.46785668,0.6311046,-0.2139511,-0.20540307,0.10252135,-0.52590346,-0.11011041,0.030534726,0.010125188,-0.010264508,0.12728654,0.03297717,0.079462856,0.07524749,-0.024589427,0.04956607
0.9096493,0.30999872,0.0583906,0.6565696,-0.3641333,0.35111716,-0.07676706,-0.10756493,-0.078835145,0.49495268,0.07673123,-0.34616938,0.23088746,0.23610167,0.25652832,0.2474983,-0.23097594,0.3735847,0.17156683,0.042035155,-0.002073553,-0.14173056
-0.5417077,-0.99293983,-0.5826751,0.15655823,0.401173,0.39294174,-0.51110816,-0.30280158,-0.23072426,0.1661451,0.23915423,0.18922167,0.55511606,-0.0022623441,-0.33945215,-0.29109898,0.21590364,0.08640314,0.042704638,-0.10284497,0.016234893,0.052247927
-0.48134145,0.33800063,0.07563958,-0.13447088,1.0327787,0.6238183,0.1826427,0.6448244,-0.15605941,0.20586206,0.12421704,-0.14791553,-0.074133396,-0.030173155,-0.11869925,0.33539543,0.15097845,0.12603603,0.2161533,0.15495123,-0.037795544,0.11997639
0.7366844,0.48844323,0.1821332,0.018784562,0.095076054,-0.05911307,0.20751914,-0.20379621,0.043925866,0.14670728,0.041659795,0.15868412,0.0211658,-0.05155071,0.08777737,-0.2533843,-0.5834864,0.18243527,-0.22392237,0.07082483,-0.025809756,0.13835002
-0.78965724,-0.79685324,0.829784,-0.03555738,-0.7098753,0.57718396,-0.4394511,-0.114269175,-0.1654427,0.3534047,0.020705273,-0.22104283,0.17898653,0.3564582,0.37313733,0.1728624,-0.3863373,0.22891897,0.18997774,-0.25854105,0.0019133164,-0.09544239
-0.66905546,-0.5001668,-0.39490664,-0.013310052,-0.16180831,0.9104889,-0.21439824,-0.5936664,-0.096413985,-0.0023223818,-0.06970834,0.166421,0.31279513,0.2775409,0.34257716,-0.0037140048,-0.0106480885,-0.19073641,-0.0044137416,-0.09316847,0.063464865,-0.54433286
-0.48617533,-0.030471073,-0.16908143,1.1195674,-0.44712192,0.6244287,0.0313391,-0.28465557,0.89352435,0.41020963,0.42757964,-0.19407417,-0.60976297,0.14318423,-0.36807787,0.07758266,-0.07107208,0.082289286,0.1181139,0.13383162,0.032646783,-0.007950104
0.9672913,-0.66767645,-0.20108284,-0.44993687,0.46671897,-0.2973885,-0.32501122,0.025876943,-0.16161616,0.38483825,0.33842096,-0.08387002,0.07119566,-0.11497495,-0.14396922,0.03734431,0.045607194,0.09998345,-0.0011069737,-0.09484092,0.054383337,-0.026628481
-0.6996823,-0.1450354,-0.27818027,0.2433562,0.8877422,-0.23428395,0.40719932,0.62706846,-0.34745443,-0.30258587,0.29385155,0.032072227,0.14796555,-0.28358877,-0.084366605,-0.103498064,-0.1201202,-0.06702732,-0.041444246,0.059426922,0.044429023,0.004589718
0.9383182,-0.8493135,-0.19548187,-0.34395924,0.7784925,-0.44346514,-0.26051784,0.11254363,-0.22250648,0.6181083,-0.16158135,0.3462387,-0.1617778,0.44093832,-0.053622168,-0.09043988,-0.074197635,-0.1437567,0.24929558,0.16880904,-0.1787625,-0.24448729
0.8142578,0.5119379,0.20253049,0.08446728,-0.11206184,-0.12818958,0.27212352,-0.3001756,0.05366881,0.20946802,0.06554422,-0.24132618,-0.068161994,0.012560905,-0.10470355,0.007056927,-0.119064085,0.17226917,-0.020485234,0.08640976,-0.006029007,-0.051384456
0.67732793,0.6617869,0.014780216,-0.044721518,-0.18385686,-0.27712923,-0.0809194,0.12551287,-0.09802412,-0.18532217,-0.02538029,-0.056350086,-0.022001458,0.0067954194,0.016963743,0.19533506,-0.145519,-0.115621276,0.00324519,0.09294732,-0.022737406,0.039131172
0.9007913,0.09688711,0.06672716,1.017899,-0.5311649,0.5270207,0.13702649,-0.22709167,-0.0018350923,0.61531526,0.1593375,0.06441914,-0.5256568,-0.23550205,-0.27613765,-0.06944187,-0.2316888,-0.20823795,0.015351798,-0.28835392,-0.073159434,0.24563189
-0.9682542,-0.30038416,0.84472823,0.16195866,0.022655277,-0.8591511,-0.57870156,0.24556088,-0.291977,-0.2824388,0.17341672,-0.26348913,0.107983366,-0.16153604,-0.073910154,0.20841043,-0.041449957,-0.05489699,0.0919385,0.1170598,0.082813576,-0.1227779
-0.49529892,0.4150657,-0.058662117,0.102039784,0.11616554,-0.023901146,0.26420644,0.27613655,0.9533731,0.5776712,0.47794682,0.029782645,-0.037143886,0.16784444,0.055552512,-0.1486626,-0.10157149,0.26152354,-0.10084297,0.093368635,-0.01788269,0.22684513
-0.9890215,0.08599079,1.0290704,0.14250222,-0.6223048,-0.4100321,0.10571931,0.35698757,0.7650104,-0.16004223,0.2996136,0.11781514,0.014798584,0.19312014,-0.085021846,0.08771853,-0.0025860495,-0.21871498,-0.10483467,0.14092864,0.022258181,-0.042159703
-0.6941405,0.17093694,-0.06643864,0.46235302,0.11789127,0.48393282,0.7610374,0.009225785,-0.0916219,-0.42317623,0.06468264,-0.072952636,-0.9048731,-0.3795212,-0.234927,-0.10876902,0.25651303,0.0086050285,0.21200608,-0.24975994,-0.011935659,0.12221035
0.7021156,0.34094408,0.20489979,0.019776175,0.5762031,0.37067083,0.4255983,0.30951875,-0.20592146,-0.53675073,-0.03871295,0.038021557,-0.015456334,0.0007753724,0.22813447,0.09862691,0.021527946,0.22980495,0.0022505526,-0.09485413,-0.0067009926,-0.06574214
0.63049984,0.5571881,0.048987407,0.032653634,-0.12112919,-0.16290386,-0.00711403,-0.2871508,-0.05030606,-0.50157946,-0.107117385,-0.007395477,0.056034476,-0.012215123,0.065808445,-0.119389705,0.15153383,-0.11727275,-0.022877125,0.10292983,-0.027989717,0.14215492
0.80231345,-0.465978,-0.024129221,-0.28019118,0.08635825,0.16290337,0.930134,0.18389724,-0.22031105,-0.05477573,-0.7565033,-0.012750099,-0.4527797,0.82653576,-0.24604213,-0.05750922,0.2615973,-0.06105528,0.1461775,-0.3262713,0.63121516,0.18106939
-0.4527477,0.18409629,-0.25086984,0.92240787,-0.41593704,0.61880445,-0.2595551,-0.06143569,-0.06097898,0.571422,0.13165106,-0.26746276,-0.5754766,-0.15109497,-0.10070725,0.32145426,0.21254662,0.18824941,0.0506182,0.12989134,-0.008537216,0.15276854
-0.945683,-0.39732507,0.88899183,0.28702876,-0.035263933,-0.7942438,-0.15408827,0.12631303,-0.22854424,-0.098092146,0.20560049,0.068515554,0.22810763,-0.3186594,0.05104251,-0.04322222,0.50824606,-0.14839657,-0.30284968,-0.27623472,0.028722178,0.05867967
-0.6486998,0.6357928,-0.18613766,0.001223361,-0.2222642,-0.22328551,0.21574743,0.14361128,0.0042482587,0.2614176,0.1116159,-0.16409606,-0.04291857,-0.07589165,-0.0447805,-0.18537152,-0.22578913,0.07221657,0.047646303,0.12559548,3.6222642e-05,0.011884172
0.7603595,0.5522449,0.15843184,-0.10776477,0.2901318,0.010473824,-0.3935494,-0.18241824,-0.023691658,-0.19242638,-0.06577011,-0.21261495,-0.06590336,0.082703814,0.03243932,0.090947196,0.01650286,0.13880748,0.022434581,-0.26321152,-0.04061652,0.063794345
-0.65369284,-0.54182327,-0.6507769,-0.30771425,-0.25920737,-0.6347139,0.20047508,0.028377727,-0.22161141,0.09902753,0.31043392,-0.04424423,0.083577365,-0.15595838,-0.36546934,0.036002744,0.04186284,0.088698536,-0.26037687,0.071367994,0.08733623,-0.060641516
0.51414704,-0.07135904,1.3870603,0.26770383,-0.21900362,0.058972433,-0.3620618,-0.075492956,-0.039025266,-0.14597708,0.004464473,0.30134428,-0.70846635,-0.43966058,-0.27934614,-0.15416151,0.07246012,-0.13533905,-0.07491619,0.10221088,0.049545385,-0.20243579
0.78284025,-0.74061865,-0.29486385,-0.38493356,0.4723345,-0.24035051,-0.13050105,-0.16157511,-0.13980237,-0.10961308,0.24697527,0.54879725,0.3035129,-0.28388655,0.3963918,-0.48261926,0.11429539,0.24675567,0.27640548,0.06061966,0.043123204,0.076061554
-0.5589922,-0.28965747,-0.37256786,-0.78119886,0.31788564,0.44120446,-0.40767398,-0.0065540257,0.32218197,0.11398785,-0.6864635,-0.115463085,0.12931673,-0.38957652,0.044032365,0.33061805,0.11146668,0.18918735,-0.0031851858,0.1338695,-0.18561286,0.05322339
0.7069143,0.17910175,-0.2454987,1.0050969,-0.67458165,0.3248052,-0.34483644,0.22796802,0.70774645,-0.53219545,0.27087447,0.33556333,-0.3283325,-0.01915863,-0.33545583,-0.6770166,-0.03729211,0.39534298,0.15766518,0.0959039,0.07899678,-0.08562298
0.85589576,-0.31594315,-0.018108623,-0.6326633,0.29690582,0.34920016,-0.19252692,0.15490502,0.8236018,0.17701863,0.34182543,0.44585478,-0.004395094,0.32238692,0.23623662,0.1230492,-0.23807503,-0.38090536,-0.32378945,0.1968094,0.030281313,-0.10898939
0.8160097,0.30152074,0.38384545,-0.003897155,0.6330988,0.33186266,0.03992228,-0.6831602,0.13106868,0.12953773,-0.017522195,0.18138207,0.04898124,-0.049815074,-0.1902995,-0.0770209,0.07397774,-0.09747335,0.16794604,-0.012769791,-0.051027726,0.10751888
-0.68454915,-0.82863766,-0.5429237,-0.1734843,0.24335995,-0.6241214,0.099981725,-0.41874972,-0.19329283,0.06078863,-0.27378953,0.05638901,-0.25461772,0.53684306,-0.11387152,-0.30976272,0.020812696,0.039297935,0.1562082,-0.24444683,-0.18992373,-0.17133237
-0.43494636,-0.20010342,-0.25217584,0.1837123,0.7964113,-0.47067162,-0.19100943,0.46820176,0.30206826,0.90369004,-0.56987625,-0.37795654,0.18464606,-0.6463635,0.334668,0.4675735,-0.2026627,-0.63983446,0.20408799,0.08135356,0.7603569,0.23869422
-0.6462337,0.3462255,0.023424974,-0.10512376,0.8742862,0.5203214,0.12891938,0.32528135,-0.16067283,-0.3575783,0.0169946,-0.32362387,-0.117804185,0.070681624,-0.20746613,-0.030245427,-0.18698718,0.10297144,0.16689135,-0.051733576,-0.017538605,-0.048760016
0.6763411,0.44315615,0.08532417,0.1426938,-0.13904877,-0.20806408,0.34259322,0.08147208,0.85474956,-0.14300914,0.2919098,0.44697616,0.049959008,0.16202639,-0.15959026,0.089515775,-0.15033998,0.022013454,0.19501397,0.02880183,-0.027233655,0.21842243
-0.6882954,0.6635905,-0.24843028,0.009092169,-0.2731882,-0.22679919,0.19915543,0.1912319,-0.052062124,0.07683761,0.050140444,0.004783831,0.036802474,-0.11718508,0.011867575,-0.02133615,0.28289148,0.19290265,-0.22128513,0.103648864,0.032310043,-0.1551354
-0.6361826,-0.7071906,-0.53267926,-0.38687545,0.39503118,-0.22758831,0.06980679,-0.11683513,-0.1508892,0.18827666,0.27635437,0.5593647,0.22278199,-0.26869273,0.14578642,0.00977364,0.05500824,0.40243858,0.037826177,0.114476554,0.09363449,-0.049765076
-0.70143634,0.0883439,-0.2745613,1.0747119,-0.65435356,0.5965632,0.12631412,-0.6203943,-0.07069297,0.02438896,-0.043338817,0.08838021,-0.5475504,-0.1392512,0.11877132,0.7376026,0.34866527,-0.17976405,0.26450422,0.09132597,-0.017759029,0.12921073
0.6371228,-0.004655158,-0.2532724,0.45996764,-0.11619412,-0.96365345,0.15738744,0.26904547,0.6277446,-0.44464743,0.4791898,0.21522203,0.17326157,0.016148949,0.47536394,0.21635748,0.19517899,0.04234871,0.017050356,0.04139116,0.0886528,-0.06560533
-0.8526012,-0.5646234,0.92553055,-0.7245886,-0.20989735,0.16120687,-0.335698,0.06733879,-0.074362166,0.14292261,0.03420104,0.14433856,0.0110652065,0.029997252,0.062491387,-0.3937884,-0.44741186,-0.020007968,-0.21682325,0.0598033,-0.027375238,0.3552475
0.6724179,-0.033481043,-0.20001897,-0.7939583,0.01246777,0.15725514,-0.51302326,-0.06934233,-0.14801171,-0.5009665,-0.114953145,0.17722072,-0.007867139,0.13620909,-0.1580718,0.11754904,-0.13010794,0.02511626,0.15133585,0.03592945,-0.015693024,0.08234763
-0.65666395,0.0511528,-0.5278245,-0.64802,-0.5809718,-0.08788874,0.08278764,0.28893325,-0.11919055,0.09255463,0.07757587,-0.02614189,-0.064077,0.01655171,0.09639459,0.035488468,0.049740173,-0.17775215,0.11816276,0.12225487,0.019949244,-0.010431701
-0.9430822,-0.6799833,0.93415105,-0.5826386,-0.2003647,0.3501291,0.44186318,0.53923947,-0.31330922,-0.2942381,0.037726298,0.0145819485,-0.099691845,0.11577037,0.051234297,0.18003559,-0.36194503,0.16850515,-0.38739547,0.06696202,0.03483762,-0.1648963
-0.71522087,0.43457118,-0.043050524,0.057053052,0.12853591,0.087613255,0.052053858,-0.69141906,0.06335945,-0.29248017,-0.0725544,-0.2982408,-0.024576068,0.04099793,-0.19575769,-0.18041043,0.2795974,-0.18250604,-0.0640865,0.13567969,0.003764588,-0.0644689
0.6801446,-0.5191397,1.3799416,0.71919465,-0.103849255,0.706097,0.16453128,0.51441324,0.07394783,0.00068874983,-0.6224935,-0.6550666,0.44845378,-0.27343225,0.06614056,-0.03704825,0.0636862,0.059782136,-0.25877488,-0.35072595,-0.23528573,-0.15881911
0.8303029,0.5771217,0.13900341,-0.04106566,0.042453423,-0.10955161,-0.20309004,-0.037483204,-0.009702332,0.035190966,0.02805094,-0.3937007,-0.08939908,0.046257656,0.19501822,0.05496962,0.0074470416,-0.08281558,0.39395523,0.110693164,-0.0005972324,-0.06255639
-0.6451607,0.025142029,-0.49926552,-0.6800496,-0.3999428,0.006626517,-0.09237228,0.18655407,-0.11924299,-0.0033049935,0.04569867,-0.0927956,-0.042570923,0.062057313,-0.039559405,-0.06795275,0.12149918,-0.048471056,-0.33092982,0.13350555,0.010598924,0.026780399
-0.9794644,-0.12280093,0.9909456,0.623955,-0.6318995,0.27800158,-0.35289583,-0.19922645,-0.19326845,-0.1055471,-0.09908511,-0.13797566,0.317665,0.24213347,0.064231336,0.2619982,-0.22778368,0.021491224,-0.10083319,0.10126734,-0.0025843289,-0.10074099
-0.7356617,0.6205255,-0.19777545,-0.022468502,-0.14666761,-0.17005616,0.03145059,-0.01875735,-0.042106017,-0.043591887,-0.0028301384,-0.16395189,-0.092095755,0.020874172,0.22912161,0.287315,-0.13183202,-0.08040512,0.21299823,0.124890484,0.01366738,-0.105734624
-0.7237445,0.53162104,-0.14604229,0.06788139,-0.16790494,-0.12527482,0.27530718,-0.25785217,0.044901982,-0.05997871,0.030963344,-0.13647954,-0.0058311573,-0.07200665,0.0662737,-0.37070167,-0.040740296,-0.18861131,0.1621813,0.11795009,0.01472101,-0.12507527
0.8931092,-0.42149436,0.1052011,-0.5864668,0.577662,0.7654922,0.53008807,0.22028913,-0.16946821,-0.054209102,0.08795341,0.14204344,-0.012206115,0.035865337,-0.08233274,-5.191444e-05,0.18071686,-0.102316976,-0.09130997,0.115760505,-0.021944093,0.036678325
0.86720675,0.5469617,0.21118549,-0.044826392,0.097881906,-0.09077922,-0.17163529,-0.096132495,0.027927514,0.23611301,0.07659646,-0.53633016,-0.16966648,0.09827583,0.09410039,0.07512758,-0.3635273,-0.20059419,0.42504612,0.12840241,0.000613667,-0.113348715
-0.92462903,0.049094595,0.9964851,0.18329561,-0.27472466,0.019844098,-0.7832449,0.102388695,-0.10724093,-0.4278842,-0.054008715,-0.12268763,-0.79383117,-0.3327995,0.12481759,-0.0788606,0.25724688,-0.00979818,0.06886372,0.2240855,0.052328,-0.010990101
0.39304236,0.10371138,1.2501936,0.111461364,-0.4085032,-0.67974377,0.014858358,0.4223206,-0.2233544,0.11452815,-0.52673167,0.4571858,-0.23587917,0.5294931,-0.01619222,0.015219928,-0.20314513,0.016115014,-0.2746982,-0.2224802,-0.28509974,-0.09736329
0.86816853,0.52587086,0.22622265,0.05611634,-0.08007926,-0.12951545,0.34683588,-0.02766402,0.05212455,0.5670101,0.13990654,-0.09841761,-0.08026449,-0.05796682,-0.06804589,0.14956275,0.014969374,-0.10699802,-0.15037535,-0.3097064,-0.036794726,-0.12594834
-0.57623786,-0.31384575,-0.48975366,-0.017728955,-0.56534356,0.6200452,-0.072848104,-0.15201852,-0.13549392,0.33647737,0.045209877,-0.024144817,0.25370613,0.2606557,-0.26019612,0.108502805,0.04223864,0.2498915,-0.046484046,-0.33636335,-0.034446176,0.0049087238
0.9125285,0.4324239,0.22113314,0.12865303,-0.0034385326,-0.022441717,0.4667888,-0.050450135,0.11392589,0.6046439,0.17482746,0.081613004,0.059141524,-0.1867331,0.75825334,-0.43059596,0.10284994,-0.017431287,-0.013684356,0.04826325,0.0037296119,-0.08659935
0.9008206,0.20924476,-0.09353275,0.90556014,-0.44628814,0.5271377,-0.19179007,0.27843082,-0.10693181,0.41335902,0.13465074,0.368441,-0.3354602,-0.3818604,-0.053554844,-0.112091124,0.43784145,-0.07276568,0.14274688,-0.023935525,-0.04167057,0.112232216
0.93950045,0.4229897,0.26676357,-0.09277068,0.6454214,0.26792446,-0.15515244,0.045691624,0.064794175,0.45068935,0.099489324,0.280741,0.15838322,-0.18380557,0.24926554,-0.28309175,0.38728446,0.056919143,-0.1537216,0.13617826,-0.026331756,-0.005406266
0.90024626,0.4383639,0.21770318,0.14123833,-0.07098938,-0.06985436,0.29099917,-0.18793888,0.063718155,0.41439152,0.11195673,-0.31331316,-0.021652533,-0.034146566,0.5931308,-0.21292311,0.19716105,-0.51912636,-0.52624816,0.16196619,-0.056929227,0.25294244
0.93493146,0.43696588,0.11239462,0.24236172,-0.0017715251,0.10176628,-0.3870783,0.059801616,0.030155221,0.18248168,0.133838,-0.3192819,-0.87168306,-0.34409457,-0.03351286,-0.22171696,0.15548308,-0.028690847,0.07677279,0.15254222,0.04344201,-0.16166423
-0.8567737,-0.99686825,0.86225885,1.245698,0.05720975,0.3041944,-0.28914747,0.23535787,-0.48453635,-0.5144576,0.20636886,-0.5293224,-0.47683394,-0.20049188,0.017601158,0.29091132,0.039244495,0.026771314,0.12429409,0.10660455,0.09664861,-0.11586447
-0.6516904,-0.03234994,-0.44043952,-0.6404615,-0.3376442,0.0953959,0.22474082,0.10166924,-0.070944235,0.23423456,0.06960317,0.33605686,-0.001769829,-0.025935413,0.025866093,0.16216817,0.05994518,0.39683285,-0.17710319,0.034556583,0.035476506,-0.10979952
-0.722384,0.59583634,-0.18513344,0.0022374417,-0.15392299,-0.15746143,0.09863565,-0.08295475,-0.018328225,-0.069936335,0.0055740317,-0.15299785,-0.03825111,-0.032915622,-0.026829083,0.03475235,0.05174591,-0.2606035,0.23417337,0.122240126,-0.027010836,0.10998385
-0.6352628,-0.4284512,-0.31113398,-0.45953447,-0.2267657,0.3262387,0.2651856,-0.89477116,0.4471983,-0.24831752,-0.7454695,-0.4730729,0.083433636,-0.34586573,-0.16386694,-0.004125099,0.42825335,-0.046822987,0.3799993,0.1264156,-0.19945496,0.20563658
0.9240626,0.18211594,0.16649519,0.5101733,0.33238652,0.7223226,-0.32592127,-0.072053276,-0.071849845,0.5488507,0.045134157,0.27453026,0.45214346,0.068231024,-0.20694481,0.1106077,0.08623462,-0.19525947,-0.02830986,0.10109406,-0.0763261,0.15975812
0.9388371,-0.99059653,-0.2023692,-0.38321134,0.6721686,-0.23735066,-0.44354188,0.09267344,1.1117998,0.1414947,-0.07456223,-0.2816211,0.1735693,-0.24273744,-0.35084233,0.044131827,-0.54434925,-0.027598623,0.19723773,0.07656086,-0.06811066,-0.3381855
-0.73647016,-0.26359147,-0.17530224,0.45141932,0.61214674,-0.25354934,1.0513471,0.12477032,-0.2446858,-0.17865318,0.31185085,0.09037725,0.099833176,-0.2956181,-0.1424523,0.022928564,-0.05429928,-0.071706936,0.057887003,-0.15087523,0.06251527,-0.2342363
0.66156775,0.27377105,-0.20207658,0.78435653,-0.3646537,0.48684594,-0.86220294,-0.0056521087,-0.23114166,-0.5889864,-0.12188773,0.030642139,-0.44252723,-0.10728646,0.028486734,0.05285855,-0.007744316,-0.179,0.11817513,0.08886861,0.02592978,-0.175915
0.8472314,-0.05176126,-0.10374329,-0.6188037,-0.40396172,-0.028725106,0.22183439,0.08989253,-0.023383588,0.4226722,0.1510393,-0.003665346,-0.112108976,0.05009565,-0.15037546,-0.17588589,-0.45910087,0.014076316,-0.12678765,-0.2858499,-0.014894664,-0.05290265
0.77790034,-0.7814357,-0.34414092,-0.17215176,0.015210832,-0.48078737,0.1240197,-0.056683674,0.6630577,-0.25200626,0.50262874,0.3778176,0.17999864,0.097796425,0.030981021,0.18175356,0.49434933,0.17465618,-0.050418943,-0.015831292,0.06715598,0.12928407
0.82886237,0.5417174,0.17589012,0.05195056,-0.102292724,-0.14323007,0.18189861,-0.15257625,0.022475537,0.18442467,0.06890399,-0.23479638,-0.023066822,-0.0313517,-0.27857825,-0.096436046,0.09682482,-0.06662054,-0.09907379,0.09671005,0.0035750854,-0.1027323
0.7465787,0.5987535,0.10112497,-0.090134665,0.110828854,-0.10775937,-0.09888551,0.17261143,-0.062119033,0.10141224,0.018104946,0.15155752,0.015862048,-0.05038287,0.008003181,0.24625623,-0.11187602,-0.101695165,-0.07248603,0.033995137,-0.039787177,0.062780574
0.9114435,0.459742,0.27069277,-0.09543926,0.50562686,0.15363957,-0.3288562,-0.17052735,0.061031953,0.21730386,0.05160949,-0.27484688,-0.02247666,0.011230159,0.053578947,-0.3135465,-0.102104224,0.008833339,0.009991221,0.09871306,-0.015788738,0.059427187
-0.66809374,-0.24024117,-0.25846598,-0.5471551,-0.09643353,0.33999878,0.29139063,-0.7107213,0.050663307,-0.015616153,-0.019368604,0.14062783,-0.039906334,0.07153342,-0.18875575,0.0045607644,0.099768355,0.21118112,0.05756543,0.058417685,0.011335041,0.03388884
-0.8459831,-0.4924165,0.8762349,-0.7820655,-0.20903948,0.14784418,-0.3360323,0.40623963,-0.14233747,0.29924113,0.05044454,0.46217197,0.06069673,-0.053226516,-0.00210512,0.18800706,0.0027248368,0.019586418,-0.08186338,0.028562628,-0.02028074,0.13640904
0.8952294,0.2985886,0.33736867,0.09046858,0.506415,0.3734928,0.87011385,0.47638592,-0.112513356,0.28741068,0.16916867,0.032543603,-0.048482217,-0.11808815,-0.10049929,0.14381336,0.15366167,0.0025239347,0.07337546,-0.23577411,-0.028117364,-0.12605272
0.5949399,0.31077206,0.22317721,0.052165307,0.5202459,0.34850463,0.57594466,0.06693012,-0.20044126,-0.7065614,-0.08482483,0.14780279,-0.021525668,0.032538053,-0.13772097,0.19892657,-0.18664297,0.07895026,-0.07575744,-0.12403596,-0.035618156,-0.038190074
0.6261134,0.47572592,0.14304215,-0.161516,0.59915817,0.17707035,-0.3298307,-0.17820801,-0.025241107,-0.4159483,-0.107025646,0.5793299,0.20909482,-0.13030128,-0.1345283,-0.35937235,-0.12661152,0.037550423,-0.06512212,0.12610616,0.009580776,-0.18987201
0.78579426,-1.0240346,-0.538568,0.6308208,-0.48960015,0.11276146,-0.4082488,-0.3630448,-0.30111602,-0.20466751,0.21200073,0.011317529,-0.40811557,-0.18223102,0.31457168,0.014413707,-0.30173892,0.3089482,0.005415366,0.08831895,0.11551273,-0.023499178
0.6546942,-0.0749632,-0.1731639,-0.5813807,-0.44095552,-0.005851887,0.21859398,-0.33693203,-0.03148397,-0.25083894,-0.029493274,0.23264918,-0.058519863,0.089957066,0.032620292,-0.19471481,-0.5217158,0.64038634,0.18658908,-0.3067013,-0.0045937877,0.06667553
-0.722249,0.56469613,-0.13295886,-0.014526888,-0.020428669,-0.07757027,0.15109354,-0.15668496,0.017257115,-0.011750452,0.009619517,0.017019486,-0.0076308413,-0.07707488,-0.3092215,-0.12377372,0.10696797,-0.044406798,0.057310633,-0.275535,-0.030525265,-0.004425842
-0.6275596,-0.37157208,-0.5767338,0.17408763,-0.9349684,0.49178803,0.36143172,-0.21563335,-0.09207132,0.25186858,0.08364821,0.06335451,0.36292797,0.15454811,0.7502001,-0.6004318,-0.14101638,0.16342844,-0.19124728,0.08842895,0.027450338,-0.052647594
0.66341364,-0.5618077,-0.4305123,-0.24378987,-0.40342292,-0.74393636,0.30351007,-0.1325536,-0.22445694,-0.21291071,0.24740024,0.14581776,0.10767072,-0.14167169,0.021425385,-0.07469459,-0.33627206,0.34468335,0.016508,0.02223159,0.12616596,-0.28600314
0.84430295,-0.60414034,0.08618054,0.95084524,0.92143464,0.4982669,0.20707782,-0.1200094,-0.34554845,-0.16512011,0.22115183,-0.17868581,0.4145808,0.074582845,0.014756059,0.2110617,-0.33062539,0.2479939,0.28774628,0.15251996,0.030999944,-0.0036699087
-0.5334405,-1.0961004,-0.85527545,0.47308952,-0.5460101,-0.14544159,0.039069496,0.35973752,0.95595133,0.23408173,-0.04256038,-0.25213304,0.5985093,-0.20137891,0.4505973,-0.10362553,0.017554628,0.123499535,-0.05736859,0.021599246,-0.09998498,-0.09493342
0.8802494,-0.94265705,-0.32611087,-0.061920565,-0.28761336,-0.62702054,0.4484579,0.0007422541,1.0900469,0.17368162,-0.04981793,-0.28598812,0.18534476,-0.32507867,-0.22781278,0.38042048,0.19840148,-0.30780688,0.05621213,0.034321945,-0.11280673,-0.06893379
0.96543676,0.09814359,0.05783331,0.8595647,-0.053560298,0.7565041,-0.6328359,-0.19777541,-0.03330408,0.19532934,0.06858131,-0.21517174,-0.46148694,-0.19243465,-0.120926775,-0.46119994,0.39308754,-0.11705262,0.008642369,-0.27881044,-0.0035078602,-0.14528684
-0.72316945,0.30060458,-0.24850844,0.68048126,-0.45509255,0.3670816,0.11425062,-0.37772,-0.11114134,0.08569518,-0.037690505,-0.07062425,0.30349845,0.20154066,-0.3366338,0.32399932,-0.05228153,0.017767197,-0.22410329,0.039243806,-0.02718834,-0.07457359
0.75832176,-0.60995966,-0.35810864,-0.39043155,0.12322034,-0.48443997,-0.42479143,-0.20068398,-0.2526196,-0.42045185,0.16801897,-0.2638604,0.077935666,-0.011805454,0.039016355,-0.059068915,0.10649077,-0.09090045,-0.16645847,0.08365652,0.111910045,-0.24657667
-0.70626456,0.52050525,-0.10511839,-0.052220866,0.2249246,0.0717678,-0.056774404,-0.22687139,0.012639496,-0.07956769,-0.043984555,0.058982786,0.0055345623,-0.045452222,-0.021960242,0.010991173,0.3304489,0.03693804,-0.14833775,-0.37120435,-0.05919603,0.13886896
-0.69973224,-0.25907463,-0.2748783,0.5015083,0.7057207,-0.16571161,-0.3902646,-0.45725483,-0.08314508,-0.21085893,0.19338788,0.2461258,-0.6697107,-0.5512403,0.08063848,0.1378775,-0.024439802,-0.08716144,0.26723185,0.15684381,0.07911081,0.08620847
0.65585524,0.64505756,-0.02981467,-0.08210046,-0.004386821,-0.16188797,-0.12587702,0.25602412,-0.10637395,-0.31637552,-0.052845407,0.4075331,0.17553547,-0.17231122,0.117076814,-0.09631831,0.39052266,-0.010738219,0.03920363,-0.007880838,-0.028712746,0.026250092
0.68418235,-0.083934546,0.019321743,0.24468206,0.64656097,-0.50197953,-0.20551111,-0.51428455,-0.12855195,-0.34382522,0.13179992,0.022562787,0.15775897,-0.14939082,-0.27490973,0.030723663,-0.13466692,0.155067,-0.09427301,0.0070058214,0.048510224,-0.025619319
-0.5956506,-0.87928194,-0.40541244,-0.38907978,0.86846834,0.12728179,0.31754234,0.35028732,-0.31614435,-0.15289187,0.3294254,-0.058147646,0.025152948,-0.10645978,-0.07319782,-0.14410919,-0.34207913,0.040724993,0.12799753,-0.039228596,0.06963933,-0.09114964
-0.9331928,-1.4628733,0.62561095,0.52631277,-0.8832407,-0.13967136,0.37265393,-0.51256585,-0.2569628,0.2082959,0.22545701,0.20020539,0.4638039,-0.015724216,0.326973,-0.085792586,-0.19099158,-0.42942852,-0.055300675,-0.27614138,-0.0019053654,0.36286607
0.7378617,-0.069996335,-0.1795028,-0.68691766,-0.19682544,0.08151647,-0.39393714,-0.16968253,-0.116299815,-0.39321396,-0.07277585,-0.24582773,-0.09223983,0.20147571,0.25972772,-0.06345448,-0.17417945,-0.3556301,0.01114286,0.16805546,-0.006651761,0.16313127
-0.5538633,-0.7879628,-0.5954196,-0.12608264,0.2044402,-0.14254734,-0.39311743,-0.0790843,-0.154563,0.08440138,0.32493427,0.07955243,-0.7320465,-0.47434884,-0.019808987,-0.12674585,-0.014997451,0.09621754,-0.06425957,0.115303434,0.12262052,-0.01220684
-0.79921645,-1.5423677,0.89182055,-0.014929382,0.33837944,-0.29059315,0.76087624,0.2629314,-0.3846664,0.19967246,-0.15989476,0.050344065,-0.23913062,0.44902912,0.25074568,-0.1359203,0.29304156,-0.38307592,0.06865917,-0.023505343,-0.17856999,-0.2406034
0.7539402,-0.06672714,-0.16463408,-0.6124834,-0.34930673,0.056304675,-0.0694671,-0.2256008,-0.10275476,-0.26918122,-0.04385209,-0.06982273,-0.026421126,0.11781806,-0.21148357,0.070263945,0.30481216,-0.043243624,-0.22126302,0.08796321,0.020949997,-0.10182874
0.7443767,0.3824882,0.28991035,-0.06950581,0.6062441,0.26727435,-0.13998173,-0.45825583,0.046541024,-0.039220218,-0.066649064,0.29315272,0.054985404,-0.030949814,0.036342334,0.1488992,0.033118647,-0.007938461,-0.008799635,-0.021368412,-0.009804041,-0.13783774
-0.7142089,0.7115832,-0.26815617,-0.057078686,-0.27132696,-0.28864247,0.068464674,0.28623495,-0.063198894,0.04533052,0.056049254,-0.07339896,-0.03066653,-0.07663777,-0.13470057,0.04279099,-0.11109336,0.04678724,0.30119637,0.10064152,-0.012785873,0.05787516
0.8220345,0.6128532,0.12371825,-0.079611845,0.0473438,-0.15049776,-0.11161168,0.20743954,-0.016372897,0.21672477,0.07887613,-0.13426705,-0.040796544,-0.051001854,-0.050926823,-0.1178163,-0.053773604,-0.13031612,0.06677891,-0.28674862,-0.039739903,-0.03228343
-0.6650153,-0.3837785,-0.5224921,1.3457358,-0.45169753,-0.10981191,0.16030024,-0.3662836,-0.18549465,0.1049265,0.28889292,0.11868483,-0.31682262,-0.45145407,-0.2568385,-0.028574472,0.059525702,0.26524338,0.17695782,0.04936613,0.06494798,0.118243
0.70898736,0.22933294,-0.15516266,0.9882637,-0.7850255,0.33672312,-0.029408852,-0.027564678,-0.16274296,0.026538095,0.019194739,0.26346177,-0.44098216,-0.20954572,-0.03223682,0.19184375,-0.20420125,-0.13398938,-0.26605123,0.093841046,-0.041609224,0.26736915
0.8937082,0.5373867,0.22311561,0.037105843,-0.038741514,-0.116860606,0.16208504,-0.1443326,0.048747588,0.38073218,0.112366386,-0.3565366,-0.07552205,0.002600727,-0.36330715,-0.04558508,-0.05379418,0.09268812,-0.09249143,0.102341324,-0.008106977,-0.029796572
0.6098041,0.6934932,-0.043280713,-0.00027523164,-0.39720994,-0.39031464,0.1672923,0.1627822,-0.09048393,-0.2698005,-0.009051604,0.1534706,0.04873356,-0.09496627,-0.14611973,-0.09609932,-0.20630668,0.018977942,0.18658376,0.05190065,0.01127935,-0.15476719
0.930296,0.47235206,0.22250187,0.1475776,-0.110236,-0.06223641,0.49070844,-0.14955036,0.10488463,0.5574849,0.1430139,-0.04225868,0.01566779,-0.1424157,0.3197372,-0.17694835,0.5106728,0.2988492,-0.11616773,-0.3067789,-0.04712051,0.11575886
0.9752194,-0.9839267,-0.13604829,-0.27062404,0.8806548,0.074890785,0.38267067,0.8276219,0.5102266,0.07471875,0.6920173,0.20873441,0.0997931,0.098900676,-0.16478208,0.19794129,0.054993797,0.04289836,-0.12101341,0.2519242,0.1021596,-0.13427235
-0.6756704,-0.7328962,-0.5083796,-0.38701466,0.40653852,-0.24910444,-0.04915645,-0.28068328,-0.11326491,0.010629925,0.2816502,0.2358696,0.15129432,-0.18192278,0.17690992,-0.40916112,-0.29539534,0.08034278,0.0068097757,0.04628708,0.119259715,-0.42969173
-0.6581494,0.07044082,-0.53583944,-0.6637034,-0.57393134,-0.08824096,0.039576758,0.32818133,-0.14254218,0.09977386,0.06590506,-0.0153102605,-0.07848756,0.039323844,0.08268614,0.27744216,0.15155451,-0.1253697,0.054024674,0.104289494,0.014641292,-0.03413898
-0.7248612,0.59701586,-0.16679747,-0.13187945,0.2094181,-0.014811201,-0.08903302,0.15210417,-0.03448377,0.07610252,0.012258681,0.26093283,0.02688124,-0.09940573,-0.026463972,0.100547925,-0.14738771,-0.03907291,0.10843707,-0.050290056,-0.040747616,0.10974333
0.60619235,-0.36624897,-0.09987022,0.8068266,0.3204787,-0.6946835,-0.08766469,-0.7137231,-0.20606428,-0.49424732,-0.4006692,0.18811831,-0.9696078,0.16663246,-0.3096255,-0.0047276616,0.17846489,-0.2550198,-0.21960144,0.16957788,-0.14229858,-0.2858118
0.7462149,-0.09182456,-0.14910382,-0.7588402,0.07129571,0.20504664,-0.45331612,-0.08409805,-0.10783438,-0.2878557,-0.06130671,0.08007321,-0.0014738825,0.12734623,0.022293102,-0.15151261,-0.21387863,-0.16113506,-0.22087826,0.09542407,-0.046892215,0.32878065
-0.6787388,-0.103544995,-0.23324442,1.0795488,-0.0845328,1.0171763,0.70261127,0.26729897,-0.21347965,-0.068725996,0.09869857,0.41762033,-0.43355796,-0.3139258,0.53820515,-0.029736137,-0.040683724,0.020574274,0.16910732,0.055596244,-0.01532625,0.06818812
-0.6767325,-0.067138985,-0.58596694,0.78729475,-0.09412687,-0.338576,-0.4453249,0.24228051,-0.33931956,-0.0038594862,0.22848447,-0.20481263,0.46487433,-0.023416026,-0.31217095,0.06790275,-0.15782765,0.16272983,0.15930521,0.023843894,0.023969023,0.09615287
0.617143,0.615778,0.026713004,-0.025197733,-0.111210756,-0.21577339,0.05224032,-0.021034442,-0.047797926,-0.3138054,-0.04435588,0.23530298,0.07332601,-0.085306294,-0.08007965,-0.29033697,-0.10954959,0.19517608,-0.17246856,-0.31904417,-0.022850214,-0.08399389
0.7302368,-1.0302856,-0.45907974,0.41110453,-0.11731757,0.23923951,0.28723973,0.09725576,-0.5220704,-0.77342176,0.16167375,-0.27964187,0.4209616,0.15135922,-0.12865503,-0.12833542,0.08354368,0.24155365,0.16159968,-0.022525756,0.050609652,0.07463162
-0.6571389,-0.10446226,-0.18478446,0.2290438,0.7378248,-0.39574933,-0.20988324,-0.52563053,-0.05185703,-0.022415077,0.2061425,-0.24479951,0.020228166,-0.10347271,0.22019726,0.07811965,-0.40765986,0.37046778,0.45074728,0.06581477,0.079236574,-0.040782727
-0.90294015,0.14066483,1.1551327,-0.03848297,-0.24605261,-0.17866726,-0.24186853,-0.059857413,-0.04953456,-0.05844665,-0.0038955517,-0.27629218,-0.0033951756,-0.0040264064,-0.47588593,-0.15415332,0.00073625735,0.02464606,-0.09217383,0.15158637,0.009396315,-0.05797057
-0.73869765,0.4717713,-0.04985755,-0.11668124,0.4840379,0.20087533,-0.075421676,-0.21683215,0.00882909,0.027323931,-0.043838818,0.38667253,0.04180337,-0.074055806,-0.11124266,0.31390673,-0.0016136138,-0.100728884,0.035849404,-0.013321953,-0.027465258,-0.046393286
-0.6905285,0.20142129,-0.365623,0.9395679,-0.5780605,0.50850135,-0.19383287,-0.17173816,-0.12063681,0.033977926,0.007207623,0.05072851,-0.5139136,-0.15626319,0.06275812,0.22991934,-0.13744815,-0.009989378,-0.050577722,0.12920897,-0.006311889,0.13539398
0.96107167,-0.24696764,0.05502986,-0.46421188,-0.26039493,0.23506585,0.2713548,-0.64623916,0.0770921,0.2899672,0.07641084,-0.40090266,-0.1348959,0.14485781,0.06099103,0.012825704,0.35471773,0.02950026,0.19874167,0.112491325,-0.004387247,0.10792525
0.79787457,0.5357905,0.10637267,0.035236098,-0.011210501,-0.085440695,-0.057337064,-0.15579082,-0.0021785435,-0.11951505,-0.010701979,-0.21380131,0.027154,-0.02095089,0.43652123,-0.2675479,0.2570903,0.13502319,-0.10335405,0.13230066,0.0077798283,0.040680517
-0.6297056,-0.06286201,-0.34114686,0.24076927,0.8109925,-0.7679343,-0.54940283,0.0625415,-0.26247236,0.07326858,-0.32417655,-0.19713372,-0.2468508,0.5107121,-0.14919971,0.1263812,0.26343217,0.14303632,-0.030891877,-0.1930945,-0.23791671,0.11125859
-0.57919395,-1.2730223,0.90332395,0.6001264,-0.74258065,1.0168839,0.5182103,0.5800795,0.6394189,0.3424003,0.5604705,-0.19827142,-0.5952462,0.11777766,-0.37146196,-0.4407674,0.25495747,0.020670021,-0.035577092,-0.24017614,0.00085479615,0.2070766
-0.68300784,-0.21795627,-0.47035497,0.8270875,0.19528268,-0.10457487,-0.5788677,-0.25184217,-0.30258393,-0.18331605,0.13189733,-0.35493803,0.43158042,0.111183874,0.04854427,0.1635172,-0.0735106,0.14053892,-0.39781022,0.08243162,0.057013497,-0.042721484
0.8469978,0.42460287,0.004413941,0.3255798,-0.21963301,-0.09646822,-0.17047283,0.55612624,0.83090836,0.13332516,0.4229934,0.20595711,-0.8712285,-0.13786249,-0.1668612,0.15487081,0.025300039,0.050403077,0.022022462,-0.23961864,-0.004139362,0.12845898
0.82939386,0.23382577,0.1701939,0.14405051,0.2147498,0.12950796,0.85237885,0.64639914,0.23312134,0.10389128,-0.86125743,-0.4437862,0.011732388,-0.38866755,-0.24433917,0.356076,-0.11325669,-0.0077639795,-0.18793572,-0.39119112,0.67014563,0.22216947
-0.63763756,-0.7876338,-0.7761064,0.14131014,-0.12914807,0.0060648657,-0.6002634,0.0973279,-0.3662932,-0.02203515,0.21066727,-0.119671375,0.403552,0.10507451,-0.053363357,0.011306787,-0.06669647,-0.1368792,-0.05390483,-0.32929382,0.03857733,-0.051744834
-0.9443738,-0.47062066,0.8391835,-0.6604291,-0.64957553,-0.069099195,-0.11925672,0.08060435,-0.10817355,-0.050361942,0.016900605,0.07650814,-0.047192674,0.025923057,-0.17055504,-0.11522644,-0.10614999,-0.14860642,0.2616423,-0.26554027,-0.0074740886,-0.06724056
0.84823954,0.58767766,0.12031454,0.010821007,-0.080211386,-0.16656734,0.036504567,0.047301583,-0.0032716806,0.19398366,0.078060724,-0.23969112,-0.010607244,-0.030363316,0.017373567,-0.16355126,0.045343496,0.13867663,-0.1784574,0.112178095,-0.018253487,0.09077796
-0.61360353,-1.3798791,-0.85539764,0.88925683,-0.4853697,-0.07850457,0.082590245,-0.26500443,0.07561734,0.25150672,-0.895593,0.027773647,-0.48456657,-0.17760338,0.48563135,-0.34247658,-0.0556056,-0.029293664,-0.176314,0.16991325,-0.3189107,-0.16395496
0.75286096,0.69509816,0.016196456,-0.036413144,-0.26689667,-0.33111894,0.04457034,0.34506187,-0.09377794,0.12334057,0.06268176,-0.051401876,-0.012888851,-0.052469272,-0.10197703,0.178572,-0.061454564,-0.09028836,-0.1467216,0.078085154,-0.021577943,-0.010009506
-0.71249175,0.514009,-0.1287974,0.048160512,-0.047978394,-0.04201726,0.24405083,-0.22334436,0.034476455,-0.005965255,0.0059542293,0.04418842,0.018256852,-0.10271181,0.14890106,-0.15848105,0.3471382,-0.19525069,0.0042175045,-0.2679329,-0.028373355,-0.012630564
-0.71255255,0.4527832,-0.021199202,0.06530509,0.0035971694,-0.02208816,0.3480998,-0.43108615,0.08698529,0.24599612,0.038000163,-0.12404773,-0.15697436,0.040086884,0.29193777,0.120759405,-0.5337952,-0.20524319,-0.009692779,-0.22183962,-0.034941357,0.034375135
-1.0202955,-0.5427618,1.0016866,0.48513368,-0.26925823,-0.80832464,0.48361954,-0.37973908,-0.11310553,0.066985436,0.23053597,0.14849123,0.1181933,-0.2912929,0.4962234,0.14600766,-0.024413625,-0.27758652,0.0753437,-0.29791978,0.07481075,-0.273944
0.7322039,0.062492803,-0.2535971,-0.6867644,-0.4914337,-0.115562245,0.019714326,0.30019277,-0.15132031,0.03528178,0.034630883,0.23819119,-0.046276413,0.041413374,-0.18835132,0.2625353,-0.060192626,0.11048653,-0.16283523,-0.3221394,-0.044042442,0.10462763
-0.99956256,0.07147812,1.175895,-0.05396511,-0.08050991,-0.08018813,-0.17480709,-0.14844547,-0.038093526,-0.14248368,-0.044770062,0.1276931,0.05750916,-0.06140879,-0.27877796,-0.1463334,-0.22307914,-0.17739938,0.010888824,0.08930366,-0.0001301535,-0.086426325
-0.9449162,-0.47190285,0.82344294,0.3485909,-0.013813998,-0.84069926,-0.47890386,0.35551175,0.5962042,-0.45373234,0.45629254,-0.13827215,0.14681743,0.08086939,0.5279172,0.14434125,0.43513614,-0.18698557,0.019224204,0.117668524,0.09923927,-0.13472219
-0.95490783,0.11917097,1.1695997,-0.014108933,-0.30719823,-0.19552839,-0.047197748,0.0171041,-0.05342329,0.13574523,0.0064177914,-0.041538212,-0.076453395,-0.018251382,0.08140925,0.33038345,-0.07796743,-0.3002107,0.031833917,-0.25762138,0.007357649,-0.3305474
0.8414816,0.32180193,0.276545,0.032944925,0.6138304,0.38815415,0.4283448,0.37891024,-0.1596122,-0.19570574,0.07570919,-0.28075492,-0.046967637,0.013482153,0.044039816,-0.14670351,0.064847685,0.05721813,-0.2936698,0.017363211,-0.0015730633,-0.18579458
0.9402817,-0.74321455,-0.15371154,-0.34592414,0.3552347,-0.31221896,-0.08090897,-0.26107818,-0.09510586,0.38503894,0.35724422,-0.1987502,0.03205794,-0.077117994,0.09344583,-0.21857713,-0.32873818,0.10565202,-0.084080696,0.027229697,0.09916478,-0.24331217
-0.64040035,-1.0071119,-0.7709413,0.63670903,-0.5723384,0.113701016,-0.15512866,-0.33335203,-0.25971177,0.040238,0.29262683,0.013734649,-0.4303665,-0.24914335,-0.2039148,-0.022950985,-0.28309035,0.16408989,0.044142276,0.06384449,0.13686948,-0.276971
-0.63794523,0.49128556,-0.058341973,-0.17078981,0.61312973,0.24421528,-0.22801241,0.062107172,0.009891997,0.2153827,0.027845932,0.35788316,0.10161276,-0.14397171,0.026127486,0.010812532,0.102958575,-0.076974005,0.0036152608,0.16282663,0.007203507,-0.16276889
0.6726485,0.59383243,0.06638677,0.031006891,-0.2328932,-0.23889816,0.11444264,-0.13347895,-0.0423505,-0.21224,-0.03253948,-0.05869518,-0.026821952,-0.015235541,0.011114387,0.16404986,-0.00817695,-0.20521662,0.39554378,0.07348236,-0.013959537,-0.026163429
0.8529674,0.6019393,0.12746902,-0.09436321,0.16921012,-0.06071672,-0.12856033,0.24149933,-0.0388207,0.2694556,0.06411123,0.06532994,0.04203558,-0.091026634,-0.121583916,0.111685365,0.18852973,0.12987268,-0.080299884,0.034474194,-0.03093761,0.089708835
0.62557286,0.67524016,-0.04633129,0.040858842,-0.40200365,-0.34297112,0.20038395,0.11500411,-0.11758704,-0.2224043,-0.049626756,0.21002549,0.037442323,-0.050074905,0.27685615,0.4141265,0.13208428,0.246674,-0.16755785,0.056195315,-0.015967188,0.043907847
0.8455972,0.42931113,0.17258598,0.008107639,0.30810422,-0.0016456553,-0.21510881,0.16524555,0.87164974,-0.029886814,0.32292515,0.02944532,0.010790735,0.23988289,-0.21820478,-0.1288663,0.06392665,0.14123213,0.01657731,0.05731092,0.030661298,-0.13115543
-0.70070577,-0.21704768,-0.4895738,0.7649082,0.3065229,-0.110053636,-0.5306282,0.073026516,-0.30881447,0.033444334,0.19646418,0.020140788,0.5223491,-0.021058725,0.0447725,-0.14072944,-0.48043993,-0.32685366,-0.5420106,0.05731943,-0.02529911,0.37276256
-0.45497024,-0.15517657,-0.22667274,-0.68661284,0.08792978,0.34703854,-0.11726081,-0.17971024,0.021017138,0.5293949,0.09970124,-0.26938778,-0.18016753,0.1392444,-0.07739691,0.23629992,0.21800992,-0.042036213,-0.13301326,-0.32431722,-0.06906659,0.31363598
-0.6148772,0.58210135,-0.13715495,-0.10790287,0.22879145,0.03173078,-0.4212455,-0.07098185,-0.027629627,-0.13084619,-0.026337119,-0.45111266,-0.056558814,0.049407948,0.08259696,-0.05892952,0.2988105,-0.06486931,0.030633612,0.17099367,0.024954883,-0.07946525
-0.7284803,0.57737535,-0.1369792,-0.09414695,0.16260259,-0.02771089,-0.15577015,-0.12839144,-0.0035448335,-0.1002845,-0.023463456,-0.10698322,-0.060027026,0.022208015,-0.07490635,-0.10845559,-0.24735309,0.13144897,-0.121654354,-0.235741,-0.03194528,0.065123506
0.68614316,0.07412339,-0.3334338,-0.62195396,-0.6892219,-0.19346438,0.085960686,0.26377618,-0.17666048,-0.2202561,0.000799369,0.2160271,0.022978686,0.011806816,0.034456678,0.10555358,0.14241934,0.021332234,-0.065928146,0.056935526,-0.0032981345,0.04090704
0.8617851,-1.4735888,-0.35953492,0.6152492,0.051139075,0.35512564,0.73839366,0.24647075,0.87281615,-0.32051,-0.06923411,-0.21875226,0.64438164,-0.19590656,-0.27939034,-0.6623381,-0.27138907,-0.2536443,-0.0010013627,-0.035281666,-0.20610228,0.4871722
-0.5866745,0.022812268,-0.20366886,0.9113349,0.019663429,0.9165195,-0.24494375,-0.3886892,-0.00054969353,0.2608918,0.023594264,0.43043312,-0.39483133,-0.2699911,0.37319544,0.006498959,0.2952064,0.3745755,0.0166566,-0.18449634,-0.040213156,0.17022114
-0.64802814,0.0032747549,-0.46437725,-0.6424028,-0.43072972,0.028871901,0.011878674,-0.032080594,-0.081714876,0.00028491335,0.02328086,-0.11372483,-0.11202139,0.1158444,0.049200032,0.19994053,-0.02648582,0.42511323,0.13836965,0.12214604,0.015837582,0.11743794
0.90300816,-0.03575169,0.04175269,0.3220592,0.3515348,-0.6598743,0.26356325,-0.006746097,-0.07743024,0.5697374,0.38594964,-0.010189059,0.14267488,-0.30796915,-0.25479925,-0.051337957,-0.106172524,0.0460481,-0.060537405,0.012896323,0.009785745,0.22331055
0.7708428,-0.064615466,-0.19838563,-0.6035969,-0.37023357,0.04297351,-0.09351109,-0.18291117,-0.06124597,-0.29136565,-0.01709484,-0.10936114,-0.02665816,0.092642255,0.3220438,-0.2730061,0.11982062,0.24075945,0.29874274,0.087546796,0.018772995,0.0070699323
0.7684866,0.04675469,-0.08698548,0.31242996,0.15829998,-0.7818144,0.013736304,-0.072443254,-0.18169928,-0.030909495,0.2405869,-0.18965426,0.115252115,-0.19569004,-0.15197845,0.23889118,0.20133515,-0.08242949,-0.05432284,0.050552588,0.029954271,0.08083372
0.6399942,-0.14790142,-0.13955818,0.57453465,0.23399746,-0.502108,-0.38228273,-0.4905869,-0.16235383,-0.6825881,0.13313314,-0.023930203,-0.6657512,-0.46740392,-0.37680614,-0.09131846,-0.019698622,-0.0041434346,-0.098692276,0.11602678,0.09248167,-0.029786292
0.67821896,-0.5152894,-0.46075612,-0.3580517,-0.21679792,-0.70356846,-0.09637246,0.047939517,-0.2882921,-0.3582471,0.21025911,0.04278756,0.13009925,-0.1149884,-0.20313202,-0.07425542,-0.12006786,0.04591091,-0.17732874,0.041735698,0.09953221,-0.18791229
-0.6442583,0.3934272,0.03492805,-0.08298598,0.6302645,0.32557043,-0.136251,-0.42185205,0.07311,0.079460405,-0.027996497,0.13504258,0.04074722,-0.051364258,-0.07357197,-0.07584272,0.24182464,-0.034646228,-0.28784025,-0.13772658,-0.0104527995,-0.11830731
0.898862,0.564784,0.18055834,0.0712965,-0.19933493,-0.20441896,0.3290744,0.0043956935,0.051939413,0.48817912,0.15889855,-0.26131955,-0.046793368,-0.06955396,-0.24762267,-0.13396725,-0.029163172,0.043678008,0.064537376,0.08585127,-0.03251356,0.1014219
-0.7428095,0.61385375,-0.18311743,-0.07853366,0.00047994152,-0.13048838,-0.04062138,0.06055052,-0.032461617,0.01906622,0.002753705,-0.030460292,-0.080533676,-0.004197268,0.15517676,0.09291273,-0.33786297,-0.13110769,0.011818392,-0.2263454,-0.062187407,0.23641896
0.8899614,-0.17981108,0.13619734,0.4296229,0.41016495,-0.5263313,0.5657876,-0.3588042,-0.017060302,0.6163435,0.3771177,0.17752017,0.20080861,-0.35220817,-0.16480584,0.040239703,0.030878449,-0.2747195,0.046823617,0.33044046,0.02608569,0.165908
0.62481445,0.7555467,-0.09357821,-0.05401227,-0.38451138,-0.40861648,-0.008142061,0.3612337,-0.15468845,-0.27711812,-0.034644082,0.1592717,0.03871745,-0.07414679,-0.08024323,0.30156446,0.060182735,0.019284487,0.18243036,0.045646396,-0.028274225,0.06158502
0.5560217,-1.1936477,0.9616467,-0.1607088,-0.31855258,-0.49086863,0.60785526,0.6011853,-0.46405432,-0.28504747,0.32032487,-0.26094285,0.044647973,-0.10148205,-0.0066448823,0.03885941,-0.087215714,-0.1694353,-0.24301134,0.07026884,0.05275234,0.10540969
-0.6031764,-1.3373989,-0.48838562,0.5267892,0.49549773,0.36066762,0.54794437,-0.06910671,-0.4772358,0.08064063,-0.249524,0.023407735,0.062955886,0.75686383,-0.421328,0.0913878,0.05854083,-0.1436854,-0.1761529,-0.0998403,-0.20222124,-0.25617802
-0.6925709,-0.8896994,-0.5414684,0.0060156337,-0.07661048,-0.7036441,0.56386524,-0.59596646,-0.15197481,0.15915953,-0.2330671,0.048421122,-0.2408768,0.5012944,0.3455056,-0.31800961,0.07383908,-0.053873494,0.08547159,0.11845532,-0.13093737,-0.41941392
0.61506027,0.64381707,-0.031278804,0.060453515,-0.41946554,-0.36009282,0.27318937,0.03267983,-0.056812048,-0.24991651,-0.0141635025,0.16149552,0.041921258,-0.08371707,0.29048505,-0.09970524,-0.22281268,0.13403295,0.2225144,0.065510854,-0.02340105,0.105121896
0.89263517,0.43724126,0.15527979,0.15773627,0.05972887,-0.3793454,0.12137583,0.030595902,-0.058352403,0.5136843,-0.42056403,-0.20017837,-0.38160652,0.623676,-0.09918277,0.09508214,0.22519329,-0.046717465,0.3239315,0.16238259,-0.28636992,0.056363378
-0.6563873,-0.7514947,-0.5472328,-0.3487425,0.42490944,-0.14237398,0.6090998,0.68837786,-0.37089416,-0.16941017,0.37793764,0.1378111,0.10288122,-0.24681763,-0.32687423,-0.2813515,-0.2516981,0.02558907,0.3016128,0.016846072,0.11522085,-0.3347927
0.8994349,0.59205276,0.1641993,-0.06812167,0.08921685,-0.109625086,-0.10401611,0.21071666,0.018196527,0.39127278,0.12391474,-0.2460741,-0.06511306,-0.052121177,0.040710665,-0.12315968,0.055809192,-0.097398356,0.22558928,-0.291868,-0.04846106,0.001348618
0.7177544,-0.20258026,-0.21829844,0.7360312,0.38275898,-0.10229969,-0.73625046,-0.06479291,-0.33330464,-0.26712087,0.120392576,0.029994007,0.540427,0.022208393,-0.267852,0.066667385,-0.16635206,0.107663095,-0.13514288,-0.05272394,0.034397427,-0.109358504
-0.7044859,0.720495,-0.2735384,-0.05999598,-0.24699432,-0.26888385,0.045198295,0.32699972,-0.100193754,0.084075786,0.03690603,-0.02375034,-0.01430358,-0.056469385,-0.15718399,0.29553056,0.094446406,0.14277957,-0.23359492,0.10766568,-0.02158281,0.11001282
0.6575048,0.42201263,0.22718136,0.07827422,0.08846846,0.013185935,0.4315684,-0.5277366,0.06601139,-0.03208701,-0.027443526,0.42064127,0.07190541,-0.10259784,-0.2909488,1.4411686e-05,-0.12597816,0.06551099,0.0030645854,-0.116756186,-0.037508845,-0.0034333512
0.6862097,0.6739706,-0.013676342,0.007428792,-0.3483037,-0.34588903,0.14332591,0.24234247,-0.08471028,-0.08170707,0.028990488,0.063493,0.0375256,-0.10112,0.068327025,-0.015729994,0.036349464,-0.1581981,0.05089357,0.059127063,0.016941696,-0.23393644
-0.62965107,0.24750693,-0.4146882,0.7857953,-0.2435801,0.6310948,-0.8383354,0.035221774,-0.16441299,-0.27272496,-0.038779758,-0.1482472,-0.43263936,-0.16508876,0.07155974,-0.23359816,0.34267944,-0.023252271,-0.008078296,0.14407817,0.024537576,-0.014397227
-0.49763164,0.5212505,0.0028444144,-0.17905714,0.5894424,0.21396843,-0.28555512,0.10515713,0.044561945,0.5299567,0.11235374,-0.075920664,-0.024001867,-0.05836809,-0.23646331,0.06494274,0.01246014,0.11746216,0.049068756,0.12513117,-0.0077922866,-0.059506763
0.4923218,-1.3251793,0.9914092,-0.28895345,0.42990032,-0.5587044,-0.41093343,-0.13294737,-0.31377074,-0.121485956,-0.36289746,0.68242127,0.02643878,0.4033588,-0.17979781,-0.39942515,0.036058363,-0.12610808,-0.021582121,0.21489352,-0.21969776,0.17241573
0.4261716,-0.021402974,1.4560252,0.15815853,-0.3610072,-0.14698103,0.3449041,-0.46340483,0.024154937,-0.14229299,-0.05500372,0.3851881,0.13109727,-0.13455366,0.15036336,-0.14789161,0.014773636,0.2515575,0.17442274,0.02439466,-0.022776041,0.10919882
0.8392789,0.6048041,0.12264074,-0.0073976987,-0.08194861,-0.17500502,0.009268679,0.052957956,-0.01417678,0.18779448,0.07015963,-0.2510482,-0.040178947,-0.009291999,-0.07327624,0.009681048,0.024409972,0.17958558,-0.042301554,0.096565016,-0.00079957425,-0.04050044
0.8275123,0.40762472,0.30256107,-0.08226755,0.57897323,0.22972293,-0.19186641,-0.37071815,0.06588938,0.07493031,-0.0014189818,0.0488736,0.04927564,-0.04124404,-0.31246385,-0.14730473,0.055852152,-0.110940486,0.12582324,0.09941763,-0.012707425,-0.0777035
0.5989642,0.5979566,0.039162923,-0.021234011,-0.10377404,-0.20369653,-0.10843384,-0.20427364,-0.06978181,-0.48083174,-0.103208154,-0.049461488,-0.023692029,0.058261942,0.13725252,0.06263939,-0.30703804,0.009755822,0.07613267,0.09977338,0.004042805,-0.0714833
0.8927471,-0.6776565,-0.32390442,-0.30700362,0.087565236,-0.5635789,-0.35949767,0.15867811,0.64342743,-0.10485657,0.56717575,-0.34730533,-0.034943487,0.29675418,-0.24882765,0.1780547,-0.111356914,0.14612672,0.119544625,0.09683509,0.08412387,0.075852506
0.9713914,-0.6804344,-0.21407524,-0.30159763,0.11274643,-0.43354264,-0.095690645,-0.24649188,-0.11595354,0.27071735,0.35012,-0.49678326,0.001368039,-0.040473595,0.08168558,-0.25383726,-0.049136426,0.26870763,0.008738754,0.08956775,0.11390725,-0.19197115
-0.6705517,-0.092803136,-0.37301946,-0.6635967,-0.16304469,0.18580855,-0.069020025,-0.28714278,-0.02346728,-0.052335963,-0.010353622,-0.077363275,-0.13871509,0.1528877,0.14223601,0.010569052,-0.23293266,0.37002766,0.0649651,-0.23462614,-0.009916973,0.12634815
-0.60355496,0.45736235,8.450971e-05,0.07244691,0.055205397,0.04185842,0.3176234,-0.3721518,0.09826487,0.43203682,0.068248056,-0.19366238,-0.15410648,0.03139353,0.4335379,0.27819487,-0.10648669,0.23361978,-0.032358356,-0.23682119,-0.010980118,-0.03500291
-0.67521924,-0.045722626,-0.42489442,-0.6653541,-0.30263376,0.0751888,0.03854582,-0.018598223,-0.038479343,0.04554606,0.05649575,0.019088788,-0.07952725,0.048570365,0.016112668,-0.28159982,-0.22177185,0.023925994,0.010365104,-0.25658014,-0.003590002,-0.027826414
-0.6538095,0.38616744,-0.014217993,0.05492745,0.27514878,0.15679315,0.3535213,-0.35466242,0.10871279,0.37102273,0.053893402,0.27304816,0.028178822,-0.089670084,0.634405,-0.18006894,-0.47829285,0.23014742,-0.2652818,0.20108023,-0.03928298,0.42471468
0.7556366,0.36391464,0.24473612,-0.030925866,0.6600475,0.38058302,0.33643946,0.40449268,-0.2121534,-0.33994168,0.005528373,-0.07622738,-0.066062726,0.047184,-0.114814684,0.2848565,-0.057098642,0.20034657,-0.17073643,-0.109155305,-0.027540453,-0.0775178
0.934028,-0.31702533,0.04902501,-0.5469127,0.17711082,0.5115068,0.7870609,0.5798993,-0.18505675,0.29954845,0.21146064,-0.00026571265,-0.103832215,0.0022551648,-0.055876102,0.14410736,0.026390266,-0.33820775,0.17242254,0.030166723,-0.011607996,-0.15188213
-0.716346,0.7228877,-0.2897877,-0.065768324,-0.2769957,-0.28865758,0.0025952135,0.38669175,-0.105090305,0.0474398,0.036932785,-0.06042719,-0.039839223,-0.0668195,0.115577295,0.33497414,0.11950042,-0.21592481,0.21038303,0.1021274,-0.009682097,-0.01589958
0.65017086,0.54703224,-0.11946453,0.26889378,-0.38847855,-0.1418579,-0.0742464,0.31554806,-0.08087036,-0.2571751,0.02949801,0.4964203,-0.7042901,-0.512229,0.15068877,-0.1402947,0.22002341,-0.026651472,-0.0775182,-0.29719156,-0.034755077,0.10795537
0.6165774,0.37744027,-0.11312309,0.634973,-0.5663668,0.1936376,-0.07567813,-0.12325715,-0.19329423,-0.2818448,-0.08602647,0.1025779,0.39656553,0.15255058,-0.2443706,0.048097633,-0.14498885,-0.19547048,0.022306731,0.0026442797,-0.017504191,-0.18966816
-0.705185,0.5946074,-0.14673017,-0.1578696,0.31932604,0.051591963,-0.4582515,-0.099189304,-0.04853054,-0.23839496,-0.08384352,-0.1932655,-0.063376755,0.0705584,-0.04747048,0.1613417,0.1402178,0.12177653,-0.118822515,-0.2322339,-0.04177522,0.12574293
0.9106377,0.19131462,0.18325984,0.57068306,0.16356488,0.6420876,-0.38532645,-0.4303379,-0.019582245,0.35639518,-0.00054118654,-0.28122196,0.23713678,0.2884004,0.15767948,0.003879177,-0.3016282,0.50613797,-0.04651263,-0.40386254,-0.057264253,0.078270875
0.9815409,-0.32786983,-0.055829305,-0.6922056,0.18145202,0.3455086,-0.14587943,0.042178553,0.40032664,0.443619,-0.5600579,-0.1571821,0.13975148,-0.4624219,0.11853919,-0.050567392,-0.055498075,0.20017835,0.38140106,0.081638835,-0.19560866,0.022340145
0.6043117,0.6318923,0.011745976,-0.09098903,0.005479085,-0.17810865,-0.09214834,0.13925795,-0.1134935,-0.2691248,-0.07021694,0.3751907,0.0732969,-0.06532524,0.01763946,0.25408393,-0.14821725,-0.09248097,-0.09096198,0.017394096,-0.039468024,0.06590686
0.7010671,-0.2984352,-0.283264,-0.3673534,-0.78991526,-0.057416268,0.63561714,-0.2195619,0.33123505,-0.16812022,-0.68510836,0.07325121,0.22195853,-0.5277839,0.87434417,-0.027200677,0.37863255,-0.1075803,-0.008219747,0.061266113,-0.15626848,-0.12038285
-0.67368835,0.5287657,-0.09245686,0.016515926,-0.008431168,-0.051855616,0.3545767,-0.038768932,0.026294066,0.37863722,0.08348142,0.17446567,-0.011245946,-0.10786594,-0.014068351,0.19940685,-0.096764416,-0.16354248,-0.09082138,0.052051846,-0.022950847,-0.0043430603
0.66312575,-0.07429201,-0.21198076,-0.6025288,-0.40493336,-0.005974589,-0.049431056,-0.27393603,-0.08628646,-0.42718524,-0.0638797,-0.018187974,-0.047862116,0.14784925,0.28334495,-0.24872886,-0.4243988,0.04643521,-0.062549606,0.1370287,-0.003964435,0.18631703
-0.5988342,-1.0216572,-0.8919334,0.28037438,-0.24897563,-0.08042669,-0.6041918,0.40565407,0.8429921,-0.21727322,-0.18796514,-0.37849015,0.5733798,-0.07500817,-0.120100334,0.1687451,-0.0035317182,-0.017683722,-0.14929318,0.07283954,-0.104074895,0.010370719
-0.57264024,-1.0852689,-0.68684846,0.43301204,-0.062139854,0.21024111,0.2690492,0.65253735,0.3744897,-0.29657236,0.62244153,-0.4714459,0.26396754,0.45646483,-0.1668232,-0.060526095,-0.33870566,0.04855105,0.08945732,0.027436841,0.10608651,-0.2102356
-0.5831713,-0.41031614,-0.17535625,-0.56129456,0.566185,0.7717775,0.4219333,0.014239911,-0.121518485,-0.1859045,-0.2875677,-0.21939902,-0.20438716,0.3137067,0.29370472,0.21090563,-0.078336984,0.41003877,-0.13520864,-0.08625609,0.94890064,0.11302209
0.84217787,0.45320535,0.25195572,-0.11600278,0.58974165,0.2191106,-0.33538693,-0.19309919,0.020512292,0.09727114,-0.018295018,0.052586026,0.024514765,-0.007868421,0.15548396,0.13005827,0.089944795,0.13739681,0.053025015,0.11580475,-0.0060549616,-0.020781986
0.6370583,-0.06953619,-0.17749928,0.54514897,-0.17873135,-0.9512938,0.42067036,-0.088518396,0.707994,-0.45576155,0.48794284,0.15615427,0.18110226,0.011399486,-0.07548233,-0.16722782,0.10257822,0.25078657,-0.13850152,-0.11303046,0.06940335,0.07593027
0.7576488,0.25708973,0.31908706,0.06651875,0.6809158,0.47022378,0.610445,0.06060362,-0.123501055,-0.2946244,0.012086928,0.0121254455,-0.046446845,0.02905886,0.090993136,0.076665714,-0.28764766,0.57551736,-0.02327209,0.06606789,0.013616537,-0.11423039
-0.5989416,-0.21730158,-0.6152338,-0.16372718,-0.40865993,0.6242313,-0.75307876,0.043483235,-0.24489753,-0.19399302,-0.062793195,-0.29279622,0.29335296,0.3369207,-0.1561175,-0.018351154,0.23982534,0.16171698,0.10834911,0.08583979,-0.006902615,0.07330798
0.87074584,-0.13903317,-0.02888493,-0.66870725,-0.0066738576,0.24208848,0.06843534,-0.0639459,-0.03551618,0.39257157,0.07903731,0.29445878,-0.017431322,0.026530733,-0.25644466,0.33734313,0.02244477,0.049639586,-0.0753355,0.06561496,-0.026983654,0.07196537
0.89784974,0.2798625,0.36544314,0.017064031,0.74143296,0.4668255,0.45519468,0.29180062,-0.119550474,0.0065114098,0.1003436,-0.3054964,-0.09567603,0.021009214,-0.25831887,0.01947398,0.01687041,-0.077910595,-0.0031727366,-0.08152286,-0.056089345,0.090329885
-0.6743886,0.44956064,-0.02213515,0.038512416,0.13810141,0.056965634,0.33102712,-0.36137345,0.08955037,0.2765061,0.058200803,0.07508302,-0.024221433,-0.053690035,-0.02262523,-0.0682211,-0.3073657,0.086562045,-0.12942223,0.07154433,-0.017099794,0.029093659
0.7565095,-0.635168,-0.3433631,-0.4321812,0.28008062,-0.40513477,-0.29746518,-0.019597534,-0.22042021,-0.2032565,0.21527338,0.23189956,0.16769658,-0.17403385,0.117151186,-0.11983774,0.059942406,-0.10537197,0.3095062,-0.1198514,0.06398439,-0.080722846
-0.74288094,0.5641938,-0.14373438,0.046382394,-0.17749748,-0.14116941,0.3927941,-0.11469116,0.014178286,0.15035607,0.036976006,0.13747776,-0.030710416,-0.08553059,-0.01201509,0.13798942,0.018500565,-0.019162824,-0.13013792,-0.29605797,-0.026350368,-0.09070026
-0.6937211,-0.2246219,-0.4278983,0.3546481,0.33818808,-0.69956386,-0.18119155,0.1308812,1.0741909,-0.32634735,-0.18569042,-0.43152648,0.23462294,-0.34921312,-0.029706528,0.041178737,-0.19507177,0.06447714,-0.1720346,0.13416173,-0.07762762,-0.1040256
-0.69660544,0.7048905,-0.30271736,-0.01879566,-0.33409876,-0.29845756,0.06662572,0.3733471,-0.07542238,0.024155304,0.059879623,-0.106015205,0.008056475,-0.11382755,0.2758514,-0.07669787,0.35524094,-0.23430301,-0.008058088,-0.06856372,-0.023570187,-0.01970036
-0.7270389,-0.18399242,-0.3213318,0.32641542,0.8238475,-0.71373653,0.055758704,0.07628711,-0.18913536,0.296121,-0.24356909,0.6548178,-0.02502058,0.23444262,0.09733422,-0.34648067,-0.25469035,-0.10783238,0.1725507,0.20898144,-0.20158355,-0.026530521
0.7652896,0.52617264,0.004746707,0.122311816,-0.019669084,-0.5336111,0.15139565,0.41879186,-0.07963902,0.36539587,-0.7454944,0.27629516,-0.28233778,0.5800506,-0.0989498,-0.2259697,0.11756685,0.05731729,0.30886433,-0.30879387,0.6263202,0.17112161
-0.9075506,-0.51169306,0.8527912,-0.63892365,-0.5372515,0.04570392,-0.07154057,0.056994278,-0.12418463,0.015437588,-0.004105925,0.29927188,0.05147874,-0.021677583,-0.07131529,0.12463683,0.26319036,0.076816335,-0.03651931,0.06761878,0.0071094567,0.04978903
0.5736033,0.07408175,1.4764718,-0.1452502,0.22845739,0.0154785365,-0.6051603,0.058941573,-0.07439991,0.019166034,-0.046145562,0.030002307,0.036844306,0.008075893,0.07403714,0.1379908,-0.042897314,0.08509747,-0.15375459,-0.015048272,-0.03297301,0.09271541
0.8905429,0.31476203,0.30967698,-0.043370187,0.7993776,0.4584777,0.45622104,0.70509577,-0.15485798,0.19201942,0.16260184,0.05303867,-0.009312859,-0.10812096,0.105061784,0.046630856,-0.049188748,-0.28475025,0.15459014,0.0938554,-0.016873902,-0.2236818
-0.6428497,0.5573056,-0.11318683,-0.07710288,0.17502122,0.01286371,-0.17198664,-0.07236285,0.023282371,0.036540695,0.016149735,-0.22881567,-0.075474665,-0.0141672045,0.22908735,-0.09833615,0.10710616,-0.064762756,0.36110193,-0.24371037,-0.0103357,-0.07274527
0.751874,-0.19536218,-0.09700711,-0.61496854,-0.036636174,0.24695903,0.032802336,-0.28406677,-0.0117708845,-0.13780427,-0.0044097984,0.34992856,0.09871849,-0.024074068,0.14970449,-0.49615347,0.11146029,-0.19615291,-0.17795613,-0.07620982,-0.050215654,0.18893178
-0.8524203,-1.2473193,0.7377829,-0.24395601,0.13365203,-0.6600857,-0.40929207,-0.17738412,-0.297595,0.056958724,-0.32267672,-0.0755106,-0.2402077,0.5766654,-0.040110823,-0.059686564,0.29380122,-0.024901863,-0.05810212,-0.17728285,-0.17933203,-0.12503615
0.6676208,-0.2848349,-0.21947439,-0.39203262,-0.7682082,-0.058588225,0.69060963,-0.42523608,0.32545766,-0.13754097,-0.7186248,0.061832298,0.1308355,-0.4237991,0.09402423,0.48253813,0.05234492,0.23567367,-0.07432135,0.04520774,-0.17352067,-0.025772443
0.7785864,-0.29765785,-0.4938766,0.2638886,-1.0639079,0.46403858,-0.3157326,0.33893567,-0.26378483,0.01300736,0.0696754,0.26830494,-0.4745308,-0.14247857,-0.077387586,0.12225418,-0.017367292,-0.06631679,0.05011193,0.039057225,0.038287267,-0.20402947
1.0522373,-1.2618295,-0.3470249,0.49217588,0.6044923,0.83377874,-0.4166457,0.6078465,-0.4360419,-0.07278418,0.37244597,-0.07737182,-0.341547,-0.33946583,0.31011745,-0.35420623,0.49477097,-0.26723596,0.48897818,-0.08203622,0.07521121,-0.13629013
0.65270656,0.45733058,0.21498363,-0.08733368,0.42928436,0.12125348,-0.20802175,-0.40560028,-0.0149413785,-0.27843407,-0.10842197,0.19765258,0.021056978,0.03040252,-0.20323676,0.22702491,-0.07885668,-0.20876016,-0.17573921,-0.08563632,-0.021548273,-0.18491426
