PAÍS,ETNIA.BN,EDAD,FUGAS.BN,ABUSOSUBS1,ABUSOSUBS2,CONVIVEN.1,CONVIVEN.2,CONVIVEN.3,CONVIVEN.4,CONVIVEN.5,CONVIVEN.6,AUTOEFIC.MEAN,AUTOEFIC.VAR,IMPULS.MEAN,IMPULS.MEDIAN,IMPULS.VAR,APOYO.MEAN,APOYO.MEDIAN,APOYO.VAR,MORAL.MEAN,MORAL.VAR,PORNO.T,GENERO_BIN_0,GENERO_BIN_1,ORIENTSEX.BN_1,ORIENTSEX.BN_2
1,0.0,16.0,0.0,4,4,1.0,1.0,0.0,0.0,1.0,1,3.6,0.24,2.375,2.5,1.484375,4.0,4.0,0.0,5.0,0.0,1.0,0,1,1,0
1,0.0,16.0,0.0,3,2,1.0,1.0,0.0,0.0,1.0,0,2.7906218655967905,0.1566005438582548,2.375,2.0,0.734375,3.4285714285714284,4.0,0.5306122448979593,2.8,0.5599999999999999,4.0,1,0,1,0
1,0.0,17.0,0.0,3,3,1.0,1.0,0.0,0.0,0.0,0,2.4,1.4400000000000002,2.625,2.5,1.484375,3.2857142857142856,4.0,0.7755102040816327,4.2,0.96,3.0,0,1,1,0
1,0.0,16.0,0.0,3,3,1.0,1.0,0.0,0.0,1.0,0,3.0,0.4,2.25,2.0,0.9375,3.2857142857142856,4.0,0.7755102040816327,4.0,0.4,4.0,1,0,1,0
1,0.0,17.0,0.0,3,3,1.0,1.0,0.0,0.0,1.0,0,3.4,0.24,2.0,2.0,0.75,3.5714285714285716,4.0,0.5306122448979592,4.4,1.44,2.0,0,1,1,0
1,0.0,15.0,0.0,3,2,0.0,1.0,0.0,0.0,0.0,0,3.3906218655967906,0.2478543051421063,2.875,3.0,1.359375,2.857142857142857,3.0,1.5510204081632657,3.0,1.2,4.0,1,0,1,0
1,0.0,16.0,0.0,0,1,1.0,1.0,0.0,0.0,1.0,0,2.2,0.5599999999999999,2.25,2.0,0.4375,3.7142857142857144,4.0,0.2040816326530612,3.8572001001753065,0.1959674459103831,2.0,1,0,0,1
1,0.0,17.0,0.0,3,2,1.0,1.0,0.0,0.0,1.0,0,1.8,0.56,2.5,2.5,1.25,3.5714285714285716,4.0,0.2448979591836734,4.4,0.64,1.0,0,1,1,0
1,1.0,17.0,0.0,5,4,1.0,0.0,0.0,0.0,0.0,0,2.2,2.16,1.375,1.0,0.984375,3.5714285714285716,4.0,1.1020408163265307,1.8,2.5600000000000005,2.0,1,0,0,1
1,0.0,17.0,0.0,4,4,1.0,1.0,1.0,0.0,1.0,0,4.0,0.0,2.25,2.5,1.1875,3.857142857142857,4.0,0.1224489795918367,4.2,0.5599999999999999,5.0,1,0,1,0
1,0.0,16.0,0.0,4,4,1.0,1.0,0.0,0.0,0.0,0,3.8,0.1599999999999999,2.75,3.0,0.9375,3.857142857142857,4.0,0.1224489795918367,3.6,1.84,1.0,1,0,1,0
1,0.0,16.0,0.0,2,2,1.0,1.0,0.0,0.0,1.0,0,2.8,0.96,2.75,3.0,1.4375,3.2857142857142856,4.0,0.7755102040816327,3.8,0.5599999999999999,1.0,0,1,1,0
1,0.0,16.0,0.0,2,0,1.0,1.0,0.0,0.0,1.0,0,3.0,0.4,2.375,2.0,1.234375,3.0,3.0,0.8571428571428571,4.4,0.24,5.0,1,0,1,0
2,0.0,17.0,0.0,2,2,1.0,0.0,0.0,0.0,1.0,0,3.2,0.5599999999999999,2.25,2.0,0.4375,3.7142857142857144,4.0,0.2040816326530612,4.6,0.6399999999999999,4.0,1,0,1,0
1,0.0,16.0,1.0,3,3,1.0,1.0,0.0,0.0,1.0,1,2.0,0.4,2.375,2.5,0.984375,2.142857142857143,2.0,0.6938775510204082,4.6,0.24,1.0,0,1,1,0
1,0.0,16.0,0.0,2,0,1.0,1.0,0.0,0.0,1.0,0,3.0,0.4,2.1001628664495113,1.9006514657980456,1.1199024658086558,3.7142857142857144,4.0,0.489795918367347,4.0,0.4,1.0,0,1,1,0
1,0.0,16.0,1.0,4,5,1.0,1.0,0.0,0.0,1.0,0,3.0,0.4,2.75,3.0,1.1875,3.857142857142857,4.0,0.1224489795918367,4.8,0.1599999999999999,3.0,0,1,0,1
1,0.0,17.0,0.0,4,4,1.0,1.0,0.0,0.0,0.0,0,4.0,0.0,2.625,2.5,1.484375,4.0,4.0,0.0,5.0,0.0,4.0,1,0,1,0
1,0.0,17.0,0.0,5,5,0.0,0.0,0.0,0.0,0.0,1,4.0,0.0,1.875,1.0,1.359375,4.0,4.0,0.0,5.0,0.0,5.0,1,0,1,0
2,1.0,17.0,0.0,0,1,1.0,1.0,0.0,0.0,1.0,0,3.2,0.1599999999999999,2.25,2.0,1.4375,3.857142857142857,4.0,0.1224489795918367,4.0,0.4,1.0,1,0,1,0
1,0.0,17.0,0.0,0,1,1.0,1.0,0.0,0.0,1.0,0,3.0,0.4,2.25,2.0,0.4375,3.5714285714285716,4.0,0.2448979591836734,4.6,0.24,1.0,1,0,1,0
1,1.0,17.0,0.0,0,1,1.0,1.0,0.0,0.0,1.0,0,3.0,0.4,1.75,2.0,0.4375,4.0,4.0,0.0,4.2,1.36,1.0,0,1,1,0
1,0.0,17.0,0.0,2,2,1.0,1.0,0.0,0.0,1.0,0,3.2,0.1599999999999999,2.375,2.5,0.484375,3.5714285714285716,4.0,0.2448979591836734,4.2,0.5599999999999999,5.0,0,1,1,0
2,1.0,15.0,1.0,2,2,1.0,0.0,1.0,0.0,0.0,0,2.8,0.1599999999999999,2.375,2.5,0.984375,1.5714285714285714,1.0,0.5306122448979591,4.2,0.5599999999999999,1.0,1,0,1,0
1,0.0,17.0,0.0,0,1,1.0,0.0,0.0,1.0,1.0,0,1.6,0.24,2.75,3.0,0.9375,1.1428571428571428,1.0,0.1224489795918367,4.0,0.4,2.0,1,0,1,0
1,0.0,17.0,0.0,0,1,1.0,0.0,1.0,0.0,1.0,0,2.8,0.5599999999999999,2.25,2.0,0.4375,3.2857142857142856,3.0,0.489795918367347,5.0,0.0,3.0,0,1,1,0
1,0.0,17.0,0.0,0,1,1.0,1.0,0.0,0.0,0.0,0,3.2,1.36,2.5,2.0,1.5,3.7142857142857144,4.0,0.2040816326530612,3.8,0.1599999999999999,2.0,1,0,1,0
1,0.0,17.0,0.0,3,2,1.0,1.0,0.0,0.0,1.0,0,3.4,0.24,2.25,2.0,0.1875,3.0,3.0,0.5714285714285714,3.4,0.24,5.0,1,0,1,0
1,0.0,17.0,0.0,2,2,1.0,0.0,0.0,0.0,1.0,0,3.4,0.24,1.75,2.0,0.4375,4.0,4.0,0.0,4.4,0.24,2.0,0,1,1,0
1,0.0,17.0,1.0,2,2,1.0,1.0,0.0,0.0,0.0,0,3.2,0.1599999999999999,2.5,2.5,0.25,2.4285714285714284,2.0,1.3877551020408163,4.6,0.24,4.0,1,0,0,1
1,0.0,16.0,0.0,4,3,1.0,0.0,0.0,0.0,0.0,0,2.8,0.96,2.375,2.0,1.234375,2.7142857142857144,3.0,1.6326530612244898,4.8,0.1599999999999999,4.0,1,0,1,0
1,0.0,14.0,1.0,3,3,0.0,1.0,0.0,0.0,0.0,0,1.4,0.24,2.5,2.5,0.75,1.5714285714285714,1.0,1.1020408163265307,3.8,2.56,1.0,0,1,1,0
1,0.0,14.0,0.0,0,1,1.0,1.0,0.0,0.0,1.0,0,3.4,0.24,2.625,3.0,0.734375,3.199113620929983,3.0,0.2985657776620186,4.2,0.96,2.0,1,0,1,0
1,0.0,16.0,0.0,0,1,1.0,1.0,0.0,0.0,1.0,0,3.2,0.5599999999999999,3.25,3.0,0.4375,3.5714285714285716,4.0,1.1020408163265307,4.8,0.1599999999999999,1.0,0,1,1,0
1,0.0,15.0,0.0,0,1,1.0,1.0,0.0,0.0,1.0,0,3.2,0.5599999999999999,3.0,3.0,0.75,3.2857142857142856,3.0,0.489795918367347,2.8,1.7600000000000002,1.0,0,1,1,0
1,1.0,17.0,1.0,2,2,1.0,1.0,0.0,0.0,1.0,0,3.0,0.4,2.125,2.0,0.359375,2.5714285714285716,3.0,0.8163265306122449,4.4,0.24,3.0,1,0,1,0
1,0.0,17.0,0.0,0,1,1.0,1.0,0.0,0.0,0.0,0,2.914327144842929,0.0340170511477578,2.3991018454906787,2.4144439655172416,0.1341968291381966,3.261904393338928,3.344008006004503,0.1709657741508746,3.9506546817266353,0.0700784676330909,2.0,1,0,1,0
1,0.0,17.0,0.0,0,1,1.0,1.0,0.0,0.0,0.0,0,3.8,0.1599999999999999,1.8901670662917665,2.0,0.5948371190122519,3.142857142857143,4.0,1.836734693877551,4.6,0.24,1.0,1,0,1,0
1,1.0,17.0,0.0,2,2,1.0,1.0,0.0,0.0,1.0,0,2.8,0.1599999999999999,2.625,3.0,1.234375,3.857142857142857,4.0,0.1224489795918367,3.8,0.5599999999999999,5.0,1,0,1,0
1,0.0,16.0,1.0,3,3,1.0,1.0,0.0,0.0,1.0,0,2.6,0.24,2.5,2.5,0.25,3.2857142857142856,4.0,0.7755102040816327,2.6,1.04,3.0,1,0,1,0
1,0.0,17.0,0.0,2,2,1.0,1.0,0.0,0.0,1.0,0,2.4,0.24,2.5,2.5,0.75,3.4285714285714284,4.0,0.816326530612245,4.2,0.5599999999999999,5.0,1,0,1,0
1,0.0,14.0,0.0,0,1,1.0,1.0,0.0,0.0,1.0,0,2.8,1.36,3.375,3.5,0.484375,2.142857142857143,1.0,1.8367346938775508,2.6,1.84,5.0,1,0,1,0
2,1.0,14.0,0.0,0,1,1.0,1.0,0.0,0.0,1.0,0,3.0,1.2,2.0,2.0,0.5,2.7142857142857144,3.0,0.7755102040816327,4.4,0.24,2.0,1,0,1,0
1,0.0,14.0,1.0,4,3,1.0,1.0,0.0,0.0,1.0,0,1.6,0.64,2.75,2.5,1.1875,2.5714285714285716,3.0,1.3877551020408163,4.6,0.24,4.0,0,1,1,0
2,1.0,14.0,0.0,0,1,1.0,0.0,0.0,0.0,0.0,0,2.8,0.5599999999999999,2.875,3.0,0.359375,2.4285714285714284,3.0,0.5306122448979592,2.8,0.5599999999999999,5.0,1,0,1,0
1,1.0,15.0,0.0,0,1,1.0,1.0,0.0,0.0,1.0,0,2.8,0.1599999999999999,2.75,2.5,0.6875,3.2857142857142856,4.0,0.7755102040816327,3.8,0.5599999999999999,1.0,0,1,1,0
1,1.0,14.0,0.0,0,1,1.0,1.0,0.0,0.0,0.0,0,3.197992471769134,0.1608191319707372,2.25,2.0,0.1875,2.5714285714285716,3.0,0.816326530612245,3.4,0.24,4.0,1,0,1,0
1,0.0,14.0,0.0,2,0,1.0,1.0,0.0,0.0,1.0,0,4.0,0.0,2.375,2.0,0.234375,4.0,4.0,0.0,3.2,3.3600000000000003,1.0,1,0,1,0
1,0.0,15.0,1.0,3,2,1.0,1.0,1.0,1.0,1.0,1,3.4,0.64,2.375,2.0,1.734375,2.857142857142857,3.0,0.9795918367346936,1.8,0.56,1.0,0,1,0,1
1,1.0,14.0,0.0,2,0,1.0,1.0,0.0,0.0,1.0,1,2.8,0.5599999999999999,2.125,2.0,1.109375,3.0,4.0,1.4285714285714286,3.6,1.84,4.0,0,1,1,0
1,0.0,14.0,0.0,0,1,1.0,1.0,0.0,0.0,0.0,0,2.8,0.1599999999999999,2.375,2.5,0.484375,3.5714285714285716,4.0,0.2448979591836734,4.2,0.1599999999999999,1.0,0,1,1,0
1,0.0,14.0,0.0,0,1,1.0,1.0,0.0,0.0,0.0,0,3.0,0.4,2.625,2.0,1.234375,3.5714285714285716,4.0,0.2448979591836734,4.4,0.24,1.0,0,1,1,0
1,0.0,14.0,0.0,0,1,0.0,0.0,0.0,0.0,0.0,1,2.8,1.36,1.75,1.5,0.6875,3.857142857142857,4.0,0.1224489795918367,4.6,0.6399999999999999,5.0,1,0,1,0
1,0.0,14.0,0.0,0,1,1.0,1.0,0.0,0.0,0.0,0,3.0,0.4,2.0,1.5,1.25,2.857142857142857,3.0,0.6938775510204082,5.0,0.0,1.0,0,1,0,1
1,0.0,14.0,0.0,0,1,1.0,1.0,0.0,0.0,0.0,0,4.0,0.0,2.5,2.5,1.75,1.8571428571428572,2.0,0.979591836734694,1.0,0.0,1.0,0,1,0,1
2,0.0,14.0,0.0,0,1,1.0,1.0,0.0,0.0,1.0,0,3.2,0.1599999999999999,2.5,2.0,0.5,3.2857142857142856,4.0,0.7755102040816327,3.8,0.1599999999999999,2.0,1,0,1,0
1,0.0,14.0,0.0,0,1,1.0,1.0,0.0,0.0,1.0,0,4.0,0.0,2.0,1.0,1.75,3.5714285714285716,4.0,1.1020408163265307,3.2,1.36,2.0,1,0,1,0
1,1.0,14.0,0.0,0,1,1.0,1.0,0.0,0.0,1.0,0,2.2,0.1599999999999999,2.0,2.0,0.75,2.0,2.0,1.1428571428571428,3.0,0.4,1.0,0,1,0,1
1,0.0,14.0,0.0,0,1,1.0,1.0,0.0,0.0,0.0,0,3.0,0.8,2.875,3.0,1.109375,3.7142857142857144,4.0,0.2040816326530612,3.8,0.5599999999999999,1.0,0,1,1,0
1,1.0,14.0,0.0,0,1,1.0,1.0,0.0,0.0,0.0,0,2.2,1.36,2.375,2.5,0.984375,2.7142857142857144,4.0,2.2040816326530615,1.8,2.5600000000000005,1.0,0,1,1,0
1,0.0,14.0,0.0,0,1,0.0,0.0,0.0,0.0,0.0,1,3.6,0.24,2.25,2.5,0.6875,3.2857142857142856,4.0,1.0612244897959184,3.4,0.64,1.0,0,1,0,1
1,0.0,14.0,0.0,2,2,1.0,0.0,0.0,0.0,0.0,0,2.4,1.8400000000000003,2.5,3.0,0.5,3.142857142857143,3.0,0.6938775510204082,3.6,2.24,1.0,0,1,1,0
1,1.0,14.0,0.0,1,1,1.0,0.0,0.0,0.0,0.0,0,3.4,0.64,2.3991018454906787,2.4144439655172416,0.1341968291381966,3.261904393338928,3.344008006004503,0.1709657741508746,3.9506546817266353,0.0700784676330909,1.0,0,1,1,0
1,0.0,14.0,0.0,2,2,1.0,0.0,0.0,0.0,0.0,0,3.8,0.1599999999999999,2.5,2.5,0.25,3.142857142857143,4.0,1.8367346938775508,5.0,0.0,2.0,0,1,1,0
1,1.0,14.0,0.0,0,1,0.0,0.0,1.0,1.0,1.0,0,2.8,0.1599999999999999,2.25,2.0,0.9375,3.5714285714285716,4.0,0.5306122448979592,3.4,1.04,1.0,0,1,1,0
2,1.0,14.0,0.0,0,1,1.0,1.0,0.0,0.0,1.0,1,3.6,0.64,2.625,2.5,0.484375,3.4285714285714284,4.0,0.5306122448979592,4.2,2.56,4.0,1,0,1,0
1,0.0,15.0,0.0,0,1,1.0,1.0,0.0,0.0,0.0,0,3.0,0.0,2.0,2.0,0.0,3.857142857142857,4.0,0.1224489795918367,3.6,0.64,5.0,1,0,1,0
1,1.0,14.0,0.0,0,1,1.0,0.0,0.0,0.0,1.0,0,3.8,0.1599999999999999,2.5,2.5,0.75,3.0,4.0,1.4285714285714286,3.8,0.5599999999999999,3.0,1,0,1,0
1,0.0,15.0,0.0,2,2,1.0,1.0,0.0,0.0,0.0,0,3.2,0.5599999999999999,1.75,2.0,0.4375,3.857142857142857,4.0,0.1224489795918367,5.0,0.0,2.0,0,1,1,0
1,0.0,14.0,0.0,0,1,1.0,1.0,0.0,0.0,1.0,0,3.8,0.1599999999999999,1.75,2.0,0.4375,3.7142857142857144,4.0,0.489795918367347,3.8,0.5599999999999999,2.0,1,0,1,0
1,0.0,15.0,0.0,0,1,0.0,0.0,1.0,1.0,1.0,0,2.4,0.24,3.0,3.0,0.5,2.4285714285714284,2.0,0.2448979591836734,3.0,0.0,5.0,1,0,1,0
1,1.0,14.0,0.0,0,1,1.0,1.0,0.0,0.0,0.0,0,2.0,1.2,3.25,3.5,0.6875,2.7142857142857144,3.0,1.0612244897959184,2.8,1.7600000000000002,5.0,1,0,1,0
1,0.0,14.0,0.0,0,1,1.0,1.0,0.0,0.0,1.0,0,3.6,0.24,2.75,3.0,0.1875,3.2857142857142856,3.0,0.2040816326530612,3.0,1.2,1.0,1,0,1,0
1,0.0,14.0,0.0,0,1,1.0,1.0,0.0,0.0,1.0,0,3.6,0.24,2.375,2.0,0.234375,3.2857142857142856,3.0,0.489795918367347,3.6,1.04,1.0,1,0,1,0
1,0.0,14.0,1.0,2,2,1.0,0.0,0.0,0.0,1.0,1,2.6,0.24,2.75,3.0,0.9375,2.4285714285714284,2.0,0.2448979591836734,3.8,0.1599999999999999,1.0,0,1,0,1
1,0.0,14.0,0.0,2,0,0.0,1.0,0.0,0.0,1.0,0,2.2,0.5599999999999999,2.625,3.0,1.234375,3.7142857142857144,4.0,0.2040816326530612,3.8,0.1599999999999999,1.0,0,1,1,0
1,1.0,14.0,0.0,0,1,1.0,1.0,0.0,0.0,0.0,0,3.8,0.1599999999999999,2.25,2.0,0.4375,3.0,4.0,1.7142857142857142,3.4,1.8400000000000003,4.0,1,0,1,0
1,0.0,15.0,0.0,4,4,1.0,1.0,0.0,0.0,0.0,0,2.8,0.1599999999999999,2.125,2.0,1.359375,3.857142857142857,4.0,0.1224489795918367,4.4,0.24,2.0,0,1,1,0
1,0.0,14.0,0.0,0,1,1.0,1.0,0.0,0.0,0.0,0,3.4,0.24,2.25,1.5,1.9375,3.857142857142857,4.0,0.1224489795918367,4.4,0.24,1.0,0,1,1,0
1,0.0,14.0,0.0,2,2,1.0,1.0,0.0,0.0,1.0,0,2.4,0.64,2.125,2.0,0.859375,3.142857142857143,3.0,0.6938775510204082,4.6,0.24,2.0,0,1,1,0
2,1.0,14.0,0.0,0,1,1.0,0.0,0.0,0.0,1.0,0,3.1342335583895973,0.2036074760125391,3.112149824912456,3.0,0.6137434327703497,2.4285714285714284,2.0,1.3877551020408163,3.6,0.64,1.0,0,1,1,0
1,1.0,15.0,0.0,0,1,1.0,0.0,0.0,0.0,1.0,0,4.0,0.0,1.875,1.5,1.109375,3.857142857142857,4.0,0.1224489795918367,3.4,0.64,3.0,1,0,1,0
1,0.0,14.0,0.0,0,1,1.0,1.0,0.0,0.0,1.0,0,3.4,0.64,2.25,2.5,1.1875,4.0,4.0,0.0,4.2,0.1599999999999999,1.0,0,1,1,0
1,0.0,15.0,0.0,3,2,1.0,1.0,0.0,0.0,1.0,0,3.0,0.4,2.25,2.0,1.4375,3.5714285714285716,4.0,0.2448979591836734,4.4,0.24,3.0,1,0,1,0
1,1.0,15.0,0.0,0,1,1.0,1.0,0.0,0.0,0.0,0,3.4,0.24,2.25,2.5,0.6875,4.0,4.0,0.0,2.2,2.56,3.0,1,0,1,0
1,0.0,14.0,1.0,5,5,1.0,0.0,0.0,1.0,1.0,0,2.8,1.36,2.0,1.5,1.25,2.7142857142857144,4.0,2.2040816326530615,5.0,0.0,5.0,1,0,1,0
1,0.0,15.0,1.0,3,3,1.0,1.0,0.0,0.0,1.0,0,3.0,0.4,2.25,2.0,0.4375,3.7142857142857144,4.0,0.2040816326530612,4.4,0.24,3.0,1,0,1,0
1,1.0,15.0,0.0,0,1,1.0,1.0,0.0,0.0,1.0,0,3.0,0.4,2.75,3.0,0.1875,3.857142857142857,4.0,0.1224489795918367,3.0,0.0,1.0,1,0,1,0
1,0.0,15.0,0.0,2,2,1.0,1.0,0.0,0.0,1.0,0,2.6,0.64,1.875,1.5,1.109375,3.5714285714285716,4.0,0.5306122448979592,4.2,0.5599999999999999,2.0,0,1,1,0
1,1.0,15.0,0.0,0,1,1.0,1.0,0.0,0.0,1.0,0,2.8,0.5599999999999999,1.875,2.0,0.609375,2.4285714285714284,3.0,1.673469387755102,4.2,0.5599999999999999,1.0,0,1,1,0
1,1.0,15.0,0.0,0,1,1.0,1.0,0.0,0.0,1.0,0,3.8,0.1599999999999999,2.875,3.0,1.359375,3.142857142857143,3.0,0.6938775510204082,4.8,0.1599999999999999,1.0,0,1,1,0
1,0.0,14.0,1.0,2,2,1.0,1.0,0.0,0.0,1.0,0,3.4,0.24,3.375,4.0,0.734375,2.857142857142857,3.0,0.6938775510204082,1.0,0.0,5.0,1,0,1,0
1,0.0,14.0,0.0,0,1,1.0,0.0,0.0,0.0,1.0,0,2.8,0.96,2.0,2.0,1.0,3.5714285714285716,4.0,0.5306122448979592,3.6,1.84,1.0,1,0,1,0
1,0.0,14.0,1.0,3,3,1.0,1.0,0.0,0.0,1.0,0,3.0,0.0,2.25,2.5,0.6875,2.5714285714285716,3.0,0.816326530612245,4.0,0.4,1.0,0,1,0,1
1,0.0,14.0,0.0,3,3,1.0,1.0,0.0,0.0,1.0,0,3.5979924717691345,0.2424251545554298,2.125,1.0,2.109375,2.7142857142857144,3.0,1.6326530612244898,4.0,0.8,1.0,0,1,1,0
1,1.0,14.0,0.0,0,1,1.0,1.0,0.0,0.0,1.0,0,2.6,0.24,2.375,2.5,0.984375,2.857142857142857,3.0,1.2653061224489797,3.8,0.5599999999999999,1.0,0,1,1,0
1,0.0,16.0,0.0,2,0,1.0,1.0,0.0,0.0,0.0,0,3.0,1.6,2.5280172413793105,2.112068965517241,1.4774775193222351,3.5714285714285716,4.0,1.1020408163265307,5.0,0.0,1.0,0,1,1,0
1,1.0,15.0,0.0,0,1,1.0,1.0,0.0,0.0,0.0,0,3.0,0.4,2.375,2.0,0.734375,3.5714285714285716,4.0,0.5306122448979592,3.6,0.64,2.0,0,1,1,0
1,0.0,15.0,0.0,0,1,1.0,1.0,0.0,0.0,0.0,0,2.4,0.64,2.625,2.0,1.234375,2.2857142857142856,1.0,2.2040816326530615,2.4,2.24,1.0,0,1,1,0
1,0.0,14.0,0.0,3,3,1.0,0.0,1.0,0.0,1.0,0,4.0,0.0,2.0,2.0,0.5,4.0,4.0,0.0,3.2,1.7600000000000002,5.0,1,0,1,0
1,0.0,14.0,0.0,3,2,1.0,1.0,0.0,0.0,1.0,0,2.8,0.1599999999999999,2.625,2.5,0.484375,2.0,2.0,0.8571428571428571,2.2,0.1599999999999999,4.0,1,0,1,0
1,0.0,17.0,0.0,0,1,0.0,1.0,0.0,0.0,0.0,0,3.8,0.1599999999999999,2.625,3.0,1.234375,1.7142857142857142,1.0,1.0612244897959182,3.4,1.04,1.0,0,1,1,0
1,1.0,15.0,0.0,0,1,1.0,1.0,0.0,0.0,0.0,0,3.0,0.4,2.375,2.0,0.984375,3.857142857142857,4.0,0.1224489795918367,3.4,3.8400000000000007,2.0,1,0,1,0
1,1.0,15.0,0.0,2,0,1.0,1.0,0.0,0.0,0.0,0,2.8,0.1599999999999999,2.5,3.0,0.5,3.4285714285714284,4.0,0.5306122448979592,3.057200100175306,0.527487606190874,1.0,0,1,1,0
1,0.0,15.0,0.0,3,4,1.0,1.0,0.0,0.0,1.0,0,2.6,0.24,2.625,2.5,0.984375,2.7142857142857144,3.0,0.2040816326530612,3.8,1.36,5.0,1,0,1,0
1,0.0,17.0,1.0,5,4,1.0,1.0,1.0,0.0,0.0,0,3.2394309957574245,0.1504468154027183,2.125,2.0,0.359375,3.0491440008577864,3.344008006004503,0.8716336540647178,3.6,1.04,2.0,0,1,1,0
1,0.0,15.0,0.0,2,2,1.0,0.0,0.0,0.0,1.0,0,2.6,0.24,2.75,3.0,0.9375,2.142857142857143,2.0,0.4081632653061224,3.613563563563564,0.2515867318770221,2.0,0,1,0,1
1,0.0,16.0,0.0,3,3,1.0,1.0,0.0,0.0,1.0,0,3.4,0.24,2.5,2.5,0.75,4.0,4.0,0.0,4.6,0.24,1.0,0,1,1,0
1,1.0,15.0,0.0,3,2,1.0,1.0,0.0,0.0,1.0,0,3.2,0.1599999999999999,2.25,2.0,0.1875,3.5714285714285716,4.0,0.2448979591836734,4.0,2.4,1.0,0,1,0,1
1,0.0,17.0,0.0,4,2,1.0,1.0,0.0,0.0,0.0,0,3.6,0.24,2.75,3.0,0.4375,3.5714285714285716,4.0,0.5306122448979592,3.2,1.36,5.0,1,0,1,0
1,1.0,15.0,0.0,2,0,0.0,0.0,1.0,1.0,0.0,0,2.8,0.1599999999999999,2.375,2.5,1.484375,3.7142857142857144,4.0,0.2040816326530612,4.2,0.5599999999999999,4.0,1,0,1,0
1,1.0,15.0,0.0,0,1,1.0,1.0,0.0,0.0,1.0,0,2.914327144842929,0.0340170511477578,2.125,2.0,0.609375,3.857142857142857,4.0,0.1224489795918367,4.6,0.24,3.0,1,0,1,0
1,0.0,17.0,0.0,0,1,1.0,1.0,0.0,0.0,1.0,0,3.8,0.1599999999999999,2.25,2.5,0.6875,3.0,3.0,0.2857142857142857,2.8,0.5599999999999999,1.0,1,0,1,0
1,0.0,16.0,0.0,2,0,1.0,1.0,1.0,0.0,1.0,1,2.6,0.64,1.875,1.0,1.609375,3.5714285714285716,4.0,0.5306122448979592,5.0,0.0,1.0,0,1,1,0
1,0.0,17.0,0.0,2,2,0.0,1.0,0.0,1.0,1.0,0,3.4,0.24,2.625,2.0,1.234375,4.0,4.0,0.0,4.2,0.5599999999999999,2.0,0,1,0,1
2,1.0,15.0,0.0,0,1,0.0,1.0,0.0,0.0,1.0,0,3.6,0.24,2.25,1.5,1.9375,2.7142857142857144,3.0,1.6326530612244898,4.4,0.24,1.0,0,1,0,1
1,0.0,17.0,0.0,2,2,1.0,1.0,0.0,0.0,1.0,1,3.4,0.24,2.625,2.0,1.234375,3.2857142857142856,4.0,0.7755102040816327,4.8,0.1599999999999999,5.0,1,0,1,0
1,0.0,17.0,0.0,4,4,0.0,1.0,0.0,0.0,0.0,0,3.0,1.2,2.25,2.5,0.6875,4.0,4.0,0.0,4.0,0.0,5.0,1,0,1,0
1,0.0,17.0,0.0,3,2,1.0,1.0,0.0,0.0,1.0,0,3.2,0.1599999999999999,2.875,3.0,1.359375,3.857142857142857,4.0,0.1224489795918367,5.0,0.0,1.0,0,1,1,0
1,0.0,15.0,1.0,5,5,1.0,0.0,0.0,0.0,0.0,0,3.6,0.24,1.75,2.0,0.4375,3.142857142857143,3.0,0.4081632653061224,4.2,0.1599999999999999,4.0,0,1,1,0
1,1.0,16.0,0.0,1,1,0.0,1.0,0.0,0.0,0.0,0,2.6,1.4400000000000002,1.875,2.0,0.609375,3.857142857142857,4.0,0.1224489795918367,3.8,1.36,1.0,0,1,1,0
2,1.0,16.0,0.0,0,1,1.0,1.0,0.0,0.0,1.0,0,3.0,0.0,2.125,2.0,0.109375,3.0,3.0,0.0,4.0,0.0,2.0,1,0,1,0
1,0.0,16.0,0.0,0,1,1.0,0.0,0.0,0.0,0.0,0,3.0,0.8,3.0069982504373907,3.0,0.7363463276895097,4.0,4.0,0.0,4.202447552447553,0.159044941072913,1.0,0,1,1,0
1,1.0,14.0,0.0,0,1,0.0,1.0,0.0,0.0,0.0,0,4.0,0.0,1.375,1.0,0.484375,4.0,4.0,0.0,2.2,2.56,5.0,1,0,1,0
1,0.0,14.0,0.0,0,1,0.0,0.0,0.0,0.0,0.0,1,3.4,0.64,2.0,1.5,1.25,3.7142857142857144,4.0,0.489795918367347,4.4,0.6399999999999999,1.0,1,0,1,0
2,1.0,15.0,0.0,0,1,0.0,0.0,1.0,1.0,1.0,0,2.6,0.24,1.875,2.0,0.359375,2.857142857142857,3.0,1.2653061224489797,3.0,0.0,1.0,1,0,1,0
1,1.0,15.0,0.0,0,1,1.0,1.0,0.0,0.0,1.0,0,2.8,0.1599999999999999,2.5,3.0,0.5,3.142857142857143,3.0,0.6938775510204082,3.4,0.24,1.0,0,1,1,0
1,0.0,16.0,0.0,2,2,1.0,0.0,0.0,0.0,0.0,0,3.0,0.0,2.0,2.0,0.5,1.7142857142857142,2.0,0.489795918367347,3.8,0.1599999999999999,3.0,1,0,1,0
1,1.0,15.0,0.0,1,1,1.0,0.0,0.0,0.0,1.0,0,2.914327144842929,0.0340170511477578,2.3991018454906787,2.4144439655172416,0.1341968291381966,3.261904393338928,3.344008006004503,0.1709657741508746,3.9506546817266353,0.0700784676330909,1.0,0,1,1,0
2,1.0,15.0,0.0,0,1,0.0,1.0,0.0,0.0,0.0,0,2.8,1.36,3.0,3.0,1.0,3.857142857142857,4.0,0.1224489795918367,3.4,0.64,1.0,1,0,1,0
1,1.0,16.0,0.0,0,1,1.0,0.0,0.0,0.0,0.0,0,2.8,2.16,2.25,2.5,1.1875,2.7142857142857144,4.0,2.2040816326530615,3.4,3.8400000000000007,2.0,1,0,1,0
1,0.0,17.0,0.0,3,3,0.0,0.0,1.0,0.0,0.0,0,2.2,0.5599999999999999,2.5,2.5,0.75,2.857142857142857,2.0,0.979591836734694,4.8,0.1599999999999999,5.0,1,0,1,0
1,0.0,16.0,0.0,2,0,1.0,0.0,0.0,0.0,0.0,0,2.2,2.16,2.25,2.0,0.4375,3.7142857142857144,4.0,0.489795918367347,4.8,0.1599999999999999,1.0,0,1,0,1
1,0.0,16.0,0.0,0,1,1.0,0.0,0.0,0.0,0.0,0,3.0,0.4,2.875,2.5,0.859375,2.5714285714285716,3.0,1.3877551020408163,4.2,0.5599999999999999,4.0,1,0,1,0
1,1.0,16.0,0.0,2,0,1.0,0.0,0.0,0.0,1.0,0,3.4,0.24,2.25,2.0,1.4375,3.0,4.0,1.7142857142857142,4.0,0.0,4.0,1,0,1,0
2,1.0,16.0,1.0,0,1,1.0,0.0,0.0,0.0,0.0,0,3.2,0.1599999999999999,2.875,3.0,0.609375,2.7142857142857144,3.0,0.7755102040816327,4.0,0.8,2.0,0,1,1,0
1,0.0,17.0,0.0,2,2,1.0,0.0,0.0,0.0,1.0,1,3.0,0.4,2.5,3.0,0.5,4.0,4.0,0.0,3.6,0.64,2.0,1,0,1,0
1,0.0,16.0,1.0,3,3,1.0,0.0,1.0,0.0,1.0,0,4.0,0.0,2.0,2.0,0.25,4.0,4.0,0.0,3.4,1.04,2.0,0,1,1,0
1,1.0,17.0,0.0,0,1,1.0,1.0,0.0,0.0,0.0,0,2.0,1.2,2.625,2.5,0.984375,3.613544389929449,4.0,0.4931223339049495,3.2,0.1599999999999999,4.0,1,0,1,0
1,0.0,17.0,0.0,2,0,1.0,1.0,0.0,0.0,1.0,0,3.2,0.1599999999999999,2.0,2.0,0.5,3.7142857142857144,4.0,0.489795918367347,4.6,0.24,1.0,0,1,0,1
1,0.0,17.0,0.0,2,2,0.0,0.0,0.0,0.0,1.0,1,3.0,0.4,2.0,1.5,1.5,3.2857142857142856,4.0,1.0612244897959184,3.8,2.16,5.0,1,0,1,0
2,0.0,16.0,0.0,0,1,1.0,0.0,0.0,0.0,1.0,0,2.4,0.64,1.5,1.0,0.5,4.0,4.0,0.0,3.2,1.36,1.0,1,0,0,1
2,1.0,16.0,0.0,3,2,0.0,0.0,1.0,0.0,0.0,0,3.0,0.4,2.125,2.0,0.609375,2.7142857142857144,3.0,0.7755102040816327,3.0,1.2,3.0,1,0,1,0
1,0.0,17.0,0.0,0,1,1.0,1.0,0.0,0.0,1.0,0,2.4,0.24,2.5,2.5,0.75,2.5714285714285716,2.0,0.5306122448979592,3.4,1.04,1.0,0,1,1,0
1,0.0,17.0,0.0,2,2,1.0,1.0,0.0,0.0,1.0,0,3.0,0.4,2.25,2.0,0.6875,3.7142857142857144,4.0,0.2040816326530612,2.8,0.5599999999999999,3.0,1,0,1,0
1,0.0,14.0,0.0,0,1,1.0,1.0,0.0,0.0,1.0,1,3.8,0.1599999999999999,1.875,2.0,0.609375,3.7142857142857144,4.0,0.2040816326530612,3.2,1.36,2.0,1,0,1,0
1,0.0,14.0,0.0,0,1,1.0,1.0,0.0,0.0,1.0,0,2.6,0.64,2.125,2.0,1.109375,2.857142857142857,3.0,0.4081632653061224,4.4,0.64,1.0,0,1,0,1
2,1.0,14.0,1.0,3,4,0.0,1.0,0.0,0.0,0.0,0,3.0,0.0,2.0,2.0,0.0,3.5714285714285716,4.0,0.5306122448979593,3.6,0.24,4.0,1,0,1,0
1,0.0,14.0,0.0,0,1,1.0,1.0,0.0,0.0,1.0,0,3.0,0.4,2.25,2.0,1.4375,3.857142857142857,4.0,0.1224489795918367,4.6,0.24,1.0,0,1,1,0
1,0.0,14.0,0.0,0,1,1.0,1.0,0.0,0.0,0.0,0,3.6,0.24,1.9689612015018776,2.0,0.6946662520892042,3.7142857142857144,4.0,0.2040816326530612,4.0,0.8,1.0,1,0,1,0
1,0.0,14.0,0.0,0,1,1.0,1.0,0.0,0.0,1.0,0,3.6,0.24,2.625,3.0,1.984375,4.0,4.0,0.0,5.0,0.0,1.0,0,1,1,0
1,0.0,14.0,0.0,0,1,1.0,1.0,1.0,1.0,1.0,0,3.4,0.24,2.375,2.0,1.734375,4.0,4.0,0.0,5.0,0.0,1.0,0,1,1,0
1,0.0,14.0,0.0,0,1,1.0,1.0,0.0,0.0,1.0,0,2.4,1.04,2.75,2.5,1.1875,3.2857142857142856,3.0,0.489795918367347,4.2135635635635635,1.3553104556007458,2.0,1,0,1,0
1,0.0,14.0,1.0,3,4,1.0,1.0,0.0,0.0,0.0,0,2.6,1.04,2.0,2.0,0.75,3.4285714285714284,4.0,0.816326530612245,4.8,0.1599999999999999,5.0,0,1,1,0
1,0.0,14.0,0.0,3,5,1.0,1.0,0.0,0.0,0.0,0,2.6394309957574245,0.6777640103116277,2.125,2.0,0.359375,3.857142857142857,4.0,0.1224489795918367,5.0,0.0,1.0,0,1,1,0
2,1.0,14.0,0.0,0,1,1.0,1.0,0.0,0.0,1.0,1,3.4,0.24,2.5,2.0,1.0,4.0,4.0,0.0,4.2,0.96,4.0,1,0,1,0
1,1.0,14.0,1.0,3,5,1.0,0.0,0.0,0.0,1.0,0,1.4,0.24,3.125,3.0,0.109375,1.341970763787126,1.0,0.3034367778509358,4.6,0.24,1.0,0,1,1,0
1,0.0,14.0,0.0,2,0,1.0,1.0,1.0,0.0,1.0,0,2.2,0.96,2.375,2.5,0.984375,2.857142857142857,4.0,1.836734693877551,4.8,0.1599999999999999,4.0,1,0,1,0
1,0.0,14.0,0.0,0,1,1.0,1.0,0.0,0.0,1.0,0,2.6,0.64,2.625,3.0,0.234375,2.7142857142857144,3.0,0.2040816326530612,3.2,1.7600000000000002,1.0,1,0,1,0
1,0.0,14.0,0.0,0,1,1.0,1.0,1.0,0.0,1.0,0,3.6,0.24,2.125,2.0,1.109375,4.0,4.0,0.0,4.2,0.5599999999999999,4.0,1,0,1,0
1,0.0,14.0,0.0,0,1,1.0,1.0,0.0,0.0,1.0,0,1.6,0.24,2.75,3.0,0.6875,2.4285714285714284,2.0,0.816326530612245,3.0,0.4,1.0,1,0,1,0
1,0.0,14.0,0.0,0,1,1.0,1.0,0.0,0.0,1.0,1,4.0,0.0,2.25,2.0,0.1875,3.857142857142857,4.0,0.1224489795918367,4.8,0.1599999999999999,1.0,1,0,1,0
1,1.0,14.0,0.0,0,1,1.0,1.0,0.0,0.0,1.0,0,3.4,0.24,1.75,1.5,0.6875,3.4285714285714284,4.0,0.5306122448979592,2.2,0.5599999999999999,2.0,0,1,1,0
1,1.0,14.0,0.0,0,1,1.0,1.0,0.0,0.0,1.0,1,2.8,0.96,2.75,2.0,0.9375,1.4285714285714286,1.0,1.1020408163265305,1.0,0.0,1.0,1,0,1,0
2,1.0,14.0,0.0,0,1,1.0,1.0,0.0,0.0,1.0,0,2.4,0.24,2.5,2.5,0.75,2.9596343430722354,3.7174404015056464,1.357616432271159,2.8572001001753065,0.7103676462609967,3.0,0,1,1,0
1,1.0,14.0,0.0,0,1,1.0,1.0,0.0,0.0,1.0,0,3.6,0.6400000000000002,2.0,1.5,1.5,4.0,4.0,0.0,1.0,0.0,1.0,1,0,0,1
1,0.0,17.0,0.0,4,2,1.0,0.0,0.0,0.0,0.0,0,2.4,1.0400000000000005,1.5,1.0,0.75,4.0,4.0,0.0,3.2,0.5599999999999999,1.0,0,1,1,0
1,1.0,17.0,0.0,0,1,1.0,1.0,0.0,0.0,1.0,0,3.6,0.24,2.375,2.0,0.734375,1.7142857142857142,2.0,0.2040816326530612,4.2,0.1599999999999999,4.0,1,0,1,0
2,1.0,15.0,0.0,2,0,1.0,0.0,0.0,0.0,1.0,1,3.0,1.2,2.25,2.0,0.9375,4.0,4.0,0.0,3.8,0.1599999999999999,4.0,1,0,1,0
1,0.0,16.0,0.0,2,2,1.0,1.0,0.0,0.0,1.0,0,2.4,0.24,3.0,3.0,0.25,2.7142857142857144,4.0,2.204081632653061,4.0,0.0,2.0,0,1,0,1
2,1.0,16.0,0.0,2,2,1.0,0.0,0.0,0.0,1.0,0,3.3520482533299827,0.2875588773708363,2.625,3.0,0.734375,3.4285714285714284,4.0,0.5306122448979592,3.4,0.24,1.0,0,1,1,0
1,0.0,17.0,0.0,0,1,0.0,1.0,0.0,1.0,0.0,0,3.2,0.5599999999999999,1.75,2.0,0.4375,4.0,4.0,0.0,5.0,0.0,2.0,1,0,1,0
1,0.0,16.0,0.0,0,1,1.0,1.0,0.0,0.0,1.0,0,2.2,0.1599999999999999,2.875,3.0,0.359375,3.0,3.0,0.0,4.4,0.24,2.0,0,1,0,1
1,0.0,16.0,0.0,2,0,1.0,1.0,1.0,0.0,1.0,0,3.2,1.36,2.75,3.0,0.9375,3.5714285714285716,4.0,1.1020408163265307,5.0,0.0,2.0,0,1,0,1
1,0.0,16.0,0.0,2,2,1.0,1.0,0.0,0.0,0.0,0,3.2,0.1599999999999999,2.375,3.0,0.734375,3.7142857142857144,4.0,0.2040816326530612,4.2,0.1599999999999999,4.0,1,0,1,0
1,0.0,15.0,0.0,3,2,1.0,1.0,0.0,0.0,0.0,0,2.8,0.96,2.0,1.5,1.25,4.0,4.0,0.0,4.8,0.1599999999999999,1.0,0,1,1,0
1,0.0,16.0,0.0,2,3,1.0,1.0,0.0,0.0,1.0,0,2.2,0.1599999999999999,2.5,2.5,0.75,2.857142857142857,3.0,0.979591836734694,3.4,0.24,3.0,1,0,1,0
1,0.0,17.0,0.0,3,2,1.0,0.0,1.0,0.0,1.0,0,3.8,0.1599999999999999,2.375,2.0,1.234375,4.0,4.0,0.0,4.0,0.4,4.0,1,0,1,0
1,0.0,17.0,0.0,4,3,0.0,0.0,1.0,1.0,0.0,0,3.0,0.8,2.625,3.0,0.734375,3.857142857142857,4.0,0.1224489795918367,5.0,0.0,3.0,0,1,1,0
1,0.0,16.0,0.0,2,2,1.0,0.0,0.0,0.0,1.0,0,3.0,0.8,2.5,2.5,0.75,3.5714285714285716,4.0,0.2448979591836734,4.0,0.4,1.0,0,1,1,0
1,0.0,16.0,0.0,4,4,1.0,1.0,0.0,0.0,0.0,1,2.8,0.1599999999999999,2.75,3.0,0.9375,3.4285714285714284,3.0,0.2448979591836734,3.8,0.1599999999999999,3.0,1,0,1,0
1,0.0,16.0,0.0,3,3,1.0,1.0,0.0,0.0,1.0,0,2.4,0.24,2.5,2.5,0.75,2.7142857142857144,3.0,1.346938775510204,3.6,0.64,4.0,0,1,1,0
1,1.0,16.0,0.0,3,2,1.0,1.0,0.0,0.0,1.0,0,3.2,1.36,2.5,2.5,0.25,3.7142857142857144,4.0,0.489795918367347,3.6,0.64,5.0,1,0,1,0
1,0.0,16.0,0.0,2,2,1.0,1.0,0.0,0.0,1.0,0,3.4,0.24,1.625,1.5,0.484375,3.857142857142857,4.0,0.1224489795918367,4.8,0.1599999999999999,2.0,0,1,1,0
1,0.0,16.0,0.0,3,2,1.0,1.0,0.0,0.0,1.0,0,2.6,1.84,2.5,2.0,1.5,3.7142857142857144,4.0,0.489795918367347,3.6,0.64,4.0,1,0,1,0
1,0.0,17.0,1.0,4,4,1.0,1.0,0.0,0.0,0.0,1,3.0,0.4,1.625,1.5,0.484375,3.0,3.0,0.5714285714285714,5.0,0.0,1.0,0,1,1,0
1,1.0,16.0,0.0,2,0,1.0,1.0,0.0,1.0,1.0,0,3.0,0.8,2.875,3.0,0.609375,2.857142857142857,3.0,0.4081632653061224,4.4,1.44,1.0,0,1,1,0
1,0.0,17.0,0.0,2,0,1.0,1.0,0.0,0.0,1.0,0,2.8,0.5599999999999999,2.75,3.0,0.6875,3.142857142857143,4.0,1.2653061224489797,4.4,0.6399999999999999,2.0,1,0,1,0
1,0.0,16.0,0.0,3,2,1.0,1.0,0.0,0.0,1.0,1,3.0,0.4,2.375,2.5,0.484375,3.5714285714285716,4.0,0.5306122448979592,3.2,1.36,3.0,0,1,1,0
1,1.0,16.0,1.0,2,2,1.0,1.0,0.0,0.0,0.0,0,2.8,0.1599999999999999,2.125,2.0,0.109375,3.5714285714285716,4.0,0.5306122448979593,4.0,0.0,2.0,1,0,1,0
1,0.0,17.0,0.0,2,2,1.0,0.0,0.0,0.0,0.0,0,3.4,0.24,2.625,3.0,1.734375,2.5714285714285716,3.0,0.2448979591836734,2.4,0.24,2.0,1,0,1,0
1,0.0,16.0,0.0,0,1,1.0,1.0,0.0,0.0,0.0,0,3.0,0.0,2.0,2.0,0.5,4.0,4.0,0.0,4.0,0.0,1.0,1,0,1,0
1,0.0,17.0,0.0,3,0,1.0,1.0,0.0,0.0,1.0,1,2.8,2.16,2.875,3.5,1.609375,3.2857142857142856,4.0,1.3469387755102038,2.6,0.64,5.0,1,0,1,0
1,0.0,17.0,1.0,2,2,1.0,1.0,0.0,0.0,1.0,0,2.752048253329982,0.5500167813668152,2.625,3.0,0.734375,4.0,4.0,0.0,4.8,0.1599999999999999,2.0,1,0,1,0
1,1.0,15.0,0.0,2,2,1.0,1.0,0.0,0.0,1.0,0,3.0,0.4,2.625,3.0,0.234375,3.0,3.0,0.0,4.0,0.4,5.0,1,0,1,0
2,0.0,17.0,0.0,0,1,1.0,1.0,0.0,0.0,1.0,0,3.4,0.24,2.375,2.0,1.234375,3.5714285714285716,4.0,0.2448979591836734,4.0,0.8,1.0,0,1,0,1
1,0.0,16.0,1.0,3,3,0.0,1.0,0.0,0.0,0.0,0,2.2,0.5599999999999999,2.0,2.0,0.5,3.4285714285714284,3.0,0.2448979591836734,3.8,0.96,3.0,0,1,1,0
1,0.0,17.0,1.0,0,1,0.0,1.0,0.0,0.0,0.0,0,3.2,0.5599999999999999,2.375,2.5,0.484375,3.5714285714285716,4.0,1.1020408163265307,2.8,0.5599999999999999,4.0,1,0,1,0
1,0.0,16.0,0.0,0,1,1.0,0.0,0.0,0.0,0.0,0,2.6,0.24,2.5,2.5,0.75,2.5714285714285716,3.0,0.2448979591836734,4.6,0.24,1.0,1,0,1,0
1,0.0,17.0,0.0,3,2,1.0,0.0,0.0,0.0,1.0,0,3.6,0.64,1.875,2.0,0.609375,4.0,4.0,0.0,4.0,0.4,4.0,1,0,1,0
1,1.0,17.0,0.0,2,2,1.0,1.0,0.0,0.0,1.0,0,3.6,0.24,2.375,2.0,1.984375,3.4285714285714284,4.0,1.1020408163265307,3.4,2.24,2.0,1,0,1,0
1,0.0,17.0,0.0,3,3,1.0,0.0,0.0,0.0,1.0,0,2.2,0.1599999999999999,2.625,2.5,0.484375,2.142857142857143,2.0,0.1224489795918367,3.8,0.5599999999999999,2.0,0,1,0,1
2,1.0,16.0,1.0,3,2,1.0,0.0,0.0,0.0,1.0,0,3.2,0.5599999999999999,1.75,2.0,0.4375,3.857142857142857,4.0,0.1224489795918367,4.0,1.2,2.0,0,1,1,0
1,0.0,17.0,0.0,3,3,0.0,1.0,0.0,0.0,0.0,0,2.6,0.24,2.375,2.5,0.484375,3.4285714285714284,3.0,0.2448979591836734,4.2,0.1599999999999999,5.0,1,0,1,0
1,0.0,15.0,1.0,2,3,1.0,0.0,1.0,0.0,0.0,0,2.8,1.36,2.20059375,2.302375,1.1304774677734375,2.9596343430722354,3.7174404015056464,1.6433307179854444,4.4,0.6399999999999999,1.0,0,1,1,0
1,0.0,16.0,1.0,4,4,1.0,0.0,0.0,0.0,0.0,0,3.6,0.24,1.75,1.0,1.1875,2.857142857142857,3.0,0.979591836734694,2.4,0.64,3.0,1,0,1,0
1,0.0,16.0,0.0,4,3,1.0,1.0,0.0,0.0,1.0,0,3.8,0.1599999999999999,2.875,3.0,0.859375,3.4285714285714284,4.0,0.816326530612245,3.4,0.64,1.0,0,1,1,0
1,0.0,16.0,0.0,0,1,1.0,0.0,1.0,0.0,1.0,0,3.1342335583895973,0.2036074760125391,2.5939612015018776,2.8758448060075095,0.2178397502118574,2.5714285714285716,3.0,0.2448979591836734,3.8,0.1599999999999999,5.0,1,0,1,0
1,0.0,17.0,0.0,3,3,1.0,0.0,0.0,0.0,1.0,0,2.8,0.1599999999999999,2.5,2.5,0.25,3.142857142857143,3.0,0.6938775510204082,2.0,0.4,1.0,0,1,1,0
1,0.0,16.0,0.0,4,5,0.0,1.0,0.0,0.0,0.0,0,3.2,0.1599999999999999,2.875,2.5,0.859375,2.857142857142857,3.0,0.4081632653061224,2.6,0.64,4.0,1,0,1,0
1,1.0,16.0,0.0,3,2,0.0,1.0,0.0,0.0,0.0,1,2.0,1.2,2.75,3.0,0.4375,3.142857142857143,3.0,0.4081632653061224,5.0,0.0,1.0,0,1,1,0
1,0.0,16.0,0.0,4,4,0.0,0.0,0.0,0.0,1.0,0,3.2,0.1599999999999999,2.5,2.5,0.75,3.4285714285714284,4.0,1.1020408163265307,3.4,1.84,4.0,1,0,1,0
1,0.0,14.0,0.0,3,2,1.0,1.0,0.0,0.0,0.0,0,3.4,0.24,2.75,3.0,0.9375,4.0,4.0,0.0,4.657200100175307,0.1844472856298924,1.0,0,1,1,0
1,0.0,15.0,0.0,2,2,1.0,1.0,0.0,0.0,1.0,0,1.8,1.36,2.25,2.0,0.9375,2.857142857142857,3.0,0.979591836734694,3.8,0.96,1.0,1,0,0,1
1,0.0,15.0,0.0,2,0,1.0,1.0,0.0,0.0,0.0,0,4.0,0.0,2.5,2.5,2.25,3.5714285714285716,4.0,1.1020408163265307,5.0,0.0,1.0,0,1,1,0
2,1.0,16.0,0.0,3,3,0.0,0.0,0.0,1.0,0.0,0,3.6,0.64,1.375,1.0,0.484375,3.142857142857143,4.0,1.8367346938775508,4.2,2.56,3.0,1,0,1,0
1,0.0,15.0,0.0,2,0,0.0,1.0,0.0,0.0,0.0,0,2.8,0.96,2.732218710810133,2.8520000000000003,0.9037626303011752,4.0,4.0,0.0,4.8,0.1599999999999999,1.0,0,1,1,0
1,0.0,16.0,0.0,3,2,1.0,0.0,0.0,0.0,0.0,0,1.7520482533299824,0.4541132880267799,2.625,3.0,1.734375,3.7142857142857144,4.0,0.489795918367347,4.413563563563564,0.6298850301753205,1.0,0,1,1,0
1,0.0,15.0,0.0,2,2,1.0,0.0,0.0,0.0,0.0,0,3.6,0.24,2.75,3.0,0.9375,3.857142857142857,4.0,0.1224489795918367,4.0,0.8,2.0,1,0,1,0
1,0.0,17.0,0.0,5,4,1.0,0.0,0.0,0.0,1.0,0,1.8,0.56,2.519218710810133,2.5768748432405317,1.2333668011062917,3.5714285714285716,4.0,1.1020408163265307,3.4,2.6399999999999997,5.0,1,0,1,0
1,0.0,16.0,1.0,4,4,1.0,0.0,0.0,0.0,0.0,0,3.2,0.5599999999999999,2.25,2.5,1.1875,3.5714285714285716,4.0,0.5306122448979593,3.4,1.8400000000000003,1.0,0,1,1,0
1,0.0,15.0,1.0,3,4,0.0,0.0,0.0,1.0,0.0,0,2.6,1.0400000000000005,2.75,2.5,1.1875,3.5004116404767873,4.0,0.5000010166872927,2.2,2.16,3.0,1,0,1,0
1,0.0,17.0,0.0,0,1,0.0,1.0,0.0,0.0,0.0,0,2.2,0.5599999999999999,2.487149824912456,2.9485992996498247,0.98830571391092,2.0,1.0,1.4285714285714286,3.6,1.04,1.0,0,1,0,1
1,0.0,16.0,0.0,2,0,1.0,0.0,0.0,0.0,0.0,0,3.7520482533299826,0.2459202747068503,1.625,1.0,0.984375,4.0,4.0,0.0,2.0,0.8,1.0,0,1,1,0
1,0.0,15.0,0.0,2,0,1.0,1.0,0.0,0.0,0.0,0,2.2,0.96,2.75,3.0,0.6875,4.0,4.0,0.0,4.2,0.1599999999999999,1.0,0,1,0,1
1,0.0,15.0,0.0,0,1,1.0,1.0,0.0,0.0,0.0,0,3.6,0.24,2.375,2.5,0.984375,3.857142857142857,4.0,0.1224489795918367,4.6,0.24,1.0,0,1,1,0
1,0.0,14.0,0.0,0,1,1.0,0.0,0.0,0.0,0.0,0,3.6,0.24,2.375,2.5,1.484375,3.857142857142857,4.0,0.1224489795918367,5.0,0.0,1.0,0,1,1,0
1,0.0,15.0,0.0,2,0,1.0,1.0,0.0,0.0,1.0,0,3.0,0.0,2.875,3.0,0.609375,3.142857142857143,3.0,0.6938775510204082,2.8,1.36,2.0,0,1,0,1
2,1.0,15.0,0.0,0,1,1.0,1.0,0.0,0.0,1.0,0,2.4,0.24,2.375,2.5,1.484375,3.0,3.0,0.0,5.0,0.0,2.0,0,1,1,0
1,1.0,15.0,0.0,0,1,1.0,1.0,0.0,0.0,1.0,1,3.2,0.5599999999999999,2.0,1.5,1.25,3.7142857142857144,4.0,0.2040816326530612,4.0,1.6,2.0,0,1,1,0
2,1.0,15.0,0.0,0,1,1.0,1.0,0.0,0.0,1.0,0,3.0,0.4,2.25,2.0,0.9375,3.0,4.0,1.7142857142857142,4.0,0.8,1.0,0,1,1,0
1,0.0,14.0,0.0,4,3,1.0,1.0,0.0,0.0,0.0,0,3.2,0.5599999999999999,2.25,2.0,0.9375,2.0,2.0,0.8571428571428571,2.4,0.24,4.0,1,0,1,0
1,0.0,15.0,0.0,4,4,1.0,1.0,0.0,0.0,1.0,0,3.8,0.1599999999999999,1.75,2.0,0.4375,3.5714285714285716,4.0,0.5306122448979592,3.6,1.04,3.0,1,0,1,0
1,0.0,15.0,0.0,2,0,1.0,1.0,0.0,0.0,1.0,0,3.0,0.0,3.0,3.0,1.0,3.5714285714285716,4.0,0.5306122448979592,4.2,0.5599999999999999,2.0,0,1,1,0
1,1.0,15.0,0.0,0,1,1.0,1.0,0.0,0.0,1.0,0,2.8,0.5599999999999999,1.875,1.5,0.859375,4.0,4.0,0.0,5.0,0.0,1.0,0,1,1,0
1,0.0,15.0,1.0,0,1,1.0,1.0,0.0,0.0,0.0,0,2.2,0.5599999999999999,2.75,3.0,0.6875,2.5714285714285716,3.0,0.5306122448979592,2.2,0.1599999999999999,2.0,1,0,1,0
1,0.0,15.0,0.0,2,2,1.0,1.0,0.0,0.0,1.0,0,1.8,1.36,2.25,2.0,0.6875,2.4285714285714284,3.0,1.1020408163265307,4.6,0.6399999999999999,4.0,0,1,0,1
1,0.0,16.0,1.0,2,0,1.0,1.0,0.0,0.0,1.0,0,1.4,0.24,2.125,2.0,0.359375,3.142857142857143,3.0,0.6938775510204082,4.6,0.24,4.0,0,1,0,1
1,0.0,16.0,0.0,4,3,1.0,0.0,0.0,0.0,0.0,0,3.0,0.4,1.875,2.0,0.609375,3.857142857142857,4.0,0.1224489795918367,1.8,1.36,2.0,0,1,1,0
1,0.0,16.0,0.0,0,1,1.0,1.0,0.0,0.0,0.0,0,2.2,0.5599999999999999,2.625,3.0,1.234375,3.5714285714285716,4.0,1.1020408163265307,4.4,0.24,5.0,1,0,0,1
1,0.0,16.0,0.0,2,2,1.0,1.0,0.0,0.0,1.0,0,3.0,0.0,2.5,2.5,0.25,3.142857142857143,3.0,0.4081632653061224,4.0,0.8,2.0,0,1,1,0
1,0.0,15.0,1.0,0,1,1.0,0.0,0.0,0.0,0.0,0,2.2,0.96,3.25,3.0,0.1875,2.5714285714285716,2.0,1.1020408163265307,2.6,1.44,3.0,0,1,1,0
1,0.0,16.0,0.0,3,3,1.0,1.0,0.0,0.0,1.0,0,3.8,0.1599999999999999,2.125,2.0,0.109375,4.0,4.0,0.0,4.0,0.4,3.0,1,0,1,0
1,0.0,16.0,0.0,3,2,1.0,1.0,0.0,0.0,1.0,0,2.8,0.5599999999999999,2.0,2.0,0.5,3.142857142857143,4.0,1.2653061224489797,3.8,0.1599999999999999,5.0,1,0,1,0
1,0.0,16.0,0.0,3,3,1.0,1.0,0.0,0.0,1.0,0,4.0,0.0,2.875,3.0,0.359375,4.0,4.0,0.0,2.4,1.44,5.0,1,0,1,0
1,0.0,16.0,0.0,0,1,1.0,1.0,0.0,0.0,1.0,0,2.6,0.64,2.125,2.0,0.609375,2.7142857142857144,4.0,2.204081632653061,1.2,0.16,4.0,1,0,1,0
1,0.0,15.0,0.0,3,3,1.0,1.0,0.0,0.0,1.0,0,3.4,1.44,2.375,2.0,0.734375,2.857142857142857,3.0,1.551020408163265,4.0,0.8,4.0,1,0,1,0
1,0.0,16.0,1.0,3,2,1.0,1.0,0.0,0.0,1.0,0,2.8,0.5599999999999999,2.0,2.0,0.75,3.857142857142857,4.0,0.1224489795918367,4.4,0.64,1.0,0,1,1,0
1,0.0,16.0,0.0,0,1,1.0,1.0,0.0,0.0,1.0,0,3.0,0.0,2.375,2.0,0.234375,3.5714285714285716,4.0,0.5306122448979592,4.4,0.24,1.0,1,0,1,0
1,1.0,16.0,0.0,2,0,1.0,1.0,0.0,0.0,1.0,0,3.2,0.1599999999999999,1.875,2.0,0.609375,3.5714285714285716,4.0,0.5306122448979592,3.4,0.24,3.0,0,1,1,0
1,0.0,16.0,0.0,0,1,1.0,1.0,0.0,0.0,1.0,0,2.2,1.36,2.625,2.5,1.484375,3.5714285714285716,4.0,0.2448979591836734,3.8,2.16,2.0,1,0,1,0
1,1.0,17.0,0.0,0,1,1.0,0.0,0.0,0.0,1.0,0,2.8,0.1599999999999999,2.625,2.5,0.984375,3.5714285714285716,4.0,0.5306122448979592,3.8,0.5599999999999999,3.0,0,1,1,0
1,0.0,16.0,0.0,0,1,1.0,1.0,0.0,0.0,1.0,0,2.6,1.04,2.5,2.0,0.5,3.142857142857143,4.0,1.2653061224489797,3.8,0.1599999999999999,2.0,1,0,1,0
1,0.0,17.0,0.0,2,0,1.0,1.0,0.0,0.0,1.0,0,3.2,0.5599999999999999,1.875,2.0,0.859375,3.142857142857143,3.0,0.1224489795918367,2.8,0.96,1.0,0,1,1,0
1,1.0,16.0,1.0,3,3,1.0,0.0,0.0,0.0,0.0,0,2.8,0.96,1.875,2.0,0.359375,3.4285714285714284,4.0,0.816326530612245,3.2,1.7600000000000002,5.0,0,1,1,0
1,1.0,17.0,0.0,2,2,1.0,0.0,0.0,0.0,1.0,0,2.8,0.1599999999999999,2.5,2.5,0.25,3.857142857142857,4.0,0.1224489795918367,4.2,0.1599999999999999,2.0,1,0,1,0
1,1.0,17.0,0.0,3,3,1.0,1.0,1.0,1.0,1.0,1,4.0,0.0,1.875,2.0,0.859375,3.7142857142857144,4.0,0.2040816326530612,4.8,0.1599999999999999,3.0,1,0,1,0
1,0.0,17.0,0.0,3,3,1.0,1.0,0.0,0.0,1.0,0,3.4,0.24,2.5,2.5,0.25,4.0,4.0,0.0,3.0,1.6,4.0,1,0,1,0
1,0.0,16.0,0.0,0,1,1.0,1.0,0.0,0.0,1.0,0,3.6,0.64,3.0,3.0,0.75,3.7142857142857144,4.0,0.489795918367347,4.8,0.1599999999999999,1.0,0,1,1,0
1,1.0,16.0,0.0,2,2,0.0,1.0,0.0,0.0,0.0,0,3.4,1.4400000000000002,2.0,2.0,0.25,3.857142857142857,4.0,0.1224489795918367,4.8,0.1599999999999999,1.0,0,1,1,0
1,0.0,16.0,0.0,2,0,1.0,1.0,0.0,0.0,1.0,0,2.6,0.64,2.625,2.5,0.484375,3.142857142857143,3.0,0.979591836734694,5.0,0.0,1.0,0,1,1,0
1,0.0,16.0,0.0,4,2,1.0,1.0,0.0,0.0,1.0,0,3.6,0.24,1.625,1.5,0.484375,3.142857142857143,3.0,0.6938775510204082,5.0,0.0,1.0,0,1,1,0
1,0.0,15.0,1.0,3,3,1.0,0.0,0.0,0.0,1.0,0,2.6,0.64,2.5,2.5,0.75,4.0,4.0,0.0,3.6,0.64,1.0,0,1,1,0
1,0.0,17.0,0.0,3,3,1.0,0.0,0.0,0.0,1.0,0,2.2,0.96,2.25,2.5,0.6875,3.2857142857142856,3.0,0.489795918367347,4.4,0.24,1.0,0,1,1,0
1,0.0,16.0,0.0,4,3,1.0,1.0,1.0,0.0,1.0,1,2.4,0.6400000000000002,2.644218710810133,2.5768748432405317,1.4629371234037587,3.5714285714285716,4.0,0.2448979591836734,3.8,0.1599999999999999,1.0,0,1,0,1
1,0.0,16.0,1.0,3,0,1.0,1.0,0.0,0.0,0.0,0,3.2,0.5599999999999999,2.25,2.0,0.4375,3.142857142857143,3.0,0.6938775510204082,4.6,0.24,1.0,0,1,1,0
1,0.0,16.0,0.0,2,2,1.0,1.0,0.0,0.0,1.0,0,2.2,0.1599999999999999,2.5,2.5,0.75,3.0,3.0,0.5714285714285714,4.0,0.4,1.0,0,1,1,0
1,0.0,16.0,1.0,3,4,1.0,0.0,0.0,0.0,0.0,0,3.4,0.64,2.75,2.0,0.9375,4.0,4.0,0.0,2.0,1.6,2.0,0,1,0,1
1,0.0,17.0,0.0,2,2,1.0,0.0,1.0,0.0,1.0,0,3.0,0.0,2.25,2.5,0.6875,3.857142857142857,4.0,0.1224489795918367,4.4,0.6399999999999999,1.0,0,1,1,0
1,0.0,16.0,0.0,2,2,1.0,1.0,0.0,0.0,1.0,0,2.6,0.24,2.5,2.5,0.25,3.7142857142857144,4.0,0.2040816326530612,4.0,0.4,2.0,0,1,1,0
1,0.0,17.0,0.0,4,4,1.0,0.0,1.0,0.0,0.0,0,2.8,0.96,2.5,3.0,0.5,2.857142857142857,3.0,0.1224489795918367,3.4,1.04,2.0,1,0,0,1
1,0.0,16.0,0.0,4,2,1.0,1.0,0.0,0.0,1.0,0,2.6,0.24,2.5,2.5,1.25,2.857142857142857,3.0,0.4081632653061224,5.0,0.0,1.0,0,1,1,0
2,1.0,16.0,0.0,2,2,1.0,0.0,1.0,0.0,0.0,0,1.6,1.44,1.625,1.5,0.484375,4.0,4.0,0.0,5.0,0.0,1.0,0,1,1,0
2,1.0,16.0,0.0,3,3,1.0,0.0,0.0,0.0,1.0,0,1.8,0.16,2.375,2.0,0.734375,2.5714285714285716,3.0,0.2448979591836734,4.6,0.24,2.0,0,1,1,0
1,0.0,17.0,0.0,3,2,1.0,1.0,0.0,0.0,1.0,1,3.4,0.24,2.0,1.5,1.25,3.7142857142857144,4.0,0.489795918367347,3.6,2.24,1.0,0,1,1,0
1,0.0,15.0,0.0,0,1,1.0,1.0,0.0,0.0,1.0,0,1.2,0.16,2.75,3.0,1.6875,3.5714285714285716,4.0,0.2448979591836734,4.8,0.1599999999999999,2.0,1,0,0,1
1,1.0,15.0,1.0,2,2,1.0,0.0,0.0,0.0,1.0,0,2.0,1.6,2.125,2.0,0.109375,2.4285714285714284,2.0,0.2448979591836734,4.2,0.5599999999999999,4.0,1,0,1,0
1,1.0,17.0,1.0,2,2,1.0,1.0,0.0,0.0,1.0,0,2.8,0.5599999999999999,2.5,3.0,1.0,3.5714285714285716,4.0,0.5306122448979592,4.6,0.24,4.0,0,1,1,0
1,1.0,16.0,1.0,0,1,1.0,1.0,0.0,0.0,1.0,0,3.4,0.24,2.0,2.0,0.75,2.7142857142857144,3.0,0.7755102040816327,4.2,1.36,5.0,0,1,1,0
1,0.0,16.0,1.0,2,2,1.0,0.0,0.0,0.0,0.0,0,3.4,0.24,2.75,3.0,0.9375,3.5714285714285716,4.0,0.5306122448979593,4.0,2.4,1.0,0,1,1,0
1,0.0,16.0,0.0,2,0,1.0,0.0,0.0,0.0,1.0,1,2.2,0.1599999999999999,2.375,2.0,0.484375,2.7142857142857144,3.0,1.6326530612244896,2.8,2.16,3.0,0,1,0,1
1,0.0,16.0,0.0,4,3,1.0,0.0,0.0,0.0,0.0,0,3.2,0.5599999999999999,2.125,2.0,0.609375,4.0,4.0,0.0,4.4,0.6399999999999999,1.0,0,1,1,0
1,0.0,17.0,0.0,2,2,1.0,0.0,0.0,0.0,1.0,0,2.6,0.24,2.625,2.5,0.484375,1.8571428571428572,2.0,0.4081632653061224,3.6,0.64,1.0,0,1,0,1
1,0.0,16.0,1.0,3,3,1.0,0.0,0.0,0.0,1.0,0,2.8,0.1599999999999999,2.25,2.0,0.4375,3.0,4.0,1.4285714285714286,4.4,0.6399999999999999,1.0,0,1,1,0
1,1.0,17.0,1.0,4,3,1.0,0.0,0.0,0.0,1.0,0,3.0,0.8,2.375,2.0,1.234375,2.7142857142857144,3.0,0.489795918367347,3.8,0.5599999999999999,2.0,0,1,1,0
1,0.0,16.0,0.0,3,3,1.0,1.0,0.0,0.0,1.0,0,3.8,0.1599999999999999,1.5,1.0,0.5,4.0,4.0,0.0,2.4,2.24,3.0,1,0,1,0
1,0.0,15.0,0.0,2,2,1.0,1.0,0.0,0.0,1.0,0,3.0,0.0,2.0,2.0,0.5,3.857142857142857,4.0,0.1224489795918367,3.2,1.7600000000000005,2.0,0,1,1,0
1,0.0,15.0,0.0,2,0,1.0,1.0,0.0,0.0,1.0,0,2.8,0.1599999999999999,2.875,3.0,0.609375,3.142857142857143,3.0,0.6938775510204082,4.4,0.64,1.0,0,1,1,0
1,0.0,17.0,0.0,3,2,1.0,1.0,0.0,0.0,1.0,0,2.4,0.64,3.0,3.0,0.5,3.4285714285714284,4.0,1.1020408163265307,3.6,0.24,3.0,1,0,1,0
1,0.0,16.0,1.0,3,2,1.0,1.0,0.0,0.0,1.0,0,2.4,1.04,3.125,3.5,1.109375,1.8571428571428572,1.0,1.2653061224489797,2.8,2.56,2.0,0,1,1,0
1,0.0,16.0,1.0,2,0,1.0,0.0,1.0,0.0,0.0,0,2.8,0.5599999999999999,2.125,2.0,0.609375,2.857142857142857,3.0,0.4081632653061224,2.6,0.24,1.0,0,1,1,0
1,1.0,15.0,1.0,4,4,1.0,0.0,0.0,0.0,0.0,1,2.0,0.4,2.5,2.5,0.75,3.7142857142857144,4.0,0.2040816326530612,4.4,0.24,1.0,0,1,1,0
1,0.0,16.0,1.0,5,4,1.0,1.0,0.0,0.0,1.0,0,1.8,0.56,2.5,2.5,0.75,3.857142857142857,4.0,0.1224489795918367,4.0,0.4,1.0,0,1,1,0
1,0.0,16.0,1.0,0,1,1.0,0.0,0.0,0.0,1.0,0,1.0,0.0,3.5,4.0,0.75,1.8571428571428572,1.0,1.8367346938775508,4.2,0.1599999999999999,1.0,0,1,0,1
1,1.0,17.0,1.0,4,4,1.0,0.0,0.0,0.0,0.0,0,2.2,0.5599999999999999,2.0,1.5,1.25,3.142857142857143,3.0,0.4081632653061224,4.4,1.44,1.0,1,0,1,0
1,0.0,16.0,0.0,0,1,1.0,1.0,0.0,0.0,1.0,0,3.197992471769134,0.1608191319707372,2.625,3.0,0.734375,3.7142857142857144,4.0,0.2040816326530612,4.0,1.6,4.0,1,0,1,0
2,1.0,15.0,0.0,4,4,1.0,1.0,0.0,0.0,1.0,0,3.0,0.4,2.625,2.5,0.484375,3.4285714285714284,3.0,0.2448979591836734,2.6,0.64,4.0,1,0,1,0
2,1.0,16.0,0.0,0,1,1.0,0.0,0.0,0.0,1.0,0,3.0,1.6,2.875,3.0,0.359375,2.142857142857143,1.0,1.8367346938775508,3.0,0.0,3.0,1,0,1,0
1,1.0,17.0,0.0,3,2,1.0,1.0,0.0,0.0,1.0,0,2.8,2.16,2.5,2.5,0.25,3.7142857142857144,4.0,0.489795918367347,3.0,0.0,1.0,0,1,0,1
2,0.0,17.0,1.0,4,3,0.0,0.0,0.0,0.0,0.0,1,3.2,1.36,1.75,1.5,0.6875,3.142857142857143,4.0,1.2653061224489794,3.0,0.0,1.0,0,1,0,1
1,0.0,17.0,0.0,2,2,1.0,1.0,0.0,0.0,1.0,0,2.8,0.1599999999999999,2.5,3.0,1.0,2.857142857142857,3.0,0.979591836734694,2.8,0.1599999999999999,3.0,1,0,1,0
1,0.0,16.0,0.0,2,0,1.0,1.0,0.0,0.0,0.0,0,3.4,0.64,2.25,2.5,1.1875,4.0,4.0,0.0,4.4,0.6399999999999999,4.0,1,0,1,0
1,0.0,17.0,0.0,4,3,1.0,1.0,0.0,0.0,1.0,0,2.8,0.1599999999999999,2.875,3.0,0.359375,2.857142857142857,3.0,1.2653061224489797,4.2,0.5599999999999999,4.0,1,0,1,0
1,0.0,17.0,0.0,2,0,1.0,1.0,0.0,0.0,0.0,0,3.0,0.4,2.375,2.5,0.984375,4.0,4.0,0.0,4.0,0.4,3.0,1,0,1,0
1,0.0,17.0,0.0,2,2,1.0,1.0,0.0,0.0,1.0,0,2.6,0.64,2.25,2.5,1.1875,3.0,3.0,0.2857142857142857,4.2,2.56,3.0,0,1,1,0
1,0.0,17.0,0.0,3,3,1.0,0.0,0.0,0.0,0.0,0,2.2,0.5599999999999999,2.625,3.0,0.734375,3.0,3.0,1.1428571428571428,5.0,0.0,4.0,1,0,1,0
1,0.0,17.0,0.0,0,1,1.0,1.0,0.0,0.0,1.0,0,2.8,0.1599999999999999,2.625,3.0,0.734375,3.5714285714285716,4.0,0.2448979591836734,4.8,0.1599999999999999,2.0,1,0,1,0
1,0.0,17.0,0.0,2,0,1.0,0.0,0.0,0.0,0.0,0,3.0,0.4,2.375,3.0,0.734375,3.2857142857142856,3.0,0.2040816326530612,3.0,0.4,3.0,1,0,1,0
1,0.0,17.0,0.0,3,3,1.0,1.0,0.0,0.0,0.0,0,2.0,0.8,2.625,2.5,0.484375,3.0,3.0,1.1428571428571428,3.6,1.04,5.0,1,0,1,0
1,0.0,17.0,0.0,4,4,1.0,1.0,0.0,0.0,1.0,0,2.8,0.5599999999999999,2.5,2.5,0.75,3.5714285714285716,4.0,1.1020408163265307,3.4,1.04,3.0,1,0,1,0
1,0.0,17.0,0.0,2,2,1.0,1.0,0.0,0.0,1.0,0,3.4,0.24,2.375,2.0,1.234375,3.142857142857143,3.0,0.6938775510204082,2.8,0.5599999999999999,4.0,1,0,1,0
2,1.0,17.0,0.0,0,1,1.0,1.0,0.0,0.0,1.0,0,3.2,0.1599999999999999,2.375,3.0,0.734375,3.7142857142857144,4.0,0.489795918367347,3.4,0.24,5.0,1,0,1,0
1,0.0,17.0,0.0,3,0,1.0,0.0,0.0,0.0,1.0,0,3.0,0.4,3.125,3.0,0.609375,3.2857142857142856,3.0,0.489795918367347,2.8,0.96,5.0,1,0,1,0
1,1.0,17.0,0.0,0,1,1.0,1.0,0.0,0.0,0.0,0,4.0,0.0,2.25,2.5,0.6875,4.0,4.0,0.0,4.0,0.4,1.0,0,1,1,0
1,0.0,16.0,1.0,4,4,1.0,1.0,0.0,0.0,1.0,0,1.6,0.64,1.875,1.5,1.109375,2.142857142857143,2.0,0.6938775510204082,4.2,0.1599999999999999,4.0,0,1,0,1
1,0.0,17.0,0.0,2,0,1.0,1.0,0.0,0.0,1.0,0,3.2,0.1599999999999999,2.5,2.5,0.25,3.857142857142857,4.0,0.1224489795918367,3.2,0.1599999999999999,5.0,1,0,1,0
2,1.0,17.0,0.0,5,4,1.0,1.0,0.0,0.0,1.0,0,3.6,0.24,2.375,2.0,0.234375,4.0,4.0,0.0,3.8,0.5599999999999999,1.0,1,0,1,0
1,0.0,17.0,0.0,3,2,0.0,1.0,0.0,0.0,0.0,0,3.6,0.24,1.875,1.5,0.859375,4.0,4.0,0.0,4.0,0.4,2.0,1,0,1,0
1,0.0,16.0,0.0,4,0,1.0,1.0,0.0,0.0,1.0,0,2.8,0.1599999999999999,2.375,2.5,0.484375,2.857142857142857,3.0,0.1224489795918367,4.2,0.5599999999999999,4.0,0,1,0,1
1,0.0,16.0,0.0,3,0,1.0,0.0,0.0,0.0,1.0,0,3.2,0.5599999999999999,1.875,2.0,0.359375,3.857142857142857,4.0,0.1224489795918367,4.0,0.4,5.0,1,0,1,0
1,0.0,17.0,0.0,2,0,1.0,1.0,0.0,0.0,1.0,1,3.2,0.5599999999999999,2.5,2.5,0.25,3.7142857142857144,4.0,0.2040816326530612,4.6,0.24,1.0,0,1,1,0
1,0.0,17.0,0.0,2,0,1.0,1.0,0.0,0.0,1.0,0,3.4,0.24,2.25,2.5,0.6875,3.2857142857142856,3.0,0.489795918367347,4.0,0.4,5.0,1,0,1,0
1,1.0,14.0,0.0,0,1,1.0,0.0,0.0,0.0,0.0,0,3.2,1.36,1.875,1.0,1.359375,3.2857142857142856,4.0,1.0612244897959184,1.8,2.5600000000000005,1.0,1,0,1,0
1,1.0,15.0,0.0,0,1,1.0,0.0,0.0,0.0,1.0,0,2.4,0.24,2.75,3.0,0.4375,2.857142857142857,3.0,1.2653061224489797,3.2,0.1599999999999999,2.0,0,1,1,0
1,1.0,14.0,0.0,0,1,1.0,0.0,0.0,0.0,1.0,0,2.8,0.1599999999999999,2.5,2.0,1.5,3.857142857142857,4.0,0.1224489795918367,3.6,0.24,1.0,0,1,1,0
1,1.0,15.0,0.0,0,1,1.0,1.0,0.0,0.0,1.0,0,2.8,0.1599999999999999,2.5,2.5,0.75,3.4285714285714284,4.0,1.1020408163265307,2.8,1.7600000000000002,1.0,1,0,1,0
1,0.0,15.0,0.0,0,1,1.0,1.0,0.0,0.0,0.0,0,2.8,0.5599999999999999,2.75,2.5,1.1875,3.0,3.0,0.0,4.6,0.24,1.0,0,1,1,0
1,1.0,15.0,1.0,2,2,1.0,1.0,0.0,0.0,1.0,0,2.8,0.5599999999999999,2.375,2.0,0.734375,3.7142857142857144,4.0,0.489795918367347,4.6,0.24,1.0,0,1,1,0
1,1.0,15.0,0.0,2,2,0.0,0.0,1.0,1.0,1.0,0,3.4,0.24,2.644218710810133,3.0,0.2129371234037584,3.7142857142857144,4.0,0.489795918367347,3.2135635635635635,0.5824375827278729,2.0,1,0,1,0
1,1.0,15.0,0.0,0,1,1.0,1.0,0.0,0.0,1.0,0,1.6,1.44,3.25,4.0,0.9375,3.0,4.0,1.7142857142857142,2.2,1.36,1.0,0,1,1,0
1,0.0,14.0,0.0,2,0,1.0,1.0,0.0,0.0,0.0,0,3.2,0.1599999999999999,2.375,3.0,1.234375,3.0,3.0,0.8571428571428571,4.0,0.4,2.0,1,0,1,0
1,0.0,15.0,1.0,3,2,0.0,0.0,0.0,0.0,0.0,1,3.6,0.6400000000000002,3.0,3.5,1.5,4.0,4.0,0.0,3.4,3.8400000000000007,1.0,0,1,1,0
1,0.0,16.0,1.0,4,3,1.0,1.0,1.0,1.0,1.0,0,1.4,0.24,2.25,2.0,0.9375,3.1849729613580204,3.2948107295061417,0.6924869130281505,2.2,0.1599999999999999,4.0,1,0,1,0
1,0.0,14.0,0.0,0,1,1.0,1.0,0.0,0.0,1.0,0,3.2,0.5599999999999999,2.5,3.0,0.5,3.0,3.0,0.2857142857142857,4.8,0.1599999999999999,1.0,0,1,1,0
1,0.0,14.0,0.0,2,0,1.0,1.0,0.0,0.0,0.0,0,2.6,1.04,1.75,1.5,0.9375,3.857142857142857,4.0,0.1224489795918367,5.0,0.0,4.0,0,1,1,0
1,0.0,14.0,0.0,0,1,1.0,1.0,0.0,0.0,1.0,0,2.8,0.96,2.625,3.0,0.734375,2.7142857142857144,2.0,1.3469387755102038,2.4,1.04,1.0,1,0,1,0
1,0.0,14.0,0.0,0,1,1.0,1.0,1.0,1.0,1.0,0,2.9520482533299823,0.4091974800348222,2.375,2.0,0.734375,4.0,4.0,0.0,3.8,1.36,2.0,0,1,1,0
1,0.0,14.0,0.0,0,1,1.0,1.0,0.0,0.0,0.0,0,3.6,0.24,2.5,2.5,0.25,3.142857142857143,4.0,1.2653061224489797,3.2,0.96,5.0,1,0,1,0
1,0.0,14.0,0.0,0,1,1.0,1.0,0.0,0.0,0.0,0,1.8,0.16,2.75,3.0,0.9375,1.1428571428571428,1.0,0.1224489795918367,3.0,0.0,1.0,1,0,1,0
1,0.0,14.0,1.0,0,1,1.0,0.0,0.0,0.0,1.0,0,3.2,0.1599999999999999,2.75,3.0,0.4375,3.142857142857143,3.0,0.6938775510204082,4.6,0.6399999999999999,1.0,0,1,1,0
1,0.0,14.0,1.0,0,1,1.0,0.0,0.0,0.0,0.0,0,2.4,1.0400000000000005,2.25,2.0,0.6875,3.2857142857142856,3.0,0.489795918367347,3.6,0.64,3.0,1,0,0,1
1,0.0,14.0,0.0,0,1,0.0,1.0,0.0,0.0,0.0,0,1.8,0.16,2.75,3.0,0.6875,2.142857142857143,2.0,1.2653061224489797,4.4,0.24,3.0,0,1,0,1
1,0.0,14.0,0.0,0,1,1.0,0.0,0.0,0.0,1.0,0,2.4,0.24,2.75,2.5,1.1875,1.4285714285714286,1.0,0.2448979591836734,4.0,2.4,3.0,1,0,1,0
1,0.0,14.0,0.0,0,1,1.0,1.0,0.0,0.0,0.0,0,3.0,0.0,2.75,3.0,0.4375,3.142857142857143,3.0,0.6938775510204082,4.8,0.1599999999999999,5.0,1,0,0,1
1,0.0,14.0,0.0,4,2,1.0,1.0,0.0,0.0,0.0,0,3.6,0.24,2.125,2.0,0.359375,4.0,4.0,0.0,5.0,0.0,5.0,1,0,0,1
2,1.0,14.0,0.0,0,1,1.0,1.0,0.0,0.0,1.0,0,2.4,0.24,3.125,3.0,0.359375,2.857142857142857,3.0,0.4081632653061224,4.2,0.5599999999999999,1.0,0,1,1,0
1,0.0,14.0,0.0,0,1,1.0,0.0,0.0,0.0,1.0,1,3.552048253329983,0.3067395760388433,2.0,1.5,1.25,3.5714285714285716,4.0,1.1020408163265307,3.4,1.4400000000000002,1.0,1,0,1,0
1,0.0,14.0,0.0,0,1,1.0,0.0,0.0,0.0,1.0,1,3.2,0.1599999999999999,2.375,2.0,1.234375,3.5714285714285716,4.0,0.2448979591836734,4.8,0.1599999999999999,1.0,0,1,1,0
1,0.0,14.0,0.0,0,1,1.0,0.0,0.0,0.0,1.0,0,2.6,1.04,2.875,3.0,0.859375,2.5714285714285716,2.0,0.5306122448979592,3.4,1.84,4.0,1,0,1,0
1,1.0,15.0,1.0,2,2,1.0,0.0,0.0,0.0,1.0,0,1.8,0.56,2.625,2.5,0.984375,1.8571428571428572,2.0,0.6938775510204082,4.6,0.24,1.0,0,1,0,1
1,0.0,14.0,0.0,0,1,1.0,0.0,0.0,0.0,0.0,0,3.2,1.36,1.875,2.0,0.609375,3.857142857142857,4.0,0.1224489795918367,4.6,0.24,3.0,1,0,1,0
1,1.0,14.0,0.0,0,1,1.0,1.0,0.0,0.0,0.0,0,2.0,0.4,2.0,2.0,1.0,3.142857142857143,3.0,0.4081632653061224,4.6,0.24,1.0,0,1,1,0
2,1.0,15.0,0.0,0,1,1.0,1.0,0.0,0.0,1.0,0,3.4,0.24,2.0,2.0,0.25,3.7142857142857144,4.0,0.2040816326530612,4.8,0.1599999999999999,1.0,0,1,1,0
2,1.0,14.0,0.0,0,1,1.0,0.0,1.0,0.0,1.0,0,2.0,0.8,2.75,3.0,0.4375,1.7142857142857142,1.0,1.0612244897959182,3.4,0.24,4.0,1,0,1,0
2,1.0,14.0,0.0,3,3,1.0,0.0,0.0,0.0,0.0,1,2.2,0.96,2.125,2.0,1.109375,4.0,4.0,0.0,3.8,0.5599999999999999,2.0,0,1,1,0
2,1.0,14.0,0.0,2,2,1.0,0.0,0.0,0.0,1.0,1,4.0,0.0,1.5,1.0,1.0,3.5714285714285716,4.0,1.1020408163265307,1.8,2.5600000000000005,1.0,1,0,1,0
1,0.0,14.0,0.0,0,1,1.0,1.0,0.0,0.0,0.0,0,2.8,0.5599999999999999,2.375,2.5,0.984375,3.7142857142857144,4.0,0.489795918367347,4.8,0.1599999999999999,1.0,1,0,0,1
1,0.0,14.0,0.0,0,1,1.0,1.0,0.0,0.0,1.0,0,3.6,0.24,2.0,1.5,1.25,4.0,4.0,0.0,5.0,0.0,2.0,1,0,1,0
1,0.0,14.0,0.0,0,1,1.0,1.0,0.0,0.0,0.0,0,2.8,0.1599999999999999,2.625,3.0,0.484375,3.7142857142857144,4.0,0.489795918367347,4.0,0.4,4.0,1,0,1,0
2,1.0,14.0,0.0,0,1,0.0,0.0,0.0,0.0,1.0,1,2.6,0.24,2.625,3.0,0.734375,3.7142857142857144,4.0,0.489795918367347,4.0,0.4,5.0,1,0,1,0
1,0.0,14.0,0.0,0,1,1.0,0.0,0.0,0.0,1.0,0,3.0,1.2,2.625,2.5,0.984375,3.0,3.0,0.2857142857142857,3.6,1.04,1.0,0,1,0,1
1,0.0,14.0,0.0,0,1,1.0,0.0,0.0,0.0,0.0,0,2.4,0.64,2.375,2.0,0.734375,2.857142857142857,3.0,0.4081632653061224,3.8,0.1599999999999999,1.0,0,1,0,1
1,0.0,14.0,0.0,0,1,1.0,0.0,0.0,0.0,1.0,0,2.6,1.04,2.125,2.0,1.109375,2.4285714285714284,3.0,1.1020408163265307,4.8,0.1599999999999999,2.0,0,1,1,0
1,0.0,14.0,0.0,0,1,1.0,0.0,1.0,0.0,1.0,0,3.2,0.5599999999999999,2.625,3.0,0.234375,3.5714285714285716,4.0,1.1020408163265307,4.8,0.1599999999999999,1.0,0,1,1,0
1,0.0,14.0,0.0,2,0,1.0,1.0,1.0,0.0,1.0,0,2.2,0.5599999999999999,2.375,2.5,0.484375,3.0,3.0,0.8571428571428571,4.6,0.24,3.0,0,1,1,0
1,0.0,14.0,1.0,4,3,0.0,0.0,1.0,1.0,1.0,0,3.6,0.24,2.375,2.0,0.734375,3.7142857142857144,4.0,0.2040816326530612,2.8,2.56,5.0,1,0,1,0
1,0.0,14.0,0.0,0,1,1.0,1.0,1.0,0.0,1.0,0,2.0,0.4,2.125,2.0,1.109375,2.2857142857142856,2.0,0.2040816326530612,4.6,0.24,1.0,0,1,0,1
1,1.0,16.0,0.0,2,0,1.0,0.0,1.0,0.0,1.0,0,3.2,0.96,1.75,1.5,0.6875,2.2857142857142856,2.0,0.7755102040816327,4.0,0.4,1.0,0,1,1,0
2,1.0,17.0,0.0,2,2,1.0,0.0,1.0,0.0,1.0,0,2.6,1.84,2.375,3.0,1.234375,2.7142857142857144,4.0,2.2040816326530615,3.8,0.96,1.0,0,1,1,0
1,0.0,17.0,1.0,2,2,0.0,0.0,0.0,0.0,0.0,1,2.8,1.36,3.2189612015018776,4.0,1.2097632483345109,3.5714285714285716,4.0,1.1020408163265307,3.6,3.04,1.0,0,1,1,0
1,0.0,17.0,1.0,0,1,1.0,0.0,0.0,1.0,0.0,0,2.4,1.84,2.7780172413793105,2.612068965517241,0.6509688986325802,2.857142857142857,4.0,1.8367346938775508,1.2,0.16,2.0,1,0,1,0
1,0.0,15.0,0.0,0,1,0.0,0.0,0.0,0.0,0.0,1,2.4,1.4400000000000002,2.5,2.5,1.75,4.0,4.0,0.0,4.8,0.1599999999999999,1.0,0,1,1,0
1,0.0,16.0,0.0,0,1,1.0,0.0,0.0,0.0,1.0,1,3.2,0.1599999999999999,1.875,1.0,1.609375,3.5714285714285716,4.0,0.5306122448979592,4.2,2.56,1.0,0,1,0,1
1,0.0,16.0,0.0,0,1,1.0,0.0,0.0,0.0,0.0,0,2.8,2.16,2.375,2.5,0.984375,4.0,4.0,0.0,4.6,0.6399999999999999,1.0,0,1,1,0
1,0.0,15.0,1.0,3,3,1.0,0.0,0.0,0.0,0.0,1,2.6,0.24,2.25,2.5,0.6875,2.7142857142857144,4.0,2.2040816326530615,4.0,2.4,1.0,1,0,1,0
1,0.0,17.0,0.0,2,2,0.0,0.0,0.0,0.0,0.0,1,3.8,0.1599999999999999,2.75,3.0,0.6875,3.7142857142857144,4.0,0.2040816326530612,2.2,0.96,1.0,0,1,1,0
1,0.0,16.0,0.0,0,1,1.0,1.0,0.0,0.0,0.0,0,2.6,0.24,2.125,2.0,1.359375,3.142857142857143,4.0,1.8367346938775508,4.8,0.1599999999999999,1.0,1,0,1,0
1,0.0,14.0,0.0,0,1,1.0,0.0,0.0,0.0,0.0,0,2.2,0.1599999999999999,3.0,3.0,0.75,3.2857142857142856,4.0,1.346938775510204,3.6,0.24,1.0,1,0,1,0
1,0.0,15.0,0.0,0,1,1.0,1.0,0.0,0.0,0.0,0,2.3342335583895975,0.9783811694358948,2.25,2.5,1.1875,2.2857142857142856,1.0,2.2040816326530615,4.6,0.6399999999999999,1.0,1,0,1,0
1,1.0,16.0,0.0,0,1,1.0,1.0,0.0,0.0,0.0,0,2.6,0.24,2.875,3.0,0.859375,2.5714285714285716,3.0,0.2448979591836734,5.0,0.0,3.0,0,1,0,1
1,0.0,14.0,0.0,0,1,1.0,0.0,0.0,0.0,0.0,1,4.0,0.0,1.625,2.0,0.234375,3.4285714285714284,4.0,1.1020408163265307,2.6,2.24,1.0,1,0,1,0
2,1.0,15.0,1.0,0,1,1.0,0.0,0.0,0.0,0.0,1,3.2,0.1599999999999999,2.375,2.5,0.484375,2.142857142857143,2.0,1.2653061224489797,3.8,0.1599999999999999,1.0,1,0,1,0
1,0.0,15.0,0.0,0,1,1.0,0.0,0.0,0.0,1.0,0,3.4,0.24,2.5,2.5,1.25,2.4285714285714284,2.0,1.3877551020408163,2.6,0.64,2.0,1,0,1,0
1,0.0,14.0,0.0,0,1,1.0,1.0,0.0,0.0,1.0,0,3.6,0.24,2.0,2.0,0.5,3.857142857142857,4.0,0.1224489795918367,1.6,0.24,1.0,0,1,1,0
1,0.0,17.0,0.0,4,4,1.0,1.0,0.0,0.0,1.0,0,2.8,0.1599999999999999,3.0,3.0,0.5,3.142857142857143,3.0,0.4081632653061224,4.2,0.1599999999999999,1.0,0,1,1,0
1,0.0,17.0,0.0,4,3,1.0,1.0,0.0,0.0,1.0,0,3.2,1.36,2.25,2.5,1.1875,2.7142857142857144,3.0,1.0612244897959184,4.8,0.1599999999999999,1.0,0,1,0,1
1,0.0,17.0,0.0,2,0,1.0,1.0,0.0,0.0,1.0,0,1.8,0.56,2.75,3.0,0.6875,3.142857142857143,3.0,0.979591836734694,4.4,0.24,2.0,0,1,1,0
1,0.0,15.0,0.0,2,2,1.0,1.0,0.0,0.0,0.0,0,3.0,0.4,2.625,2.5,0.484375,2.857142857142857,3.0,0.4081632653061224,4.6,0.24,1.0,0,1,1,0
1,1.0,15.0,0.0,3,3,1.0,0.0,1.0,0.0,1.0,0,2.0,0.4,2.5,2.5,1.25,1.4285714285714286,1.0,0.5306122448979591,4.0,0.8,2.0,0,1,0,1
1,0.0,15.0,0.0,0,1,1.0,1.0,0.0,0.0,1.0,0,3.2,0.1599999999999999,2.125,2.0,0.359375,3.7142857142857144,4.0,0.489795918367347,4.6,0.24,1.0,0,1,1,0
2,0.0,16.0,0.0,0,1,1.0,1.0,0.0,0.0,1.0,0,3.0,0.0,2.625,2.5,0.984375,3.7142857142857144,4.0,0.2040816326530612,3.8,1.36,5.0,1,0,1,0
1,0.0,15.0,0.0,0,1,1.0,0.0,0.0,0.0,1.0,0,3.8,0.1599999999999999,2.875,3.0,1.109375,4.0,4.0,0.0,4.2,0.1599999999999999,1.0,1,0,1,0
1,1.0,14.0,0.0,4,2,1.0,1.0,0.0,0.0,0.0,0,3.4,0.24,2.625,2.5,0.484375,3.4285714285714284,4.0,0.5306122448979592,4.2,0.5599999999999999,5.0,1,0,1,0
1,0.0,15.0,0.0,0,1,1.0,1.0,0.0,0.0,1.0,0,3.2,0.1599999999999999,2.375,2.0,0.234375,3.0,3.0,0.8571428571428571,4.2,0.1599999999999999,1.0,0,1,1,0
1,1.0,15.0,0.0,0,1,1.0,1.0,0.0,0.0,1.0,0,3.2,0.1599999999999999,2.3819982504373907,2.0,0.979469140736248,3.857142857142857,4.0,0.1224489795918367,3.580738522954092,0.2260748363552336,2.0,1,0,1,0
1,0.0,15.0,0.0,0,1,1.0,1.0,0.0,0.0,0.0,0,3.0,1.2,2.25,2.0,0.9375,3.857142857142857,4.0,0.1224489795918367,4.6,0.24,1.0,1,0,1,0
1,1.0,14.0,0.0,0,1,0.0,0.0,1.0,1.0,0.0,0,2.8,0.1599999999999999,2.125,2.0,0.609375,3.4285714285714284,4.0,0.5306122448979592,4.4,0.24,1.0,1,0,1,0
2,1.0,15.0,1.0,2,2,0.0,1.0,0.0,0.0,0.0,0,2.8,0.96,2.75,3.0,0.9375,2.7142857142857144,4.0,2.2040816326530615,3.0,0.0,1.0,0,1,1,0
1,0.0,15.0,1.0,0,1,1.0,1.0,0.0,0.0,0.0,0,1.6,0.24,2.875,3.0,0.109375,2.4285714285714284,2.0,1.3877551020408163,3.0,0.0,1.0,0,1,1,0
1,0.0,15.0,0.0,2,0,1.0,1.0,0.0,0.0,1.0,0,3.6,0.24,2.25,2.5,0.6875,3.857142857142857,4.0,0.1224489795918367,5.0,0.0,1.0,0,1,1,0
2,1.0,16.0,0.0,2,2,1.0,1.0,0.0,0.0,1.0,1,2.6,0.24,2.519218710810133,2.5768748432405317,0.7333668011062916,2.2857142857142856,2.0,1.6326530612244896,4.4,0.6399999999999999,2.0,1,0,1,0
1,0.0,15.0,0.0,2,0,1.0,1.0,0.0,0.0,1.0,0,4.0,0.0,1.875,1.5,1.109375,2.857142857142857,4.0,1.8367346938775508,4.2,0.1599999999999999,5.0,1,0,1,0
1,0.0,15.0,0.0,3,3,1.0,0.0,0.0,0.0,0.0,1,3.0,0.4,2.625,3.0,0.234375,3.5714285714285716,4.0,0.2448979591836734,2.2,0.5599999999999999,4.0,1,0,1,0
1,0.0,15.0,0.0,0,1,1.0,1.0,0.0,0.0,0.0,0,3.6,0.24,2.0,2.0,0.25,3.64326878333393,4.0,0.1937609561429046,4.0,0.0,2.0,0,1,1,0
2,0.0,15.0,0.0,2,2,1.0,1.0,0.0,0.0,1.0,0,2.2,0.5599999999999999,2.5,2.5,0.25,3.5714285714285716,4.0,0.2448979591836734,4.6,0.6399999999999999,2.0,1,0,0,1
2,1.0,15.0,0.0,2,2,1.0,0.0,0.0,0.0,0.0,1,3.4,0.64,1.75,1.0,1.1875,4.0,4.0,0.0,3.4,0.24,1.0,0,1,1,0
1,0.0,15.0,0.0,0,1,1.0,1.0,1.0,0.0,1.0,0,3.2,0.5599999999999999,2.125,2.0,1.109375,2.9400207194655805,3.580145036259065,1.615912237777435,5.0,0.0,1.0,0,1,0,1
1,0.0,15.0,0.0,0,1,1.0,0.0,0.0,0.0,0.0,0,2.0,0.8,2.5,2.5,1.75,2.142857142857143,2.0,0.4081632653061224,4.6,0.24,2.0,0,1,0,1
1,0.0,14.0,0.0,2,0,1.0,1.0,0.0,0.0,1.0,1,3.0,0.4,1.75,2.0,0.4375,3.857142857142857,4.0,0.1224489795918367,3.8,2.16,2.0,1,0,1,0
1,0.0,16.0,0.0,0,1,1.0,1.0,0.0,0.0,0.0,0,3.0,0.0,2.375,2.5,0.484375,3.142857142857143,3.0,0.6938775510204082,4.4,0.64,4.0,1,0,1,0
1,1.0,14.0,0.0,2,0,0.0,0.0,1.0,0.0,1.0,0,2.6,1.8400000000000003,2.125,1.5,1.609375,3.142857142857143,4.0,1.2653061224489797,4.6,0.24,1.0,0,1,1,0
1,0.0,15.0,0.0,3,2,1.0,1.0,0.0,0.0,1.0,0,2.4,0.24,2.875,3.0,0.359375,2.5714285714285716,2.0,1.1020408163265307,4.0,0.4,2.0,1,0,1,0
1,0.0,17.0,0.0,4,3,1.0,1.0,0.0,0.0,1.0,0,2.8,0.5599999999999999,2.375,2.0,0.734375,3.142857142857143,3.0,0.979591836734694,4.0,0.4,2.0,1,0,1,0
1,0.0,17.0,0.0,4,4,1.0,1.0,0.0,0.0,1.0,1,3.4,0.24,2.125,2.0,0.609375,3.5714285714285716,4.0,0.5306122448979592,3.4,2.24,5.0,1,0,0,1
1,1.0,17.0,0.0,4,3,1.0,0.0,0.0,0.0,0.0,0,3.0,0.0,2.75,3.0,0.1875,2.857142857142857,3.0,0.1224489795918367,3.8,2.16,2.0,0,1,1,0
1,0.0,16.0,0.0,3,2,1.0,1.0,0.0,0.0,1.0,0,2.8,0.1599999999999999,2.125,2.0,0.609375,3.857142857142857,4.0,0.1224489795918367,4.6,0.24,1.0,0,1,1,0
1,0.0,17.0,1.0,3,3,1.0,0.0,0.0,0.0,0.0,0,2.2,0.5599999999999999,2.875,3.0,0.609375,2.4285714285714284,2.0,0.2448979591836734,4.0,0.4,2.0,1,0,1,0
1,0.0,17.0,0.0,0,1,1.0,0.0,0.0,0.0,1.0,0,3.4,0.64,2.375,2.5,0.984375,3.7142857142857144,4.0,0.489795918367347,3.8,2.1600000000000006,2.0,0,1,1,0
1,0.0,17.0,0.0,3,3,1.0,0.0,0.0,0.0,1.0,0,3.0,0.4,1.875,2.0,0.609375,2.7142857142857144,3.0,1.6326530612244898,4.4,0.24,2.0,1,0,1,0
1,0.0,17.0,0.0,2,0,0.0,1.0,0.0,0.0,1.0,1,2.6,0.24,2.375,2.0,0.734375,3.142857142857143,3.0,0.6938775510204082,5.0,0.0,4.0,1,0,1,0
1,0.0,15.0,0.0,2,2,1.0,1.0,0.0,0.0,0.0,1,3.2,0.1599999999999999,2.25,2.5,0.6875,2.64326878333393,3.0,0.9088699513821932,4.4,0.6399999999999999,3.0,0,1,0,1
1,0.0,16.0,0.0,3,3,1.0,1.0,0.0,0.0,1.0,0,1.4,0.24,2.375,2.0,0.734375,3.7142857142857144,4.0,0.489795918367347,4.2,0.96,1.0,0,1,1,0
1,0.0,17.0,1.0,3,0,1.0,1.0,0.0,0.0,1.0,1,1.8,0.56,2.5,2.5,0.25,3.2857142857142856,4.0,1.3469387755102038,5.0,0.0,2.0,0,1,1,0
1,0.0,17.0,0.0,4,4,1.0,0.0,0.0,0.0,0.0,0,2.2,0.5599999999999999,2.875,3.0,1.109375,3.5714285714285716,4.0,0.2448979591836734,3.8,2.16,3.0,0,1,1,0
1,1.0,14.0,1.0,4,4,0.0,0.0,0.0,0.0,0.0,1,1.8,0.56,2.375,2.0,1.234375,1.5714285714285714,1.0,0.5306122448979591,2.4,2.24,2.0,1,0,0,1
1,0.0,14.0,0.0,2,2,1.0,1.0,0.0,0.0,1.0,0,3.4,0.64,2.5,3.0,1.0,2.5714285714285716,3.0,1.959183673469388,2.2,1.36,1.0,0,1,1,0
1,0.0,15.0,0.0,2,0,1.0,1.0,0.0,0.0,0.0,0,3.2,0.5599999999999999,2.5,2.5,0.75,3.2857142857142856,3.0,0.489795918367347,4.8,0.1599999999999999,4.0,1,0,0,1
1,1.0,15.0,0.0,3,2,1.0,0.0,1.0,0.0,1.0,0,3.534233558389597,0.3362206293008611,2.5,2.5,0.75,2.7142857142857144,4.0,2.2040816326530615,2.4,3.04,1.0,0,1,1,0
1,1.0,15.0,1.0,0,1,1.0,0.0,0.0,0.0,0.0,1,2.0,0.4,2.875,3.0,1.109375,3.4285714285714284,4.0,0.5306122448979592,4.2,0.5599999999999999,2.0,0,1,1,0
1,0.0,15.0,0.0,3,4,1.0,1.0,0.0,0.0,1.0,0,2.6,1.04,2.5,2.5,0.75,3.2857142857142856,3.0,0.489795918367347,3.4,1.8400000000000003,2.0,0,1,0,1
1,1.0,15.0,0.0,0,1,1.0,1.0,0.0,0.0,0.0,0,2.2,0.5599999999999999,2.5,2.5,0.75,2.857142857142857,3.0,0.979591836734694,4.0,0.8,2.0,1,0,1,0
1,0.0,15.0,0.0,2,0,1.0,1.0,0.0,0.0,1.0,0,3.0,0.4,2.125,2.5,0.859375,1.5714285714285714,1.0,0.5306122448979591,5.0,0.0,1.0,0,1,1,0
1,0.0,16.0,0.0,2,0,1.0,0.0,0.0,0.0,1.0,0,3.6,0.24,2.5,2.0,0.5,2.857142857142857,3.0,0.6938775510204082,4.4,0.6399999999999999,2.0,1,0,1,0
1,0.0,15.0,1.0,3,3,1.0,1.0,0.0,0.0,1.0,0,2.8,0.96,2.5,3.0,0.5,3.2857142857142856,4.0,1.0612244897959184,4.8,0.1599999999999999,1.0,0,1,1,0
1,1.0,14.0,0.0,4,5,1.0,0.0,1.0,0.0,1.0,0,2.2,0.1599999999999999,2.0,2.0,0.5,2.7142857142857144,3.0,0.2040816326530612,3.8,0.1599999999999999,1.0,0,1,1,0
1,0.0,14.0,0.0,3,2,1.0,1.0,0.0,0.0,0.0,0,3.4,0.24,2.25,2.0,0.4375,3.7142857142857144,4.0,0.489795918367347,4.0,0.4,1.0,0,1,1,0
1,0.0,15.0,0.0,0,1,1.0,1.0,0.0,0.0,1.0,0,3.0,0.4,2.875,3.0,1.359375,2.7142857142857144,3.0,0.2040816326530612,4.8,0.1599999999999999,1.0,0,1,0,1
1,0.0,15.0,0.0,0,1,1.0,1.0,1.0,0.0,0.0,0,2.6,0.64,2.5,2.5,1.25,2.4285714285714284,2.0,1.9591836734693877,5.0,0.0,1.0,1,0,0,1
1,1.0,15.0,0.0,0,1,1.0,0.0,0.0,0.0,1.0,0,3.2,0.5599999999999999,1.5,1.0,0.5,3.2857142857142856,3.0,0.489795918367347,4.8,0.1599999999999999,5.0,1,0,1,0
1,0.0,15.0,0.0,4,4,1.0,0.0,0.0,0.0,0.0,0,3.0,0.0,2.75,3.0,1.4375,3.5714285714285716,4.0,1.1020408163265307,4.4,0.6399999999999999,1.0,0,1,0,1
2,1.0,15.0,0.0,2,2,1.0,1.0,0.0,0.0,1.0,0,3.8,0.1599999999999999,2.875,3.0,0.359375,3.0,4.0,1.7142857142857142,3.0,1.6,3.0,1,0,1,0
1,0.0,15.0,0.0,0,1,1.0,1.0,0.0,0.0,0.0,0,2.6,0.24,2.625,2.5,1.484375,2.5714285714285716,3.0,0.5306122448979592,2.6,1.04,1.0,0,1,0,1
1,0.0,15.0,0.0,2,4,1.0,0.0,1.0,0.0,1.0,0,2.8,1.36,2.5,3.0,1.0,2.7142857142857144,3.0,1.6326530612244896,4.0,1.2,5.0,1,0,1,0
1,0.0,15.0,0.0,3,0,1.0,1.0,1.0,0.0,1.0,0,2.8,0.1599999999999999,1.875,1.5,1.109375,2.4285714285714284,3.0,1.673469387755102,4.0,0.8,2.0,0,1,1,0
1,0.0,15.0,0.0,3,3,1.0,0.0,0.0,1.0,1.0,0,3.4,0.24,1.75,1.5,0.9375,2.5714285714285716,3.0,1.3877551020408163,4.4,0.24,4.0,0,1,0,1
1,0.0,15.0,0.0,0,1,1.0,1.0,0.0,0.0,1.0,0,3.0,0.0,2.125,2.0,0.359375,3.5714285714285716,4.0,0.2448979591836734,4.8,0.1599999999999999,1.0,1,0,1,0
1,1.0,15.0,0.0,0,1,1.0,0.0,0.0,0.0,1.0,0,2.6,1.0400000000000005,2.0,2.0,0.75,2.0,1.0,1.4285714285714286,4.6,0.6399999999999999,4.0,1,0,1,0
1,0.0,14.0,0.0,0,1,0.0,1.0,0.0,0.0,1.0,0,3.6,0.24,2.125,2.0,0.859375,3.142857142857143,4.0,1.836734693877551,3.6,1.4400000000000002,4.0,1,0,1,0
1,0.0,15.0,0.0,2,2,1.0,1.0,0.0,0.0,0.0,0,2.4,0.64,3.125,3.0,0.609375,1.5714285714285714,1.0,0.5306122448979591,3.8,1.36,1.0,0,1,1,0
1,1.0,15.0,0.0,0,1,0.0,1.0,1.0,0.0,0.0,0,3.4,0.24,2.75,2.5,1.1875,4.0,4.0,0.0,3.2,0.1599999999999999,3.0,1,0,1,0
1,1.0,15.0,0.0,0,1,1.0,1.0,0.0,0.0,1.0,0,3.2,0.1599999999999999,2.375,2.5,0.984375,3.142857142857143,4.0,1.8367346938775508,4.6,0.24,5.0,1,0,1,0
1,1.0,15.0,0.0,0,1,1.0,0.0,0.0,0.0,1.0,0,3.6,0.64,2.125,1.5,1.609375,4.0,4.0,0.0,4.0,0.8,1.0,0,1,1,0
1,0.0,15.0,1.0,2,2,1.0,1.0,0.0,0.0,0.0,0,3.2,0.5599999999999999,2.75,3.0,0.4375,3.7142857142857144,4.0,0.2040816326530612,4.6,0.24,4.0,0,1,0,1
1,0.0,15.0,0.0,2,2,1.0,1.0,0.0,0.0,1.0,0,2.4,1.8400000000000003,2.375,2.5,1.484375,3.2857142857142856,4.0,1.346938775510204,4.6,0.24,5.0,0,1,1,0
1,1.0,15.0,0.0,1,1,1.0,1.0,0.0,0.0,1.0,0,3.0,0.4,2.0,2.0,0.5,2.5714285714285716,3.0,1.959183673469388,3.2,0.5599999999999999,1.0,1,0,1,0
1,0.0,15.0,0.0,2,0,1.0,0.0,0.0,0.0,1.0,0,3.552048253329983,0.3067395760388433,2.5,2.0,1.0,3.7142857142857144,4.0,0.2040816326530612,4.0,0.4,5.0,1,0,1,0
1,0.0,15.0,1.0,0,1,1.0,1.0,0.0,0.0,1.0,0,3.6,0.24,2.0,2.0,0.5,3.857142857142857,4.0,0.1224489795918367,3.8,0.5599999999999999,1.0,1,0,1,0
1,1.0,15.0,0.0,0,1,1.0,0.0,0.0,0.0,1.0,1,2.8,0.1599999999999999,2.75,3.0,0.1875,3.0,3.0,1.1428571428571428,3.6,0.24,2.0,1,0,1,0
1,0.0,15.0,1.0,2,2,1.0,1.0,0.0,0.0,0.0,0,2.6,1.04,2.75,3.0,0.9375,2.857142857142857,3.0,1.5510204081632657,3.0,0.8,1.0,0,1,0,1
1,0.0,15.0,0.0,3,4,1.0,0.0,1.0,0.0,1.0,0,2.0,0.8,1.75,2.0,0.4375,2.857142857142857,3.0,1.2653061224489797,4.4,0.24,2.0,0,1,1,0
1,0.0,15.0,0.0,3,2,1.0,1.0,0.0,0.0,1.0,0,2.8,0.1599999999999999,2.625,3.0,0.234375,3.2857142857142856,3.0,0.489795918367347,3.6,0.24,1.0,1,0,0,1
1,1.0,15.0,0.0,4,3,1.0,1.0,0.0,0.0,1.0,0,2.4,0.24,2.25,2.0,0.4375,3.0,3.0,0.2857142857142857,4.4,0.6399999999999999,5.0,0,1,1,0
1,0.0,15.0,0.0,0,1,1.0,1.0,0.0,0.0,1.0,0,2.6,0.24,3.0,3.0,0.5,3.142857142857143,3.0,0.4081632653061224,3.6,0.24,3.0,1,0,1,0
1,1.0,16.0,0.0,2,2,1.0,1.0,0.0,0.0,0.0,0,3.4,0.24,2.375,2.0,0.734375,2.142857142857143,2.0,0.4081632653061224,3.0,2.0,4.0,1,0,1,0
1,0.0,15.0,0.0,0,1,1.0,1.0,0.0,0.0,1.0,0,3.6,0.24,2.625,3.0,1.984375,3.4285714285714284,4.0,1.1020408163265307,4.6,0.24,2.0,1,0,1,0
1,0.0,14.0,0.0,0,1,1.0,0.0,0.0,0.0,1.0,0,2.4,0.24,2.375,2.0,0.734375,2.2857142857142856,2.0,1.0612244897959184,4.0,0.4,1.0,1,0,1,0
1,0.0,15.0,0.0,0,1,1.0,0.0,0.0,0.0,1.0,0,3.0,0.4,2.375,2.0,1.234375,3.7142857142857144,4.0,0.2040816326530612,4.2,0.5599999999999999,4.0,1,0,1,0
1,0.0,15.0,0.0,0,1,1.0,1.0,0.0,0.0,0.0,0,3.4,0.24,2.25,2.0,1.4375,4.0,4.0,0.0,4.6,0.6399999999999999,5.0,1,0,1,0
1,0.0,14.0,0.0,0,1,1.0,1.0,0.0,0.0,1.0,0,2.8,0.1599999999999999,2.875,3.0,1.109375,3.5714285714285716,4.0,0.2448979591836734,3.8,0.1599999999999999,1.0,1,0,1,0
1,0.0,16.0,0.0,4,4,1.0,1.0,0.0,0.0,1.0,0,3.0,0.4,2.375,2.0,0.734375,3.2857142857142856,3.0,0.2040816326530612,3.8,0.1599999999999999,4.0,1,0,1,0
1,0.0,16.0,0.0,0,1,1.0,1.0,0.0,0.0,1.0,0,3.0,0.4,2.375,2.5,0.984375,3.142857142857143,3.0,0.4081632653061224,3.8,0.1599999999999999,1.0,1,0,1,0
1,0.0,16.0,0.0,4,4,1.0,1.0,0.0,0.0,0.0,1,2.0,1.2,1.75,1.5,0.9375,3.7142857142857144,4.0,0.489795918367347,3.8,0.1599999999999999,4.0,1,0,1,0
1,0.0,16.0,0.0,0,1,1.0,1.0,0.0,0.0,1.0,0,3.2,0.5599999999999999,2.625,2.0,0.734375,3.4285714285714284,3.0,0.2448979591836734,3.8,0.1599999999999999,2.0,1,0,1,0
1,0.0,16.0,0.0,4,3,1.0,1.0,0.0,0.0,1.0,0,2.6,0.64,2.125,1.5,1.609375,2.857142857142857,3.0,1.2653061224489797,3.4,0.24,2.0,0,1,1,0
1,0.0,16.0,0.0,3,3,1.0,1.0,0.0,0.0,0.0,0,3.0,0.4,2.625,3.0,0.484375,3.857142857142857,4.0,0.1224489795918367,4.2,0.1599999999999999,2.0,0,1,1,0
1,0.0,16.0,0.0,3,3,1.0,1.0,0.0,0.0,0.0,0,3.0,0.4,2.0,2.0,0.5,3.4285714285714284,3.0,0.2448979591836734,4.2,0.1599999999999999,4.0,1,0,1,0
1,0.0,15.0,0.0,2,2,1.0,1.0,0.0,0.0,1.0,0,2.4,1.04,2.875,3.0,0.609375,2.857142857142857,3.0,0.4081632653061224,4.4,0.24,1.0,0,1,1,0
1,0.0,16.0,0.0,4,3,1.0,1.0,0.0,0.0,1.0,0,2.8,0.96,3.0,3.0,0.75,3.5714285714285716,4.0,0.5306122448979592,4.6,0.24,4.0,0,1,1,0
1,0.0,16.0,0.0,3,2,1.0,1.0,1.0,0.0,1.0,0,3.4,0.24,2.5,2.0,1.0,3.857142857142857,4.0,0.1224489795918367,4.4,0.24,3.0,1,0,1,0
1,0.0,16.0,0.0,2,0,1.0,0.0,1.0,0.0,1.0,0,2.2,0.5599999999999999,2.75,3.0,0.9375,3.7142857142857144,4.0,0.489795918367347,4.6,0.24,1.0,0,1,1,0
1,0.0,16.0,0.0,3,3,1.0,1.0,0.0,1.0,1.0,0,2.8,0.5599999999999999,1.875,2.0,0.359375,2.0,2.0,0.5714285714285714,4.2,0.1599999999999999,3.0,1,0,1,0
1,0.0,16.0,0.0,2,3,1.0,1.0,0.0,0.0,0.0,0,2.752048253329982,0.5500167813668152,2.625,3.0,0.234375,3.5714285714285716,4.0,0.2448979591836734,4.2,0.1599999999999999,1.0,0,1,1,0
1,0.0,16.0,0.0,3,3,1.0,1.0,0.0,0.0,1.0,0,3.0,0.4,2.5,3.0,1.0,4.0,4.0,0.0,3.8,0.1599999999999999,4.0,1,0,1,0
1,0.0,16.0,0.0,3,3,1.0,1.0,0.0,1.0,1.0,0,2.8,0.1599999999999999,2.25,2.0,0.9375,4.0,4.0,0.0,5.0,0.0,5.0,0,1,1,0
1,0.0,16.0,0.0,3,2,0.0,0.0,0.0,0.0,1.0,1,2.4,0.24,2.5,3.0,0.5,2.5714285714285716,3.0,0.5306122448979592,4.4,0.24,5.0,1,0,1,0
1,0.0,16.0,0.0,3,2,1.0,1.0,0.0,0.0,1.0,0,2.2,0.5599999999999999,2.625,2.5,0.984375,3.5714285714285716,4.0,0.5306122448979592,4.2,2.56,1.0,0,1,0,1
1,0.0,16.0,0.0,2,2,1.0,1.0,0.0,0.0,1.0,0,2.4,0.64,2.75,3.0,0.1875,3.2857142857142856,3.0,0.489795918367347,4.0,0.0,1.0,0,1,1,0
1,0.0,16.0,0.0,3,3,1.0,1.0,0.0,0.0,0.0,0,3.0,0.4,2.75,2.5,1.1875,3.857142857142857,4.0,0.1224489795918367,4.0,0.4,1.0,0,1,0,1
1,0.0,15.0,0.0,2,0,1.0,1.0,0.0,0.0,1.0,0,1.8,0.56,2.5,3.0,1.0,2.0,2.0,0.2857142857142857,3.8,0.5599999999999999,1.0,0,1,1,0
1,0.0,16.0,0.0,2,2,1.0,1.0,0.0,0.0,0.0,0,3.2,0.1599999999999999,2.375,2.0,1.734375,3.2857142857142856,3.0,0.489795918367347,4.6,0.6399999999999999,2.0,0,1,1,0
1,0.0,15.0,0.0,3,3,1.0,1.0,0.0,0.0,0.0,0,3.0,0.4,2.5,2.5,1.25,3.0,3.0,0.5714285714285714,4.4,0.24,1.0,0,1,1,0
1,0.0,16.0,1.0,3,3,1.0,0.0,1.0,0.0,1.0,0,2.8,0.5599999999999999,2.125,2.0,0.609375,3.7142857142857144,4.0,0.489795918367347,5.0,0.0,2.0,0,1,0,1
1,0.0,16.0,0.0,2,2,1.0,1.0,0.0,0.0,1.0,0,2.8,0.5599999999999999,2.5,2.5,1.75,3.0,3.0,0.8571428571428571,3.8,0.1599999999999999,2.0,0,1,1,0
2,1.0,17.0,1.0,2,0,1.0,0.0,0.0,0.0,1.0,1,1.8,0.16,2.5,2.0,0.5,2.142857142857143,2.0,0.979591836734694,4.2,0.5599999999999999,2.0,1,0,1,0
2,1.0,17.0,1.0,3,2,1.0,0.0,0.0,0.0,1.0,1,1.6,0.24,2.75,2.5,1.1875,2.4285714285714284,2.0,1.9591836734693877,3.8,0.1599999999999999,4.0,1,0,0,1
1,0.0,15.0,0.0,2,0,1.0,1.0,0.0,0.0,0.0,0,2.8,0.1599999999999999,2.25,2.0,1.4375,4.0,4.0,0.0,5.0,0.0,1.0,0,1,0,1
1,0.0,16.0,0.0,3,2,1.0,1.0,0.0,0.0,0.0,1,3.0,0.4,2.125,2.0,0.609375,3.7142857142857144,4.0,0.2040816326530612,4.0,0.4,3.0,0,1,1,0
1,0.0,14.0,0.0,0,1,1.0,0.0,0.0,0.0,1.0,0,2.8,0.1599999999999999,2.625,2.5,0.484375,2.857142857142857,3.0,0.6938775510204082,3.4,0.24,1.0,0,1,1,0
1,0.0,14.0,0.0,0,1,0.0,0.0,0.0,0.0,0.0,1,2.8,0.1599999999999999,2.125,2.0,1.109375,2.142857142857143,2.0,0.4081632653061224,4.2,0.96,4.0,1,0,1,0
1,0.0,14.0,0.0,0,1,0.0,1.0,0.0,0.0,0.0,0,1.8,0.56,2.0,2.0,0.25,3.5714285714285716,4.0,0.2448979591836734,3.0,1.2,3.0,1,0,1,0
1,1.0,14.0,0.0,0,1,1.0,0.0,0.0,0.0,0.0,0,3.4,0.24,2.375,2.0,0.734375,3.7142857142857144,4.0,0.2040816326530612,3.6,0.64,1.0,1,0,1,0
1,0.0,14.0,0.0,0,1,1.0,1.0,0.0,0.0,1.0,0,3.6,0.24,2.5,2.5,0.25,3.0,3.0,1.1428571428571428,3.4,1.04,1.0,0,1,1,0
1,0.0,14.0,0.0,0,1,1.0,0.0,0.0,0.0,0.0,0,2.8,0.5599999999999999,2.625,2.0,1.234375,4.0,4.0,0.0,5.0,0.0,1.0,1,0,1,0
1,0.0,14.0,0.0,0,1,1.0,0.0,0.0,0.0,0.0,1,2.8,0.5599999999999999,3.125,3.5,0.859375,2.857142857142857,3.0,1.5510204081632657,4.8,0.1599999999999999,1.0,0,1,1,0
1,0.0,14.0,0.0,0,1,1.0,1.0,0.0,0.0,0.0,0,2.4,0.24,2.625,2.5,0.484375,2.4285714285714284,3.0,1.673469387755102,5.0,0.0,1.0,0,1,1,0
1,0.0,14.0,0.0,0,1,1.0,1.0,0.0,0.0,1.0,0,3.4,0.24,2.5,2.5,0.25,2.7142857142857144,3.0,0.7755102040816327,3.2,0.5599999999999999,1.0,1,0,0,1
1,0.0,14.0,0.0,0,1,1.0,1.0,0.0,0.0,1.0,0,3.6,0.24,2.875,3.0,0.609375,3.7142857142857144,4.0,0.2040816326530612,3.2,0.1599999999999999,1.0,0,1,0,1
1,0.0,14.0,0.0,0,1,1.0,1.0,0.0,0.0,1.0,0,3.2,0.5599999999999999,2.625,2.0,1.234375,3.857142857142857,4.0,0.1224489795918367,4.0,0.4,1.0,1,0,1,0
1,0.0,16.0,0.0,0,1,1.0,1.0,0.0,0.0,1.0,0,1.8,0.16,2.625,3.0,0.234375,2.7142857142857144,3.0,0.2040816326530612,2.4,0.64,1.0,0,1,1,0
1,1.0,14.0,0.0,0,1,0.0,1.0,0.0,0.0,1.0,0,2.3906218655967906,0.2290980363356871,1.875,2.0,0.359375,2.142857142857143,2.0,0.4081632653061224,4.6,0.24,2.0,0,1,1,0
1,0.0,14.0,0.0,0,1,1.0,0.0,0.0,0.0,0.0,1,2.4,1.04,2.375,2.0,1.734375,3.4285714285714284,4.0,0.5306122448979592,4.6,0.6399999999999999,2.0,0,1,0,1
1,0.0,14.0,0.0,0,1,1.0,1.0,0.0,0.0,1.0,0,2.2,0.96,2.625,2.5,1.484375,2.4285714285714284,2.0,0.5306122448979592,4.6,0.24,1.0,0,1,1,0
1,0.0,15.0,0.0,2,2,1.0,0.0,0.0,0.0,0.0,1,4.0,0.0,1.875,2.0,0.359375,2.5714285714285716,3.0,0.816326530612245,3.2,1.36,2.0,1,0,1,0
1,0.0,14.0,0.0,2,2,1.0,1.0,0.0,0.0,0.0,0,3.0,0.0,2.25,2.0,0.1875,3.5714285714285716,4.0,1.1020408163265307,4.0,0.0,1.0,0,1,1,0
1,0.0,15.0,0.0,0,1,1.0,1.0,0.0,0.0,1.0,0,1.2,0.16,2.375,2.5,1.484375,2.2857142857142856,1.0,2.2040816326530615,4.0,0.4,2.0,1,0,0,1
1,0.0,14.0,0.0,2,2,1.0,0.0,0.0,0.0,1.0,0,3.8,0.1599999999999999,1.5,1.5,0.25,3.7142857142857144,4.0,0.489795918367347,5.0,0.0,2.0,0,1,1,0
1,0.0,17.0,0.0,0,1,1.0,1.0,0.0,0.0,1.0,0,3.4,0.24,2.25,2.0,0.9375,3.857142857142857,4.0,0.1224489795918367,4.6,0.24,4.0,1,0,1,0
1,0.0,17.0,0.0,0,1,1.0,1.0,0.0,0.0,1.0,0,3.4,0.24,2.75,3.0,1.4375,2.7142857142857144,4.0,2.2040816326530615,4.4,0.64,1.0,0,1,1,0
1,0.0,16.0,0.0,2,0,1.0,1.0,0.0,0.0,1.0,0,2.4,0.24,3.125,3.0,0.609375,3.5714285714285716,4.0,0.5306122448979592,4.6,0.24,1.0,0,1,0,1
1,0.0,16.0,0.0,2,0,1.0,1.0,0.0,0.0,1.0,1,3.2,0.1599999999999999,2.5,2.5,0.75,3.2857142857142856,3.0,0.489795918367347,3.8,2.16,2.0,0,1,0,1
1,0.0,16.0,1.0,0,1,1.0,1.0,0.0,0.0,1.0,0,3.0,0.0,2.875,3.0,0.859375,4.0,4.0,0.0,4.0,0.4,4.0,1,0,1,0
1,0.0,16.0,0.0,2,0,1.0,0.0,0.0,0.0,0.0,0,2.8,0.1599999999999999,2.375,2.5,0.984375,3.857142857142857,4.0,0.1224489795918367,3.4,0.24,3.0,1,0,1,0
1,0.0,17.0,1.0,3,3,0.0,0.0,0.0,0.0,0.0,1,2.4,1.44,2.125,2.0,0.609375,2.142857142857143,2.0,1.2653061224489794,2.0,0.8,5.0,1,0,1,0
1,0.0,17.0,0.0,2,2,1.0,1.0,0.0,0.0,1.0,0,2.8,0.5599999999999999,1.75,1.5,0.6875,2.714321392892822,3.0,0.4898163137806147,3.2,0.96,5.0,1,0,1,0
1,0.0,17.0,0.0,2,0,1.0,1.0,0.0,0.0,1.0,0,3.2,0.1599999999999999,2.625,3.0,0.734375,3.2857142857142856,4.0,0.7755102040816327,4.8,0.1599999999999999,1.0,0,1,1,0
1,0.0,17.0,0.0,0,1,1.0,1.0,0.0,0.0,1.0,0,2.0,0.0,2.25,2.0,1.4375,3.4285714285714284,4.0,1.1020408163265307,4.6,0.6399999999999999,1.0,1,0,1,0
1,1.0,16.0,0.0,0,1,1.0,1.0,0.0,0.0,1.0,0,3.4,0.24,3.375,3.5,0.484375,3.142857142857143,4.0,1.2653061224489797,1.8,1.3600000000000003,5.0,0,1,1,0
1,0.0,17.0,0.0,3,0,1.0,1.0,0.0,0.0,1.0,0,3.2,0.5599999999999999,2.125,2.0,1.109375,2.7142857142857144,3.0,1.0612244897959184,5.0,0.0,1.0,0,1,1,0
1,0.0,17.0,0.0,3,3,1.0,1.0,0.0,0.0,0.0,0,3.6,0.64,3.125,3.0,0.609375,3.5714285714285716,4.0,0.5306122448979593,4.2,0.96,4.0,1,0,0,1
1,0.0,17.0,0.0,2,0,1.0,1.0,0.0,0.0,1.0,0,2.4,0.64,2.625,2.0,1.234375,3.142857142857143,3.0,0.4081632653061224,4.8,0.1599999999999999,1.0,0,1,1,0
1,0.0,17.0,1.0,4,0,1.0,0.0,0.0,0.0,1.0,0,2.2,0.5599999999999999,1.875,1.0,1.609375,3.857142857142857,4.0,0.1224489795918367,4.857200100175307,0.0815672455597697,3.0,0,1,1,0
1,0.0,17.0,0.0,3,0,1.0,1.0,0.0,0.0,0.0,0,3.8,0.1599999999999999,2.375,2.5,0.984375,4.0,4.0,0.0,3.2,3.359999999999999,4.0,1,0,1,0
1,0.0,17.0,0.0,4,2,1.0,0.0,0.0,0.0,0.0,0,2.0,0.4,2.75,3.0,0.6875,3.0,3.0,1.1428571428571428,4.4,0.24,1.0,1,0,1,0
1,0.0,17.0,0.0,2,0,1.0,1.0,0.0,0.0,1.0,0,2.8,0.5599999999999999,1.875,1.5,0.859375,3.857142857142857,4.0,0.1224489795918367,4.8,0.1599999999999999,2.0,0,1,1,0
1,0.0,17.0,0.0,3,2,1.0,0.0,1.0,0.0,1.0,0,3.2,0.5599999999999999,2.5,2.5,1.75,3.857142857142857,4.0,0.1224489795918367,3.4,1.04,3.0,0,1,1,0
1,0.0,17.0,0.0,0,1,1.0,1.0,0.0,0.0,1.0,0,3.2,1.36,2.25,2.0,0.9375,3.7142857142857144,4.0,0.2040816326530612,4.4,0.64,1.0,0,1,1,0
1,0.0,16.0,1.0,3,2,1.0,1.0,0.0,0.0,1.0,0,3.4,0.24,2.375,2.0,0.734375,4.0,4.0,0.0,4.8,0.1599999999999999,4.0,1,0,0,1
1,0.0,17.0,0.0,2,0,1.0,1.0,0.0,0.0,1.0,0,2.6,1.04,2.75,3.0,0.6875,3.5714285714285716,4.0,0.2448979591836734,4.6,0.24,1.0,0,1,1,0
1,1.0,17.0,0.0,0,1,1.0,1.0,0.0,0.0,0.0,0,3.6,0.24,2.125,2.0,1.359375,4.0,4.0,0.0,4.2,0.96,1.0,0,1,1,0
1,0.0,15.0,0.0,2,0,1.0,1.0,0.0,0.0,0.0,0,3.0,0.8,2.75,3.0,0.9375,3.0,3.0,1.1428571428571428,4.8,0.1599999999999999,5.0,1,0,1,0
1,0.0,17.0,0.0,0,1,1.0,1.0,0.0,0.0,1.0,0,3.4,0.64,2.25,2.0,0.9375,3.2857142857142856,4.0,0.7755102040816327,4.4,0.6399999999999999,4.0,0,1,1,0
1,0.0,16.0,0.0,2,2,1.0,0.0,0.0,0.0,0.0,0,3.0,0.4,2.125,2.0,0.359375,3.0,3.0,0.8571428571428571,4.4,0.64,2.0,1,0,1,0
1,0.0,16.0,0.0,2,0,1.0,1.0,0.0,0.0,0.0,0,3.4,0.24,2.75,3.0,1.4375,3.4285714285714284,4.0,0.816326530612245,5.0,0.0,1.0,0,1,1,0
1,0.0,15.0,0.0,2,0,1.0,1.0,0.0,0.0,1.0,0,3.8,0.1599999999999999,2.0,2.0,0.75,3.5714285714285716,4.0,0.5306122448979592,5.0,0.0,5.0,1,0,0,1
1,0.0,16.0,0.0,3,3,1.0,1.0,0.0,0.0,1.0,0,2.2,0.5599999999999999,2.0,1.5,1.25,4.0,4.0,0.0,4.8,0.1599999999999999,1.0,0,1,1,0
1,0.0,16.0,0.0,4,3,1.0,1.0,0.0,0.0,1.0,0,3.8,0.1599999999999999,2.375,2.5,0.484375,4.0,4.0,0.0,5.0,0.0,1.0,0,1,1,0
1,0.0,16.0,0.0,0,1,1.0,1.0,0.0,0.0,0.0,0,3.2,0.1599999999999999,2.75,3.0,0.6875,3.857142857142857,4.0,0.1224489795918367,3.6,0.24,5.0,1,0,1,0
1,0.0,17.0,0.0,2,2,1.0,1.0,0.0,0.0,1.0,0,3.0,0.4,2.75,3.0,0.9375,3.2857142857142856,4.0,0.7755102040816327,4.2,0.5599999999999999,1.0,0,1,0,1
1,0.0,15.0,0.0,3,2,1.0,1.0,0.0,0.0,0.0,0,3.6,0.24,2.5,3.0,1.5,3.857142857142857,4.0,0.1224489795918367,4.2,0.5599999999999999,2.0,0,1,1,0
1,0.0,16.0,0.0,2,2,1.0,1.0,0.0,0.0,1.0,0,3.6,0.64,2.25,2.0,0.9375,3.5714285714285716,4.0,0.2448979591836734,4.0,0.4,1.0,0,1,1,0
1,0.0,16.0,0.0,3,0,1.0,1.0,0.0,0.0,0.0,0,3.0,0.4,2.25,2.5,0.6875,3.142857142857143,3.0,0.6938775510204082,4.6,0.24,1.0,0,1,1,0
1,0.0,16.0,0.0,4,4,1.0,1.0,0.0,0.0,1.0,0,2.8,0.1599999999999999,2.375,2.5,0.484375,3.2857142857142856,3.0,0.2040816326530612,3.2,0.5599999999999999,5.0,1,0,1,0
1,0.0,15.0,0.0,3,2,1.0,1.0,0.0,0.0,1.0,0,3.4,0.24,2.5,2.0,0.5,3.857142857142857,4.0,0.1224489795918367,3.8,0.96,1.0,0,1,1,0
1,0.0,17.0,0.0,0,1,0.0,1.0,0.0,1.0,1.0,0,2.8,0.5599999999999999,2.375,2.0,1.734375,4.0,4.0,0.0,4.4,0.6399999999999999,2.0,1,0,1,0
1,0.0,16.0,0.0,3,0,1.0,0.0,0.0,0.0,0.0,0,2.6,0.24,2.375,2.5,0.984375,3.4285714285714284,4.0,0.5306122448979592,4.6,0.24,1.0,0,1,1,0
1,0.0,16.0,1.0,4,4,1.0,1.0,0.0,0.0,1.0,0,3.0,0.4,2.125,2.0,0.609375,3.0,3.0,1.1428571428571428,4.4,0.64,1.0,0,1,1,0
1,0.0,16.0,0.0,4,4,1.0,0.0,0.0,0.0,0.0,0,2.8,2.16,2.0,2.0,0.0,2.7142857142857144,4.0,2.2040816326530615,2.4,3.04,4.0,1,0,1,0
1,0.0,15.0,0.0,0,1,1.0,1.0,0.0,0.0,1.0,0,3.8,0.1599999999999999,2.75,3.0,0.4375,3.7142857142857144,4.0,0.2040816326530612,4.2,0.5599999999999999,2.0,0,1,1,0
1,0.0,16.0,0.0,2,2,1.0,1.0,0.0,0.0,0.0,0,2.4,0.64,2.25,2.0,0.4375,2.5714285714285716,3.0,0.5306122448979592,4.0,0.4,4.0,1,0,1,0
1,0.0,17.0,1.0,4,2,1.0,1.0,0.0,1.0,1.0,1,3.0,0.4,2.625,3.0,0.234375,3.857142857142857,4.0,0.1224489795918367,4.6,0.24,1.0,0,1,1,0
1,0.0,16.0,0.0,4,4,1.0,1.0,0.0,0.0,1.0,0,3.8,0.1599999999999999,2.625,3.0,0.984375,3.0,4.0,1.4285714285714286,4.8,0.1599999999999999,4.0,1,0,1,0
1,0.0,15.0,1.0,4,4,1.0,1.0,0.0,0.0,0.0,0,2.8,0.96,2.625,3.0,0.734375,3.0,4.0,1.7142857142857142,4.4,0.24,3.0,1,0,1,0
1,0.0,17.0,0.0,4,3,1.0,1.0,0.0,0.0,1.0,0,3.0,0.4,2.25,2.5,0.6875,4.0,4.0,0.0,5.0,0.0,5.0,1,0,1,0
1,1.0,17.0,1.0,4,4,1.0,1.0,1.0,1.0,1.0,1,3.6,0.24,2.5,2.5,1.25,3.5714285714285716,4.0,0.5306122448979593,4.6,0.24,4.0,1,0,1,0
1,0.0,15.0,0.0,3,3,1.0,1.0,0.0,0.0,1.0,0,3.4,0.24,2.5,2.0,0.5,3.142857142857143,4.0,1.2653061224489797,4.8,0.1599999999999999,1.0,0,1,0,1
1,0.0,16.0,0.0,0,1,1.0,1.0,0.0,0.0,1.0,0,3.4,0.24,2.125,2.0,0.609375,2.857142857142857,3.0,0.4081632653061224,4.0,0.4,3.0,1,0,1,0
1,0.0,16.0,1.0,4,3,1.0,1.0,0.0,0.0,1.0,0,2.2,0.1599999999999999,2.0,1.0,1.75,3.0,4.0,1.7142857142857142,4.8,0.1599999999999999,1.0,0,1,0,1
1,0.0,16.0,0.0,3,3,1.0,1.0,0.0,0.0,0.0,0,3.4,0.24,2.75,3.0,0.1875,3.7142857142857144,4.0,0.2040816326530612,4.0,0.0,3.0,1,0,1,0
1,0.0,16.0,0.0,2,0,1.0,1.0,0.0,0.0,0.0,0,2.6,0.24,2.125,2.0,0.609375,3.857142857142857,4.0,0.1224489795918367,3.4,0.64,1.0,0,1,1,0
1,0.0,16.0,0.0,0,1,1.0,1.0,0.0,0.0,1.0,0,2.8,0.5599999999999999,2.625,3.0,1.984375,3.4285714285714284,4.0,0.5306122448979592,5.0,0.0,5.0,1,0,1,0
1,1.0,17.0,0.0,2,0,1.0,1.0,0.0,0.0,0.0,0,4.0,0.0,2.519218710810133,2.0768748432405317,0.9833668011062916,4.0,4.0,0.0,4.6,0.6399999999999999,1.0,0,1,1,0
1,0.0,16.0,0.0,2,0,1.0,1.0,0.0,0.0,1.0,0,2.0,0.4,2.125,2.0,0.859375,3.4285714285714284,4.0,1.1020408163265307,2.6,1.04,1.0,0,1,1,0
1,0.0,15.0,0.0,3,3,1.0,0.0,0.0,0.0,0.0,0,2.8,0.96,2.125,2.0,1.109375,3.857142857142857,4.0,0.1224489795918367,4.8,0.1599999999999999,2.0,0,1,0,1
1,0.0,15.0,1.0,4,4,1.0,1.0,0.0,0.0,1.0,0,1.6,0.24,2.25,2.0,1.4375,3.142857142857143,4.0,1.2653061224489797,4.4,0.6399999999999999,3.0,0,1,1,0
1,0.0,17.0,0.0,0,1,1.0,1.0,0.0,0.0,1.0,0,3.4,0.64,2.75,3.0,0.6875,3.7142857142857144,4.0,0.489795918367347,3.8,0.5599999999999999,4.0,1,0,1,0
1,0.0,17.0,0.0,4,4,1.0,1.0,0.0,0.0,1.0,0,3.8,0.1599999999999999,2.25,2.5,0.6875,3.0718402119053585,3.5028814833375095,1.1738232391367838,4.2,0.5599999999999999,4.0,1,0,1,0
1,0.0,16.0,0.0,0,1,1.0,1.0,0.0,0.0,1.0,0,3.6,0.24,2.625,3.0,1.984375,4.0,4.0,0.0,4.6,0.6399999999999999,2.0,1,0,1,0
1,0.0,16.0,1.0,4,4,1.0,0.0,0.0,0.0,0.0,0,3.0,0.0,2.125,2.0,0.859375,2.857142857142857,3.0,0.1224489795918367,1.8,1.3600000000000003,4.0,1,0,1,0
1,1.0,16.0,0.0,0,1,1.0,1.0,0.0,0.0,1.0,0,2.2,0.5599999999999999,2.25,2.0,0.9375,2.857142857142857,3.0,1.2653061224489797,5.0,0.0,1.0,0,1,0,1
1,0.0,16.0,0.0,2,0,0.0,0.0,0.0,0.0,0.0,1,2.8,0.96,2.375,3.0,0.734375,3.857142857142857,4.0,0.1224489795918367,4.0,0.8,1.0,0,1,0,1
1,0.0,16.0,0.0,0,1,1.0,1.0,0.0,0.0,0.0,0,3.0,0.0,1.875,2.0,0.359375,3.2857142857142856,3.0,0.2040816326530612,3.4,0.24,2.0,1,0,1,0
1,1.0,16.0,0.0,0,1,1.0,1.0,0.0,0.0,1.0,0,2.8,0.5599999999999999,2.625,3.0,0.734375,3.2857142857142856,4.0,0.7755102040816327,4.6,0.24,4.0,1,0,1,0
1,0.0,16.0,0.0,2,2,1.0,0.0,0.0,0.0,0.0,0,2.0,0.4,3.0,3.5,1.25,1.8571428571428572,2.0,0.6938775510204082,4.4,0.64,1.0,0,1,0,1
1,0.0,17.0,0.0,0,1,1.0,1.0,0.0,0.0,1.0,0,3.0,0.0,2.25,2.5,1.1875,4.0,4.0,0.0,4.8,0.1599999999999999,2.0,1,0,1,0
1,0.0,15.0,0.0,2,0,1.0,1.0,0.0,0.0,0.0,0,2.4,0.24,2.75,3.0,1.4375,3.4285714285714284,3.0,0.2448979591836734,4.6,0.6399999999999999,1.0,0,1,0,1
1,0.0,16.0,0.0,2,2,1.0,1.0,0.0,0.0,1.0,0,3.6,0.24,2.625,2.5,0.484375,3.4285714285714284,3.0,0.2448979591836734,3.6,0.24,1.0,1,0,1,0
1,0.0,17.0,0.0,4,3,1.0,1.0,0.0,0.0,1.0,0,3.0,0.4,2.625,3.0,0.734375,2.4285714285714284,2.0,0.816326530612245,3.6,0.64,4.0,1,0,1,0
1,0.0,17.0,0.0,4,2,1.0,1.0,0.0,0.0,1.0,0,2.6,0.64,2.75,2.5,0.6875,3.7142857142857144,4.0,0.2040816326530612,3.6,2.24,2.0,0,1,1,0
1,1.0,17.0,0.0,0,1,1.0,1.0,0.0,0.0,1.0,0,2.914327144842929,0.0340170511477578,2.875,3.0,0.359375,3.857142857142857,4.0,0.1224489795918367,3.6,1.04,2.0,0,1,1,0
1,0.0,15.0,0.0,2,2,1.0,1.0,0.0,0.0,0.0,0,3.6,0.24,2.875,3.0,0.609375,3.857142857142857,4.0,0.1224489795918367,4.2,0.1599999999999999,2.0,1,0,1,0
1,0.0,16.0,0.0,2,0,1.0,1.0,1.0,0.0,0.0,0,2.8,0.5599999999999999,2.5,3.0,1.0,3.5714285714285716,4.0,0.5306122448979592,4.0,0.8,4.0,0,1,1,0
1,0.0,16.0,0.0,0,1,1.0,1.0,0.0,0.0,1.0,0,3.4,0.24,2.25,2.5,1.1875,3.5714285714285716,4.0,0.2448979591836734,4.8,0.1599999999999999,2.0,1,0,1,0
1,0.0,16.0,0.0,3,3,1.0,0.0,0.0,0.0,0.0,0,2.2,0.5599999999999999,2.125,2.0,0.859375,2.7142857142857144,3.0,1.6326530612244896,4.0,0.4,5.0,1,0,1,0
1,0.0,15.0,0.0,0,1,1.0,1.0,0.0,0.0,1.0,0,2.6,0.24,2.5,2.0,0.5,3.0,3.0,0.2857142857142857,3.4,0.64,5.0,1,0,1,0
1,0.0,17.0,0.0,3,2,1.0,1.0,0.0,0.0,0.0,0,3.8,0.1599999999999999,2.5,3.0,0.5,3.5714285714285716,4.0,0.2448979591836734,3.0,0.0,2.0,1,0,1,0
1,0.0,16.0,0.0,2,2,1.0,1.0,0.0,0.0,1.0,0,2.8,0.1599999999999999,2.25,2.0,0.9375,3.7142857142857144,4.0,0.2040816326530612,2.8,0.5599999999999999,4.0,1,0,1,0
1,0.0,16.0,0.0,3,2,1.0,1.0,0.0,0.0,1.0,0,3.4,0.24,2.5,2.5,0.25,1.4285714285714286,1.0,1.1020408163265305,3.4,0.24,4.0,1,0,1,0
1,0.0,16.0,0.0,4,4,1.0,1.0,0.0,0.0,1.0,0,3.6,0.24,2.625,2.0,0.734375,3.857142857142857,4.0,0.1224489795918367,3.6,0.64,2.0,1,0,1,0
1,0.0,16.0,1.0,3,3,1.0,1.0,1.0,0.0,0.0,0,3.6,0.24,1.75,2.0,0.4375,3.7142857142857144,4.0,0.2040816326530612,3.8,0.1599999999999999,1.0,1,0,1,0
1,0.0,16.0,0.0,2,0,1.0,1.0,0.0,0.0,0.0,0,3.6,0.24,2.25,2.5,0.6875,3.7142857142857144,4.0,0.2040816326530612,3.4,1.84,3.0,1,0,1,0
1,1.0,16.0,0.0,0,1,1.0,1.0,0.0,0.0,1.0,0,3.2,0.5599999999999999,2.25,2.0,0.4375,3.142857142857143,3.0,0.6938775510204082,3.6,0.24,4.0,1,0,0,1
1,0.0,16.0,0.0,3,3,1.0,1.0,0.0,0.0,1.0,0,2.6,0.24,2.75,3.0,0.4375,3.142857142857143,3.0,0.6938775510204082,3.2,1.7600000000000002,2.0,1,0,1,0
2,0.0,16.0,0.0,0,1,1.0,0.0,1.0,0.0,1.0,0,3.2,0.1599999999999999,2.625,3.0,0.234375,3.2857142857142856,3.0,0.489795918367347,4.0,0.4,3.0,1,0,1,0
2,0.0,16.0,0.0,2,0,1.0,1.0,0.0,0.0,0.0,0,2.8,0.1599999999999999,2.25,2.5,0.6875,2.4285714285714284,2.0,0.2448979591836734,4.0,0.8,1.0,0,1,1,0
1,0.0,16.0,0.0,4,4,1.0,1.0,0.0,0.0,1.0,0,2.8,0.1599999999999999,2.125,2.0,0.859375,3.7142857142857144,4.0,0.2040816326530612,3.8,0.5599999999999999,2.0,0,1,1,0
1,0.0,16.0,1.0,4,4,1.0,1.0,0.0,0.0,0.0,0,2.4,0.24,2.375,2.0,0.734375,3.7142857142857144,4.0,0.2040816326530612,4.0,0.4,2.0,0,1,1,0
1,0.0,17.0,0.0,2,4,1.0,1.0,0.0,0.0,1.0,0,2.8,0.1599999999999999,2.25,2.0,0.4375,3.7142857142857144,4.0,0.2040816326530612,3.8,0.96,1.0,0,1,1,0
2,0.0,16.0,0.0,4,2,1.0,1.0,0.0,0.0,1.0,0,2.4,0.24,2.25,2.0,0.6875,2.7142857142857144,3.0,1.0612244897959184,4.2,1.36,2.0,0,1,1,0
1,0.0,16.0,0.0,2,2,1.0,1.0,0.0,0.0,1.0,0,2.8,0.1599999999999999,2.0,2.0,1.0,2.5714285714285716,3.0,0.2448979591836734,3.2,0.1599999999999999,2.0,0,1,1,0
1,0.0,16.0,0.0,0,1,1.0,1.0,0.0,0.0,0.0,0,3.4,0.24,2.25,1.5,1.9375,3.0,4.0,1.7142857142857142,1.6,1.44,1.0,1,0,1,0
1,0.0,17.0,0.0,0,1,1.0,1.0,0.0,0.0,0.0,0,2.6,1.44,2.5,2.5,0.75,3.0,3.0,1.1428571428571428,3.8,0.5599999999999999,2.0,1,0,1,0
1,0.0,16.0,0.0,2,0,1.0,1.0,0.0,0.0,1.0,0,2.4,1.4400000000000002,2.5,2.5,0.75,3.7142857142857144,4.0,0.2040816326530612,2.4,1.44,2.0,1,0,1,0
2,1.0,16.0,0.0,0,1,1.0,0.0,0.0,0.0,1.0,0,3.4,0.24,3.25,3.5,0.6875,3.857142857142857,4.0,0.1224489795918367,5.0,0.0,4.0,1,0,1,0
1,0.0,17.0,0.0,3,3,0.0,0.0,0.0,0.0,0.0,1,1.8,0.16,3.125,3.5,1.109375,3.7142857142857144,4.0,0.2040816326530612,5.0,0.0,5.0,1,0,1,0
1,0.0,17.0,1.0,3,3,1.0,0.0,1.0,0.0,1.0,0,3.2,0.1599999999999999,2.625,3.0,0.234375,3.7142857142857144,4.0,0.489795918367347,4.2,0.5599999999999999,4.0,1,0,1,0
2,1.0,17.0,0.0,0,1,1.0,1.0,0.0,0.0,1.0,0,2.4,0.64,2.25,2.0,1.4375,1.8571428571428572,1.0,1.2653061224489797,4.4,0.24,1.0,1,0,1,0
1,0.0,16.0,1.0,2,2,0.0,1.0,0.0,0.0,0.0,1,2.4,0.24,2.375,2.0,0.734375,3.4285714285714284,4.0,0.816326530612245,4.2,0.5599999999999999,4.0,1,0,1,0
1,0.0,16.0,0.0,4,4,1.0,0.0,1.0,0.0,0.0,0,2.6,0.24,2.5,2.5,1.25,3.7142857142857144,4.0,0.2040816326530612,4.4,0.6399999999999999,5.0,1,0,1,0
1,0.0,17.0,1.0,3,3,0.0,0.0,1.0,0.0,0.0,0,3.6,0.24,2.0,2.0,0.0,3.857142857142857,4.0,0.1224489795918367,2.8,0.5599999999999999,5.0,1,0,1,0
1,0.0,17.0,0.0,3,3,1.0,0.0,1.0,0.0,0.0,0,3.2,0.1599999999999999,2.25,2.0,0.1875,3.4285714285714284,4.0,0.5306122448979592,4.0,0.4,5.0,1,0,0,1
1,0.0,17.0,0.0,4,3,0.0,1.0,0.0,0.0,0.0,0,3.0,0.4,2.5,2.5,0.75,4.0,4.0,0.0,5.0,0.0,5.0,1,0,1,0
1,0.0,17.0,0.0,3,3,1.0,1.0,0.0,0.0,0.0,0,2.8,0.1599999999999999,1.625,1.5,0.484375,3.857142857142857,4.0,0.1224489795918367,3.8,1.36,1.0,0,1,1,0
1,0.0,17.0,0.0,2,0,1.0,0.0,0.0,0.0,1.0,0,3.0,0.0,3.0,3.5,1.5,3.5714285714285716,4.0,0.2448979591836734,2.4,1.84,1.0,0,1,1,0
1,0.0,16.0,0.0,4,3,1.0,1.0,0.0,0.0,1.0,0,2.0,1.2,3.0,3.0,0.5,3.857142857142857,4.0,0.1224489795918367,3.4,2.6399999999999997,3.0,0,1,1,0
1,0.0,17.0,0.0,3,3,1.0,1.0,0.0,0.0,0.0,0,3.2,0.96,2.375,2.5,0.984375,3.857142857142857,4.0,0.1224489795918367,4.2,1.36,1.0,0,1,1,0
1,0.0,17.0,0.0,2,2,1.0,0.0,0.0,0.0,1.0,0,2.6,1.04,2.875,3.5,1.609375,4.0,4.0,0.0,4.4,0.24,1.0,0,1,1,0
1,0.0,17.0,0.0,2,0,1.0,0.0,0.0,0.0,1.0,0,2.8,0.1599999999999999,2.5,2.5,1.25,3.5714285714285716,4.0,0.2448979591836734,4.8,0.1599999999999999,1.0,0,1,1,0
1,1.0,17.0,0.0,2,0,1.0,1.0,1.0,1.0,1.0,1,4.0,0.0,2.0,2.0,0.75,3.9596343430722354,4.0,0.00977631755526,4.8,0.1599999999999999,5.0,1,0,1,0
1,0.0,17.0,0.0,3,2,1.0,1.0,0.0,0.0,1.0,0,3.8,0.1599999999999999,2.125,2.0,0.359375,4.0,4.0,0.0,4.8,0.1599999999999999,1.0,0,1,0,1
1,0.0,16.0,1.0,4,4,1.0,1.0,0.0,0.0,1.0,1,3.4,0.24,3.0,3.0,0.5,3.857142857142857,4.0,0.1224489795918367,4.2,0.1599999999999999,1.0,1,0,1,0
1,0.0,17.0,0.0,3,4,1.0,1.0,0.0,0.0,1.0,0,2.4,0.24,2.5,2.5,0.75,2.7142857142857144,3.0,0.489795918367347,4.2,0.5599999999999999,1.0,0,1,1,0
1,0.0,16.0,0.0,3,0,1.0,1.0,0.0,0.0,0.0,0,2.4,0.24,2.375,2.0,0.734375,3.5714285714285716,4.0,0.2448979591836734,4.4,0.6399999999999999,3.0,0,1,0,1
1,0.0,17.0,0.0,2,0,1.0,1.0,0.0,0.0,0.0,0,2.4,0.64,2.0,2.0,1.0,3.857142857142857,4.0,0.1224489795918367,4.0,0.4,1.0,0,1,1,0
1,0.0,17.0,0.0,2,2,1.0,1.0,0.0,0.0,1.0,0,3.0,0.4,2.25,2.0,0.6875,4.0,4.0,0.0,4.2,0.5599999999999999,2.0,0,1,1,0
1,0.0,17.0,0.0,3,2,1.0,1.0,0.0,0.0,0.0,0,2.8,0.1599999999999999,2.375,2.0,0.234375,2.7142857142857144,3.0,0.2040816326530612,3.0,0.8,2.0,1,0,1,0
1,0.0,16.0,0.0,2,0,1.0,1.0,0.0,0.0,1.0,0,3.0,0.0,2.375,2.5,0.484375,3.857142857142857,4.0,0.1224489795918367,4.8,0.1599999999999999,2.0,0,1,1,0
1,0.0,16.0,0.0,2,2,1.0,0.0,0.0,0.0,1.0,0,3.0,0.4,2.0,2.0,0.5,3.0,4.0,1.4285714285714286,5.0,0.0,5.0,1,0,1,0
1,0.0,17.0,0.0,2,0,1.0,1.0,0.0,0.0,1.0,0,2.8,0.5599999999999999,2.75,2.5,0.6875,3.7142857142857144,4.0,0.489795918367347,4.2,0.1599999999999999,3.0,1,0,1,0
1,0.0,17.0,0.0,2,0,1.0,0.0,1.0,0.0,0.0,0,2.6,0.24,2.125,2.0,0.859375,3.0,3.0,0.5714285714285714,4.0,0.4,2.0,0,1,0,1
1,0.0,17.0,0.0,4,2,1.0,1.0,0.0,0.0,1.0,0,2.2,0.5599999999999999,2.625,3.0,1.234375,3.2857142857142856,4.0,0.7755102040816327,4.6,0.6399999999999999,1.0,0,1,0,1
1,0.0,17.0,0.0,2,2,1.0,1.0,0.0,0.0,0.0,0,2.8,0.1599999999999999,2.375,2.0,0.734375,3.142857142857143,3.0,0.4081632653061224,4.8,0.1599999999999999,2.0,1,0,1,0
1,0.0,17.0,0.0,2,0,1.0,1.0,0.0,0.0,1.0,0,2.6,0.64,2.125,2.0,1.109375,3.4285714285714284,4.0,0.816326530612245,5.0,0.0,4.0,1,0,1,0
1,0.0,17.0,0.0,2,2,1.0,1.0,0.0,0.0,1.0,0,3.0,0.0,2.125,2.0,0.609375,3.5714285714285716,4.0,0.2448979591836734,3.8,0.1599999999999999,3.0,1,0,1,0
1,0.0,16.0,0.0,2,2,1.0,1.0,0.0,0.0,1.0,0,3.0,0.0,2.125,2.0,1.359375,3.7142857142857144,4.0,0.2040816326530612,4.8,0.1599999999999999,1.0,0,1,1,0
1,0.0,16.0,1.0,4,4,1.0,1.0,0.0,0.0,1.0,1,3.4,0.24,2.75,3.0,0.9375,3.613544389929449,4.0,0.2074080481906637,5.0,0.0,1.0,1,0,1,0
1,0.0,17.0,0.0,0,1,1.0,1.0,0.0,0.0,0.0,0,2.6,0.24,3.0,3.0,0.75,2.857142857142857,3.0,0.1224489795918367,4.4,0.64,5.0,1,0,1,0
1,0.0,17.0,0.0,2,0,0.0,1.0,0.0,0.0,0.0,0,3.2,0.1599999999999999,2.25,2.5,1.1875,3.142857142857143,3.0,0.1224489795918367,4.6,0.24,4.0,0,1,1,0
1,0.0,16.0,0.0,0,1,1.0,1.0,0.0,0.0,1.0,0,3.2,0.5599999999999999,2.625,2.5,0.984375,3.2857142857142856,3.0,0.489795918367347,4.2,0.5599999999999999,1.0,1,0,0,1
1,0.0,16.0,1.0,3,2,1.0,0.0,0.0,0.0,1.0,0,3.8,0.1599999999999999,2.375,2.5,0.484375,3.5714285714285716,4.0,1.1020408163265307,5.0,0.0,1.0,0,1,1,0
1,0.0,16.0,0.0,2,2,1.0,0.0,1.0,0.0,1.0,0,2.0,0.4,2.625,2.5,0.484375,2.2857142857142856,1.0,2.2040816326530615,3.6,1.04,2.0,0,1,0,1
2,1.0,16.0,0.0,0,1,1.0,0.0,0.0,0.0,0.0,1,2.4,0.24,2.125,2.0,0.359375,2.142857142857143,2.0,0.9795918367346936,4.2,0.1599999999999999,2.0,1,0,1,0
1,0.0,17.0,1.0,3,3,1.0,1.0,0.0,0.0,1.0,0,3.6,0.24,2.5,2.5,0.25,3.2857142857142856,3.0,0.489795918367347,3.4,0.64,2.0,1,0,1,0
1,0.0,17.0,0.0,4,4,1.0,1.0,0.0,0.0,1.0,0,2.4,0.24,2.75,3.0,0.4375,3.7142857142857144,4.0,0.2040816326530612,3.0,0.8,1.0,1,0,1,0
1,0.0,16.0,1.0,3,3,1.0,1.0,1.0,0.0,1.0,0,3.0,0.0,2.375,2.0,0.234375,3.5714285714285716,4.0,0.2448979591836734,4.2,0.5599999999999999,2.0,1,0,1,0
1,0.0,16.0,0.0,0,1,1.0,1.0,0.0,0.0,1.0,0,3.6,0.64,2.375,2.0,0.734375,3.5714285714285716,4.0,1.1020408163265307,2.2,1.36,3.0,1,0,1,0
1,1.0,16.0,0.0,2,0,1.0,1.0,0.0,0.0,1.0,0,3.2,0.1599999999999999,2.25,2.0,0.6875,3.857142857142857,4.0,0.1224489795918367,2.8,1.36,3.0,1,0,1,0
1,0.0,17.0,0.0,4,3,1.0,1.0,0.0,0.0,0.0,0,3.0,0.0,2.5,2.5,0.75,3.2857142857142856,4.0,0.7755102040816327,4.0,0.4,5.0,1,0,1,0
1,0.0,15.0,0.0,2,0,1.0,1.0,0.0,0.0,1.0,0,1.2,0.16,2.5,2.5,0.75,3.7142857142857144,4.0,0.2040816326530612,5.0,0.0,4.0,1,0,0,1
1,0.0,16.0,0.0,3,2,1.0,1.0,0.0,0.0,1.0,0,2.0,0.4,2.125,2.0,0.359375,3.4285714285714284,4.0,0.816326530612245,4.4,1.44,2.0,0,1,1,0
1,0.0,16.0,0.0,4,3,1.0,0.0,0.0,0.0,1.0,0,2.2,0.1599999999999999,2.125,2.0,0.609375,4.0,4.0,0.0,4.0,0.4,2.0,0,1,1,0
1,0.0,16.0,0.0,4,3,0.0,1.0,0.0,0.0,1.0,0,2.0,0.0,2.25,2.0,0.6875,3.4285714285714284,4.0,0.816326530612245,3.6,1.04,2.0,0,1,1,0
1,0.0,15.0,0.0,0,1,1.0,1.0,0.0,0.0,0.0,0,3.0,0.4,2.25,2.0,0.9375,4.0,4.0,0.0,5.0,0.0,1.0,0,1,1,0
1,0.0,16.0,0.0,3,2,1.0,1.0,0.0,0.0,1.0,0,3.2,0.1599999999999999,2.125,2.0,0.109375,3.142857142857143,4.0,1.2653061224489797,4.8,0.1599999999999999,2.0,0,1,1,0
1,0.0,16.0,0.0,2,0,1.0,1.0,0.0,0.0,1.0,0,3.4,0.24,2.125,2.0,1.109375,4.0,4.0,0.0,4.6,0.24,1.0,0,1,1,0
1,0.0,16.0,0.0,0,1,1.0,1.0,0.0,0.0,1.0,0,2.6,0.24,2.625,2.5,1.484375,4.0,4.0,0.0,4.0,1.2,1.0,0,1,1,0
1,0.0,16.0,0.0,3,0,1.0,1.0,0.0,0.0,0.0,0,3.6,0.64,1.75,2.0,0.4375,3.142857142857143,3.0,0.4081632653061224,4.8,0.1599999999999999,4.0,0,1,1,0
1,0.0,16.0,0.0,0,1,1.0,1.0,0.0,0.0,1.0,0,2.8,1.36,2.0,2.0,0.75,2.142857142857143,2.0,1.2653061224489797,4.4,0.6399999999999999,1.0,1,0,1,0
2,0.0,15.0,0.0,4,3,1.0,0.0,0.0,0.0,0.0,0,3.8,0.1599999999999999,2.5,2.0,0.5,3.2857142857142856,4.0,1.3469387755102038,3.0,1.2,5.0,1,0,1,0
2,0.0,16.0,0.0,4,3,1.0,1.0,0.0,0.0,0.0,0,4.0,0.0,2.5,2.0,0.5,3.2857142857142856,4.0,1.3469387755102038,3.4,0.24,5.0,1,0,1,0
1,0.0,15.0,1.0,2,2,1.0,1.0,0.0,0.0,1.0,0,1.8,0.16,3.25,3.0,0.1875,2.5714285714285716,2.0,1.673469387755102,4.0,0.4,2.0,0,1,1,0
1,1.0,16.0,1.0,5,4,1.0,0.0,0.0,0.0,1.0,1,3.6,0.24,2.0,2.0,0.75,2.2857142857142856,2.0,0.7755102040816328,3.4967049425861205,0.200043429613443,3.0,0,1,1,0
1,0.0,16.0,0.0,3,3,1.0,1.0,0.0,0.0,0.0,0,2.0,0.8,2.625,3.0,0.234375,3.511449290894152,4.0,0.5007865175718735,4.0,0.4,1.0,0,1,1,0
1,0.0,17.0,0.0,2,2,1.0,1.0,0.0,0.0,1.0,0,2.6,0.24,2.25,2.0,0.4375,3.388205771643664,3.7174404015056464,0.4942563831072023,4.6,0.24,2.0,0,1,1,0
2,1.0,16.0,0.0,4,2,1.0,1.0,0.0,0.0,1.0,0,3.8,0.1599999999999999,2.25,2.0,0.4375,2.5714285714285716,3.0,1.959183673469388,4.2,2.560000000000001,2.0,0,1,1,0
1,0.0,16.0,0.0,2,2,1.0,1.0,0.0,0.0,1.0,0,1.8,0.56,2.75,3.0,0.9375,2.7142857142857144,3.0,0.2040816326530612,4.4,0.24,1.0,0,1,0,1
1,0.0,15.0,0.0,0,1,1.0,1.0,0.0,0.0,1.0,0,3.6,0.24,2.125,2.0,0.609375,3.7142857142857144,4.0,0.2040816326530612,3.6,0.64,5.0,1,0,1,0
1,0.0,16.0,0.0,2,0,1.0,1.0,0.0,0.0,1.0,0,2.4,0.24,2.375,2.5,1.484375,2.2857142857142856,2.0,0.7755102040816327,4.0,0.4,1.0,1,0,1,0
1,0.0,15.0,0.0,2,0,1.0,1.0,0.0,0.0,1.0,0,3.2,0.5599999999999999,2.25,2.0,0.4375,4.0,4.0,0.0,4.2,0.5599999999999999,1.0,1,0,1,0
1,0.0,16.0,0.0,0,1,1.0,0.0,0.0,0.0,1.0,0,3.4,0.24,2.125,2.0,1.109375,4.0,4.0,0.0,4.6,0.6399999999999999,1.0,0,1,1,0
1,0.0,16.0,0.0,2,0,1.0,1.0,0.0,0.0,1.0,0,2.2,0.1599999999999999,2.125,2.0,1.109375,2.5714285714285716,3.0,1.3877551020408163,5.0,0.0,2.0,0,1,1,0
1,0.0,16.0,0.0,3,2,1.0,1.0,0.0,0.0,1.0,0,2.6,0.24,2.875,3.0,0.359375,3.2857142857142856,3.0,0.489795918367347,4.0,0.4,1.0,0,1,1,0
1,0.0,15.0,0.0,2,0,1.0,1.0,0.0,0.0,1.0,0,2.6,0.24,2.5,2.5,0.25,2.857142857142857,3.0,1.2653061224489797,5.0,0.0,1.0,0,1,1,0
1,0.0,15.0,0.0,0,1,1.0,1.0,0.0,0.0,1.0,0,3.0,0.0,2.375,2.0,0.734375,3.4285714285714284,4.0,1.1020408163265307,4.4,0.24,1.0,1,0,1,0
1,0.0,16.0,0.0,3,3,1.0,1.0,0.0,0.0,1.0,0,2.2,0.1599999999999999,2.0,2.0,0.75,2.142857142857143,2.0,0.1224489795918367,4.6,0.24,1.0,0,1,1,0
1,0.0,16.0,0.0,2,2,1.0,1.0,0.0,0.0,0.0,0,2.6,0.24,2.75,3.0,0.9375,3.2857142857142856,3.0,0.489795918367347,3.8,0.1599999999999999,2.0,0,1,0,1
1,0.0,16.0,0.0,2,2,1.0,1.0,0.0,0.0,1.0,0,3.4,0.64,2.375,2.5,0.984375,3.857142857142857,4.0,0.1224489795918367,3.0,0.0,5.0,1,0,1,0
1,0.0,16.0,0.0,2,0,1.0,1.0,0.0,0.0,1.0,0,2.2,0.5599999999999999,1.875,1.5,0.859375,3.142857142857143,4.0,0.979591836734694,4.6,0.6399999999999999,1.0,0,1,1,0
1,1.0,17.0,0.0,0,1,0.0,0.0,0.0,0.0,1.0,0,3.8,0.1599999999999999,2.25,2.0,0.9375,3.4285714285714284,4.0,0.5306122448979592,4.2,0.5599999999999999,1.0,1,0,1,0
1,0.0,16.0,0.0,3,2,1.0,0.0,1.0,0.0,1.0,1,3.0,1.2,3.125,3.0,0.359375,2.857142857142857,2.0,0.979591836734694,3.2,1.7600000000000002,3.0,1,0,1,0
1,0.0,15.0,0.0,2,0,1.0,1.0,0.0,0.0,1.0,0,2.8,0.96,2.5,3.0,0.5,3.857142857142857,4.0,0.1224489795918367,3.8,0.5599999999999999,4.0,0,1,0,1
1,0.0,15.0,0.0,2,0,1.0,0.0,0.0,0.0,0.0,0,2.8,0.1599999999999999,2.375,2.0,1.234375,3.142857142857143,3.0,0.6938775510204082,3.8,0.5599999999999999,1.0,1,0,1,0
1,0.0,16.0,0.0,2,0,0.0,1.0,0.0,0.0,0.0,0,2.4,0.64,2.5,2.5,0.75,2.857142857142857,3.0,0.4081632653061224,4.4,0.64,3.0,1,0,1,0
1,0.0,16.0,0.0,3,3,1.0,0.0,0.0,0.0,0.0,0,3.6,0.24,2.25,2.0,0.4375,3.4285714285714284,4.0,0.5306122448979592,3.6,0.24,5.0,1,0,1,0
1,0.0,16.0,0.0,0,1,1.0,1.0,0.0,0.0,1.0,0,2.4,0.24,3.0,3.0,1.0,2.857142857142857,3.0,0.4081632653061225,4.0,0.4,1.0,0,1,1,0
1,1.0,15.0,0.0,2,0,1.0,1.0,0.0,0.0,1.0,0,2.4,1.04,2.625,2.5,1.484375,3.2857142857142856,4.0,0.7755102040816327,4.2,0.5599999999999999,5.0,0,1,0,1
1,0.0,16.0,0.0,3,4,1.0,0.0,0.0,0.0,0.0,0,3.2,0.1599999999999999,2.0,1.5,1.25,3.142857142857143,4.0,1.8367346938775508,4.4,0.6399999999999999,1.0,0,1,1,0
1,0.0,16.0,0.0,3,3,1.0,1.0,0.0,1.0,1.0,0,2.6,0.24,2.25,2.0,0.6875,3.857142857142857,4.0,0.1224489795918367,3.6,0.64,4.0,1,0,0,1
1,0.0,16.0,0.0,0,1,1.0,0.0,0.0,0.0,0.0,0,1.8,0.16,2.625,3.0,0.734375,2.857142857142857,3.0,0.4081632653061224,4.4,0.24,2.0,0,1,0,1
1,1.0,16.0,0.0,2,0,1.0,0.0,0.0,0.0,1.0,0,2.8,0.1599999999999999,2.625,2.5,1.484375,3.2857142857142856,3.0,0.489795918367347,4.4,0.6399999999999999,3.0,1,0,1,0
1,0.0,16.0,0.0,2,0,1.0,1.0,0.0,0.0,1.0,0,2.6,1.04,2.125,2.0,0.609375,2.7142857142857144,3.0,1.346938775510204,4.8,0.1599999999999999,5.0,1,0,1,0
1,0.0,16.0,0.0,0,1,1.0,0.0,0.0,0.0,1.0,0,2.6,0.24,2.5,2.5,1.75,2.142857142857143,2.0,0.979591836734694,5.0,0.0,4.0,1,0,1,0
1,0.0,15.0,0.0,2,0,1.0,1.0,0.0,0.0,0.0,1,2.8,0.1599999999999999,2.5,2.0,1.5,3.142857142857143,3.0,0.4081632653061224,4.6,0.6399999999999999,4.0,1,0,0,1
1,0.0,16.0,0.0,2,0,1.0,1.0,0.0,0.0,1.0,0,3.6,0.24,2.5,2.5,1.75,3.4285714285714284,3.0,0.2448979591836734,4.6,0.24,1.0,0,1,0,1
1,0.0,17.0,0.0,2,0,0.0,1.0,0.0,0.0,0.0,0,3.6,0.24,2.25,2.5,0.6875,3.4285714285714284,4.0,0.816326530612245,5.0,0.0,3.0,0,1,1,0
1,0.0,17.0,0.0,3,2,1.0,1.0,0.0,0.0,1.0,0,2.2,0.1599999999999999,2.125,2.0,0.609375,3.0,3.0,0.2857142857142857,4.8,0.1599999999999999,2.0,1,0,1,0
1,0.0,17.0,0.0,2,2,1.0,1.0,0.0,0.0,1.0,0,2.6,0.64,2.5,2.5,0.75,3.142857142857143,4.0,1.2653061224489797,4.6,0.24,4.0,1,0,1,0
1,0.0,17.0,0.0,4,3,1.0,1.0,0.0,0.0,1.0,0,3.0,0.4,2.625,2.5,0.484375,3.2857142857142856,4.0,0.7755102040816327,4.2,0.5599999999999999,4.0,1,0,1,0
1,0.0,17.0,0.0,0,1,1.0,1.0,0.0,0.0,1.0,0,3.6,0.24,2.25,1.5,1.9375,1.5714285714285714,1.0,0.5306122448979591,4.2,0.5599999999999999,1.0,0,1,1,0
1,0.0,17.0,1.0,3,2,1.0,1.0,0.0,0.0,1.0,0,2.8,0.1599999999999999,2.875,3.0,0.859375,3.7142857142857144,4.0,0.2040816326530612,4.8,0.1599999999999999,2.0,0,1,1,0
1,0.0,17.0,0.0,4,3,1.0,1.0,0.0,0.0,0.0,0,2.8,0.1599999999999999,2.125,2.0,0.359375,2.4285714285714284,2.0,0.5306122448979592,4.2,0.1599999999999999,4.0,1,0,1,0
1,0.0,17.0,0.0,4,3,1.0,1.0,0.0,0.0,1.0,0,2.8,0.1599999999999999,2.125,2.5,0.859375,3.2857142857142856,3.0,0.2040816326530612,3.6,0.24,4.0,1,0,1,0
1,0.0,17.0,0.0,3,2,1.0,1.0,0.0,0.0,1.0,0,3.2,0.1599999999999999,2.25,2.0,0.4375,2.4285714285714284,3.0,1.1020408163265307,3.2,0.5599999999999999,4.0,1,0,0,1
1,0.0,17.0,0.0,3,3,1.0,1.0,0.0,0.0,1.0,0,2.8,0.1599999999999999,2.125,2.0,0.359375,3.0,3.0,0.8571428571428571,4.2,0.1599999999999999,2.0,0,1,1,0
1,0.0,17.0,0.0,3,3,1.0,1.0,0.0,0.0,0.0,0,2.7979924717691342,0.1592131093860445,2.375,2.5,0.984375,3.142857142857143,3.0,0.4081632653061224,3.8,0.1599999999999999,4.0,1,0,1,0
1,0.0,17.0,0.0,2,2,1.0,1.0,0.0,0.0,1.0,0,2.6,0.24,3.0,3.5,1.25,3.142857142857143,4.0,0.979591836734694,4.6,0.24,4.0,1,0,0,1
1,0.0,17.0,0.0,2,2,1.0,0.0,0.0,0.0,0.0,0,3.0,0.4,2.0,2.0,0.25,3.5714285714285716,4.0,0.5306122448979592,4.2,0.5599999999999999,5.0,1,0,1,0
1,0.0,17.0,0.0,4,4,1.0,1.0,0.0,0.0,0.0,0,3.4,0.24,2.125,2.0,0.609375,3.5714285714285716,4.0,0.5306122448979592,4.4,0.24,5.0,1,0,1,0
1,0.0,17.0,0.0,3,2,1.0,1.0,0.0,0.0,0.0,0,3.0,0.4,2.375,2.0,1.984375,2.857142857142857,3.0,0.979591836734694,4.6,0.6399999999999999,4.0,1,0,1,0
1,0.0,17.0,0.0,4,2,1.0,1.0,0.0,0.0,0.0,0,3.6,0.24,2.375,2.5,0.984375,3.857142857142857,4.0,0.1224489795918367,4.2,1.36,4.0,1,0,1,0
1,0.0,17.0,1.0,4,3,1.0,1.0,0.0,0.0,1.0,0,3.4,0.24,2.125,1.5,1.609375,4.0,4.0,0.0,4.2,0.5599999999999999,4.0,1,0,1,0
1,0.0,17.0,0.0,3,3,1.0,1.0,0.0,0.0,1.0,0,2.8,0.1599999999999999,2.625,3.0,0.734375,2.857142857142857,3.0,0.1224489795918367,3.4,0.24,4.0,1,0,1,0
1,1.0,17.0,0.0,3,3,1.0,0.0,0.0,0.0,0.0,0,2.0,0.4,2.625,3.0,0.734375,3.5714285714285716,4.0,0.5306122448979592,4.2,0.96,5.0,0,1,1,0
2,1.0,17.0,0.0,3,3,1.0,1.0,0.0,0.0,1.0,0,3.0,0.4,2.75,2.5,1.1875,3.899258675643735,4.0,0.0608928865983257,4.6,0.24,4.0,0,1,1,0
2,1.0,17.0,0.0,2,2,0.0,0.0,0.0,0.0,1.0,1,3.4,0.24,2.25,2.5,0.6875,3.5714285714285716,4.0,0.5306122448979592,4.8,0.1599999999999999,1.0,0,1,1,0
1,0.0,17.0,0.0,2,0,1.0,0.0,1.0,0.0,1.0,0,3.8,0.1599999999999999,2.25,2.0,0.4375,4.0,4.0,0.0,5.0,0.0,2.0,0,1,1,0
1,0.0,16.0,0.0,4,3,1.0,1.0,0.0,0.0,1.0,0,2.8,0.1599999999999999,2.625,3.0,0.484375,3.2857142857142856,3.0,0.2040816326530612,4.2,0.1599999999999999,2.0,1,0,1,0
1,1.0,17.0,1.0,3,2,1.0,0.0,0.0,0.0,1.0,0,2.6,0.24,2.375,2.0,0.234375,3.5714285714285716,4.0,1.1020408163265307,5.0,0.0,5.0,0,1,0,1
1,0.0,17.0,0.0,3,3,1.0,1.0,0.0,0.0,1.0,0,2.8,0.1599999999999999,3.0,3.0,0.25,3.5714285714285716,4.0,0.5306122448979592,4.6,0.6399999999999999,2.0,0,1,1,0
1,0.0,17.0,0.0,4,4,1.0,1.0,0.0,0.0,1.0,0,2.8,0.1599999999999999,2.5,2.5,0.25,2.857142857142857,4.0,1.8367346938775508,4.2,0.5599999999999999,1.0,0,1,1,0
1,1.0,17.0,0.0,2,2,1.0,1.0,0.0,0.0,0.0,0,2.2,0.1599999999999999,3.125,3.0,0.859375,2.613544389929449,3.0,0.2916396851924186,4.4,0.24,1.0,0,1,1,0
1,0.0,17.0,1.0,3,2,1.0,1.0,0.0,0.0,1.0,0,2.4,0.24,2.875,3.0,0.859375,3.5714285714285716,4.0,0.5306122448979592,4.0,0.4,3.0,1,0,0,1
1,0.0,16.0,0.0,2,0,1.0,1.0,0.0,0.0,1.0,0,2.6,0.24,2.75,3.0,0.9375,3.613544389929449,4.0,0.2074080481906637,5.0,0.0,1.0,0,1,1,0
1,0.0,16.0,0.0,3,2,1.0,1.0,0.0,0.0,1.0,0,2.8,0.5599999999999999,2.125,2.0,1.109375,3.4285714285714284,3.0,0.2448979591836734,4.4,1.44,2.0,0,1,1,0
2,0.0,17.0,0.0,2,0,1.0,1.0,0.0,0.0,0.0,0,2.8,0.5599999999999999,2.125,2.0,0.359375,3.7142857142857144,4.0,0.2040816326530612,4.6,0.6399999999999999,1.0,0,1,1,0
1,0.0,17.0,0.0,0,1,1.0,1.0,0.0,0.0,0.0,0,2.2,0.1599999999999999,2.875,3.0,1.109375,2.4285714285714284,2.0,0.2448979591836734,4.8,0.1599999999999999,5.0,0,1,1,0
1,0.0,17.0,1.0,4,4,1.0,0.0,0.0,0.0,0.0,0,3.2,0.96,2.5,3.0,0.5,4.0,4.0,0.0,4.4,0.6399999999999999,1.0,0,1,1,0
1,1.0,17.0,0.0,2,0,0.0,1.0,0.0,0.0,0.0,1,2.4,0.24,2.125,2.0,0.859375,2.7142857142857144,3.0,1.0612244897959184,5.0,0.0,4.0,0,1,0,1
1,0.0,16.0,0.0,2,0,1.0,1.0,0.0,0.0,1.0,0,2.2,0.5599999999999999,2.75,3.0,1.6875,3.0,3.0,0.8571428571428571,5.0,0.0,1.0,0,1,0,1
1,0.0,16.0,0.0,4,4,1.0,0.0,0.0,0.0,0.0,0,2.6,0.24,2.25,2.0,0.9375,2.4285714285714284,2.0,1.9591836734693877,4.8,0.1599999999999999,5.0,1,0,0,1
2,0.0,16.0,0.0,0,1,1.0,1.0,0.0,0.0,1.0,0,2.6,1.04,2.125,2.0,0.609375,3.142857142857143,3.0,0.979591836734694,4.6,0.24,2.0,0,1,0,1
1,0.0,16.0,1.0,3,3,1.0,1.0,0.0,0.0,0.0,0,3.0,0.8,2.125,2.0,0.859375,3.142857142857143,4.0,0.979591836734694,4.0,0.4,2.0,0,1,0,1
1,0.0,17.0,0.0,3,2,1.0,0.0,0.0,0.0,0.0,0,2.8,0.1599999999999999,2.0,2.0,0.5,2.4285714285714284,2.0,0.8163265306122449,4.2,0.96,1.0,0,1,1,0
1,0.0,16.0,0.0,0,1,1.0,1.0,0.0,0.0,1.0,0,1.8,0.16,2.625,2.5,0.984375,2.7142857142857144,2.0,0.7755102040816327,4.6,0.24,1.0,0,1,0,1
1,0.0,16.0,0.0,2,0,1.0,1.0,0.0,0.0,1.0,0,2.8,0.5599999999999999,2.625,2.5,0.484375,3.4285714285714284,4.0,0.816326530612245,3.6,0.64,3.0,0,1,0,1
1,0.0,16.0,0.0,0,1,1.0,1.0,0.0,0.0,0.0,0,2.2,0.5599999999999999,2.75,3.0,1.4375,2.7142857142857144,4.0,2.204081632653061,3.8,0.96,2.0,0,1,0,1
1,1.0,16.0,0.0,2,2,1.0,1.0,0.0,0.0,1.0,0,3.4,0.24,2.375,2.5,1.484375,3.5714285714285716,4.0,0.5306122448979592,4.6,0.6399999999999999,1.0,0,1,0,1
1,0.0,16.0,0.0,4,2,1.0,1.0,0.0,0.0,1.0,0,2.4,0.24,2.625,3.0,1.234375,2.2857142857142856,1.0,2.2040816326530615,3.0,0.0,4.0,1,0,0,1
1,0.0,16.0,0.0,0,1,1.0,1.0,0.0,0.0,1.0,0,2.8,0.5599999999999999,1.875,2.0,0.859375,3.2857142857142856,4.0,0.7755102040816327,4.8,0.1599999999999999,1.0,0,1,0,1
1,0.0,15.0,0.0,2,0,1.0,0.0,1.0,0.0,1.0,0,2.8,0.96,2.75,3.0,0.9375,3.0,3.0,0.8571428571428571,4.4,0.24,1.0,1,0,0,1
1,0.0,16.0,0.0,0,1,1.0,0.0,0.0,0.0,1.0,0,2.8,0.1599999999999999,2.625,2.0,1.234375,4.0,4.0,0.0,5.0,0.0,1.0,0,1,0,1
1,1.0,16.0,0.0,2,0,1.0,1.0,0.0,0.0,1.0,0,3.0,0.4,2.5,2.0,0.5,3.0,4.0,1.7142857142857142,4.2,0.96,1.0,0,1,1,0
1,0.0,15.0,0.0,2,2,1.0,1.0,0.0,0.0,0.0,0,3.2,0.1599999999999999,2.125,2.0,0.609375,3.0,3.0,0.5714285714285714,4.0,0.4,1.0,0,1,0,1
1,0.0,17.0,0.0,4,2,1.0,1.0,0.0,0.0,1.0,0,2.4,0.24,2.0,2.0,0.25,3.0,3.0,0.5714285714285714,3.2,0.5599999999999999,2.0,0,1,1,0
1,0.0,16.0,0.0,2,2,1.0,1.0,0.0,0.0,0.0,0,1.8,0.56,2.375,2.5,0.484375,3.2857142857142856,3.0,0.489795918367347,4.6,0.6399999999999999,1.0,0,1,0,1
1,0.0,15.0,0.0,3,0,1.0,1.0,0.0,0.0,1.0,0,1.8,1.36,2.75,3.0,1.1875,3.7142857142857144,4.0,0.489795918367347,2.8,0.96,5.0,0,1,0,1
1,0.0,16.0,0.0,2,0,1.0,1.0,0.0,0.0,1.0,0,1.8,0.16,2.25,2.0,1.4375,2.5714285714285716,2.0,1.673469387755102,3.4,0.24,2.0,0,1,1,0
1,0.0,16.0,0.0,2,0,1.0,1.0,0.0,0.0,1.0,0,2.4,0.64,2.375,2.0,0.734375,3.2857142857142856,3.0,0.489795918367347,5.0,0.0,1.0,1,0,0,1
1,0.0,17.0,1.0,0,1,0.0,0.0,0.0,0.0,1.0,0,3.0,0.8,2.75,3.0,0.4375,1.8571428571428572,1.0,0.979591836734694,3.4,1.04,1.0,1,0,1,0
1,0.0,16.0,0.0,2,2,1.0,1.0,0.0,0.0,1.0,0,3.0,0.4,2.625,2.5,0.484375,2.857142857142857,4.0,1.8367346938775508,4.2135635635635635,0.1553104556007458,3.0,1,0,0,1
1,0.0,16.0,1.0,2,2,1.0,1.0,0.0,0.0,0.0,0,2.4,0.24,2.25,2.5,0.6875,3.142857142857143,3.0,0.1224489795918367,4.0,0.4,2.0,0,1,0,1
1,0.0,16.0,0.0,0,1,1.0,1.0,0.0,0.0,0.0,0,4.0,0.0,2.375,2.5,1.484375,4.0,4.0,0.0,4.4,0.6399999999999999,1.0,0,1,1,0
1,0.0,16.0,0.0,2,0,1.0,1.0,0.0,0.0,0.0,0,3.0,1.2,2.625,2.5,0.984375,4.0,4.0,0.0,4.2,0.1599999999999999,4.0,1,0,1,0
1,0.0,16.0,0.0,2,2,1.0,1.0,0.0,0.0,1.0,0,2.8,0.5599999999999999,2.25,2.0,1.4375,2.7142857142857144,2.0,0.7755102040816327,5.0,0.0,1.0,0,1,0,1
1,1.0,16.0,0.0,4,2,1.0,1.0,0.0,0.0,1.0,0,3.4,0.24,2.125,2.0,0.609375,2.857142857142857,3.0,0.979591836734694,4.0,0.4,4.0,1,0,1,0
1,1.0,16.0,0.0,2,0,1.0,1.0,0.0,0.0,0.0,0,3.0,0.0,2.375,2.0,0.734375,1.8571428571428572,1.0,1.2653061224489797,4.8,0.1599999999999999,2.0,1,0,1,0
1,0.0,16.0,0.0,3,2,1.0,1.0,0.0,0.0,0.0,0,2.8,0.96,2.875,3.0,1.109375,3.5714285714285716,4.0,0.5306122448979592,3.4,0.64,2.0,0,1,1,0
1,0.0,17.0,0.0,4,4,1.0,0.0,0.0,0.0,1.0,0,2.6,1.04,2.375,3.0,0.734375,4.0,4.0,0.0,3.2,0.5599999999999999,1.0,0,1,1,0
1,0.0,16.0,0.0,0,1,1.0,1.0,0.0,0.0,0.0,0,2.4,0.64,2.375,2.5,0.484375,3.7142857142857144,4.0,0.2040816326530612,4.6,0.6399999999999999,3.0,0,1,0,1
1,0.0,16.0,1.0,3,3,1.0,1.0,0.0,0.0,1.0,0,4.0,0.0,2.25,2.5,0.6875,2.5714285714285716,3.0,0.2448979591836734,4.4,0.64,3.0,1,0,1,0
1,0.0,16.0,0.0,3,3,1.0,1.0,0.0,0.0,1.0,0,3.4,0.64,3.0,3.0,0.5,2.857142857142857,3.0,1.2653061224489797,4.8,0.1599999999999999,5.0,1,0,1,0
1,0.0,16.0,1.0,3,2,1.0,1.0,0.0,0.0,1.0,0,3.0,0.0,2.25,2.0,0.1875,3.4285714285714284,4.0,0.5306122448979592,4.8,0.1599999999999999,3.0,1,0,1,0
1,0.0,15.0,0.0,2,0,1.0,1.0,0.0,0.0,0.0,1,4.0,0.0,2.125,2.5,0.859375,4.0,4.0,0.0,4.0,0.4,1.0,0,1,1,0
1,0.0,15.0,0.0,3,2,1.0,1.0,0.0,0.0,1.0,0,4.0,0.0,2.125,2.5,0.859375,4.0,4.0,0.0,4.0,0.4,1.0,0,1,1,0
1,0.0,15.0,0.0,2,2,1.0,0.0,0.0,0.0,1.0,0,3.2,0.5599999999999999,2.375,2.5,0.984375,3.7142857142857144,4.0,0.2040816326530612,5.0,0.0,2.0,1,0,1,0
1,0.0,17.0,0.0,2,0,1.0,0.0,0.0,0.0,0.0,0,3.0,0.4,2.125,2.0,0.609375,3.2857142857142856,3.0,0.489795918367347,3.8,0.5599999999999999,2.0,0,1,1,0
1,0.0,15.0,0.0,3,2,1.0,1.0,0.0,0.0,0.0,1,3.0,1.6,2.5,3.0,0.5,3.142857142857143,3.0,0.6938775510204082,3.2,0.5599999999999999,1.0,0,1,1,0
1,0.0,15.0,0.0,0,1,1.0,0.0,0.0,0.0,0.0,0,3.0,0.0,2.5,2.5,0.25,2.0,2.0,0.5714285714285714,3.0,0.0,1.0,1,0,1,0
2,1.0,17.0,0.0,2,0,1.0,0.0,0.0,0.0,0.0,0,2.8,2.16,2.5,2.5,0.75,4.0,4.0,0.0,3.6,0.24,4.0,1,0,1,0
1,1.0,16.0,0.0,4,4,1.0,1.0,0.0,0.0,0.0,1,3.0,0.4,2.875,3.0,1.109375,3.4285714285714284,4.0,0.5306122448979592,4.8,0.1599999999999999,5.0,1,0,1,0
1,0.0,15.0,0.0,2,0,1.0,1.0,0.0,0.0,0.0,0,3.4,0.24,2.25,2.0,0.9375,3.7142857142857144,4.0,0.489795918367347,4.4,0.64,1.0,0,1,1,0
1,0.0,16.0,0.0,4,3,1.0,1.0,0.0,0.0,1.0,0,2.8,0.5599999999999999,2.375,2.0,0.734375,2.2857142857142856,3.0,1.346938775510204,4.0,0.8,1.0,0,1,1,0
1,0.0,16.0,0.0,4,3,1.0,0.0,0.0,0.0,1.0,0,2.2,0.5599999999999999,2.375,2.0,0.234375,3.2857142857142856,4.0,0.7755102040816327,3.2,1.36,2.0,1,0,1,0
1,0.0,17.0,0.0,3,0,1.0,1.0,0.0,0.0,0.0,0,3.2,1.36,2.375,2.5,0.484375,3.857142857142857,4.0,0.1224489795918367,5.0,0.0,4.0,1,0,1,0
1,0.0,15.0,1.0,3,0,1.0,1.0,0.0,0.0,1.0,0,2.2,0.5599999999999999,2.25,2.0,0.4375,2.7142857142857144,3.0,0.7755102040816327,3.4,0.24,4.0,1,0,0,1
1,0.0,16.0,0.0,2,0,1.0,1.0,0.0,0.0,0.0,0,2.0,0.4,2.375,2.0,0.734375,3.4285714285714284,4.0,0.5306122448979592,4.0,0.4,1.0,0,1,0,1
1,0.0,15.0,1.0,3,2,1.0,0.0,0.0,0.0,1.0,0,2.8,0.5599999999999999,2.375,2.5,0.984375,4.0,4.0,0.0,4.6,0.6399999999999999,1.0,0,1,1,0
1,0.0,16.0,0.0,2,2,1.0,1.0,0.0,0.0,0.0,0,2.2,0.5599999999999999,2.25,2.0,1.6875,3.142857142857143,3.0,0.6938775510204082,4.6,0.24,1.0,0,1,1,0
1,0.0,16.0,0.0,2,2,1.0,1.0,0.0,0.0,1.0,0,2.6,0.24,2.5,2.5,0.75,3.4285714285714284,4.0,0.5306122448979592,4.2,0.1599999999999999,1.0,0,1,0,1
1,0.0,17.0,0.0,0,1,1.0,1.0,0.0,0.0,0.0,0,2.2,0.5599999999999999,2.875,3.0,1.109375,3.7142857142857144,4.0,0.489795918367347,4.2,0.5599999999999999,1.0,1,0,1,0
1,0.0,17.0,1.0,2,2,1.0,0.0,0.0,0.0,1.0,0,2.4,0.24,2.875,3.0,1.109375,2.0,1.0,1.4285714285714286,4.8,0.1599999999999999,2.0,0,1,0,1
2,1.0,17.0,1.0,0,1,1.0,0.0,0.0,0.0,1.0,0,2.8,0.1599999999999999,2.125,2.0,1.359375,2.857142857142857,3.0,0.979591836734694,4.6,0.24,2.0,0,1,0,1
1,0.0,17.0,0.0,2,0,1.0,1.0,0.0,0.0,1.0,0,3.4,0.24,2.25,2.0,0.9375,2.7142857142857144,3.0,1.0612244897959184,4.4,0.64,1.0,0,1,0,1
1,0.0,17.0,0.0,2,0,1.0,1.0,0.0,0.0,0.0,0,3.0,0.4,2.5,2.5,1.75,2.857142857142857,3.0,0.1224489795918367,4.6,0.6399999999999999,2.0,0,1,0,1
1,0.0,17.0,0.0,2,2,1.0,1.0,0.0,0.0,1.0,0,2.0,0.0,2.0,2.0,0.5,3.0,3.0,1.1428571428571428,5.0,0.0,1.0,0,1,0,1
1,0.0,17.0,0.0,2,0,1.0,1.0,0.0,0.0,1.0,0,3.2,0.1599999999999999,2.25,2.0,0.6875,3.0,3.0,0.5714285714285714,4.0,0.0,3.0,0,1,0,1
1,0.0,17.0,0.0,3,2,1.0,1.0,0.0,0.0,0.0,0,2.8,0.1599999999999999,1.875,2.0,0.359375,3.142857142857143,3.0,0.979591836734694,4.6,0.24,2.0,0,1,1,0
1,0.0,17.0,0.0,0,1,1.0,0.0,0.0,0.0,0.0,0,2.4,0.24,2.5,2.5,0.75,3.0,4.0,1.4285714285714286,4.6,0.24,5.0,1,0,1,0
1,0.0,17.0,0.0,3,2,1.0,1.0,0.0,0.0,1.0,0,3.0,0.4,2.375,2.0,0.734375,3.4285714285714284,4.0,0.5306122448979592,5.0,0.0,2.0,0,1,0,1
1,0.0,17.0,0.0,3,2,1.0,1.0,0.0,0.0,0.0,0,2.8,0.5599999999999999,2.5,3.0,0.5,4.0,4.0,0.0,4.6,0.24,4.0,0,1,1,0
1,0.0,17.0,0.0,0,1,1.0,1.0,0.0,0.0,1.0,0,2.4,0.64,2.25,2.0,0.9375,3.2857142857142856,4.0,1.3469387755102038,3.8,0.5599999999999999,2.0,1,0,1,0
1,0.0,17.0,0.0,2,2,1.0,0.0,0.0,0.0,1.0,0,2.2,0.5599999999999999,3.0,3.0,0.5,2.857142857142857,3.0,1.2653061224489797,1.8,0.56,2.0,0,1,0,1
1,0.0,17.0,0.0,2,2,1.0,1.0,0.0,0.0,0.0,0,3.6,0.24,3.0,3.0,0.25,3.4285714285714284,4.0,0.5306122448979592,4.8,0.1599999999999999,3.0,1,0,1,0
1,1.0,17.0,0.0,2,4,1.0,1.0,0.0,0.0,0.0,0,3.6,0.24,2.5,2.5,0.25,3.142857142857143,3.0,0.1224489795918367,2.6,0.64,2.0,0,1,1,0
1,0.0,17.0,0.0,2,2,1.0,1.0,0.0,0.0,1.0,0,2.6,0.24,2.875,3.0,0.859375,3.4285714285714284,3.0,0.2448979591836734,2.8,2.16,1.0,0,1,0,1
1,0.0,17.0,0.0,2,0,1.0,1.0,0.0,0.0,1.0,0,2.1520482533299825,0.092474685362794,2.25,2.0,0.4375,4.0,4.0,0.0,4.0,0.8,5.0,0,1,0,1
1,1.0,16.0,0.0,2,0,1.0,1.0,0.0,0.0,0.0,0,2.6,0.64,2.375,2.5,1.484375,2.857142857142857,4.0,1.8367346938775508,5.0,0.0,3.0,0,1,0,1
1,0.0,16.0,1.0,2,2,1.0,1.0,0.0,0.0,0.0,0,2.8,0.5599999999999999,2.375,2.5,0.984375,2.4285714285714284,2.0,0.2448979591836734,3.8,0.1599999999999999,5.0,0,1,0,1
1,0.0,16.0,0.0,2,0,1.0,1.0,0.0,0.0,1.0,0,3.2,0.1599999999999999,2.375,2.5,0.984375,3.4285714285714284,3.0,0.2448979591836734,5.0,0.0,1.0,0,1,1,0
2,1.0,16.0,0.0,2,0,1.0,1.0,0.0,0.0,0.0,0,2.8,0.96,2.375,2.5,0.984375,3.857142857142857,4.0,0.1224489795918367,4.6,0.6399999999999999,4.0,1,0,1,0
1,0.0,16.0,0.0,2,0,1.0,1.0,0.0,0.0,1.0,0,3.0,0.8,2.875,2.5,0.859375,3.5714285714285716,4.0,0.5306122448979592,4.8,0.1599999999999999,1.0,0,1,1,0
1,0.0,16.0,0.0,3,3,1.0,1.0,0.0,0.0,0.0,0,3.4,0.24,2.0,1.5,1.25,3.2857142857142856,4.0,1.346938775510204,3.4,2.24,3.0,1,0,1,0
1,0.0,16.0,0.0,0,1,1.0,1.0,0.0,1.0,0.0,0,3.4,0.24,2.75,3.0,1.6875,3.857142857142857,4.0,0.1224489795918367,3.8,0.5599999999999999,2.0,1,0,1,0
1,0.0,16.0,0.0,3,2,1.0,1.0,0.0,0.0,1.0,0,3.0,0.0,2.375,2.0,0.234375,3.0,3.0,0.5714285714285714,4.6,0.24,5.0,1,0,1,0
1,0.0,16.0,0.0,3,2,1.0,1.0,0.0,0.0,1.0,0,2.4,0.24,2.5,2.5,0.75,3.4285714285714284,4.0,0.816326530612245,4.0,0.4,4.0,1,0,1,0
1,0.0,16.0,0.0,2,2,1.0,1.0,0.0,0.0,0.0,0,2.6,0.24,2.5,3.0,0.5,3.142857142857143,3.0,0.6938775510204082,4.0,0.0,1.0,0,1,1,0
1,0.0,16.0,0.0,2,0,1.0,1.0,0.0,0.0,1.0,0,2.6,0.24,2.25,2.5,0.6875,3.857142857142857,4.0,0.1224489795918367,4.2,0.96,1.0,0,1,1,0
1,0.0,15.0,0.0,2,2,1.0,1.0,0.0,0.0,1.0,0,3.2,0.96,3.0,3.5,1.25,3.7142857142857144,4.0,0.489795918367347,5.0,0.0,1.0,0,1,1,0
2,1.0,16.0,0.0,2,2,1.0,1.0,0.0,0.0,1.0,0,3.4,0.24,2.125,2.0,0.609375,2.2857142857142856,2.0,1.6326530612244898,4.2,0.1599999999999999,2.0,0,1,1,0
1,0.0,16.0,0.0,3,3,1.0,1.0,0.0,0.0,1.0,0,3.4,0.64,2.5,3.0,1.0,3.5714285714285716,4.0,0.5306122448979592,4.8,0.1599999999999999,1.0,0,1,1,0
1,0.0,16.0,0.0,3,2,1.0,1.0,0.0,0.0,1.0,0,3.2,0.1599999999999999,2.125,2.0,0.609375,4.0,4.0,0.0,5.0,0.0,5.0,1,0,1,0
1,0.0,16.0,0.0,2,2,1.0,1.0,0.0,0.0,0.0,0,1.4,0.64,2.625,3.0,1.234375,2.0,2.0,0.8571428571428571,3.8,0.5599999999999999,2.0,1,0,1,0
1,0.0,16.0,0.0,2,0,1.0,1.0,0.0,0.0,1.0,1,3.6,0.24,3.0,3.0,1.0,2.7142857142857144,3.0,1.6326530612244896,4.0,0.8,4.0,1,0,1,0
2,1.0,16.0,1.0,2,2,0.0,0.0,0.0,0.0,1.0,0,2.0,1.2,3.0,4.0,1.75,2.857142857142857,3.0,0.4081632653061224,4.4572001001753065,0.2073273257000151,2.0,0,1,0,1
1,0.0,16.0,0.0,2,0,1.0,1.0,0.0,0.0,1.0,0,2.4,0.24,2.375,2.0,0.734375,2.857142857142857,3.0,0.6938775510204082,4.6,0.24,1.0,0,1,1,0
1,0.0,16.0,0.0,3,2,1.0,1.0,0.0,0.0,0.0,0,2.8,0.1599999999999999,2.75,3.0,1.1875,2.857142857142857,3.0,0.6938775510204082,4.6,0.6399999999999999,4.0,1,0,1,0
1,0.0,16.0,1.0,2,0,1.0,1.0,0.0,0.0,0.0,0,3.0,0.4,2.875,2.5,0.859375,3.142857142857143,3.0,0.4081632653061224,4.4,1.44,1.0,0,1,1,0
1,0.0,16.0,0.0,0,1,1.0,0.0,0.0,0.0,0.0,1,3.4,0.24,2.625,3.0,0.734375,3.7142857142857144,4.0,0.2040816326530612,5.0,0.0,4.0,1,0,1,0
2,1.0,17.0,0.0,0,1,1.0,0.0,0.0,0.0,0.0,1,3.4,0.64,1.875,2.0,0.609375,2.7142857142857144,3.0,1.6326530612244896,2.4,0.64,3.0,1,0,1,0
1,0.0,16.0,0.0,3,2,1.0,1.0,0.0,0.0,1.0,0,3.8,0.1599999999999999,2.0,2.0,0.5,3.5714285714285716,4.0,0.5306122448979592,4.2,0.96,2.0,0,1,1,0
1,0.0,16.0,0.0,3,3,1.0,1.0,0.0,0.0,1.0,0,2.6,0.24,2.875,3.0,0.859375,3.142857142857143,3.0,0.6938775510204082,5.0,0.0,1.0,0,1,0,1
1,0.0,16.0,1.0,2,0,1.0,1.0,0.0,0.0,1.0,0,2.8,0.1599999999999999,2.5,3.0,1.0,4.0,4.0,0.0,4.8,0.1599999999999999,1.0,0,1,1,0
1,0.0,16.0,0.0,2,0,1.0,1.0,0.0,0.0,1.0,0,3.0,0.8,2.3501628664495113,2.0,0.7573210325839,3.857142857142857,4.0,0.1224489795918367,2.0,0.0,4.0,1,0,1,0
1,0.0,15.0,0.0,2,2,1.0,1.0,0.0,0.0,1.0,0,3.8,0.1599999999999999,2.375,2.0,0.234375,3.857142857142857,4.0,0.1224489795918367,3.8,0.1599999999999999,4.0,1,0,1,0
1,0.0,16.0,0.0,2,2,1.0,1.0,0.0,0.0,0.0,0,2.6,0.24,1.875,2.0,0.609375,3.7142857142857144,4.0,0.489795918367347,4.4,0.24,5.0,1,0,1,0
1,0.0,15.0,0.0,2,2,1.0,1.0,0.0,0.0,1.0,0,2.8,1.36,2.5,2.5,1.75,3.0,4.0,1.4285714285714286,4.2,1.36,2.0,0,1,1,0
1,1.0,16.0,0.0,2,0,1.0,1.0,0.0,1.0,1.0,0,1.6,0.24,2.625,2.5,0.984375,3.857142857142857,4.0,0.1224489795918367,4.6,0.24,2.0,0,1,1,0
1,0.0,15.0,0.0,2,2,1.0,1.0,0.0,0.0,0.0,0,2.2,0.5599999999999999,1.875,2.0,0.359375,3.5714285714285716,4.0,0.2448979591836734,4.2,0.96,4.0,1,0,1,0
1,0.0,16.0,0.0,2,2,1.0,1.0,0.0,0.0,0.0,0,2.8,0.5599999999999999,2.75,3.0,0.6875,2.857142857142857,4.0,1.8367346938775508,4.0,0.8,2.0,0,1,1,0
1,0.0,16.0,0.0,2,2,1.0,1.0,0.0,0.0,1.0,0,3.0,0.0,2.625,3.0,0.984375,3.142857142857143,4.0,1.2653061224489794,5.0,0.0,5.0,1,0,1,0
1,0.0,15.0,1.0,0,1,1.0,1.0,0.0,0.0,1.0,0,2.2,0.5599999999999999,2.5,2.5,1.25,2.5714285714285716,3.0,1.3877551020408163,4.2,0.96,1.0,0,1,1,0
1,0.0,16.0,1.0,2,2,1.0,1.0,0.0,0.0,1.0,0,2.4,0.24,2.375,2.0,0.234375,3.4285714285714284,4.0,0.5306122448979592,3.4,1.4400000000000002,4.0,1,0,1,0
1,0.0,16.0,0.0,0,1,1.0,0.0,0.0,0.0,0.0,0,3.6,0.24,2.5,3.0,1.0,2.4285714285714284,3.0,1.1020408163265307,4.4,0.24,5.0,1,0,1,0
1,0.0,15.0,0.0,3,2,1.0,1.0,0.0,0.0,1.0,0,3.0,0.4,2.0,1.5,1.25,3.2857142857142856,3.0,0.2040816326530612,3.6,0.24,1.0,0,1,1,0
1,0.0,16.0,0.0,3,2,1.0,1.0,0.0,0.0,1.0,0,3.0,0.4,2.75,3.0,0.4375,3.4285714285714284,4.0,0.5306122448979592,4.0,0.4,5.0,1,0,1,0
1,0.0,16.0,0.0,3,2,1.0,1.0,0.0,0.0,0.0,0,3.6,0.24,2.375,2.0,1.234375,1.5714285714285714,2.0,0.2448979591836734,1.6,0.64,2.0,1,0,1,0
1,0.0,16.0,0.0,3,2,1.0,1.0,0.0,0.0,0.0,0,3.2,0.1599999999999999,2.0,2.0,0.75,3.4285714285714284,3.0,0.2448979591836734,4.8,0.1599999999999999,5.0,1,0,1,0
2,0.0,17.0,0.0,0,1,1.0,0.0,0.0,0.0,1.0,0,2.0,0.4,2.875,3.0,0.859375,3.5714285714285716,4.0,0.5306122448979592,4.0,0.4,4.0,1,0,1,0
1,0.0,15.0,0.0,2,2,1.0,1.0,0.0,0.0,1.0,0,3.6,0.24,1.875,2.0,0.359375,3.7142857142857144,4.0,0.489795918367347,4.2,0.5599999999999999,5.0,1,0,1,0
1,0.0,16.0,0.0,2,0,1.0,1.0,1.0,1.0,1.0,0,3.0,0.4,2.125,2.0,0.359375,3.5714285714285716,4.0,0.5306122448979592,4.8,0.1599999999999999,1.0,0,1,1,0
1,0.0,16.0,0.0,2,2,1.0,1.0,0.0,1.0,1.0,0,2.8,0.5599999999999999,2.5,2.5,0.25,3.7142857142857144,4.0,0.489795918367347,4.8,0.1599999999999999,1.0,0,1,1,0
1,0.0,15.0,0.0,2,0,1.0,1.0,0.0,0.0,1.0,0,2.4,0.64,2.75,3.0,1.1875,3.2857142857142856,4.0,1.0612244897959184,4.0,1.2,1.0,0,1,1,0
1,0.0,16.0,1.0,3,2,1.0,1.0,0.0,0.0,0.0,0,3.8,0.1599999999999999,2.5,2.5,0.75,3.2857142857142856,4.0,0.7755102040816327,3.8,1.36,4.0,1,0,1,0
1,0.0,16.0,0.0,2,0,1.0,0.0,1.0,0.0,0.0,0,2.2,0.1599999999999999,3.0,3.0,1.0,2.5714285714285716,3.0,0.816326530612245,4.4,1.44,1.0,0,1,1,0
1,0.0,16.0,1.0,3,3,1.0,1.0,0.0,0.0,0.0,0,3.2,0.5599999999999999,2.375,2.0,0.234375,2.7142857142857144,3.0,1.6326530612244896,3.4,0.24,5.0,1,0,1,0
1,1.0,16.0,0.0,3,2,1.0,0.0,1.0,0.0,0.0,0,2.6,0.64,2.75,2.5,0.6875,3.2857142857142856,4.0,1.3469387755102038,4.8,0.1599999999999999,5.0,1,0,0,1
1,0.0,14.0,0.0,0,1,1.0,1.0,0.0,0.0,1.0,0,3.4,0.24,2.375,2.0,0.234375,2.857142857142857,4.0,1.836734693877551,4.0,1.2,1.0,0,1,1,0
1,0.0,14.0,0.0,2,2,1.0,1.0,0.0,0.0,1.0,1,3.0,0.8,2.625,3.0,0.234375,3.142857142857143,4.0,0.979591836734694,4.4,1.44,4.0,0,1,1,0
1,0.0,14.0,0.0,2,2,1.0,1.0,0.0,0.0,1.0,0,2.4,1.4400000000000002,2.625,2.5,0.984375,3.857142857142857,4.0,0.1224489795918367,4.2,1.36,5.0,1,0,1,0
1,0.0,15.0,0.0,2,0,1.0,1.0,0.0,0.0,1.0,1,2.2,0.1599999999999999,2.5,2.5,0.25,2.2857142857142856,3.0,0.7755102040816327,4.0,0.0,2.0,1,0,1,0
1,0.0,15.0,0.0,0,1,1.0,1.0,0.0,0.0,0.0,0,2.8,0.1599999999999999,2.25,2.0,0.6875,3.2857142857142856,4.0,1.3469387755102038,4.4,0.6399999999999999,1.0,1,0,1,0
1,0.0,14.0,0.0,0,1,1.0,1.0,0.0,0.0,0.0,0,3.8,0.1599999999999999,2.25,1.5,1.9375,4.0,4.0,0.0,5.0,0.0,1.0,0,1,1,0
1,0.0,15.0,0.0,0,1,1.0,1.0,0.0,0.0,1.0,0,3.4,0.24,2.5,2.0,0.5,3.5714285714285716,4.0,0.2448979591836734,4.6,0.24,5.0,1,0,1,0
1,0.0,14.0,0.0,2,2,1.0,1.0,0.0,0.0,1.0,0,2.4,0.24,2.625,3.0,0.234375,2.4285714285714284,3.0,1.1020408163265307,2.2,0.1599999999999999,1.0,0,1,0,1
1,0.0,14.0,0.0,0,1,1.0,0.0,1.0,0.0,1.0,0,3.2,0.1599999999999999,2.375,2.5,0.984375,3.0,3.0,0.5714285714285714,3.8,1.36,1.0,1,0,1,0
1,0.0,14.0,0.0,0,0,1.0,1.0,0.0,0.0,0.0,0,3.0,0.4,2.0,2.0,0.5,3.4285714285714284,4.0,0.5306122448979592,4.4,0.64,1.0,1,0,1,0
1,0.0,15.0,0.0,2,0,1.0,1.0,0.0,0.0,1.0,0,3.0,0.4,2.5,2.5,0.75,3.7142857142857144,4.0,0.2040816326530612,4.8,0.1599999999999999,2.0,1,0,1,0
1,0.0,15.0,1.0,3,3,1.0,1.0,0.0,0.0,1.0,0,3.4,0.24,1.625,1.5,0.484375,3.857142857142857,4.0,0.1224489795918367,3.0,1.6,2.0,0,1,1,0
1,0.0,15.0,0.0,0,1,1.0,1.0,0.0,0.0,1.0,0,3.0,0.4,2.625,2.5,0.984375,3.857142857142857,4.0,0.1224489795918367,4.2,0.1599999999999999,1.0,1,0,1,0
1,1.0,14.0,1.0,3,3,1.0,1.0,0.0,0.0,1.0,0,3.0,0.4,2.25,2.0,0.9375,3.5714285714285716,4.0,1.1020408163265307,4.2,0.96,2.0,0,1,1,0
1,0.0,14.0,0.0,0,1,1.0,1.0,0.0,0.0,0.0,0,3.0,0.4,2.0,1.5,1.25,2.2857142857142856,2.0,0.489795918367347,2.4,0.24,4.0,0,1,1,0
1,0.0,16.0,0.0,2,2,1.0,1.0,0.0,0.0,1.0,0,3.6,0.64,2.25,2.0,0.6875,3.142857142857143,3.0,0.6938775510204082,4.8,0.1599999999999999,5.0,1,0,0,1
2,1.0,16.0,1.0,2,2,1.0,1.0,1.0,0.0,1.0,1,2.8,0.5599999999999999,2.5,2.0,1.5,3.4285714285714284,4.0,0.5306122448979592,3.2,0.96,2.0,0,1,1,0
1,0.0,14.0,1.0,3,3,1.0,1.0,0.0,0.0,1.0,0,2.4748961490855046,0.5578488178811793,2.5,2.5,0.25,2.4285714285714284,2.0,0.2448979591836734,2.8,0.5599999999999999,4.0,1,0,1,0
1,0.0,14.0,0.0,2,0,1.0,1.0,0.0,0.0,1.0,0,3.0,0.4,3.0,3.0,0.75,4.0,4.0,0.0,4.4,0.6399999999999999,1.0,1,0,1,0
1,0.0,14.0,0.0,2,2,1.0,1.0,0.0,0.0,1.0,0,2.4,0.64,1.625,1.0,0.984375,3.0,3.0,1.1428571428571428,5.0,0.0,5.0,1,0,1,0
1,0.0,14.0,0.0,0,1,1.0,1.0,0.0,0.0,1.0,0,3.4,0.24,2.375,2.5,1.484375,3.857142857142857,4.0,0.1224489795918367,4.6,0.6399999999999999,1.0,0,1,1,0
1,0.0,15.0,1.0,3,0,1.0,1.0,0.0,0.0,1.0,0,3.0,0.4,2.375,2.5,0.484375,3.7142857142857144,4.0,0.489795918367347,4.0,0.0,5.0,1,0,1,0
1,0.0,14.0,0.0,2,0,1.0,1.0,0.0,0.0,1.0,1,2.2,0.5599999999999999,2.625,3.0,1.234375,3.142857142857143,4.0,1.2653061224489797,4.4,0.24,1.0,0,1,1,0
1,0.0,14.0,0.0,0,1,1.0,1.0,0.0,0.0,1.0,0,2.8,0.5599999999999999,2.125,2.0,0.609375,4.0,4.0,0.0,4.8,0.1599999999999999,1.0,0,1,1,0
1,0.0,14.0,0.0,0,1,1.0,1.0,0.0,0.0,1.0,0,3.0,1.2,2.125,2.0,0.609375,2.142857142857143,2.0,0.979591836734694,4.4,1.44,1.0,0,1,1,0
1,0.0,15.0,0.0,0,1,1.0,1.0,1.0,1.0,1.0,0,1.8,0.56,2.125,2.0,0.609375,3.2857142857142856,3.0,0.489795918367347,4.0,0.0,1.0,0,1,1,0
1,0.0,14.0,0.0,0,1,1.0,1.0,0.0,0.0,1.0,0,2.8,1.36,2.125,2.0,0.609375,3.0,3.0,0.8571428571428571,4.2,0.96,1.0,0,1,1,0
1,0.0,14.0,0.0,0,1,0.0,1.0,0.0,0.0,0.0,0,2.8,0.5599999999999999,2.625,3.0,0.734375,3.7142857142857144,4.0,0.2040816326530612,4.6,0.24,2.0,0,1,1,0
1,0.0,14.0,0.0,0,1,1.0,0.0,0.0,0.0,1.0,0,3.0,0.4,2.625,2.5,0.984375,3.7142857142857144,4.0,0.2040816326530612,4.2,0.96,1.0,1,0,1,0
2,1.0,14.0,0.0,0,1,1.0,1.0,0.0,0.0,1.0,0,3.0,0.8,3.0,3.0,1.0,2.142857142857143,1.0,1.8367346938775508,1.2,0.16,4.0,1,0,1,0
1,0.0,14.0,0.0,2,2,1.0,1.0,0.0,0.0,1.0,0,3.4,0.24,2.25,2.0,0.4375,2.7142857142857144,3.0,1.0612244897959184,2.4,0.64,1.0,0,1,1,0
1,0.0,14.0,0.0,0,1,1.0,1.0,0.0,0.0,0.0,0,3.0,0.4,2.625,2.5,1.484375,2.7142857142857144,3.0,0.2040816326530612,4.6,0.24,1.0,0,1,1,0
1,1.0,15.0,0.0,0,1,1.0,1.0,0.0,0.0,0.0,0,3.8,0.1599999999999999,2.25,2.0,0.4375,3.5714285714285716,4.0,1.1020408163265307,1.8,2.5600000000000005,1.0,1,0,1,0
1,0.0,14.0,0.0,0,1,1.0,1.0,0.0,0.0,1.0,0,4.0,0.0,2.0,2.0,0.75,4.0,4.0,0.0,3.4,0.64,1.0,1,0,1,0
1,0.0,14.0,0.0,0,1,1.0,1.0,0.0,0.0,0.0,0,2.6,0.24,2.625,3.0,0.234375,4.0,4.0,0.0,1.0,0.0,2.0,0,1,0,1
1,0.0,15.0,0.0,0,1,1.0,1.0,0.0,0.0,1.0,0,3.4,0.24,2.5,2.5,1.75,3.2857142857142856,3.0,0.489795918367347,4.2,0.1599999999999999,2.0,1,0,1,0
1,0.0,14.0,0.0,0,1,1.0,1.0,0.0,0.0,1.0,1,2.8,0.5599999999999999,2.625,2.5,0.984375,3.2857142857142856,3.0,0.489795918367347,3.6,3.04,1.0,0,1,1,0
1,0.0,15.0,0.0,0,1,1.0,1.0,0.0,0.0,1.0,0,2.8,0.1599999999999999,2.625,3.0,1.234375,2.857142857142857,4.0,1.836734693877551,4.0,0.4,1.0,0,1,1,0
1,0.0,14.0,0.0,2,0,1.0,1.0,0.0,0.0,1.0,0,3.4,0.64,2.375,2.0,1.734375,3.7142857142857144,4.0,0.2040816326530612,4.6,0.24,1.0,0,1,1,0
1,0.0,15.0,0.0,0,1,1.0,1.0,0.0,0.0,0.0,0,3.2,0.1599999999999999,2.375,2.0,1.734375,4.0,4.0,0.0,5.0,0.0,1.0,1,0,1,0
1,0.0,14.0,0.0,2,2,0.0,1.0,0.0,0.0,1.0,0,2.6,0.24,2.5,2.5,0.25,3.142857142857143,3.0,0.4081632653061224,4.0,0.4,2.0,1,0,1,0
1,0.0,15.0,0.0,0,1,1.0,0.0,0.0,0.0,0.0,0,1.8,0.56,2.125,2.0,0.609375,2.7142857142857144,4.0,2.2040816326530615,5.0,0.0,1.0,0,1,1,0
1,0.0,14.0,0.0,2,2,1.0,1.0,0.0,0.0,1.0,0,2.4,0.64,3.125,3.0,0.859375,2.4285714285714284,2.0,0.816326530612245,4.2,0.1599999999999999,5.0,1,0,1,0
1,0.0,14.0,0.0,0,1,1.0,1.0,0.0,0.0,0.0,0,3.6,0.24,2.362149824912456,2.4485992996498247,0.469468170139034,4.0,4.0,0.0,2.8,1.7600000000000002,1.0,1,0,1,0
1,0.0,14.0,0.0,0,1,1.0,1.0,0.0,0.0,1.0,0,2.8,0.1599999999999999,2.625,3.0,0.234375,3.0,3.0,0.8571428571428571,3.4,1.04,4.0,1,0,1,0
1,0.0,14.0,0.0,2,2,1.0,1.0,1.0,1.0,1.0,0,4.0,0.0,1.625,1.5,0.484375,4.0,4.0,0.0,3.2,2.16,2.0,1,0,1,0
1,0.0,14.0,0.0,2,0,1.0,1.0,0.0,0.0,0.0,0,3.4,0.24,2.25,2.0,0.9375,3.857142857142857,4.0,0.1224489795918367,5.0,0.0,1.0,0,1,1,0
1,0.0,14.0,0.0,0,1,1.0,1.0,0.0,0.0,1.0,0,2.2,1.36,2.625,2.5,0.984375,3.857142857142857,4.0,0.1224489795918367,4.4,0.6399999999999999,1.0,1,0,1,0
2,1.0,14.0,0.0,4,0,1.0,0.0,0.0,0.0,1.0,1,3.6,0.24,3.0,3.0,1.0,4.0,4.0,0.0,3.8,1.36,2.0,1,0,1,0
1,0.0,14.0,0.0,0,1,0.0,0.0,0.0,0.0,0.0,1,3.0,0.0,2.25,2.0,0.1875,3.857142857142857,4.0,0.1224489795918367,4.6,0.24,1.0,0,1,1,0
1,1.0,14.0,0.0,0,1,1.0,1.0,0.0,0.0,1.0,0,3.0,0.4,2.375,2.0,1.234375,3.7142857142857144,4.0,0.2040816326530612,4.0,1.2,1.0,0,1,1,0
1,0.0,14.0,0.0,2,2,1.0,0.0,1.0,0.0,0.0,0,2.4,0.64,2.0,2.0,0.5,4.0,4.0,0.0,4.8,0.1599999999999999,1.0,0,1,1,0
1,0.0,15.0,0.0,0,1,1.0,1.0,0.0,0.0,0.0,0,3.0,0.4,2.5,2.0,1.0,3.2857142857142856,4.0,1.3469387755102038,4.6,0.24,5.0,1,0,1,0
1,0.0,14.0,0.0,0,1,1.0,1.0,0.0,0.0,1.0,0,1.6,0.24,2.5,2.5,0.75,2.7142857142857144,3.0,0.489795918367347,4.6,0.24,1.0,0,1,1,0
1,0.0,15.0,0.0,2,2,1.0,0.0,0.0,0.0,0.0,0,2.8,0.5599999999999999,2.625,2.5,0.984375,2.857142857142857,3.0,0.6938775510204082,4.6,0.24,1.0,0,1,1,0
1,1.0,16.0,0.0,0,1,1.0,0.0,0.0,0.0,0.0,0,3.6,0.24,1.75,2.0,0.4375,3.142857142857143,4.0,1.2653061224489797,4.0,0.8,2.0,1,0,1,0
1,0.0,14.0,0.0,2,0,1.0,1.0,0.0,0.0,1.0,0,3.0,0.0,2.5,2.5,1.25,3.5714285714285716,4.0,0.2448979591836734,4.0,0.4,3.0,1,0,0,1
1,0.0,15.0,0.0,0,1,1.0,1.0,0.0,0.0,0.0,0,3.2,0.1599999999999999,2.625,3.0,1.234375,3.857142857142857,4.0,0.1224489795918367,4.8,0.1599999999999999,1.0,0,1,1,0
1,0.0,15.0,0.0,0,1,1.0,1.0,0.0,0.0,0.0,0,3.0,0.8,2.0,2.0,0.5,2.857142857142857,3.0,1.5510204081632657,4.4,0.64,1.0,1,0,1,0
1,0.0,15.0,0.0,2,2,1.0,1.0,0.0,0.0,1.0,0,2.0,0.4,2.25,2.0,0.4375,3.5714285714285716,4.0,0.5306122448979592,4.6,0.24,1.0,0,1,1,0
1,0.0,14.0,0.0,0,1,1.0,1.0,0.0,0.0,0.0,0,2.8,0.1599999999999999,2.375,2.0,0.234375,3.7142857142857144,4.0,0.2040816326530612,5.0,0.0,1.0,0,1,1,0
1,0.0,14.0,0.0,0,1,1.0,1.0,0.0,1.0,1.0,0,3.0,0.4,2.375,2.0,1.234375,3.857142857142857,4.0,0.1224489795918367,4.4,0.6399999999999999,1.0,0,1,1,0
1,0.0,14.0,0.0,0,1,1.0,1.0,0.0,0.0,1.0,0,2.8,0.1599999999999999,2.25,2.0,0.1875,2.7142857142857144,3.0,0.489795918367347,3.8,0.1599999999999999,2.0,1,0,1,0
1,0.0,15.0,0.0,0,1,1.0,1.0,0.0,0.0,0.0,0,2.8,0.1599999999999999,2.625,2.5,0.484375,3.7142857142857144,4.0,0.2040816326530612,4.4,0.24,3.0,1,0,1,0
1,0.0,16.0,0.0,0,1,1.0,1.0,0.0,0.0,0.0,0,3.0,0.0,1.625,2.0,0.234375,3.0,3.0,0.5714285714285714,3.8,0.5599999999999999,5.0,1,0,1,0
1,0.0,14.0,0.0,0,1,1.0,1.0,0.0,0.0,1.0,0,3.2,0.1599999999999999,2.144218710810133,2.0,0.3571558342138914,3.857142857142857,4.0,0.1224489795918367,4.2,0.1599999999999999,1.0,1,0,1,0
1,0.0,14.0,0.0,0,1,1.0,1.0,0.0,0.0,1.0,0,3.0,0.4,2.25,2.0,0.9375,4.0,4.0,0.0,2.2,0.5599999999999999,5.0,1,0,1,0
1,0.0,14.0,0.0,2,2,1.0,1.0,0.0,0.0,1.0,0,2.4,0.24,2.875,3.0,0.359375,3.5714285714285716,4.0,0.5306122448979592,4.0,0.8,2.0,0,1,0,1
1,0.0,14.0,0.0,0,1,1.0,1.0,0.0,0.0,1.0,0,2.2,0.5599999999999999,2.625,2.5,0.484375,3.0,3.0,0.8571428571428571,3.6,2.24,1.0,1,0,1,0
1,0.0,15.0,0.0,0,1,1.0,1.0,0.0,0.0,1.0,0,2.8,0.1599999999999999,2.5,2.5,0.75,3.2857142857142856,3.0,0.489795918367347,4.2,0.5599999999999999,2.0,1,0,1,0
1,0.0,15.0,0.0,0,1,1.0,1.0,0.0,0.0,1.0,0,4.0,0.0,1.0,1.0,0.0,4.0,4.0,0.0,5.0,0.0,5.0,1,0,1,0
2,1.0,14.0,0.0,0,1,0.0,0.0,1.0,0.0,0.0,0,3.4,1.44,2.0,2.0,1.0,3.142857142857143,4.0,1.8367346938775508,5.0,0.0,5.0,1,0,1,0
1,0.0,14.0,0.0,0,1,1.0,1.0,0.0,0.0,1.0,0,4.0,0.0,2.5,2.5,1.25,3.7142857142857144,4.0,0.489795918367347,4.0,2.4,1.0,1,0,1,0
1,0.0,15.0,1.0,0,1,1.0,1.0,0.0,0.0,0.0,0,1.6,0.24,2.125,2.0,1.109375,4.0,4.0,0.0,4.6,0.24,2.0,0,1,1,0
1,0.0,14.0,1.0,2,0,0.0,0.0,0.0,0.0,0.0,1,3.6,0.24,1.75,1.5,0.9375,3.5714285714285716,4.0,1.1020408163265307,4.0,0.8,4.0,1,0,1,0
1,0.0,14.0,0.0,0,1,1.0,0.0,0.0,0.0,0.0,0,2.4,0.24,2.875,3.0,0.109375,3.7142857142857144,4.0,0.2040816326530612,4.4,0.24,1.0,1,0,1,0
1,0.0,16.0,0.0,2,2,0.0,0.0,1.0,1.0,1.0,0,2.4,0.24,2.375,2.0,0.734375,2.857142857142857,3.0,0.4081632653061224,3.0,0.4,1.0,1,0,1,0
1,0.0,16.0,0.0,3,2,1.0,1.0,1.0,1.0,1.0,0,3.4,0.24,1.625,1.0,0.734375,2.857142857142857,3.0,0.4081632653061225,4.0,0.0,2.0,1,0,1,0
1,0.0,16.0,0.0,0,1,1.0,1.0,0.0,0.0,1.0,0,3.0,0.4,2.375,2.0,0.734375,3.142857142857143,3.0,0.4081632653061224,3.0,0.4,5.0,1,0,1,0
1,0.0,16.0,0.0,2,2,1.0,1.0,0.0,0.0,1.0,0,2.914327144842929,0.0340170511477578,2.3991018454906787,2.4144439655172416,0.1341968291381966,3.261904393338928,3.344008006004503,0.1709657741508746,2.2572001001753064,1.5790077664713646,3.0,1,0,1,0
1,0.0,16.0,0.0,5,4,1.0,1.0,0.0,0.0,1.0,1,3.6,0.64,2.75,2.5,0.6875,3.5714285714285716,4.0,0.2448979591836734,3.4,1.84,4.0,1,0,1,0
1,0.0,16.0,0.0,0,1,1.0,1.0,0.0,0.0,1.0,0,3.2,0.1599999999999999,2.375,2.0,1.234375,2.857142857142857,3.0,1.2653061224489797,3.2,1.36,5.0,1,0,1,0
2,0.0,17.0,0.0,0,1,1.0,0.0,0.0,0.0,1.0,0,2.6,0.24,2.625,3.0,0.484375,2.7142857142857144,3.0,0.2040816326530612,4.0,0.4,1.0,1,0,1,0
1,0.0,15.0,1.0,4,3,1.0,1.0,0.0,0.0,1.0,0,3.0,0.0,2.375,2.0,0.234375,3.4285714285714284,4.0,0.5306122448979592,3.4,0.24,4.0,1,0,1,0
1,0.0,17.0,0.0,4,3,1.0,1.0,0.0,0.0,1.0,0,3.1342335583895973,0.2036074760125391,2.375,2.0,0.234375,3.857142857142857,4.0,0.1224489795918367,4.8,0.1599999999999999,2.0,1,0,1,0
1,0.0,16.0,0.0,0,1,1.0,1.0,0.0,0.0,1.0,0,4.0,0.0,2.019218710810133,2.0,0.2525855119164246,3.857142857142857,4.0,0.1224489795918367,4.8,0.1599999999999999,1.0,1,0,1,0
1,0.0,15.0,0.0,0,1,1.0,1.0,0.0,0.0,1.0,0,2.8,0.96,2.125,2.0,0.609375,3.511449290894152,4.0,0.5007865175718735,4.499152495033673,0.4042260836972594,3.0,1,0,1,0
1,0.0,17.0,0.0,4,4,1.0,0.0,0.0,0.0,1.0,0,3.2,0.5599999999999999,2.375,2.0,0.234375,4.0,4.0,0.0,3.8,0.5599999999999999,3.0,1,0,1,0
1,0.0,17.0,0.0,2,0,1.0,1.0,0.0,0.0,0.0,0,3.2,0.1599999999999999,2.519218710810133,2.5768748432405317,0.7333668011062916,3.0,4.0,1.4285714285714286,4.2,1.36,5.0,1,0,1,0
1,0.0,16.0,0.0,2,2,1.0,1.0,0.0,0.0,1.0,0,2.8,0.5599999999999999,2.0,2.0,0.75,3.2857142857142856,4.0,1.3469387755102038,4.2,0.5599999999999999,5.0,1,0,1,0
1,0.0,15.0,0.0,0,1,1.0,0.0,0.0,0.0,0.0,0,2.4,0.24,2.625,2.5,0.484375,3.857142857142857,4.0,0.1224489795918367,3.6,0.24,1.0,1,0,1,0
1,0.0,14.0,0.0,0,1,1.0,1.0,0.0,0.0,1.0,0,3.4,0.24,2.25,2.0,1.4375,3.857142857142857,4.0,0.1224489795918367,4.4,0.24,1.0,1,0,1,0
1,0.0,14.0,0.0,0,1,1.0,1.0,0.0,0.0,1.0,0,3.4,0.24,2.625,3.0,1.234375,3.857142857142857,4.0,0.1224489795918367,4.8,0.1599999999999999,1.0,0,1,1,0
1,0.0,14.0,0.0,0,1,1.0,1.0,0.0,0.0,1.0,0,3.0,0.4,2.625,2.5,0.484375,3.142857142857143,3.0,0.4081632653061224,4.0,0.0,1.0,0,1,1,0
1,0.0,14.0,0.0,0,1,1.0,1.0,0.0,0.0,1.0,0,3.0,0.4,3.0,3.0,0.5,3.2857142857142856,3.0,0.489795918367347,4.0,0.8,5.0,1,0,1,0
1,0.0,14.0,1.0,0,1,1.0,0.0,1.0,0.0,1.0,0,2.0,0.4,2.5,2.0,1.0,3.2857142857142856,3.0,0.489795918367347,4.2,1.36,1.0,0,1,1,0
1,0.0,14.0,0.0,0,1,1.0,1.0,0.0,0.0,1.0,0,3.0,0.4,1.875,1.5,0.859375,3.4285714285714284,4.0,1.1020408163265307,4.2,0.5599999999999999,1.0,1,0,1,0
1,0.0,14.0,0.0,0,1,1.0,1.0,0.0,0.0,1.0,1,2.2,0.5599999999999999,2.5,2.0,1.0,3.102491485929378,3.0,0.348741313842357,4.4,0.64,1.0,0,1,0,1
1,0.0,14.0,0.0,0,1,1.0,1.0,0.0,0.0,1.0,1,2.0,0.4,2.5,2.0,0.5,3.2857142857142856,3.0,0.489795918367347,4.0,0.4,4.0,1,0,1,0
1,0.0,14.0,0.0,0,1,1.0,1.0,0.0,0.0,1.0,0,2.0,0.8,2.125,2.0,0.359375,2.5714285714285716,2.0,1.1020408163265307,5.0,0.0,1.0,0,1,1,0
1,0.0,14.0,0.0,0,1,1.0,1.0,0.0,0.0,1.0,0,2.4,1.04,2.125,2.0,1.109375,3.2857142857142856,3.0,0.489795918367347,4.6,0.6399999999999999,1.0,0,1,1,0
1,0.0,14.0,0.0,0,1,1.0,1.0,0.0,0.0,1.0,0,2.6,0.64,2.6001628664495113,3.0,0.7697395993591444,1.8571428571428572,1.0,1.2653061224489794,4.6,0.6399999999999999,1.0,1,0,1,0
1,0.0,14.0,0.0,0,1,1.0,1.0,0.0,0.0,0.0,0,2.4,0.24,3.125,3.0,0.359375,3.0,3.0,0.2857142857142857,4.0,0.4,1.0,1,0,1,0
1,0.0,14.0,0.0,0,1,0.0,0.0,1.0,0.0,0.0,0,2.6,1.04,1.875,1.0,1.609375,3.7142857142857144,4.0,0.2040816326530612,4.8,0.1599999999999999,2.0,0,1,0,1
1,0.0,14.0,0.0,0,1,1.0,1.0,0.0,0.0,1.0,0,3.0,0.0,2.5,2.5,1.75,4.0,4.0,0.0,5.0,0.0,1.0,1,0,1,0
1,0.0,14.0,1.0,0,1,1.0,1.0,0.0,0.0,1.0,0,2.6,0.64,2.25,2.0,0.9375,2.4285714285714284,3.0,0.5306122448979592,5.0,0.0,2.0,0,1,1,0
1,0.0,14.0,0.0,0,1,1.0,0.0,0.0,0.0,0.0,0,2.6,1.04,2.5,2.5,0.75,3.7142857142857144,4.0,0.2040816326530612,4.2,0.5599999999999999,5.0,1,0,1,0
1,0.0,14.0,0.0,0,1,1.0,1.0,0.0,0.0,0.0,0,3.2,0.5599999999999999,2.25,2.0,1.4375,3.857142857142857,4.0,0.1224489795918367,4.4,0.6399999999999999,5.0,1,0,1,0
1,0.0,14.0,0.0,0,1,1.0,1.0,0.0,0.0,1.0,0,3.4,0.24,2.25,2.0,1.4375,3.857142857142857,4.0,0.1224489795918367,4.4,0.24,1.0,1,0,1,0
2,1.0,15.0,0.0,0,1,1.0,0.0,1.0,0.0,1.0,0,3.2,0.5599999999999999,2.5280172413793105,2.112068965517241,1.4774775193222354,3.7142857142857144,4.0,0.2040816326530612,2.4,2.24,1.0,0,1,1,0
1,1.0,14.0,0.0,0,1,0.0,0.0,1.0,0.0,1.0,0,3.2,0.5599999999999999,2.625,3.0,0.234375,3.0,4.0,1.7142857142857142,3.2572001001753064,0.6646075661207511,1.0,0,1,1,0
1,0.0,14.0,0.0,0,1,1.0,0.0,0.0,0.0,0.0,0,2.6,0.24,2.625,3.0,1.234375,3.5714285714285716,4.0,0.5306122448979592,4.6,0.24,1.0,1,0,1,0
1,0.0,14.0,0.0,0,1,1.0,1.0,0.0,0.0,1.0,1,2.2,0.5599999999999999,3.0,3.0,0.5,2.0,2.0,0.2857142857142857,3.2967049425861203,2.5587254066478913,1.0,0,1,0,1
1,0.0,14.0,0.0,0,1,0.0,1.0,0.0,0.0,0.0,0,3.4,0.64,1.875,1.0,1.609375,2.5714285714285716,3.0,1.959183673469388,1.8,2.5600000000000005,1.0,1,0,1,0
1,1.0,14.0,0.0,0,1,1.0,0.0,1.0,0.0,1.0,0,2.4,0.24,2.713,3.0,0.178583,3.142857142857143,4.0,1.836734693877551,3.4,0.24,1.0,0,1,1,0
2,0.0,14.0,1.0,2,0,1.0,1.0,0.0,0.0,0.0,0,3.2,0.5599999999999999,2.0,1.5,1.5,3.7142857142857144,4.0,0.2040816326530612,5.0,0.0,4.0,0,1,0,1
1,0.0,15.0,0.0,2,2,1.0,0.0,1.0,0.0,1.0,1,3.0,0.4,2.625,3.0,0.484375,3.857142857142857,4.0,0.1224489795918367,3.8,0.5599999999999999,1.0,0,1,1,0
1,0.0,15.0,1.0,2,2,1.0,0.0,1.0,0.0,1.0,1,2.6,1.8400000000000003,3.125,4.0,1.359375,3.857142857142857,4.0,0.1224489795918367,3.8,1.36,1.0,1,0,1,0
1,0.0,16.0,1.0,2,2,1.0,1.0,0.0,0.0,1.0,1,3.2,1.36,2.125,1.5,1.609375,3.5714285714285716,4.0,1.1020408163265307,5.0,0.0,1.0,0,1,1,0
1,0.0,17.0,0.0,3,2,1.0,1.0,0.0,0.0,0.0,0,3.2,0.1599999999999999,2.5,2.0,1.0,4.0,4.0,0.0,4.2,0.5599999999999999,1.0,0,1,1,0
1,0.0,15.0,0.0,3,3,1.0,0.0,0.0,0.0,0.0,0,4.0,0.0,2.375,2.5,0.984375,4.0,4.0,0.0,2.0,0.8,1.0,1,0,1,0
1,0.0,15.0,0.0,0,1,1.0,1.0,0.0,0.0,1.0,1,4.0,0.0,2.625,3.0,0.734375,4.0,4.0,0.0,3.8,2.1600000000000006,1.0,1,0,1,0
1,0.0,15.0,0.0,0,1,1.0,1.0,0.0,0.0,1.0,0,2.6,0.24,2.5,3.0,0.5,4.0,4.0,0.0,4.4,0.6399999999999999,1.0,0,1,0,1
1,0.0,15.0,0.0,0,1,1.0,0.0,0.0,0.0,0.0,0,3.4,0.24,2.625,3.0,0.734375,2.5714285714285716,3.0,0.5306122448979592,3.2,0.5599999999999999,4.0,1,0,1,0
1,0.0,16.0,0.0,0,1,1.0,1.0,0.0,0.0,0.0,0,2.6,0.24,1.875,1.5,1.109375,1.4285714285714286,1.0,0.5306122448979592,3.6,2.24,1.0,0,1,0,1
1,0.0,14.0,0.0,0,1,1.0,1.0,0.0,0.0,0.0,0,2.4,0.24,2.875,3.0,0.609375,2.7142857142857144,3.0,1.0612244897959184,4.2,0.5599999999999999,1.0,0,1,0,1
1,0.0,14.0,0.0,2,0,1.0,1.0,0.0,0.0,0.0,0,2.0,0.4,2.125,2.0,1.109375,3.857142857142857,4.0,0.1224489795918367,4.6,0.24,2.0,0,1,0,1
1,0.0,15.0,0.0,0,1,1.0,1.0,0.0,0.0,1.0,0,2.0,0.8,2.375,2.0,1.984375,2.7142857142857144,3.0,0.489795918367347,2.8,0.96,1.0,0,1,1,0
1,0.0,14.0,0.0,0,1,1.0,1.0,0.0,0.0,1.0,0,3.6,0.24,2.625,2.5,1.484375,3.857142857142857,4.0,0.1224489795918367,4.2,0.96,2.0,0,1,1,0
1,0.0,15.0,0.0,0,1,1.0,1.0,0.0,0.0,1.0,0,3.4,0.24,2.125,2.0,0.109375,3.5714285714285716,4.0,0.2448979591836734,2.4,1.84,1.0,1,0,1,0
1,0.0,14.0,0.0,0,1,1.0,1.0,0.0,0.0,1.0,0,3.0,0.8,2.125,2.0,1.109375,3.142857142857143,4.0,1.836734693877551,3.4,1.44,1.0,0,1,1,0
1,0.0,15.0,0.0,0,1,1.0,1.0,0.0,0.0,1.0,0,2.4,0.24,2.5,2.5,0.25,4.0,4.0,0.0,3.4,1.0400000000000005,1.0,0,1,1,0
1,0.0,14.0,0.0,0,1,1.0,1.0,0.0,0.0,0.0,0,3.0,0.4,2.519218710810133,2.0768748432405317,1.4833668011062917,3.0,3.0,1.1428571428571428,4.0,0.4,1.0,0,1,1,0
1,0.0,14.0,0.0,0,1,1.0,1.0,0.0,0.0,1.0,0,2.2,0.5599999999999999,2.625,3.0,1.234375,3.7142857142857144,4.0,0.2040816326530612,4.6,0.6399999999999999,1.0,0,1,0,1
1,0.0,14.0,0.0,0,1,1.0,1.0,0.0,0.0,0.0,0,3.4,0.24,2.125,2.0,0.359375,3.7142857142857144,4.0,0.2040816326530612,4.2,0.96,3.0,1,0,1,0
1,0.0,14.0,0.0,2,2,1.0,0.0,0.0,0.0,0.0,0,3.8,0.1599999999999999,2.375,2.5,1.484375,4.0,4.0,0.0,4.6,0.6399999999999999,4.0,1,0,1,0
1,0.0,14.0,0.0,0,1,0.0,0.0,1.0,0.0,1.0,0,3.4,0.24,2.625,3.0,1.234375,2.5714285714285716,3.0,1.959183673469388,3.6,0.64,4.0,1,0,1,0
1,1.0,15.0,0.0,0,1,1.0,1.0,0.0,0.0,1.0,0,3.4,0.64,2.5,2.5,1.25,2.5714285714285716,3.0,1.959183673469388,4.0,0.8,3.0,1,0,1,0
1,0.0,14.0,0.0,0,1,1.0,1.0,0.0,0.0,1.0,0,3.2,0.5599999999999999,2.375,2.5,0.984375,4.0,4.0,0.0,4.6,0.24,1.0,0,1,1,0
1,0.0,14.0,1.0,2,0,1.0,1.0,0.0,0.0,1.0,0,3.197992471769134,0.1608191319707372,2.2251628664495113,2.0,0.954236749196278,3.857142857142857,4.0,0.1224489795918367,3.0,1.2,1.0,0,1,1,0
1,0.0,16.0,0.0,0,1,1.0,0.0,1.0,0.0,1.0,0,2.4,1.84,1.75,1.0,1.6875,3.5714285714285716,4.0,1.1020408163265307,2.6,3.8400000000000007,1.0,0,1,1,0
1,0.0,15.0,0.0,0,1,1.0,1.0,0.0,0.0,1.0,0,2.0,0.8,3.875,4.0,0.109375,3.4285714285714284,3.0,0.2448979591836734,3.9506546817266353,0.0700784676330909,1.0,1,0,1,0
1,0.0,14.0,0.0,0,1,1.0,1.0,0.0,0.0,1.0,0,3.4,0.64,2.625,3.0,1.234375,3.4285714285714284,4.0,1.1020408163265307,4.2,1.36,1.0,1,0,1,0
1,0.0,16.0,0.0,2,2,0.0,1.0,0.0,1.0,0.0,0,2.8,0.1599999999999999,2.25,2.5,0.6875,3.857142857142857,4.0,0.1224489795918367,3.4,0.64,2.0,0,1,1,0
1,0.0,17.0,0.0,3,0,0.0,1.0,0.0,0.0,0.0,0,2.4,0.64,2.25,2.0,0.9375,3.142857142857143,3.0,0.6938775510204082,4.2,0.5599999999999999,1.0,0,1,1,0
1,0.0,16.0,0.0,2,2,0.0,0.0,1.0,0.0,1.0,0,3.8,0.1599999999999999,2.0,2.0,0.75,3.857142857142857,4.0,0.1224489795918367,4.8,0.1599999999999999,4.0,1,0,1,0
1,0.0,17.0,0.0,2,2,1.0,1.0,0.0,0.0,1.0,0,3.0,0.8,2.625,3.0,0.734375,3.7142857142857144,4.0,0.489795918367347,3.2,0.5599999999999999,5.0,1,0,1,0
1,0.0,17.0,0.0,3,3,1.0,1.0,0.0,0.0,1.0,0,3.6,0.24,2.25,2.0,0.4375,3.5714285714285716,4.0,0.5306122448979592,5.0,0.0,5.0,1,0,1,0
1,0.0,17.0,0.0,4,2,1.0,1.0,0.0,0.0,1.0,0,3.6,0.24,2.375,2.0,0.734375,4.0,4.0,0.0,4.8,0.1599999999999999,1.0,1,0,1,0
1,0.0,17.0,0.0,0,1,1.0,1.0,0.0,0.0,1.0,0,3.2,1.36,2.25,2.5,0.6875,4.0,4.0,0.0,4.8,0.1599999999999999,1.0,1,0,1,0
1,0.0,16.0,0.0,4,4,1.0,0.0,0.0,0.0,0.0,0,2.8,0.5599999999999999,2.625,3.0,0.234375,2.7142857142857144,3.0,1.0612244897959184,4.4,0.24,4.0,1,0,1,0
1,0.0,15.0,1.0,3,3,1.0,1.0,0.0,0.0,0.0,0,3.0,0.4,2.25,2.0,0.4375,1.8571428571428572,1.0,1.2653061224489797,3.4,1.4400000000000002,5.0,1,0,1,0
1,0.0,16.0,0.0,3,2,1.0,1.0,0.0,0.0,1.0,0,2.8,0.1599999999999999,2.25,2.0,0.4375,3.7142857142857144,4.0,0.489795918367347,3.6,0.64,4.0,1,0,1,0
1,1.0,17.0,0.0,4,4,0.0,1.0,0.0,1.0,1.0,0,3.4,0.24,2.75,3.0,0.9375,2.2857142857142856,1.0,2.2040816326530615,2.8,0.1599999999999999,5.0,1,0,1,0
1,1.0,16.0,0.0,0,1,1.0,1.0,0.0,0.0,1.0,0,3.8,0.1599999999999999,2.0,2.0,1.0,3.5714285714285716,4.0,1.1020408163265307,4.6,0.24,4.0,1,0,1,0
1,0.0,16.0,0.0,2,2,1.0,1.0,0.0,0.0,1.0,0,2.6,1.04,2.5,2.0,0.5,3.4285714285714284,4.0,0.5306122448979592,3.4,0.24,1.0,1,0,1,0
1,0.0,16.0,0.0,4,4,1.0,0.0,0.0,0.0,0.0,0,3.6,0.24,3.125,3.0,0.859375,3.5714285714285716,4.0,1.1020408163265307,3.4,3.8400000000000007,2.0,1,0,1,0
1,0.0,17.0,1.0,4,4,1.0,1.0,0.0,0.0,0.0,0,3.2,0.5599999999999999,2.25,2.5,0.6875,4.0,4.0,0.0,4.2,0.5599999999999999,4.0,1,0,1,0
1,0.0,16.0,0.0,4,4,1.0,1.0,0.0,0.0,1.0,0,3.0,0.4,3.0,3.0,0.5,3.7142857142857144,4.0,0.2040816326530612,4.6,0.24,4.0,1,0,1,0
1,0.0,17.0,0.0,2,2,1.0,1.0,0.0,0.0,0.0,0,2.2,1.36,2.125,2.0,1.109375,3.857142857142857,4.0,0.1224489795918367,3.8,1.36,4.0,1,0,1,0
1,0.0,16.0,0.0,2,0,1.0,1.0,0.0,0.0,0.0,0,2.2,0.96,2.5,2.0,1.0,2.857142857142857,3.0,1.5510204081632657,4.6,0.24,5.0,1,0,1,0
1,0.0,16.0,0.0,2,2,1.0,1.0,0.0,0.0,1.0,1,3.0,0.0,2.5,3.0,0.5,3.5714285714285716,4.0,0.2448979591836734,3.2,0.1599999999999999,4.0,1,0,1,0
1,0.0,17.0,0.0,2,2,1.0,1.0,0.0,0.0,0.0,0,3.2,1.36,2.375,2.5,0.484375,4.0,4.0,0.0,4.2135635635635635,0.5553104556007459,2.0,1,0,1,0
1,0.0,17.0,0.0,3,2,1.0,1.0,0.0,0.0,1.0,0,2.4,1.04,2.875,3.0,0.609375,2.2857142857142856,2.0,0.2040816326530612,4.8,0.1599999999999999,4.0,1,0,1,0
1,0.0,17.0,0.0,3,3,1.0,0.0,0.0,0.0,0.0,0,2.752048253329982,0.1500167813668151,2.125,2.0,0.359375,3.2857142857142856,4.0,0.7755102040816327,3.8,0.1599999999999999,4.0,1,0,1,0
1,0.0,17.0,0.0,0,1,1.0,1.0,0.0,0.0,1.0,0,2.8,1.36,2.5,2.5,1.25,3.142857142857143,3.0,0.6938775510204082,3.8,0.96,4.0,1,0,1,0
1,0.0,16.0,0.0,2,0,1.0,1.0,0.0,0.0,0.0,0,2.4,0.64,2.5,3.0,1.0,2.857142857142857,3.0,1.2653061224489797,5.0,0.0,3.0,1,0,1,0
1,0.0,17.0,0.0,2,0,1.0,1.0,0.0,0.0,1.0,0,2.4,0.64,2.625,3.0,0.734375,2.64326878333393,3.0,0.6231556656679074,4.2,0.1599999999999999,3.0,1,0,0,1
1,1.0,16.0,0.0,0,1,1.0,0.0,0.0,0.0,0.0,0,3.0,0.4,2.375,2.5,0.484375,2.2857142857142856,2.0,1.0612244897959184,4.0,0.4,3.0,1,0,1,0
1,0.0,17.0,0.0,3,3,1.0,1.0,0.0,0.0,0.0,0,3.0,1.2,1.875,2.0,0.609375,2.4285714285714284,2.0,1.9591836734693877,3.0,1.6,2.0,1,0,1,0
1,1.0,17.0,0.0,4,5,1.0,1.0,0.0,0.0,1.0,0,2.6,0.24,2.625,3.0,0.234375,2.2857142857142856,2.0,0.489795918367347,4.6,0.24,3.0,1,0,1,0
1,0.0,17.0,0.0,0,1,1.0,1.0,0.0,0.0,1.0,0,4.0,0.0,2.125,1.5,1.609375,4.0,4.0,0.0,4.4,0.24,1.0,1,0,1,0
1,0.0,17.0,1.0,4,3,1.0,1.0,0.0,0.0,1.0,0,2.6,0.24,3.0,3.0,0.25,2.5714285714285716,3.0,0.2448979591836734,5.0,0.0,5.0,1,0,1,0
1,0.0,17.0,0.0,3,3,1.0,1.0,0.0,0.0,1.0,0,2.8,0.1599999999999999,2.625,3.0,0.234375,2.857142857142857,3.0,0.4081632653061224,3.2,0.1599999999999999,3.0,1,0,1,0
1,0.0,17.0,0.0,2,0,1.0,1.0,0.0,0.0,0.0,0,2.8,0.1599999999999999,1.875,2.0,0.609375,4.0,4.0,0.0,3.8,2.56,1.0,1,0,1,0
1,0.0,17.0,0.0,0,1,1.0,1.0,0.0,0.0,1.0,0,3.2,0.5599999999999999,2.5,2.5,0.75,3.7142857142857144,4.0,0.2040816326530612,3.6,1.4400000000000002,5.0,1,0,1,0
1,0.0,14.0,0.0,0,1,1.0,1.0,0.0,0.0,0.0,0,2.8,0.1599999999999999,2.25,2.0,0.9375,3.2857142857142856,4.0,1.3469387755102038,4.6,0.24,1.0,0,1,0,1
1,1.0,15.0,0.0,0,1,1.0,1.0,0.0,0.0,0.0,1,2.8,0.1599999999999999,2.375,2.5,1.484375,2.7142857142857144,4.0,2.2040816326530615,4.2,2.56,1.0,1,0,1,0
1,0.0,14.0,0.0,4,1,1.0,1.0,0.0,0.0,1.0,0,4.0,0.0,2.375,2.0,0.984375,4.0,4.0,0.0,3.8,2.1600000000000006,4.0,1,0,1,0
1,0.0,14.0,0.0,0,1,1.0,1.0,0.0,0.0,1.0,0,4.0,0.0,2.375,2.5,1.484375,4.0,4.0,0.0,3.8,0.5599999999999999,1.0,0,1,1,0
1,0.0,14.0,0.0,0,1,1.0,0.0,0.0,0.0,0.0,0,2.4,1.04,2.144218710810133,2.0,0.8571558342138914,3.857142857142857,4.0,0.1224489795918367,3.4024475524475526,2.642961024988997,1.0,1,0,1,0
1,0.0,14.0,0.0,0,1,0.0,1.0,0.0,0.0,1.0,0,3.6,0.24,2.25,2.5,1.1875,3.857142857142857,4.0,0.1224489795918367,4.8,0.1599999999999999,1.0,0,1,1,0
1,0.0,15.0,0.0,0,1,1.0,1.0,0.0,0.0,1.0,0,3.6,0.24,2.0,1.5,1.25,4.0,4.0,0.0,4.6,0.6399999999999999,1.0,0,1,1,0
1,0.0,14.0,0.0,0,1,1.0,1.0,0.0,0.0,1.0,0,3.6,0.24,2.3991018454906787,2.4144439655172416,0.1341968291381966,3.7142857142857144,4.0,0.2040816326530612,4.6,0.6399999999999999,1.0,0,1,1,0
1,1.0,14.0,1.0,0,1,1.0,0.0,0.0,0.0,0.0,0,3.0,0.0,2.875,3.0,0.359375,2.7142857142857144,3.0,0.2040816326530612,2.6,0.24,5.0,1,0,1,0
1,0.0,14.0,0.0,0,1,1.0,0.0,1.0,0.0,0.0,0,3.0,0.4,2.375,2.0,0.234375,3.857142857142857,4.0,0.1224489795918367,4.2,0.5599999999999999,1.0,0,1,1,0
1,0.0,15.0,0.0,0,1,0.0,1.0,0.0,0.0,0.0,0,3.6,0.24,2.25,2.0,1.4375,3.4285714285714284,4.0,0.816326530612245,4.0,0.4,1.0,1,0,1,0
1,0.0,14.0,0.0,0,1,1.0,1.0,0.0,0.0,1.0,0,4.0,0.0,2.375,2.0,1.234375,4.0,4.0,0.0,3.6,2.24,1.0,0,1,1,0
1,0.0,15.0,0.0,0,1,1.0,1.0,0.0,0.0,1.0,0,3.6,0.24,2.875,3.5,1.609375,3.7142857142857144,4.0,0.2040816326530612,3.8,0.5599999999999999,1.0,0,1,1,0
1,0.0,14.0,0.0,0,1,1.0,1.0,0.0,0.0,1.0,0,3.6,0.24,2.5,3.0,1.5,2.7142857142857144,3.0,1.0612244897959184,2.8,0.96,1.0,0,1,0,1
1,0.0,14.0,0.0,0,1,1.0,1.0,0.0,0.0,0.0,0,2.6,1.04,2.5,2.5,0.75,3.5714285714285716,4.0,0.5306122448979592,4.0,2.4,5.0,1,0,1,0
1,0.0,15.0,0.0,0,1,0.0,1.0,0.0,0.0,0.0,0,2.7979924717691342,0.1592131093860445,2.125,2.0,0.609375,3.142857142857143,3.0,0.6938775510204082,2.6,0.64,4.0,1,0,1,0
1,0.0,14.0,0.0,0,1,1.0,1.0,0.0,0.0,1.0,0,2.6,0.64,2.375,2.0,0.734375,3.142857142857143,3.0,0.4081632653061224,4.4,0.24,3.0,1,0,1,0
1,0.0,14.0,0.0,2,0,1.0,1.0,0.0,0.0,1.0,0,3.0,0.4,2.125,2.0,0.609375,3.5714285714285716,4.0,0.2448979591836734,4.2,0.5599999999999999,1.0,0,1,1,0
1,1.0,15.0,0.0,0,1,1.0,1.0,0.0,0.0,1.0,0,3.4,0.24,2.125,2.0,0.359375,2.857142857142857,3.0,1.551020408163265,3.2,1.7600000000000002,3.0,1,0,1,0
1,0.0,15.0,1.0,0,1,1.0,1.0,0.0,0.0,0.0,0,3.0,0.4,2.625,3.0,0.734375,3.857142857142857,4.0,0.1224489795918367,3.6,0.24,3.0,0,1,0,1
1,0.0,14.0,0.0,0,1,1.0,1.0,0.0,0.0,1.0,0,2.6,0.24,2.5,2.5,0.75,2.7142857142857144,3.0,0.489795918367347,3.8,0.5599999999999999,1.0,0,1,1,0
1,0.0,14.0,0.0,0,1,1.0,1.0,0.0,0.0,1.0,0,2.4,0.24,2.875,2.5,0.859375,3.142857142857143,3.0,0.6938775510204082,3.4,0.24,1.0,0,1,1,0
1,0.0,15.0,0.0,0,1,1.0,1.0,0.0,0.0,1.0,0,3.8,0.1599999999999999,2.75,3.0,1.6875,4.0,4.0,0.0,3.2,0.1599999999999999,1.0,1,0,1,0
1,0.0,14.0,0.0,0,1,1.0,1.0,0.0,0.0,1.0,0,3.8,0.1599999999999999,2.625,3.0,1.984375,3.899258675643735,4.0,0.0608928865983257,3.2,0.1599999999999999,1.0,1,0,1,0
1,0.0,16.0,0.0,0,1,1.0,1.0,0.0,0.0,0.0,0,3.0,1.2,2.125,2.0,0.359375,3.142857142857143,4.0,1.2653061224489797,4.6,0.6399999999999999,1.0,1,0,1,0
1,0.0,16.0,0.0,0,1,1.0,1.0,0.0,0.0,0.0,0,3.6,0.24,2.375,2.5,0.984375,2.2857142857142856,2.0,1.3469387755102038,3.4,1.04,5.0,1,0,1,0
1,1.0,15.0,0.0,0,1,1.0,1.0,0.0,0.0,1.0,0,3.6,0.64,2.5,2.5,0.75,3.0,3.0,0.8571428571428571,3.0,0.0,1.0,1,0,1,0
1,0.0,15.0,0.0,0,1,1.0,1.0,0.0,0.0,1.0,0,3.0,0.0,2.875,3.0,0.359375,4.0,4.0,0.0,4.0,0.8,2.0,1,0,1,0
1,0.0,15.0,0.0,0,1,1.0,1.0,0.0,0.0,1.0,1,3.4,0.64,2.25,1.5,1.9375,4.0,4.0,0.0,4.2,0.96,1.0,0,1,1,0
1,0.0,15.0,1.0,2,2,1.0,0.0,0.0,0.0,1.0,0,2.6,0.24,2.625,3.0,0.734375,2.2857142857142856,2.0,0.2040816326530612,3.8,0.1599999999999999,1.0,0,1,1,0
1,0.0,15.0,0.0,0,1,1.0,0.0,0.0,0.0,1.0,0,2.6,0.24,2.375,2.0,1.234375,2.857142857142857,2.0,0.979591836734694,4.6,0.24,3.0,1,0,1,0
1,0.0,15.0,0.0,0,1,1.0,1.0,1.0,0.0,1.0,0,3.8,0.1599999999999999,2.25,2.5,1.1875,3.2857142857142856,3.0,0.489795918367347,4.6,0.24,5.0,1,0,1,0
1,0.0,14.0,0.0,4,2,1.0,1.0,0.0,0.0,1.0,0,3.197992471769134,0.5608191319707373,2.5,2.5,1.25,2.857142857142857,4.0,1.8367346938775508,1.4,0.64,1.0,1,0,1,0
1,0.0,15.0,0.0,2,0,1.0,1.0,0.0,0.0,0.0,0,2.8,0.1599999999999999,2.0,2.0,0.0,3.0,3.0,0.2857142857142857,4.2,0.1599999999999999,1.0,1,0,1,0
1,0.0,15.0,0.0,2,2,1.0,1.0,0.0,0.0,1.0,0,3.2,0.5599999999999999,2.5,2.5,0.75,3.4285714285714284,3.0,0.2448979591836734,4.2,0.1599999999999999,2.0,1,0,1,0
1,0.0,15.0,0.0,0,1,1.0,1.0,0.0,0.0,1.0,0,2.6,0.24,2.625,2.5,0.484375,3.0,3.0,0.2857142857142857,3.2,0.1599999999999999,4.0,1,0,1,0
1,0.0,15.0,0.0,0,1,1.0,1.0,0.0,1.0,1.0,1,3.0,0.0,2.5,2.5,0.25,3.2857142857142856,4.0,0.7755102040816327,3.6,0.24,3.0,1,0,1,0
1,0.0,15.0,0.0,0,1,1.0,0.0,0.0,0.0,0.0,0,3.0,0.4,2.375,2.5,0.984375,3.5714285714285716,4.0,0.2448979591836734,4.6,0.24,1.0,0,1,1,0
1,0.0,15.0,0.0,0,1,1.0,1.0,0.0,0.0,1.0,0,2.6,1.04,2.125,2.5,0.859375,2.857142857142857,4.0,1.8367346938775508,4.0,0.4,1.0,0,1,1,0
1,0.0,17.0,0.0,2,2,1.0,0.0,0.0,0.0,1.0,0,3.2,0.1599999999999999,2.625,2.5,0.484375,3.2857142857142856,3.0,0.2040816326530612,4.2,0.5599999999999999,2.0,0,1,1,0
1,0.0,17.0,0.0,4,3,1.0,1.0,0.0,0.0,1.0,0,2.8,0.1599999999999999,2.5,2.0,0.5,3.857142857142857,4.0,0.1224489795918367,4.4,0.24,4.0,1,0,1,0
1,0.0,17.0,0.0,4,3,1.0,1.0,0.0,0.0,1.0,0,2.6,0.64,2.75,3.0,0.1875,3.5714285714285716,4.0,0.2448979591836734,3.8,1.36,4.0,1,0,1,0
1,0.0,17.0,0.0,0,1,1.0,0.0,0.0,0.0,1.0,0,3.0,0.4,2.625,3.0,0.234375,3.4285714285714284,4.0,0.5306122448979592,4.2,0.96,5.0,1,0,1,0
1,0.0,16.0,0.0,4,4,1.0,1.0,0.0,0.0,1.0,1,2.6,0.24,2.25,2.0,0.1875,3.857142857142857,4.0,0.1224489795918367,5.0,0.0,4.0,1,0,0,1
1,0.0,17.0,0.0,4,4,1.0,1.0,0.0,0.0,1.0,0,3.2,0.5599999999999999,2.5,2.5,0.75,3.2857142857142856,4.0,0.7755102040816327,4.4,0.6399999999999999,5.0,1,0,1,0
1,0.0,17.0,0.0,3,3,1.0,1.0,0.0,0.0,1.0,0,3.4,0.24,2.75,3.0,0.9375,3.857142857142857,4.0,0.1224489795918367,4.6,0.6399999999999999,4.0,1,0,1,0
1,1.0,17.0,0.0,3,0,1.0,1.0,0.0,0.0,0.0,0,3.0,0.4,2.375,2.0,0.734375,3.4285714285714284,4.0,0.5306122448979592,4.0,0.8,5.0,1,0,1,0
1,0.0,14.0,0.0,0,1,1.0,1.0,0.0,0.0,1.0,1,3.4,0.24,2.375,2.5,0.484375,3.857142857142857,4.0,0.1224489795918367,4.4,0.6399999999999999,3.0,1,0,1,0
1,1.0,17.0,0.0,0,1,1.0,1.0,0.0,0.0,1.0,0,2.6,0.24,2.5,2.5,1.25,2.857142857142857,4.0,1.836734693877551,3.2,1.36,5.0,1,0,1,0
1,0.0,15.0,0.0,0,1,1.0,1.0,0.0,0.0,1.0,0,2.6,0.24,2.5,3.0,0.5,3.0,3.0,1.1428571428571428,4.4,0.64,4.0,1,0,1,0
1,0.0,16.0,1.0,2,2,1.0,0.0,0.0,0.0,1.0,0,3.4,0.24,2.875,3.0,0.609375,3.7142857142857144,4.0,0.489795918367347,3.0,0.4,2.0,1,0,1,0
1,1.0,15.0,0.0,2,2,1.0,1.0,0.0,0.0,1.0,0,3.8,0.1599999999999999,2.375,2.0,0.984375,4.0,4.0,0.0,4.2,0.5599999999999999,4.0,1,0,1,0
1,1.0,15.0,1.0,4,4,1.0,1.0,0.0,0.0,0.0,0,3.4,1.44,2.0,2.0,0.75,3.5714285714285716,4.0,1.1020408163265307,4.2,0.1599999999999999,1.0,0,1,1,0
1,0.0,14.0,1.0,2,0,1.0,1.0,0.0,0.0,1.0,0,3.2,0.5599999999999999,1.875,2.0,0.359375,3.142857142857143,4.0,1.8367346938775508,3.0,1.2,5.0,1,0,1,0
1,0.0,15.0,0.0,4,2,1.0,0.0,1.0,0.0,1.0,0,3.0,1.6,2.625,2.5,0.984375,3.4285714285714284,4.0,1.1020408163265307,4.4,0.24,5.0,1,0,1,0
1,0.0,14.0,0.0,0,1,1.0,1.0,0.0,0.0,0.0,0,3.2,1.36,2.375,2.5,1.484375,4.0,4.0,0.0,5.0,0.0,1.0,0,1,1,0
1,0.0,14.0,0.0,3,2,1.0,1.0,0.0,0.0,0.0,0,2.2,0.96,1.625,1.0,0.734375,3.142857142857143,3.0,0.1224489795918367,5.0,0.0,1.0,0,1,0,1
1,0.0,14.0,0.0,0,1,1.0,1.0,0.0,0.0,0.0,0,3.4,1.44,2.375,2.5,1.484375,4.0,4.0,0.0,5.0,0.0,1.0,0,1,1,0
1,0.0,14.0,0.0,0,1,1.0,1.0,0.0,0.0,1.0,0,3.2,0.1599999999999999,2.625,3.0,1.234375,3.857142857142857,4.0,0.1224489795918367,4.2,0.5599999999999999,4.0,1,0,1,0
1,0.0,15.0,0.0,0,1,1.0,1.0,0.0,0.0,0.0,0,3.4,0.24,2.5,2.0,0.5,4.0,4.0,0.0,4.8,0.1599999999999999,1.0,0,1,1,0
1,0.0,16.0,1.0,4,0,0.0,0.0,1.0,0.0,0.0,0,2.4,1.8400000000000003,2.875,3.0,1.109375,2.2857142857142856,1.0,2.2040816326530615,4.6,0.6399999999999999,5.0,1,0,1,0
1,0.0,16.0,0.0,0,1,1.0,1.0,0.0,0.0,1.0,0,3.4,0.24,2.625,3.0,0.234375,4.0,4.0,0.0,5.0,0.0,1.0,0,1,1,0
1,0.0,15.0,0.0,2,2,1.0,1.0,0.0,0.0,1.0,0,3.2,0.5599999999999999,2.75,3.0,0.9375,3.5714285714285716,4.0,0.5306122448979592,3.8,2.16,2.0,0,1,1,0
1,0.0,16.0,1.0,3,3,0.0,0.0,1.0,0.0,1.0,0,2.8,0.1599999999999999,2.25,2.0,0.9375,3.857142857142857,4.0,0.1224489795918367,4.4,0.6399999999999999,2.0,0,1,0,1
1,0.0,17.0,1.0,2,0,1.0,0.0,1.0,0.0,1.0,0,3.534233558389597,0.3362206293008611,2.0,2.0,0.5,3.899258675643735,4.0,0.0608928865983257,3.2,1.36,5.0,1,0,1,0
1,0.0,16.0,0.0,0,1,1.0,0.0,0.0,0.0,0.0,0,2.6,0.24,2.75,3.0,0.6875,3.4285714285714284,4.0,1.1020408163265307,3.2,0.96,5.0,1,0,1,0
1,0.0,16.0,1.0,3,3,1.0,1.0,1.0,0.0,1.0,0,1.6,0.24,2.5,2.5,0.25,2.142857142857143,3.0,0.979591836734694,3.8,0.5599999999999999,1.0,0,1,1,0
1,0.0,16.0,0.0,0,1,1.0,1.0,0.0,0.0,1.0,0,2.8,0.5599999999999999,2.75,2.5,1.1875,3.4285714285714284,4.0,0.816326530612245,4.6,0.24,1.0,1,0,1,0
1,0.0,16.0,0.0,0,1,1.0,1.0,0.0,0.0,1.0,0,2.8,0.1599999999999999,2.125,2.0,0.609375,3.7142857142857144,4.0,0.2040816326530612,4.2,0.1599999999999999,1.0,0,1,1,0
2,1.0,16.0,0.0,0,1,1.0,1.0,0.0,0.0,1.0,1,2.0,0.4,2.375,2.5,0.984375,1.5714285714285714,1.0,0.5306122448979591,4.4,0.6399999999999999,1.0,1,0,1,0
1,0.0,17.0,1.0,2,0,1.0,0.0,0.0,0.0,1.0,0,2.8,2.16,2.375,2.0,0.734375,4.0,4.0,0.0,4.4,1.44,1.0,0,1,1,0
1,0.0,15.0,0.0,3,0,1.0,1.0,0.0,0.0,0.0,0,2.2,2.16,3.0,3.0,0.75,4.0,4.0,0.0,4.4,1.44,1.0,0,1,1,0
1,0.0,16.0,0.0,0,1,1.0,1.0,0.0,0.0,1.0,0,3.0,0.0,2.625,3.0,1.734375,3.142857142857143,3.0,0.4081632653061224,3.2,1.36,5.0,1,0,1,0
1,0.0,15.0,1.0,2,2,1.0,1.0,0.0,0.0,1.0,0,3.8,0.1599999999999999,2.0,2.0,1.0,2.857142857142857,4.0,1.836734693877551,3.6,0.64,5.0,1,0,1,0
1,0.0,15.0,0.0,2,2,1.0,0.0,0.0,0.0,0.0,0,3.0,0.4,3.125,3.0,0.359375,3.2857142857142856,4.0,0.7755102040816327,3.6,0.24,5.0,1,0,1,0
1,0.0,16.0,0.0,3,2,1.0,1.0,0.0,0.0,1.0,0,2.8,0.5599999999999999,2.5,2.5,0.75,3.2857142857142856,4.0,1.0612244897959184,4.4,0.64,5.0,1,0,1,0
1,0.0,16.0,0.0,2,2,1.0,1.0,0.0,0.0,1.0,0,2.4,0.64,2.625,3.0,0.734375,3.142857142857143,4.0,1.2653061224489797,4.0,0.0,4.0,1,0,1,0
1,0.0,15.0,0.0,0,1,1.0,0.0,0.0,0.0,0.0,0,2.6,0.24,1.75,2.0,0.4375,3.0,3.0,0.0,5.0,0.0,1.0,0,1,0,1
1,0.0,15.0,0.0,0,1,1.0,1.0,0.0,0.0,0.0,0,3.4,0.24,2.75,3.0,0.4375,4.0,4.0,0.0,3.4,1.84,2.0,1,0,1,0
1,0.0,15.0,0.0,0,1,1.0,1.0,0.0,0.0,0.0,0,3.2,0.1599999999999999,2.25,1.5,1.9375,4.0,4.0,0.0,2.6,0.64,2.0,1,0,1,0
1,0.0,15.0,1.0,2,2,1.0,1.0,0.0,0.0,1.0,0,3.2,0.1599999999999999,1.75,1.5,0.6875,3.0,4.0,1.4285714285714286,3.0,1.6,1.0,0,1,1,0
1,0.0,15.0,0.0,2,0,1.0,1.0,0.0,0.0,1.0,1,2.2,0.5599999999999999,2.375,2.0,0.734375,3.0,4.0,1.7142857142857142,4.6,0.6399999999999999,1.0,0,1,1,0
1,0.0,15.0,0.0,2,2,1.0,1.0,0.0,0.0,0.0,0,2.4,0.24,2.375,2.5,0.984375,3.2857142857142856,4.0,0.7755102040816327,4.8,0.1599999999999999,4.0,0,1,0,1
1,0.0,15.0,0.0,0,1,1.0,1.0,0.0,0.0,1.0,0,2.8,0.1599999999999999,2.625,3.0,0.234375,3.0,3.0,0.0,3.8,0.1599999999999999,1.0,0,1,1,0
1,0.0,15.0,0.0,2,0,1.0,1.0,0.0,0.0,0.0,0,3.2,0.1599999999999999,1.75,2.0,0.4375,3.857142857142857,4.0,0.1224489795918367,4.2,1.36,2.0,0,1,1,0
1,0.0,14.0,0.0,0,1,1.0,1.0,0.0,0.0,0.0,0,2.4,0.24,2.25,2.0,1.1875,3.7142857142857144,4.0,0.2040816326530612,2.2,1.36,1.0,1,0,1,0
1,0.0,15.0,0.0,0,1,1.0,0.0,0.0,0.0,0.0,0,2.0,1.2,2.25,2.0,0.1875,2.857142857142857,3.0,1.5510204081632657,4.2,2.56,5.0,1,0,1,0
1,0.0,15.0,0.0,0,1,1.0,1.0,0.0,0.0,0.0,0,3.4,0.24,2.625,3.0,1.234375,4.0,4.0,0.0,4.6,0.6399999999999999,1.0,0,1,1,0
1,0.0,15.0,0.0,0,1,1.0,1.0,0.0,0.0,1.0,0,3.4,0.24,2.5,2.0,0.5,3.142857142857143,3.0,0.4081632653061224,3.6,0.24,1.0,0,1,1,0
1,0.0,15.0,0.0,2,2,1.0,1.0,0.0,0.0,1.0,0,2.942670118926773,0.0086498818040806,2.25,2.5,1.1875,3.7142857142857144,4.0,0.489795918367347,1.8,0.9600000000000002,4.0,1,0,1,0
1,0.0,15.0,0.0,3,2,1.0,1.0,0.0,0.0,0.0,0,3.0,0.4,2.75,2.5,1.1875,2.857142857142857,3.0,0.1224489795918367,3.4,0.24,1.0,0,1,1,0
1,0.0,15.0,0.0,3,2,1.0,1.0,0.0,0.0,0.0,0,1.4,0.24,3.125,3.0,0.609375,2.4285714285714284,3.0,1.1020408163265307,4.4,0.24,1.0,0,1,0,1
1,0.0,15.0,0.0,2,0,0.0,1.0,0.0,0.0,0.0,0,3.0,0.4,1.875,2.0,0.609375,3.857142857142857,4.0,0.1224489795918367,4.6,0.24,1.0,0,1,1,0
1,0.0,15.0,0.0,3,3,0.0,1.0,0.0,0.0,0.0,0,3.0,0.8,2.25,2.5,0.6875,3.7142857142857144,4.0,0.489795918367347,4.4,0.24,4.0,1,0,1,0
1,0.0,15.0,0.0,0,1,1.0,1.0,0.0,0.0,1.0,0,3.0,0.4,2.625,3.0,0.734375,2.0,2.0,0.2857142857142857,4.6,0.24,1.0,0,1,1,0
1,0.0,16.0,0.0,0,1,1.0,0.0,0.0,0.0,1.0,0,2.6,0.24,2.5,2.5,1.25,3.7142857142857144,4.0,0.489795918367347,4.2,0.1599999999999999,1.0,0,1,1,0
1,0.0,15.0,0.0,3,3,1.0,1.0,0.0,0.0,0.0,0,2.8,0.1599999999999999,2.375,2.5,0.484375,3.142857142857143,3.0,0.4081632653061224,4.0,2.4,1.0,0,1,1,0
1,1.0,15.0,0.0,0,1,1.0,0.0,0.0,0.0,0.0,0,3.2,1.36,2.375,2.0,0.734375,3.4285714285714284,4.0,0.816326530612245,4.2,2.56,4.0,1,0,1,0
1,0.0,15.0,0.0,2,0,1.0,1.0,0.0,0.0,1.0,0,2.6,0.24,1.75,2.0,0.1875,2.857142857142857,3.0,0.979591836734694,3.4,1.04,4.0,1,0,0,1
1,0.0,15.0,0.0,4,3,1.0,0.0,0.0,0.0,0.0,0,1.6,0.24,2.375,3.0,0.734375,3.4285714285714284,4.0,1.1020408163265307,3.8,2.56,1.0,0,1,1,0
1,1.0,15.0,0.0,2,0,1.0,1.0,0.0,0.0,0.0,0,3.0,0.4,2.375,2.0,0.734375,2.857142857142857,3.0,1.5510204081632657,4.6,0.24,4.0,1,0,1,0
1,0.0,15.0,0.0,0,1,1.0,0.0,0.0,0.0,0.0,0,2.6,1.84,2.375,2.5,0.484375,3.2857142857142856,3.0,0.2040816326530612,4.8,0.1599999999999999,2.0,1,0,1,0
1,0.0,15.0,1.0,2,2,1.0,0.0,0.0,0.0,0.0,0,3.4,0.24,1.875,2.0,0.109375,3.4285714285714284,3.0,0.2448979591836734,4.0,0.0,2.0,1,0,1,0
1,1.0,15.0,0.0,3,3,1.0,1.0,0.0,0.0,1.0,0,2.6,0.24,2.5,2.5,0.25,3.857142857142857,4.0,0.1224489795918367,3.0,0.0,1.0,0,1,1,0
1,0.0,15.0,0.0,2,0,1.0,1.0,0.0,0.0,1.0,0,2.2,0.1599999999999999,3.25,3.0,0.4375,3.142857142857143,3.0,0.4081632653061224,3.8,0.5599999999999999,1.0,0,1,1,0
1,0.0,15.0,0.0,2,2,0.0,0.0,0.0,0.0,0.0,1,3.4,1.44,3.0,3.0,1.0,3.142857142857143,3.0,0.979591836734694,4.0,0.8,1.0,0,1,1,0
2,0.0,15.0,0.0,2,2,1.0,1.0,0.0,0.0,1.0,0,2.4,0.64,2.875,3.0,0.609375,2.4285714285714284,3.0,0.5306122448979592,3.2,0.5599999999999999,5.0,1,0,1,0
1,0.0,14.0,0.0,0,1,1.0,1.0,0.0,0.0,0.0,0,3.0,0.4,2.25,2.5,0.6875,3.5714285714285716,4.0,0.5306122448979592,3.8,0.1599999999999999,2.0,1,0,1,0
1,0.0,15.0,0.0,2,0,1.0,1.0,0.0,0.0,1.0,0,3.0,1.2,2.625,3.0,0.234375,3.857142857142857,4.0,0.1224489795918367,4.4,0.24,2.0,1,0,1,0
1,0.0,14.0,1.0,4,4,1.0,1.0,0.0,0.0,1.0,0,3.8,0.1599999999999999,2.25,2.0,0.9375,4.0,4.0,0.0,3.0,1.6,2.0,1,0,1,0
1,0.0,15.0,0.0,2,0,1.0,1.0,0.0,0.0,1.0,0,3.0,0.4,2.625,2.5,0.984375,4.0,4.0,0.0,3.8,0.5599999999999999,4.0,1,0,1,0
1,0.0,16.0,1.0,3,0,1.0,0.0,0.0,0.0,0.0,0,3.2,0.1599999999999999,2.375,2.0,0.734375,2.857142857142857,3.0,1.5510204081632657,2.0,1.2,1.0,1,0,1,0
1,0.0,15.0,0.0,0,1,1.0,1.0,0.0,0.0,0.0,0,3.4,0.24,2.875,3.0,0.359375,3.857142857142857,4.0,0.1224489795918367,3.4,0.24,2.0,1,0,1,0
1,1.0,15.0,0.0,0,1,1.0,1.0,0.0,0.0,1.0,1,3.6,0.24,2.375,2.5,0.984375,2.7142857142857144,3.0,0.489795918367347,1.6,0.64,4.0,1,0,1,0
1,0.0,15.0,0.0,0,1,1.0,1.0,0.0,0.0,1.0,1,2.8,0.1599999999999999,2.75,3.0,0.6875,3.2857142857142856,3.0,0.489795918367347,2.8,0.5599999999999999,3.0,1,0,1,0
1,0.0,15.0,0.0,4,4,1.0,1.0,0.0,0.0,0.0,0,3.6,0.24,2.25,2.5,0.6875,2.5714285714285716,3.0,1.1020408163265307,3.6,0.24,4.0,1,0,1,0
1,1.0,15.0,0.0,0,1,1.0,1.0,0.0,0.0,0.0,0,4.0,0.0,2.75,3.0,0.9375,2.5714285714285716,3.0,0.2448979591836734,3.8,0.96,1.0,1,0,1,0
1,0.0,15.0,0.0,2,0,1.0,0.0,0.0,0.0,1.0,0,2.8,0.5599999999999999,2.625,3.0,0.734375,3.142857142857143,3.0,0.979591836734694,4.6,0.24,1.0,1,0,0,1
1,0.0,15.0,0.0,2,2,1.0,1.0,0.0,0.0,1.0,0,2.4,0.24,2.375,2.0,0.734375,3.0,3.0,0.5714285714285714,3.8,0.1599999999999999,1.0,0,1,0,1
1,1.0,15.0,0.0,0,1,1.0,1.0,0.0,0.0,1.0,0,3.4,0.64,2.625,3.0,1.234375,4.0,4.0,0.0,4.6,0.24,1.0,0,1,1,0
1,1.0,15.0,0.0,2,2,1.0,1.0,0.0,0.0,1.0,0,2.6,1.04,2.625,3.0,0.234375,3.7142857142857144,4.0,0.489795918367347,4.6,0.24,2.0,1,0,1,0
1,0.0,15.0,0.0,2,0,1.0,1.0,0.0,0.0,0.0,0,2.4,0.24,2.125,2.0,0.859375,3.0,4.0,1.4285714285714286,3.2,0.5599999999999999,1.0,0,1,1,0
1,0.0,15.0,0.0,0,1,1.0,1.0,0.0,0.0,1.0,0,2.4,0.24,2.75,3.0,0.9375,3.5714285714285716,4.0,0.5306122448979592,4.4,0.24,2.0,1,0,1,0
1,0.0,15.0,0.0,2,0,1.0,1.0,0.0,0.0,1.0,0,2.6,0.64,2.375,2.0,0.234375,2.0,2.0,0.2857142857142857,3.8,0.96,4.0,0,1,0,1
1,1.0,15.0,0.0,0,1,1.0,0.0,1.0,0.0,1.0,0,3.2,0.1599999999999999,2.375,2.0,0.734375,3.857142857142857,4.0,0.1224489795918367,4.0,0.4,4.0,1,0,1,0
1,0.0,14.0,0.0,0,1,1.0,1.0,0.0,0.0,1.0,0,3.6,0.24,2.0,1.5,1.25,4.0,4.0,0.0,3.8,0.5599999999999999,1.0,1,0,1,0
1,0.0,15.0,0.0,0,1,1.0,0.0,0.0,0.0,1.0,0,2.8,0.96,2.0,2.0,0.5,3.857142857142857,4.0,0.1224489795918367,4.8,0.1599999999999999,2.0,1,0,1,0
1,0.0,15.0,0.0,2,0,1.0,1.0,0.0,0.0,0.0,0,3.6,0.6400000000000002,2.375,2.5,0.484375,4.0,4.0,0.0,3.8,0.96,1.0,1,0,1,0
1,0.0,15.0,1.0,2,0,1.0,1.0,0.0,0.0,1.0,0,2.0,0.8,2.375,2.5,1.484375,2.5714285714285716,3.0,1.3877551020408163,4.2,0.5599999999999999,1.0,0,1,0,1
1,0.0,15.0,1.0,3,2,1.0,1.0,0.0,0.0,1.0,0,2.0,0.4,2.25,2.5,0.6875,2.5714285714285716,2.0,1.1020408163265307,4.6,0.24,1.0,0,1,1,0
1,0.0,15.0,0.0,3,3,1.0,0.0,1.0,0.0,0.0,0,3.2,0.5599999999999999,2.25,2.5,0.6875,3.857142857142857,4.0,0.1224489795918367,3.2,0.1599999999999999,5.0,1,0,1,0
1,1.0,15.0,1.0,3,3,0.0,1.0,0.0,0.0,0.0,0,1.6,0.64,2.625,2.5,0.984375,2.857142857142857,3.0,0.979591836734694,3.2,0.96,3.0,0,1,1,0
1,0.0,15.0,1.0,2,2,1.0,1.0,0.0,0.0,0.0,0,1.6,0.64,2.125,2.0,0.359375,3.2857142857142856,4.0,1.0612244897959184,5.0,0.0,1.0,0,1,0,1
1,0.0,15.0,0.0,0,1,1.0,1.0,0.0,0.0,0.0,0,3.0,0.4,2.25,2.5,0.6875,3.857142857142857,4.0,0.1224489795918367,2.8,0.1599999999999999,4.0,1,0,0,1
1,0.0,15.0,0.0,2,0,1.0,1.0,0.0,0.0,0.0,0,3.3520482533299827,0.2875588773708363,2.25,2.0,0.1875,3.7142857142857144,4.0,0.2040816326530612,3.380738522954092,1.8183702455368704,1.0,1,0,1,0
1,0.0,15.0,0.0,2,0,1.0,1.0,0.0,0.0,1.0,0,2.6,0.24,2.375,2.0,0.734375,2.7142857142857144,3.0,0.7755102040816327,3.0,1.6,1.0,0,1,1,0
1,0.0,15.0,0.0,3,2,1.0,1.0,0.0,0.0,1.0,0,2.2,0.96,2.375,2.5,0.984375,3.2857142857142856,3.0,0.489795918367347,3.0,1.2,2.0,0,1,0,1
1,0.0,15.0,0.0,2,2,1.0,1.0,0.0,0.0,0.0,0,2.4,0.24,2.75,3.0,0.6875,3.4285714285714284,4.0,1.1020408163265307,3.6,0.24,2.0,1,0,1,0
1,1.0,16.0,0.0,3,3,1.0,0.0,0.0,0.0,0.0,0,3.6,0.24,2.375,2.0,0.734375,3.857142857142857,4.0,0.1224489795918367,4.4,0.24,4.0,1,0,1,0
1,0.0,15.0,0.0,2,0,1.0,1.0,0.0,0.0,0.0,0,2.4,0.64,2.75,3.0,0.9375,3.5714285714285716,4.0,0.5306122448979592,4.0,0.8,1.0,0,1,1,0
1,0.0,15.0,0.0,0,1,1.0,1.0,0.0,0.0,1.0,0,3.6,0.24,2.0,2.0,0.25,3.857142857142857,4.0,0.1224489795918367,5.0,0.0,1.0,0,1,0,1
1,0.0,15.0,0.0,3,3,1.0,1.0,0.0,0.0,1.0,1,1.8,0.56,2.25,2.0,0.4375,3.4285714285714284,4.0,0.5306122448979593,4.6,0.24,2.0,0,1,1,0
1,0.0,15.0,0.0,3,3,1.0,1.0,0.0,0.0,0.0,0,2.4,1.04,2.375,2.5,0.484375,3.2857142857142856,3.0,0.489795918367347,4.8,0.1599999999999999,5.0,1,0,1,0
1,1.0,14.0,0.0,0,1,1.0,0.0,0.0,0.0,1.0,0,2.2,0.5599999999999999,2.3819982504373907,2.0,0.4794691407362481,2.857142857142857,3.0,0.6938775510204082,3.8,0.1599999999999999,1.0,0,1,1,0
1,0.0,15.0,0.0,0,1,1.0,1.0,0.0,0.0,0.0,0,2.2,0.1599999999999999,2.625,3.0,0.734375,3.5714285714285716,4.0,0.5306122448979592,3.8,0.1599999999999999,1.0,0,1,1,0
1,1.0,15.0,0.0,0,1,1.0,1.0,0.0,0.0,1.0,0,2.6,0.24,2.625,2.5,0.484375,2.857142857142857,3.0,0.4081632653061224,3.0,0.4,2.0,0,1,1,0
1,0.0,15.0,1.0,0,1,1.0,1.0,0.0,0.0,1.0,0,2.6,0.24,2.25,2.5,0.6875,3.4285714285714284,4.0,0.816326530612245,4.2,0.5599999999999999,1.0,0,1,1,0
1,0.0,16.0,0.0,0,1,1.0,0.0,0.0,0.0,1.0,0,3.0,0.4,1.875,2.0,0.359375,3.857142857142857,4.0,0.1224489795918367,5.0,0.0,1.0,0,1,1,0
1,0.0,14.0,0.0,0,1,1.0,1.0,0.0,0.0,1.0,1,1.4,0.24,3.0939612015018776,3.0,0.6238785487099802,2.142857142857143,1.0,1.8367346938775508,3.8,0.96,4.0,1,0,0,1
2,1.0,15.0,0.0,0,1,1.0,0.0,0.0,0.0,1.0,0,2.6,1.04,2.25,2.0,0.9375,3.5714285714285716,4.0,1.1020408163265307,3.0,1.2,4.0,1,0,1,0
1,0.0,14.0,1.0,2,2,1.0,1.0,0.0,0.0,1.0,0,2.6,0.24,2.25,2.0,0.4375,4.0,4.0,0.0,4.2,0.1599999999999999,2.0,0,1,1,0
1,0.0,14.0,0.0,0,1,1.0,1.0,0.0,0.0,1.0,0,2.8,0.1599999999999999,2.5,2.5,1.25,3.2857142857142856,4.0,1.3469387755102038,4.0,0.4,4.0,1,0,1,0
1,0.0,15.0,0.0,0,1,1.0,0.0,0.0,0.0,1.0,0,2.6,0.24,2.5,2.5,0.75,3.2857142857142856,3.0,0.489795918367347,3.6,1.84,4.0,1,0,1,0
1,0.0,15.0,0.0,2,0,1.0,1.0,0.0,0.0,1.0,1,2.6,0.24,2.25,2.0,0.4375,3.4285714285714284,4.0,1.1020408163265307,4.8,0.1599999999999999,1.0,0,1,1,0
1,0.0,15.0,0.0,2,0,1.0,0.0,0.0,0.0,1.0,1,2.6,1.04,2.5,2.0,1.0,2.7142857142857144,3.0,1.6326530612244896,5.0,0.0,2.0,0,1,1,0
1,0.0,15.0,0.0,2,0,1.0,1.0,0.0,0.0,0.0,0,3.6,0.24,2.375,2.5,0.984375,3.7142857142857144,4.0,0.2040816326530612,3.6,0.64,1.0,0,1,1,0
1,1.0,15.0,0.0,0,1,1.0,1.0,0.0,0.0,1.0,0,2.4,0.24,2.375,2.5,0.984375,3.0,3.0,0.2857142857142857,3.8,0.1599999999999999,1.0,1,0,1,0
1,0.0,15.0,0.0,2,2,1.0,1.0,0.0,0.0,0.0,0,1.4,0.24,2.0,2.0,0.5,3.2857142857142856,3.0,0.489795918367347,4.0,0.4,1.0,0,1,1,0
1,0.0,15.0,0.0,3,0,1.0,1.0,0.0,0.0,1.0,0,2.0,0.0,2.375,2.0,0.234375,2.7142857142857144,3.0,0.489795918367347,4.8,0.1599999999999999,1.0,0,1,1,0
1,0.0,15.0,1.0,3,2,1.0,0.0,1.0,0.0,0.0,0,1.8,0.56,2.125,1.5,1.609375,2.5714285714285716,2.0,1.1020408163265307,3.2,1.7600000000000005,3.0,0,1,0,1
1,1.0,15.0,0.0,2,2,1.0,0.0,0.0,0.0,1.0,0,2.4,0.24,2.25,2.0,0.4375,3.0,3.0,0.8571428571428571,3.8,2.16,1.0,0,1,1,0
1,1.0,15.0,0.0,0,1,0.0,0.0,1.0,1.0,1.0,0,2.0,0.4,2.0,2.0,0.75,2.7142857142857144,3.0,1.6326530612244898,4.0,0.8,2.0,1,0,1,0
1,0.0,15.0,0.0,0,1,1.0,1.0,0.0,0.0,1.0,0,2.4,0.24,2.5,2.5,0.75,3.4285714285714284,3.0,0.2448979591836734,4.2,0.5599999999999999,1.0,0,1,1,0
1,0.0,15.0,0.0,0,1,1.0,1.0,0.0,0.0,1.0,1,2.4,0.24,2.75,3.0,0.4375,3.4285714285714284,4.0,0.816326530612245,5.0,0.0,1.0,0,1,1,0
1,1.0,15.0,0.0,0,1,1.0,1.0,0.0,0.0,1.0,0,3.4,0.64,2.5,2.5,1.25,2.4285714285714284,3.0,1.673469387755102,2.6,0.64,4.0,1,0,1,0
1,0.0,14.0,0.0,0,1,1.0,1.0,0.0,0.0,1.0,0,2.4,1.04,2.375,2.5,0.984375,3.142857142857143,4.0,1.2653061224489797,4.6,0.24,5.0,1,0,0,1
1,0.0,15.0,1.0,2,5,0.0,1.0,0.0,0.0,0.0,0,2.6,0.24,2.375,2.5,0.984375,2.2857142857142856,3.0,1.346938775510204,3.0,1.2,1.0,0,1,1,0
1,1.0,15.0,0.0,0,1,1.0,1.0,0.0,0.0,1.0,0,3.4,0.24,2.25,2.0,0.6875,2.5714285714285716,3.0,1.1020408163265307,3.8,0.5599999999999999,2.0,0,1,1,0
1,0.0,15.0,0.0,0,1,1.0,1.0,0.0,0.0,1.0,0,2.4,0.24,2.25,2.0,0.1875,3.0,3.0,0.2857142857142857,4.0,0.4,2.0,0,1,1,0
1,1.0,15.0,0.0,0,1,1.0,1.0,0.0,0.0,1.0,0,4.0,0.0,1.875,2.0,0.109375,3.4138109756924844,4.0,0.6316710289959778,4.4,0.24,5.0,1,0,1,0
1,0.0,15.0,0.0,0,1,1.0,1.0,0.0,0.0,0.0,0,2.0,1.2,2.625,2.5,0.984375,4.0,4.0,0.0,4.8,0.1599999999999999,5.0,1,0,1,0
1,0.0,15.0,0.0,0,1,1.0,1.0,0.0,0.0,1.0,0,3.8,0.1599999999999999,2.375,2.5,0.484375,3.5714285714285716,4.0,1.1020408163265307,3.0,1.2,4.0,1,0,1,0
1,0.0,15.0,0.0,0,1,1.0,1.0,0.0,0.0,0.0,0,3.2,0.5599999999999999,2.20059375,2.0,0.3804774677734374,3.0,4.0,1.7142857142857142,3.6,0.64,2.0,1,0,1,0
1,1.0,15.0,0.0,0,1,1.0,1.0,0.0,0.0,1.0,1,3.4,0.24,2.125,2.0,0.609375,3.4285714285714284,4.0,0.816326530612245,3.6,2.24,2.0,1,0,1,0
1,0.0,15.0,1.0,0,1,1.0,1.0,1.0,0.0,1.0,1,2.6,1.0400000000000005,2.5,2.5,1.25,3.0,3.0,0.5714285714285714,3.0,2.0,5.0,1,0,1,0
1,0.0,15.0,0.0,0,1,1.0,1.0,0.0,0.0,1.0,0,3.2,0.96,2.25,2.0,0.6875,2.5714285714285716,2.0,1.673469387755102,4.0,0.4,2.0,1,0,0,1
1,0.0,14.0,0.0,3,3,1.0,0.0,1.0,0.0,1.0,1,2.6,0.24,2.875,3.0,0.359375,2.4285714285714284,2.0,0.2448979591836734,4.4,0.6399999999999999,2.0,0,1,0,1
1,1.0,15.0,0.0,3,3,1.0,1.0,0.0,0.0,1.0,1,2.2,0.5599999999999999,2.5,2.5,0.25,2.857142857142857,3.0,0.4081632653061224,3.802447552447553,0.961002983030955,2.0,0,1,0,1
1,0.0,14.0,0.0,0,1,1.0,0.0,0.0,0.0,0.0,0,2.4,0.24,2.3991018454906787,2.4144439655172416,0.1341968291381966,3.261904393338928,3.344008006004503,0.1709657741508746,3.9506546817266353,0.0700784676330909,1.0,0,1,1,0
1,0.0,15.0,0.0,0,1,1.0,1.0,0.0,0.0,1.0,0,1.8,0.56,2.5,2.5,1.25,3.7142857142857144,4.0,0.2040816326530612,4.8,0.1599999999999999,1.0,0,1,1,0
1,0.0,15.0,0.0,0,1,0.0,1.0,0.0,0.0,0.0,0,3.8,0.1599999999999999,3.0,3.0,0.5,2.7142857142857144,3.0,1.3469387755102038,2.6,1.44,2.0,0,1,1,0
1,0.0,16.0,0.0,3,3,1.0,0.0,0.0,0.0,1.0,0,3.2,0.5599999999999999,2.125,2.0,0.609375,4.0,4.0,0.0,4.4,0.64,5.0,1,0,1,0
2,1.0,16.0,0.0,0,1,1.0,0.0,0.0,0.0,1.0,0,3.6,0.24,2.75,3.0,0.9375,3.7142857142857144,4.0,0.489795918367347,4.2,0.1599999999999999,1.0,0,1,1,0
1,1.0,15.0,0.0,2,2,0.0,1.0,0.0,0.0,0.0,1,2.8,0.5599999999999999,1.625,1.0,0.734375,2.857142857142857,3.0,0.4081632653061224,4.2,0.5599999999999999,1.0,0,1,1,0
1,0.0,15.0,0.0,3,2,1.0,1.0,0.0,0.0,0.0,0,2.0,0.8,2.25,2.0,1.4375,2.5714285714285716,3.0,1.959183673469388,4.8,0.1599999999999999,1.0,0,1,1,0
1,0.0,16.0,0.0,0,1,0.0,1.0,1.0,0.0,0.0,0,2.4,0.24,3.0,3.0,0.5,4.0,4.0,0.0,3.8,0.5599999999999999,1.0,0,1,1,0
1,0.0,15.0,0.0,0,1,0.0,1.0,0.0,0.0,0.0,0,3.2,0.1599999999999999,2.375,2.0,0.234375,3.142857142857143,3.0,0.6938775510204082,4.0,0.4,4.0,1,0,1,0
1,0.0,15.0,0.0,2,2,1.0,1.0,0.0,0.0,0.0,0,3.2,0.1599999999999999,2.375,2.5,0.484375,2.7142857142857144,3.0,0.2040816326530612,3.8,0.1599999999999999,3.0,0,1,0,1
2,1.0,16.0,0.0,2,0,1.0,0.0,0.0,0.0,0.0,0,3.2,0.1599999999999999,1.25,1.0,0.1875,3.142857142857143,3.0,0.6938775510204082,4.0,0.4,5.0,1,0,1,0
1,0.0,15.0,0.0,3,3,1.0,1.0,0.0,0.0,1.0,0,3.6,0.24,2.0,2.0,0.5,4.0,4.0,0.0,4.2,0.5599999999999999,1.0,0,1,1,0
1,0.0,15.0,0.0,0,1,1.0,1.0,0.0,0.0,1.0,0,3.2,0.5599999999999999,3.125,3.0,0.609375,3.857142857142857,4.0,0.1224489795918367,4.6,0.6399999999999999,1.0,0,1,1,0
1,0.0,17.0,1.0,4,3,1.0,0.0,0.0,0.0,0.0,0,3.2,0.1599999999999999,2.125,1.5,1.609375,2.4285714285714284,3.0,0.816326530612245,4.8,0.1599999999999999,1.0,0,1,1,0
1,0.0,15.0,0.0,0,1,1.0,0.0,0.0,0.0,0.0,0,3.0,0.0,2.125,2.0,1.109375,3.4285714285714284,4.0,1.1020408163265307,4.4,0.24,1.0,1,0,1,0
1,1.0,15.0,0.0,0,1,1.0,1.0,0.0,0.0,0.0,0,3.8,0.1599999999999999,1.8439612015018776,2.0,0.5462815524646735,2.5714285714285716,3.0,1.3877551020408163,4.2,0.5599999999999999,4.0,1,0,1,0
1,0.0,16.0,0.0,2,0,1.0,1.0,0.0,0.0,0.0,0,3.2,0.1599999999999999,2.5,2.5,0.75,3.2857142857142856,4.0,0.7755102040816327,4.2,0.5599999999999999,3.0,1,0,1,0
1,1.0,16.0,0.0,0,1,0.0,1.0,0.0,0.0,0.0,0,3.8,0.1599999999999999,2.0,2.0,1.0,3.0,4.0,1.7142857142857142,1.8,0.9600000000000002,1.0,1,0,1,0
1,0.0,15.0,0.0,0,1,1.0,1.0,0.0,0.0,1.0,1,2.8,0.96,2.25,2.0,0.9375,4.0,4.0,0.0,4.6,0.24,2.0,1,0,1,0
1,0.0,15.0,1.0,2,0,1.0,1.0,0.0,0.0,0.0,0,2.2,0.96,2.125,2.0,0.609375,3.7142857142857144,4.0,0.2040816326530612,3.4,2.64,4.0,1,0,0,1
1,0.0,15.0,0.0,0,1,1.0,1.0,0.0,0.0,1.0,0,3.8,0.1599999999999999,2.0,2.0,1.0,4.0,4.0,0.0,5.0,0.0,1.0,0,1,1,0
1,0.0,15.0,0.0,0,1,1.0,1.0,0.0,0.0,1.0,0,3.4,0.64,2.0,2.0,0.75,3.7142857142857144,4.0,0.489795918367347,4.0,0.4,1.0,0,1,1,0
1,0.0,15.0,0.0,0,1,1.0,1.0,0.0,0.0,1.0,0,2.8,0.1599999999999999,2.375,2.0,1.234375,3.142857142857143,3.0,0.4081632653061224,4.2,0.1599999999999999,4.0,1,0,0,1
1,0.0,15.0,0.0,0,1,1.0,1.0,0.0,0.0,1.0,0,3.0,0.0,2.625,2.5,1.484375,3.857142857142857,4.0,0.1224489795918367,4.2,0.5599999999999999,1.0,0,1,1,0
1,0.0,15.0,0.0,0,1,1.0,1.0,0.0,0.0,1.0,0,3.2,0.1599999999999999,2.625,3.0,0.734375,3.899258675643735,4.0,0.0608928865983257,4.4,0.6399999999999999,1.0,0,1,1,0
1,0.0,15.0,0.0,0,1,1.0,1.0,0.0,0.0,1.0,0,4.0,0.0,2.375,2.0,1.234375,4.0,4.0,0.0,5.0,0.0,1.0,0,1,1,0
1,0.0,15.0,0.0,0,1,1.0,1.0,0.0,0.0,0.0,0,4.0,0.0,2.625,2.5,0.984375,4.0,4.0,0.0,5.0,0.0,1.0,0,1,1,0
1,0.0,15.0,0.0,2,0,1.0,0.0,1.0,0.0,1.0,0,3.0,0.8,2.5,2.5,1.75,3.4285714285714284,4.0,1.1020408163265307,3.8,1.36,2.0,0,1,1,0
1,0.0,15.0,0.0,0,1,1.0,1.0,0.0,0.0,1.0,0,3.2,0.1599999999999999,2.0,1.5,1.5,3.64326878333393,4.0,0.4794752418571905,5.0,0.0,1.0,1,0,1,0
1,0.0,15.0,0.0,0,1,1.0,1.0,0.0,0.0,1.0,0,4.0,0.0,2.625,3.0,0.734375,4.0,4.0,0.0,5.0,0.0,1.0,0,1,1,0
1,0.0,14.0,0.0,0,1,1.0,0.0,0.0,0.0,0.0,0,3.2,0.5599999999999999,3.125,3.0,0.859375,3.142857142857143,4.0,1.2653061224489794,4.4,0.24,1.0,1,0,1,0
1,0.0,14.0,0.0,3,3,1.0,1.0,0.0,0.0,1.0,0,3.4,0.64,2.5,2.0,1.0,3.4285714285714284,4.0,0.5306122448979592,2.6,0.24,5.0,1,0,1,0
1,0.0,14.0,0.0,0,1,1.0,1.0,0.0,0.0,1.0,0,3.0,1.2,2.5,2.5,0.75,3.7705421923585543,4.0,0.3159053129257113,4.6,0.6399999999999999,1.0,0,1,1,0
1,0.0,14.0,0.0,3,0,1.0,1.0,0.0,0.0,0.0,0,3.0,1.2,1.75,1.5,0.9375,4.0,4.0,0.0,5.0,0.0,5.0,1,0,1,0
1,0.0,14.0,0.0,0,1,1.0,1.0,0.0,0.0,1.0,0,3.4,0.24,2.625,2.0,0.734375,3.0,3.0,0.8571428571428571,4.2,0.1599999999999999,1.0,1,0,1,0
1,0.0,14.0,0.0,0,1,1.0,1.0,0.0,0.0,1.0,0,3.2,1.36,2.625,3.0,0.734375,4.0,4.0,0.0,4.6,0.6399999999999999,1.0,0,1,1,0
1,0.0,14.0,1.0,0,1,1.0,1.0,0.0,0.0,1.0,0,4.0,0.0,2.625,3.0,0.734375,3.2857142857142856,3.0,0.489795918367347,4.0,0.4,2.0,1,0,1,0
1,0.0,14.0,0.0,0,1,1.0,1.0,0.0,0.0,1.0,0,3.8,0.1599999999999999,1.75,2.0,0.4375,3.4285714285714284,4.0,1.1020408163265307,4.6,0.6399999999999999,1.0,0,1,1,0
1,0.0,14.0,0.0,0,1,1.0,1.0,0.0,0.0,1.0,0,3.8,0.1599999999999999,1.625,1.5,0.484375,3.4285714285714284,4.0,1.1020408163265307,4.6,0.6399999999999999,1.0,1,0,1,0
1,1.0,14.0,1.0,0,1,1.0,1.0,0.0,0.0,0.0,0,3.8,0.1599999999999999,2.625,3.0,0.734375,2.5714285714285716,2.0,1.673469387755102,3.0,0.4,1.0,0,1,1,0
1,1.0,14.0,0.0,3,2,1.0,1.0,0.0,0.0,1.0,0,3.4,0.24,2.625,3.0,0.734375,3.857142857142857,4.0,0.1224489795918367,5.0,0.0,4.0,1,0,1,0
1,0.0,14.0,0.0,0,1,1.0,1.0,0.0,0.0,1.0,0,3.6,0.24,2.25,2.5,0.6875,3.857142857142857,4.0,0.1224489795918367,3.0,1.6,1.0,1,0,1,0
1,0.0,14.0,0.0,0,1,1.0,1.0,0.0,0.0,0.0,0,3.4,0.64,2.25,2.0,1.4375,4.0,4.0,0.0,4.0,0.4,1.0,0,1,0,1
1,0.0,14.0,0.0,0,1,1.0,1.0,0.0,0.0,0.0,0,3.4,0.64,2.25,2.0,1.4375,3.0,4.0,1.4285714285714286,3.4,0.64,1.0,0,1,1,0
1,1.0,15.0,0.0,0,1,1.0,1.0,0.0,0.0,1.0,0,2.8,1.36,2.25,2.0,0.4375,3.2857142857142856,3.0,0.489795918367347,4.8,0.1599999999999999,2.0,1,0,1,0
1,1.0,14.0,0.0,0,1,1.0,1.0,0.0,0.0,0.0,0,3.8,0.1599999999999999,2.25,2.5,0.6875,2.5714285714285716,3.0,1.3877551020408163,4.4,0.24,1.0,0,1,1,0
1,1.0,15.0,0.0,0,1,1.0,0.0,0.0,0.0,0.0,0,4.0,0.0,2.0,2.0,1.0,3.5714285714285716,4.0,1.1020408163265307,5.0,0.0,4.0,1,0,1,0
1,0.0,14.0,0.0,0,1,1.0,1.0,0.0,0.0,1.0,0,3.8,0.1599999999999999,2.25,1.5,1.9375,4.0,4.0,0.0,4.4,0.6399999999999999,1.0,1,0,1,0
1,0.0,15.0,0.0,2,0,1.0,1.0,0.0,0.0,1.0,0,3.8,0.1599999999999999,3.375,4.0,0.734375,3.7142857142857144,4.0,0.489795918367347,4.2,2.560000000000001,1.0,1,0,1,0
1,0.0,14.0,0.0,0,1,1.0,1.0,0.0,0.0,0.0,0,4.0,0.0,2.375,2.0,1.734375,4.0,4.0,0.0,5.0,0.0,1.0,1,0,1,0
1,0.0,14.0,0.0,0,1,1.0,1.0,0.0,0.0,1.0,0,2.6,0.64,2.875,3.0,0.859375,3.5714285714285716,4.0,0.5306122448979592,4.2,0.5599999999999999,2.0,0,1,1,0
1,0.0,14.0,0.0,0,1,1.0,1.0,0.0,0.0,0.0,0,3.4,0.24,2.625,2.5,0.984375,3.7142857142857144,4.0,0.2040816326530612,3.8,0.5599999999999999,1.0,1,0,1,0
1,0.0,14.0,0.0,0,1,1.0,1.0,0.0,0.0,0.0,0,4.0,0.0,2.5,2.5,2.25,4.0,4.0,0.0,4.2,0.96,1.0,1,0,1,0
2,1.0,16.0,0.0,2,2,1.0,1.0,0.0,0.0,0.0,0,3.6,0.24,1.75,1.5,0.6875,4.0,4.0,0.0,2.4,2.24,5.0,1,0,1,0
1,1.0,15.0,0.0,3,2,1.0,0.0,0.0,0.0,0.0,0,2.6,0.64,2.125,2.0,0.609375,2.7142857142857144,4.0,2.2040816326530615,3.6,2.24,5.0,1,0,1,0
1,0.0,16.0,0.0,0,1,0.0,0.0,0.0,0.0,1.0,0,3.0,0.4,3.25,3.0,0.4375,2.142857142857143,2.0,0.6938775510204082,2.8572001001753065,0.7103676462609967,4.0,1,0,1,0
1,0.0,15.0,1.0,0,1,0.0,0.0,1.0,0.0,1.0,0,3.2,0.5599999999999999,1.5,1.0,1.0,2.4285714285714284,3.0,1.1020408163265307,4.0,0.8,1.0,0,1,1,0
1,1.0,15.0,0.0,4,3,1.0,0.0,0.0,0.0,0.0,0,3.8,0.1599999999999999,2.125,2.5,0.859375,3.857142857142857,4.0,0.1224489795918367,2.6,2.24,1.0,0,1,1,0
1,0.0,17.0,0.0,4,4,1.0,1.0,0.0,0.0,1.0,1,2.2,1.36,2.375,2.5,1.484375,4.0,4.0,0.0,4.6,0.24,1.0,1,0,1,0
1,1.0,16.0,1.0,0,1,1.0,0.0,0.0,0.0,0.0,0,2.0,0.8,2.375,2.5,0.984375,1.7142857142857142,2.0,0.489795918367347,3.6,0.24,1.0,0,1,1,0
2,1.0,17.0,1.0,4,4,1.0,0.0,0.0,0.0,0.0,0,1.7342335583895974,0.4194614395034117,1.5,1.0,0.75,2.3575544976196445,2.0,1.7662480316546427,4.4,1.44,1.0,0,1,1,0
1,0.0,17.0,0.0,3,1,1.0,1.0,0.0,0.0,1.0,0,2.8,0.1599999999999999,2.125,2.0,0.609375,2.9133993352156975,3.0,0.0449980508464987,4.0,0.4,1.0,0,1,1,0
1,1.0,17.0,0.0,0,1,1.0,1.0,0.0,0.0,1.0,0,3.8,0.1599999999999999,1.125,1.0,0.109375,3.470687247072306,4.0,1.0765839963337716,4.4,0.6399999999999999,3.0,1,0,1,0
2,1.0,17.0,1.0,2,0,1.0,0.0,0.0,0.0,0.0,0,1.4,0.24,2.75,3.0,1.6875,3.0,4.0,1.4285714285714286,3.6,1.84,1.0,0,1,1,0
1,0.0,17.0,1.0,2,3,0.0,0.0,0.0,0.0,0.0,1,2.8,2.16,2.375,2.5,1.484375,2.2857142857142856,1.0,2.2040816326530615,4.2,2.56,2.0,0,1,1,0
1,0.0,15.0,0.0,2,3,1.0,0.0,0.0,0.0,0.0,0,3.2,0.1599999999999999,1.75,1.5,0.9375,2.7142857142857144,3.0,1.6326530612244896,4.0,1.6,1.0,0,1,1,0
1,0.0,16.0,0.0,2,2,1.0,0.0,0.0,0.0,0.0,0,2.6,0.64,2.875,3.5,1.609375,3.7142857142857144,4.0,0.489795918367347,4.2,0.5599999999999999,2.0,0,1,1,0
1,1.0,17.0,0.0,0,1,1.0,0.0,1.0,0.0,1.0,0,2.4,1.04,2.75,3.0,0.4375,3.5714285714285716,4.0,0.2448979591836734,3.0,1.2,4.0,1,0,1,0
1,1.0,16.0,1.0,2,2,1.0,1.0,0.0,0.0,1.0,0,2.4,0.64,2.5,2.5,0.75,2.7142857142857144,3.0,0.489795918367347,3.6,1.04,3.0,1,0,1,0
1,0.0,15.0,0.0,0,1,1.0,1.0,0.0,0.0,0.0,0,4.0,0.0,1.875,2.0,0.609375,3.0,3.0,0.8571428571428571,3.2,0.96,4.0,1,0,1,0
1,0.0,15.0,0.0,2,2,1.0,0.0,1.0,0.0,1.0,0,3.2,0.1599999999999999,2.375,2.0,0.984375,3.0,3.0,0.0,2.8,0.96,1.0,1,0,1,0
1,1.0,15.0,1.0,3,4,1.0,1.0,0.0,0.0,1.0,1,2.4,0.24,2.25,2.0,0.1875,3.7142857142857144,4.0,0.2040816326530612,3.4,0.24,2.0,0,1,1,0
1,1.0,14.0,1.0,0,1,1.0,1.0,0.0,0.0,0.0,0,2.4,0.64,2.75,3.0,0.4375,3.5714285714285716,4.0,0.2448979591836734,3.4,0.24,1.0,1,0,1,0
1,1.0,15.0,0.0,2,0,1.0,1.0,0.0,0.0,1.0,0,4.0,0.0,2.125,1.0,2.109375,4.0,4.0,0.0,4.0,0.4,1.0,1,0,1,0
2,1.0,15.0,0.0,0,1,1.0,1.0,0.0,0.0,1.0,1,3.0,0.4,2.25,2.0,0.9375,3.5714285714285716,4.0,0.5306122448979592,3.4,0.64,2.0,1,0,1,0
1,1.0,14.0,0.0,0,1,1.0,1.0,0.0,0.0,1.0,0,3.0,0.0,2.125,2.0,0.609375,3.5714285714285716,4.0,0.5306122448979593,4.0,0.8,2.0,0,1,1,0
2,1.0,14.0,0.0,0,1,1.0,1.0,0.0,0.0,0.0,0,3.0,0.0,2.125,2.0,1.109375,3.5714285714285716,4.0,0.2448979591836734,4.2,0.5599999999999999,2.0,1,0,1,0
1,1.0,16.0,0.0,3,3,0.0,0.0,1.0,1.0,1.0,0,3.2,0.96,2.25,2.0,0.6875,3.857142857142857,4.0,0.1224489795918367,4.2,1.36,1.0,1,0,1,0
1,1.0,16.0,0.0,2,2,1.0,0.0,0.0,0.0,1.0,0,2.2,2.16,2.375,2.0,0.234375,4.0,4.0,0.0,4.2,0.5599999999999999,1.0,0,1,1,0
1,0.0,15.0,0.0,0,1,1.0,0.0,0.0,0.0,1.0,1,3.2,0.1599999999999999,2.625,3.0,0.734375,3.0,3.0,0.8571428571428571,3.8,0.96,3.0,1,0,1,0
1,1.0,16.0,0.0,0,1,1.0,0.0,0.0,0.0,0.0,1,3.4,0.64,1.625,2.0,0.234375,3.4285714285714284,4.0,0.816326530612245,4.0,0.4,1.0,0,1,1,0
1,1.0,15.0,1.0,2,0,1.0,0.0,0.0,0.0,0.0,0,2.2,0.5599999999999999,2.875,3.0,0.359375,2.4285714285714284,3.0,0.5306122448979592,4.0,0.0,2.0,1,0,1,0
2,1.0,16.0,0.0,0,1,1.0,0.0,0.0,0.0,0.0,0,2.4,0.24,2.375,2.5,1.484375,2.2857142857142856,2.0,0.7755102040816327,4.4,0.6399999999999999,5.0,1,0,1,0
1,1.0,14.0,0.0,2,0,1.0,1.0,1.0,0.0,1.0,0,2.6,0.24,2.125,2.0,0.609375,2.8167772002150926,3.0,1.1828180813122058,4.0,0.8,1.0,0,1,1,0
2,1.0,14.0,1.0,2,2,1.0,0.0,0.0,0.0,0.0,0,1.0,0.0,2.75,2.5,0.6875,2.2257350051798666,3.0,1.1628806125241826,4.4,0.64,2.0,1,0,1,0
1,1.0,15.0,0.0,4,2,1.0,1.0,0.0,0.0,1.0,0,2.8,0.96,2.0,2.0,0.25,4.0,4.0,0.0,3.8,2.1600000000000006,1.0,0,1,1,0
1,1.0,14.0,1.0,0,1,1.0,1.0,0.0,0.0,1.0,1,1.6,0.24,2.25,1.5,1.9375,2.2857142857142856,2.0,1.6326530612244896,4.0,0.8,2.0,0,1,0,1
1,1.0,14.0,0.0,0,1,1.0,1.0,0.0,0.0,1.0,0,3.6,0.24,2.875,3.0,1.109375,4.0,4.0,0.0,4.2,0.5599999999999999,1.0,0,1,1,0
1,1.0,15.0,0.0,2,0,1.0,1.0,0.0,0.0,1.0,0,3.0,0.4,2.0,2.0,0.5,2.5714285714285716,3.0,1.959183673469388,3.2,1.7600000000000002,2.0,1,0,0,1
1,0.0,14.0,0.0,0,1,1.0,1.0,0.0,0.0,1.0,1,2.4,0.24,2.25,2.0,0.9375,3.142857142857143,3.0,0.6938775510204082,3.6,1.4400000000000002,3.0,1,0,1,0
1,1.0,15.0,0.0,0,1,1.0,1.0,0.0,0.0,1.0,0,3.4,0.24,2.625,3.0,0.234375,2.5714285714285716,3.0,0.5306122448979592,2.4572001001753065,2.0361277264012423,1.0,1,0,1,0
1,1.0,15.0,1.0,2,0,1.0,1.0,0.0,0.0,1.0,0,1.4,0.24,2.625,3.0,0.734375,2.4285714285714284,2.0,1.9591836734693877,3.6,0.24,1.0,0,1,1,0
1,0.0,14.0,0.0,2,2,1.0,1.0,0.0,0.0,1.0,0,2.0,0.4,2.25,2.0,0.4375,3.2857142857142856,4.0,0.7755102040816327,3.0,2.0,3.0,0,1,1,0
1,0.0,15.0,0.0,4,4,1.0,0.0,0.0,0.0,0.0,1,2.6,1.04,2.5,3.0,0.5,3.2857142857142856,3.0,0.489795918367347,4.4,0.64,3.0,1,0,1,0
1,0.0,15.0,0.0,0,1,1.0,0.0,0.0,0.0,1.0,0,3.4,0.24,2.875,3.0,1.359375,4.0,4.0,0.0,4.0,0.0,1.0,1,0,1,0
2,1.0,15.0,0.0,0,1,1.0,0.0,0.0,0.0,0.0,0,1.8,0.16,2.75,3.0,0.9375,2.857142857142857,3.0,1.2653061224489794,4.2,0.1599999999999999,1.0,0,1,1,0
2,1.0,15.0,0.0,2,1,1.0,0.0,0.0,0.0,0.0,1,2.4,1.0400000000000005,2.75,3.0,1.6875,1.8571428571428572,1.0,1.2653061224489794,5.0,0.0,2.0,0,1,1,0
2,1.0,14.0,0.0,2,2,0.0,1.0,0.0,1.0,1.0,0,1.4,0.24,2.25,2.0,0.9375,2.4285714285714284,2.0,1.3877551020408163,4.0,0.8,4.0,0,1,1,0
1,1.0,14.0,1.0,2,2,1.0,1.0,0.0,0.0,1.0,1,3.2,1.36,2.5,2.0,1.5,2.857142857142857,4.0,1.8367346938775508,3.8,0.5599999999999999,1.0,0,1,1,0
1,1.0,16.0,1.0,2,2,1.0,0.0,1.0,0.0,1.0,0,3.0,0.8,2.125,2.0,0.859375,3.2857142857142856,4.0,0.7755102040816327,2.0,2.4,4.0,1,0,0,1
2,1.0,15.0,0.0,4,4,1.0,1.0,0.0,0.0,1.0,1,3.2,0.5599999999999999,2.875,3.0,1.359375,3.4285714285714284,4.0,0.5306122448979592,3.8,0.5599999999999999,1.0,0,1,1,0
1,0.0,15.0,0.0,0,1,1.0,0.0,0.0,0.0,0.0,1,2.6,0.24,2.25,2.5,1.1875,2.5714285714285716,2.0,1.673469387755102,4.0,0.4,1.0,0,1,1,0
1,0.0,15.0,0.0,0,1,1.0,1.0,0.0,0.0,1.0,0,3.6,0.24,2.25,2.0,0.9375,4.0,4.0,0.0,4.8,0.1599999999999999,4.0,1,0,1,0
1,0.0,15.0,0.0,0,1,1.0,0.0,0.0,0.0,1.0,1,3.8,0.1599999999999999,2.375,2.5,1.484375,4.0,4.0,0.0,5.0,0.0,2.0,0,1,1,0
1,1.0,15.0,0.0,0,1,1.0,0.0,0.0,0.0,0.0,0,2.0,0.4,2.5,3.0,0.5,3.5714285714285716,4.0,0.5306122448979592,5.0,0.0,2.0,0,1,0,1
1,0.0,15.0,0.0,0,1,1.0,0.0,1.0,0.0,0.0,0,3.0,0.4,2.375,2.0,1.234375,2.857142857142857,4.0,1.8367346938775508,5.0,0.0,1.0,0,1,1,0
1,0.0,15.0,0.0,0,1,1.0,1.0,0.0,0.0,0.0,0,2.0,0.8,2.125,1.5,1.609375,3.5714285714285716,4.0,1.1020408163265307,4.0,2.4,1.0,1,0,1,0
1,0.0,16.0,0.0,0,1,1.0,0.0,1.0,0.0,1.0,0,3.0,0.4,2.20059375,2.0,0.8804774677734376,3.7142857142857144,4.0,0.2040816326530612,4.0,0.4,2.0,0,1,1,0
1,0.0,15.0,0.0,0,1,1.0,1.0,0.0,0.0,1.0,1,3.2,0.5599999999999999,2.625,2.5,0.484375,3.142857142857143,3.0,0.4081632653061224,4.0,0.4,4.0,1,0,1,0
1,1.0,15.0,0.0,0,1,1.0,1.0,0.0,0.0,1.0,0,3.2,0.1599999999999999,2.125,2.0,1.359375,3.2857142857142856,3.0,0.2040816326530612,3.8,0.1599999999999999,1.0,0,1,1,0
1,0.0,15.0,0.0,2,2,1.0,0.0,0.0,0.0,1.0,1,2.6,0.64,2.125,2.0,0.859375,3.5714285714285716,4.0,0.5306122448979592,4.2,2.56,1.0,0,1,0,1
1,1.0,15.0,0.0,0,1,1.0,1.0,0.0,0.0,1.0,0,2.8,0.1599999999999999,2.375,2.5,0.484375,3.0,3.0,0.0,3.8,0.1599999999999999,1.0,0,1,0,1
1,0.0,16.0,0.0,2,0,1.0,1.0,0.0,1.0,1.0,1,2.6,0.24,2.0,2.0,0.25,3.142857142857143,3.0,0.6938775510204082,4.2,0.1599999999999999,3.0,1,0,1,0
2,1.0,17.0,1.0,2,2,1.0,0.0,0.0,0.0,1.0,0,2.6,0.24,2.125,2.0,0.359375,3.5714285714285716,4.0,0.2448979591836734,4.0,0.8,1.0,0,1,1,0
1,1.0,14.0,0.0,0,1,1.0,1.0,0.0,0.0,1.0,0,3.8,0.1599999999999999,2.3991018454906787,2.4144439655172416,0.1341968291381966,3.4285714285714284,4.0,0.5306122448979592,3.4,1.44,1.0,1,0,1,0
1,0.0,15.0,0.0,0,1,1.0,1.0,0.0,0.0,1.0,0,3.6,0.24,2.5,2.5,0.75,3.857142857142857,4.0,0.1224489795918367,3.4,0.64,3.0,1,0,1,0
2,1.0,16.0,0.0,3,3,1.0,0.0,0.0,0.0,1.0,1,3.2,0.5599999999999999,2.25,2.5,0.6875,3.5714285714285716,4.0,0.5306122448979592,2.0,1.6,1.0,1,0,1,0
1,1.0,16.0,0.0,0,1,1.0,0.0,0.0,0.0,1.0,0,3.6,0.24,1.875,1.5,1.109375,3.2857142857142856,3.0,0.489795918367347,4.0,0.8,1.0,0,1,1,0
2,1.0,15.0,1.0,3,3,1.0,0.0,0.0,0.0,0.0,0,3.2,0.1599999999999999,2.875,3.0,0.609375,3.2857142857142856,3.0,0.2040816326530612,3.6,0.24,4.0,1,0,1,0
1,0.0,15.0,0.0,0,1,1.0,1.0,0.0,0.0,0.0,0,3.2,0.1599999999999999,2.125,2.0,1.109375,3.4285714285714284,3.0,0.2448979591836734,3.2,0.1599999999999999,1.0,1,0,1,0
1,1.0,15.0,0.0,0,1,1.0,1.0,0.0,0.0,0.0,0,2.6,0.24,2.125,2.0,0.609375,2.7142857142857144,3.0,1.346938775510204,3.4,1.84,1.0,0,1,1,0
1,1.0,15.0,0.0,0,1,0.0,0.0,0.0,0.0,0.0,1,3.0,0.4,2.375,2.0,0.234375,3.0,3.0,1.1428571428571428,4.0,1.6,1.0,0,1,1,0
2,1.0,17.0,1.0,2,2,1.0,0.0,1.0,0.0,0.0,1,1.6,0.24,2.625,3.0,0.734375,2.0,2.0,0.5714285714285714,3.4,1.84,2.0,0,1,0,1
1,0.0,16.0,0.0,0,1,1.0,1.0,0.0,0.0,1.0,0,2.4,0.64,2.375,3.0,1.234375,3.142857142857143,4.0,0.979591836734694,5.0,0.0,4.0,0,1,1,0
1,0.0,15.0,0.0,0,1,1.0,0.0,1.0,0.0,1.0,0,3.2,0.1599999999999999,2.625,3.0,0.234375,3.7142857142857144,4.0,0.2040816326530612,3.4,0.64,5.0,1,0,1,0
1,1.0,15.0,0.0,2,2,1.0,0.0,0.0,0.0,0.0,0,3.4,0.24,2.5,2.5,1.75,3.857142857142857,4.0,0.1224489795918367,5.0,0.0,1.0,0,1,1,0
1,0.0,15.0,0.0,0,1,1.0,0.0,0.0,0.0,1.0,0,2.4,0.64,2.375,2.5,0.484375,3.4285714285714284,4.0,0.5306122448979592,3.4,2.64,1.0,0,1,0,1
2,1.0,16.0,1.0,2,0,1.0,0.0,0.0,0.0,0.0,0,3.8,0.1599999999999999,2.625,2.5,1.484375,3.4285714285714284,4.0,0.816326530612245,3.8,0.1599999999999999,3.0,1,0,1,0
1,0.0,16.0,0.0,2,2,0.0,0.0,0.0,0.0,0.0,1,3.0,0.4,2.5,2.5,1.25,3.142857142857143,3.0,0.1224489795918367,3.0,1.6,3.0,1,0,1,0
2,1.0,17.0,1.0,3,3,0.0,0.0,1.0,0.0,0.0,0,3.0,1.6,2.125,2.0,1.109375,3.142857142857143,4.0,1.8367346938775508,4.8,0.1599999999999999,3.0,1,0,1,0
1,0.0,16.0,1.0,2,2,0.0,0.0,0.0,0.0,0.0,1,1.8,0.16,1.75,2.0,0.4375,3.5714285714285716,4.0,0.2448979591836734,4.2,0.1599999999999999,1.0,0,1,1,0
1,0.0,17.0,0.0,0,1,1.0,1.0,0.0,0.0,1.0,0,3.0,0.0,2.875,3.0,1.109375,2.7142857142857144,3.0,0.489795918367347,4.0,0.0,5.0,1,0,1,0
2,1.0,17.0,0.0,2,2,0.0,0.0,0.0,0.0,0.0,1,3.4,0.24,3.25,3.5,0.6875,2.857142857142857,3.0,1.5510204081632657,4.0,0.4,1.0,1,0,0,1
2,1.0,16.0,0.0,3,2,1.0,0.0,0.0,0.0,0.0,1,2.4,0.24,2.375,3.0,0.734375,2.2857142857142856,2.0,0.7755102040816327,4.0,0.4,1.0,0,1,1,0
2,1.0,17.0,1.0,0,1,1.0,0.0,0.0,0.0,1.0,1,2.8,0.5599999999999999,1.875,2.0,0.359375,3.0,3.0,0.5714285714285714,3.2,0.5599999999999999,5.0,1,0,1,0
2,1.0,17.0,0.0,2,2,0.0,0.0,0.0,0.0,0.0,1,3.8,0.1599999999999999,2.625,3.0,1.734375,2.5714285714285716,3.0,1.3877551020408163,4.2,0.96,3.0,1,0,1,0
2,1.0,17.0,0.0,2,3,1.0,0.0,0.0,0.0,0.0,0,3.0,0.4,2.75,3.0,0.4375,2.0,2.0,0.5714285714285714,4.4,0.24,3.0,1,0,1,0
1,1.0,15.0,0.0,0,1,1.0,1.0,0.0,0.0,1.0,0,3.4,0.24,2.625,2.5,0.484375,3.857142857142857,4.0,0.1224489795918367,3.4,1.04,3.0,1,0,1,0
1,0.0,17.0,0.0,2,2,1.0,1.0,0.0,0.0,0.0,0,2.0,0.4,1.375,1.0,0.484375,3.4285714285714284,4.0,0.816326530612245,4.291007029103776,0.3714391272155414,3.0,1,0,1,0
1,0.0,17.0,0.0,0,1,1.0,0.0,0.0,0.0,0.0,1,3.0,1.2,2.375,2.5,1.484375,2.4285714285714284,3.0,1.673469387755102,3.4,2.24,3.0,1,0,1,0
1,1.0,14.0,1.0,2,2,1.0,1.0,0.0,0.0,1.0,0,2.6,0.24,2.5,2.5,0.25,2.2857142857142856,3.0,0.7755102040816327,3.4,0.24,3.0,0,1,1,0
1,0.0,14.0,1.0,0,1,1.0,1.0,0.0,0.0,0.0,0,2.2,0.1599999999999999,2.625,3.0,1.234375,2.3171888406918795,2.0,1.6434275658666313,4.4,0.6399999999999999,1.0,0,1,0,1
1,1.0,14.0,0.0,0,1,1.0,1.0,0.0,0.0,1.0,0,2.0,0.4,2.375,2.5,0.484375,2.192001143714929,2.0,0.7926152065556165,3.6,0.24,3.0,1,0,1,0
1,0.0,14.0,0.0,0,1,1.0,1.0,0.0,0.0,1.0,0,3.2,0.5599999999999999,2.625,2.5,0.984375,3.5714285714285716,4.0,1.1020408163265307,1.8,2.5600000000000005,4.0,1,0,1,0
1,0.0,15.0,1.0,4,4,1.0,1.0,0.0,0.0,1.0,0,2.6,0.24,2.125,2.0,1.359375,3.857142857142857,4.0,0.1224489795918367,4.0,1.2,5.0,1,0,1,0
1,1.0,14.0,0.0,2,2,0.0,0.0,1.0,0.0,0.0,0,3.2,0.5599999999999999,1.75,2.0,0.4375,3.7142857142857144,4.0,0.489795918367347,4.2,1.36,2.0,1,0,1,0
1,0.0,14.0,0.0,0,1,1.0,1.0,0.0,0.0,0.0,0,3.6,0.24,2.25,2.0,1.4375,4.0,4.0,0.0,4.6,0.6399999999999999,2.0,1,0,1,0
1,1.0,14.0,0.0,0,1,1.0,1.0,0.0,0.0,1.0,0,3.0,0.4,2.375,2.0,0.734375,2.857142857142857,2.0,0.979591836734694,4.6,0.24,1.0,0,1,1,0
1,0.0,14.0,1.0,0,1,1.0,1.0,0.0,0.0,0.0,0,3.2,0.5599999999999999,2.375,2.0,1.984375,2.142857142857143,2.0,1.2653061224489797,2.8,1.36,1.0,0,1,1,0
1,0.0,14.0,0.0,0,1,1.0,0.0,1.0,0.0,1.0,0,1.4,0.24,3.25,4.0,1.1875,1.0,1.0,0.0,5.0,0.0,1.0,1,0,1,0
1,1.0,14.0,0.0,2,4,1.0,1.0,0.0,0.0,1.0,0,2.4,1.04,2.25,2.0,0.9375,2.5714285714285716,3.0,1.959183673469388,4.4,0.6399999999999999,5.0,1,0,1,0
1,1.0,15.0,0.0,3,0,1.0,0.0,0.0,0.0,0.0,0,3.8,0.1599999999999999,2.25,2.0,1.4375,2.857142857142857,3.0,1.5510204081632657,4.0,0.8,5.0,1,0,1,0
1,0.0,17.0,0.0,3,3,0.0,1.0,0.0,0.0,0.0,0,3.0,1.6,2.625,3.0,1.234375,2.142857142857143,1.0,1.8367346938775508,4.2,0.5599999999999999,1.0,0,1,1,0
1,0.0,17.0,0.0,3,3,0.0,1.0,0.0,0.0,0.0,0,3.8,0.1599999999999999,2.25,2.0,0.1875,4.0,4.0,0.0,4.0,0.4,1.0,0,1,1,0
1,0.0,17.0,0.0,3,3,0.0,1.0,0.0,0.0,0.0,0,3.8,0.1599999999999999,1.875,2.0,0.609375,3.5714285714285716,4.0,0.5306122448979593,4.8,0.1599999999999999,2.0,0,1,1,0
1,0.0,17.0,0.0,0,1,1.0,0.0,0.0,0.0,0.0,0,2.4,1.04,2.82559375,3.302375,1.6141102802734375,2.857142857142857,4.0,1.8367346938775508,4.8,0.1599999999999999,1.0,0,1,1,0
1,0.0,17.0,0.0,3,0,1.0,1.0,0.0,0.0,0.0,0,4.0,0.0,1.75,1.0,0.9375,3.142857142857143,3.0,0.1224489795918367,4.0,0.4,5.0,1,0,1,0
1,0.0,17.0,1.0,3,3,1.0,1.0,0.0,0.0,0.0,0,2.6,0.24,2.3501628664495113,2.0,0.2573210325839001,3.0,3.0,0.2857142857142857,4.2,0.1599999999999999,3.0,1,0,0,1
1,0.0,17.0,0.0,4,4,1.0,1.0,0.0,0.0,1.0,0,2.8,0.96,2.25,2.0,1.1875,2.7142857142857144,3.0,1.6326530612244896,4.2,0.5599999999999999,5.0,1,0,1,0
1,0.0,17.0,0.0,0,1,1.0,0.0,0.0,0.0,0.0,0,2.6,0.24,4.0,4.0,0.0,1.0,1.0,0.0,3.4,1.8400000000000003,1.0,1,0,1,0
1,0.0,17.0,0.0,0,1,1.0,1.0,0.0,0.0,1.0,0,3.6,0.24,2.375,2.0,1.234375,3.7142857142857144,4.0,0.489795918367347,4.6,0.6399999999999999,1.0,0,1,1,0
1,0.0,17.0,0.0,0,1,1.0,0.0,0.0,0.0,1.0,0,3.0,0.4,2.125,2.0,0.609375,3.7142857142857144,4.0,0.2040816326530612,4.8,0.1599999999999999,1.0,0,1,1,0
1,0.0,17.0,1.0,4,2,1.0,1.0,0.0,0.0,0.0,0,2.6,0.24,2.125,2.0,0.609375,2.857142857142857,2.0,0.979591836734694,3.8,0.1599999999999999,1.0,0,1,1,0
1,0.0,17.0,0.0,3,3,1.0,1.0,0.0,0.0,0.0,0,1.8,0.16,2.625,3.0,0.984375,1.8571428571428572,2.0,0.6938775510204082,3.4,0.24,1.0,0,1,0,1
1,0.0,17.0,0.0,0,1,1.0,1.0,0.0,0.0,1.0,0,3.8,0.1599999999999999,2.125,1.5,1.609375,4.0,4.0,0.0,5.0,0.0,1.0,0,1,1,0
1,0.0,17.0,0.0,4,4,1.0,0.0,0.0,0.0,1.0,0,3.0,0.4,2.019218710810133,1.5768748432405315,1.2525855119164246,2.7142857142857144,3.0,0.489795918367347,3.2,0.1599999999999999,2.0,0,1,1,0
1,0.0,14.0,0.0,0,1,1.0,1.0,0.0,0.0,0.0,0,3.8,0.1599999999999999,1.6001628664495111,1.9006514657980456,0.2200653322581671,4.0,4.0,0.0,5.0,0.0,1.0,1,0,1,0
1,0.0,14.0,0.0,0,1,0.0,1.0,0.0,0.0,0.0,0,3.2,0.5599999999999999,2.625,3.0,1.234375,3.4285714285714284,4.0,0.5306122448979592,4.2,0.5599999999999999,1.0,1,0,1,0
1,1.0,14.0,0.0,2,0,1.0,0.0,0.0,0.0,0.0,0,2.0,1.2,2.0,1.0,1.75,1.4285714285714286,1.0,0.5306122448979591,4.002447552447553,2.3962051934081e-05,1.0,0,1,1,0
1,0.0,14.0,0.0,0,1,1.0,1.0,0.0,0.0,1.0,0,2.5979924717691345,0.2384100980936982,2.625,3.0,1.234375,2.5714285714285716,2.0,1.673469387755102,4.6,0.24,1.0,0,1,1,0
1,1.0,17.0,0.0,4,4,1.0,0.0,0.0,0.0,0.0,0,1.6,0.64,1.0,1.0,0.0,2.5714285714285716,2.0,0.5306122448979592,5.0,0.0,1.0,0,1,1,0
1,1.0,14.0,1.0,0,1,1.0,0.0,0.0,0.0,0.0,0,3.0,0.8,2.375,2.5,0.984375,3.261904393338928,3.344008006004503,0.1709657741508746,3.4,1.84,4.0,1,0,1,0
1,0.0,14.0,0.0,0,1,1.0,1.0,0.0,0.0,1.0,0,3.0,0.4,2.625,3.0,0.234375,3.7142857142857144,4.0,0.2040816326530612,4.2,0.5599999999999999,1.0,0,1,1,0
1,0.0,14.0,0.0,2,2,1.0,1.0,0.0,1.0,0.0,1,2.6,0.24,2.75,3.0,0.9375,3.2857142857142856,4.0,0.7755102040816327,4.6,0.24,1.0,0,1,1,0
1,0.0,14.0,0.0,0,1,1.0,1.0,0.0,0.0,0.0,0,4.0,0.0,3.125,4.0,1.359375,3.906286858000643,4.0,0.0526929179003495,2.8,1.36,1.0,0,1,1,0
1,0.0,14.0,0.0,2,2,0.0,1.0,0.0,0.0,0.0,0,3.2,0.5599999999999999,2.75,3.0,1.4375,2.5714285714285716,3.0,1.1020408163265307,1.4,0.64,2.0,0,1,0,1
1,0.0,15.0,0.0,0,1,1.0,0.0,0.0,0.0,0.0,0,3.2,0.5599999999999999,2.25,2.0,0.9375,3.5714285714285716,4.0,0.2448979591836734,3.4,0.24,1.0,1,0,0,1
1,0.0,16.0,1.0,5,4,1.0,1.0,0.0,0.0,1.0,0,2.2,0.5599999999999999,2.5,2.5,0.25,3.7142857142857144,4.0,0.2040816326530612,4.2,0.1599999999999999,3.0,0,1,1,0
1,0.0,16.0,0.0,3,3,1.0,1.0,0.0,0.0,1.0,0,3.6,0.64,2.75,2.5,0.6875,4.0,4.0,0.0,5.0,0.0,2.0,0,1,0,1
1,0.0,16.0,0.0,0,1,1.0,0.0,0.0,0.0,0.0,0,2.6,1.04,2.25,2.0,0.9375,4.0,4.0,0.0,3.0,0.0,1.0,0,1,1,0
1,0.0,16.0,0.0,0,1,1.0,0.0,0.0,0.0,0.0,0,2.5520482533299824,0.6108360826988081,2.625,3.0,0.484375,4.0,4.0,0.0,4.0,0.8,1.0,0,1,1,0
1,0.0,16.0,1.0,4,4,1.0,0.0,0.0,0.0,0.0,0,3.0,0.4,1.875,2.0,0.609375,3.0,3.0,0.8571428571428571,4.8,0.1599999999999999,2.0,0,1,0,1
1,0.0,16.0,0.0,3,3,1.0,1.0,0.0,0.0,1.0,0,2.6,1.4400000000000002,2.25,2.0,1.4375,3.142857142857143,4.0,1.2653061224489797,4.0,0.4,5.0,1,0,1,0
1,1.0,17.0,0.0,4,4,1.0,1.0,0.0,0.0,0.0,0,3.4,1.4400000000000002,2.5,2.0,1.0,2.2857142857142856,1.0,2.2040816326530615,5.0,0.0,4.0,0,1,0,1
1,0.0,16.0,0.0,2,2,1.0,0.0,0.0,0.0,0.0,0,3.4,0.24,2.625,3.0,0.734375,2.142857142857143,2.0,0.979591836734694,4.8,0.1599999999999999,1.0,0,1,1,0
1,0.0,16.0,0.0,3,3,1.0,1.0,1.0,1.0,0.0,0,2.4,1.4400000000000002,2.25,2.0,0.6875,1.7142857142857142,1.0,1.0612244897959182,5.0,0.0,1.0,0,1,1,0
1,0.0,16.0,0.0,3,2,1.0,1.0,0.0,0.0,1.0,0,2.4,0.64,2.25,2.5,1.1875,3.4285714285714284,4.0,0.5306122448979592,4.2,2.56,3.0,0,1,0,1
1,0.0,16.0,0.0,0,1,1.0,1.0,0.0,0.0,1.0,1,3.6,0.24,2.875,3.0,0.859375,2.857142857142857,3.0,1.2653061224489797,3.0,0.4,1.0,0,1,1,0
1,0.0,16.0,0.0,2,0,1.0,1.0,0.0,0.0,0.0,0,2.4,1.4400000000000002,2.5,2.5,1.75,3.857142857142857,4.0,0.1224489795918367,4.2,0.5599999999999999,5.0,1,0,1,0
1,0.0,16.0,0.0,0,1,1.0,1.0,0.0,0.0,1.0,0,3.0,0.4,2.5,2.0,1.0,3.7142857142857144,4.0,0.2040816326530612,4.2,0.96,1.0,0,1,0,1
1,0.0,16.0,0.0,2,3,1.0,0.0,1.0,0.0,0.0,0,4.0,0.0,2.375,2.0,0.234375,3.7142857142857144,4.0,0.2040816326530612,4.4,0.24,2.0,1,0,1,0
1,0.0,16.0,0.0,3,3,0.0,0.0,0.0,0.0,0.0,1,2.6,0.24,2.75,3.0,0.4375,3.142857142857143,4.0,1.2653061224489797,3.8,0.1599999999999999,1.0,0,1,1,0
1,0.0,16.0,0.0,0,1,1.0,1.0,0.0,0.0,0.0,0,3.8,0.1599999999999999,2.75,3.0,0.4375,4.0,4.0,0.0,4.2,0.5599999999999999,1.0,1,0,1,0
1,0.0,16.0,0.0,2,0,1.0,1.0,0.0,0.0,1.0,0,2.8,0.1599999999999999,1.875,2.0,0.109375,2.5714285714285716,3.0,1.959183673469388,4.8,0.1599999999999999,1.0,0,1,1,0
1,0.0,16.0,0.0,2,0,1.0,1.0,0.0,0.0,0.0,0,2.4,0.24,2.75,3.0,0.9375,2.7142857142857144,3.0,1.6326530612244898,2.2,0.96,4.0,1,0,1,0
1,0.0,17.0,0.0,4,4,1.0,0.0,0.0,0.0,1.0,0,2.8,0.96,2.375,2.0,0.984375,3.857142857142857,4.0,0.1224489795918367,4.0,1.6,4.0,0,1,0,1
2,1.0,15.0,0.0,0,1,1.0,1.0,0.0,0.0,1.0,0,3.4,1.44,1.875,1.0,1.609375,3.5714285714285716,4.0,1.1020408163265307,5.0,0.0,1.0,0,1,1,0
1,1.0,14.0,0.0,0,1,1.0,1.0,1.0,1.0,1.0,1,2.6,0.64,2.875,3.0,0.609375,2.2857142857142856,2.0,0.2040816326530612,4.2,0.5599999999999999,3.0,0,1,1,0
2,1.0,16.0,0.0,0,1,1.0,0.0,1.0,0.0,1.0,0,3.6,0.6400000000000002,1.875,2.0,0.609375,3.285749964321393,4.0,1.0612041096582068,4.6,0.24,1.0,0,1,1,0
2,1.0,15.0,0.0,4,0,1.0,1.0,0.0,0.0,1.0,0,3.2,0.1599999999999999,2.875,3.0,1.109375,3.857142857142857,4.0,0.1224489795918367,3.4,0.64,5.0,1,0,1,0
2,1.0,15.0,0.0,0,1,1.0,1.0,0.0,0.0,0.0,0,1.8,0.56,2.625,2.5,1.484375,3.5714285714285716,4.0,1.1020408163265307,3.4,1.44,1.0,0,1,1,0
1,0.0,15.0,0.0,0,1,1.0,1.0,0.0,0.0,0.0,0,2.8,0.96,2.5,2.5,0.25,3.0,3.0,0.5714285714285714,2.8,0.1599999999999999,4.0,1,0,1,0
1,1.0,14.0,0.0,0,1,1.0,1.0,0.0,0.0,1.0,0,2.6,0.24,2.0,2.0,0.5,2.857142857142857,3.0,0.4081632653061224,3.4,1.04,1.0,0,1,1,0
1,1.0,14.0,0.0,0,1,1.0,0.0,0.0,0.0,0.0,0,3.6,0.24,2.25,1.5,1.9375,3.4285714285714284,4.0,0.816326530612245,3.4,0.64,1.0,0,1,1,0
1,0.0,14.0,0.0,2,0,1.0,1.0,0.0,0.0,1.0,0,3.2,0.1599999999999999,2.625,3.0,0.234375,3.142857142857143,3.0,0.4081632653061224,4.2,0.5599999999999999,1.0,1,0,1,0
1,0.0,14.0,0.0,0,1,0.0,1.0,0.0,0.0,0.0,0,2.6,0.64,2.75,3.0,0.1875,2.857142857142857,3.0,0.4081632653061224,3.4,0.24,1.0,1,0,1,0
1,1.0,14.0,0.0,0,1,1.0,1.0,0.0,0.0,1.0,0,2.8,0.5599999999999999,2.875,2.5,0.859375,3.857142857142857,4.0,0.1224489795918367,3.4,1.04,1.0,0,1,1,0
1,0.0,14.0,0.0,0,1,1.0,1.0,0.0,0.0,0.0,0,2.6,0.24,2.375,2.0,0.234375,3.4285714285714284,3.0,0.2448979591836734,3.8,0.1599999999999999,1.0,1,0,1,0
1,0.0,15.0,0.0,0,1,1.0,1.0,0.0,0.0,0.0,0,3.8,0.1599999999999999,2.875,3.0,1.109375,3.0,4.0,1.7142857142857142,2.8,0.96,3.0,1,0,1,0
1,1.0,14.0,0.0,0,1,1.0,1.0,0.0,0.0,1.0,0,3.4,1.4400000000000002,1.875,1.0,1.359375,2.7142857142857144,4.0,2.2040816326530615,3.8,1.36,1.0,0,1,1,0
2,1.0,14.0,0.0,0,1,1.0,1.0,0.0,0.0,1.0,0,2.2,2.16,2.5,2.0,1.5,2.2857142857142856,1.0,2.204081632653061,2.2,1.36,4.0,1,0,1,0
1,1.0,15.0,0.0,0,1,1.0,0.0,0.0,0.0,1.0,0,3.6,0.24,2.375,2.0,0.734375,1.7142857142857142,1.0,0.7755102040816327,2.6,0.64,1.0,1,0,1,0
1,0.0,14.0,0.0,0,1,1.0,1.0,0.0,0.0,1.0,0,2.8,0.5599999999999999,1.75,2.0,0.4375,4.0,4.0,0.0,3.4,1.04,1.0,1,0,1,0
1,0.0,15.0,0.0,0,1,1.0,1.0,0.0,0.0,1.0,0,1.4,0.24,2.875,3.0,1.109375,2.7142857142857144,3.0,1.0612244897959184,5.0,0.0,1.0,0,1,1,0
1,0.0,14.0,0.0,2,0,1.0,1.0,0.0,0.0,0.0,0,3.4,0.64,2.0,2.0,0.5,2.2857142857142856,2.0,0.489795918367347,2.2,1.36,1.0,1,0,1,0
1,0.0,15.0,0.0,2,2,1.0,1.0,0.0,0.0,1.0,0,3.4,0.24,2.125,2.0,0.359375,2.5714285714285716,3.0,0.8163265306122449,2.6,0.64,4.0,1,0,1,0
1,0.0,14.0,0.0,2,0,1.0,1.0,0.0,0.0,0.0,0,2.6,0.24,2.375,2.5,0.484375,3.2857142857142856,3.0,0.489795918367347,3.6,2.24,5.0,1,0,1,0
1,0.0,15.0,0.0,0,1,1.0,1.0,0.0,0.0,1.0,0,3.2,0.5599999999999999,2.375,2.5,0.484375,3.857142857142857,4.0,0.1224489795918367,3.0,2.8,5.0,1,0,1,0
2,1.0,14.0,0.0,0,1,1.0,1.0,0.0,0.0,1.0,0,2.2,0.5599999999999999,3.125,3.0,0.359375,2.4285714285714284,2.0,0.816326530612245,3.0,2.0,1.0,1,0,1,0
1,0.0,15.0,0.0,0,1,1.0,1.0,0.0,0.0,1.0,0,2.4,0.24,2.5,2.5,0.75,3.0,3.0,0.8571428571428571,3.0,1.6,2.0,1,0,1,0
1,1.0,14.0,0.0,0,1,1.0,1.0,0.0,0.0,1.0,0,4.0,0.0,1.5,1.0,0.5,4.0,4.0,0.0,2.8,2.56,2.0,1,0,1,0
1,0.0,14.0,0.0,2,2,1.0,1.0,0.0,0.0,1.0,0,3.6,0.24,2.125,2.0,0.359375,3.142857142857143,3.0,0.6938775510204082,3.8,0.5599999999999999,5.0,1,0,1,0
2,1.0,15.0,0.0,0,1,1.0,1.0,0.0,0.0,1.0,0,3.8,0.1599999999999999,2.125,2.0,0.609375,2.857142857142857,3.0,0.9795918367346936,4.8,0.1599999999999999,4.0,0,1,1,0
1,0.0,15.0,0.0,0,1,1.0,1.0,0.0,0.0,0.0,0,4.0,0.0,2.625,2.5,0.984375,3.857142857142857,4.0,0.1224489795918367,5.0,0.0,1.0,1,0,1,0
2,1.0,15.0,0.0,0,1,0.0,1.0,0.0,0.0,0.0,1,1.6,1.4400000000000002,1.75,1.0,1.6875,3.142857142857143,4.0,1.8367346938775508,2.8,3.3600000000000003,1.0,0,1,0,1
1,1.0,15.0,1.0,2,0,1.0,0.0,0.0,0.0,1.0,0,2.6,0.24,2.125,2.0,0.609375,2.2857142857142856,2.0,1.6326530612244896,4.0,0.4,4.0,1,0,1,0
1,0.0,14.0,0.0,0,1,1.0,0.0,0.0,0.0,0.0,0,2.0,0.4,2.875,3.0,1.359375,1.7142857142857142,2.0,0.489795918367347,3.0,2.0,3.0,1,0,1,0
1,0.0,14.0,0.0,0,1,1.0,1.0,0.0,0.0,0.0,0,3.2,0.5599999999999999,2.0,2.0,0.25,4.0,4.0,0.0,3.2,1.7600000000000002,1.0,1,0,1,0
1,1.0,14.0,0.0,0,1,1.0,0.0,0.0,0.0,1.0,0,1.0,0.0,3.125,3.0,0.109375,1.0,1.0,0.0,2.6,1.0400000000000005,1.0,1,0,1,0
2,1.0,14.0,1.0,5,5,1.0,1.0,0.0,0.0,1.0,0,2.8,0.96,3.125,3.0,0.609375,2.4285714285714284,2.0,0.816326530612245,2.4,1.04,5.0,1,0,1,0
1,0.0,14.0,0.0,2,0,1.0,1.0,1.0,1.0,0.0,0,3.4,1.4400000000000002,1.75,2.0,0.4375,2.0,2.0,1.1428571428571428,4.2,0.1599999999999999,2.0,0,1,0,1
2,1.0,15.0,0.0,0,1,1.0,0.0,1.0,0.0,1.0,0,2.2,2.16,2.0,2.0,0.5,4.0,4.0,0.0,4.4,0.6399999999999999,1.0,0,1,1,0
1,1.0,15.0,0.0,0,1,1.0,1.0,0.0,0.0,0.0,0,3.0,0.0,3.1001628664495113,3.0,0.6695767329096332,3.142857142857143,4.0,1.2653061224489797,4.413563563563564,0.2298850301753205,2.0,1,0,1,0
1,0.0,15.0,0.0,0,1,1.0,1.0,0.0,0.0,1.0,0,3.4,0.24,2.375,2.5,1.484375,3.0,3.0,0.5714285714285714,4.0,0.4,1.0,0,1,1,0
1,0.0,14.0,0.0,2,2,1.0,1.0,1.0,1.0,0.0,0,2.8,0.1599999999999999,2.875,3.0,0.359375,3.142857142857143,3.0,0.1224489795918367,3.0,0.0,1.0,1,0,1,0
1,0.0,14.0,0.0,0,1,1.0,1.0,0.0,0.0,1.0,0,2.8,0.1599999999999999,2.375,2.0,1.234375,3.7142857142857144,4.0,0.2040816326530612,3.4,0.64,2.0,1,0,1,0
1,0.0,15.0,0.0,0,1,1.0,0.0,0.0,0.0,1.0,0,1.8,0.16,3.0,4.0,1.75,1.8571428571428572,2.0,0.4081632653061225,4.8,0.1599999999999999,1.0,0,1,0,1
1,1.0,14.0,0.0,0,1,1.0,1.0,0.0,0.0,1.0,0,2.8,0.1599999999999999,2.75,3.0,1.4375,2.2857142857142856,3.0,1.346938775510204,3.2,0.5599999999999999,1.0,0,1,1,0
1,1.0,15.0,1.0,2,2,0.0,0.0,0.0,0.0,0.0,1,2.6,1.84,3.5,4.0,0.5,1.8571428571428572,2.0,0.4081632653061224,2.0,2.4,3.0,1,0,1,0
2,1.0,15.0,0.0,2,0,1.0,1.0,0.0,0.0,1.0,1,2.4,0.64,2.375,2.0,1.234375,3.7142857142857144,4.0,0.4897959183673471,2.6,2.64,2.0,0,1,1,0
1,1.0,14.0,0.0,0,1,1.0,1.0,0.0,0.0,1.0,0,3.0,0.4,2.625,3.0,0.734375,3.142857142857143,3.0,0.6938775510204082,3.6,2.24,1.0,0,1,1,0
1,1.0,14.0,0.0,2,0,1.0,1.0,0.0,0.0,1.0,0,2.0,1.2,2.875,4.0,2.109375,3.142857142857143,3.0,0.4081632653061224,2.8,2.56,1.0,0,1,1,0
1,1.0,16.0,1.0,2,4,1.0,1.0,0.0,0.0,1.0,0,2.2,0.5599999999999999,2.875,3.0,1.109375,2.7142857142857144,3.0,1.0612244897959184,2.6,1.44,4.0,1,0,1,0
1,1.0,14.0,0.0,2,2,1.0,0.0,0.0,0.0,1.0,0,2.6,0.64,2.5,3.0,0.5,2.5714285714285716,2.0,0.5306122448979592,4.2,0.1599999999999999,5.0,0,1,1,0
1,1.0,14.0,0.0,0,1,1.0,1.0,0.0,0.0,1.0,0,3.8,0.1599999999999999,2.0,2.0,1.0,4.0,4.0,0.0,2.2,2.56,1.0,0,1,1,0
1,0.0,14.0,0.0,0,1,1.0,1.0,0.0,0.0,0.0,0,3.2,0.1599999999999999,2.5,3.0,1.0,3.7142857142857144,4.0,0.2040816326530612,4.6,0.24,5.0,1,0,1,0
2,1.0,14.0,0.0,2,0,1.0,1.0,0.0,0.0,1.0,0,2.6,1.04,2.625,3.0,0.734375,2.4285714285714284,2.0,0.816326530612245,4.0,0.4,5.0,1,0,1,0
1,0.0,14.0,0.0,2,0,0.0,0.0,1.0,0.0,0.0,0,2.8,0.1599999999999999,2.5,2.5,1.25,3.142857142857143,3.0,0.6938775510204082,4.6,0.6399999999999999,1.0,1,0,0,1
1,0.0,14.0,0.0,2,4,1.0,0.0,0.0,0.0,1.0,0,2.724855423986388,0.9463613335251854,2.4751628664495113,2.5,0.7791553159715223,1.8571428571428572,2.0,0.6938775510204082,3.2,0.5599999999999999,5.0,1,0,1,0
1,1.0,14.0,0.0,0,1,1.0,0.0,0.0,0.0,1.0,1,2.4,1.04,2.875,3.0,0.359375,3.7142857142857144,4.0,0.2040816326530612,4.2,0.96,2.0,0,1,1,0
1,1.0,14.0,0.0,0,1,1.0,1.0,0.0,0.0,1.0,0,2.4,1.0400000000000005,1.75,2.0,0.1875,3.142857142857143,4.0,1.836734693877551,3.6,2.24,1.0,0,1,1,0
1,1.0,14.0,0.0,0,1,1.0,1.0,0.0,0.0,1.0,1,3.0,0.4,3.0,3.0,0.25,3.2857142857142856,4.0,1.0612244897959184,4.0,0.4,1.0,0,1,1,0
1,1.0,15.0,0.0,0,1,1.0,1.0,0.0,0.0,1.0,0,2.8,0.1599999999999999,2.5,2.5,0.25,3.142857142857143,3.0,0.6938775510204082,3.6,0.24,1.0,1,0,1,0
1,0.0,14.0,0.0,0,1,1.0,1.0,0.0,0.0,1.0,0,4.0,0.0,2.5,2.0,1.0,4.0,4.0,0.0,4.8,0.1599999999999999,1.0,1,0,1,0
2,1.0,15.0,0.0,2,2,1.0,0.0,0.0,0.0,1.0,0,2.0,0.4,2.875,3.0,0.109375,2.5714285714285716,2.0,0.5306122448979592,3.4,1.04,1.0,0,1,1,0
1,1.0,14.0,0.0,0,1,1.0,1.0,0.0,0.0,1.0,0,2.4,1.04,2.25,2.0,1.4375,3.142857142857143,3.0,0.6938775510204082,2.2,2.16,1.0,0,1,1,0
1,0.0,16.0,0.0,3,2,1.0,1.0,0.0,0.0,1.0,1,3.6,0.24,2.375,2.0,0.734375,3.7634297151435008,4.0,0.1483667140637986,4.6,0.24,2.0,1,0,1,0
1,0.0,16.0,0.0,3,2,1.0,1.0,0.0,0.0,0.0,0,3.4,0.64,2.0,1.0,1.75,4.0,4.0,0.0,4.2,0.1599999999999999,2.0,0,1,1,0
1,0.0,17.0,0.0,2,0,1.0,0.0,0.0,0.0,0.0,0,2.0,0.0,3.1319982504373907,3.0,0.343971765080162,3.142857142857143,4.0,0.979591836734694,4.6,0.6399999999999999,1.0,0,1,1,0
1,0.0,16.0,0.0,2,0,1.0,1.0,0.0,0.0,1.0,0,3.6,0.24,2.5,2.0,0.5,3.2857142857142856,4.0,0.7755102040816327,4.2,0.1599999999999999,1.0,1,0,1,0
1,0.0,16.0,1.0,2,2,1.0,0.0,0.0,0.0,0.0,0,1.4,0.24,2.75,3.0,1.4375,1.5714285714285714,1.0,1.1020408163265307,4.2,0.1599999999999999,2.0,0,1,0,1
1,0.0,17.0,0.0,3,3,1.0,1.0,0.0,0.0,0.0,0,2.4,0.24,2.625,3.0,0.734375,3.5714285714285716,4.0,0.2448979591836734,4.0,0.0,2.0,0,1,1,0
1,0.0,16.0,0.0,0,1,1.0,1.0,0.0,0.0,1.0,1,2.0,0.4,3.0,3.0,0.5,2.4285714285714284,2.0,1.9591836734693877,1.8,0.16,4.0,0,1,1,0
1,0.0,16.0,0.0,4,3,1.0,1.0,0.0,0.0,0.0,0,2.0,0.4,2.5,2.5,0.75,3.142857142857143,3.0,0.6938775510204082,4.4,0.24,2.0,0,1,1,0
1,0.0,16.0,1.0,3,3,1.0,1.0,0.0,0.0,0.0,0,3.8,0.1599999999999999,2.75,2.5,1.1875,3.4285714285714284,3.0,0.2448979591836734,3.8,0.5599999999999999,2.0,1,0,1,0
1,0.0,16.0,0.0,3,2,1.0,1.0,0.0,0.0,1.0,0,2.8,0.1599999999999999,2.75,3.0,0.4375,2.857142857142857,3.0,1.2653061224489797,4.8,0.1599999999999999,4.0,0,1,1,0
1,0.0,17.0,0.0,3,3,1.0,1.0,0.0,0.0,1.0,0,2.6,0.24,2.5,2.5,1.25,3.142857142857143,4.0,0.979591836734694,3.8,0.5599999999999999,2.0,0,1,1,0
1,0.0,16.0,0.0,2,0,1.0,1.0,0.0,0.0,1.0,0,3.6,0.24,2.5,2.0,0.5,3.5714285714285716,4.0,0.2448979591836734,4.0,0.4,1.0,0,1,1,0
1,0.0,16.0,0.0,3,3,1.0,1.0,0.0,0.0,1.0,0,3.0,0.0,2.625,2.5,0.484375,3.857142857142857,4.0,0.1224489795918367,4.8,0.1599999999999999,4.0,0,1,1,0
1,0.0,16.0,0.0,3,2,1.0,1.0,0.0,0.0,1.0,0,3.0,0.0,2.75,3.0,0.9375,3.142857142857143,3.0,0.4081632653061224,4.4,0.24,1.0,0,1,1,0
1,0.0,16.0,1.0,3,2,1.0,1.0,0.0,0.0,1.0,0,2.6,0.24,2.75,3.0,0.1875,4.0,4.0,0.0,4.2,0.1599999999999999,1.0,0,1,1,0
1,0.0,16.0,0.0,4,3,1.0,1.0,0.0,0.0,1.0,0,2.2,0.1599999999999999,2.25,2.0,0.9375,2.7142857142857144,3.0,1.6326530612244896,5.0,0.0,1.0,0,1,1,0
1,0.0,16.0,0.0,3,2,1.0,1.0,0.0,0.0,1.0,0,2.6,0.64,2.5,2.5,1.25,3.142857142857143,4.0,1.2653061224489797,4.0,0.4,2.0,1,0,1,0
1,0.0,17.0,0.0,3,3,1.0,1.0,0.0,0.0,1.0,0,3.0,0.8,2.375,2.5,0.984375,4.0,4.0,0.0,4.8,0.1599999999999999,2.0,0,1,1,0
1,0.0,16.0,0.0,2,0,1.0,1.0,0.0,0.0,1.0,1,3.8,0.1599999999999999,2.625,2.5,0.484375,4.0,4.0,0.0,2.8,2.56,2.0,1,0,1,0
1,0.0,16.0,0.0,2,0,1.0,1.0,0.0,0.0,1.0,0,3.4,1.4400000000000002,2.75,2.0,0.9375,4.0,4.0,0.0,4.0,0.8,1.0,0,1,1,0
1,0.0,16.0,0.0,0,1,1.0,1.0,0.0,0.0,0.0,0,3.4,0.24,2.0,2.0,0.5,3.4285714285714284,4.0,0.5306122448979592,3.2,0.1599999999999999,1.0,1,0,1,0
1,0.0,16.0,0.0,3,2,1.0,1.0,0.0,0.0,1.0,0,3.4,0.24,2.5,2.5,0.25,3.142857142857143,4.0,0.979591836734694,4.0,0.0,4.0,1,0,1,0
1,0.0,16.0,0.0,3,2,1.0,1.0,0.0,0.0,0.0,0,3.8,0.1599999999999999,2.375,2.0,0.734375,4.0,4.0,0.0,4.0,0.0,3.0,1,0,1,0
1,0.0,16.0,0.0,4,2,1.0,1.0,0.0,0.0,1.0,0,2.6,1.04,1.625,1.5,0.484375,2.5714285714285716,3.0,1.959183673469388,4.6,0.24,3.0,0,1,0,1
1,0.0,16.0,0.0,0,1,1.0,1.0,0.0,0.0,0.0,0,2.9979924717691344,1.612067839089207e-05,2.75,3.0,0.4375,2.2857142857142856,3.0,1.346938775510204,2.0,0.4,1.0,1,0,1,0
1,0.0,16.0,0.0,0,1,1.0,1.0,0.0,0.0,1.0,0,2.8,0.5599999999999999,2.375,2.0,0.734375,3.2857142857142856,3.0,0.489795918367347,4.0,0.4,2.0,0,1,1,0
1,0.0,16.0,0.0,3,2,1.0,1.0,0.0,0.0,1.0,0,3.0,0.0,2.375,2.0,0.234375,4.0,4.0,0.0,4.4,0.24,1.0,0,1,1,0
1,0.0,16.0,0.0,2,2,1.0,1.0,0.0,0.0,0.0,0,2.6,0.24,2.875,3.0,0.109375,2.857142857142857,3.0,0.1224489795918367,3.89670494258612,0.0426794755445464,1.0,1,0,1,0
1,0.0,16.0,0.0,0,1,1.0,1.0,0.0,0.0,1.0,0,2.6,0.64,2.125,2.0,0.609375,4.0,4.0,0.0,5.0,0.0,1.0,0,1,1,0
1,0.0,16.0,0.0,0,1,1.0,1.0,0.0,0.0,1.0,0,3.6,0.24,2.25,2.5,1.1875,2.4285714285714284,2.0,1.959183673469388,4.2,0.5599999999999999,5.0,1,0,1,0
1,0.0,16.0,0.0,4,2,1.0,1.0,0.0,0.0,1.0,0,2.8,0.5599999999999999,2.2780172413793105,2.0,1.1789861400118906,3.2857142857142856,3.0,0.489795918367347,4.6,0.6399999999999999,1.0,0,1,0,1
1,0.0,16.0,0.0,2,0,1.0,1.0,0.0,0.0,1.0,0,3.6,0.24,2.625,3.0,0.234375,3.857142857142857,4.0,0.1224489795918367,4.2,0.1599999999999999,1.0,0,1,1,0
1,0.0,16.0,1.0,4,2,1.0,1.0,0.0,0.0,1.0,0,3.0,0.4,2.5,3.0,1.0,1.8571428571428572,2.0,0.6938775510204082,4.6,0.6399999999999999,1.0,0,1,0,1
1,0.0,16.0,0.0,4,4,1.0,0.0,0.0,0.0,1.0,0,2.8,0.1599999999999999,3.125,3.0,0.359375,2.7142857142857144,2.0,0.7755102040816327,4.8,0.1599999999999999,2.0,0,1,1,0
1,0.0,16.0,0.0,3,3,1.0,1.0,0.0,0.0,0.0,0,1.8,1.36,2.5,2.0,1.0,3.7142857142857144,4.0,0.489795918367347,4.4,0.6399999999999999,2.0,0,1,1,0
1,0.0,16.0,0.0,0,1,1.0,1.0,0.0,0.0,1.0,0,3.2,0.5599999999999999,2.125,2.0,0.609375,3.857142857142857,4.0,0.1224489795918367,4.2,0.5599999999999999,2.0,1,0,1,0
1,0.0,16.0,1.0,2,0,1.0,1.0,0.0,0.0,1.0,0,3.0,0.8,2.625,2.5,0.484375,2.7142857142857144,2.0,1.3469387755102038,3.6,1.0400000000000005,3.0,1,0,1,0
1,0.0,16.0,0.0,3,2,1.0,1.0,0.0,0.0,1.0,0,3.2,0.1599999999999999,2.25,2.0,0.6875,2.0,2.0,1.1428571428571428,3.8,0.96,1.0,0,1,1,0
1,0.0,16.0,0.0,4,4,1.0,1.0,0.0,0.0,0.0,0,3.2,0.5599999999999999,2.25,2.0,0.6875,3.857142857142857,4.0,0.1224489795918367,4.6,0.24,5.0,1,0,1,0
1,0.0,16.0,0.0,2,2,1.0,1.0,0.0,0.0,1.0,0,3.2,0.1599999999999999,2.5,2.5,0.75,3.142857142857143,4.0,1.2653061224489794,3.4,0.24,3.0,1,0,1,0
1,0.0,16.0,0.0,2,0,1.0,1.0,0.0,0.0,1.0,0,3.6,0.24,1.75,1.5,0.9375,3.857142857142857,4.0,0.1224489795918367,4.4,0.24,4.0,1,0,1,0
1,0.0,16.0,0.0,0,1,1.0,1.0,0.0,0.0,0.0,0,3.0,0.0,2.5,3.0,0.5,3.0,3.0,0.2857142857142857,4.4,0.24,1.0,0,1,1,0
1,0.0,14.0,0.0,2,0,1.0,1.0,0.0,0.0,1.0,0,3.8,0.1599999999999999,2.25,2.0,0.1875,2.857142857142857,3.0,1.5510204081632657,2.4,2.24,5.0,1,0,1,0
1,0.0,17.0,1.0,4,4,1.0,1.0,0.0,0.0,1.0,0,3.4,0.64,2.5,2.5,0.75,4.0,4.0,0.0,3.8,0.5599999999999999,4.0,1,0,0,1
1,0.0,17.0,0.0,2,0,1.0,1.0,0.0,0.0,0.0,0,3.6,0.24,2.0,2.0,1.0,3.5714285714285716,4.0,1.1020408163265307,3.8,2.56,1.0,0,1,1,0
1,0.0,17.0,0.0,3,2,1.0,1.0,0.0,0.0,0.0,0,3.0,0.0,2.25,2.0,0.9375,3.7142857142857144,4.0,0.2040816326530612,4.6,0.6399999999999999,1.0,0,1,1,0
1,0.0,17.0,0.0,0,1,1.0,1.0,0.0,0.0,1.0,1,3.4,0.24,3.125,3.0,0.609375,3.5714285714285716,4.0,0.5306122448979592,5.0,0.0,2.0,0,1,1,0
1,0.0,17.0,0.0,2,2,1.0,1.0,0.0,0.0,1.0,0,2.8,0.5599999999999999,2.25,2.5,0.6875,3.857142857142857,4.0,0.1224489795918367,4.8,0.1599999999999999,1.0,0,1,1,0
1,0.0,17.0,0.0,2,2,1.0,0.0,0.0,0.0,1.0,0,3.2,0.5599999999999999,2.25,2.0,0.9375,3.7142857142857144,4.0,0.489795918367347,4.4,0.24,4.0,1,0,0,1
1,0.0,17.0,0.0,3,2,1.0,1.0,0.0,0.0,1.0,0,2.8,0.1599999999999999,2.875,3.0,0.359375,3.857142857142857,4.0,0.1224489795918367,3.8,0.5599999999999999,2.0,0,1,1,0
1,0.0,17.0,0.0,3,2,1.0,1.0,0.0,0.0,0.0,0,3.8,0.1599999999999999,2.5,2.5,1.75,4.0,4.0,0.0,4.8,0.1599999999999999,2.0,0,1,1,0
1,0.0,17.0,0.0,3,2,1.0,1.0,0.0,0.0,1.0,0,3.6,0.24,2.375,2.0,0.734375,4.0,4.0,0.0,5.0,0.0,2.0,0,1,1,0
1,0.0,17.0,1.0,2,2,1.0,0.0,0.0,0.0,0.0,0,2.8,0.5599999999999999,2.25,2.0,0.9375,2.857142857142857,4.0,1.8367346938775508,4.8,0.1599999999999999,3.0,1,0,1,0
1,0.0,17.0,0.0,0,1,1.0,1.0,0.0,0.0,1.0,0,3.4,0.24,2.625,3.0,0.734375,3.7142857142857144,4.0,0.489795918367347,4.2,0.5599999999999999,5.0,1,0,1,0
1,0.0,17.0,0.0,2,0,1.0,1.0,0.0,0.0,0.0,0,3.2,0.1599999999999999,2.25,2.0,1.6875,3.7142857142857144,4.0,0.489795918367347,4.2,0.5599999999999999,5.0,1,0,1,0
1,0.0,16.0,0.0,2,2,1.0,1.0,0.0,0.0,0.0,0,2.8,1.36,2.5,2.5,0.75,3.0,3.0,0.8571428571428571,4.0,0.8,4.0,1,0,1,0
1,0.0,17.0,0.0,3,2,1.0,1.0,0.0,0.0,1.0,0,2.8,0.1599999999999999,2.875,3.0,0.859375,3.7142857142857144,4.0,0.2040816326530612,3.4,0.64,4.0,1,0,1,0
1,0.0,17.0,0.0,0,1,1.0,1.0,0.0,0.0,1.0,1,3.4,0.24,2.5,3.0,0.5,3.142857142857143,4.0,1.2653061224489797,4.2,0.5599999999999999,3.0,1,0,1,0
1,1.0,15.0,1.0,0,1,1.0,1.0,0.0,0.0,1.0,0,3.6,0.64,2.375,2.5,0.984375,2.7142857142857144,4.0,2.2040816326530615,1.8,2.5600000000000005,1.0,1,0,1,0
1,0.0,15.0,0.0,0,1,0.0,0.0,0.0,0.0,0.0,1,3.8,0.1599999999999999,2.25,2.0,0.4375,3.0,4.0,1.4285714285714286,4.6,0.6399999999999999,1.0,0,1,1,0
1,0.0,15.0,0.0,0,1,0.0,0.0,0.0,1.0,1.0,0,2.4,1.8400000000000003,2.125,2.0,0.109375,2.5714285714285716,3.0,1.959183673469388,3.4,1.84,1.0,1,0,1,0
1,0.0,15.0,1.0,4,3,1.0,1.0,0.0,0.0,1.0,0,2.7906218655967905,0.1566005438582548,2.25,2.0,0.9375,3.2857142857142856,3.0,0.489795918367347,3.2,0.5599999999999999,1.0,0,1,0,1
1,0.0,15.0,1.0,0,1,1.0,0.0,0.0,0.0,1.0,0,3.6,0.24,2.375,2.0,1.984375,2.142857142857143,2.0,1.2653061224489794,3.0,1.6,4.0,1,0,0,1
1,1.0,15.0,0.0,0,1,1.0,1.0,0.0,0.0,1.0,0,3.0,1.2,2.75,2.5,1.1875,3.4285714285714284,4.0,0.5306122448979592,1.8,0.9600000000000002,1.0,1,0,1,0
2,0.0,17.0,1.0,2,0,1.0,0.0,0.0,0.0,0.0,0,3.4,0.24,2.375,2.5,0.984375,2.2857142857142856,2.0,0.2040816326530612,4.6,0.24,2.0,0,1,0,1
1,0.0,17.0,1.0,2,2,1.0,1.0,0.0,0.0,0.0,0,2.4,0.24,2.375,2.0,0.234375,3.5714285714285716,4.0,0.5306122448979592,4.4,0.64,1.0,1,0,1,0
1,0.0,17.0,1.0,2,2,1.0,1.0,0.0,0.0,1.0,0,2.4,1.04,2.625,3.0,0.734375,1.1428571428571428,1.0,0.1224489795918367,4.4,0.6399999999999999,1.0,0,1,1,0
1,0.0,17.0,1.0,4,4,1.0,1.0,0.0,0.0,0.0,0,3.2,0.5599999999999999,2.5,2.5,1.25,2.5714285714285716,3.0,1.959183673469388,5.0,0.0,3.0,0,1,1,0
1,1.0,17.0,1.0,0,1,1.0,1.0,0.0,0.0,1.0,0,2.8,1.36,1.75,1.5,0.6875,2.4285714285714284,3.0,1.673469387755102,3.6,1.44,1.0,1,0,1,0
2,1.0,17.0,0.0,0,1,1.0,0.0,1.0,0.0,0.0,0,3.4,0.64,2.25,2.0,1.4375,2.531062914500807,3.0,1.8536295426596057,4.6,0.6399999999999999,1.0,0,1,0,1
1,1.0,16.0,0.0,0,1,1.0,1.0,0.0,0.0,1.0,0,3.6,0.24,2.625,2.5,1.484375,4.0,4.0,0.0,3.8,0.96,1.0,0,1,1,0
1,0.0,16.0,0.0,0,1,1.0,0.0,0.0,0.0,0.0,0,1.6,0.24,2.75,3.0,1.6875,3.5714285714285716,4.0,0.5306122448979592,4.8,0.1599999999999999,1.0,0,1,1,0
1,1.0,16.0,0.0,0,1,1.0,1.0,0.0,0.0,1.0,0,3.0,0.8,2.125,2.5,0.859375,2.531062914500807,3.0,1.8536295426596057,2.8,1.36,1.0,1,0,1,0
2,1.0,17.0,0.0,2,0,1.0,1.0,0.0,0.0,1.0,0,2.8,0.5599999999999999,2.5,2.5,1.25,3.0,3.0,0.5714285714285714,2.0,0.4,4.0,1,0,1,0
1,0.0,17.0,0.0,0,1,1.0,1.0,0.0,0.0,1.0,0,2.0,1.2,2.75,3.0,1.4375,3.5714285714285716,4.0,0.5306122448979592,4.6,0.6399999999999999,2.0,0,1,1,0
1,0.0,16.0,0.0,2,2,1.0,0.0,1.0,0.0,1.0,0,3.2,0.5599999999999999,2.25,2.0,0.9375,3.0,3.0,0.8571428571428571,3.8,0.1599999999999999,1.0,0,1,1,0
1,0.0,16.0,0.0,1,2,1.0,1.0,0.0,0.0,0.0,0,3.2,0.5599999999999999,2.25,2.5,0.6875,3.857142857142857,4.0,0.1224489795918367,4.6,0.24,2.0,1,0,1,0
1,0.0,16.0,1.0,0,1,0.0,1.0,0.0,0.0,0.0,0,3.6,0.24,2.3991018454906787,2.4144439655172416,0.1341968291381966,3.261904393338928,3.344008006004503,0.1709657741508746,4.4,0.6399999999999999,1.0,0,1,1,0
1,0.0,16.0,0.0,3,2,1.0,1.0,0.0,0.0,0.0,1,3.2,0.1599999999999999,2.75,3.0,0.6875,3.67392005735795,4.0,0.4765061462495985,4.4,0.64,4.0,1,0,1,0
1,0.0,16.0,0.0,0,1,1.0,1.0,0.0,0.0,1.0,0,3.6,0.24,2.25,2.5,1.1875,3.0,3.0,0.2857142857142857,4.0,0.0,5.0,1,0,1,0
1,0.0,17.0,0.0,3,3,1.0,0.0,0.0,0.0,0.0,0,2.8,0.5599999999999999,2.875,2.5,0.859375,3.7142857142857144,4.0,0.489795918367347,3.6,0.24,5.0,1,0,1,0
1,0.0,16.0,0.0,0,1,0.0,0.0,0.0,0.0,1.0,0,4.0,0.0,2.625,3.0,1.734375,4.0,4.0,0.0,5.0,0.0,1.0,0,1,0,1
1,0.0,16.0,1.0,3,3,1.0,1.0,0.0,0.0,0.0,0,2.8,0.1599999999999999,2.875,3.0,0.359375,3.2857142857142856,3.0,0.489795918367347,3.8,0.1599999999999999,3.0,1,0,1,0
1,0.0,16.0,0.0,0,1,1.0,1.0,0.0,0.0,1.0,0,3.6,0.24,2.25,2.0,0.9375,3.2857142857142856,4.0,0.7755102040816327,2.4,1.4400000000000002,5.0,1,0,1,0
1,0.0,16.0,0.0,0,1,1.0,1.0,0.0,0.0,0.0,0,4.0,0.0,2.25,2.0,1.4375,2.9062868580006436,3.344008006004503,1.5795523481873504,3.0,0.0,4.0,1,0,1,0
1,0.0,16.0,0.0,2,2,1.0,1.0,0.0,0.0,1.0,0,2.8,0.1599999999999999,2.25,2.0,0.4375,3.388205771643664,3.7174404015056464,0.4942563831072024,4.0,1.2,1.0,0,1,1,0
1,0.0,16.0,0.0,2,2,1.0,1.0,0.0,0.0,1.0,0,2.8,0.1599999999999999,2.875,3.0,0.609375,3.7142857142857144,4.0,0.2040816326530612,4.6,0.24,4.0,1,0,1,0
1,0.0,16.0,0.0,3,3,1.0,1.0,0.0,0.0,1.0,0,2.8,0.5599999999999999,2.625,2.5,0.484375,3.2857142857142856,3.0,0.489795918367347,4.4,0.24,1.0,0,1,1,0
1,0.0,16.0,0.0,0,1,1.0,1.0,0.0,0.0,0.0,1,3.4,0.64,2.0,2.0,1.0,3.4285714285714284,4.0,0.5306122448979592,3.6,0.64,4.0,1,0,1,0
1,0.0,17.0,0.0,3,2,1.0,1.0,0.0,0.0,1.0,0,3.0,0.4,2.5,2.5,0.75,3.7142857142857144,4.0,0.489795918367347,5.0,0.0,4.0,1,0,1,0
1,0.0,16.0,0.0,2,0,1.0,1.0,0.0,0.0,0.0,0,3.0,0.0,2.25,2.0,0.1875,2.4285714285714284,3.0,0.5306122448979592,4.0,0.0,2.0,0,1,0,1
1,0.0,16.0,0.0,0,1,1.0,1.0,0.0,0.0,0.0,0,3.4,0.24,1.75,2.0,0.4375,3.7142857142857144,4.0,0.489795918367347,3.0,0.4,3.0,1,0,1,0
1,0.0,17.0,0.0,0,1,1.0,1.0,0.0,0.0,1.0,0,3.6,0.24,2.625,3.0,1.734375,3.7142857142857144,4.0,0.2040816326530612,3.4,0.64,1.0,1,0,1,0
1,0.0,16.0,0.0,0,1,1.0,1.0,0.0,0.0,1.0,0,2.6,0.64,2.25,2.5,1.1875,3.0,3.0,0.5714285714285714,4.0,0.8,1.0,0,1,1,0
1,0.0,16.0,0.0,0,1,1.0,1.0,0.0,0.0,1.0,0,2.6,0.24,2.625,3.0,0.234375,3.906286858000643,4.0,0.0526929179003495,3.4,1.04,1.0,0,1,1,0
1,0.0,16.0,0.0,2,2,1.0,1.0,0.0,0.0,0.0,0,3.0,0.0,2.125,2.0,0.609375,4.0,4.0,0.0,3.8,0.5599999999999999,2.0,0,1,1,0
1,0.0,16.0,0.0,2,0,1.0,1.0,0.0,0.0,1.0,0,2.6,0.24,2.125,2.0,0.359375,2.5714285714285716,3.0,0.8163265306122449,3.4,0.64,1.0,1,0,1,0
1,0.0,16.0,1.0,3,2,1.0,0.0,1.0,0.0,0.0,0,2.6,0.24,3.0,3.0,0.25,2.5714285714285716,3.0,0.816326530612245,4.2,0.5599999999999999,1.0,0,1,1,0
1,1.0,17.0,1.0,0,1,1.0,1.0,0.0,0.0,1.0,0,2.8,0.5599999999999999,2.25,2.5,1.1875,3.7142857142857144,4.0,0.489795918367347,4.0,0.8,1.0,0,1,0,1
1,0.0,17.0,0.0,0,1,1.0,1.0,0.0,1.0,0.0,0,3.8,0.1599999999999999,1.875,2.0,0.359375,3.4285714285714284,3.0,0.2448979591836734,2.6,1.04,5.0,1,0,1,0
1,0.0,16.0,0.0,0,1,1.0,1.0,0.0,0.0,1.0,0,3.2,0.5599999999999999,2.75,2.5,1.1875,3.857142857142857,4.0,0.1224489795918367,3.6,0.24,3.0,1,0,1,0
1,0.0,16.0,1.0,2,0,1.0,1.0,0.0,0.0,0.0,0,3.0,0.8,2.75,3.0,1.4375,3.0,3.0,0.5714285714285714,4.0,0.4,1.0,1,0,1,0
1,0.0,16.0,0.0,2,2,0.0,1.0,0.0,0.0,1.0,0,2.8,0.96,2.375,2.5,0.484375,3.7142857142857144,4.0,0.2040816326530612,3.4,0.24,3.0,1,0,1,0
1,0.0,16.0,0.0,2,0,1.0,1.0,0.0,0.0,1.0,0,2.8,0.96,2.0,2.0,0.5,3.857142857142857,4.0,0.1224489795918367,3.0,0.0,1.0,0,1,1,0
1,0.0,15.0,0.0,0,1,1.0,1.0,0.0,0.0,1.0,0,3.4,0.24,3.125,3.5,1.109375,4.0,4.0,0.0,5.0,0.0,2.0,1,0,1,0
1,0.0,16.0,0.0,2,2,1.0,1.0,0.0,0.0,1.0,0,2.6,0.24,2.5,3.0,0.5,3.142857142857143,4.0,0.979591836734694,3.8,0.1599999999999999,1.0,0,1,1,0
1,0.0,16.0,0.0,0,1,1.0,1.0,0.0,0.0,1.0,0,2.8,1.36,2.625,3.0,1.234375,2.7142857142857144,3.0,1.346938775510204,3.6,1.84,4.0,1,0,1,0
1,0.0,16.0,0.0,0,1,1.0,1.0,0.0,0.0,0.0,0,2.8,0.1599999999999999,2.5,3.0,0.5,3.4285714285714284,4.0,0.5306122448979592,3.8,0.1599999999999999,1.0,0,1,1,0
1,0.0,16.0,1.0,2,2,1.0,1.0,0.0,0.0,1.0,0,2.8,0.5599999999999999,2.0,2.0,0.5,4.0,4.0,0.0,4.4,0.6399999999999999,2.0,0,1,1,0
1,0.0,16.0,0.0,3,2,1.0,0.0,0.0,0.0,0.0,0,3.2,0.1599999999999999,2.375,2.5,0.484375,3.7142857142857144,4.0,0.2040816326530612,4.0,0.4,5.0,1,0,1,0
1,0.0,16.0,1.0,2,0,1.0,1.0,0.0,0.0,1.0,0,2.8,1.36,2.25,2.0,0.9375,2.7142857142857144,4.0,2.2040816326530615,4.4,0.64,2.0,0,1,1,0
1,0.0,16.0,0.0,2,2,1.0,1.0,0.0,0.0,1.0,0,3.4,0.64,2.5,2.0,1.0,4.0,4.0,0.0,4.6,0.24,1.0,0,1,1,0
1,1.0,16.0,0.0,0,1,1.0,1.0,0.0,0.0,1.0,0,3.6,0.24,2.5,2.5,0.25,3.4285714285714284,4.0,0.5306122448979592,3.0,0.0,1.0,1,0,1,0
1,0.0,17.0,0.0,2,0,0.0,1.0,0.0,0.0,0.0,0,2.6,1.04,2.875,3.0,0.359375,3.5714285714285716,4.0,0.5306122448979592,3.8,0.1599999999999999,3.0,1,0,1,0
1,0.0,16.0,0.0,2,0,1.0,0.0,0.0,0.0,1.0,0,3.0,0.4,2.875,3.0,0.359375,3.4285714285714284,4.0,0.5306122448979592,4.4,0.6399999999999999,3.0,1,0,1,0
1,0.0,16.0,0.0,2,2,1.0,1.0,0.0,0.0,1.0,0,2.6,0.24,3.0,3.0,0.5,4.0,4.0,0.0,4.2,0.5599999999999999,1.0,0,1,1,0
1,0.0,17.0,0.0,0,1,1.0,1.0,0.0,0.0,1.0,0,3.2,1.36,2.125,2.0,1.359375,3.5714285714285716,4.0,1.1020408163265307,4.2,0.5599999999999999,1.0,0,1,1,0
1,0.0,16.0,0.0,0,1,1.0,1.0,0.0,0.0,0.0,0,2.6,1.04,2.875,3.0,0.609375,3.857142857142857,4.0,0.1224489795918367,3.8,2.16,4.0,1,0,1,0
1,0.0,16.0,0.0,3,3,1.0,0.0,0.0,0.0,0.0,0,2.2,0.5599999999999999,2.625,3.0,0.234375,1.8571428571428572,1.0,0.979591836734694,5.0,0.0,3.0,0,1,1,0
1,0.0,16.0,1.0,3,3,1.0,1.0,0.0,0.0,1.0,0,4.0,0.0,2.375,2.0,0.734375,3.4285714285714284,4.0,0.5306122448979593,3.8,0.1599999999999999,3.0,0,1,0,1
1,0.0,16.0,0.0,0,1,1.0,1.0,0.0,0.0,1.0,0,2.2,0.5599999999999999,3.5,4.0,0.5,3.7142857142857144,4.0,0.2040816326530612,2.6,1.8400000000000003,5.0,1,0,1,0
1,0.0,16.0,0.0,3,3,1.0,1.0,1.0,0.0,1.0,1,2.8,0.5599999999999999,2.625,3.0,1.234375,2.857142857142857,2.0,0.979591836734694,4.6,0.6399999999999999,1.0,0,1,1,0
1,0.0,16.0,0.0,2,2,1.0,1.0,0.0,0.0,0.0,0,3.4,0.64,2.375,2.5,1.484375,3.7142857142857144,4.0,0.2040816326530612,5.0,0.0,3.0,1,0,1,0
1,0.0,17.0,0.0,4,4,0.0,1.0,0.0,1.0,1.0,0,3.2,0.1599999999999999,2.375,2.0,0.234375,4.0,4.0,0.0,4.0,0.0,2.0,0,1,1,0
1,0.0,16.0,1.0,2,2,1.0,1.0,0.0,0.0,1.0,0,3.0,0.4,2.5,2.5,0.25,2.857142857142857,3.0,0.4081632653061225,4.6,0.24,5.0,1,0,1,0
1,0.0,16.0,0.0,3,2,1.0,1.0,0.0,0.0,0.0,0,3.6,0.24,1.875,2.0,0.359375,3.142857142857143,4.0,1.8367346938775508,4.2,0.5599999999999999,3.0,1,0,1,0
1,0.0,16.0,0.0,2,2,1.0,1.0,0.0,0.0,1.0,0,1.4,0.24,2.125,2.0,0.859375,3.5714285714285716,4.0,0.2448979591836734,4.8,0.1599999999999999,4.0,1,0,1,0
1,0.0,16.0,0.0,2,2,1.0,0.0,0.0,0.0,0.0,0,1.6,0.64,3.25,3.5,0.9375,3.142857142857143,3.0,0.979591836734694,4.6,0.24,1.0,0,1,1,0
1,0.0,16.0,0.0,2,0,1.0,1.0,0.0,0.0,1.0,0,2.6,1.04,2.125,2.0,1.109375,3.142857142857143,4.0,1.8367346938775508,3.8,0.1599999999999999,1.0,0,1,1,0
1,0.0,17.0,0.0,4,4,1.0,1.0,0.0,0.0,1.0,0,2.6,0.24,2.625,2.5,0.484375,3.4285714285714284,4.0,0.5306122448979592,4.6,0.24,2.0,0,1,1,0
1,0.0,17.0,0.0,0,1,1.0,1.0,0.0,0.0,0.0,0,2.8,0.1599999999999999,1.875,2.0,0.609375,3.5714285714285716,4.0,0.2448979591836734,4.0,0.4,1.0,1,0,1,0
1,0.0,17.0,0.0,3,0,1.0,0.0,0.0,0.0,0.0,0,3.2,0.1599999999999999,2.125,2.0,0.609375,4.0,4.0,0.0,3.802447552447553,2.161002983030955,2.0,0,1,1,0
1,0.0,17.0,0.0,4,3,1.0,1.0,0.0,0.0,0.0,0,3.2,0.1599999999999999,2.375,2.5,0.984375,3.4285714285714284,4.0,0.816326530612245,4.8,0.1599999999999999,1.0,0,1,1,0
1,0.0,17.0,0.0,3,3,1.0,1.0,0.0,0.0,1.0,1,3.2,0.1599999999999999,2.0,2.0,0.5,3.4285714285714284,4.0,1.1020408163265307,4.8,0.1599999999999999,2.0,0,1,1,0
1,0.0,17.0,0.0,3,2,1.0,1.0,0.0,0.0,1.0,0,3.0,0.0,2.75,3.0,0.4375,3.2857142857142856,3.0,0.489795918367347,4.4,0.24,1.0,0,1,1,0
1,0.0,17.0,0.0,2,0,1.0,1.0,0.0,0.0,1.0,0,2.8,0.5599999999999999,2.125,2.5,0.859375,3.4285714285714284,4.0,0.5306122448979592,5.0,0.0,1.0,0,1,1,0
1,0.0,17.0,0.0,3,2,1.0,1.0,0.0,0.0,1.0,0,2.8,0.5599999999999999,2.875,3.0,0.359375,2.5714285714285716,2.0,0.5306122448979592,3.8,1.36,2.0,0,1,1,0
1,0.0,17.0,0.0,4,4,1.0,1.0,0.0,0.0,1.0,0,1.6,0.24,2.5,2.5,0.25,3.3278301042151632,4.0,0.7620864750891244,2.0,0.4,1.0,0,1,1,0
1,0.0,17.0,0.0,4,2,1.0,1.0,0.0,0.0,0.0,0,3.2,0.96,2.75,3.0,0.9375,3.142857142857143,3.0,0.4081632653061224,3.6,1.04,1.0,0,1,0,1
1,0.0,17.0,0.0,2,0,1.0,1.0,0.0,0.0,0.0,0,3.4,0.24,2.875,3.0,1.359375,3.857142857142857,4.0,0.1224489795918367,4.4,0.6399999999999999,1.0,0,1,1,0
1,0.0,17.0,1.0,3,3,1.0,1.0,0.0,0.0,1.0,0,2.6,0.24,2.5,3.0,0.5,3.2857142857142856,4.0,0.7755102040816327,3.6,0.24,3.0,1,0,1,0
1,0.0,17.0,0.0,3,0,1.0,1.0,0.0,0.0,1.0,0,2.2,0.5599999999999999,2.625,3.0,1.234375,2.5714285714285716,3.0,0.8163265306122449,5.0,0.0,1.0,0,1,1,0
1,0.0,17.0,0.0,3,3,1.0,0.0,0.0,0.0,1.0,0,3.6,0.24,2.875,3.0,0.359375,3.0,3.0,0.2857142857142857,3.6,0.24,1.0,1,0,1,0
1,0.0,17.0,0.0,3,3,1.0,1.0,0.0,0.0,1.0,0,3.6,0.24,2.125,2.0,0.359375,3.7142857142857144,4.0,0.489795918367347,4.4,0.24,2.0,1,0,0,1
1,0.0,17.0,0.0,3,2,1.0,1.0,0.0,0.0,1.0,0,2.2,0.96,2.75,3.0,0.4375,3.142857142857143,3.0,0.1224489795918367,4.0,0.0,1.0,1,0,0,1
1,0.0,17.0,0.0,0,1,1.0,0.0,0.0,0.0,0.0,0,3.0,0.0,2.75,3.0,1.4375,4.0,4.0,0.0,3.89670494258612,0.0426794755445464,1.0,1,0,1,0
1,0.0,17.0,0.0,0,1,1.0,1.0,0.0,0.0,1.0,0,2.8,0.1599999999999999,2.0,1.0,1.75,3.857142857142857,4.0,0.1224489795918367,5.0,0.0,1.0,0,1,1,0
1,0.0,17.0,0.0,2,0,1.0,1.0,0.0,0.0,1.0,0,3.6,0.24,1.875,1.0,1.609375,4.0,4.0,0.0,4.2,2.56,5.0,1,0,1,0
1,0.0,17.0,0.0,2,2,1.0,0.0,0.0,0.0,0.0,0,3.2,0.5599999999999999,2.125,2.0,1.109375,4.0,4.0,0.0,3.8,0.1599999999999999,1.0,0,1,0,1
1,0.0,17.0,1.0,4,2,1.0,1.0,0.0,0.0,1.0,0,2.4,0.24,2.25,2.0,0.9375,2.4285714285714284,2.0,1.3877551020408163,3.6,0.24,2.0,0,1,1,0
1,0.0,17.0,0.0,3,2,1.0,1.0,0.0,0.0,1.0,0,2.4,0.64,2.75,3.0,0.9375,2.5714285714285716,3.0,0.816326530612245,4.6,0.6399999999999999,1.0,0,1,0,1
1,0.0,17.0,0.0,0,1,1.0,1.0,0.0,0.0,1.0,0,2.6,0.24,2.5,2.5,0.75,3.857142857142857,4.0,0.1224489795918367,4.4,0.24,1.0,0,1,1,0
1,0.0,17.0,0.0,3,3,1.0,1.0,0.0,0.0,0.0,0,2.8,0.96,2.125,2.0,0.359375,4.0,4.0,0.0,4.8,0.1599999999999999,1.0,0,1,1,0
1,0.0,17.0,0.0,3,3,1.0,1.0,0.0,0.0,1.0,0,3.6,0.64,2.625,3.0,0.734375,3.7142857142857144,4.0,0.489795918367347,4.2,0.5599999999999999,1.0,0,1,1,0
1,0.0,17.0,0.0,3,0,1.0,1.0,0.0,0.0,1.0,0,3.4,0.64,2.75,3.0,0.9375,3.4285714285714284,4.0,0.5306122448979592,4.0,0.4,1.0,0,1,1,0
1,0.0,17.0,0.0,2,0,1.0,1.0,0.0,0.0,1.0,0,3.2,0.1599999999999999,2.5,2.5,1.75,3.857142857142857,4.0,0.1224489795918367,4.0,1.2,1.0,1,0,1,0
1,0.0,16.0,0.0,2,0,1.0,1.0,0.0,0.0,1.0,0,2.0,0.0,2.5,3.0,1.0,2.857142857142857,3.0,1.2653061224489797,4.4,0.24,2.0,0,1,0,1
1,0.0,16.0,0.0,3,0,1.0,0.0,0.0,1.0,1.0,0,3.4,0.64,2.75,2.5,1.1875,3.857142857142857,4.0,0.1224489795918367,4.6,0.6399999999999999,4.0,0,1,1,0
1,0.0,16.0,1.0,0,1,1.0,0.0,0.0,0.0,0.0,0,3.4,1.4400000000000002,2.375,2.0,1.734375,3.5714285714285716,4.0,1.1020408163265307,2.6,3.8400000000000007,5.0,1,0,1,0
1,0.0,14.0,0.0,0,1,1.0,1.0,0.0,0.0,1.0,0,3.0,0.4,2.5,2.5,1.75,3.7142857142857144,4.0,0.489795918367347,4.4,0.24,1.0,1,0,1,0
1,0.0,14.0,0.0,2,2,1.0,0.0,0.0,0.0,1.0,0,3.0,0.0,1.875,2.0,0.359375,3.5714285714285716,4.0,0.5306122448979592,3.0,0.4,1.0,0,1,1,0
1,0.0,14.0,0.0,0,1,1.0,1.0,0.0,0.0,1.0,0,3.0,0.0,1.875,2.0,0.359375,3.5714285714285716,4.0,0.5306122448979592,3.0,0.4,1.0,0,1,1,0
1,0.0,16.0,0.0,0,1,1.0,0.0,0.0,0.0,1.0,0,3.4,1.4400000000000002,2.125,2.0,1.109375,4.0,4.0,0.0,2.4,3.04,1.0,1,0,1,0
1,1.0,16.0,0.0,0,1,1.0,0.0,0.0,0.0,0.0,0,2.8,1.36,2.5,2.5,1.25,2.7142857142857144,4.0,2.2040816326530615,4.2,2.56,5.0,1,0,1,0
1,0.0,14.0,0.0,0,1,1.0,0.0,0.0,0.0,1.0,0,3.0,0.4,2.5,2.0,0.5,2.857142857142857,3.0,0.6938775510204082,3.4,1.04,1.0,1,0,1,0
1,1.0,14.0,0.0,0,1,1.0,1.0,0.0,0.0,1.0,0,3.4,0.24,2.125,2.0,1.359375,2.5714285714285716,3.0,1.1020408163265307,3.8,0.5599999999999999,1.0,0,1,1,0
1,0.0,15.0,0.0,0,1,1.0,1.0,0.0,0.0,0.0,0,2.6,0.24,2.125,2.0,0.609375,2.7142857142857144,3.0,0.489795918367347,3.2,0.5599999999999999,4.0,0,1,1,0
1,1.0,16.0,1.0,4,3,1.0,0.0,0.0,0.0,1.0,0,2.8,0.1599999999999999,2.25,2.0,0.6875,3.7142857142857144,4.0,0.2040816326530612,3.6,1.04,4.0,0,1,0,1
1,0.0,14.0,0.0,0,1,0.0,1.0,0.0,0.0,0.0,0,1.8,0.16,2.875,2.5,0.859375,3.2857142857142856,4.0,0.7755102040816327,2.0,1.6,1.0,1,0,1,0
1,0.0,16.0,0.0,0,1,1.0,1.0,0.0,0.0,1.0,0,2.6,0.24,2.25,2.5,0.6875,3.082877862322724,3.580145036259065,1.1840695832362484,3.0,0.4,1.0,0,1,0,1
1,0.0,14.0,0.0,0,1,1.0,1.0,0.0,0.0,1.0,1,3.6,0.64,2.269218710810133,1.5768748432405315,1.9304761565113584,4.0,4.0,0.0,4.8,0.1599999999999999,1.0,1,0,1,0
1,0.0,14.0,0.0,2,1,1.0,1.0,0.0,0.0,1.0,0,2.8,0.1599999999999999,2.875,3.0,0.359375,3.5714285714285716,4.0,0.2448979591836734,4.4,0.24,5.0,1,0,1,0
1,0.0,14.0,0.0,2,0,1.0,1.0,1.0,1.0,1.0,0,3.8,0.1599999999999999,2.5,3.0,1.0,3.7142857142857144,4.0,0.2040816326530612,3.8,0.5599999999999999,3.0,1,0,1,0
2,1.0,15.0,0.0,0,1,1.0,1.0,0.0,0.0,1.0,0,3.0,0.8,2.25,2.0,0.9375,3.0,3.0,1.1428571428571428,4.8,0.1599999999999999,1.0,0,1,1,0
1,0.0,14.0,0.0,0,1,1.0,1.0,0.0,0.0,1.0,0,3.4,1.4400000000000002,2.75,3.0,1.6875,3.0,4.0,1.7142857142857142,1.2,0.16,1.0,1,0,1,0
1,0.0,14.0,0.0,2,2,1.0,1.0,0.0,0.0,1.0,1,3.4,0.64,2.875,3.0,0.859375,2.857142857142857,3.0,0.6938775510204082,4.0,0.0,2.0,1,0,1,0
1,0.0,16.0,0.0,0,1,1.0,1.0,0.0,0.0,1.0,0,3.0,0.4,2.875,3.0,1.359375,2.7142857142857144,2.0,0.7755102040816327,2.6,1.04,2.0,0,1,0,1
1,0.0,15.0,0.0,2,0,1.0,0.0,1.0,0.0,1.0,0,3.6,0.24,2.125,2.0,0.359375,3.7142857142857144,4.0,0.2040816326530612,4.6,0.24,5.0,1,0,1,0
1,1.0,15.0,1.0,2,3,1.0,1.0,0.0,0.0,1.0,0,3.4,1.44,2.125,2.0,1.109375,2.7142857142857144,3.0,0.489795918367347,1.0,0.0,3.0,0,1,1,0
1,0.0,14.0,0.0,2,2,1.0,0.0,0.0,0.0,0.0,0,3.2,0.5599999999999999,2.625,3.0,1.734375,3.857142857142857,4.0,0.1224489795918367,3.6,2.24,2.0,1,0,1,0
1,0.0,14.0,0.0,0,1,1.0,1.0,0.0,0.0,1.0,0,2.8,0.5599999999999999,2.75,3.0,1.1875,3.4285714285714284,4.0,1.1020408163265307,3.8,1.36,3.0,0,1,0,1
1,0.0,14.0,0.0,2,2,1.0,1.0,0.0,0.0,0.0,0,4.0,0.0,2.5,3.0,0.5,2.7142857142857144,3.0,1.6326530612244896,3.6,0.64,4.0,1,0,1,0
1,0.0,14.0,0.0,0,1,1.0,1.0,0.0,0.0,1.0,0,3.6,0.24,2.25,1.5,1.9375,3.857142857142857,4.0,0.1224489795918367,5.0,0.0,1.0,1,0,1,0
1,1.0,14.0,0.0,0,1,1.0,0.0,0.0,0.0,1.0,0,2.6,0.24,4.0,4.0,0.0,2.192001143714929,2.0,0.7926152065556165,3.0,0.0,3.0,0,1,1,0
2,1.0,14.0,0.0,0,1,1.0,0.0,1.0,0.0,0.0,0,3.8,0.1599999999999999,2.25,1.5,1.9375,4.0,4.0,0.0,4.6,0.6399999999999999,1.0,0,1,1,0
1,0.0,14.0,0.0,0,1,1.0,1.0,0.0,0.0,0.0,0,3.2,0.5599999999999999,2.25,2.0,1.4375,3.857142857142857,4.0,0.1224489795918367,3.8,0.1599999999999999,1.0,0,1,1,0
1,0.0,15.0,0.0,0,1,1.0,1.0,0.0,1.0,1.0,0,3.4,0.24,2.625,3.0,0.234375,2.5714285714285716,3.0,0.8163265306122449,3.4,0.64,1.0,0,1,1,0
1,1.0,14.0,0.0,2,0,1.0,1.0,0.0,0.0,1.0,1,4.0,0.0,2.25,2.0,1.4375,4.0,4.0,0.0,5.0,0.0,4.0,1,0,1,0
1,0.0,14.0,0.0,0,1,1.0,0.0,0.0,0.0,1.0,0,2.0,0.4,2.75,3.0,0.4375,3.0,3.0,0.2857142857142857,3.4,0.24,2.0,1,0,0,1
1,0.0,14.0,0.0,0,1,1.0,1.0,0.0,0.0,1.0,0,3.2,0.5599999999999999,2.375,2.0,1.734375,4.0,4.0,0.0,3.8,0.1599999999999999,1.0,0,1,1,0
1,1.0,14.0,1.0,0,1,0.0,0.0,1.0,1.0,0.0,0,2.914327144842929,0.0340170511477578,2.769218710810133,3.0,0.6612574457012252,3.0,3.0,0.8571428571428571,3.9506546817266353,0.0700784676330909,5.0,1,0,1,0
1,0.0,15.0,1.0,4,4,1.0,1.0,0.0,0.0,1.0,0,1.6,1.44,1.25,1.0,0.4375,3.142857142857143,4.0,1.8367346938775508,1.6135635635635637,1.5058409861312758,1.0,0,1,1,0
1,0.0,15.0,0.0,0,1,1.0,1.0,0.0,0.0,1.0,0,3.6,0.24,2.125,2.0,0.609375,4.0,4.0,0.0,2.6,3.8400000000000007,1.0,0,1,1,0
1,0.0,14.0,0.0,0,1,1.0,1.0,0.0,0.0,1.0,0,3.8,0.1599999999999999,2.125,1.0,2.109375,4.0,4.0,0.0,5.0,0.0,1.0,1,0,1,0
1,0.0,14.0,0.0,0,1,1.0,1.0,0.0,0.0,1.0,0,4.0,0.0,2.5,2.5,0.75,3.857142857142857,4.0,0.1224489795918367,4.2,0.5599999999999999,1.0,1,0,1,0
1,0.0,16.0,0.0,0,1,1.0,1.0,0.0,0.0,1.0,0,3.4,0.64,2.125,2.5,0.859375,3.2857142857142856,3.0,0.489795918367347,3.2,0.96,1.0,1,0,1,0
1,0.0,14.0,0.0,0,1,1.0,1.0,0.0,0.0,1.0,0,2.4,0.24,2.75,3.0,1.4375,3.5714285714285716,4.0,0.2448979591836734,4.4,0.24,1.0,1,0,1,0
1,0.0,16.0,1.0,0,1,1.0,1.0,0.0,0.0,1.0,0,3.2,0.5599999999999999,1.0,1.0,0.0,3.857178535749964,4.0,0.1223878239031453,3.2,2.56,5.0,1,0,1,0
1,0.0,15.0,0.0,0,1,1.0,1.0,0.0,0.0,1.0,0,3.0,0.8,2.125,2.0,0.359375,3.0,3.0,0.8571428571428571,5.0,0.0,1.0,0,1,1,0
1,0.0,14.0,0.0,0,1,1.0,0.0,0.0,0.0,0.0,0,2.2,1.36,2.5,2.0,0.5,3.511449290894152,4.0,1.0722150890004447,4.8,0.1599999999999999,1.0,0,1,1,0
1,0.0,14.0,0.0,2,2,1.0,1.0,0.0,0.0,1.0,0,3.8,0.1599999999999999,1.875,1.5,0.859375,4.0,4.0,0.0,3.0,2.0,1.0,0,1,1,0
1,1.0,15.0,0.0,0,1,1.0,1.0,0.0,0.0,1.0,0,2.2,0.1599999999999999,2.375,2.0,0.234375,2.4285714285714284,2.0,0.2448979591836734,2.8,0.96,5.0,1,0,1,0
1,0.0,14.0,0.0,0,1,1.0,1.0,0.0,0.0,1.0,0,2.6,0.24,3.0,3.0,0.5,3.142857142857143,3.0,0.6938775510204082,3.6,0.24,1.0,0,1,1,0
1,0.0,15.0,0.0,2,0,1.0,0.0,0.0,0.0,1.0,0,3.4,0.24,2.25,2.0,0.9375,4.0,4.0,0.0,3.6,0.24,1.0,1,0,1,0
1,0.0,14.0,0.0,2,3,1.0,0.0,1.0,0.0,1.0,1,3.4,0.24,2.125,2.0,0.109375,3.0,3.0,0.2857142857142857,3.8,0.1599999999999999,1.0,0,1,1,0
1,0.0,14.0,0.0,2,0,1.0,1.0,0.0,0.0,1.0,0,1.8,0.16,2.75,3.0,1.4375,2.0,2.0,0.8571428571428571,4.6,0.6399999999999999,1.0,0,1,1,0
1,0.0,15.0,0.0,2,2,1.0,1.0,0.0,0.0,0.0,0,3.0,0.4,2.625,2.5,1.484375,2.857142857142857,3.0,1.5510204081632657,2.6,1.0400000000000005,1.0,1,0,1,0
1,0.0,14.0,0.0,0,1,1.0,1.0,0.0,0.0,1.0,0,3.4,0.24,2.5,2.0,1.5,3.5714285714285716,4.0,0.2448979591836734,4.8,0.1599999999999999,1.0,0,1,1,0
1,0.0,15.0,0.0,0,1,1.0,1.0,0.0,0.0,1.0,0,2.4,0.64,2.375,2.0,1.234375,3.857142857142857,4.0,0.1224489795918367,4.0,1.6,1.0,1,0,1,0
1,0.0,14.0,0.0,0,1,1.0,1.0,0.0,0.0,1.0,0,2.8,1.36,2.0,2.0,1.0,2.857142857142857,4.0,1.8367346938775508,5.0,0.0,1.0,0,1,1,0
1,1.0,14.0,1.0,0,1,1.0,1.0,0.0,0.0,0.0,0,3.0,0.4,2.5,2.5,0.75,3.5714285714285716,4.0,0.5306122448979592,4.4,0.24,1.0,0,1,0,1
1,0.0,14.0,0.0,0,1,1.0,0.0,1.0,0.0,1.0,0,2.6,0.24,3.0,3.5,1.25,3.5714285714285716,4.0,0.5306122448979592,3.4,3.8400000000000007,1.0,0,1,1,0
1,0.0,14.0,0.0,0,1,1.0,1.0,0.0,0.0,1.0,0,2.0,0.0,2.625,3.0,0.734375,4.0,4.0,0.0,4.6,0.6399999999999999,2.0,0,1,1,0
1,0.0,14.0,0.0,0,1,1.0,0.0,0.0,0.0,0.0,0,2.6,0.24,2.75,2.5,1.1875,2.857142857142857,3.0,0.4081632653061224,4.4,0.6399999999999999,1.0,0,1,1,0
1,0.0,15.0,0.0,2,2,1.0,1.0,0.0,0.0,1.0,0,2.2,1.36,3.375,3.0,0.234375,3.142857142857143,4.0,1.2653061224489797,4.0,0.4,3.0,1,0,1,0
1,0.0,15.0,0.0,0,1,1.0,1.0,0.0,0.0,1.0,0,2.4,0.24,2.625,3.0,0.734375,3.857142857142857,4.0,0.1224489795918367,4.8,0.1599999999999999,4.0,1,0,1,0
1,0.0,14.0,1.0,4,4,1.0,1.0,0.0,0.0,1.0,0,2.2,0.5599999999999999,2.25,1.5,1.9375,3.142857142857143,3.0,0.4081632653061224,3.8,0.1599999999999999,5.0,1,0,1,0
1,0.0,14.0,0.0,4,0,0.0,0.0,1.0,0.0,1.0,0,3.2,1.36,2.125,2.0,0.359375,2.0,2.0,1.1428571428571428,5.0,0.0,5.0,0,1,0,1
1,0.0,14.0,0.0,0,1,1.0,1.0,0.0,0.0,1.0,0,3.2,0.5599999999999999,2.375,2.0,0.734375,4.0,4.0,0.0,4.8,0.1599999999999999,1.0,0,1,1,0
1,0.0,14.0,0.0,0,1,1.0,1.0,0.0,0.0,1.0,0,2.8,0.1599999999999999,2.375,2.5,0.984375,2.5714285714285716,3.0,1.959183673469388,3.6,0.24,1.0,0,1,1,0
1,0.0,15.0,1.0,0,1,1.0,0.0,1.0,0.0,0.0,0,2.2,0.96,2.5,2.5,1.25,3.142857142857143,4.0,1.2653061224489797,2.0,1.2,2.0,1,0,1,0
1,0.0,15.0,0.0,2,0,1.0,0.0,1.0,0.0,0.0,0,3.6,0.24,2.625,3.0,0.734375,4.0,4.0,0.0,3.6,0.24,1.0,0,1,1,0
1,0.0,15.0,0.0,2,0,1.0,0.0,0.0,0.0,0.0,0,3.4,0.24,2.125,2.0,1.109375,3.5714285714285716,4.0,0.2448979591836734,4.0,0.4,1.0,0,1,1,0
1,0.0,15.0,1.0,3,2,1.0,1.0,0.0,0.0,1.0,0,3.0,0.8,2.625,2.5,0.984375,2.4285714285714284,3.0,1.673469387755102,3.2,1.36,1.0,0,1,1,0
1,0.0,15.0,0.0,0,1,1.0,0.0,0.0,0.0,0.0,0,3.0,1.2,2.588,2.8520000000000003,0.716208,3.857142857142857,4.0,0.1224489795918367,5.0,0.0,1.0,1,0,1,0
1,0.0,15.0,0.0,2,2,1.0,1.0,0.0,0.0,1.0,0,4.0,0.0,2.0,2.0,0.75,4.0,4.0,0.0,3.0,1.6,1.0,1,0,1,0
1,0.0,15.0,0.0,0,1,1.0,0.0,0.0,0.0,1.0,0,3.4,0.24,2.125,2.0,0.609375,3.2857142857142856,3.0,0.2040816326530612,4.2,0.5599999999999999,3.0,1,0,1,0
1,0.0,15.0,0.0,2,0,1.0,1.0,0.0,0.0,1.0,0,3.4,0.24,2.0,2.0,1.0,3.857142857142857,4.0,0.1224489795918367,4.4,0.6399999999999999,1.0,0,1,1,0
1,0.0,15.0,0.0,3,2,1.0,1.0,0.0,0.0,1.0,0,3.2,0.5599999999999999,2.375,2.5,0.984375,3.7142857142857144,4.0,0.2040816326530612,4.8,0.1599999999999999,1.0,0,1,1,0
1,0.0,16.0,0.0,0,1,1.0,1.0,0.0,0.0,1.0,0,2.4,0.24,2.375,2.0,1.234375,3.4285714285714284,4.0,1.1020408163265307,4.8,0.1599999999999999,1.0,0,1,1,0
1,0.0,16.0,0.0,3,2,1.0,0.0,0.0,0.0,0.0,0,3.4,0.24,2.0,1.5,1.25,2.5714285714285716,3.0,1.959183673469388,3.4,0.64,1.0,0,1,0,1
1,0.0,15.0,0.0,2,0,1.0,1.0,0.0,0.0,0.0,0,2.4,0.64,2.625,3.0,0.734375,3.142857142857143,3.0,0.6938775510204082,4.4,0.24,3.0,0,1,0,1
1,0.0,15.0,0.0,2,0,1.0,1.0,0.0,0.0,1.0,0,3.6,0.24,2.75,3.0,1.4375,3.7142857142857144,4.0,0.489795918367347,4.6,0.24,2.0,1,0,1,0
1,0.0,15.0,0.0,3,0,1.0,1.0,0.0,0.0,1.0,0,1.6,0.24,2.375,2.5,0.984375,2.5714285714285716,3.0,1.959183673469388,4.0,0.4,1.0,0,1,0,1
1,0.0,15.0,0.0,2,0,1.0,1.0,0.0,0.0,1.0,1,2.8,0.5599999999999999,2.25,2.5,0.6875,2.7142857142857144,3.0,0.489795918367347,3.0,0.4,2.0,1,0,1,0
1,0.0,16.0,0.0,0,1,1.0,0.0,0.0,0.0,1.0,0,3.6,0.24,2.25,2.0,0.6875,3.142857142857143,3.0,0.979591836734694,3.2,1.7600000000000002,1.0,0,1,1,0
2,1.0,16.0,0.0,0,1,1.0,1.0,0.0,0.0,1.0,1,2.0,0.0,2.75,3.0,1.6875,3.142857142857143,3.0,0.979591836734694,4.8,0.1599999999999999,1.0,1,0,1,0
1,0.0,15.0,0.0,0,1,1.0,1.0,0.0,0.0,1.0,0,2.2,0.5599999999999999,2.125,2.0,0.609375,3.857142857142857,4.0,0.1224489795918367,4.6,0.24,4.0,1,0,1,0
1,0.0,15.0,0.0,0,1,1.0,1.0,0.0,0.0,0.0,0,3.6,0.24,2.25,1.5,1.9375,2.857142857142857,3.0,1.2653061224489797,4.6,0.24,2.0,1,0,1,0
1,0.0,15.0,0.0,0,1,1.0,1.0,0.0,0.0,1.0,0,3.2,0.5599999999999999,2.5,2.5,0.25,3.4285714285714284,4.0,0.5306122448979592,3.6,1.04,4.0,1,0,1,0
1,0.0,15.0,0.0,0,1,1.0,1.0,0.0,0.0,1.0,0,3.2,0.1599999999999999,2.75,2.5,1.1875,4.0,4.0,0.0,3.6,0.24,3.0,1,0,1,0
1,0.0,15.0,0.0,0,1,1.0,0.0,1.0,0.0,1.0,0,2.8,0.1599999999999999,2.75,3.0,0.9375,3.4285714285714284,4.0,0.5306122448979592,4.2,0.1599999999999999,3.0,0,1,1,0
1,0.0,16.0,0.0,2,0,1.0,0.0,0.0,0.0,0.0,0,3.6,0.24,2.25,2.0,0.6875,4.0,4.0,0.0,3.4,1.4400000000000002,4.0,1,0,1,0
1,0.0,15.0,0.0,0,1,1.0,1.0,0.0,0.0,1.0,0,3.4,0.24,2.25,2.0,0.1875,4.0,4.0,0.0,3.8,0.5599999999999999,5.0,1,0,1,0
1,0.0,16.0,0.0,0,1,1.0,1.0,0.0,0.0,0.0,0,2.0,1.2,2.125,1.5,1.609375,3.5714285714285716,4.0,1.1020408163265307,5.0,0.0,2.0,0,1,1,0
1,0.0,17.0,0.0,0,1,1.0,0.0,0.0,0.0,0.0,0,3.2,1.36,2.375,2.5,0.484375,4.0,4.0,0.0,3.8,2.56,1.0,1,0,1,0
1,0.0,16.0,0.0,0,1,1.0,0.0,0.0,0.0,0.0,0,3.0,1.2,2.375,2.0,0.734375,3.857142857142857,4.0,0.1224489795918367,4.6,0.24,1.0,0,1,1,0
1,0.0,17.0,0.0,0,1,1.0,1.0,0.0,0.0,1.0,0,2.8,0.1599999999999999,2.5,2.5,0.75,3.7142857142857144,4.0,0.2040816326530612,4.4,0.24,1.0,0,1,1,0
1,0.0,16.0,0.0,2,2,1.0,0.0,0.0,0.0,0.0,0,3.2,1.36,1.875,1.5,0.859375,3.5714285714285716,4.0,0.2448979591836734,3.2,1.7600000000000002,1.0,1,0,1,0
1,0.0,16.0,1.0,3,2,1.0,1.0,0.0,0.0,1.0,0,2.8,1.36,1.875,1.5,1.109375,4.0,4.0,0.0,4.0,0.8,5.0,0,1,1,0
1,0.0,17.0,0.0,3,3,1.0,1.0,0.0,0.0,1.0,0,3.4,0.64,2.0,2.0,0.5,4.0,4.0,0.0,4.6,0.6399999999999999,4.0,1,0,1,0
2,0.0,17.0,0.0,3,2,1.0,0.0,0.0,0.0,1.0,0,3.0,0.4,2.625,2.5,0.984375,3.7142857142857144,4.0,0.2040816326530612,4.2,0.5599999999999999,1.0,0,1,1,0
1,1.0,14.0,0.0,0,1,1.0,1.0,0.0,0.0,1.0,0,3.8,0.1599999999999999,1.875,1.0,1.609375,3.6205725722863575,4.0,0.2032241836966355,5.0,0.0,1.0,0,1,1,0
1,0.0,17.0,0.0,3,2,1.0,1.0,0.0,0.0,0.0,0,3.0,0.4,2.0,1.5,1.5,4.0,4.0,0.0,4.8,0.1599999999999999,2.0,0,1,1,0
1,0.0,17.0,1.0,0,1,1.0,0.0,0.0,0.0,0.0,0,3.0,0.0,2.625,3.0,0.734375,3.7142857142857144,4.0,0.489795918367347,4.8,0.1599999999999999,1.0,1,0,1,0
1,0.0,17.0,0.0,0,1,0.0,1.0,0.0,0.0,0.0,0,3.0,0.4,2.5,3.0,1.0,3.4285714285714284,3.0,0.2448979591836734,4.2,0.5599999999999999,1.0,1,0,1,0
1,0.0,16.0,1.0,2,2,1.0,1.0,0.0,0.0,1.0,1,2.8,0.1599999999999999,2.25,2.0,0.4375,2.9781270699060016,3.0,0.1954117598546642,2.8,0.5599999999999999,1.0,1,0,0,1
1,0.0,17.0,0.0,3,3,1.0,1.0,0.0,0.0,0.0,1,3.4,0.24,2.375,2.0,0.234375,3.0,3.0,0.5714285714285714,3.2,0.1599999999999999,5.0,1,0,1,0
1,1.0,16.0,0.0,0,1,1.0,1.0,0.0,0.0,0.0,0,3.2,0.96,2.625,2.5,0.984375,4.0,4.0,0.0,4.6,0.6399999999999999,1.0,0,1,1,0
1,0.0,17.0,0.0,0,1,1.0,1.0,0.0,0.0,0.0,0,3.6,0.24,2.625,2.5,1.484375,3.857142857142857,4.0,0.1224489795918367,4.2,0.5599999999999999,1.0,1,0,1,0
1,0.0,17.0,0.0,3,2,1.0,0.0,0.0,0.0,1.0,0,2.6,1.04,2.5,2.5,0.75,3.857142857142857,4.0,0.1224489795918367,4.4572001001753065,0.2073273257000151,2.0,0,1,1,0
1,0.0,17.0,0.0,2,2,1.0,1.0,0.0,0.0,1.0,0,3.8,0.1599999999999999,2.0,2.0,0.75,3.857142857142857,4.0,0.1224489795918367,3.6,1.0400000000000005,1.0,0,1,1,0
1,0.0,17.0,0.0,0,1,1.0,1.0,0.0,0.0,1.0,0,3.0,1.6,2.375,2.5,1.484375,3.857142857142857,4.0,0.1224489795918367,4.0,2.4,1.0,0,1,1,0
1,0.0,16.0,0.0,0,1,1.0,0.0,0.0,0.0,1.0,0,3.4,0.24,2.125,2.0,1.359375,3.857142857142857,4.0,0.1224489795918367,4.8,0.1599999999999999,3.0,0,1,1,0
1,0.0,16.0,0.0,0,1,1.0,0.0,0.0,0.0,1.0,0,1.6,0.24,2.875,3.0,0.359375,2.5714285714285716,3.0,0.2448979591836734,3.2,0.5599999999999999,5.0,1,0,1,0
1,1.0,17.0,0.0,3,3,1.0,1.0,0.0,0.0,1.0,0,3.6,0.24,2.125,2.0,0.609375,3.627685049501412,4.0,0.3727949189057064,3.780738522954092,0.9537794271735972,3.0,0,1,0,1
2,1.0,17.0,0.0,2,0,1.0,0.0,0.0,0.0,0.0,0,2.2,1.36,2.5,2.5,1.75,2.613544389929449,3.0,1.4344968280495614,3.8,0.5599999999999999,1.0,0,1,1,0
1,0.0,17.0,0.0,2,2,1.0,1.0,0.0,0.0,1.0,0,3.8,0.1599999999999999,2.375,2.5,1.484375,2.7142857142857144,2.0,1.3469387755102038,4.4,0.64,5.0,1,0,1,0
1,0.0,16.0,0.0,0,1,1.0,1.0,0.0,0.0,1.0,0,3.2,0.5599999999999999,1.875,2.0,0.609375,3.0,3.0,1.1428571428571428,3.8,2.16,1.0,0,1,0,1
1,1.0,17.0,0.0,3,0,1.0,1.0,0.0,0.0,1.0,0,3.2,0.5599999999999999,2.625,3.0,0.234375,2.857142857142857,4.0,1.836734693877551,4.2,0.1599999999999999,5.0,1,0,1,0
1,0.0,17.0,1.0,3,2,1.0,1.0,0.0,1.0,0.0,0,3.0,0.4,2.25,2.0,0.4375,2.857142857142857,4.0,1.836734693877551,4.6,0.24,2.0,0,1,1,0
1,0.0,17.0,0.0,3,0,1.0,1.0,0.0,0.0,0.0,0,3.6,0.24,2.25,2.0,1.6875,4.0,4.0,0.0,4.2,0.5599999999999999,1.0,0,1,1,0
1,0.0,17.0,0.0,2,2,1.0,0.0,0.0,0.0,1.0,0,2.4,0.24,2.375,2.5,0.484375,2.4285714285714284,3.0,0.5306122448979592,3.8,0.1599999999999999,3.0,1,0,1,0
1,0.0,16.0,0.0,2,0,1.0,1.0,0.0,0.0,0.0,0,3.2,0.5599999999999999,2.375,3.0,0.734375,3.0,3.0,0.2857142857142857,3.8,0.5599999999999999,2.0,1,0,1,0
1,0.0,17.0,0.0,2,0,1.0,1.0,0.0,0.0,0.0,0,3.4,0.24,2.25,2.0,0.1875,3.7142857142857144,4.0,0.2040816326530612,4.2,0.5599999999999999,2.0,0,1,1,0
1,0.0,16.0,0.0,2,2,1.0,1.0,0.0,0.0,1.0,1,3.4,0.24,1.75,1.5,0.6875,4.0,4.0,0.0,4.6,0.6399999999999999,1.0,0,1,0,1
1,0.0,15.0,0.0,2,2,1.0,1.0,0.0,0.0,1.0,0,1.6,0.24,2.375,2.0,1.234375,2.7142857142857144,3.0,0.7755102040816327,4.0,0.4,2.0,0,1,1,0
2,0.0,17.0,0.0,0,1,1.0,0.0,1.0,0.0,1.0,0,1.8,0.16,2.25,2.0,0.6875,2.0,2.0,0.5714285714285714,4.0,0.4,1.0,1,0,1,0
1,0.0,15.0,0.0,2,0,1.0,1.0,0.0,0.0,1.0,0,3.6,0.24,2.5,3.0,0.5,3.857142857142857,4.0,0.1224489795918367,5.0,0.0,1.0,0,1,1,0
1,0.0,15.0,0.0,3,2,1.0,1.0,0.0,0.0,1.0,0,3.6,0.24,2.125,2.0,1.109375,3.142857142857143,3.0,0.6938775510204082,4.8,0.1599999999999999,1.0,0,1,1,0
1,0.0,15.0,0.0,0,1,1.0,1.0,0.0,0.0,0.0,0,4.0,0.0,2.25,2.0,1.6875,4.0,4.0,0.0,4.8,0.1599999999999999,1.0,0,1,1,0
1,0.0,17.0,1.0,2,2,1.0,1.0,0.0,0.0,1.0,0,3.6,0.24,2.75,2.5,1.1875,3.7142857142857144,4.0,0.489795918367347,4.6,0.6399999999999999,1.0,1,0,1,0
1,0.0,15.0,0.0,2,2,1.0,1.0,0.0,0.0,1.0,0,2.4,0.24,3.125,3.0,0.359375,3.5714285714285716,4.0,0.2448979591836734,4.0,0.4,2.0,0,1,0,1
1,0.0,15.0,0.0,2,2,1.0,1.0,0.0,0.0,1.0,0,3.2,0.5599999999999999,2.0,2.0,0.75,3.7142857142857144,4.0,0.2040816326530612,4.8,0.1599999999999999,3.0,1,0,1,0
1,0.0,16.0,0.0,3,2,1.0,0.0,0.0,0.0,1.0,0,2.6,0.24,2.375,2.5,0.484375,3.142857142857143,3.0,0.4081632653061224,3.8,0.5599999999999999,5.0,1,0,1,0
1,0.0,15.0,0.0,2,2,1.0,1.0,0.0,0.0,1.0,0,3.2,0.1599999999999999,2.375,2.5,0.484375,3.7142857142857144,4.0,0.2040816326530612,3.4,0.24,4.0,1,0,1,0
1,0.0,16.0,1.0,4,4,1.0,1.0,0.0,0.0,1.0,0,4.0,0.0,2.375,2.0,0.734375,3.857142857142857,4.0,0.1224489795918367,5.0,0.0,4.0,0,1,1,0
1,0.0,15.0,0.0,0,1,1.0,1.0,0.0,0.0,1.0,0,3.8,0.1599999999999999,1.95059375,2.0,0.4182743427734375,4.0,4.0,0.0,4.6,0.24,1.0,0,1,1,0
1,0.0,15.0,0.0,3,2,1.0,1.0,0.0,0.0,1.0,0,3.8,0.1599999999999999,2.75,2.5,1.1875,3.5714285714285716,4.0,0.5306122448979593,4.0,2.4,1.0,0,1,1,0
1,0.0,15.0,0.0,4,4,1.0,0.0,1.0,0.0,1.0,0,2.4,1.0400000000000005,2.625,3.0,1.234375,3.4285714285714284,4.0,0.5306122448979592,3.6,0.64,1.0,0,1,1,0
1,0.0,15.0,0.0,4,3,1.0,1.0,0.0,0.0,1.0,0,3.6,0.64,2.5,2.5,1.75,4.0,4.0,0.0,4.8,0.1599999999999999,3.0,0,1,1,0
1,1.0,15.0,0.0,2,2,1.0,1.0,0.0,0.0,0.0,0,3.6,0.24,2.25,2.0,0.4375,4.0,4.0,0.0,3.6,2.24,3.0,1,0,1,0
1,1.0,16.0,0.0,0,1,1.0,1.0,0.0,0.0,1.0,0,3.0,0.0,2.625,3.0,0.734375,3.0,3.0,0.2857142857142857,4.4,0.24,1.0,1,0,1,0
1,0.0,15.0,0.0,0,1,0.0,1.0,0.0,1.0,1.0,0,3.4,0.24,2.625,2.5,0.984375,3.857142857142857,4.0,0.1224489795918367,4.2,0.1599999999999999,4.0,1,0,1,0
1,1.0,16.0,0.0,0,1,1.0,1.0,0.0,0.0,0.0,0,3.4,0.64,2.70059375,2.802375,0.4298837177734375,3.7142857142857144,4.0,0.489795918367347,2.8,1.7600000000000002,4.0,1,0,1,0
1,0.0,15.0,0.0,0,1,1.0,1.0,0.0,0.0,1.0,0,3.0,0.4,2.25,2.0,1.6875,3.2857142857142856,4.0,0.7755102040816327,5.0,0.0,1.0,0,1,1,0
1,0.0,15.0,0.0,0,1,1.0,1.0,0.0,0.0,0.0,0,3.4,0.24,2.5,2.5,1.75,3.7142857142857144,4.0,0.2040816326530612,4.8,0.1599999999999999,1.0,1,0,1,0
1,0.0,15.0,1.0,2,3,1.0,0.0,0.0,0.0,0.0,0,2.8,0.5599999999999999,2.375,2.0,0.734375,4.0,4.0,0.0,3.4,0.24,1.0,0,1,1,0
1,0.0,15.0,0.0,0,1,1.0,1.0,0.0,0.0,1.0,0,2.4,0.24,2.375,2.0,0.734375,3.2857142857142856,4.0,0.7755102040816327,4.0,0.4,1.0,1,0,1,0
1,0.0,15.0,0.0,0,1,1.0,1.0,0.0,0.0,1.0,0,3.0,0.4,1.75,1.5,0.6875,2.7142857142857144,4.0,2.2040816326530615,4.4,0.64,1.0,0,1,1,0
1,0.0,15.0,0.0,0,1,1.0,1.0,0.0,0.0,1.0,0,3.6,0.24,2.5,2.0,1.5,4.0,4.0,0.0,4.2,0.5599999999999999,1.0,0,1,1,0
1,0.0,15.0,0.0,0,1,1.0,1.0,0.0,0.0,1.0,0,3.8,0.1599999999999999,2.5,2.5,1.75,3.142857142857143,3.0,0.4081632653061224,3.6,0.24,1.0,0,1,1,0
1,0.0,16.0,0.0,2,0,1.0,1.0,0.0,0.0,1.0,0,3.2,0.5599999999999999,2.375,2.0,0.734375,3.142857142857143,3.0,0.1224489795918367,3.6,0.24,4.0,1,0,0,1
1,0.0,15.0,0.0,2,0,1.0,0.0,0.0,0.0,1.0,0,2.4,1.04,2.625,3.0,1.234375,3.0,4.0,1.7142857142857142,3.6,0.64,5.0,1,0,1,0
1,0.0,15.0,0.0,2,0,1.0,1.0,0.0,0.0,1.0,0,3.0,1.2,2.5,3.0,0.5,3.5714285714285716,4.0,0.5306122448979592,4.8,0.1599999999999999,1.0,0,1,0,1
1,0.0,15.0,0.0,0,1,1.0,1.0,0.0,0.0,1.0,0,2.0,0.0,3.125,3.0,0.609375,3.5714285714285716,4.0,0.2448979591836734,3.8,0.1599999999999999,1.0,0,1,1,0
1,1.0,15.0,0.0,0,1,1.0,1.0,0.0,0.0,1.0,0,3.0,0.0,2.75,3.0,0.4375,4.0,4.0,0.0,3.4,0.64,2.0,0,1,1,0
1,0.0,16.0,0.0,0,1,1.0,1.0,0.0,0.0,0.0,0,3.8,0.1599999999999999,2.125,1.5,1.609375,3.857142857142857,4.0,0.1224489795918367,4.4,0.6399999999999999,1.0,1,0,1,0
1,0.0,15.0,0.0,0,1,1.0,1.0,0.0,0.0,1.0,0,3.4,0.24,2.125,2.0,0.609375,3.2857142857142856,3.0,0.2040816326530612,3.4,1.44,1.0,1,0,1,0
1,0.0,16.0,0.0,0,1,1.0,0.0,0.0,0.0,1.0,0,2.2,0.5599999999999999,3.0,3.0,0.5,2.857142857142857,3.0,0.1224489795918367,4.8,0.1599999999999999,2.0,1,0,1,0
1,0.0,17.0,0.0,2,2,1.0,1.0,0.0,0.0,0.0,0,3.2,1.36,2.125,2.0,1.109375,4.0,4.0,0.0,4.2,0.96,1.0,1,0,0,1
1,0.0,16.0,0.0,4,4,1.0,1.0,0.0,0.0,0.0,0,3.0,0.4,2.625,2.5,0.484375,3.7142857142857144,4.0,0.2040816326530612,4.4,0.6399999999999999,1.0,0,1,1,0
1,1.0,15.0,0.0,0,1,0.0,0.0,0.0,0.0,0.0,1,3.6,0.24,2.125,2.0,0.859375,3.142857142857143,4.0,0.979591836734694,5.0,0.0,1.0,0,1,1,0
1,0.0,16.0,0.0,2,3,1.0,1.0,0.0,0.0,0.0,0,2.0,1.2,2.5,2.5,1.25,4.0,4.0,0.0,3.4,2.24,1.0,0,1,1,0
1,0.0,16.0,0.0,3,2,1.0,1.0,0.0,0.0,1.0,0,2.4,1.0400000000000005,2.75,3.0,1.1875,4.0,4.0,0.0,3.8,0.1599999999999999,1.0,0,1,1,0
1,0.0,15.0,0.0,3,2,1.0,0.0,1.0,0.0,1.0,0,2.6,0.64,3.0,3.0,0.25,3.5714285714285716,4.0,0.5306122448979592,3.8,0.5599999999999999,1.0,0,1,1,0
1,0.0,17.0,0.0,4,0,1.0,1.0,0.0,0.0,0.0,0,3.2,0.5599999999999999,2.625,2.0,0.734375,3.5714285714285716,4.0,0.2448979591836734,3.6,3.04,1.0,0,1,1,0
1,1.0,16.0,0.0,0,1,1.0,1.0,0.0,0.0,0.0,0,3.0,0.4,2.25,2.0,0.9375,4.0,4.0,0.0,5.0,0.0,1.0,1,0,1,0
1,0.0,17.0,1.0,2,2,1.0,0.0,0.0,0.0,0.0,0,3.0,0.4,2.0,2.0,0.25,2.5714285714285716,2.0,1.673469387755102,3.8,0.5599999999999999,4.0,1,0,1,0
2,1.0,17.0,1.0,2,2,1.0,1.0,0.0,0.0,1.0,0,2.6,0.24,2.25,2.0,0.4375,3.5714285714285716,4.0,0.2448979591836734,3.2,0.1599999999999999,4.0,1,0,1,0
1,0.0,16.0,0.0,4,4,0.0,0.0,0.0,0.0,0.0,1,3.4,0.64,2.25,2.0,0.9375,3.857142857142857,4.0,0.1224489795918367,3.2,0.5599999999999999,1.0,0,1,1,0
1,0.0,17.0,0.0,2,2,1.0,1.0,0.0,0.0,0.0,0,2.4,0.64,2.5,2.5,0.75,2.0,2.0,0.5714285714285714,3.0,0.0,1.0,0,1,1,0
1,0.0,15.0,0.0,3,3,1.0,1.0,0.0,0.0,0.0,0,3.0,0.4,2.125,2.0,1.109375,3.857142857142857,4.0,0.1224489795918367,3.4,0.64,4.0,1,0,1,0
1,0.0,16.0,0.0,3,0,1.0,1.0,1.0,1.0,0.0,0,1.8,0.56,3.125,3.0,0.359375,3.4285714285714284,4.0,0.5306122448979592,4.0,0.0,2.0,0,1,0,1
1,1.0,16.0,0.0,0,1,1.0,1.0,0.0,0.0,1.0,0,3.0,1.2,1.625,1.5,0.484375,3.2857142857142856,4.0,1.3469387755102038,2.6,0.64,1.0,1,0,1,0
1,0.0,16.0,0.0,4,4,1.0,0.0,1.0,0.0,0.0,0,3.6,0.24,2.875,3.0,1.109375,2.0,1.0,1.4285714285714286,3.2,1.7600000000000002,4.0,1,0,1,0
2,0.0,16.0,0.0,0,1,0.0,1.0,0.0,0.0,0.0,0,2.4,0.24,2.625,2.5,0.984375,3.7142857142857144,4.0,0.489795918367347,3.0,2.0,1.0,0,1,1,0
1,0.0,15.0,1.0,0,1,1.0,1.0,0.0,0.0,1.0,0,3.4,0.24,2.875,3.0,0.109375,2.7142857142857144,3.0,1.3469387755102038,3.2,0.1599999999999999,2.0,1,0,1,0
2,0.0,16.0,0.0,0,1,1.0,0.0,0.0,0.0,0.0,0,2.6,0.24,2.625,3.0,0.234375,3.857142857142857,4.0,0.1224489795918367,4.2,0.5599999999999999,2.0,0,1,1,0
1,0.0,16.0,0.0,3,0,1.0,0.0,0.0,0.0,1.0,0,2.4,1.0400000000000005,2.5,3.0,1.0,3.0,4.0,1.4285714285714286,3.8,0.1599999999999999,2.0,0,1,1,0
1,1.0,17.0,0.0,0,1,1.0,0.0,0.0,0.0,1.0,0,3.2,0.1599999999999999,2.25,2.0,0.9375,2.142857142857143,2.0,1.551020408163265,4.4,0.6399999999999999,1.0,0,1,1,0
1,0.0,17.0,1.0,2,2,1.0,1.0,0.0,0.0,1.0,0,3.4,0.24,2.5,3.0,1.5,3.5714285714285716,4.0,0.5306122448979592,4.2,0.96,1.0,0,1,1,0
1,0.0,16.0,0.0,2,2,1.0,1.0,0.0,0.0,1.0,0,2.6,0.24,2.25,2.0,0.4375,3.142857142857143,3.0,0.4081632653061224,3.4,0.24,1.0,0,1,1,0
2,1.0,15.0,0.0,3,3,1.0,0.0,0.0,0.0,1.0,1,3.4,0.24,2.875,3.0,0.359375,3.142857142857143,3.0,0.4081632653061224,3.2,0.1599999999999999,2.0,0,1,0,1
1,0.0,15.0,0.0,3,2,1.0,1.0,0.0,0.0,1.0,0,3.4,0.64,2.75,3.0,0.6875,3.5714285714285716,4.0,0.2448979591836734,3.6,0.24,3.0,1,0,1,0
2,0.0,17.0,0.0,4,3,1.0,0.0,0.0,0.0,1.0,0,3.4,0.24,2.125,2.0,0.359375,3.857142857142857,4.0,0.1224489795918367,4.2,0.5599999999999999,5.0,1,0,1,0
1,0.0,16.0,0.0,2,2,1.0,1.0,0.0,0.0,0.0,1,2.2,0.1599999999999999,2.625,3.0,0.984375,2.7142857142857144,3.0,1.6326530612244896,3.4,1.04,1.0,0,1,1,0
2,1.0,17.0,0.0,0,1,1.0,1.0,0.0,0.0,1.0,0,3.8,0.1599999999999999,2.25,2.0,1.4375,2.7142857142857144,4.0,2.204081632653061,5.0,0.0,1.0,1,0,0,1
2,1.0,17.0,1.0,0,1,1.0,1.0,0.0,0.0,1.0,0,3.6,0.24,3.0,3.0,0.5,2.2857142857142856,1.0,2.204081632653061,2.8,1.36,2.0,1,0,1,0
1,1.0,17.0,1.0,4,4,1.0,0.0,0.0,0.0,0.0,0,3.4,0.24,2.25,2.0,0.9375,3.857142857142857,4.0,0.1224489795918367,3.6,1.0400000000000005,2.0,0,1,0,1
1,0.0,16.0,0.0,4,4,1.0,1.0,0.0,0.0,1.0,0,3.0,0.4,2.625,2.5,0.984375,3.142857142857143,3.0,0.6938775510204082,3.2,1.36,3.0,1,0,1,0
1,0.0,17.0,1.0,0,1,1.0,1.0,0.0,0.0,1.0,0,3.6,0.24,2.75,3.0,0.4375,3.2857142857142856,4.0,1.3469387755102038,3.2,0.5599999999999999,2.0,0,1,1,0
1,1.0,16.0,0.0,2,0,0.0,0.0,0.0,1.0,0.0,0,3.0,0.4,2.5,2.5,1.25,3.7142857142857144,4.0,0.489795918367347,3.6,0.24,1.0,0,1,1,0
1,0.0,15.0,0.0,0,1,1.0,1.0,0.0,0.0,1.0,0,2.6,0.24,2.375,2.0,0.234375,3.0,3.0,0.0,3.2,0.1599999999999999,1.0,1,0,1,0
1,0.0,15.0,0.0,2,2,1.0,0.0,0.0,0.0,1.0,0,2.4,0.64,3.0,3.0,0.75,3.4285714285714284,4.0,0.5306122448979592,4.2,0.5599999999999999,1.0,0,1,1,0
1,0.0,15.0,0.0,2,0,1.0,1.0,0.0,0.0,0.0,0,3.4,0.64,2.0,2.0,0.5,3.5714285714285716,4.0,0.5306122448979592,4.4,0.24,1.0,0,1,1,0
1,0.0,15.0,0.0,2,0,1.0,1.0,0.0,0.0,0.0,0,3.6,0.24,2.375,2.0,1.984375,3.857142857142857,4.0,0.1224489795918367,4.4,0.6399999999999999,1.0,0,1,1,0
1,0.0,15.0,0.0,3,3,1.0,1.0,0.0,0.0,1.0,0,2.2,0.5599999999999999,2.5,3.0,0.5,4.0,4.0,0.0,4.6,0.24,5.0,0,1,1,0
1,0.0,15.0,0.0,2,0,1.0,1.0,0.0,0.0,0.0,0,3.4,0.24,2.625,2.5,0.484375,3.857142857142857,4.0,0.1224489795918367,4.2,2.56,1.0,1,0,1,0
1,0.0,15.0,0.0,2,0,1.0,1.0,0.0,0.0,1.0,0,3.2,0.1599999999999999,2.75,2.5,1.1875,4.0,4.0,0.0,4.0,0.0,1.0,0,1,1,0
1,0.0,15.0,1.0,3,2,0.0,0.0,0.0,0.0,0.0,1,2.0,0.4,2.25,2.0,0.9375,3.2857142857142856,4.0,0.7755102040816327,4.8,0.1599999999999999,5.0,0,1,1,0
1,0.0,15.0,0.0,2,0,1.0,1.0,0.0,0.0,1.0,0,2.4,0.64,2.125,2.0,1.109375,3.857142857142857,4.0,0.1224489795918367,4.4,0.6399999999999999,1.0,0,1,1,0
1,0.0,15.0,0.0,2,0,1.0,0.0,1.0,0.0,1.0,0,3.8,0.1599999999999999,2.75,3.0,0.4375,3.857142857142857,4.0,0.1224489795918367,4.6,0.6399999999999999,1.0,0,1,1,0
1,0.0,16.0,1.0,4,4,1.0,1.0,0.0,0.0,1.0,0,2.4,0.64,2.125,2.0,0.609375,3.0,3.0,1.1428571428571428,4.4,0.6399999999999999,4.0,1,0,1,0
1,0.0,16.0,1.0,4,4,0.0,0.0,1.0,0.0,1.0,0,3.6,0.24,2.25,2.5,1.1875,3.0,3.0,0.5714285714285714,4.2,0.5599999999999999,5.0,1,0,1,0
1,0.0,14.0,0.0,3,0,1.0,1.0,0.0,0.0,1.0,0,3.2,0.5599999999999999,2.75,2.5,0.6875,3.5714285714285716,4.0,1.1020408163265307,3.8,0.1599999999999999,1.0,0,1,0,1
1,0.0,14.0,0.0,2,0,0.0,0.0,0.0,0.0,0.0,1,1.9426701189267728,0.6939901196576262,2.875,3.0,0.609375,3.7142857142857144,4.0,0.2040816326530612,2.4,2.24,5.0,1,0,1,0
1,0.0,14.0,0.0,0,1,1.0,1.0,0.0,0.0,1.0,0,3.0,0.8,2.25,2.0,0.9375,2.4285714285714284,2.0,1.3877551020408163,4.8,0.1599999999999999,1.0,1,0,0,1
1,0.0,15.0,0.0,0,1,1.0,1.0,0.0,0.0,1.0,0,3.2,0.5599999999999999,2.25,2.5,1.1875,3.5714285714285716,4.0,0.5306122448979592,4.8,0.1599999999999999,1.0,0,1,1,0
1,0.0,14.0,0.0,3,0,1.0,1.0,0.0,0.0,1.0,0,3.8,0.1599999999999999,2.875,2.5,0.859375,3.857142857142857,4.0,0.1224489795918367,4.4,0.24,1.0,0,1,1,0
1,0.0,15.0,0.0,0,1,1.0,1.0,0.0,0.0,0.0,0,2.2,0.5599999999999999,2.0,2.0,0.5,2.142857142857143,2.0,0.6938775510204082,4.6,0.24,2.0,1,0,1,0
1,0.0,14.0,0.0,0,1,1.0,1.0,0.0,0.0,1.0,0,3.4,0.24,2.5,2.5,1.75,2.4285714285714284,3.0,1.673469387755102,3.8,2.56,1.0,1,0,1,0
1,0.0,14.0,0.0,3,2,1.0,1.0,0.0,0.0,1.0,0,2.8,0.1599999999999999,2.75,2.5,1.1875,2.857142857142857,4.0,1.8367346938775508,3.8,0.5599999999999999,3.0,0,1,1,0
1,0.0,14.0,0.0,2,2,1.0,1.0,0.0,0.0,1.0,0,3.6,0.24,2.375,2.0,0.484375,3.857142857142857,4.0,0.1224489795918367,4.0,0.4,2.0,0,1,1,0
1,0.0,15.0,0.0,2,0,1.0,1.0,0.0,0.0,0.0,0,2.6,0.24,3.125,3.0,0.359375,2.2857142857142856,2.0,0.2040816326530612,3.2,0.96,2.0,0,1,1,0
1,0.0,14.0,0.0,2,2,1.0,1.0,0.0,0.0,1.0,0,3.6,0.24,2.125,2.0,1.109375,4.0,4.0,0.0,4.6,0.6399999999999999,2.0,1,0,1,0
1,0.0,15.0,0.0,0,1,1.0,1.0,0.0,0.0,1.0,0,2.8,1.36,2.125,2.0,1.109375,2.857142857142857,3.0,0.979591836734694,4.6,0.24,1.0,0,1,1,0
1,0.0,15.0,0.0,3,3,1.0,1.0,0.0,0.0,1.0,0,2.4,0.24,1.875,2.0,0.109375,3.7142857142857144,4.0,0.2040816326530612,4.2,0.96,1.0,0,1,1,0
1,0.0,14.0,0.0,2,2,1.0,1.0,0.0,0.0,1.0,0,2.6,1.04,2.125,2.0,0.859375,3.3686278266441163,3.580145036259065,0.4836232862052378,5.0,0.0,1.0,1,0,1,0
1,0.0,15.0,0.0,2,0,1.0,0.0,1.0,0.0,1.0,0,2.2,0.5599999999999999,3.0,3.0,0.25,3.4285714285714284,4.0,0.816326530612245,4.0,0.4,1.0,0,1,1,0
1,0.0,15.0,0.0,2,0,0.0,0.0,0.0,0.0,1.0,0,2.8,0.1599999999999999,2.75,3.0,0.1875,3.142857142857143,3.0,0.4081632653061224,3.2,0.1599999999999999,1.0,1,0,0,1
1,0.0,14.0,0.0,2,0,1.0,0.0,1.0,0.0,0.0,0,2.8,0.5599999999999999,3.0,3.0,1.0,2.7142857142857144,4.0,2.2040816326530615,3.8,2.56,2.0,0,1,1,0
1,0.0,17.0,0.0,2,0,1.0,1.0,0.0,0.0,0.0,0,2.0,0.8,2.625,3.0,0.234375,2.857142857142857,2.0,0.979591836734694,3.8,0.1599999999999999,5.0,1,0,0,1
1,0.0,14.0,1.0,0,1,1.0,0.0,0.0,0.0,1.0,0,2.0,0.8,2.5,2.5,1.25,2.2857142857142856,2.0,1.0612244897959184,3.0,2.0,3.0,1,0,1,0
1,0.0,15.0,0.0,0,1,0.0,1.0,0.0,0.0,0.0,0,4.0,0.0,2.0,2.0,0.0,3.082877862322724,3.0,0.3269267260933916,3.4,0.24,2.0,1,0,1,0
2,1.0,15.0,0.0,0,1,1.0,1.0,0.0,0.0,1.0,1,3.2,0.1599999999999999,3.625,4.0,0.484375,3.5714285714285716,4.0,0.5306122448979592,1.0,0.0,1.0,1,0,1,0
2,1.0,14.0,0.0,0,1,1.0,1.0,0.0,0.0,1.0,0,3.0,0.4,2.375,2.0,0.734375,3.2857142857142856,4.0,1.0612244897959184,5.0,0.0,1.0,1,0,1,0
2,1.0,14.0,0.0,0,1,1.0,0.0,0.0,0.0,0.0,0,3.0,1.2,2.625,3.0,1.234375,2.142857142857143,1.0,1.8367346938775508,4.8,0.1599999999999999,2.0,0,1,1,0
1,0.0,14.0,0.0,0,1,1.0,1.0,0.0,0.0,1.0,0,2.6,0.24,2.0,2.0,0.75,2.857142857142857,3.0,0.6938775510204082,3.4,0.64,1.0,0,1,0,1
1,1.0,14.0,0.0,0,1,1.0,1.0,0.0,0.0,1.0,0,2.6,1.0400000000000005,2.5,2.0,1.0,3.7142857142857144,4.0,0.489795918367347,4.8,0.1599999999999999,2.0,1,0,1,0
1,1.0,14.0,0.0,0,1,1.0,1.0,0.0,0.0,1.0,0,2.2,0.5599999999999999,2.875,3.0,0.609375,2.7142857142857144,3.0,0.489795918367347,4.4,0.24,5.0,1,0,1,0
1,0.0,17.0,1.0,4,4,1.0,0.0,0.0,0.0,1.0,1,1.2,0.16,2.25,1.5,1.9375,4.0,4.0,0.0,4.2,0.1599999999999999,3.0,0,1,1,0
2,1.0,16.0,0.0,0,1,0.0,1.0,0.0,0.0,1.0,0,2.6,0.64,1.625,1.5,0.484375,2.6205725722863575,3.344008006004503,2.0157978996979224,4.8,0.1599999999999999,1.0,1,0,1,0
1,1.0,16.0,0.0,0,1,1.0,1.0,0.0,0.0,1.0,0,2.2,0.96,2.5,3.0,0.5,2.0,2.0,0.5714285714285714,3.6,0.64,1.0,0,1,1,0
1,1.0,14.0,0.0,0,1,1.0,1.0,0.0,0.0,1.0,0,3.4,1.44,2.3439612015018776,2.0,0.702320350962796,2.573178733001684,3.2948107295061417,1.9037713340300275,3.8,2.56,4.0,1,0,1,0
1,1.0,16.0,1.0,2,0,1.0,0.0,0.0,0.0,1.0,0,2.0,0.8,2.25,2.0,0.1875,3.142857142857143,3.0,0.6938775510204082,3.2,0.5599999999999999,3.0,1,0,1,0
1,0.0,15.0,0.0,0,1,1.0,1.0,0.0,0.0,1.0,0,2.0,0.4,2.75,3.0,0.4375,3.0,3.0,0.0,3.6,0.24,3.0,1,0,1,0
2,1.0,15.0,0.0,2,0,1.0,0.0,0.0,0.0,1.0,1,3.6,0.24,2.5,2.5,1.25,2.4285714285714284,3.0,1.673469387755102,1.4,0.24,1.0,1,0,1,0
1,1.0,15.0,0.0,3,3,1.0,1.0,0.0,0.0,1.0,0,3.8,0.1599999999999999,2.5,2.0,1.0,3.5714285714285716,4.0,0.2448979591836734,4.8,0.1599999999999999,4.0,0,1,1,0
1,0.0,15.0,1.0,0,1,1.0,1.0,0.0,0.0,0.0,0,2.0,0.4,2.125,2.0,0.609375,2.0,2.0,0.5714285714285714,3.8,0.5599999999999999,4.0,0,1,1,0
1,1.0,14.0,1.0,2,3,1.0,1.0,0.0,0.0,1.0,1,3.0,0.4,2.0,2.0,0.5,2.857142857142857,3.0,0.1224489795918367,2.6,1.04,5.0,0,1,1,0
2,1.0,16.0,0.0,3,3,1.0,0.0,0.0,0.0,0.0,1,2.8,0.5599999999999999,2.75,3.0,0.9375,4.0,4.0,0.0,3.2,1.36,4.0,1,0,0,1
1,1.0,14.0,0.0,2,0,1.0,0.0,0.0,0.0,0.0,1,2.2,0.5599999999999999,2.75,2.5,0.6875,2.2857142857142856,2.0,1.0612244897959184,3.6,1.04,1.0,0,1,0,1
1,0.0,15.0,0.0,0,1,1.0,0.0,0.0,0.0,1.0,0,3.2,0.5599999999999999,1.75,1.5,0.6875,3.5714285714285716,4.0,0.2448979591836734,4.0,0.4,4.0,1,0,1,0
1,1.0,16.0,0.0,2,0,1.0,1.0,0.0,0.0,1.0,0,2.4,1.0400000000000005,2.625,3.0,0.734375,3.857142857142857,4.0,0.1224489795918367,3.4,1.84,1.0,0,1,0,1
1,1.0,14.0,1.0,3,2,1.0,1.0,0.0,0.0,1.0,0,1.2,0.16,2.5,2.0,1.0,2.2857142857142856,2.0,0.489795918367347,4.2,0.96,4.0,0,1,0,1
1,0.0,14.0,0.0,0,1,1.0,1.0,0.0,0.0,1.0,0,3.2,0.1599999999999999,2.625,3.0,0.234375,3.4285714285714284,3.0,0.2448979591836734,3.4,0.24,1.0,1,0,1,0
1,0.0,14.0,0.0,2,0,1.0,1.0,0.0,0.0,1.0,0,3.0,0.0,3.125,3.0,0.359375,2.5714285714285716,3.0,0.2448979591836734,3.2572001001753064,0.2646075661207512,1.0,0,1,1,0
1,0.0,14.0,0.0,2,0,1.0,0.0,0.0,0.0,0.0,0,2.8,0.1599999999999999,2.375,2.5,0.484375,2.5714285714285716,3.0,0.816326530612245,4.0,0.4,2.0,0,1,1,0
1,0.0,15.0,0.0,0,1,1.0,1.0,0.0,0.0,1.0,0,4.0,0.0,2.0,1.5,1.5,3.7142857142857144,4.0,0.489795918367347,4.2,0.5599999999999999,4.0,1,0,1,0
1,0.0,15.0,0.0,2,0,1.0,1.0,0.0,0.0,1.0,0,2.6,0.64,1.75,2.0,0.4375,3.4285714285714284,4.0,0.5306122448979592,4.2,0.5599999999999999,1.0,0,1,1,0
1,0.0,15.0,0.0,0,1,1.0,1.0,0.0,0.0,1.0,0,3.6,0.24,2.125,2.0,0.609375,4.0,4.0,0.0,4.6,0.6399999999999999,1.0,1,0,1,0
1,0.0,15.0,0.0,0,1,1.0,1.0,0.0,0.0,0.0,0,2.8,0.5599999999999999,2.75,3.0,0.6875,3.142857142857143,3.0,0.4081632653061224,3.6,1.84,1.0,0,1,1,0
1,0.0,14.0,0.0,2,2,1.0,0.0,0.0,0.0,1.0,0,3.0,0.8,2.625,3.0,0.234375,3.2857142857142856,3.0,0.489795918367347,3.6,0.24,5.0,1,0,1,0
1,1.0,14.0,0.0,0,1,1.0,1.0,0.0,0.0,1.0,1,2.8,0.1599999999999999,2.625,3.0,1.234375,2.5714285714285716,2.0,0.5306122448979592,4.0,0.8,1.0,0,1,1,0
1,0.0,14.0,0.0,0,1,1.0,1.0,0.0,0.0,0.0,0,2.6,0.24,2.875,3.0,1.109375,3.2857142857142856,4.0,1.0612244897959184,3.4,0.24,2.0,1,0,1,0
1,0.0,14.0,0.0,0,1,1.0,1.0,0.0,0.0,1.0,0,2.8,0.1599999999999999,2.75,3.0,0.4375,3.142857142857143,3.0,0.6938775510204082,4.0,0.0,1.0,0,1,1,0
1,0.0,15.0,0.0,0,1,1.0,1.0,0.0,0.0,1.0,0,3.2,0.5599999999999999,2.75,3.5,1.9375,3.857142857142857,4.0,0.1224489795918367,4.2,0.5599999999999999,1.0,0,1,1,0
1,1.0,16.0,0.0,2,0,1.0,1.0,0.0,0.0,1.0,0,2.4,1.04,2.25,2.0,1.4375,2.7142857142857144,2.0,0.7755102040816327,3.8,1.36,1.0,0,1,0,1
1,0.0,14.0,0.0,2,0,1.0,1.0,0.0,0.0,1.0,0,2.4,0.24,2.125,2.0,0.609375,3.142857142857143,3.0,0.6938775510204082,4.2,0.5599999999999999,5.0,1,0,1,0
1,0.0,14.0,0.0,0,1,1.0,1.0,0.0,0.0,0.0,0,3.2,0.1599999999999999,2.125,2.0,0.359375,3.4285714285714284,4.0,0.5306122448979592,3.4,1.04,1.0,1,0,1,0
1,0.0,14.0,0.0,0,1,1.0,1.0,0.0,0.0,1.0,0,2.8,0.1599999999999999,2.5,2.5,0.25,2.857142857142857,4.0,1.836734693877551,3.2,0.1599999999999999,1.0,1,0,1,0
1,0.0,14.0,0.0,0,1,1.0,1.0,0.0,0.0,1.0,0,3.4,0.24,2.625,3.0,0.734375,3.4285714285714284,4.0,0.5306122448979592,2.2,0.96,5.0,1,0,1,0
1,0.0,14.0,0.0,0,1,1.0,1.0,0.0,0.0,0.0,0,2.4,0.64,2.5,2.5,0.75,3.7142857142857144,4.0,0.489795918367347,4.6,0.24,1.0,0,1,1,0
1,0.0,15.0,0.0,0,1,1.0,0.0,1.0,0.0,1.0,0,1.6,1.4400000000000002,2.625,2.5,0.484375,2.7142857142857144,3.0,1.346938775510204,4.2,0.5599999999999999,1.0,0,1,1,0
1,0.0,14.0,0.0,0,1,1.0,1.0,0.0,0.0,0.0,0,2.4,0.24,2.25,2.0,0.1875,2.7142857142857144,3.0,0.2040816326530612,4.2,0.1599999999999999,1.0,0,1,1,0
1,0.0,14.0,0.0,0,1,1.0,1.0,0.0,0.0,0.0,0,2.4,0.24,2.875,3.0,0.609375,3.2857142857142856,3.0,0.489795918367347,4.2,0.5599999999999999,2.0,1,0,1,0
1,0.0,14.0,1.0,2,0,1.0,1.0,0.0,0.0,1.0,0,2.0,0.8,2.75,3.0,0.4375,2.857142857142857,3.0,1.5510204081632657,3.8,0.1599999999999999,1.0,0,1,1,0
1,0.0,14.0,0.0,0,1,1.0,1.0,0.0,0.0,0.0,1,2.4,0.64,2.125,2.0,0.609375,3.857142857142857,4.0,0.1224489795918367,3.4,1.84,2.0,0,1,1,0
2,0.0,16.0,1.0,2,0,1.0,0.0,1.0,0.0,0.0,1,4.0,0.0,2.75,3.0,0.4375,4.0,4.0,0.0,3.6,2.24,3.0,1,0,1,0
1,0.0,14.0,0.0,0,1,1.0,1.0,0.0,0.0,0.0,0,3.0,1.2,2.125,2.0,1.109375,2.142857142857143,2.0,1.2653061224489797,2.8,1.36,1.0,0,1,1,0
1,0.0,14.0,0.0,0,1,1.0,1.0,0.0,0.0,1.0,0,2.4,1.8400000000000003,2.25,2.0,1.6875,2.531062914500807,3.0,1.8536295426596057,3.8,2.16,2.0,0,1,1,0
1,1.0,15.0,0.0,0,1,1.0,0.0,0.0,0.0,1.0,0,3.6,0.24,2.75,3.0,1.1875,2.2857142857142856,3.0,0.7755102040816327,4.8,0.1599999999999999,1.0,1,0,1,0
1,0.0,14.0,0.0,0,1,1.0,1.0,0.0,0.0,0.0,0,3.8,0.1599999999999999,2.375,2.5,0.984375,3.2857142857142856,4.0,0.7755102040816327,3.2,0.5599999999999999,2.0,1,0,1,0
1,0.0,14.0,0.0,0,1,1.0,1.0,0.0,0.0,0.0,0,2.4,0.64,1.875,2.0,0.359375,2.857142857142857,3.0,1.5510204081632657,4.4,0.24,1.0,0,1,1,0
1,0.0,14.0,0.0,0,1,1.0,1.0,0.0,0.0,0.0,0,2.4,0.64,1.875,2.0,0.359375,2.857142857142857,3.0,1.5510204081632657,4.4,0.24,1.0,0,1,1,0
1,0.0,14.0,0.0,2,0,1.0,1.0,0.0,0.0,1.0,0,3.2,0.1599999999999999,1.875,1.5,0.859375,3.857142857142857,4.0,0.1224489795918367,3.6,1.84,5.0,1,0,1,0
1,0.0,14.0,0.0,0,1,1.0,1.0,0.0,0.0,1.0,0,2.8,0.1599999999999999,2.75,3.0,0.9375,4.0,4.0,0.0,4.0,0.4,4.0,1,0,1,0
1,0.0,14.0,0.0,0,1,1.0,1.0,0.0,0.0,1.0,0,2.4,0.24,2.5,2.5,0.75,3.7142857142857144,4.0,0.489795918367347,4.0,0.4,1.0,0,1,1,0
1,1.0,14.0,0.0,0,1,0.0,1.0,0.0,0.0,0.0,0,3.0,0.4,2.75,3.0,0.4375,4.0,4.0,0.0,5.0,0.0,1.0,0,1,1,0
1,0.0,16.0,0.0,2,0,1.0,1.0,0.0,0.0,0.0,0,3.4,0.64,2.25,2.5,1.1875,2.7142857142857144,2.0,0.7755102040816327,3.8,0.5599999999999999,3.0,0,1,1,0
2,1.0,15.0,0.0,0,1,1.0,1.0,0.0,0.0,1.0,0,3.0,0.4,2.125,2.0,1.109375,2.7142857142857144,3.0,1.0612244897959184,4.6,0.6399999999999999,2.0,1,0,1,0
1,0.0,14.0,0.0,0,1,1.0,1.0,0.0,0.0,1.0,0,3.2,0.5599999999999999,3.25,3.0,0.4375,2.5714285714285716,2.0,1.1020408163265307,3.4,1.04,1.0,0,1,1,0
1,0.0,14.0,0.0,2,2,1.0,1.0,0.0,0.0,1.0,0,3.0,0.4,2.625,3.0,0.734375,3.7142857142857144,4.0,0.489795918367347,3.8,0.1599999999999999,1.0,0,1,1,0
1,0.0,14.0,0.0,2,0,1.0,1.0,0.0,0.0,1.0,0,3.2,0.5599999999999999,2.625,3.0,1.234375,3.142857142857143,4.0,1.8367346938775508,3.4,1.04,1.0,0,1,1,0
1,0.0,14.0,0.0,0,1,1.0,1.0,1.0,1.0,1.0,0,2.8,0.96,2.5,2.5,1.25,3.857142857142857,4.0,0.1224489795918367,4.2,0.5599999999999999,1.0,0,1,1,0
1,0.0,15.0,0.0,3,2,1.0,1.0,0.0,0.0,1.0,0,2.4,1.0400000000000005,2.25,2.0,0.6875,3.857142857142857,4.0,0.1224489795918367,4.8,0.1599999999999999,1.0,0,1,1,0
1,0.0,16.0,0.0,0,1,1.0,1.0,0.0,0.0,0.0,0,3.0,0.4,2.75,3.0,0.6875,3.857142857142857,4.0,0.1224489795918367,4.2,0.5599999999999999,1.0,0,1,1,0
1,0.0,15.0,0.0,2,2,1.0,0.0,0.0,0.0,0.0,0,3.4,0.64,2.375,2.0,0.734375,3.7142857142857144,4.0,0.2040816326530612,3.4,1.84,5.0,1,0,1,0
1,0.0,14.0,0.0,2,2,1.0,1.0,0.0,0.0,0.0,0,3.2,0.5599999999999999,2.5,2.5,1.25,3.857142857142857,4.0,0.1224489795918367,2.8,1.7600000000000002,4.0,1,0,1,0
1,0.0,14.0,0.0,0,1,1.0,1.0,0.0,0.0,1.0,0,2.8,0.1599999999999999,2.5,2.5,1.75,2.857142857142857,3.0,0.6938775510204082,4.8,0.1599999999999999,1.0,0,1,1,0
1,0.0,15.0,0.0,3,3,1.0,1.0,0.0,0.0,1.0,0,2.8,2.16,2.625,2.5,0.484375,2.7142857142857144,4.0,2.2040816326530615,3.6,0.64,2.0,0,1,1,0
1,0.0,14.0,0.0,0,1,1.0,1.0,0.0,0.0,0.0,0,3.6,0.24,2.375,2.5,0.984375,4.0,4.0,0.0,4.6,0.6399999999999999,2.0,0,1,1,0
1,0.0,14.0,0.0,0,1,1.0,0.0,1.0,0.0,1.0,0,2.8,1.36,2.0,2.0,1.0,3.2857142857142856,4.0,0.7755102040816327,4.6,0.6399999999999999,2.0,0,1,1,0
1,0.0,14.0,0.0,0,1,1.0,1.0,0.0,0.0,0.0,0,3.4,0.24,2.5,2.5,1.25,3.4285714285714284,3.0,0.2448979591836734,4.8,0.1599999999999999,2.0,1,0,1,0
1,0.0,15.0,1.0,2,0,1.0,1.0,0.0,0.0,0.0,0,4.0,0.0,2.125,2.0,1.109375,3.5714285714285716,4.0,0.5306122448979592,3.2,1.7600000000000002,3.0,1,0,1,0
1,0.0,14.0,0.0,0,1,1.0,1.0,0.0,0.0,1.0,0,3.2,0.1599999999999999,1.625,1.5,0.484375,3.857142857142857,4.0,0.1224489795918367,3.6,2.24,1.0,0,1,1,0
1,0.0,15.0,0.0,0,1,1.0,0.0,0.0,0.0,0.0,0,2.6,1.04,1.75,1.5,0.6875,3.857142857142857,4.0,0.1224489795918367,3.0,0.0,4.0,1,0,1,0
1,0.0,14.0,0.0,0,1,1.0,1.0,0.0,0.0,1.0,0,3.0,0.4,2.125,2.0,0.609375,4.0,4.0,0.0,4.6,0.24,3.0,1,0,1,0
1,0.0,14.0,0.0,0,1,1.0,1.0,0.0,0.0,1.0,0,3.0,0.0,2.5,2.5,0.25,3.2857142857142856,4.0,0.7755102040816327,4.0,0.4,2.0,1,0,1,0
1,0.0,15.0,0.0,0,1,0.0,0.0,1.0,0.0,1.0,0,2.734233558389598,0.550994322724217,2.125,2.0,0.859375,2.2857142857142856,2.0,1.0612244897959184,4.0,0.8,1.0,0,1,1,0
1,0.0,14.0,0.0,2,2,1.0,1.0,0.0,0.0,1.0,0,3.6,0.24,1.875,1.5,1.109375,2.857142857142857,3.0,0.6938775510204082,4.0,0.4,1.0,0,1,1,0
1,0.0,15.0,1.0,2,0,1.0,1.0,0.0,0.0,0.0,0,2.4,0.24,2.5,2.5,1.25,3.2857142857142856,3.0,0.489795918367347,3.8,0.5599999999999999,4.0,1,0,1,0
1,0.0,14.0,0.0,0,1,1.0,1.0,0.0,0.0,1.0,1,2.6,0.24,2.75,2.5,1.1875,3.7142857142857144,4.0,0.489795918367347,5.0,0.0,1.0,0,1,1,0
1,0.0,14.0,0.0,2,0,1.0,1.0,1.0,0.0,1.0,0,3.8,0.1599999999999999,2.125,2.0,0.859375,3.5714285714285716,4.0,0.2448979591836734,3.0,1.6,1.0,0,1,1,0
1,0.0,15.0,0.0,2,0,1.0,1.0,0.0,0.0,1.0,0,3.2,0.1599999999999999,2.0,2.0,0.75,2.7142857142857144,3.0,0.2040816326530612,3.8,0.1599999999999999,3.0,1,0,1,0
1,1.0,14.0,0.0,0,1,1.0,1.0,0.0,0.0,1.0,0,2.0,0.4,2.875,3.0,1.109375,3.142857142857143,3.0,0.6938775510204082,4.4,0.24,1.0,0,1,1,0
1,0.0,15.0,0.0,0,1,1.0,1.0,0.0,0.0,1.0,0,3.6,0.24,2.75,2.5,0.6875,2.857142857142857,3.0,0.6938775510204082,4.0,0.4,4.0,1,0,1,0
1,0.0,14.0,0.0,2,2,1.0,1.0,0.0,0.0,1.0,0,2.6,1.0400000000000005,2.375,3.0,0.734375,3.5714285714285716,4.0,0.5306122448979592,4.2,1.36,2.0,0,1,1,0
1,0.0,15.0,0.0,2,0,1.0,1.0,0.0,0.0,1.0,0,2.8,0.5599999999999999,2.0,2.0,1.0,2.64326878333393,3.5028814833375095,2.051727094239336,4.6,0.24,3.0,0,1,1,0
1,0.0,14.0,0.0,2,2,1.0,1.0,0.0,0.0,0.0,0,2.2,0.96,2.125,2.0,0.359375,3.7142857142857144,4.0,0.2040816326530612,4.4,1.44,1.0,0,1,1,0
1,1.0,14.0,0.0,0,1,1.0,1.0,0.0,0.0,0.0,0,3.6,0.24,2.125,2.0,0.359375,4.0,4.0,0.0,3.0,1.6,1.0,0,1,1,0
2,1.0,14.0,0.0,0,1,1.0,0.0,0.0,0.0,1.0,1,2.6,1.8400000000000003,2.375,3.0,0.734375,3.7142857142857144,4.0,0.489795918367347,3.4,1.84,2.0,1,0,1,0
1,0.0,15.0,0.0,0,1,1.0,1.0,0.0,0.0,1.0,0,3.4,0.24,2.625,3.0,1.234375,3.142857142857143,3.0,0.6938775510204082,3.8,0.5599999999999999,2.0,1,0,1,0
1,0.0,14.0,0.0,2,2,1.0,1.0,1.0,1.0,1.0,0,2.4,1.0400000000000005,2.5,2.5,0.75,3.0,4.0,1.7142857142857142,3.8,0.1599999999999999,3.0,1,0,1,0
1,0.0,14.0,0.0,0,1,1.0,1.0,0.0,0.0,0.0,0,3.0,0.0,2.25,2.0,0.9375,3.2857142857142856,4.0,0.7755102040816327,4.0,0.4,1.0,0,1,1,0
1,0.0,14.0,1.0,2,2,1.0,1.0,0.0,0.0,0.0,0,2.4,0.24,2.25,2.0,0.4375,2.4285714285714284,2.0,1.9591836734693877,3.6,1.04,2.0,0,1,1,0
1,0.0,14.0,0.0,0,1,1.0,1.0,0.0,0.0,0.0,0,3.2,0.1599999999999999,2.375,2.5,0.984375,3.5714285714285716,4.0,0.2448979591836734,4.4,0.24,1.0,0,1,1,0
2,1.0,15.0,1.0,0,1,1.0,1.0,0.0,0.0,1.0,0,3.2,0.96,3.0,3.0,0.25,4.0,4.0,0.0,4.2,0.1599999999999999,1.0,0,1,1,0
1,0.0,14.0,0.0,2,2,1.0,1.0,0.0,0.0,1.0,0,3.8,0.1599999999999999,2.625,3.0,0.734375,3.7142857142857144,4.0,0.2040816326530612,2.6,2.24,4.0,1,0,1,0
1,0.0,14.0,1.0,3,3,1.0,0.0,0.0,0.0,0.0,0,2.0,0.0,3.0,3.5,1.25,4.0,4.0,0.0,3.0,0.0,1.0,0,1,1,0
2,1.0,14.0,0.0,0,1,1.0,1.0,0.0,0.0,1.0,0,2.8,1.36,2.5,2.5,2.25,3.5714285714285716,4.0,0.5306122448979593,4.4,0.64,1.0,0,1,1,0
1,1.0,14.0,0.0,0,1,1.0,0.0,0.0,1.0,0.0,0,2.4,1.04,2.375,2.5,1.484375,2.857142857142857,3.0,1.5510204081632657,4.6,0.24,1.0,0,1,1,0
1,0.0,14.0,0.0,0,1,1.0,1.0,0.0,0.0,0.0,0,4.0,0.0,2.125,2.0,0.609375,4.0,4.0,0.0,5.0,0.0,1.0,1,0,1,0
2,0.0,14.0,1.0,0,1,1.0,1.0,0.0,0.0,0.0,0,3.2,0.5599999999999999,3.125,3.0,0.609375,3.5714285714285716,4.0,0.5306122448979592,3.8,0.1599999999999999,3.0,1,0,1,0
1,0.0,17.0,0.0,0,1,1.0,1.0,0.0,0.0,0.0,0,2.6,0.64,1.875,2.0,0.359375,2.0,2.0,0.8571428571428571,2.8,2.16,2.0,1,0,1,0
1,0.0,17.0,0.0,2,2,0.0,1.0,0.0,0.0,0.0,0,4.0,0.0,2.75,3.0,0.1875,3.0,3.0,0.8571428571428571,3.4,0.24,2.0,1,0,1,0
1,0.0,16.0,0.0,3,2,1.0,1.0,0.0,0.0,0.0,0,2.0,1.2,2.5,3.0,1.0,2.5714285714285716,2.0,1.673469387755102,3.6,1.04,1.0,0,1,1,0
1,0.0,17.0,0.0,0,1,1.0,1.0,0.0,0.0,1.0,0,3.2,1.36,2.25,2.0,1.4375,4.0,4.0,0.0,5.0,0.0,1.0,0,1,1,0
1,1.0,16.0,0.0,0,1,1.0,1.0,0.0,0.0,1.0,0,3.0,0.4,2.75,3.0,0.4375,2.857142857142857,3.0,0.6938775510204082,3.8,0.1599999999999999,1.0,0,1,1,0
1,1.0,17.0,1.0,3,4,1.0,0.0,0.0,0.0,1.0,0,3.0,0.4,2.75,3.0,0.9375,2.7142857142857144,3.0,1.6326530612244896,4.4,0.24,4.0,1,0,1,0
1,0.0,17.0,0.0,4,3,1.0,1.0,0.0,0.0,0.0,0,2.5979924717691345,0.2384100980936982,2.5,2.5,0.25,3.142857142857143,3.0,0.4081632653061224,3.202447552447553,1.3639400459680182,4.0,1,0,1,0
1,1.0,17.0,1.0,4,3,1.0,0.0,0.0,0.0,0.0,0,3.4,0.64,2.375,2.5,1.484375,2.142857142857143,2.0,1.551020408163265,3.0,0.8,1.0,0,1,1,0
1,1.0,16.0,0.0,0,1,1.0,1.0,0.0,0.0,1.0,0,3.4,0.24,2.875,3.0,0.859375,3.4285714285714284,4.0,0.816326530612245,4.6,0.24,1.0,1,0,1,0
1,0.0,16.0,0.0,0,1,1.0,1.0,0.0,0.0,1.0,0,3.4,0.24,2.25,1.5,1.9375,4.0,4.0,0.0,5.0,0.0,1.0,1,0,1,0
1,0.0,16.0,0.0,0,1,1.0,1.0,0.0,0.0,1.0,0,2.7979924717691342,0.1592131093860445,2.375,2.0,1.234375,3.0,3.0,0.0,4.0,0.4,1.0,1,0,1,0
1,1.0,16.0,0.0,0,1,1.0,1.0,0.0,0.0,1.0,0,2.8,0.1599999999999999,2.0,2.0,1.0,2.857142857142857,3.0,0.6938775510204082,4.2,0.5599999999999999,1.0,0,1,1,0
1,0.0,17.0,0.0,3,3,1.0,0.0,0.0,0.0,0.0,0,2.4,0.24,2.375,3.0,0.734375,3.5714285714285716,4.0,0.2448979591836734,4.4,0.24,1.0,0,1,1,0
1,0.0,17.0,0.0,4,4,1.0,1.0,0.0,0.0,1.0,0,3.2,0.1599999999999999,2.75,2.0,0.9375,4.0,4.0,0.0,4.2,0.1599999999999999,1.0,0,1,1,0
1,0.0,17.0,0.0,4,4,1.0,1.0,0.0,0.0,1.0,0,3.2,0.1599999999999999,2.25,2.0,0.6875,2.857142857142857,4.0,1.836734693877551,5.0,0.0,1.0,0,1,0,1
1,0.0,17.0,0.0,2,0,1.0,1.0,0.0,0.0,1.0,0,2.6,0.64,2.125,2.0,0.109375,4.0,4.0,0.0,3.8,0.96,1.0,0,1,1,0
1,1.0,17.0,0.0,0,1,1.0,1.0,0.0,0.0,1.0,0,3.0,0.4,2.25,2.5,0.6875,3.2857142857142856,3.0,0.2040816326530612,5.0,0.0,1.0,0,1,1,0
1,1.0,17.0,0.0,0,1,0.0,0.0,0.0,0.0,1.0,0,4.0,0.0,2.375,2.0,1.984375,1.5714285714285714,1.0,0.8163265306122449,3.4,0.24,1.0,0,1,1,0
1,1.0,17.0,0.0,0,1,1.0,1.0,0.0,0.0,0.0,0,2.6,0.64,3.25,3.0,0.4375,2.142857142857143,2.0,0.9795918367346936,3.8,0.5599999999999999,1.0,0,1,1,0
1,1.0,17.0,0.0,0,1,1.0,1.0,0.0,0.0,1.0,0,2.6,1.04,1.625,1.0,0.734375,2.2857142857142856,1.0,2.204081632653061,4.4,0.64,2.0,0,1,1,0
1,1.0,16.0,0.0,0,1,0.0,0.0,0.0,0.0,0.0,1,3.2,0.5599999999999999,2.25,2.0,0.6875,4.0,4.0,0.0,3.8,0.1599999999999999,1.0,0,1,1,0
1,1.0,17.0,0.0,0,1,1.0,1.0,0.0,0.0,1.0,0,2.8,2.16,2.625,3.0,1.234375,3.5714285714285716,4.0,1.1020408163265307,5.0,0.0,1.0,0,1,1,0
1,1.0,17.0,0.0,0,1,0.0,1.0,0.0,0.0,0.0,0,3.2,0.1599999999999999,3.0,3.0,0.5,3.0,3.0,0.0,3.8,0.1599999999999999,1.0,0,1,1,0
1,1.0,17.0,0.0,0,1,1.0,0.0,0.0,0.0,1.0,0,2.4,0.64,2.125,2.5,0.859375,4.0,4.0,0.0,4.8,0.1599999999999999,1.0,0,1,1,0
1,0.0,17.0,0.0,0,1,1.0,1.0,0.0,0.0,0.0,0,3.8,0.1599999999999999,3.125,3.0,0.609375,3.857142857142857,4.0,0.1224489795918367,2.8,0.96,1.0,0,1,1,0
1,0.0,17.0,1.0,0,1,1.0,0.0,0.0,0.0,0.0,0,2.4,0.64,1.875,2.0,0.609375,2.7142857142857144,3.0,1.346938775510204,4.2,0.5599999999999999,1.0,1,0,1,0
1,1.0,16.0,0.0,0,1,1.0,1.0,0.0,0.0,1.0,0,2.4,0.24,2.125,2.0,0.359375,3.0,3.0,1.1428571428571428,3.2,0.1599999999999999,3.0,0,1,1,0
1,0.0,17.0,0.0,0,1,1.0,1.0,0.0,0.0,1.0,0,3.8,0.1599999999999999,2.5,2.0,1.5,3.7142857142857144,4.0,0.2040816326530612,4.8,0.1599999999999999,1.0,0,1,1,0
1,0.0,17.0,1.0,0,1,1.0,0.0,0.0,0.0,1.0,0,3.0,0.4,2.75,3.0,1.4375,3.5714285714285716,4.0,0.2448979591836734,4.6,0.24,3.0,0,1,1,0
1,1.0,17.0,0.0,0,1,1.0,1.0,0.0,0.0,1.0,0,3.2,0.5599999999999999,2.625,3.0,0.734375,3.2857142857142856,4.0,1.0612244897959184,4.8,0.1599999999999999,2.0,0,1,1,0
1,1.0,17.0,0.0,0,1,1.0,1.0,0.0,0.0,0.0,1,3.4,0.64,2.25,2.5,1.1875,3.0,4.0,1.7142857142857142,3.8,0.5599999999999999,5.0,1,0,1,0
1,0.0,17.0,0.0,0,1,1.0,1.0,0.0,0.0,0.0,0,3.4,1.44,2.75,3.0,0.9375,3.857142857142857,4.0,0.1224489795918367,4.8,0.1599999999999999,1.0,0,1,1,0
1,0.0,17.0,0.0,3,3,1.0,0.0,0.0,0.0,0.0,0,3.4,0.24,2.125,2.0,0.609375,3.4285714285714284,4.0,0.5306122448979592,3.2,0.5599999999999999,5.0,1,0,1,0
1,0.0,15.0,0.0,0,1,1.0,1.0,0.0,0.0,0.0,0,3.0,0.0,2.75,3.0,0.6875,3.2857142857142856,3.0,0.489795918367347,3.8,0.5599999999999999,1.0,1,0,1,0
1,0.0,15.0,0.0,0,1,1.0,1.0,0.0,0.0,0.0,0,2.752048253329982,0.5500167813668152,2.75,3.0,0.6875,2.5714285714285716,3.0,1.959183673469388,4.4,0.24,1.0,0,1,0,1
1,0.0,15.0,0.0,2,2,1.0,1.0,0.0,0.0,0.0,0,2.6,1.44,2.375,3.0,0.734375,2.7142857142857144,3.0,1.346938775510204,3.2,0.5599999999999999,1.0,1,0,0,1
1,0.0,15.0,0.0,2,2,1.0,1.0,0.0,0.0,1.0,0,2.8,0.96,2.875,3.0,1.109375,3.0,4.0,1.7142857142857142,4.8,0.1599999999999999,1.0,0,1,1,0
1,0.0,15.0,0.0,0,1,1.0,1.0,0.0,0.0,0.0,0,4.0,0.0,2.25,2.0,1.4375,3.906286858000643,4.0,0.0526929179003495,5.0,0.0,1.0,0,1,1,0
1,1.0,17.0,1.0,0,1,1.0,1.0,0.0,0.0,1.0,0,3.2,0.5599999999999999,2.125,2.5,0.859375,4.0,4.0,0.0,4.2,0.1599999999999999,3.0,1,0,1,0
1,0.0,16.0,0.0,3,3,1.0,1.0,0.0,0.0,1.0,0,4.0,0.0,1.625,2.0,0.234375,3.5714285714285716,4.0,0.5306122448979592,1.8,2.5600000000000005,1.0,1,0,1,0
1,0.0,15.0,0.0,0,1,1.0,1.0,0.0,0.0,1.0,0,3.4,0.24,2.0,1.5,1.25,4.0,4.0,0.0,4.8,0.1599999999999999,1.0,0,1,1,0
1,0.0,15.0,0.0,5,3,1.0,1.0,0.0,0.0,1.0,0,4.0,0.0,2.625,3.0,1.234375,4.0,4.0,0.0,1.4,0.6400000000000002,1.0,1,0,1,0
1,0.0,15.0,0.0,2,0,1.0,1.0,0.0,0.0,0.0,0,3.8,0.1599999999999999,2.125,2.0,1.109375,4.0,4.0,0.0,3.4,1.44,1.0,0,1,1,0
1,0.0,15.0,0.0,0,1,1.0,1.0,0.0,0.0,1.0,0,2.4,0.64,2.375,2.5,0.984375,2.857142857142857,3.0,0.979591836734694,4.6,0.24,1.0,0,1,1,0
1,0.0,15.0,0.0,2,0,1.0,1.0,0.0,0.0,1.0,0,3.0,0.0,2.375,2.0,0.734375,3.857142857142857,4.0,0.1224489795918367,4.2,0.1599999999999999,1.0,0,1,1,0
1,1.0,17.0,0.0,3,3,1.0,1.0,0.0,0.0,1.0,0,3.0,0.0,2.0,2.0,0.75,3.4285714285714284,4.0,0.816326530612245,4.2,0.1599999999999999,4.0,1,0,1,0
1,0.0,16.0,0.0,3,3,0.0,1.0,0.0,0.0,0.0,0,3.8,0.1599999999999999,2.875,3.0,1.109375,3.4285714285714284,4.0,0.816326530612245,4.2,1.36,5.0,1,0,1,0
1,0.0,16.0,1.0,3,3,1.0,1.0,0.0,0.0,0.0,0,3.2,0.5599999999999999,2.875,3.0,0.859375,3.4285714285714284,4.0,0.5306122448979592,3.4,1.84,4.0,1,0,1,0
1,0.0,16.0,0.0,2,2,1.0,0.0,0.0,0.0,1.0,0,3.6,0.24,2.375,2.0,0.234375,4.0,4.0,0.0,3.4,1.44,5.0,1,0,1,0
1,0.0,17.0,0.0,3,3,1.0,1.0,0.0,0.0,0.0,0,2.8,0.1599999999999999,1.75,2.0,0.4375,2.7142857142857144,3.0,0.2040816326530612,4.0,0.8,5.0,1,0,1,0
1,0.0,17.0,0.0,3,3,1.0,1.0,0.0,0.0,0.0,0,2.0,0.4,2.625,3.0,0.234375,3.0,3.0,0.8571428571428571,4.0,0.0,3.0,1,0,1,0
1,0.0,16.0,0.0,3,2,1.0,0.0,0.0,0.0,1.0,0,2.8,0.5599999999999999,2.75,3.0,0.4375,3.4285714285714284,4.0,0.816326530612245,3.6,0.24,4.0,1,0,1,0
1,0.0,17.0,0.0,3,2,0.0,0.0,0.0,0.0,0.0,1,3.8,0.1599999999999999,2.0,2.0,0.5,3.4285714285714284,3.0,0.2448979591836734,3.0,2.0,4.0,1,0,1,0
1,0.0,16.0,0.0,3,2,1.0,1.0,0.0,0.0,0.0,0,3.8,0.1599999999999999,2.375,2.0,1.234375,2.857142857142857,3.0,1.2653061224489797,2.4,1.04,1.0,1,0,1,0
1,0.0,16.0,0.0,3,2,1.0,1.0,0.0,0.0,0.0,0,2.8,0.96,2.625,2.5,0.484375,3.2857142857142856,3.0,0.489795918367347,3.0,2.8,2.0,1,0,1,0
1,0.0,15.0,0.0,3,3,1.0,1.0,0.0,0.0,1.0,0,3.8,0.1599999999999999,2.0,2.0,0.0,2.4285714285714284,2.0,1.9591836734693877,3.2,0.1599999999999999,1.0,0,1,1,0
1,0.0,16.0,0.0,2,2,0.0,0.0,0.0,0.0,1.0,0,3.0,0.0,2.125,2.0,0.609375,3.2857142857142856,3.0,0.489795918367347,3.6,0.24,1.0,0,1,1,0
1,0.0,15.0,0.0,2,0,1.0,1.0,0.0,0.0,1.0,0,3.0,0.4,2.125,2.0,1.109375,2.5714285714285716,3.0,0.5306122448979592,2.8,1.36,1.0,0,1,1,0
1,0.0,15.0,0.0,2,0,1.0,0.0,0.0,0.0,1.0,0,3.0,0.4,1.625,1.5,0.484375,3.142857142857143,3.0,0.1224489795918367,2.8,1.36,1.0,0,1,0,1
1,0.0,14.0,0.0,3,2,1.0,0.0,0.0,0.0,1.0,0,3.8,0.1599999999999999,2.625,3.0,1.984375,4.0,4.0,0.0,2.8,1.7600000000000002,1.0,0,1,0,1
1,0.0,16.0,1.0,0,1,1.0,1.0,0.0,0.0,1.0,0,3.8,0.1599999999999999,2.0,2.0,0.25,2.7142857142857144,3.0,0.489795918367347,3.0,1.2,4.0,1,0,1,0
1,0.0,16.0,0.0,3,3,1.0,1.0,0.0,0.0,1.0,0,3.2,0.1599999999999999,2.75,3.0,0.1875,3.4285714285714284,4.0,0.5306122448979592,4.0,0.4,1.0,0,1,1,0
1,1.0,15.0,0.0,0,1,1.0,1.0,0.0,0.0,0.0,0,3.0,0.4,2.125,2.0,0.609375,3.7142857142857144,4.0,0.489795918367347,5.0,0.0,1.0,0,1,0,1
1,0.0,16.0,0.0,2,0,1.0,1.0,0.0,0.0,1.0,0,2.0,0.8,2.625,2.5,0.984375,3.2857142857142856,3.0,0.489795918367347,4.8,0.1599999999999999,1.0,0,1,1,0
1,0.0,16.0,0.0,3,2,1.0,0.0,0.0,0.0,0.0,0,2.8,0.1599999999999999,2.75,3.0,0.1875,2.2857142857142856,2.0,0.2040816326530612,3.4,1.04,1.0,0,1,1,0
1,0.0,17.0,1.0,3,3,1.0,1.0,0.0,0.0,1.0,0,2.8,0.5599999999999999,1.875,2.0,0.609375,3.5714285714285716,4.0,0.5306122448979592,2.6,1.04,1.0,0,1,1,0
1,0.0,15.0,0.0,0,1,1.0,1.0,0.0,0.0,0.0,0,2.4,0.64,2.75,3.0,1.4375,2.857142857142857,3.0,1.2653061224489797,4.2,0.1599999999999999,1.0,0,1,0,1
1,0.0,16.0,0.0,4,3,1.0,0.0,0.0,0.0,1.0,0,2.2,0.5599999999999999,2.5,2.5,1.75,4.0,4.0,0.0,4.6,0.24,1.0,0,1,1,0
1,0.0,15.0,1.0,2,2,0.0,0.0,0.0,0.0,1.0,0,1.8,0.56,2.5,2.5,1.25,3.857142857142857,4.0,0.1224489795918367,3.6,1.04,1.0,0,1,0,1
1,0.0,15.0,0.0,2,2,1.0,1.0,0.0,0.0,0.0,0,2.4,0.24,2.375,2.0,0.234375,3.7142857142857144,4.0,0.2040816326530612,4.8,0.1599999999999999,1.0,0,1,1,0
1,0.0,15.0,0.0,2,2,1.0,0.0,0.0,0.0,0.0,0,2.2,0.5599999999999999,2.125,2.0,0.359375,3.142857142857143,4.0,1.2653061224489797,4.8,0.1599999999999999,1.0,0,1,1,0
1,0.0,15.0,0.0,2,2,1.0,1.0,0.0,0.0,0.0,0,2.2,0.5599999999999999,2.375,2.5,0.484375,4.0,4.0,0.0,5.0,0.0,1.0,0,1,1,0
1,0.0,15.0,0.0,4,3,1.0,1.0,1.0,1.0,0.0,0,2.8,0.1599999999999999,2.625,2.5,0.484375,3.5714285714285716,4.0,0.2448979591836734,4.8,0.1599999999999999,2.0,0,1,1,0
1,0.0,15.0,1.0,3,2,1.0,1.0,0.0,0.0,0.0,0,3.2,0.1599999999999999,2.5,2.5,0.75,3.7142857142857144,4.0,0.489795918367347,3.8,0.1599999999999999,2.0,0,1,1,0
1,0.0,15.0,0.0,2,0,1.0,1.0,0.0,0.0,1.0,0,3.6,0.24,2.5,2.5,0.75,3.4285714285714284,4.0,0.5306122448979592,3.6,2.24,1.0,0,1,1,0
1,0.0,15.0,0.0,3,4,1.0,1.0,0.0,0.0,1.0,0,3.8,0.1599999999999999,2.375,2.0,0.234375,3.2857142857142856,3.0,0.489795918367347,4.2,0.5599999999999999,5.0,1,0,1,0
1,0.0,16.0,0.0,3,3,1.0,1.0,0.0,0.0,1.0,1,3.4,1.4400000000000002,2.125,2.0,0.609375,2.857142857142857,3.0,0.1224489795918367,5.0,0.0,4.0,1,0,1,0
1,0.0,15.0,0.0,3,3,1.0,1.0,0.0,0.0,0.0,0,3.2,0.1599999999999999,2.25,2.0,0.4375,4.0,4.0,0.0,4.4,0.6399999999999999,4.0,1,0,1,0
1,0.0,16.0,1.0,3,2,1.0,1.0,0.0,0.0,1.0,0,3.4,0.24,2.375,2.0,0.734375,3.5714285714285716,4.0,1.1020408163265307,3.2,0.1599999999999999,2.0,1,0,1,0
1,0.0,16.0,0.0,0,1,1.0,1.0,0.0,0.0,1.0,0,2.2,0.1599999999999999,2.625,3.0,0.234375,2.0,2.0,0.2857142857142857,3.8,1.36,4.0,1,0,1,0
1,0.0,15.0,0.0,0,1,1.0,1.0,0.0,0.0,1.0,0,3.2,0.5599999999999999,2.625,3.0,1.234375,2.857142857142857,3.0,1.5510204081632657,3.6,0.64,4.0,1,0,1,0
1,1.0,15.0,0.0,0,1,1.0,1.0,0.0,0.0,1.0,0,3.0,0.4,2.125,1.0,2.109375,2.7142857142857144,3.0,0.489795918367347,4.2,2.56,1.0,0,1,1,0
1,0.0,15.0,0.0,3,0,1.0,1.0,0.0,0.0,1.0,0,3.2,0.5599999999999999,2.25,2.0,0.9375,3.2857142857142856,3.0,0.489795918367347,3.8,0.5599999999999999,1.0,0,1,1,0
1,0.0,15.0,0.0,0,1,1.0,1.0,0.0,0.0,0.0,0,3.4,0.24,2.75,2.5,0.6875,3.4285714285714284,4.0,1.1020408163265307,2.8,0.1599999999999999,4.0,1,0,1,0
2,1.0,15.0,0.0,2,2,0.0,1.0,0.0,0.0,0.0,0,3.4,1.4400000000000002,3.0,3.0,0.75,4.0,4.0,0.0,4.4,0.6399999999999999,2.0,1,0,1,0
1,0.0,17.0,0.0,2,2,1.0,1.0,0.0,0.0,1.0,0,2.0,0.4,2.125,2.0,0.609375,4.0,4.0,0.0,3.6,0.64,1.0,0,1,1,0
1,1.0,16.0,1.0,2,2,1.0,0.0,0.0,0.0,0.0,0,3.0,0.4,2.375,2.0,0.734375,3.7142857142857144,4.0,0.489795918367347,2.6,0.24,1.0,0,1,1,0
1,1.0,15.0,0.0,0,1,1.0,0.0,0.0,0.0,1.0,0,2.6,1.04,2.625,3.0,0.234375,2.857142857142857,3.0,1.5510204081632657,3.4,1.04,2.0,1,0,1,0
1,0.0,15.0,0.0,0,1,1.0,1.0,0.0,0.0,0.0,0,3.2,0.5599999999999999,2.375,2.0,1.734375,3.7142857142857144,4.0,0.2040816326530612,4.0,0.8,2.0,1,0,1,0
1,1.0,16.0,1.0,2,2,1.0,0.0,0.0,0.0,0.0,0,3.4,1.4400000000000002,1.375,1.0,0.234375,2.2857142857142856,1.0,2.2040816326530615,3.6,1.4400000000000002,5.0,0,1,0,1
1,0.0,15.0,0.0,2,2,1.0,1.0,0.0,0.0,0.0,0,3.2,0.5599999999999999,2.5,2.5,0.75,2.7142857142857144,3.0,1.0612244897959184,4.0,0.8,2.0,0,1,1,0
1,0.0,16.0,1.0,0,1,0.0,0.0,0.0,1.0,0.0,0,3.7520482533299826,0.2459202747068503,2.25,2.0,0.4375,3.142857142857143,4.0,1.836734693877551,3.4,2.24,4.0,1,0,0,1
1,0.0,15.0,1.0,2,2,0.0,0.0,0.0,0.0,0.0,1,3.8,0.1599999999999999,2.375,2.5,0.984375,4.0,4.0,0.0,4.0,2.4,4.0,0,1,0,1
1,0.0,16.0,0.0,2,2,1.0,1.0,0.0,0.0,1.0,0,3.6,0.24,2.125,2.0,0.859375,3.5714285714285716,4.0,0.2448979591836734,3.2,0.1599999999999999,3.0,1,0,1,0
1,0.0,16.0,0.0,2,2,1.0,0.0,0.0,0.0,0.0,0,3.2,0.1599999999999999,2.5,2.5,0.75,3.142857142857143,3.0,0.979591836734694,4.2,0.5599999999999999,1.0,0,1,1,0
1,0.0,16.0,0.0,2,2,1.0,1.0,0.0,0.0,1.0,0,3.2,0.1599999999999999,3.125,3.0,0.359375,3.7142857142857144,4.0,0.2040816326530612,3.2,0.1599999999999999,4.0,1,0,1,0
1,0.0,16.0,1.0,3,3,0.0,0.0,0.0,0.0,0.0,1,2.4,0.24,2.125,2.5,0.859375,3.7142857142857144,4.0,0.2040816326530612,4.2,1.36,3.0,0,1,1,0
1,0.0,17.0,1.0,4,3,1.0,1.0,0.0,0.0,1.0,0,2.6,0.64,2.75,3.0,0.9375,3.5714285714285716,4.0,0.5306122448979592,2.8,0.5599999999999999,5.0,1,0,1,0
1,0.0,15.0,1.0,3,3,1.0,1.0,0.0,0.0,1.0,0,3.2,0.5599999999999999,2.375,2.0,0.734375,2.857142857142857,3.0,1.2653061224489797,4.0,1.2,1.0,0,1,1,0
1,0.0,15.0,0.0,3,3,1.0,1.0,0.0,0.0,0.0,0,2.8,0.5599999999999999,1.75,1.5,0.6875,3.142857142857143,4.0,1.2653061224489797,4.6,0.24,1.0,0,1,1,0
1,1.0,16.0,0.0,2,2,1.0,1.0,0.0,0.0,1.0,0,3.4,0.24,2.625,2.5,1.484375,3.5714285714285716,4.0,0.2448979591836734,3.8,0.1599999999999999,5.0,1,0,1,0
1,0.0,16.0,0.0,3,2,1.0,1.0,0.0,0.0,1.0,0,3.0,0.4,2.5,3.0,0.75,3.7142857142857144,4.0,0.2040816326530612,4.2,0.5599999999999999,1.0,0,1,1,0
1,0.0,16.0,1.0,2,2,1.0,1.0,0.0,0.0,1.0,0,4.0,0.0,1.5939612015018774,1.0,0.6557621532156123,4.0,4.0,0.0,4.2,0.1599999999999999,5.0,1,0,1,0
1,0.0,15.0,1.0,2,2,1.0,1.0,0.0,0.0,0.0,0,2.4,0.24,2.125,2.5,0.859375,3.0,4.0,1.7142857142857142,4.2,0.5599999999999999,2.0,0,1,1,0
1,1.0,15.0,0.0,3,2,1.0,1.0,0.0,0.0,1.0,0,2.8,0.1599999999999999,2.0,2.0,0.25,3.4285714285714284,3.0,0.2448979591836734,3.8,0.1599999999999999,5.0,1,0,1,0
1,0.0,16.0,0.0,0,1,1.0,1.0,0.0,0.0,0.0,0,3.8,0.1599999999999999,2.625,3.0,1.234375,3.5714285714285716,4.0,1.1020408163265307,3.4,1.8400000000000003,2.0,1,0,1,0
1,0.0,15.0,0.0,2,0,1.0,1.0,0.0,0.0,1.0,0,3.4,0.24,2.875,3.0,0.359375,3.7142857142857144,4.0,0.489795918367347,2.8,0.96,4.0,1,0,1,0
1,0.0,15.0,0.0,0,1,1.0,1.0,0.0,0.0,0.0,0,3.4,0.24,2.625,3.0,0.734375,3.857142857142857,4.0,0.1224489795918367,4.6,0.24,1.0,0,1,1,0
1,0.0,16.0,0.0,2,0,1.0,1.0,0.0,0.0,0.0,0,3.4,0.24,2.625,3.0,1.234375,3.7142857142857144,4.0,0.2040816326530612,4.6,0.6399999999999999,2.0,1,0,1,0
1,0.0,16.0,0.0,2,0,1.0,1.0,0.0,0.0,0.0,0,3.2,0.5599999999999999,2.625,3.0,0.734375,3.2857142857142856,4.0,1.3469387755102038,4.8,0.1599999999999999,1.0,0,1,1,0
1,0.0,16.0,0.0,2,0,1.0,1.0,0.0,0.0,0.0,0,2.6,1.04,2.5,2.5,0.75,3.7142857142857144,4.0,0.489795918367347,4.2,2.56,1.0,0,1,1,0
1,0.0,14.0,0.0,2,0,1.0,1.0,0.0,0.0,0.0,0,2.0,0.0,2.7061110264143338,2.824444105657334,0.922657543300664,3.4285714285714284,4.0,0.5306122448979592,3.8,0.5599999999999999,1.0,0,1,1,0
1,0.0,14.0,0.0,3,2,1.0,1.0,0.0,0.0,1.0,0,2.0,0.8,2.375,2.5,0.984375,2.857142857142857,4.0,1.8367346938775508,4.4,0.24,4.0,1,0,0,1
1,0.0,14.0,0.0,0,1,1.0,1.0,0.0,0.0,1.0,0,4.0,0.0,2.5,2.5,2.25,4.0,4.0,0.0,5.0,0.0,1.0,1,0,1,0
1,0.0,15.0,0.0,3,2,1.0,1.0,0.0,0.0,1.0,0,3.4,0.24,1.875,2.0,0.609375,3.5714285714285716,4.0,0.5306122448979592,3.0,0.0,3.0,1,0,1,0
1,0.0,15.0,0.0,0,1,1.0,0.0,0.0,0.0,1.0,0,2.2,0.5599999999999999,1.625,1.5,0.484375,2.2857142857142856,2.0,1.0612244897959184,3.0,0.0,2.0,0,1,0,1
1,0.0,14.0,0.0,0,1,1.0,1.0,0.0,0.0,0.0,0,2.6,1.0400000000000005,2.375,2.5,0.984375,3.5714285714285716,4.0,0.2448979591836734,5.0,0.0,1.0,1,0,1,0
1,0.0,16.0,0.0,2,2,1.0,0.0,0.0,0.0,1.0,0,3.4,0.64,2.5,2.5,1.25,2.5714285714285716,2.0,1.1020408163265307,2.6,1.04,3.0,1,0,1,0
1,0.0,14.0,0.0,0,1,1.0,0.0,0.0,0.0,0.0,0,3.4,0.24,2.875,3.0,0.359375,3.857142857142857,4.0,0.1224489795918367,3.0,2.0,3.0,1,0,1,0
1,0.0,14.0,1.0,0,1,1.0,1.0,0.0,0.0,0.0,0,3.6,0.24,3.0,3.5,1.25,3.4285714285714284,3.0,0.2448979591836734,2.2,2.56,5.0,1,0,1,0
2,1.0,16.0,1.0,2,0,1.0,0.0,1.0,0.0,0.0,0,3.6,0.64,3.375,3.5,0.484375,2.7142857142857144,4.0,2.204081632653061,3.4,2.64,2.0,1,0,1,0
2,1.0,16.0,0.0,2,0,1.0,0.0,0.0,0.0,1.0,0,4.0,0.0,2.5,2.5,1.75,2.142857142857143,1.0,1.8367346938775508,2.2,2.56,1.0,1,0,1,0
1,0.0,16.0,0.0,0,1,1.0,0.0,0.0,0.0,0.0,0,4.0,0.0,2.25,2.0,0.4375,4.0,4.0,0.0,1.0,0.0,1.0,0,1,1,0
1,0.0,15.0,1.0,4,4,1.0,1.0,1.0,0.0,1.0,0,3.2,0.1599999999999999,2.25,2.0,0.6875,3.0,3.0,0.0,4.0,0.0,4.0,1,0,1,0
1,0.0,15.0,0.0,0,1,1.0,1.0,0.0,0.0,1.0,0,3.0,0.4,3.0,3.0,0.5,3.4285714285714284,3.0,0.2448979591836734,4.0,0.4,4.0,1,0,1,0
1,0.0,16.0,0.0,0,1,1.0,1.0,0.0,0.0,1.0,0,3.6,0.24,2.25,2.5,0.6875,3.1849729613580204,4.0,1.263915484456722,3.4,0.24,1.0,0,1,0,1
1,0.0,15.0,1.0,2,3,1.0,1.0,0.0,0.0,1.0,0,3.6,0.24,2.625,3.0,0.234375,3.7142857142857144,4.0,0.2040816326530612,1.6,1.44,3.0,1,0,1,0
1,1.0,16.0,0.0,0,1,1.0,1.0,0.0,0.0,0.0,0,3.0,0.0,2.625,2.5,0.484375,3.0,3.0,0.0,2.8,0.5599999999999999,2.0,1,0,1,0
1,0.0,15.0,0.0,0,1,1.0,0.0,0.0,0.0,0.0,0,2.8,0.96,2.5,2.0,1.0,3.4285714285714284,4.0,0.5306122448979592,4.4,0.6399999999999999,1.0,1,0,1,0
1,0.0,16.0,0.0,0,1,1.0,1.0,0.0,0.0,0.0,0,2.8,0.96,2.0,1.0,1.75,4.0,4.0,0.0,5.0,0.0,1.0,0,1,0,1
2,1.0,15.0,0.0,0,1,1.0,1.0,0.0,0.0,0.0,0,2.4,1.04,2.375,2.0,1.984375,2.5714285714285716,3.0,1.959183673469388,2.6,1.04,5.0,0,1,0,1
2,0.0,15.0,1.0,2,2,1.0,1.0,0.0,0.0,1.0,0,4.0,0.0,2.875,3.0,0.859375,3.7142857142857144,4.0,0.2040816326530612,5.0,0.0,2.0,1,0,1,0
1,0.0,15.0,0.0,2,0,1.0,1.0,0.0,0.0,0.0,0,3.0,0.4,2.375,2.5,0.984375,3.2857142857142856,4.0,0.7755102040816327,4.0,0.4,2.0,0,1,1,0
1,0.0,15.0,0.0,0,1,1.0,1.0,0.0,0.0,0.0,0,3.6,0.24,2.25,2.0,1.6875,2.857142857142857,3.0,1.2653061224489797,5.0,0.0,2.0,0,1,0,1
1,0.0,16.0,0.0,0,1,1.0,1.0,0.0,0.0,1.0,0,2.0,1.2,2.75,3.0,0.6875,3.5714285714285716,4.0,0.5306122448979593,3.2,0.1599999999999999,3.0,1,0,0,1
1,0.0,15.0,0.0,0,1,1.0,1.0,0.0,0.0,0.0,0,2.6,1.04,2.75,2.5,0.6875,3.5714285714285716,4.0,0.5306122448979592,4.0,0.8,1.0,0,1,1,0
1,0.0,15.0,0.0,0,1,1.0,1.0,0.0,0.0,1.0,0,3.2,0.5599999999999999,2.25,2.0,1.6875,4.0,4.0,0.0,4.2,0.5599999999999999,2.0,1,0,1,0
1,0.0,16.0,0.0,0,1,1.0,1.0,0.0,0.0,1.0,0,2.4,0.64,2.875,3.0,0.609375,3.4285714285714284,3.0,0.2448979591836734,4.2,0.5599999999999999,1.0,0,1,1,0
1,0.0,15.0,0.0,2,0,1.0,1.0,0.0,0.0,1.0,0,4.0,0.0,2.375,2.0,1.234375,4.0,4.0,0.0,3.8,0.1599999999999999,1.0,1,0,1,0
1,0.0,15.0,0.0,2,2,1.0,1.0,0.0,0.0,1.0,0,2.4,0.24,2.625,2.0,0.734375,2.4285714285714284,2.0,1.9591836734693877,3.6,0.64,1.0,0,1,1,0
2,0.0,16.0,0.0,0,1,1.0,1.0,0.0,0.0,1.0,0,3.4,0.64,2.963,3.0,0.5095829999999999,3.7142857142857144,4.0,0.2040816326530612,3.8,0.5599999999999999,2.0,1,0,1,0
1,0.0,16.0,1.0,0,1,1.0,1.0,0.0,0.0,1.0,0,4.0,0.0,1.75,1.0,1.1875,1.8571428571428572,1.0,1.836734693877551,1.0,0.0,1.0,1,0,1,0
1,0.0,16.0,0.0,2,0,1.0,1.0,0.0,0.0,1.0,0,2.6,1.04,2.25,2.0,0.9375,3.756401532786592,4.0,0.1545586306598008,5.0,0.0,1.0,0,1,1,0
1,0.0,15.0,0.0,0,1,1.0,1.0,0.0,0.0,0.0,0,2.8,0.5599999999999999,1.875,2.0,0.359375,4.0,4.0,0.0,4.0,0.8,1.0,0,1,1,0
1,0.0,16.0,0.0,3,0,1.0,1.0,0.0,0.0,1.0,0,3.0,0.4,2.5,3.0,1.0,2.857142857142857,3.0,0.979591836734694,4.4,0.24,2.0,0,1,0,1
1,0.0,16.0,0.0,0,1,1.0,0.0,0.0,0.0,1.0,0,3.2,0.5599999999999999,2.5,3.0,0.5,4.0,4.0,0.0,3.4,0.64,2.0,0,1,1,0
1,0.0,16.0,0.0,3,2,0.0,1.0,0.0,0.0,1.0,0,3.4,0.64,2.5,3.0,0.75,3.7142857142857144,4.0,0.2040816326530612,3.6572001001753063,1.8988474859805056,1.0,0,1,1,0
1,0.0,15.0,0.0,1,0,1.0,0.0,0.0,0.0,1.0,0,3.4,0.24,2.3991018454906787,2.4144439655172416,0.1341968291381966,3.261904393338928,3.344008006004503,0.1709657741508746,4.8,0.1599999999999999,5.0,1,0,1,0
2,1.0,15.0,1.0,0,1,0.0,0.0,1.0,0.0,1.0,0,3.2,0.5599999999999999,2.375,2.0,0.734375,3.7142857142857144,4.0,0.2040816326530612,4.0,0.4,4.0,1,0,1,0
1,0.0,15.0,0.0,2,2,1.0,1.0,0.0,0.0,1.0,0,3.4,0.24,2.0,2.0,0.25,3.7142857142857144,4.0,0.2040816326530612,2.2,2.16,4.0,0,1,1,0
1,0.0,16.0,0.0,2,2,1.0,1.0,0.0,0.0,1.0,0,2.8,0.5599999999999999,2.75,3.0,0.4375,3.7142857142857144,4.0,0.489795918367347,3.6,0.24,2.0,0,1,1,0
1,0.0,15.0,0.0,0,1,1.0,1.0,0.0,0.0,0.0,0,3.4,0.24,2.875,3.5,1.609375,3.428607107178536,4.0,0.5305816708725025,5.0,0.0,1.0,1,0,1,0
1,0.0,15.0,0.0,2,2,1.0,0.0,0.0,0.0,0.0,0,3.0,0.4,2.25,2.5,1.1875,3.5714285714285716,4.0,0.2448979591836734,4.8,0.1599999999999999,2.0,0,1,1,0
1,0.0,16.0,0.0,0,1,1.0,1.0,0.0,0.0,1.0,1,4.0,0.0,2.25,2.0,1.4375,3.9596343430722354,4.0,0.00977631755526,2.6,3.8400000000000007,1.0,1,0,1,0
1,0.0,15.0,0.0,2,0,1.0,1.0,0.0,0.0,0.0,0,2.4,1.04,2.875,3.0,0.859375,2.2857142857142856,2.0,1.6326530612244898,4.0,1.2,4.0,1,0,0,1
1,0.0,15.0,0.0,4,3,1.0,0.0,0.0,0.0,1.0,0,4.0,0.0,2.0,2.0,0.0,3.142857142857143,3.0,0.4081632653061224,3.6,0.24,2.0,1,0,1,0
1,0.0,17.0,1.0,3,2,1.0,1.0,0.0,0.0,0.0,0,4.0,0.0,2.5,2.5,0.25,2.64326878333393,3.0,1.1945842370964788,3.6,0.64,1.0,1,0,1,0
1,0.0,15.0,1.0,4,3,1.0,1.0,1.0,1.0,1.0,0,2.0,0.8,2.375,2.0,0.734375,1.4285714285714286,1.0,0.5306122448979592,4.6,0.24,1.0,0,1,0,1
1,0.0,15.0,1.0,0,1,1.0,1.0,0.0,0.0,1.0,0,3.8,0.1599999999999999,1.625,1.0,1.234375,3.2857142857142856,4.0,0.7755102040816327,5.0,0.0,5.0,1,0,1,0
1,0.0,15.0,0.0,3,2,1.0,1.0,0.0,0.0,0.0,0,1.8,0.56,2.25,2.0,0.4375,2.2857142857142856,1.0,2.2040816326530615,4.6,0.6399999999999999,1.0,0,1,0,1
1,0.0,15.0,0.0,2,0,1.0,1.0,0.0,0.0,1.0,1,2.2,0.1599999999999999,2.875,3.0,1.109375,3.7142857142857144,4.0,0.489795918367347,1.4,0.24,1.0,0,1,1,0
1,0.0,15.0,0.0,0,1,1.0,1.0,0.0,0.0,1.0,0,3.4,0.24,2.875,3.0,0.609375,3.4285714285714284,4.0,1.1020408163265307,4.0,0.0,4.0,1,0,1,0
1,0.0,16.0,0.0,3,2,1.0,1.0,0.0,0.0,1.0,0,3.0,0.4,2.875,3.0,0.609375,3.2857142857142856,3.0,0.489795918367347,4.2,0.5599999999999999,1.0,0,1,1,0
1,0.0,15.0,0.0,0,1,1.0,1.0,0.0,0.0,1.0,0,2.6,0.24,2.5,2.5,0.75,3.857142857142857,4.0,0.1224489795918367,4.4,0.24,1.0,0,1,1,0
1,0.0,15.0,0.0,0,1,1.0,1.0,0.0,0.0,1.0,0,4.0,0.0,2.5,3.0,1.5,4.0,4.0,0.0,5.0,0.0,1.0,0,1,1,0
1,0.0,16.0,0.0,3,2,1.0,1.0,0.0,0.0,0.0,0,3.3906218655967906,0.6478543051421063,1.875,2.0,0.609375,2.7142857142857144,3.0,0.2040816326530612,3.8,0.1599999999999999,1.0,0,1,1,0
1,0.0,15.0,0.0,3,0,1.0,1.0,0.0,0.0,0.0,1,1.4,0.24,2.75,3.0,0.9375,2.857142857142857,3.0,0.6938775510204082,4.2,0.1599999999999999,5.0,1,0,0,1
1,0.0,16.0,0.0,3,3,1.0,1.0,0.0,0.0,1.0,0,3.4,0.24,2.125,2.0,0.609375,3.7142857142857144,4.0,0.489795918367347,4.6,0.24,1.0,0,1,1,0
1,0.0,16.0,0.0,3,0,0.0,1.0,0.0,0.0,0.0,1,3.8,0.1599999999999999,2.625,2.5,1.484375,4.0,4.0,0.0,4.0,1.2,1.0,0,1,0,1
1,0.0,16.0,1.0,0,1,1.0,1.0,0.0,0.0,1.0,0,2.6,0.64,3.0,3.0,0.5,3.4285714285714284,4.0,0.5306122448979592,3.0,0.8,1.0,1,0,1,0
1,0.0,15.0,0.0,2,0,1.0,1.0,0.0,0.0,0.0,0,2.6,1.8400000000000003,2.5,2.5,0.25,4.0,4.0,0.0,4.2,1.36,3.0,1,0,1,0
1,0.0,15.0,1.0,3,3,1.0,1.0,0.0,0.0,0.0,0,4.0,0.0,1.875,2.0,0.609375,2.4285714285714284,2.0,0.8163265306122449,4.2,0.1599999999999999,1.0,0,1,1,0
1,0.0,15.0,0.0,2,2,1.0,1.0,0.0,0.0,1.0,0,3.0,0.0,2.0,2.0,0.5,3.4285714285714284,3.0,0.2448979591836734,4.2,0.1599999999999999,2.0,0,1,1,0
1,0.0,15.0,0.0,3,2,1.0,0.0,0.0,0.0,0.0,0,4.0,0.0,2.375,2.0,0.734375,3.4285714285714284,4.0,0.816326530612245,4.6,0.6399999999999999,1.0,0,1,1,0
1,0.0,16.0,0.0,2,2,1.0,1.0,0.0,0.0,1.0,0,3.2,0.5599999999999999,2.75,3.0,0.9375,3.4285714285714284,4.0,0.816326530612245,3.6,0.24,1.0,1,0,1,0
1,0.0,15.0,0.0,2,2,1.0,1.0,0.0,0.0,0.0,0,3.0,0.8,2.5,2.5,0.75,3.5714285714285716,4.0,0.2448979591836734,5.0,0.0,1.0,1,0,1,0
1,0.0,15.0,0.0,0,1,1.0,1.0,0.0,0.0,0.0,0,3.4,0.24,2.25,2.0,0.4375,3.2857142857142856,3.0,0.489795918367347,4.4,0.24,2.0,1,0,1,0
1,0.0,16.0,0.0,2,0,1.0,1.0,0.0,0.0,1.0,0,3.4,0.24,2.5,2.5,1.75,3.4285714285714284,4.0,0.5306122448979592,3.6,0.64,2.0,0,1,1,0
1,0.0,16.0,0.0,2,0,1.0,1.0,0.0,0.0,1.0,0,2.6,0.64,2.875,3.0,0.109375,3.857142857142857,4.0,0.1224489795918367,4.4,0.6399999999999999,2.0,0,1,1,0
1,0.0,16.0,0.0,2,2,1.0,1.0,0.0,0.0,1.0,0,3.6,0.24,3.25,3.5,0.6875,3.2857142857142856,3.0,0.489795918367347,4.8,0.1599999999999999,1.0,0,1,1,0
1,0.0,15.0,0.0,3,3,1.0,1.0,0.0,0.0,1.0,0,3.2,0.5599999999999999,1.875,2.0,0.609375,3.4285714285714284,4.0,0.816326530612245,4.0,0.8,1.0,0,1,1,0
1,0.0,16.0,0.0,0,1,1.0,1.0,0.0,0.0,1.0,0,3.6,0.64,2.0,1.0,1.75,4.0,4.0,0.0,5.0,0.0,1.0,1,0,1,0
1,0.0,16.0,0.0,3,3,1.0,1.0,0.0,0.0,0.0,0,2.8,0.5599999999999999,1.875,2.0,0.609375,3.7142857142857144,4.0,0.2040816326530612,4.6,0.24,1.0,1,0,0,1
1,1.0,15.0,0.0,0,1,1.0,1.0,0.0,0.0,1.0,0,2.8,0.1599999999999999,3.0,3.0,0.0,3.142857142857143,3.0,0.6938775510204082,3.0,0.0,2.0,1,0,1,0
1,0.0,15.0,0.0,2,0,1.0,1.0,0.0,0.0,0.0,0,2.2,2.16,2.5,2.5,1.25,3.4285714285714284,3.0,0.2448979591836734,3.6,0.24,2.0,1,0,1,0
1,0.0,15.0,0.0,2,0,1.0,1.0,0.0,0.0,1.0,0,2.2,0.1599999999999999,2.375,2.0,0.234375,3.142857142857143,3.0,0.6938775510204082,4.0,0.0,3.0,1,0,1,0
1,0.0,15.0,0.0,3,3,0.0,1.0,0.0,0.0,0.0,0,2.6,1.04,2.5,2.5,0.75,3.0,4.0,1.7142857142857142,4.0,0.4,2.0,0,1,1,0
1,0.0,16.0,0.0,2,0,1.0,1.0,0.0,0.0,1.0,0,3.0,0.0,2.625,3.0,0.734375,2.7142857142857144,3.0,0.2040816326530612,3.4,0.64,1.0,0,1,1,0
1,0.0,16.0,0.0,3,3,1.0,1.0,0.0,0.0,1.0,0,3.6,0.24,2.375,2.0,0.734375,3.7142857142857144,4.0,0.489795918367347,4.6,0.24,2.0,0,1,1,0
1,0.0,15.0,0.0,0,1,0.0,0.0,1.0,1.0,0.0,0,2.6,0.64,2.125,2.0,0.359375,3.142857142857143,4.0,1.2653061224489797,4.0,0.4,3.0,1,0,1,0
1,0.0,14.0,0.0,0,1,1.0,1.0,0.0,0.0,0.0,0,2.6,0.24,2.75,3.0,0.9375,2.142857142857143,1.0,1.8367346938775508,1.6,1.44,2.0,1,0,1,0
2,1.0,14.0,0.0,0,1,1.0,1.0,0.0,0.0,1.0,0,4.0,0.0,1.875,2.0,0.359375,2.2857142857142856,1.0,2.2040816326530615,1.0,0.0,5.0,1,0,1,0
1,0.0,14.0,1.0,2,2,1.0,1.0,0.0,0.0,1.0,0,3.0394309957574244,0.4062192137056881,2.5,2.5,0.75,3.5714285714285716,4.0,0.2448979591836734,4.2,0.5599999999999999,3.0,0,1,1,0
2,1.0,15.0,0.0,0,1,1.0,1.0,0.0,0.0,1.0,0,1.6,0.24,2.25,2.0,0.6875,3.142857142857143,4.0,0.979591836734694,3.4,1.04,2.0,0,1,1,0
1,0.0,14.0,0.0,0,1,1.0,1.0,1.0,1.0,1.0,0,3.0,0.4,2.125,2.0,0.609375,3.7142857142857144,4.0,0.2040816326530612,4.2,0.5599999999999999,2.0,0,1,1,0
1,0.0,14.0,0.0,0,1,1.0,1.0,0.0,0.0,0.0,0,2.8,0.5599999999999999,2.875,3.0,1.109375,4.0,4.0,0.0,3.6,2.24,2.0,0,1,1,0
1,0.0,15.0,0.0,0,1,1.0,1.0,0.0,0.0,1.0,0,3.4,0.64,2.625,2.5,0.984375,3.7142857142857144,4.0,0.489795918367347,4.2,0.1599999999999999,2.0,1,0,1,0
1,0.0,14.0,0.0,0,1,1.0,1.0,0.0,0.0,1.0,0,2.6,1.04,2.75,2.5,0.6875,3.7142857142857144,4.0,0.489795918367347,4.6,0.24,4.0,1,0,1,0
1,0.0,14.0,0.0,0,1,1.0,1.0,0.0,0.0,1.0,1,2.6,0.24,2.0,2.0,1.0,4.0,4.0,0.0,4.0,2.4,4.0,1,0,1,0
1,0.0,15.0,0.0,0,1,1.0,1.0,0.0,0.0,1.0,0,2.2,2.16,2.875,3.0,1.109375,3.5714285714285716,4.0,1.1020408163265307,4.4,0.6399999999999999,3.0,0,1,1,0
1,0.0,14.0,0.0,0,1,1.0,1.0,0.0,0.0,1.0,0,3.4,0.24,2.125,2.0,0.359375,2.5714285714285716,3.0,1.959183673469388,3.8,0.5599999999999999,1.0,0,1,1,0
1,0.0,15.0,0.0,0,1,1.0,1.0,0.0,0.0,0.0,0,3.6,0.24,2.375,2.5,0.484375,3.857142857142857,4.0,0.1224489795918367,4.4,0.6399999999999999,5.0,1,0,1,0
1,0.0,14.0,0.0,0,1,1.0,1.0,0.0,0.0,1.0,1,3.2,0.1599999999999999,2.0,2.0,1.0,3.4285714285714284,4.0,0.5306122448979593,2.8,0.5599999999999999,3.0,1,0,1,0
1,0.0,14.0,1.0,3,3,1.0,1.0,0.0,0.0,1.0,1,3.0,0.4,2.75,3.0,1.6875,3.7142857142857144,4.0,0.489795918367347,4.0,1.2,1.0,0,1,1,0
1,0.0,15.0,0.0,2,0,1.0,0.0,1.0,0.0,1.0,1,2.8,0.5599999999999999,2.25,2.0,0.9375,3.4285714285714284,4.0,0.816326530612245,3.8,0.96,4.0,1,0,1,0
1,0.0,15.0,0.0,0,1,1.0,1.0,0.0,0.0,1.0,0,3.6,0.24,1.875,2.0,0.859375,3.857142857142857,4.0,0.1224489795918367,4.0,0.8,1.0,0,1,1,0
1,0.0,15.0,0.0,2,2,1.0,1.0,0.0,0.0,1.0,0,2.4,0.24,2.125,2.0,1.109375,4.0,4.0,0.0,4.4,0.24,1.0,0,1,1,0
1,0.0,16.0,0.0,0,1,1.0,1.0,0.0,0.0,1.0,0,3.8,0.1599999999999999,2.25,2.0,1.4375,3.857142857142857,4.0,0.1224489795918367,4.4,0.6399999999999999,1.0,0,1,1,0
1,0.0,15.0,0.0,0,1,1.0,1.0,0.0,0.0,1.0,0,3.2,0.1599999999999999,2.5,2.0,0.5,3.4285714285714284,4.0,0.5306122448979592,4.4,0.24,1.0,0,1,1,0
1,0.0,15.0,0.0,2,2,1.0,0.0,0.0,0.0,0.0,0,2.9520482533299823,0.4091974800348222,2.375,2.5,1.484375,3.7142857142857144,4.0,0.2040816326530612,4.413563563563564,0.2298850301753205,1.0,0,1,1,0
1,0.0,15.0,0.0,3,3,1.0,1.0,0.0,0.0,0.0,0,3.4,0.24,2.25,2.5,0.6875,3.857142857142857,4.0,0.1224489795918367,4.4,0.24,4.0,1,0,1,0
1,0.0,15.0,0.0,3,2,1.0,1.0,0.0,0.0,1.0,0,3.6,0.24,2.0,2.0,0.5,3.857142857142857,4.0,0.1224489795918367,5.0,0.0,1.0,0,1,1,0
1,0.0,16.0,0.0,0,1,1.0,1.0,0.0,0.0,0.0,0,3.8,0.1599999999999999,1.625,2.0,0.234375,4.0,4.0,0.0,4.4,0.6399999999999999,5.0,1,0,1,0
1,0.0,15.0,0.0,0,1,1.0,1.0,0.0,0.0,1.0,0,3.2,0.5599999999999999,2.375,2.5,1.484375,3.2857142857142856,3.0,0.2040816326530612,4.4,0.6399999999999999,1.0,0,1,1,0
1,0.0,16.0,0.0,2,0,1.0,1.0,0.0,0.0,1.0,0,2.8,0.1599999999999999,2.375,2.5,0.484375,3.4285714285714284,3.0,0.2448979591836734,4.6,0.24,1.0,0,1,1,0
1,0.0,15.0,0.0,2,2,1.0,1.0,0.0,0.0,1.0,0,2.8,0.1599999999999999,2.25,2.0,1.6875,2.7142857142857144,2.0,1.3469387755102038,5.0,0.0,1.0,0,1,1,0
1,0.0,15.0,0.0,2,2,1.0,1.0,0.0,0.0,0.0,0,2.8,0.1599999999999999,2.125,2.0,0.359375,3.2857142857142856,4.0,0.7755102040816327,4.0,0.0,2.0,0,1,1,0
1,0.0,16.0,0.0,0,1,1.0,1.0,0.0,0.0,1.0,0,3.0,0.8,2.5,2.5,0.25,3.7142857142857144,4.0,0.2040816326530612,4.0,0.8,1.0,0,1,1,0
1,0.0,15.0,0.0,0,1,1.0,1.0,0.0,0.0,0.0,1,3.4,0.24,2.0,2.0,1.0,3.857142857142857,4.0,0.1224489795918367,5.0,0.0,1.0,0,1,1,0
1,0.0,15.0,0.0,2,2,1.0,1.0,0.0,0.0,1.0,0,3.6,0.24,2.5,2.5,0.75,4.0,4.0,0.0,5.0,0.0,1.0,0,1,1,0
1,0.0,15.0,0.0,2,0,1.0,1.0,0.0,1.0,1.0,0,3.8,0.1599999999999999,1.875,2.0,0.609375,3.2857142857142856,4.0,0.7755102040816327,5.0,0.0,5.0,1,0,1,0
1,0.0,15.0,0.0,4,3,1.0,0.0,1.0,0.0,1.0,0,2.9520482533299823,0.0091974800348221,2.125,2.0,0.359375,2.88861741212045,3.0,0.6686811356881569,3.8,0.96,2.0,0,1,1,0
1,0.0,15.0,0.0,3,3,1.0,1.0,0.0,0.0,1.0,1,3.2,0.1599999999999999,2.5,2.5,0.75,3.7142857142857144,4.0,0.2040816326530612,3.6,0.24,3.0,1,0,1,0
2,0.0,17.0,0.0,0,1,0.0,0.0,1.0,0.0,0.0,0,3.6,0.24,2.0,2.0,0.5,3.857142857142857,4.0,0.1224489795918367,4.4,0.6399999999999999,1.0,0,1,1,0
1,0.0,15.0,0.0,0,1,1.0,1.0,0.0,0.0,1.0,0,1.4,0.24,2.375,2.5,1.484375,3.0,3.0,0.5714285714285714,5.0,0.0,1.0,0,1,0,1
1,0.0,16.0,0.0,2,2,1.0,1.0,0.0,0.0,1.0,0,3.2,0.1599999999999999,1.875,1.5,0.859375,3.142857142857143,4.0,1.2653061224489797,4.4,0.24,4.0,0,1,1,0
1,0.0,14.0,0.0,3,3,1.0,1.0,0.0,0.0,0.0,0,2.8,0.1599999999999999,1.5,1.0,0.75,4.0,4.0,0.0,4.0,0.0,1.0,1,0,1,0
1,0.0,14.0,0.0,0,1,1.0,0.0,0.0,0.0,0.0,0,2.9906218655967907,0.4003517976195386,2.5,2.5,0.25,3.142857142857143,4.0,1.2653061224489797,2.8,0.1599999999999999,1.0,1,0,1,0
1,0.0,14.0,1.0,0,1,0.0,0.0,1.0,0.0,0.0,0,2.4,1.0400000000000005,2.625,2.5,1.484375,2.2146973547625013,2.0,0.5622840105663778,2.4,1.04,3.0,1,0,1,0
1,0.0,14.0,0.0,2,2,1.0,1.0,0.0,0.0,0.0,0,2.6,0.24,2.375,2.0,0.234375,3.7142857142857144,4.0,0.2040816326530612,4.8,0.1599999999999999,3.0,1,0,1,0
1,0.0,14.0,0.0,3,2,1.0,1.0,0.0,0.0,1.0,0,2.8,0.5599999999999999,1.875,1.5,1.109375,3.857142857142857,4.0,0.1224489795918367,4.4,0.6399999999999999,1.0,0,1,1,0
1,0.0,14.0,0.0,2,0,1.0,1.0,0.0,0.0,0.0,0,1.9979924717691344,0.7960010642166593,2.9751628664495113,3.0,0.553992449522011,3.4285714285714284,4.0,0.5306122448979592,4.257200100175306,0.1502073657701378,4.0,1,0,1,0
1,0.0,15.0,0.0,3,3,1.0,1.0,0.0,0.0,0.0,0,3.4,0.24,2.25,2.0,0.1875,4.0,4.0,0.0,5.0,0.0,4.0,1,0,1,0
2,1.0,15.0,0.0,2,3,1.0,0.0,0.0,0.0,1.0,0,3.8,0.1599999999999999,2.375,2.0,0.734375,3.5714285714285716,4.0,0.5306122448979593,5.0,0.0,3.0,1,0,1,0
1,0.0,14.0,0.0,2,2,1.0,1.0,0.0,0.0,0.0,0,3.2,0.5599999999999999,2.25,2.5,1.1875,3.2857142857142856,3.0,0.489795918367347,4.2,0.1599999999999999,1.0,0,1,1,0
2,1.0,14.0,0.0,0,1,1.0,0.0,0.0,0.0,0.0,0,3.8,0.1599999999999999,2.375,3.0,0.734375,3.4285714285714284,4.0,0.5306122448979592,3.6,0.24,1.0,1,0,1,0
1,0.0,14.0,0.0,3,3,1.0,1.0,0.0,0.0,0.0,0,3.0,0.0,2.125,2.0,0.859375,3.857142857142857,4.0,0.1224489795918367,4.8,0.1599999999999999,1.0,0,1,1,0
1,0.0,14.0,0.0,0,1,1.0,1.0,0.0,0.0,1.0,0,2.0,0.4,2.269218710810133,2.0768748432405317,0.9304761565113582,3.2146973547625017,3.5028814833375095,0.7043178724699466,4.8,0.1599999999999999,1.0,0,1,1,0
1,1.0,14.0,0.0,2,0,1.0,0.0,1.0,0.0,1.0,0,3.0,0.0,2.875,3.0,0.859375,3.2857142857142856,3.0,0.489795918367347,4.6,0.6399999999999999,2.0,0,1,1,0
1,0.0,14.0,0.0,0,1,1.0,1.0,0.0,0.0,1.0,0,3.2,0.1599999999999999,2.125,2.0,0.359375,3.5714285714285716,4.0,0.5306122448979592,3.2,0.96,2.0,1,0,1,0
1,0.0,14.0,0.0,2,0,0.0,0.0,1.0,1.0,0.0,0,2.6,0.24,2.125,2.0,1.109375,3.4285714285714284,4.0,0.5306122448979592,4.4,0.6399999999999999,1.0,0,1,1,0
1,0.0,15.0,0.0,2,2,1.0,1.0,1.0,1.0,1.0,0,3.0,0.4,1.9501498249124565,2.0,0.660087625866898,4.0,4.0,0.0,4.6,0.6399999999999999,1.0,0,1,1,0
1,0.0,14.0,0.0,2,2,1.0,1.0,0.0,0.0,1.0,1,2.4,0.24,2.875,3.0,0.859375,4.0,4.0,0.0,4.6,0.6399999999999999,2.0,0,1,1,0
1,0.0,14.0,1.0,3,3,1.0,0.0,0.0,0.0,1.0,1,2.8,0.1599999999999999,2.375,2.0,0.484375,3.7142857142857144,4.0,0.489795918367347,4.2,0.5599999999999999,1.0,0,1,1,0
1,1.0,14.0,0.0,2,2,1.0,1.0,0.0,0.0,0.0,0,3.0,0.4,2.5,2.0,1.5,3.7142857142857144,4.0,0.489795918367347,4.6,0.24,1.0,0,1,1,0
1,0.0,15.0,0.0,3,3,0.0,0.0,0.0,1.0,1.0,0,3.2,1.36,2.125,1.0,2.109375,4.0,4.0,0.0,5.0,0.0,5.0,0,1,1,0
1,0.0,14.0,0.0,0,1,1.0,1.0,0.0,0.0,0.0,0,3.6,0.24,2.0,1.5,1.25,3.5714285714285716,4.0,1.1020408163265307,4.4,1.44,1.0,1,0,1,0
1,0.0,15.0,0.0,3,3,1.0,1.0,0.0,0.0,1.0,0,1.4,0.6400000000000002,2.25,2.0,0.4375,2.4285714285714284,3.0,1.673469387755102,3.6,0.64,3.0,0,1,1,0
1,0.0,14.0,0.0,0,1,1.0,1.0,0.0,0.0,1.0,0,2.0,0.4,2.125,2.0,0.609375,3.7142857142857144,4.0,0.489795918367347,5.0,0.0,4.0,0,1,1,0
1,0.0,14.0,0.0,2,0,1.0,1.0,0.0,0.0,0.0,0,3.0,0.8,2.125,2.0,1.109375,3.4285714285714284,3.0,0.2448979591836734,4.2,0.5599999999999999,2.0,0,1,0,1
1,0.0,14.0,0.0,0,1,1.0,1.0,0.0,0.0,1.0,0,2.2,0.1599999999999999,2.75,3.0,0.6875,3.857142857142857,4.0,0.1224489795918367,4.8,0.1599999999999999,1.0,0,1,1,0
1,0.0,16.0,0.0,2,2,0.0,1.0,0.0,0.0,0.0,0,3.534233558389597,0.3362206293008611,2.625,3.0,0.234375,3.857142857142857,4.0,0.1224489795918367,5.0,0.0,1.0,0,1,1,0
1,0.0,14.0,0.0,0,1,0.0,0.0,0.0,0.0,0.0,1,3.6,0.24,2.25,2.5,1.1875,4.0,4.0,0.0,3.4,0.64,5.0,1,0,1,0
1,0.0,14.0,0.0,2,0,1.0,1.0,0.0,0.0,1.0,0,2.3520482533299822,0.5916553840308011,2.75,3.0,0.9375,2.2857142857142856,1.0,2.2040816326530615,5.0,0.0,1.0,0,1,1,0
1,0.0,14.0,0.0,0,1,1.0,1.0,0.0,0.0,1.0,0,3.2,0.1599999999999999,2.125,2.0,0.359375,3.857142857142857,4.0,0.1224489795918367,4.4,0.6399999999999999,1.0,0,1,1,0
1,0.0,15.0,1.0,0,1,1.0,1.0,0.0,0.0,1.0,0,3.5906218655967903,0.2516055589033902,2.125,2.5,0.859375,3.7142857142857144,4.0,0.2040816326530612,3.8,0.96,4.0,1,0,1,0
1,0.0,14.0,0.0,0,1,1.0,1.0,0.0,0.0,1.0,0,2.6,0.64,2.25,2.0,0.4375,3.5714285714285716,4.0,0.5306122448979592,3.6,0.24,1.0,0,1,1,0
1,0.0,14.0,0.0,2,0,1.0,1.0,0.0,0.0,1.0,0,2.4,1.04,2.25,2.0,0.4375,3.7142857142857144,4.0,0.2040816326530612,3.2,2.16,1.0,0,1,1,0
1,0.0,15.0,0.0,0,1,1.0,1.0,0.0,0.0,1.0,0,2.6,0.24,2.375,2.0,1.234375,3.857142857142857,4.0,0.1224489795918367,3.4,1.4400000000000002,2.0,0,1,1,0
1,0.0,16.0,0.0,2,2,0.0,1.0,0.0,0.0,1.0,0,3.4,0.64,2.375,2.5,0.984375,3.142857142857143,4.0,1.2653061224489797,3.8,0.5599999999999999,2.0,1,0,1,0
1,0.0,14.0,0.0,0,1,1.0,1.0,0.0,0.0,1.0,0,3.0,0.4,2.3439612015018776,2.0,1.202320350962796,3.2857142857142856,3.0,0.2040816326530612,3.6,2.24,2.0,1,0,1,0
1,0.0,14.0,0.0,0,1,1.0,0.0,0.0,0.0,0.0,0,1.4,0.24,2.625,2.5,0.484375,2.142857142857143,2.0,1.2653061224489797,3.8,2.16,2.0,0,1,0,1
1,0.0,15.0,0.0,2,0,1.0,1.0,0.0,0.0,0.0,0,3.2,0.1599999999999999,2.25,2.0,0.9375,3.0,3.0,0.8571428571428571,5.0,0.0,1.0,0,1,0,1
1,0.0,14.0,0.0,2,0,1.0,1.0,0.0,0.0,1.0,0,2.839430995757424,0.1819916120086579,2.125,2.0,0.859375,2.7142857142857144,3.0,1.346938775510204,4.2,0.1599999999999999,2.0,1,0,1,0
1,0.0,15.0,0.0,2,4,1.0,1.0,0.0,0.0,0.0,0,3.2,0.1599999999999999,2.0,2.0,0.25,3.4285714285714284,4.0,0.816326530612245,3.8,0.1599999999999999,2.0,1,0,1,0
1,0.0,15.0,1.0,0,1,1.0,1.0,0.0,0.0,0.0,0,3.2,0.1599999999999999,2.875,3.0,0.359375,3.7142857142857144,4.0,0.2040816326530612,3.2,0.1599999999999999,1.0,0,1,1,0
1,0.0,15.0,0.0,0,1,1.0,1.0,0.0,0.0,1.0,0,3.6,0.24,2.625,2.5,0.984375,3.142857142857143,3.0,0.1224489795918367,3.6,0.24,2.0,1,0,1,0
1,0.0,15.0,0.0,0,1,1.0,0.0,0.0,0.0,0.0,0,3.8,0.1599999999999999,2.625,2.5,0.984375,3.7142857142857144,4.0,0.2040816326530612,4.0,1.2,2.0,1,0,1,0
1,1.0,14.0,0.0,2,2,0.0,1.0,0.0,0.0,1.0,0,3.0,1.2,2.75,3.0,1.4375,3.7142857142857144,4.0,0.489795918367347,3.0,1.2,2.0,1,0,1,0
1,1.0,14.0,1.0,2,0,1.0,1.0,0.0,0.0,1.0,0,3.6,0.24,2.625,2.5,1.484375,3.2857142857142856,4.0,1.0612244897959184,4.2,1.36,2.0,0,1,1,0
2,1.0,15.0,0.0,0,1,1.0,1.0,0.0,0.0,0.0,0,3.0,0.8,1.5,1.0,1.0,2.857178535749964,3.00024975024975,1.5510306096887878,3.8,1.36,4.0,1,0,1,0
1,0.0,14.0,0.0,2,0,1.0,1.0,0.0,0.0,1.0,0,2.2,0.96,3.125,3.0,0.609375,3.7142857142857144,4.0,0.489795918367347,4.6,0.24,3.0,0,1,1,0
1,0.0,16.0,0.0,3,3,1.0,1.0,0.0,0.0,0.0,0,3.0,1.2,2.125,2.5,0.859375,3.857142857142857,4.0,0.1224489795918367,4.6,0.6399999999999999,1.0,0,1,1,0
1,0.0,15.0,1.0,2,0,1.0,1.0,1.0,0.0,1.0,0,2.6,1.04,2.0,2.0,0.75,3.2857142857142856,3.0,0.2040816326530612,4.4,1.44,1.0,0,1,1,0
1,0.0,15.0,0.0,0,1,1.0,1.0,0.0,0.0,0.0,0,2.6,0.64,1.894218710810133,2.0,0.3667651896189579,3.3734453187647193,3.5028814833375095,0.3084092507369154,2.4,1.04,1.0,0,1,1,0
1,0.0,15.0,0.0,0,1,1.0,1.0,0.0,0.0,1.0,0,1.6,0.24,2.875,3.0,0.609375,3.5714285714285716,4.0,0.5306122448979592,4.8,0.1599999999999999,1.0,0,1,1,0
1,0.0,16.0,0.0,2,2,1.0,1.0,0.0,0.0,0.0,0,3.0,0.0,2.25,2.5,0.6875,3.7142857142857144,4.0,0.2040816326530612,3.8,0.5599999999999999,4.0,1,0,1,0
1,0.0,16.0,0.0,0,1,1.0,1.0,0.0,0.0,1.0,0,2.8,0.1599999999999999,2.5,2.5,1.25,2.5714285714285716,3.0,1.1020408163265307,4.6,0.24,1.0,0,1,1,0
1,0.0,15.0,0.0,2,2,1.0,1.0,0.0,0.0,1.0,0,2.4,0.24,2.75,3.0,0.4375,2.4285714285714284,3.0,0.816326530612245,3.2,0.5599999999999999,1.0,0,1,0,1
1,0.0,16.0,1.0,3,2,1.0,1.0,0.0,0.0,1.0,0,2.4,0.24,2.125,2.0,0.609375,3.0,3.0,1.1428571428571428,4.2,0.5599999999999999,1.0,0,1,1,0
1,0.0,15.0,0.0,0,1,1.0,1.0,0.0,0.0,1.0,1,2.8,0.5599999999999999,2.25,2.0,0.9375,3.2857142857142856,3.0,0.489795918367347,4.2,0.5599999999999999,4.0,1,0,1,0
1,0.0,15.0,0.0,2,2,1.0,0.0,1.0,0.0,1.0,0,1.6,0.24,2.75,3.0,0.6875,2.2857142857142856,1.0,2.2040816326530615,3.8,0.1599999999999999,2.0,1,0,0,1
1,0.0,15.0,0.0,2,2,1.0,1.0,0.0,0.0,1.0,0,3.0,0.4,3.0,3.0,0.75,2.4285714285714284,2.0,1.9591836734693877,3.4,1.44,2.0,1,0,0,1
1,1.0,16.0,1.0,2,2,1.0,1.0,0.0,0.0,1.0,0,3.0,1.2,2.25,2.5,1.1875,3.5714285714285716,4.0,0.5306122448979592,3.8,2.56,5.0,1,0,1,0
2,1.0,14.0,0.0,0,1,1.0,1.0,0.0,0.0,0.0,0,3.6,0.24,2.25,2.0,1.4375,2.142857142857143,1.0,1.8367346938775508,4.8,0.1599999999999999,1.0,1,0,1,0
1,1.0,15.0,0.0,0,1,1.0,0.0,0.0,0.0,1.0,0,3.2,0.5599999999999999,2.25,2.0,1.4375,2.7142857142857144,3.0,1.6326530612244896,4.4,0.6399999999999999,1.0,1,0,1,0
2,1.0,15.0,0.0,0,1,1.0,1.0,0.0,0.0,1.0,0,2.8,1.36,2.612149824912456,3.0,0.975893257682806,3.5714285714285716,4.0,0.5306122448979592,5.0,0.0,5.0,1,0,1,0
1,0.0,14.0,0.0,0,1,1.0,1.0,0.0,1.0,1.0,0,3.2,0.1599999999999999,2.5,2.5,1.25,2.857142857142857,4.0,1.836734693877551,4.6,0.24,2.0,0,1,0,1
1,1.0,14.0,0.0,0,1,0.0,1.0,0.0,0.0,0.0,0,3.0,0.8,2.625,2.5,0.984375,3.4285714285714284,4.0,0.5306122448979592,2.8,0.1599999999999999,1.0,1,0,1,0
1,0.0,14.0,0.0,2,2,1.0,0.0,0.0,0.0,0.0,0,3.0,0.4,2.75,3.0,0.9375,3.2857142857142856,4.0,1.3469387755102038,3.8,0.5599999999999999,4.0,1,0,1,0
1,1.0,14.0,1.0,0,1,1.0,0.0,1.0,0.0,0.0,0,2.8,0.5599999999999999,2.125,2.0,1.359375,2.0,2.0,1.1428571428571428,4.2,0.5599999999999999,1.0,0,1,1,0
1,0.0,14.0,0.0,0,1,1.0,0.0,0.0,0.0,1.0,0,2.4,1.4400000000000002,2.625,2.5,0.984375,3.7142857142857144,4.0,0.2040816326530612,4.0,0.4,5.0,1,0,1,0
1,0.0,14.0,0.0,2,2,1.0,1.0,0.0,0.0,0.0,0,2.2,0.5599999999999999,2.25,2.0,1.4375,3.142857142857143,3.0,0.979591836734694,1.5807385229540918,1.349028928171601,1.0,0,1,1,0
1,0.0,15.0,1.0,0,1,1.0,0.0,0.0,0.0,0.0,1,2.6,0.24,2.5,2.5,1.25,3.0,3.0,0.2857142857142857,2.2,0.5599999999999999,1.0,0,1,1,0
1,0.0,15.0,0.0,2,0,1.0,1.0,1.0,0.0,1.0,0,2.6,0.24,2.125,2.0,0.609375,3.4285714285714284,4.0,0.5306122448979592,4.6,0.24,1.0,0,1,1,0
2,1.0,15.0,0.0,0,1,1.0,0.0,1.0,0.0,1.0,0,3.4,0.24,2.0,2.0,0.75,3.7142857142857144,4.0,0.2040816326530612,4.8,0.1599999999999999,1.0,1,0,1,0
1,0.0,15.0,0.0,2,0,1.0,1.0,0.0,0.0,1.0,0,2.8,0.1599999999999999,2.625,2.0,0.734375,3.857142857142857,4.0,0.1224489795918367,3.6,0.24,2.0,0,1,0,1
2,1.0,15.0,0.0,4,5,1.0,1.0,0.0,0.0,0.0,0,1.4,0.64,2.875,3.0,1.359375,2.142857142857143,2.0,1.2653061224489797,1.4,0.24,5.0,1,0,1,0
1,0.0,14.0,0.0,0,1,1.0,0.0,1.0,0.0,1.0,0,2.6,0.64,1.875,1.0,1.609375,2.8167772002150926,3.0,0.6113895098836343,4.6,0.24,1.0,1,0,0,1
1,0.0,15.0,1.0,0,1,1.0,1.0,0.0,0.0,1.0,0,2.0,0.8,2.125,2.0,0.609375,2.142857142857143,2.0,0.4081632653061224,3.0,2.8,2.0,1,0,0,1
1,0.0,14.0,0.0,2,0,1.0,1.0,1.0,1.0,1.0,0,4.0,0.0,2.125,2.0,0.359375,4.0,4.0,0.0,4.0,0.0,4.0,1,0,1,0
1,1.0,14.0,0.0,2,2,1.0,1.0,0.0,0.0,1.0,0,3.4,0.64,2.75,3.0,0.9375,2.142857142857143,2.0,0.4081632653061224,3.6,0.64,3.0,1,0,1,0
1,0.0,14.0,0.0,2,2,1.0,1.0,0.0,0.0,0.0,0,2.2,0.1599999999999999,2.0,2.0,0.5,1.7142857142857142,2.0,0.489795918367347,4.2,0.1599999999999999,3.0,1,0,1,0
1,0.0,14.0,0.0,2,0,1.0,1.0,0.0,0.0,1.0,0,3.2,0.1599999999999999,2.125,2.0,0.609375,3.142857142857143,3.0,0.6938775510204082,4.6,0.6399999999999999,1.0,1,0,1,0
1,0.0,14.0,0.0,0,1,1.0,1.0,1.0,0.0,1.0,1,2.8,1.36,2.375,2.5,0.984375,3.5714285714285716,4.0,0.2448979591836734,4.0,1.6,1.0,0,1,1,0
1,0.0,15.0,0.0,4,4,1.0,1.0,0.0,0.0,1.0,0,3.4,0.64,1.875,1.0,1.609375,3.0,3.0,1.1428571428571428,4.6,0.6399999999999999,5.0,1,0,0,1
1,0.0,14.0,1.0,2,2,1.0,1.0,0.0,0.0,0.0,0,2.0,0.4,2.375,2.5,0.984375,3.4285714285714284,4.0,0.816326530612245,3.8,0.1599999999999999,1.0,0,1,1,0
1,0.0,14.0,0.0,2,2,1.0,1.0,0.0,0.0,1.0,0,3.4,0.24,1.75,2.0,0.4375,2.857142857142857,2.0,0.979591836734694,4.013563563563563,0.4007358810261713,1.0,0,1,1,0
1,0.0,14.0,0.0,2,2,1.0,1.0,0.0,0.0,1.0,0,3.0,0.4,2.0,2.0,1.0,2.0,2.0,0.8571428571428571,4.8,0.1599999999999999,1.0,0,1,1,0
1,0.0,14.0,0.0,0,1,0.0,0.0,1.0,0.0,0.0,0,3.0,0.0,2.625,2.5,0.484375,2.9400207194655805,3.0,0.7587693806345779,3.6,0.24,1.0,1,0,1,0
1,0.0,14.0,0.0,0,1,1.0,0.0,0.0,0.0,0.0,0,3.0,0.4,2.5,2.5,1.25,3.4285714285714284,4.0,1.1020408163265307,4.6,0.6399999999999999,1.0,0,1,1,0
1,0.0,15.0,0.0,0,1,1.0,1.0,0.0,0.0,1.0,0,2.2,0.5599999999999999,2.75,3.0,1.4375,3.142857142857143,3.0,0.6938775510204082,3.2,1.36,1.0,0,1,1,0
1,0.0,15.0,0.0,0,1,1.0,1.0,0.0,0.0,1.0,0,2.0,0.4,2.75,3.0,1.4375,3.142857142857143,4.0,0.979591836734694,4.0,0.4,1.0,0,1,1,0
1,1.0,15.0,0.0,2,0,1.0,1.0,0.0,0.0,0.0,0,3.0,0.4,2.5,3.0,0.5,3.142857142857143,3.0,0.6938775510204082,4.4,0.24,2.0,0,1,1,0
1,0.0,15.0,0.0,0,1,0.0,0.0,0.0,0.0,0.0,1,2.9906218655967907,0.0003517976195386,3.5,4.0,0.5,2.7142857142857144,3.0,1.6326530612244896,3.2,0.5599999999999999,4.0,1,0,1,0
1,1.0,15.0,0.0,4,2,1.0,0.0,0.0,0.0,1.0,0,3.4,0.24,2.75,3.0,0.9375,3.7142857142857144,4.0,0.2040816326530612,3.8,0.1599999999999999,5.0,1,0,1,0
1,1.0,14.0,0.0,0,1,1.0,1.0,0.0,0.0,1.0,0,1.8,0.16,2.375,2.5,0.984375,2.857142857142857,3.0,0.9795918367346936,2.4,0.64,1.0,1,0,1,0
1,1.0,14.0,0.0,2,0,1.0,0.0,0.0,0.0,1.0,0,3.0,0.4,2.0,2.0,0.25,3.4285714285714284,4.0,1.1020408163265307,3.0,2.0,1.0,0,1,1,0
1,0.0,15.0,0.0,2,2,1.0,1.0,0.0,0.0,1.0,0,4.0,0.0,2.625,3.0,0.484375,4.0,4.0,0.0,5.0,0.0,1.0,0,1,1,0
1,1.0,15.0,0.0,0,1,1.0,1.0,0.0,0.0,1.0,0,3.4,0.64,2.0,2.0,0.75,1.5714285714285714,1.0,0.5306122448979591,2.0,0.8,2.0,0,1,1,0
1,0.0,15.0,0.0,0,1,1.0,1.0,0.0,0.0,1.0,0,2.4,0.24,2.5,3.0,1.5,2.7142857142857144,3.0,0.489795918367347,4.6,0.24,1.0,0,1,1,0
1,0.0,16.0,0.0,2,2,1.0,1.0,0.0,0.0,1.0,0,2.4,0.24,3.125,3.0,0.609375,2.4285714285714284,2.0,0.8163265306122449,4.6,0.24,1.0,0,1,1,0
1,0.0,15.0,0.0,0,1,1.0,1.0,0.0,0.0,1.0,0,3.0,1.2,2.125,2.0,1.109375,2.857142857142857,3.0,0.4081632653061224,3.2,1.36,4.0,1,0,1,0
1,0.0,14.0,0.0,0,1,1.0,1.0,0.0,0.0,1.0,0,3.4,0.64,3.0,3.0,1.0,2.857142857142857,3.0,1.2653061224489797,4.6,0.6399999999999999,1.0,0,1,0,1
1,0.0,15.0,1.0,2,0,0.0,0.0,1.0,1.0,1.0,0,2.0,0.8,2.0,2.0,0.5,2.7142857142857144,3.0,1.6326530612244896,4.6,0.24,2.0,1,0,1,0
1,1.0,14.0,1.0,3,4,1.0,1.0,0.0,0.0,0.0,0,2.4,1.04,2.5,2.5,2.25,2.2857142857142856,2.0,1.0612244897959184,2.2,0.5599999999999999,4.0,1,0,1,0
1,1.0,14.0,0.0,0,1,1.0,0.0,0.0,0.0,1.0,0,3.0,0.0,2.375,2.0,0.234375,2.857142857142857,3.0,0.6938775510204082,4.0,0.0,4.0,1,0,1,0
2,1.0,14.0,0.0,2,2,1.0,1.0,0.0,0.0,1.0,0,1.8,0.16,2.375,2.0,0.234375,3.5714285714285716,4.0,0.2448979591836734,4.6,0.24,1.0,0,1,1,0
1,1.0,15.0,1.0,4,5,1.0,1.0,0.0,0.0,1.0,0,2.4,0.24,2.5939612015018776,2.8758448060075095,0.2178397502118574,2.2857142857142856,2.0,0.2040816326530612,4.0,0.4,5.0,1,0,1,0
1,0.0,14.0,0.0,0,1,0.0,1.0,0.0,0.0,1.0,0,3.2,0.1599999999999999,2.0,2.0,0.75,3.4285714285714284,3.0,0.2448979591836734,4.0,1.2,3.0,1,0,1,0
1,0.0,15.0,0.0,0,1,1.0,1.0,0.0,0.0,1.0,0,3.0,0.8,2.375,2.0,0.234375,3.142857142857143,3.0,0.1224489795918367,3.8,0.1599999999999999,1.0,0,1,1,0
1,0.0,15.0,0.0,2,0,1.0,0.0,0.0,0.0,1.0,0,1.0,0.0,2.75,2.5,1.1875,2.5714285714285716,3.0,1.1020408163265307,2.0,0.0,1.0,0,1,1,0
1,0.0,14.0,0.0,2,2,1.0,1.0,0.0,0.0,1.0,0,3.6,0.24,2.25,2.0,1.4375,3.857142857142857,4.0,0.1224489795918367,3.4,1.04,4.0,1,0,1,0
1,0.0,15.0,0.0,0,1,1.0,1.0,0.0,0.0,0.0,0,3.0,0.0,2.0,2.0,0.5,3.2857142857142856,3.0,0.2040816326530612,2.6,0.64,1.0,1,0,1,0
1,0.0,14.0,0.0,0,1,1.0,0.0,0.0,0.0,0.0,0,3.6,0.24,2.625,2.5,0.984375,4.0,4.0,0.0,5.0,0.0,3.0,1,0,1,0
1,0.0,14.0,1.0,3,3,1.0,0.0,1.0,0.0,1.0,0,2.8,0.1599999999999999,2.125,2.0,0.109375,3.2857142857142856,3.0,0.489795918367347,3.4135635635635637,0.2570121573024475,1.0,0,1,1,0
1,0.0,14.0,0.0,2,0,0.0,1.0,0.0,0.0,0.0,0,2.8,2.16,2.375,2.5,1.484375,3.142857142857143,4.0,1.8367346938775508,4.2,2.56,1.0,1,0,1,0
1,0.0,15.0,0.0,3,2,1.0,1.0,0.0,0.0,0.0,0,2.2,1.36,1.75,1.0,1.6875,4.0,4.0,0.0,4.6,0.6399999999999999,1.0,1,0,1,0
1,0.0,15.0,0.0,0,1,1.0,1.0,0.0,0.0,1.0,0,2.0,0.4,2.75,3.0,1.1875,3.5714285714285716,4.0,0.2448979591836734,3.2,1.36,1.0,0,1,1,0
1,0.0,16.0,0.0,2,2,1.0,1.0,0.0,0.0,0.0,0,2.2,0.1599999999999999,2.625,3.0,0.234375,3.4285714285714284,4.0,0.5306122448979593,4.2,0.5599999999999999,4.0,1,0,1,0
1,0.0,16.0,0.0,0,1,0.0,1.0,0.0,0.0,0.0,0,3.0,0.8,3.0,3.0,0.5,3.7142857142857144,4.0,0.2040816326530612,4.4,0.64,1.0,1,0,1,0
1,0.0,15.0,0.0,2,2,1.0,1.0,0.0,0.0,1.0,0,3.4,0.64,2.25,2.5,1.1875,3.2857142857142856,3.0,0.489795918367347,2.8,1.36,2.0,1,0,1,0
1,0.0,15.0,0.0,2,2,1.0,1.0,0.0,0.0,0.0,0,3.2,0.1599999999999999,2.5,2.5,0.25,3.2857142857142856,3.0,0.489795918367347,3.8,0.5599999999999999,3.0,1,0,1,0
1,0.0,15.0,0.0,2,2,1.0,0.0,1.0,0.0,1.0,0,3.2,0.5599999999999999,2.0,2.0,0.25,3.0,4.0,1.7142857142857142,3.8,0.5599999999999999,4.0,1,0,1,0
1,0.0,15.0,0.0,2,0,1.0,1.0,0.0,0.0,0.0,0,3.0,0.0,2.625,3.0,0.234375,2.7142857142857144,3.0,0.2040816326530612,3.8,0.1599999999999999,2.0,1,0,1,0
1,0.0,15.0,1.0,2,0,1.0,1.0,0.0,0.0,0.0,0,3.4,0.24,2.625,3.0,0.734375,3.7142857142857144,4.0,0.2040816326530612,4.0,0.4,1.0,0,1,1,0
1,0.0,15.0,0.0,3,0,1.0,1.0,0.0,0.0,1.0,0,3.8,0.1599999999999999,2.5,2.5,1.25,4.0,4.0,0.0,5.0,0.0,1.0,0,1,1,0
1,0.0,15.0,0.0,0,1,1.0,1.0,0.0,0.0,1.0,0,2.4,0.64,2.375,2.5,1.484375,3.4285714285714284,4.0,0.5306122448979592,4.4,0.24,1.0,0,1,1,0
1,0.0,15.0,0.0,0,1,1.0,1.0,0.0,0.0,1.0,0,3.6,0.24,2.375,2.5,0.484375,4.0,4.0,0.0,4.8,0.1599999999999999,1.0,0,1,1,0
1,0.0,15.0,0.0,3,2,1.0,1.0,0.0,0.0,1.0,0,3.4,0.24,2.875,3.0,1.359375,3.7142857142857144,4.0,0.489795918367347,5.0,0.0,1.0,0,1,1,0
1,0.0,15.0,0.0,3,2,1.0,0.0,0.0,0.0,1.0,0,2.2,0.5599999999999999,1.875,1.5,0.859375,3.5714285714285716,4.0,0.5306122448979592,4.4,0.24,1.0,0,1,1,0
1,0.0,15.0,0.0,2,0,1.0,1.0,0.0,0.0,1.0,0,2.6,0.64,3.125,3.0,0.609375,3.0,3.0,0.2857142857142857,3.0,1.2,3.0,1,0,1,0
1,0.0,16.0,0.0,3,3,1.0,1.0,0.0,0.0,1.0,0,3.4,0.24,2.5,2.5,0.25,3.857142857142857,4.0,0.1224489795918367,4.4,0.24,2.0,1,0,1,0
1,1.0,15.0,0.0,2,0,1.0,1.0,0.0,0.0,0.0,0,3.0,0.0,2.5,2.5,0.25,3.0,3.0,0.8571428571428571,4.4,0.24,2.0,0,1,1,0
1,0.0,15.0,0.0,3,0,1.0,1.0,0.0,0.0,0.0,0,3.0,0.4,2.375,2.5,1.484375,3.857142857142857,4.0,0.1224489795918367,4.4,0.24,1.0,0,1,1,0
1,0.0,17.0,0.0,3,3,1.0,1.0,0.0,0.0,1.0,0,3.2,0.1599999999999999,2.0,2.0,0.75,3.5714285714285716,4.0,0.5306122448979592,4.180738522954092,0.5691886088103234,2.0,0,1,1,0
1,0.0,16.0,1.0,3,3,1.0,1.0,0.0,0.0,0.0,0,2.4,0.24,2.875,3.0,0.609375,2.7142857142857144,3.0,1.6326530612244896,3.6,1.0400000000000005,3.0,0,1,1,0
1,0.0,15.0,0.0,3,3,1.0,1.0,0.0,0.0,0.0,0,3.0,1.2,2.375,3.0,0.734375,3.7142857142857144,4.0,0.2040816326530612,2.8,2.56,2.0,1,0,1,0
1,0.0,14.0,1.0,0,1,1.0,0.0,1.0,0.0,1.0,0,2.4,0.64,2.375,3.0,0.734375,3.4285714285714284,4.0,0.816326530612245,4.4,0.24,4.0,1,0,1,0
1,0.0,14.0,0.0,2,0,1.0,1.0,0.0,0.0,1.0,0,1.6,0.64,2.5,3.0,0.5,3.2857142857142856,4.0,1.0612244897959184,3.2,0.1599999999999999,1.0,0,1,1,0
1,0.0,14.0,0.0,0,1,1.0,1.0,0.0,0.0,0.0,0,1.0,0.0,2.375,2.5,1.484375,1.7142857142857142,2.0,0.489795918367347,5.0,0.0,1.0,1,0,1,0
1,0.0,14.0,0.0,0,1,1.0,1.0,0.0,0.0,1.0,0,3.0,0.4,2.5,2.5,0.25,3.857142857142857,4.0,0.1224489795918367,3.8,0.1599999999999999,2.0,1,0,1,0
1,0.0,14.0,0.0,0,1,1.0,1.0,0.0,0.0,1.0,0,3.4,0.24,2.5,2.5,0.25,3.7142857142857144,4.0,0.2040816326530612,4.6,0.24,5.0,1,0,1,0
1,0.0,17.0,0.0,2,0,0.0,1.0,0.0,0.0,0.0,0,3.2,0.5599999999999999,2.0,2.0,0.5,3.2857142857142856,4.0,0.7755102040816327,3.6,2.24,3.0,0,1,1,0
1,0.0,14.0,0.0,0,1,1.0,1.0,0.0,0.0,0.0,1,3.4,0.24,2.125,2.0,1.109375,3.142857142857143,4.0,1.8367346938775508,2.6,1.8400000000000003,1.0,1,0,1,0
1,1.0,16.0,1.0,0,1,1.0,0.0,0.0,0.0,0.0,0,3.6,0.24,2.75,3.0,0.6875,3.0,3.0,0.8571428571428571,2.6,0.6400000000000002,1.0,1,0,1,0
1,0.0,15.0,0.0,0,1,1.0,1.0,0.0,0.0,1.0,0,2.6,0.24,2.75,3.0,1.1875,2.5714285714285716,3.0,0.2448979591836734,4.2,0.1599999999999999,1.0,0,1,0,1
1,0.0,15.0,1.0,2,0,1.0,1.0,0.0,0.0,1.0,0,3.0,0.4,2.75,3.0,0.4375,3.4285714285714284,3.0,0.2448979591836734,3.4,0.64,2.0,0,1,1,0
1,0.0,14.0,0.0,2,2,1.0,1.0,0.0,0.0,1.0,0,3.2,0.5599999999999999,2.25,2.5,0.6875,3.4285714285714284,4.0,1.1020408163265307,4.2,0.96,2.0,0,1,1,0
1,0.0,14.0,0.0,2,0,1.0,1.0,0.0,0.0,1.0,0,2.8,0.1599999999999999,3.25,3.0,0.4375,3.2857142857142856,4.0,1.0612244897959184,3.6,0.24,3.0,1,0,1,0
2,1.0,15.0,0.0,2,0,1.0,0.0,0.0,0.0,1.0,1,1.8,0.56,2.375,2.5,0.484375,3.7142857142857144,4.0,0.2040816326530612,4.6,0.24,2.0,0,1,1,0
2,0.0,17.0,0.0,2,2,0.0,0.0,1.0,0.0,0.0,0,4.0,0.0,2.5,2.0,0.5,3.2857142857142856,4.0,1.3469387755102038,2.6,0.64,4.0,1,0,1,0
2,1.0,16.0,0.0,3,3,1.0,1.0,0.0,0.0,1.0,0,4.0,0.0,2.25,2.0,1.1875,3.857142857142857,4.0,0.1224489795918367,4.4,0.64,2.0,1,0,1,0
2,0.0,14.0,1.0,2,2,1.0,1.0,0.0,0.0,0.0,1,3.8,0.1599999999999999,2.5,3.0,0.5,3.4285714285714284,4.0,0.5306122448979592,2.4,1.84,5.0,1,0,1,0
1,0.0,15.0,0.0,0,1,1.0,1.0,0.0,0.0,0.0,0,3.2,0.1599999999999999,2.375,2.5,0.984375,3.857142857142857,4.0,0.1224489795918367,4.8,0.1599999999999999,3.0,1,0,1,0
1,0.0,17.0,0.0,2,0,1.0,1.0,0.0,0.0,1.0,0,3.2,0.5599999999999999,2.375,2.5,0.484375,3.4285714285714284,3.0,0.2448979591836734,4.4,0.6399999999999999,3.0,1,0,1,0
1,0.0,17.0,0.0,3,2,1.0,1.0,0.0,0.0,1.0,0,3.2,0.1599999999999999,1.875,1.5,0.859375,4.0,4.0,0.0,5.0,0.0,2.0,0,1,1,0
1,0.0,17.0,0.0,2,0,1.0,1.0,0.0,0.0,1.0,0,3.0,0.0,1.875,2.0,0.609375,3.857142857142857,4.0,0.1224489795918367,4.6,0.6399999999999999,1.0,0,1,1,0
1,0.0,17.0,0.0,0,1,1.0,1.0,0.0,0.0,1.0,0,2.2,0.5599999999999999,2.875,3.0,1.109375,3.142857142857143,3.0,0.6938775510204082,4.0,0.4,5.0,1,0,0,1
1,0.0,17.0,0.0,3,2,1.0,1.0,0.0,0.0,1.0,0,3.2,0.5599999999999999,2.25,2.0,0.4375,3.5714285714285716,4.0,0.5306122448979592,4.6,0.24,4.0,1,0,0,1
1,0.0,17.0,0.0,2,2,1.0,1.0,0.0,0.0,1.0,0,3.0,0.4,2.5,2.5,0.25,3.2857142857142856,4.0,0.7755102040816327,4.4,0.24,5.0,1,0,0,1
1,0.0,17.0,0.0,3,0,1.0,0.0,1.0,0.0,1.0,0,3.4,0.24,2.625,2.0,1.234375,3.0,3.0,1.1428571428571428,4.8,0.1599999999999999,1.0,0,1,0,1
1,0.0,17.0,0.0,2,0,1.0,1.0,0.0,0.0,0.0,0,2.4,0.24,2.25,2.5,0.6875,3.5714285714285716,4.0,0.2448979591836734,4.4,0.24,1.0,0,1,1,0
1,0.0,17.0,0.0,4,3,1.0,1.0,0.0,0.0,1.0,0,2.4,0.24,2.0,1.5,1.25,3.0,3.0,1.1428571428571428,4.4,0.6399999999999999,1.0,0,1,1,0
1,0.0,17.0,0.0,2,0,1.0,1.0,0.0,0.0,1.0,0,2.4,0.24,2.625,2.5,1.484375,3.857142857142857,4.0,0.1224489795918367,4.4,0.24,1.0,0,1,0,1
2,1.0,17.0,0.0,2,0,1.0,1.0,0.0,0.0,1.0,0,3.0,0.0,2.5,2.5,0.75,3.4285714285714284,3.0,0.2448979591836734,2.0,1.6,5.0,1,0,1,0
1,1.0,16.0,1.0,2,0,1.0,0.0,0.0,0.0,0.0,0,3.6,0.64,2.125,2.0,1.109375,4.0,4.0,0.0,3.8,0.5599999999999999,2.0,1,0,1,0
1,0.0,17.0,0.0,0,1,1.0,1.0,0.0,0.0,1.0,0,2.8,0.1599999999999999,2.625,3.0,0.484375,3.5714285714285716,4.0,0.2448979591836734,4.0,0.0,3.0,1,0,1,0
1,0.0,17.0,0.0,3,3,1.0,0.0,1.0,0.0,1.0,0,2.6,0.24,2.625,2.5,0.984375,3.857142857142857,4.0,0.1224489795918367,3.8,0.1599999999999999,4.0,0,1,1,0
1,0.0,14.0,0.0,3,2,1.0,1.0,0.0,0.0,1.0,1,2.0,0.0,2.25,2.0,0.4375,3.9596343430722354,4.0,0.00977631755526,5.0,0.0,3.0,1,0,1,0
1,0.0,15.0,0.0,2,0,1.0,1.0,0.0,0.0,1.0,0,2.8,0.1599999999999999,2.0,2.0,0.5,2.5714285714285716,3.0,1.3877551020408163,4.2,0.5599999999999999,1.0,0,1,1,0
1,0.0,14.0,0.0,2,0,0.0,0.0,1.0,0.0,0.0,0,2.8,0.5599999999999999,2.125,2.0,0.359375,2.7142857142857144,2.0,1.3469387755102038,4.4,0.6399999999999999,3.0,0,1,0,1
1,0.0,15.0,0.0,0,1,1.0,1.0,0.0,0.0,1.0,0,2.8,0.1599999999999999,2.375,2.0,0.234375,3.142857142857143,3.0,0.4081632653061224,4.0,0.4,1.0,0,1,1,0
1,0.0,15.0,0.0,2,0,1.0,1.0,0.0,0.0,0.0,0,3.0,0.0,2.125,2.0,0.609375,2.7142857142857144,3.0,1.6326530612244898,4.6,0.24,1.0,0,1,1,0
1,0.0,15.0,0.0,0,1,0.0,1.0,0.0,1.0,0.0,0,3.0,0.4,2.5,2.5,0.75,3.857142857142857,4.0,0.1224489795918367,3.2,0.5599999999999999,5.0,1,0,1,0
1,0.0,15.0,0.0,2,0,1.0,1.0,0.0,0.0,1.0,0,1.8,1.36,2.375,2.5,1.484375,2.857142857142857,3.0,1.5510204081632657,5.0,0.0,2.0,0,1,1,0
1,0.0,15.0,0.0,3,0,1.0,1.0,0.0,0.0,1.0,0,2.0,0.4,2.5,2.5,0.25,3.7142857142857144,4.0,0.489795918367347,4.6,0.24,2.0,1,0,1,0
2,1.0,16.0,0.0,2,2,1.0,1.0,0.0,0.0,1.0,0,1.8,1.36,2.375,2.0,1.984375,3.0,3.0,0.8571428571428571,1.8,2.5600000000000005,1.0,0,1,0,1
1,0.0,15.0,0.0,2,0,1.0,1.0,0.0,0.0,1.0,0,2.8,0.1599999999999999,2.375,3.0,0.734375,2.857142857142857,3.0,0.1224489795918367,3.6,0.24,1.0,0,1,1,0
1,0.0,16.0,0.0,2,2,1.0,1.0,0.0,0.0,1.0,0,3.0,0.0,2.625,3.0,0.734375,3.142857142857143,3.0,0.4081632653061224,4.0,0.4,4.0,0,1,1,0
2,1.0,15.0,0.0,0,1,1.0,1.0,0.0,0.0,1.0,0,3.8,0.1599999999999999,1.875,1.0,1.609375,2.0,1.0,1.7142857142857142,5.0,0.0,1.0,0,1,1,0
2,0.0,16.0,0.0,2,2,1.0,1.0,0.0,0.0,1.0,0,3.6,0.24,1.75,1.0,0.9375,3.142857142857143,4.0,1.2653061224489797,5.0,0.0,1.0,0,1,1,0
1,0.0,15.0,1.0,4,3,1.0,1.0,0.0,0.0,1.0,0,2.2,2.16,2.375,2.0,0.234375,4.0,4.0,0.0,3.0,2.8,1.0,0,1,1,0
2,0.0,14.0,0.0,0,1,1.0,1.0,0.0,0.0,1.0,0,3.8,0.1599999999999999,2.875,3.0,1.359375,3.142857142857143,4.0,1.8367346938775508,4.2,2.56,5.0,1,0,1,0
1,0.0,14.0,0.0,0,1,1.0,1.0,0.0,0.0,1.0,0,3.6,0.24,2.25,2.0,1.4375,3.0,4.0,1.7142857142857142,3.4,2.6399999999999997,4.0,1,0,1,0
2,0.0,14.0,0.0,2,5,1.0,1.0,0.0,0.0,1.0,0,3.4,0.64,2.375,2.0,0.734375,3.5714285714285716,4.0,0.5306122448979592,4.2,1.36,5.0,1,0,1,0
1,0.0,16.0,0.0,4,2,1.0,0.0,0.0,0.0,1.0,0,3.4,0.64,2.75,3.0,0.9375,2.857142857142857,3.0,1.5510204081632657,4.0,0.0,1.0,0,1,1,0
1,0.0,14.0,0.0,3,2,1.0,1.0,0.0,0.0,1.0,0,1.8,1.3600000000000003,2.375,2.5,1.484375,3.7142857142857144,4.0,0.489795918367347,2.2,2.56,4.0,1,0,1,0
1,0.0,15.0,0.0,0,1,0.0,0.0,1.0,1.0,1.0,1,2.6,1.04,2.625,2.5,0.984375,3.8167772002150926,4.0,0.1206922523105925,5.0,0.0,1.0,1,0,1,0
1,0.0,16.0,0.0,2,0,1.0,1.0,0.0,0.0,1.0,0,2.4,1.04,2.25,2.0,0.4375,2.4285714285714284,3.0,1.673469387755102,4.6,0.24,1.0,0,1,1,0
1,0.0,16.0,0.0,2,0,1.0,1.0,0.0,0.0,0.0,0,3.0,0.0,2.5,2.5,0.25,4.0,4.0,0.0,3.8,0.5599999999999999,1.0,0,1,1,0
1,0.0,17.0,0.0,3,2,1.0,0.0,1.0,0.0,1.0,0,2.6,0.24,2.25,2.0,0.4375,3.5714285714285716,4.0,0.5306122448979592,4.4,0.24,2.0,0,1,1,0
1,0.0,17.0,0.0,3,2,0.0,0.0,0.0,0.0,0.0,1,3.2,0.1599999999999999,2.5,2.5,0.75,4.0,4.0,0.0,4.4,0.24,2.0,0,1,1,0
1,0.0,16.0,0.0,0,1,1.0,1.0,0.0,0.0,1.0,0,2.2,0.1599999999999999,2.625,2.5,0.984375,3.0,4.0,1.4285714285714286,4.2,0.5599999999999999,5.0,0,1,1,0
1,0.0,17.0,0.0,2,0,1.0,1.0,0.0,0.0,1.0,0,3.4,1.4400000000000002,2.25,3.0,0.9375,3.7142857142857144,4.0,0.2040816326530612,5.0,0.0,1.0,0,1,1,0
1,0.0,16.0,0.0,2,0,1.0,1.0,0.0,0.0,1.0,0,2.6,0.24,2.5,2.0,1.0,3.857142857142857,4.0,0.1224489795918367,3.8,0.1599999999999999,2.0,0,1,0,1
1,0.0,17.0,0.0,3,2,1.0,0.0,0.0,0.0,1.0,0,2.6,0.24,2.5,2.5,0.75,3.0,3.0,0.5714285714285714,4.4,0.24,2.0,0,1,1,0
1,0.0,17.0,0.0,2,2,1.0,1.0,0.0,0.0,0.0,0,3.0,0.0,3.0,3.0,0.75,3.857142857142857,4.0,0.1224489795918367,1.6,0.24,3.0,1,0,1,0
1,0.0,17.0,0.0,0,1,1.0,1.0,0.0,0.0,1.0,0,2.2,1.36,2.625,3.0,1.234375,3.142857142857143,4.0,0.979591836734694,4.0,0.8,1.0,0,1,1,0
1,0.0,16.0,0.0,3,2,1.0,1.0,0.0,0.0,1.0,0,1.8,0.16,2.75,3.0,0.6875,3.142857142857143,3.0,0.979591836734694,5.0,0.0,3.0,0,1,1,0
1,0.0,16.0,0.0,4,3,1.0,1.0,0.0,0.0,1.0,0,2.4,0.24,2.875,3.0,0.359375,3.5714285714285716,4.0,1.1020408163265307,3.8,0.1599999999999999,1.0,0,1,1,0
1,0.0,17.0,0.0,2,0,1.0,1.0,0.0,0.0,0.0,0,1.6,0.24,2.375,2.0,0.734375,2.5714285714285716,3.0,0.816326530612245,3.8,0.1599999999999999,1.0,0,1,0,1
1,0.0,16.0,0.0,4,3,1.0,1.0,0.0,0.0,0.0,0,2.0,0.8,2.875,3.0,0.609375,2.4285714285714284,3.0,0.816326530612245,4.0,0.4,5.0,1,0,1,0
1,0.0,17.0,0.0,3,2,1.0,1.0,0.0,0.0,1.0,0,3.0,0.0,2.5,2.5,0.25,3.142857142857143,3.0,0.4081632653061224,4.0,0.0,1.0,0,1,0,1
1,0.0,16.0,0.0,3,3,1.0,1.0,0.0,0.0,1.0,0,3.6,0.24,2.75,3.0,1.1875,3.857142857142857,4.0,0.1224489795918367,4.4,0.6399999999999999,2.0,0,1,1,0
1,0.0,16.0,1.0,4,3,1.0,0.0,0.0,0.0,1.0,0,2.6,0.24,2.875,3.0,0.359375,2.7142857142857144,3.0,1.6326530612244896,1.8,1.3600000000000003,2.0,0,1,1,0
1,0.0,16.0,1.0,4,3,1.0,0.0,0.0,0.0,0.0,0,2.2,0.5599999999999999,3.0,3.0,1.0,3.7142857142857144,4.0,0.4897959183673471,4.2135635635635635,0.5553104556007459,2.0,0,1,1,0
1,0.0,16.0,0.0,2,0,1.0,1.0,0.0,0.0,1.0,0,2.2,0.5599999999999999,2.625,3.0,1.234375,3.0,3.0,0.8571428571428571,4.6,0.6399999999999999,2.0,0,1,1,0
1,0.0,16.0,1.0,4,4,1.0,0.0,0.0,0.0,1.0,0,3.0,0.8,2.75,3.0,0.6875,3.7142857142857144,4.0,0.489795918367347,5.0,0.0,2.0,0,1,0,1
1,0.0,16.0,0.0,3,3,1.0,0.0,0.0,0.0,0.0,0,2.0,0.0,2.75,3.0,0.9375,3.5714285714285716,4.0,0.5306122448979592,4.2,0.96,1.0,0,1,1,0
1,0.0,16.0,1.0,4,4,1.0,1.0,0.0,0.0,0.0,0,3.4,0.64,2.25,2.0,0.6875,3.7142857142857144,4.0,0.489795918367347,3.4,1.4400000000000002,2.0,1,0,1,0
1,0.0,16.0,0.0,2,0,1.0,0.0,0.0,0.0,0.0,0,3.0,0.4,2.75,2.5,1.1875,3.0,3.0,0.5714285714285714,4.4,0.6399999999999999,1.0,0,1,1,0
1,0.0,16.0,0.0,3,0,1.0,1.0,0.0,0.0,1.0,0,3.4,0.24,2.125,2.0,0.359375,3.2857142857142856,3.0,0.489795918367347,3.8,0.96,1.0,0,1,1,0
1,0.0,16.0,0.0,0,1,1.0,1.0,0.0,0.0,1.0,0,3.0,0.4,2.875,3.0,1.109375,2.857142857142857,3.0,1.2653061224489797,4.2,0.5599999999999999,5.0,0,1,0,1
1,0.0,16.0,0.0,3,2,1.0,0.0,0.0,0.0,0.0,0,2.4,0.24,2.25,2.0,0.9375,3.0,3.0,0.8571428571428571,4.0,0.4,3.0,0,1,0,1
1,0.0,16.0,0.0,0,1,1.0,0.0,0.0,0.0,1.0,0,2.6,1.04,2.25,2.0,1.1875,2.142857142857143,2.0,0.979591836734694,4.8,0.1599999999999999,1.0,0,1,1,0
1,0.0,16.0,0.0,0,1,1.0,1.0,0.0,0.0,1.0,0,3.6,0.24,2.5,2.5,1.75,3.5714285714285716,4.0,0.5306122448979592,4.2,0.5599999999999999,4.0,1,0,1,0
1,0.0,16.0,0.0,3,3,1.0,0.0,0.0,0.0,0.0,0,3.6,0.24,2.5,3.0,1.0,3.0,3.0,0.8571428571428571,4.2,0.5599999999999999,4.0,1,0,1,0
1,0.0,16.0,1.0,0,1,1.0,1.0,0.0,0.0,0.0,0,3.4,0.24,2.25,2.5,0.6875,3.7142857142857144,4.0,0.2040816326530612,4.0,0.4,2.0,1,0,1,0
1,0.0,16.0,0.0,3,2,1.0,0.0,1.0,0.0,1.0,0,3.0,0.4,2.0,2.0,0.75,3.4285714285714284,4.0,0.5306122448979592,4.2,0.1599999999999999,5.0,1,0,1,0
1,0.0,17.0,0.0,3,3,1.0,1.0,0.0,0.0,0.0,0,3.0,1.2,2.5,2.5,1.75,3.5714285714285716,4.0,0.5306122448979592,4.4,0.6399999999999999,5.0,1,0,1,0
1,0.0,15.0,0.0,2,0,1.0,1.0,0.0,0.0,1.0,0,3.0,0.4,2.375,2.0,0.734375,3.5714285714285716,4.0,0.2448979591836734,4.6,0.24,2.0,1,0,1,0
1,0.0,16.0,0.0,0,1,1.0,1.0,0.0,0.0,0.0,0,2.2,0.5599999999999999,1.625,1.5,0.484375,3.5714285714285716,4.0,0.2448979591836734,3.4,0.24,4.0,0,1,0,1
1,0.0,17.0,0.0,3,3,1.0,1.0,0.0,0.0,1.0,0,4.0,0.0,3.125,3.0,0.359375,4.0,4.0,0.0,4.4,0.6399999999999999,1.0,1,0,1,0
1,0.0,16.0,0.0,0,1,1.0,0.0,0.0,0.0,0.0,0,3.8,0.1599999999999999,2.2189612015018776,2.3758448060075095,1.1476856513382654,4.0,4.0,0.0,5.0,0.0,3.0,1,0,1,0
1,0.0,16.0,1.0,3,2,1.0,1.0,0.0,0.0,1.0,0,2.0,0.4,2.375,2.5,0.484375,3.4285714285714284,4.0,1.1020408163265307,5.0,0.0,2.0,1,0,1,0
1,0.0,16.0,0.0,4,4,1.0,0.0,0.0,0.0,1.0,0,3.4,0.24,2.125,2.0,1.359375,3.857142857142857,4.0,0.1224489795918367,4.4,0.6399999999999999,5.0,1,0,1,0
1,0.0,17.0,0.0,2,2,1.0,1.0,0.0,0.0,0.0,0,4.0,0.0,2.625,3.0,0.234375,4.0,4.0,0.0,3.0,0.4,2.0,1,0,1,0
1,0.0,16.0,0.0,4,3,1.0,0.0,1.0,0.0,1.0,0,2.1906218655967904,0.5453467825744033,2.375,2.5,0.984375,2.5714285714285716,3.0,1.3877551020408163,4.2,0.1599999999999999,3.0,1,0,1,0
1,0.0,16.0,0.0,3,3,1.0,0.0,1.0,0.0,1.0,0,2.6,0.24,2.625,2.5,0.484375,3.0,3.0,1.1428571428571428,4.8,0.1599999999999999,3.0,0,1,1,0
1,1.0,16.0,0.0,0,1,1.0,0.0,0.0,0.0,1.0,0,2.2,0.1599999999999999,2.625,3.0,0.234375,2.2857142857142856,2.0,0.7755102040816327,4.0,0.4,2.0,1,0,1,0
1,0.0,17.0,1.0,4,3,1.0,0.0,1.0,0.0,1.0,0,2.6,1.04,2.125,2.0,1.109375,2.5714285714285716,2.0,1.1020408163265307,4.4,0.64,2.0,0,1,1,0
1,0.0,17.0,0.0,2,2,1.0,0.0,0.0,0.0,1.0,0,2.6,0.24,2.625,3.0,0.234375,3.142857142857143,3.0,0.6938775510204082,4.2,0.1599999999999999,2.0,1,0,1,0
1,0.0,16.0,0.0,0,1,1.0,1.0,0.0,0.0,1.0,0,3.0,0.0,2.75,3.0,0.1875,3.142857142857143,3.0,0.4081632653061224,3.8,0.1599999999999999,3.0,1,0,1,0
1,0.0,16.0,1.0,3,3,1.0,0.0,0.0,0.0,0.0,0,1.6,0.64,2.375,2.0,0.734375,3.0,3.0,1.1428571428571428,2.8,0.96,1.0,0,1,1,0
1,0.0,17.0,1.0,4,4,1.0,0.0,1.0,0.0,1.0,1,2.2,1.36,2.75,2.5,0.6875,3.2857142857142856,4.0,0.7755102040816327,3.2,0.5599999999999999,4.0,0,1,0,1
1,1.0,17.0,0.0,4,4,0.0,0.0,1.0,0.0,1.0,0,3.0,0.0,2.375,2.0,0.734375,2.7142857142857144,3.0,0.2040816326530612,4.4,0.24,2.0,1,0,1,0
1,0.0,16.0,0.0,3,2,1.0,0.0,0.0,0.0,0.0,0,3.4,0.24,2.625,2.5,1.484375,3.7142857142857144,4.0,0.2040816326530612,3.2,0.96,2.0,1,0,1,0
1,0.0,17.0,0.0,0,1,1.0,0.0,0.0,0.0,0.0,0,3.0,0.4,2.75,3.0,0.4375,3.2857142857142856,3.0,0.2040816326530612,3.6,0.24,2.0,1,0,1,0
1,1.0,16.0,0.0,3,3,1.0,0.0,1.0,0.0,0.0,0,3.8,0.1599999999999999,1.875,1.0,1.609375,3.0,4.0,1.7142857142857142,4.6,0.6399999999999999,2.0,0,1,0,1
1,0.0,17.0,0.0,2,2,1.0,0.0,0.0,0.0,1.0,0,3.0,0.4,3.0,3.5,1.5,3.0,4.0,1.7142857142857142,5.0,0.0,2.0,0,1,1,0
1,0.0,17.0,0.0,2,2,1.0,1.0,0.0,0.0,1.0,0,3.6,0.24,2.25,2.0,0.9375,3.4285714285714284,4.0,0.5306122448979592,4.4,0.6399999999999999,1.0,0,1,1,0
1,0.0,17.0,1.0,4,3,0.0,0.0,0.0,0.0,1.0,0,3.0,0.0,2.0,2.0,0.5,2.0,2.0,0.8571428571428571,3.0,1.2,2.0,0,1,0,1
1,0.0,16.0,0.0,0,1,1.0,1.0,0.0,0.0,1.0,0,2.0,1.2,2.25,2.5,0.6875,3.4285714285714284,3.0,0.2448979591836734,4.2,0.5599999999999999,2.0,0,1,0,1
1,1.0,14.0,0.0,0,1,1.0,1.0,0.0,0.0,1.0,0,4.0,0.0,2.25,2.0,0.9375,3.0,3.0,0.0,3.2,0.1599999999999999,1.0,1,0,1,0
1,1.0,15.0,0.0,0,1,1.0,0.0,0.0,0.0,1.0,1,2.0,1.6,2.5,2.5,0.75,2.5714642500356786,3.0,1.1020714056275434,2.8,3.3600000000000003,1.0,0,1,1,0
1,1.0,14.0,0.0,0,1,1.0,1.0,0.0,0.0,1.0,0,4.0,0.0,2.625,3.0,0.734375,4.0,4.0,0.0,4.4,0.6399999999999999,1.0,1,0,1,0
1,0.0,14.0,0.0,0,1,1.0,1.0,0.0,0.0,1.0,0,3.0,0.8,2.25,2.5,0.6875,3.857142857142857,4.0,0.1224489795918367,5.0,0.0,1.0,1,0,1,0
1,1.0,14.0,0.0,2,0,1.0,0.0,0.0,0.0,0.0,0,2.2,2.16,2.5,2.0,1.5,2.142857142857143,1.0,1.8367346938775508,2.2,0.1599999999999999,1.0,0,1,0,1
1,0.0,14.0,0.0,0,1,1.0,1.0,0.0,0.0,0.0,0,2.6,0.64,2.375,2.0,1.734375,3.4285714285714284,3.0,0.2448979591836734,4.6,0.24,1.0,0,1,0,1
1,0.0,16.0,0.0,3,3,1.0,0.0,0.0,0.0,0.0,0,2.2,0.5599999999999999,2.25,2.5,1.1875,2.5714285714285716,2.0,1.1020408163265307,3.6,0.64,1.0,0,1,0,1
1,0.0,14.0,0.0,0,1,1.0,1.0,0.0,0.0,1.0,0,3.2,0.1599999999999999,2.625,3.0,1.734375,3.0,4.0,1.7142857142857142,4.6,0.6399999999999999,1.0,0,1,1,0
1,1.0,15.0,0.0,0,1,1.0,1.0,0.0,0.0,1.0,0,2.2,0.1599999999999999,2.375,2.0,0.234375,2.857142857142857,2.0,0.979591836734694,5.0,0.0,1.0,0,1,1,0
1,0.0,14.0,0.0,2,2,1.0,1.0,0.0,0.0,1.0,0,2.8,0.96,2.375,2.0,1.234375,3.0,4.0,1.7142857142857142,1.8,2.5600000000000005,5.0,1,0,1,0
1,0.0,14.0,0.0,2,2,1.0,1.0,0.0,0.0,1.0,0,2.4,0.24,2.375,2.5,0.484375,3.2857142857142856,4.0,0.7755102040816327,3.6,0.64,3.0,1,0,0,1
1,0.0,14.0,0.0,0,1,1.0,1.0,0.0,0.0,1.0,0,3.2,0.1599999999999999,2.25,2.0,0.4375,3.4285714285714284,4.0,0.5306122448979593,4.6,0.6399999999999999,1.0,0,1,1,0
1,0.0,14.0,0.0,2,2,1.0,1.0,0.0,0.0,1.0,0,3.0,0.4,2.463,2.3520000000000003,0.222583,3.0,3.0,0.8571428571428571,3.4,0.24,3.0,1,0,1,0
1,1.0,14.0,0.0,0,1,1.0,1.0,1.0,1.0,0.0,0,2.4,0.64,2.0,2.0,0.0,3.0,3.0,0.0,3.0,0.0,5.0,1,0,1,0
1,0.0,16.0,0.0,3,2,1.0,0.0,0.0,0.0,1.0,0,1.8,0.9600000000000002,3.0,3.0,0.5,2.142857142857143,2.0,0.6938775510204082,4.8,0.1599999999999999,5.0,1,0,0,1
1,0.0,16.0,0.0,0,1,1.0,1.0,0.0,0.0,1.0,1,4.0,0.0,2.875,3.0,1.109375,4.0,4.0,0.0,4.0,0.0,5.0,1,0,1,0
1,0.0,15.0,0.0,0,1,1.0,1.0,0.0,0.0,1.0,0,2.8,0.1599999999999999,2.875,3.0,0.359375,3.2857142857142856,3.0,0.489795918367347,4.6,0.24,2.0,1,0,1,0
1,0.0,15.0,0.0,0,1,1.0,0.0,0.0,0.0,1.0,0,2.2,0.5599999999999999,2.5,3.0,1.0,1.7142857142857142,2.0,0.489795918367347,4.4,0.64,1.0,0,1,0,1
1,0.0,16.0,0.0,0,1,1.0,1.0,0.0,0.0,0.0,0,1.2,0.16,4.0,4.0,0.0,1.0,1.0,0.0,1.2,0.16,1.0,1,0,1,0
1,0.0,16.0,0.0,3,2,1.0,1.0,0.0,0.0,1.0,0,3.4,0.64,3.0,3.5,1.5,2.5714285714285716,3.0,1.959183673469388,4.8,0.1599999999999999,5.0,1,0,1,0
1,0.0,15.0,0.0,3,3,1.0,1.0,0.0,0.0,1.0,0,2.6,0.24,2.125,2.0,1.109375,4.0,4.0,0.0,4.0,0.4,1.0,0,1,1,0
1,0.0,15.0,0.0,3,3,1.0,1.0,0.0,0.0,1.0,0,4.0,0.0,2.0,2.0,0.25,4.0,4.0,0.0,4.0,0.0,1.0,0,1,1,0
1,0.0,16.0,1.0,3,2,1.0,1.0,0.0,0.0,1.0,0,3.0,0.4,2.625,2.5,0.484375,3.2857142857142856,3.0,0.2040816326530612,4.0,0.4,5.0,1,0,1,0
1,0.0,15.0,0.0,3,0,1.0,1.0,0.0,0.0,0.0,0,1.0,0.0,2.625,3.0,1.234375,3.245348628786521,3.7174404015056464,1.013335583168657,1.0,0.0,1.0,0,1,1,0
2,0.0,15.0,0.0,0,1,1.0,1.0,0.0,0.0,1.0,0,3.1906218655967904,0.1641030513808225,2.25,1.5,1.9375,3.857142857142857,4.0,0.1224489795918367,4.857200100175307,0.0815672455597697,1.0,0,1,1,0
1,0.0,15.0,0.0,0,1,1.0,1.0,0.0,0.0,0.0,0,3.6,0.24,2.0,2.0,0.75,3.4285714285714284,4.0,0.816326530612245,4.4,0.24,2.0,1,0,1,0
1,0.0,15.0,0.0,2,0,1.0,1.0,0.0,0.0,1.0,0,3.4,0.24,2.5,2.5,0.25,3.2857142857142856,3.0,0.489795918367347,3.8,0.5599999999999999,4.0,0,1,1,0
2,0.0,16.0,0.0,4,2,1.0,1.0,0.0,0.0,1.0,1,2.0,0.4,2.375,2.0,1.984375,3.7142857142857144,4.0,0.2040816326530612,4.6,0.6399999999999999,5.0,0,1,1,0
1,1.0,16.0,0.0,3,2,1.0,0.0,1.0,0.0,1.0,0,3.6,0.24,3.125,4.0,1.609375,2.7142857142857144,4.0,2.204081632653061,1.0,0.0,5.0,1,0,1,0
1,0.0,16.0,0.0,2,2,1.0,1.0,0.0,0.0,1.0,0,4.0,0.0,2.75,3.0,1.4375,4.0,4.0,0.0,3.4,1.04,1.0,0,1,1,0
1,0.0,16.0,0.0,2,0,1.0,1.0,0.0,0.0,1.0,0,2.8,0.96,2.625,3.0,0.234375,4.0,4.0,0.0,4.2,0.5599999999999999,1.0,0,1,1,0
1,0.0,15.0,0.0,2,2,1.0,1.0,0.0,0.0,1.0,0,3.4,0.24,2.75,3.0,1.4375,4.0,4.0,0.0,4.4,1.44,1.0,0,1,0,1
1,0.0,15.0,1.0,2,0,0.0,0.0,0.0,0.0,0.0,1,3.6,0.24,2.625,3.0,1.984375,2.2857142857142856,2.0,1.6326530612244898,2.2,2.56,3.0,1,0,1,0
1,0.0,14.0,0.0,0,1,1.0,1.0,0.0,0.0,1.0,0,3.4,1.44,1.875,1.0,1.609375,4.0,4.0,0.0,3.8,0.1599999999999999,1.0,0,1,1,0
1,0.0,14.0,0.0,0,1,1.0,1.0,0.0,0.0,0.0,0,4.0,0.0,1.875,2.0,0.609375,4.0,4.0,0.0,4.0,2.4,1.0,1,0,1,0
1,0.0,14.0,0.0,0,1,1.0,1.0,0.0,0.0,0.0,0,3.0,0.4,2.625,2.5,0.484375,3.4285714285714284,4.0,0.5306122448979592,3.6,0.24,1.0,0,1,1,0
1,0.0,15.0,0.0,0,1,1.0,1.0,0.0,0.0,1.0,0,3.0,0.0,2.0,1.5,1.25,3.5714285714285716,4.0,0.2448979591836734,4.8,0.1599999999999999,1.0,0,1,1,0
1,0.0,15.0,0.0,0,1,1.0,1.0,0.0,0.0,1.0,0,3.4,0.24,2.125,2.0,0.859375,3.2857142857142856,4.0,1.0612244897959184,4.2,2.56,1.0,1,0,1,0
1,0.0,15.0,0.0,2,2,1.0,1.0,0.0,0.0,0.0,0,3.2,0.5599999999999999,2.5,2.5,0.75,2.2857142857142856,2.0,0.489795918367347,4.0,0.0,1.0,0,1,1,0
1,1.0,14.0,0.0,0,1,1.0,1.0,0.0,0.0,1.0,0,2.8,0.5599999999999999,2.5,2.5,0.75,3.142857142857143,3.0,0.979591836734694,2.8,0.1599999999999999,1.0,1,0,1,0
1,0.0,14.0,0.0,0,1,1.0,1.0,0.0,0.0,1.0,0,2.4,0.64,1.875,2.0,0.609375,2.7142857142857144,3.0,0.7755102040816327,3.8,0.1599999999999999,1.0,0,1,0,1
1,1.0,14.0,0.0,0,1,1.0,1.0,0.0,0.0,1.0,0,4.0,0.0,2.0,2.0,0.5,3.857142857142857,4.0,0.1224489795918367,3.4,0.24,1.0,1,0,1,0
1,0.0,14.0,0.0,0,1,1.0,1.0,0.0,0.0,1.0,0,2.4,0.64,1.875,2.0,0.359375,3.7142857142857144,4.0,0.2040816326530612,3.0,0.4,1.0,1,0,1,0
1,0.0,14.0,0.0,0,1,1.0,1.0,1.0,1.0,1.0,0,3.0,0.4,2.5,3.0,1.5,3.7142857142857144,4.0,0.2040816326530612,4.0,1.2,2.0,1,0,1,0
1,0.0,15.0,0.0,2,2,1.0,1.0,1.0,1.0,0.0,0,2.2,0.1599999999999999,2.375,2.0,0.234375,2.7142857142857144,3.0,0.2040816326530612,3.8,0.5599999999999999,3.0,1,0,1,0
1,1.0,14.0,1.0,3,3,0.0,1.0,0.0,0.0,0.0,0,2.4,0.24,3.0,3.0,0.75,2.4285714285714284,2.0,0.8163265306122449,2.6,1.04,1.0,0,1,1,0
1,0.0,15.0,0.0,0,1,1.0,0.0,0.0,0.0,0.0,1,3.0,1.2,2.5,2.5,0.75,3.4285714285714284,4.0,0.5306122448979592,2.8,1.36,5.0,1,0,0,1
1,0.0,15.0,0.0,0,1,1.0,1.0,0.0,0.0,0.0,0,2.6,1.0400000000000005,2.625,2.5,0.984375,4.0,4.0,0.0,3.2,0.96,1.0,0,1,0,1
1,0.0,14.0,0.0,0,1,1.0,1.0,0.0,0.0,1.0,0,4.0,0.0,2.125,2.0,1.109375,4.0,4.0,0.0,4.6,0.24,1.0,1,0,1,0
1,0.0,14.0,0.0,0,1,1.0,1.0,0.0,0.0,1.0,0,2.8,0.1599999999999999,2.375,2.5,0.484375,2.5714285714285716,3.0,0.816326530612245,4.0,0.4,1.0,0,1,1,0
1,1.0,15.0,1.0,0,1,1.0,1.0,0.0,0.0,1.0,0,3.0,0.0,2.375,2.5,0.484375,3.142857142857143,3.0,0.6938775510204082,3.4,0.24,1.0,0,1,1,0
1,1.0,15.0,0.0,0,1,1.0,1.0,0.0,0.0,1.0,0,3.6,0.24,2.5,2.5,0.75,3.7142857142857144,4.0,0.489795918367347,4.0,0.4,5.0,1,0,1,0
1,0.0,14.0,0.0,2,2,1.0,1.0,0.0,0.0,1.0,0,3.2,0.5599999999999999,1.75,1.0,1.1875,3.857142857142857,4.0,0.1224489795918367,3.8,1.36,1.0,1,0,1,0
1,1.0,15.0,0.0,3,3,1.0,1.0,0.0,0.0,0.0,0,2.9342335583895975,1.217300899368378,2.75,3.0,0.6875,3.4285714285714284,4.0,1.1020408163265307,4.2,1.36,1.0,1,0,1,0
1,0.0,16.0,0.0,2,2,1.0,0.0,0.0,0.0,0.0,0,1.8,0.56,2.625,3.0,0.734375,3.4285714285714284,4.0,1.1020408163265307,3.8,0.96,5.0,1,0,1,0
1,0.0,16.0,1.0,4,5,1.0,1.0,0.0,0.0,0.0,0,3.0,0.8,2.28859375,2.302375,0.3993809677734375,3.4285714285714284,3.0,0.2448979591836734,3.4,1.84,4.0,1,0,1,0
1,0.0,15.0,0.0,0,1,1.0,1.0,0.0,0.0,1.0,0,4.0,0.0,2.625,3.0,1.234375,3.4285714285714284,4.0,1.1020408163265307,3.8,0.5599999999999999,3.0,1,0,1,0
1,0.0,16.0,0.0,0,1,0.0,1.0,0.0,0.0,1.0,1,3.0,0.8,2.75,3.0,0.4375,3.7142857142857144,4.0,0.489795918367347,4.0,0.0,2.0,1,0,1,0
1,0.0,15.0,0.0,2,0,0.0,1.0,0.0,0.0,0.0,0,3.0,0.4,2.5,2.0,0.5,3.2857142857142856,3.0,0.489795918367347,4.8,0.1599999999999999,1.0,0,1,1,0
1,0.0,15.0,0.0,2,0,1.0,1.0,0.0,0.0,0.0,0,1.8,0.56,3.125,3.5,0.859375,3.0,3.0,1.1428571428571428,4.4,0.24,1.0,0,1,1,0
1,0.0,15.0,0.0,0,1,1.0,0.0,0.0,0.0,0.0,0,2.1906218655967904,0.5453467825744033,2.375,2.5,0.984375,2.857142857142857,3.0,1.2653061224489797,3.8,0.5599999999999999,4.0,0,1,0,1
1,0.0,15.0,0.0,2,0,1.0,1.0,0.0,0.0,1.0,0,3.4,0.24,2.375,2.5,0.484375,3.7142857142857144,4.0,0.489795918367347,4.0,0.0,1.0,0,1,1,0
1,0.0,16.0,0.0,3,4,1.0,1.0,0.0,0.0,0.0,0,2.0,0.4,2.625,3.0,0.734375,3.5714285714285716,4.0,0.5306122448979592,3.8,0.1599999999999999,3.0,1,0,0,1
1,1.0,16.0,0.0,0,1,1.0,1.0,0.0,0.0,1.0,0,3.4,0.24,2.125,2.0,0.609375,3.2857142857142856,4.0,0.7755102040816327,4.6,0.24,1.0,0,1,1,0
1,0.0,16.0,0.0,0,1,1.0,1.0,0.0,0.0,1.0,0,3.0,0.0,2.75,3.0,1.6875,3.0,3.0,1.1428571428571428,4.6,0.6399999999999999,5.0,1,0,1,0
1,0.0,15.0,0.0,2,0,1.0,1.0,0.0,0.0,1.0,0,2.8,0.5599999999999999,2.375,2.0,0.734375,3.0,3.0,1.1428571428571428,3.6,0.24,1.0,0,1,1,0
1,0.0,15.0,0.0,2,0,1.0,1.0,0.0,0.0,1.0,0,2.2,0.96,2.625,2.5,0.984375,3.2857142857142856,4.0,0.7755102040816327,3.2,0.5599999999999999,5.0,1,0,1,0
1,0.0,15.0,0.0,2,2,1.0,1.0,0.0,0.0,1.0,0,3.4,0.24,2.75,3.0,1.4375,4.0,4.0,0.0,4.8,0.1599999999999999,1.0,0,1,1,0
1,0.0,16.0,0.0,0,1,1.0,1.0,0.0,0.0,1.0,0,2.8,0.1599999999999999,2.375,2.0,0.234375,2.857142857142857,3.0,0.979591836734694,4.6,0.24,2.0,1,0,1,0
1,1.0,16.0,0.0,0,1,1.0,0.0,0.0,0.0,0.0,0,2.2,0.96,1.875,2.0,0.859375,3.7142857142857144,4.0,0.489795918367347,4.8,0.1599999999999999,1.0,0,1,0,1
1,0.0,16.0,0.0,2,0,1.0,0.0,0.0,0.0,0.0,0,2.0,0.0,2.5,2.5,1.25,3.0,3.0,0.8571428571428571,4.6,0.6399999999999999,2.0,0,1,1,0
1,0.0,16.0,0.0,0,1,1.0,1.0,0.0,0.0,0.0,0,2.4,1.04,2.375,2.5,1.484375,3.2857142857142856,4.0,0.7755102040816327,3.8,2.16,1.0,0,1,1,0
1,1.0,15.0,0.0,0,1,1.0,1.0,0.0,0.0,1.0,0,2.2,0.5599999999999999,2.5,3.0,1.0,2.857142857142857,3.0,0.4081632653061224,5.0,0.0,1.0,0,1,1,0
1,0.0,16.0,0.0,0,1,1.0,1.0,0.0,0.0,1.0,0,3.2,1.36,2.875,3.0,1.359375,3.857142857142857,4.0,0.1224489795918367,5.0,0.0,1.0,1,0,1,0
2,0.0,15.0,0.0,0,1,1.0,0.0,1.0,0.0,1.0,0,2.8,0.5599999999999999,2.375,2.0,0.234375,2.857142857142857,3.0,1.2653061224489794,3.8,0.5599999999999999,1.0,0,1,1,0
1,0.0,16.0,0.0,2,0,0.0,1.0,0.0,1.0,1.0,0,2.4,0.24,2.875,3.0,0.609375,3.2857142857142856,3.0,0.489795918367347,4.0,0.0,1.0,0,1,0,1
1,0.0,15.0,0.0,0,1,1.0,1.0,0.0,0.0,0.0,0,3.0,0.0,2.875,2.5,0.859375,2.9289830690482157,3.0,0.17394085070158,4.0,0.0,2.0,0,1,1,0
2,1.0,15.0,0.0,2,0,1.0,1.0,0.0,0.0,0.0,0,2.1520482533299825,1.292474685362794,2.125,1.5,1.609375,2.857142857142857,3.0,1.2653061224489797,2.6,2.24,1.0,0,1,0,1
1,0.0,15.0,0.0,3,2,1.0,1.0,0.0,0.0,0.0,0,3.4,0.24,2.375,2.5,0.484375,3.5714285714285716,4.0,0.2448979591836734,4.2,0.5599999999999999,2.0,0,1,1,0
1,0.0,15.0,0.0,2,1,1.0,1.0,0.0,0.0,1.0,0,2.8,0.1599999999999999,3.0,3.5,1.25,4.0,4.0,0.0,4.2,0.5599999999999999,1.0,1,0,0,1
2,1.0,15.0,0.0,0,1,1.0,1.0,0.0,0.0,1.0,0,2.6,0.24,2.5,2.5,0.75,2.2857142857142856,2.0,0.7755102040816327,3.0,0.4,1.0,0,1,1,0
1,0.0,15.0,0.0,2,0,0.0,1.0,0.0,0.0,1.0,0,2.8,0.1599999999999999,2.625,3.0,1.984375,3.5714285714285716,4.0,0.2448979591836734,3.4,1.44,2.0,0,1,1,0
1,0.0,15.0,0.0,4,4,1.0,1.0,0.0,0.0,0.0,0,2.2,0.5599999999999999,2.75,3.0,1.6875,2.7142857142857144,4.0,2.2040816326530615,4.4,1.44,2.0,0,1,1,0
1,0.0,15.0,0.0,2,2,1.0,1.0,0.0,0.0,1.0,0,2.4,0.24,2.375,2.0,0.234375,2.857142857142857,4.0,1.836734693877551,4.8,0.1599999999999999,1.0,0,1,1,0
1,0.0,15.0,0.0,2,2,0.0,1.0,0.0,0.0,1.0,0,2.6,0.24,2.375,2.5,0.484375,3.857142857142857,4.0,0.1224489795918367,4.4,0.24,1.0,0,1,1,0
1,1.0,16.0,1.0,4,3,1.0,1.0,0.0,0.0,1.0,0,2.6,0.64,2.375,2.5,0.484375,2.3278301042151632,3.0,1.4177466835194503,2.8,0.5599999999999999,1.0,0,1,1,0
1,0.0,15.0,0.0,4,3,1.0,1.0,0.0,0.0,0.0,0,3.2,0.5599999999999999,1.875,2.0,0.609375,3.7142857142857144,4.0,0.2040816326530612,4.8,0.1599999999999999,2.0,0,1,0,1
1,0.0,16.0,0.0,3,2,1.0,1.0,0.0,0.0,1.0,0,2.2,0.5599999999999999,2.75,3.0,0.9375,4.0,4.0,0.0,3.2,0.96,1.0,0,1,1,0
1,0.0,15.0,0.0,3,2,1.0,1.0,0.0,0.0,1.0,0,1.5906218655967903,0.6140930212905518,2.25,2.0,1.6875,2.2857142857142856,2.0,0.7755102040816327,3.0,1.6,1.0,0,1,1,0
2,1.0,16.0,0.0,0,1,1.0,0.0,0.0,0.0,0.0,0,3.7520482533299826,0.2459202747068503,2.375,2.5,1.484375,2.2857142857142856,1.0,2.2040816326530615,3.0,2.0,1.0,1,0,0,1
2,1.0,16.0,0.0,0,1,0.0,0.0,0.0,0.0,0.0,1,3.2,0.5599999999999999,2.5,3.0,0.5,3.857142857142857,4.0,0.1224489795918367,4.2,0.5599999999999999,4.0,0,1,1,0
2,1.0,15.0,0.0,2,2,1.0,0.0,0.0,0.0,0.0,0,3.0,0.4,2.5,2.5,0.25,3.142857142857143,3.0,0.979591836734694,3.2,1.36,1.0,0,1,1,0
2,1.0,16.0,1.0,4,3,1.0,1.0,0.0,0.0,1.0,0,2.4,0.24,2.625,2.5,0.984375,2.4285714285714284,3.0,1.1020408163265307,5.0,0.0,3.0,0,1,1,0
1,0.0,14.0,0.0,3,2,1.0,1.0,1.0,0.0,1.0,0,3.2,0.5599999999999999,2.875,3.0,1.359375,3.0,4.0,1.7142857142857142,4.2,0.5599999999999999,1.0,0,1,1,0
1,0.0,14.0,0.0,2,0,1.0,1.0,0.0,0.0,1.0,0,3.2,0.5599999999999999,2.75,3.0,0.4375,3.2857142857142856,4.0,1.3469387755102038,3.8,0.1599999999999999,3.0,1,0,1,0
1,0.0,15.0,0.0,3,2,1.0,0.0,1.0,0.0,1.0,0,2.8,0.1599999999999999,2.875,2.5,0.859375,4.0,4.0,0.0,5.0,0.0,1.0,0,1,1,0
1,0.0,15.0,0.0,3,2,1.0,1.0,0.0,0.0,0.0,0,2.2,0.5599999999999999,2.5,2.5,0.75,2.2857142857142856,3.0,1.346938775510204,4.8,0.1599999999999999,4.0,1,0,0,1
1,0.0,15.0,1.0,3,4,1.0,1.0,0.0,0.0,1.0,0,2.2,0.5599999999999999,2.625,3.0,0.734375,2.2857142857142856,2.0,0.2040816326530612,4.0,0.0,1.0,0,1,0,1
1,0.0,17.0,0.0,0,1,1.0,1.0,0.0,0.0,1.0,0,2.8,0.1599999999999999,1.75,2.0,0.4375,3.4285714285714284,4.0,0.816326530612245,4.4,0.24,1.0,0,1,0,1
1,1.0,17.0,0.0,3,2,1.0,1.0,0.0,0.0,1.0,0,4.0,0.0,2.125,2.0,0.359375,4.0,4.0,0.0,3.4,0.64,4.0,1,0,1,0
1,0.0,17.0,0.0,2,2,1.0,1.0,0.0,0.0,0.0,0,3.5906218655967903,0.2516055589033902,2.875,2.5,0.859375,4.0,4.0,0.0,5.0,0.0,1.0,1,0,1,0
1,0.0,17.0,0.0,4,3,1.0,1.0,0.0,0.0,1.0,0,2.4,0.24,2.875,3.0,0.609375,3.2857142857142856,3.0,0.489795918367347,2.4572001001753065,0.836127726401242,3.0,1,0,1,0
1,0.0,17.0,0.0,2,0,1.0,1.0,0.0,0.0,1.0,0,3.2,0.5599999999999999,2.625,2.5,0.984375,3.857142857142857,4.0,0.1224489795918367,4.4,0.6399999999999999,3.0,1,0,1,0
1,0.0,17.0,0.0,2,0,1.0,1.0,0.0,0.0,1.0,0,2.4,1.04,2.25,2.0,0.6875,3.142857142857143,3.0,0.979591836734694,3.8,1.36,4.0,1,0,1,0
1,0.0,17.0,0.0,4,3,1.0,1.0,0.0,0.0,1.0,0,3.2,0.1599999999999999,2.375,2.0,0.234375,4.0,4.0,0.0,3.0,0.8,5.0,1,0,1,0
1,0.0,17.0,0.0,4,4,1.0,1.0,0.0,0.0,0.0,0,3.2,0.1599999999999999,2.625,3.0,0.734375,3.7142857142857144,4.0,0.489795918367347,4.8,0.1599999999999999,4.0,1,0,1,0
1,0.0,17.0,0.0,2,0,1.0,1.0,0.0,0.0,1.0,0,2.4,0.24,2.25,2.5,0.6875,3.7142857142857144,4.0,0.2040816326530612,3.8,0.5599999999999999,1.0,0,1,0,1
1,0.0,17.0,0.0,0,1,1.0,1.0,0.0,0.0,1.0,1,2.8,0.5599999999999999,2.25,2.0,0.6875,2.857142857142857,3.0,0.1224489795918367,4.0,0.4,1.0,0,1,1,0
1,0.0,17.0,0.0,4,4,1.0,1.0,0.0,0.0,1.0,0,3.0,0.4,2.5,2.5,0.25,3.857142857142857,4.0,0.1224489795918367,5.0,0.0,4.0,1,0,1,0
1,0.0,17.0,0.0,2,0,1.0,1.0,0.0,0.0,1.0,0,3.2,0.5599999999999999,2.375,2.0,0.734375,2.5714285714285716,2.0,1.673469387755102,4.0,1.2,4.0,1,0,1,0
1,0.0,17.0,0.0,3,3,1.0,1.0,0.0,0.0,1.0,0,3.6,0.24,2.375,2.0,0.734375,3.4285714285714284,4.0,0.816326530612245,3.8,0.1599999999999999,4.0,1,0,1,0
1,0.0,17.0,0.0,4,0,1.0,1.0,0.0,0.0,1.0,0,3.4,0.24,2.25,2.0,1.4375,3.857142857142857,4.0,0.1224489795918367,4.2,0.1599999999999999,1.0,0,1,1,0
1,0.0,17.0,1.0,4,3,1.0,1.0,0.0,1.0,1.0,0,4.0,0.0,2.5,2.5,1.75,3.142857142857143,3.0,0.6938775510204082,4.6,0.24,3.0,0,1,1,0
1,0.0,17.0,0.0,0,1,1.0,1.0,0.0,0.0,1.0,0,3.4,0.24,1.875,2.0,0.359375,2.7142857142857144,3.0,1.0612244897959184,5.0,0.0,4.0,1,0,1,0
1,0.0,17.0,0.0,3,2,1.0,1.0,0.0,0.0,0.0,0,2.2,0.1599999999999999,2.625,2.5,0.484375,3.142857142857143,4.0,1.2653061224489797,4.2,0.5599999999999999,5.0,1,0,1,0
1,0.0,17.0,0.0,0,1,1.0,0.0,0.0,0.0,1.0,0,3.6,0.24,2.5,2.5,1.25,3.4285714285714284,4.0,0.5306122448979592,4.0,0.8,5.0,1,0,1,0
1,0.0,17.0,0.0,2,0,1.0,1.0,0.0,0.0,1.0,0,3.2,1.36,2.625,2.5,0.984375,2.857142857142857,4.0,1.8367346938775508,4.2,0.5599999999999999,4.0,1,0,1,0
1,0.0,17.0,0.0,4,3,0.0,1.0,0.0,0.0,0.0,0,2.8,0.1599999999999999,2.75,3.0,0.1875,2.5714285714285716,3.0,0.2448979591836734,4.4,0.24,5.0,1,0,1,0
1,0.0,17.0,0.0,3,2,1.0,1.0,0.0,0.0,0.0,0,3.2,0.5599999999999999,2.25,2.0,0.6875,3.5714285714285716,4.0,0.5306122448979592,3.8,0.5599999999999999,3.0,1,0,0,1
1,0.0,17.0,0.0,3,2,1.0,1.0,0.0,0.0,1.0,0,3.2,0.96,2.25,2.5,1.1875,3.7142857142857144,4.0,0.489795918367347,5.0,0.0,1.0,0,1,1,0
1,1.0,17.0,0.0,4,1,0.0,1.0,0.0,0.0,0.0,0,3.2,0.1599999999999999,2.5,2.0,1.0,3.7142857142857144,4.0,0.2040816326530612,4.8,0.1599999999999999,3.0,0,1,1,0
1,0.0,17.0,0.0,0,1,0.0,1.0,0.0,0.0,1.0,0,2.4,0.64,2.375,2.5,0.984375,3.5714285714285716,4.0,1.1020408163265307,4.8,0.1599999999999999,1.0,0,1,1,0
1,0.0,17.0,0.0,4,2,1.0,1.0,0.0,0.0,0.0,0,2.8,0.1599999999999999,2.375,2.5,0.484375,3.8167772002150926,4.0,0.1206922523105925,4.4,0.24,3.0,0,1,1,0
1,0.0,17.0,0.0,2,0,1.0,1.0,0.0,0.0,0.0,0,3.3906218655967906,0.2478543051421063,2.5,2.5,0.75,2.9400207194655805,3.0,0.7587693806345779,4.6,0.24,2.0,1,0,1,0
1,0.0,17.0,0.0,4,2,1.0,1.0,0.0,0.0,0.0,0,2.2,0.1599999999999999,3.25,3.5,0.9375,3.2857142857142856,3.0,0.2040816326530612,4.4,0.64,1.0,0,1,1,0
1,1.0,17.0,0.0,2,0,1.0,0.0,0.0,0.0,0.0,0,2.982101114684198,0.0193902441045129,2.5,3.0,1.5,4.0,4.0,0.0,5.0,0.0,2.0,0,1,1,0
1,0.0,17.0,0.0,0,1,1.0,1.0,0.0,0.0,0.0,0,2.8,0.1599999999999999,2.125,2.0,0.609375,3.4285714285714284,3.0,0.2448979591836734,4.8,0.1599999999999999,1.0,0,1,1,0
1,1.0,17.0,0.0,3,4,1.0,0.0,0.0,0.0,1.0,0,2.6,1.04,2.375,2.5,0.984375,3.7142857142857144,4.0,0.489795918367347,3.2,1.36,1.0,0,1,1,0
1,0.0,17.0,0.0,3,2,1.0,1.0,0.0,0.0,0.0,0,3.6,0.24,2.5,2.5,0.75,3.857142857142857,4.0,0.1224489795918367,4.6,0.6399999999999999,1.0,0,1,1,0
1,0.0,17.0,0.0,2,0,1.0,1.0,0.0,0.0,1.0,0,2.4,1.04,1.875,2.0,0.359375,3.5714285714285716,4.0,0.5306122448979592,1.6,1.44,1.0,0,1,1,0
1,0.0,17.0,0.0,2,0,1.0,1.0,0.0,0.0,1.0,0,3.6,0.24,2.25,2.0,0.4375,3.7142857142857144,4.0,0.2040816326530612,4.8,0.1599999999999999,1.0,0,1,1,0
1,0.0,17.0,0.0,0,1,1.0,1.0,0.0,0.0,1.0,0,2.2,0.5599999999999999,2.375,2.0,0.234375,3.7142857142857144,4.0,0.2040816326530612,4.4,0.24,1.0,0,1,1,0
1,0.0,17.0,0.0,3,3,1.0,1.0,0.0,0.0,1.0,0,3.2,0.1599999999999999,2.625,2.5,0.484375,2.857142857142857,3.0,0.4081632653061224,4.4,0.6399999999999999,5.0,1,0,1,0
1,0.0,17.0,0.0,2,0,1.0,1.0,0.0,0.0,0.0,0,3.4,0.24,2.25,2.0,0.9375,3.7142857142857144,4.0,0.2040816326530612,1.8,2.5600000000000005,1.0,0,1,1,0
1,0.0,17.0,0.0,3,2,1.0,1.0,0.0,0.0,0.0,0,2.839430995757424,0.1819916120086579,2.25,2.0,1.4375,3.4285714285714284,3.0,0.2448979591836734,4.0,0.4,2.0,1,0,1,0
1,0.0,17.0,0.0,4,2,1.0,1.0,0.0,0.0,1.0,0,3.4,0.64,2.125,2.0,1.109375,4.0,4.0,0.0,4.4,0.24,1.0,1,0,1,0
1,0.0,17.0,0.0,2,0,1.0,1.0,0.0,0.0,1.0,0,2.2,0.96,2.75,3.0,1.1875,3.0,3.0,1.1428571428571428,4.6,0.24,1.0,0,1,1,0
1,0.0,17.0,0.0,3,3,1.0,1.0,0.0,0.0,1.0,0,3.1500407250991165,0.1890047817032476,2.625,2.5,0.484375,3.2857142857142856,4.0,0.7755102040816327,4.4,0.24,4.0,0,1,0,1
1,0.0,17.0,0.0,2,0,1.0,1.0,0.0,0.0,1.0,0,3.4,0.24,2.5,3.0,1.0,3.7142857142857144,4.0,0.489795918367347,4.6,0.24,1.0,0,1,1,0
1,0.0,17.0,0.0,3,3,1.0,1.0,0.0,0.0,1.0,0,3.4,0.64,2.75,3.0,0.9375,3.5714285714285716,4.0,0.5306122448979592,4.4,0.24,4.0,1,0,1,0
1,0.0,17.0,1.0,4,4,1.0,1.0,0.0,0.0,1.0,0,3.0,0.4,2.875,2.5,0.859375,3.5714285714285716,4.0,0.5306122448979592,4.2,0.1599999999999999,1.0,1,0,1,0
1,0.0,17.0,0.0,2,2,1.0,1.0,0.0,0.0,0.0,0,3.2,0.5599999999999999,2.75,3.0,1.1875,4.0,4.0,0.0,4.6,0.6399999999999999,1.0,0,1,1,0
1,0.0,17.0,0.0,2,2,1.0,1.0,0.0,0.0,1.0,0,3.0,0.4,2.625,2.5,0.984375,3.4285714285714284,4.0,0.5306122448979592,4.0,0.4,3.0,1,0,1,0
1,0.0,17.0,0.0,3,2,1.0,1.0,0.0,0.0,1.0,0,3.4,0.24,2.375,2.5,0.484375,3.857142857142857,4.0,0.1224489795918367,3.8,0.1599999999999999,2.0,1,0,1,0
1,0.0,17.0,0.0,3,3,1.0,1.0,0.0,0.0,0.0,0,2.8,0.5599999999999999,1.875,2.0,0.359375,3.7142857142857144,4.0,0.2040816326530612,4.2,0.5599999999999999,4.0,1,0,1,0
1,0.0,17.0,0.0,3,2,1.0,1.0,0.0,0.0,1.0,0,2.0,0.4,1.875,2.0,0.359375,3.4285714285714284,4.0,0.816326530612245,4.6,0.6399999999999999,2.0,0,1,1,0
1,0.0,17.0,0.0,3,3,1.0,1.0,0.0,0.0,0.0,0,3.0,0.4,2.75,3.0,0.6875,3.0,3.0,0.8571428571428571,4.4,0.24,4.0,1,0,1,0
1,0.0,17.0,0.0,2,0,1.0,1.0,0.0,0.0,1.0,0,2.6,0.64,2.625,3.0,0.734375,4.0,4.0,0.0,4.8,0.1599999999999999,5.0,1,0,1,0
1,0.0,17.0,0.0,3,2,1.0,1.0,0.0,0.0,0.0,0,2.2,0.5599999999999999,3.125,3.0,0.859375,3.857142857142857,4.0,0.1224489795918367,4.4,0.24,5.0,1,0,1,0
1,1.0,17.0,1.0,4,4,1.0,1.0,0.0,0.0,1.0,0,3.0,0.4,2.625,2.5,0.484375,3.7142857142857144,4.0,0.489795918367347,4.0,0.8,2.0,1,0,1,0
1,0.0,17.0,0.0,3,2,1.0,0.0,0.0,0.0,0.0,0,2.8,1.36,2.5,2.5,0.75,3.2857142857142856,4.0,0.7755102040816327,5.0,0.0,1.0,0,1,1,0
1,0.0,17.0,1.0,2,2,1.0,1.0,0.0,0.0,1.0,0,4.0,0.0,2.0,2.0,0.5,3.4285714285714284,3.0,0.2448979591836734,5.0,0.0,2.0,1,0,1,0
1,0.0,17.0,0.0,4,3,1.0,1.0,0.0,0.0,1.0,0,2.8,0.96,3.0,3.5,1.5,3.857142857142857,4.0,0.1224489795918367,4.6,0.24,3.0,1,0,1,0
1,0.0,17.0,0.0,4,4,1.0,1.0,0.0,0.0,0.0,0,2.8,0.5599999999999999,2.625,2.5,0.984375,4.0,4.0,0.0,4.8,0.1599999999999999,1.0,0,1,1,0
1,0.0,17.0,0.0,0,1,1.0,1.0,0.0,0.0,1.0,0,3.4,0.64,2.75,3.0,1.4375,3.4285714285714284,4.0,1.1020408163265307,4.2,0.5599999999999999,1.0,0,1,1,0
1,0.0,17.0,0.0,4,2,1.0,1.0,0.0,0.0,1.0,0,2.8,0.1599999999999999,2.75,3.0,0.6875,2.0,2.0,0.8571428571428571,4.8,0.1599999999999999,1.0,0,1,1,0
1,0.0,17.0,0.0,0,1,1.0,1.0,0.0,0.0,1.0,1,2.8,0.5599999999999999,2.0,2.0,0.75,3.5340075861091624,4.0,0.3556681340469307,2.0,1.6,1.0,0,1,1,0
1,0.0,17.0,0.0,4,3,1.0,1.0,0.0,0.0,1.0,0,3.8,0.1599999999999999,1.9751628664495111,2.0,0.5043181824210338,2.4777154294292147,2.0,1.458410471371575,1.0,0.0,1.0,0,1,1,0
1,0.0,17.0,0.0,2,2,1.0,1.0,0.0,0.0,1.0,0,3.4,0.64,1.375,1.0,0.234375,2.7142857142857144,3.0,1.6326530612244896,3.6,1.0400000000000005,1.0,0,1,0,1
1,0.0,17.0,0.0,0,1,1.0,1.0,0.0,0.0,1.0,0,2.197992471769134,0.5568040755090056,2.375,2.0,0.734375,2.857142857142857,3.0,1.2653061224489797,4.510268506149684,0.3938952473451667,3.0,0,1,0,1
1,0.0,17.0,0.0,2,0,1.0,1.0,1.0,0.0,1.0,1,3.4,0.24,2.75,3.0,0.9375,4.0,4.0,0.0,3.0,0.0,1.0,1,0,1,0
1,0.0,17.0,0.0,3,2,1.0,1.0,0.0,0.0,1.0,0,3.2,0.5599999999999999,2.125,1.5,1.609375,3.142857142857143,3.0,0.6938775510204082,4.8,0.1599999999999999,1.0,0,1,1,0
1,0.0,16.0,0.0,4,2,1.0,1.0,0.0,0.0,1.0,0,2.4,0.64,1.75,2.0,0.4375,3.857142857142857,4.0,0.1224489795918367,4.8,0.1599999999999999,1.0,0,1,1,0
1,0.0,17.0,0.0,0,1,1.0,1.0,0.0,0.0,0.0,0,1.6,0.64,2.375,2.5,1.484375,3.142857142857143,3.0,0.6938775510204082,3.6,0.64,1.0,0,1,0,1
1,0.0,16.0,0.0,0,1,1.0,1.0,0.0,0.0,1.0,0,4.0,0.0,2.0,1.5,1.25,4.0,4.0,0.0,5.0,0.0,1.0,0,1,1,0
1,0.0,16.0,1.0,5,5,1.0,1.0,0.0,0.0,1.0,0,3.0,0.4,2.25,2.0,0.4375,3.142857142857143,3.0,0.4081632653061224,3.0,2.0,4.0,1,0,1,0
1,0.0,17.0,0.0,3,0,1.0,1.0,0.0,0.0,0.0,0,3.4,0.64,2.625,3.0,0.234375,4.0,4.0,0.0,5.0,0.0,1.0,0,1,1,0
1,0.0,16.0,0.0,2,2,1.0,1.0,0.0,0.0,1.0,0,2.6,0.64,2.125,2.0,0.359375,3.4285714285714284,3.0,0.2448979591836734,3.8,0.1599999999999999,3.0,0,1,1,0
1,0.0,17.0,0.0,2,2,1.0,1.0,0.0,0.0,1.0,0,2.8,0.96,2.875,3.0,0.609375,3.857142857142857,4.0,0.1224489795918367,4.0,0.4,1.0,0,1,0,1
1,0.0,16.0,0.0,2,0,1.0,1.0,0.0,0.0,0.0,0,2.8,0.1599999999999999,2.6319982504373907,2.0279930017495627,0.7259700155175527,2.2857142857142856,2.0,0.489795918367347,4.2,0.1599999999999999,4.0,0,1,0,1
1,1.0,17.0,0.0,0,1,1.0,0.0,0.0,0.0,1.0,1,3.6,0.24,2.875,3.0,1.109375,3.857142857142857,4.0,0.1224489795918367,3.6,2.24,1.0,0,1,1,0
1,0.0,16.0,0.0,2,0,1.0,1.0,0.0,0.0,0.0,0,3.0,0.4,2.5,2.5,0.25,4.0,4.0,0.0,4.4,0.64,4.0,1,0,1,0
1,0.0,16.0,0.0,4,3,0.0,0.0,1.0,0.0,1.0,0,3.2,0.5599999999999999,2.125,2.0,1.109375,2.7142857142857144,3.0,1.6326530612244896,3.6,1.0400000000000005,3.0,1,0,1,0
1,0.0,16.0,1.0,3,2,1.0,1.0,0.0,0.0,1.0,0,2.6,0.24,2.375,2.5,0.484375,3.0,3.0,0.8571428571428571,4.6,0.24,1.0,1,0,1,0
1,0.0,16.0,0.0,0,1,1.0,0.0,0.0,0.0,0.0,0,2.8,0.5599999999999999,2.25,2.0,1.4375,1.4285714285714286,1.0,0.5306122448979592,1.6,0.24,5.0,1,0,1,0
1,0.0,16.0,1.0,3,0,1.0,1.0,0.0,0.0,0.0,0,3.0,0.4,2.125,2.0,0.359375,3.0,3.0,1.1428571428571428,3.4,1.8400000000000003,1.0,0,1,1,0
1,0.0,16.0,1.0,4,4,1.0,1.0,0.0,0.0,0.0,0,3.0,0.4,2.25,2.0,0.4375,2.857142857142857,3.0,0.4081632653061224,3.4,1.04,4.0,1,0,1,0
2,1.0,16.0,0.0,3,2,1.0,1.0,0.0,0.0,1.0,0,2.6,1.04,2.125,2.0,0.609375,3.2857142857142856,4.0,1.3469387755102038,4.6,0.24,1.0,0,1,1,0
1,0.0,17.0,0.0,0,1,1.0,1.0,0.0,0.0,0.0,0,3.2,0.5599999999999999,2.125,1.5,1.609375,3.5714285714285716,4.0,0.5306122448979592,4.4,0.6399999999999999,2.0,0,1,1,0
1,0.0,17.0,0.0,2,2,1.0,0.0,0.0,0.0,1.0,0,3.6,0.24,2.25,2.0,0.9375,3.857142857142857,4.0,0.1224489795918367,4.2,0.5599999999999999,2.0,1,0,1,0
1,0.0,16.0,0.0,0,1,1.0,1.0,0.0,0.0,0.0,0,2.8,1.36,2.75,3.0,0.9375,3.5714285714285716,4.0,1.1020408163265307,4.0,0.8,1.0,1,0,1,0
1,0.0,16.0,0.0,2,2,1.0,1.0,0.0,0.0,0.0,0,3.6,0.24,2.644218710810133,2.0768748432405317,1.2129371234037585,4.0,4.0,0.0,4.8,0.1599999999999999,2.0,1,0,1,0
1,0.0,17.0,0.0,2,2,1.0,0.0,0.0,0.0,1.0,0,3.6,0.24,2.25,2.0,0.9375,3.857142857142857,4.0,0.1224489795918367,4.2,0.5599999999999999,2.0,1,0,1,0
1,0.0,16.0,0.0,0,1,1.0,1.0,1.0,1.0,1.0,0,3.2,0.1599999999999999,2.5,2.5,1.25,3.5714285714285716,4.0,0.5306122448979592,4.4,0.24,4.0,1,0,1,0
1,0.0,17.0,0.0,0,1,1.0,1.0,0.0,0.0,0.0,0,3.0,0.8,2.5,2.5,1.25,2.7142857142857144,2.0,1.346938775510204,4.8,0.1599999999999999,2.0,0,1,0,1
1,0.0,16.0,0.0,4,4,1.0,0.0,0.0,0.0,0.0,0,2.7979924717691342,0.9592131093860446,2.769218710810133,2.5768748432405317,0.6612574457012252,4.0,4.0,0.0,3.8,0.96,2.0,0,1,1,0
1,0.0,17.0,0.0,4,4,1.0,0.0,0.0,0.0,0.0,0,3.2,0.5599999999999999,1.625,1.5,0.484375,3.2857142857142856,3.0,0.489795918367347,4.0,0.4,4.0,1,0,1,0
1,0.0,16.0,0.0,4,3,1.0,1.0,0.0,0.0,0.0,0,3.2,0.5599999999999999,2.5,2.5,0.75,4.0,4.0,0.0,4.6,0.6399999999999999,4.0,1,0,1,0
1,0.0,16.0,0.0,0,1,1.0,1.0,0.0,0.0,1.0,0,3.3979924717691348,0.2416221432630834,2.625,2.0,1.234375,3.142857142857143,4.0,0.979591836734694,4.0,0.0,1.0,1,0,1,0
1,0.0,16.0,0.0,4,4,1.0,0.0,1.0,0.0,1.0,0,2.3520482533299822,0.5916553840308011,2.625,2.5,0.484375,2.142857142857143,3.0,0.979591836734694,4.2,0.5599999999999999,1.0,0,1,1,0
1,0.0,17.0,0.0,4,4,1.0,1.0,0.0,0.0,0.0,0,3.0,0.4,1.625,2.0,0.234375,3.857142857142857,4.0,0.1224489795918367,4.0,0.4,4.0,1,0,1,0
1,0.0,16.0,0.0,2,2,1.0,1.0,0.0,0.0,1.0,0,3.2,0.1599999999999999,2.375,3.0,0.734375,3.4285714285714284,4.0,0.5306122448979593,5.0,0.0,1.0,0,1,1,0
1,0.0,16.0,0.0,0,1,1.0,1.0,0.0,0.0,1.0,0,3.0,0.4,2.375,2.5,0.484375,3.857142857142857,4.0,0.1224489795918367,4.2,0.5599999999999999,2.0,1,0,1,0
1,0.0,16.0,0.0,2,0,1.0,1.0,0.0,0.0,1.0,0,2.8,0.5599999999999999,2.125,2.0,0.609375,3.142857142857143,3.0,0.4081632653061224,4.2,0.5599999999999999,2.0,1,0,1,0
1,0.0,17.0,0.0,2,0,1.0,1.0,0.0,0.0,1.0,0,3.2,0.5599999999999999,2.0,2.0,0.75,3.4285714285714284,4.0,0.5306122448979592,4.2,0.1599999999999999,1.0,0,1,1,0
1,0.0,16.0,0.0,4,2,1.0,1.0,0.0,0.0,1.0,1,2.6,1.04,2.375,2.0,0.734375,2.857142857142857,4.0,1.8367346938775508,3.2,0.1599999999999999,3.0,1,0,0,1
1,0.0,16.0,0.0,2,2,1.0,1.0,0.0,0.0,1.0,0,2.8,0.1599999999999999,2.125,2.0,0.609375,3.2857142857142856,4.0,0.7755102040816327,4.4,0.24,1.0,1,0,1,0
1,0.0,17.0,0.0,4,4,1.0,1.0,0.0,0.0,1.0,0,3.8,0.1599999999999999,2.125,2.0,0.609375,3.7142857142857144,4.0,0.489795918367347,4.0,0.8,2.0,1,0,1,0
1,0.0,16.0,0.0,3,2,1.0,1.0,0.0,0.0,1.0,0,2.2,0.1599999999999999,2.375,2.0,0.734375,2.857142857142857,3.0,0.1224489795918367,3.6,0.24,5.0,1,0,1,0
1,0.0,16.0,0.0,2,0,1.0,1.0,0.0,0.0,0.0,0,3.2,0.5599999999999999,2.375,2.5,1.484375,3.0,3.0,0.8571428571428571,4.8,0.1599999999999999,1.0,1,0,1,0
1,0.0,17.0,0.0,2,0,1.0,1.0,0.0,0.0,0.0,0,3.4,0.64,2.375,2.5,0.984375,4.0,4.0,0.0,4.6,0.6399999999999999,2.0,1,0,1,0
1,0.0,16.0,0.0,3,2,1.0,0.0,0.0,0.0,0.0,0,2.8,0.1599999999999999,2.125,2.0,0.859375,2.857142857142857,3.0,1.2653061224489797,4.2,0.1599999999999999,1.0,0,1,1,0
1,0.0,16.0,0.0,2,0,1.0,1.0,0.0,0.0,1.0,0,2.6,0.24,2.5,2.5,0.25,2.5714285714285716,3.0,0.5306122448979592,4.2,0.5599999999999999,3.0,1,0,1,0
1,0.0,17.0,0.0,2,2,1.0,0.0,0.0,0.0,0.0,0,3.4,0.24,1.625,1.5,0.484375,2.7142857142857144,2.0,0.7755102040816327,5.0,0.0,2.0,1,0,1,0
1,0.0,17.0,0.0,3,2,1.0,0.0,0.0,0.0,1.0,0,2.6,0.24,2.125,2.0,0.609375,3.4285714285714284,4.0,0.5306122448979592,4.8,0.1599999999999999,4.0,1,0,1,0
1,1.0,16.0,0.0,4,3,1.0,0.0,1.0,0.0,0.0,0,3.6,0.64,2.5,3.0,1.0,2.5714285714285716,2.0,1.1020408163265307,3.8,0.5599999999999999,5.0,1,0,0,1
2,1.0,17.0,0.0,2,2,1.0,0.0,0.0,0.0,1.0,0,2.7906218655967905,0.1566005438582548,2.625,3.0,0.234375,3.4285714285714284,4.0,0.5306122448979592,4.2,0.5599999999999999,1.0,0,1,1,0
1,0.0,16.0,0.0,0,1,1.0,1.0,0.0,0.0,1.0,0,2.8,0.96,2.5,2.5,0.25,3.7142857142857144,4.0,0.2040816326530612,3.4,1.44,4.0,1,0,1,0
1,0.0,16.0,0.0,0,1,1.0,1.0,0.0,0.0,0.0,0,3.0,0.4,2.2189612015018776,2.0,0.6476856513382655,3.0,4.0,1.7142857142857142,4.4,0.24,3.0,1,0,1,0
1,0.0,16.0,0.0,3,3,1.0,1.0,0.0,0.0,0.0,0,2.8,0.1599999999999999,2.5,2.5,0.25,3.7142857142857144,4.0,0.2040816326530612,4.4,0.24,2.0,1,0,1,0
1,0.0,16.0,0.0,2,0,1.0,1.0,0.0,0.0,1.0,0,3.4,0.24,1.625,1.0,0.984375,3.7142857142857144,4.0,0.489795918367347,4.2,0.5599999999999999,1.0,0,1,1,0
1,0.0,17.0,1.0,4,3,1.0,1.0,0.0,0.0,1.0,0,2.8,0.96,2.25,2.0,0.9375,3.7142857142857144,4.0,0.2040816326530612,4.4,0.24,1.0,0,1,1,0
1,0.0,17.0,0.0,2,2,1.0,0.0,0.0,0.0,1.0,1,3.4,0.64,2.625,3.0,0.734375,2.4285714285714284,3.0,1.1020408163265307,4.4,0.6399999999999999,1.0,0,1,0,1
1,0.0,16.0,0.0,4,4,1.0,0.0,0.0,0.0,1.0,0,3.3979924717691348,0.2416221432630834,2.0,2.0,0.75,4.0,4.0,0.0,5.0,0.0,1.0,0,1,1,0
1,0.0,17.0,0.0,3,2,1.0,1.0,0.0,0.0,0.0,0,2.4,0.24,2.5,2.5,1.25,3.5714285714285716,4.0,0.5306122448979592,4.8,0.1599999999999999,1.0,0,1,1,0
1,0.0,16.0,0.0,2,0,1.0,0.0,1.0,0.0,0.0,0,3.4,0.24,2.125,2.0,0.609375,3.142857142857143,3.0,0.4081632653061224,4.2,0.1599999999999999,4.0,1,0,0,1
1,0.0,16.0,0.0,2,0,1.0,1.0,0.0,0.0,1.0,0,3.0,0.4,2.25,2.5,1.1875,3.7142857142857144,4.0,0.489795918367347,4.8,0.1599999999999999,1.0,0,1,1,0
1,0.0,17.0,0.0,2,0,1.0,1.0,0.0,0.0,1.0,0,3.0,0.0,2.625,3.0,0.234375,3.0,3.0,0.0,4.0,0.0,1.0,1,0,1,0
1,0.0,16.0,0.0,0,1,1.0,1.0,0.0,0.0,0.0,0,3.0,0.4,2.375,3.0,0.734375,3.7142857142857144,4.0,0.489795918367347,4.4,0.64,1.0,0,1,1,0
1,0.0,17.0,0.0,0,1,1.0,1.0,0.0,0.0,1.0,0,3.4,0.24,2.375,2.5,0.984375,3.857142857142857,4.0,0.1224489795918367,4.602447552447552,0.237086899114871,1.0,0,1,1,0
1,0.0,17.0,0.0,2,0,1.0,1.0,0.0,0.0,1.0,0,2.8,0.1599999999999999,2.125,2.0,0.609375,3.5714285714285716,4.0,0.5306122448979593,5.0,0.0,1.0,0,1,1,0
1,0.0,17.0,0.0,2,0,1.0,1.0,0.0,0.0,1.0,0,3.4,0.24,1.75,1.5,0.9375,4.0,4.0,0.0,5.0,0.0,1.0,0,1,1,0
1,1.0,17.0,0.0,4,3,1.0,1.0,0.0,0.0,1.0,0,3.8,0.1599999999999999,2.375,2.0,0.234375,3.857142857142857,4.0,0.1224489795918367,4.8,0.1599999999999999,1.0,0,1,1,0
1,0.0,17.0,0.0,4,4,1.0,1.0,0.0,0.0,0.0,0,3.0,0.0,2.5,2.5,0.75,3.5714285714285716,4.0,0.5306122448979592,4.6,0.24,2.0,0,1,1,0
1,0.0,16.0,0.0,4,3,1.0,1.0,0.0,0.0,1.0,0,2.8,0.1599999999999999,2.125,2.0,0.859375,3.2857142857142856,3.0,0.489795918367347,5.0,0.0,1.0,0,1,1,0
1,0.0,16.0,0.0,2,2,1.0,1.0,0.0,0.0,1.0,0,2.8,0.1599999999999999,2.25,2.0,0.4375,3.5714285714285716,4.0,0.5306122448979592,4.6,0.24,2.0,0,1,1,0
1,0.0,16.0,0.0,2,0,1.0,1.0,0.0,0.0,1.0,0,3.0,0.4,2.875,3.0,0.609375,2.7142857142857144,3.0,1.0612244897959184,4.8,0.1599999999999999,1.0,0,1,0,1
1,0.0,17.0,0.0,3,2,1.0,1.0,0.0,0.0,0.0,0,3.2,0.1599999999999999,3.0,3.0,0.5,3.5714285714285716,4.0,0.5306122448979592,4.4,0.24,2.0,0,1,1,0
1,0.0,16.0,0.0,2,0,1.0,1.0,0.0,0.0,1.0,0,2.6,1.04,2.625,3.0,1.234375,3.857142857142857,4.0,0.1224489795918367,4.6,0.6399999999999999,1.0,0,1,1,0
1,0.0,16.0,0.0,4,3,1.0,1.0,0.0,0.0,1.0,0,2.8,0.5599999999999999,2.25,2.5,0.6875,3.857142857142857,4.0,0.1224489795918367,5.0,0.0,1.0,1,0,1,0
1,0.0,16.0,0.0,2,0,1.0,1.0,0.0,0.0,1.0,0,3.2,0.1599999999999999,2.25,2.0,1.4375,3.4285714285714284,4.0,0.5306122448979592,5.0,0.0,1.0,0,1,1,0
1,1.0,16.0,0.0,2,2,1.0,1.0,0.0,0.0,0.0,0,2.8,0.1599999999999999,2.0,2.0,0.75,3.857142857142857,4.0,0.1224489795918367,4.4,0.24,1.0,0,1,1,0
1,0.0,17.0,0.0,3,2,1.0,1.0,0.0,0.0,1.0,0,2.6,0.24,2.625,3.0,0.734375,3.142857142857143,4.0,1.2653061224489797,4.8,0.1599999999999999,2.0,0,1,1,0
1,0.0,17.0,0.0,3,0,1.0,1.0,0.0,0.0,0.0,0,3.4,0.24,2.125,2.0,1.109375,4.0,4.0,0.0,4.8,0.1599999999999999,4.0,0,1,1,0
1,0.0,16.0,0.0,3,3,1.0,1.0,0.0,0.0,0.0,0,3.2,0.1599999999999999,2.125,2.0,0.109375,3.2857142857142856,3.0,0.2040816326530612,4.8024475524475525,0.1561078781358501,3.0,0,1,1,0
1,0.0,17.0,0.0,2,0,1.0,0.0,0.0,0.0,1.0,0,2.8,0.1599999999999999,2.5,2.5,0.25,3.142857142857143,3.0,0.1224489795918367,3.8,0.1599999999999999,1.0,0,1,1,0
1,0.0,16.0,0.0,2,2,1.0,1.0,0.0,0.0,1.0,0,3.0,0.4,2.125,2.0,0.609375,2.857142857142857,3.0,0.4081632653061224,4.2,0.1599999999999999,2.0,0,1,1,0
1,1.0,15.0,0.0,0,1,0.0,0.0,1.0,0.0,0.0,0,4.0,0.0,2.0,1.5,1.25,3.857142857142857,4.0,0.1224489795918367,3.0,0.4,5.0,1,0,1,0
1,0.0,15.0,0.0,0,1,1.0,1.0,0.0,0.0,0.0,1,2.6,1.84,2.375,2.0,1.984375,3.857142857142857,4.0,0.1224489795918367,4.6,0.24,1.0,0,1,1,0
1,0.0,15.0,0.0,0,1,1.0,1.0,0.0,0.0,1.0,0,3.4,0.24,2.375,2.0,0.734375,3.5714285714285716,4.0,0.5306122448979592,4.0,0.0,4.0,1,0,1,0
1,0.0,16.0,0.0,2,2,1.0,1.0,0.0,0.0,1.0,0,4.0,0.0,2.625,2.5,0.484375,4.0,4.0,0.0,4.2,0.1599999999999999,1.0,0,1,1,0
1,0.0,16.0,0.0,3,2,1.0,0.0,0.0,0.0,0.0,0,3.0,0.4,2.125,2.0,0.609375,2.7142857142857144,3.0,1.6326530612244896,4.2,0.1599999999999999,3.0,1,0,1,0
1,0.0,16.0,0.0,3,2,1.0,1.0,0.0,0.0,1.0,0,3.4,0.24,2.5,2.5,0.25,3.857142857142857,4.0,0.1224489795918367,4.6,0.24,1.0,0,1,1,0
1,0.0,15.0,1.0,0,1,1.0,1.0,0.0,0.0,1.0,0,3.2,1.36,2.125,2.0,0.609375,3.5714285714285716,4.0,0.5306122448979592,3.2,0.1599999999999999,3.0,1,0,1,0
1,0.0,15.0,0.0,0,1,1.0,0.0,0.0,0.0,0.0,0,4.0,0.0,2.125,2.0,1.109375,2.0,2.0,1.1428571428571428,3.8,0.5599999999999999,1.0,1,0,1,0
1,0.0,16.0,0.0,0,1,1.0,1.0,0.0,0.0,0.0,0,2.0,0.0,2.375,2.0,0.734375,2.142857142857143,2.0,0.6938775510204082,4.0,0.4,1.0,0,1,1,0
1,0.0,15.0,0.0,2,0,1.0,1.0,0.0,0.0,1.0,0,2.2,0.5599999999999999,2.125,1.5,1.609375,3.4285714285714284,4.0,0.5306122448979592,5.0,0.0,5.0,0,1,0,1
1,0.0,16.0,0.0,0,1,1.0,1.0,0.0,0.0,1.0,0,3.2,0.5599999999999999,1.75,1.5,0.9375,3.4285714285714284,4.0,1.1020408163265307,4.6,0.24,3.0,1,0,1,0
1,1.0,15.0,0.0,0,1,1.0,1.0,0.0,0.0,1.0,0,3.6,0.24,1.875,2.0,0.609375,4.0,4.0,0.0,4.2,0.5599999999999999,2.0,1,0,1,0
2,1.0,15.0,0.0,3,3,1.0,1.0,0.0,0.0,1.0,0,2.6,0.64,1.875,1.5,1.109375,3.5714285714285716,4.0,0.5306122448979592,4.2,0.1599999999999999,2.0,0,1,1,0
1,0.0,15.0,0.0,0,1,1.0,1.0,0.0,0.0,0.0,0,3.6,0.24,2.5,3.0,0.5,3.5714285714285716,4.0,0.2448979591836734,3.6,0.64,1.0,1,0,1,0
1,1.0,17.0,0.0,0,1,0.0,0.0,0.0,0.0,1.0,0,3.8,0.1599999999999999,1.5,1.0,0.5,4.0,4.0,0.0,4.8,0.1599999999999999,1.0,1,0,1,0
1,1.0,15.0,0.0,3,2,1.0,1.0,0.0,0.0,0.0,0,2.6,0.24,2.125,2.0,0.359375,3.7142857142857144,4.0,0.2040816326530612,4.2,1.36,3.0,1,0,1,0
1,0.0,15.0,0.0,0,1,1.0,1.0,0.0,0.0,0.0,0,1.6,0.24,3.25,3.0,0.4375,3.4285714285714284,4.0,1.1020408163265307,4.0,0.8,2.0,1,0,1,0
1,0.0,15.0,0.0,0,1,1.0,1.0,0.0,0.0,0.0,0,3.0,0.4,2.875,3.0,1.109375,2.2857142857142856,2.0,1.6326530612244898,3.4,1.04,5.0,1,0,1,0
1,0.0,14.0,0.0,2,0,1.0,1.0,0.0,0.0,1.0,0,2.8,0.5599999999999999,2.75,2.5,1.1875,3.2857142857142856,4.0,0.7755102040816327,4.0,0.4,1.0,0,1,1,0
1,0.0,14.0,0.0,2,0,0.0,1.0,0.0,0.0,0.0,0,2.4,0.24,3.0,3.0,0.75,3.4285714285714284,4.0,0.5306122448979592,4.0,0.4,3.0,0,1,1,0
1,0.0,15.0,0.0,0,1,1.0,0.0,0.0,0.0,1.0,0,2.8,0.5599999999999999,2.625,3.0,0.234375,3.484827906644269,4.0,0.674582484069375,3.4,1.8400000000000003,2.0,1,0,1,0
1,0.0,15.0,1.0,2,2,1.0,1.0,0.0,0.0,0.0,0,3.6,0.64,1.875,1.5,0.859375,3.2857142857142856,4.0,0.7755102040816327,4.4,0.64,2.0,1,0,1,0
1,0.0,15.0,0.0,2,1,0.0,1.0,0.0,0.0,0.0,0,2.4,0.64,2.25,2.0,1.1875,3.5714285714285716,4.0,0.5306122448979592,4.4,0.6399999999999999,1.0,0,1,1,0
1,0.0,15.0,0.0,2,2,1.0,1.0,0.0,0.0,1.0,0,3.0,0.4,2.75,3.0,0.1875,3.7142857142857144,4.0,0.489795918367347,4.0,0.0,2.0,0,1,1,0
1,0.0,14.0,1.0,2,0,1.0,1.0,0.0,0.0,1.0,0,2.0,0.4,2.375,2.5,0.484375,3.857142857142857,4.0,0.1224489795918367,4.0,1.6,3.0,1,0,1,0
1,1.0,14.0,0.0,0,1,1.0,1.0,0.0,0.0,1.0,0,3.8,0.1599999999999999,2.25,2.5,0.6875,3.5714285714285716,4.0,0.2448979591836734,4.0,0.0,3.0,1,0,1,0
1,1.0,15.0,0.0,0,1,0.0,0.0,1.0,0.0,0.0,0,3.0,0.4,2.5,2.5,1.75,3.857142857142857,4.0,0.1224489795918367,4.2,0.1599999999999999,1.0,1,0,1,0
1,0.0,14.0,1.0,2,0,0.0,1.0,0.0,0.0,1.0,0,2.2,0.5599999999999999,2.5,3.0,1.0,2.4285714285714284,2.0,1.9591836734693877,3.2,0.1599999999999999,2.0,0,1,0,1
1,1.0,15.0,1.0,3,2,1.0,1.0,0.0,0.0,1.0,1,3.8,0.1599999999999999,1.875,1.5,1.109375,4.0,4.0,0.0,3.0,1.6,2.0,0,1,1,0
2,1.0,14.0,0.0,0,1,1.0,1.0,0.0,0.0,1.0,0,3.2,0.1599999999999999,2.25,2.0,0.9375,3.7142857142857144,4.0,0.2040816326530612,4.2,0.5599999999999999,1.0,0,1,1,0
1,0.0,14.0,0.0,2,2,1.0,0.0,0.0,0.0,0.0,0,3.0,0.8,2.75,3.0,0.9375,3.3278301042151632,4.0,1.04780076080341,4.2,0.5599999999999999,5.0,1,0,1,0
1,0.0,15.0,1.0,0,1,1.0,1.0,0.0,0.0,1.0,0,2.2,0.5599999999999999,2.0,2.0,0.5,3.142857142857143,3.0,0.6938775510204082,5.0,0.0,1.0,0,1,0,1
1,0.0,15.0,0.0,0,1,1.0,1.0,0.0,0.0,0.0,0,1.8,0.16,2.625,2.5,1.484375,3.2857142857142856,4.0,1.0612244897959184,4.4,0.64,1.0,0,1,1,0
2,1.0,15.0,1.0,0,1,1.0,0.0,0.0,0.0,1.0,0,3.4,1.44,2.875,3.0,1.359375,3.142857142857143,4.0,1.8367346938775508,2.4,3.0399999999999996,1.0,1,0,1,0
1,1.0,16.0,0.0,2,2,0.0,0.0,1.0,0.0,0.0,1,2.6,0.24,2.625,2.5,0.984375,2.142857142857143,2.0,1.2653061224489794,2.0,0.4,1.0,0,1,0,1
2,0.0,16.0,0.0,2,2,1.0,1.0,0.0,0.0,1.0,0,4.0,0.0,2.25,2.0,0.4375,4.0,4.0,0.0,4.0,0.4,3.0,1,0,1,0
1,1.0,15.0,0.0,2,2,1.0,0.0,0.0,0.0,1.0,0,2.8,0.1599999999999999,2.75,3.0,0.9375,2.4285714285714284,2.0,1.9591836734693877,4.0,0.0,3.0,1,0,1,0
2,1.0,15.0,0.0,0,1,1.0,1.0,0.0,0.0,1.0,0,3.4,0.24,2.25,2.0,0.9375,3.857142857142857,4.0,0.1224489795918367,4.0,0.0,3.0,1,0,1,0
2,1.0,15.0,0.0,2,2,1.0,0.0,0.0,0.0,0.0,0,3.0,0.8,2.125,2.0,0.609375,4.0,4.0,0.0,3.2,0.96,2.0,0,1,1,0
1,0.0,15.0,1.0,2,2,1.0,1.0,0.0,0.0,1.0,0,3.2,0.5599999999999999,2.875,3.0,0.109375,2.2857142857142856,1.0,2.2040816326530615,3.8,0.5599999999999999,1.0,0,1,1,0
1,1.0,14.0,0.0,0,1,1.0,1.0,0.0,0.0,1.0,0,2.2,0.1599999999999999,1.875,2.0,0.359375,3.5714285714285716,4.0,0.5306122448979592,4.6,0.24,1.0,0,1,1,0
2,1.0,17.0,1.0,0,1,1.0,1.0,0.0,0.0,1.0,0,1.4,0.24,2.25,2.0,0.9375,2.4285714285714284,2.0,0.2448979591836734,2.8,0.96,2.0,1,0,0,1
1,0.0,16.0,0.0,2,0,1.0,1.0,0.0,0.0,1.0,0,3.0,0.0,2.25,2.0,0.4375,3.2857142857142856,4.0,0.7755102040816327,3.6,0.24,3.0,1,0,1,0
2,0.0,17.0,0.0,2,0,1.0,1.0,0.0,0.0,0.0,0,2.8,0.1599999999999999,1.875,2.0,0.609375,2.5714285714285716,2.0,1.1020408163265307,4.8,0.1599999999999999,1.0,0,1,0,1
2,0.0,16.0,0.0,3,3,1.0,0.0,0.0,0.0,0.0,0,3.4,0.24,2.125,2.0,0.359375,4.0,4.0,0.0,3.4,0.24,1.0,0,1,0,1
1,0.0,16.0,0.0,0,1,1.0,1.0,0.0,0.0,1.0,1,3.4,0.24,2.25,2.5,0.6875,4.0,4.0,0.0,3.4,0.64,5.0,1,0,1,0
1,0.0,17.0,0.0,0,1,1.0,1.0,0.0,0.0,0.0,0,2.8,0.1599999999999999,2.5,2.5,0.75,3.5714285714285716,4.0,0.5306122448979592,3.8,0.1599999999999999,1.0,1,0,1,0
1,0.0,16.0,0.0,0,1,1.0,1.0,0.0,0.0,0.0,1,3.0,0.4,1.875,2.0,0.609375,2.5714285714285716,3.0,1.1020408163265307,4.0,0.4,1.0,0,1,1,0
1,0.0,16.0,0.0,0,1,1.0,1.0,0.0,0.0,0.0,0,3.8,0.1599999999999999,2.375,3.0,0.734375,3.5714285714285716,4.0,0.2448979591836734,4.0,0.4,2.0,1,0,1,0
1,0.0,15.0,0.0,3,2,1.0,1.0,0.0,0.0,1.0,0,3.8,0.1599999999999999,2.75,3.0,0.1875,3.4285714285714284,4.0,0.5306122448979592,4.0,1.2,3.0,1,0,1,0
1,0.0,17.0,0.0,3,3,1.0,1.0,0.0,0.0,1.0,0,2.6,0.24,2.375,2.5,0.484375,3.0,3.0,0.5714285714285714,3.6,0.64,2.0,1,0,1,0
1,0.0,17.0,0.0,2,2,1.0,1.0,0.0,0.0,1.0,0,3.6,0.24,2.375,3.0,1.234375,3.857142857142857,4.0,0.1224489795918367,3.4,1.04,5.0,1,0,1,0
1,1.0,14.0,0.0,0,1,1.0,1.0,0.0,0.0,1.0,0,2.8,0.5599999999999999,2.5,2.5,0.75,3.0,3.0,0.5714285714285714,4.4,0.24,1.0,0,1,1,0
2,1.0,16.0,0.0,2,0,1.0,0.0,0.0,0.0,1.0,0,2.4,1.04,1.5,1.0,1.0,3.7142857142857144,4.0,0.2040816326530612,4.2,0.5599999999999999,1.0,0,1,1,0
1,0.0,14.0,1.0,3,2,0.0,0.0,0.0,0.0,0.0,1,3.0,0.4,2.625,3.0,1.234375,2.4285714285714284,2.0,1.3877551020408163,3.2,1.7600000000000002,2.0,1,0,1,0
1,0.0,16.0,0.0,4,4,1.0,1.0,0.0,0.0,1.0,0,2.4,0.64,2.625,3.0,0.234375,3.5714285714285716,4.0,0.5306122448979592,1.8,2.5600000000000005,4.0,1,0,1,0
1,0.0,16.0,0.0,4,4,1.0,1.0,0.0,0.0,1.0,0,3.2,0.1599999999999999,2.25,2.0,1.4375,3.4285714285714284,4.0,0.5306122448979592,4.6,0.24,3.0,1,0,1,0
1,0.0,17.0,0.0,2,2,1.0,1.0,0.0,0.0,1.0,0,3.4,0.24,2.019218710810133,2.0,0.5025855119164246,2.857142857142857,3.0,0.979591836734694,4.4,0.24,2.0,1,0,1,0
2,1.0,15.0,1.0,0,1,1.0,1.0,0.0,0.0,0.0,0,3.2,0.1599999999999999,2.125,2.0,0.109375,3.7142857142857144,4.0,0.2040816326530612,3.6,0.64,2.0,1,0,1,0
2,1.0,15.0,1.0,2,0,0.0,0.0,0.0,0.0,1.0,0,2.0,0.4,2.5069982504373907,2.0279930017495627,0.9933445781269004,1.5714285714285714,1.0,0.8163265306122449,2.2,0.96,4.0,0,1,0,1
1,1.0,14.0,0.0,0,1,0.0,0.0,0.0,0.0,0.0,1,2.8,0.5599999999999999,2.5,2.0,1.0,3.2857142857142856,4.0,1.3469387755102038,3.6,3.04,2.0,0,1,1,0
1,0.0,16.0,0.0,2,0,1.0,1.0,0.0,0.0,1.0,0,3.2,0.1599999999999999,2.75,2.5,1.1875,3.857142857142857,4.0,0.1224489795918367,4.0,0.0,5.0,1,0,1,0
2,1.0,14.0,1.0,2,0,1.0,1.0,0.0,0.0,1.0,1,2.0,0.4,2.25,2.0,0.9375,3.142857142857143,3.0,0.979591836734694,3.4,2.24,1.0,0,1,1,0
2,1.0,16.0,1.0,3,2,1.0,1.0,0.0,0.0,0.0,1,2.8,0.5599999999999999,2.5,3.0,0.5,2.857142857142857,3.0,0.6938775510204082,4.2,0.96,1.0,0,1,1,0
1,1.0,16.0,0.0,4,4,0.0,0.0,0.0,0.0,0.0,1,2.8,0.1599999999999999,2.125,2.0,0.109375,3.142857142857143,3.0,0.6938775510204082,3.8,0.1599999999999999,3.0,0,1,1,0
1,0.0,16.0,0.0,0,1,1.0,1.0,0.0,0.0,1.0,0,2.6,0.64,2.625,3.0,0.734375,3.4285714285714284,4.0,1.1020408163265307,3.4,0.64,2.0,1,0,1,0
1,0.0,17.0,1.0,2,2,1.0,1.0,0.0,0.0,1.0,0,2.6,0.24,3.125,3.0,0.609375,3.4285714285714284,4.0,0.5306122448979592,1.8,1.36,3.0,1,0,1,0
1,1.0,16.0,0.0,0,1,1.0,1.0,0.0,0.0,0.0,0,3.0,0.4,2.5,3.0,0.5,3.0,3.0,0.2857142857142857,4.2,0.1599999999999999,2.0,0,1,1,0
2,1.0,15.0,0.0,0,1,0.0,0.0,1.0,0.0,0.0,0,2.0,1.2,2.25,2.0,1.1875,2.5714285714285716,3.0,1.959183673469388,2.6,1.84,1.0,0,1,1,0
2,1.0,15.0,0.0,2,0,1.0,0.0,0.0,0.0,1.0,1,2.2,0.5599999999999999,2.375,2.0,1.234375,3.0,3.0,0.8571428571428571,3.2,1.7600000000000005,1.0,0,1,1,0
2,1.0,15.0,0.0,2,0,1.0,0.0,1.0,0.0,1.0,0,2.4,1.8400000000000003,1.875,2.0,0.609375,3.4285714285714284,4.0,1.1020408163265307,3.6,0.64,1.0,0,1,1,0
2,1.0,14.0,1.0,2,0,1.0,1.0,0.0,0.0,0.0,1,2.6,0.64,3.125,3.0,0.359375,1.8571428571428572,2.0,0.6938775510204082,2.4,1.4400000000000002,5.0,0,1,0,1
1,0.0,17.0,0.0,0,1,1.0,1.0,0.0,0.0,0.0,0,2.7906218655967905,0.1566005438582548,2.25,2.0,0.1875,2.5714285714285716,3.0,0.2448979591836734,3.2,0.1599999999999999,3.0,1,0,1,0
1,1.0,14.0,0.0,0,1,0.0,1.0,0.0,0.0,0.0,0,3.8,0.1599999999999999,2.125,2.0,1.109375,3.7142857142857144,4.0,0.2040816326530612,3.8,0.5599999999999999,1.0,0,1,1,0
2,1.0,14.0,0.0,0,1,1.0,0.0,0.0,0.0,1.0,0,4.0,0.0,2.125,2.0,1.109375,3.2857142857142856,4.0,1.3469387755102038,5.0,0.0,1.0,0,1,1,0
1,0.0,14.0,0.0,0,1,1.0,1.0,0.0,0.0,0.0,0,3.6,0.24,1.75,1.5,0.6875,3.857142857142857,4.0,0.1224489795918367,4.2,0.1599999999999999,5.0,1,0,1,0
1,0.0,14.0,0.0,0,1,0.0,1.0,0.0,0.0,1.0,0,2.8,0.5599999999999999,2.875,3.0,0.359375,3.7142857142857144,4.0,0.2040816326530612,4.057200100175306,0.4130874058402605,1.0,0,1,1,0
1,0.0,14.0,0.0,0,1,1.0,1.0,0.0,0.0,0.0,0,2.4,1.04,2.375,2.5,0.984375,3.7142857142857144,4.0,0.489795918367347,4.8,0.1599999999999999,1.0,1,0,1,0
1,0.0,14.0,0.0,0,1,1.0,1.0,0.0,0.0,0.0,0,3.2,0.1599999999999999,2.25,2.0,0.9375,3.5714285714285716,4.0,0.2448979591836734,3.2,0.5599999999999999,1.0,1,0,1,0
1,0.0,14.0,0.0,2,0,1.0,0.0,1.0,0.0,1.0,0,2.4,0.24,2.125,2.0,0.109375,3.7142857142857144,4.0,0.489795918367347,4.0,0.4,1.0,0,1,1,0
1,0.0,15.0,0.0,0,1,1.0,1.0,0.0,0.0,0.0,0,2.8,0.1599999999999999,2.125,2.0,0.609375,3.857142857142857,4.0,0.1224489795918367,3.8,0.5599999999999999,1.0,1,0,1,0
1,0.0,14.0,0.0,0,1,1.0,1.0,0.0,0.0,1.0,0,1.8,0.56,2.625,3.0,0.484375,2.857142857142857,3.0,1.5510204081632657,4.6,0.24,1.0,0,1,0,1
1,0.0,15.0,0.0,0,1,1.0,1.0,0.0,0.0,1.0,1,1.8,1.36,2.875,3.0,0.609375,3.5714285714285716,4.0,0.5306122448979592,4.2,0.5599999999999999,1.0,0,1,1,0
1,0.0,14.0,0.0,0,1,1.0,1.0,0.0,0.0,1.0,0,3.2,0.5599999999999999,1.75,2.0,0.1875,3.857142857142857,4.0,0.1224489795918367,5.0,0.0,1.0,0,1,1,0
1,0.0,14.0,0.0,0,1,1.0,1.0,0.0,0.0,1.0,0,3.4,0.24,1.75,2.0,0.1875,3.857142857142857,4.0,0.1224489795918367,5.0,0.0,1.0,0,1,1,0
1,1.0,14.0,0.0,0,1,0.0,1.0,0.0,0.0,0.0,0,3.8,0.1599999999999999,2.625,3.0,0.234375,3.142857142857143,3.0,0.979591836734694,4.2,0.96,1.0,1,0,1,0
1,1.0,14.0,1.0,0,1,1.0,0.0,0.0,0.0,0.0,0,2.8,0.1599999999999999,2.0,2.0,0.75,3.142857142857143,3.0,0.979591836734694,3.2,0.5599999999999999,1.0,1,0,1,0
1,1.0,15.0,0.0,0,1,1.0,0.0,0.0,0.0,0.0,0,2.6,1.84,2.125,1.0,2.109375,2.142857142857143,3.0,0.979591836734694,5.0,0.0,1.0,1,0,1,0
1,0.0,16.0,0.0,0,1,1.0,1.0,0.0,0.0,1.0,0,3.4,0.24,1.75,1.5,0.9375,4.0,4.0,0.0,5.0,0.0,1.0,0,1,1,0
1,0.0,14.0,0.0,0,1,1.0,1.0,0.0,0.0,1.0,0,3.0,0.4,2.5,2.5,1.75,4.0,4.0,0.0,4.0,0.4,1.0,0,1,1,0
1,1.0,14.0,0.0,0,1,1.0,1.0,0.0,0.0,1.0,0,3.6,0.24,2.125,2.0,0.609375,3.857142857142857,4.0,0.1224489795918367,3.2,1.36,1.0,1,0,1,0
1,0.0,14.0,1.0,2,0,1.0,1.0,0.0,0.0,0.0,0,3.2,0.1599999999999999,2.375,2.0,0.234375,3.2857142857142856,4.0,0.7755102040816327,4.2,1.36,3.0,1,0,1,0
1,0.0,14.0,1.0,3,0,0.0,0.0,1.0,0.0,0.0,0,2.6,1.44,2.125,2.0,0.859375,2.4285714285714284,2.0,1.9591836734693877,4.4,0.24,5.0,1,0,1,0
2,1.0,14.0,0.0,2,0,1.0,1.0,0.0,0.0,1.0,0,3.2,0.96,1.875,2.0,0.109375,4.0,4.0,0.0,4.8,0.1599999999999999,3.0,0,1,1,0
1,0.0,14.0,0.0,2,0,1.0,1.0,0.0,0.0,1.0,0,2.9342335583895975,0.417300899368378,2.125,2.0,0.609375,2.7142857142857144,3.0,1.0612244897959184,4.0,0.4,3.0,1,0,1,0
1,0.0,17.0,0.0,0,1,0.0,0.0,1.0,0.0,0.0,0,2.6,0.64,2.25,2.5,1.1875,3.5714285714285716,4.0,0.2448979591836734,4.2,0.1599999999999999,4.0,1,0,1,0
1,1.0,15.0,0.0,0,1,1.0,1.0,0.0,0.0,0.0,0,3.4,0.64,2.375,2.5,0.984375,2.7142857142857144,2.0,0.7755102040816327,2.4,1.84,1.0,1,0,0,1
1,0.0,16.0,0.0,0,1,1.0,1.0,0.0,0.0,1.0,0,2.8,0.5599999999999999,2.375,2.5,0.484375,3.857142857142857,4.0,0.1224489795918367,4.4,0.24,1.0,1,0,1,0
1,0.0,16.0,0.0,0,1,1.0,1.0,0.0,0.0,0.0,0,3.6,0.24,2.5,2.5,1.75,4.0,4.0,0.0,4.2,0.1599999999999999,1.0,0,1,1,0
1,0.0,15.0,0.0,0,1,1.0,1.0,0.0,0.0,1.0,0,3.0,0.0,2.25,2.0,0.6875,4.0,4.0,0.0,4.6,0.6399999999999999,1.0,0,1,1,0
1,0.0,16.0,0.0,3,0,1.0,1.0,0.0,0.0,1.0,1,3.0,0.4,2.375,2.5,0.484375,3.4285714285714284,4.0,0.5306122448979592,4.013563563563563,0.8007358810261713,3.0,1,0,1,0
1,0.0,15.0,0.0,0,1,1.0,1.0,0.0,0.0,1.0,1,3.2,0.1599999999999999,2.5,2.5,0.25,3.4285714285714284,4.0,0.5306122448979592,4.2,0.1599999999999999,2.0,1,0,0,1
1,0.0,15.0,1.0,2,2,1.0,1.0,0.0,0.0,1.0,0,2.6,0.24,2.125,2.0,1.109375,2.857142857142857,3.0,1.2653061224489797,3.4,1.8400000000000003,1.0,0,1,0,1
1,0.0,15.0,0.0,0,1,1.0,1.0,0.0,0.0,1.0,0,3.0,0.0,2.25,2.0,0.4375,2.857142857142857,3.0,1.2653061224489797,3.2,0.5599999999999999,2.0,0,1,0,1
1,0.0,15.0,0.0,2,0,1.0,1.0,0.0,0.0,1.0,0,2.6,0.24,2.25,2.0,0.9375,3.857142857142857,4.0,0.1224489795918367,3.6,1.0400000000000005,1.0,0,1,1,0
1,0.0,16.0,0.0,2,2,1.0,1.0,0.0,0.0,1.0,0,3.2,0.1599999999999999,2.375,2.5,0.984375,3.7142857142857144,4.0,0.489795918367347,5.0,0.0,1.0,0,1,1,0
1,0.0,15.0,0.0,2,2,1.0,0.0,0.0,0.0,1.0,1,2.2,1.36,3.0,3.0,0.5,3.4285714285714284,3.0,0.2448979591836734,4.2,0.5599999999999999,1.0,0,1,1,0
1,0.0,14.0,0.0,0,1,0.0,1.0,0.0,0.0,0.0,0,3.2,0.1599999999999999,1.875,2.0,0.609375,2.4285714285714284,2.0,1.9591836734693877,4.0,0.0,1.0,1,0,1,0
1,0.0,15.0,0.0,2,2,1.0,0.0,0.0,0.0,1.0,0,3.2,0.5599999999999999,2.5,2.5,0.25,3.142857142857143,3.0,0.9795918367346936,3.4,0.24,2.0,1,0,1,0
2,1.0,14.0,0.0,0,1,1.0,1.0,0.0,0.0,1.0,0,3.8,0.1599999999999999,2.5,3.0,0.5,3.142857142857143,3.0,0.4081632653061224,4.6,0.24,1.0,0,1,1,0
1,0.0,15.0,0.0,4,3,1.0,1.0,0.0,0.0,0.0,0,3.0,0.4,2.625,3.0,0.734375,2.7142857142857144,3.0,1.0612244897959184,4.8,0.1599999999999999,2.0,1,0,1,0
1,0.0,15.0,0.0,0,1,1.0,1.0,0.0,0.0,1.0,0,2.2,0.5599999999999999,2.625,3.0,1.234375,2.857142857142857,3.0,0.4081632653061224,4.0,0.4,2.0,1,0,1,0
1,0.0,14.0,0.0,0,1,1.0,1.0,0.0,0.0,1.0,0,3.6,0.24,2.375,2.0,0.734375,1.7142857142857142,2.0,0.489795918367347,2.0,0.4,1.0,0,1,1,0
1,0.0,15.0,0.0,3,3,1.0,1.0,0.0,0.0,1.0,0,3.0,0.4,2.25,2.5,1.1875,3.857142857142857,4.0,0.1224489795918367,4.6,0.24,1.0,1,0,1,0
1,0.0,15.0,0.0,4,3,1.0,1.0,0.0,0.0,1.0,0,3.0,0.8,1.875,2.0,0.609375,3.0,3.0,0.2857142857142857,5.0,0.0,1.0,0,1,1,0
1,0.0,15.0,0.0,3,3,1.0,1.0,0.0,0.0,1.0,0,3.2,0.5599999999999999,2.375,2.5,1.484375,3.7142857142857144,4.0,0.489795918367347,4.402447552447553,0.2380659200938921,1.0,0,1,1,0
1,0.0,15.0,0.0,3,2,1.0,1.0,1.0,1.0,1.0,0,2.8,0.1599999999999999,2.0,2.0,0.5,3.4285714285714284,4.0,0.5306122448979592,5.0,0.0,2.0,1,0,1,0
1,0.0,15.0,0.0,2,2,1.0,0.0,1.0,0.0,1.0,0,3.0,0.4,2.25,2.0,0.1875,3.2857142857142856,4.0,1.0612244897959184,3.6,1.04,5.0,1,0,1,0
1,1.0,14.0,0.0,0,1,1.0,1.0,0.0,0.0,1.0,0,3.4,0.24,1.75,2.0,0.4375,3.0,4.0,1.4285714285714286,4.2,0.96,1.0,1,0,1,0
1,0.0,15.0,0.0,0,1,1.0,1.0,0.0,0.0,1.0,0,2.6,1.84,1.625,1.0,0.734375,3.0,3.0,0.8571428571428571,2.8,2.56,5.0,1,0,1,0
1,0.0,14.0,0.0,2,0,1.0,1.0,0.0,0.0,0.0,0,3.0,0.0,2.625,3.0,0.734375,2.857142857142857,3.0,0.1224489795918367,3.8,0.1599999999999999,3.0,1,0,1,0
1,1.0,15.0,0.0,0,1,1.0,0.0,0.0,0.0,0.0,0,2.6,1.4400000000000002,2.625,2.5,0.484375,3.5714285714285716,4.0,0.5306122448979592,2.6,1.04,5.0,1,0,1,0
1,0.0,14.0,0.0,2,2,0.0,0.0,1.0,1.0,1.0,0,2.0,0.4,3.125,3.0,0.609375,2.7142857142857144,2.0,1.346938775510204,4.2,0.5599999999999999,1.0,1,0,1,0
1,0.0,15.0,0.0,3,3,1.0,1.0,0.0,0.0,0.0,0,3.2,0.1599999999999999,2.375,2.0,0.234375,3.2857142857142856,3.0,0.489795918367347,5.0,0.0,4.0,1,0,1,0
1,0.0,15.0,1.0,3,0,1.0,0.0,0.0,0.0,0.0,0,2.4,1.0400000000000005,1.2569982504373909,1.0,0.198340204220377,3.5714285714285716,4.0,0.2448979591836734,1.8,2.5600000000000005,5.0,1,0,1,0
1,0.0,15.0,1.0,2,0,1.0,1.0,0.0,0.0,1.0,0,3.0,0.0,1.25,1.0,0.4375,3.4285714285714284,4.0,1.1020408163265307,1.8,2.5600000000000005,4.0,1,0,1,0
1,1.0,14.0,1.0,4,4,0.0,1.0,0.0,1.0,1.0,0,3.4,0.24,2.1001628664495113,1.9006514657980456,1.1199024658086558,2.4285714285714284,2.0,0.8163265306122449,2.0,2.4,5.0,1,0,1,0
2,1.0,15.0,0.0,0,1,0.0,1.0,0.0,0.0,0.0,0,2.8,0.5599999999999999,1.375,1.0,0.234375,3.7142857142857144,4.0,0.2040816326530612,4.2,0.1599999999999999,2.0,1,0,1,0
1,0.0,14.0,0.0,0,1,1.0,1.0,0.0,0.0,1.0,0,2.4,1.44,1.875,1.0,1.359375,3.142857142857143,4.0,1.8367346938775508,5.0,0.0,1.0,0,1,1,0
1,0.0,14.0,0.0,0,1,1.0,1.0,0.0,0.0,1.0,0,3.6,0.24,2.625,2.5,1.484375,4.0,4.0,0.0,4.6,0.6399999999999999,1.0,1,0,1,0
1,0.0,14.0,0.0,2,2,1.0,1.0,0.0,0.0,1.0,0,2.6,0.24,1.75,2.0,0.4375,3.142857142857143,4.0,1.2653061224489797,3.6,1.04,1.0,0,1,1,0
1,0.0,15.0,0.0,2,1,1.0,1.0,0.0,0.0,1.0,0,2.6,0.64,2.5,2.5,0.25,3.2857142857142856,4.0,0.7755102040816327,4.6,0.24,1.0,0,1,1,0
1,0.0,15.0,0.0,0,1,1.0,1.0,0.0,0.0,1.0,0,2.7979924717691342,0.1592131093860445,2.5,2.5,1.75,3.857142857142857,4.0,0.1224489795918367,3.6,0.64,2.0,0,1,1,0
1,0.0,14.0,0.0,0,1,1.0,1.0,0.0,0.0,1.0,0,2.8,0.1599999999999999,2.25,2.0,0.4375,3.0,4.0,1.7142857142857142,4.0,0.4,3.0,1,0,1,0
1,0.0,14.0,0.0,0,1,0.0,1.0,0.0,0.0,0.0,1,3.0,0.4,2.5,2.5,1.25,3.7142857142857144,4.0,0.2040816326530612,4.2,0.5599999999999999,3.0,1,0,1,0
1,0.0,15.0,0.0,3,3,1.0,1.0,0.0,0.0,1.0,0,2.8,0.1599999999999999,2.375,2.0,0.234375,3.4285714285714284,4.0,1.1020408163265307,3.0,0.4,4.0,1,0,1,0
1,1.0,16.0,0.0,3,4,1.0,1.0,1.0,0.0,1.0,0,2.8,0.1599999999999999,2.875,3.0,0.359375,3.142857142857143,4.0,1.2653061224489797,4.0,0.4,4.0,1,0,1,0
1,1.0,15.0,1.0,2,4,1.0,1.0,0.0,0.0,0.0,0,2.2,2.16,2.125,2.0,0.609375,2.857142857142857,4.0,1.8367346938775508,4.4,0.6399999999999999,4.0,1,0,1,0
1,0.0,15.0,0.0,0,1,1.0,1.0,0.0,0.0,1.0,0,1.6,1.4400000000000002,2.75,3.0,0.9375,3.857142857142857,4.0,0.1224489795918367,4.0,0.4,4.0,1,0,1,0
1,0.0,14.0,0.0,2,2,1.0,1.0,0.0,0.0,0.0,1,2.6,0.24,2.125,2.0,1.109375,2.5714285714285716,2.0,0.5306122448979593,3.4,0.64,1.0,0,1,1,0
2,0.0,14.0,0.0,0,1,1.0,0.0,0.0,0.0,1.0,0,3.0,0.0,1.75,2.0,0.4375,3.5714285714285716,4.0,0.5306122448979592,4.2,0.1599999999999999,1.0,1,0,1,0
1,0.0,14.0,0.0,2,0,1.0,1.0,0.0,0.0,1.0,0,3.4,0.24,2.625,3.0,1.984375,3.857142857142857,4.0,0.1224489795918367,4.4,0.24,1.0,0,1,1,0
1,0.0,14.0,0.0,2,0,1.0,1.0,0.0,0.0,1.0,0,2.4,0.24,2.25,2.0,0.6875,3.0,3.0,0.8571428571428571,4.4,0.6399999999999999,1.0,0,1,1,0
1,0.0,15.0,0.0,3,2,1.0,1.0,0.0,0.0,1.0,0,2.6,0.24,1.75,2.0,0.1875,4.0,4.0,0.0,3.8,0.5599999999999999,5.0,1,0,1,0
1,0.0,15.0,0.0,2,2,1.0,0.0,0.0,0.0,1.0,1,3.0,1.2,2.125,1.0,2.109375,3.0,4.0,1.7142857142857142,3.8,0.5599999999999999,5.0,1,0,1,0
1,0.0,14.0,0.0,2,0,1.0,1.0,0.0,0.0,0.0,0,3.4,0.24,3.0,3.0,0.75,3.857142857142857,4.0,0.1224489795918367,4.2,0.1599999999999999,1.0,0,1,1,0
1,0.0,15.0,0.0,2,2,0.0,0.0,1.0,1.0,1.0,0,2.6,0.24,2.25,2.0,0.1875,3.4285714285714284,3.0,0.2448979591836734,3.0,0.8,2.0,1,0,1,0
1,0.0,14.0,0.0,2,0,1.0,0.0,0.0,0.0,1.0,0,1.6,0.64,2.25,1.5,1.9375,2.4285714285714284,2.0,1.9591836734693877,3.4,1.04,1.0,0,1,0,1
1,0.0,15.0,0.0,0,1,1.0,1.0,0.0,0.0,0.0,1,3.4,0.24,2.375,2.0,0.234375,3.7142857142857144,4.0,0.2040816326530612,4.8,0.1599999999999999,3.0,1,0,1,0
1,0.0,14.0,0.0,2,2,1.0,1.0,0.0,0.0,0.0,0,3.6,0.24,2.375,2.5,0.484375,2.5714285714285716,3.0,1.959183673469388,4.2,0.5599999999999999,5.0,1,0,1,0
1,0.0,15.0,0.0,0,1,1.0,1.0,0.0,0.0,1.0,0,2.8,0.5599999999999999,1.875,2.0,0.359375,3.2857142857142856,4.0,0.7755102040816327,3.4,1.04,1.0,0,1,1,0
1,0.0,15.0,0.0,2,0,1.0,0.0,0.0,0.0,0.0,1,2.4,0.24,2.875,3.0,1.109375,2.7142857142857144,3.0,0.489795918367347,3.0,1.6,1.0,0,1,1,0
1,0.0,14.0,0.0,2,0,1.0,0.0,0.0,0.0,0.0,0,1.4,0.24,2.5,2.5,1.25,3.5714285714285716,4.0,0.5306122448979592,4.2,0.5599999999999999,1.0,0,1,1,0
1,1.0,15.0,0.0,0,1,1.0,0.0,1.0,0.0,1.0,1,1.8,0.16,2.375,2.5,0.984375,2.2857142857142856,2.0,1.0612244897959184,4.2,2.560000000000001,1.0,0,1,1,0
1,0.0,16.0,0.0,4,4,1.0,1.0,0.0,0.0,0.0,0,3.8,0.1599999999999999,2.5,2.5,0.75,4.0,4.0,0.0,1.8,2.5600000000000005,5.0,1,0,1,0
1,0.0,16.0,0.0,2,0,1.0,1.0,0.0,0.0,1.0,0,1.9979924717691344,0.7960010642166594,2.269218710810133,2.0768748432405317,0.930476156511358,1.8571428571428572,2.0,0.1224489795918367,3.4,0.64,2.0,0,1,0,1
1,0.0,15.0,0.0,0,1,1.0,1.0,0.0,0.0,1.0,0,3.4,0.64,2.125,2.0,1.109375,3.7142857142857144,4.0,0.2040816326530612,4.4,0.64,1.0,1,0,1,0
1,0.0,15.0,0.0,2,0,1.0,1.0,0.0,0.0,0.0,1,2.8,0.1599999999999999,2.625,3.0,0.734375,2.5714285714285716,3.0,0.816326530612245,3.2,0.96,1.0,0,1,1,0
2,1.0,15.0,0.0,0,1,1.0,0.0,1.0,0.0,0.0,0,3.4,0.24,1.875,2.0,0.359375,3.7142857142857144,4.0,0.489795918367347,4.8,0.1599999999999999,1.0,1,0,1,0
1,0.0,17.0,1.0,4,3,1.0,1.0,0.0,0.0,1.0,0,4.0,0.0,2.125,1.0,2.109375,4.0,4.0,0.0,1.8,2.5600000000000005,5.0,1,0,1,0
2,1.0,15.0,0.0,0,1,1.0,1.0,0.0,0.0,1.0,0,4.0,0.0,1.625,1.0,0.734375,2.7142857142857144,4.0,2.204081632653061,3.8,2.56,1.0,1,0,1,0
1,1.0,16.0,0.0,4,4,0.0,1.0,0.0,1.0,1.0,0,2.6,0.24,2.375,2.0,0.234375,3.857142857142857,4.0,0.1224489795918367,4.4,0.24,1.0,0,1,1,0
1,0.0,14.0,0.0,0,1,1.0,1.0,0.0,0.0,1.0,0,3.2,0.5599999999999999,2.375,3.0,0.734375,3.2857142857142856,3.0,0.489795918367347,2.6,0.24,1.0,1,0,1,0
2,1.0,15.0,0.0,0,1,1.0,0.0,1.0,0.0,0.0,1,2.8,0.5599999999999999,2.25,2.0,0.9375,3.4285714285714284,4.0,0.816326530612245,4.0,2.4,2.0,1,0,1,0
2,1.0,15.0,0.0,2,0,1.0,0.0,1.0,0.0,1.0,0,3.0,0.4,2.25,2.0,0.6875,3.7142857142857144,4.0,0.2040816326530612,4.4,0.24,5.0,1,0,1,0
1,0.0,17.0,0.0,2,2,1.0,0.0,0.0,0.0,0.0,0,3.4,0.24,2.375,2.0,0.734375,3.857142857142857,4.0,0.1224489795918367,3.8,0.5599999999999999,4.0,1,0,1,0
1,0.0,14.0,0.0,0,1,1.0,0.0,0.0,0.0,0.0,0,3.6,0.24,2.25,2.5,1.1875,4.0,4.0,0.0,4.2,1.36,1.0,1,0,1,0
1,0.0,15.0,0.0,2,0,1.0,1.0,0.0,0.0,1.0,0,3.6,0.24,1.987149824912456,1.5,1.225455538823376,3.2857142857142856,3.0,0.489795918367347,4.8,0.1599999999999999,5.0,1,0,1,0
2,1.0,14.0,0.0,2,0,1.0,1.0,0.0,0.0,1.0,0,3.0,0.4,1.75,2.0,0.4375,3.4285714285714284,4.0,0.5306122448979592,4.2,0.5599999999999999,1.0,0,1,1,0
1,0.0,14.0,1.0,4,4,1.0,0.0,0.0,0.0,0.0,0,1.8,0.56,2.375,2.5,0.984375,3.4285714285714284,4.0,1.1020408163265307,4.8,0.1599999999999999,4.0,0,1,1,0
1,1.0,15.0,0.0,0,1,1.0,1.0,0.0,0.0,1.0,0,3.6,0.24,2.125,2.5,0.859375,3.7142857142857144,4.0,0.489795918367347,3.6,0.64,1.0,0,1,1,0
1,0.0,15.0,0.0,3,3,1.0,1.0,0.0,0.0,1.0,0,3.0,0.4,2.625,3.0,0.734375,2.7142857142857144,3.0,0.489795918367347,4.8,0.1599999999999999,4.0,0,1,1,0
2,0.0,15.0,0.0,0,1,1.0,1.0,0.0,0.0,0.0,0,2.4,1.0400000000000005,2.75,3.0,0.9375,3.5714285714285716,4.0,0.5306122448979592,4.2,0.96,1.0,1,0,1,0
1,0.0,15.0,0.0,3,3,1.0,1.0,0.0,0.0,1.0,0,2.2,0.5599999999999999,2.375,2.0,0.734375,3.7142857142857144,4.0,0.2040816326530612,4.4,0.24,5.0,1,0,1,0
1,0.0,16.0,0.0,2,2,1.0,0.0,0.0,0.0,0.0,0,2.0,0.4,3.125,3.0,0.359375,3.857142857142857,4.0,0.1224489795918367,3.0,0.4,2.0,0,1,1,0
2,0.0,16.0,1.0,3,4,1.0,0.0,0.0,0.0,0.0,0,3.8,0.1599999999999999,2.125,1.5,1.609375,3.857142857142857,4.0,0.1224489795918367,3.0,2.0,1.0,0,1,1,0
1,0.0,14.0,0.0,0,1,1.0,1.0,0.0,0.0,0.0,0,2.6,0.24,2.375,2.5,0.484375,2.7142857142857144,3.0,0.4897959183673469,3.8,0.1599999999999999,1.0,1,0,1,0
1,0.0,14.0,0.0,2,2,1.0,1.0,0.0,0.0,0.0,0,2.2,0.5599999999999999,2.625,3.0,0.734375,3.4285714285714284,3.0,0.2448979591836734,4.8,0.1599999999999999,1.0,0,1,1,0
1,0.0,14.0,0.0,0,1,1.0,1.0,0.0,0.0,1.0,0,2.6,0.64,2.25,2.0,0.1875,3.2857142857142856,3.0,0.2040816326530612,3.4,0.24,1.0,1,0,1,0
1,0.0,14.0,0.0,0,1,1.0,1.0,0.0,0.0,1.0,0,3.2,0.1599999999999999,2.375,3.0,0.734375,3.7142857142857144,4.0,0.489795918367347,4.8,0.1599999999999999,1.0,1,0,1,0
1,0.0,15.0,0.0,0,1,1.0,1.0,0.0,0.0,1.0,0,2.8,0.1599999999999999,2.375,2.5,0.484375,3.4285714285714284,4.0,0.5306122448979592,4.8,0.1599999999999999,1.0,0,1,1,0
1,0.0,15.0,0.0,0,1,1.0,1.0,0.0,0.0,1.0,0,3.2,0.5599999999999999,2.75,3.0,0.4375,3.2857142857142856,4.0,1.3469387755102038,4.2,0.1599999999999999,4.0,1,0,1,0
1,0.0,15.0,0.0,2,0,1.0,1.0,0.0,0.0,0.0,0,1.4,0.24,2.25,2.0,1.4375,3.0,3.0,0.2857142857142857,4.6,0.6399999999999999,2.0,0,1,0,1
1,0.0,14.0,0.0,2,0,1.0,1.0,0.0,0.0,1.0,0,3.0,0.0,2.5,3.0,1.0,2.857142857142857,3.0,0.979591836734694,2.6,0.64,4.0,1,0,1,0
2,1.0,15.0,0.0,0,1,1.0,1.0,0.0,0.0,1.0,0,2.0,0.4,2.5,2.0,1.0,2.857142857142857,3.0,0.6938775510204082,3.8,0.1599999999999999,1.0,0,1,0,1
1,0.0,14.0,0.0,2,2,1.0,1.0,0.0,0.0,0.0,0,3.6,0.24,2.375,2.5,0.484375,3.7142857142857144,4.0,0.2040816326530612,3.2,0.5599999999999999,4.0,1,0,1,0
1,0.0,14.0,0.0,2,2,1.0,0.0,1.0,0.0,0.0,0,2.0,0.8,2.5,2.5,0.75,3.7142857142857144,4.0,0.489795918367347,3.6,1.04,1.0,0,1,1,0
1,0.0,14.0,0.0,4,4,1.0,1.0,0.0,0.0,0.0,0,1.8,1.36,2.5,2.5,1.25,3.2857142857142856,3.0,0.489795918367347,4.4,0.64,2.0,0,1,1,0
1,0.0,14.0,0.0,2,2,1.0,1.0,0.0,0.0,0.0,0,3.0,0.0,2.375,2.0,0.234375,2.857142857142857,3.0,1.2653061224489797,5.0,0.0,3.0,1,0,1,0
1,1.0,16.0,0.0,3,2,1.0,1.0,0.0,0.0,1.0,0,3.3520482533299827,0.2875588773708363,2.5,3.0,0.5,4.0,4.0,0.0,3.4,1.4400000000000002,4.0,1,0,1,0
1,1.0,15.0,0.0,0,1,1.0,0.0,0.0,0.0,0.0,0,2.2,1.36,2.625,3.0,1.234375,3.7142857142857144,4.0,0.2040816326530612,4.4,0.6399999999999999,1.0,0,1,0,1
1,0.0,15.0,0.0,2,2,1.0,1.0,0.0,0.0,1.0,0,3.4,0.24,2.25,2.0,0.4375,3.142857142857143,3.0,0.4081632653061224,3.8,0.5599999999999999,4.0,1,0,1,0
1,0.0,14.0,0.0,2,0,1.0,1.0,0.0,0.0,1.0,0,3.2,0.1599999999999999,2.25,2.0,0.4375,3.857142857142857,4.0,0.1224489795918367,4.4,0.6399999999999999,2.0,0,1,1,0
1,1.0,15.0,0.0,3,0,1.0,1.0,0.0,0.0,1.0,0,3.4,0.24,2.375,2.5,0.484375,3.857142857142857,4.0,0.1224489795918367,3.6,0.24,3.0,1,0,1,0
2,0.0,16.0,0.0,2,2,1.0,1.0,0.0,0.0,1.0,0,2.2,0.1599999999999999,2.5,2.5,0.75,2.7142857142857144,3.0,0.2040816326530612,3.2,0.1599999999999999,3.0,1,0,0,1
2,1.0,16.0,0.0,4,2,1.0,0.0,0.0,0.0,0.0,0,3.2,0.1599999999999999,2.25,2.0,0.4375,4.0,4.0,0.0,4.4,0.64,3.0,1,0,1,0
2,1.0,16.0,0.0,0,1,1.0,0.0,0.0,0.0,0.0,0,3.0,0.8,2.0,1.5,1.5,1.7142857142857142,1.0,1.0612244897959182,4.2,0.5599999999999999,3.0,1,0,1,0
2,1.0,16.0,0.0,0,1,1.0,0.0,0.0,0.0,0.0,0,2.6,1.04,2.0,1.5,1.5,1.7142857142857142,1.0,1.0612244897959182,4.8,0.1599999999999999,3.0,1,0,1,0
1,0.0,15.0,0.0,4,4,1.0,0.0,0.0,0.0,0.0,0,3.2,0.1599999999999999,2.375,2.5,0.484375,3.142857142857143,4.0,1.2653061224489797,3.4,0.64,1.0,0,1,1,0
2,1.0,16.0,0.0,2,2,0.0,1.0,0.0,0.0,0.0,0,3.0,0.4,2.5,2.5,0.25,2.142857142857143,2.0,0.979591836734694,3.8,0.5599999999999999,2.0,0,1,0,1
1,1.0,16.0,0.0,2,3,1.0,1.0,0.0,0.0,1.0,0,2.8,0.1599999999999999,2.625,2.0,0.734375,2.0,2.0,0.2857142857142857,3.8,0.1599999999999999,1.0,0,1,1,0
2,1.0,16.0,0.0,0,1,1.0,0.0,0.0,0.0,0.0,0,1.4,0.6400000000000002,2.0,2.0,0.5,2.0,1.0,1.4285714285714286,3.8,0.1599999999999999,1.0,0,1,1,0
1,1.0,15.0,1.0,2,2,0.0,1.0,0.0,0.0,0.0,0,3.0,1.2,2.25,2.0,0.9375,2.857142857142857,3.0,0.4081632653061224,4.6,0.24,2.0,0,1,0,1
1,0.0,17.0,0.0,2,0,0.0,1.0,0.0,1.0,1.0,0,3.2,0.1599999999999999,2.375,2.5,0.984375,3.5714285714285716,4.0,0.2448979591836734,3.6,0.24,2.0,0,1,1,0
2,1.0,17.0,0.0,0,1,1.0,0.0,0.0,0.0,0.0,0,2.6,1.4400000000000002,2.25,2.0,1.4375,2.4285714285714284,2.0,1.9591836734693877,4.4,0.24,3.0,0,1,1,0
1,0.0,16.0,0.0,2,2,1.0,0.0,1.0,0.0,0.0,0,3.0,0.4,2.375,2.0,0.734375,3.142857142857143,3.0,0.4081632653061224,3.2,1.7600000000000002,1.0,0,1,1,0
2,1.0,17.0,0.0,3,3,1.0,1.0,0.0,0.0,1.0,0,2.8,0.1599999999999999,2.5,2.0,1.0,2.5714285714285716,3.0,0.5306122448979592,4.0,0.0,2.0,0,1,0,1
1,0.0,16.0,0.0,3,3,1.0,1.0,1.0,0.0,1.0,0,3.6,0.24,2.375,2.0,0.734375,3.5714285714285716,4.0,0.5306122448979592,5.0,0.0,1.0,1,0,1,0
1,0.0,15.0,0.0,0,1,1.0,1.0,0.0,0.0,1.0,0,2.2,0.1599999999999999,2.375,2.5,0.984375,2.0,2.0,0.8571428571428571,4.6,0.6399999999999999,1.0,0,1,1,0
1,0.0,15.0,0.0,2,0,1.0,1.0,1.0,0.0,0.0,0,2.6,0.24,2.2251628664495113,2.0,0.9542367491962778,3.7142857142857144,4.0,0.2040816326530612,3.8,0.1599999999999999,1.0,1,0,1,0
1,0.0,17.0,0.0,2,2,0.0,1.0,0.0,0.0,0.0,0,3.0,0.4,2.75,2.5,0.6875,3.857142857142857,4.0,0.1224489795918367,2.2,0.1599999999999999,3.0,0,1,1,0
1,0.0,15.0,0.0,0,1,1.0,0.0,0.0,0.0,0.0,0,2.2,0.5599999999999999,2.3439612015018776,2.0,0.7023203509627961,2.0,2.0,0.2857142857142857,3.0,2.0,5.0,1,0,1,0
1,0.0,16.0,0.0,0,1,1.0,1.0,0.0,0.0,0.0,0,3.4,0.64,1.625,1.0,1.234375,3.4285714285714284,4.0,1.1020408163265307,4.2,0.5599999999999999,1.0,0,1,1,0
1,0.0,14.0,0.0,0,1,1.0,0.0,0.0,0.0,0.0,0,2.6,0.24,2.375,2.0,0.734375,3.142857142857143,3.0,0.6938775510204082,4.4,0.6399999999999999,1.0,1,0,1,0
1,0.0,16.0,0.0,0,1,1.0,0.0,0.0,0.0,0.0,0,3.4,0.24,2.625,2.5,0.484375,3.2857142857142856,3.0,0.2040816326530612,3.4,1.04,2.0,1,0,1,0
1,0.0,14.0,0.0,0,1,1.0,1.0,0.0,0.0,1.0,1,3.1906218655967904,0.1641030513808225,3.0,3.0,0.75,3.857142857142857,4.0,0.1224489795918367,3.4,1.04,1.0,0,1,1,0
1,0.0,16.0,0.0,3,3,1.0,0.0,0.0,0.0,0.0,0,3.0,0.4,2.0,1.5,1.25,4.0,4.0,0.0,4.0,0.4,5.0,1,0,1,0
2,1.0,17.0,0.0,0,1,1.0,0.0,1.0,0.0,1.0,0,2.6,1.04,2.5,2.5,1.25,3.4285714285714284,4.0,1.1020408163265307,4.4,1.44,1.0,0,1,1,0
1,0.0,15.0,0.0,2,2,1.0,0.0,0.0,0.0,0.0,0,3.6,0.24,2.125,1.5,1.609375,2.5714285714285716,3.0,1.3877551020408163,4.8,0.1599999999999999,1.0,0,1,1,0
1,0.0,16.0,0.0,0,1,1.0,1.0,0.0,0.0,0.0,0,2.6,0.24,2.375,2.5,0.984375,2.857142857142857,3.0,0.4081632653061224,4.2,0.96,1.0,0,1,1,0
1,0.0,17.0,0.0,0,1,1.0,1.0,0.0,0.0,0.0,0,3.0,0.4,1.875,2.0,0.609375,3.5714285714285716,4.0,0.2448979591836734,5.0,0.0,2.0,1,0,1,0
1,0.0,15.0,0.0,4,4,1.0,1.0,0.0,0.0,1.0,0,2.2,0.5599999999999999,2.625,3.0,0.734375,3.7142857142857144,4.0,0.2040816326530612,5.0,0.0,5.0,1,0,1,0
1,0.0,15.0,0.0,2,0,1.0,0.0,0.0,0.0,0.0,0,3.0,0.4,2.5,2.5,0.25,3.7142857142857144,4.0,0.2040816326530612,4.2,0.1599999999999999,3.0,1,0,1,0
1,0.0,15.0,0.0,0,1,1.0,1.0,0.0,0.0,1.0,0,2.2,0.5599999999999999,2.75,3.0,0.9375,2.0,2.0,0.5714285714285714,4.6,0.24,5.0,1,0,1,0
1,0.0,15.0,0.0,0,1,1.0,1.0,0.0,0.0,1.0,0,3.0,0.4,2.625,3.0,1.984375,4.0,4.0,0.0,4.4,0.24,1.0,1,0,1,0
2,0.0,16.0,0.0,0,1,1.0,1.0,0.0,0.0,1.0,0,4.0,0.0,2.625,3.0,0.734375,2.7142857142857144,4.0,2.204081632653061,1.0,0.0,1.0,1,0,1,0
1,1.0,16.0,0.0,0,1,1.0,1.0,0.0,0.0,1.0,0,3.2,0.5599999999999999,1.7780172413793105,2.0,0.4570033813912008,3.857142857142857,4.0,0.1224489795918367,4.0,1.2,5.0,1,0,1,0
1,0.0,15.0,0.0,0,1,1.0,1.0,0.0,0.0,1.0,0,1.4,0.24,2.375,2.5,0.484375,2.0,2.0,0.5714285714285714,4.2,0.1599999999999999,4.0,1,0,1,0
2,1.0,16.0,0.0,4,4,1.0,1.0,0.0,0.0,1.0,0,2.0,0.0,2.362149824912456,2.4485992996498247,0.469468170139034,2.3575544976196445,2.0,0.6233908887974999,3.0,0.0,4.0,0,1,1,0
1,0.0,15.0,0.0,2,0,1.0,1.0,0.0,0.0,0.0,0,3.0,0.4,2.5,2.0,1.0,2.7142857142857144,4.0,2.2040816326530615,5.0,0.0,5.0,1,0,1,0
1,1.0,16.0,0.0,5,5,1.0,0.0,0.0,0.0,0.0,0,3.0,0.4,2.75,3.0,0.9375,2.7142857142857144,3.0,1.6326530612244896,3.4,1.44,1.0,0,1,1,0
1,0.0,14.0,0.0,0,1,0.0,0.0,0.0,0.0,1.0,0,3.8,0.1599999999999999,2.25,2.5,1.1875,3.4285714285714284,3.0,0.2448979591836734,4.4,0.24,1.0,0,1,1,0
1,0.0,14.0,0.0,0,1,1.0,0.0,0.0,0.0,0.0,1,3.4,0.64,2.0,2.0,1.0,3.0,3.0,1.1428571428571428,2.8,0.96,4.0,1,0,1,0
1,0.0,15.0,0.0,0,1,1.0,1.0,0.0,0.0,1.0,0,2.4,0.24,3.0,3.0,0.25,3.4285714285714284,4.0,0.5306122448979593,4.0,0.0,5.0,1,0,1,0
1,0.0,15.0,1.0,2,2,1.0,1.0,0.0,0.0,1.0,0,3.2,0.1599999999999999,2.125,2.0,0.359375,4.0,4.0,0.0,4.6,0.24,1.0,0,1,1,0
1,0.0,16.0,0.0,4,3,1.0,1.0,0.0,0.0,1.0,0,2.6,1.04,2.0,2.0,1.0,2.7142857142857144,3.0,1.6326530612244896,3.4,0.64,2.0,1,0,1,0
1,0.0,15.0,0.0,2,0,1.0,0.0,1.0,0.0,1.0,0,2.2,0.5599999999999999,1.375,1.0,0.234375,3.142857142857143,4.0,1.2653061224489797,4.2,0.1599999999999999,3.0,0,1,1,0
1,1.0,15.0,0.0,0,1,1.0,1.0,0.0,0.0,0.0,0,2.4,0.24,2.375,2.5,0.484375,2.142857142857143,2.0,1.2653061224489797,3.0,0.4,4.0,1,0,1,0
1,0.0,15.0,0.0,0,1,1.0,1.0,0.0,0.0,1.0,0,2.8,0.96,2.25,2.0,0.4375,2.4285714285714284,3.0,1.1020408163265307,4.8,0.1599999999999999,5.0,1,0,1,0
1,0.0,15.0,0.0,2,2,1.0,1.0,0.0,0.0,1.0,1,3.2,0.5599999999999999,1.875,2.0,0.609375,3.142857142857143,4.0,1.2653061224489797,4.4,1.44,2.0,1,0,1,0
1,0.0,14.0,1.0,0,1,1.0,1.0,0.0,0.0,1.0,0,2.8,0.5599999999999999,2.875,3.0,0.359375,2.4285714285714284,2.0,1.3877551020408163,4.2,0.5599999999999999,4.0,1,0,1,0
1,0.0,15.0,0.0,2,0,1.0,1.0,0.0,0.0,1.0,0,3.4,0.24,2.625,2.5,1.484375,3.7142857142857144,4.0,0.2040816326530612,4.2,0.5599999999999999,4.0,1,0,1,0
1,0.0,15.0,0.0,0,1,1.0,1.0,0.0,0.0,1.0,0,3.2,0.1599999999999999,2.394218710810133,2.5768748432405317,0.4725464788088249,3.4285714285714284,4.0,0.5306122448979592,4.0,0.4,4.0,1,0,1,0
1,1.0,14.0,0.0,2,3,1.0,1.0,0.0,0.0,0.0,0,2.5979924717691345,1.0384100980936983,2.75,3.0,0.9375,3.142857142857143,4.0,1.8367346938775508,3.8,2.16,1.0,0,1,1,0
1,0.0,15.0,0.0,2,0,1.0,1.0,0.0,0.0,0.0,0,3.0,0.4,2.5,2.5,0.25,2.7142857142857144,3.0,0.489795918367347,3.2,0.5599999999999999,3.0,1,0,1,0
1,0.0,14.0,0.0,0,1,1.0,1.0,0.0,0.0,0.0,0,3.4,0.24,2.125,2.0,0.609375,4.0,4.0,0.0,4.8,0.1599999999999999,5.0,1,0,1,0
1,0.0,14.0,1.0,0,1,1.0,1.0,0.0,0.0,0.0,0,1.2,0.16,2.25,2.0,0.9375,2.7142857142857144,3.0,1.0612244897959184,3.6,1.0400000000000005,1.0,0,1,0,1
1,1.0,15.0,0.0,0,1,1.0,0.0,1.0,0.0,0.0,1,2.4,1.4400000000000002,2.125,2.0,1.359375,3.7142857142857144,4.0,0.489795918367347,4.2,0.96,1.0,0,1,1,0
1,0.0,14.0,0.0,2,2,1.0,1.0,0.0,0.0,0.0,0,2.6,1.04,1.875,1.5,0.859375,3.4285714285714284,4.0,1.1020408163265307,4.4,0.6399999999999999,2.0,0,1,1,0
1,0.0,14.0,0.0,0,1,1.0,1.0,0.0,0.0,1.0,0,3.2,0.5599999999999999,2.625,3.0,1.234375,2.7142857142857144,3.0,0.7755102040816327,4.2,0.1599999999999999,1.0,0,1,0,1
1,0.0,14.0,1.0,0,1,1.0,1.0,0.0,0.0,1.0,1,1.0,0.0,3.25,4.0,1.6875,2.2857142857142856,2.0,1.6326530612244896,4.2,2.56,1.0,0,1,0,1
1,0.0,15.0,1.0,3,2,1.0,1.0,0.0,0.0,1.0,0,2.6,1.4400000000000002,2.25,2.5,0.6875,3.0,4.0,1.4285714285714286,4.4,0.6399999999999999,1.0,0,1,1,0
1,0.0,15.0,1.0,2,0,1.0,1.0,0.0,0.0,1.0,0,2.2,1.36,2.375,2.5,0.984375,3.0,4.0,1.4285714285714286,4.4,0.6399999999999999,1.0,0,1,1,0
1,0.0,15.0,0.0,2,0,0.0,0.0,1.0,0.0,1.0,0,2.4,0.64,2.625,3.0,0.734375,3.2857142857142856,4.0,1.0612244897959184,4.0,0.4,2.0,1,0,1,0
1,0.0,15.0,0.0,0,1,1.0,1.0,0.0,0.0,1.0,0,3.2,0.5599999999999999,2.5,2.0,1.0,3.7142857142857144,4.0,0.2040816326530612,4.8,0.1599999999999999,2.0,1,0,1,0
1,1.0,15.0,0.0,0,1,1.0,0.0,1.0,0.0,1.0,0,2.0,0.4,3.0,3.5,1.25,2.857142857142857,3.0,0.9795918367346936,4.2,0.5599999999999999,2.0,0,1,1,0
1,0.0,15.0,0.0,0,1,1.0,1.0,0.0,0.0,1.0,0,3.4,0.64,2.375,2.5,0.984375,3.7142857142857144,4.0,0.489795918367347,2.2,0.96,5.0,1,0,1,0
1,0.0,14.0,0.0,0,1,1.0,1.0,0.0,0.0,0.0,1,3.0,0.4,2.375,2.5,0.484375,3.5714285714285716,4.0,0.5306122448979592,5.0,0.0,1.0,1,0,1,0
1,1.0,14.0,0.0,2,2,1.0,1.0,0.0,0.0,1.0,0,2.4,0.24,2.75,3.0,0.4375,2.142857142857143,2.0,0.6938775510204082,3.8,0.1599999999999999,3.0,0,1,0,1
2,1.0,14.0,0.0,0,1,1.0,1.0,0.0,0.0,1.0,0,3.8,0.1599999999999999,2.5,2.0,1.5,3.2857142857142856,4.0,1.3469387755102038,4.2,0.5599999999999999,2.0,1,0,0,1
1,0.0,15.0,0.0,2,0,1.0,0.0,1.0,0.0,1.0,0,3.6,0.64,2.25,2.5,1.1875,3.7142857142857144,4.0,0.489795918367347,4.4,0.64,2.0,0,1,0,1
1,1.0,15.0,0.0,0,1,1.0,1.0,0.0,0.0,0.0,0,3.4,0.24,2.125,2.0,1.109375,4.0,4.0,0.0,4.0,0.4,1.0,0,1,1,0
2,0.0,15.0,0.0,5,4,1.0,1.0,0.0,0.0,0.0,0,1.8,0.16,2.5,2.5,1.25,2.2857142857142856,2.0,1.0612244897959184,2.4,1.44,3.0,1,0,1,0
1,0.0,16.0,0.0,3,2,1.0,1.0,0.0,0.0,0.0,0,2.6,0.24,2.25,2.0,0.4375,3.0,3.0,0.8571428571428571,3.8,0.1599999999999999,2.0,0,1,0,1
1,0.0,15.0,0.0,2,2,1.0,1.0,0.0,0.0,1.0,0,2.0,0.8,2.5,3.0,0.5,2.857142857142857,3.0,1.2653061224489797,4.6,0.6399999999999999,2.0,0,1,1,0
1,1.0,15.0,0.0,2,0,1.0,0.0,0.0,0.0,0.0,0,3.0,0.4,2.75,3.0,0.4375,3.0,3.0,0.5714285714285714,3.4,1.8400000000000003,2.0,1,0,1,0
1,1.0,15.0,0.0,0,1,1.0,1.0,0.0,0.0,0.0,0,3.4,0.24,2.375,2.0,1.984375,3.4285714285714284,4.0,0.8163265306122449,3.4,1.8400000000000003,1.0,0,1,1,0
1,1.0,15.0,0.0,0,1,1.0,1.0,0.0,0.0,1.0,0,3.6,0.24,2.25,2.0,0.9375,2.2857142857142856,3.0,0.7755102040816327,4.0,0.8,1.0,0,1,1,0
1,0.0,15.0,0.0,2,2,1.0,1.0,0.0,0.0,1.0,0,3.4,0.24,1.875,2.0,0.609375,2.4285714285714284,2.0,1.9591836734693877,4.8,0.1599999999999999,1.0,0,1,0,1
1,1.0,16.0,0.0,0,1,1.0,1.0,0.0,0.0,0.0,0,3.0,0.0,2.625,2.5,0.984375,2.857142857142857,3.0,1.5510204081632657,4.6,0.24,1.0,0,1,1,0
1,0.0,16.0,0.0,3,3,1.0,1.0,0.0,0.0,1.0,0,2.2,1.36,2.625,2.5,0.984375,3.7142857142857144,4.0,0.2040816326530612,4.0,1.2,5.0,1,0,1,0
1,0.0,15.0,0.0,2,0,1.0,1.0,1.0,0.0,0.0,1,2.8,0.96,2.375,2.0,0.734375,2.2857142857142856,3.0,1.346938775510204,3.0,1.2,4.0,0,1,1,0
1,0.0,16.0,0.0,2,2,1.0,0.0,0.0,0.0,1.0,0,3.0,0.0,2.0,2.0,0.5,3.4285714285714284,4.0,0.816326530612245,4.0,0.4,1.0,0,1,1,0
1,0.0,15.0,0.0,0,1,1.0,1.0,1.0,1.0,1.0,0,2.2,0.5599999999999999,2.75,3.0,0.9375,2.5714285714285716,3.0,0.5306122448979592,4.0,0.0,2.0,0,1,1,0
1,1.0,16.0,0.0,0,1,1.0,0.0,0.0,0.0,1.0,0,3.4,0.24,2.625,2.5,0.484375,3.7142857142857144,4.0,0.2040816326530612,5.0,0.0,4.0,1,0,1,0
1,0.0,16.0,0.0,3,2,1.0,1.0,0.0,0.0,0.0,0,3.2,0.96,2.75,3.0,0.1875,3.7142857142857144,4.0,0.489795918367347,4.2,0.96,3.0,1,0,1,0
1,1.0,15.0,0.0,2,0,1.0,1.0,0.0,0.0,1.0,1,3.2,0.96,2.75,2.5,1.1875,3.2857142857142856,4.0,1.3469387755102038,5.0,0.0,1.0,0,1,1,0
1,0.0,15.0,0.0,0,1,1.0,1.0,0.0,0.0,1.0,0,3.6,0.24,2.625,2.5,1.484375,3.4285714285714284,3.0,0.2448979591836734,3.6,0.24,1.0,0,1,1,0
1,0.0,15.0,1.0,3,3,1.0,1.0,0.0,0.0,1.0,0,3.4,0.24,2.25,2.5,0.6875,2.7142857142857144,3.0,1.0612244897959184,3.4,1.44,4.0,1,0,1,0
1,0.0,15.0,1.0,3,5,1.0,1.0,0.0,0.0,1.0,0,2.0,1.2,2.25,2.0,0.6875,1.8571428571428572,1.0,1.2653061224489794,5.0,0.0,1.0,0,1,1,0
1,0.0,15.0,0.0,2,2,1.0,1.0,0.0,0.0,1.0,0,2.6,0.24,2.25,2.0,0.4375,3.2857142857142856,3.0,0.489795918367347,5.0,0.0,2.0,0,1,1,0
1,0.0,15.0,0.0,3,2,1.0,0.0,1.0,0.0,1.0,0,3.2,1.36,2.0,2.0,0.5,3.857142857142857,4.0,0.1224489795918367,4.8,0.1599999999999999,1.0,0,1,0,1
1,1.0,15.0,0.0,0,1,1.0,0.0,0.0,0.0,1.0,0,3.4,0.24,2.75,3.0,0.6875,4.0,4.0,0.0,4.8,0.1599999999999999,1.0,0,1,1,0
1,0.0,15.0,0.0,3,2,1.0,1.0,0.0,0.0,0.0,0,2.8,0.1599999999999999,2.0,1.5,1.25,2.2857142857142856,2.0,0.2040816326530612,4.0,0.4,5.0,1,0,1,0
2,1.0,16.0,0.0,0,1,1.0,1.0,0.0,0.0,0.0,0,3.4,0.64,2.6001628664495113,3.0,0.7697395993591445,2.2857142857142856,2.0,0.489795918367347,4.8,0.1599999999999999,5.0,1,0,0,1
1,0.0,15.0,1.0,2,0,1.0,1.0,1.0,1.0,0.0,0,3.2,0.1599999999999999,2.5,2.5,0.75,2.7142857142857144,2.0,0.7755102040816327,3.8,0.5599999999999999,3.0,1,0,1,0
1,0.0,15.0,0.0,2,0,1.0,1.0,0.0,0.0,1.0,0,3.4,0.24,2.625,3.0,0.734375,2.857142857142857,3.0,0.6938775510204082,3.8,0.5599999999999999,3.0,1,0,1,0
1,0.0,14.0,0.0,3,2,1.0,1.0,0.0,0.0,1.0,0,2.0,0.4,2.5,2.5,1.25,3.7142857142857144,4.0,0.2040816326530612,4.6,0.24,1.0,0,1,1,0
1,0.0,16.0,1.0,3,2,1.0,1.0,0.0,0.0,1.0,0,2.2,0.1599999999999999,2.125,2.0,0.609375,3.2857142857142856,3.0,0.489795918367347,3.8,0.96,1.0,0,1,1,0
1,1.0,15.0,0.0,2,0,1.0,1.0,0.0,0.0,1.0,0,3.2,0.1599999999999999,2.125,2.0,0.609375,3.2857142857142856,3.0,0.489795918367347,2.4,2.24,1.0,1,0,1,0
1,0.0,14.0,0.0,3,2,1.0,1.0,0.0,0.0,1.0,0,3.2,0.1599999999999999,2.5,3.0,0.5,3.2857142857142856,3.0,0.489795918367347,2.8,0.96,4.0,1,0,1,0
1,0.0,14.0,1.0,4,2,1.0,1.0,0.0,0.0,1.0,0,3.0,0.0,2.375,2.0,0.734375,3.142857142857143,3.0,0.6938775510204082,3.0,0.0,5.0,1,0,1,0
1,0.0,14.0,0.0,0,1,1.0,1.0,0.0,0.0,1.0,0,2.8,0.1599999999999999,2.375,2.5,0.484375,2.4285714285714284,2.0,1.9591836734693877,4.2,1.36,2.0,1,0,1,0
1,0.0,17.0,0.0,3,2,1.0,0.0,1.0,0.0,0.0,0,2.6,1.0400000000000005,2.75,3.0,0.6875,3.142857142857143,4.0,0.979591836734694,4.0,0.4,2.0,0,1,0,1
1,0.0,14.0,0.0,0,1,1.0,1.0,0.0,0.0,0.0,0,3.0,0.4,2.5,2.5,1.25,3.2857142857142856,3.0,0.489795918367347,3.6,0.24,1.0,0,1,1,0
1,0.0,15.0,0.0,2,0,1.0,1.0,0.0,0.0,1.0,0,1.8,0.56,2.5,2.5,0.75,3.142857142857143,4.0,0.979591836734694,4.8,0.1599999999999999,3.0,0,1,1,0
1,0.0,14.0,1.0,2,0,1.0,0.0,0.0,0.0,0.0,0,2.2,0.5599999999999999,2.5,2.5,0.75,3.7142857142857144,4.0,0.2040816326530612,4.6,0.24,2.0,0,1,1,0
1,0.0,15.0,1.0,2,2,1.0,1.0,0.0,0.0,1.0,0,2.4,0.64,2.5,3.0,1.5,3.5714285714285716,4.0,0.2448979591836734,4.6,0.24,3.0,0,1,1,0
1,0.0,16.0,0.0,3,2,1.0,1.0,0.0,0.0,0.0,0,3.0,0.0,2.625,3.0,0.734375,4.0,4.0,0.0,4.0,0.4,1.0,0,1,1,0
1,0.0,14.0,0.0,2,0,1.0,1.0,0.0,0.0,1.0,0,2.6,1.04,2.625,2.5,0.984375,2.5714285714285716,2.0,1.673469387755102,4.8,0.1599999999999999,4.0,1,0,1,0
1,0.0,15.0,0.0,0,1,1.0,1.0,0.0,0.0,1.0,0,3.4,0.24,2.625,2.5,0.484375,3.0,4.0,1.7142857142857142,4.0,0.4,1.0,0,1,1,0
1,0.0,15.0,0.0,3,2,1.0,1.0,0.0,0.0,1.0,0,3.4,0.24,2.5,2.0,0.5,4.0,4.0,0.0,3.8,0.5599999999999999,3.0,1,0,1,0
2,1.0,15.0,0.0,0,1,1.0,1.0,0.0,0.0,0.0,1,3.6,0.24,2.25,2.5,0.6875,2.5714285714285716,3.0,1.959183673469388,2.6,0.64,1.0,0,1,1,0
1,0.0,15.0,0.0,0,1,1.0,0.0,1.0,0.0,1.0,0,2.0,0.4,2.5,2.5,0.75,2.0,2.0,0.5714285714285714,3.2,0.96,1.0,0,1,0,1
1,1.0,17.0,0.0,4,4,1.0,1.0,0.0,0.0,1.0,0,1.7979924717691342,0.5551980529243131,1.875,1.0,1.609375,2.5714285714285716,3.0,1.959183673469388,4.2,2.56,2.0,1,0,1,0
1,0.0,16.0,0.0,2,0,0.0,1.0,0.0,0.0,0.0,1,2.8,0.1599999999999999,2.125,2.5,0.859375,2.857142857142857,2.0,0.979591836734694,4.2,0.5599999999999999,5.0,1,0,0,1
1,1.0,15.0,0.0,0,1,1.0,1.0,0.0,0.0,1.0,0,2.8,0.5599999999999999,2.5,2.0,1.0,3.0,3.0,0.8571428571428571,5.0,0.0,1.0,0,1,1,0
2,1.0,16.0,0.0,2,0,1.0,1.0,0.0,0.0,1.0,0,2.8,0.1599999999999999,2.625,3.0,0.734375,3.7142857142857144,4.0,0.489795918367347,4.6,0.6399999999999999,1.0,0,1,1,0
2,1.0,16.0,0.0,2,2,1.0,1.0,0.0,0.0,1.0,1,1.8,0.56,2.125,2.0,0.859375,4.0,4.0,0.0,5.0,0.0,1.0,0,1,0,1
1,1.0,17.0,0.0,2,0,1.0,0.0,0.0,0.0,1.0,1,3.2,0.5599999999999999,2.125,2.0,1.109375,2.4285714285714284,3.0,1.673469387755102,4.2,0.5599999999999999,3.0,1,0,1,0
2,1.0,16.0,0.0,2,2,1.0,1.0,0.0,0.0,1.0,0,2.8,0.5599999999999999,2.213,2.0,0.891583,3.142857142857143,3.0,0.4081632653061224,2.8,1.36,5.0,1,0,1,0
1,1.0,17.0,0.0,0,1,1.0,0.0,0.0,0.0,1.0,0,2.6,0.64,1.625,2.0,0.234375,3.2857142857142856,4.0,0.7755102040816327,4.2,0.1599999999999999,1.0,0,1,1,0
2,1.0,16.0,0.0,2,2,0.0,1.0,0.0,0.0,0.0,0,1.8,0.16,2.5,2.5,0.75,2.5714285714285716,3.0,0.816326530612245,4.2,0.1599999999999999,5.0,1,0,1,0
2,0.0,16.0,1.0,0,1,1.0,1.0,0.0,0.0,1.0,0,2.4,0.24,2.644218710810133,3.0,1.2129371234037587,3.0,3.0,1.1428571428571428,4.0,0.8,1.0,1,0,0,1
1,1.0,15.0,0.0,1,1,1.0,1.0,0.0,0.0,1.0,0,3.0,0.0,2.3991018454906787,2.4144439655172416,0.1341968291381966,3.261904393338928,3.344008006004503,0.1709657741508746,3.4,0.24,1.0,1,0,1,0
1,1.0,17.0,0.0,3,2,1.0,1.0,0.0,0.0,0.0,0,1.6,0.24,2.125,1.5,1.609375,2.857142857142857,3.0,1.5510204081632657,2.6,0.24,1.0,0,1,1,0
2,1.0,15.0,0.0,2,2,1.0,0.0,1.0,0.0,0.0,0,3.0,0.0,2.75,3.0,0.1875,3.7142857142857144,4.0,0.489795918367347,3.8,0.1599999999999999,1.0,0,1,1,0
1,1.0,17.0,1.0,0,1,0.0,1.0,0.0,1.0,1.0,0,3.2,0.1599999999999999,2.0,2.0,0.75,2.4285714285714284,2.0,1.3877551020408163,3.6,2.24,2.0,1,0,1,0
1,1.0,15.0,1.0,0,1,1.0,1.0,0.0,0.0,1.0,0,2.8,0.5599999999999999,2.5,2.5,0.25,2.7142857142857144,3.0,1.0612244897959184,2.4,1.4400000000000002,2.0,1,0,1,0
1,1.0,16.0,0.0,2,2,1.0,0.0,0.0,0.0,0.0,1,2.8,0.5599999999999999,3.0,3.0,0.5,3.2857142857142856,4.0,0.7755102040816327,3.4,0.64,4.0,0,1,0,1
2,1.0,16.0,0.0,0,1,1.0,0.0,0.0,0.0,0.0,0,2.6,0.24,2.112149824912456,2.0,0.3380430825952621,1.8571428571428572,2.0,0.6938775510204082,3.6,0.24,2.0,1,0,1,0
1,1.0,15.0,0.0,0,1,1.0,1.0,0.0,0.0,1.0,0,3.2,0.5599999999999999,2.625,3.0,0.234375,3.2857142857142856,3.0,0.489795918367347,3.6,0.64,1.0,0,1,1,0
1,0.0,15.0,0.0,0,1,1.0,1.0,0.0,0.0,1.0,0,3.6,0.24,2.25,1.5,1.9375,3.857142857142857,4.0,0.1224489795918367,4.6,0.24,1.0,1,0,1,0
1,0.0,15.0,0.0,2,0,1.0,1.0,0.0,0.0,1.0,0,1.8,0.16,2.125,1.5,1.609375,3.142857142857143,3.0,0.6938775510204082,5.0,0.0,2.0,0,1,0,1
1,1.0,16.0,0.0,3,3,0.0,1.0,0.0,0.0,0.0,0,3.4,0.24,2.5,2.0,1.0,3.531062914500807,3.7174404015056464,0.2200751422294208,4.0,0.4,3.0,1,0,1,0
1,0.0,16.0,0.0,3,2,1.0,1.0,0.0,0.0,1.0,0,2.8,0.5599999999999999,2.875,3.0,1.109375,3.7142857142857144,4.0,0.489795918367347,3.8,0.96,1.0,0,1,1,0
1,0.0,15.0,0.0,0,1,1.0,1.0,0.0,0.0,1.0,0,3.2,0.5599999999999999,1.75,2.0,0.4375,2.857142857142857,3.0,0.6938775510204082,1.8,2.5600000000000005,2.0,1,0,1,0
2,1.0,16.0,0.0,0,1,1.0,1.0,0.0,0.0,1.0,0,3.8,0.1599999999999999,1.75,2.0,0.1875,3.2857142857142856,4.0,1.346938775510204,4.0,1.2,1.0,1,0,1,0
1,0.0,17.0,0.0,2,2,1.0,1.0,0.0,0.0,0.0,0,3.4,0.24,2.125,1.5,1.609375,3.0,4.0,1.7142857142857142,3.2,1.36,2.0,1,0,1,0
1,1.0,16.0,0.0,0,1,1.0,1.0,0.0,0.0,1.0,0,4.0,0.0,3.375,3.0,0.234375,1.1428571428571428,1.0,0.1224489795918367,2.2,0.96,1.0,1,0,1,0
1,0.0,16.0,0.0,3,2,1.0,1.0,0.0,0.0,0.0,0,2.4,1.8400000000000003,3.0,3.0,0.5,3.5714285714285716,4.0,0.5306122448979592,3.8,0.1599999999999999,2.0,0,1,0,1
2,1.0,17.0,0.0,0,1,1.0,1.0,0.0,0.0,1.0,1,2.2,1.36,2.75,3.0,0.9375,2.7142857142857144,3.0,0.7755102040816327,3.2,0.1599999999999999,1.0,1,0,1,0
1,0.0,16.0,0.0,2,2,1.0,1.0,0.0,0.0,0.0,0,3.4,0.24,2.375,2.5,0.484375,3.4285714285714284,4.0,0.5306122448979592,4.0,0.4,4.0,1,0,1,0
1,0.0,16.0,0.0,0,1,1.0,1.0,0.0,0.0,1.0,0,2.4,0.24,2.5,2.5,0.25,3.7142857142857144,4.0,0.2040816326530612,3.8,0.96,2.0,1,0,1,0
1,0.0,15.0,0.0,3,2,1.0,0.0,0.0,0.0,0.0,0,1.4,0.64,2.125,2.0,1.359375,2.4285714285714284,3.0,1.1020408163265307,3.0,1.2,1.0,0,1,1,0
1,0.0,16.0,0.0,2,2,1.0,1.0,0.0,0.0,1.0,0,2.4,0.24,2.375,2.0,0.734375,2.4285714285714284,2.0,1.9591836734693877,4.2,0.5599999999999999,4.0,0,1,0,1
2,1.0,15.0,0.0,3,2,1.0,1.0,0.0,0.0,0.0,0,1.8,1.3600000000000003,2.125,1.0,2.109375,2.142857142857143,2.0,1.2653061224489794,1.4,0.64,2.0,1,0,1,0
1,0.0,16.0,0.0,3,2,1.0,1.0,0.0,0.0,0.0,0,3.4,0.24,2.5,2.5,1.75,3.2857142857142856,3.0,0.489795918367347,4.2,0.1599999999999999,3.0,0,1,0,1
2,1.0,16.0,0.0,3,3,0.0,1.0,0.0,0.0,0.0,0,4.0,0.0,2.75,3.0,0.4375,2.2857142857142856,1.0,2.2040816326530615,4.2,0.1599999999999999,2.0,1,0,1,0
1,0.0,15.0,0.0,0,1,1.0,1.0,0.0,0.0,0.0,1,3.0,0.4,2.25,2.0,0.6875,3.5714285714285716,4.0,1.1020408163265307,4.6,0.24,1.0,1,0,1,0
1,0.0,15.0,0.0,3,3,1.0,1.0,0.0,0.0,0.0,0,1.8,0.56,2.375,2.5,0.484375,2.7142857142857144,3.0,0.7755102040816327,4.2,0.96,2.0,1,0,0,1
1,0.0,15.0,0.0,0,1,1.0,1.0,0.0,0.0,1.0,0,2.6,0.64,2.0,2.0,0.75,2.7142857142857144,4.0,2.2040816326530615,4.0,0.4,1.0,0,1,1,0
1,0.0,15.0,0.0,2,0,0.0,0.0,0.0,0.0,0.0,1,2.6,0.64,1.875,2.0,0.609375,3.142857142857143,4.0,1.8367346938775508,4.4,0.24,4.0,0,1,0,1
1,0.0,15.0,0.0,0,1,1.0,1.0,0.0,0.0,0.0,0,3.4,0.64,2.0,1.0,1.75,4.0,4.0,0.0,5.0,0.0,4.0,1,0,1,0
1,1.0,15.0,0.0,0,1,1.0,1.0,0.0,0.0,1.0,0,2.8,0.1599999999999999,2.737149824912456,2.9485992996498247,0.4322308014546918,2.2857142857142856,2.0,0.489795918367347,4.0,0.8,3.0,1,0,1,0
1,0.0,15.0,0.0,2,0,1.0,1.0,0.0,0.0,1.0,0,3.0,1.2,2.25,2.5,1.1875,3.7142857142857144,4.0,0.489795918367347,5.0,0.0,1.0,0,1,1,0
1,0.0,15.0,0.0,0,1,1.0,1.0,0.0,0.0,1.0,0,3.2,0.1599999999999999,2.5,2.5,1.25,3.2857142857142856,4.0,1.3469387755102038,4.4,0.24,1.0,0,1,1,0
1,0.0,15.0,0.0,2,0,1.0,0.0,0.0,0.0,1.0,0,2.8,0.5599999999999999,1.963,2.0,0.435583,4.0,4.0,0.0,5.0,0.0,4.0,1,0,0,1
1,0.0,16.0,1.0,2,0,1.0,1.0,0.0,0.0,0.0,0,3.0,0.0,2.375,2.0,0.234375,3.0,4.0,1.7142857142857142,3.0,0.4,4.0,1,0,1,0
1,0.0,15.0,0.0,0,1,1.0,1.0,0.0,0.0,1.0,0,1.8,0.56,2.0,2.0,0.25,3.142857142857143,3.0,0.979591836734694,4.6,0.6399999999999999,1.0,0,1,1,0
1,0.0,15.0,0.0,0,1,1.0,1.0,0.0,0.0,0.0,0,2.4,0.64,1.875,2.0,0.859375,2.2857142857142856,2.0,1.0612244897959184,4.8,0.1599999999999999,4.0,1,0,0,1
1,0.0,16.0,0.0,3,3,1.0,1.0,0.0,0.0,1.0,0,1.8,0.16,2.875,3.0,1.109375,2.142857142857143,2.0,0.4081632653061224,4.4,1.44,3.0,0,1,1,0
1,0.0,15.0,0.0,2,0,1.0,1.0,0.0,0.0,1.0,0,1.8,0.56,2.5,2.5,1.75,3.142857142857143,4.0,1.2653061224489794,4.0,1.6,1.0,0,1,0,1
1,0.0,16.0,0.0,2,2,1.0,1.0,0.0,0.0,1.0,0,1.8,0.16,2.625,3.0,0.734375,3.5714285714285716,4.0,0.2448979591836734,4.6,0.24,2.0,0,1,1,0
1,0.0,15.0,0.0,0,1,1.0,1.0,0.0,0.0,0.0,0,2.8,0.1599999999999999,2.0,2.0,0.75,3.2857142857142856,3.0,0.489795918367347,3.0,0.4,2.0,1,0,1,0
1,0.0,15.0,0.0,0,1,1.0,1.0,0.0,0.0,1.0,0,2.6,0.24,2.0,1.5,1.25,2.857142857142857,4.0,1.8367346938775508,3.8,0.5599999999999999,2.0,0,1,1,0
1,0.0,15.0,0.0,2,0,1.0,1.0,0.0,0.0,1.0,0,2.8,0.1599999999999999,2.25,2.5,0.6875,2.857142857142857,3.0,1.5510204081632657,3.8,2.1600000000000006,2.0,0,1,1,0
1,0.0,16.0,0.0,0,1,1.0,1.0,0.0,0.0,1.0,0,3.4,0.24,2.625,3.0,0.234375,3.2857142857142856,4.0,1.0612244897959184,4.2,0.5599999999999999,4.0,1,0,1,0
1,1.0,16.0,1.0,3,2,0.0,1.0,0.0,0.0,0.0,0,2.2,0.1599999999999999,2.0,2.0,0.75,2.7142857142857144,3.0,1.6326530612244896,5.0,0.0,2.0,1,0,1,0
1,1.0,15.0,0.0,2,3,1.0,1.0,0.0,0.0,0.0,0,3.0,1.6,3.0,3.5,1.25,3.7142857142857144,4.0,0.489795918367347,3.4,1.4400000000000002,3.0,1,0,1,0
1,0.0,15.0,0.0,2,0,1.0,1.0,0.0,0.0,1.0,0,2.8,0.1599999999999999,2.375,2.0,0.234375,2.857142857142857,3.0,0.6938775510204082,4.0,0.0,1.0,0,1,1,0
2,1.0,15.0,0.0,0,1,1.0,1.0,0.0,0.0,0.0,0,2.2,0.5599999999999999,2.625,2.5,1.484375,3.2857142857142856,3.0,0.2040816326530612,1.4,0.24,1.0,1,0,1,0
1,0.0,15.0,0.0,0,1,0.0,1.0,0.0,0.0,0.0,0,2.2,0.5599999999999999,2.375,2.5,0.984375,1.8571428571428572,1.0,1.2653061224489794,3.6,2.24,1.0,0,1,1,0
1,0.0,15.0,1.0,2,0,1.0,0.0,0.0,0.0,0.0,0,3.8,0.1599999999999999,2.25,2.0,0.4375,3.2857142857142856,3.0,0.489795918367347,4.6,0.24,2.0,0,1,1,0
2,1.0,16.0,0.0,2,2,1.0,0.0,0.0,0.0,1.0,0,3.2,0.1599999999999999,2.375,2.5,0.984375,2.7142857142857144,3.0,0.2040816326530612,3.2,0.96,2.0,0,1,1,0
1,0.0,14.0,0.0,0,1,1.0,1.0,0.0,0.0,0.0,0,3.0,0.4,2.375,2.0,1.234375,2.7142857142857144,3.0,0.2040816326530612,5.0,0.0,1.0,0,1,1,0
1,0.0,15.0,0.0,3,3,1.0,1.0,0.0,0.0,1.0,0,2.8,0.5599999999999999,2.6530172413793105,3.0,0.704848208977408,2.7142857142857144,3.0,0.7755102040816327,4.8,0.1599999999999999,1.0,0,1,1,0
1,0.0,14.0,1.0,2,0,1.0,1.0,1.0,0.0,1.0,0,2.2,0.5599999999999999,1.7780172413793105,2.0,0.4570033813912008,4.0,4.0,0.0,4.2,2.56,1.0,0,1,1,0
1,0.0,15.0,0.0,2,0,1.0,1.0,0.0,0.0,1.0,0,2.4,0.24,2.125,2.0,1.359375,2.857142857142857,3.0,0.4081632653061225,2.0,0.4,1.0,0,1,1,0
2,0.0,15.0,0.0,0,1,1.0,0.0,0.0,0.0,0.0,0,3.0,0.0,2.25,2.0,0.1875,3.4285714285714284,3.0,0.2448979591836734,3.2,0.96,2.0,1,0,1,0
2,1.0,15.0,0.0,0,1,1.0,1.0,0.0,0.0,1.0,0,3.6,0.24,2.125,2.0,0.859375,4.0,4.0,0.0,4.0,0.0,2.0,0,1,1,0
1,0.0,14.0,0.0,2,2,1.0,1.0,0.0,0.0,0.0,0,2.6,0.24,2.375,2.0,0.734375,3.2857142857142856,4.0,1.0612244897959184,3.6,2.24,1.0,0,1,1,0
1,0.0,14.0,0.0,2,2,1.0,1.0,0.0,0.0,1.0,0,4.0,0.0,2.5,2.5,1.25,4.0,4.0,0.0,5.0,0.0,2.0,1,0,1,0
1,0.0,15.0,0.0,0,1,1.0,1.0,0.0,0.0,0.0,0,2.4,0.24,2.375,2.5,0.484375,3.5714285714285716,4.0,0.5306122448979592,4.4,0.24,5.0,1,0,1,0
2,1.0,14.0,0.0,0,1,1.0,1.0,0.0,0.0,0.0,0,2.8,0.5599999999999999,2.5,2.5,0.25,3.142857142857143,3.0,0.4081632653061224,3.8,0.1599999999999999,1.0,0,1,1,0
1,0.0,14.0,0.0,0,1,1.0,0.0,0.0,0.0,0.0,0,3.0,0.4,2.3501628664495113,2.0,0.5073210325839,3.857142857142857,4.0,0.1224489795918367,4.2,0.1599999999999999,1.0,1,0,1,0
1,0.0,14.0,0.0,2,2,1.0,1.0,0.0,0.0,1.0,0,2.6,0.64,2.25,2.0,0.1875,3.7142857142857144,4.0,0.2040816326530612,4.2,2.56,1.0,0,1,1,0
2,1.0,16.0,0.0,0,1,1.0,0.0,0.0,0.0,0.0,1,3.0,0.0,2.125,2.0,0.359375,3.5714285714285716,4.0,0.2448979591836734,4.0,0.4,4.0,1,0,1,0
2,1.0,15.0,0.0,2,0,1.0,0.0,0.0,0.0,1.0,0,1.8,1.36,2.125,1.5,1.609375,1.8571428571428572,1.0,1.836734693877551,3.0,2.8,1.0,0,1,0,1
1,0.0,15.0,0.0,0,1,1.0,1.0,0.0,0.0,0.0,0,3.6,0.24,2.625,3.0,1.234375,3.7142857142857144,4.0,0.2040816326530612,3.4,1.84,4.0,1,0,1,0
1,0.0,15.0,0.0,2,0,1.0,1.0,0.0,0.0,0.0,0,2.4,1.0400000000000005,3.0,3.5,1.25,2.857142857142857,3.0,1.5510204081632657,3.8,0.1599999999999999,1.0,0,1,1,0
1,0.0,14.0,0.0,2,2,1.0,1.0,0.0,0.0,1.0,0,3.4,0.24,2.75,3.0,1.4375,3.7142857142857144,4.0,0.2040816326530612,3.8,0.5599999999999999,4.0,1,0,1,0
2,1.0,16.0,0.0,0,1,0.0,0.0,1.0,1.0,1.0,0,3.2,0.5599999999999999,3.125,3.0,0.609375,3.5714285714285716,4.0,0.5306122448979592,3.4,1.04,1.0,1,0,1,0
1,0.0,14.0,0.0,2,0,1.0,0.0,0.0,0.0,0.0,0,4.0,0.0,2.375,2.5,0.484375,4.0,4.0,0.0,3.0,0.0,2.0,1,0,1,0
1,0.0,15.0,0.0,0,1,1.0,0.0,1.0,0.0,1.0,0,2.8,0.1599999999999999,2.0,1.0,1.75,3.142857142857143,3.0,0.1224489795918367,4.4,0.64,1.0,1,0,1,0
1,0.0,15.0,0.0,0,1,1.0,1.0,0.0,0.0,1.0,1,3.0,0.8,2.5,2.5,1.25,2.5714285714285716,3.0,1.959183673469388,4.4,0.6399999999999999,1.0,0,1,1,0
1,0.0,15.0,0.0,0,1,1.0,1.0,0.0,0.0,1.0,0,1.8,0.56,2.5,2.5,0.75,1.1428571428571428,1.0,0.1224489795918367,4.8,0.1599999999999999,1.0,0,1,1,0
1,0.0,14.0,0.0,4,0,1.0,1.0,0.0,0.0,1.0,0,4.0,0.0,1.625,1.0,0.984375,3.2857142857142856,3.0,0.489795918367347,4.4,0.6399999999999999,1.0,0,1,1,0
1,0.0,14.0,0.0,3,3,1.0,1.0,0.0,0.0,1.0,0,3.8,0.1599999999999999,2.0,1.5,1.25,3.2857142857142856,3.0,0.489795918367347,3.4,2.24,1.0,0,1,1,0
1,0.0,15.0,0.0,3,0,1.0,1.0,0.0,0.0,0.0,0,2.4,0.64,2.625,3.0,0.734375,3.0,3.0,0.5714285714285714,4.2,0.5599999999999999,1.0,0,1,1,0
1,0.0,14.0,0.0,3,0,1.0,1.0,0.0,0.0,1.0,0,2.0,0.8,2.625,3.0,0.734375,3.4285714285714284,4.0,0.816326530612245,3.0,2.8,1.0,0,1,1,0
1,0.0,14.0,1.0,2,2,1.0,1.0,0.0,0.0,1.0,0,2.4,0.24,2.125,2.5,0.859375,3.4285714285714284,4.0,0.5306122448979592,3.8,0.1599999999999999,1.0,0,1,1,0
1,0.0,14.0,0.0,0,1,1.0,1.0,0.0,0.0,0.0,0,3.4,0.24,2.0,1.5,1.25,3.857142857142857,4.0,0.1224489795918367,4.6,0.24,1.0,0,1,1,0
1,0.0,14.0,1.0,0,1,1.0,1.0,0.0,0.0,1.0,0,3.3342335583895975,0.3099140526567001,2.375,2.0,0.234375,3.142857142857143,3.0,0.4081632653061224,3.8,0.1599999999999999,3.0,1,0,1,0
1,0.0,14.0,1.0,3,0,1.0,1.0,0.0,0.0,1.0,0,1.8,0.56,2.125,2.0,1.359375,3.5714285714285716,4.0,0.5306122448979592,4.4,0.6399999999999999,1.0,0,1,1,0
1,1.0,14.0,0.0,4,3,1.0,1.0,0.0,0.0,1.0,0,3.6,0.24,2.125,1.5,1.609375,3.4285714285714284,4.0,0.5306122448979592,4.4,0.6399999999999999,1.0,0,1,1,0
1,0.0,16.0,1.0,3,3,1.0,1.0,0.0,0.0,1.0,0,2.8,0.1599999999999999,2.625,3.0,0.234375,2.857142857142857,4.0,1.836734693877551,4.0,0.0,3.0,1,0,1,0
1,1.0,15.0,0.0,4,4,1.0,1.0,0.0,0.0,1.0,0,3.6,0.24,1.875,1.0,1.609375,4.0,4.0,0.0,3.4,3.8400000000000007,1.0,0,1,1,0
1,0.0,14.0,0.0,0,1,0.0,0.0,0.0,0.0,0.0,1,2.6,0.24,2.5,2.5,0.75,3.7142857142857144,4.0,0.2040816326530612,3.2,0.1599999999999999,2.0,1,0,1,0
1,0.0,14.0,0.0,0,1,1.0,1.0,0.0,0.0,1.0,0,1.8,0.56,2.375,2.0,1.234375,2.2857142857142856,2.0,1.0612244897959184,4.2,0.5599999999999999,2.0,1,0,1,0
1,0.0,14.0,0.0,0,1,1.0,1.0,0.0,0.0,1.0,0,3.8,0.1599999999999999,2.375,2.0,1.234375,3.857142857142857,4.0,0.1224489795918367,4.2,0.5599999999999999,5.0,1,0,1,0
1,0.0,15.0,0.0,3,2,1.0,1.0,0.0,0.0,0.0,0,3.0,0.0,2.125,2.0,0.609375,2.2857142857142856,3.0,0.7755102040816327,4.0,0.4,1.0,0,1,1,0
1,0.0,14.0,0.0,0,1,1.0,1.0,0.0,0.0,1.0,0,3.2,0.1599999999999999,2.0,1.5,1.25,3.613544389929449,4.0,0.2074080481906637,5.0,0.0,4.0,1,0,1,0
1,0.0,15.0,1.0,4,2,1.0,1.0,0.0,0.0,1.0,0,2.8,0.1599999999999999,2.5,2.5,1.25,1.8571428571428572,1.0,1.2653061224489797,4.6,0.24,2.0,0,1,1,0
1,0.0,15.0,0.0,4,4,1.0,1.0,0.0,0.0,0.0,0,2.4,1.04,1.625,1.5,0.484375,3.0,3.0,0.2857142857142857,3.8,0.5599999999999999,2.0,0,1,1,0
1,0.0,15.0,0.0,0,1,1.0,1.0,0.0,0.0,1.0,0,3.4,0.24,1.75,2.0,0.4375,3.2874644472873986,3.2948107295061417,0.4318833481092544,4.2,0.1599999999999999,1.0,1,0,1,0
1,0.0,15.0,0.0,4,4,1.0,1.0,0.0,0.0,1.0,0,3.3906218655967906,0.2478543051421063,1.875,1.5,1.109375,3.0,4.0,1.4285714285714286,3.4,2.24,3.0,0,1,1,0
1,0.0,15.0,0.0,4,4,1.0,1.0,0.0,0.0,0.0,0,2.6,0.24,1.9751628664495111,2.0,0.5043181824210337,3.0,3.0,1.1428571428571428,4.6,0.24,1.0,0,1,1,0
1,0.0,15.0,0.0,3,0,1.0,1.0,0.0,0.0,0.0,0,3.4,0.24,2.125,2.0,0.609375,3.2857142857142856,3.0,0.489795918367347,4.4,0.6399999999999999,1.0,0,1,1,0
1,0.0,16.0,0.0,4,4,1.0,1.0,0.0,0.0,1.0,0,3.1520482533299825,0.1883781787028292,2.75,3.0,0.4375,3.245348628786521,3.0,0.4419070117400858,2.6,0.24,1.0,0,1,1,0
1,0.0,15.0,0.0,4,4,1.0,0.0,0.0,0.0,0.0,0,3.8,0.1599999999999999,2.625,2.5,0.484375,3.857142857142857,4.0,0.1224489795918367,4.6,0.24,1.0,0,1,1,0
2,1.0,15.0,0.0,2,2,1.0,0.0,0.0,0.0,0.0,0,3.0,0.4,1.625,1.5,0.484375,3.7142857142857144,4.0,0.2040816326530612,4.4,0.6399999999999999,1.0,0,1,1,0
2,1.0,15.0,0.0,2,0,0.0,0.0,1.0,1.0,1.0,0,3.4,0.24,2.25,2.5,1.1875,3.5714285714285716,4.0,0.5306122448979592,3.6,2.24,1.0,0,1,1,0
1,0.0,15.0,0.0,0,1,1.0,1.0,0.0,0.0,0.0,0,4.0,0.0,2.25,2.0,1.4375,3.2857142857142856,4.0,1.3469387755102038,4.8,0.1599999999999999,1.0,1,0,1,0
1,0.0,16.0,0.0,2,0,1.0,1.0,0.0,0.0,1.0,0,3.6,0.24,2.5,2.5,1.75,4.0,4.0,0.0,4.4,0.24,1.0,0,1,1,0
1,0.0,15.0,0.0,2,2,1.0,0.0,1.0,0.0,1.0,0,3.0,0.4,2.875,3.0,0.859375,3.5714285714285716,4.0,0.5306122448979592,3.6,0.24,1.0,0,1,1,0
1,0.0,15.0,0.0,2,0,1.0,1.0,0.0,0.0,0.0,0,2.8,0.1599999999999999,2.0,2.0,0.5,3.0,3.0,0.2857142857142857,3.6,0.24,1.0,0,1,1,0
2,0.0,16.0,0.0,4,4,1.0,0.0,1.0,0.0,1.0,0,3.4,0.24,2.0,2.0,0.5,3.5714285714285716,4.0,0.2448979591836734,4.2,0.5599999999999999,1.0,0,1,1,0
1,0.0,15.0,0.0,3,0,1.0,1.0,0.0,0.0,1.0,1,2.8,1.36,2.0,2.0,1.0,3.2857142857142856,3.0,0.489795918367347,4.0,0.8,1.0,0,1,1,0
1,0.0,17.0,0.0,0,1,0.0,0.0,0.0,0.0,0.0,1,3.4,0.24,2.75,2.5,0.6875,2.4285714285714284,2.0,1.9591836734693877,5.0,0.0,1.0,1,0,1,0
1,0.0,16.0,0.0,2,2,1.0,1.0,0.0,0.0,1.0,0,3.4,0.24,2.25,2.5,1.1875,3.4285714285714284,3.0,0.2448979591836734,4.8,0.1599999999999999,3.0,0,1,0,1
1,0.0,15.0,1.0,4,4,1.0,1.0,0.0,0.0,1.0,0,3.2,0.5599999999999999,2.375,2.5,0.484375,3.2857142857142856,3.0,0.489795918367347,4.8,0.1599999999999999,3.0,1,0,1,0
1,0.0,15.0,0.0,0,1,1.0,1.0,0.0,0.0,0.0,0,2.6,0.24,2.25,2.5,0.6875,3.2857142857142856,3.0,0.489795918367347,5.0,0.0,4.0,1,0,1,0
1,0.0,15.0,1.0,4,4,0.0,1.0,0.0,0.0,0.0,0,2.4,0.24,2.875,3.0,1.109375,3.531062914500807,4.0,0.5057894279437065,3.0,0.0,5.0,1,0,1,0
1,0.0,16.0,0.0,0,1,1.0,0.0,1.0,0.0,1.0,0,2.752048253329982,0.1500167813668151,3.0,3.0,0.75,2.0,2.0,0.2857142857142857,3.6,0.24,1.0,0,1,1,0
1,0.0,17.0,0.0,0,1,1.0,1.0,0.0,0.0,1.0,0,2.6,0.24,2.5,3.0,0.5,2.5714285714285716,3.0,0.8163265306122449,3.6,0.64,5.0,1,0,0,1
1,0.0,16.0,0.0,4,3,1.0,1.0,0.0,0.0,0.0,0,2.4,1.04,2.375,2.5,1.484375,3.0,3.0,0.8571428571428571,4.0,0.4,1.0,0,1,1,0
1,0.0,17.0,0.0,0,1,1.0,1.0,0.0,0.0,1.0,0,2.6,0.64,2.25,2.0,1.4375,2.857142857142857,3.0,1.2653061224489797,4.6,0.24,1.0,1,0,0,1
1,0.0,16.0,0.0,3,2,1.0,0.0,0.0,0.0,0.0,0,2.8,0.1599999999999999,3.0,3.0,0.5,3.0,3.0,0.5714285714285714,4.6,0.24,4.0,1,0,1,0
1,0.0,17.0,0.0,3,2,1.0,1.0,1.0,0.0,0.0,0,2.8,0.5599999999999999,2.5,2.5,1.25,3.5714285714285716,4.0,0.2448979591836734,4.4,0.24,4.0,0,1,0,1
1,0.0,16.0,0.0,0,1,1.0,1.0,0.0,0.0,1.0,0,3.2,0.5599999999999999,2.5,2.5,0.75,3.5714285714285716,4.0,0.5306122448979593,4.4,0.6399999999999999,3.0,0,1,1,0
1,0.0,15.0,0.0,2,2,1.0,1.0,0.0,0.0,1.0,0,3.4,0.24,2.5,2.5,0.25,3.857142857142857,4.0,0.1224489795918367,4.4,0.6399999999999999,1.0,0,1,1,0
1,0.0,15.0,0.0,4,4,1.0,1.0,0.0,0.0,0.0,0,3.6,0.24,2.125,2.0,1.109375,3.8167772002150926,4.0,0.1206922523105925,1.0,0.0,5.0,1,0,1,0
1,0.0,15.0,1.0,4,4,1.0,1.0,0.0,0.0,1.0,0,3.0,0.4,2.2780172413793105,2.0,0.1789861400118906,2.857142857142857,3.0,0.1224489795918367,3.6024475524475528,0.2419820040099761,3.0,1,0,1,0
1,0.0,15.0,1.0,0,1,1.0,1.0,0.0,0.0,0.0,0,2.8,1.36,3.125,3.0,0.609375,3.5714285714285716,4.0,0.2448979591836734,3.0,2.0,4.0,1,0,1,0
1,0.0,14.0,0.0,3,2,1.0,0.0,0.0,0.0,1.0,0,2.6,1.04,2.25,2.0,0.6875,2.7142857142857144,4.0,2.2040816326530615,4.0,0.4,5.0,1,0,1,0
1,0.0,14.0,0.0,0,1,1.0,1.0,0.0,0.0,1.0,0,2.8,0.1599999999999999,2.75,3.0,1.4375,3.142857142857143,4.0,1.8367346938775508,4.8024475524475525,0.1561078781358501,1.0,0,1,1,0
1,0.0,15.0,0.0,2,0,1.0,1.0,0.0,0.0,1.0,0,2.6,1.04,2.25,2.0,0.6875,3.857142857142857,4.0,0.1224489795918367,2.8,0.5599999999999999,3.0,1,0,1,0
1,1.0,14.0,1.0,0,1,1.0,0.0,0.0,0.0,1.0,0,2.6,0.64,2.25,2.0,0.9375,3.0,3.0,1.1428571428571428,4.8,0.1599999999999999,1.0,0,1,1,0
1,0.0,14.0,0.0,3,3,1.0,1.0,0.0,0.0,1.0,0,3.0,0.0,2.5,2.5,0.25,3.2857142857142856,3.0,0.489795918367347,3.6967049425861207,0.9613614525789947,3.0,1,0,1,0
1,0.0,14.0,0.0,0,1,1.0,1.0,0.0,0.0,1.0,0,2.2,0.1599999999999999,2.25,2.0,0.4375,4.0,4.0,0.0,4.2,0.5599999999999999,4.0,1,0,1,0
1,0.0,15.0,0.0,2,2,1.0,1.0,0.0,0.0,1.0,0,3.2,0.1599999999999999,2.5,2.5,0.75,3.857142857142857,4.0,0.1224489795918367,4.2,0.5599999999999999,2.0,0,1,1,0
1,0.0,15.0,0.0,2,0,1.0,1.0,0.0,0.0,1.0,0,2.6,0.24,2.625,3.0,0.484375,3.5714285714285716,4.0,0.5306122448979592,4.6,0.24,1.0,0,1,1,0
1,0.0,15.0,0.0,2,0,1.0,1.0,0.0,0.0,0.0,0,2.2,0.5599999999999999,2.375,2.5,0.984375,3.7142857142857144,4.0,0.2040816326530612,4.0,0.4,1.0,0,1,1,0
1,0.0,14.0,0.0,0,1,1.0,1.0,0.0,0.0,1.0,1,3.0,0.4,2.625,3.0,1.234375,3.7142857142857144,4.0,0.2040816326530612,3.8,0.5599999999999999,1.0,0,1,1,0
1,0.0,15.0,0.0,2,2,1.0,1.0,0.0,0.0,1.0,0,3.2,0.5599999999999999,2.0,2.0,0.75,3.7142857142857144,4.0,0.2040816326530612,4.8,0.1599999999999999,1.0,1,0,1,0
1,0.0,16.0,0.0,2,2,1.0,1.0,0.0,0.0,0.0,0,3.8,0.1599999999999999,2.75,3.0,0.6875,4.0,4.0,0.0,3.813563563563563,0.5661613064515967,2.0,0,1,1,0
1,0.0,15.0,0.0,0,1,1.0,1.0,0.0,0.0,1.0,0,2.6,0.24,2.625,3.0,0.734375,3.0,3.0,0.8571428571428571,4.2,0.5599999999999999,4.0,1,0,1,0
1,0.0,14.0,0.0,2,0,1.0,1.0,0.0,0.0,1.0,0,2.2,0.96,1.875,2.0,0.609375,3.857142857142857,4.0,0.1224489795918367,4.4,0.24,2.0,0,1,1,0
1,0.0,15.0,1.0,3,0,1.0,0.0,0.0,0.0,0.0,0,2.4,1.0400000000000005,2.625,2.5,1.484375,4.0,4.0,0.0,3.6,2.24,3.0,1,0,1,0
1,0.0,15.0,0.0,2,0,1.0,1.0,0.0,0.0,1.0,0,3.2,0.5599999999999999,2.375,2.5,0.984375,3.5714285714285716,4.0,0.5306122448979592,4.0,0.4,2.0,0,1,1,0
1,0.0,15.0,0.0,0,1,1.0,1.0,0.0,0.0,1.0,0,2.8,0.1599999999999999,2.5,2.5,0.75,3.0,3.0,0.8571428571428571,4.4,1.44,2.0,1,0,1,0
1,0.0,15.0,0.0,2,0,1.0,1.0,0.0,0.0,1.0,1,3.3979924717691348,0.2416221432630834,2.125,2.0,1.359375,3.7634297151435008,4.0,0.1483667140637986,5.0,0.0,1.0,0,1,1,0
1,0.0,15.0,0.0,2,0,1.0,1.0,0.0,0.0,1.0,0,2.8,0.1599999999999999,2.0,1.5,1.5,4.0,4.0,0.0,4.2,0.5599999999999999,1.0,0,1,1,0
1,0.0,14.0,0.0,0,1,1.0,1.0,0.0,0.0,1.0,0,3.0,0.4,2.375,2.0,0.734375,3.857142857142857,4.0,0.1224489795918367,3.8,2.16,4.0,1,0,1,0
1,0.0,15.0,0.0,2,0,1.0,1.0,0.0,0.0,1.0,0,2.8748961490855045,0.0179318986127758,1.875,2.0,0.359375,3.0,3.0,0.2857142857142857,3.8,0.1599999999999999,1.0,0,1,1,0
1,0.0,14.0,0.0,3,3,1.0,1.0,0.0,0.0,1.0,0,3.6,0.24,2.375,2.5,0.984375,2.9133993352156975,3.0,0.6164266222750703,5.0,0.0,1.0,0,1,1,0
1,0.0,16.0,0.0,3,2,1.0,1.0,0.0,0.0,1.0,0,3.0,0.8,2.5,2.5,0.25,3.7142857142857144,4.0,0.2040816326530612,4.8,0.1599999999999999,2.0,0,1,1,0
1,0.0,16.0,0.0,3,3,1.0,0.0,0.0,0.0,1.0,0,3.4,0.64,2.125,2.0,0.859375,4.0,4.0,0.0,3.0,2.0,1.0,0,1,1,0
1,0.0,16.0,0.0,0,1,1.0,0.0,0.0,0.0,0.0,0,2.8,0.5599999999999999,2.0,2.0,0.25,3.7142857142857144,4.0,0.489795918367347,4.4,0.24,1.0,0,1,1,0
1,0.0,16.0,0.0,2,2,1.0,1.0,0.0,0.0,1.0,0,2.6,0.24,2.0,1.5,1.5,3.857142857142857,4.0,0.1224489795918367,5.0,0.0,1.0,0,1,1,0
1,0.0,16.0,0.0,0,1,1.0,1.0,0.0,0.0,0.0,0,2.6,0.64,2.5,3.0,0.75,2.5714285714285716,3.0,0.5306122448979593,4.0,0.4,4.0,0,1,0,1
1,1.0,17.0,1.0,5,4,1.0,1.0,0.0,0.0,1.0,0,3.0,0.4,2.5,2.0,1.0,2.5714285714285716,3.0,0.2448979591836734,3.0,1.2,4.0,0,1,0,1
1,0.0,15.0,0.0,0,1,1.0,0.0,1.0,0.0,0.0,0,1.4,0.24,2.375,2.5,1.484375,2.484827906644269,2.3937953465098825,1.9299525830721984,3.8,2.56,1.0,0,1,1,0
1,0.0,16.0,0.0,2,0,1.0,0.0,0.0,0.0,0.0,1,2.6,0.24,2.7569982504373907,2.0279930017495627,0.9273454529082052,2.64326878333393,2.0,1.1945842370964788,3.6,1.4400000000000002,1.0,0,1,1,0
1,0.0,15.0,0.0,2,0,1.0,1.0,0.0,0.0,0.0,1,3.4,0.24,1.75,2.0,0.4375,3.4285714285714284,4.0,0.5306122448979592,4.6,0.24,1.0,1,0,1,0
1,0.0,15.0,0.0,3,3,1.0,1.0,0.0,0.0,1.0,0,3.4,0.64,1.8501628664495111,1.9006514657980456,0.6074838990334115,3.8167772002150926,4.0,0.1206922523105925,3.6,1.4400000000000002,1.0,0,1,1,0
1,0.0,16.0,0.0,3,2,0.0,0.0,0.0,0.0,0.0,1,2.9906218655967907,0.4003517976195386,2.5,2.5,1.75,3.2857142857142856,3.0,0.489795918367347,4.6,0.24,1.0,0,1,1,0
1,0.0,16.0,0.0,4,4,1.0,1.0,0.0,0.0,1.0,0,3.2,0.1599999999999999,2.4751628664495113,2.0,1.0291553159715223,4.0,4.0,0.0,4.0,1.2,1.0,0,1,1,0
1,0.0,15.0,0.0,2,0,1.0,1.0,0.0,0.0,1.0,0,2.8,0.1599999999999999,2.875,3.0,1.109375,3.2857142857142856,4.0,0.7755102040816327,4.6,0.24,1.0,0,1,1,0
1,0.0,16.0,0.0,3,0,1.0,0.0,1.0,0.0,1.0,0,2.8,0.1599999999999999,2.875,3.0,0.859375,3.2857142857142856,3.0,0.489795918367347,4.6,0.24,1.0,0,1,1,0
1,0.0,16.0,0.0,3,0,1.0,1.0,0.0,0.0,1.0,1,3.0,1.2,2.125,2.0,0.859375,2.857142857142857,4.0,1.8367346938775508,4.0,0.8,1.0,0,1,1,0
1,0.0,16.0,1.0,4,5,1.0,0.0,1.0,0.0,1.0,0,3.4,0.64,2.25,2.5,1.1875,2.4285714285714284,2.0,0.8163265306122449,3.6,1.04,3.0,1,0,1,0
1,0.0,15.0,1.0,4,4,1.0,0.0,0.0,0.0,0.0,1,4.0,0.0,2.625,2.5,0.984375,4.0,4.0,0.0,3.4,0.64,5.0,1,0,1,0
1,0.0,15.0,0.0,4,2,1.0,1.0,0.0,0.0,0.0,0,3.0,0.0,2.25,2.5,0.6875,3.7142857142857144,4.0,0.2040816326530612,4.6,0.6399999999999999,2.0,1,0,1,0
1,0.0,16.0,0.0,4,2,1.0,1.0,0.0,0.0,1.0,0,3.0,0.4,2.25,2.5,1.1875,3.7142857142857144,4.0,0.489795918367347,4.0,1.2,1.0,0,1,1,0
1,0.0,15.0,0.0,4,3,1.0,1.0,0.0,0.0,0.0,0,3.0,0.8,2.07559375,2.0,0.2900009052734374,3.857142857142857,4.0,0.1224489795918367,3.8,0.5599999999999999,1.0,0,1,1,0
1,0.0,15.0,0.0,3,2,1.0,1.0,0.0,0.0,1.0,0,3.6,0.24,2.5,2.5,0.25,3.4285714285714284,4.0,0.5306122448979592,4.8,0.1599999999999999,1.0,0,1,1,0
1,0.0,16.0,0.0,3,0,1.0,1.0,0.0,0.0,0.0,0,3.2,0.5599999999999999,2.5,2.5,1.25,3.5714285714285716,4.0,0.2448979591836734,4.2,1.36,1.0,0,1,1,0
1,0.0,15.0,0.0,5,4,1.0,1.0,0.0,0.0,0.0,0,3.8,0.1599999999999999,2.375,2.0,0.234375,3.5714285714285716,4.0,0.5306122448979592,4.0,0.4,4.0,1,0,1,0
1,0.0,15.0,1.0,4,5,1.0,1.0,0.0,0.0,1.0,0,2.4,0.24,2.5,2.5,1.25,2.4285714285714284,2.0,0.2448979591836734,2.8,0.5599999999999999,5.0,0,1,1,0
1,0.0,15.0,0.0,0,1,1.0,1.0,0.0,0.0,1.0,0,2.8,0.96,2.5,2.5,0.75,3.7142857142857144,4.0,0.2040816326530612,3.8,2.16,3.0,1,0,1,0
1,0.0,15.0,1.0,2,0,1.0,1.0,0.0,0.0,0.0,0,3.6,0.24,2.112149824912456,2.0,1.088043082595262,3.4285714285714284,4.0,1.1020408163265307,2.0,0.8,5.0,1,0,0,1
1,0.0,17.0,0.0,4,3,1.0,1.0,0.0,0.0,1.0,0,2.8,0.1599999999999999,2.375,2.0,0.734375,3.142857142857143,3.0,0.979591836734694,3.8,0.1599999999999999,3.0,1,0,1,0
1,0.0,16.0,0.0,2,0,1.0,1.0,0.0,0.0,1.0,0,2.2,0.1599999999999999,2.0,2.0,0.5,3.2857142857142856,3.0,0.489795918367347,4.6,0.24,1.0,0,1,1,0
1,0.0,16.0,0.0,2,2,1.0,0.0,0.0,0.0,1.0,0,2.6,1.0400000000000005,2.5,2.5,0.75,3.4285714285714284,4.0,0.5306122448979592,4.4,0.24,1.0,0,1,1,0
1,0.0,16.0,0.0,2,2,1.0,0.0,0.0,0.0,1.0,0,2.6,0.64,2.125,2.0,1.109375,3.142857142857143,3.0,0.979591836734694,4.4,0.6399999999999999,1.0,0,1,1,0
2,1.0,17.0,0.0,3,3,1.0,0.0,0.0,0.0,0.0,0,3.6,0.24,2.75,2.5,0.6875,3.2857142857142856,4.0,0.7755102040816327,3.4,1.04,1.0,1,0,1,0
2,1.0,17.0,1.0,4,3,1.0,0.0,0.0,0.0,0.0,0,4.0,0.0,2.362149824912456,1.948599299649825,1.9694681701390344,4.0,4.0,0.0,1.8,2.5600000000000005,5.0,1,0,1,0
1,0.0,17.0,0.0,0,1,1.0,1.0,0.0,0.0,0.0,0,2.8,0.5599999999999999,2.5,2.5,1.75,3.2857142857142856,3.0,0.489795918367347,4.4,0.24,1.0,0,1,1,0
1,0.0,16.0,0.0,0,1,1.0,1.0,0.0,0.0,1.0,0,2.8,0.96,2.375,2.5,1.484375,3.4285714285714284,4.0,0.5306122448979592,5.0,0.0,4.0,1,0,0,1
1,0.0,17.0,0.0,2,2,1.0,1.0,0.0,0.0,0.0,0,3.0,1.2,2.75,3.0,0.9375,3.4285714285714284,4.0,0.816326530612245,3.8,2.56,1.0,0,1,1,0
1,0.0,16.0,0.0,2,2,1.0,0.0,0.0,0.0,1.0,0,3.2,0.1599999999999999,2.375,2.5,0.484375,3.4285714285714284,4.0,0.5306122448979592,4.0,0.0,1.0,0,1,0,1
2,1.0,16.0,1.0,2,2,1.0,0.0,1.0,0.0,1.0,1,2.8,0.5599999999999999,2.5,2.5,1.25,2.142857142857143,2.0,1.2653061224489794,4.8,0.1599999999999999,3.0,0,1,0,1
1,0.0,16.0,0.0,0,1,1.0,1.0,0.0,0.0,1.0,0,3.2,0.1599999999999999,2.25,2.0,0.4375,2.857142857142857,3.0,0.1224489795918367,3.0,0.4,2.0,0,1,1,0
1,0.0,17.0,0.0,2,0,1.0,0.0,0.0,0.0,1.0,0,2.0,0.8,2.625,3.0,1.234375,1.5714285714285714,1.0,0.5306122448979591,4.2,0.5599999999999999,2.0,0,1,0,1
1,0.0,17.0,0.0,0,1,1.0,1.0,0.0,0.0,1.0,0,2.6,0.24,2.25,2.0,1.1875,3.142857142857143,3.0,0.4081632653061224,3.8,0.5599999999999999,1.0,0,1,1,0
1,0.0,16.0,0.0,2,2,1.0,1.0,0.0,0.0,1.0,0,3.3979924717691348,0.2416221432630835,2.375,2.5,0.984375,4.0,4.0,0.0,4.0,0.8,1.0,0,1,1,0
1,0.0,17.0,0.0,2,2,1.0,1.0,0.0,0.0,1.0,0,3.0,0.4,2.375,2.5,0.984375,3.5714285714285716,4.0,0.5306122448979593,4.6,0.24,1.0,0,1,1,0
1,0.0,17.0,0.0,2,0,1.0,1.0,0.0,0.0,0.0,1,3.0,0.0,2.75,3.0,0.1875,2.7142857142857144,3.0,0.2040816326530612,3.0,0.0,2.0,0,1,0,1
2,1.0,14.0,0.0,2,2,1.0,1.0,0.0,0.0,1.0,0,3.2,0.1599999999999999,3.0,3.0,0.25,3.7142857142857144,4.0,0.2040816326530612,4.0,0.4,1.0,0,1,1,0
1,0.0,16.0,0.0,4,0,1.0,0.0,0.0,0.0,1.0,0,3.4,0.24,2.0,1.5,1.5,3.142857142857143,3.0,0.6938775510204082,4.4,0.6399999999999999,2.0,0,1,1,0
1,0.0,14.0,0.0,2,0,1.0,1.0,0.0,0.0,0.0,0,3.0,0.4,2.25,1.5,1.9375,2.857142857142857,3.0,0.6938775510204082,4.4,0.24,1.0,0,1,1,0
1,1.0,14.0,0.0,0,1,1.0,1.0,0.0,0.0,1.0,0,3.8,0.1599999999999999,2.25,2.5,1.1875,3.857142857142857,4.0,0.1224489795918367,4.6,0.24,4.0,1,0,1,0
1,0.0,16.0,0.0,4,3,1.0,1.0,0.0,0.0,1.0,0,2.4,0.24,2.25,2.0,0.9375,3.2857142857142856,4.0,1.0612244897959184,4.4,0.24,1.0,0,1,1,0
1,0.0,14.0,0.0,0,1,1.0,0.0,0.0,0.0,1.0,0,3.197992471769134,0.1608191319707372,2.5,3.0,0.5,2.0,2.0,0.8571428571428571,4.6,0.24,1.0,0,1,1,0
1,0.0,15.0,0.0,2,2,1.0,1.0,0.0,0.0,0.0,0,3.0,0.4,2.125,2.0,0.359375,3.4285714285714284,4.0,0.5306122448979592,4.6,0.24,1.0,0,1,0,1
1,1.0,14.0,0.0,0,1,1.0,1.0,0.0,0.0,1.0,0,3.0,0.0,2.0,2.0,0.75,2.2857142857142856,1.0,2.2040816326530615,4.2,0.96,1.0,0,1,1,0
1,0.0,14.0,0.0,0,1,1.0,1.0,0.0,0.0,1.0,0,3.6,0.24,2.75,3.0,0.4375,3.5714285714285716,4.0,0.5306122448979592,4.4,0.6399999999999999,1.0,1,0,1,0
1,0.0,16.0,0.0,0,1,1.0,0.0,1.0,0.0,1.0,0,3.0,0.4,2.125,2.0,1.109375,2.857142857142857,3.0,1.2653061224489797,4.8,0.1599999999999999,3.0,1,0,1,0
1,0.0,15.0,1.0,3,0,1.0,1.0,0.0,0.0,1.0,0,3.0,0.0,2.625,3.0,0.234375,3.857142857142857,4.0,0.1224489795918367,4.0,0.4,5.0,1,0,1,0
1,0.0,14.0,0.0,3,0,1.0,1.0,0.0,0.0,1.0,0,3.6,0.24,2.5,3.0,0.5,3.5714285714285716,4.0,0.5306122448979592,3.6,0.64,5.0,1,0,1,0
1,0.0,14.0,0.0,2,2,1.0,0.0,1.0,0.0,1.0,0,2.0,1.2,2.875,3.0,0.609375,3.4285714285714284,4.0,1.1020408163265307,4.2,2.56,4.0,1,0,1,0
1,0.0,15.0,0.0,2,0,1.0,1.0,0.0,0.0,1.0,0,2.8,0.5599999999999999,2.5,2.5,0.75,2.857142857142857,3.0,1.551020408163265,4.6,0.24,1.0,0,1,0,1
1,1.0,16.0,0.0,0,1,1.0,1.0,0.0,0.0,0.0,1,2.6,0.24,1.875,2.0,0.609375,2.5714285714285716,3.0,1.3877551020408163,4.2,0.5599999999999999,1.0,0,1,1,0
1,0.0,16.0,0.0,0,1,1.0,0.0,0.0,0.0,0.0,1,2.3342335583895975,0.1783811694358948,2.375,2.0,0.734375,3.5714285714285716,4.0,0.2448979591836734,5.0,0.0,1.0,0,1,1,0
1,0.0,14.0,1.0,3,3,1.0,1.0,0.0,0.0,0.0,0,2.6,0.24,2.125,2.0,1.359375,3.4285714285714284,3.0,0.2448979591836734,4.0,0.8,5.0,1,0,1,0
1,0.0,14.0,0.0,2,0,1.0,1.0,0.0,0.0,1.0,0,3.0,0.4,2.375,2.0,0.984375,3.7142857142857144,4.0,0.2040816326530612,5.0,0.0,5.0,1,0,1,0
1,0.0,15.0,0.0,0,1,1.0,1.0,0.0,0.0,1.0,0,3.4,0.24,2.5,2.5,0.75,3.857142857142857,4.0,0.1224489795918367,4.8,0.1599999999999999,5.0,1,0,1,0
1,0.0,15.0,1.0,2,2,1.0,1.0,0.0,0.0,1.0,0,3.0,0.4,2.5,3.0,1.0,3.5714285714285716,4.0,0.5306122448979592,4.4,0.6399999999999999,5.0,1,0,1,0
1,0.0,15.0,0.0,3,2,1.0,1.0,0.0,0.0,1.0,0,2.2,0.5599999999999999,2.25,2.0,0.1875,2.0,2.0,0.5714285714285714,4.4,0.24,4.0,0,1,1,0
1,0.0,15.0,0.0,2,2,1.0,1.0,0.0,0.0,1.0,0,3.2,0.1599999999999999,1.625,1.5,0.484375,3.7142857142857144,4.0,0.2040816326530612,2.0,0.0,1.0,0,1,1,0
1,1.0,15.0,0.0,2,2,1.0,1.0,0.0,0.0,0.0,1,3.4,0.64,2.375,2.5,0.984375,3.4285714285714284,4.0,0.5306122448979592,3.8,0.5599999999999999,1.0,0,1,1,0
1,0.0,14.0,0.0,0,1,1.0,1.0,0.0,0.0,1.0,0,2.8,0.1599999999999999,2.375,2.5,0.484375,3.857142857142857,4.0,0.1224489795918367,4.4,0.24,5.0,1,0,1,0
1,0.0,15.0,0.0,3,3,1.0,1.0,0.0,0.0,1.0,0,3.2,0.1599999999999999,2.375,2.0,0.234375,3.0,4.0,1.7142857142857142,4.2,0.5599999999999999,4.0,1,0,1,0
1,0.0,15.0,0.0,2,2,1.0,1.0,0.0,0.0,1.0,0,3.2,0.1599999999999999,2.5,3.0,0.5,3.857142857142857,4.0,0.1224489795918367,1.4,0.64,1.0,0,1,1,0
1,0.0,15.0,0.0,2,2,1.0,1.0,0.0,0.0,0.0,0,3.6,0.24,1.5,1.0,0.5,4.0,4.0,0.0,5.0,0.0,2.0,0,1,1,0
1,0.0,15.0,0.0,2,0,0.0,1.0,0.0,0.0,0.0,0,3.4,0.24,2.5,2.5,0.25,3.5714285714285716,4.0,0.2448979591836734,4.4,0.24,3.0,1,0,1,0
1,0.0,15.0,0.0,0,1,1.0,1.0,0.0,0.0,1.0,0,3.0,0.0,2.625,3.0,0.234375,3.4285714285714284,4.0,0.5306122448979592,5.0,0.0,2.0,0,1,1,0
1,0.0,14.0,0.0,0,1,1.0,1.0,0.0,0.0,1.0,1,3.6,0.24,2.75,3.0,1.4375,3.2146973547625017,3.5028814833375095,0.7043178724699466,5.0,0.0,1.0,0,1,0,1
1,0.0,14.0,0.0,0,1,1.0,1.0,0.0,0.0,1.0,0,3.6,0.24,2.125,1.5,1.609375,4.0,4.0,0.0,4.8,0.1599999999999999,1.0,0,1,1,0
2,1.0,15.0,0.0,0,1,1.0,1.0,0.0,0.0,1.0,0,3.0,0.0,2.5,2.5,0.75,3.857142857142857,4.0,0.1224489795918367,4.257200100175306,0.5502073657701378,3.0,1,0,1,0
1,0.0,14.0,0.0,2,0,1.0,1.0,0.0,1.0,1.0,0,2.8,0.96,2.625,3.0,0.734375,2.7142857142857144,3.0,0.7755102040816327,4.4,0.24,1.0,0,1,1,0
1,0.0,15.0,0.0,0,1,1.0,1.0,0.0,0.0,1.0,0,3.2,0.5599999999999999,2.125,2.0,0.359375,3.5714285714285716,4.0,0.2448979591836734,4.2,0.5599999999999999,4.0,1,0,1,0
1,0.0,14.0,0.0,0,1,1.0,1.0,0.0,0.0,1.0,0,3.6,0.24,2.5,2.0,1.0,3.4285714285714284,3.0,0.2448979591836734,4.2,0.5599999999999999,2.0,1,0,1,0
1,0.0,14.0,0.0,0,1,1.0,1.0,1.0,0.0,1.0,0,3.2,0.5599999999999999,2.375,2.5,1.484375,4.0,4.0,0.0,4.6,0.24,1.0,0,1,1,0
1,0.0,16.0,1.0,4,0,1.0,1.0,0.0,0.0,0.0,0,2.8,0.1599999999999999,3.625,4.0,0.234375,3.4285714285714284,4.0,0.5306122448979592,4.057200100175306,0.0130874058402604,5.0,1,0,1,0
1,1.0,14.0,0.0,0,1,1.0,1.0,0.0,1.0,1.0,0,3.2,0.1599999999999999,2.375,2.5,0.484375,3.5714285714285716,4.0,0.5306122448979592,4.2,0.1599999999999999,5.0,1,0,1,0
1,0.0,15.0,0.0,0,1,1.0,1.0,0.0,0.0,1.0,0,3.2,0.5599999999999999,2.375,3.0,0.734375,3.5714285714285716,4.0,0.5306122448979592,4.6,0.6399999999999999,1.0,1,0,1,0
2,1.0,14.0,0.0,2,2,1.0,1.0,0.0,0.0,1.0,0,4.0,0.0,2.375,2.0,0.734375,3.4285714285714284,3.0,0.2448979591836734,3.2,2.16,4.0,1,0,1,0
1,0.0,14.0,0.0,0,1,1.0,1.0,0.0,0.0,1.0,0,4.0,0.0,2.375,2.0,0.234375,3.5714285714285716,4.0,0.2448979591836734,4.0,0.0,4.0,1,0,1,0
1,0.0,15.0,0.0,0,1,1.0,1.0,0.0,0.0,1.0,0,3.2,0.5599999999999999,2.75,3.0,1.6875,3.7142857142857144,4.0,0.2040816326530612,4.4,0.6399999999999999,2.0,1,0,1,0
1,0.0,15.0,1.0,4,3,1.0,1.0,0.0,0.0,1.0,0,2.0,0.8,2.625,2.5,0.484375,3.142857142857143,3.0,0.4081632653061224,3.6,0.24,4.0,0,1,1,0
1,0.0,14.0,0.0,2,0,1.0,1.0,0.0,0.0,1.0,0,2.6,0.64,2.7189612015018776,2.8758448060075095,0.928724449836388,3.142857142857143,4.0,1.2653061224489797,3.6,0.64,2.0,0,1,1,0
1,0.0,14.0,0.0,0,1,1.0,1.0,0.0,0.0,1.0,0,2.2,0.5599999999999999,2.625,2.5,0.484375,3.5714285714285716,4.0,0.5306122448979592,3.9482071292790826,0.0698009740461593,2.0,1,0,1,0
1,0.0,15.0,1.0,2,2,1.0,1.0,0.0,0.0,0.0,0,3.0,0.4,2.0,2.0,0.25,3.5714285714285716,4.0,0.2448979591836734,5.0,0.0,4.0,1,0,0,1
1,0.0,15.0,0.0,2,0,1.0,1.0,0.0,0.0,1.0,0,2.0,0.4,2.0,2.0,0.75,3.142857142857143,3.0,0.6938775510204082,4.2,0.5599999999999999,1.0,0,1,1,0
1,0.0,14.0,0.0,0,1,1.0,1.0,0.0,0.0,1.0,0,2.8,0.1599999999999999,2.375,2.5,0.484375,4.0,4.0,0.0,4.8,0.1599999999999999,2.0,0,1,1,0
1,0.0,15.0,0.0,4,3,1.0,1.0,0.0,0.0,1.0,0,2.8,0.5599999999999999,2.375,2.0,0.734375,3.142857142857143,4.0,1.2653061224489797,4.2,0.5599999999999999,5.0,1,0,0,1
1,0.0,14.0,0.0,3,2,1.0,1.0,0.0,0.0,0.0,0,3.0,0.4,2.125,2.0,0.359375,3.857142857142857,4.0,0.1224489795918367,4.4,0.24,1.0,0,1,1,0
1,1.0,15.0,0.0,2,2,0.0,1.0,0.0,0.0,1.0,0,3.0,0.4,2.25,2.5,0.6875,2.5714285714285716,3.0,0.816326530612245,4.0,0.8,1.0,0,1,1,0
1,0.0,15.0,0.0,0,1,1.0,1.0,0.0,0.0,1.0,1,2.0,0.4,2.625,2.5,0.984375,2.4285714285714284,2.0,0.8163265306122449,4.2,0.1599999999999999,2.0,0,1,1,0
1,0.0,14.0,0.0,0,1,1.0,1.0,0.0,0.0,0.0,0,3.8,0.1599999999999999,2.25,2.5,1.1875,3.4285714285714284,4.0,0.5306122448979592,4.0,1.2,1.0,0,1,1,0
1,1.0,14.0,0.0,0,1,1.0,1.0,0.0,0.0,1.0,0,3.6,0.24,2.375,2.5,0.484375,3.4285714285714284,4.0,0.5306122448979592,4.6,0.24,1.0,1,0,1,0
2,1.0,15.0,0.0,2,2,1.0,0.0,0.0,0.0,0.0,0,4.0,0.0,1.875,2.0,0.609375,3.0,4.0,1.7142857142857142,4.6,0.6399999999999999,2.0,1,0,1,0
1,1.0,14.0,1.0,4,4,1.0,0.0,0.0,0.0,0.0,0,2.4,0.64,2.75,3.0,0.9375,3.2857142857142856,3.0,0.489795918367347,3.6,2.24,4.0,1,0,1,0
1,0.0,15.0,0.0,0,1,1.0,1.0,0.0,0.0,1.0,0,2.4,0.64,2.375,2.0,1.234375,2.5714285714285716,3.0,0.816326530612245,4.0,0.4,1.0,1,0,1,0
1,1.0,16.0,1.0,3,3,1.0,1.0,0.0,0.0,1.0,0,3.4,0.24,2.75,3.0,0.6875,2.4285714285714284,2.0,0.8163265306122449,2.8,0.5599999999999999,2.0,1,0,1,0
1,0.0,16.0,0.0,0,1,0.0,1.0,0.0,0.0,1.0,0,3.2,0.5599999999999999,2.75,3.0,1.6875,3.7142857142857144,4.0,0.489795918367347,4.4,0.6399999999999999,1.0,1,0,1,0
1,0.0,15.0,0.0,3,2,1.0,1.0,0.0,0.0,1.0,0,3.2,0.5599999999999999,2.0,2.0,1.0,3.0,3.0,0.8571428571428571,4.6,0.24,1.0,0,1,1,0
1,0.0,14.0,0.0,0,1,1.0,1.0,0.0,0.0,1.0,0,3.2,0.1599999999999999,2.5,2.5,0.25,3.142857142857143,3.0,0.4081632653061224,3.4,0.24,3.0,1,0,1,0
1,0.0,16.0,1.0,2,2,1.0,0.0,0.0,0.0,0.0,0,1.6,0.64,2.5,3.0,0.5,2.5714285714285716,2.0,0.5306122448979592,3.8,0.5599999999999999,2.0,0,1,1,0
1,0.0,15.0,0.0,2,0,1.0,1.0,0.0,0.0,1.0,0,2.6,0.24,2.625,3.0,0.234375,3.5714285714285716,4.0,0.5306122448979592,3.4,1.04,1.0,1,0,1,0
2,1.0,14.0,0.0,0,1,0.0,0.0,1.0,0.0,0.0,0,3.2,0.1599999999999999,2.75,2.5,0.6875,2.142857142857143,2.0,0.979591836734694,4.2,0.5599999999999999,3.0,1,0,1,0
1,0.0,15.0,0.0,4,2,1.0,1.0,0.0,0.0,0.0,1,2.2,0.5599999999999999,2.625,3.0,0.734375,3.857142857142857,4.0,0.1224489795918367,4.4,0.64,2.0,1,0,1,0
1,0.0,15.0,1.0,4,4,1.0,0.0,0.0,0.0,0.0,0,2.2,0.5599999999999999,2.5,2.5,1.75,3.0,3.0,1.1428571428571428,4.6,0.6399999999999999,2.0,0,1,1,0
1,0.0,16.0,0.0,2,0,1.0,1.0,0.0,0.0,1.0,0,1.4,0.24,2.75,3.0,0.4375,3.857142857142857,4.0,0.1224489795918367,4.4,0.24,1.0,0,1,1,0
1,1.0,17.0,0.0,2,0,1.0,1.0,0.0,0.0,1.0,1,2.5906218655967903,0.2328492900969709,2.375,2.0,0.234375,2.7142857142857144,3.0,0.489795918367347,3.8,0.1599999999999999,1.0,0,1,1,0
1,0.0,16.0,0.0,4,3,1.0,1.0,0.0,0.0,1.0,0,3.4,0.24,2.5,2.5,0.75,4.0,4.0,0.0,4.413563563563564,0.2298850301753205,3.0,0,1,0,1
1,0.0,15.0,0.0,2,0,1.0,1.0,0.0,0.0,0.0,0,2.2,0.5599999999999999,2.625,3.0,0.734375,3.2857142857142856,4.0,0.7755102040816327,4.4,0.24,2.0,1,0,1,0
1,0.0,16.0,1.0,4,4,1.0,1.0,0.0,0.0,0.0,0,3.2,0.5599999999999999,2.019218710810133,1.5768748432405315,1.2525855119164246,2.857142857142857,3.0,0.979591836734694,5.0,0.0,2.0,0,1,0,1
1,0.0,15.0,0.0,0,1,1.0,0.0,0.0,0.0,1.0,0,1.6,0.24,3.25,3.5,0.6875,2.142857142857143,2.0,0.6938775510204082,3.6,0.24,2.0,0,1,1,0
1,1.0,16.0,0.0,2,0,1.0,1.0,0.0,0.0,1.0,0,2.6,0.24,2.5,2.5,0.75,3.0,3.0,0.2857142857142857,4.0,0.4,3.0,1,0,1,0
1,0.0,15.0,0.0,2,0,1.0,1.0,0.0,0.0,0.0,0,3.2,0.1599999999999999,2.375,2.0,0.734375,3.7142857142857144,4.0,0.2040816326530612,4.0,0.0,1.0,0,1,1,0
1,0.0,15.0,0.0,3,2,1.0,1.0,0.0,0.0,0.0,0,2.6,0.24,2.625,3.0,0.234375,2.7142857142857144,3.0,0.2040816326530612,4.2,0.1599999999999999,4.0,1,0,1,0
1,1.0,16.0,1.0,4,4,1.0,0.0,0.0,0.0,0.0,0,2.6,0.24,2.125,2.0,0.359375,3.142857142857143,3.0,0.6938775510204082,4.8,0.1599999999999999,4.0,0,1,0,1
1,0.0,16.0,0.0,2,0,1.0,1.0,1.0,1.0,1.0,0,3.6,0.24,2.5,2.0,1.5,4.0,4.0,0.0,4.8,0.1599999999999999,1.0,0,1,1,0
1,0.0,15.0,0.0,2,0,0.0,1.0,0.0,0.0,0.0,0,2.8,0.1599999999999999,2.375,2.0,0.734375,3.142857142857143,3.0,0.1224489795918367,4.0,0.4,2.0,0,1,1,0
1,0.0,16.0,0.0,2,0,1.0,1.0,0.0,0.0,0.0,0,2.8,0.5599999999999999,2.625,2.5,0.484375,2.7142857142857144,3.0,0.2040816326530612,4.2,0.1599999999999999,2.0,0,1,0,1
2,1.0,15.0,0.0,0,1,1.0,0.0,0.0,0.0,1.0,0,3.4,0.24,2.125,2.0,1.109375,3.142857142857143,4.0,0.979591836734694,4.8,0.1599999999999999,3.0,0,1,0,1
1,0.0,16.0,1.0,3,3,0.0,1.0,0.0,0.0,0.0,0,3.0,0.0,2.375,2.0,0.234375,2.7142857142857144,2.0,0.7755102040816327,3.8,0.1599999999999999,3.0,0,1,0,1
1,1.0,14.0,0.0,0,1,1.0,1.0,0.0,0.0,1.0,1,3.4,0.24,1.875,2.0,0.359375,3.7142857142857144,4.0,0.2040816326530612,4.8,0.1599999999999999,1.0,1,0,1,0
1,1.0,15.0,0.0,3,2,1.0,1.0,0.0,0.0,0.0,0,3.4,0.24,2.25,2.5,1.1875,3.7142857142857144,4.0,0.489795918367347,4.2,0.5599999999999999,1.0,0,1,1,0
1,0.0,14.0,0.0,2,0,1.0,1.0,0.0,0.0,1.0,0,2.8,0.5599999999999999,2.25,2.5,0.6875,3.2857142857142856,4.0,1.0612244897959184,4.2,0.1599999999999999,1.0,0,1,1,0
1,0.0,14.0,0.0,0,1,1.0,1.0,0.0,0.0,1.0,0,3.6,0.24,2.5,2.5,0.75,3.5714285714285716,4.0,0.2448979591836734,4.4,0.6399999999999999,1.0,0,1,0,1
1,0.0,14.0,0.0,2,0,1.0,0.0,0.0,0.0,1.0,0,2.8,0.1599999999999999,2.75,3.0,0.4375,4.0,4.0,0.0,4.4,0.24,2.0,0,1,0,1
1,0.0,14.0,0.0,0,1,1.0,1.0,0.0,0.0,1.0,0,2.8,0.1599999999999999,2.75,3.0,0.4375,3.142857142857143,3.0,0.1224489795918367,3.2,0.5599999999999999,1.0,0,1,1,0
1,0.0,14.0,0.0,2,0,1.0,1.0,0.0,0.0,1.0,0,1.8,0.16,2.375,2.5,0.484375,2.2857142857142856,3.0,0.7755102040816327,4.6,0.6399999999999999,1.0,0,1,1,0
2,1.0,15.0,0.0,3,3,1.0,1.0,0.0,0.0,1.0,0,1.4,0.24,2.5,2.0,0.5,2.4285714285714284,3.0,1.1020408163265307,4.4,0.24,2.0,0,1,1,0
1,0.0,15.0,1.0,2,0,1.0,1.0,0.0,0.0,0.0,0,3.0,0.4,2.875,3.0,0.609375,3.4285714285714284,4.0,0.5306122448979592,3.2,1.36,5.0,1,0,1,0
1,0.0,15.0,0.0,0,1,1.0,1.0,0.0,0.0,1.0,0,2.8,0.5599999999999999,2.625,3.0,0.234375,3.4285714285714284,3.0,0.2448979591836734,4.2,0.1599999999999999,2.0,1,0,1,0
1,0.0,14.0,1.0,0,1,1.0,1.0,0.0,0.0,1.0,0,3.2,0.5599999999999999,2.625,2.5,0.484375,3.4285714285714284,4.0,0.5306122448979592,3.6,0.64,4.0,1,0,1,0
1,0.0,15.0,0.0,0,1,1.0,1.0,0.0,0.0,1.0,0,2.6,0.24,2.625,2.5,0.484375,3.0,3.0,0.2857142857142857,3.8,0.1599999999999999,1.0,1,0,1,0
1,0.0,14.0,0.0,0,1,1.0,1.0,0.0,0.0,0.0,0,2.8,0.1599999999999999,2.625,3.0,0.234375,4.0,4.0,0.0,4.8,0.1599999999999999,2.0,1,0,1,0
1,1.0,15.0,0.0,0,1,1.0,0.0,0.0,0.0,0.0,0,2.2,0.5599999999999999,2.875,3.0,1.109375,3.2857142857142856,4.0,0.7755102040816327,4.6,0.24,4.0,0,1,0,1
1,0.0,15.0,0.0,0,1,1.0,1.0,0.0,0.0,1.0,0,2.8,0.1599999999999999,2.5,3.0,0.5,3.428607107178536,4.0,0.5305816708725025,4.2,0.1599999999999999,1.0,0,1,1,0
2,1.0,15.0,0.0,0,1,1.0,1.0,0.0,0.0,1.0,1,3.0,0.8,2.5,2.5,0.25,3.857142857142857,4.0,0.1224489795918367,4.6,0.24,5.0,1,0,1,0
1,0.0,15.0,0.0,0,1,1.0,1.0,0.0,0.0,1.0,0,3.8,0.1599999999999999,2.625,2.5,0.984375,4.0,4.0,0.0,3.6,1.04,1.0,1,0,1,0
1,0.0,15.0,0.0,2,2,1.0,1.0,0.0,0.0,1.0,0,2.4,1.04,2.5,2.0,1.5,4.0,4.0,0.0,4.0,1.2,1.0,0,1,1,0
2,1.0,14.0,1.0,0,1,1.0,1.0,0.0,0.0,1.0,1,3.2,0.1599999999999999,2.625,3.0,1.234375,3.4285714285714284,3.0,0.2448979591836734,5.0,0.0,1.0,0,1,1,0
1,0.0,16.0,0.0,0,1,1.0,1.0,0.0,0.0,1.0,0,3.4,1.44,1.75,1.0,1.6875,4.0,4.0,0.0,3.4,3.8400000000000007,1.0,1,0,1,0
1,0.0,14.0,0.0,0,1,1.0,1.0,0.0,0.0,1.0,0,2.6,0.64,2.75,3.0,0.4375,2.857142857142857,3.0,0.4081632653061224,3.2,0.5599999999999999,1.0,1,0,1,0
1,1.0,14.0,0.0,0,1,1.0,1.0,0.0,0.0,1.0,0,2.2,0.5599999999999999,2.5,2.5,0.75,2.4285714285714284,3.0,0.5306122448979592,3.4,0.24,1.0,0,1,1,0
1,0.0,14.0,0.0,0,1,1.0,1.0,0.0,0.0,0.0,0,2.4,1.44,2.125,2.0,0.609375,3.4285714285714284,4.0,0.5306122448979592,1.0,0.0,4.0,0,1,0,1
1,0.0,15.0,0.0,2,0,1.0,1.0,0.0,0.0,1.0,0,3.2,1.36,2.125,2.0,0.859375,2.5714285714285716,2.0,1.673469387755102,5.0,0.0,1.0,1,0,1,0
1,0.0,15.0,0.0,0,1,1.0,1.0,0.0,0.0,1.0,0,3.2,0.5599999999999999,2.0,1.5,1.25,3.7142857142857144,4.0,0.2040816326530612,4.0,0.0,2.0,1,0,1,0
1,0.0,17.0,0.0,0,1,1.0,1.0,0.0,0.0,1.0,0,2.8,2.16,2.5,2.5,1.75,3.142857142857143,4.0,1.8367346938775508,3.0,1.2,5.0,1,0,1,0
1,0.0,16.0,1.0,4,3,1.0,1.0,0.0,0.0,1.0,0,1.2,0.16,1.875,1.0,1.359375,3.613544389929449,4.0,0.2074080481906637,4.8,0.1599999999999999,2.0,0,1,0,1
1,0.0,16.0,1.0,3,2,0.0,1.0,0.0,0.0,0.0,0,3.6,0.24,2.25,2.5,0.6875,3.857142857142857,4.0,0.1224489795918367,4.2,0.1599999999999999,5.0,1,0,1,0
1,0.0,15.0,1.0,4,4,1.0,1.0,0.0,0.0,1.0,0,3.6,0.24,2.125,2.0,0.359375,3.5714285714285716,4.0,0.5306122448979592,1.6,1.44,5.0,1,0,1,0
2,1.0,17.0,1.0,5,4,1.0,0.0,0.0,0.0,0.0,0,4.0,0.0,1.625,1.0,1.234375,2.142857142857143,2.0,1.551020408163265,4.4,1.44,2.0,1,0,1,0
1,0.0,16.0,0.0,4,4,1.0,1.0,0.0,0.0,1.0,0,3.4,0.24,2.0,2.0,0.25,3.5714285714285716,4.0,0.5306122448979592,2.8,2.56,5.0,1,0,1,0
1,1.0,17.0,0.0,0,1,1.0,1.0,0.0,0.0,0.0,0,3.6,0.24,2.625,2.5,0.984375,3.7142857142857144,4.0,0.2040816326530612,2.6,1.04,3.0,1,0,1,0
1,0.0,17.0,0.0,0,1,1.0,1.0,0.0,0.0,0.0,0,3.6,0.24,2.5,2.5,0.75,2.7142857142857144,2.0,1.3469387755102038,4.8,0.1599999999999999,5.0,1,0,1,0
1,0.0,16.0,0.0,3,2,0.0,1.0,0.0,0.0,0.0,1,3.0,0.4,2.25,2.0,0.9375,3.857142857142857,4.0,0.1224489795918367,5.0,0.0,3.0,1,0,1,0
1,0.0,17.0,0.0,0,1,1.0,1.0,0.0,0.0,1.0,0,3.2,0.1599999999999999,2.25,2.0,0.9375,3.857142857142857,4.0,0.1224489795918367,4.0,0.8,3.0,1,0,1,0
1,0.0,17.0,0.0,3,0,1.0,1.0,0.0,0.0,1.0,0,3.2,0.1599999999999999,2.75,3.0,1.6875,3.5714285714285716,4.0,0.2448979591836734,3.4,1.44,1.0,1,0,1,0
1,0.0,17.0,0.0,0,1,1.0,1.0,0.0,0.0,1.0,0,3.4,0.24,2.625,2.5,0.984375,2.2857142857142856,2.0,0.489795918367347,4.0,0.4,2.0,0,1,1,0
1,0.0,17.0,0.0,3,3,1.0,0.0,0.0,0.0,0.0,0,2.4,0.64,2.125,2.0,0.859375,2.142857142857143,1.0,1.8367346938775508,3.6,1.04,2.0,0,1,0,1
1,0.0,17.0,0.0,0,1,1.0,1.0,0.0,0.0,0.0,0,3.6,0.24,2.375,2.0,1.984375,3.2857142857142856,3.0,0.2040816326530612,4.6,0.6399999999999999,1.0,0,1,1,0
1,0.0,17.0,0.0,2,2,1.0,1.0,0.0,0.0,1.0,0,2.2,0.5599999999999999,2.5,3.0,1.0,2.2857142857142856,2.0,1.0612244897959184,4.0,1.6,3.0,0,1,0,1
1,0.0,17.0,0.0,2,0,1.0,1.0,0.0,0.0,1.0,0,3.6,0.24,2.25,2.5,0.6875,3.5714285714285716,4.0,0.5306122448979592,4.4,0.24,3.0,1,0,1,0
1,0.0,17.0,0.0,2,2,1.0,1.0,0.0,0.0,0.0,0,3.4,0.24,2.25,2.0,0.4375,3.4285714285714284,4.0,0.816326530612245,4.6,0.24,4.0,1,0,1,0
1,0.0,17.0,1.0,3,2,1.0,1.0,0.0,0.0,1.0,0,4.0,0.0,3.0,3.5,1.25,3.7142857142857144,4.0,0.2040816326530612,4.8,0.1599999999999999,4.0,1,0,1,0
1,0.0,17.0,0.0,3,3,1.0,1.0,0.0,0.0,1.0,1,2.4,0.24,2.5,2.5,0.25,2.5714285714285716,2.0,1.673469387755102,4.2,0.1599999999999999,1.0,0,1,0,1
2,1.0,17.0,0.0,3,3,1.0,1.0,0.0,0.0,1.0,0,3.0,0.4,2.875,3.0,0.609375,3.7142857142857144,4.0,0.2040816326530612,4.8,0.1599999999999999,4.0,0,1,0,1
1,0.0,17.0,0.0,4,3,1.0,1.0,0.0,0.0,1.0,1,2.8,0.1599999999999999,2.375,2.5,0.984375,3.142857142857143,4.0,0.979591836734694,4.4,0.24,2.0,1,0,0,1
1,0.0,17.0,0.0,3,2,1.0,1.0,0.0,0.0,1.0,0,3.2,0.1599999999999999,2.25,2.5,0.6875,3.0,4.0,1.7142857142857142,4.6,0.24,1.0,0,1,0,1
1,0.0,17.0,0.0,3,2,1.0,1.0,0.0,0.0,0.0,0,2.8,0.5599999999999999,2.25,2.0,0.4375,3.7142857142857144,4.0,0.489795918367347,4.8,0.1599999999999999,1.0,0,1,0,1
1,0.0,17.0,0.0,4,2,1.0,1.0,0.0,0.0,0.0,0,3.2,0.1599999999999999,2.375,2.5,0.484375,2.2857142857142856,3.0,0.7755102040816327,3.4,0.24,1.0,0,1,0,1
1,0.0,17.0,0.0,2,2,1.0,1.0,0.0,0.0,1.0,0,1.4,0.24,2.625,2.5,0.984375,2.0,2.0,0.5714285714285714,4.4,0.64,1.0,0,1,0,1
1,0.0,17.0,0.0,3,2,0.0,1.0,0.0,0.0,1.0,0,2.8,0.5599999999999999,2.625,2.5,1.484375,3.5714285714285716,4.0,0.5306122448979592,4.4,0.24,5.0,0,1,1,0
1,0.0,15.0,0.0,2,0,1.0,1.0,0.0,0.0,0.0,1,2.8,0.1599999999999999,2.875,3.0,1.109375,1.8571428571428572,2.0,0.4081632653061224,3.8,0.5599999999999999,2.0,0,1,0,1
1,0.0,15.0,0.0,2,0,1.0,1.0,0.0,0.0,0.0,1,2.2,0.5599999999999999,2.5,2.5,1.25,2.0,2.0,0.5714285714285714,3.6,0.24,2.0,0,1,0,1
1,1.0,17.0,0.0,2,2,1.0,0.0,0.0,0.0,1.0,0,2.2,0.96,2.375,2.0,1.234375,3.7142857142857144,4.0,0.489795918367347,3.6,1.4400000000000002,1.0,0,1,1,0
1,0.0,17.0,0.0,3,0,1.0,1.0,0.0,0.0,1.0,0,1.8,0.56,2.375,2.0,1.734375,2.142857142857143,2.0,0.4081632653061224,4.2,1.36,1.0,0,1,1,0
1,1.0,17.0,0.0,0,1,1.0,1.0,0.0,0.0,1.0,0,2.4,1.0400000000000005,2.25,2.0,1.4375,3.0,3.0,1.1428571428571428,3.0,0.0,1.0,0,1,1,0
1,0.0,17.0,0.0,2,2,1.0,1.0,0.0,0.0,1.0,1,2.8,0.1599999999999999,2.25,2.0,0.1875,3.7142857142857144,4.0,0.2040816326530612,3.2,0.1599999999999999,2.0,0,1,1,0
1,0.0,17.0,0.0,2,2,1.0,0.0,0.0,0.0,0.0,0,3.2,0.5599999999999999,2.0,1.5,1.5,2.2857142857142856,1.0,2.2040816326530615,2.6,0.64,1.0,0,1,1,0
1,1.0,17.0,0.0,0,1,1.0,1.0,0.0,0.0,1.0,0,3.8,0.1599999999999999,2.0,2.0,1.0,3.857142857142857,4.0,0.1224489795918367,4.0,2.4,3.0,0,1,1,0
1,0.0,17.0,0.0,0,1,1.0,0.0,0.0,0.0,0.0,0,3.4,0.24,1.875,2.0,0.609375,3.2857142857142856,4.0,1.3469387755102038,3.0,1.6,5.0,1,0,1,0
1,0.0,17.0,0.0,3,3,1.0,1.0,0.0,0.0,1.0,0,3.8,0.1599999999999999,2.375,2.5,0.984375,4.0,4.0,0.0,4.8,0.1599999999999999,1.0,0,1,1,0
1,0.0,17.0,0.0,4,0,0.0,1.0,0.0,0.0,0.0,0,4.0,0.0,2.875,3.0,1.109375,4.0,4.0,0.0,4.6,0.24,1.0,0,1,1,0
1,1.0,16.0,0.0,0,1,0.0,1.0,0.0,0.0,0.0,0,2.4,0.24,2.375,2.5,0.984375,2.0,2.0,0.5714285714285714,3.4,0.64,1.0,0,1,1,0
1,0.0,17.0,0.0,3,2,1.0,0.0,0.0,0.0,1.0,1,3.2,0.1599999999999999,2.25,2.0,0.1875,3.5714285714285716,4.0,0.5306122448979592,4.8,0.1599999999999999,1.0,1,0,1,0
1,0.0,17.0,0.0,2,2,1.0,1.0,0.0,0.0,1.0,0,2.2,0.5599999999999999,2.5,2.0,1.0,3.142857142857143,3.0,0.6938775510204082,3.6,2.24,1.0,0,1,1,0
1,1.0,16.0,0.0,0,1,0.0,0.0,0.0,0.0,1.0,0,3.8,0.1599999999999999,2.0,2.0,1.0,3.0,4.0,1.7142857142857142,3.6572001001753063,1.8988474859805056,1.0,0,1,1,0
2,0.0,17.0,0.0,2,0,1.0,0.0,1.0,0.0,1.0,0,3.6,0.24,2.0,2.0,0.5,4.0,4.0,0.0,4.8,0.1599999999999999,2.0,0,1,1,0
1,0.0,16.0,0.0,2,2,1.0,1.0,0.0,0.0,1.0,0,3.0,0.4,1.875,2.0,0.359375,3.0,3.0,0.8571428571428571,4.8,0.1599999999999999,2.0,0,1,1,0
1,0.0,16.0,0.0,4,3,1.0,1.0,0.0,0.0,1.0,0,2.6,0.24,2.125,2.0,0.109375,3.4285714285714284,4.0,0.5306122448979592,3.8,0.5599999999999999,3.0,0,1,1,0
1,0.0,17.0,0.0,4,3,1.0,0.0,0.0,0.0,0.0,0,3.2,0.5599999999999999,2.25,2.0,1.4375,3.7142857142857144,4.0,0.2040816326530612,4.0,0.4,1.0,0,1,1,0
1,0.0,17.0,0.0,3,3,1.0,0.0,0.0,0.0,0.0,0,2.6,1.04,1.625,1.0,0.734375,1.8571428571428572,2.0,0.979591836734694,4.0,0.8,2.0,0,1,1,0
1,0.0,16.0,1.0,0,1,1.0,0.0,0.0,0.0,0.0,0,3.4,0.24,1.875,2.0,0.859375,2.4285714285714284,3.0,1.1020408163265307,2.4,0.24,1.0,1,0,1,0
1,0.0,16.0,0.0,3,2,1.0,0.0,0.0,0.0,1.0,0,2.8,0.1599999999999999,2.375,2.0,0.234375,3.142857142857143,4.0,1.2653061224489797,3.2,0.1599999999999999,2.0,1,0,1,0
1,0.0,16.0,0.0,2,0,0.0,0.0,0.0,0.0,1.0,1,2.8,0.1599999999999999,2.5,3.0,0.5,2.4285714285714284,3.0,0.5306122448979592,2.2,0.96,2.0,0,1,0,1
1,0.0,17.0,0.0,0,1,1.0,1.0,0.0,0.0,1.0,0,2.6,0.24,2.375,2.5,0.484375,3.857142857142857,4.0,0.1224489795918367,4.0,0.4,1.0,0,1,0,1
1,0.0,16.0,0.0,3,3,1.0,1.0,0.0,0.0,1.0,0,2.8,1.36,2.625,3.0,0.234375,4.0,4.0,0.0,4.6,0.24,4.0,1,0,1,0
1,0.0,17.0,0.0,4,3,0.0,1.0,0.0,0.0,1.0,0,2.6,1.04,2.75,3.0,1.1875,2.4285714285714284,2.0,0.2448979591836734,3.2,1.7600000000000002,3.0,1,0,1,0
1,0.0,17.0,0.0,2,0,1.0,1.0,0.0,0.0,1.0,0,2.6,0.64,2.5,2.5,0.25,3.0,3.0,0.2857142857142857,4.2,1.36,3.0,1,0,1,0
1,1.0,16.0,1.0,3,2,1.0,0.0,1.0,0.0,0.0,0,1.6,0.24,2.25,2.0,0.4375,1.8571428571428572,2.0,0.6938775510204082,4.0,0.0,2.0,0,1,1,0
2,1.0,16.0,0.0,0,1,1.0,0.0,1.0,0.0,1.0,1,3.6,0.24,2.5,2.5,0.75,1.7142857142857142,2.0,0.489795918367347,3.8,0.5599999999999999,1.0,0,1,1,0
1,0.0,17.0,0.0,0,1,1.0,0.0,0.0,0.0,0.0,0,2.8,0.1599999999999999,2.5,2.5,0.25,2.857142857142857,3.0,0.6938775510204082,4.6,0.24,1.0,0,1,1,0
1,1.0,16.0,0.0,3,2,1.0,1.0,0.0,0.0,1.0,1,2.4,0.24,2.375,2.0,0.734375,3.142857142857143,4.0,1.8367346938775508,4.2,0.5599999999999999,1.0,0,1,1,0
1,1.0,17.0,0.0,2,2,1.0,1.0,0.0,0.0,1.0,0,3.4,1.4400000000000002,1.625,1.0,0.734375,3.5714285714285716,4.0,1.1020408163265307,4.6,0.24,1.0,0,1,1,0
2,0.0,16.0,0.0,2,2,1.0,0.0,0.0,0.0,0.0,0,2.8,0.5599999999999999,2.5,2.5,0.75,3.5714285714285716,4.0,0.5306122448979592,3.6,0.24,2.0,0,1,1,0
1,1.0,17.0,1.0,3,3,1.0,1.0,0.0,0.0,1.0,0,2.2,1.36,1.875,1.0,1.609375,2.142857142857143,2.0,1.5510204081632657,3.6,2.24,1.0,0,1,1,0
1,1.0,17.0,0.0,4,0,1.0,0.0,0.0,0.0,0.0,0,3.6,0.24,2.5,2.0,0.5,2.857142857142857,3.0,0.4081632653061224,3.8,1.36,2.0,1,0,1,0
1,0.0,17.0,0.0,4,2,1.0,0.0,0.0,0.0,1.0,1,3.0,0.4,2.625,3.0,1.234375,3.0,3.0,0.8571428571428571,3.8,2.56,1.0,1,0,1,0
1,0.0,16.0,1.0,4,3,0.0,1.0,0.0,0.0,0.0,0,2.4,0.24,2.875,3.0,0.859375,3.0,3.0,1.1428571428571428,5.0,0.0,3.0,0,1,0,1
2,1.0,17.0,0.0,0,1,1.0,1.0,0.0,0.0,1.0,0,3.6,0.24,2.25,2.0,0.9375,3.857142857142857,4.0,0.1224489795918367,3.0,1.2,1.0,0,1,1,0
2,1.0,17.0,0.0,0,1,1.0,1.0,0.0,0.0,1.0,0,3.6,0.24,2.25,2.0,0.9375,3.857142857142857,4.0,0.1224489795918367,3.0,1.2,1.0,0,1,1,0
1,0.0,17.0,0.0,0,1,0.0,1.0,0.0,0.0,0.0,0,2.8,2.16,2.125,2.0,0.359375,3.857142857142857,4.0,0.1224489795918367,3.6,1.44,1.0,1,0,1,0
1,0.0,17.0,1.0,3,3,0.0,1.0,0.0,1.0,0.0,0,2.0,1.2,1.875,1.0,1.609375,3.0,4.0,1.4285714285714286,3.6,2.24,3.0,0,1,0,1
1,0.0,16.0,0.0,2,0,1.0,0.0,0.0,0.0,0.0,1,3.8,0.1599999999999999,2.25,2.5,1.1875,2.7142857142857144,3.0,1.346938775510204,3.0,2.0,4.0,1,0,1,0
1,0.0,17.0,0.0,0,1,1.0,1.0,0.0,0.0,1.0,0,3.4,0.24,2.375,2.0,0.234375,3.4285714285714284,4.0,0.5306122448979593,3.6,2.24,5.0,1,0,1,0
1,0.0,17.0,0.0,2,2,1.0,1.0,0.0,0.0,0.0,0,3.2,0.5599999999999999,2.25,2.5,1.1875,3.7142857142857144,4.0,0.489795918367347,4.6,0.6399999999999999,2.0,0,1,0,1
1,0.0,17.0,0.0,3,2,1.0,0.0,0.0,0.0,0.0,0,3.0,0.4,2.375,2.5,1.484375,3.7142857142857144,4.0,0.2040816326530612,4.8,0.1599999999999999,1.0,0,1,1,0
1,0.0,17.0,0.0,0,1,1.0,1.0,0.0,0.0,0.0,0,2.6,0.64,2.875,3.0,1.359375,2.2857142857142856,3.0,1.346938775510204,3.6,0.24,1.0,0,1,1,0
1,1.0,16.0,0.0,0,1,1.0,1.0,0.0,0.0,1.0,0,3.4,0.24,2.5,2.5,0.25,3.2857142857142856,3.0,0.489795918367347,4.4,0.6399999999999999,1.0,0,1,1,0
1,0.0,16.0,0.0,0,1,1.0,1.0,0.0,0.0,0.0,0,2.4,1.04,2.25,2.0,0.4375,3.2857142857142856,4.0,1.3469387755102038,4.4,1.44,1.0,0,1,0,1
1,1.0,15.0,1.0,2,3,1.0,1.0,0.0,0.0,0.0,0,2.0,0.0,2.625,2.5,0.984375,2.2857142857142856,2.0,1.0612244897959184,3.4,0.64,4.0,1,0,1,0
2,1.0,16.0,0.0,0,1,1.0,1.0,0.0,0.0,1.0,0,3.0,0.0,2.125,2.0,0.109375,3.3685921480370093,3.580145036259065,0.483649580276325,2.8,0.1599999999999999,1.0,1,0,0,1
1,0.0,16.0,0.0,0,1,1.0,1.0,1.0,0.0,1.0,0,3.8,0.1599999999999999,2.0,2.0,0.0,3.142857142857143,3.0,0.6938775510204082,4.6,0.24,1.0,1,0,0,1
1,0.0,16.0,0.0,2,2,1.0,1.0,0.0,0.0,0.0,0,3.0,0.0,2.75,3.0,0.1875,3.0,3.0,0.0,4.0,0.0,2.0,1,0,1,0
1,0.0,16.0,1.0,4,3,1.0,0.0,0.0,0.0,0.0,0,2.4,1.04,1.875,2.0,0.609375,3.142857142857143,4.0,1.2653061224489797,4.4,0.24,1.0,0,1,1,0
1,0.0,16.0,0.0,2,2,1.0,1.0,0.0,0.0,1.0,0,2.197992471769134,0.5568040755090057,2.519218710810133,2.5768748432405317,0.7333668011062916,3.7142857142857144,4.0,0.489795918367347,4.0,0.4,1.0,0,1,1,0
1,1.0,16.0,0.0,0,1,1.0,1.0,0.0,0.0,0.0,0,1.0,0.0,4.0,4.0,0.0,1.0,1.0,0.0,1.0,0.0,1.0,1,0,1,0
1,1.0,16.0,0.0,2,2,1.0,1.0,0.0,0.0,1.0,0,3.6,0.24,2.5,2.5,1.25,3.5714285714285716,4.0,1.1020408163265307,1.6,0.64,1.0,1,0,1,0
1,0.0,16.0,0.0,2,0,1.0,1.0,0.0,0.0,1.0,0,3.2,0.1599999999999999,2.875,3.0,1.109375,4.0,4.0,0.0,4.6,0.24,1.0,0,1,1,0
1,1.0,16.0,1.0,0,1,1.0,0.0,0.0,0.0,1.0,0,3.6,0.24,2.75,3.0,0.9375,2.7142857142857144,3.0,1.0612244897959184,3.2,0.5599999999999999,4.0,1,0,1,0
1,0.0,15.0,0.0,3,0,1.0,1.0,0.0,0.0,1.0,0,2.4,0.24,2.375,2.0,0.734375,2.4777154294292147,3.0,0.6012676142287182,4.6,0.24,4.0,0,1,0,1
1,0.0,16.0,0.0,2,2,1.0,1.0,0.0,0.0,0.0,0,2.4,0.24,2.0,2.0,0.75,2.7142857142857144,3.0,1.6326530612244898,3.2,2.16,1.0,0,1,1,0
1,0.0,15.0,0.0,3,0,1.0,1.0,0.0,0.0,1.0,0,3.2,0.5599999999999999,2.25,2.5,0.6875,3.0,3.0,1.1428571428571428,4.4,0.6399999999999999,2.0,0,1,0,1
1,1.0,16.0,0.0,2,0,1.0,0.0,0.0,0.0,0.0,0,2.8,0.5599999999999999,2.375,2.0,0.984375,4.0,4.0,0.0,3.8,0.1599999999999999,1.0,0,1,1,0
1,0.0,16.0,0.0,0,1,1.0,1.0,0.0,0.0,0.0,0,2.0,0.0,3.0,3.5,1.5,3.2857142857142856,4.0,0.7755102040816327,3.8,0.5599999999999999,1.0,0,1,0,1
1,1.0,15.0,0.0,0,1,1.0,1.0,0.0,0.0,0.0,0,4.0,0.0,1.5,1.0,1.0,3.5714285714285716,4.0,0.5306122448979592,1.8,2.5600000000000005,2.0,0,1,0,1
1,0.0,15.0,0.0,3,0,1.0,1.0,0.0,0.0,1.0,0,3.2,0.5599999999999999,2.625,3.0,1.234375,3.2857142857142856,4.0,0.7755102040816327,4.4,0.6399999999999999,1.0,0,1,0,1
1,0.0,16.0,0.0,3,2,1.0,1.0,0.0,0.0,1.0,0,2.4,0.64,2.75,3.0,0.9375,3.142857142857143,4.0,1.2653061224489797,3.2,1.7600000000000002,5.0,1,0,0,1
1,1.0,16.0,0.0,3,0,1.0,1.0,0.0,0.0,1.0,0,2.2,0.1599999999999999,2.0,2.0,0.5,2.2857142857142856,1.0,2.2040816326530615,4.8,0.1599999999999999,1.0,0,1,0,1
1,1.0,15.0,0.0,0,1,1.0,0.0,1.0,0.0,1.0,1,2.8,0.5599999999999999,2.25,2.0,1.4375,3.857142857142857,4.0,0.1224489795918367,5.0,0.0,4.0,0,1,1,0
1,1.0,16.0,1.0,0,1,1.0,0.0,0.0,0.0,1.0,0,3.0,0.4,1.875,2.0,0.609375,3.142857142857143,4.0,1.2653061224489797,3.6,3.04,3.0,0,1,1,0
2,0.0,15.0,0.0,3,0,1.0,1.0,0.0,0.0,1.0,0,2.6,0.64,2.125,2.0,0.609375,2.7142857142857144,3.0,1.6326530612244898,4.2,0.5599999999999999,1.0,0,1,0,1
1,0.0,15.0,0.0,0,1,1.0,1.0,0.0,0.0,1.0,0,4.0,0.0,2.375,2.0,1.734375,4.0,4.0,0.0,4.2,0.1599999999999999,1.0,1,0,1,0
1,0.0,15.0,0.0,2,0,1.0,1.0,0.0,0.0,1.0,0,2.8,0.5599999999999999,1.5,1.0,0.5,3.857142857142857,4.0,0.1224489795918367,4.8,0.1599999999999999,1.0,0,1,1,0
1,0.0,15.0,0.0,3,3,1.0,1.0,0.0,0.0,0.0,0,3.0,1.2,3.125,3.0,0.359375,2.5714285714285716,2.0,1.1020408163265307,4.6,0.6399999999999999,3.0,1,0,1,0
1,0.0,16.0,0.0,2,0,1.0,1.0,0.0,0.0,1.0,0,3.2,0.1599999999999999,2.625,3.0,0.734375,3.857142857142857,4.0,0.1224489795918367,4.0,0.4,4.0,1,0,1,0
1,0.0,15.0,0.0,2,0,1.0,1.0,0.0,0.0,0.0,0,3.0,0.4,2.875,3.0,0.359375,3.7142857142857144,4.0,0.489795918367347,4.2,0.1599999999999999,4.0,1,0,1,0
2,1.0,17.0,0.0,0,1,1.0,0.0,1.0,0.0,0.0,1,3.8,0.1599999999999999,2.375,2.0,1.234375,4.0,4.0,0.0,4.8,0.1599999999999999,4.0,1,0,1,0
1,0.0,15.0,0.0,0,1,1.0,1.0,0.0,0.0,1.0,0,3.8,0.1599999999999999,2.375,2.5,0.984375,3.7142857142857144,4.0,0.2040816326530612,4.0,0.4,1.0,0,1,1,0
1,0.0,16.0,0.0,4,3,1.0,0.0,0.0,0.0,0.0,0,3.0,0.0,2.75,3.0,0.9375,2.857142857142857,3.0,0.1224489795918367,4.2,0.1599999999999999,1.0,0,1,1,0
1,0.0,15.0,1.0,0,1,1.0,1.0,0.0,0.0,0.0,0,2.8,0.1599999999999999,2.5,2.5,0.75,3.2857142857142856,4.0,1.0612244897959184,3.6,0.24,1.0,1,0,1,0
1,0.0,15.0,0.0,4,4,1.0,0.0,0.0,0.0,0.0,0,3.4,0.64,1.625,1.5,0.484375,3.5714285714285716,4.0,0.5306122448979592,3.6,1.84,5.0,0,1,1,0
1,0.0,16.0,0.0,0,1,1.0,1.0,0.0,0.0,1.0,0,3.2,0.5599999999999999,2.75,3.0,0.9375,3.4285714285714284,4.0,1.1020408163265307,3.6,1.4400000000000002,4.0,1,0,1,0
1,0.0,16.0,0.0,3,3,1.0,1.0,0.0,0.0,1.0,0,3.6,0.24,1.875,1.5,1.109375,3.5714285714285716,4.0,0.2448979591836734,4.0,0.4,4.0,1,0,1,0
1,0.0,16.0,0.0,3,0,1.0,0.0,0.0,0.0,1.0,0,3.7906218655967905,0.175356812664674,2.125,1.0,2.109375,2.4285714285714284,3.0,1.673469387755102,1.8,2.5600000000000005,4.0,1,0,1,0
1,1.0,15.0,0.0,0,1,1.0,0.0,0.0,0.0,0.0,1,2.0,0.0,2.75,2.5,0.6875,2.7142857142857144,3.0,0.2040816326530612,4.8,0.1599999999999999,4.0,1,0,1,0
1,0.0,16.0,0.0,0,1,1.0,1.0,0.0,0.0,0.0,0,3.0,0.4,2.125,2.0,1.109375,3.857142857142857,4.0,0.1224489795918367,4.8,0.1599999999999999,1.0,0,1,1,0
1,1.0,16.0,0.0,3,2,1.0,1.0,0.0,0.0,1.0,0,3.0,0.0,2.375,2.0,0.734375,3.857142857142857,4.0,0.1224489795918367,4.4,0.24,2.0,0,1,0,1
1,0.0,16.0,0.0,0,1,1.0,1.0,0.0,0.0,1.0,0,3.2,0.1599999999999999,2.25,2.5,1.1875,4.0,4.0,0.0,4.2,1.36,1.0,0,1,1,0
1,1.0,15.0,0.0,0,1,1.0,1.0,0.0,0.0,0.0,0,3.8,0.1599999999999999,2.0,2.0,0.75,3.7142857142857144,4.0,0.2040816326530612,3.0,0.0,4.0,1,0,1,0
1,0.0,16.0,0.0,3,0,1.0,1.0,0.0,0.0,1.0,0,3.4,0.24,2.375,2.5,0.984375,3.857142857142857,4.0,0.1224489795918367,4.6,0.24,1.0,0,1,1,0
1,1.0,15.0,0.0,2,0,1.0,0.0,0.0,0.0,0.0,0,3.8,0.1599999999999999,2.125,2.0,0.609375,3.7142857142857144,4.0,0.489795918367347,3.6,0.64,4.0,1,0,0,1
1,0.0,15.0,0.0,0,1,1.0,1.0,0.0,0.0,1.0,0,3.4,0.24,2.625,3.0,0.734375,3.4285714285714284,4.0,0.816326530612245,3.6,0.64,2.0,1,0,1,0
1,0.0,15.0,0.0,4,3,1.0,1.0,0.0,0.0,0.0,0,3.0,0.0,2.625,3.0,0.734375,3.0,3.0,0.8571428571428571,4.2,0.5599999999999999,5.0,1,0,1,0
1,0.0,15.0,1.0,0,1,1.0,0.0,0.0,0.0,1.0,0,3.2,0.5599999999999999,2.125,2.0,1.359375,2.5714285714285716,3.0,0.8163265306122449,4.0,0.8,2.0,0,1,1,0
1,1.0,16.0,0.0,0,1,1.0,1.0,0.0,0.0,1.0,0,3.4,0.24,2.625,3.0,0.234375,4.0,4.0,0.0,4.6,0.24,1.0,0,1,1,0
1,0.0,16.0,0.0,2,0,1.0,0.0,0.0,0.0,0.0,0,3.0,0.4,2.25,2.0,0.9375,3.4285714285714284,3.0,0.2448979591836734,2.0,1.6,1.0,0,1,1,0
1,1.0,16.0,0.0,2,2,1.0,0.0,0.0,0.0,0.0,0,3.6,0.24,2.25,1.5,1.9375,3.857142857142857,4.0,0.1224489795918367,4.2,0.96,5.0,1,0,1,0
1,0.0,17.0,0.0,0,1,1.0,1.0,0.0,0.0,1.0,0,2.8,0.1599999999999999,1.875,2.0,0.359375,3.4285714285714284,4.0,1.1020408163265307,3.0,0.8,1.0,0,1,1,0
2,1.0,16.0,0.0,0,1,1.0,1.0,0.0,0.0,1.0,0,2.8,0.1599999999999999,2.125,2.0,0.359375,4.0,4.0,0.0,4.6,0.24,4.0,1,0,1,0
2,1.0,17.0,1.0,4,3,1.0,0.0,0.0,0.0,1.0,1,3.4,0.24,2.375,2.0,0.234375,4.0,4.0,0.0,4.4,0.6399999999999999,4.0,1,0,1,0
1,0.0,16.0,0.0,2,2,1.0,1.0,0.0,0.0,0.0,0,3.0,0.4,2.875,3.0,0.359375,2.857142857142857,3.0,1.2653061224489797,3.6,1.04,2.0,0,1,1,0
1,0.0,17.0,1.0,3,2,1.0,0.0,0.0,0.0,0.0,0,2.2,0.96,2.0,2.0,1.0,3.142857142857143,3.0,0.979591836734694,4.6,0.24,1.0,0,1,1,0
1,1.0,16.0,0.0,0,1,1.0,1.0,0.0,0.0,1.0,0,3.0,0.4,2.625,2.5,0.484375,3.2857142857142856,4.0,0.7755102040816327,2.2,1.36,1.0,1,0,1,0
1,0.0,17.0,0.0,2,0,1.0,1.0,0.0,0.0,1.0,1,1.8,0.16,2.25,2.0,0.6875,2.5714285714285716,3.0,0.2448979591836734,4.2,0.1599999999999999,1.0,0,1,1,0
1,0.0,17.0,0.0,2,2,1.0,0.0,0.0,0.0,0.0,0,3.0,0.8,2.625,3.0,1.234375,2.857142857142857,3.0,1.5510204081632657,3.6,0.64,2.0,0,1,0,1
2,1.0,16.0,0.0,2,2,1.0,1.0,0.0,0.0,1.0,1,3.4,0.24,2.375,2.5,0.984375,3.857142857142857,4.0,0.1224489795918367,3.6,0.24,2.0,0,1,1,0
1,0.0,16.0,0.0,2,0,1.0,1.0,0.0,0.0,1.0,1,2.4,0.24,2.25,2.0,0.9375,2.4285714285714284,2.0,1.3877551020408163,4.6,0.24,1.0,0,1,1,0
1,0.0,16.0,0.0,2,2,1.0,1.0,0.0,0.0,1.0,0,3.4,0.64,2.25,2.0,0.4375,4.0,4.0,0.0,4.0,0.4,1.0,0,1,1,0
2,0.0,17.0,0.0,3,0,1.0,1.0,0.0,0.0,1.0,0,3.2,0.5599999999999999,2.0,2.0,0.5,2.5714285714285716,2.0,1.673469387755102,4.6,0.6399999999999999,1.0,0,1,1,0
1,0.0,16.0,0.0,2,0,1.0,1.0,0.0,0.0,1.0,0,3.2,0.1599999999999999,2.625,3.0,1.234375,3.0,3.0,1.1428571428571428,4.8,0.1599999999999999,2.0,0,1,0,1
1,0.0,16.0,0.0,3,2,1.0,1.0,0.0,0.0,1.0,1,3.0,0.4,2.375,2.5,0.484375,2.5714285714285716,3.0,1.1020408163265307,4.6,0.24,2.0,1,0,1,0
1,0.0,17.0,0.0,3,0,1.0,1.0,0.0,0.0,1.0,0,3.4,0.24,3.125,3.0,0.359375,3.7142857142857144,4.0,0.489795918367347,2.6,0.64,1.0,0,1,1,0
1,0.0,17.0,0.0,3,2,1.0,0.0,0.0,0.0,0.0,0,2.6,1.04,1.875,2.0,0.359375,3.2857142857142856,4.0,0.7755102040816327,4.0,0.4,2.0,0,1,1,0
1,0.0,16.0,0.0,2,2,1.0,0.0,0.0,0.0,1.0,0,3.6,0.24,2.5,3.0,0.75,2.857142857142857,3.0,0.979591836734694,3.6,0.64,2.0,0,1,1,0
1,0.0,16.0,0.0,3,2,1.0,0.0,0.0,0.0,0.0,1,2.4,0.24,2.0,2.0,0.75,3.0,4.0,1.7142857142857142,5.0,0.0,1.0,0,1,1,0
1,0.0,16.0,1.0,3,2,1.0,0.0,0.0,0.0,1.0,0,2.4,0.64,2.5,2.0,1.0,2.2857142857142856,2.0,1.0612244897959184,4.2,0.1599999999999999,2.0,0,1,0,1
1,0.0,17.0,0.0,2,0,1.0,0.0,0.0,0.0,0.0,0,3.6,0.24,2.5,2.0,1.5,3.7142857142857144,4.0,0.489795918367347,4.0,0.0,2.0,1,0,1,0
2,0.0,16.0,0.0,2,2,0.0,1.0,0.0,0.0,1.0,1,2.8,0.1599999999999999,2.0,2.0,0.5,2.0,1.0,1.4285714285714286,3.2,1.36,5.0,0,1,1,0
1,0.0,16.0,1.0,2,2,1.0,0.0,0.0,0.0,0.0,0,3.4,0.24,1.75,1.5,0.6875,3.4285714285714284,4.0,0.5306122448979592,4.0,2.4,5.0,1,0,1,0
1,0.0,16.0,1.0,3,2,1.0,1.0,0.0,0.0,0.0,0,2.4,0.24,2.5,2.5,1.25,3.0,3.0,1.1428571428571428,4.2,0.1599999999999999,5.0,1,0,1,0
1,0.0,16.0,0.0,0,1,1.0,1.0,0.0,0.0,1.0,0,2.4,0.24,2.5,2.5,0.25,3.2857142857142856,3.0,0.2040816326530612,3.8,0.5599999999999999,5.0,0,1,1,0
1,0.0,16.0,0.0,0,1,0.0,0.0,0.0,0.0,0.0,1,1.0,0.0,4.0,4.0,0.0,1.0,1.0,0.0,1.0,0.0,1.0,1,0,1,0
1,0.0,17.0,0.0,3,0,1.0,1.0,0.0,0.0,1.0,0,2.4,0.64,2.5,3.0,0.5,3.5714285714285716,4.0,0.2448979591836734,4.0,0.4,1.0,0,1,1,0
1,0.0,17.0,0.0,2,0,1.0,0.0,1.0,0.0,1.0,0,2.6,1.04,2.75,3.0,0.6875,3.0,3.0,0.0,3.8,0.1599999999999999,1.0,0,1,1,0
1,0.0,16.0,0.0,3,2,1.0,1.0,0.0,0.0,0.0,0,2.2,0.96,2.25,2.0,1.1875,2.2857142857142856,2.0,1.6326530612244896,5.0,0.0,1.0,1,0,1,0
1,0.0,17.0,0.0,0,1,1.0,1.0,0.0,0.0,1.0,0,3.2,0.1599999999999999,2.0,2.0,0.75,3.7142857142857144,4.0,0.2040816326530612,4.0,0.4,1.0,0,1,1,0
1,0.0,17.0,0.0,2,0,1.0,1.0,0.0,0.0,0.0,0,2.2,1.36,2.0,2.0,0.75,3.7142857142857144,4.0,0.489795918367347,3.8,0.5599999999999999,1.0,0,1,0,1
2,1.0,17.0,0.0,2,0,1.0,0.0,0.0,0.0,0.0,0,3.6,0.24,1.875,1.5,0.859375,4.0,4.0,0.0,4.0,1.2,4.0,1,0,1,0
2,0.0,17.0,0.0,3,3,1.0,0.0,0.0,0.0,1.0,0,3.2,0.5599999999999999,2.375,2.5,1.484375,3.0,3.0,0.8571428571428571,4.4,0.24,1.0,0,1,1,0
1,0.0,17.0,0.0,0,1,1.0,0.0,1.0,0.0,1.0,0,3.4,1.4400000000000002,2.75,3.0,0.4375,4.0,4.0,0.0,3.6,0.24,1.0,0,1,1,0
1,0.0,17.0,0.0,2,2,1.0,1.0,0.0,0.0,1.0,0,4.0,0.0,2.25,1.5,1.9375,2.857142857142857,3.0,1.5510204081632657,5.0,0.0,4.0,1,0,1,0
1,0.0,17.0,0.0,2,2,1.0,0.0,0.0,0.0,0.0,0,2.0,1.2,2.875,3.0,0.359375,3.2857142857142856,4.0,1.3469387755102038,3.8,0.96,1.0,0,1,1,0
1,0.0,16.0,0.0,0,1,1.0,1.0,0.0,0.0,0.0,0,3.4,0.24,2.625,2.5,1.484375,3.4285714285714284,4.0,0.5306122448979592,4.4,0.6399999999999999,1.0,1,0,1,0
1,0.0,16.0,0.0,3,3,1.0,1.0,0.0,0.0,0.0,0,3.2,0.1599999999999999,2.875,3.0,0.609375,2.4285714285714284,3.0,1.1020408163265307,4.4,0.24,2.0,1,0,1,0
1,0.0,16.0,0.0,0,1,1.0,0.0,0.0,0.0,0.0,0,3.2,0.5599999999999999,2.0,2.0,0.75,3.4285714285714284,4.0,0.816326530612245,3.4,1.04,4.0,1,0,1,0
1,0.0,17.0,0.0,2,0,1.0,0.0,0.0,0.0,1.0,1,2.2,0.5599999999999999,2.25,2.0,0.4375,3.7142857142857144,4.0,0.2040816326530612,4.6,0.6399999999999999,1.0,0,1,1,0
2,1.0,17.0,0.0,2,0,1.0,1.0,0.0,0.0,0.0,0,3.4,0.24,2.5,2.5,1.25,4.0,4.0,0.0,2.8,2.56,1.0,1,0,1,0
1,0.0,16.0,1.0,3,2,1.0,1.0,0.0,0.0,0.0,0,2.6,0.64,2.375,2.0,0.234375,2.857142857142857,3.0,0.6938775510204082,3.8,0.1599999999999999,3.0,1,0,1,0
1,0.0,16.0,0.0,2,1,1.0,0.0,0.0,0.0,1.0,0,3.0,0.4,2.0,2.0,0.25,3.7142857142857144,4.0,0.2040816326530612,3.4,0.24,1.0,0,1,1,0
1,1.0,16.0,0.0,0,1,1.0,1.0,0.0,0.0,0.0,0,3.8,0.1599999999999999,2.25,2.0,0.4375,3.142857142857143,4.0,1.2653061224489797,4.2,0.1599999999999999,3.0,1,0,1,0
1,1.0,16.0,0.0,0,1,1.0,1.0,0.0,0.0,1.0,0,4.0,0.0,2.375,2.0,1.234375,4.0,4.0,0.0,4.4,0.24,1.0,1,0,1,0
1,0.0,15.0,0.0,0,1,1.0,1.0,0.0,1.0,1.0,0,3.4,0.24,2.375,2.0,0.484375,3.857142857142857,4.0,0.1224489795918367,4.2,0.1599999999999999,1.0,0,1,1,0
1,0.0,17.0,0.0,0,1,1.0,1.0,0.0,0.0,0.0,0,4.0,0.0,2.25,2.5,1.1875,4.0,4.0,0.0,4.0,0.0,2.0,1,0,1,0
1,0.0,16.0,0.0,0,1,1.0,1.0,0.0,0.0,1.0,0,3.0,0.0,2.25,2.0,0.1875,4.0,4.0,0.0,4.0,0.0,1.0,0,1,1,0
1,0.0,15.0,0.0,3,3,1.0,1.0,0.0,0.0,1.0,0,3.4,0.24,1.8819982504373909,2.0,0.1114673911736387,4.0,4.0,0.0,3.4,1.84,1.0,0,1,1,0
1,0.0,15.0,0.0,2,0,1.0,1.0,0.0,0.0,0.0,0,2.4,0.24,2.625,3.0,0.734375,3.7142857142857144,4.0,0.2040816326530612,3.8,0.1599999999999999,1.0,0,1,0,1
1,0.0,16.0,0.0,3,2,1.0,1.0,0.0,0.0,1.0,0,2.4,0.64,2.75,3.0,0.9375,3.5714285714285716,4.0,0.2448979591836734,2.0,2.4,1.0,0,1,1,0
1,0.0,16.0,0.0,3,2,1.0,1.0,0.0,0.0,1.0,0,2.8,0.1599999999999999,2.75,3.0,0.9375,3.2857142857142856,3.0,0.489795918367347,4.4,0.64,1.0,0,1,1,0
1,0.0,16.0,0.0,3,2,1.0,1.0,0.0,0.0,0.0,0,3.2,0.1599999999999999,2.5,2.5,0.25,3.857142857142857,4.0,0.1224489795918367,4.2,0.1599999999999999,4.0,1,0,1,0
1,0.0,17.0,1.0,2,2,1.0,1.0,0.0,0.0,1.0,0,3.0,0.8,1.75,2.0,0.4375,4.0,4.0,0.0,4.0,0.0,2.0,1,0,1,0
1,0.0,17.0,0.0,3,3,1.0,0.0,1.0,0.0,1.0,0,2.4,0.6400000000000002,2.25,2.0,0.9375,2.7142857142857144,4.0,2.2040816326530615,4.4,0.24,2.0,0,1,1,0
2,1.0,16.0,0.0,0,1,1.0,0.0,0.0,0.0,0.0,0,3.0,0.8,2.625,2.5,0.984375,2.857142857142857,4.0,1.8367346938775508,3.6,0.24,2.0,1,0,1,0
1,0.0,15.0,0.0,2,2,0.0,1.0,0.0,0.0,1.0,0,3.0,0.4,2.875,3.0,1.109375,2.857142857142857,3.0,0.4081632653061224,4.8,0.1599999999999999,2.0,0,1,1,0
1,0.0,16.0,0.0,0,1,1.0,1.0,0.0,0.0,1.0,0,3.8,0.1599999999999999,2.125,2.0,0.609375,3.5714285714285716,4.0,0.5306122448979592,4.2,0.5599999999999999,4.0,1,0,1,0
1,0.0,17.0,0.0,3,2,1.0,1.0,0.0,0.0,1.0,0,2.8,0.1599999999999999,2.5,2.0,0.5,3.4285714285714284,4.0,0.5306122448979592,4.2,0.1599999999999999,1.0,0,1,1,0
2,0.0,16.0,0.0,2,2,0.0,1.0,0.0,1.0,1.0,0,3.2,0.1599999999999999,2.625,2.5,0.984375,3.2857142857142856,4.0,1.3469387755102038,4.4,0.24,4.0,1,0,1,0
1,1.0,17.0,1.0,2,0,1.0,1.0,0.0,0.0,1.0,0,3.0,1.2,2.125,2.0,0.359375,2.4285714285714284,2.0,1.3877551020408163,3.6,0.64,2.0,1,0,0,1
1,0.0,15.0,0.0,2,2,0.0,1.0,0.0,1.0,0.0,0,3.0,0.4,2.5,2.5,0.25,3.142857142857143,3.0,0.4081632653061224,4.4,0.24,2.0,0,1,1,0
1,0.0,15.0,0.0,0,1,1.0,0.0,0.0,0.0,1.0,0,2.2,0.96,2.5,3.0,0.5,2.857142857142857,3.0,0.4081632653061224,4.4,0.6399999999999999,3.0,0,1,0,1
2,1.0,17.0,1.0,2,0,1.0,1.0,0.0,0.0,0.0,0,3.6,0.24,2.125,2.0,0.609375,3.142857142857143,4.0,1.8367346938775508,4.6,0.24,3.0,1,0,1,0
1,0.0,15.0,0.0,0,1,1.0,1.0,0.0,0.0,1.0,0,2.8,0.5599999999999999,2.125,2.0,0.609375,3.142857142857143,3.0,0.4081632653061224,3.4,1.04,2.0,0,1,1,0
1,0.0,16.0,0.0,2,2,1.0,1.0,0.0,0.0,0.0,0,3.6,0.64,1.75,1.0,1.1875,3.142857142857143,4.0,1.8367346938775508,1.8,2.5600000000000005,5.0,1,0,1,0
1,0.0,16.0,0.0,2,0,1.0,1.0,0.0,0.0,1.0,0,3.2,0.1599999999999999,2.375,2.5,0.984375,3.5714285714285716,4.0,0.5306122448979592,3.4,1.84,3.0,1,0,1,0
1,0.0,17.0,0.0,0,1,1.0,1.0,0.0,0.0,1.0,0,3.4,0.24,2.625,2.5,1.484375,3.142857142857143,4.0,1.2653061224489797,3.6,2.24,2.0,1,0,1,0
1,0.0,17.0,0.0,0,1,1.0,1.0,0.0,0.0,1.0,0,2.6,0.64,2.375,3.0,0.734375,3.2857142857142856,3.0,0.489795918367347,4.6,0.6399999999999999,4.0,1,0,1,0
1,0.0,16.0,0.0,0,1,1.0,1.0,0.0,0.0,1.0,0,2.6,0.24,2.0,2.0,0.75,3.5714285714285716,4.0,0.2448979591836734,4.4,0.24,2.0,1,0,1,0
1,0.0,17.0,0.0,2,0,1.0,1.0,0.0,0.0,1.0,0,3.2,0.1599999999999999,2.5,2.0,1.5,4.0,4.0,0.0,3.6,2.24,2.0,1,0,1,0
1,0.0,17.0,0.0,2,0,1.0,1.0,0.0,0.0,0.0,0,3.0,0.4,2.5,2.5,0.75,3.5714285714285716,4.0,0.5306122448979592,3.8,0.1599999999999999,2.0,0,1,1,0
1,0.0,17.0,0.0,3,3,1.0,1.0,0.0,0.0,0.0,0,2.4,0.24,2.625,3.0,0.734375,3.7142857142857144,4.0,0.2040816326530612,4.0,0.8,3.0,1,0,1,0
1,0.0,17.0,0.0,3,3,1.0,1.0,0.0,0.0,0.0,0,2.4,0.64,2.0,2.0,0.75,3.2857142857142856,4.0,0.7755102040816327,4.2,0.5599999999999999,5.0,1,0,1,0
2,1.0,17.0,0.0,3,2,1.0,0.0,0.0,0.0,0.0,0,1.6,0.24,2.75,3.0,1.1875,1.5714285714285714,1.0,0.5306122448979591,4.4,0.64,5.0,1,0,1,0
1,0.0,16.0,0.0,2,0,1.0,1.0,0.0,0.0,1.0,0,2.6,0.24,2.0,2.0,0.5,3.470687247072306,3.2948107295061417,0.2194411391909145,4.2,0.5599999999999999,1.0,0,1,1,0
1,0.0,16.0,0.0,0,1,1.0,1.0,0.0,0.0,1.0,0,2.5520482533299824,0.2108360826988081,2.75,3.0,0.4375,2.4285714285714284,2.0,0.2448979591836734,3.6,0.24,1.0,0,1,1,0
1,1.0,16.0,0.0,0,1,1.0,1.0,0.0,0.0,1.0,0,3.2,0.1599999999999999,2.125,2.0,0.859375,3.142857142857143,3.0,0.4081632653061224,4.2,0.5599999999999999,1.0,0,1,1,0
1,0.0,17.0,0.0,0,1,1.0,1.0,0.0,0.0,1.0,0,3.4,0.24,2.125,2.0,1.109375,3.857142857142857,4.0,0.1224489795918367,3.2,0.1599999999999999,2.0,0,1,1,0
1,1.0,16.0,0.0,0,1,1.0,1.0,0.0,0.0,1.0,0,3.8,0.1599999999999999,2.125,1.5,1.609375,4.0,4.0,0.0,3.4,1.84,5.0,1,0,1,0
1,1.0,16.0,0.0,0,1,1.0,1.0,0.0,0.0,1.0,0,3.6,0.24,2.25,2.0,0.4375,2.857142857142857,3.0,0.9795918367346936,4.4,0.24,2.0,1,0,1,0
1,1.0,15.0,0.0,0,1,1.0,1.0,0.0,0.0,1.0,0,2.4,0.64,2.0,2.0,0.5,3.0,3.0,1.1428571428571428,3.0,2.0,4.0,1,0,1,0
1,0.0,15.0,0.0,2,0,1.0,1.0,0.0,0.0,0.0,0,3.0,0.4,2.125,2.0,0.359375,3.857142857142857,4.0,0.1224489795918367,4.6,0.24,1.0,0,1,1,0
1,1.0,16.0,1.0,2,0,0.0,1.0,0.0,0.0,1.0,0,2.4,0.24,2.125,2.0,0.359375,3.142857142857143,3.0,0.979591836734694,3.4,1.84,5.0,1,0,0,1
2,1.0,16.0,0.0,0,1,1.0,0.0,0.0,0.0,1.0,0,2.4,0.64,2.625,3.0,0.734375,3.4285714285714284,4.0,1.1020408163265307,3.6,2.24,4.0,1,0,1,0
1,0.0,16.0,0.0,0,1,0.0,1.0,0.0,0.0,0.0,0,3.0,0.4,2.375,2.0,0.734375,3.0,3.0,0.5714285714285714,4.0,0.0,1.0,0,1,1,0
1,0.0,16.0,0.0,0,1,1.0,1.0,0.0,0.0,1.0,0,2.4,0.64,3.125,3.5,1.109375,2.7142857142857144,3.0,1.6326530612244896,4.0,1.6,1.0,0,1,1,0
1,0.0,16.0,0.0,2,0,1.0,0.0,0.0,0.0,0.0,0,2.6,0.24,2.4751628664495113,2.4006514657980453,1.7791553159715223,4.0,4.0,0.0,3.4,0.24,3.0,1,0,1,0
1,0.0,17.0,0.0,0,1,1.0,0.0,0.0,0.0,0.0,0,2.6,0.24,2.125,2.0,0.859375,3.7142857142857144,4.0,0.2040816326530612,3.2,0.5599999999999999,2.0,1,0,1,0
2,0.0,16.0,0.0,2,0,1.0,1.0,0.0,0.0,0.0,0,3.2,0.5599999999999999,3.125,3.0,0.859375,2.7142857142857144,3.0,1.0612244897959184,4.2,1.36,4.0,1,0,1,0
1,0.0,17.0,0.0,3,3,1.0,1.0,0.0,0.0,0.0,0,3.6,0.24,2.375,2.0,0.734375,4.0,4.0,0.0,4.6,0.24,3.0,1,0,1,0
1,0.0,17.0,0.0,4,4,1.0,0.0,0.0,0.0,0.0,0,2.4,0.64,2.25,2.0,0.4375,3.2857142857142856,4.0,0.7755102040816327,4.4,0.6399999999999999,2.0,0,1,1,0
1,0.0,16.0,0.0,0,1,1.0,0.0,0.0,0.0,1.0,1,2.6,0.64,2.75,3.0,0.6875,3.4285714285714284,3.0,0.2448979591836734,1.2,0.16,2.0,0,1,0,1
1,0.0,17.0,0.0,2,2,1.0,1.0,0.0,0.0,1.0,0,2.2,0.5599999999999999,2.25,2.0,0.9375,3.857142857142857,4.0,0.1224489795918367,4.6,0.24,2.0,0,1,0,1
2,0.0,17.0,0.0,3,3,1.0,0.0,0.0,0.0,0.0,0,3.4,0.24,2.625,3.0,0.234375,3.5714285714285716,4.0,0.2448979591836734,3.0,1.2,1.0,1,0,1,0
1,0.0,16.0,0.0,2,0,0.0,1.0,0.0,0.0,0.0,0,2.8,0.5599999999999999,2.25,2.0,0.4375,3.5714285714285716,4.0,0.5306122448979592,3.4,0.24,1.0,1,0,1,0
1,1.0,16.0,1.0,3,3,1.0,1.0,1.0,1.0,1.0,0,3.8,0.1599999999999999,2.5,2.5,0.75,2.857142857142857,2.0,0.979591836734694,2.6,1.4400000000000002,2.0,1,0,1,0
1,0.0,17.0,0.0,2,0,1.0,1.0,0.0,0.0,1.0,0,3.4,0.24,2.375,2.0,1.234375,3.142857142857143,3.0,0.4081632653061224,4.0,0.4,3.0,1,0,1,0
2,1.0,16.0,1.0,0,1,1.0,0.0,0.0,0.0,0.0,1,3.0,0.4,2.5,2.5,0.25,3.7142857142857144,4.0,0.2040816326530612,3.6,0.64,4.0,1,0,1,0
1,0.0,16.0,1.0,0,1,1.0,1.0,0.0,0.0,0.0,1,3.6,0.24,2.625,2.5,0.984375,2.142857142857143,2.0,1.2653061224489797,2.4,1.0400000000000005,5.0,1,0,1,0
1,0.0,16.0,0.0,0,1,1.0,1.0,0.0,0.0,1.0,0,3.4,0.24,2.75,2.5,0.6875,2.7142857142857144,4.0,2.2040816326530615,3.0,0.0,1.0,0,1,1,0
1,0.0,16.0,0.0,2,0,1.0,1.0,0.0,0.0,1.0,0,3.6,0.64,2.25,2.5,1.1875,4.0,4.0,0.0,4.8,0.1599999999999999,2.0,0,1,1,0
1,0.0,17.0,0.0,3,2,0.0,0.0,0.0,0.0,1.0,0,2.6,0.24,2.25,2.0,0.9375,2.857142857142857,3.0,1.2653061224489797,3.8,0.5599999999999999,1.0,0,1,1,0
1,0.0,16.0,0.0,2,2,1.0,1.0,0.0,0.0,0.0,0,2.8,0.1599999999999999,2.5,3.0,0.5,2.4285714285714284,2.0,1.3877551020408163,3.8,0.1599999999999999,1.0,0,1,1,0
1,0.0,16.0,0.0,2,2,1.0,0.0,0.0,0.0,1.0,0,3.2,0.5599999999999999,2.625,2.5,1.484375,2.5714285714285716,2.0,1.1020408163265307,4.6,0.6399999999999999,1.0,0,1,1,0
1,0.0,16.0,0.0,2,0,1.0,1.0,0.0,0.0,1.0,0,2.8,1.36,2.25,2.5,1.1875,3.0,3.0,0.5714285714285714,4.6,0.24,2.0,0,1,0,1
1,0.0,16.0,1.0,5,5,1.0,1.0,0.0,0.0,1.0,0,3.2,1.36,1.0,1.0,0.0,4.0,4.0,0.0,4.8,0.1599999999999999,5.0,1,0,1,0
1,0.0,16.0,0.0,2,0,1.0,1.0,0.0,0.0,1.0,0,3.4,0.24,2.125,2.0,0.609375,3.7142857142857144,4.0,0.2040816326530612,4.4,0.24,4.0,0,1,0,1
1,0.0,16.0,0.0,2,0,1.0,0.0,1.0,0.0,1.0,0,2.839430995757424,0.981991612008658,2.375,2.0,1.234375,2.142857142857143,2.0,1.2653061224489797,2.8,0.5599999999999999,3.0,0,1,0,1
1,0.0,17.0,1.0,3,3,1.0,1.0,0.0,0.0,1.0,0,2.6,1.04,2.5,2.5,1.75,2.142857142857143,2.0,0.979591836734694,3.613563563563564,0.2515867318770221,1.0,0,1,1,0
1,0.0,17.0,1.0,2,0,1.0,1.0,0.0,0.0,1.0,0,3.4,1.4400000000000002,1.5,1.5,0.25,3.142857142857143,4.0,1.8367346938775508,3.6,0.6400000000000002,2.0,1,0,1,0
1,0.0,16.0,0.0,2,2,1.0,0.0,0.0,0.0,0.0,0,3.0,0.4,2.375,2.0,1.734375,3.4285714285714284,4.0,1.1020408163265307,3.8,0.5599999999999999,2.0,1,0,1,0
1,0.0,16.0,0.0,4,3,1.0,1.0,0.0,0.0,1.0,0,4.0,0.0,3.125,3.5,0.859375,4.0,4.0,0.0,3.2,3.3600000000000003,4.0,1,0,1,0
1,0.0,17.0,1.0,3,2,1.0,1.0,0.0,0.0,1.0,0,3.2,0.5599999999999999,2.5,2.5,0.25,3.4285714285714284,4.0,1.1020408163265307,4.4,0.6399999999999999,2.0,1,0,1,0
1,0.0,17.0,0.0,3,3,1.0,0.0,0.0,0.0,0.0,0,2.8,0.5599999999999999,2.875,3.0,0.359375,3.5714285714285716,4.0,0.5306122448979592,4.4,0.24,2.0,1,0,1,0
1,0.0,16.0,0.0,4,3,1.0,1.0,0.0,0.0,1.0,0,3.0,0.4,2.625,3.0,0.234375,3.142857142857143,3.0,0.6938775510204082,3.6,0.24,4.0,1,0,1,0
1,0.0,15.0,0.0,0,1,1.0,1.0,0.0,0.0,1.0,0,2.8,0.1599999999999999,2.0,2.0,0.5,3.4285714285714284,3.0,0.2448979591836734,4.0,0.4,5.0,1,0,1,0
1,0.0,16.0,0.0,0,1,1.0,1.0,0.0,0.0,1.0,0,3.8,0.1599999999999999,2.5,2.5,1.25,3.7142857142857144,4.0,0.2040816326530612,4.6,0.6399999999999999,3.0,1,0,1,0
1,0.0,16.0,0.0,2,0,1.0,1.0,0.0,0.0,1.0,0,3.4,0.24,2.625,3.0,1.984375,2.654306433751295,3.0,1.500005710125114,4.0,1.6,2.0,0,1,1,0
1,0.0,16.0,0.0,0,1,1.0,1.0,0.0,0.0,0.0,0,3.6,0.24,2.625,2.5,1.484375,4.0,4.0,0.0,4.8,0.1599999999999999,1.0,0,1,1,0
1,0.0,15.0,0.0,0,1,1.0,1.0,0.0,0.0,1.0,0,3.0,0.0,2.5,2.0,0.5,2.857142857142857,3.0,0.1224489795918367,4.0,0.0,4.0,1,0,1,0
1,0.0,16.0,1.0,2,0,1.0,0.0,0.0,0.0,1.0,0,2.2,0.1599999999999999,1.75,1.5,0.6875,2.857142857142857,3.0,0.4081632653061224,3.2,0.5599999999999999,1.0,0,1,1,0
1,0.0,15.0,0.0,3,3,0.0,1.0,0.0,0.0,0.0,0,2.6,0.24,2.25,2.0,0.1875,2.7142857142857144,3.0,0.489795918367347,4.4,1.44,1.0,0,1,0,1
1,0.0,15.0,0.0,2,0,1.0,1.0,0.0,0.0,1.0,0,3.6,0.24,2.375,2.5,0.484375,3.857142857142857,4.0,0.1224489795918367,4.0,2.4,1.0,0,1,1,0
1,0.0,16.0,0.0,4,4,0.0,1.0,0.0,0.0,0.0,0,3.4,0.24,2.875,3.0,0.609375,3.4285714285714284,4.0,0.5306122448979593,2.6,2.24,2.0,1,0,1,0
1,0.0,15.0,0.0,0,1,1.0,1.0,0.0,0.0,1.0,0,2.2,0.1599999999999999,2.75,3.0,0.4375,3.5714285714285716,4.0,0.2448979591836734,4.2,0.1599999999999999,1.0,1,0,1,0
2,1.0,15.0,0.0,0,1,0.0,1.0,0.0,0.0,1.0,0,3.4,0.24,2.375,2.5,1.484375,4.0,4.0,0.0,4.0,0.4,1.0,0,1,1,0
1,0.0,15.0,0.0,0,1,1.0,1.0,0.0,0.0,0.0,0,3.8,0.1599999999999999,2.75,2.5,0.6875,3.5714285714285716,4.0,1.1020408163265307,5.0,0.0,1.0,0,1,1,0
1,1.0,15.0,0.0,0,1,1.0,1.0,0.0,0.0,1.0,0,3.6,0.24,2.25,2.0,0.4375,3.857142857142857,4.0,0.1224489795918367,4.8,0.1599999999999999,5.0,1,0,0,1
1,0.0,16.0,0.0,2,0,1.0,0.0,1.0,0.0,1.0,0,2.8,0.5599999999999999,2.375,2.5,0.484375,3.0,3.0,0.5714285714285714,3.8,0.5599999999999999,4.0,1,0,1,0
1,0.0,15.0,0.0,0,1,0.0,1.0,0.0,0.0,0.0,0,4.0,0.0,2.75,2.0,0.9375,4.0,4.0,0.0,3.4,0.24,1.0,1,0,1,0
1,0.0,15.0,0.0,2,2,1.0,0.0,0.0,0.0,0.0,0,3.0,0.4,2.5,3.0,1.0,3.142857142857143,3.0,0.1224489795918367,4.6,0.24,1.0,0,1,0,1
1,1.0,17.0,0.0,2,2,1.0,1.0,0.0,0.0,0.0,0,3.8,0.1599999999999999,2.125,2.0,0.609375,3.142857142857143,3.0,0.979591836734694,4.4,0.24,4.0,1,0,1,0
1,0.0,16.0,0.0,3,3,1.0,1.0,0.0,0.0,1.0,0,2.8,0.1599999999999999,2.75,3.0,0.9375,3.142857142857143,4.0,1.2653061224489797,3.980738522954092,0.0014840179919601,3.0,1,0,1,0
1,0.0,17.0,0.0,2,0,1.0,1.0,0.0,0.0,1.0,0,3.4,1.4400000000000002,3.125,4.0,1.609375,4.0,4.0,0.0,4.6,0.24,1.0,1,0,1,0
1,1.0,16.0,1.0,0,1,1.0,1.0,0.0,0.0,1.0,0,2.6,0.24,2.0,2.0,0.5,3.2857142857142856,4.0,1.0612244897959184,3.8,0.5599999999999999,3.0,1,0,1,0
1,1.0,16.0,1.0,0,1,1.0,1.0,0.0,0.0,0.0,0,2.8,0.1599999999999999,3.0,3.0,1.0,3.0,3.0,0.2857142857142857,3.8,0.5599999999999999,1.0,0,1,1,0
1,1.0,16.0,0.0,2,2,1.0,0.0,1.0,0.0,0.0,0,3.2,0.96,2.625,3.0,1.234375,2.857142857142857,3.0,0.6938775510204082,4.0,0.4,2.0,1,0,1,0
1,0.0,15.0,0.0,2,0,0.0,1.0,0.0,0.0,0.0,0,3.8,0.1599999999999999,1.75,1.0,1.1875,3.7142857142857144,4.0,0.489795918367347,3.4,0.64,1.0,0,1,1,0
1,0.0,17.0,1.0,3,3,0.0,1.0,0.0,0.0,0.0,0,3.6,0.24,2.625,2.5,0.484375,4.0,4.0,0.0,3.4,0.64,2.0,0,1,1,0
1,0.0,16.0,0.0,0,1,1.0,0.0,0.0,0.0,1.0,0,3.2,0.5599999999999999,1.875,2.0,0.609375,2.142857142857143,2.0,1.2653061224489794,4.8,0.1599999999999999,2.0,1,0,1,0
1,0.0,15.0,0.0,3,3,1.0,0.0,0.0,0.0,0.0,0,3.6,0.24,2.625,3.0,0.484375,3.857142857142857,4.0,0.1224489795918367,2.6,2.6399999999999997,5.0,1,0,1,0
1,0.0,16.0,0.0,2,2,1.0,0.0,0.0,0.0,1.0,0,2.8,0.1599999999999999,2.75,3.0,0.4375,2.857142857142857,3.0,0.979591836734694,3.8,0.1599999999999999,4.0,1,0,1,0
1,0.0,16.0,1.0,3,3,1.0,1.0,0.0,0.0,0.0,0,2.8,0.1599999999999999,2.0,2.0,1.0,3.142857142857143,3.0,0.6938775510204082,4.8,0.1599999999999999,1.0,0,1,0,1
1,0.0,17.0,0.0,2,2,0.0,0.0,0.0,0.0,1.0,0,2.4,0.64,2.625,2.5,0.484375,4.0,4.0,0.0,3.4,1.0400000000000005,5.0,1,0,1,0
2,1.0,17.0,0.0,0,1,1.0,1.0,0.0,0.0,1.0,0,2.8,0.1599999999999999,2.875,3.0,0.359375,2.4285714285714284,3.0,0.5306122448979592,4.2,0.5599999999999999,1.0,1,0,1,0
1,1.0,17.0,0.0,4,4,1.0,1.0,0.0,0.0,1.0,0,3.0,0.8,2.625,3.0,0.234375,3.142857142857143,4.0,1.836734693877551,2.8,0.5599999999999999,5.0,1,0,1,0
1,0.0,16.0,1.0,4,2,1.0,1.0,0.0,0.0,1.0,0,3.2,0.5599999999999999,2.25,2.0,1.4375,3.7142857142857144,4.0,0.489795918367347,4.8,0.1599999999999999,4.0,1,0,1,0
1,0.0,16.0,0.0,3,3,1.0,0.0,1.0,0.0,0.0,0,2.3520482533299822,0.191655384030801,2.0,2.0,1.0,3.7142857142857144,4.0,0.2040816326530612,4.0,0.4,1.0,0,1,1,0
2,1.0,16.0,1.0,4,3,0.0,0.0,1.0,0.0,0.0,1,2.6,0.24,2.125,2.0,0.359375,2.7142857142857144,3.0,1.0612244897959184,3.4,0.24,1.0,0,1,1,0
1,0.0,17.0,0.0,0,1,1.0,0.0,0.0,0.0,1.0,0,3.8,0.1599999999999999,2.875,3.0,0.609375,3.857142857142857,4.0,0.1224489795918367,4.8,0.1599999999999999,1.0,0,1,1,0
1,0.0,16.0,0.0,3,2,1.0,1.0,0.0,0.0,1.0,0,2.4,0.24,2.25,2.0,0.9375,3.0,3.0,0.5714285714285714,3.8,2.16,1.0,0,1,1,0
1,0.0,17.0,0.0,2,2,1.0,1.0,0.0,0.0,1.0,0,1.6,1.4400000000000002,2.375,2.0,1.984375,4.0,4.0,0.0,4.2,2.56,1.0,0,1,1,0
1,1.0,16.0,0.0,4,4,1.0,1.0,0.0,0.0,1.0,0,3.4,0.64,2.25,2.0,0.4375,2.857142857142857,3.0,0.1224489795918367,3.6,0.24,5.0,1,0,1,0
1,0.0,15.0,0.0,3,0,1.0,1.0,0.0,0.0,1.0,0,3.4,0.24,3.0,3.0,1.0,3.4285714285714284,4.0,1.1020408163265307,5.0,0.0,4.0,1,0,1,0
1,0.0,16.0,0.0,0,1,1.0,1.0,0.0,0.0,1.0,0,3.6,0.24,2.625,3.0,0.234375,3.857142857142857,4.0,0.1224489795918367,4.0,0.0,4.0,1,0,1,0
1,0.0,15.0,1.0,2,2,1.0,1.0,0.0,0.0,1.0,0,3.6,0.24,3.25,3.5,0.6875,3.142857142857143,4.0,1.2653061224489797,3.8,2.16,4.0,1,0,1,0
1,0.0,15.0,0.0,2,2,1.0,0.0,0.0,0.0,1.0,1,3.6,0.24,2.375,2.0,0.234375,4.0,4.0,0.0,4.0,0.0,3.0,1,0,0,1
1,0.0,15.0,0.0,2,0,1.0,1.0,0.0,0.0,0.0,0,3.0,0.4,3.5,4.0,0.5,3.142857142857143,4.0,1.836734693877551,4.4,0.24,1.0,1,0,1,0
1,1.0,16.0,1.0,3,3,1.0,1.0,0.0,0.0,1.0,0,3.4,0.24,2.75,2.5,0.6875,4.0,4.0,0.0,3.8,2.56,2.0,0,1,1,0
2,1.0,16.0,0.0,2,2,1.0,1.0,0.0,0.0,0.0,0,3.0,0.0,2.875,3.0,0.359375,3.0,3.0,0.0,4.0,0.4,2.0,1,0,1,0
1,0.0,16.0,0.0,0,1,1.0,1.0,0.0,0.0,0.0,0,3.4,0.24,2.875,3.0,0.609375,3.5714285714285716,4.0,0.2448979591836734,4.2,0.5599999999999999,4.0,1,0,1,0
1,0.0,15.0,1.0,4,4,1.0,1.0,0.0,0.0,1.0,0,3.0,0.0,3.125,3.0,0.109375,2.5714285714285716,3.0,0.2448979591836734,4.0,0.4,1.0,0,1,1,0
1,1.0,16.0,1.0,3,3,0.0,1.0,0.0,0.0,1.0,0,2.2,0.1599999999999999,1.875,2.0,0.609375,2.7142857142857144,3.0,1.0612244897959184,4.4,0.24,1.0,0,1,1,0
1,0.0,16.0,0.0,4,4,1.0,1.0,0.0,0.0,1.0,0,3.2,0.5599999999999999,2.875,3.0,1.359375,3.5714285714285716,4.0,0.2448979591836734,4.2,0.5599999999999999,1.0,0,1,1,0
1,0.0,14.0,0.0,0,1,1.0,1.0,0.0,0.0,1.0,0,3.0,0.4,2.625,3.0,0.734375,3.5714285714285716,4.0,0.2448979591836734,4.0,0.4,1.0,0,1,1,0
1,0.0,15.0,0.0,0,1,1.0,1.0,0.0,0.0,1.0,0,3.4,0.24,2.375,2.5,0.984375,3.2857142857142856,3.0,0.489795918367347,4.2,0.5599999999999999,1.0,0,1,1,0
1,0.0,16.0,1.0,4,3,1.0,0.0,1.0,0.0,0.0,0,2.4,0.24,1.625,1.0,0.734375,2.857142857142857,3.0,0.6938775510204082,4.6,0.24,2.0,0,1,1,0
1,0.0,15.0,0.0,0,1,0.0,1.0,0.0,0.0,0.0,0,3.4,0.24,2.625,2.5,0.984375,3.857142857142857,4.0,0.1224489795918367,4.0,0.4,1.0,0,1,1,0
1,0.0,14.0,0.0,2,0,1.0,1.0,0.0,0.0,1.0,0,2.8,1.36,2.375,2.0,0.734375,2.5714285714285716,2.0,1.673469387755102,4.4,0.6399999999999999,1.0,1,0,1,0
1,0.0,15.0,0.0,2,2,1.0,1.0,1.0,1.0,1.0,0,2.0,0.8,2.75,2.5,1.1875,2.5714285714285716,3.0,0.5306122448979592,2.4,0.64,1.0,0,1,1,0
1,0.0,15.0,0.0,2,2,1.0,1.0,0.0,0.0,1.0,1,2.2,0.5599999999999999,2.625,2.5,0.984375,2.4285714285714284,3.0,1.1020408163265307,4.2,0.1599999999999999,1.0,0,1,1,0
1,0.0,16.0,0.0,0,1,0.0,0.0,0.0,0.0,1.0,1,2.4,0.64,2.519218710810133,2.5768748432405317,0.7333668011062916,3.5714285714285716,4.0,0.5306122448979593,3.8572001001753065,0.1959674459103831,1.0,0,1,1,0
1,0.0,14.0,1.0,3,0,1.0,1.0,0.0,0.0,1.0,0,1.2,0.16,2.875,3.0,0.859375,3.4285714285714284,4.0,1.1020408163265307,4.6,0.24,1.0,0,1,1,0
1,0.0,14.0,0.0,0,1,1.0,1.0,0.0,0.0,1.0,0,2.2,0.5599999999999999,2.75,3.0,0.9375,3.4285714285714284,4.0,0.5306122448979593,4.4,0.24,1.0,0,1,1,0
1,0.0,14.0,0.0,0,1,1.0,0.0,0.0,0.0,1.0,0,2.4,1.8400000000000003,2.5,2.0,1.0,2.142857142857143,2.0,0.4081632653061224,4.0,0.8,4.0,0,1,1,0
2,1.0,16.0,0.0,0,1,1.0,1.0,0.0,0.0,1.0,0,3.2,0.5599999999999999,1.875,2.0,0.859375,3.142857142857143,4.0,0.979591836734694,3.6,0.64,4.0,1,0,1,0
1,0.0,14.0,0.0,2,0,1.0,1.0,0.0,0.0,1.0,0,2.6,0.24,2.75,2.5,1.1875,3.857142857142857,4.0,0.1224489795918367,3.0,0.4,1.0,0,1,1,0
1,1.0,16.0,1.0,0,1,1.0,1.0,0.0,0.0,1.0,0,1.8,0.56,2.0,1.5,1.25,1.8571428571428572,2.0,0.6938775510204082,4.0,0.4,2.0,0,1,1,0
1,0.0,16.0,0.0,3,3,1.0,0.0,0.0,0.0,0.0,0,1.2,0.16,3.0,3.0,1.0,3.5714285714285716,4.0,1.1020408163265307,4.2,2.56,1.0,0,1,1,0
1,0.0,16.0,1.0,2,2,1.0,1.0,0.0,0.0,1.0,0,3.4,0.64,2.625,3.0,0.234375,3.7142857142857144,4.0,0.2040816326530612,4.4,0.6399999999999999,2.0,1,0,1,0
1,0.0,14.0,0.0,0,1,1.0,1.0,0.0,0.0,1.0,0,3.2,0.1599999999999999,2.5,3.0,1.0,3.7142857142857144,4.0,0.2040816326530612,4.2,0.1599999999999999,5.0,1,0,0,1
1,0.0,14.0,0.0,0,1,1.0,1.0,0.0,0.0,0.0,0,2.8,0.5599999999999999,2.75,3.0,0.9375,3.2857142857142856,3.0,0.489795918367347,4.4,0.24,1.0,0,1,1,0
1,0.0,16.0,0.0,0,1,0.0,1.0,0.0,0.0,0.0,0,2.8,0.5599999999999999,2.625,2.5,0.484375,3.5714285714285716,4.0,0.5306122448979592,3.4,0.24,4.0,1,0,1,0
1,0.0,15.0,0.0,0,1,0.0,0.0,0.0,0.0,1.0,0,2.4,1.44,2.625,2.5,0.984375,4.0,4.0,0.0,4.4,0.24,2.0,0,1,1,0
1,0.0,15.0,0.0,0,1,1.0,1.0,0.0,0.0,1.0,0,3.0,0.0,3.0,3.5,1.25,3.2857142857142856,4.0,1.3469387755102038,3.2,0.1599999999999999,1.0,0,1,1,0
1,0.0,15.0,0.0,0,1,1.0,1.0,0.0,0.0,1.0,0,3.6,0.24,2.5,2.5,0.75,3.142857142857143,4.0,1.8367346938775508,4.8,0.1599999999999999,1.0,1,0,1,0
1,0.0,15.0,1.0,2,2,1.0,1.0,0.0,0.0,1.0,0,1.6,0.64,2.25,2.0,1.4375,2.5714285714285716,2.0,0.5306122448979592,4.6,0.24,1.0,0,1,1,0
1,0.0,14.0,0.0,0,1,1.0,1.0,0.0,0.0,1.0,0,2.6,0.64,2.375,2.5,0.984375,3.7142857142857144,4.0,0.489795918367347,2.2,0.5599999999999999,1.0,0,1,1,0
2,1.0,15.0,0.0,0,1,1.0,1.0,0.0,0.0,1.0,1,2.4,0.24,3.0,3.0,0.75,2.142857142857143,2.0,1.2653061224489794,4.6,0.24,4.0,0,1,1,0
1,0.0,16.0,0.0,0,1,1.0,1.0,0.0,0.0,1.0,0,3.8,0.1599999999999999,1.75,2.0,0.4375,3.142857142857143,3.0,0.6938775510204082,3.4,0.24,3.0,1,0,1,0
1,1.0,15.0,0.0,3,2,1.0,1.0,0.0,0.0,1.0,0,2.2394309957574245,0.2293088069175673,2.75,3.0,0.1875,3.285749964321393,3.00024975024975,0.4897755382296351,5.0,0.0,1.0,0,1,1,0
1,0.0,16.0,0.0,3,3,1.0,1.0,0.0,0.0,1.0,0,2.6,0.24,2.25,2.0,0.6875,3.756401532786592,4.0,0.1545586306598008,4.2,0.5599999999999999,1.0,0,1,1,0
1,0.0,16.0,0.0,0,1,1.0,1.0,0.0,0.0,1.0,0,3.8,0.1599999999999999,2.125,2.0,1.109375,3.142857142857143,4.0,1.2653061224489797,4.2,0.5599999999999999,1.0,0,1,1,0
1,0.0,16.0,0.0,0,1,1.0,1.0,0.0,0.0,1.0,1,3.0,0.0,1.875,2.0,0.359375,4.0,4.0,0.0,3.8,0.1599999999999999,3.0,1,0,1,0
1,0.0,16.0,0.0,0,1,1.0,1.0,0.0,0.0,1.0,0,3.6,0.24,2.25,2.0,1.6875,4.0,4.0,0.0,3.8,0.1599999999999999,1.0,0,1,1,0
1,0.0,16.0,0.0,3,3,1.0,1.0,0.0,0.0,1.0,0,3.2,0.1599999999999999,2.75,3.0,0.1875,3.4285714285714284,4.0,0.5306122448979592,3.8,0.1599999999999999,2.0,0,1,1,0
1,0.0,16.0,0.0,3,3,1.0,1.0,0.0,0.0,1.0,0,3.0,0.0,2.5,2.5,0.25,3.4285714285714284,4.0,0.5306122448979592,4.0,0.4,4.0,1,0,1,0
1,0.0,15.0,0.0,2,0,1.0,1.0,0.0,0.0,1.0,0,3.2,0.96,1.875,1.0,1.359375,3.857142857142857,4.0,0.1224489795918367,4.6,0.24,1.0,1,0,1,0
1,0.0,16.0,0.0,2,2,1.0,1.0,0.0,0.0,1.0,0,3.0,0.0,2.5,2.5,1.75,3.7142857142857144,4.0,0.2040816326530612,3.8,0.1599999999999999,4.0,1,0,1,0
1,1.0,15.0,0.0,2,2,1.0,1.0,0.0,0.0,1.0,0,2.9520482533299823,0.0091974800348221,3.0,3.0,0.0,2.0,2.0,0.0,1.0,0.0,1.0,0,1,1,0
1,0.0,15.0,1.0,3,3,1.0,1.0,0.0,0.0,1.0,0,3.0,0.0,3.0,3.0,0.0,3.0,3.0,0.0,3.0,0.0,5.0,1,0,1,0
1,0.0,14.0,0.0,0,1,1.0,1.0,0.0,0.0,0.0,0,3.0,0.0,2.875,3.0,0.609375,4.0,4.0,0.0,4.8,0.1599999999999999,1.0,0,1,1,0
1,0.0,14.0,0.0,0,1,1.0,1.0,0.0,0.0,1.0,0,2.0,0.4,2.125,2.0,0.609375,2.7564015327865916,3.0,0.2387902676615556,4.0,0.0,1.0,0,1,1,0
1,0.0,14.0,0.0,0,1,1.0,1.0,0.0,0.0,1.0,0,3.2,0.5599999999999999,2.0,2.0,0.75,3.0,3.0,0.8571428571428571,4.4,1.44,2.0,0,1,1,0
1,0.0,14.0,0.0,0,1,1.0,1.0,0.0,0.0,0.0,0,3.0,0.0,2.5,2.0,0.5,3.0,3.0,0.0,4.0,0.0,1.0,0,1,1,0
1,0.0,15.0,0.0,0,1,1.0,1.0,0.0,0.0,1.0,0,2.8,0.1599999999999999,2.625,3.0,0.234375,3.4285714285714284,4.0,0.5306122448979592,3.8,0.1599999999999999,1.0,1,0,1,0
1,0.0,14.0,0.0,0,1,1.0,1.0,0.0,0.0,1.0,0,3.0,0.4,2.125,2.0,1.109375,3.0,3.0,0.2857142857142857,5.0,0.0,1.0,0,1,1,0
1,0.0,15.0,0.0,0,1,1.0,1.0,0.0,0.0,1.0,0,3.0,0.0,2.0,2.0,0.0,3.0,3.0,0.0,4.0,0.0,1.0,1,0,1,0
1,0.0,15.0,0.0,0,1,1.0,1.0,0.0,0.0,1.0,0,3.4,0.24,2.625,3.0,0.234375,3.857142857142857,4.0,0.1224489795918367,4.0,0.4,1.0,0,1,1,0
1,0.0,14.0,0.0,2,0,1.0,1.0,0.0,0.0,0.0,0,3.4,0.24,2.875,3.0,0.359375,4.0,4.0,0.0,4.4,0.24,1.0,0,1,1,0
1,0.0,15.0,0.0,0,1,1.0,1.0,0.0,0.0,1.0,0,2.6,0.24,2.625,3.0,0.234375,3.2857142857142856,3.0,0.489795918367347,4.0,0.0,5.0,1,0,1,0
1,0.0,15.0,0.0,0,1,1.0,1.0,0.0,0.0,0.0,0,3.0,0.4,2.375,2.0,0.734375,3.5714285714285716,4.0,0.5306122448979592,3.8,0.1599999999999999,1.0,0,1,1,0
1,0.0,14.0,0.0,0,1,1.0,1.0,0.0,0.0,0.0,0,2.2,0.5599999999999999,2.375,2.0,1.734375,4.0,4.0,0.0,4.2,0.1599999999999999,1.0,0,1,1,0
1,0.0,16.0,0.0,3,0,1.0,0.0,0.0,1.0,1.0,0,3.4,0.24,2.5,2.5,1.75,2.7142857142857144,3.0,0.489795918367347,4.6,0.24,2.0,0,1,1,0
1,0.0,14.0,0.0,2,2,1.0,1.0,0.0,0.0,1.0,0,3.0,0.0,2.375,2.0,0.234375,2.7142857142857144,3.0,0.2040816326530612,3.4,0.24,1.0,0,1,1,0
1,0.0,15.0,0.0,2,0,1.0,1.0,0.0,0.0,1.0,0,3.2,0.1599999999999999,2.25,2.0,0.4375,3.7142857142857144,4.0,0.2040816326530612,4.6,0.24,1.0,0,1,1,0
1,0.0,15.0,0.0,0,1,1.0,1.0,0.0,0.0,1.0,0,2.2,0.5599999999999999,2.625,3.0,0.734375,2.5714285714285716,3.0,1.1020408163265307,4.0,0.4,1.0,0,1,1,0
1,0.0,14.0,0.0,0,1,1.0,1.0,0.0,0.0,1.0,0,3.0,0.4,2.25,2.5,0.6875,3.4285714285714284,4.0,0.5306122448979592,3.6,0.64,1.0,1,0,1,0
1,0.0,14.0,0.0,0,1,1.0,1.0,0.0,0.0,1.0,0,3.2,0.5599999999999999,2.125,2.0,1.109375,3.2857142857142856,3.0,0.489795918367347,4.4,0.24,1.0,0,1,1,0
1,0.0,14.0,0.0,0,1,1.0,1.0,0.0,0.0,1.0,0,2.8,0.1599999999999999,2.375,2.0,0.234375,2.857142857142857,3.0,0.1224489795918367,3.6,0.24,1.0,1,0,1,0
1,0.0,14.0,0.0,0,1,1.0,1.0,0.0,0.0,1.0,0,3.8,0.1599999999999999,2.25,2.0,0.6875,3.857142857142857,4.0,0.1224489795918367,4.0,0.4,1.0,0,1,1,0
1,0.0,15.0,0.0,0,1,1.0,1.0,0.0,0.0,1.0,0,3.6,0.24,1.875,1.5,1.109375,3.857142857142857,4.0,0.1224489795918367,4.8,0.1599999999999999,3.0,1,0,1,0
1,0.0,15.0,0.0,0,1,1.0,1.0,0.0,0.0,1.0,0,3.2,0.1599999999999999,2.5,2.5,0.75,3.5714285714285716,4.0,0.5306122448979592,3.2,0.5599999999999999,5.0,1,0,1,0
2,1.0,15.0,0.0,2,0,1.0,1.0,0.0,0.0,1.0,0,2.0,0.4,2.125,1.5,1.609375,3.0,3.0,1.1428571428571428,3.6,0.64,2.0,0,1,1,0
1,0.0,15.0,0.0,0,1,1.0,1.0,0.0,0.0,1.0,0,2.6,0.24,2.375,2.0,0.234375,3.2857142857142856,3.0,0.489795918367347,3.6,1.8400000000000003,4.0,1,0,1,0
1,0.0,15.0,0.0,0,1,1.0,1.0,0.0,0.0,0.0,0,2.8,0.1599999999999999,2.25,2.5,0.6875,4.0,4.0,0.0,4.2,1.36,3.0,1,0,1,0
1,0.0,14.0,0.0,0,1,1.0,1.0,0.0,0.0,1.0,0,3.4,0.24,2.5,3.0,0.5,3.142857142857143,3.0,0.4081632653061224,4.2,0.1599999999999999,2.0,1,0,1,0
1,0.0,15.0,0.0,0,1,1.0,1.0,0.0,0.0,1.0,0,3.0,0.4,2.625,3.0,0.734375,2.388205771643664,2.0,1.8420964978231016,3.8,0.96,2.0,0,1,0,1
1,1.0,16.0,0.0,0,1,1.0,0.0,0.0,0.0,0.0,0,3.1342335583895973,0.6036074760125392,2.375,2.0,1.234375,3.0,4.0,1.4285714285714286,4.6,0.24,1.0,0,1,1,0
2,1.0,15.0,0.0,2,0,1.0,1.0,0.0,0.0,1.0,1,3.2,0.1599999999999999,2.75,3.0,1.4375,2.857142857142857,4.0,1.8367346938775508,4.0,0.4,1.0,0,1,0,1
1,0.0,14.0,0.0,0,1,1.0,1.0,0.0,0.0,1.0,0,2.0,0.4,2.125,2.0,0.859375,3.5714285714285716,4.0,0.2448979591836734,5.0,0.0,1.0,1,0,1,0
2,0.0,15.0,0.0,2,0,1.0,1.0,0.0,0.0,0.0,0,3.2,0.1599999999999999,2.375,3.0,1.234375,3.2857142857142856,4.0,0.7755102040816327,3.4,1.44,4.0,1,0,1,0
1,0.0,15.0,1.0,0,1,1.0,1.0,0.0,0.0,1.0,0,2.197992471769134,0.9568040755090056,2.375,2.5,0.984375,3.7142857142857144,4.0,0.489795918367347,4.6,0.24,5.0,1,0,1,0
1,0.0,15.0,0.0,0,1,1.0,1.0,0.0,0.0,0.0,0,2.6,1.44,2.5,2.5,0.75,2.4285714285714284,2.0,0.2448979591836734,4.4,0.24,1.0,0,1,0,1
1,0.0,15.0,1.0,0,1,1.0,1.0,0.0,0.0,0.0,0,3.4,0.64,3.125,3.0,0.609375,2.857142857142857,3.0,1.2653061224489797,3.4,1.8400000000000003,5.0,1,0,1,0
1,0.0,16.0,0.0,2,0,1.0,1.0,0.0,0.0,1.0,0,2.6,0.64,2.5,3.0,0.5,3.5714285714285716,4.0,0.5306122448979592,4.6,0.24,1.0,0,1,1,0
1,0.0,14.0,0.0,2,0,1.0,1.0,1.0,0.0,1.0,0,2.2394309957574245,0.6293088069175674,2.25,2.0,0.4375,3.4285714285714284,4.0,0.5306122448979592,4.8,0.1599999999999999,2.0,1,0,0,1
1,0.0,14.0,0.0,2,0,1.0,1.0,0.0,0.0,1.0,0,2.8,0.1599999999999999,2.125,2.0,0.609375,3.7142857142857144,4.0,0.489795918367347,3.6,0.24,3.0,0,1,1,0
2,1.0,15.0,0.0,3,0,1.0,0.0,0.0,0.0,1.0,0,2.8,2.16,2.625,3.0,1.734375,3.5714285714285716,4.0,1.1020408163265307,3.4,0.24,2.0,0,1,1,0
2,0.0,15.0,1.0,2,0,1.0,1.0,0.0,0.0,1.0,0,3.2,0.1599999999999999,2.5,3.0,1.0,2.2857142857142856,2.0,0.7755102040816328,3.2,0.5599999999999999,1.0,0,1,1,0
2,0.0,16.0,0.0,2,2,1.0,1.0,0.0,0.0,1.0,0,2.0,0.4,2.125,1.5,1.609375,2.857142857142857,3.0,0.6938775510204082,4.2,0.5599999999999999,1.0,0,1,1,0
1,0.0,16.0,0.0,3,3,0.0,1.0,0.0,0.0,0.0,0,2.4,1.0400000000000005,1.75,1.0,1.1875,3.857142857142857,4.0,0.1224489795918367,5.0,0.0,2.0,0,1,1,0
1,0.0,14.0,0.0,0,0,1.0,1.0,0.0,0.0,1.0,0,2.2,1.36,1.625,1.0,0.734375,3.4285714285714284,4.0,0.5306122448979592,5.0,0.0,2.0,1,0,1,0
1,0.0,15.0,0.0,0,0,1.0,0.0,0.0,0.0,0.0,0,2.8,0.96,2.75,2.5,0.6875,3.4285714285714284,4.0,0.5306122448979592,4.202447552447553,0.159044941072913,2.0,1,0,1,0
2,0.0,15.0,0.0,2,0,1.0,1.0,0.0,0.0,0.0,0,3.6,0.24,2.625,3.0,1.984375,4.0,4.0,0.0,3.4,2.6399999999999997,3.0,1,0,1,0
1,0.0,17.0,1.0,2,2,0.0,1.0,0.0,0.0,0.0,1,2.8,0.1599999999999999,2.75,2.5,0.6875,3.2857142857142856,3.0,0.489795918367347,3.8,0.96,2.0,1,0,1,0
1,0.0,15.0,0.0,2,2,1.0,0.0,0.0,0.0,0.0,0,2.8,0.5599999999999999,2.625,3.0,1.234375,3.0,4.0,1.7142857142857142,2.4,0.64,1.0,0,1,1,0
1,0.0,17.0,0.0,4,4,1.0,1.0,0.0,0.0,0.0,1,3.6,0.24,2.125,2.0,0.359375,3.857142857142857,4.0,0.1224489795918367,5.0,0.0,4.0,1,0,1,0
2,0.0,16.0,0.0,3,3,1.0,1.0,0.0,0.0,0.0,1,3.4,0.24,2.375,2.5,0.484375,3.2857142857142856,4.0,1.0612244897959184,4.2,0.96,1.0,1,0,1,0
1,0.0,16.0,0.0,0,0,1.0,1.0,0.0,0.0,1.0,0,2.4,1.04,2.75,3.0,0.4375,2.7142857142857144,3.0,1.6326530612244896,4.2,0.1599999999999999,1.0,0,1,1,0
2,1.0,17.0,0.0,0,0,1.0,1.0,0.0,0.0,1.0,0,3.4,0.64,2.25,2.0,0.9375,3.7142857142857144,4.0,0.489795918367347,3.8,1.36,2.0,1,0,1,0
1,0.0,14.0,0.0,2,0,1.0,1.0,0.0,0.0,0.0,0,3.4,0.24,2.375,2.0,0.234375,3.857142857142857,4.0,0.1224489795918367,5.0,0.0,2.0,1,0,1,0
1,0.0,17.0,1.0,4,4,1.0,0.0,1.0,0.0,0.0,0,3.0,0.4,2.0,2.0,0.75,3.857142857142857,4.0,0.1224489795918367,4.6,0.24,1.0,0,1,1,0
1,1.0,16.0,0.0,2,2,1.0,0.0,1.0,0.0,0.0,0,3.6,0.24,2.125,2.0,0.859375,3.142857142857143,4.0,1.2653061224489797,4.2,0.96,3.0,1,0,1,0
1,0.0,16.0,0.0,3,3,1.0,1.0,0.0,0.0,1.0,0,2.6,1.04,3.0,3.0,0.75,2.7142857142857144,3.0,1.6326530612244896,3.8,1.36,5.0,1,0,1,0
1,0.0,16.0,1.0,4,5,1.0,1.0,0.0,0.0,1.0,0,4.0,0.0,1.0,1.0,0.0,4.0,4.0,0.0,5.0,0.0,5.0,1,0,1,0
2,1.0,16.0,0.0,2,2,1.0,1.0,0.0,0.0,1.0,0,3.2,0.5599999999999999,2.875,3.0,1.109375,3.5714285714285716,4.0,0.5306122448979592,3.2,1.7600000000000002,2.0,1,0,1,0
1,0.0,16.0,0.0,4,4,1.0,1.0,0.0,0.0,0.0,0,3.2,0.1599999999999999,2.375,2.0,0.484375,3.5714285714285716,4.0,0.2448979591836734,3.8,0.1599999999999999,3.0,1,0,1,0
2,0.0,15.0,0.0,2,0,1.0,1.0,0.0,0.0,1.0,0,3.2,0.5599999999999999,2.5,2.5,0.25,3.0,3.0,1.1428571428571428,4.4,0.64,4.0,0,1,1,0
1,0.0,15.0,0.0,0,0,1.0,1.0,0.0,0.0,0.0,0,3.0,0.4,2.625,2.5,0.984375,3.857142857142857,4.0,0.1224489795918367,4.0,1.2,1.0,1,0,1,0
1,0.0,15.0,0.0,0,0,1.0,0.0,1.0,0.0,0.0,0,2.2,0.1599999999999999,2.25,2.0,0.9375,2.4285714285714284,3.0,1.1020408163265307,4.4,0.24,1.0,0,1,0,1
1,0.0,16.0,0.0,3,3,1.0,1.0,0.0,0.0,1.0,1,2.4,1.0400000000000005,2.625,2.5,1.484375,3.2857142857142856,3.0,0.489795918367347,4.4,0.64,2.0,1,0,1,0
2,0.0,14.0,0.0,0,0,1.0,1.0,0.0,0.0,1.0,0,2.6,0.24,2.875,3.0,0.609375,3.0,3.0,0.5714285714285714,4.0,0.4,1.0,0,1,0,1
1,1.0,14.0,0.0,0,0,1.0,1.0,0.0,0.0,1.0,0,3.4,0.24,2.5,2.0,1.5,3.0,3.0,0.2857142857142857,3.4,0.24,1.0,0,1,1,0
1,0.0,14.0,0.0,3,2,1.0,0.0,0.0,0.0,0.0,0,2.8,0.5599999999999999,2.0,2.0,1.0,3.5714285714285716,4.0,0.5306122448979592,4.0,0.4,2.0,1,0,1,0
1,0.0,15.0,0.0,2,2,1.0,1.0,0.0,0.0,1.0,0,2.2,0.1599999999999999,2.625,3.0,0.484375,3.7142857142857144,4.0,0.489795918367347,4.6,0.24,1.0,0,1,1,0
1,0.0,14.0,1.0,4,3,1.0,1.0,0.0,0.0,0.0,0,4.0,0.0,2.75,3.5,1.9375,1.2857142857142858,1.0,0.2040816326530612,1.0,0.0,5.0,1,0,0,1
1,0.0,14.0,0.0,0,0,1.0,1.0,0.0,0.0,1.0,0,3.0,0.8,1.75,1.5,0.6875,3.857142857142857,4.0,0.1224489795918367,4.4,0.6399999999999999,1.0,0,1,1,0
2,0.0,15.0,1.0,2,2,1.0,0.0,0.0,0.0,1.0,0,2.8,0.5599999999999999,2.375,2.0,0.734375,3.5714285714285716,4.0,0.2448979591836734,3.6,0.64,4.0,0,1,1,0
1,0.0,16.0,0.0,4,4,1.0,0.0,0.0,0.0,1.0,0,3.2,0.5599999999999999,2.0,2.0,0.5,3.4285714285714284,4.0,0.5306122448979593,4.4,0.24,2.0,0,1,1,0
1,0.0,15.0,0.0,2,0,1.0,0.0,0.0,0.0,1.0,0,3.2,0.1599999999999999,2.75,2.5,1.1875,3.142857142857143,4.0,1.2653061224489797,4.4,1.44,1.0,0,1,1,0
2,1.0,16.0,0.0,0,0,0.0,0.0,0.0,0.0,0.0,0,4.0,0.0,1.75,1.0,1.6875,3.5714285714285716,4.0,1.1020408163265307,1.8,2.5600000000000005,1.0,1,0,1,0
1,0.0,14.0,0.0,2,2,1.0,1.0,0.0,0.0,1.0,0,3.2,0.1599999999999999,2.125,2.0,0.359375,3.7142857142857144,4.0,0.2040816326530612,3.4,1.04,4.0,1,0,1,0
2,1.0,15.0,0.0,4,4,0.0,1.0,0.0,1.0,0.0,0,2.8,1.36,2.875,3.0,1.109375,4.0,4.0,0.0,1.8,2.5600000000000005,1.0,1,0,1,0
2,0.0,14.0,0.0,0,0,1.0,0.0,0.0,0.0,0.0,0,3.2,0.1599999999999999,2.375,2.5,1.484375,3.857142857142857,4.0,0.1224489795918367,4.0,1.2,2.0,1,0,1,0
1,0.0,14.0,1.0,3,2,1.0,0.0,0.0,0.0,1.0,0,1.8,0.16,2.625,2.5,0.984375,2.5873193925736473,2.3937953465098825,0.9557239750578816,3.4,0.64,1.0,0,1,1,0
1,0.0,14.0,1.0,4,3,1.0,1.0,0.0,0.0,0.0,0,2.6,0.24,2.3991018454906787,2.4144439655172416,0.1341968291381966,3.857142857142857,4.0,0.1224489795918367,4.4,0.24,4.0,1,0,1,0
2,1.0,15.0,0.0,3,1,0.0,0.0,0.0,1.0,1.0,0,2.0,0.4,2.125,2.0,1.359375,3.7142857142857144,4.0,0.2040816326530612,2.4,0.24,2.0,0,1,0,1
1,0.0,14.0,0.0,2,2,1.0,1.0,0.0,0.0,0.0,1,3.8,0.1599999999999999,2.25,2.0,0.6875,3.857142857142857,4.0,0.1224489795918367,3.8,0.5599999999999999,1.0,1,0,0,1
1,1.0,14.0,0.0,2,0,1.0,1.0,1.0,1.0,1.0,0,2.6,0.64,2.25,2.0,0.4375,3.7142857142857144,4.0,0.2040816326530612,3.6,1.04,3.0,1,0,1,0
1,0.0,14.0,0.0,0,0,1.0,1.0,0.0,0.0,1.0,0,4.0,0.0,2.625,3.0,0.234375,3.142857142857143,3.0,0.6938775510204082,3.0,1.6,1.0,0,1,1,0
1,0.0,14.0,0.0,2,0,1.0,1.0,0.0,0.0,1.0,0,3.4,0.64,2.0,1.5,1.25,3.4285714285714284,4.0,0.5306122448979592,4.0,0.4,1.0,0,1,1,0
1,0.0,14.0,0.0,0,0,1.0,1.0,0.0,0.0,1.0,0,2.8,0.1599999999999999,1.875,2.0,0.359375,3.7142857142857144,4.0,0.489795918367347,4.4,0.64,1.0,0,1,1,0
1,0.0,14.0,1.0,2,2,1.0,1.0,0.0,0.0,1.0,0,3.0,0.4,2.375,2.5,0.484375,3.5714285714285716,4.0,0.5306122448979592,4.2,1.36,1.0,0,1,1,0
1,0.0,14.0,0.0,0,0,1.0,1.0,0.0,0.0,1.0,0,3.6,0.24,2.375,2.5,1.484375,3.7142857142857144,4.0,0.489795918367347,5.0,0.0,1.0,1,0,1,0
1,0.0,14.0,0.0,0,0,1.0,1.0,0.0,0.0,1.0,0,3.0,0.4,2.25,2.0,1.4375,3.5714285714285716,4.0,0.5306122448979592,4.8,0.1599999999999999,1.0,0,1,1,0
1,0.0,14.0,0.0,0,0,1.0,1.0,0.0,0.0,1.0,0,3.2,0.5599999999999999,1.875,1.0,1.359375,3.857142857142857,4.0,0.1224489795918367,4.594302086517655,0.2495799037334257,1.0,0,1,1,0
1,0.0,15.0,0.0,0,0,1.0,1.0,0.0,0.0,1.0,0,2.8,0.1599999999999999,2.625,2.5,1.484375,2.5714285714285716,3.0,1.3877551020408163,4.8,0.1599999999999999,1.0,0,1,0,1
2,0.0,15.0,0.0,0,0,1.0,1.0,0.0,0.0,0.0,0,3.2,0.5599999999999999,2.75,3.0,0.9375,3.2857142857142856,3.0,0.489795918367347,4.6,0.24,1.0,1,0,1,0
1,0.0,15.0,0.0,2,2,1.0,0.0,1.0,0.0,1.0,0,3.0,0.4,2.625,3.0,0.734375,2.857142857142857,3.0,0.979591836734694,4.6,0.24,1.0,0,1,1,0
2,0.0,16.0,1.0,4,4,1.0,1.0,0.0,0.0,1.0,0,2.3906218655967906,0.6290980363356872,2.0,2.0,1.0,3.5714285714285716,4.0,0.5306122448979592,2.6,0.64,4.0,1,0,1,0
1,0.0,15.0,0.0,3,3,1.0,0.0,0.0,0.0,1.0,1,2.2,0.1599999999999999,2.875,3.0,0.609375,2.857142857142857,3.0,1.2653061224489797,4.0,2.4,4.0,0,1,1,0
1,0.0,16.0,1.0,4,3,1.0,1.0,0.0,0.0,1.0,0,2.4,0.24,2.5,3.0,0.5,3.0,3.0,0.8571428571428571,3.0,0.4,4.0,1,0,1,0
1,0.0,16.0,0.0,1,3,0.0,1.0,0.0,0.0,0.0,1,2.2,0.5599999999999999,2.0,1.5,1.5,2.2857142857142856,2.0,1.0612244897959184,1.4,0.64,2.0,0,1,1,0
1,0.0,16.0,0.0,2,0,1.0,0.0,0.0,0.0,0.0,0,2.8,0.5599999999999999,2.25,2.0,0.9375,1.484827906644269,1.0,0.3281798249321651,2.0,1.6,3.0,1,0,1,0
1,0.0,15.0,0.0,2,0,1.0,1.0,0.0,0.0,1.0,0,3.2,0.1599999999999999,2.0,2.0,0.75,3.2857142857142856,4.0,0.7755102040816327,4.2,0.5599999999999999,1.0,0,1,1,0
1,0.0,15.0,0.0,3,2,1.0,1.0,0.0,0.0,1.0,0,3.0,0.0,2.125,2.0,0.609375,3.2857142857142856,4.0,0.7755102040816327,3.8,0.1599999999999999,1.0,0,1,1,0
1,0.0,15.0,0.0,2,2,1.0,0.0,1.0,0.0,1.0,0,3.0,0.0,2.375,3.0,0.734375,3.0,4.0,1.7142857142857142,2.8,2.16,1.0,0,1,1,0
1,0.0,14.0,0.0,0,0,1.0,1.0,0.0,0.0,1.0,0,3.6,0.24,2.25,2.0,0.6875,3.5714285714285716,4.0,0.2448979591836734,3.0,0.4,4.0,1,0,1,0
1,0.0,14.0,1.0,2,2,1.0,0.0,0.0,0.0,0.0,0,2.0,0.8,2.875,3.0,0.609375,1.5714285714285714,1.0,1.1020408163265307,3.0,0.0,1.0,0,1,1,0
1,0.0,15.0,0.0,2,2,1.0,1.0,0.0,0.0,1.0,0,2.0,0.4,2.319124067951389,2.0,0.4737245539796069,3.857142857142857,4.0,0.1224489795918367,3.6,1.0400000000000005,1.0,0,1,1,0
1,0.0,15.0,0.0,2,2,1.0,1.0,0.0,0.0,0.0,0,1.8,0.56,2.0,1.5,1.5,3.5714285714285716,4.0,0.2448979591836734,3.4,1.04,1.0,0,1,1,0
2,0.0,14.0,0.0,0,0,0.0,0.0,1.0,0.0,0.0,0,2.0,1.2,1.5,1.5,0.25,4.0,4.0,0.0,2.2,0.5599999999999999,1.0,1,0,1,0
1,0.0,14.0,0.0,0,0,1.0,0.0,1.0,0.0,0.0,0,2.6,1.04,2.375,2.5,0.484375,3.857142857142857,4.0,0.1224489795918367,3.8,0.5599999999999999,1.0,0,1,1,0
1,0.0,14.0,0.0,0,0,1.0,1.0,0.0,0.0,1.0,0,2.8,1.36,2.963,3.0,1.009583,3.5714285714285716,4.0,1.1020408163265307,3.2,0.96,1.0,0,1,1,0
1,1.0,16.0,0.0,0,0,1.0,0.0,0.0,0.0,0.0,0,2.0,0.8,2.25,1.5,1.9375,4.0,4.0,0.0,5.0,0.0,1.0,0,1,1,0
1,0.0,14.0,0.0,0,0,1.0,0.0,1.0,0.0,0.0,0,2.4,0.24,2.625,3.0,0.234375,3.5714285714285716,4.0,0.5306122448979592,3.8,0.1599999999999999,1.0,1,0,1,0
1,0.0,16.0,0.0,0,0,1.0,1.0,0.0,0.0,1.0,0,2.4,0.24,2.75,3.0,0.6875,3.4285714285714284,3.0,0.2448979591836734,4.0,0.4,1.0,1,0,1,0
2,0.0,14.0,0.0,0,0,1.0,1.0,0.0,0.0,1.0,0,2.6,1.04,2.25,2.0,0.6875,3.2857142857142856,3.0,0.489795918367347,3.4,0.64,1.0,1,0,1,0
1,0.0,15.0,0.0,2,0,1.0,1.0,0.0,0.0,1.0,0,2.0,0.4,2.75,3.0,0.9375,4.0,4.0,0.0,4.2,0.5599999999999999,1.0,0,1,1,0
1,0.0,14.0,0.0,2,0,1.0,1.0,0.0,0.0,1.0,0,2.342670118926773,0.179854024516208,2.5,2.5,0.75,3.7142857142857144,4.0,0.489795918367347,4.8,0.1599999999999999,1.0,0,1,1,0
1,0.0,15.0,0.0,4,4,1.0,1.0,0.0,0.0,0.0,0,2.4,0.24,2.375,2.5,0.484375,2.142857142857143,1.0,1.8367346938775508,2.4,1.84,1.0,0,1,1,0
1,1.0,14.0,0.0,0,0,1.0,1.0,0.0,0.0,1.0,0,3.6,0.24,2.25,2.0,0.9375,3.2857142857142856,4.0,1.0612244897959184,3.8,0.96,1.0,0,1,1,0
2,0.0,14.0,1.0,0,0,0.0,0.0,1.0,0.0,0.0,0,3.4,0.24,2.375,2.0,0.734375,2.5714285714285716,2.0,0.5306122448979592,4.2,0.5599999999999999,4.0,0,1,1,0
2,0.0,14.0,0.0,2,0,1.0,1.0,0.0,0.0,1.0,1,3.6,0.24,2.25,2.5,0.6875,3.857142857142857,4.0,0.1224489795918367,4.6,0.24,4.0,1,0,1,0
1,0.0,14.0,0.0,2,2,1.0,1.0,0.0,0.0,1.0,0,3.8,0.1599999999999999,1.625,1.0,1.234375,3.0,3.0,0.8571428571428571,4.8,0.1599999999999999,5.0,1,0,1,0
2,0.0,16.0,0.0,0,0,0.0,1.0,0.0,1.0,0.0,0,3.4,0.64,2.125,2.0,0.609375,2.4285714285714284,2.0,0.8163265306122449,4.257200100175306,0.1502073657701378,5.0,1,0,1,0
1,0.0,14.0,1.0,2,2,1.0,1.0,0.0,0.0,1.0,0,3.0,0.4,2.5,3.0,1.0,3.484827906644269,4.0,0.6745824840693749,3.0,2.0,4.0,1,0,1,0
1,0.0,14.0,0.0,2,0,1.0,1.0,0.0,0.0,1.0,0,3.4,0.24,2.25,2.0,0.9375,3.857142857142857,4.0,0.1224489795918367,4.4,0.6399999999999999,4.0,1,0,1,0
1,0.0,14.0,0.0,2,0,1.0,0.0,1.0,0.0,1.0,0,2.4,0.24,2.5,2.5,0.75,3.142857142857143,3.0,0.6938775510204082,3.6,0.64,1.0,0,1,1,0
1,0.0,14.0,0.0,0,0,1.0,1.0,0.0,0.0,1.0,0,2.8,0.1599999999999999,2.25,2.0,0.1875,2.7142857142857144,3.0,0.489795918367347,4.4,0.24,2.0,1,0,1,0
2,0.0,14.0,0.0,2,0,1.0,1.0,0.0,0.0,1.0,0,3.6,0.24,2.25,2.0,0.6875,3.7142857142857144,4.0,0.2040816326530612,4.0,2.4,1.0,1,0,1,0
1,0.0,14.0,0.0,0,0,1.0,1.0,0.0,0.0,1.0,0,3.2,0.1599999999999999,2.0,2.0,0.5,3.7142857142857144,4.0,0.2040816326530612,4.2,0.1599999999999999,2.0,1,0,1,0
1,0.0,14.0,0.0,0,0,1.0,1.0,0.0,0.0,1.0,0,3.2,0.1599999999999999,2.375,3.0,1.234375,3.857142857142857,4.0,0.1224489795918367,4.4,0.6399999999999999,1.0,0,1,1,0
1,0.0,15.0,1.0,3,2,1.0,0.0,1.0,0.0,0.0,0,2.3520482533299822,0.5916553840308011,2.25,2.0,1.4375,3.4285714285714284,4.0,0.816326530612245,4.8,0.1599999999999999,1.0,0,1,1,0
1,1.0,14.0,0.0,0,0,1.0,1.0,0.0,0.0,1.0,0,3.0,1.2,2.25,2.5,1.1875,3.857142857142857,4.0,0.1224489795918367,3.4,3.8400000000000007,1.0,0,1,1,0
1,0.0,14.0,0.0,0,0,1.0,0.0,0.0,0.0,1.0,1,3.6,0.24,2.5,2.5,0.75,3.4285714285714284,3.0,0.2448979591836734,4.6,0.24,2.0,1,0,1,0
1,0.0,15.0,0.0,2,0,1.0,1.0,0.0,0.0,0.0,0,3.4,0.24,2.25,2.0,0.4375,3.857142857142857,4.0,0.1224489795918367,4.2,0.5599999999999999,1.0,1,0,1,0
1,0.0,15.0,1.0,0,0,1.0,1.0,0.0,0.0,1.0,0,4.0,0.0,2.125,1.0,2.109375,2.142857142857143,2.0,1.2653061224489797,3.8,0.96,1.0,0,1,0,1
1,0.0,14.0,0.0,0,0,1.0,1.0,0.0,0.0,1.0,0,3.0,0.0,2.0,2.0,0.5,3.2857142857142856,4.0,0.7755102040816327,4.4,0.24,3.0,0,1,1,0
1,0.0,14.0,0.0,2,2,1.0,1.0,0.0,0.0,1.0,0,2.6,1.04,2.375,2.0,0.734375,3.4285714285714284,4.0,0.5306122448979592,4.0,1.6,1.0,0,1,1,0
1,0.0,15.0,0.0,2,0,1.0,1.0,0.0,0.0,1.0,0,3.4,0.24,2.75,2.5,1.1875,3.857142857142857,4.0,0.1224489795918367,4.0,1.2,5.0,1,0,1,0
1,0.0,14.0,0.0,0,0,1.0,1.0,0.0,0.0,1.0,0,3.4,0.64,2.375,2.0,0.734375,3.4285714285714284,3.0,0.2448979591836734,4.6,0.24,1.0,0,1,1,0
1,0.0,14.0,0.0,0,0,1.0,1.0,0.0,0.0,1.0,0,3.2,0.5599999999999999,3.0,4.0,1.75,4.0,4.0,0.0,4.4,0.64,1.0,0,1,1,0
2,0.0,14.0,0.0,0,0,1.0,1.0,0.0,0.0,1.0,0,3.6,0.24,2.375,2.5,0.484375,3.7142857142857144,4.0,0.489795918367347,3.6,0.64,2.0,1,0,1,0
1,0.0,14.0,1.0,2,0,0.0,1.0,0.0,1.0,1.0,0,3.0,0.4,2.375,2.0,0.234375,3.2857142857142856,3.0,0.489795918367347,4.8,0.1599999999999999,4.0,1,0,1,0
1,1.0,15.0,1.0,4,4,0.0,1.0,0.0,0.0,1.0,0,2.973664554147022,1.2287065856343076,2.213,2.0,0.891583,4.0,4.0,0.0,3.8,0.96,2.0,0,1,1,0
2,1.0,14.0,1.0,5,4,1.0,0.0,0.0,0.0,0.0,0,3.0,0.4,2.125,2.0,0.609375,2.5714285714285716,3.0,0.2448979591836734,4.6,0.24,5.0,1,0,1,0
1,0.0,15.0,1.0,2,2,1.0,1.0,0.0,0.0,1.0,0,3.4,0.24,2.25,2.0,0.4375,3.7142857142857144,4.0,0.2040816326530612,3.8,0.5599999999999999,1.0,0,1,1,0
1,0.0,15.0,0.0,0,0,1.0,1.0,0.0,0.0,1.0,0,3.2,1.36,2.25,1.5,1.9375,3.857142857142857,4.0,0.1224489795918367,3.6,0.64,2.0,1,0,1,0
1,0.0,14.0,0.0,0,0,1.0,1.0,0.0,0.0,1.0,0,3.2,0.1599999999999999,2.375,2.5,0.484375,3.4285714285714284,4.0,0.5306122448979592,4.4,0.24,3.0,1,0,1,0
1,0.0,15.0,0.0,3,3,1.0,1.0,0.0,0.0,1.0,0,3.2,0.5599999999999999,2.0,2.0,0.5,3.857142857142857,4.0,0.1224489795918367,3.4,0.64,5.0,1,0,1,0
2,0.0,14.0,0.0,0,0,1.0,1.0,0.0,0.0,1.0,0,3.197992471769134,0.5608191319707373,2.75,2.5,1.1875,3.5714285714285716,4.0,0.2448979591836734,4.4,0.24,2.0,1,0,1,0
1,0.0,14.0,0.0,0,0,1.0,0.0,0.0,0.0,0.0,0,3.0,0.4,2.0,2.0,0.75,3.2857142857142856,3.0,0.489795918367347,4.8,0.1599999999999999,2.0,1,0,1,0
2,0.0,14.0,0.0,0,0,1.0,1.0,0.0,0.0,1.0,0,3.2,0.5599999999999999,2.5,2.5,0.75,3.726146645656653,4.0,0.1283479131986999,3.8,0.5599999999999999,2.0,1,0,1,0
1,0.0,14.0,0.0,0,0,1.0,1.0,0.0,0.0,1.0,0,3.4,0.24,2.5,2.5,0.75,4.0,4.0,0.0,4.0,0.8,1.0,0,1,1,0
1,0.0,14.0,0.0,0,0,1.0,0.0,0.0,0.0,1.0,1,3.0,0.4,2.625,3.0,0.234375,2.7142857142857144,3.0,1.0612244897959184,2.6,1.04,1.0,1,0,1,0
1,1.0,14.0,0.0,0,0,1.0,1.0,0.0,0.0,1.0,0,3.2,0.5599999999999999,1.875,2.0,0.609375,3.7142857142857144,4.0,0.2040816326530612,4.6,0.6399999999999999,1.0,0,1,1,0
1,0.0,14.0,0.0,0,0,1.0,1.0,0.0,0.0,1.0,0,2.4,1.0400000000000005,2.625,2.5,0.984375,2.857142857142857,3.0,0.4081632653061225,2.6,1.0400000000000005,1.0,1,0,1,0
1,0.0,16.0,0.0,2,2,1.0,1.0,0.0,0.0,1.0,0,2.8,0.1599999999999999,2.25,2.0,0.4375,2.7142857142857144,2.0,1.346938775510204,2.8,1.36,5.0,1,0,1,0
1,0.0,15.0,0.0,0,0,1.0,1.0,0.0,0.0,1.0,0,3.0,0.4,1.75,2.0,0.4375,2.4285714285714284,2.0,1.959183673469388,2.6,2.24,1.0,1,0,1,0
1,0.0,14.0,0.0,0,0,1.0,1.0,0.0,0.0,1.0,0,2.2,1.36,2.125,2.0,1.109375,2.7142857142857144,3.0,1.346938775510204,3.2,1.7600000000000002,2.0,1,0,1,0
1,0.0,14.0,0.0,2,2,1.0,1.0,0.0,0.0,0.0,0,3.4,0.24,2.0,2.0,0.5,3.2857142857142856,4.0,0.7755102040816327,4.0,0.8,3.0,0,1,1,0
1,0.0,14.0,0.0,2,2,1.0,1.0,0.0,0.0,0.0,0,3.6,0.24,2.5,2.5,0.75,3.2857142857142856,3.0,0.489795918367347,4.2,0.5599999999999999,3.0,0,1,1,0
1,0.0,15.0,1.0,4,5,1.0,0.0,0.0,0.0,0.0,1,2.8,0.1599999999999999,2.125,2.0,0.359375,3.7142857142857144,4.0,0.2040816326530612,3.5539050427614276,0.2707078908573248,5.0,1,0,1,0
1,1.0,15.0,1.0,3,2,0.0,1.0,0.0,0.0,0.0,0,2.8,0.1599999999999999,2.20059375,2.302375,1.1304774677734375,3.0,3.0,0.8571428571428571,3.8,0.5599999999999999,5.0,1,0,1,0
1,1.0,15.0,0.0,0,0,1.0,1.0,0.0,0.0,1.0,0,3.4,0.24,1.875,2.0,0.359375,4.0,4.0,0.0,3.6,0.64,1.0,0,1,1,0
1,0.0,14.0,0.0,0,0,1.0,1.0,0.0,0.0,1.0,0,2.6,0.24,1.75,1.5,0.6875,3.142857142857143,3.0,0.4081632653061224,4.0,0.4,3.0,1,0,1,0
1,0.0,14.0,0.0,3,2,1.0,1.0,0.0,0.0,0.0,0,3.0,0.4,2.125,2.0,0.859375,2.7142857142857144,3.0,0.2040816326530612,3.6,0.24,2.0,1,0,1,0
1,0.0,14.0,0.0,4,3,1.0,1.0,0.0,0.0,1.0,0,2.2,0.1599999999999999,2.875,3.0,0.359375,2.7142857142857144,2.0,1.3469387755102038,4.2,1.36,1.0,0,1,1,0
1,0.0,14.0,0.0,0,0,1.0,1.0,0.0,0.0,1.0,0,2.6,0.24,2.0,2.0,0.5,3.5714285714285716,4.0,0.5306122448979592,3.8,0.5599999999999999,1.0,0,1,1,0
1,0.0,14.0,0.0,0,0,1.0,1.0,0.0,0.0,1.0,1,2.6,0.24,2.5,3.0,0.5,2.5714285714285716,2.0,1.673469387755102,3.8,1.36,1.0,0,1,1,0
2,0.0,15.0,0.0,2,0,1.0,1.0,0.0,0.0,1.0,0,4.0,0.0,2.375,2.0,1.234375,3.142857142857143,3.0,0.4081632653061224,2.4,1.84,2.0,1,0,1,0
1,0.0,14.0,0.0,2,2,1.0,0.0,0.0,0.0,1.0,1,2.6,1.04,2.25,2.0,0.9375,2.7705421923585547,3.0,0.9998468404999632,2.2,1.36,1.0,1,0,1,0
1,0.0,14.0,0.0,0,2,1.0,1.0,0.0,0.0,1.0,0,2.8,0.5599999999999999,2.25,2.0,0.4375,3.4285714285714284,4.0,1.1020408163265307,2.8,0.5599999999999999,4.0,1,0,1,0
1,0.0,14.0,1.0,4,4,1.0,1.0,1.0,1.0,0.0,0,3.1906218655967904,0.5641030513808225,2.375,2.0,0.734375,3.2857142857142856,4.0,1.0612244897959184,5.0,0.0,1.0,0,1,1,0
2,1.0,15.0,1.0,2,0,0.0,0.0,0.0,0.0,0.0,1,3.4,0.24,2.5,2.5,1.25,4.0,4.0,0.0,3.4,0.24,1.0,0,1,1,0
1,0.0,16.0,1.0,2,2,1.0,0.0,1.0,0.0,1.0,0,2.8,0.1599999999999999,2.75,2.5,1.1875,3.857142857142857,4.0,0.1224489795918367,3.6,0.64,1.0,0,1,1,0
2,1.0,14.0,0.0,0,0,1.0,1.0,0.0,0.0,1.0,0,3.2,0.5599999999999999,1.875,2.0,0.609375,2.2857142857142856,1.0,2.2040816326530615,3.8,0.96,1.0,1,0,1,0
2,1.0,14.0,0.0,0,0,1.0,1.0,0.0,0.0,1.0,0,3.2,0.5599999999999999,2.125,2.0,1.109375,4.0,4.0,0.0,3.8,0.5599999999999999,1.0,0,1,1,0
1,0.0,14.0,0.0,2,2,1.0,0.0,1.0,0.0,0.0,0,3.4,0.24,2.0,2.0,0.5,3.2857142857142856,3.0,0.489795918367347,3.6,1.04,2.0,1,0,1,0
2,1.0,14.0,1.0,3,3,1.0,1.0,0.0,0.0,1.0,0,3.0,0.8,2.25,2.0,1.4375,2.5714285714285716,3.0,1.959183673469388,3.6,2.24,1.0,0,1,1,0
1,0.0,14.0,0.0,2,0,1.0,1.0,0.0,0.0,1.0,0,2.8,0.5599999999999999,2.0,2.0,1.0,3.7142857142857144,4.0,0.2040816326530612,3.6,0.64,1.0,0,1,1,0
1,0.0,14.0,0.0,2,0,1.0,1.0,0.0,0.0,1.0,0,3.0,0.8,2.875,3.0,0.859375,2.857142857142857,3.0,1.2653061224489797,4.4,0.6399999999999999,2.0,0,1,1,0
1,0.0,15.0,0.0,3,0,1.0,1.0,0.0,0.0,0.0,0,3.197992471769134,0.5608191319707372,1.875,2.0,0.359375,3.857142857142857,4.0,0.1224489795918367,4.0,0.4,2.0,0,1,1,0
1,0.0,16.0,1.0,4,4,1.0,1.0,0.0,0.0,1.0,0,3.2,0.5599999999999999,2.2569982504373907,2.0279930017495627,0.9343437033455956,4.0,4.0,0.0,4.8,0.1599999999999999,3.0,1,0,0,1
1,0.0,14.0,0.0,0,0,1.0,1.0,0.0,0.0,1.0,0,3.3520482533299827,0.2875588773708363,2.0,1.5,1.25,4.0,4.0,0.0,3.8,2.1600000000000006,1.0,0,1,1,0
1,0.0,14.0,0.0,2,0,1.0,1.0,0.0,0.0,1.0,0,3.6,0.24,2.125,2.0,1.109375,4.0,4.0,0.0,4.0,0.8,1.0,0,1,1,0
1,0.0,14.0,0.0,3,2,1.0,1.0,0.0,0.0,1.0,0,2.6,0.24,2.5,2.5,0.75,2.7142857142857144,3.0,0.489795918367347,4.6,0.24,5.0,1,0,1,0
1,0.0,16.0,1.0,4,4,1.0,1.0,1.0,1.0,1.0,0,3.0,0.4,2.75,2.5,0.6875,2.7142857142857144,3.0,1.346938775510204,2.4,2.24,1.0,1,0,1,0
1,1.0,15.0,1.0,3,4,0.0,1.0,0.0,1.0,1.0,0,2.2,0.1599999999999999,2.75,3.0,0.9375,2.2857142857142856,2.0,1.0612244897959184,2.6,1.84,2.0,1,0,1,0
1,0.0,14.0,0.0,0,0,1.0,1.0,0.0,0.0,0.0,1,3.0,0.0,2.125,2.0,0.359375,3.857142857142857,4.0,0.1224489795918367,4.2,0.5599999999999999,1.0,1,0,1,0
2,1.0,15.0,0.0,0,0,0.0,1.0,0.0,0.0,1.0,0,3.4,0.24,2.625,2.5,0.984375,3.2857142857142856,3.0,0.2040816326530612,3.2,1.36,1.0,1,0,1,0
1,0.0,14.0,0.0,0,0,1.0,1.0,0.0,0.0,0.0,0,3.4,0.24,1.875,2.0,0.859375,3.5714285714285716,4.0,0.2448979591836734,4.8,0.1599999999999999,1.0,0,1,1,0
2,0.0,14.0,0.0,0,0,1.0,0.0,1.0,0.0,1.0,0,2.4,0.64,2.75,3.0,0.9375,2.3575544976196445,2.0,0.9091051745117856,3.0,1.2,1.0,1,0,1,0
2,0.0,16.0,0.0,3,0,1.0,0.0,0.0,0.0,1.0,0,2.2,0.1599999999999999,2.875,2.5,0.859375,3.2857142857142856,4.0,1.3469387755102038,2.8,0.1599999999999999,2.0,1,0,1,0
2,1.0,16.0,0.0,0,0,1.0,1.0,0.0,0.0,1.0,0,3.4,0.64,2.375,2.0,0.734375,1.8571428571428572,2.0,0.6938775510204082,3.8,1.36,1.0,0,1,1,0
1,0.0,14.0,0.0,2,2,1.0,1.0,0.0,0.0,1.0,0,2.2,0.5599999999999999,2.3819982504373907,2.5279930017495627,0.979469140736248,3.4285714285714284,4.0,0.5306122448979592,4.6,0.6399999999999999,1.0,0,1,0,1
1,0.0,14.0,0.0,2,2,1.0,1.0,1.0,0.0,1.0,0,2.4,1.0400000000000005,2.375,2.0,1.234375,3.142857142857143,4.0,1.2653061224489797,4.6,0.24,1.0,0,1,1,0
1,0.0,15.0,0.0,2,2,1.0,1.0,0.0,0.0,1.0,0,3.4,0.24,2.75,3.0,1.6875,3.857142857142857,4.0,0.1224489795918367,4.6,0.6399999999999999,5.0,1,0,1,0
2,1.0,14.0,0.0,0,0,1.0,0.0,1.0,0.0,0.0,1,3.2,1.36,2.0,1.5,1.25,3.857142857142857,4.0,0.1224489795918367,3.6,2.24,5.0,1,0,1,0
1,0.0,14.0,0.0,3,3,1.0,1.0,0.0,0.0,1.0,0,3.2,0.1599999999999999,2.0,2.0,0.25,3.7142857142857144,4.0,0.489795918367347,4.2,0.5599999999999999,5.0,1,0,1,0
1,0.0,14.0,0.0,0,0,1.0,1.0,0.0,0.0,0.0,0,2.8,0.5599999999999999,1.875,1.0,1.359375,3.142857142857143,4.0,1.2653061224489797,4.2,0.5599999999999999,1.0,0,1,1,0
1,0.0,14.0,0.0,0,0,1.0,1.0,0.0,0.0,1.0,0,2.6,1.04,2.75,2.5,0.6875,3.2857142857142856,4.0,1.0612244897959184,3.6,0.24,1.0,0,1,1,0
2,0.0,14.0,1.0,2,0,1.0,1.0,0.0,0.0,1.0,0,2.2,0.1599999999999999,2.5,3.0,0.5,2.7142857142857144,3.0,1.0612244897959184,4.4,0.64,1.0,0,1,1,0
1,0.0,14.0,0.0,2,0,1.0,1.0,0.0,0.0,1.0,0,3.4,0.64,2.125,2.5,0.859375,3.7142857142857144,4.0,0.489795918367347,4.8,0.1599999999999999,1.0,0,1,1,0
2,0.0,14.0,0.0,0,0,1.0,1.0,0.0,0.0,0.0,0,3.4,0.24,2.2189612015018776,2.0,0.3976856513382655,3.7142857142857144,4.0,0.2040816326530612,5.0,0.0,1.0,0,1,1,0
1,0.0,15.0,1.0,4,4,0.0,0.0,0.0,1.0,1.0,0,2.2,1.36,2.875,3.5,1.609375,2.5714285714285716,3.0,1.959183673469388,1.8,0.9600000000000002,2.0,0,1,1,0
